#usda 1.0
(
    defaultPrim = "SM_Kitchen_08_Sink_Drawer_02"
    upAxis = "Z"
)

def Mesh "SM_Kitchen_08_Sink_Drawer_02"
{
    int[] faceVertexCounts = [3, 3, 3, 3, 3, 3, 3, 3, 3, 3, 3, 3, 3, 3, 3, 3, 3, 3, 3, 3, 3, 3, 3, 3, 3, 3, 3, 3, 3, 3, 3, 3, 3, 3, 3, 3, 3, 3, 3, 3, 3, 3, 3, 3, 3, 3, 3, 3, 3, 3, 3, 3, 3, 3, 3, 3, 3, 3, 3, 3, 3, 3, 3, 3, 3, 3, 3, 3, 3, 3, 3, 3, 3, 3, 3, 3, 3, 3, 3, 3, 3, 3, 3, 3, 3, 3, 3, 3, 3, 3, 3, 3, 3, 3, 3, 3, 3, 3, 3, 3, 3, 3, 3, 3, 3, 3, 3, 3, 3, 3, 3, 3, 3, 3, 3, 3, 3, 3, 3, 3, 3, 3, 3, 3, 3, 3, 3, 3, 3, 3, 3, 3, 3, 3, 3, 3, 3, 3, 3, 3, 3, 3, 3, 3, 3, 3, 3, 3, 3, 3, 3, 3, 3, 3, 3, 3, 3, 3, 3, 3, 3, 3, 3, 3, 3, 3, 3, 3, 3, 3, 3, 3, 3, 3, 3, 3, 3, 3, 3, 3, 3, 3, 3, 3, 3, 3, 3, 3, 3, 3, 3, 3, 3, 3, 3, 3, 3, 3, 3, 3, 3, 3, 3, 3, 3, 3, 3, 3, 3, 3, 3, 3, 3, 3, 3, 3, 3, 3, 3, 3, 3, 3, 3, 3, 3, 3, 3, 3, 3, 3, 3, 3, 3, 3, 3, 3, 3, 3, 3, 3, 3, 3, 3, 3, 3, 3, 3, 3, 3, 3, 3, 3, 3, 3, 3, 3, 3, 3, 3, 3, 3, 3, 3, 3, 3, 3, 3, 3, 3, 3, 3, 3, 3, 3, 3, 3, 3, 3, 3, 3, 3, 3, 3, 3, 3, 3, 3, 3, 3, 3, 3, 3, 3, 3, 3, 3, 3, 3, 3, 3, 3, 3, 3, 3, 3, 3, 3, 3, 3, 3, 3, 3, 3, 3, 3, 3, 3, 3, 3, 3, 3, 3, 3, 3, 3, 3, 3, 3, 3, 3, 3, 3, 3, 3, 3, 3, 3, 3, 3, 3, 3, 3, 3, 3, 3, 3, 3, 3, 3, 3, 3, 3, 3, 3, 3, 3, 3, 3, 3, 3, 3, 3, 3, 3, 3, 3, 3, 3, 3, 3, 3, 3, 3, 3, 3, 3, 3, 3, 3, 3, 3, 3, 3, 3, 3, 3, 3, 3, 3, 3, 3, 3, 3, 3, 3, 3, 3, 3, 3, 3, 3, 3, 3, 3, 3, 3, 3, 3, 3, 3, 3, 3, 3, 3, 3, 3, 3, 3, 3, 3, 3, 3, 3, 3, 3, 3, 3, 3, 3, 3, 3, 3, 3, 3, 3, 3, 3, 3, 3, 3, 3, 3, 3, 3, 3, 3, 3, 3, 3, 3, 3, 3, 3, 3, 3, 3, 3, 3, 3, 3, 3, 3, 3, 3, 3, 3, 3, 3, 3, 3, 3, 3, 3, 3, 3, 3, 3, 3, 3, 3, 3, 3, 3, 3, 3, 3, 3, 3, 3, 3, 3, 3, 3, 3, 3, 3, 3, 3, 3, 3, 3, 3, 3, 3, 3, 3, 3, 3, 3, 3, 3, 3, 3, 3, 3, 3, 3, 3, 3, 3, 3, 3, 3, 3, 3, 3, 3, 3, 3, 3, 3, 3, 3, 3, 3, 3, 3, 3, 3, 3, 3, 3, 3, 3, 3, 3, 3, 3, 3, 3, 3, 3, 3, 3, 3, 3, 3, 3, 3, 3, 3, 3, 3, 3, 3, 3, 3, 3, 3, 3, 3, 3, 3, 3, 3, 3, 3, 3, 3, 3, 3, 3, 3, 3, 3, 3, 3, 3, 3, 3, 3, 3, 3, 3, 3, 3, 3, 3, 3, 3, 3, 3, 3, 3, 3, 3, 3, 3, 3, 3, 3, 3, 3, 3, 3, 3, 3, 3, 3, 3, 3, 3, 3, 3, 3, 3, 3, 3, 3, 3, 3, 3, 3, 3, 3, 3, 3, 3, 3, 3, 3, 3, 3, 3, 3, 3, 3, 3, 3, 3, 3, 3, 3, 3, 3, 3, 3, 3, 3, 3, 3, 3, 3, 3, 3, 3, 3, 3, 3, 3, 3, 3, 3, 3, 3, 3, 3, 3, 3, 3, 3, 3, 3, 3, 3, 3, 3, 3, 3, 3, 3, 3, 3, 3, 3, 3, 3, 3, 3, 3, 3, 3, 3, 3, 3, 3, 3, 3, 3, 3, 3, 3, 3, 3, 3, 3, 3, 3, 3, 3, 3, 3, 3, 3, 3, 3, 3, 3, 3, 3, 3, 3, 3, 3, 3, 3, 3, 3, 3, 3, 3, 3, 3, 3, 3, 3, 3, 3, 3, 3, 3, 3, 3, 3, 3, 3, 3, 3, 3, 3, 3, 3, 3, 3, 3, 3, 3, 3, 3, 3, 3, 3, 3, 3, 3, 3, 3, 3, 3, 3, 3, 3, 3, 3, 3, 3, 3, 3, 3, 3, 3, 3, 3, 3, 3, 3, 3, 3, 3, 3, 3, 3, 3, 3, 3, 3, 3, 3, 3, 3, 3, 3, 3, 3, 3, 3, 3, 3, 3, 3, 3, 3, 3, 3, 3, 3, 3, 3, 3, 3, 3, 3, 3, 3, 3, 3, 3, 3, 3, 3, 3, 3, 3, 3, 3, 3, 3, 3, 3, 3, 3, 3, 3, 3, 3, 3, 3, 3, 3, 3, 3, 3, 3, 3, 3, 3, 3, 3, 3, 3, 3, 3, 3, 3, 3, 3, 3, 3, 3, 3, 3, 3, 3, 3, 3, 3, 3, 3, 3, 3, 3, 3, 3, 3, 3, 3, 3, 3, 3, 3, 3, 3, 3, 3, 3, 3, 3, 3, 3, 3, 3, 3, 3, 3, 3, 3, 3, 3, 3, 3, 3, 3, 3, 3, 3, 3, 3, 3, 3, 3, 3, 3, 3, 3, 3, 3, 3, 3, 3, 3, 3, 3, 3, 3, 3, 3, 3, 3, 3, 3, 3, 3, 3, 3, 3, 3, 3, 3, 3, 3, 3, 3, 3, 3, 3, 3, 3, 3, 3, 3, 3, 3, 3, 3, 3, 3, 3, 3, 3, 3, 3, 3, 3, 3, 3, 3, 3, 3, 3, 3, 3, 3, 3, 3, 3, 3, 3, 3, 3, 3, 3, 3, 3, 3, 3, 3, 3, 3, 3, 3, 3, 3, 3, 3, 3, 3, 3, 3, 3, 3, 3, 3, 3, 3, 3, 3, 3, 3, 3, 3, 3, 3, 3, 3, 3, 3, 3, 3, 3, 3, 3, 3, 3, 3, 3, 3, 3, 3, 3, 3, 3, 3, 3, 3, 3, 3, 3, 3, 3, 3, 3, 3, 3, 3, 3, 3, 3, 3, 3, 3, 3, 3, 3, 3, 3, 3, 3, 3, 3, 3, 3, 3, 3, 3, 3, 3, 3, 3, 3, 3, 3, 3, 3, 3, 3, 3, 3, 3, 3, 3, 3, 3, 3, 3, 3, 3, 3, 3, 3, 3, 3, 3, 3, 3, 3, 3, 3, 3, 3, 3, 3, 3, 3, 3, 3, 3, 3, 3, 3, 3, 3, 3, 3, 3, 3, 3, 3, 3, 3, 3, 3, 3, 3, 3, 3, 3, 3, 3, 3, 3, 3, 3, 3, 3, 3, 3, 3, 3, 3, 3, 3, 3, 3, 3, 3, 3, 3, 3, 3, 3, 3, 3, 3, 3, 3, 3, 3, 3, 3, 3, 3, 3, 3, 3, 3, 3, 3, 3, 3, 3, 3, 3, 3, 3, 3, 3, 3, 3, 3, 3, 3, 3, 3, 3, 3, 3, 3, 3, 3, 3, 3, 3, 3, 3, 3, 3, 3, 3, 3, 3, 3, 3, 3, 3, 3, 3, 3, 3, 3, 3, 3, 3, 3, 3, 3, 3, 3, 3, 3, 3, 3, 3, 3, 3, 3, 3, 3, 3, 3, 3, 3, 3, 3, 3, 3, 3, 3, 3, 3, 3, 3, 3, 3, 3, 3, 3, 3, 3, 3, 3, 3, 3, 3, 3, 3, 3, 3, 3, 3, 3, 3, 3, 3, 3, 3, 3, 3, 3, 3, 3, 3, 3, 3, 3, 3, 3, 3, 3, 3, 3, 3, 3, 3, 3, 3, 3, 3, 3, 3, 3, 3, 3, 3, 3, 3, 3, 3, 3, 3, 3, 3, 3, 3, 3, 3, 3, 3, 3, 3, 3, 3, 3, 3, 3, 3, 3, 3, 3, 3, 3, 3, 3, 3, 3, 3, 3, 3, 3, 3, 3, 3, 3, 3, 3, 3, 3, 3, 3, 3, 3, 3, 3, 3, 3, 3, 3, 3, 3, 3, 3, 3, 3, 3, 3, 3, 3, 3, 3, 3, 3, 3, 3, 3, 3, 3, 3, 3, 3, 3, 3, 3, 3, 3, 3, 3, 3, 3, 3, 3, 3, 3, 3, 3, 3, 3, 3, 3, 3, 3, 3, 3, 3, 3, 3, 3, 3, 3, 3, 3, 3, 3, 3, 3, 3, 3, 3, 3, 3, 3, 3, 3, 3, 3, 3, 3, 3, 3, 3, 3, 3, 3, 3, 3, 3, 3, 3, 3, 3, 3, 3, 3, 3, 3, 3, 3, 3, 3, 3, 3, 3, 3, 3, 3, 3, 3, 3, 3, 3, 3, 3, 3, 3, 3, 3, 3, 3, 3, 3, 3, 3, 3, 3, 3, 3, 3, 3, 3, 3, 3, 3, 3, 3, 3, 3, 3, 3, 3, 3, 3, 3, 3, 3, 3, 3, 3, 3, 3, 3, 3, 3, 3, 3, 3, 3, 3, 3, 3, 3, 3, 3, 3, 3, 3, 3, 3, 3, 3, 3, 3, 3, 3, 3, 3, 3, 3, 3, 3, 3, 3, 3, 3, 3, 3, 3, 3, 3, 3, 3, 3, 3, 3, 3, 3, 3, 3, 3, 3, 3, 3, 3, 3, 3, 3, 3, 3, 3, 3, 3, 3, 3, 3, 3, 3, 3, 3, 3, 3, 3, 3, 3, 3, 3, 3, 3, 3]
    int[] faceVertexIndices = [0, 1, 2, 3, 4, 5, 6, 7, 8, 9, 10, 11, 12, 13, 14, 15, 16, 17, 18, 19, 20, 21, 22, 23, 16, 17, 24, 24, 17, 25, 16, 26, 17, 27, 28, 29, 30, 31, 32, 33, 34, 35, 36, 37, 38, 39, 40, 41, 35, 33, 42, 43, 44, 45, 46, 47, 48, 49, 50, 51, 52, 53, 54, 55, 53, 52, 56, 55, 52, 55, 56, 57, 58, 57, 56, 59, 58, 56, 59, 56, 60, 60, 61, 59, 61, 62, 63, 63, 62, 64, 63, 65, 66, 64, 65, 63, 64, 67, 65, 67, 68, 65, 69, 68, 67, 70, 68, 69, 70, 71, 68, 68, 71, 72, 73, 74, 75, 75, 74, 53, 76, 77, 78, 78, 77, 71, 79, 80, 81, 82, 80, 79, 80, 83, 81, 83, 80, 84, 84, 85, 83, 85, 86, 83, 83, 86, 87, 88, 87, 86, 86, 89, 88, 90, 88, 89, 90, 89, 91, 92, 91, 89, 93, 91, 92, 91, 93, 94, 95, 94, 93, 94, 95, 96, 95, 97, 96, 98, 97, 95, 98, 95, 99, 100, 79, 101, 79, 100, 102, 103, 104, 105, 103, 98, 104, 106, 107, 108, 109, 107, 106, 110, 111, 112, 112, 113, 110, 113, 114, 110, 75, 115, 116, 115, 75, 117, 115, 117, 118, 119, 118, 117, 120, 118, 119, 120, 121, 118, 118, 121, 122, 121, 123, 124, 124, 123, 125, 126, 125, 123, 126, 123, 127, 128, 126, 127, 129, 126, 128, 130, 129, 128, 129, 130, 131, 131, 130, 132, 78, 132, 130, 133, 78, 130, 101, 134, 135, 136, 101, 135, 136, 137, 101, 136, 135, 138, 138, 135, 139, 135, 140, 139, 141, 139, 140, 140, 142, 141, 143, 141, 142, 143, 142, 144, 141, 143, 144, 143, 144, 145, 143, 145, 146, 146, 147, 143, 146, 148, 147, 146, 149, 148, 150, 148, 149, 150, 149, 151, 150, 151, 152, 152, 105, 150, 105, 153, 150, 154, 155, 156, 155, 157, 156, 158, 159, 160, 161, 162, 163, 164, 163, 162, 165, 163, 164, 163, 165, 161, 166, 162, 161, 166, 167, 162, 168, 161, 118, 168, 166, 161, 115, 166, 168, 118, 115, 168, 115, 167, 166, 115, 134, 167, 134, 162, 167, 118, 134, 115, 118, 135, 134, 135, 162, 134, 139, 162, 135, 169, 121, 118, 165, 121, 169, 118, 161, 169, 169, 161, 165, 139, 164, 162, 164, 139, 141, 142, 164, 141, 142, 139, 135, 139, 142, 141, 118, 142, 135, 142, 118, 121, 170, 171, 172, 173, 170, 172, 173, 172, 174, 175, 173, 174, 173, 175, 176, 177, 172, 171, 174, 172, 177, 178, 175, 174, 177, 178, 174, 179, 175, 178, 178, 180, 179, 181, 180, 178, 178, 177, 181, 182, 180, 181, 183, 182, 181, 183, 181, 184, 181, 177, 184, 185, 183, 184, 186, 185, 184, 186, 184, 171, 171, 184, 177, 186, 171, 170, 179, 176, 175, 176, 179, 187, 180, 187, 179, 187, 180, 188, 189, 188, 180, 189, 180, 182, 183, 189, 182, 189, 183, 185, 0, 2, 190, 2, 191, 190, 192, 190, 193, 190, 191, 194, 190, 194, 193, 191, 195, 194, 193, 194, 196, 194, 195, 197, 196, 194, 197, 196, 197, 198, 198, 197, 12, 12, 196, 198, 14, 196, 12, 14, 193, 196, 193, 14, 7, 7, 192, 193, 192, 7, 6, 199, 4, 3, 200, 199, 201, 201, 11, 200, 11, 201, 9, 202, 9, 201, 9, 202, 8, 6, 8, 202, 6, 190, 192, 202, 192, 6, 6, 0, 190, 192, 0, 6, 202, 203, 192, 192, 203, 0, 201, 203, 202, 201, 199, 203, 3, 203, 199, 203, 3, 204, 203, 204, 0, 1, 0, 204, 204, 3, 1, 154, 156, 157, 205, 157, 156, 206, 154, 157, 207, 206, 157, 207, 157, 205, 15, 207, 205, 208, 206, 207, 207, 15, 17, 17, 208, 207, 208, 17, 209, 209, 17, 13, 206, 208, 210, 209, 198, 208, 198, 210, 208, 13, 12, 209, 198, 209, 12, 198, 197, 210, 206, 210, 211, 197, 211, 210, 211, 154, 206, 195, 211, 197, 18, 20, 212, 20, 213, 214, 213, 13, 214, 20, 214, 212, 214, 13, 215, 216, 214, 215, 216, 212, 214, 216, 215, 217, 217, 215, 33, 33, 216, 217, 212, 216, 218, 35, 216, 33, 35, 218, 216, 218, 35, 28, 218, 28, 27, 212, 218, 219, 27, 219, 218, 219, 18, 212, 18, 219, 27, 220, 22, 21, 32, 221, 30, 221, 220, 222, 21, 222, 220, 223, 30, 221, 221, 222, 223, 30, 223, 29, 27, 29, 223, 223, 219, 27, 223, 222, 219, 219, 222, 18, 19, 18, 222, 222, 21, 19, 25, 17, 26, 224, 25, 26, 225, 224, 26, 226, 25, 224, 224, 225, 227, 228, 227, 225, 224, 227, 226, 229, 226, 227, 228, 229, 227, 229, 228, 34, 34, 33, 229, 217, 229, 33, 226, 229, 217, 217, 215, 226, 215, 209, 226, 13, 209, 215, 25, 226, 209, 36, 38, 230, 231, 35, 42, 38, 231, 230, 232, 230, 233, 230, 231, 234, 230, 234, 233, 231, 42, 234, 233, 234, 235, 234, 42, 236, 235, 234, 236, 235, 236, 237, 237, 236, 49, 49, 235, 237, 51, 235, 49, 51, 233, 235, 233, 51, 44, 44, 232, 233, 232, 44, 43, 238, 40, 39, 239, 39, 37, 39, 239, 238, 240, 238, 239, 48, 240, 46, 241, 46, 240, 240, 239, 241, 46, 241, 45, 241, 239, 232, 43, 45, 241, 241, 232, 43, 43, 230, 232, 232, 36, 43, 43, 36, 230, 242, 232, 239, 232, 242, 36, 242, 239, 36, 37, 36, 239, 228, 158, 160, 228, 160, 159, 243, 228, 159, 244, 243, 159, 245, 228, 243, 243, 244, 246, 247, 246, 244, 243, 246, 245, 248, 245, 246, 247, 248, 246, 248, 247, 50, 248, 236, 245, 50, 49, 248, 237, 248, 49, 236, 248, 237, 42, 249, 236, 249, 42, 33, 34, 236, 249, 249, 33, 34, 236, 34, 245, 228, 34, 33, 228, 245, 34, 250, 251, 252, 251, 250, 253, 254, 250, 255, 250, 254, 253, 254, 256, 253, 257, 256, 254, 258, 259, 260, 260, 259, 261, 262, 259, 258, 259, 262, 263, 264, 265, 262, 262, 265, 263, 265, 266, 263, 267, 268, 269, 171, 269, 268, 267, 186, 171, 267, 171, 268, 270, 186, 267, 107, 270, 267, 271, 270, 107, 270, 271, 186, 107, 109, 271, 271, 170, 186, 109, 170, 271, 272, 273, 274, 273, 272, 275, 276, 277, 278, 276, 278, 279, 279, 278, 280, 279, 280, 281, 282, 283, 284, 282, 284, 285, 282, 286, 283, 287, 286, 282, 288, 286, 287, 288, 289, 286, 288, 290, 289, 281, 288, 291, 281, 290, 288, 281, 280, 290, 277, 276, 292, 276, 273, 292, 293, 292, 273, 293, 277, 292, 277, 293, 275, 275, 293, 273, 294, 275, 295, 275, 294, 277, 296, 297, 298, 297, 296, 299, 297, 299, 300, 301, 302, 300, 300, 303, 301, 303, 299, 304, 300, 299, 303, 305, 306, 307, 307, 175, 305, 176, 305, 175, 305, 176, 306, 308, 306, 176, 308, 309, 306, 309, 112, 306, 309, 308, 112, 112, 308, 113, 113, 308, 310, 176, 310, 308, 168, 56, 115, 115, 56, 52, 116, 115, 73, 75, 116, 73, 115, 52, 73, 73, 52, 54, 53, 74, 54, 73, 54, 74, 168, 60, 56, 311, 62, 61, 312, 62, 311, 125, 62, 312, 312, 124, 125, 312, 311, 124, 124, 311, 61, 60, 124, 61, 122, 123, 124, 124, 60, 122, 123, 122, 121, 122, 60, 168, 168, 118, 122, 63, 59, 61, 313, 59, 63, 123, 59, 313, 314, 59, 123, 314, 58, 59, 315, 119, 57, 58, 315, 57, 119, 315, 316, 58, 316, 315, 316, 58, 120, 119, 316, 120, 120, 58, 314, 123, 120, 314, 121, 120, 123, 317, 313, 63, 313, 317, 123, 63, 127, 317, 127, 63, 318, 123, 317, 127, 127, 318, 317, 128, 127, 317, 128, 319, 130, 319, 320, 130, 130, 320, 68, 68, 320, 65, 319, 65, 320, 65, 319, 128, 128, 66, 65, 317, 66, 128, 66, 318, 63, 317, 318, 66, 72, 71, 77, 77, 133, 72, 133, 68, 72, 130, 68, 133, 133, 76, 78, 133, 77, 76, 315, 55, 57, 315, 321, 55, 316, 321, 315, 322, 321, 316, 322, 55, 321, 117, 316, 119, 117, 322, 316, 117, 55, 322, 323, 117, 75, 323, 324, 117, 117, 324, 55, 55, 324, 53, 323, 53, 324, 75, 53, 323, 325, 70, 69, 325, 132, 70, 132, 71, 70, 132, 325, 326, 78, 71, 76, 76, 71, 132, 132, 78, 76, 132, 326, 131, 83, 327, 134, 134, 81, 83, 135, 134, 327, 134, 101, 328, 328, 81, 134, 81, 328, 329, 101, 329, 328, 79, 81, 329, 329, 101, 79, 330, 88, 90, 331, 330, 90, 90, 145, 331, 144, 331, 145, 330, 331, 144, 144, 88, 330, 144, 87, 88, 87, 144, 332, 332, 144, 140, 140, 144, 142, 140, 87, 332, 87, 140, 327, 327, 83, 87, 140, 139, 327, 135, 327, 139, 86, 143, 89, 143, 86, 141, 333, 84, 138, 333, 138, 139, 141, 85, 139, 85, 141, 86, 85, 333, 139, 84, 333, 334, 333, 85, 334, 85, 84, 334, 335, 89, 143, 89, 335, 336, 143, 147, 335, 336, 335, 147, 147, 92, 336, 336, 92, 89, 148, 92, 147, 92, 148, 93, 337, 93, 148, 93, 337, 338, 95, 93, 338, 338, 150, 95, 150, 338, 337, 337, 148, 150, 99, 104, 98, 153, 104, 99, 95, 153, 99, 153, 95, 150, 103, 153, 105, 104, 153, 103, 334, 84, 80, 334, 80, 339, 334, 138, 84, 138, 334, 333, 339, 333, 334, 333, 339, 340, 80, 340, 339, 138, 333, 136, 340, 136, 333, 340, 80, 136, 136, 100, 137, 100, 101, 137, 136, 82, 100, 82, 136, 80, 82, 79, 102, 102, 100, 82, 341, 96, 97, 152, 97, 98, 152, 341, 97, 341, 152, 342, 152, 151, 342, 98, 103, 152, 152, 103, 105, 170, 173, 343, 170, 343, 344, 173, 176, 343, 176, 345, 343, 345, 176, 188, 188, 176, 187, 346, 345, 188, 346, 188, 189, 185, 346, 189, 170, 346, 185, 346, 170, 344, 170, 185, 186, 121, 165, 347, 142, 347, 165, 142, 165, 164, 142, 121, 347, 348, 228, 225, 349, 348, 225, 350, 348, 349, 31, 348, 350, 350, 32, 31, 225, 26, 349, 351, 26, 16, 351, 349, 26, 352, 16, 24, 352, 351, 16, 24, 23, 352, 22, 352, 23, 352, 349, 351, 352, 350, 349, 352, 22, 353, 353, 350, 352, 353, 354, 350, 22, 354, 353, 32, 350, 354, 220, 32, 22, 354, 22, 32, 32, 220, 221, 355, 247, 244, 356, 355, 244, 357, 355, 356, 47, 355, 357, 357, 48, 47, 244, 159, 356, 358, 159, 158, 358, 356, 159, 359, 358, 158, 158, 41, 359, 40, 359, 41, 359, 356, 358, 359, 357, 356, 359, 40, 360, 360, 357, 359, 240, 40, 238, 360, 361, 357, 40, 361, 360, 48, 357, 361, 40, 240, 48, 361, 40, 48, 255, 362, 254, 362, 255, 363, 362, 363, 364, 365, 364, 363, 366, 365, 367, 365, 366, 364, 368, 366, 367, 369, 370, 371, 372, 371, 370, 371, 372, 373, 374, 373, 372, 374, 368, 373, 368, 374, 375, 366, 368, 375, 260, 261, 376, 377, 260, 376, 378, 379, 261, 376, 261, 379, 380, 379, 381, 376, 379, 377, 379, 380, 377, 382, 269, 268, 268, 177, 382, 177, 383, 382, 384, 385, 383, 383, 177, 384, 172, 386, 384, 172, 384, 177, 269, 177, 268, 177, 269, 171, 265, 264, 387, 265, 387, 388, 389, 387, 390, 389, 390, 391, 387, 389, 388, 388, 389, 392, 265, 388, 392, 296, 298, 393, 298, 394, 393, 395, 396, 296, 394, 296, 393, 296, 394, 395, 395, 397, 398, 397, 395, 394, 174, 307, 399, 175, 307, 174, 400, 174, 175, 174, 399, 400, 400, 399, 401, 400, 401, 402, 307, 401, 399, 402, 401, 403, 301, 404, 302, 404, 301, 405, 404, 405, 406, 406, 407, 408, 407, 406, 405, 409, 407, 405, 405, 301, 409, 5, 155, 410, 410, 411, 5, 3, 5, 411, 411, 1, 3, 410, 155, 154, 1, 411, 412, 410, 412, 411, 2, 1, 412, 412, 191, 2, 412, 413, 191, 412, 410, 413, 191, 211, 195, 191, 413, 211, 413, 410, 154, 154, 211, 413, 24, 13, 17, 16, 414, 24, 414, 13, 24, 214, 14, 13, 214, 7, 14, 13, 414, 214, 7, 214, 415, 8, 7, 415, 415, 214, 416, 416, 8, 415, 416, 214, 414, 16, 416, 414, 8, 416, 9, 10, 9, 416, 416, 16, 10, 21, 23, 417, 417, 19, 21, 24, 417, 23, 19, 417, 418, 20, 19, 418, 418, 213, 20, 418, 419, 213, 419, 418, 417, 209, 13, 213, 213, 419, 209, 417, 420, 419, 417, 24, 420, 420, 209, 419, 209, 420, 25, 24, 25, 420, 31, 30, 421, 29, 421, 30, 421, 348, 31, 228, 348, 422, 422, 34, 228, 348, 421, 423, 348, 423, 422, 423, 34, 422, 34, 423, 424, 421, 424, 423, 424, 35, 34, 425, 35, 424, 35, 425, 28, 425, 424, 421, 421, 29, 425, 29, 28, 425, 39, 41, 426, 426, 37, 39, 38, 37, 427, 37, 426, 427, 427, 35, 38, 38, 35, 231, 427, 428, 35, 349, 427, 426, 427, 349, 428, 349, 426, 41, 41, 158, 349, 349, 158, 348, 348, 158, 228, 33, 348, 228, 33, 349, 348, 349, 33, 428, 35, 428, 33, 33, 231, 35, 47, 46, 429, 45, 429, 46, 45, 44, 430, 429, 45, 430, 429, 355, 47, 430, 431, 429, 355, 429, 431, 431, 430, 432, 247, 355, 433, 433, 50, 247, 433, 355, 431, 431, 50, 433, 50, 431, 432, 432, 51, 50, 432, 44, 51, 44, 432, 430, 434, 435, 108, 435, 106, 108, 434, 106, 435, 106, 434, 436, 436, 434, 437, 438, 437, 434, 437, 438, 439, 439, 440, 441, 440, 439, 438, 114, 111, 110, 110, 442, 111, 114, 443, 110, 442, 110, 443, 444, 442, 443, 444, 445, 442, 446, 445, 444, 447, 448, 446, 446, 448, 445, 449, 450, 451, 452, 451, 450, 451, 452, 453, 454, 453, 452, 454, 455, 456, 452, 455, 454, 457, 456, 455, 452, 458, 455, 455, 458, 457, 459, 457, 458, 459, 460, 461, 460, 459, 458, 460, 462, 463, 464, 460, 458, 458, 452, 464, 460, 464, 462, 464, 465, 462, 465, 464, 466, 464, 452, 466, 450, 466, 452, 467, 468, 469, 468, 470, 471, 468, 467, 472, 472, 470, 468, 473, 474, 470, 470, 472, 473, 474, 473, 475, 472, 476, 473, 473, 477, 475, 477, 473, 476, 478, 477, 479, 476, 479, 477, 479, 476, 480, 481, 480, 476, 476, 472, 481, 480, 481, 482, 482, 481, 483, 484, 483, 481, 481, 467, 484, 467, 481, 472, 457, 485, 456, 485, 457, 486, 457, 459, 486, 485, 486, 487, 488, 487, 489, 487, 486, 489, 488, 490, 491, 488, 489, 490, 491, 492, 469, 491, 490, 492, 469, 492, 467, 492, 484, 467, 490, 493, 492, 484, 492, 493, 484, 494, 483, 493, 494, 484, 493, 495, 494, 493, 490, 496, 496, 495, 493, 489, 496, 490, 497, 495, 496, 496, 489, 497, 495, 497, 498, 497, 499, 498, 500, 499, 497, 500, 461, 499, 489, 500, 497, 459, 461, 500, 486, 500, 489, 500, 486, 459, 501, 502, 251, 502, 503, 251, 504, 251, 503, 503, 252, 504, 256, 505, 502, 506, 502, 505, 503, 502, 506, 506, 507, 503, 251, 504, 252, 253, 501, 251, 502, 501, 253, 256, 502, 253, 505, 256, 257, 257, 254, 505, 254, 362, 505, 362, 364, 508, 508, 509, 362, 508, 510, 509, 364, 366, 508, 510, 508, 366, 366, 375, 510, 510, 375, 511, 375, 374, 511, 512, 511, 374, 374, 513, 512, 374, 372, 513, 372, 514, 513, 514, 372, 370, 250, 252, 503, 507, 250, 503, 507, 506, 515, 507, 515, 250, 250, 515, 255, 506, 255, 515, 365, 363, 516, 517, 516, 363, 517, 518, 367, 517, 367, 516, 516, 367, 365, 518, 368, 367, 368, 518, 519, 519, 373, 368, 373, 519, 520, 371, 520, 521, 371, 373, 520, 521, 369, 371, 522, 439, 441, 523, 441, 440, 441, 523, 522, 524, 523, 440, 525, 523, 526, 525, 522, 523, 522, 525, 527, 380, 528, 377, 380, 381, 528, 528, 381, 529, 529, 381, 379, 386, 530, 384, 531, 384, 530, 384, 531, 385, 385, 531, 383, 532, 533, 529, 528, 529, 534, 529, 535, 534, 535, 528, 534, 535, 529, 533, 535, 536, 537, 538, 535, 533, 538, 536, 535, 538, 539, 536, 539, 540, 525, 540, 527, 525, 527, 540, 539, 539, 538, 541, 527, 539, 541, 527, 541, 542, 543, 530, 544, 543, 531, 530, 531, 543, 544, 545, 546, 389, 391, 545, 389, 531, 544, 545, 545, 391, 531, 547, 391, 390, 547, 548, 391, 531, 391, 548, 549, 550, 551, 550, 549, 552, 553, 554, 550, 555, 553, 556, 553, 550, 557, 553, 557, 556, 558, 555, 556, 558, 556, 557, 559, 558, 557, 558, 559, 560, 559, 561, 560, 561, 559, 562, 562, 563, 564, 559, 563, 562, 563, 559, 565, 557, 565, 559, 566, 567, 563, 565, 557, 552, 557, 550, 552, 563, 565, 566, 552, 568, 565, 566, 565, 568, 568, 552, 549, 566, 568, 567, 569, 570, 571, 569, 572, 570, 573, 569, 574, 572, 575, 570, 576, 577, 573, 573, 572, 569, 577, 578, 573, 578, 572, 573, 576, 578, 577, 576, 579, 578, 580, 572, 578, 579, 580, 578, 579, 581, 580, 581, 582, 583, 581, 583, 580, 584, 583, 585, 583, 586, 580, 572, 580, 586, 586, 583, 584, 586, 584, 587, 572, 586, 575, 586, 587, 575, 579, 576, 588, 588, 581, 579, 589, 588, 576, 590, 588, 589, 591, 592, 590, 588, 590, 592, 593, 594, 591, 592, 591, 594, 594, 593, 595, 555, 595, 593, 595, 555, 558, 595, 596, 594, 596, 592, 594, 558, 597, 595, 596, 595, 597, 597, 558, 560, 560, 561, 598, 598, 597, 560, 597, 598, 599, 599, 596, 597, 599, 600, 596, 592, 596, 600, 600, 599, 601, 600, 601, 602, 602, 603, 600, 603, 602, 582, 592, 600, 603, 603, 588, 592, 603, 582, 581, 581, 588, 603, 604, 605, 272, 606, 604, 272, 606, 272, 607, 274, 606, 607, 608, 295, 604, 608, 606, 609, 610, 609, 606, 606, 608, 611, 611, 608, 604, 606, 611, 604, 272, 274, 607, 275, 272, 605, 275, 605, 604, 604, 295, 275, 295, 608, 294, 294, 608, 277, 278, 277, 608, 278, 612, 280, 613, 612, 278, 613, 614, 290, 290, 612, 613, 290, 280, 612, 289, 290, 614, 289, 614, 615, 286, 289, 615, 615, 616, 286, 616, 617, 283, 286, 616, 283, 284, 283, 617, 274, 273, 606, 273, 610, 606, 609, 610, 618, 618, 610, 273, 618, 273, 292, 276, 618, 292, 276, 609, 618, 279, 618, 276, 279, 281, 619, 620, 279, 619, 620, 291, 621, 619, 291, 620, 281, 291, 619, 621, 291, 288, 621, 288, 622, 287, 622, 288, 622, 287, 623, 624, 623, 287, 624, 287, 282, 282, 625, 624, 625, 282, 285, 626, 447, 446, 447, 627, 448, 627, 447, 626, 627, 628, 448, 627, 629, 630, 626, 629, 627, 629, 626, 631, 632, 400, 402, 402, 633, 632, 402, 403, 633, 633, 403, 401, 634, 635, 636, 637, 635, 638, 637, 636, 635, 637, 639, 636, 640, 641, 631, 641, 642, 631, 642, 641, 639, 643, 631, 642, 631, 643, 629, 642, 639, 644, 639, 637, 644, 643, 642, 629, 644, 637, 645, 646, 647, 632, 633, 646, 632, 633, 647, 646, 648, 633, 649, 408, 647, 633, 633, 648, 408, 648, 406, 408, 647, 408, 650, 650, 408, 407, 651, 650, 407, 370, 369, 652, 200, 4, 199, 4, 200, 11, 11, 653, 4, 4, 654, 5, 155, 5, 654, 4, 653, 654, 654, 655, 155, 655, 654, 653, 655, 157, 155, 653, 656, 655, 655, 656, 157, 15, 156, 157, 156, 15, 205, 157, 205, 15, 205, 157, 656, 656, 15, 205, 656, 16, 15, 657, 16, 656, 10, 16, 657, 657, 11, 10, 653, 657, 656, 653, 200, 657, 11, 657, 200, 653, 11, 200, 513, 514, 370, 521, 370, 652, 370, 521, 513, 369, 521, 652, 520, 513, 521, 513, 520, 512, 519, 512, 520, 512, 519, 511, 518, 511, 519, 511, 518, 510, 658, 510, 518, 518, 517, 658, 510, 658, 659, 510, 659, 509, 517, 365, 658, 365, 659, 658, 659, 365, 364, 364, 509, 659, 517, 364, 365, 364, 517, 509, 505, 362, 509, 509, 506, 505, 506, 509, 517, 363, 506, 517, 506, 363, 255, 571, 570, 660, 575, 660, 570, 660, 661, 571, 662, 575, 587, 660, 575, 663, 575, 662, 663, 664, 663, 662, 663, 665, 660, 661, 660, 665, 666, 664, 667, 668, 666, 667, 663, 664, 669, 664, 666, 669, 665, 663, 669, 669, 670, 665, 670, 669, 666, 567, 671, 668, 671, 567, 568, 666, 668, 671, 549, 671, 568, 672, 666, 671, 671, 549, 672, 666, 672, 670, 549, 551, 673, 673, 672, 549, 672, 673, 674, 674, 670, 672, 674, 675, 670, 665, 670, 675, 665, 675, 661, 617, 676, 284, 676, 624, 285, 624, 676, 617, 624, 625, 285, 617, 623, 624, 623, 617, 616, 622, 623, 677, 677, 621, 622, 616, 677, 623, 677, 616, 615, 615, 621, 677, 621, 615, 614, 678, 614, 613, 614, 679, 621, 679, 614, 678, 620, 621, 679, 620, 679, 281, 678, 281, 679, 281, 678, 280, 613, 280, 678, 280, 620, 281, 620, 280, 613, 608, 613, 278, 609, 613, 608, 613, 609, 620, 609, 279, 620, 618, 279, 609, 285, 284, 676, 398, 634, 395, 635, 634, 398, 398, 397, 635, 394, 635, 397, 475, 680, 474, 681, 680, 475, 477, 681, 475, 478, 682, 477, 682, 681, 477, 478, 683, 682, 684, 683, 478, 685, 683, 684, 465, 466, 686, 686, 687, 685, 686, 466, 687, 466, 450, 687, 685, 687, 688, 683, 685, 688, 687, 450, 689, 687, 689, 688, 450, 449, 689, 688, 689, 690, 689, 449, 690, 688, 691, 683, 691, 688, 690, 683, 691, 682, 682, 691, 681, 691, 692, 681, 690, 692, 691, 681, 692, 680, 692, 690, 693, 690, 449, 693, 474, 680, 694, 470, 474, 694, 694, 680, 692, 695, 694, 692, 693, 695, 692, 695, 693, 696, 697, 693, 449, 697, 696, 693, 449, 451, 697, 453, 697, 451, 454, 697, 453, 697, 454, 698, 698, 696, 697, 698, 454, 456, 456, 485, 698, 487, 698, 485, 699, 696, 698, 698, 487, 699, 699, 695, 696, 700, 695, 699, 700, 694, 695, 487, 700, 699, 701, 694, 700, 694, 471, 470, 471, 694, 701, 700, 487, 488, 491, 701, 488, 491, 469, 701, 488, 701, 700, 468, 471, 701, 469, 468, 701, 478, 479, 702, 480, 702, 479, 702, 684, 478, 702, 703, 684, 703, 685, 684, 685, 703, 704, 705, 686, 685, 704, 705, 685, 465, 686, 705, 462, 465, 705, 705, 463, 462, 706, 703, 702, 461, 460, 707, 460, 463, 707, 499, 461, 707, 499, 707, 498, 463, 705, 707, 498, 707, 708, 707, 705, 708, 708, 705, 704, 708, 709, 498, 709, 708, 704, 709, 704, 703, 709, 703, 706, 495, 498, 709, 706, 495, 709, 495, 706, 494, 483, 494, 706, 706, 482, 483, 702, 482, 706, 482, 702, 480, 390, 269, 547, 269, 548, 547, 383, 531, 548, 269, 383, 548, 382, 383, 269, 387, 269, 390, 710, 269, 387, 269, 710, 267, 710, 387, 264, 264, 262, 710, 710, 107, 267, 710, 711, 107, 108, 107, 711, 710, 108, 711, 262, 108, 710, 712, 108, 262, 712, 262, 258, 712, 434, 108, 434, 713, 438, 713, 434, 712, 440, 438, 524, 713, 524, 438, 523, 524, 526, 524, 714, 526, 714, 524, 713, 526, 714, 525, 525, 714, 539, 714, 715, 539, 715, 714, 713, 713, 712, 715, 539, 715, 536, 712, 260, 715, 536, 715, 260, 260, 712, 258, 536, 260, 537, 260, 377, 537, 537, 377, 716, 716, 377, 528, 528, 535, 716, 537, 716, 535, 717, 261, 259, 259, 263, 717, 261, 717, 378, 266, 717, 263, 529, 379, 532, 379, 718, 532, 533, 718, 379, 379, 378, 533, 533, 532, 718, 538, 533, 378, 719, 538, 378, 719, 541, 538, 542, 522, 527, 720, 542, 541, 541, 719, 720, 542, 720, 522, 439, 522, 720, 437, 439, 721, 439, 720, 721, 720, 719, 721, 721, 436, 437, 721, 719, 722, 721, 722, 436, 722, 719, 378, 722, 378, 717, 722, 106, 436, 266, 722, 717, 106, 722, 266, 109, 106, 723, 723, 106, 724, 723, 170, 109, 170, 723, 725, 725, 723, 724, 106, 725, 724, 266, 725, 106, 725, 171, 170, 725, 266, 392, 171, 725, 392, 392, 726, 171, 172, 171, 727, 727, 386, 172, 530, 386, 544, 727, 544, 386, 544, 727, 545, 727, 546, 545, 171, 546, 727, 546, 171, 726, 392, 389, 546, 392, 546, 726, 392, 266, 265, 551, 728, 673, 550, 728, 551, 728, 674, 673, 728, 729, 674, 729, 675, 674, 554, 728, 550, 593, 730, 555, 555, 730, 553, 593, 591, 730, 554, 553, 730, 591, 731, 730, 590, 731, 591, 730, 728, 554, 728, 730, 731, 731, 729, 728, 731, 590, 732, 732, 729, 731, 729, 732, 733, 729, 733, 675, 734, 733, 732, 733, 734, 735, 735, 675, 733, 675, 735, 661, 661, 735, 571, 571, 735, 569, 574, 569, 735, 735, 573, 574, 573, 735, 734, 590, 734, 732, 573, 734, 576, 589, 734, 590, 576, 734, 589, 668, 736, 567, 667, 736, 668, 567, 736, 563, 736, 667, 737, 664, 737, 667, 737, 664, 738, 739, 664, 662, 739, 738, 664, 587, 739, 662, 584, 739, 587, 740, 739, 584, 584, 585, 740, 741, 738, 739, 739, 740, 741, 740, 585, 583, 582, 740, 583, 602, 740, 582, 602, 601, 740, 601, 741, 740, 601, 742, 741, 601, 599, 742, 741, 742, 738, 742, 737, 738, 599, 743, 742, 598, 743, 599, 743, 737, 742, 737, 743, 736, 743, 563, 736, 563, 743, 564, 743, 562, 564, 562, 743, 561, 561, 743, 598, 307, 406, 648, 633, 401, 649, 401, 307, 649, 648, 649, 307, 404, 406, 307, 307, 744, 404, 744, 307, 306, 404, 744, 302, 744, 300, 302, 112, 744, 306, 744, 112, 745, 112, 111, 745, 744, 745, 111, 300, 744, 111, 111, 746, 300, 297, 300, 746, 442, 746, 111, 747, 442, 445, 442, 747, 746, 628, 445, 448, 747, 445, 628, 628, 627, 630, 628, 630, 748, 628, 748, 747, 629, 748, 630, 629, 642, 749, 644, 749, 642, 748, 629, 749, 749, 644, 750, 645, 750, 644, 749, 751, 748, 748, 751, 747, 747, 751, 746, 751, 749, 750, 298, 746, 751, 751, 750, 298, 746, 298, 297, 750, 645, 298, 394, 298, 645, 645, 638, 394, 394, 638, 635, 637, 638, 645, 752, 304, 299, 296, 752, 299, 752, 296, 753, 304, 301, 303, 304, 409, 301, 407, 409, 651, 651, 409, 754, 651, 175, 650, 400, 632, 647, 174, 400, 647, 174, 647, 650, 174, 650, 175, 175, 651, 754, 754, 409, 175, 310, 175, 409, 175, 310, 176, 409, 755, 310, 304, 755, 409, 310, 756, 113, 755, 757, 310, 756, 310, 757, 114, 113, 756, 114, 756, 757, 114, 757, 755, 755, 304, 114, 304, 758, 114, 758, 304, 752, 114, 758, 443, 444, 443, 759, 759, 443, 758, 444, 759, 446, 446, 760, 626, 760, 446, 759, 626, 640, 631, 640, 626, 760, 640, 760, 641, 760, 761, 641, 759, 761, 760, 761, 759, 758, 641, 761, 639, 761, 758, 753, 761, 753, 639, 752, 753, 758, 639, 753, 636, 396, 753, 296, 636, 753, 396, 396, 395, 636, 634, 636, 762, 636, 395, 762, 762, 395, 634, 325, 69, 67, 129, 325, 67, 131, 325, 69, 326, 325, 131, 763, 69, 325, 131, 69, 763, 763, 325, 129, 131, 763, 129, 129, 125, 126, 129, 64, 126, 64, 125, 126, 64, 129, 67, 125, 64, 764, 764, 64, 62, 125, 764, 62, 341, 94, 96, 151, 96, 341, 341, 342, 151, 765, 341, 96, 96, 151, 765, 341, 765, 149, 149, 94, 341, 151, 149, 765, 145, 149, 146, 94, 149, 146, 146, 91, 94, 145, 91, 146, 91, 145, 766, 145, 90, 766, 90, 91, 766, 344, 343, 345, 344, 345, 346]
    normal3f[] normals = [(0.8202841, -0.5719559, 0.00065657235), (0.4551755, -0.02190821, 0.8901322), (0.006217477, -0.8330894, 0.55310357), (0.96757084, 0.019139113, 0.2518741), (0.5690997, 0.8222673, 0.001421756), (0.00056226586, 0.4789603, 0.87783635), (0.5775788, -0.8163347, 0.00061808655), (0.006017799, -0.74607736, -0.66583216), (0.55755717, -0.020661604, -0.8298814), (0.9529857, 0.012822536, -0.30274394), (-0.0030063372, 0.6648654, -0.7469572), (0.40351638, 0.91494703, -0.006823663), (0.7380588, 0.6747349, 0.001410558), (-0.62979525, -0.007816313, -0.7767219), (0.004090271, -0.9357063, -0.35275635), (-0.4657837, 0.884897, 0.0017453788), (-0.0059106876, 0.9088031, -0.41718328), (-0.9677131, 0.007892686, -0.25193092), (0.8402225, -0.54224175, 0.00008204379), (0.59776115, -0.017574199, 0.80148154), (0.007032798, -0.98338276, 0.18140873), (0.96092606, 0.012205594, 0.2765359), (0.62655556, 0.7793767, 0.00041413755), (-0.0020834825, 0.66484904, 0.7469748), (-0.0059106876, 0.9088031, -0.41718328), (-0.9677131, 0.007892686, -0.25193092), (-0.0039869463, 0.5507339, 0.8346714), (-0.0039869463, 0.5507339, 0.8346714), (-0.9677131, 0.007892686, -0.25193092), (-0.993119, 0.0063082767, 0.11693944), (-0.0059106876, 0.9088031, -0.41718328), (-0.21303116, 0.9770454, -0.0004752236), (-0.9677131, 0.007892686, -0.25193092), (-0.7392985, 0.67337775, 0.00002275419), (0.010046048, -0.8216681, -0.56987774), (0.56019646, -0.024594214, -0.8279947), (0.85573685, 0.015216438, -0.51718765), (-0.0019226423, 0.66513216, -0.74672323), (0.72594416, 0.6877536, -0.00013865152), (0.8060061, 0.5919073, 0.00017590406), (-0.8654631, -0.012859682, -0.50080776), (0.007539983, -0.999966, -0.0033439873), (0.72861874, -0.68489516, 0.005779489), (0.55945647, -0.02053268, 0.82860553), (0.0066986587, -0.83212876, 0.55454206), (0.85555744, 0.013704864, 0.5175267), (0.67747796, 0.7355371, 0.002963255), (-0.00055325177, 0.64697665, 0.7625096), (0.007539983, -0.999966, -0.0033439873), (0.8060061, 0.5919073, 0.00017590406), (-0.4833529, -0.8608006, 0.15934989), (0.60755205, -0.7942798, 0.00032685118), (0.0035387266, -0.359174, -0.9332639), (0.5593538, -0.020017982, -0.8286873), (0.85564005, 0.013811808, -0.5173871), (-0.0013672911, 0.66517776, -0.74668384), (0.67778236, 0.7352431, -0.005361977), (0.73809475, 0.6746957, 0.0014095772), (-0.6144975, -0.022915471, -0.7885859), (0.0029581576, -0.9903863, -0.13829754), (-0.0051446175, 0.9998876, 0.01409166), (0.0027452554, -0.5138431, 0.8578798), (-0.0049723997, 0.9999826, 0.0032044551), (-0.0012537328, -0.9999887, -0.004598757), (0.0027452554, -0.5138431, 0.8578798), (-0.0051446175, 0.9998876, 0.01409166), (-0.0046547875, 0.7586349, 0.6514995), (-0.0012537328, -0.9999887, -0.004598757), (-0.0051446175, 0.9998876, 0.01409166), (-0.0012537328, -0.9999887, -0.004598757), (-0.0046547875, 0.7586349, 0.6514995), (-0.0030342112, 0.51010996, 0.8601039), (0.00016775257, -0.018142512, -0.99983543), (-0.0030342112, 0.51010996, 0.8601039), (-0.0046547875, 0.7586349, 0.6514995), (-0.00008723815, -0.018417109, -0.9998305), (0.00016775257, -0.018142512, -0.99983543), (-0.0046547875, 0.7586349, 0.6514995), (-0.00008723815, -0.018417109, -0.9998305), (-0.0046547875, 0.7586349, 0.6514995), (-0.003156832, 0.024083197, 0.9997051), (-0.003156832, 0.024083197, 0.9997051), (-0.0030898235, 0.0057140905, 0.99997896), (-0.00008723815, -0.018417109, -0.9998305), (-0.0030898235, 0.0057140905, 0.99997896), (-0.0044518383, 0.7800124, 0.62574816), (0.0031054034, -0.9199659, -0.3919861), (0.0031054034, -0.9199659, -0.3919861), (-0.0044518383, 0.7800124, 0.62574816), (-0.005116212, 0.99997693, -0.004480634), (0.0031054034, -0.9199659, -0.3919861), (0.006178495, -0.99997807, 0.002385984), (0.0053693214, -0.999984, -0.0017683209), (-0.005116212, 0.99997693, -0.004480634), (0.006178495, -0.99997807, 0.002385984), (0.0031054034, -0.9199659, -0.3919861), (-0.005116212, 0.99997693, -0.004480634), (-0.005502207, 0.999978, -0.003714415), (0.006178495, -0.99997807, 0.002385984), (-0.005502207, 0.999978, -0.003714415), (0.0028993804, -0.5235699, 0.8519779), (0.006178495, -0.99997807, 0.002385984), (-0.0054074414, 0.8908346, -0.45429584), (0.0028993804, -0.5235699, 0.8519779), (-0.005502207, 0.999978, -0.003714415), (0.00011200907, 0.0023863763, -0.99999726), (0.0028993804, -0.5235699, 0.8519779), (-0.0054074414, 0.8908346, -0.45429584), (0.00011200907, 0.0023863763, -0.99999726), (0.004152896, -0.047096703, -0.99888176), (0.0028993804, -0.5235699, 0.8519779), (0.0028993804, -0.5235699, 0.8519779), (0.004152896, -0.047096703, -0.99888176), (0.0009967745, -0.020753238, 0.9997842), (-0.0052359616, 0.99998456, 0.0018521115), (-0.00169574, -0.10898376, 0.99404216), (0.0023183133, -0.2961828, 0.9551285), (0.0023183133, -0.2961828, 0.9551285), (-0.00169574, -0.10898376, 0.99404216), (0.0027452554, -0.5138431, 0.8578798), (0.008104055, -0.06813742, -0.9976431), (0.000295919, -0.013820965, 0.9999045), (0.005572634, -0.99539745, -0.09567126), (0.005572634, -0.99539745, -0.09567126), (0.000295919, -0.013820965, 0.9999045), (0.004152896, -0.047096703, -0.99888176), (-0.0006797063, 0.28376618, -0.95889336), (0.005305684, -0.9999794, 0.0036154476), (-0.008856326, 0.9998801, -0.012704153), (0.005731511, -0.9999836, 0.00015621104), (0.005305684, -0.9999794, 0.0036154476), (-0.0006797063, 0.28376618, -0.95889336), (0.005305684, -0.9999794, 0.0036154476), (-0.005392755, 0.77351326, -0.63375735), (-0.008856326, 0.9998801, -0.012704153), (-0.005392755, 0.77351326, -0.63375735), (0.005305684, -0.9999794, 0.0036154476), (-0.0027144682, 0.4930953, -0.8699711), (-0.0027144682, 0.4930953, -0.8699711), (0.0028692444, -0.016403608, 0.99986136), (-0.005392755, 0.77351326, -0.63375735), (0.0028692444, -0.016403608, 0.99986136), (0.00086845766, -0.058590546, 0.9982818), (-0.005392755, 0.77351326, -0.63375735), (-0.005392755, 0.77351326, -0.63375735), (0.00086845766, -0.058590546, 0.9982818), (-0.0019065862, 0.01885409, -0.9998205), (-0.00016793245, -0.012643926, -0.99992007), (-0.0019065862, 0.01885409, -0.9998205), (0.00086845766, -0.058590546, 0.9982818), (0.00086845766, -0.058590546, 0.9982818), (0.0053139585, -0.8373977, 0.5465683), (-0.00016793245, -0.012643926, -0.99992007), (-0.006971688, 0.7805254, -0.62508523), (-0.00016793245, -0.012643926, -0.99992007), (0.0053139585, -0.8373977, 0.5465683), (-0.006971688, 0.7805254, -0.62508523), (0.0053139585, -0.8373977, 0.5465683), (-0.0052691344, 0.99997497, 0.004719906), (0.005483703, -0.999985, 0.000023343098), (-0.0052691344, 0.99997497, 0.004719906), (0.0053139585, -0.8373977, 0.5465683), (0.005484448, -0.9999795, -0.0033361183), (-0.0052691344, 0.99997497, 0.004719906), (0.005483703, -0.999985, 0.000023343098), (-0.0052691344, 0.99997497, 0.004719906), (0.005484448, -0.9999795, -0.0033361183), (-0.0053641773, 0.9999651, 0.0064275656), (0.0030343696, -0.5233767, -0.852096), (-0.0053641773, 0.9999651, 0.0064275656), (0.005484448, -0.9999795, -0.0033361183), (-0.0053641773, 0.9999651, 0.0064275656), (0.0030343696, -0.5233767, -0.852096), (-0.0054796473, 0.8906989, 0.454561), (0.0030343696, -0.5233767, -0.852096), (-0.00004522184, 0.002177868, 0.9999977), (-0.0054796473, 0.8906989, 0.454561), (-0.0013066401, -0.019051246, 0.9998176), (-0.00004522184, 0.002177868, 0.9999977), (0.0030343696, -0.5233767, -0.852096), (-0.0013066401, -0.019051246, 0.9998176), (0.0030343696, -0.5233767, -0.852096), (0.0011544509, -0.020544607, -0.9997883), (0.0057401806, -0.99998015, -0.0026184001), (-0.0006797063, 0.28376618, -0.95889336), (-0.0022396147, 0.42217687, -0.9065108), (-0.0006797063, 0.28376618, -0.95889336), (0.0057401806, -0.99998015, -0.0026184001), (-0.51422304, -0.47906342, -0.711388), (0.0053653, -0.99898595, 0.044702623), (0.005814849, -0.044574246, -0.9989892), (0.006499702, -0.99831456, -0.057670258), (0.0053653, -0.99898595, 0.044702623), (-0.0013066401, -0.019051246, 0.9998176), (0.005814849, -0.044574246, -0.9989892), (0.73495156, 0.004023312, 0.67810774), (0.8102452, 0.0043390538, 0.58607495), (0.81021714, 0.004340481, 0.58611375), (0.8102707, 0.0045719533, 0.5860381), (0.8102452, 0.0043390538, 0.58607495), (0.73495156, 0.004023312, 0.67810774), (0.7349517, 0.0040929187, -0.67810714), (0.7346083, 0.0038395543, -0.6784806), (0.8081471, 0.0043521663, -0.5889646), (0.8081471, 0.0043521663, -0.5889646), (0.80648226, 0.0049257176, -0.59123784), (0.7349517, 0.0040929187, -0.67810714), (0.80648226, 0.0049257176, -0.59123784), (0.020981066, 0.9997597, -0.006361122), (0.7349517, 0.0040929187, -0.67810714), (0.0023183133, -0.2961828, 0.9551285), (0.005410999, -0.99998534, -0.00037390605), (0.999985, 0.0054752724, 0.00007940836), (0.005410999, -0.99998534, -0.00037390605), (0.0023183133, -0.2961828, 0.9551285), (0.008910906, -0.9999502, -0.0044959453), (0.005410999, -0.99998534, -0.00037390605), (0.008910906, -0.9999502, -0.0044959453), (0.9999998, 0.0003713747, -0.00047653238), (-0.002851392, 0.49281427, 0.87013), (0.9999998, 0.0003713747, -0.00047653238), (0.008910906, -0.9999502, -0.0044959453), (-0.0011605901, -0.018892115, -0.9998208), (0.9999998, 0.0003713747, -0.00047653238), (-0.002851392, 0.49281427, 0.87013), (-0.0011605901, -0.018892115, -0.9998208), (0.99999756, 0.0010906023, -0.0019319262), (0.9999998, 0.0003713747, -0.00047653238), (0.9999998, 0.0003713747, -0.00047653238), (0.99999756, 0.0010906023, -0.0019319262), (-0.006955846, 0.02505104, 0.99966204), (0.99999756, 0.0010906023, -0.0019319262), (-0.014068592, -0.19665562, -0.9803718), (-0.0030951835, 0.0069482815, 0.99997115), (-0.0030951835, 0.0069482815, 0.99997115), (-0.014068592, -0.19665562, -0.9803718), (-0.004080515, 0.9900876, 0.140392), (-0.004694505, 0.9999832, -0.0034219045), (-0.004080515, 0.9900876, 0.140392), (-0.014068592, -0.19665562, -0.9803718), (-0.004694505, 0.9999832, -0.0034219045), (-0.014068592, -0.19665562, -0.9803718), (0.051293656, -0.9980812, -0.034683287), (0.005574659, -0.9999844, -0.0005224046), (-0.004694505, 0.9999832, -0.0034219045), (0.051293656, -0.9980812, -0.034683287), (-0.005085449, 0.9999848, 0.0021476892), (-0.004694505, 0.9999832, -0.0034219045), (0.005574659, -0.9999844, -0.0005224046), (0.0046018716, -0.86696297, 0.49835154), (-0.005085449, 0.9999848, 0.0021476892), (0.005574659, -0.9999844, -0.0005224046), (-0.005085449, 0.9999848, 0.0021476892), (0.0046018716, -0.86696297, 0.49835154), (-0.0010596939, 0.91792184, -0.39676005), (-0.0010596939, 0.91792184, -0.39676005), (0.0046018716, -0.86696297, 0.49835154), (0.0009503818, -0.025288638, -0.99967974), (0.005572634, -0.99539745, -0.09567126), (0.0009503818, -0.025288638, -0.99967974), (0.0046018716, -0.86696297, 0.49835154), (0.0026328329, -0.022539353, 0.99974257), (0.005572634, -0.99539745, -0.09567126), (0.0046018716, -0.86696297, 0.49835154), (-0.0022396147, 0.42217687, -0.9065108), (0.007878162, -0.99996865, 0.0007676543), (0.999999, -0.00096628274, 0.0010905871), (0.0057059815, -0.999981, 0.0023268752), (-0.0022396147, 0.42217687, -0.9065108), (0.999999, -0.00096628274, 0.0010905871), (0.0057059815, -0.999981, 0.0023268752), (0.999985, 0.0054752724, 0.00007940836), (-0.0022396147, 0.42217687, -0.9065108), (0.0057059815, -0.999981, 0.0023268752), (0.999999, -0.00096628274, 0.0010905871), (0.0067663523, -0.5021358, 0.8647624), (0.0067663523, -0.5021358, 0.8647624), (0.999999, -0.00096628274, 0.0010905871), (-0.006884264, -0.010533707, 0.99992085), (0.999999, -0.00096628274, 0.0010905871), (0.003736214, 0.22247458, -0.9749314), (-0.006884264, -0.010533707, 0.99992085), (-0.0034620562, -0.022716068, 0.99973595), (-0.006884264, -0.010533707, 0.99992085), (0.003736214, 0.22247458, -0.9749314), (0.003736214, 0.22247458, -0.9749314), (-0.0061907554, 0.99998087, 0.0002575095), (-0.0034620562, -0.022716068, 0.99973595), (0.0034458786, -0.5196223, 0.85438925), (-0.0034620562, -0.022716068, 0.99973595), (-0.0061907554, 0.99998087, 0.0002575095), (0.0034458786, -0.5196223, 0.85438925), (-0.0061907554, 0.99998087, 0.0002575095), (-0.0014387753, -0.004275097, -0.9999898), (-0.0034620562, -0.022716068, 0.99973595), (0.0034458786, -0.5196223, 0.85438925), (-0.0014387753, -0.004275097, -0.9999898), (0.0034458786, -0.5196223, 0.85438925), (-0.0014387753, -0.004275097, -0.9999898), (-0.007893034, 0.9714634, -0.23705825), (0.0034458786, -0.5196223, 0.85438925), (-0.007893034, 0.9714634, -0.23705825), (-0.005551537, 0.9999746, 0.004468474), (-0.005551537, 0.9999746, 0.004468474), (0.0054616975, -0.9999812, 0.0028203775), (0.0034458786, -0.5196223, 0.85438925), (-0.005551537, 0.9999746, 0.004468474), (0.0054712323, -0.9999837, -0.0016467612), (0.0054616975, -0.9999812, 0.0028203775), (-0.005551537, 0.9999746, 0.004468474), (-0.0058559915, 0.9999826, 0.0007224013), (0.0054712323, -0.9999837, -0.0016467612), (0.004680916, -0.86686325, -0.49852407), (0.0054712323, -0.9999837, -0.0016467612), (-0.0058559915, 0.9999826, 0.0007224013), (0.004680916, -0.86686325, -0.49852407), (-0.0058559915, 0.9999826, 0.0007224013), (-0.0011217803, 0.91784465, 0.39693823), (0.004680916, -0.86686325, -0.49852407), (-0.0011217803, 0.91784465, 0.39693823), (0.0014567903, 0.00078201597, 0.9999986), (0.0014567903, 0.00078201597, 0.9999986), (0.006499702, -0.99831456, -0.057670258), (0.004680916, -0.86686325, -0.49852407), (0.006499702, -0.99831456, -0.057670258), (0.0021119989, -0.051387597, -0.99867654), (0.004680916, -0.86686325, -0.49852407), (-0.31615457, 0.009450406, 0.9486607), (-0.00724792, 0.81314284, 0.58201903), (-0.48061222, 0.8768169, 0.014282492), (-0.00724792, 0.81314284, 0.58201903), (-0.6789758, 0.7341604, 0.0005835757), (-0.48061222, 0.8768169, 0.014282492), (-0.0066138613, 0.8876818, 0.46041), (-0.26633206, 0.9638812, 0.00053227565), (0.999985, 0.0054752724, 0.00007940836), (-0.99998754, -0.0049417857, -0.0007228631), (0.0063626077, -0.94685155, 0.32160825), (-0.9999832, 0.0058106342, 0.0000060330844), (-0.0063586826, 0.9999798, 0.00008475094), (-0.9999832, 0.0058106342, 0.0000060330844), (0.0063626077, -0.94685155, 0.32160825), (-0.007213473, 0.999974, 0.00010276366), (-0.9999832, 0.0058106342, 0.0000060330844), (-0.0063586826, 0.9999798, 0.00008475094), (-0.9999832, 0.0058106342, 0.0000060330844), (-0.007213473, 0.999974, 0.00010276366), (-0.99998754, -0.0049417857, -0.0007228631), (0.00006089805, -0.9999994, -0.0011607398), (0.0063626077, -0.94685155, 0.32160825), (-0.99998754, -0.0049417857, -0.0007228631), (0.00006089805, -0.9999994, -0.0011607398), (0.0041940385, -0.99999124, 0.00012876178), (0.0063626077, -0.94685155, 0.32160825), (-0.0039717765, 0.28322905, 0.9590441), (-0.99998754, -0.0049417857, -0.0007228631), (0.9999998, 0.0003713747, -0.00047653238), (-0.0039717765, 0.28322905, 0.9590441), (0.00006089805, -0.9999994, -0.0011607398), (-0.99998754, -0.0049417857, -0.0007228631), (0.005410999, -0.99998534, -0.00037390605), (0.00006089805, -0.9999994, -0.0011607398), (-0.0039717765, 0.28322905, 0.9590441), (0.9999998, 0.0003713747, -0.00047653238), (0.005410999, -0.99998534, -0.00037390605), (-0.0039717765, 0.28322905, 0.9590441), (0.005410999, -0.99998534, -0.00037390605), (0.0041940385, -0.99999124, 0.00012876178), (0.00006089805, -0.9999994, -0.0011607398), (0.005410999, -0.99998534, -0.00037390605), (0.007878162, -0.99996865, 0.0007676543), (0.0041940385, -0.99999124, 0.00012876178), (0.007878162, -0.99996865, 0.0007676543), (0.0063626077, -0.94685155, 0.32160825), (0.0041940385, -0.99999124, 0.00012876178), (0.9999998, 0.0003713747, -0.00047653238), (0.007878162, -0.99996865, 0.0007676543), (0.005410999, -0.99998534, -0.00037390605), (0.9999998, 0.0003713747, -0.00047653238), (0.999999, -0.00096628274, 0.0010905871), (0.007878162, -0.99996865, 0.0007676543), (0.999999, -0.00096628274, 0.0010905871), (0.0063626077, -0.94685155, 0.32160825), (0.007878162, -0.99996865, 0.0007676543), (-0.006884264, -0.010533707, 0.99992085), (0.0063626077, -0.94685155, 0.32160825), (0.999999, -0.00096628274, 0.0010905871), (-0.0018277994, -0.014566854, -0.99989235), (0.99999756, 0.0010906023, -0.0019319262), (0.9999998, 0.0003713747, -0.00047653238), (-0.007213473, 0.999974, 0.00010276366), (0.99999756, 0.0010906023, -0.0019319262), (-0.0018277994, -0.014566854, -0.99989235), (0.9999998, 0.0003713747, -0.00047653238), (-0.99998754, -0.0049417857, -0.0007228631), (-0.0018277994, -0.014566854, -0.99989235), (-0.0018277994, -0.014566854, -0.99989235), (-0.99998754, -0.0049417857, -0.0007228631), (-0.007213473, 0.999974, 0.00010276366), (-0.006884264, -0.010533707, 0.99992085), (-0.0063586826, 0.9999798, 0.00008475094), (0.0063626077, -0.94685155, 0.32160825), (-0.0063586826, 0.9999798, 0.00008475094), (-0.006884264, -0.010533707, 0.99992085), (-0.0034620562, -0.022716068, 0.99973595), (-0.0061907554, 0.99998087, 0.0002575095), (-0.0063586826, 0.9999798, 0.00008475094), (-0.0034620562, -0.022716068, 0.99973595), (-0.0061907554, 0.99998087, 0.0002575095), (-0.006884264, -0.010533707, 0.99992085), (0.999999, -0.00096628274, 0.0010905871), (-0.006884264, -0.010533707, 0.99992085), (-0.0061907554, 0.99998087, 0.0002575095), (-0.0034620562, -0.022716068, 0.99973595), (0.9999998, 0.0003713747, -0.00047653238), (-0.0061907554, 0.99998087, 0.0002575095), (0.999999, -0.00096628274, 0.0010905871), (-0.0061907554, 0.99998087, 0.0002575095), (0.9999998, 0.0003713747, -0.00047653238), (0.99999756, 0.0010906023, -0.0019319262), (-0.0010270241, 0.99999946, 0.00017676101), (0.0074899243, -0.00013541109, 0.999972), (-0.008176884, 0.99996656, 0.00014239101), (-0.008367605, 0.9999649, 0.00042764537), (-0.0010270241, 0.99999946, 0.00017676101), (-0.008176884, 0.99996656, 0.00014239101), (-0.008367605, 0.9999649, 0.00042764537), (-0.008176884, 0.99996656, 0.00014239101), (-0.9999851, -0.0054635834, 0.00015456926), (0.007568767, -0.00021921445, -0.9999714), (-0.008367605, 0.9999649, 0.00042764537), (-0.9999851, -0.0054635834, 0.00015456926), (-0.008367605, 0.9999649, 0.00042764537), (0.007568767, -0.00021921445, -0.9999714), (0.99995345, 0.006713509, 0.0069410997), (-0.9999853, -0.005404615, -0.0005701305), (-0.008176884, 0.99996656, 0.00014239101), (0.0074899243, -0.00013541109, 0.999972), (-0.9999851, -0.0054635834, 0.00015456926), (-0.008176884, 0.99996656, 0.00014239101), (-0.9999853, -0.005404615, -0.0005701305), (-0.99998355, -0.0057306406, 0.0002780894), (0.007568767, -0.00021921445, -0.9999714), (-0.9999851, -0.0054635834, 0.00015456926), (-0.9999853, -0.005404615, -0.0005701305), (-0.99998355, -0.0057306406, 0.0002780894), (-0.9999851, -0.0054635834, 0.00015456926), (-0.00033777914, -0.00035340368, 0.9999999), (0.007568767, -0.00021921445, -0.9999714), (-0.99998355, -0.0057306406, 0.0002780894), (-0.99998355, -0.0057306406, 0.0002780894), (0.010246681, -0.9999476, 0.00017485445), (-0.00033777914, -0.00035340368, 0.9999999), (-0.9999765, -0.006834846, -0.00058512605), (0.010246681, -0.9999476, 0.00017485445), (-0.99998355, -0.0057306406, 0.0002780894), (-0.99998355, -0.0057306406, 0.0002780894), (-0.9999853, -0.005404615, -0.0005701305), (-0.9999765, -0.006834846, -0.00058512605), (0.014423316, -0.999896, -0.00014622448), (0.010246681, -0.9999476, 0.00017485445), (-0.9999765, -0.006834846, -0.00058512605), (0.01414921, -0.9773786, -0.21102397), (0.014423316, -0.999896, -0.00014622448), (-0.9999765, -0.006834846, -0.00058512605), (0.01414921, -0.9773786, -0.21102397), (-0.9999765, -0.006834846, -0.00058512605), (0.00021661267, -0.00032049743, -0.99999994), (-0.9999765, -0.006834846, -0.00058512605), (-0.9999853, -0.005404615, -0.0005701305), (0.00021661267, -0.00032049743, -0.99999994), (0.009156358, -0.00083734596, -0.99995774), (0.01414921, -0.9773786, -0.21102397), (0.00021661267, -0.00032049743, -0.99999994), (0.00022644983, 0.00030625754, -0.99999994), (0.009156358, -0.00083734596, -0.99995774), (0.00021661267, -0.00032049743, -0.99999994), (0.00022644983, 0.00030625754, -0.99999994), (0.00021661267, -0.00032049743, -0.99999994), (0.0074899243, -0.00013541109, 0.999972), (0.0074899243, -0.00013541109, 0.999972), (0.00021661267, -0.00032049743, -0.99999994), (-0.9999853, -0.005404615, -0.0005701305), (0.00022644983, 0.00030625754, -0.99999994), (0.0074899243, -0.00013541109, 0.999972), (-0.0010270241, 0.99999946, 0.00017676101), (-0.00033777914, -0.00035340368, 0.9999999), (0.99995345, 0.006713509, 0.0069410997), (0.007568767, -0.00021921445, -0.9999714), (0.99995345, 0.006713509, 0.0069410997), (-0.00033777914, -0.00035340368, 0.9999999), (-0.0000694938, -0.0016138911, 0.9999987), (0.010246681, -0.9999476, 0.00017485445), (-0.0000694938, -0.0016138911, 0.9999987), (-0.00033777914, -0.00035340368, 0.9999999), (-0.0000694938, -0.0016138911, 0.9999987), (0.010246681, -0.9999476, 0.00017485445), (0.006078013, -0.9999815, 0.000051228064), (0.010255435, -0.9999474, -0.00027236523), (0.006078013, -0.9999815, 0.000051228064), (0.010246681, -0.9999476, 0.00017485445), (0.010255435, -0.9999474, -0.00027236523), (0.010246681, -0.9999476, 0.00017485445), (0.014423316, -0.999896, -0.00014622448), (0.01414921, -0.9773786, -0.21102397), (0.010255435, -0.9999474, -0.00027236523), (0.014423316, -0.999896, -0.00014622448), (0.010255435, -0.9999474, -0.00027236523), (0.01414921, -0.9773786, -0.21102397), (0.009156358, -0.00083734596, -0.99995774), (0.8202841, -0.5719559, 0.00065657235), (0.006217477, -0.8330894, 0.55310357), (0.012214786, -0.99988467, 0.0090311235), (0.006217477, -0.8330894, 0.55310357), (0.0036244357, -0.901995, 0.43173137), (0.012214786, -0.99988467, 0.0090311235), (0.7822786, -0.62292737, -0.0012825277), (0.012214786, -0.99988467, 0.0090311235), (0.007293634, -0.9999693, -0.0028723583), (0.012214786, -0.99988467, 0.0090311235), (0.0036244357, -0.901995, 0.43173137), (0.0032159586, -0.9999885, 0.0035681394), (0.012214786, -0.99988467, 0.0090311235), (0.0032159586, -0.9999885, 0.0035681394), (0.007293634, -0.9999693, -0.0028723583), (0.0036244357, -0.901995, 0.43173137), (-0.17945008, -0.97722125, 0.113297306), (0.0032159586, -0.9999885, 0.0035681394), (0.007293634, -0.9999693, -0.0028723583), (0.0032159586, -0.9999885, 0.0035681394), (-0.00497125, -0.99998236, -0.003284768), (0.0032159586, -0.9999885, 0.0035681394), (-0.17945008, -0.97722125, 0.113297306), (-0.42071193, -0.90719384, 0.00090387516), (-0.00497125, -0.99998236, -0.003284768), (0.0032159586, -0.9999885, 0.0035681394), (-0.42071193, -0.90719384, 0.00090387516), (-0.00497125, -0.99998236, -0.003284768), (-0.42071193, -0.90719384, 0.00090387516), (-0.87645394, -0.48147354, -0.0034591274), (-0.87645394, -0.48147354, -0.0034591274), (-0.42071193, -0.90719384, 0.00090387516), (0.7380588, 0.6747349, 0.001410558), (0.7380588, 0.6747349, 0.001410558), (-0.00497125, -0.99998236, -0.003284768), (-0.87645394, -0.48147354, -0.0034591274), (0.004090271, -0.9357063, -0.35275635), (-0.00497125, -0.99998236, -0.003284768), (0.7380588, 0.6747349, 0.001410558), (0.004090271, -0.9357063, -0.35275635), (0.007293634, -0.9999693, -0.0028723583), (-0.00497125, -0.99998236, -0.003284768), (0.007293634, -0.9999693, -0.0028723583), (0.004090271, -0.9357063, -0.35275635), (0.006017799, -0.74607736, -0.66583216), (0.006017799, -0.74607736, -0.66583216), (0.7822786, -0.62292737, -0.0012825277), (0.007293634, -0.9999693, -0.0028723583), (0.7822786, -0.62292737, -0.0012825277), (0.006017799, -0.74607736, -0.66583216), (0.5775788, -0.8163347, 0.00061808655), (0.9987849, 0.0491845, 0.0031164342), (0.5690997, 0.8222673, 0.001421756), (0.96757084, 0.019139113, 0.2518741), (0.7195257, 0.6944644, -0.0014415749), (0.9987849, 0.0491845, 0.0031164342), (0.99983925, 0.017886635, -0.001246538), (0.99983925, 0.017886635, -0.001246538), (0.40351638, 0.91494703, -0.006823663), (0.7195257, 0.6944644, -0.0014415749), (0.40351638, 0.91494703, -0.006823663), (0.99983925, 0.017886635, -0.001246538), (0.9529857, 0.012822536, -0.30274394), (0.99959195, -0.02533945, -0.013186544), (0.9529857, 0.012822536, -0.30274394), (0.99983925, 0.017886635, -0.001246538), (0.9529857, 0.012822536, -0.30274394), (0.99959195, -0.02533945, -0.013186544), (0.55755717, -0.020661604, -0.8298814), (0.5775788, -0.8163347, 0.00061808655), (0.55755717, -0.020661604, -0.8298814), (0.99959195, -0.02533945, -0.013186544), (0.5775788, -0.8163347, 0.00061808655), (0.012214786, -0.99988467, 0.0090311235), (0.7822786, -0.62292737, -0.0012825277), (0.99959195, -0.02533945, -0.013186544), (0.7822786, -0.62292737, -0.0012825277), (0.5775788, -0.8163347, 0.00061808655), (0.5775788, -0.8163347, 0.00061808655), (0.8202841, -0.5719559, 0.00065657235), (0.012214786, -0.99988467, 0.0090311235), (0.7822786, -0.62292737, -0.0012825277), (0.8202841, -0.5719559, 0.00065657235), (0.5775788, -0.8163347, 0.00061808655), (0.99959195, -0.02533945, -0.013186544), (0.9997951, -0.020182302, 0.0015576005), (0.7822786, -0.62292737, -0.0012825277), (0.7822786, -0.62292737, -0.0012825277), (0.9997951, -0.020182302, 0.0015576005), (0.8202841, -0.5719559, 0.00065657235), (0.99983925, 0.017886635, -0.001246538), (0.9997951, -0.020182302, 0.0015576005), (0.99959195, -0.02533945, -0.013186544), (0.99983925, 0.017886635, -0.001246538), (0.9987849, 0.0491845, 0.0031164342), (0.9997951, -0.020182302, 0.0015576005), (0.96757084, 0.019139113, 0.2518741), (0.9997951, -0.020182302, 0.0015576005), (0.9987849, 0.0491845, 0.0031164342), (0.9997951, -0.020182302, 0.0015576005), (0.96757084, 0.019139113, 0.2518741), (0.9367663, -0.011786531, 0.34975708), (0.9997951, -0.020182302, 0.0015576005), (0.9367663, -0.011786531, 0.34975708), (0.8202841, -0.5719559, 0.00065657235), (0.4551755, -0.02190821, 0.8901322), (0.8202841, -0.5719559, 0.00065657235), (0.9367663, -0.011786531, 0.34975708), (0.9367663, -0.011786531, 0.34975708), (0.96757084, 0.019139113, 0.2518741), (0.4551755, -0.02190821, 0.8901322), (-0.31615457, 0.009450406, 0.9486607), (-0.48061222, 0.8768169, 0.014282492), (-0.6789758, 0.7341604, 0.0005835757), (-0.7025488, 0.7116356, -0.00019781475), (-0.6789758, 0.7341604, 0.0005835757), (-0.48061222, 0.8768169, 0.014282492), (-0.99993336, 0.010876965, 0.003891379), (-0.31615457, 0.009450406, 0.9486607), (-0.6789758, 0.7341604, 0.0005835757), (-0.9991153, 0.041909672, -0.003501288), (-0.99993336, 0.010876965, 0.003891379), (-0.6789758, 0.7341604, 0.0005835757), (-0.9991153, 0.041909672, -0.003501288), (-0.6789758, 0.7341604, 0.0005835757), (-0.7025488, 0.7116356, -0.00019781475), (-0.4657837, 0.884897, 0.0017453788), (-0.9991153, 0.041909672, -0.003501288), (-0.7025488, 0.7116356, -0.00019781475), (-0.99990463, -0.013240221, -0.003950834), (-0.99993336, 0.010876965, 0.003891379), (-0.9991153, 0.041909672, -0.003501288), (-0.9991153, 0.041909672, -0.003501288), (-0.4657837, 0.884897, 0.0017453788), (-0.9677131, 0.007892686, -0.25193092), (-0.9677131, 0.007892686, -0.25193092), (-0.99990463, -0.013240221, -0.003950834), (-0.9991153, 0.041909672, -0.003501288), (-0.99990463, -0.013240221, -0.003950834), (-0.9677131, 0.007892686, -0.25193092), (-0.9992818, -0.037785262, -0.002883954), (-0.9992818, -0.037785262, -0.002883954), (-0.9677131, 0.007892686, -0.25193092), (-0.62979525, -0.007816313, -0.7767219), (-0.99993336, 0.010876965, 0.003891379), (-0.99990463, -0.013240221, -0.003950834), (-0.9995526, -0.029679816, 0.0036914367), (-0.9992818, -0.037785262, -0.002883954), (-0.87645394, -0.48147354, -0.0034591274), (-0.99990463, -0.013240221, -0.003950834), (-0.87645394, -0.48147354, -0.0034591274), (-0.9995526, -0.029679816, 0.0036914367), (-0.99990463, -0.013240221, -0.003950834), (-0.62979525, -0.007816313, -0.7767219), (0.7380588, 0.6747349, 0.001410558), (-0.9992818, -0.037785262, -0.002883954), (-0.87645394, -0.48147354, -0.0034591274), (-0.9992818, -0.037785262, -0.002883954), (0.7380588, 0.6747349, 0.001410558), (-0.87645394, -0.48147354, -0.0034591274), (-0.42071193, -0.90719384, 0.00090387516), (-0.9995526, -0.029679816, 0.0036914367), (-0.99993336, 0.010876965, 0.003891379), (-0.9995526, -0.029679816, 0.0036914367), (-0.98054874, -0.02611246, 0.19453111), (-0.42071193, -0.90719384, 0.00090387516), (-0.98054874, -0.02611246, 0.19453111), (-0.9995526, -0.029679816, 0.0036914367), (-0.98054874, -0.02611246, 0.19453111), (-0.31615457, 0.009450406, 0.9486607), (-0.99993336, 0.010876965, 0.003891379), (-0.17945008, -0.97722125, 0.113297306), (-0.98054874, -0.02611246, 0.19453111), (-0.42071193, -0.90719384, 0.00090387516), (0.8402225, -0.54224175, 0.00008204379), (0.007032798, -0.98338276, 0.18140873), (0.009597712, -0.9999539, 0.000307366), (0.007032798, -0.98338276, 0.18140873), (-0.0016954119, -0.244495, 0.9696491), (0.0034701682, -0.9999932, 0.0013157364), (-0.0016954119, -0.244495, 0.9696491), (-0.62979525, -0.007816313, -0.7767219), (0.0034701682, -0.9999932, 0.0013157364), (0.007032798, -0.98338276, 0.18140873), (0.0034701682, -0.9999932, 0.0013157364), (0.009597712, -0.9999539, 0.000307366), (0.0034701682, -0.9999932, 0.0013157364), (-0.62979525, -0.007816313, -0.7767219), (-0.2601483, -0.9655687, -0.00015284144), (0.0015917358, -0.9999987, 0.0003610509), (0.0034701682, -0.9999932, 0.0013157364), (-0.2601483, -0.9655687, -0.00015284144), (0.0015917358, -0.9999987, 0.0003610509), (0.009597712, -0.9999539, 0.000307366), (0.0034701682, -0.9999932, 0.0013157364), (0.0015917358, -0.9999987, 0.0003610509), (-0.2601483, -0.9655687, -0.00015284144), (-0.8349491, -0.5503272, -0.00026302924), (-0.8349491, -0.5503272, -0.00026302924), (-0.2601483, -0.9655687, -0.00015284144), (0.8060061, 0.5919073, 0.00017590406), (0.8060061, 0.5919073, 0.00017590406), (0.0015917358, -0.9999987, 0.0003610509), (-0.8349491, -0.5503272, -0.00026302924), (0.009597712, -0.9999539, 0.000307366), (0.0015917358, -0.9999987, 0.0003610509), (0.011238388, -0.9999369, -0.0000038250714), (0.007539983, -0.999966, -0.0033439873), (0.0015917358, -0.9999987, 0.0003610509), (0.8060061, 0.5919073, 0.00017590406), (0.007539983, -0.999966, -0.0033439873), (0.011238388, -0.9999369, -0.0000038250714), (0.0015917358, -0.9999987, 0.0003610509), (0.011238388, -0.9999369, -0.0000038250714), (0.007539983, -0.999966, -0.0033439873), (0.010046048, -0.8216681, -0.56987774), (0.011238388, -0.9999369, -0.0000038250714), (0.010046048, -0.8216681, -0.56987774), (-0.7392985, 0.67337775, 0.00002275419), (0.009597712, -0.9999539, 0.000307366), (0.011238388, -0.9999369, -0.0000038250714), (0.80555224, -0.59252477, -0.00012275623), (-0.7392985, 0.67337775, 0.00002275419), (0.80555224, -0.59252477, -0.00012275623), (0.011238388, -0.9999369, -0.0000038250714), (0.80555224, -0.59252477, -0.00012275623), (0.8402225, -0.54224175, 0.00008204379), (0.009597712, -0.9999539, 0.000307366), (0.8402225, -0.54224175, 0.00008204379), (0.80555224, -0.59252477, -0.00012275623), (-0.7392985, 0.67337775, 0.00002275419), (0.9980423, 0.06254087, 0.00045309635), (0.62655556, 0.7793767, 0.00041413755), (0.96092606, 0.012205594, 0.2765359), (0.72594416, 0.6877536, -0.00013865152), (0.9997125, 0.02397997, -0.000038313545), (0.85573685, 0.015216438, -0.51718765), (0.9997125, 0.02397997, -0.000038313545), (0.9980423, 0.06254087, 0.00045309635), (0.99992776, -0.0119868135, 0.0009850083), (0.96092606, 0.012205594, 0.2765359), (0.99992776, -0.0119868135, 0.0009850083), (0.9980423, 0.06254087, 0.00045309635), (0.9999754, -0.0068346523, -0.0015876244), (0.85573685, 0.015216438, -0.51718765), (0.9997125, 0.02397997, -0.000038313545), (0.9997125, 0.02397997, -0.000038313545), (0.99992776, -0.0119868135, 0.0009850083), (0.9999754, -0.0068346523, -0.0015876244), (0.85573685, 0.015216438, -0.51718765), (0.9999754, -0.0068346523, -0.0015876244), (0.56019646, -0.024594214, -0.8279947), (-0.7392985, 0.67337775, 0.00002275419), (0.56019646, -0.024594214, -0.8279947), (0.9999754, -0.0068346523, -0.0015876244), (0.9999754, -0.0068346523, -0.0015876244), (0.80555224, -0.59252477, -0.00012275623), (-0.7392985, 0.67337775, 0.00002275419), (0.9999754, -0.0068346523, -0.0015876244), (0.99992776, -0.0119868135, 0.0009850083), (0.80555224, -0.59252477, -0.00012275623), (0.80555224, -0.59252477, -0.00012275623), (0.99992776, -0.0119868135, 0.0009850083), (0.8402225, -0.54224175, 0.00008204379), (0.59776115, -0.017574199, 0.80148154), (0.8402225, -0.54224175, 0.00008204379), (0.99992776, -0.0119868135, 0.0009850083), (0.99992776, -0.0119868135, 0.0009850083), (0.96092606, 0.012205594, 0.2765359), (0.59776115, -0.017574199, 0.80148154), (-0.993119, 0.0063082767, 0.11693944), (-0.9677131, 0.007892686, -0.25193092), (-0.21303116, 0.9770454, -0.0004752236), (-0.9992798, 0.03794734, 0.00017355072), (-0.993119, 0.0063082767, 0.11693944), (-0.21303116, 0.9770454, -0.0004752236), (-0.97109324, 0.23870051, 0.00010152864), (-0.9992798, 0.03794734, 0.00017355072), (-0.21303116, 0.9770454, -0.0004752236), (-0.9995479, -0.030065473, 0.00033831765), (-0.993119, 0.0063082767, 0.11693944), (-0.9992798, 0.03794734, 0.00017355072), (-0.9992798, 0.03794734, 0.00017355072), (-0.97109324, 0.23870051, 0.00010152864), (-0.9999741, 0.007203457, -0.00022638), (-0.99923915, -0.012376883, -0.036987666), (-0.9999741, 0.007203457, -0.00022638), (-0.97109324, 0.23870051, 0.00010152864), (-0.9992798, 0.03794734, 0.00017355072), (-0.9999741, 0.007203457, -0.00022638), (-0.9995479, -0.030065473, 0.00033831765), (-0.99973744, -0.022833606, -0.0019280735), (-0.9995479, -0.030065473, 0.00033831765), (-0.9999741, 0.007203457, -0.00022638), (-0.99923915, -0.012376883, -0.036987666), (-0.99973744, -0.022833606, -0.0019280735), (-0.9999741, 0.007203457, -0.00022638), (-0.99973744, -0.022833606, -0.0019280735), (-0.99923915, -0.012376883, -0.036987666), (-0.8654631, -0.012859682, -0.50080776), (-0.8654631, -0.012859682, -0.50080776), (0.8060061, 0.5919073, 0.00017590406), (-0.99973744, -0.022833606, -0.0019280735), (-0.8349491, -0.5503272, -0.00026302924), (-0.99973744, -0.022833606, -0.0019280735), (0.8060061, 0.5919073, 0.00017590406), (-0.9995479, -0.030065473, 0.00033831765), (-0.99973744, -0.022833606, -0.0019280735), (-0.8349491, -0.5503272, -0.00026302924), (-0.8349491, -0.5503272, -0.00026302924), (-0.2601483, -0.9655687, -0.00015284144), (-0.9995479, -0.030065473, 0.00033831765), (-0.2601483, -0.9655687, -0.00015284144), (-0.9992818, -0.037785262, -0.002883954), (-0.9995479, -0.030065473, 0.00033831765), (-0.62979525, -0.007816313, -0.7767219), (-0.9992818, -0.037785262, -0.002883954), (-0.2601483, -0.9655687, -0.00015284144), (-0.993119, 0.0063082767, 0.11693944), (-0.9995479, -0.030065473, 0.00033831765), (-0.9992818, -0.037785262, -0.002883954), (0.72861874, -0.68489516, 0.005779489), (0.0066986587, -0.83212876, 0.55454206), (0.012534838, -0.9998987, 0.0067600873), (0.005223868, -0.99119025, 0.13234293), (0.007539983, -0.999966, -0.0033439873), (-0.4833529, -0.8608006, 0.15934989), (0.0066986587, -0.83212876, 0.55454206), (0.005223868, -0.99119025, 0.13234293), (0.012534838, -0.9998987, 0.0067600873), (0.94313365, -0.33241215, -0.001113147), (0.012534838, -0.9998987, 0.0067600873), (0.00729455, -0.9999693, -0.0028720098), (0.012534838, -0.9998987, 0.0067600873), (0.005223868, -0.99119025, 0.13234293), (0.0032106913, -0.99999213, 0.0023460318), (0.012534838, -0.9998987, 0.0067600873), (0.0032106913, -0.99999213, 0.0023460318), (0.00729455, -0.9999693, -0.0028720098), (0.005223868, -0.99119025, 0.13234293), (-0.4833529, -0.8608006, 0.15934989), (0.0032106913, -0.99999213, 0.0023460318), (0.00729455, -0.9999693, -0.0028720098), (0.0032106913, -0.99999213, 0.0023460318), (-0.004970649, -0.9999823, -0.003283573), (0.0032106913, -0.99999213, 0.0023460318), (-0.4833529, -0.8608006, 0.15934989), (-0.768861, -0.6394155, -0.00090057985), (-0.004970649, -0.9999823, -0.003283573), (0.0032106913, -0.99999213, 0.0023460318), (-0.768861, -0.6394155, -0.00090057985), (-0.004970649, -0.9999823, -0.003283573), (-0.768861, -0.6394155, -0.00090057985), (-0.76936173, -0.63881165, -0.0015307466), (-0.76936173, -0.63881165, -0.0015307466), (-0.768861, -0.6394155, -0.00090057985), (0.73809475, 0.6746957, 0.0014095772), (0.73809475, 0.6746957, 0.0014095772), (-0.004970649, -0.9999823, -0.003283573), (-0.76936173, -0.63881165, -0.0015307466), (0.0029581576, -0.9903863, -0.13829754), (-0.004970649, -0.9999823, -0.003283573), (0.73809475, 0.6746957, 0.0014095772), (0.0029581576, -0.9903863, -0.13829754), (0.00729455, -0.9999693, -0.0028720098), (-0.004970649, -0.9999823, -0.003283573), (0.00729455, -0.9999693, -0.0028720098), (0.0029581576, -0.9903863, -0.13829754), (0.0035387266, -0.359174, -0.9332639), (0.0035387266, -0.359174, -0.9332639), (0.94313365, -0.33241215, -0.001113147), (0.00729455, -0.9999693, -0.0028720098), (0.94313365, -0.33241215, -0.001113147), (0.0035387266, -0.359174, -0.9332639), (0.60755205, -0.7942798, 0.00032685118), (0.99944144, 0.03337519, 0.0016902309), (0.67747796, 0.7355371, 0.002963255), (0.85555744, 0.013704864, 0.5175267), (0.9999643, -0.0061894623, 0.0057659238), (0.85555744, 0.013704864, 0.5175267), (0.55945647, -0.02053268, 0.82860553), (0.85555744, 0.013704864, 0.5175267), (0.9999643, -0.0061894623, 0.0057659238), (0.99944144, 0.03337519, 0.0016902309), (0.9994316, 0.033705845, -0.0007249031), (0.99944144, 0.03337519, 0.0016902309), (0.9999643, -0.0061894623, 0.0057659238), (0.67778236, 0.7352431, -0.005361977), (0.9994316, 0.033705845, -0.0007249031), (0.85564005, 0.013811808, -0.5173871), (0.9997307, -0.02058444, -0.010718267), (0.85564005, 0.013811808, -0.5173871), (0.9994316, 0.033705845, -0.0007249031), (0.9994316, 0.033705845, -0.0007249031), (0.9999643, -0.0061894623, 0.0057659238), (0.9997307, -0.02058444, -0.010718267), (0.85564005, 0.013811808, -0.5173871), (0.9997307, -0.02058444, -0.010718267), (0.5593538, -0.020017982, -0.8286873), (0.9997307, -0.02058444, -0.010718267), (0.9999643, -0.0061894623, 0.0057659238), (0.94313365, -0.33241215, -0.001113147), (0.60755205, -0.7942798, 0.00032685118), (0.5593538, -0.020017982, -0.8286873), (0.9997307, -0.02058444, -0.010718267), (0.9997307, -0.02058444, -0.010718267), (0.94313365, -0.33241215, -0.001113147), (0.60755205, -0.7942798, 0.00032685118), (0.60755205, -0.7942798, 0.00032685118), (0.012534838, -0.9998987, 0.0067600873), (0.94313365, -0.33241215, -0.001113147), (0.94313365, -0.33241215, -0.001113147), (0.72861874, -0.68489516, 0.005779489), (0.60755205, -0.7942798, 0.00032685118), (0.60755205, -0.7942798, 0.00032685118), (0.72861874, -0.68489516, 0.005779489), (0.012534838, -0.9998987, 0.0067600873), (0.9584491, -0.28526175, -0.0010646544), (0.94313365, -0.33241215, -0.001113147), (0.9999643, -0.0061894623, 0.0057659238), (0.94313365, -0.33241215, -0.001113147), (0.9584491, -0.28526175, -0.0010646544), (0.72861874, -0.68489516, 0.005779489), (0.9584491, -0.28526175, -0.0010646544), (0.9999643, -0.0061894623, 0.0057659238), (0.72861874, -0.68489516, 0.005779489), (0.55945647, -0.02053268, 0.82860553), (0.72861874, -0.68489516, 0.005779489), (0.9999643, -0.0061894623, 0.0057659238), (-0.99923915, -0.012376883, -0.036987666), (-0.0066138613, 0.8876818, 0.46041), (0.999985, 0.0054752724, 0.00007940836), (-0.99923915, -0.012376883, -0.036987666), (0.999985, 0.0054752724, 0.00007940836), (-0.26633206, 0.9638812, 0.00053227565), (-0.9994529, 0.033009782, 0.0020903887), (-0.99923915, -0.012376883, -0.036987666), (-0.26633206, 0.9638812, 0.00053227565), (-0.97000104, 0.24309894, -0.00097077846), (-0.9994529, 0.033009782, 0.0020903887), (-0.26633206, 0.9638812, 0.00053227565), (-0.99991345, -0.01168909, 0.0060480284), (-0.99923915, -0.012376883, -0.036987666), (-0.9994529, 0.033009782, 0.0020903887), (-0.9994529, 0.033009782, 0.0020903887), (-0.97000104, 0.24309894, -0.00097077846), (-0.9999833, 0.0056630536, -0.0011939845), (-0.9249972, -0.0010474898, -0.37997246), (-0.9999833, 0.0056630536, -0.0011939845), (-0.97000104, 0.24309894, -0.00097077846), (-0.9994529, 0.033009782, 0.0020903887), (-0.9999833, 0.0056630536, -0.0011939845), (-0.99991345, -0.01168909, 0.0060480284), (-0.9994856, -0.029583259, -0.01238871), (-0.99991345, -0.01168909, 0.0060480284), (-0.9999833, 0.0056630536, -0.0011939845), (-0.9249972, -0.0010474898, -0.37997246), (-0.9994856, -0.029583259, -0.01238871), (-0.9999833, 0.0056630536, -0.0011939845), (-0.9994856, -0.029583259, -0.01238871), (-0.9249972, -0.0010474898, -0.37997246), (-0.6144975, -0.022915471, -0.7885859), (-0.9994856, -0.029583259, -0.01238871), (-0.768861, -0.6394155, -0.00090057985), (-0.99991345, -0.01168909, 0.0060480284), (-0.6144975, -0.022915471, -0.7885859), (0.73809475, 0.6746957, 0.0014095772), (-0.9994856, -0.029583259, -0.01238871), (-0.76936173, -0.63881165, -0.0015307466), (-0.9994856, -0.029583259, -0.01238871), (0.73809475, 0.6746957, 0.0014095772), (-0.768861, -0.6394155, -0.00090057985), (-0.9994856, -0.029583259, -0.01238871), (-0.76936173, -0.63881165, -0.0015307466), (-0.4833529, -0.8608006, 0.15934989), (-0.9442015, -0.1428239, 0.296791), (-0.768861, -0.6394155, -0.00090057985), (-0.9442015, -0.1428239, 0.296791), (-0.4833529, -0.8608006, 0.15934989), (0.8060061, 0.5919073, 0.00017590406), (-0.8654631, -0.012859682, -0.50080776), (-0.768861, -0.6394155, -0.00090057985), (-0.9442015, -0.1428239, 0.296791), (-0.9442015, -0.1428239, 0.296791), (0.8060061, 0.5919073, 0.00017590406), (-0.8654631, -0.012859682, -0.50080776), (-0.768861, -0.6394155, -0.00090057985), (-0.8654631, -0.012859682, -0.50080776), (-0.99991345, -0.01168909, 0.0060480284), (-0.99923915, -0.012376883, -0.036987666), (-0.8654631, -0.012859682, -0.50080776), (0.8060061, 0.5919073, 0.00017590406), (-0.99923915, -0.012376883, -0.036987666), (-0.99991345, -0.01168909, 0.0060480284), (-0.8654631, -0.012859682, -0.50080776), (-0.96316373, -0.0030088075, -0.26889914), (0.999985, 0.0054752724, 0.00007940836), (-0.52787286, -0.00013178184, -0.8493234), (0.999985, 0.0054752724, 0.00007940836), (-0.96316373, -0.0030088075, -0.26889914), (-0.9997266, -0.0036170904, -0.02310416), (-0.9997555, -0.0036792795, -0.021803964), (-0.96316373, -0.0030088075, -0.26889914), (-0.40708205, -0.0016172109, 0.9133903), (-0.96316373, -0.0030088075, -0.26889914), (-0.9997555, -0.0036792795, -0.021803964), (-0.9997266, -0.0036170904, -0.02310416), (-0.9997555, -0.0036792795, -0.021803964), (-0.26126832, -0.9632033, 0.06307388), (-0.9997266, -0.0036170904, -0.02310416), (-0.06001073, -0.9956966, -0.07061914), (-0.26126832, -0.9632033, 0.06307388), (-0.9997555, -0.0036792795, -0.021803964), (-0.99995947, -0.0058014775, 0.0068866713), (-0.9999661, -0.005700291, 0.00595907), (-0.99981326, -0.0056785746, 0.018476514), (-0.99981326, -0.0056785746, 0.018476514), (-0.9999661, -0.005700291, 0.00595907), (0.999985, 0.0054752724, 0.00007940836), (-0.9662599, -0.0055255448, -0.25750977), (-0.9999661, -0.005700291, 0.00595907), (-0.99995947, -0.0058014775, 0.0068866713), (-0.9999661, -0.005700291, 0.00595907), (-0.9662599, -0.0055255448, -0.25750977), (-0.96748585, -0.00498122, -0.25287613), (-0.69636047, -0.0038908676, -0.7176817), (-0.6928755, -0.0037154548, -0.72104764), (-0.9662599, -0.0055255448, -0.25750977), (-0.9662599, -0.0055255448, -0.25750977), (-0.6928755, -0.0037154548, -0.72104764), (-0.96748585, -0.00498122, -0.25287613), (-0.6928755, -0.0037154548, -0.72104764), (0.021937167, 0.9997115, 0.009788866), (-0.96748585, -0.00498122, -0.25287613), (0.008404784, -0.00033662253, 0.9999647), (0.0065061715, -0.00038148655, 0.9999788), (0.89305013, -0.39914972, 0.2077041), (0.0074899243, -0.00013541109, 0.999972), (0.89305013, -0.39914972, 0.2077041), (0.0065061715, -0.00038148655, 0.9999788), (0.008404784, -0.00033662253, 0.9999647), (0.00022644983, 0.00030625754, -0.99999994), (0.0074899243, -0.00013541109, 0.999972), (0.008404784, -0.00033662253, 0.9999647), (0.0074899243, -0.00013541109, 0.999972), (0.0065061715, -0.00038148655, 0.9999788), (-0.9988257, -0.004659528, -0.048223753), (0.00022644983, 0.00030625754, -0.99999994), (0.008404784, -0.00033662253, 0.9999647), (0.8102452, 0.0043390538, 0.58607495), (-0.9988257, -0.004659528, -0.048223753), (0.008404784, -0.00033662253, 0.9999647), (-0.9985317, -0.0054204366, -0.05389929), (-0.9988257, -0.004659528, -0.048223753), (0.8102452, 0.0043390538, 0.58607495), (-0.9988257, -0.004659528, -0.048223753), (-0.9985317, -0.0054204366, -0.05389929), (0.00022644983, 0.00030625754, -0.99999994), (0.8102452, 0.0043390538, 0.58607495), (0.8102707, 0.0045719533, 0.5860381), (-0.9985317, -0.0054204366, -0.05389929), (-0.9985317, -0.0054204366, -0.05389929), (-0.0010270241, 0.99999946, 0.00017676101), (0.00022644983, 0.00030625754, -0.99999994), (0.8102707, 0.0045719533, 0.5860381), (-0.0010270241, 0.99999946, 0.00017676101), (-0.9985317, -0.0054204366, -0.05389929), (0.999985, 0.0054752724, 0.00007940836), (-0.53614056, -0.0015730798, 0.84412736), (-0.5205509, -0.000261622, 0.85383064), (-0.53614056, -0.0015730798, 0.84412736), (0.999985, 0.0054752724, 0.00007940836), (-0.99916065, -0.0018363005, 0.040923603), (-0.44195917, -0.0022223957, -0.89703244), (-0.99968046, -0.0013247667, -0.025245), (-0.38248283, -0.0019770758, -0.92396045), (-0.44195917, -0.0022223957, -0.89703244), (-0.38248283, -0.0019770758, -0.92396045), (-0.31736147, -0.0016011854, -0.9483034), (-0.31736147, -0.0016011854, -0.9483034), (-0.38248283, -0.0019770758, -0.92396045), (-0.021795014, -0.00031090245, -0.99976254), (-0.31736147, -0.0016011854, -0.9483034), (-0.021795014, -0.00031090245, -0.99976254), (-0.011808354, 0.00006017919, -0.9999303), (-0.03673181, -0.0023462498, -0.9993224), (-0.049614795, -0.0022293183, -0.99876595), (-0.029878702, -0.0024590923, -0.99955064), (-0.03673181, -0.0023462498, -0.9993224), (-0.029878702, -0.0024590923, -0.99955064), (-0.9989796, -0.0056417356, -0.044808783), (-0.03673181, -0.0023462498, -0.9993224), (-0.53418684, -0.0025076722, -0.84536284), (-0.049614795, -0.0022293183, -0.99876595), (-0.5353798, -0.0011909433, -0.8446105), (-0.53418684, -0.0025076722, -0.84536284), (-0.03673181, -0.0023462498, -0.9993224), (-0.35811365, -0.0018454733, -0.9336762), (-0.53418684, -0.0025076722, -0.84536284), (-0.5353798, -0.0011909433, -0.8446105), (-0.35811365, -0.0018454733, -0.9336762), (-0.5270042, -0.004021252, -0.8498532), (-0.53418684, -0.0025076722, -0.84536284), (-0.35811365, -0.0018454733, -0.9336762), (-0.019117963, -0.0012755883, -0.9998165), (-0.5270042, -0.004021252, -0.8498532), (-0.011808354, 0.00006017919, -0.9999303), (-0.35811365, -0.0018454733, -0.9336762), (-0.024315102, 0.96238977, 0.27058208), (-0.011808354, 0.00006017919, -0.9999303), (-0.019117963, -0.0012755883, -0.9998165), (-0.35811365, -0.0018454733, -0.9336762), (-0.011808354, 0.00006017919, -0.9999303), (-0.021795014, -0.00031090245, -0.99976254), (-0.019117963, -0.0012755883, -0.9998165), (-0.99968046, -0.0013247667, -0.025245), (-0.44195917, -0.0022223957, -0.89703244), (-0.99862325, -0.0011107165, -0.0524449), (-0.44195917, -0.0022223957, -0.89703244), (-0.53614056, -0.0015730798, 0.84412736), (-0.99862325, -0.0011107165, -0.0524449), (-0.9993735, -0.0021104594, 0.035330523), (-0.99862325, -0.0011107165, -0.0524449), (-0.53614056, -0.0015730798, 0.84412736), (-0.9993735, -0.0021104594, 0.035330523), (-0.99968046, -0.0013247667, -0.025245), (-0.99862325, -0.0011107165, -0.0524449), (-0.99968046, -0.0013247667, -0.025245), (-0.9993735, -0.0021104594, 0.035330523), (-0.99916065, -0.0018363005, 0.040923603), (-0.99916065, -0.0018363005, 0.040923603), (-0.9993735, -0.0021104594, 0.035330523), (-0.53614056, -0.0015730798, 0.84412736), (-0.5271169, -0.8483056, 0.05025438), (-0.99916065, -0.0018363005, 0.040923603), (0.110593095, -0.9924409, -0.05320226), (-0.99916065, -0.0018363005, 0.040923603), (-0.5271169, -0.8483056, 0.05025438), (-0.99968046, -0.0013247667, -0.025245), (0.999985, 0.0054752724, 0.00007940836), (-0.99993795, -0.0056905355, -0.0095792785), (-0.9997401, -0.0055067185, -0.022124995), (-0.99993795, -0.0056905355, -0.0095792785), (0.999985, 0.0054752724, 0.00007940836), (-0.99998075, -0.005612696, 0.0026764257), (-0.99993795, -0.0056905355, -0.0095792785), (-0.99998075, -0.005612696, 0.0026764257), (-0.9663003, -0.0055933795, 0.25735664), (-0.6894554, -0.0039054868, 0.7243176), (-0.6964726, -0.004038552, 0.71757203), (-0.9663003, -0.0055933795, 0.25735664), (-0.9663003, -0.0055933795, 0.25735664), (-0.96753097, -0.005019014, 0.2527031), (-0.6894554, -0.0039054868, 0.7243176), (-0.96753097, -0.005019014, 0.2527031), (-0.99998075, -0.005612696, 0.0026764257), (0.008372692, 0.9999588, -0.003528208), (-0.9663003, -0.0055933795, 0.25735664), (-0.99998075, -0.005612696, 0.0026764257), (-0.96753097, -0.005019014, 0.2527031), (0.0070245815, -0.00020072098, -0.9999754), (0.008309478, -0.00016338912, -0.9999655), (0.9896531, 0.0070970254, -0.1433056), (0.9896531, 0.0070970254, -0.1433056), (0.007568767, -0.00021921445, -0.9999714), (0.0070245815, -0.00020072098, -0.9999754), (0.99995345, 0.006713509, 0.0069410997), (0.0070245815, -0.00020072098, -0.9999754), (0.007568767, -0.00021921445, -0.9999714), (0.0070245815, -0.00020072098, -0.9999754), (0.99995345, 0.006713509, 0.0069410997), (0.008309478, -0.00016338912, -0.9999655), (-0.99881786, -0.005377034, 0.04831336), (0.008309478, -0.00016338912, -0.9999655), (0.99995345, 0.006713509, 0.0069410997), (-0.99881786, -0.005377034, 0.04831336), (-0.9988317, -0.004830425, 0.048083875), (0.008309478, -0.00016338912, -0.9999655), (-0.9988317, -0.004830425, 0.048083875), (0.8081471, 0.0043521663, -0.5889646), (0.008309478, -0.00016338912, -0.9999655), (-0.9988317, -0.004830425, 0.048083875), (-0.99881786, -0.005377034, 0.04831336), (0.8081471, 0.0043521663, -0.5889646), (0.8081471, 0.0043521663, -0.5889646), (-0.99881786, -0.005377034, 0.04831336), (0.80648226, 0.0049257176, -0.59123784), (0.80648226, 0.0049257176, -0.59123784), (-0.99881786, -0.005377034, 0.04831336), (-0.026715891, 0.9996244, -0.006118008), (0.99995345, 0.006713509, 0.0069410997), (-0.026715891, 0.9996244, -0.006118008), (-0.99881786, -0.005377034, 0.04831336), (-0.0039717765, 0.28322905, 0.9590441), (-0.0046547875, 0.7586349, 0.6514995), (0.005410999, -0.99998534, -0.00037390605), (0.005410999, -0.99998534, -0.00037390605), (-0.0046547875, 0.7586349, 0.6514995), (-0.0051446175, 0.9998876, 0.01409166), (0.999985, 0.0054752724, 0.00007940836), (0.005410999, -0.99998534, -0.00037390605), (-0.0052359616, 0.99998456, 0.0018521115), (0.0023183133, -0.2961828, 0.9551285), (0.999985, 0.0054752724, 0.00007940836), (-0.0052359616, 0.99998456, 0.0018521115), (0.005410999, -0.99998534, -0.00037390605), (-0.0051446175, 0.9998876, 0.01409166), (-0.0052359616, 0.99998456, 0.0018521115), (-0.0052359616, 0.99998456, 0.0018521115), (-0.0051446175, 0.9998876, 0.01409166), (-0.0049723997, 0.9999826, 0.0032044551), (0.0027452554, -0.5138431, 0.8578798), (-0.00169574, -0.10898376, 0.99404216), (-0.0049723997, 0.9999826, 0.0032044551), (-0.0052359616, 0.99998456, 0.0018521115), (-0.0049723997, 0.9999826, 0.0032044551), (-0.00169574, -0.10898376, 0.99404216), (-0.0039717765, 0.28322905, 0.9590441), (-0.003156832, 0.024083197, 0.9997051), (-0.0046547875, 0.7586349, 0.6514995), (-0.012091469, 0.6569178, 0.7538652), (-0.0044518383, 0.7800124, 0.62574816), (-0.0030898235, 0.0057140905, 0.99997896), (-0.0039306553, 0.77343833, 0.6338594), (-0.0044518383, 0.7800124, 0.62574816), (-0.012091469, 0.6569178, 0.7538652), (-0.004080515, 0.9900876, 0.140392), (-0.0044518383, 0.7800124, 0.62574816), (-0.0039306553, 0.77343833, 0.6338594), (-0.0039306553, 0.77343833, 0.6338594), (-0.0030951835, 0.0069482815, 0.99997115), (-0.004080515, 0.9900876, 0.140392), (-0.0039306553, 0.77343833, 0.6338594), (-0.012091469, 0.6569178, 0.7538652), (-0.0030951835, 0.0069482815, 0.99997115), (-0.0030951835, 0.0069482815, 0.99997115), (-0.012091469, 0.6569178, 0.7538652), (-0.0030898235, 0.0057140905, 0.99997896), (-0.003156832, 0.024083197, 0.9997051), (-0.0030951835, 0.0069482815, 0.99997115), (-0.0030898235, 0.0057140905, 0.99997896), (-0.006955846, 0.02505104, 0.99966204), (-0.014068592, -0.19665562, -0.9803718), (-0.0030951835, 0.0069482815, 0.99997115), (-0.0030951835, 0.0069482815, 0.99997115), (-0.003156832, 0.024083197, 0.9997051), (-0.006955846, 0.02505104, 0.99966204), (-0.014068592, -0.19665562, -0.9803718), (-0.006955846, 0.02505104, 0.99966204), (0.99999756, 0.0010906023, -0.0019319262), (-0.006955846, 0.02505104, 0.99966204), (-0.003156832, 0.024083197, 0.9997051), (-0.0039717765, 0.28322905, 0.9590441), (-0.0039717765, 0.28322905, 0.9590441), (0.9999998, 0.0003713747, -0.00047653238), (-0.006955846, 0.02505104, 0.99966204), (0.0031054034, -0.9199659, -0.3919861), (-0.00008723815, -0.018417109, -0.9998305), (-0.0030898235, 0.0057140905, 0.99997896), (0.005712416, -0.8007193, -0.59901255), (-0.00008723815, -0.018417109, -0.9998305), (0.0031054034, -0.9199659, -0.3919861), (-0.014068592, -0.19665562, -0.9803718), (-0.00008723815, -0.018417109, -0.9998305), (0.005712416, -0.8007193, -0.59901255), (-0.0007355352, -0.0042982544, -0.9999906), (-0.00008723815, -0.018417109, -0.9998305), (-0.014068592, -0.19665562, -0.9803718), (-0.0007355352, -0.0042982544, -0.9999906), (0.00016775257, -0.018142512, -0.99983543), (-0.00008723815, -0.018417109, -0.9998305), (0.0021955825, -0.6027001, -0.79796475), (-0.002851392, 0.49281427, 0.87013), (-0.0030342112, 0.51010996, 0.8601039), (0.00016775257, -0.018142512, -0.99983543), (0.0021955825, -0.6027001, -0.79796475), (-0.0030342112, 0.51010996, 0.8601039), (-0.002851392, 0.49281427, 0.87013), (0.0021955825, -0.6027001, -0.79796475), (0.004068233, -0.59385127, -0.80456465), (0.00016775257, -0.018142512, -0.99983543), (0.004068233, -0.59385127, -0.80456465), (0.0021955825, -0.6027001, -0.79796475), (0.004068233, -0.59385127, -0.80456465), (0.00016775257, -0.018142512, -0.99983543), (-0.0011605901, -0.018892115, -0.9998208), (-0.002851392, 0.49281427, 0.87013), (0.004068233, -0.59385127, -0.80456465), (-0.0011605901, -0.018892115, -0.9998208), (-0.0011605901, -0.018892115, -0.9998208), (0.00016775257, -0.018142512, -0.99983543), (-0.0007355352, -0.0042982544, -0.9999906), (-0.014068592, -0.19665562, -0.9803718), (-0.0011605901, -0.018892115, -0.9998208), (-0.0007355352, -0.0042982544, -0.9999906), (0.99999756, 0.0010906023, -0.0019319262), (-0.0011605901, -0.018892115, -0.9998208), (-0.014068592, -0.19665562, -0.9803718), (0.0055952207, -0.9995415, -0.02975977), (0.005712416, -0.8007193, -0.59901255), (0.0031054034, -0.9199659, -0.3919861), (0.005712416, -0.8007193, -0.59901255), (0.0055952207, -0.9995415, -0.02975977), (-0.014068592, -0.19665562, -0.9803718), (0.0031054034, -0.9199659, -0.3919861), (0.051293656, -0.9980812, -0.034683287), (0.0055952207, -0.9995415, -0.02975977), (0.051293656, -0.9980812, -0.034683287), (0.0031054034, -0.9199659, -0.3919861), (0.005318235, -0.998318, -0.05773239), (-0.014068592, -0.19665562, -0.9803718), (0.0055952207, -0.9995415, -0.02975977), (0.051293656, -0.9980812, -0.034683287), (0.051293656, -0.9980812, -0.034683287), (0.005318235, -0.998318, -0.05773239), (0.0055952207, -0.9995415, -0.02975977), (0.005574659, -0.9999844, -0.0005224046), (0.051293656, -0.9980812, -0.034683287), (0.0055952207, -0.9995415, -0.02975977), (0.005574659, -0.9999844, -0.0005224046), (0.004588075, -0.8784915, 0.4777359), (0.0046018716, -0.86696297, 0.49835154), (0.004588075, -0.8784915, 0.4777359), (0.0048265234, -0.8701411, 0.49277902), (0.0046018716, -0.86696297, 0.49835154), (0.0046018716, -0.86696297, 0.49835154), (0.0048265234, -0.8701411, 0.49277902), (0.0028993804, -0.5235699, 0.8519779), (0.0028993804, -0.5235699, 0.8519779), (0.0048265234, -0.8701411, 0.49277902), (0.006178495, -0.99997807, 0.002385984), (0.004588075, -0.8784915, 0.4777359), (0.006178495, -0.99997807, 0.002385984), (0.0048265234, -0.8701411, 0.49277902), (0.006178495, -0.99997807, 0.002385984), (0.004588075, -0.8784915, 0.4777359), (0.005574659, -0.9999844, -0.0005224046), (0.005574659, -0.9999844, -0.0005224046), (0.0053693214, -0.999984, -0.0017683209), (0.006178495, -0.99997807, 0.002385984), (0.0055952207, -0.9995415, -0.02975977), (0.0053693214, -0.999984, -0.0017683209), (0.005574659, -0.9999844, -0.0005224046), (0.0053693214, -0.999984, -0.0017683209), (0.005318235, -0.998318, -0.05773239), (0.0031054034, -0.9199659, -0.3919861), (0.0055952207, -0.9995415, -0.02975977), (0.005318235, -0.998318, -0.05773239), (0.0053693214, -0.999984, -0.0017683209), (0.0009967745, -0.020753238, 0.9997842), (0.004152896, -0.047096703, -0.99888176), (0.000295919, -0.013820965, 0.9999045), (0.000295919, -0.013820965, 0.9999045), (0.0026328329, -0.022539353, 0.99974257), (0.0009967745, -0.020753238, 0.9997842), (0.0026328329, -0.022539353, 0.99974257), (0.0028993804, -0.5235699, 0.8519779), (0.0009967745, -0.020753238, 0.9997842), (0.0046018716, -0.86696297, 0.49835154), (0.0028993804, -0.5235699, 0.8519779), (0.0026328329, -0.022539353, 0.99974257), (0.0026328329, -0.022539353, 0.99974257), (0.008104055, -0.06813742, -0.9976431), (0.005572634, -0.99539745, -0.09567126), (0.0026328329, -0.022539353, 0.99974257), (0.000295919, -0.013820965, 0.9999045), (0.008104055, -0.06813742, -0.9976431), (0.0021955825, -0.6027001, -0.79796475), (-0.0012537328, -0.9999887, -0.004598757), (-0.0030342112, 0.51010996, 0.8601039), (0.0021955825, -0.6027001, -0.79796475), (0.004403664, -0.91033435, -0.4138503), (-0.0012537328, -0.9999887, -0.004598757), (0.004068233, -0.59385127, -0.80456465), (0.004403664, -0.91033435, -0.4138503), (0.0021955825, -0.6027001, -0.79796475), (0.0062372377, -0.9103238, -0.4138499), (0.004403664, -0.91033435, -0.4138503), (0.004068233, -0.59385127, -0.80456465), (0.0062372377, -0.9103238, -0.4138499), (-0.0012537328, -0.9999887, -0.004598757), (0.004403664, -0.91033435, -0.4138503), (0.008910906, -0.9999502, -0.0044959453), (0.004068233, -0.59385127, -0.80456465), (-0.002851392, 0.49281427, 0.87013), (0.008910906, -0.9999502, -0.0044959453), (0.0062372377, -0.9103238, -0.4138499), (0.004068233, -0.59385127, -0.80456465), (0.008910906, -0.9999502, -0.0044959453), (-0.0012537328, -0.9999887, -0.004598757), (0.0062372377, -0.9103238, -0.4138499), (0.012208358, -0.9999173, -0.004040354), (0.008910906, -0.9999502, -0.0044959453), (0.0023183133, -0.2961828, 0.9551285), (0.012208358, -0.9999173, -0.004040354), (0.0021322006, -0.99998885, -0.004207747), (0.008910906, -0.9999502, -0.0044959453), (0.008910906, -0.9999502, -0.0044959453), (0.0021322006, -0.99998885, -0.004207747), (-0.0012537328, -0.9999887, -0.004598757), (-0.0012537328, -0.9999887, -0.004598757), (0.0021322006, -0.99998885, -0.004207747), (0.0027452554, -0.5138431, 0.8578798), (0.012208358, -0.9999173, -0.004040354), (0.0027452554, -0.5138431, 0.8578798), (0.0021322006, -0.99998885, -0.004207747), (0.0023183133, -0.2961828, 0.9551285), (0.0027452554, -0.5138431, 0.8578798), (0.012208358, -0.9999173, -0.004040354), (-0.004274553, 0.8105532, -0.58564955), (0.00011200907, 0.0023863763, -0.99999726), (-0.0054074414, 0.8908346, -0.45429584), (-0.004274553, 0.8105532, -0.58564955), (0.0009503818, -0.025288638, -0.99967974), (0.00011200907, 0.0023863763, -0.99999726), (0.0009503818, -0.025288638, -0.99967974), (0.004152896, -0.047096703, -0.99888176), (0.00011200907, 0.0023863763, -0.99999726), (0.0009503818, -0.025288638, -0.99967974), (-0.004274553, 0.8105532, -0.58564955), (-0.001720957, 0.17461884, -0.98463464), (0.005572634, -0.99539745, -0.09567126), (0.004152896, -0.047096703, -0.99888176), (0.008104055, -0.06813742, -0.9976431), (0.008104055, -0.06813742, -0.9976431), (0.004152896, -0.047096703, -0.99888176), (0.0009503818, -0.025288638, -0.99967974), (0.0009503818, -0.025288638, -0.99967974), (0.005572634, -0.99539745, -0.09567126), (0.008104055, -0.06813742, -0.9976431), (0.0009503818, -0.025288638, -0.99967974), (-0.001720957, 0.17461884, -0.98463464), (-0.0010596939, 0.91792184, -0.39676005), (-0.005392755, 0.77351326, -0.63375735), (-0.00409138, 0.5916361, -0.80619484), (0.007878162, -0.99996865, 0.0007676543), (0.007878162, -0.99996865, 0.0007676543), (-0.008856326, 0.9998801, -0.012704153), (-0.005392755, 0.77351326, -0.63375735), (0.999999, -0.00096628274, 0.0010905871), (0.007878162, -0.99996865, 0.0007676543), (-0.00409138, 0.5916361, -0.80619484), (0.007878162, -0.99996865, 0.0007676543), (-0.0022396147, 0.42217687, -0.9065108), (-0.0022010508, 0.999996, 0.0017727666), (-0.0022010508, 0.999996, 0.0017727666), (-0.008856326, 0.9998801, -0.012704153), (0.007878162, -0.99996865, 0.0007676543), (-0.008856326, 0.9998801, -0.012704153), (-0.0022010508, 0.999996, 0.0017727666), (-0.012195295, 0.9999241, 0.0017358408), (-0.0022396147, 0.42217687, -0.9065108), (-0.012195295, 0.9999241, 0.0017358408), (-0.0022010508, 0.999996, 0.0017727666), (-0.0006797063, 0.28376618, -0.95889336), (-0.008856326, 0.9998801, -0.012704153), (-0.012195295, 0.9999241, 0.0017358408), (-0.012195295, 0.9999241, 0.0017358408), (-0.0022396147, 0.42217687, -0.9065108), (-0.0006797063, 0.28376618, -0.95889336), (-0.0094199935, 0.65899044, -0.7520925), (-0.00016793245, -0.012643926, -0.99992007), (-0.006971688, 0.7805254, -0.62508523), (-0.0033458828, 0.7733462, -0.63397527), (-0.0094199935, 0.65899044, -0.7520925), (-0.006971688, 0.7805254, -0.62508523), (-0.006971688, 0.7805254, -0.62508523), (-0.007893034, 0.9714634, -0.23705825), (-0.0033458828, 0.7733462, -0.63397527), (-0.0014387753, -0.004275097, -0.9999898), (-0.0033458828, 0.7733462, -0.63397527), (-0.007893034, 0.9714634, -0.23705825), (-0.0094199935, 0.65899044, -0.7520925), (-0.0033458828, 0.7733462, -0.63397527), (-0.0014387753, -0.004275097, -0.9999898), (-0.0014387753, -0.004275097, -0.9999898), (-0.00016793245, -0.012643926, -0.99992007), (-0.0094199935, 0.65899044, -0.7520925), (-0.0014387753, -0.004275097, -0.9999898), (-0.0019065862, 0.01885409, -0.9998205), (-0.00016793245, -0.012643926, -0.99992007), (-0.0019065862, 0.01885409, -0.9998205), (-0.0014387753, -0.004275097, -0.9999898), (-0.0029540411, 0.006645451, -0.99997365), (-0.0029540411, 0.006645451, -0.99997365), (-0.0014387753, -0.004275097, -0.9999898), (0.003736214, 0.22247458, -0.9749314), (0.003736214, 0.22247458, -0.9749314), (-0.0014387753, -0.004275097, -0.9999898), (-0.0061907554, 0.99998087, 0.0002575095), (0.003736214, 0.22247458, -0.9749314), (-0.0019065862, 0.01885409, -0.9998205), (-0.0029540411, 0.006645451, -0.99997365), (-0.0019065862, 0.01885409, -0.9998205), (0.003736214, 0.22247458, -0.9749314), (-0.00409138, 0.5916361, -0.80619484), (-0.00409138, 0.5916361, -0.80619484), (-0.005392755, 0.77351326, -0.63375735), (-0.0019065862, 0.01885409, -0.9998205), (0.003736214, 0.22247458, -0.9749314), (-0.006884264, -0.010533707, 0.99992085), (-0.00409138, 0.5916361, -0.80619484), (0.999999, -0.00096628274, 0.0010905871), (-0.00409138, 0.5916361, -0.80619484), (-0.006884264, -0.010533707, 0.99992085), (0.00086845766, -0.058590546, 0.9982818), (0.0034458786, -0.5196223, 0.85438925), (0.0053139585, -0.8373977, 0.5465683), (0.0034458786, -0.5196223, 0.85438925), (0.00086845766, -0.058590546, 0.9982818), (-0.0034620562, -0.022716068, 0.99973595), (0.005261615, -0.50826734, 0.8611834), (-0.0027144682, 0.4930953, -0.8699711), (0.0067663523, -0.5021358, 0.8647624), (0.005261615, -0.50826734, 0.8611834), (0.0067663523, -0.5021358, 0.8647624), (-0.006884264, -0.010533707, 0.99992085), (-0.0034620562, -0.022716068, 0.99973595), (0.0028692444, -0.016403608, 0.99986136), (-0.006884264, -0.010533707, 0.99992085), (0.0028692444, -0.016403608, 0.99986136), (-0.0034620562, -0.022716068, 0.99973595), (0.00086845766, -0.058590546, 0.9982818), (0.0028692444, -0.016403608, 0.99986136), (0.005261615, -0.50826734, 0.8611834), (-0.006884264, -0.010533707, 0.99992085), (-0.0027144682, 0.4930953, -0.8699711), (0.005261615, -0.50826734, 0.8611834), (0.0022396506, -0.5755424, 0.817769), (0.005261615, -0.50826734, 0.8611834), (0.0028692444, -0.016403608, 0.99986136), (0.0022396506, -0.5755424, 0.817769), (0.0028692444, -0.016403608, 0.99986136), (-0.0027144682, 0.4930953, -0.8699711), (0.0022396506, -0.5755424, 0.817769), (0.005245014, -0.986386, 0.1643631), (0.0053139585, -0.8373977, 0.5465683), (0.0034458786, -0.5196223, 0.85438925), (0.0053139585, -0.8373977, 0.5465683), (0.005245014, -0.986386, 0.1643631), (0.0056934673, -0.9906855, 0.13605157), (0.0034458786, -0.5196223, 0.85438925), (0.0054616975, -0.9999812, 0.0028203775), (0.005245014, -0.986386, 0.1643631), (0.0056934673, -0.9906855, 0.13605157), (0.005245014, -0.986386, 0.1643631), (0.0054616975, -0.9999812, 0.0028203775), (0.0054616975, -0.9999812, 0.0028203775), (0.005483703, -0.999985, 0.000023343098), (0.0056934673, -0.9906855, 0.13605157), (0.0056934673, -0.9906855, 0.13605157), (0.005483703, -0.999985, 0.000023343098), (0.0053139585, -0.8373977, 0.5465683), (0.0054712323, -0.9999837, -0.0016467612), (0.005483703, -0.999985, 0.000023343098), (0.0054616975, -0.9999812, 0.0028203775), (0.005483703, -0.999985, 0.000023343098), (0.0054712323, -0.9999837, -0.0016467612), (0.005484448, -0.9999795, -0.0033361183), (0.004663707, -0.8784043, -0.47789556), (0.005484448, -0.9999795, -0.0033361183), (0.0054712323, -0.9999837, -0.0016467612), (0.005484448, -0.9999795, -0.0033361183), (0.004663707, -0.8784043, -0.47789556), (0.004904695, -0.8700457, -0.49294668), (0.0030343696, -0.5233767, -0.852096), (0.005484448, -0.9999795, -0.0033361183), (0.004904695, -0.8700457, -0.49294668), (0.004904695, -0.8700457, -0.49294668), (0.004680916, -0.86686325, -0.49852407), (0.0030343696, -0.5233767, -0.852096), (0.004680916, -0.86686325, -0.49852407), (0.004904695, -0.8700457, -0.49294668), (0.004663707, -0.8784043, -0.47789556), (0.004663707, -0.8784043, -0.47789556), (0.0054712323, -0.9999837, -0.0016467612), (0.004680916, -0.86686325, -0.49852407), (0.0011544509, -0.020544607, -0.9997883), (0.005814849, -0.044574246, -0.9989892), (-0.0013066401, -0.019051246, 0.9998176), (0.0021119989, -0.051387597, -0.99867654), (0.005814849, -0.044574246, -0.9989892), (0.0011544509, -0.020544607, -0.9997883), (0.0030343696, -0.5233767, -0.852096), (0.0021119989, -0.051387597, -0.99867654), (0.0011544509, -0.020544607, -0.9997883), (0.0021119989, -0.051387597, -0.99867654), (0.0030343696, -0.5233767, -0.852096), (0.004680916, -0.86686325, -0.49852407), (0.0053653, -0.99898595, 0.044702623), (0.0021119989, -0.051387597, -0.99867654), (0.006499702, -0.99831456, -0.057670258), (0.005814849, -0.044574246, -0.9989892), (0.0021119989, -0.051387597, -0.99867654), (0.0053653, -0.99898595, 0.044702623), (0.0022396506, -0.5755424, 0.817769), (-0.0027144682, 0.4930953, -0.8699711), (0.005305684, -0.9999794, 0.0036154476), (0.0022396506, -0.5755424, 0.817769), (0.005305684, -0.9999794, 0.0036154476), (0.0043383283, -0.9104129, 0.4136783), (0.0022396506, -0.5755424, 0.817769), (0.0067663523, -0.5021358, 0.8647624), (-0.0027144682, 0.4930953, -0.8699711), (0.0067663523, -0.5021358, 0.8647624), (0.0022396506, -0.5755424, 0.817769), (0.005261615, -0.50826734, 0.8611834), (0.0043383283, -0.9104129, 0.4136783), (0.005261615, -0.50826734, 0.8611834), (0.0022396506, -0.5755424, 0.817769), (0.005261615, -0.50826734, 0.8611834), (0.0043383283, -0.9104129, 0.4136783), (0.006172181, -0.9104098, 0.4136617), (0.005305684, -0.9999794, 0.0036154476), (0.006172181, -0.9104098, 0.4136617), (0.0043383283, -0.9104129, 0.4136783), (0.0067663523, -0.5021358, 0.8647624), (0.005261615, -0.50826734, 0.8611834), (0.0057059815, -0.999981, 0.0023268752), (0.006172181, -0.9104098, 0.4136617), (0.0057059815, -0.999981, 0.0023268752), (0.005261615, -0.50826734, 0.8611834), (0.006172181, -0.9104098, 0.4136617), (0.005305684, -0.9999794, 0.0036154476), (0.0057059815, -0.999981, 0.0023268752), (0.0057059815, -0.999981, 0.0023268752), (0.0057401806, -0.99998015, -0.0026184001), (0.999985, 0.0054752724, 0.00007940836), (0.0057401806, -0.99998015, -0.0026184001), (-0.0022396147, 0.42217687, -0.9065108), (0.999985, 0.0054752724, 0.00007940836), (0.0057059815, -0.999981, 0.0023268752), (0.005731511, -0.9999836, 0.00015621104), (0.0057401806, -0.99998015, -0.0026184001), (0.005731511, -0.9999836, 0.00015621104), (0.0057059815, -0.999981, 0.0023268752), (0.005305684, -0.9999794, 0.0036154476), (0.005731511, -0.9999836, 0.00015621104), (-0.0006797063, 0.28376618, -0.95889336), (-0.51422304, -0.47906342, -0.711388), (-0.51422304, -0.47906342, -0.711388), (0.0057401806, -0.99998015, -0.0026184001), (0.005731511, -0.9999836, 0.00015621104), (-0.0043673893, 0.81045085, 0.5857904), (-0.0054796473, 0.8906989, 0.454561), (-0.00004522184, 0.002177868, 0.9999977), (0.0014567903, 0.00078201597, 0.9999986), (-0.00004522184, 0.002177868, 0.9999977), (-0.0013066401, -0.019051246, 0.9998176), (0.0014567903, 0.00078201597, 0.9999986), (-0.0043673893, 0.81045085, 0.5857904), (-0.00004522184, 0.002177868, 0.9999977), (-0.0043673893, 0.81045085, 0.5857904), (0.0014567903, 0.00078201597, 0.9999986), (-0.0018759576, 0.17438108, 0.9846764), (0.0014567903, 0.00078201597, 0.9999986), (-0.0011217803, 0.91784465, 0.39693823), (-0.0018759576, 0.17438108, 0.9846764), (-0.0013066401, -0.019051246, 0.9998176), (0.0053653, -0.99898595, 0.044702623), (0.0014567903, 0.00078201597, 0.9999986), (0.0014567903, 0.00078201597, 0.9999986), (0.0053653, -0.99898595, 0.044702623), (0.006499702, -0.99831456, -0.057670258), (-0.0010270241, 0.99999946, 0.00017676101), (-0.008367605, 0.9999649, 0.00042764537), (0.99998116, 0.006124559, 0.00032709565), (-0.0010270241, 0.99999946, 0.00017676101), (0.99998116, 0.006124559, 0.00032709565), (0.99998444, 0.0055806176, 0.000002364844), (-0.008367605, 0.9999649, 0.00042764537), (0.99995345, 0.006713509, 0.0069410997), (0.99998116, 0.006124559, 0.00032709565), (0.99995345, 0.006713509, 0.0069410997), (0.9999868, 0.005130733, 0.00045617463), (0.99998116, 0.006124559, 0.00032709565), (0.9999868, 0.005130733, 0.00045617463), (0.99995345, 0.006713509, 0.0069410997), (0.006078013, -0.9999815, 0.000051228064), (0.006078013, -0.9999815, 0.000051228064), (0.99995345, 0.006713509, 0.0069410997), (-0.0000694938, -0.0016138911, 0.9999987), (0.99999094, 0.0042375596, -0.00058424636), (0.9999868, 0.005130733, 0.00045617463), (0.006078013, -0.9999815, 0.000051228064), (0.99999094, 0.0042375596, -0.00058424636), (0.006078013, -0.9999815, 0.000051228064), (0.010255435, -0.9999474, -0.00027236523), (0.009156358, -0.00083734596, -0.99995774), (0.99999094, 0.0042375596, -0.00058424636), (0.010255435, -0.9999474, -0.00027236523), (-0.0010270241, 0.99999946, 0.00017676101), (0.99999094, 0.0042375596, -0.00058424636), (0.009156358, -0.00083734596, -0.99995774), (0.99999094, 0.0042375596, -0.00058424636), (-0.0010270241, 0.99999946, 0.00017676101), (0.99998444, 0.0055806176, 0.000002364844), (-0.0010270241, 0.99999946, 0.00017676101), (0.009156358, -0.00083734596, -0.99995774), (0.00022644983, 0.00030625754, -0.99999994), (0.99999756, 0.0010906023, -0.0019319262), (-0.007213473, 0.999974, 0.00010276366), (-0.0060232957, 0.9999819, 0.00007324316), (-0.0061907554, 0.99998087, 0.0002575095), (-0.0060232957, 0.9999819, 0.00007324316), (-0.007213473, 0.999974, 0.00010276366), (-0.0061907554, 0.99998087, 0.0002575095), (-0.007213473, 0.999974, 0.00010276366), (-0.0063586826, 0.9999798, 0.00008475094), (-0.0061907554, 0.99998087, 0.0002575095), (0.99999756, 0.0010906023, -0.0019319262), (-0.0060232957, 0.9999819, 0.00007324316), (-0.0048018727, 0.65101707, -0.75904787), (-0.99923915, -0.012376883, -0.036987666), (-0.97109324, 0.23870051, 0.00010152864), (-0.009268355, 0.999957, -0.00038122098), (-0.0048018727, 0.65101707, -0.75904787), (-0.97109324, 0.23870051, 0.00010152864), (-0.00712168, 0.9999728, -0.0019379909), (-0.0048018727, 0.65101707, -0.75904787), (-0.009268355, 0.999957, -0.00038122098), (-0.0019226423, 0.66513216, -0.74672323), (-0.0048018727, 0.65101707, -0.75904787), (-0.00712168, 0.9999728, -0.0019379909), (-0.00712168, 0.9999728, -0.0019379909), (0.72594416, 0.6877536, -0.00013865152), (-0.0019226423, 0.66513216, -0.74672323), (-0.97109324, 0.23870051, 0.00010152864), (-0.21303116, 0.9770454, -0.0004752236), (-0.009268355, 0.999957, -0.00038122098), (-0.009266264, 0.99995685, -0.00064247375), (-0.21303116, 0.9770454, -0.0004752236), (-0.0059106876, 0.9088031, -0.41718328), (-0.009266264, 0.99995685, -0.00064247375), (-0.009268355, 0.999957, -0.00038122098), (-0.21303116, 0.9770454, -0.0004752236), (-0.0063007907, 0.9999801, 0.0005118077), (-0.0059106876, 0.9088031, -0.41718328), (-0.0039869463, 0.5507339, 0.8346714), (-0.0063007907, 0.9999801, 0.0005118077), (-0.009266264, 0.99995685, -0.00064247375), (-0.0059106876, 0.9088031, -0.41718328), (-0.0039869463, 0.5507339, 0.8346714), (-0.0020834825, 0.66484904, 0.7469748), (-0.0063007907, 0.9999801, 0.0005118077), (0.62655556, 0.7793767, 0.00041413755), (-0.0063007907, 0.9999801, 0.0005118077), (-0.0020834825, 0.66484904, 0.7469748), (-0.0063007907, 0.9999801, 0.0005118077), (-0.009268355, 0.999957, -0.00038122098), (-0.009266264, 0.99995685, -0.00064247375), (-0.0063007907, 0.9999801, 0.0005118077), (-0.00712168, 0.9999728, -0.0019379909), (-0.009268355, 0.999957, -0.00038122098), (-0.0063007907, 0.9999801, 0.0005118077), (0.62655556, 0.7793767, 0.00041413755), (0.17926021, 0.9838017, 0.00040310965), (0.17926021, 0.9838017, 0.00040310965), (-0.00712168, 0.9999728, -0.0019379909), (-0.0063007907, 0.9999801, 0.0005118077), (0.17926021, 0.9838017, 0.00040310965), (0.36262065, 0.93193686, -0.00016058992), (-0.00712168, 0.9999728, -0.0019379909), (0.62655556, 0.7793767, 0.00041413755), (0.36262065, 0.93193686, -0.00016058992), (0.17926021, 0.9838017, 0.00040310965), (0.72594416, 0.6877536, -0.00013865152), (-0.00712168, 0.9999728, -0.0019379909), (0.36262065, 0.93193686, -0.00016058992), (0.9980423, 0.06254087, 0.00045309635), (0.72594416, 0.6877536, -0.00013865152), (0.62655556, 0.7793767, 0.00041413755), (0.36262065, 0.93193686, -0.00016058992), (0.62655556, 0.7793767, 0.00041413755), (0.72594416, 0.6877536, -0.00013865152), (0.72594416, 0.6877536, -0.00013865152), (0.9980423, 0.06254087, 0.00045309635), (0.9997125, 0.02397997, -0.000038313545), (-0.0037979106, 0.6629007, -0.7486977), (-0.9249972, -0.0010474898, -0.37997246), (-0.97000104, 0.24309894, -0.00097077846), (-0.009144591, 0.999953, -0.0032370128), (-0.0037979106, 0.6629007, -0.7486977), (-0.97000104, 0.24309894, -0.00097077846), (-0.0054408233, 0.9998568, -0.016022667), (-0.0037979106, 0.6629007, -0.7486977), (-0.009144591, 0.999953, -0.0032370128), (-0.0013672911, 0.66517776, -0.74668384), (-0.0037979106, 0.6629007, -0.7486977), (-0.0054408233, 0.9998568, -0.016022667), (-0.0054408233, 0.9998568, -0.016022667), (0.67778236, 0.7352431, -0.005361977), (-0.0013672911, 0.66517776, -0.74668384), (-0.97000104, 0.24309894, -0.00097077846), (-0.26633206, 0.9638812, 0.00053227565), (-0.009144591, 0.999953, -0.0032370128), (-0.00917374, 0.9999499, 0.004031942), (-0.26633206, 0.9638812, 0.00053227565), (-0.0066138613, 0.8876818, 0.46041), (-0.00917374, 0.9999499, 0.004031942), (-0.009144591, 0.999953, -0.0032370128), (-0.26633206, 0.9638812, 0.00053227565), (-0.0054514054, 0.9999601, 0.0070797876), (-0.00917374, 0.9999499, 0.004031942), (-0.0066138613, 0.8876818, 0.46041), (-0.0066138613, 0.8876818, 0.46041), (-0.00055325177, 0.64697665, 0.7625096), (-0.0054514054, 0.9999601, 0.0070797876), (0.67747796, 0.7355371, 0.002963255), (-0.0054514054, 0.9999601, 0.0070797876), (-0.00055325177, 0.64697665, 0.7625096), (-0.0054514054, 0.9999601, 0.0070797876), (-0.009144591, 0.999953, -0.0032370128), (-0.00917374, 0.9999499, 0.004031942), (-0.0054514054, 0.9999601, 0.0070797876), (-0.0054408233, 0.9998568, -0.016022667), (-0.009144591, 0.999953, -0.0032370128), (-0.0054514054, 0.9999601, 0.0070797876), (0.67747796, 0.7355371, 0.002963255), (0.17821185, 0.9839899, 0.0021144673), (0.17821185, 0.9839899, 0.0021144673), (-0.0054408233, 0.9998568, -0.016022667), (-0.0054514054, 0.9999601, 0.0070797876), (0.9994316, 0.033705845, -0.0007249031), (0.67747796, 0.7355371, 0.002963255), (0.99944144, 0.03337519, 0.0016902309), (0.17821185, 0.9839899, 0.0021144673), (0.36301118, 0.9317831, -0.0018412583), (-0.0054408233, 0.9998568, -0.016022667), (0.67747796, 0.7355371, 0.002963255), (0.36301118, 0.9317831, -0.0018412583), (0.17821185, 0.9839899, 0.0021144673), (0.67778236, 0.7352431, -0.005361977), (-0.0054408233, 0.9998568, -0.016022667), (0.36301118, 0.9317831, -0.0018412583), (0.67747796, 0.7355371, 0.002963255), (0.9994316, 0.033705845, -0.0007249031), (0.67778236, 0.7352431, -0.005361977), (0.36301118, 0.9317831, -0.0018412583), (0.67747796, 0.7355371, 0.002963255), (0.67778236, 0.7352431, -0.005361977), (-0.40708205, -0.0016172109, 0.9133903), (-0.37897742, -0.001541763, 0.9254047), (-0.9997555, -0.0036792795, -0.021803964), (-0.37897742, -0.001541763, 0.9254047), (-0.40708205, -0.0016172109, 0.9133903), (-0.3079753, -0.0017456617, 0.95139277), (-0.37897742, -0.001541763, 0.9254047), (-0.3079753, -0.0017456617, 0.95139277), (0.005201441, -0.00042119532, 0.99998647), (-0.0051840525, 0.0017940709, 0.99998504), (0.005201441, -0.00042119532, 0.99998647), (-0.3079753, -0.0017456617, 0.95139277), (-0.031379834, 0.0014179535, 0.99950653), (-0.0051840525, 0.0017940709, 0.99998504), (-0.035164535, 0.0036523475, 0.99937487), (-0.0051840525, 0.0017940709, 0.99998504), (-0.031379834, 0.0014179535, 0.99950653), (0.005201441, -0.00042119532, 0.99998647), (-0.5473141, -0.0035333629, 0.83691996), (-0.031379834, 0.0014179535, 0.99950653), (-0.035164535, 0.0036523475, 0.99937487), (-0.031872287, 0.002278485, 0.9994894), (-0.9990047, -0.0053057815, 0.044287514), (-0.039253075, 0.001982785, 0.9992274), (-0.041341096, 0.001533633, 0.999144), (-0.039253075, 0.001982785, 0.9992274), (-0.9990047, -0.0053057815, 0.044287514), (-0.039253075, 0.001982785, 0.9992274), (-0.041341096, 0.001533633, 0.999144), (-0.48648098, -0.004051988, 0.8736819), (-0.54535794, -0.003844656, 0.83819455), (-0.48648098, -0.004051988, 0.8736819), (-0.041341096, 0.001533633, 0.999144), (-0.54535794, -0.003844656, 0.83819455), (-0.5473141, -0.0035333629, 0.83691996), (-0.48648098, -0.004051988, 0.8736819), (-0.5473141, -0.0035333629, 0.83691996), (-0.54535794, -0.003844656, 0.83819455), (-0.5668113, -0.00299525, 0.8238422), (-0.031379834, 0.0014179535, 0.99950653), (-0.5473141, -0.0035333629, 0.83691996), (-0.5668113, -0.00299525, 0.8238422), (-0.99981326, -0.0056785746, 0.018476514), (0.999985, 0.0054752724, 0.00007940836), (-0.01667408, -0.00037038355, 0.99986094), (-0.009864493, -0.00019619484, 0.99995136), (-0.99981326, -0.0056785746, 0.018476514), (-0.01667408, -0.00037038355, 0.99986094), (-0.0143557405, 0.99939394, -0.031712305), (-0.0136762345, -0.000018677707, 0.9999065), (0.999985, 0.0054752724, 0.00007940836), (-0.01667408, -0.00037038355, 0.99986094), (0.999985, 0.0054752724, 0.00007940836), (-0.0136762345, -0.000018677707, 0.9999065), (-0.99669737, -0.006453717, -0.0809488), (-0.0136762345, -0.000018677707, 0.9999065), (-0.9984557, -0.005129996, -0.055316422), (-0.01667408, -0.00037038355, 0.99986094), (-0.0136762345, -0.000018677707, 0.9999065), (-0.009864493, -0.00019619484, 0.99995136), (-0.0136762345, -0.000018677707, 0.9999065), (-0.99669737, -0.006453717, -0.0809488), (-0.009864493, -0.00019619484, 0.99995136), (0.9992159, 0.005459499, 0.039217416), (0.89305013, -0.39914972, 0.2077041), (0.0065061715, -0.00038148655, 0.9999788), (0.0065061715, -0.00038148655, 0.9999788), (-0.9999853, -0.005404615, -0.0005701305), (0.9992159, 0.005459499, 0.039217416), (-0.9999853, -0.005404615, -0.0005701305), (0.9999479, 0.0053413375, 0.00869973), (0.9992159, 0.005459499, 0.039217416), (0.99995476, 0.005782297, 0.0075533893), (-0.057794183, -0.0009934141, 0.9983281), (0.9999479, 0.0053413375, 0.00869973), (0.9999479, 0.0053413375, 0.00869973), (-0.9999853, -0.005404615, -0.0005701305), (0.99995476, 0.005782297, 0.0075533893), (-0.008176884, 0.99996656, 0.00014239101), (-0.042118467, 0.99910724, 0.0032856984), (0.99995476, 0.005782297, 0.0075533893), (-0.008176884, 0.99996656, 0.00014239101), (0.99995476, 0.005782297, 0.0075533893), (-0.9999853, -0.005404615, -0.0005701305), (0.89305013, -0.39914972, 0.2077041), (-0.9999853, -0.005404615, -0.0005701305), (0.0065061715, -0.00038148655, 0.9999788), (-0.9999853, -0.005404615, -0.0005701305), (0.89305013, -0.39914972, 0.2077041), (0.0074899243, -0.00013541109, 0.999972), (-0.6928755, -0.0037154548, -0.72104764), (-0.69636047, -0.0038908676, -0.7176817), (-0.022640668, -0.00043003794, -0.9997436), (-0.6928755, -0.0037154548, -0.72104764), (-0.022640668, -0.00043003794, -0.9997436), (-0.020959605, 0.000029723027, -0.9997804), (-0.015934793, 0.00010041502, -0.99987304), (-0.022640668, -0.00043003794, -0.9997436), (-0.01921238, -0.00045397985, -0.99981534), (-0.015934793, 0.00010041502, -0.99987304), (-0.01921238, -0.00045397985, -0.99981534), (-0.9998766, -0.005930259, -0.014544183), (-0.022640668, -0.00043003794, -0.9997436), (-0.015934793, 0.00010041502, -0.99987304), (-0.020959605, 0.000029723027, -0.9997804), (-0.020959605, 0.000029723027, -0.9997804), (-0.015934793, 0.00010041502, -0.99987304), (-0.010674148, 0.99952394, 0.028948966), (-0.6928755, -0.0037154548, -0.72104764), (-0.020959605, 0.000029723027, -0.9997804), (-0.010674148, 0.99952394, 0.028948966), (0.999985, 0.0054752724, 0.00007940836), (-0.9997401, -0.0055067185, -0.022124995), (-0.0122387195, -0.00021066656, -0.9999252), (-0.9997401, -0.0055067185, -0.022124995), (-0.013970861, -0.00009311168, -0.9999024), (-0.0122387195, -0.00021066656, -0.9999252), (-0.011327015, 0.00062322925, -0.99993575), (-0.014588889, 0.997643, 0.06704885), (0.999985, 0.0054752724, 0.00007940836), (-0.013970861, -0.00009311168, -0.9999024), (0.999985, 0.0054752724, 0.00007940836), (-0.0122387195, -0.00021066656, -0.9999252), (0.999985, 0.0054752724, 0.00007940836), (-0.013970861, -0.00009311168, -0.9999024), (-0.011327015, 0.00062322925, -0.99993575), (-0.011327015, 0.00062322925, -0.99993575), (-0.9992803, -0.0064882627, 0.03737595), (-0.997526, -0.0047413805, 0.07014024), (-0.9992803, -0.0064882627, 0.03737595), (-0.011327015, 0.00062322925, -0.99993575), (-0.013970861, -0.00009311168, -0.9999024), (-0.9999851, -0.0054635834, 0.00015456926), (0.9896531, 0.0070970254, -0.1433056), (0.9998631, 0.0055250754, -0.01560291), (0.007568767, -0.00021921445, -0.9999714), (0.9896531, 0.0070970254, -0.1433056), (-0.9999851, -0.0054635834, 0.00015456926), (0.9999224, 0.0054175984, -0.011228662), (-0.9999851, -0.0054635834, 0.00015456926), (0.007568767, -0.00021921445, -0.9999714), (-0.9999851, -0.0054635834, 0.00015456926), (0.9998631, 0.0055250754, -0.01560291), (0.9999224, 0.0054175984, -0.011228662), (0.9999224, 0.0054175984, -0.011228662), (0.9998631, 0.0055250754, -0.01560291), (0.99997157, 0.005690712, -0.004941625), (0.9999224, 0.0054175984, -0.011228662), (0.99997157, 0.005690712, -0.004941625), (-0.056753844, 0.00029395366, -0.9983882), (0.9896531, 0.0070970254, -0.1433056), (0.99997157, 0.005690712, -0.004941625), (0.9998631, 0.0055250754, -0.01560291), (-0.056753844, 0.00029395366, -0.9983882), (0.99997157, 0.005690712, -0.004941625), (-0.05752851, -0.0012476078, -0.9983431), (-0.6894554, -0.0039054868, 0.7243176), (-0.031702947, -0.0006468148, 0.99949723), (-0.6964726, -0.004038552, 0.71757203), (-0.031702947, -0.0006468148, 0.99949723), (-0.6894554, -0.0039054868, 0.7243176), (-0.018028723, -0.00039871878, 0.99983746), (-0.031702947, -0.0006468148, 0.99949723), (-0.018028723, -0.00039871878, 0.99983746), (-0.016099518, -0.00060285506, 0.9998703), (-0.016099518, -0.00060285506, 0.9998703), (-0.01739844, 0.000333483, 0.9998486), (-0.9999644, -0.0054621124, 0.006426091), (-0.01739844, 0.000333483, 0.9998486), (-0.016099518, -0.00060285506, 0.9998703), (-0.018028723, -0.00039871878, 0.99983746), (-0.014155561, 0.9991068, -0.03981745), (-0.01739844, 0.000333483, 0.9998486), (-0.018028723, -0.00039871878, 0.99983746), (-0.018028723, -0.00039871878, 0.99983746), (-0.6894554, -0.0039054868, 0.7243176), (-0.014155561, 0.9991068, -0.03981745), (0.00056226586, 0.4789603, 0.87783635), (-0.00724792, 0.81314284, 0.58201903), (-0.0023362185, 0.02001218, 0.99979705), (-0.0023362185, 0.02001218, 0.99979705), (0.005346257, 0.010180532, 0.99993396), (0.00056226586, 0.4789603, 0.87783635), (0.96757084, 0.019139113, 0.2518741), (0.00056226586, 0.4789603, 0.87783635), (0.005346257, 0.010180532, 0.99993396), (0.005346257, 0.010180532, 0.99993396), (0.4551755, -0.02190821, 0.8901322), (0.96757084, 0.019139113, 0.2518741), (-0.0023362185, 0.02001218, 0.99979705), (-0.00724792, 0.81314284, 0.58201903), (-0.31615457, 0.009450406, 0.9486607), (0.4551755, -0.02190821, 0.8901322), (0.005346257, 0.010180532, 0.99993396), (0.00060843513, -0.025017953, 0.99968684), (-0.0023362185, 0.02001218, 0.99979705), (0.00060843513, -0.025017953, 0.99968684), (0.005346257, 0.010180532, 0.99993396), (0.006217477, -0.8330894, 0.55310357), (0.4551755, -0.02190821, 0.8901322), (0.00060843513, -0.025017953, 0.99968684), (0.00060843513, -0.025017953, 0.99968684), (0.0036244357, -0.901995, 0.43173137), (0.006217477, -0.8330894, 0.55310357), (0.00060843513, -0.025017953, 0.99968684), (-0.008132846, -0.02164464, 0.9997327), (0.0036244357, -0.901995, 0.43173137), (0.00060843513, -0.025017953, 0.99968684), (-0.0023362185, 0.02001218, 0.99979705), (-0.008132846, -0.02164464, 0.9997327), (0.0036244357, -0.901995, 0.43173137), (-0.98054874, -0.02611246, 0.19453111), (-0.17945008, -0.97722125, 0.113297306), (0.0036244357, -0.901995, 0.43173137), (-0.008132846, -0.02164464, 0.9997327), (-0.98054874, -0.02611246, 0.19453111), (-0.008132846, -0.02164464, 0.9997327), (-0.0023362185, 0.02001218, 0.99979705), (-0.31615457, 0.009450406, 0.9486607), (-0.31615457, 0.009450406, 0.9486607), (-0.98054874, -0.02611246, 0.19453111), (-0.008132846, -0.02164464, 0.9997327), (-0.0039869463, 0.5507339, 0.8346714), (-0.62979525, -0.007816313, -0.7767219), (-0.9677131, 0.007892686, -0.25193092), (-0.0059106876, 0.9088031, -0.41718328), (-0.005197075, 0.02705508, -0.9996205), (-0.0039869463, 0.5507339, 0.8346714), (-0.005197075, 0.02705508, -0.9996205), (-0.62979525, -0.007816313, -0.7767219), (-0.0039869463, 0.5507339, 0.8346714), (0.0034701682, -0.9999932, 0.0013157364), (0.004090271, -0.9357063, -0.35275635), (-0.62979525, -0.007816313, -0.7767219), (0.0034701682, -0.9999932, 0.0013157364), (0.006017799, -0.74607736, -0.66583216), (0.004090271, -0.9357063, -0.35275635), (-0.62979525, -0.007816313, -0.7767219), (-0.005197075, 0.02705508, -0.9996205), (0.0034701682, -0.9999932, 0.0013157364), (0.006017799, -0.74607736, -0.66583216), (0.0034701682, -0.9999932, 0.0013157364), (0.0037050978, -0.027969057, -0.999602), (0.55755717, -0.020661604, -0.8298814), (0.006017799, -0.74607736, -0.66583216), (0.0037050978, -0.027969057, -0.999602), (0.0037050978, -0.027969057, -0.999602), (0.0034701682, -0.9999932, 0.0013157364), (0.003776865, 0.01875494, -0.999817), (0.003776865, 0.01875494, -0.999817), (0.55755717, -0.020661604, -0.8298814), (0.0037050978, -0.027969057, -0.999602), (0.003776865, 0.01875494, -0.999817), (0.0034701682, -0.9999932, 0.0013157364), (-0.005197075, 0.02705508, -0.9996205), (-0.0059106876, 0.9088031, -0.41718328), (0.003776865, 0.01875494, -0.999817), (-0.005197075, 0.02705508, -0.9996205), (0.55755717, -0.020661604, -0.8298814), (0.003776865, 0.01875494, -0.999817), (0.9529857, 0.012822536, -0.30274394), (-0.0030063372, 0.6648654, -0.7469572), (0.9529857, 0.012822536, -0.30274394), (0.003776865, 0.01875494, -0.999817), (0.003776865, 0.01875494, -0.999817), (-0.0059106876, 0.9088031, -0.41718328), (-0.0030063372, 0.6648654, -0.7469572), (0.96092606, 0.012205594, 0.2765359), (-0.0020834825, 0.66484904, 0.7469748), (0.0026666592, 0.015381718, 0.99987817), (0.0026666592, 0.015381718, 0.99987817), (0.59776115, -0.017574199, 0.80148154), (0.96092606, 0.012205594, 0.2765359), (-0.0039869463, 0.5507339, 0.8346714), (0.0026666592, 0.015381718, 0.99987817), (-0.0020834825, 0.66484904, 0.7469748), (0.59776115, -0.017574199, 0.80148154), (0.0026666592, 0.015381718, 0.99987817), (0.0013375138, -0.039727326, 0.9992097), (0.007032798, -0.98338276, 0.18140873), (0.59776115, -0.017574199, 0.80148154), (0.0013375138, -0.039727326, 0.9992097), (0.0013375138, -0.039727326, 0.9992097), (-0.0016954119, -0.244495, 0.9696491), (0.007032798, -0.98338276, 0.18140873), (0.0013375138, -0.039727326, 0.9992097), (-0.002088613, -0.0058673793, 0.9999806), (-0.0016954119, -0.244495, 0.9696491), (-0.002088613, -0.0058673793, 0.9999806), (0.0013375138, -0.039727326, 0.9992097), (0.0026666592, 0.015381718, 0.99987817), (-0.9992818, -0.037785262, -0.002883954), (-0.62979525, -0.007816313, -0.7767219), (-0.0016954119, -0.244495, 0.9696491), (-0.0016954119, -0.244495, 0.9696491), (-0.002088613, -0.0058673793, 0.9999806), (-0.9992818, -0.037785262, -0.002883954), (0.0026666592, 0.015381718, 0.99987817), (-0.009540782, 0.018824285, 0.9997774), (-0.002088613, -0.0058673793, 0.9999806), (0.0026666592, 0.015381718, 0.99987817), (-0.0039869463, 0.5507339, 0.8346714), (-0.009540782, 0.018824285, 0.9997774), (-0.009540782, 0.018824285, 0.9997774), (-0.9992818, -0.037785262, -0.002883954), (-0.002088613, -0.0058673793, 0.9999806), (-0.9992818, -0.037785262, -0.002883954), (-0.009540782, 0.018824285, 0.9997774), (-0.993119, 0.0063082767, 0.11693944), (-0.0039869463, 0.5507339, 0.8346714), (-0.993119, 0.0063082767, 0.11693944), (-0.009540782, 0.018824285, 0.9997774), (-0.0019226423, 0.66513216, -0.74672323), (0.85573685, 0.015216438, -0.51718765), (0.0031281717, 0.021233369, -0.9997696), (0.56019646, -0.024594214, -0.8279947), (0.0031281717, 0.021233369, -0.9997696), (0.85573685, 0.015216438, -0.51718765), (0.0031281717, 0.021233369, -0.9997696), (-0.0048018727, 0.65101707, -0.75904787), (-0.0019226423, 0.66513216, -0.74672323), (-0.99923915, -0.012376883, -0.036987666), (-0.0048018727, 0.65101707, -0.75904787), (-0.3553119, 0.022634357, -0.93447375), (-0.3553119, 0.022634357, -0.93447375), (-0.8654631, -0.012859682, -0.50080776), (-0.99923915, -0.012376883, -0.036987666), (-0.0048018727, 0.65101707, -0.75904787), (0.0031281717, 0.021233369, -0.9997696), (-0.0019935095, 0.029608551, -0.9995597), (-0.0048018727, 0.65101707, -0.75904787), (-0.0019935095, 0.029608551, -0.9995597), (-0.3553119, 0.022634357, -0.93447375), (-0.0019935095, 0.029608551, -0.9995597), (-0.8654631, -0.012859682, -0.50080776), (-0.3553119, 0.022634357, -0.93447375), (-0.8654631, -0.012859682, -0.50080776), (-0.0019935095, 0.029608551, -0.9995597), (-0.0004883063, -0.026112562, -0.999659), (0.0031281717, 0.021233369, -0.9997696), (-0.0004883063, -0.026112562, -0.999659), (-0.0019935095, 0.029608551, -0.9995597), (-0.0004883063, -0.026112562, -0.999659), (0.007539983, -0.999966, -0.0033439873), (-0.8654631, -0.012859682, -0.50080776), (0.0017992565, -0.07423168, -0.9972394), (0.007539983, -0.999966, -0.0033439873), (-0.0004883063, -0.026112562, -0.999659), (0.007539983, -0.999966, -0.0033439873), (0.0017992565, -0.07423168, -0.9972394), (0.010046048, -0.8216681, -0.56987774), (0.0017992565, -0.07423168, -0.9972394), (-0.0004883063, -0.026112562, -0.999659), (0.0031281717, 0.021233369, -0.9997696), (0.0031281717, 0.021233369, -0.9997696), (0.56019646, -0.024594214, -0.8279947), (0.0017992565, -0.07423168, -0.9972394), (0.56019646, -0.024594214, -0.8279947), (0.010046048, -0.8216681, -0.56987774), (0.0017992565, -0.07423168, -0.9972394), (0.85555744, 0.013704864, 0.5175267), (-0.00055325177, 0.64697665, 0.7625096), (0.008421076, 0.010421797, 0.9999103), (0.008421076, 0.010421797, 0.9999103), (0.55945647, -0.02053268, 0.82860553), (0.85555744, 0.013704864, 0.5175267), (0.0066986587, -0.83212876, 0.55454206), (0.55945647, -0.02053268, 0.82860553), (0.0018096019, -0.03256164, 0.999468), (0.55945647, -0.02053268, 0.82860553), (0.008421076, 0.010421797, 0.9999103), (0.0018096019, -0.03256164, 0.999468), (0.0018096019, -0.03256164, 0.999468), (0.007539983, -0.999966, -0.0033439873), (0.0066986587, -0.83212876, 0.55454206), (0.0066986587, -0.83212876, 0.55454206), (0.007539983, -0.999966, -0.0033439873), (0.005223868, -0.99119025, 0.13234293), (0.0018096019, -0.03256164, 0.999468), (-0.0026277853, -0.03681711, 0.9993186), (0.007539983, -0.999966, -0.0033439873), (-0.009268355, 0.999957, -0.00038122098), (0.0018096019, -0.03256164, 0.999468), (0.008421076, 0.010421797, 0.9999103), (0.0018096019, -0.03256164, 0.999468), (-0.009268355, 0.999957, -0.00038122098), (-0.0026277853, -0.03681711, 0.9993186), (-0.009268355, 0.999957, -0.00038122098), (0.008421076, 0.010421797, 0.9999103), (-0.00055325177, 0.64697665, 0.7625096), (-0.00055325177, 0.64697665, 0.7625096), (-0.0066138613, 0.8876818, 0.46041), (-0.009268355, 0.999957, -0.00038122098), (-0.009268355, 0.999957, -0.00038122098), (-0.0066138613, 0.8876818, 0.46041), (-0.0048018727, 0.65101707, -0.75904787), (-0.0048018727, 0.65101707, -0.75904787), (-0.0066138613, 0.8876818, 0.46041), (-0.99923915, -0.012376883, -0.036987666), (0.8060061, 0.5919073, 0.00017590406), (-0.0048018727, 0.65101707, -0.75904787), (-0.99923915, -0.012376883, -0.036987666), (0.8060061, 0.5919073, 0.00017590406), (-0.009268355, 0.999957, -0.00038122098), (-0.0048018727, 0.65101707, -0.75904787), (-0.009268355, 0.999957, -0.00038122098), (0.8060061, 0.5919073, 0.00017590406), (-0.0026277853, -0.03681711, 0.9993186), (0.007539983, -0.999966, -0.0033439873), (-0.0026277853, -0.03681711, 0.9993186), (0.8060061, 0.5919073, 0.00017590406), (0.8060061, 0.5919073, 0.00017590406), (0.005223868, -0.99119025, 0.13234293), (0.007539983, -0.999966, -0.0033439873), (-0.0013672911, 0.66517776, -0.74668384), (0.85564005, 0.013811808, -0.5173871), (0.0056379503, 0.029013408, -0.99956316), (0.5593538, -0.020017982, -0.8286873), (0.0056379503, 0.029013408, -0.99956316), (0.85564005, 0.013811808, -0.5173871), (0.5593538, -0.020017982, -0.8286873), (0.0035387266, -0.359174, -0.9332639), (0.0009444512, -0.014492315, -0.9998946), (0.0056379503, 0.029013408, -0.99956316), (0.5593538, -0.020017982, -0.8286873), (0.0009444512, -0.014492315, -0.9998946), (0.0056379503, 0.029013408, -0.99956316), (-0.0037979106, 0.6629007, -0.7486977), (-0.0013672911, 0.66517776, -0.74668384), (0.0009444512, -0.014492315, -0.9998946), (-0.0013269713, 0.010847307, -0.9999404), (0.0056379503, 0.029013408, -0.99956316), (-0.0037979106, 0.6629007, -0.7486977), (0.0056379503, 0.029013408, -0.99956316), (-0.0013269713, 0.010847307, -0.9999404), (-0.0013269713, 0.010847307, -0.9999404), (0.0009444512, -0.014492315, -0.9998946), (-0.0010428997, -0.052043412, -0.9986444), (-0.9249972, -0.0010474898, -0.37997246), (-0.0037979106, 0.6629007, -0.7486977), (-0.4936231, 0.012995086, -0.869579), (-0.4936231, 0.012995086, -0.869579), (-0.6144975, -0.022915471, -0.7885859), (-0.9249972, -0.0010474898, -0.37997246), (-0.4936231, 0.012995086, -0.869579), (-0.0037979106, 0.6629007, -0.7486977), (-0.0013269713, 0.010847307, -0.9999404), (-0.0013269713, 0.010847307, -0.9999404), (-0.6144975, -0.022915471, -0.7885859), (-0.4936231, 0.012995086, -0.869579), (-0.6144975, -0.022915471, -0.7885859), (-0.0013269713, 0.010847307, -0.9999404), (-0.0010428997, -0.052043412, -0.9986444), (-0.0010428997, -0.052043412, -0.9986444), (0.0029581576, -0.9903863, -0.13829754), (-0.6144975, -0.022915471, -0.7885859), (-0.0010428997, -0.052043412, -0.9986444), (0.0035387266, -0.359174, -0.9332639), (0.0029581576, -0.9903863, -0.13829754), (0.0035387266, -0.359174, -0.9332639), (-0.0010428997, -0.052043412, -0.9986444), (0.0009444512, -0.014492315, -0.9998946), (0.18077895, 0.00089219643, 0.98352337), (0.2355911, 0.0011892355, 0.9718516), (0.81021714, 0.004340481, 0.58611375), (0.2355911, 0.0011892355, 0.9718516), (0.73495156, 0.004023312, 0.67810774), (0.81021714, 0.004340481, 0.58611375), (0.18077895, 0.00089219643, 0.98352337), (0.73495156, 0.004023312, 0.67810774), (0.2355911, 0.0011892355, 0.9718516), (0.73495156, 0.004023312, 0.67810774), (0.18077895, 0.00089219643, 0.98352337), (0.18095295, 0.00088747416, 0.98349136), (0.18095295, 0.00088747416, 0.98349136), (0.18077895, 0.00089219643, 0.98352337), (0.17849997, 0.0008800618, 0.98393965), (0.17759183, 0.0008603009, 0.984104), (0.17849997, 0.0008800618, 0.98393965), (0.18077895, 0.00089219643, 0.98352337), (0.17849997, 0.0008800618, 0.98393965), (0.17759183, 0.0008603009, 0.984104), (0.16060989, 0.0009125149, 0.98701763), (0.16060989, 0.0009125149, 0.98701763), (0.9858321, 0.004622395, 0.1676719), (0.98707056, 0.005635663, 0.16018716), (0.9858321, 0.004622395, 0.1676719), (0.16060989, 0.0009125149, 0.98701763), (0.17759183, 0.0008603009, 0.984104), (0.020981066, 0.9997597, -0.006361122), (0.7346083, 0.0038395543, -0.6784806), (0.7349517, 0.0040929187, -0.67810714), (0.7349517, 0.0040929187, -0.67810714), (0.18210916, 0.0010938093, -0.98327774), (0.7346083, 0.0038395543, -0.6784806), (0.020981066, 0.9997597, -0.006361122), (0.18318237, 0.0011185796, -0.9830783), (0.7349517, 0.0040929187, -0.67810714), (0.18210916, 0.0010938093, -0.98327774), (0.7349517, 0.0040929187, -0.67810714), (0.18318237, 0.0011185796, -0.9830783), (0.1786546, 0.0010827864, -0.9839113), (0.18210916, 0.0010938093, -0.98327774), (0.18318237, 0.0011185796, -0.9830783), (0.1786546, 0.0010827864, -0.9839113), (0.17774747, 0.0010630623, -0.98407555), (0.18210916, 0.0010938093, -0.98327774), (0.16077581, 0.0011158474, -0.9869904), (0.17774747, 0.0010630623, -0.98407555), (0.1786546, 0.0010827864, -0.9839113), (0.98709583, 0.005668628, -0.1600305), (0.98585844, 0.004656926, -0.16751587), (0.16077581, 0.0011158474, -0.9869904), (0.16077581, 0.0011158474, -0.9869904), (0.98585844, 0.004656926, -0.16751587), (0.17774747, 0.0010630623, -0.98407555), (-0.985889, 0.0838959, 0.14486043), (-0.73599577, -0.0037307213, 0.6769759), (-0.29603678, 0.071574986, 0.9524911), (-0.030927163, 0.00022930607, 0.9995217), (-0.29603678, 0.071574986, 0.9524911), (-0.73599577, -0.0037307213, 0.6769759), (-0.29603678, 0.071574986, 0.9524911), (-0.030927163, 0.00022930607, 0.9995217), (-0.0031700432, 0.088019475, 0.9961137), (0.0052051335, 0.08870434, 0.99604446), (-0.0031700432, 0.088019475, 0.9961137), (-0.030927163, 0.00022930607, 0.9995217), (0.0052051335, 0.08870434, 0.99604446), (0.020760087, 0.0006181735, 0.99978435), (0.14095455, 0.08207301, 0.98660827), (-0.030927163, 0.00022930607, 0.9995217), (0.020760087, 0.0006181735, 0.99978435), (0.0052051335, 0.08870434, 0.99604446), (0.4233666, 0.0026023355, 0.90595484), (0.14095455, 0.08207301, 0.98660827), (0.020760087, 0.0006181735, 0.99978435), (-0.030927163, 0.00022930607, 0.9995217), (0.025818128, -0.00018031629, 0.99966663), (0.020760087, 0.0006181735, 0.99978435), (0.020760087, 0.0006181735, 0.99978435), (0.025818128, -0.00018031629, 0.99966663), (0.4233666, 0.0026023355, 0.90595484), (0.70024, 0.0031447918, 0.7139006), (0.4233666, 0.0026023355, 0.90595484), (0.025818128, -0.00018031629, 0.99966663), (0.70024, 0.0031447918, 0.7139006), (0.027993513, -0.10356922, 0.9942283), (0.9346082, -0.07189463, 0.34833696), (0.027993513, -0.10356922, 0.9942283), (0.70024, 0.0031447918, 0.7139006), (0.025818128, -0.00018031629, 0.99966663), (0.027993513, -0.10356922, 0.9942283), (-0.012280079, -0.14200103, 0.9897904), (0.0076508354, -0.99734694, 0.07239297), (-0.030899705, -0.0012074213, 0.99952173), (0.027993513, -0.10356922, 0.9942283), (0.025818128, -0.00018031629, 0.99966663), (0.025818128, -0.00018031629, 0.99966663), (-0.030927163, 0.00022930607, 0.9995217), (-0.030899705, -0.0012074213, 0.99952173), (0.027993513, -0.10356922, 0.9942283), (-0.030899705, -0.0012074213, 0.99952173), (-0.012280079, -0.14200103, 0.9897904), (-0.030899705, -0.0012074213, 0.99952173), (-0.35166872, -0.08553621, 0.9322086), (-0.012280079, -0.14200103, 0.9897904), (-0.35166872, -0.08553621, 0.9322086), (-0.030899705, -0.0012074213, 0.99952173), (-0.26822796, -0.001894801, 0.9633537), (-0.030899705, -0.0012074213, 0.99952173), (-0.030927163, 0.00022930607, 0.9995217), (-0.26822796, -0.001894801, 0.9633537), (-0.73599577, -0.0037307213, 0.6769759), (-0.26822796, -0.001894801, 0.9633537), (-0.030927163, 0.00022930607, 0.9995217), (0.2671163, 0.0018684888, -0.9636625), (0.04875181, 0.11661763, -0.9919797), (0.9338194, 0.08212278, -0.3481913), (0.04875181, 0.11661763, -0.9919797), (-0.0071893744, 0.108613975, -0.9940581), (-0.0032612982, 0.997368, -0.07243257), (0.04875181, 0.11661763, -0.9919797), (0.2671163, 0.0018684888, -0.9636625), (0.016450126, 0.0006611157, -0.9998645), (0.016450126, 0.0006611157, -0.9998645), (-0.0071893744, 0.108613975, -0.9940581), (0.04875181, 0.11661763, -0.9919797), (-0.055383675, 0.0003160384, -0.9984652), (-0.35236192, 0.08276402, -0.932197), (-0.0071893744, 0.108613975, -0.9940581), (-0.0071893744, 0.108613975, -0.9940581), (0.016450126, 0.0006611157, -0.9998645), (-0.055383675, 0.0003160384, -0.9984652), (-0.35236192, 0.08276402, -0.932197), (-0.055383675, 0.0003160384, -0.9984652), (-0.61120975, -0.0026932524, -0.7914641), (0.016450126, 0.0006611157, -0.9998645), (-0.016354827, -0.00027869327, -0.99986625), (-0.055383675, 0.0003160384, -0.9984652), (-0.055383675, 0.0003160384, -0.9984652), (-0.61066943, -0.003525512, -0.7918779), (-0.61120975, -0.0026932524, -0.7914641), (-0.61066943, -0.003525512, -0.7918779), (-0.055383675, 0.0003160384, -0.9984652), (-0.016354827, -0.00027869327, -0.99986625), (-0.9848877, -0.09469498, -0.145014), (-0.61066943, -0.003525512, -0.7918779), (-0.29508892, -0.074822634, -0.9525356), (-0.016354827, -0.00027869327, -0.99986625), (-0.29508892, -0.074822634, -0.9525356), (-0.61066943, -0.003525512, -0.7918779), (-0.29508892, -0.074822634, -0.9525356), (-0.016354827, -0.00027869327, -0.99986625), (-0.00076238916, -0.08778173, -0.99613947), (0.05528825, -0.00051456154, -0.9984703), (-0.00076238916, -0.08778173, -0.99613947), (-0.016354827, -0.00027869327, -0.99986625), (-0.016354827, -0.00027869327, -0.99986625), (0.016450126, 0.0006611157, -0.9998645), (0.05528825, -0.00051456154, -0.9984703), (-0.00076238916, -0.08778173, -0.99613947), (0.05528825, -0.00051456154, -0.9984703), (0.0068363864, -0.99353933, -0.11328312), (0.0068363864, -0.99353933, -0.11328312), (0.05528825, -0.00051456154, -0.9984703), (0.35251033, -0.08258079, -0.93215716), (0.73632085, 0.0036983716, -0.6766225), (0.35251033, -0.08258079, -0.93215716), (0.05528825, -0.00051456154, -0.9984703), (0.05528825, -0.00051456154, -0.9984703), (0.2671163, 0.0018684888, -0.9636625), (0.73632085, 0.0036983716, -0.6766225), (0.2671163, 0.0018684888, -0.9636625), (0.05528825, -0.00051456154, -0.9984703), (0.016450126, 0.0006611157, -0.9998645), (0.4233666, 0.0026023355, 0.90595484), (0.9331548, 0.10223291, 0.344631), (0.14095455, 0.08207301, 0.98660827), (0.9331548, 0.10223291, 0.344631), (0.4233666, 0.0026023355, 0.90595484), (0.96143335, 0.0057812794, 0.27497718), (0.4233666, 0.0026023355, 0.90595484), (0.70024, 0.0031447918, 0.7139006), (0.96143335, 0.0057812794, 0.27497718), (0.9331548, 0.10223291, 0.344631), (0.96143335, 0.0057812794, 0.27497718), (0.081909016, 0.99663985, 0.000047544763), (0.99566025, 0.09306341, 0.00008802867), (0.081909016, 0.99663985, 0.000047544763), (0.99998045, 0.0060115205, 0.0017375856), (0.081909016, 0.99663985, 0.000047544763), (0.96143335, 0.0057812794, 0.27497718), (0.99998045, 0.0060115205, 0.0017375856), (0.99566025, 0.09306341, 0.00008802867), (0.99998194, 0.0060273865, 0.00007946426), (0.98924357, 0.09346038, -0.112526745), (0.99566025, 0.09306341, 0.00008802867), (0.99998045, 0.0060115205, 0.0017375856), (0.99998194, 0.0060273865, 0.00007946426), (0.98924357, 0.09346038, -0.112526745), (0.96663713, 0.0058132918, -0.25608376), (0.9338194, 0.08212278, -0.3481913), (0.98924357, 0.09346038, -0.112526745), (0.99998194, 0.0060273865, 0.00007946426), (0.96663713, 0.0058132918, -0.25608376), (0.9338194, 0.08212278, -0.3481913), (0.96663713, 0.0058132918, -0.25608376), (0.2671163, 0.0018684888, -0.9636625), (0.96663713, 0.0058132918, -0.25608376), (0.73632085, 0.0036983716, -0.6766225), (0.2671163, 0.0018684888, -0.9636625), (0.99998194, 0.0060273865, 0.00007946426), (0.9910462, 0.004892406, -0.13343033), (0.96663713, 0.0058132918, -0.25608376), (0.73632085, 0.0036983716, -0.6766225), (0.96663713, 0.0058132918, -0.25608376), (0.9910462, 0.004892406, -0.13343033), (0.73632085, 0.0036983716, -0.6766225), (0.9431403, -0.09068754, -0.3197846), (0.35251033, -0.08258079, -0.93215716), (0.9910462, 0.004892406, -0.13343033), (0.9431403, -0.09068754, -0.3197846), (0.73632085, 0.0036983716, -0.6766225), (0.9910462, 0.004892406, -0.13343033), (0.99657553, -0.08268044, -0.0010775588), (0.9431403, -0.09068754, -0.3197846), (0.9910462, 0.004892406, -0.13343033), (0.99998194, 0.0060273865, 0.00007946426), (0.9999866, 0.00518781, 0.00007937701), (0.9999866, 0.00518781, 0.00007937701), (0.99657553, -0.08268044, -0.0010775588), (0.9910462, 0.004892406, -0.13343033), (0.99998045, 0.0060115205, 0.0017375856), (0.9999866, 0.00518781, 0.00007937701), (0.99998194, 0.0060273865, 0.00007946426), (0.99999046, 0.004379243, 0.00007929755), (0.99657553, -0.08268044, -0.0010775588), (0.9999866, 0.00518781, 0.00007937701), (0.9999866, 0.00518781, 0.00007937701), (0.99998045, 0.0060115205, 0.0017375856), (0.99999046, 0.004379243, 0.00007929755), (0.99657553, -0.08268044, -0.0010775588), (0.99999046, 0.004379243, 0.00007929755), (0.092815764, -0.9956833, -0.000094260926), (0.99999046, 0.004379243, 0.00007929755), (0.9901887, -0.082623385, 0.11269331), (0.092815764, -0.9956833, -0.000094260926), (0.99083555, 0.004913271, 0.13498482), (0.9901887, -0.082623385, 0.11269331), (0.99999046, 0.004379243, 0.00007929755), (0.99083555, 0.004913271, 0.13498482), (0.9346082, -0.07189463, 0.34833696), (0.9901887, -0.082623385, 0.11269331), (0.99998045, 0.0060115205, 0.0017375856), (0.99083555, 0.004913271, 0.13498482), (0.99999046, 0.004379243, 0.00007929755), (0.70024, 0.0031447918, 0.7139006), (0.9346082, -0.07189463, 0.34833696), (0.99083555, 0.004913271, 0.13498482), (0.96143335, 0.0057812794, 0.27497718), (0.99083555, 0.004913271, 0.13498482), (0.99998045, 0.0060115205, 0.0017375856), (0.99083555, 0.004913271, 0.13498482), (0.96143335, 0.0057812794, 0.27497718), (0.70024, 0.0031447918, 0.7139006), (-0.060809474, -0.9690614, -0.23921229), (0.99993265, 0.004800252, 0.0105677135), (0.999985, 0.0054752724, 0.00007940836), (0.99993265, 0.004800252, 0.0105677135), (0.36545336, -0.008181692, 0.9307937), (0.999985, 0.0054752724, 0.00007940836), (0.36403042, -0.00083423924, 0.93138665), (0.999985, 0.0054752724, 0.00007940836), (0.36545336, -0.008181692, 0.9307937), (0.36545336, -0.008181692, 0.9307937), (-0.52787286, -0.00013178184, -0.8493234), (0.36403042, -0.00083423924, 0.93138665), (-0.26126832, -0.9632033, 0.06307388), (0.36236882, 0.0024071098, -0.9320317), (0.99993265, 0.004800252, 0.0105677135), (0.36419713, 0.0022519748, -0.93131924), (0.99993265, 0.004800252, 0.0105677135), (0.36236882, 0.0024071098, -0.9320317), (0.36545336, -0.008181692, 0.9307937), (0.99993265, 0.004800252, 0.0105677135), (0.36419713, 0.0022519748, -0.93131924), (0.36419713, 0.0022519748, -0.93131924), (0.999985, 0.0054752724, 0.00007940836), (0.36545336, -0.008181692, 0.9307937), (0.999985, 0.0054752724, 0.00007940836), (0.36403042, -0.00083423924, 0.93138665), (-0.52787286, -0.00013178184, -0.8493234), (-0.9997266, -0.0036170904, -0.02310416), (-0.060809474, -0.9690614, -0.23921229), (0.999985, 0.0054752724, 0.00007940836), (0.99993265, 0.004800252, 0.0105677135), (-0.060809474, -0.9690614, -0.23921229), (-0.9997266, -0.0036170904, -0.02310416), (-0.26126832, -0.9632033, 0.06307388), (0.99993265, 0.004800252, 0.0105677135), (-0.9997266, -0.0036170904, -0.02310416), (0.36236882, 0.0024071098, -0.9320317), (-0.26126832, -0.9632033, 0.06307388), (-0.06001073, -0.9956966, -0.07061914), (-0.06001073, -0.9956966, -0.07061914), (-0.9997555, -0.0036792795, -0.021803964), (0.36236882, 0.0024071098, -0.9320317), (-0.9997555, -0.0036792795, -0.021803964), (-0.37897742, -0.001541763, 0.9254047), (0.36236882, 0.0024071098, -0.9320317), (-0.37897742, -0.001541763, 0.9254047), (0.005201441, -0.00042119532, 0.99998647), (-0.003343424, -0.9970145, -0.07714277), (-0.003343424, -0.9970145, -0.07714277), (0.36189327, 0.0012443418, -0.93221873), (-0.37897742, -0.001541763, 0.9254047), (-0.003343424, -0.9970145, -0.07714277), (0.022001859, -0.00085133716, -0.9997577), (0.36189327, 0.0012443418, -0.93221873), (0.005201441, -0.00042119532, 0.99998647), (-0.031379834, 0.0014179535, 0.99950653), (-0.003343424, -0.9970145, -0.07714277), (0.022001859, -0.00085133716, -0.9997577), (-0.003343424, -0.9970145, -0.07714277), (-0.031379834, 0.0014179535, 0.99950653), (-0.031379834, 0.0014179535, 0.99950653), (-0.5668113, -0.00299525, 0.8238422), (0.022001859, -0.00085133716, -0.9997577), (0.022001859, -0.00085133716, -0.9997577), (-0.5668113, -0.00299525, 0.8238422), (0.52715284, 0.0029010726, -0.84976554), (-0.5668113, -0.00299525, 0.8238422), (-0.54535794, -0.003844656, 0.83819455), (0.52715284, 0.0029010726, -0.84976554), (0.5429522, 0.0032196674, -0.83975744), (0.52715284, 0.0029010726, -0.84976554), (-0.54535794, -0.003844656, 0.83819455), (-0.54535794, -0.003844656, 0.83819455), (-0.030774184, -0.00039658876, -0.9995263), (0.5429522, 0.0032196674, -0.83975744), (-0.54535794, -0.003844656, 0.83819455), (-0.041341096, 0.001533633, 0.999144), (-0.030774184, -0.00039658876, -0.9995263), (-0.041341096, 0.001533633, 0.999144), (0.011894814, -0.9822068, 0.18742555), (-0.030774184, -0.00039658876, -0.9995263), (0.011894814, -0.9822068, 0.18742555), (-0.041341096, 0.001533633, 0.999144), (-0.9990047, -0.0053057815, 0.044287514), (-0.96316373, -0.0030088075, -0.26889914), (-0.52787286, -0.00013178184, -0.8493234), (0.36545336, -0.008181692, 0.9307937), (0.999985, 0.0054752724, 0.00007940836), (-0.96316373, -0.0030088075, -0.26889914), (0.36545336, -0.008181692, 0.9307937), (0.999985, 0.0054752724, 0.00007940836), (0.36419713, 0.0022519748, -0.93131924), (-0.23078595, 0.9724702, -0.032240495), (0.999985, 0.0054752724, 0.00007940836), (-0.23078595, 0.9724702, -0.032240495), (-0.96316373, -0.0030088075, -0.26889914), (-0.96316373, -0.0030088075, -0.26889914), (-0.23078595, 0.9724702, -0.032240495), (-0.40708205, -0.0016172109, 0.9133903), (0.36419713, 0.0022519748, -0.93131924), (-0.40708205, -0.0016172109, 0.9133903), (-0.23078595, 0.9724702, -0.032240495), (-0.0051840525, 0.0017940709, 0.99998504), (-0.3079753, -0.0017456617, 0.95139277), (0.1794417, 0.9684628, -0.1728599), (0.36151016, 0.0039775907, -0.9323597), (0.1794417, 0.9684628, -0.1728599), (-0.3079753, -0.0017456617, 0.95139277), (0.36151016, 0.0039775907, -0.9323597), (0.06694742, 0.0011910902, -0.9977559), (-0.035164535, 0.0036523475, 0.99937487), (0.36151016, 0.0039775907, -0.9323597), (-0.035164535, 0.0036523475, 0.99937487), (0.1794417, 0.9684628, -0.1728599), (0.1794417, 0.9684628, -0.1728599), (-0.035164535, 0.0036523475, 0.99937487), (-0.0051840525, 0.0017940709, 0.99998504), (0.06694742, 0.0011910902, -0.9977559), (-0.5473141, -0.0035333629, 0.83691996), (-0.035164535, 0.0036523475, 0.99937487), (-0.5473141, -0.0035333629, 0.83691996), (0.06694742, 0.0011910902, -0.9977559), (0.54887843, 0.003244006, -0.8358959), (0.54887843, 0.003244006, -0.8358959), (-0.48648098, -0.004051988, 0.8736819), (-0.5473141, -0.0035333629, 0.83691996), (-0.48648098, -0.004051988, 0.8736819), (0.54887843, 0.003244006, -0.8358959), (0.50468, 0.0030851744, -0.8633011), (-0.039253075, 0.001982785, 0.9992274), (0.50468, 0.0030851744, -0.8633011), (-0.027907837, -0.0014757962, -0.9996094), (-0.039253075, 0.001982785, 0.9992274), (-0.48648098, -0.004051988, 0.8736819), (0.50468, 0.0030851744, -0.8633011), (-0.027907837, -0.0014757962, -0.9996094), (-0.031872287, 0.002278485, 0.9994894), (-0.039253075, 0.001982785, 0.9992274), (0.99481684, 0.0060864, 0.101500794), (0.16060989, 0.0009125149, 0.98701763), (0.98707056, 0.005635663, 0.16018716), (0.9901099, 0.0049143475, 0.14020859), (0.98707056, 0.005635663, 0.16018716), (0.9858321, 0.004622395, 0.1676719), (0.98707056, 0.005635663, 0.16018716), (0.9901099, 0.0049143475, 0.14020859), (0.99481684, 0.0060864, 0.101500794), (0.015242221, -0.99983364, 0.0100239515), (0.9901099, 0.0049143475, 0.14020859), (0.9858321, 0.004622395, 0.1676719), (0.99917656, 0.0052555464, -0.0402313), (0.9901099, 0.0049143475, 0.14020859), (0.017776271, -0.99974513, -0.013926089), (0.99917656, 0.0052555464, -0.0402313), (0.99481684, 0.0060864, 0.101500794), (0.9901099, 0.0049143475, 0.14020859), (0.99481684, 0.0060864, 0.101500794), (0.99917656, 0.0052555464, -0.0402313), (0.002393837, 0.0005003146, -0.9999971), (-0.99669737, -0.006453717, -0.0809488), (-0.9984497, -0.006139184, -0.055322815), (-0.009864493, -0.00019619484, 0.99995136), (-0.99669737, -0.006453717, -0.0809488), (-0.9984557, -0.005129996, -0.055316422), (-0.9984497, -0.006139184, -0.055322815), (-0.9984497, -0.006139184, -0.055322815), (-0.9984557, -0.005129996, -0.055316422), (-0.004360251, 0.00053983746, -0.9999904), (-0.004360251, 0.00053983746, -0.9999904), (-0.9984557, -0.005129996, -0.055316422), (-0.0136762345, -0.000018677707, 0.9999065), (-0.042118467, 0.99910724, 0.0032856984), (-0.020007892, -0.00022810363, 0.9997998), (0.99995476, 0.005782297, 0.0075533893), (-0.99998367, -0.0055753747, -0.0013183183), (0.99995476, 0.005782297, 0.0075533893), (-0.020007892, -0.00022810363, 0.9997998), (0.99995476, 0.005782297, 0.0075533893), (-0.99998367, -0.0055753747, -0.0013183183), (-0.057794183, -0.0009934141, 0.9983281), (-0.057794183, -0.0009934141, 0.9983281), (-0.99998367, -0.0055753747, -0.0013183183), (0.9999479, 0.0053413375, 0.00869973), (0.006203407, 0.98685026, -0.16151798), (0.0011698619, 0.0006364998, -0.9999991), (-0.004360251, 0.00053983746, -0.9999904), (-0.9984497, -0.006139184, -0.055322815), (-0.004360251, 0.00053983746, -0.9999904), (-0.010184945, -0.00007297229, -0.9999482), (-0.004360251, 0.00053983746, -0.9999904), (0.0049608904, -0.000084593084, -0.9999877), (-0.010184945, -0.00007297229, -0.9999482), (0.0049608904, -0.000084593084, -0.9999877), (-0.9984497, -0.006139184, -0.055322815), (-0.010184945, -0.00007297229, -0.9999482), (0.0049608904, -0.000084593084, -0.9999877), (-0.004360251, 0.00053983746, -0.9999904), (0.0011698619, 0.0006364998, -0.9999991), (0.0049608904, -0.000084593084, -0.9999877), (0.0023437869, 0.00008136464, -0.9999973), (0.01596813, -0.99732846, 0.071282245), (0.0013010126, 0.00011813319, -0.9999992), (0.0049608904, -0.000084593084, -0.9999877), (0.0011698619, 0.0006364998, -0.9999991), (0.0013010126, 0.00011813319, -0.9999992), (0.0023437869, 0.00008136464, -0.9999973), (0.0049608904, -0.000084593084, -0.9999877), (0.0013010126, 0.00011813319, -0.9999992), (-0.0012389846, 0.00009274619, -0.9999993), (0.0023437869, 0.00008136464, -0.9999973), (-0.0012389846, 0.00009274619, -0.9999993), (-0.060435887, -0.0003643066, -0.9981721), (0.99917656, 0.0052555464, -0.0402313), (-0.060435887, -0.0003643066, -0.9981721), (0.002393837, 0.0005003146, -0.9999971), (0.99917656, 0.0052555464, -0.0402313), (0.002393837, 0.0005003146, -0.9999971), (-0.060435887, -0.0003643066, -0.9981721), (-0.0012389846, 0.00009274619, -0.9999993), (-0.0012389846, 0.00009274619, -0.9999993), (0.0013010126, 0.00011813319, -0.9999992), (-0.00007292157, 0.000119630364, -1), (0.002393837, 0.0005003146, -0.9999971), (-0.0012389846, 0.00009274619, -0.9999993), (-0.00007292157, 0.000119630364, -1), (0.002393837, 0.0005003146, -0.9999971), (-0.00007292157, 0.000119630364, -1), (0.0039571123, 0.9999916, 0.0011046967), (-0.9805684, -0.005147073, -0.19611044), (-0.020007892, -0.00022810363, 0.9997998), (-0.9999625, -0.0053587733, -0.006815381), (-0.9805684, -0.005147073, -0.19611044), (-0.99998367, -0.0055753747, -0.0013183183), (-0.020007892, -0.00022810363, 0.9997998), (-0.99998367, -0.0055753747, -0.0013183183), (-0.9805684, -0.005147073, -0.19611044), (-0.9999625, -0.0053587733, -0.006815381), (-0.99996424, -0.005320502, -0.0065829954), (0.023625204, 0.62018216, -0.784102), (-0.015934793, 0.00010041502, -0.99987304), (-0.9998766, -0.005930259, -0.014544183), (-0.99996424, -0.005320502, -0.0065829954), (-0.015934793, 0.00010041502, -0.99987304), (-0.99998367, -0.0055753747, -0.0013183183), (-0.9999625, -0.0053587733, -0.006815381), (-0.99996424, -0.005320502, -0.0065829954), (-0.99996424, -0.005320502, -0.0065829954), (-0.9998766, -0.005930259, -0.014544183), (-0.99998367, -0.0055753747, -0.0013183183), (0.05858671, -0.9982741, -0.0040565017), (-0.9998766, -0.005930259, -0.014544183), (-0.01921238, -0.00045397985, -0.99981534), (0.05858671, -0.9982741, -0.0040565017), (0.05860508, -0.998253, 0.0075147585), (-0.9998766, -0.005930259, -0.014544183), (-0.99998367, -0.0055753747, -0.0013183183), (-0.9998766, -0.005930259, -0.014544183), (0.05860508, -0.998253, 0.0075147585), (-0.7359548, -0.0035051992, 0.6770217), (-0.027130876, 0.10727291, 0.99385947), (0.999985, 0.0054752724, 0.00007940836), (-0.027130876, 0.10727291, 0.99385947), (-0.7359548, -0.0035051992, 0.6770217), (-0.0555351, -0.000045713852, 0.99845684), (-0.0057742014, 0.16165672, 0.9868302), (-0.009112883, 0.9981635, 0.0598876), (-0.027130876, 0.10727291, 0.99385947), (0.8913162, 0.16822502, 0.42101774), (-0.0057742014, 0.16165672, 0.9868302), (0.2419467, 0.015350612, 0.97016823), (-0.0057742014, 0.16165672, 0.9868302), (-0.027130876, 0.10727291, 0.99385947), (0.017218955, 0.000434126, 0.9998517), (-0.0057742014, 0.16165672, 0.9868302), (0.017218955, 0.000434126, 0.9998517), (0.2419467, 0.015350612, 0.97016823), (0.64412755, 0.0036387106, 0.76490945), (0.8913162, 0.16822502, 0.42101774), (0.2419467, 0.015350612, 0.97016823), (0.64412755, 0.0036387106, 0.76490945), (0.2419467, 0.015350612, 0.97016823), (0.017218955, 0.000434126, 0.9998517), (0.061775282, -0.0006497349, 0.99808997), (0.64412755, 0.0036387106, 0.76490945), (0.017218955, 0.000434126, 0.9998517), (0.64412755, 0.0036387106, 0.76490945), (0.061775282, -0.0006497349, 0.99808997), (0.6823083, 0.0029076575, 0.73105884), (0.061775282, -0.0006497349, 0.99808997), (0.33499423, -0.061507486, 0.94021046), (0.6823083, 0.0029076575, 0.73105884), (0.33499423, -0.061507486, 0.94021046), (0.061775282, -0.0006497349, 0.99808997), (0.02334793, -0.11247031, 0.9933808), (0.02334793, -0.11247031, 0.9933808), (0.0042396495, -0.11250325, 0.9936424), (0.012878247, -0.999497, 0.028982114), (0.061775282, -0.0006497349, 0.99808997), (0.0042396495, -0.11250325, 0.9936424), (0.02334793, -0.11247031, 0.9933808), (0.0042396495, -0.11250325, 0.9936424), (0.061775282, -0.0006497349, 0.99808997), (-0.015018164, -0.00050934823, 0.9998871), (0.017218955, 0.000434126, 0.9998517), (-0.015018164, -0.00050934823, 0.9998871), (0.061775282, -0.0006497349, 0.99808997), (-0.24422196, -0.017048966, 0.96956956), (-0.7924356, -0.1476214, 0.59182245), (0.0042396495, -0.11250325, 0.9936424), (-0.015018164, -0.00050934823, 0.9998871), (0.017218955, 0.000434126, 0.9998517), (-0.0555351, -0.000045713852, 0.99845684), (0.017218955, 0.000434126, 0.9998517), (-0.027130876, 0.10727291, 0.99385947), (-0.0555351, -0.000045713852, 0.99845684), (0.0042396495, -0.11250325, 0.9936424), (-0.015018164, -0.00050934823, 0.9998871), (-0.24422196, -0.017048966, 0.96956956), (-0.0555351, -0.000045713852, 0.99845684), (-0.26755285, -0.001566068, 0.963542), (-0.015018164, -0.00050934823, 0.9998871), (-0.24422196, -0.017048966, 0.96956956), (-0.015018164, -0.00050934823, 0.9998871), (-0.26755285, -0.001566068, 0.963542), (-0.26755285, -0.001566068, 0.963542), (-0.0555351, -0.000045713852, 0.99845684), (-0.7359548, -0.0035051992, 0.6770217), (-0.24422196, -0.017048966, 0.96956956), (-0.26755285, -0.001566068, 0.963542), (-0.7924356, -0.1476214, 0.59182245), (-0.04781745, 0.11657011, -0.9920308), (-0.60982364, -0.0026381873, -0.79253274), (-0.93313783, 0.073761225, -0.35187086), (-0.04781745, 0.11657011, -0.9920308), (-0.030750478, 0.00041008255, -0.999527), (-0.60982364, -0.0026381873, -0.79253274), (-0.0032104822, 0.11946677, -0.9928331), (-0.04781745, 0.11657011, -0.9920308), (-0.012876975, 0.9994965, -0.029002635), (-0.030750478, 0.00041008255, -0.999527), (-0.61095315, -0.003538679, -0.7916588), (-0.60982364, -0.0026381873, -0.79253274), (0.6333218, 0.11161079, -0.76579803), (0.21487004, 0.101211995, -0.97138417), (-0.0032104822, 0.11946677, -0.9928331), (-0.0032104822, 0.11946677, -0.9928331), (-0.030750478, 0.00041008255, -0.999527), (-0.04781745, 0.11657011, -0.9920308), (0.21487004, 0.101211995, -0.97138417), (0.020981323, 0.00081333856, -0.9997795), (-0.0032104822, 0.11946677, -0.9928331), (0.020981323, 0.00081333856, -0.9997795), (-0.030750478, 0.00041008255, -0.999527), (-0.0032104822, 0.11946677, -0.9928331), (0.6333218, 0.11161079, -0.76579803), (0.020981323, 0.00081333856, -0.9997795), (0.21487004, 0.101211995, -0.97138417), (0.6333218, 0.11161079, -0.76579803), (0.1952357, 0.0015291559, -0.98075515), (0.020981323, 0.00081333856, -0.9997795), (0.020873366, 0.000013111717, -0.99978215), (-0.030750478, 0.00041008255, -0.999527), (0.020981323, 0.00081333856, -0.9997795), (0.1952357, 0.0015291559, -0.98075515), (0.020873366, 0.000013111717, -0.99978215), (0.020981323, 0.00081333856, -0.9997795), (0.1952357, 0.0015291559, -0.98075515), (0.65331554, 0.003105604, -0.7570794), (0.020873366, 0.000013111717, -0.99978215), (0.65331554, 0.003105604, -0.7570794), (0.9110376, -0.08244112, -0.4039975), (0.02315838, -0.10603411, -0.9940929), (0.65331554, 0.003105604, -0.7570794), (0.02315838, -0.10603411, -0.9940929), (0.020873366, 0.000013111717, -0.99978215), (0.0032789118, -0.9797068, -0.20040917), (0.02315838, -0.10603411, -0.9940929), (0.010051518, -0.99954236, -0.028534306), (0.02315838, -0.10603411, -0.9940929), (-0.030746464, -0.001001844, -0.99952674), (0.020873366, 0.000013111717, -0.99978215), (-0.030750478, 0.00041008255, -0.999527), (0.020873366, 0.000013111717, -0.99978215), (-0.030746464, -0.001001844, -0.99952674), (-0.030746464, -0.001001844, -0.99952674), (0.02315838, -0.10603411, -0.9940929), (0.0032789118, -0.9797068, -0.20040917), (-0.030746464, -0.001001844, -0.99952674), (0.0032789118, -0.9797068, -0.20040917), (-0.35153368, -0.085364364, -0.9322753), (-0.030750478, 0.00041008255, -0.999527), (-0.030746464, -0.001001844, -0.99952674), (-0.61095315, -0.003538679, -0.7916588), (-0.030746464, -0.001001844, -0.99952674), (-0.35153368, -0.085364364, -0.9322753), (-0.61095315, -0.003538679, -0.7916588), (0.1952357, 0.0015291559, -0.98075515), (0.6333218, 0.11161079, -0.76579803), (0.9516269, 0.0059400625, -0.3071986), (0.9516269, 0.0059400625, -0.3071986), (0.65331554, 0.003105604, -0.7570794), (0.1952357, 0.0015291559, -0.98075515), (0.93628067, 0.11898538, -0.33048603), (0.9516269, 0.0059400625, -0.3071986), (0.6333218, 0.11161079, -0.76579803), (0.081910424, 0.9966398, 0.00010974354), (0.9516269, 0.0059400625, -0.3071986), (0.93628067, 0.11898538, -0.33048603), (0.9956602, 0.093063764, 0.0000880287), (0.999977, 0.0060012224, -0.0031886566), (0.081910424, 0.9966398, 0.00010974354), (0.9516269, 0.0059400625, -0.3071986), (0.081910424, 0.9966398, 0.00010974354), (0.999977, 0.0060012224, -0.0031886566), (0.9892257, 0.09343657, 0.11270416), (0.9999816, 0.006067664, 0.000079469166), (0.9956602, 0.093063764, 0.0000880287), (0.999977, 0.0060012224, -0.0031886566), (0.9956602, 0.093063764, 0.0000880287), (0.9999816, 0.006067664, 0.000079469166), (0.9999816, 0.006067664, 0.000079469166), (0.9892257, 0.09343657, 0.11270416), (0.99092317, 0.005926996, 0.13429917), (0.8913162, 0.16822502, 0.42101774), (0.99092317, 0.005926996, 0.13429917), (0.9892257, 0.09343657, 0.11270416), (0.99092317, 0.005926996, 0.13429917), (0.8913162, 0.16822502, 0.42101774), (0.64412755, 0.0036387106, 0.76490945), (0.99092317, 0.005926996, 0.13429917), (0.9999865, 0.0051983297, 0.000079382), (0.9999816, 0.006067664, 0.000079469166), (0.9999865, 0.0051983297, 0.000079382), (0.999977, 0.0060012224, -0.0031886566), (0.9999816, 0.006067664, 0.000079469166), (0.64412755, 0.0036387106, 0.76490945), (0.9749604, 0.004874524, 0.22232547), (0.99092317, 0.005926996, 0.13429917), (0.9999865, 0.0051983297, 0.000079382), (0.99092317, 0.005926996, 0.13429917), (0.9749604, 0.004874524, 0.22232547), (0.9749604, 0.004874524, 0.22232547), (0.64412755, 0.0036387106, 0.76490945), (0.6823083, 0.0029076575, 0.73105884), (0.6823083, 0.0029076575, 0.73105884), (0.33499423, -0.061507486, 0.94021046), (0.97388923, -0.09186867, 0.20760551), (0.97388923, -0.09186867, 0.20760551), (0.9749604, 0.004874524, 0.22232547), (0.6823083, 0.0029076575, 0.73105884), (0.9749604, 0.004874524, 0.22232547), (0.97388923, -0.09186867, 0.20760551), (0.9966194, -0.08215757, 0.000070482325), (0.9966194, -0.08215757, 0.000070482325), (0.9999865, 0.0051983297, 0.000079382), (0.9749604, 0.004874524, 0.22232547), (0.9966194, -0.08215757, 0.000070482325), (0.99998534, 0.004401034, -0.0031781814), (0.9999865, 0.0051983297, 0.000079382), (0.999977, 0.0060012224, -0.0031886566), (0.9999865, 0.0051983297, 0.000079382), (0.99998534, 0.004401034, -0.0031781814), (0.99998534, 0.004401034, -0.0031781814), (0.9966194, -0.08215757, 0.000070482325), (0.09281485, -0.99568343, -0.00009426101), (0.99998534, 0.004401034, -0.0031781814), (0.09281485, -0.99568343, -0.00009426101), (0.98968226, -0.08507124, -0.11529047), (0.98968226, -0.08507124, -0.11529047), (0.9872502, 0.0049443566, -0.15909952), (0.99998534, 0.004401034, -0.0031781814), (0.9872502, 0.0049443566, -0.15909952), (0.98968226, -0.08507124, -0.11529047), (0.9110376, -0.08244112, -0.4039975), (0.999977, 0.0060012224, -0.0031886566), (0.99998534, 0.004401034, -0.0031781814), (0.9872502, 0.0049443566, -0.15909952), (0.9872502, 0.0049443566, -0.15909952), (0.9516269, 0.0059400625, -0.3071986), (0.999977, 0.0060012224, -0.0031886566), (0.9872502, 0.0049443566, -0.15909952), (0.9110376, -0.08244112, -0.4039975), (0.65331554, 0.003105604, -0.7570794), (0.65331554, 0.003105604, -0.7570794), (0.9516269, 0.0059400625, -0.3071986), (0.9872502, 0.0049443566, -0.15909952), (0.12674582, 0.0015373053, -0.99193406), (-0.07148973, -0.9656037, 0.24999766), (0.999985, 0.0054752724, 0.00007940836), (0.99991417, 0.0070666773, -0.01103897), (0.12674582, 0.0015373053, -0.99193406), (0.999985, 0.0054752724, 0.00007940836), (0.99991417, 0.0070666773, -0.01103897), (0.999985, 0.0054752724, 0.00007940836), (0.36417732, -0.0006421753, -0.9313294), (-0.5205509, -0.000261622, 0.85383064), (0.99991417, 0.0070666773, -0.01103897), (0.36417732, -0.0006421753, -0.9313294), (0.9996334, 0.00717496, 0.026113028), (0.110593095, -0.9924409, -0.05320226), (0.12674582, 0.0015373053, -0.99193406), (0.9996334, 0.00717496, 0.026113028), (0.99991417, 0.0070666773, -0.01103897), (0.3637973, 0.0020694742, 0.9314758), (0.059415445, 0.997481, -0.03875079), (0.3637973, 0.0020694742, 0.9314758), (0.99991417, 0.0070666773, -0.01103897), (0.99991417, 0.0070666773, -0.01103897), (0.9996334, 0.00717496, 0.026113028), (0.99995166, 0.00492588, -0.008511534), (0.99995166, 0.00492588, -0.008511534), (0.9996334, 0.00717496, 0.026113028), (0.12674582, 0.0015373053, -0.99193406), (0.99991417, 0.0070666773, -0.01103897), (0.99995166, 0.00492588, -0.008511534), (0.12674582, 0.0015373053, -0.99193406), (0.999985, 0.0054752724, 0.00007940836), (-0.5205509, -0.000261622, 0.85383064), (0.36417732, -0.0006421753, -0.9313294), (-0.99916065, -0.0018363005, 0.040923603), (0.999985, 0.0054752724, 0.00007940836), (-0.07148973, -0.9656037, 0.24999766), (-0.99916065, -0.0018363005, 0.040923603), (-0.07148973, -0.9656037, 0.24999766), (0.12674582, 0.0015373053, -0.99193406), (0.12674582, 0.0015373053, -0.99193406), (0.110593095, -0.9924409, -0.05320226), (-0.99916065, -0.0018363005, 0.040923603), (0.110593095, -0.9924409, -0.05320226), (0.9996334, 0.00717496, 0.026113028), (-0.5271169, -0.8483056, 0.05025438), (-0.5271169, -0.8483056, 0.05025438), (0.9996334, 0.00717496, 0.026113028), (-0.99968046, -0.0013247667, -0.025245), (-0.38248283, -0.0019770758, -0.92396045), (-0.99968046, -0.0013247667, -0.025245), (0.9996334, 0.00717496, 0.026113028), (-0.38248283, -0.0019770758, -0.92396045), (0.19000888, -0.9664339, 0.17292303), (-0.021795014, -0.00031090245, -0.99976254), (0.361716, 0.0010725548, 0.9322877), (0.19000888, -0.9664339, 0.17292303), (-0.38248283, -0.0019770758, -0.92396045), (0.361716, 0.0010725548, 0.9322877), (0.020895844, -0.0006038208, 0.9997815), (-0.019117963, -0.0012755883, -0.9998165), (-0.019117963, -0.0012755883, -0.9998165), (0.19000888, -0.9664339, 0.17292303), (0.361716, 0.0010725548, 0.9322877), (-0.019117963, -0.0012755883, -0.9998165), (-0.021795014, -0.00031090245, -0.99976254), (0.19000888, -0.9664339, 0.17292303), (-0.5270042, -0.004021252, -0.8498532), (-0.019117963, -0.0012755883, -0.9998165), (0.020895844, -0.0006038208, 0.9997815), (-0.5270042, -0.004021252, -0.8498532), (0.020895844, -0.0006038208, 0.9997815), (0.5258552, 0.0024628683, 0.85057056), (-0.53418684, -0.0025076722, -0.84536284), (-0.5270042, -0.004021252, -0.8498532), (0.5258552, 0.0024628683, 0.85057056), (0.5258552, 0.0024628683, 0.85057056), (0.5446901, 0.0025258285, 0.83863366), (-0.53418684, -0.0025076722, -0.84536284), (0.5446901, 0.0025258285, 0.83863366), (0.027623573, -0.005842696, 0.99960136), (-0.049614795, -0.0022293183, -0.99876595), (-0.53418684, -0.0025076722, -0.84536284), (0.5446901, 0.0025258285, 0.83863366), (-0.049614795, -0.0022293183, -0.99876595), (-0.029878702, -0.0024590923, -0.99955064), (-0.049614795, -0.0022293183, -0.99876595), (0.027623573, -0.005842696, 0.99960136), (-0.5205509, -0.000261622, 0.85383064), (-0.53614056, -0.0015730798, 0.84412736), (0.99991417, 0.0070666773, -0.01103897), (-0.53614056, -0.0015730798, 0.84412736), (0.059415445, 0.997481, -0.03875079), (0.99991417, 0.0070666773, -0.01103897), (0.3637973, 0.0020694742, 0.9314758), (0.059415445, 0.997481, -0.03875079), (-0.1274386, 0.9865284, -0.10257335), (-0.1274386, 0.9865284, -0.10257335), (0.059415445, 0.997481, -0.03875079), (-0.53614056, -0.0015730798, 0.84412736), (-0.1274386, 0.9865284, -0.10257335), (-0.53614056, -0.0015730798, 0.84412736), (-0.99862325, -0.0011107165, -0.0524449), (-0.44195917, -0.0022223957, -0.89703244), (-0.1274386, 0.9865284, -0.10257335), (-0.99862325, -0.0011107165, -0.0524449), (-0.44195917, -0.0022223957, -0.89703244), (0.3637973, 0.0020694742, 0.9314758), (-0.1274386, 0.9865284, -0.10257335), (-0.31736147, -0.0016011854, -0.9483034), (-0.1274386, 0.9865284, -0.10257335), (-0.44195917, -0.0022223957, -0.89703244), (-0.31736147, -0.0016011854, -0.9483034), (-0.011808354, 0.00006017919, -0.9999303), (0.17940159, 0.96842307, 0.17312367), (0.36114854, 0.0038186412, 0.9325004), (-0.31736147, -0.0016011854, -0.9483034), (0.17940159, 0.96842307, 0.17312367), (0.36114854, 0.0038186412, 0.9325004), (-0.024315102, 0.96238977, 0.27058208), (0.058135048, 0.0019430618, 0.9983068), (0.17940159, 0.96842307, 0.17312367), (-0.024315102, 0.96238977, 0.27058208), (0.36114854, 0.0038186412, 0.9325004), (-0.011808354, 0.00006017919, -0.9999303), (-0.024315102, 0.96238977, 0.27058208), (0.17940159, 0.96842307, 0.17312367), (0.058135048, 0.0019430618, 0.9983068), (-0.024315102, 0.96238977, 0.27058208), (-0.35811365, -0.0018454733, -0.9336762), (0.058135048, 0.0019430618, 0.9983068), (-0.35811365, -0.0018454733, -0.9336762), (0.07808886, 0.9930569, 0.08797844), (-0.5353798, -0.0011909433, -0.8446105), (0.07808886, 0.9930569, 0.08797844), (-0.35811365, -0.0018454733, -0.9336762), (0.07808886, 0.9930569, 0.08797844), (-0.5353798, -0.0011909433, -0.8446105), (0.5050635, 0.005544032, 0.8630644), (-0.029570866, 0.0047343667, 0.9995515), (0.5050635, 0.005544032, 0.8630644), (-0.5353798, -0.0011909433, -0.8446105), (-0.029570866, 0.0047343667, 0.9995515), (-0.5353798, -0.0011909433, -0.8446105), (-0.03673181, -0.0023462498, -0.9993224), (-0.03673181, -0.0023462498, -0.9993224), (0.0008962139, 0.9817657, -0.1900935), (-0.029570866, 0.0047343667, 0.9995515), (0.0008962139, 0.9817657, -0.1900935), (-0.03673181, -0.0023462498, -0.9993224), (-0.9989796, -0.0056417356, -0.044808783), (0.99483293, 0.0061072814, -0.101342425), (0.98709583, 0.005668628, -0.1600305), (0.16077581, 0.0011158474, -0.9869904), (0.98709583, 0.005668628, -0.1600305), (0.99013203, 0.0049432153, -0.14005144), (0.98585844, 0.004656926, -0.16751587), (0.99013203, 0.0049432153, -0.14005144), (0.98709583, 0.005668628, -0.1600305), (0.99483293, 0.0061072814, -0.101342425), (0.99013203, 0.0049432153, -0.14005144), (0.015241219, -0.99983156, -0.010226829), (0.98585844, 0.004656926, -0.16751587), (0.99013203, 0.0049432153, -0.14005144), (0.99917036, 0.005247239, 0.040388886), (0.017774088, -0.9997478, 0.01372364), (0.99483293, 0.0061072814, -0.101342425), (0.99917036, 0.005247239, 0.040388886), (0.99013203, 0.0049432153, -0.14005144), (0.99917036, 0.005247239, 0.040388886), (0.99483293, 0.0061072814, -0.101342425), (0.025678348, 0.00059844425, 0.99967015), (-0.105120845, 0.00044896806, -0.9944594), (0.9999224, 0.0054175984, -0.011228662), (-0.056753844, 0.00029395366, -0.9983882), (-0.056753844, 0.00029395366, -0.9983882), (-0.9999711, -0.006004838, 0.004682188), (-0.105120845, 0.00044896806, -0.9944594), (-0.056753844, 0.00029395366, -0.9983882), (-0.05752851, -0.0012476078, -0.9983431), (-0.9999711, -0.006004838, 0.004682188), (-0.9999711, -0.006004838, 0.004682188), (-0.05752851, -0.0012476078, -0.9983431), (0.99997157, 0.005690712, -0.004941625), (-0.0008200569, 0.000002371442, 0.9999997), (-0.0038559935, -0.00011258586, 0.99999267), (-0.0035102873, 0.00012518295, 0.9999939), (-0.004343654, -0.00069537136, 0.99999034), (-0.0038559935, -0.00011258586, 0.99999267), (-0.020717198, -0.99912894, -0.03622308), (-0.004343654, -0.00069537136, 0.99999034), (-0.0035102873, 0.00012518295, 0.9999939), (-0.0038559935, -0.00011258586, 0.99999267), (-0.004343654, -0.00069537136, 0.99999034), (0.0000739539, 0.00024502014, 1), (-0.0035102873, 0.00012518295, 0.9999939), (0.0039646663, 0.9999917, -0.000906077), (-0.00023245429, 0.00028127054, 0.99999994), (0.025678348, 0.00059844425, 0.99967015), (-0.00023245429, 0.00028127054, 0.99999994), (-0.0004459795, 0.00023226211, 0.99999994), (0.025678348, 0.00059844425, 0.99967015), (-0.0004459795, 0.00023226211, 0.99999994), (-0.00023245429, 0.00028127054, 0.99999994), (0.0000739539, 0.00024502014, 1), (-0.012158356, -0.000315598, 0.9999261), (0.025678348, 0.00059844425, 0.99967015), (-0.0004459795, 0.00023226211, 0.99999994), (0.025678348, 0.00059844425, 0.99967015), (-0.012158356, -0.000315598, 0.9999261), (0.99917036, 0.005247239, 0.040388886), (-0.0004459795, 0.00023226211, 0.99999994), (0.0000739539, 0.00024502014, 1), (0.000050393148, 0.00018973408, 1), (0.0000739539, 0.00024502014, 1), (-0.004343654, -0.00069537136, 0.99999034), (0.000050393148, 0.00018973408, 1), (-0.012158356, -0.000315598, 0.9999261), (-0.0004459795, 0.00023226211, 0.99999994), (0.99917036, 0.005247239, 0.040388886), (0.000050393148, 0.00018973408, 1), (-0.004343654, -0.00069537136, 0.99999034), (0.0057652104, -0.9981511, -0.06050842), (-0.9806014, -0.0051874677, 0.1959439), (-0.99998516, -0.005334792, 0.0011541379), (-0.105120845, 0.00044896806, -0.9944594), (-0.9999711, -0.006004838, 0.004682188), (-0.9806014, -0.0051874677, 0.1959439), (-0.105120845, 0.00044896806, -0.9944594), (-0.9999711, -0.006004838, 0.004682188), (-0.99998516, -0.005334792, 0.0011541379), (-0.9806014, -0.0051874677, 0.1959439), (0.070169784, -0.9975281, 0.0037428252), (-0.9999711, -0.006004838, 0.004682188), (0.06522968, -0.997845, -0.0071130525), (-0.9999644, -0.0054621124, 0.006426091), (-0.99998516, -0.005334792, 0.0011541379), (-0.9999711, -0.006004838, 0.004682188), (-0.9999711, -0.006004838, 0.004682188), (0.070169784, -0.9975281, 0.0037428252), (-0.9999644, -0.0054621124, 0.006426091), (0.070169784, -0.9975281, 0.0037428252), (-0.016099518, -0.00060285506, 0.9998703), (-0.9999644, -0.0054621124, 0.006426091), (-0.99998516, -0.005334792, 0.0011541379), (-0.9999644, -0.0054621124, 0.006426091), (-0.99983585, -0.005280686, 0.017330397), (-0.99983585, -0.005280686, 0.017330397), (-0.9999644, -0.0054621124, 0.006426091), (-0.01739844, 0.000333483, 0.9998486), (-0.018164003, 0.56752664, 0.8231547), (-0.99983585, -0.005280686, 0.017330397), (-0.01739844, 0.000333483, 0.9998486), (-0.9990047, -0.0053057815, 0.044287514), (-0.031872287, 0.002278485, 0.9994894), (-0.0050246394, -0.002479672, -0.9999844), (0.7195257, 0.6944644, -0.0014415749), (0.5690997, 0.8222673, 0.001421756), (0.9987849, 0.0491845, 0.0031164342), (0.5690997, 0.8222673, 0.001421756), (0.7195257, 0.6944644, -0.0014415749), (0.40351638, 0.91494703, -0.006823663), (0.40351638, 0.91494703, -0.006823663), (-0.0012139669, 0.99999934, 0.00009993645), (0.5690997, 0.8222673, 0.001421756), (0.5690997, 0.8222673, 0.001421756), (-0.0044296933, 0.958417, 0.28533745), (0.00056226586, 0.4789603, 0.87783635), (-0.00724792, 0.81314284, 0.58201903), (0.00056226586, 0.4789603, 0.87783635), (-0.0044296933, 0.958417, 0.28533745), (0.5690997, 0.8222673, 0.001421756), (-0.0012139669, 0.99999934, 0.00009993645), (-0.0044296933, 0.958417, 0.28533745), (-0.0044296933, 0.958417, 0.28533745), (-0.008554511, 0.9999531, 0.004552922), (-0.00724792, 0.81314284, 0.58201903), (-0.008554511, 0.9999531, 0.004552922), (-0.0044296933, 0.958417, 0.28533745), (-0.0012139669, 0.99999934, 0.00009993645), (-0.008554511, 0.9999531, 0.004552922), (-0.6789758, 0.7341604, 0.0005835757), (-0.00724792, 0.81314284, 0.58201903), (-0.0012139669, 0.99999934, 0.00009993645), (-0.009387068, 0.99993455, -0.0065470743), (-0.008554511, 0.9999531, 0.004552922), (-0.008554511, 0.9999531, 0.004552922), (-0.009387068, 0.99993455, -0.0065470743), (-0.6789758, 0.7341604, 0.0005835757), (-0.4657837, 0.884897, 0.0017453788), (-0.48061222, 0.8768169, 0.014282492), (-0.6789758, 0.7341604, 0.0005835757), (-0.48061222, 0.8768169, 0.014282492), (-0.4657837, 0.884897, 0.0017453788), (-0.7025488, 0.7116356, -0.00019781475), (-0.6789758, 0.7341604, 0.0005835757), (-0.7025488, 0.7116356, -0.00019781475), (-0.4657837, 0.884897, 0.0017453788), (-0.7025488, 0.7116356, -0.00019781475), (-0.6789758, 0.7341604, 0.0005835757), (-0.009387068, 0.99993455, -0.0065470743), (-0.009387068, 0.99993455, -0.0065470743), (-0.4657837, 0.884897, 0.0017453788), (-0.7025488, 0.7116356, -0.00019781475), (-0.009387068, 0.99993455, -0.0065470743), (-0.0059106876, 0.9088031, -0.41718328), (-0.4657837, 0.884897, 0.0017453788), (-0.0008661549, 0.999732, -0.023133777), (-0.0059106876, 0.9088031, -0.41718328), (-0.009387068, 0.99993455, -0.0065470743), (-0.0030063372, 0.6648654, -0.7469572), (-0.0059106876, 0.9088031, -0.41718328), (-0.0008661549, 0.999732, -0.023133777), (-0.0008661549, 0.999732, -0.023133777), (0.40351638, 0.91494703, -0.006823663), (-0.0030063372, 0.6648654, -0.7469572), (-0.0012139669, 0.99999934, 0.00009993645), (-0.0008661549, 0.999732, -0.023133777), (-0.009387068, 0.99993455, -0.0065470743), (-0.0012139669, 0.99999934, 0.00009993645), (0.7195257, 0.6944644, -0.0014415749), (-0.0008661549, 0.999732, -0.023133777), (0.40351638, 0.91494703, -0.006823663), (-0.0008661549, 0.999732, -0.023133777), (0.7195257, 0.6944644, -0.0014415749), (-0.0012139669, 0.99999934, 0.00009993645), (0.40351638, 0.91494703, -0.006823663), (0.7195257, 0.6944644, -0.0014415749), (-0.030774184, -0.00039658876, -0.9995263), (0.011894814, -0.9822068, 0.18742555), (-0.9990047, -0.0053057815, 0.044287514), (-0.027907837, -0.0014757962, -0.9996094), (-0.9990047, -0.0053057815, 0.044287514), (-0.0050246394, -0.002479672, -0.9999844), (-0.9990047, -0.0053057815, 0.044287514), (-0.027907837, -0.0014757962, -0.9996094), (-0.030774184, -0.00039658876, -0.9995263), (-0.031872287, 0.002278485, 0.9994894), (-0.027907837, -0.0014757962, -0.9996094), (-0.0050246394, -0.002479672, -0.9999844), (0.50468, 0.0030851744, -0.8633011), (-0.030774184, -0.00039658876, -0.9995263), (-0.027907837, -0.0014757962, -0.9996094), (-0.030774184, -0.00039658876, -0.9995263), (0.50468, 0.0030851744, -0.8633011), (0.5429522, 0.0032196674, -0.83975744), (0.54887843, 0.003244006, -0.8358959), (0.5429522, 0.0032196674, -0.83975744), (0.50468, 0.0030851744, -0.8633011), (0.5429522, 0.0032196674, -0.83975744), (0.54887843, 0.003244006, -0.8358959), (0.52715284, 0.0029010726, -0.84976554), (0.06694742, 0.0011910902, -0.9977559), (0.52715284, 0.0029010726, -0.84976554), (0.54887843, 0.003244006, -0.8358959), (0.52715284, 0.0029010726, -0.84976554), (0.06694742, 0.0011910902, -0.9977559), (0.022001859, -0.00085133716, -0.9997577), (0.0028980959, 0.00059025246, -0.9999956), (0.022001859, -0.00085133716, -0.9997577), (0.06694742, 0.0011910902, -0.9977559), (0.06694742, 0.0011910902, -0.9977559), (0.36151016, 0.0039775907, -0.9323597), (0.0028980959, 0.00059025246, -0.9999956), (0.022001859, -0.00085133716, -0.9997577), (0.0028980959, 0.00059025246, -0.9999956), (0.00021358294, -0.0014798376, -0.99999887), (0.022001859, -0.00085133716, -0.9997577), (0.00021358294, -0.0014798376, -0.99999887), (0.36189327, 0.0012443418, -0.93221873), (0.36151016, 0.0039775907, -0.9323597), (-0.0051840525, 0.0017940709, 0.99998504), (0.0028980959, 0.00059025246, -0.9999956), (-0.0051840525, 0.0017940709, 0.99998504), (0.00021358294, -0.0014798376, -0.99999887), (0.0028980959, 0.00059025246, -0.9999956), (0.00021358294, -0.0014798376, -0.99999887), (-0.0051840525, 0.0017940709, 0.99998504), (0.005201441, -0.00042119532, 0.99998647), (0.005201441, -0.00042119532, 0.99998647), (0.36189327, 0.0012443418, -0.93221873), (0.00021358294, -0.0014798376, -0.99999887), (0.36151016, 0.0039775907, -0.9323597), (0.005201441, -0.00042119532, 0.99998647), (-0.0051840525, 0.0017940709, 0.99998504), (0.005201441, -0.00042119532, 0.99998647), (0.36151016, 0.0039775907, -0.9323597), (0.36189327, 0.0012443418, -0.93221873), (0.36236882, 0.0024071098, -0.9320317), (-0.37897742, -0.001541763, 0.9254047), (0.36189327, 0.0012443418, -0.93221873), (0.36189327, 0.0012443418, -0.93221873), (0.36419713, 0.0022519748, -0.93131924), (0.36236882, 0.0024071098, -0.9320317), (0.36419713, 0.0022519748, -0.93131924), (0.36189327, 0.0012443418, -0.93221873), (0.36151016, 0.0039775907, -0.9323597), (-0.3079753, -0.0017456617, 0.95139277), (0.36419713, 0.0022519748, -0.93131924), (0.36151016, 0.0039775907, -0.9323597), (0.36419713, 0.0022519748, -0.93131924), (-0.3079753, -0.0017456617, 0.95139277), (-0.40708205, -0.0016172109, 0.9133903), (-0.93313783, 0.073761225, -0.35187086), (-0.60982364, -0.0026381873, -0.79253274), (-0.9665951, -0.004764876, -0.25626418), (-0.61095315, -0.003538679, -0.7916588), (-0.9665951, -0.004764876, -0.25626418), (-0.60982364, -0.0026381873, -0.79253274), (-0.9665951, -0.004764876, -0.25626418), (-0.98991674, 0.08262091, -0.11505938), (-0.93313783, 0.073761225, -0.35187086), (-0.9452377, -0.09833329, -0.3112173), (-0.61095315, -0.003538679, -0.7916588), (-0.35153368, -0.085364364, -0.9322753), (-0.9665951, -0.004764876, -0.25626418), (-0.61095315, -0.003538679, -0.7916588), (-0.9910177, -0.0059601427, -0.13359798), (-0.61095315, -0.003538679, -0.7916588), (-0.9452377, -0.09833329, -0.3112173), (-0.9910177, -0.0059601427, -0.13359798), (-0.99561, -0.093591176, -0.0012357667), (-0.9910177, -0.0059601427, -0.13359798), (-0.9452377, -0.09833329, -0.3112173), (-0.9910177, -0.0059601427, -0.13359798), (-0.99998796, -0.0049232095, -0.00007935168), (-0.9665951, -0.004764876, -0.25626418), (-0.98991674, 0.08262091, -0.11505938), (-0.9665951, -0.004764876, -0.25626418), (-0.99998796, -0.0049232095, -0.00007935168), (-0.9999789, -0.006497244, -0.00007951597), (-0.99561, -0.093591176, -0.0012357667), (0.999985, 0.0054752724, 0.00007940836), (-0.988971, -0.09346007, 0.11489842), (-0.9999789, -0.006497244, -0.00007951597), (0.999985, 0.0054752724, 0.00007940836), (-0.9910177, -0.0059601427, -0.13359798), (-0.99561, -0.093591176, -0.0012357667), (-0.99998343, -0.0057627885, -0.000079439415), (-0.99561, -0.093591176, -0.0012357667), (-0.9999789, -0.006497244, -0.00007951597), (-0.99998343, -0.0057627885, -0.000079439415), (-0.99998796, -0.0049232095, -0.00007935168), (-0.9910177, -0.0059601427, -0.13359798), (-0.99998343, -0.0057627885, -0.000079439415), (-0.99998343, -0.0057627885, -0.000079439415), (-0.99998796, -0.004923807, -0.000079351434), (-0.99998796, -0.0049232095, -0.00007935168), (-0.99998796, -0.004923807, -0.000079351434), (-0.99998343, -0.0057627885, -0.000079439415), (-0.9999789, -0.006497244, -0.00007951597), (-0.7924356, -0.1476214, 0.59182245), (-0.96662974, -0.0058202627, 0.25611174), (-0.988971, -0.09346007, 0.11489842), (-0.96662974, -0.0058202627, 0.25611174), (-0.7924356, -0.1476214, 0.59182245), (-0.26755285, -0.001566068, 0.963542), (-0.9999789, -0.006497244, -0.00007951597), (-0.988971, -0.09346007, 0.11489842), (-0.96662974, -0.0058202627, 0.25611174), (-0.7359548, -0.0035051992, 0.6770217), (-0.96662974, -0.0058202627, 0.25611174), (-0.26755285, -0.001566068, 0.963542), (-0.99104166, -0.0048858984, 0.13346352), (-0.9999789, -0.006497244, -0.00007951597), (-0.96662974, -0.0058202627, 0.25611174), (-0.96662974, -0.0058202627, 0.25611174), (-0.7359548, -0.0035051992, 0.6770217), (-0.99104166, -0.0048858984, 0.13346352), (-0.9999789, -0.006497244, -0.00007951597), (-0.99104166, -0.0048858984, 0.13346352), (-0.99998796, -0.004923807, -0.000079351434), (-0.7359548, -0.0035051992, 0.6770217), (0.999985, 0.0054752724, 0.00007940836), (-0.96698904, 0.07747715, 0.24275424), (-0.96698904, 0.07747715, 0.24275424), (-0.99104166, -0.0048858984, 0.13346352), (-0.7359548, -0.0035051992, 0.6770217), (-0.99104166, -0.0048858984, 0.13346352), (-0.96698904, 0.07747715, 0.24275424), (-0.99661964, 0.082154766, -0.00007002113), (-0.99661964, 0.082154766, -0.00007002113), (-0.99998796, -0.004923807, -0.000079351434), (-0.99104166, -0.0048858984, 0.13346352), (-0.99661964, 0.082154766, -0.00007002113), (-0.9966196, 0.082154416, -0.000070059854), (-0.99998796, -0.004923807, -0.000079351434), (-0.99998796, -0.0049232095, -0.00007935168), (-0.99998796, -0.004923807, -0.000079351434), (-0.9966196, 0.082154416, -0.000070059854), (-0.99998796, -0.0049232095, -0.00007935168), (-0.9966196, 0.082154416, -0.000070059854), (-0.98991674, 0.08262091, -0.11505938), (0.027623573, -0.005842696, 0.99960136), (-0.039453138, 0.0012110382, 0.9992208), (-0.029878702, -0.0024590923, -0.99955064), (-0.039453138, 0.0012110382, 0.9992208), (-0.029570866, 0.0047343667, 0.9995515), (-0.9989796, -0.0056417356, -0.044808783), (-0.029570866, 0.0047343667, 0.9995515), (-0.039453138, 0.0012110382, 0.9992208), (0.027623573, -0.005842696, 0.99960136), (-0.029570866, 0.0047343667, 0.9995515), (0.0008962139, 0.9817657, -0.1900935), (-0.9989796, -0.0056417356, -0.044808783), (0.027623573, -0.005842696, 0.99960136), (0.5050635, 0.005544032, 0.8630644), (-0.029570866, 0.0047343667, 0.9995515), (0.5050635, 0.005544032, 0.8630644), (0.027623573, -0.005842696, 0.99960136), (0.5446901, 0.0025258285, 0.83863366), (0.07808886, 0.9930569, 0.08797844), (0.5050635, 0.005544032, 0.8630644), (0.5512784, 0.0045497124, 0.834309), (0.5512784, 0.0045497124, 0.834309), (0.058135048, 0.0019430618, 0.9983068), (0.07808886, 0.9930569, 0.08797844), (0.5446901, 0.0025258285, 0.83863366), (0.5512784, 0.0045497124, 0.834309), (0.5050635, 0.005544032, 0.8630644), (0.5512784, 0.0045497124, 0.834309), (0.5446901, 0.0025258285, 0.83863366), (0.5258552, 0.0024628683, 0.85057056), (0.5258552, 0.0024628683, 0.85057056), (0.058135048, 0.0019430618, 0.9983068), (0.5512784, 0.0045497124, 0.834309), (0.058135048, 0.0019430618, 0.9983068), (0.5258552, 0.0024628683, 0.85057056), (0.020895844, -0.0006038208, 0.9997815), (0.005582124, -0.0016192779, 0.9999832), (0.020895844, -0.0006038208, 0.9997815), (0.361716, 0.0010725548, 0.9322877), (0.020895844, -0.0006038208, 0.9997815), (0.0045673493, 0.0008012839, 0.9999893), (0.058135048, 0.0019430618, 0.9983068), (0.0045673493, 0.0008012839, 0.9999893), (0.020895844, -0.0006038208, 0.9997815), (0.005582124, -0.0016192779, 0.9999832), (0.36114854, 0.0038186412, 0.9325004), (0.058135048, 0.0019430618, 0.9983068), (0.0045673493, 0.0008012839, 0.9999893), (0.36114854, 0.0038186412, 0.9325004), (0.0045673493, 0.0008012839, 0.9999893), (-0.011808354, 0.00006017919, -0.9999303), (0.005582124, -0.0016192779, 0.9999832), (-0.011808354, 0.00006017919, -0.9999303), (0.0045673493, 0.0008012839, 0.9999893), (-0.011808354, 0.00006017919, -0.9999303), (0.005582124, -0.0016192779, 0.9999832), (-0.021795014, -0.00031090245, -0.99976254), (0.361716, 0.0010725548, 0.9322877), (-0.021795014, -0.00031090245, -0.99976254), (0.005582124, -0.0016192779, 0.9999832), (-0.021795014, -0.00031090245, -0.99976254), (0.36114854, 0.0038186412, 0.9325004), (-0.011808354, 0.00006017919, -0.9999303), (0.36114854, 0.0038186412, 0.9325004), (-0.021795014, -0.00031090245, -0.99976254), (0.361716, 0.0010725548, 0.9322877), (0.9996334, 0.00717496, 0.026113028), (0.361716, 0.0010725548, 0.9322877), (-0.38248283, -0.0019770758, -0.92396045), (0.3637973, 0.0020694742, 0.9314758), (0.361716, 0.0010725548, 0.9322877), (0.9996334, 0.00717496, 0.026113028), (0.361716, 0.0010725548, 0.9322877), (0.3637973, 0.0020694742, 0.9314758), (0.36114854, 0.0038186412, 0.9325004), (0.3637973, 0.0020694742, 0.9314758), (-0.31736147, -0.0016011854, -0.9483034), (0.36114854, 0.0038186412, 0.9325004), (-0.1274386, 0.9865284, -0.10257335), (-0.31736147, -0.0016011854, -0.9483034), (0.3637973, 0.0020694742, 0.9314758), (-0.9989796, -0.0056417356, -0.044808783), (-0.029878702, -0.0024590923, -0.99955064), (-0.039453138, 0.0012110382, 0.9992208), (-0.997526, -0.0047413805, 0.07014024), (-0.0008200569, 0.000002371442, 0.9999997), (-0.011327015, 0.00062322925, -0.99993575), (-0.0038559935, -0.00011258586, 0.99999267), (-0.0008200569, 0.000002371442, 0.9999997), (-0.997526, -0.0047413805, 0.07014024), (-0.997526, -0.0047413805, 0.07014024), (-0.9992803, -0.0064882627, 0.03737595), (-0.0038559935, -0.00011258586, 0.99999267), (-0.013970861, -0.00009311168, -0.9999024), (-0.0038559935, -0.00011258586, 0.99999267), (-0.9992803, -0.0064882627, 0.03737595), (-0.61120975, -0.0026932524, -0.7914641), (-0.9430875, 0.090749346, -0.31992272), (-0.35236192, 0.08276402, -0.932197), (-0.9667966, -0.0047417646, -0.25550342), (-0.9430875, 0.090749346, -0.31992272), (-0.61120975, -0.0026932524, -0.7914641), (-0.61066943, -0.003525512, -0.7918779), (-0.9667966, -0.0047417646, -0.25550342), (-0.61120975, -0.0026932524, -0.7914641), (-0.9848877, -0.09469498, -0.145014), (-0.9909799, -0.005795717, -0.1338859), (-0.61066943, -0.003525512, -0.7918779), (-0.9909799, -0.005795717, -0.1338859), (-0.9667966, -0.0047417646, -0.25550342), (-0.61066943, -0.003525512, -0.7918779), (-0.9848877, -0.09469498, -0.145014), (-0.99997807, -0.0066222968, -0.00013807128), (-0.9909799, -0.005795717, -0.1338859), (0.999985, 0.0054752724, 0.00007940836), (-0.99997807, -0.0066222968, -0.00013807128), (-0.9848877, -0.09469498, -0.145014), (-0.99561006, -0.093592584, 0.0010594415), (-0.99997807, -0.0066222968, -0.00013807128), (0.999985, 0.0054752724, 0.00007940836), (-0.35166872, -0.08553621, 0.9322086), (-0.26822796, -0.001894801, 0.9633537), (-0.9452867, -0.09839513, 0.31104922), (-0.9452867, -0.09839513, 0.31104922), (-0.96682966, -0.005845539, 0.2553554), (-0.99561006, -0.093592584, 0.0010594415), (-0.9452867, -0.09839513, 0.31104922), (-0.26822796, -0.001894801, 0.9633537), (-0.96682966, -0.005845539, 0.2553554), (-0.26822796, -0.001894801, 0.9633537), (-0.73599577, -0.0037307213, 0.6769759), (-0.96682966, -0.005845539, 0.2553554), (-0.99561006, -0.093592584, 0.0010594415), (-0.96682966, -0.005845539, 0.2553554), (-0.9999835, -0.0057522696, -0.000079434736), (-0.99997807, -0.0066222968, -0.00013807128), (-0.99561006, -0.093592584, 0.0010594415), (-0.9999835, -0.0057522696, -0.000079434736), (-0.96682966, -0.005845539, 0.2553554), (-0.73599577, -0.0037307213, 0.6769759), (-0.99100435, -0.005056413, 0.13373476), (-0.96682966, -0.005845539, 0.2553554), (-0.99100435, -0.005056413, 0.13373476), (-0.9999835, -0.0057522696, -0.000079434736), (-0.73599577, -0.0037307213, 0.6769759), (-0.985889, 0.0838959, 0.14486043), (-0.99100435, -0.005056413, 0.13373476), (-0.9999835, -0.0057522696, -0.000079434736), (-0.99100435, -0.005056413, 0.13373476), (-0.99999064, -0.0043283026, -0.000020745918), (-0.99100435, -0.005056413, 0.13373476), (-0.985889, 0.0838959, 0.14486043), (-0.99999064, -0.0043283026, -0.000020745918), (-0.9999835, -0.0057522696, -0.000079434736), (-0.9999865, -0.0051983222, -0.000079380814), (-0.99997807, -0.0066222968, -0.00013807128), (-0.9999865, -0.0051983222, -0.000079380814), (-0.9999835, -0.0057522696, -0.000079434736), (-0.99999064, -0.0043283026, -0.000020745918), (-0.99997807, -0.0066222968, -0.00013807128), (-0.9999865, -0.0051983222, -0.000079380814), (-0.9909799, -0.005795717, -0.1338859), (-0.9909799, -0.005795717, -0.1338859), (-0.9999865, -0.0051983222, -0.000079380814), (-0.9667966, -0.0047417646, -0.25550342), (-0.9999865, -0.0051983222, -0.000079380814), (-0.9965752, 0.08268268, -0.0012176117), (-0.9667966, -0.0047417646, -0.25550342), (-0.99999064, -0.0043283026, -0.000020745918), (-0.9965752, 0.08268268, -0.0012176117), (-0.9999865, -0.0051983222, -0.000079380814), (-0.9667966, -0.0047417646, -0.25550342), (-0.9965752, 0.08268268, -0.0012176117), (-0.9430875, 0.090749346, -0.31992272), (-0.9965752, 0.08268268, -0.0012176117), (-0.99999064, -0.0043283026, -0.000020745918), (-0.09335547, 0.9956322, 0.0011830907), (-0.99999064, -0.0043283026, -0.000020745918), (-0.985889, 0.0838959, 0.14486043), (-0.09335547, 0.9956322, 0.0011830907), (-0.35236192, 0.08276402, -0.932197), (-0.9430875, 0.090749346, -0.31992272), (-0.016874196, 0.99895996, -0.042359192), (-0.0071893744, 0.108613975, -0.9940581), (-0.35236192, 0.08276402, -0.932197), (-0.016874196, 0.99895996, -0.042359192), (-0.016874196, 0.99895996, -0.042359192), (-0.9430875, 0.090749346, -0.31992272), (-0.9965752, 0.08268268, -0.0012176117), (-0.017742148, 0.9998427, 0.00010144947), (-0.016874196, 0.99895996, -0.042359192), (-0.9965752, 0.08268268, -0.0012176117), (-0.09335547, 0.9956322, 0.0011830907), (-0.017742148, 0.9998427, 0.00010144947), (-0.9965752, 0.08268268, -0.0012176117), (-0.017742148, 0.9998427, 0.00010144947), (-0.09335547, 0.9956322, 0.0011830907), (-0.016916657, 0.99985695, 0.000101751226), (-0.016515763, 0.99684346, 0.077655554), (-0.09335547, 0.9956322, 0.0011830907), (-0.985889, 0.0838959, 0.14486043), (-0.016515763, 0.99684346, 0.077655554), (-0.016916657, 0.99985695, 0.000101751226), (-0.09335547, 0.9956322, 0.0011830907), (-0.985889, 0.0838959, 0.14486043), (-0.29603678, 0.071574986, 0.9524911), (-0.016515763, 0.99684346, 0.077655554), (-0.0031700432, 0.088019475, 0.9961137), (-0.016515763, 0.99684346, 0.077655554), (-0.29603678, 0.071574986, 0.9524911), (0.0052051335, 0.08870434, 0.99604446), (-0.016515763, 0.99684346, 0.077655554), (-0.0031700432, 0.088019475, 0.9961137), (-0.016515763, 0.99684346, 0.077655554), (0.0052051335, 0.08870434, 0.99604446), (0.005865836, 0.99884164, 0.047761787), (0.005865836, 0.99884164, 0.047761787), (-0.016916657, 0.99985695, 0.000101751226), (-0.016515763, 0.99684346, 0.077655554), (0.005865836, 0.99884164, 0.047761787), (0.0052051335, 0.08870434, 0.99604446), (0.14095455, 0.08207301, 0.98660827), (0.14095455, 0.08207301, 0.98660827), (0.9331548, 0.10223291, 0.344631), (0.005865836, 0.99884164, 0.047761787), (0.081909016, 0.99663985, 0.000047544763), (0.005865836, 0.99884164, 0.047761787), (0.9331548, 0.10223291, 0.344631), (0.0012910534, 0.99999917, 0.00010320147), (-0.016916657, 0.99985695, 0.000101751226), (0.005865836, 0.99884164, 0.047761787), (0.005865836, 0.99884164, 0.047761787), (0.081909016, 0.99663985, 0.000047544763), (0.0012910534, 0.99999917, 0.00010320147), (0.0012910534, 0.99999917, 0.00010320147), (-0.017742148, 0.9998427, 0.00010144947), (-0.016916657, 0.99985695, 0.000101751226), (0.014335171, 0.99989724, 0.00010421943), (-0.017742148, 0.9998427, 0.00010144947), (0.0012910534, 0.99999917, 0.00010320147), (0.014335171, 0.99989724, 0.00010421943), (-0.016874196, 0.99895996, -0.042359192), (-0.017742148, 0.9998427, 0.00010144947), (0.081909016, 0.99663985, 0.000047544763), (0.014335171, 0.99989724, 0.00010421943), (0.0012910534, 0.99999917, 0.00010320147), (0.015464229, 0.9995882, -0.024175756), (-0.016874196, 0.99895996, -0.042359192), (0.014335171, 0.99989724, 0.00010421943), (-0.016874196, 0.99895996, -0.042359192), (-0.0032612982, 0.997368, -0.07243257), (-0.0071893744, 0.108613975, -0.9940581), (-0.0032612982, 0.997368, -0.07243257), (-0.016874196, 0.99895996, -0.042359192), (0.015464229, 0.9995882, -0.024175756), (0.014335171, 0.99989724, 0.00010421943), (0.081909016, 0.99663985, 0.000047544763), (0.99566025, 0.09306341, 0.00008802867), (0.98924357, 0.09346038, -0.112526745), (0.015464229, 0.9995882, -0.024175756), (0.99566025, 0.09306341, 0.00008802867), (0.98924357, 0.09346038, -0.112526745), (0.9338194, 0.08212278, -0.3481913), (0.015464229, 0.9995882, -0.024175756), (0.99566025, 0.09306341, 0.00008802867), (0.015464229, 0.9995882, -0.024175756), (0.014335171, 0.99989724, 0.00010421943), (0.04875181, 0.11661763, -0.9919797), (-0.0032612982, 0.997368, -0.07243257), (0.015464229, 0.9995882, -0.024175756), (0.9338194, 0.08212278, -0.3481913), (0.04875181, 0.11661763, -0.9919797), (0.015464229, 0.9995882, -0.024175756), (-0.9848877, -0.09469498, -0.145014), (-0.29508892, -0.074822634, -0.9525356), (-0.0055840625, -0.99696636, -0.077633925), (-0.00076238916, -0.08778173, -0.99613947), (-0.0055840625, -0.99696636, -0.077633925), (-0.29508892, -0.074822634, -0.9525356), (-0.0055840625, -0.99696636, -0.077633925), (0.999985, 0.0054752724, 0.00007940836), (-0.9848877, -0.09469498, -0.145014), (-0.0055840625, -0.99696636, -0.077633925), (-0.014327191, -0.9998974, -0.00010434543), (0.999985, 0.0054752724, 0.00007940836), (-0.014327191, -0.9998974, -0.00010434543), (-0.99561006, -0.093592584, 0.0010594415), (0.999985, 0.0054752724, 0.00007940836), (-0.99561006, -0.093592584, 0.0010594415), (-0.014327191, -0.9998974, -0.00010434543), (-0.0012880348, -0.9999993, -0.000103201244), (-0.0058682617, -0.9990925, 0.04218851), (-0.9452867, -0.09839513, 0.31104922), (-0.99561006, -0.093592584, 0.0010594415), (-0.0012880348, -0.9999993, -0.000103201244), (-0.0058682617, -0.9990925, 0.04218851), (-0.99561006, -0.093592584, 0.0010594415), (-0.35166872, -0.08553621, 0.9322086), (-0.9452867, -0.09839513, 0.31104922), (-0.0058682617, -0.9990925, 0.04218851), (-0.012280079, -0.14200103, 0.9897904), (-0.35166872, -0.08553621, 0.9322086), (-0.0058682617, -0.9990925, 0.04218851), (-0.0058682617, -0.9990925, 0.04218851), (0.0076508354, -0.99734694, 0.07239297), (-0.012280079, -0.14200103, 0.9897904), (0.016890988, -0.99870753, -0.047938213), (-0.014327191, -0.9998974, -0.00010434543), (-0.0055840625, -0.99696636, -0.077633925), (0.9346082, -0.07189463, 0.34833696), (0.027993513, -0.10356922, 0.9942283), (0.026401112, -0.9993594, 0.024163395), (0.027993513, -0.10356922, 0.9942283), (0.0076508354, -0.99734694, 0.07239297), (0.026401112, -0.9993594, 0.024163395), (0.9901887, -0.082623385, 0.11269331), (0.9346082, -0.07189463, 0.34833696), (0.026401112, -0.9993594, 0.024163395), (0.9901887, -0.082623385, 0.11269331), (0.026401112, -0.9993594, 0.024163395), (0.092815764, -0.9956833, -0.000094260926), (0.0076508354, -0.99734694, 0.07239297), (-0.0058682617, -0.9990925, 0.04218851), (0.026401112, -0.9993594, 0.024163395), (0.092815764, -0.9956833, -0.000094260926), (0.026401112, -0.9993594, 0.024163395), (0.016913576, -0.99985707, -0.00010175147), (0.026401112, -0.9993594, 0.024163395), (-0.0058682617, -0.9990925, 0.04218851), (0.016913576, -0.99985707, -0.00010175147), (0.016913576, -0.99985707, -0.00010175147), (-0.0058682617, -0.9990925, 0.04218851), (-0.0012880348, -0.9999993, -0.000103201244), (0.016913576, -0.99985707, -0.00010175147), (0.01773603, -0.9998427, -0.000101528356), (0.092815764, -0.9956833, -0.000094260926), (0.01773603, -0.9998427, -0.000101528356), (0.016913576, -0.99985707, -0.00010175147), (-0.0012880348, -0.9999993, -0.000103201244), (0.01773603, -0.9998427, -0.000101528356), (-0.0012880348, -0.9999993, -0.000103201244), (-0.014327191, -0.9998974, -0.00010434543), (0.01773603, -0.9998427, -0.000101528356), (-0.014327191, -0.9998974, -0.00010434543), (0.016890988, -0.99870753, -0.047938213), (0.99657553, -0.08268044, -0.0010775588), (0.092815764, -0.9956833, -0.000094260926), (0.01773603, -0.9998427, -0.000101528356), (0.016890988, -0.99870753, -0.047938213), (0.99657553, -0.08268044, -0.0010775588), (0.01773603, -0.9998427, -0.000101528356), (0.99657553, -0.08268044, -0.0010775588), (0.016890988, -0.99870753, -0.047938213), (0.9431403, -0.09068754, -0.3197846), (0.35251033, -0.08258079, -0.93215716), (0.9431403, -0.09068754, -0.3197846), (0.016890988, -0.99870753, -0.047938213), (0.016890988, -0.99870753, -0.047938213), (0.0068363864, -0.99353933, -0.11328312), (0.35251033, -0.08258079, -0.93215716), (-0.0055840625, -0.99696636, -0.077633925), (0.0068363864, -0.99353933, -0.11328312), (0.016890988, -0.99870753, -0.047938213), (0.0068363864, -0.99353933, -0.11328312), (-0.0055840625, -0.99696636, -0.077633925), (-0.00076238916, -0.08778173, -0.99613947), (-0.01921238, -0.00045397985, -0.99981534), (0.89305013, -0.39914972, 0.2077041), (0.05858671, -0.9982741, -0.0040565017), (0.89305013, -0.39914972, 0.2077041), (0.05860508, -0.998253, 0.0075147585), (0.05858671, -0.9982741, -0.0040565017), (0.9999479, 0.0053413375, 0.00869973), (-0.99998367, -0.0055753747, -0.0013183183), (0.05860508, -0.998253, 0.0075147585), (0.89305013, -0.39914972, 0.2077041), (0.9999479, 0.0053413375, 0.00869973), (0.05860508, -0.998253, 0.0075147585), (0.9992159, 0.005459499, 0.039217416), (0.9999479, 0.0053413375, 0.00869973), (0.89305013, -0.39914972, 0.2077041), (-0.022640668, -0.00043003794, -0.9997436), (0.89305013, -0.39914972, 0.2077041), (-0.01921238, -0.00045397985, -0.99981534), (-0.018636083, -0.99961895, -0.02036387), (0.89305013, -0.39914972, 0.2077041), (-0.022640668, -0.00043003794, -0.9997436), (0.89305013, -0.39914972, 0.2077041), (-0.018636083, -0.99961895, -0.02036387), (0.008404784, -0.00033662253, 0.9999647), (-0.018636083, -0.99961895, -0.02036387), (-0.022640668, -0.00043003794, -0.9997436), (-0.69636047, -0.0038908676, -0.7176817), (-0.69636047, -0.0038908676, -0.7176817), (-0.9662599, -0.0055255448, -0.25750977), (-0.018636083, -0.99961895, -0.02036387), (-0.018636083, -0.99961895, -0.02036387), (0.8102452, 0.0043390538, 0.58607495), (0.008404784, -0.00033662253, 0.9999647), (-0.018636083, -0.99961895, -0.02036387), (0.1399108, -0.98722196, 0.07627437), (0.8102452, 0.0043390538, 0.58607495), (0.81021714, 0.004340481, 0.58611375), (0.8102452, 0.0043390538, 0.58607495), (0.1399108, -0.98722196, 0.07627437), (-0.018636083, -0.99961895, -0.02036387), (0.81021714, 0.004340481, 0.58611375), (0.1399108, -0.98722196, 0.07627437), (-0.9662599, -0.0055255448, -0.25750977), (0.81021714, 0.004340481, 0.58611375), (-0.018636083, -0.99961895, -0.02036387), (-0.00022128131, -0.9999448, 0.010506007), (0.81021714, 0.004340481, 0.58611375), (-0.9662599, -0.0055255448, -0.25750977), (-0.00022128131, -0.9999448, 0.010506007), (-0.9662599, -0.0055255448, -0.25750977), (-0.99995947, -0.0058014775, 0.0068866713), (-0.00022128131, -0.9999448, 0.010506007), (0.18077895, 0.00089219643, 0.98352337), (0.81021714, 0.004340481, 0.58611375), (0.18077895, 0.00089219643, 0.98352337), (0.0067209457, -0.9998994, 0.0124967145), (0.17759183, 0.0008603009, 0.984104), (0.0067209457, -0.9998994, 0.0124967145), (0.18077895, 0.00089219643, 0.98352337), (-0.00022128131, -0.9999448, 0.010506007), (0.9858321, 0.004622395, 0.1676719), (0.17759183, 0.0008603009, 0.984104), (0.015242221, -0.99983364, 0.0100239515), (0.0067209457, -0.9998994, 0.0124967145), (0.015242221, -0.99983364, 0.0100239515), (0.17759183, 0.0008603009, 0.984104), (0.9901099, 0.0049143475, 0.14020859), (0.015242221, -0.99983364, 0.0100239515), (0.017776271, -0.99974513, -0.013926089), (0.015242221, -0.99983364, 0.0100239515), (0.0065016374, -0.9998527, -0.015887057), (0.017776271, -0.99974513, -0.013926089), (0.0065016374, -0.9998527, -0.015887057), (0.015242221, -0.99983364, 0.0100239515), (0.0067209457, -0.9998994, 0.0124967145), (0.017776271, -0.99974513, -0.013926089), (0.0065016374, -0.9998527, -0.015887057), (0.99917656, 0.0052555464, -0.0402313), (0.99917656, 0.0052555464, -0.0402313), (0.0065016374, -0.9998527, -0.015887057), (-0.0012389846, 0.00009274619, -0.9999993), (0.0065016374, -0.9998527, -0.015887057), (0.0035993876, -0.9998646, -0.016061941), (-0.0012389846, 0.00009274619, -0.9999993), (0.0035993876, -0.9998646, -0.016061941), (0.0065016374, -0.9998527, -0.015887057), (0.0067209457, -0.9998994, 0.0124967145), (0.0067209457, -0.9998994, 0.0124967145), (-0.00022128131, -0.9999448, 0.010506007), (0.0035993876, -0.9998646, -0.016061941), (-0.0012389846, 0.00009274619, -0.9999993), (0.0035993876, -0.9998646, -0.016061941), (0.0023437869, 0.00008136464, -0.9999973), (-0.00022128131, -0.9999448, 0.010506007), (-0.99981326, -0.0056785746, 0.018476514), (0.0035993876, -0.9998646, -0.016061941), (0.0023437869, 0.00008136464, -0.9999973), (0.0035993876, -0.9998646, -0.016061941), (-0.99981326, -0.0056785746, 0.018476514), (-0.99981326, -0.0056785746, 0.018476514), (-0.00022128131, -0.9999448, 0.010506007), (-0.99995947, -0.0058014775, 0.0068866713), (0.0023437869, 0.00008136464, -0.9999973), (-0.99981326, -0.0056785746, 0.018476514), (0.01596813, -0.99732846, 0.071282245), (-0.99981326, -0.0056785746, 0.018476514), (-0.009864493, -0.00019619484, 0.99995136), (0.01596813, -0.99732846, 0.071282245), (0.01596813, -0.99732846, 0.071282245), (-0.009864493, -0.00019619484, 0.99995136), (-0.007409205, -0.9987727, -0.04897233), (-0.007409205, -0.9987727, -0.04897233), (-0.009864493, -0.00019619484, 0.99995136), (-0.9984497, -0.006139184, -0.055322815), (-0.9984497, -0.006139184, -0.055322815), (0.0049608904, -0.000084593084, -0.9999877), (-0.007409205, -0.9987727, -0.04897233), (0.01596813, -0.99732846, 0.071282245), (-0.007409205, -0.9987727, -0.04897233), (0.0049608904, -0.000084593084, -0.9999877), (-0.12287495, 0.9924221, -0.00053960964), (0.999985, 0.0054752724, 0.00007940836), (-0.9999661, -0.005700291, 0.00595907), (-0.9999661, -0.005700291, 0.00595907), (-0.96748585, -0.00498122, -0.25287613), (-0.12287495, 0.9924221, -0.00053960964), (0.999985, 0.0054752724, 0.00007940836), (-0.12287495, 0.9924221, -0.00053960964), (-0.0143557405, 0.99939394, -0.031712305), (0.021937167, 0.9997115, 0.009788866), (-0.12287495, 0.9924221, -0.00053960964), (-0.96748585, -0.00498122, -0.25287613), (-0.004360251, 0.00053983746, -0.9999904), (-0.0136762345, -0.000018677707, 0.9999065), (0.006203407, 0.98685026, -0.16151798), (-0.0136762345, -0.000018677707, 0.9999065), (0.006997854, 0.99936455, 0.03495284), (0.006203407, 0.98685026, -0.16151798), (0.0011698619, 0.0006364998, -0.9999991), (0.006997854, 0.99936455, 0.03495284), (-0.0136762345, -0.000018677707, 0.9999065), (-0.0136762345, -0.000018677707, 0.9999065), (-0.0143557405, 0.99939394, -0.031712305), (0.0011698619, 0.0006364998, -0.9999991), (0.0011698619, 0.0006364998, -0.9999991), (0.006203407, 0.98685026, -0.16151798), (0.006997854, 0.99936455, 0.03495284), (0.0013010126, 0.00011813319, -0.9999992), (0.0011698619, 0.0006364998, -0.9999991), (-0.0143557405, 0.99939394, -0.031712305), (-0.0059399223, 0.9998561, -0.015893266), (0.0013010126, 0.00011813319, -0.9999992), (-0.0143557405, 0.99939394, -0.031712305), (-0.0059399223, 0.9998561, -0.015893266), (-0.00007292157, 0.000119630364, -1), (0.0013010126, 0.00011813319, -0.9999992), (0.0039571123, 0.9999916, 0.0011046967), (0.99481684, 0.0060864, 0.101500794), (0.002393837, 0.0005003146, -0.9999971), (0.00040006885, 0.9999054, -0.0137508), (0.0039571123, 0.9999916, 0.0011046967), (-0.00007292157, 0.000119630364, -1), (-0.00007292157, 0.000119630364, -1), (-0.0059399223, 0.9998561, -0.015893266), (0.00040006885, 0.9999054, -0.0137508), (0.0039571123, 0.9999916, 0.0011046967), (0.00040006885, 0.9999054, -0.0137508), (0.99481684, 0.0060864, 0.101500794), (0.16060989, 0.0009125149, 0.98701763), (0.99481684, 0.0060864, 0.101500794), (0.00040006885, 0.9999054, -0.0137508), (0.17849997, 0.0008800618, 0.98393965), (0.16060989, 0.0009125149, 0.98701763), (-0.003361988, 0.9999117, 0.012862816), (0.16060989, 0.0009125149, 0.98701763), (0.00040006885, 0.9999054, -0.0137508), (-0.003361988, 0.9999117, 0.012862816), (0.00040006885, 0.9999054, -0.0137508), (-0.0059399223, 0.9998561, -0.015893266), (-0.003361988, 0.9999117, 0.012862816), (-0.003361988, 0.9999117, 0.012862816), (0.18095295, 0.00088747416, 0.98349136), (0.17849997, 0.0008800618, 0.98393965), (-0.003361988, 0.9999117, 0.012862816), (-0.0059399223, 0.9998561, -0.015893266), (-0.0047073704, 0.9999352, 0.0103650205), (-0.003361988, 0.9999117, 0.012862816), (-0.0047073704, 0.9999352, 0.0103650205), (0.18095295, 0.00088747416, 0.98349136), (-0.0047073704, 0.9999352, 0.0103650205), (-0.0059399223, 0.9998561, -0.015893266), (-0.0143557405, 0.99939394, -0.031712305), (-0.0047073704, 0.9999352, 0.0103650205), (-0.0143557405, 0.99939394, -0.031712305), (-0.12287495, 0.9924221, -0.00053960964), (-0.0047073704, 0.9999352, 0.0103650205), (0.73495156, 0.004023312, 0.67810774), (0.18095295, 0.00088747416, 0.98349136), (0.021937167, 0.9997115, 0.009788866), (-0.0047073704, 0.9999352, 0.0103650205), (-0.12287495, 0.9924221, -0.00053960964), (0.73495156, 0.004023312, 0.67810774), (-0.0047073704, 0.9999352, 0.0103650205), (0.021937167, 0.9997115, 0.009788866), (0.8102707, 0.0045719533, 0.5860381), (0.73495156, 0.004023312, 0.67810774), (-0.057935894, 0.99831307, 0.003811754), (-0.057935894, 0.99831307, 0.003811754), (0.73495156, 0.004023312, 0.67810774), (0.032062333, 0.9994828, -0.002492216), (-0.057935894, 0.99831307, 0.003811754), (-0.0010270241, 0.99999946, 0.00017676101), (0.8102707, 0.0045719533, 0.5860381), (-0.0010270241, 0.99999946, 0.00017676101), (-0.057935894, 0.99831307, 0.003811754), (0.000068805435, 0.9997883, 0.020577637), (0.000068805435, 0.9997883, 0.020577637), (-0.057935894, 0.99831307, 0.003811754), (0.032062333, 0.9994828, -0.002492216), (0.73495156, 0.004023312, 0.67810774), (0.000068805435, 0.9997883, 0.020577637), (0.032062333, 0.9994828, -0.002492216), (0.021937167, 0.9997115, 0.009788866), (0.000068805435, 0.9997883, 0.020577637), (0.73495156, 0.004023312, 0.67810774), (0.000068805435, 0.9997883, 0.020577637), (0.0074899243, -0.00013541109, 0.999972), (-0.0010270241, 0.99999946, 0.00017676101), (0.000068805435, 0.9997883, 0.020577637), (0.021937167, 0.9997115, 0.009788866), (-0.010674148, 0.99952394, 0.028948966), (0.0074899243, -0.00013541109, 0.999972), (0.000068805435, 0.9997883, 0.020577637), (-0.010674148, 0.99952394, 0.028948966), (-0.010674148, 0.99952394, 0.028948966), (-0.005830132, 0.9968632, 0.07892998), (0.0074899243, -0.00013541109, 0.999972), (-0.008176884, 0.99996656, 0.00014239101), (0.0074899243, -0.00013541109, 0.999972), (-0.08156091, 0.99666595, -0.0021784836), (-0.08156091, 0.99666595, -0.0021784836), (-0.042118467, 0.99910724, 0.0032856984), (-0.008176884, 0.99996656, 0.00014239101), (-0.020007892, -0.00022810363, 0.9997998), (-0.042118467, 0.99910724, 0.0032856984), (-0.9999625, -0.0053587733, -0.006815381), (-0.08156091, 0.99666595, -0.0021784836), (-0.9999625, -0.0053587733, -0.006815381), (-0.042118467, 0.99910724, 0.0032856984), (-0.9999625, -0.0053587733, -0.006815381), (-0.08156091, 0.99666595, -0.0021784836), (-0.99996424, -0.005320502, -0.0065829954), (-0.08156091, 0.99666595, -0.0021784836), (0.023625204, 0.62018216, -0.784102), (-0.99996424, -0.005320502, -0.0065829954), (0.0074899243, -0.00013541109, 0.999972), (0.023625204, 0.62018216, -0.784102), (-0.08156091, 0.99666595, -0.0021784836), (0.023625204, 0.62018216, -0.784102), (0.0074899243, -0.00013541109, 0.999972), (-0.005830132, 0.9968632, 0.07892998), (-0.010674148, 0.99952394, 0.028948966), (-0.015934793, 0.00010041502, -0.99987304), (0.023625204, 0.62018216, -0.784102), (-0.010674148, 0.99952394, 0.028948966), (0.023625204, 0.62018216, -0.784102), (-0.005830132, 0.9968632, 0.07892998), (-0.010674148, 0.99952394, 0.028948966), (0.021937167, 0.9997115, 0.009788866), (-0.6928755, -0.0037154548, -0.72104764), (0.999985, 0.0054752724, 0.00007940836), (-0.021395698, 0.9995988, 0.01855899), (-0.96698904, 0.07747715, 0.24275424), (-0.027130876, 0.10727291, 0.99385947), (-0.021395698, 0.9995988, 0.01855899), (0.999985, 0.0054752724, 0.00007940836), (-0.021395698, 0.9995988, 0.01855899), (-0.99661964, 0.082154766, -0.00007002113), (-0.96698904, 0.07747715, 0.24275424), (-0.021395698, 0.9995988, 0.01855899), (-0.017740432, 0.9998427, 0.00010338069), (-0.99661964, 0.082154766, -0.00007002113), (-0.017740432, 0.9998427, 0.00010338069), (-0.9966196, 0.082154416, -0.000070059854), (-0.99661964, 0.082154766, -0.00007002113), (-0.009112883, 0.9981635, 0.0598876), (-0.021395698, 0.9995988, 0.01855899), (-0.027130876, 0.10727291, 0.99385947), (0.9892257, 0.09343657, 0.11270416), (0.008487614, 0.9990839, 0.041947316), (0.8913162, 0.16822502, 0.42101774), (0.8913162, 0.16822502, 0.42101774), (0.008487614, 0.9990839, 0.041947316), (-0.0057742014, 0.16165672, 0.9868302), (0.9892257, 0.09343657, 0.11270416), (0.9956602, 0.093063764, 0.0000880287), (0.008487614, 0.9990839, 0.041947316), (-0.009112883, 0.9981635, 0.0598876), (-0.0057742014, 0.16165672, 0.9868302), (0.008487614, 0.9990839, 0.041947316), (0.9956602, 0.093063764, 0.0000880287), (0.0143271, 0.9998974, 0.00010695635), (0.008487614, 0.9990839, 0.041947316), (0.081910424, 0.9966398, 0.00010974354), (0.0143271, 0.9998974, 0.00010695635), (0.9956602, 0.093063764, 0.0000880287), (0.008487614, 0.9990839, 0.041947316), (-0.021395698, 0.9995988, 0.01855899), (-0.009112883, 0.9981635, 0.0598876), (-0.021395698, 0.9995988, 0.01855899), (0.008487614, 0.9990839, 0.041947316), (0.0143271, 0.9998974, 0.00010695635), (0.0143271, 0.9998974, 0.00010695635), (-0.017740432, 0.9998427, 0.00010338069), (-0.021395698, 0.9995988, 0.01855899), (0.0143271, 0.9998974, 0.00010695635), (0.081910424, 0.9966398, 0.00010974354), (0.0012875247, 0.9999992, 0.00010485256), (0.0012875247, 0.9999992, 0.00010485256), (-0.017740432, 0.9998427, 0.00010338069), (0.0143271, 0.9998974, 0.00010695635), (-0.017740432, 0.9998427, 0.00010338069), (0.0012875247, 0.9999992, 0.00010485256), (-0.016916642, 0.9998569, 0.00010482816), (-0.017740432, 0.9998427, 0.00010338069), (-0.016916642, 0.9998569, 0.00010482816), (-0.9966196, 0.082154416, -0.000070059854), (0.0070793927, 0.9992984, -0.036779445), (-0.016916642, 0.9998569, 0.00010482816), (0.0012875247, 0.9999992, 0.00010485256), (-0.016916642, 0.9998569, 0.00010482816), (0.0070793927, 0.9992984, -0.036779445), (-0.017632281, 0.99884623, -0.044670627), (-0.017632281, 0.99884623, -0.044670627), (-0.9966196, 0.082154416, -0.000070059854), (-0.016916642, 0.9998569, 0.00010482816), (-0.9966196, 0.082154416, -0.000070059854), (-0.017632281, 0.99884623, -0.044670627), (-0.98991674, 0.08262091, -0.11505938), (-0.98991674, 0.08262091, -0.11505938), (-0.017632281, 0.99884623, -0.044670627), (-0.93313783, 0.073761225, -0.35187086), (-0.93313783, 0.073761225, -0.35187086), (-0.017632281, 0.99884623, -0.044670627), (-0.04781745, 0.11657011, -0.9920308), (-0.012876975, 0.9994965, -0.029002635), (-0.04781745, 0.11657011, -0.9920308), (-0.017632281, 0.99884623, -0.044670627), (-0.017632281, 0.99884623, -0.044670627), (-0.0032104822, 0.11946677, -0.9928331), (-0.012876975, 0.9994965, -0.029002635), (-0.0032104822, 0.11946677, -0.9928331), (-0.017632281, 0.99884623, -0.044670627), (0.0070793927, 0.9992984, -0.036779445), (0.081910424, 0.9966398, 0.00010974354), (0.0070793927, 0.9992984, -0.036779445), (0.0012875247, 0.9999992, 0.00010485256), (-0.0032104822, 0.11946677, -0.9928331), (0.0070793927, 0.9992984, -0.036779445), (0.6333218, 0.11161079, -0.76579803), (0.93628067, 0.11898538, -0.33048603), (0.0070793927, 0.9992984, -0.036779445), (0.081910424, 0.9966398, 0.00010974354), (0.6333218, 0.11161079, -0.76579803), (0.0070793927, 0.9992984, -0.036779445), (0.93628067, 0.11898538, -0.33048603), (-0.988971, -0.09346007, 0.11489842), (-0.011238422, -0.99874467, 0.048813663), (-0.7924356, -0.1476214, 0.59182245), (0.999985, 0.0054752724, 0.00007940836), (-0.011238422, -0.99874467, 0.048813663), (-0.988971, -0.09346007, 0.11489842), (-0.7924356, -0.1476214, 0.59182245), (-0.011238422, -0.99874467, 0.048813663), (0.0042396495, -0.11250325, 0.9936424), (-0.011238422, -0.99874467, 0.048813663), (0.999985, 0.0054752724, 0.00007940836), (-0.014328071, -0.99989736, -0.000104218874), (-0.99561, -0.093591176, -0.0012357667), (-0.014328071, -0.99989736, -0.000104218874), (0.999985, 0.0054752724, 0.00007940836), (-0.014328071, -0.99989736, -0.000104218874), (-0.99561, -0.093591176, -0.0012357667), (-0.0012892607, -0.99999917, -0.00010267891), (-0.005861218, -0.9988425, -0.047742248), (-0.99561, -0.093591176, -0.0012357667), (-0.9452377, -0.09833329, -0.3112173), (-0.005861218, -0.9988425, -0.047742248), (-0.0012892607, -0.99999917, -0.00010267891), (-0.99561, -0.093591176, -0.0012357667), (-0.35153368, -0.085364364, -0.9322753), (-0.005861218, -0.9988425, -0.047742248), (-0.9452377, -0.09833329, -0.3112173), (0.0032789118, -0.9797068, -0.20040917), (-0.005861218, -0.9988425, -0.047742248), (-0.35153368, -0.085364364, -0.9322753), (0.016658256, -0.99847037, -0.052721024), (-0.005861218, -0.9988425, -0.047742248), (0.0032789118, -0.9797068, -0.20040917), (0.0032789118, -0.9797068, -0.20040917), (0.010051518, -0.99954236, -0.028534306), (0.016658256, -0.99847037, -0.052721024), (0.016911425, -0.99985707, -0.000100726), (-0.0012892607, -0.99999917, -0.00010267891), (-0.005861218, -0.9988425, -0.047742248), (-0.005861218, -0.9988425, -0.047742248), (0.016658256, -0.99847037, -0.052721024), (0.016911425, -0.99985707, -0.000100726), (0.016658256, -0.99847037, -0.052721024), (0.010051518, -0.99954236, -0.028534306), (0.02315838, -0.10603411, -0.9940929), (0.9110376, -0.08244112, -0.4039975), (0.016658256, -0.99847037, -0.052721024), (0.02315838, -0.10603411, -0.9940929), (0.98968226, -0.08507124, -0.11529047), (0.016658256, -0.99847037, -0.052721024), (0.9110376, -0.08244112, -0.4039975), (0.98968226, -0.08507124, -0.11529047), (0.09281485, -0.99568343, -0.00009426101), (0.016658256, -0.99847037, -0.052721024), (0.09281485, -0.99568343, -0.00009426101), (0.016911425, -0.99985707, -0.000100726), (0.016658256, -0.99847037, -0.052721024), (0.09281485, -0.99568343, -0.00009426101), (0.017735537, -0.9998427, -0.00010104149), (0.016911425, -0.99985707, -0.000100726), (0.09281485, -0.99568343, -0.00009426101), (0.9966194, -0.08215757, 0.000070482325), (0.017735537, -0.9998427, -0.00010104149), (0.016911425, -0.99985707, -0.000100726), (0.017735537, -0.9998427, -0.00010104149), (-0.0012892607, -0.99999917, -0.00010267891), (0.017735537, -0.9998427, -0.00010104149), (-0.014328071, -0.99989736, -0.000104218874), (-0.0012892607, -0.99999917, -0.00010267891), (0.9966194, -0.08215757, 0.000070482325), (0.015419072, -0.9992142, 0.036515422), (0.017735537, -0.9998427, -0.00010104149), (0.97388923, -0.09186867, 0.20760551), (0.015419072, -0.9992142, 0.036515422), (0.9966194, -0.08215757, 0.000070482325), (0.015419072, -0.9992142, 0.036515422), (-0.014328071, -0.99989736, -0.000104218874), (0.017735537, -0.9998427, -0.00010104149), (-0.014328071, -0.99989736, -0.000104218874), (0.015419072, -0.9992142, 0.036515422), (-0.011238422, -0.99874467, 0.048813663), (0.015419072, -0.9992142, 0.036515422), (0.0042396495, -0.11250325, 0.9936424), (-0.011238422, -0.99874467, 0.048813663), (0.0042396495, -0.11250325, 0.9936424), (0.015419072, -0.9992142, 0.036515422), (0.012878247, -0.999497, 0.028982114), (0.015419072, -0.9992142, 0.036515422), (0.02334793, -0.11247031, 0.9933808), (0.012878247, -0.999497, 0.028982114), (0.02334793, -0.11247031, 0.9933808), (0.015419072, -0.9992142, 0.036515422), (0.33499423, -0.061507486, 0.94021046), (0.33499423, -0.061507486, 0.94021046), (0.015419072, -0.9992142, 0.036515422), (0.97388923, -0.09186867, 0.20760551), (0.9896531, 0.0070970254, -0.1433056), (-0.016099518, -0.00060285506, 0.9998703), (0.070169784, -0.9975281, 0.0037428252), (-0.9999711, -0.006004838, 0.004682188), (0.99997157, 0.005690712, -0.004941625), (0.06522968, -0.997845, -0.0071130525), (0.99997157, 0.005690712, -0.004941625), (0.9896531, 0.0070970254, -0.1433056), (0.06522968, -0.997845, -0.0071130525), (0.070169784, -0.9975281, 0.0037428252), (0.06522968, -0.997845, -0.0071130525), (0.9896531, 0.0070970254, -0.1433056), (-0.031702947, -0.0006468148, 0.99949723), (-0.016099518, -0.00060285506, 0.9998703), (0.9896531, 0.0070970254, -0.1433056), (0.9896531, 0.0070970254, -0.1433056), (-0.016127585, -0.99968195, 0.01938761), (-0.031702947, -0.0006468148, 0.99949723), (-0.016127585, -0.99968195, 0.01938761), (0.9896531, 0.0070970254, -0.1433056), (0.008309478, -0.00016338912, -0.9999655), (-0.031702947, -0.0006468148, 0.99949723), (-0.016127585, -0.99968195, 0.01938761), (-0.6964726, -0.004038552, 0.71757203), (-0.016127585, -0.99968195, 0.01938761), (-0.9663003, -0.0055933795, 0.25735664), (-0.6964726, -0.004038552, 0.71757203), (0.8081471, 0.0043521663, -0.5889646), (-0.016127585, -0.99968195, 0.01938761), (0.008309478, -0.00016338912, -0.9999655), (-0.016127585, -0.99968195, 0.01938761), (0.8081471, 0.0043521663, -0.5889646), (0.14534563, -0.9863886, -0.07689087), (0.8081471, 0.0043521663, -0.5889646), (0.7346083, 0.0038395543, -0.6784806), (0.14534563, -0.9863886, -0.07689087), (-0.016127585, -0.99968195, 0.01938761), (0.14534563, -0.9863886, -0.07689087), (0.7346083, 0.0038395543, -0.6784806), (-0.9663003, -0.0055933795, 0.25735664), (-0.016127585, -0.99968195, 0.01938761), (0.7346083, 0.0038395543, -0.6784806), (0.7346083, 0.0038395543, -0.6784806), (-0.0002464854, -0.9999407, -0.010894978), (-0.9663003, -0.0055933795, 0.25735664), (-0.99993795, -0.0056905355, -0.0095792785), (-0.9663003, -0.0055933795, 0.25735664), (-0.0002464854, -0.9999407, -0.010894978), (0.18210916, 0.0010938093, -0.98327774), (-0.0002464854, -0.9999407, -0.010894978), (0.7346083, 0.0038395543, -0.6784806), (0.0067232363, -0.99989676, -0.01270137), (0.18210916, 0.0010938093, -0.98327774), (0.17774747, 0.0010630623, -0.98407555), (0.18210916, 0.0010938093, -0.98327774), (0.0067232363, -0.99989676, -0.01270137), (-0.0002464854, -0.9999407, -0.010894978), (0.015241219, -0.99983156, -0.010226829), (0.17774747, 0.0010630623, -0.98407555), (0.98585844, 0.004656926, -0.16751587), (0.0067232363, -0.99989676, -0.01270137), (0.17774747, 0.0010630623, -0.98407555), (0.015241219, -0.99983156, -0.010226829), (0.015241219, -0.99983156, -0.010226829), (0.99013203, 0.0049432153, -0.14005144), (0.017774088, -0.9997478, 0.01372364), (0.015241219, -0.99983156, -0.010226829), (0.017774088, -0.9997478, 0.01372364), (0.006986198, -0.99997556, 0.00048827275), (0.015241219, -0.99983156, -0.010226829), (0.006986198, -0.99997556, 0.00048827275), (0.0067232363, -0.99989676, -0.01270137), (0.99917036, 0.005247239, 0.040388886), (0.006986198, -0.99997556, 0.00048827275), (0.017774088, -0.9997478, 0.01372364), (0.99917036, 0.005247239, 0.040388886), (-0.0004459795, 0.00023226211, 0.99999994), (0.0076031345, -0.9968298, 0.07920004), (0.000050393148, 0.00018973408, 1), (0.0076031345, -0.9968298, 0.07920004), (-0.0004459795, 0.00023226211, 0.99999994), (0.006986198, -0.99997556, 0.00048827275), (0.99917036, 0.005247239, 0.040388886), (0.0076031345, -0.9968298, 0.07920004), (0.0076031345, -0.9968298, 0.07920004), (0.000050393148, 0.00018973408, 1), (0.0015414401, -0.99998564, -0.0051423763), (0.0057652104, -0.9981511, -0.06050842), (0.0015414401, -0.99998564, -0.0051423763), (0.000050393148, 0.00018973408, 1), (0.0076031345, -0.9968298, 0.07920004), (0.0036104987, -0.99999356, -0.00014922481), (0.006986198, -0.99997556, 0.00048827275), (0.006986198, -0.99997556, 0.00048827275), (0.0036104987, -0.99999356, -0.00014922481), (0.0067232363, -0.99989676, -0.01270137), (0.0067232363, -0.99989676, -0.01270137), (0.0036104987, -0.99999356, -0.00014922481), (-0.0002464854, -0.9999407, -0.010894978), (0.0036104987, -0.99999356, -0.00014922481), (0.0076031345, -0.9968298, 0.07920004), (0.0015414401, -0.99998564, -0.0051423763), (-0.9997401, -0.0055067185, -0.022124995), (-0.0002464854, -0.9999407, -0.010894978), (0.0036104987, -0.99999356, -0.00014922481), (0.0036104987, -0.99999356, -0.00014922481), (0.0015414401, -0.99998564, -0.0051423763), (-0.9997401, -0.0055067185, -0.022124995), (-0.0002464854, -0.9999407, -0.010894978), (-0.9997401, -0.0055067185, -0.022124995), (-0.99993795, -0.0056905355, -0.0095792785), (0.0015414401, -0.99998564, -0.0051423763), (0.0057652104, -0.9981511, -0.06050842), (-0.9997401, -0.0055067185, -0.022124995), (-0.013970861, -0.00009311168, -0.9999024), (-0.9997401, -0.0055067185, -0.022124995), (0.0057652104, -0.9981511, -0.06050842), (0.0057652104, -0.9981511, -0.06050842), (-0.020717198, -0.99912894, -0.03622308), (-0.013970861, -0.00009311168, -0.9999024), (-0.013970861, -0.00009311168, -0.9999024), (-0.020717198, -0.99912894, -0.03622308), (-0.0038559935, -0.00011258586, 0.99999267), (-0.004343654, -0.00069537136, 0.99999034), (-0.020717198, -0.99912894, -0.03622308), (0.0057652104, -0.9981511, -0.06050842), (-0.1905526, 0.98167574, -0.0015876923), (0.008372692, 0.9999588, -0.003528208), (-0.99998075, -0.005612696, 0.0026764257), (0.999985, 0.0054752724, 0.00007940836), (-0.1905526, 0.98167574, -0.0015876923), (-0.99998075, -0.005612696, 0.0026764257), (-0.1905526, 0.98167574, -0.0015876923), (0.999985, 0.0054752724, 0.00007940836), (-0.008412275, 0.9998071, 0.017746614), (0.008372692, 0.9999588, -0.003528208), (-0.6894554, -0.0039054868, 0.7243176), (-0.96753097, -0.005019014, 0.2527031), (0.008372692, 0.9999588, -0.003528208), (-0.014155561, 0.9991068, -0.03981745), (-0.6894554, -0.0039054868, 0.7243176), (-0.01739844, 0.000333483, 0.9998486), (-0.014155561, 0.9991068, -0.03981745), (-0.018164003, 0.56752664, 0.8231547), (-0.018164003, 0.56752664, 0.8231547), (-0.014155561, 0.9991068, -0.03981745), (-0.0052556195, 0.9938576, -0.11054155), (-0.018164003, 0.56752664, 0.8231547), (0.007568767, -0.00021921445, -0.9999714), (-0.99983585, -0.005280686, 0.017330397), (0.9999224, 0.0054175984, -0.011228662), (-0.105120845, 0.00044896806, -0.9944594), (-0.99998516, -0.005334792, 0.0011541379), (-0.9999851, -0.0054635834, 0.00015456926), (0.9999224, 0.0054175984, -0.011228662), (-0.99998516, -0.005334792, 0.0011541379), (-0.9999851, -0.0054635834, 0.00015456926), (-0.99998516, -0.005334792, 0.0011541379), (-0.99983585, -0.005280686, 0.017330397), (-0.9999851, -0.0054635834, 0.00015456926), (-0.99983585, -0.005280686, 0.017330397), (0.007568767, -0.00021921445, -0.9999714), (0.007568767, -0.00021921445, -0.9999714), (-0.018164003, 0.56752664, 0.8231547), (-0.0052556195, 0.9938576, -0.11054155), (-0.0052556195, 0.9938576, -0.11054155), (-0.014155561, 0.9991068, -0.03981745), (0.007568767, -0.00021921445, -0.9999714), (-0.026715891, 0.9996244, -0.006118008), (0.007568767, -0.00021921445, -0.9999714), (-0.014155561, 0.9991068, -0.03981745), (0.007568767, -0.00021921445, -0.9999714), (-0.026715891, 0.9996244, -0.006118008), (0.99995345, 0.006713509, 0.0069410997), (-0.014155561, 0.9991068, -0.03981745), (0.009440356, 0.9999533, 0.0020725643), (-0.026715891, 0.9996244, -0.006118008), (0.008372692, 0.9999588, -0.003528208), (0.009440356, 0.9999533, 0.0020725643), (-0.014155561, 0.9991068, -0.03981745), (-0.026715891, 0.9996244, -0.006118008), (0.023577323, 0.9996674, -0.010455262), (0.80648226, 0.0049257176, -0.59123784), (0.009440356, 0.9999533, 0.0020725643), (0.019227784, 0.9998091, -0.0034748863), (-0.026715891, 0.9996244, -0.006118008), (0.023577323, 0.9996674, -0.010455262), (-0.026715891, 0.9996244, -0.006118008), (0.019227784, 0.9998091, -0.0034748863), (0.020981066, 0.9997597, -0.006361122), (0.80648226, 0.0049257176, -0.59123784), (0.023577323, 0.9996674, -0.010455262), (0.020981066, 0.9997597, -0.006361122), (0.023577323, 0.9996674, -0.010455262), (0.019227784, 0.9998091, -0.0034748863), (0.020981066, 0.9997597, -0.006361122), (0.019227784, 0.9998091, -0.0034748863), (0.009440356, 0.9999533, 0.0020725643), (0.009440356, 0.9999533, 0.0020725643), (0.008372692, 0.9999588, -0.003528208), (0.020981066, 0.9997597, -0.006361122), (0.008372692, 0.9999588, -0.003528208), (-0.004125641, 0.9999445, -0.009700455), (0.020981066, 0.9997597, -0.006361122), (-0.004125641, 0.9999445, -0.009700455), (0.008372692, 0.9999588, -0.003528208), (-0.1905526, 0.98167574, -0.0015876923), (0.020981066, 0.9997597, -0.006361122), (-0.004125641, 0.9999445, -0.009700455), (0.18318237, 0.0011185796, -0.9830783), (0.1786546, 0.0010827864, -0.9839113), (0.18318237, 0.0011185796, -0.9830783), (-0.0033600964, 0.99991435, -0.012655953), (-0.0033600964, 0.99991435, -0.012655953), (0.18318237, 0.0011185796, -0.9830783), (-0.004125641, 0.9999445, -0.009700455), (0.1786546, 0.0010827864, -0.9839113), (-0.0033600964, 0.99991435, -0.012655953), (0.16077581, 0.0011158474, -0.9869904), (0.16077581, 0.0011158474, -0.9869904), (0.00039801688, 0.99990255, 0.0139579065), (0.99483293, 0.0061072814, -0.101342425), (0.00039801688, 0.99990255, 0.0139579065), (0.16077581, 0.0011158474, -0.9869904), (-0.0033600964, 0.99991435, -0.012655953), (0.99483293, 0.0061072814, -0.101342425), (0.0039646663, 0.9999917, -0.000906077), (0.025678348, 0.00059844425, 0.99967015), (0.0039646663, 0.9999917, -0.000906077), (0.99483293, 0.0061072814, -0.101342425), (0.00039801688, 0.99990255, 0.0139579065), (0.0039646663, 0.9999917, -0.000906077), (0.00039801688, 0.99990255, 0.0139579065), (-0.00023245429, 0.00028127054, 0.99999994), (0.00039801688, 0.99990255, 0.0139579065), (-0.005448243, 0.9998553, 0.01611767), (-0.00023245429, 0.00028127054, 0.99999994), (-0.0033600964, 0.99991435, -0.012655953), (-0.005448243, 0.9998553, 0.01611767), (0.00039801688, 0.99990255, 0.0139579065), (-0.005448243, 0.9998553, 0.01611767), (-0.0033600964, 0.99991435, -0.012655953), (-0.004125641, 0.9999445, -0.009700455), (-0.00023245429, 0.00028127054, 0.99999994), (-0.005448243, 0.9998553, 0.01611767), (0.0000739539, 0.00024502014, 1), (-0.005448243, 0.9998553, 0.01611767), (-0.004125641, 0.9999445, -0.009700455), (-0.008412275, 0.9998071, 0.017746614), (-0.005448243, 0.9998553, 0.01611767), (-0.008412275, 0.9998071, 0.017746614), (0.0000739539, 0.00024502014, 1), (-0.1905526, 0.98167574, -0.0015876923), (-0.008412275, 0.9998071, 0.017746614), (-0.004125641, 0.9999445, -0.009700455), (0.0000739539, 0.00024502014, 1), (-0.008412275, 0.9998071, 0.017746614), (-0.0035102873, 0.00012518295, 0.9999939), (-0.014588889, 0.997643, 0.06704885), (-0.008412275, 0.9998071, 0.017746614), (0.999985, 0.0054752724, 0.00007940836), (-0.0035102873, 0.00012518295, 0.9999939), (-0.008412275, 0.9998071, 0.017746614), (-0.014588889, 0.997643, 0.06704885), (-0.014588889, 0.997643, 0.06704885), (-0.011327015, 0.00062322925, -0.99993575), (-0.0035102873, 0.00012518295, 0.9999939), (-0.0008200569, 0.000002371442, 0.9999997), (-0.0035102873, 0.00012518295, 0.9999939), (-0.009313384, 0.997981, 0.06282738), (-0.0035102873, 0.00012518295, 0.9999939), (-0.011327015, 0.00062322925, -0.99993575), (-0.009313384, 0.997981, 0.06282738), (-0.009313384, 0.997981, 0.06282738), (-0.011327015, 0.00062322925, -0.99993575), (-0.0008200569, 0.000002371442, 0.9999997), (-0.004274553, 0.8105532, -0.58564955), (-0.0054074414, 0.8908346, -0.45429584), (-0.005502207, 0.999978, -0.003714415), (-0.005085449, 0.9999848, 0.0021476892), (-0.004274553, 0.8105532, -0.58564955), (-0.005502207, 0.999978, -0.003714415), (-0.0010596939, 0.91792184, -0.39676005), (-0.004274553, 0.8105532, -0.58564955), (-0.0054074414, 0.8908346, -0.45429584), (-0.001720957, 0.17461884, -0.98463464), (-0.004274553, 0.8105532, -0.58564955), (-0.0010596939, 0.91792184, -0.39676005), (-0.0004201683, 0.8908567, -0.4542843), (-0.0054074414, 0.8908346, -0.45429584), (-0.004274553, 0.8105532, -0.58564955), (-0.0010596939, 0.91792184, -0.39676005), (-0.0054074414, 0.8908346, -0.45429584), (-0.0004201683, 0.8908567, -0.4542843), (-0.0004201683, 0.8908567, -0.4542843), (-0.004274553, 0.8105532, -0.58564955), (-0.005085449, 0.9999848, 0.0021476892), (-0.0010596939, 0.91792184, -0.39676005), (-0.0004201683, 0.8908567, -0.4542843), (-0.005085449, 0.9999848, 0.0021476892), (-0.005085449, 0.9999848, 0.0021476892), (-0.004080515, 0.9900876, 0.140392), (-0.004694505, 0.9999832, -0.0034219045), (-0.005085449, 0.9999848, 0.0021476892), (-0.005116212, 0.99997693, -0.004480634), (-0.004694505, 0.9999832, -0.0034219045), (-0.005116212, 0.99997693, -0.004480634), (-0.004080515, 0.9900876, 0.140392), (-0.004694505, 0.9999832, -0.0034219045), (-0.005116212, 0.99997693, -0.004480634), (-0.005085449, 0.9999848, 0.0021476892), (-0.005502207, 0.999978, -0.003714415), (-0.004080515, 0.9900876, 0.140392), (-0.005116212, 0.99997693, -0.004480634), (-0.006766163, 0.9998106, 0.018254107), (-0.006766163, 0.9998106, 0.018254107), (-0.005116212, 0.99997693, -0.004480634), (-0.0044518383, 0.7800124, 0.62574816), (-0.004080515, 0.9900876, 0.140392), (-0.006766163, 0.9998106, 0.018254107), (-0.0044518383, 0.7800124, 0.62574816), (-0.0043673893, 0.81045085, 0.5857904), (-0.0053641773, 0.9999651, 0.0064275656), (-0.0054796473, 0.8906989, 0.454561), (-0.0011217803, 0.91784465, 0.39693823), (-0.0054796473, 0.8906989, 0.454561), (-0.0043673893, 0.81045085, 0.5857904), (-0.0043673893, 0.81045085, 0.5857904), (-0.0018759576, 0.17438108, 0.9846764), (-0.0011217803, 0.91784465, 0.39693823), (-0.0004909347, 0.8907207, 0.4545509), (-0.0043673893, 0.81045085, 0.5857904), (-0.0054796473, 0.8906989, 0.454561), (-0.0054796473, 0.8906989, 0.454561), (-0.0011217803, 0.91784465, 0.39693823), (-0.0004909347, 0.8907207, 0.4545509), (-0.0043673893, 0.81045085, 0.5857904), (-0.0004909347, 0.8907207, 0.4545509), (-0.0058559915, 0.9999826, 0.0007224013), (-0.0058559915, 0.9999826, 0.0007224013), (-0.0053641773, 0.9999651, 0.0064275656), (-0.0043673893, 0.81045085, 0.5857904), (-0.0011217803, 0.91784465, 0.39693823), (-0.0058559915, 0.9999826, 0.0007224013), (-0.0004909347, 0.8907207, 0.4545509), (-0.007893034, 0.9714634, -0.23705825), (-0.0058559915, 0.9999826, 0.0007224013), (-0.005551537, 0.9999746, 0.004468474), (-0.0053641773, 0.9999651, 0.0064275656), (-0.0058559915, 0.9999826, 0.0007224013), (-0.005551537, 0.9999746, 0.004468474), (-0.005551537, 0.9999746, 0.004468474), (-0.0052691344, 0.99997497, 0.004719906), (-0.0053641773, 0.9999651, 0.0064275656), (-0.007893034, 0.9714634, -0.23705825), (-0.0052691344, 0.99997497, 0.004719906), (-0.005551537, 0.9999746, 0.004468474), (-0.0052691344, 0.99997497, 0.004719906), (-0.007893034, 0.9714634, -0.23705825), (-0.006248324, 0.99174565, -0.128069), (-0.007893034, 0.9714634, -0.23705825), (-0.006971688, 0.7805254, -0.62508523), (-0.006248324, 0.99174565, -0.128069), (-0.006971688, 0.7805254, -0.62508523), (-0.0052691344, 0.99997497, 0.004719906), (-0.006248324, 0.99174565, -0.128069), (0.99998444, 0.0055806176, 0.000002364844), (0.99998116, 0.006124559, 0.00032709565), (0.9999868, 0.005130733, 0.00045617463), (0.99998444, 0.0055806176, 0.000002364844), (0.9999868, 0.005130733, 0.00045617463), (0.99999094, 0.0042375596, -0.00058424636)] (
        interpolation = "faceVarying"
    )
    point3f[] points = [(0.062050447, 0.18173781, 0.2805904), (0.061758038, 0.1824197, 0.28116143), (0.060984608, 0.1815437, 0.2808566), (0.062141538, 0.19692756, 0.2808583), (0.061919197, 0.19798455, 0.28061092), (0.06124084, 0.19768351, 0.2811286), (0.0620631, 0.18174675, 0.21697325), (0.060989663, 0.18155025, 0.21671525), (0.06176314, 0.18242635, 0.21641074), (0.062146593, 0.19693412, 0.21671695), (0.06124594, 0.19769013, 0.21644661), (0.06192422, 0.19799104, 0.2169645), (-0.038219698, 0.18123895, 0.21700577), (-0.038024295, 0.18202487, 0.21659526), (-0.037108425, 0.1810131, 0.21670747), (-0.038223006, 0.1974427, 0.21695654), (-0.037607815, 0.19696836, 0.21646623), (-0.038395062, 0.19638732, 0.21674103), (0.0590624, 0.18273036, 0.21654248), (0.058757864, 0.18340969, 0.21716823), (0.057984434, 0.18253368, 0.2168634), (0.059152305, 0.19591781, 0.21686487), (0.058929972, 0.1969748, 0.21661755), (0.05825162, 0.19667377, 0.21713522), (-0.037480634, 0.19618696, 0.21703874), (-0.038507555, 0.19548759, 0.21674137), (-0.038320217, 0.19643888, 0.21538787), (0.059127275, 0.18281619, -0.21593969), (0.0580186, 0.1825782, -0.21623817), (0.058803122, 0.18346205, -0.21650837), (0.05924696, 0.19602239, -0.21618643), (0.058212742, 0.19675618, -0.21650207), (0.05896409, 0.19701932, -0.21598917), (-0.038174864, 0.18222879, -0.21594146), (-0.03793326, 0.1828908, -0.21653014), (-0.037425276, 0.18166108, -0.21600148), (0.062101614, 0.18181661, -0.21634471), (0.061808273, 0.18247853, -0.2158193), (0.06102379, 0.18159477, -0.21608977), (0.062241223, 0.19703865, -0.21613835), (0.06195838, 0.19803563, -0.21633543), (0.061206955, 0.19777246, -0.2158227), (-0.038053352, 0.18109898, -0.21637845), (0.0621134, 0.1818243, -0.2799836), (0.061028846, 0.18160139, -0.2802311), (0.061813373, 0.18248521, -0.28050125), (0.06224627, 0.19704525, -0.28017914), (0.061212055, 0.19777912, -0.28049478), (0.0619634, 0.19804218, -0.27998188), (-0.038180515, 0.18128996, -0.2799406), (-0.03786338, 0.18193929, -0.28050917), (-0.037069242, 0.18106411, -0.2802389), (-0.014201797, -0.19488543, -0.23956484), (-0.014143697, -0.19553357, -0.22278522), (-0.013975493, -0.19487242, -0.22308664), (-0.014238006, -0.1959063, -0.24033453), (-0.014161505, -0.1944057, -0.24046127), (-0.014196672, -0.19543245, -0.24119674), (-0.014028623, -0.1946716, -0.24135052), (-0.014288637, -0.17900251, -0.24134852), (-0.014199145, -0.19343609, -0.24075893), (-0.014352388, -0.17805673, -0.24084415), (-0.014303931, -0.17712595, -0.24107635), (-0.014305822, -0.17808717, -0.24206498), (-0.014285712, -0.1771066, -0.24212895), (-0.0143205905, -0.17804077, -0.26767263), (-0.014223078, -0.17803945, -0.24286987), (-0.014342375, -0.17712711, -0.26848313), (-0.014245427, -0.17858604, -0.2686501), (-0.01433167, -0.17726599, -0.26948836), (-0.014253385, -0.17811233, -0.2697695), (-0.01419109, -0.19037548, -0.2694486), (-0.014057435, -0.17924677, -0.26876), (0.052602813, -0.19454233, -0.22278309), (-0.013407677, -0.19493571, -0.22264403), (0.053251214, -0.19516455, -0.22277984), (0.05248759, -0.19005212, -0.26892906), (-0.013793932, -0.19044048, -0.2688947), (0.05323607, -0.19002312, -0.2693328), (-0.014180094, -0.19534789, 0.2227425), (-0.014275902, -0.19595577, 0.24029319), (-0.014239575, -0.19493476, 0.23952371), (-0.014004712, -0.19600709, 0.22305964), (-0.014199426, -0.19445515, 0.24042025), (-0.014234707, -0.1954821, 0.2411555), (-0.014066683, -0.19472124, 0.24130943), (-0.014326698, -0.17905214, 0.24131067), (-0.01423711, -0.1934856, 0.24071193), (-0.014384558, -0.17805016, 0.24062723), (-0.014253819, -0.17822489, 0.24183616), (-0.014341948, -0.17717549, 0.24103887), (-0.014299898, -0.17704147, 0.24207461), (-0.014294322, -0.17807113, 0.24281883), (-0.014362801, -0.17809588, 0.26763493), (-0.014384719, -0.1771824, 0.26844555), (-0.014287797, -0.17864133, 0.2686123), (-0.01437417, -0.17732151, 0.2694509), (-0.014295927, -0.17816788, 0.26973182), (-0.014233586, -0.19043094, 0.2694084), (-0.014099817, -0.17930207, 0.2687221), (0.052573267, -0.1956081, 0.22275688), (0.05321482, -0.19497888, 0.22274785), (-0.013437548, -0.19593765, 0.2226029), (0.052445125, -0.19010685, 0.26959154), (-0.013836332, -0.19049582, 0.2688545), (0.053193618, -0.19007866, 0.2691879), (-0.009233939, 0.18271148, -0.25144577), (-0.014482048, -0.19266075, -0.24141121), (-0.0071978304, -0.19274956, -0.25147992), (-0.016554916, 0.18256332, -0.24132247), (-0.009255693, 0.18192087, 0.25133988), (-0.007221906, -0.19276606, 0.25142154), (-0.014520112, -0.19271041, 0.24134797), (-0.016592972, 0.18251377, 0.24133618), (-0.009276424, 0.18277651, 0.25147977), (0.05325068, -0.19453028, -0.23942757), (0.053391974, -0.19452223, -0.223139), (0.053352393, -0.19553623, -0.24032918), (0.05363719, -0.19417405, -0.24025944), (0.05331287, -0.19503617, -0.2411936), (0.05317121, -0.19428104, -0.24133247), (0.053620636, -0.17868541, -0.24039787), (0.05312372, -0.19322899, -0.24052987), (0.053201854, -0.17804961, -0.24147142), (0.05320098, -0.17718215, -0.24066325), (0.053089794, -0.17666493, -0.2413467), (0.0531894, -0.17678988, -0.24213973), (0.053221636, -0.17765692, -0.24259269), (0.053243663, -0.17767084, -0.26766723), (0.05325557, -0.176757, -0.26847774), (0.053174634, -0.1782169, -0.26864472), (0.053246554, -0.17689596, -0.26948303), (0.053177577, -0.17774315, -0.26976413), (0.052993894, -0.17887962, -0.2687547), (0.053093538, -0.19456024, 0.23924623), (0.05361985, -0.19436169, 0.24007559), (0.0533145, -0.19558568, 0.24029855), (0.053362545, -0.19561961, 0.22312516), (0.05327484, -0.19508582, 0.24116313), (0.053153716, -0.19423525, 0.24097438), (0.053269554, -0.19341221, 0.240513), (0.053172056, -0.17870083, 0.24127476), (0.053623855, -0.1787206, 0.24015708), (0.053124804, -0.17785469, 0.24176691), (0.05317096, -0.17731212, 0.24062029), (0.053051736, -0.1767146, 0.24131986), (0.05311483, -0.17668968, 0.24209255), (0.053136643, -0.1777019, 0.2428242), (0.053201456, -0.17772593, 0.2676403), (0.053213235, -0.17681226, 0.26845095), (0.053132273, -0.17827219, 0.2686177), (0.05320406, -0.17695145, 0.26945627), (0.053135037, -0.17779864, 0.26973715), (0.052951515, -0.1789349, 0.26872742), (-0.03840636, 0.19672988, 0.28085122), (-0.037786204, 0.19751254, 0.2808278), (-0.03853666, 0.19735096, 0.27973917), (-0.038176306, 0.19749245, 0.27938104), (-0.0377541, 0.1975994, -0.216141), (-0.038291555, 0.19748321, -0.2175653), (-0.038497355, 0.1973698, -0.21651565), (-0.030551726, -0.1947338, -0.2401942), (-0.030531613, -0.19481991, 0.24013613), (-0.030899541, -0.19452468, 0.23953702), (-0.030643687, -0.17925642, 0.24009867), (-0.030628568, -0.1791929, -0.24013849), (-0.029864132, -0.19496986, -0.23980515), (-0.029901927, -0.19501917, 0.23953705), (0.052633554, -0.19425736, -0.24023917), (-0.029948935, -0.17947169, -0.24050549), (-0.017103957, 0.18274617, -0.24665347), (-0.03178589, 0.18262708, -0.24683785), (-0.031968195, 0.18273352, -0.24586108), (-0.017225787, 0.182732, 0.2457384), (-0.032058004, 0.18249597, 0.2459013), (-0.031887874, 0.18250164, 0.24683306), (-0.017188638, 0.1825556, 0.24684183), (-0.031960435, 0.18174075, -0.24648653), (-0.030090911, -0.17793615, 0.24607119), (-0.029840998, -0.17793487, 0.24685875), (-0.029848104, -0.17888753, 0.24655917), (-0.03003597, -0.17829798, -0.24594836), (-0.029731061, -0.17903292, -0.24576296), (-0.029790701, -0.17881456, -0.24678065), (-0.029802065, -0.17788407, -0.24692132), (-0.015301848, -0.17860274, -0.24678794), (-0.016910812, 0.18185523, -0.24696472), (-0.01534285, -0.17785549, 0.2468599), (-0.01533587, -0.17879933, 0.24655712), (-0.015248361, -0.17882402, -0.24576178), (0.061541352, 0.18140118, 0.27938718), (-0.036892086, 0.18120377, 0.28094143), (0.061961632, 0.18165971, 0.21818478), (0.0607682, 0.18134767, 0.21818465), (-0.037223496, 0.18080477, 0.27937934), (-0.03801626, 0.18110716, 0.28073198), (-0.03721867, 0.1808111, 0.21817687), (-0.03839317, 0.1812983, 0.2793793), (-0.03833309, 0.18136053, 0.21817684), (0.062286813, 0.19746952, 0.27938896), (0.062039435, 0.1978809, 0.21818641), (0.062351286, 0.19672889, 0.21818632), (0.062426616, 0.1829819, 0.21773723), (0.062423464, 0.1826634, 0.27938738), (0.062421687, 0.18297474, 0.28028283), (-0.038337227, 0.19733126, 0.21817844), (-0.03864127, 0.19616878, 0.27982852), (-0.038636412, 0.19617595, 0.2181783), (-0.038561147, 0.18242961, 0.21817692), (-0.038323354, 0.18298009, 0.21690214), (-0.03856597, 0.18242326, 0.2793794), (-0.03830131, 0.18202376, 0.2808606), (0.058541182, 0.18239118, 0.21539398), (-0.037178986, 0.18228455, 0.21713892), (-0.036891114, 0.18196756, 0.21605791), (-0.038142268, 0.18205623, 0.21538632), (-0.03719001, 0.18185543, -0.21477632), (-0.038304426, 0.18240488, -0.21477635), (0.05813081, 0.18237749, -0.21476875), (0.059239164, 0.18293901, -0.2147686), (0.05929759, 0.1964598, 0.21539555), (0.059331506, 0.19650409, -0.21476723), (0.0594227, 0.18375717, 0.2156927), (0.059455533, 0.18400986, -0.21521616), (-0.03863072, 0.19517636, 0.21538769), (-0.0382863, 0.19648308, -0.21477495), (-0.03856469, 0.18311682, 0.21538644), (-0.03859676, 0.19521983, -0.21522275), (-0.03845189, 0.19636433, -0.21606381), (-0.038532447, 0.18347327, -0.21522395), (0.061580535, 0.1814523, -0.21755919), (-0.036852077, 0.18110503, -0.21608828), (0.062000807, 0.18171087, -0.27876157), (0.06080738, 0.18139878, -0.2787617), (-0.037184313, 0.18085586, -0.21756704), (-0.03717949, 0.18086211, -0.2787695), (-0.038353987, 0.18134943, -0.21756707), (-0.038293906, 0.18141156, -0.27876952), (0.062325995, 0.19752061, -0.21755739), (0.062460903, 0.18302664, -0.21711124), (0.06233082, 0.19752692, -0.27875996), (0.062465798, 0.18303303, -0.2792091), (0.06246436, 0.1824015, -0.21755902), (-0.038602054, 0.19622068, -0.21756548), (-0.038286727, 0.19748949, -0.27876794), (-0.03852679, 0.18247437, -0.21756697), (-0.03859719, 0.19622624, -0.2792157), (-0.038451057, 0.19708325, -0.27997637), (-0.038521923, 0.18247998, -0.27921712), (-0.038523424, 0.18184687, -0.21667165), (0.0004900981, -0.10716127, -0.26124385), (-0.0012481589, -0.17448273, -0.26015306), (-0.0015549344, -0.10714229, -0.25997284), (0.00073206244, -0.17452611, -0.2611674), (0.0008085033, -0.17460428, -0.2644628), (0.00055690727, -0.10713634, -0.26450777), (0.0013364707, -0.17486021, -0.26130298), (0.0012832078, -0.17487365, -0.26406115), (-0.01279561, -0.19279371, -0.26224166), (-0.014973314, 0.1826071, -0.2622032), (-0.013086633, -0.19281511, -0.27549222), (-0.015168206, 0.18238515, -0.27532154), (-0.012934583, -0.19276442, -0.25337154), (-0.015058749, 0.18245745, -0.2534456), (-0.016253505, -0.19275273, -0.249515), (-0.018267784, 0.18245295, -0.2495947), (-0.014909876, 0.18294068, -0.25323802), (-0.014462299, -0.19281617, -0.2470938), (-0.029550618, -0.1920983, -0.24684775), (-0.029893361, -0.19294098, -0.24699344), (-0.014216454, -0.1920143, -0.24697475), (-0.016225308, 0.18193372, -0.24678725), (-0.0012891755, -0.1745363, 0.26009566), (0.00043639215, -0.107154556, 0.26116833), (-0.0015959268, -0.10719575, 0.25992927), (0.00069088285, -0.17457986, 0.2611103), (0.00042463062, -0.10716403, 0.2644334), (0.00069527235, -0.17458019, 0.26446345), (-0.003130427, -0.17481741, 0.2661944), (-0.0035009696, -0.1071453, 0.26620135), (-0.003881982, -0.17447248, 0.26621795), (-0.0042487006, -0.10749846, 0.26622483), (-0.018211886, -0.107401766, 0.26995322), (-0.017960679, -0.17475374, 0.2700911), (-0.026912931, -0.1748906, 0.27037936), (-0.027285414, -0.10754636, 0.27020448), (-0.017228309, -0.17488378, 0.26989824), (-0.017490791, -0.10717928, 0.26996917), (-0.012360739, -0.10736052, 0.26624426), (-0.012281353, -0.17472228, 0.26651376), (-0.011539575, -0.17487402, 0.26637056), (-0.01164738, -0.107073024, 0.26635802), (0.00065158727, -0.10757437, 0.26400134), (0.0005865487, -0.107880354, 0.26155585), (0.0010970357, -0.17490938, 0.2641309), (0.0012952716, -0.17491396, 0.2612459), (-0.015196433, 0.1824907, 0.27537543), (-0.012836959, -0.1928477, 0.26217866), (-0.013130072, -0.19287182, 0.27542922), (-0.015014662, 0.18255317, 0.26221713), (-0.012974533, -0.19281659, 0.25330853), (-0.018307146, 0.18240163, 0.2496081), (-0.016292848, -0.19280404, 0.24945149), (-0.015141273, 0.18240511, 0.2533409), (-0.014907258, 0.18288884, 0.25337064), (-0.029128253, -0.19214655, 0.24693608), (-0.014501259, -0.19286701, 0.24703054), (-0.029950518, -0.19296914, 0.24682757), (-0.01631737, 0.18233533, 0.24699722), (-0.014255395, -0.1920651, 0.24691169), (-0.016210662, 0.18289484, 0.24715656), (-0.013500533, -0.17772056, -0.24054532), (0.052414626, -0.1771409, -0.2405713), (-0.013496625, -0.17841956, -0.24155565), (0.052424148, -0.17886849, -0.24136303), (-0.013402236, -0.1956625, -0.24105752), (0.052514117, -0.19530155, -0.24105228), (0.052418027, -0.17773567, -0.24240582), (-0.013498501, -0.17806534, -0.24236806), (0.052419856, -0.1777018, -0.26774168), (-0.0134964995, -0.17806274, -0.26774693), (-0.013400579, -0.19597502, -0.24037004), (0.052515775, -0.19561407, -0.2403648), (0.05251442, -0.19561584, -0.22315629), (-0.013401936, -0.1959768, -0.22316152), (-0.01350108, -0.17720202, -0.26942065), (0.052415777, -0.17692961, -0.2696185), (0.052470177, -0.19425617, 0.24019893), (0.05247307, -0.1945356, 0.22310802), (-0.013443288, -0.19489653, 0.2231028), (-0.013538462, -0.17777005, 0.24050787), (0.05237669, -0.1771904, 0.24054436), (0.052464426, -0.19320941, 0.24048023), (0.052476108, -0.19535115, 0.24102157), (-0.013440245, -0.19571207, 0.24101634), (0.052379638, -0.1777543, 0.24233575), (-0.013536717, -0.17811523, 0.24233052), (0.052377637, -0.17775692, 0.26771462), (-0.013538718, -0.17811784, 0.26770937), (-0.01343848, -0.19602448, 0.24032883), (0.052477874, -0.19566353, 0.24033406), (-0.013543562, -0.17725745, 0.26938328), (0.05237326, -0.17698509, 0.2695916), (-0.017061576, 0.18172921, 0.2457383), (-0.017022826, 0.18177973, -0.24572474), (-0.015092719, -0.177854, 0.24570143), (-0.015053969, -0.17780344, -0.24576166), (0.05304817, -0.17851734, -0.23959492), (-0.037746795, 0.19643122, -0.21627308), (-0.036937557, 0.19669707, -0.21544625), (0.057715066, 0.1973731, -0.21521492), (-0.036972396, 0.1968113, 0.21538799), (0.057681076, 0.19732879, 0.2158432), (0.05834843, 0.19733322, 0.21539555), (0.05838235, 0.19737744, -0.21476719), (-0.037741233, 0.19743775, -0.2803469), (-0.03693887, 0.1978612, -0.2792154), (0.060714383, 0.19839603, -0.27920765), (-0.036943734, 0.19785562, -0.21756518), (0.060709488, 0.19838963, -0.21710971), (0.061376832, 0.19839406, -0.21755737), (0.06138166, 0.19840036, -0.2787599), (-0.0030884477, -0.17476262, -0.2662522), (-0.003458988, -0.10709057, -0.26624522), (-0.003839997, -0.17441767, -0.26627576), (-0.004206715, -0.10744372, -0.26626894), (-0.0114949355, -0.17466362, -0.26618075), (-0.011868212, -0.10712602, -0.26642272), (-0.012608273, -0.10728587, -0.26656607), (-0.027240187, -0.10728185, -0.27042985), (-0.026875187, -0.17462765, -0.2702647), (-0.018287025, -0.1073166, -0.27014428), (-0.01780069, -0.17466725, -0.2700064), (-0.017556164, -0.10717853, -0.26995134), (-0.0170772, -0.17488185, -0.27002218), (-0.012161142, -0.17482024, -0.26650396), (-0.013680252, -0.19225396, -0.2754847), (-0.028624067, -0.19298114, -0.27568498), (-0.015249242, 0.18291974, -0.27555603), (-0.030681415, 0.18274848, -0.2756465), (-0.029010026, -0.19223967, -0.2756359), (-0.031059228, 0.18200274, -0.27559754), (-0.030034445, -0.19276594, -0.24605046), (-0.030188223, -0.19299442, -0.23047747), (-0.03213879, 0.18241099, -0.23021683), (-0.030142654, -0.19225055, -0.2300858), (-0.03237888, 0.18285021, -0.23057626), (-0.017075708, -0.1928185, -0.24935316), (-0.019252855, 0.18191743, -0.24945237), (-0.033683598, 0.18221577, -0.24927154), (-0.031637758, -0.19301368, -0.24914047), (-0.032063413, -0.19223456, -0.24906541), (-0.01862931, 0.18289973, -0.2493094), (-0.013723689, -0.19231065, 0.27542165), (-0.028667541, -0.19303794, 0.27561942), (-0.030724883, 0.1826918, 0.275658), (-0.015650323, 0.18284494, 0.27561355), (-0.029053483, -0.1922964, 0.27557042), (-0.031102685, 0.18194604, 0.2756088), (-0.030049969, -0.1921515, 0.24595876), (-0.032281905, 0.18268795, 0.23045021), (-0.030224564, -0.19304182, 0.23041168), (-0.032228127, 0.18194461, 0.2300585), (-0.030178932, -0.19229789, 0.23002014), (-0.017115021, -0.19286981, 0.24928948), (-0.019292194, 0.18186617, 0.24946555), (-0.03167704, -0.19306491, 0.24907447), (-0.033722907, 0.18216453, 0.24928246), (-0.03210268, -0.19228578, 0.2489995), (-0.018668627, 0.18284848, 0.24932285), (-0.03697586, 0.19648829, 0.2812763), (0.061012756, 0.19671197, 0.28128403), (0.06075605, 0.18265085, 0.28128257), (-0.03723253, 0.18242721, 0.28127483), (-0.03696902, 0.19618206, 0.21628316), (0.060761176, 0.18265751, 0.21628948), (0.061017882, 0.1967186, 0.21629094), (0.058023535, 0.19570222, 0.21729064), (0.057755876, 0.18364085, 0.21728937), (-0.037232958, 0.18343374, 0.21728186), (-0.037297305, 0.19518027, 0.21728307), (0.05805775, 0.19574684, -0.21666272), (-0.03787451, 0.19522156, -0.21661475), (-0.03692941, 0.19522665, -0.21667026), (-0.03686332, 0.18316714, -0.2166715), (0.057790093, 0.18368547, -0.21666397), (0.061051946, 0.19676307, -0.21566232), (0.060795233, 0.18270196, -0.21566378), (-0.03685964, 0.18248016, -0.21567151), (0.06105707, 0.19676976, -0.2806554), (0.06080036, 0.18270867, -0.28065687), (-0.03726352, 0.19623123, -0.28066322), (-0.0368528, 0.18217383, -0.28066462), (-0.03815268, 0.1962266, -0.28055215), (-0.004596662, -0.19274987, -0.25211048), (-0.0068550925, -0.1919735, -0.2515615), (-0.0066461703, 0.18277554, -0.25207224), (0.047417082, 0.18307257, -0.26186934), (0.04946753, -0.19245285, -0.26190326), (0.04999967, 0.18316191, -0.2623644), (0.052127443, -0.19224592, -0.26231843), (0.050188057, 0.18229897, -0.26233727), (-0.0046364125, -0.19280176, 0.2520488), (-0.006685922, 0.18272373, 0.25208762), (0.047375783, 0.18301873, 0.26189327), (0.049426224, -0.19250673, 0.26185012), (0.0499583, 0.18310796, 0.26238874), (0.050146684, 0.182245, 0.26236144), (0.05208608, -0.1922999, 0.26226583), (-0.03447121, 0.1596871, -0.2528638), (-0.03436556, 0.15744445, -0.2523918), (-0.033625174, 0.15971573, -0.25220165), (-0.032842893, 0.15745275, -0.25196987), (-0.03239347, 0.15971784, -0.2521686), (-0.021208094, 0.15977909, -0.2521677), (-0.020733915, 0.15751904, -0.25196892), (-0.01965745, 0.15977246, -0.25231016), (-0.019320555, 0.1575268, -0.25225002), (-0.018773198, -0.20057783, -0.25200564), (-0.017250462, -0.20056942, -0.2524273), (-0.018585335, -0.20278387, -0.25215587), (-0.017358696, -0.20282112, -0.25254813), (-0.030407967, -0.20290416, -0.25220573), (-0.01923169, -0.20297258, -0.25231913), (-0.030882174, -0.20064417, -0.2520066), (-0.031958584, -0.2028975, -0.25234845), (-0.03240484, -0.20065242, -0.2524285), (-0.01920983, 0.15752919, -0.269545), (-0.020568833, 0.15972887, -0.26981667), (-0.019342728, 0.15977953, -0.26942417), (-0.03239208, 0.15971965, -0.26976863), (-0.021217242, 0.15991049, -0.26965353), (-0.020732498, 0.1575209, -0.26996693), (-0.032841474, 0.15745455, -0.26996788), (-0.033904266, 0.15969191, -0.26963928), (-0.03436421, 0.15744618, -0.26954618), (-0.030880755, -0.2006423, -0.2700046), (-0.03240349, -0.20065074, -0.26958293), (-0.032484643, -0.20289432, -0.26911092), (-0.03163825, -0.20291372, -0.26977295), (-0.03040658, -0.20290233, -0.2698058), (-0.018771779, -0.200576, -0.27000365), (-0.019221209, -0.20284109, -0.26980492), (-0.017709037, -0.20281336, -0.26967534), (-0.017249105, -0.20056765, -0.26958174), (-0.019033654, 0.15979572, -0.2531432), (-0.01883617, 0.15752955, -0.25314054), (-0.019000573, 0.15979142, -0.2545117), (-0.018999554, 0.15979275, -0.2674234), (-0.018789196, 0.15752995, -0.2544948), (-0.018788176, 0.15753129, -0.26744068), (-0.018999476, 0.15979286, -0.26844695), (-0.018788096, 0.1575314, -0.26846695), (-0.016827375, -0.20056547, -0.26850364), (-0.017046876, -0.20283394, -0.26882905), (-0.017014058, -0.20282927, -0.26746053), (-0.016827457, -0.20056558, -0.26747736), (-0.016828477, -0.200567, -0.25453147), (-0.017015077, -0.20283057, -0.25454885), (-0.017015157, -0.20283067, -0.25352535), (-0.016828557, -0.200567, -0.25350526), (-0.0010437887, -0.17481604, -0.25954145), (0.001672676, -0.17456698, -0.26055425), (0.0013241852, -0.107217744, -0.26057175), (-0.0014303786, -0.107838035, -0.2594957), (0.0016942178, -0.17462188, -0.26496732), (0.0013954677, -0.10723426, -0.26490942), (0.0015161072, -0.10693743, -0.2611307), (-0.003969148, -0.17492718, -0.26630026), (-0.0035182028, -0.17471427, -0.26699412), (-0.0111517375, -0.17477104, -0.26710042), (-0.011803772, -0.17454295, -0.2673876), (-0.016803795, -0.17474838, -0.27078563), (-0.017525997, -0.17464507, -0.27094933), (-0.02687068, -0.17494692, -0.27089635), (0.0014278084, -0.106904246, -0.26438513), (-0.0043414375, -0.106935635, -0.26629323), (-0.0038881884, -0.10714348, -0.26698717), (-0.011485849, -0.10726743, -0.2671332), (-0.012171382, -0.1074054, -0.26738077), (-0.017212074, -0.10723355, -0.27077848), (-0.017868102, -0.107436225, -0.2709682), (0.05220745, 0.18306923, -0.27543733), (0.054354962, -0.19215252, -0.27541777), (0.05198449, -0.19266173, -0.26256248), (0.054208804, -0.19240437, -0.278198), (0.05417577, -0.1926359, -0.2755869), (0.0522343, 0.1829083, -0.27821544), (-0.028795408, -0.19287579, -0.27822772), (-0.030982418, 0.18241, -0.2782328), (-0.03396642, 0.18260288, -0.23014702), (-0.031987127, -0.1927181, -0.23019305), (-0.030525245, 0.18283518, -0.27815643), (-0.015331825, 0.1827307, -0.2782112), (-0.028477194, -0.1920891, -0.27841073), (-0.013385994, -0.19257252, -0.2783847), (-0.010219707, -0.19277798, -0.2782492), (-0.013165201, -0.19301684, -0.2781147), (-0.01227594, 0.18274745, -0.2782107), (0.051273797, -0.19244127, -0.2782331), (0.05409418, -0.19163704, -0.27840418), (0.049217563, 0.1830841, -0.2781946), (0.051958516, 0.18332185, -0.27807274), (-0.034168534, 0.1818338, -0.23025759), (-0.03400318, 0.18262361, -0.23110509), (-0.03405085, 0.18262509, -0.24813521), (-0.033874504, 0.1827901, -0.249051), (-0.03196588, -0.19305792, -0.2481482), (-0.031821795, -0.19309892, -0.23082319), (-0.034406714, 0.15739079, 0.26955187), (-0.033071883, 0.15960512, 0.26982403), (-0.03429215, 0.15963888, 0.26942524), (-0.03288405, 0.15739907, 0.26997387), (-0.020857558, 0.15976457, 0.26975396), (-0.032425508, 0.15979384, 0.2696609), (-0.019385215, 0.15972409, 0.26943272), (-0.020340925, 0.15939707, 0.26997507), (-0.02077507, 0.15746538, 0.26997483), (-0.019252336, 0.15747377, 0.2695531), (-0.018447395, -0.20062955, 0.26990688), (-0.017151004, -0.20062236, 0.26940706), (-0.01740617, -0.20287126, 0.26938924), (-0.018626496, -0.20283757, 0.26978785), (-0.030840814, -0.20299704, 0.2697158), (-0.019272847, -0.20302628, 0.2696246), (-0.030923331, -0.20069785, 0.26993716), (-0.031357475, -0.20262955, 0.26993692), (-0.03230682, -0.20295286, 0.26938805), (-0.032445993, -0.2007062, 0.26951516), (-0.03307049, 0.159607, 0.25212604), (-0.03440536, 0.15739259, 0.2523975), (-0.034290824, 0.15964065, 0.2525246), (-0.03288263, 0.15740098, 0.2519758), (-0.020856174, 0.15976645, 0.25219807), (-0.032424137, 0.1597957, 0.25228927), (-0.032444645, -0.20070435, 0.2523608), (-0.019383885, 0.15972584, 0.2525195), (-0.020339508, 0.15939897, 0.251977), (-0.020773651, 0.15746728, 0.25197676), (-0.019360334, 0.157475, 0.25225812), (-0.01881294, -0.20062967, 0.25194), (-0.01739962, -0.20062196, 0.25222138), (-0.017398521, -0.2028731, 0.2524823), (-0.0186251, -0.20283578, 0.25208986), (-0.030447736, -0.20295604, 0.25213787), (-0.019271478, -0.20302448, 0.252253), (-0.030921912, -0.200696, 0.25193906), (-0.031998377, -0.20294942, 0.25228035), (-0.01887609, 0.15747754, 0.25314865), (-0.01904063, 0.15973924, 0.25349677), (-0.01904071, 0.15973914, 0.25452027), (-0.019041726, 0.1597378, 0.26743197), (-0.018829329, 0.15747766, 0.25450295), (-0.019041806, 0.15973769, 0.26845554), (-0.01883035, 0.15747634, 0.26744884), (-0.018830432, 0.15747623, 0.26847512), (-0.01686963, -0.20062062, 0.26741213), (-0.01686971, -0.20062073, 0.2684384), (-0.017056314, -0.20288439, 0.26841837), (-0.017056234, -0.20288429, 0.26739478), (-0.01686861, -0.20061938, 0.25446624), (-0.017055215, -0.20288296, 0.2544831), (-0.017055135, -0.20288286, 0.25345957), (-0.01691537, -0.2006194, 0.25311193), (0.001614511, -0.17465527, 0.2604665), (-0.0010847073, -0.17486945, 0.259484), (0.0012830982, -0.107271336, 0.26052856), (-0.0014712958, -0.10789141, 0.25945196), (0.001652441, -0.17467642, 0.26491034), (0.0013422682, -0.10727145, 0.26487166), (0.0014749322, -0.106991135, 0.26108763), (0.001922038, -0.17403135, 0.26102078), (-0.0040111365, -0.174982, 0.2662423), (-0.0035603011, -0.1747692, 0.26693624), (-0.011158899, -0.17472844, 0.26708108), (-0.011845933, -0.17459796, 0.26732856), (-0.016884977, -0.17482501, 0.27072546), (-0.01754321, -0.17462951, 0.2709151), (0.0010959773, -0.10699361, 0.26493615), (-0.0043834266, -0.10699038, 0.26624924), (-0.003930289, -0.10719838, 0.2669432), (-0.011580202, -0.107257806, 0.26707485), (-0.012384399, -0.10709428, 0.26717377), (-0.017216066, -0.107309766, 0.2707326), (-0.01793712, -0.10742096, 0.27089623), (-0.027284535, -0.10722146, 0.27084166), (0.052164014, 0.18301255, 0.27546197), (0.054311536, -0.19220918, 0.2753655), (0.05194309, -0.19271576, 0.2625097), (0.05416494, -0.19246162, 0.2781457), (0.05413232, -0.1926926, 0.2755345), (0.052190427, 0.18285109, 0.27824014), (-0.034002714, 0.18255557, 0.23015797), (-0.032023422, -0.19276549, 0.230127), (-0.030835796, 0.18252996, 0.27821246), (-0.028951604, -0.1927536, 0.2782149), (-0.0153757, 0.18267342, 0.27822512), (-0.0134298885, -0.19262983, 0.27832165), (-0.028374668, -0.19313215, 0.27805045), (-0.012319812, 0.18269013, 0.27822512), (0.051914662, 0.18326469, 0.27809742), (0.04917369, 0.18302691, 0.27821878), (0.051299207, -0.19237429, 0.2783183), (0.05405028, -0.19169432, 0.27835196), (-0.010261289, -0.19271137, 0.27830943), (-0.013209052, -0.1930741, 0.27805158), (-0.034204844, 0.18178648, 0.23026834), (-0.034039628, 0.1825761, 0.23111607), (-0.03200501, -0.19310895, 0.24808215), (-0.03185819, -0.19314638, 0.2307571), (-0.03408998, 0.18257408, 0.24814616), (-0.033913776, 0.18273886, 0.24906203), (-0.027258202, -0.10797824, -0.27091968), (0.061003983, 0.19834115, 0.27938893), (0.06067026, 0.19833773, 0.28028432), (-0.036982916, 0.19780451, 0.27938116), (-0.03697805, 0.19781017, 0.2177309), (0.06067519, 0.19834487, 0.21773864), (-0.00433635, -0.10785317, -0.26709324), (-0.003974109, -0.17400949, -0.26710004), (-0.034827277, 0.15739013, 0.25347546), (-0.034640677, 0.15965378, 0.25349554), (-0.03262217, -0.2029727, 0.25311333), (-0.032866556, -0.20070678, 0.25343877), (-0.032655258, -0.20296836, 0.2544819), (-0.034827355, 0.15739003, 0.25450167), (-0.03286766, -0.20070828, 0.26741087), (-0.032656275, -0.2029697, 0.26739356), (-0.032656357, -0.2029698, 0.26841715), (-0.03286664, -0.20070688, 0.25446498), (-0.034828376, 0.15738869, 0.26744756), (-0.03286774, -0.20070839, 0.26843715), (-0.034828458, 0.15738858, 0.26847383), (-0.03464186, 0.15965222, 0.2684543), (-0.034641776, 0.15965232, 0.26743075), (-0.03464076, 0.15965368, 0.25451905), (-0.026938671, -0.17419036, 0.27086505), (-0.012099793, -0.10795038, 0.2672961), (-0.004016224, -0.17406449, 0.26704228), (-0.0043784655, -0.107908085, 0.26704907), (-0.034566566, 0.15971226, -0.26879314), (-0.03478612, 0.15744375, -0.2684682), (-0.032825403, -0.20065317, -0.26850492), (-0.032825485, -0.20065327, -0.26747864), (-0.0326141, -0.20291467, -0.26746175), (-0.032615118, -0.20291601, -0.25455007), (-0.03258225, -0.20292062, -0.25318152), (-0.032826588, -0.20065461, -0.25350654), (-0.032826506, -0.2006545, -0.25453275), (-0.034787305, 0.15744226, -0.25346985), (-0.034787223, 0.15744236, -0.25449604), (-0.034786202, 0.15744364, -0.26744193), (-0.0345996, 0.1597073, -0.2674246), (-0.034600616, 0.15970601, -0.25451294), (-0.032700468, 0.15988451, -0.268302), (-0.032700546, 0.15988441, -0.2672984), (-0.032701544, 0.1598831, -0.2546387), (-0.032701623, 0.159883, -0.25363523), (-0.020901527, 0.1599476, -0.2536343), (-0.020901447, 0.15994771, -0.25463778), (-0.020900449, 0.15994902, -0.26729748), (-0.02090037, 0.15994912, -0.26830107), (-0.030713141, -0.2030708, -0.26833922), (-0.03071322, -0.20307091, -0.2673356), (-0.030714218, -0.2030722, -0.25467592), (-0.030714298, -0.20307231, -0.25367242), (-0.018913044, -0.2030062, -0.26833826), (-0.0189142, -0.2030077, -0.25367147), (-0.01891412, -0.2030076, -0.25467497), (-0.018913122, -0.2030063, -0.26733464), (-0.013939084, -0.19304925, -0.24743566), (-0.0138770975, -0.19304934, -0.2431082), (-0.009829905, -0.19302522, -0.26226178), (0.04900456, -0.19270304, -0.26271597), (0.051098976, -0.19269024, -0.27561253), (-0.009753561, -0.1930234, -0.2759742), (-0.02792145, -0.19312267, -0.2779634), (-0.01460889, 0.18298073, -0.26220313), (-0.0298877, 0.18289863, -0.27774432), (-0.011812984, 0.18299752, -0.27592966), (0.04902858, 0.18333052, -0.2754311), (0.04696389, 0.18331791, -0.26269603), (-0.011888068, 0.18299563, -0.2622241), (-0.016475866, 0.1829684, -0.24158496), (-0.015936043, 0.18297149, -0.24306954), (-0.016118938, 0.18294281, -0.24725284), (-0.03276093, 0.18287997, -0.24883355), (-0.032550234, 0.18288094, -0.24700895), (-0.03274279, 0.15982929, 0.2683085), (-0.032742713, 0.1598294, 0.2673049), (-0.02094268, 0.1598939, 0.26830944), (-0.0209426, 0.15989403, 0.26730585), (-0.020941602, 0.15989536, 0.25464615), (-0.032741714, 0.15983073, 0.2546452), (-0.020941524, 0.15989546, 0.25364262), (-0.032741636, 0.15983085, 0.25364166), (-0.030755458, -0.20312601, 0.2682713), (-0.030755378, -0.20312591, 0.2672677), (-0.03075438, -0.2031246, 0.254608), (-0.030754302, -0.2031245, 0.25360444), (-0.018954208, -0.2030599, 0.25360537), (-0.018954286, -0.20306, 0.25460893), (-0.018955285, -0.2030613, 0.26726863), (-0.018955365, -0.2030614, 0.26827222), (-0.013978098, -0.19310017, 0.24737242), (-0.013915429, -0.19309938, 0.24304491), (-0.009871257, -0.1930792, 0.26219922), (0.04896313, -0.19275708, 0.26266274), (0.05105552, -0.19274695, 0.27555963), (0.051091366, -0.192747, 0.2779042), (-0.010268162, -0.19308297, 0.2779409), (-0.009797075, -0.19308019, 0.27591163), (-0.014650239, 0.18292683, 0.2622172), (-0.014793572, 0.1829246, 0.2756605), (-0.032800168, 0.1828288, 0.24884485), (-0.015630811, 0.18292293, 0.2476884), (-0.016513962, 0.18291876, 0.24159876), (-0.015974374, 0.18292156, 0.24308348), (-0.01192942, 0.18294173, 0.26223865), (0.04692246, 0.18326393, 0.26271993), (0.048985142, 0.18327391, 0.27545533), (-0.011856497, 0.18294072, 0.2759442), (-0.029931499, 0.18284146, 0.27775607), (0.052413773, -0.17657556, -0.2688061), (-0.013504581, -0.17697057, -0.24129517), (0.052371386, -0.17663085, 0.26877925), (-0.013542628, -0.1770202, 0.24125785)]
}

