#usda 1.0
(
    defaultPrim = "SM_Lift_Text_8_Education"
    upAxis = "Z"
)

def Mesh "SM_Lift_Text_8_Education"
{
    int[] faceVertexCounts = [3, 3, 3, 3, 3, 3, 3, 3, 3, 3, 3, 3, 3, 3, 3, 3, 3, 3, 3, 3, 3, 3, 3, 3, 3, 3, 3, 3, 3, 3, 3, 3, 3, 3, 3, 3, 3, 3, 3, 3, 3, 3, 3, 3, 3, 3, 3, 3, 3, 3, 3, 3, 3, 3, 3, 3, 3, 3, 3, 3, 3, 3, 3, 3, 3, 3, 3, 3, 3, 3, 3, 3, 3, 3, 3, 3, 3, 3, 3, 3, 3, 3, 3, 3, 3, 3, 3, 3, 3, 3, 3, 3, 3, 3, 3, 3, 3, 3, 3, 3, 3, 3, 3, 3, 3, 3, 3, 3, 3, 3, 3, 3, 3, 3, 3, 3, 3, 3, 3, 3, 3, 3, 3, 3, 3, 3, 3, 3, 3, 3, 3, 3, 3, 3, 3, 3, 3, 3, 3, 3, 3, 3, 3, 3, 3, 3, 3, 3, 3, 3, 3, 3, 3, 3, 3, 3, 3, 3, 3, 3, 3, 3, 3, 3, 3, 3, 3, 3, 3, 3, 3, 3, 3, 3, 3, 3, 3, 3, 3, 3, 3, 3, 3, 3, 3, 3, 3, 3, 3, 3, 3, 3, 3, 3, 3, 3, 3, 3, 3, 3, 3, 3, 3, 3, 3, 3, 3, 3, 3, 3, 3, 3, 3, 3, 3, 3, 3, 3, 3, 3, 3, 3, 3, 3, 3, 3, 3, 3, 3, 3, 3, 3, 3, 3, 3, 3, 3, 3, 3, 3, 3, 3, 3, 3, 3, 3, 3, 3, 3, 3, 3, 3, 3, 3, 3, 3, 3, 3, 3, 3, 3, 3, 3, 3, 3, 3, 3, 3, 3, 3, 3, 3, 3, 3, 3, 3, 3, 3, 3, 3, 3, 3, 3, 3, 3, 3, 3, 3, 3, 3, 3, 3, 3, 3, 3, 3, 3, 3, 3, 3, 3, 3, 3, 3, 3, 3, 3, 3, 3, 3, 3, 3, 3, 3, 3, 3, 3, 3, 3, 3, 3, 3, 3, 3, 3, 3, 3, 3, 3, 3, 3, 3, 3, 3, 3, 3, 3, 3, 3, 3, 3, 3, 3, 3, 3, 3, 3, 3, 3, 3, 3, 3, 3, 3, 3, 3, 3, 3, 3, 3, 3, 3, 3, 3, 3, 3, 3, 3, 3, 3, 3, 3, 3, 3, 3, 3, 3, 3, 3, 3, 3, 3, 3, 3, 3, 3, 3, 3, 3, 3, 3, 3, 3, 3, 3, 3, 3, 3, 3, 3, 3, 3, 3, 3, 3, 3, 3, 3, 3, 3, 3, 3, 3, 3, 3, 3, 3, 3, 3, 3, 3, 3, 3, 3, 3, 3, 3, 3, 3, 3, 3, 3, 3, 3, 3, 3, 3, 3, 3, 3, 3, 3, 3, 3, 3, 3, 3, 3, 3, 3, 3, 3, 3, 3, 3, 3, 3, 3, 3, 3, 3, 3, 3, 3, 3, 3, 3, 3, 3, 3, 3, 3, 3, 3, 3, 3, 3, 3, 3, 3, 3, 3, 3, 3, 3, 3, 3, 3, 3, 3, 3, 3, 3, 3, 3, 3, 3, 3, 3, 3, 3, 3, 3, 3, 3, 3, 3, 3, 3, 3, 3, 3, 3, 3, 3, 3, 3, 3, 3, 3, 3, 3, 3, 3, 3, 3, 3, 3, 3, 3, 3, 3, 3, 3, 3, 3, 3, 3, 3, 3, 3, 3, 3, 3, 3, 3, 3, 3, 3, 3, 3, 3, 3, 3, 3, 3, 3, 3, 3, 3, 3, 3, 3, 3, 3, 3, 3, 3, 3, 3, 3, 3, 3, 3, 3, 3, 3, 3, 3, 3, 3, 3, 3, 3, 3, 3, 3, 3, 3, 3, 3, 3, 3, 3, 3, 3, 3, 3, 3, 3, 3, 3, 3, 3, 3, 3, 3, 3, 3, 3, 3, 3, 3, 3, 3, 3, 3, 3, 3, 3, 3, 3, 3, 3, 3, 3, 3, 3, 3, 3, 3, 3, 3, 3, 3, 3, 3, 3, 3, 3, 3, 3, 3, 3, 3, 3, 3, 3, 3, 3, 3, 3, 3, 3, 3, 3, 3, 3, 3, 3, 3, 3, 3, 3, 3, 3, 3, 3, 3, 3, 3, 3, 3, 3, 3, 3, 3, 3, 3, 3, 3, 3, 3, 3, 3, 3, 3, 3, 3, 3, 3, 3, 3, 3, 3, 3, 3, 3, 3, 3, 3, 3, 3, 3, 3, 3, 3, 3, 3, 3, 3, 3, 3, 3, 3, 3, 3, 3, 3, 3, 3, 3, 3, 3, 3, 3, 3, 3, 3, 3, 3, 3, 3, 3, 3, 3, 3, 3, 3, 3, 3, 3, 3, 3, 3, 3, 3, 3, 3, 3, 3, 3, 3, 3, 3, 3, 3, 3, 3, 3, 3, 3, 3, 3, 3, 3, 3, 3, 3, 3, 3, 3, 3, 3, 3, 3, 3, 3, 3, 3, 3, 3, 3, 3, 3, 3, 3, 3, 3, 3, 3, 3, 3, 3, 3, 3, 3, 3, 3, 3, 3, 3, 3, 3, 3, 3, 3, 3, 3, 3, 3, 3, 3, 3, 3, 3, 3, 3, 3, 3, 3, 3, 3, 3, 3, 3, 3, 3, 3, 3, 3, 3, 3, 3, 3, 3, 3, 3, 3, 3, 3, 3, 3, 3, 3, 3, 3, 3, 3, 3, 3, 3, 3, 3, 3, 3, 3, 3, 3, 3, 3, 3, 3, 3, 3, 3, 3, 3, 3, 3, 3, 3, 3, 3, 3, 3, 3, 3, 3, 3, 3, 3, 3, 3, 3, 3, 3, 3, 3, 3, 3, 3, 3, 3, 3, 3, 3, 3, 3, 3, 3, 3, 3, 3, 3, 3, 3, 3, 3, 3, 3, 3, 3, 3, 3, 3, 3, 3, 3, 3, 3, 3, 3, 3, 3, 3, 3, 3, 3, 3, 3, 3, 3, 3, 3, 3, 3, 3, 3, 3, 3, 3, 3, 3, 3, 3, 3, 3, 3, 3, 3, 3, 3, 3, 3, 3, 3, 3, 3, 3, 3, 3, 3, 3, 3, 3, 3, 3, 3, 3, 3, 3, 3, 3, 3, 3, 3, 3, 3, 3, 3, 3, 3, 3, 3, 3, 3, 3, 3, 3, 3, 3, 3, 3, 3, 3, 3, 3, 3, 3, 3, 3, 3, 3, 3, 3, 3, 3, 3, 3, 3, 3, 3, 3, 3, 3, 3, 3, 3, 3, 3, 3, 3, 3, 3, 3, 3, 3, 3, 3, 3, 3, 3, 3, 3, 3, 3, 3, 3, 3, 3, 3, 3, 3, 3, 3, 3, 3, 3, 3, 3, 3, 3, 3, 3, 3, 3, 3, 3, 3, 3, 3, 3, 3, 3, 3, 3, 3, 3, 3, 3, 3, 3, 3, 3, 3, 3, 3, 3, 3, 3, 3, 3, 3, 3, 3, 3, 3, 3, 3, 3, 3, 3, 3, 3, 3, 3, 3, 3, 3, 3, 3, 3, 3, 3, 3, 3, 3, 3, 3, 3, 3, 3, 3, 3, 3, 3, 3, 3, 3, 3, 3, 3, 3, 3, 3, 3, 3, 3, 3, 3, 3, 3, 3, 3, 3, 3, 3, 3, 3, 3, 3, 3, 3, 3, 3, 3, 3, 3, 3, 3, 3, 3, 3, 3, 3, 3, 3, 3, 3, 3, 3, 3, 3, 3, 3, 3, 3, 3, 3, 3, 3, 3, 3, 3, 3, 3, 3, 3, 3, 3, 3, 3, 3, 3, 3, 3, 3, 3, 3, 3, 3, 3, 3, 3, 3, 3, 3, 3, 3, 3, 3, 3, 3, 3, 3, 3, 3, 3, 3, 3, 3, 3, 3, 3, 3, 3, 3, 3, 3, 3, 3, 3, 3, 3, 3, 3, 3, 3, 3, 3, 3, 3, 3, 3, 3, 3, 3, 3, 3, 3, 3, 3, 3, 3, 3, 3, 3, 3, 3, 3, 3, 3, 3, 3, 3, 3, 3, 3, 3, 3, 3, 3, 3, 3, 3, 3, 3, 3, 3, 3, 3, 3, 3, 3, 3, 3, 3, 3, 3, 3, 3, 3, 3, 3, 3, 3, 3, 3, 3, 3, 3, 3, 3, 3, 3, 3, 3, 3, 3, 3, 3, 3, 3, 3, 3, 3, 3, 3, 3, 3, 3, 3, 3, 3, 3, 3, 3, 3, 3, 3, 3, 3, 3, 3, 3, 3, 3, 3, 3, 3, 3, 3, 3, 3, 3, 3, 3, 3, 3, 3, 3, 3, 3, 3, 3, 3, 3, 3, 3, 3, 3, 3, 3, 3, 3, 3, 3, 3, 3, 3, 3, 3, 3, 3, 3, 3, 3, 3, 3, 3, 3, 3, 3, 3, 3, 3, 3, 3, 3, 3, 3, 3, 3, 3, 3, 3, 3, 3, 3, 3, 3, 3, 3, 3, 3, 3, 3, 3, 3, 3, 3, 3, 3, 3, 3, 3, 3, 3, 3, 3, 3, 3, 3, 3, 3, 3, 3, 3, 3, 3, 3, 3, 3, 3, 3, 3, 3, 3, 3, 3, 3, 3, 3, 3, 3, 3, 3, 3, 3, 3, 3, 3, 3, 3, 3, 3, 3, 3, 3, 3, 3, 3, 3, 3, 3, 3, 3, 3, 3, 3, 3, 3, 3, 3, 3, 3, 3, 3, 3, 3, 3, 3, 3, 3, 3, 3, 3, 3, 3, 3, 3, 3, 3, 3, 3, 3, 3, 3, 3, 3, 3, 3, 3, 3, 3, 3, 3, 3, 3, 3, 3, 3, 3, 3, 3, 3, 3, 3, 3, 3, 3, 3, 3, 3, 3, 3, 3, 3, 3, 3, 3, 3, 3, 3, 3, 3, 3, 3, 3, 3, 3, 3, 3, 3, 3, 3, 3, 3, 3, 3, 3, 3, 3, 3, 3, 3, 3, 3, 3, 3, 3, 3, 3, 3, 3, 3, 3, 3, 3, 3, 3, 3, 3, 3, 3, 3, 3, 3, 3, 3, 3, 3, 3, 3, 3, 3, 3, 3, 3, 3, 3, 3, 3, 3, 3, 3, 3, 3, 3, 3, 3, 3, 3, 3, 3, 3, 3, 3, 3, 3, 3, 3, 3, 3, 3, 3, 3, 3, 3, 3, 3, 3, 3, 3, 3, 3, 3, 3, 3, 3, 3, 3, 3, 3, 3, 3, 3, 3, 3, 3, 3, 3, 3, 3, 3, 3, 3, 3, 3, 3, 3, 3, 3, 3, 3, 3, 3, 3, 3, 3, 3, 3, 3, 3, 3, 3, 3, 3, 3, 3, 3, 3]
    int[] faceVertexIndices = [0, 1, 2, 0, 2, 3, 4, 5, 6, 6, 7, 4, 8, 9, 10, 10, 11, 8, 12, 13, 14, 15, 12, 14, 15, 14, 16, 17, 15, 16, 18, 19, 17, 18, 17, 20, 17, 16, 20, 16, 21, 20, 16, 22, 21, 22, 23, 21, 24, 25, 26, 25, 27, 26, 27, 28, 26, 27, 29, 28, 29, 30, 28, 30, 31, 28, 30, 32, 31, 32, 33, 31, 32, 34, 33, 34, 35, 33, 35, 36, 33, 35, 37, 36, 37, 38, 36, 38, 39, 36, 38, 40, 39, 40, 41, 39, 40, 42, 41, 42, 43, 41, 43, 44, 41, 43, 45, 44, 45, 46, 44, 46, 47, 44, 46, 48, 47, 48, 49, 47, 49, 50, 47, 49, 51, 50, 51, 52, 50, 52, 53, 50, 53, 54, 50, 53, 55, 54, 55, 56, 54, 56, 57, 54, 56, 58, 57, 56, 59, 58, 59, 60, 58, 59, 61, 60, 61, 62, 60, 61, 63, 62, 63, 64, 62, 64, 65, 62, 64, 66, 65, 66, 67, 65, 67, 68, 65, 68, 69, 65, 68, 70, 69, 70, 71, 69, 71, 72, 69, 71, 73, 72, 73, 74, 72, 74, 75, 72, 74, 76, 75, 76, 77, 75, 77, 78, 75, 77, 79, 78, 79, 80, 78, 80, 81, 78, 80, 82, 81, 82, 83, 81, 82, 84, 83, 84, 85, 83, 85, 86, 83, 85, 87, 86, 87, 88, 86, 87, 89, 88, 89, 90, 88, 90, 91, 88, 90, 92, 91, 92, 93, 91, 92, 94, 93, 95, 96, 97, 95, 98, 96, 95, 99, 98, 99, 100, 98, 99, 101, 100, 99, 102, 101, 102, 103, 101, 102, 104, 103, 104, 105, 103, 104, 106, 105, 104, 107, 106, 107, 108, 106, 107, 109, 108, 109, 110, 108, 109, 111, 110, 111, 112, 110, 111, 113, 112, 113, 114, 112, 113, 115, 114, 113, 116, 115, 113, 117, 116, 117, 118, 116, 117, 119, 118, 117, 120, 119, 117, 121, 120, 121, 122, 120, 121, 123, 122, 121, 124, 123, 124, 125, 123, 125, 126, 123, 125, 127, 126, 127, 128, 126, 128, 129, 126, 129, 130, 126, 129, 131, 130, 132, 130, 131, 132, 131, 133, 134, 132, 133, 135, 134, 133, 135, 133, 136, 134, 137, 132, 138, 135, 136, 134, 139, 137, 138, 136, 140, 141, 138, 140, 141, 140, 142, 143, 141, 142, 139, 144, 137, 144, 145, 137, 146, 143, 142, 146, 142, 147, 148, 146, 147, 144, 149, 145, 150, 148, 147, 150, 147, 151, 152, 150, 151, 153, 152, 151, 153, 151, 154, 155, 153, 154, 156, 155, 154, 156, 154, 157, 158, 156, 157, 159, 158, 157, 160, 159, 157, 160, 157, 161, 162, 160, 161, 163, 162, 161, 163, 161, 164, 165, 163, 164, 166, 165, 164, 167, 166, 164, 167, 164, 168, 169, 167, 168, 170, 169, 168, 171, 170, 168, 172, 171, 168, 173, 172, 168, 174, 173, 168, 124, 174, 168, 124, 168, 175, 124, 175, 176, 124, 176, 177, 124, 177, 178, 124, 178, 179, 124, 179, 180, 124, 180, 125, 181, 182, 183, 2, 181, 183, 2, 183, 184, 2, 184, 185, 2, 185, 186, 2, 186, 187, 2, 187, 3, 188, 189, 190, 191, 188, 190, 192, 191, 190, 192, 190, 193, 194, 192, 193, 194, 193, 195, 196, 194, 195, 197, 196, 195, 198, 197, 195, 199, 198, 195, 200, 199, 195, 201, 200, 195, 201, 195, 202, 203, 201, 202, 204, 203, 202, 204, 202, 205, 206, 204, 205, 206, 205, 207, 206, 207, 208, 209, 206, 208, 209, 208, 210, 211, 212, 209, 211, 209, 213, 209, 210, 213, 210, 214, 213, 210, 215, 214, 215, 216, 214, 214, 217, 213, 214, 218, 217, 219, 0, 3, 219, 3, 220, 221, 219, 220, 221, 220, 222, 223, 221, 222, 223, 222, 224, 225, 223, 224, 226, 225, 224, 226, 224, 227, 228, 226, 227, 229, 228, 227, 229, 227, 230, 231, 229, 230, 232, 231, 230, 232, 230, 233, 234, 232, 233, 234, 233, 235, 236, 234, 235, 237, 236, 235, 238, 237, 235, 239, 238, 235, 239, 235, 240, 241, 239, 240, 242, 241, 240, 242, 240, 243, 244, 242, 243, 244, 243, 245, 244, 245, 246, 247, 244, 246, 247, 248, 244, 249, 250, 251, 249, 251, 252, 251, 253, 252, 251, 254, 253, 251, 255, 254, 251, 256, 255, 256, 257, 255, 256, 258, 257, 258, 259, 257, 259, 260, 257, 259, 261, 260, 261, 262, 260, 262, 263, 260, 263, 264, 260, 263, 265, 264, 265, 266, 264, 266, 267, 264, 266, 268, 267, 268, 269, 267, 269, 270, 267, 269, 271, 270, 271, 272, 270, 272, 273, 270, 272, 274, 273, 274, 275, 273, 275, 276, 273, 275, 277, 276, 277, 278, 276, 277, 279, 278, 279, 280, 278, 280, 281, 278, 280, 282, 281, 280, 283, 282, 280, 284, 283, 280, 285, 284, 280, 286, 285, 280, 287, 286, 280, 288, 287, 280, 289, 288, 280, 290, 289, 280, 291, 290, 292, 293, 294, 295, 292, 294, 295, 296, 292, 295, 294, 297, 297, 298, 299, 300, 301, 295, 302, 303, 300, 302, 300, 295, 304, 305, 306, 304, 306, 302, 307, 308, 304, 309, 304, 302, 309, 307, 304, 309, 310, 307, 309, 302, 295, 311, 312, 309, 313, 314, 311, 313, 311, 309, 315, 316, 313, 317, 315, 313, 317, 318, 315, 317, 313, 309, 319, 320, 317, 321, 322, 319, 321, 319, 317, 323, 321, 317, 323, 324, 321, 323, 325, 324, 323, 317, 309, 326, 327, 323, 328, 329, 326, 328, 330, 329, 328, 326, 323, 323, 331, 332, 323, 333, 331, 323, 334, 333, 323, 332, 335, 323, 336, 334, 328, 323, 335, 323, 309, 336, 328, 335, 337, 309, 338, 336, 328, 337, 339, 309, 340, 338, 309, 341, 340, 328, 339, 342, 309, 343, 341, 328, 342, 344, 309, 345, 343, 328, 344, 346, 309, 347, 345, 309, 348, 347, 309, 349, 348, 309, 295, 349, 295, 350, 349, 295, 351, 350, 295, 352, 351, 295, 353, 352, 295, 354, 353, 295, 297, 354, 297, 355, 354, 297, 356, 355, 297, 357, 356, 297, 358, 357, 297, 299, 358, 299, 359, 358, 359, 360, 358, 359, 346, 360, 359, 328, 346, 359, 361, 328, 362, 363, 364, 364, 365, 362, 362, 366, 363, 364, 367, 365, 366, 368, 363, 367, 369, 365, 368, 370, 363, 368, 371, 370, 367, 372, 369, 367, 373, 372, 373, 374, 372, 371, 375, 370, 375, 376, 370, 373, 377, 374, 375, 378, 376, 373, 379, 377, 379, 380, 377, 378, 381, 376, 378, 382, 381, 379, 383, 380, 379, 384, 383, 382, 385, 381, 385, 386, 381, 385, 387, 386, 384, 388, 383, 387, 389, 386, 384, 390, 388, 389, 391, 386, 390, 392, 388, 389, 393, 391, 393, 394, 391, 390, 395, 392, 393, 396, 394, 390, 397, 395, 396, 398, 394, 397, 399, 395, 398, 400, 394, 398, 401, 400, 397, 402, 399, 401, 403, 400, 402, 404, 399, 403, 405, 400, 403, 406, 405, 402, 407, 404, 406, 408, 405, 402, 409, 407, 408, 410, 405, 408, 411, 410, 409, 412, 407, 411, 413, 410, 413, 414, 410, 409, 415, 412, 414, 416, 410, 415, 417, 412, 414, 418, 416, 415, 419, 417, 418, 420, 416, 415, 421, 419, 420, 422, 416, 420, 423, 422, 421, 424, 419, 421, 425, 424, 423, 426, 422, 425, 427, 424, 426, 428, 422, 426, 429, 428, 425, 430, 427, 425, 431, 430, 429, 432, 428, 431, 433, 430, 434, 428, 432, 434, 432, 435, 431, 436, 433, 431, 437, 436, 434, 435, 438, 437, 438, 436, 437, 434, 438, 439, 440, 441, 441, 172, 439, 296, 442, 292, 344, 342, 443, 350, 351, 444, 280, 279, 445, 44, 446, 41, 41, 447, 39, 178, 177, 448, 179, 178, 449, 158, 450, 156, 188, 451, 189, 415, 409, 452, 421, 415, 453, 352, 454, 351, 335, 332, 455, 332, 331, 456, 50, 457, 47, 47, 458, 44, 160, 459, 159, 206, 460, 204, 248, 461, 244, 244, 462, 242, 185, 463, 186, 334, 464, 333, 336, 465, 334, 342, 339, 466, 339, 337, 467, 268, 266, 468, 78, 469, 75, 75, 470, 72, 72, 471, 69, 400, 472, 394, 405, 473, 400, 474, 475, 13, 13, 12, 474, 475, 476, 14, 14, 13, 475, 476, 477, 16, 16, 14, 476, 477, 478, 22, 22, 16, 477, 478, 479, 23, 23, 22, 478, 479, 480, 21, 21, 23, 479, 480, 481, 20, 20, 21, 480, 481, 482, 18, 18, 20, 481, 482, 483, 19, 19, 18, 482, 483, 484, 17, 17, 19, 483, 484, 485, 15, 15, 17, 484, 485, 474, 12, 12, 15, 485, 486, 487, 299, 299, 298, 486, 487, 488, 359, 359, 299, 487, 488, 489, 361, 361, 359, 488, 489, 490, 491, 491, 361, 489, 490, 492, 330, 330, 491, 490, 492, 493, 329, 329, 330, 492, 493, 494, 495, 495, 329, 493, 494, 496, 326, 326, 495, 494, 496, 497, 498, 498, 326, 496, 497, 499, 327, 327, 498, 497, 499, 500, 501, 501, 327, 499, 500, 502, 323, 323, 501, 500, 502, 503, 325, 325, 323, 502, 503, 504, 324, 324, 325, 503, 504, 505, 506, 506, 324, 504, 505, 507, 321, 321, 506, 505, 507, 508, 322, 322, 321, 507, 508, 509, 319, 319, 322, 508, 509, 510, 320, 320, 319, 509, 510, 511, 317, 317, 320, 510, 511, 512, 318, 318, 317, 511, 512, 513, 315, 315, 318, 512, 513, 514, 316, 316, 315, 513, 514, 515, 313, 313, 316, 514, 515, 516, 314, 314, 313, 515, 516, 517, 311, 311, 314, 516, 517, 518, 312, 312, 311, 517, 518, 519, 309, 309, 312, 518, 519, 520, 310, 310, 309, 519, 520, 521, 307, 307, 310, 520, 521, 522, 308, 308, 307, 521, 522, 523, 304, 304, 308, 522, 523, 524, 305, 305, 304, 523, 524, 525, 306, 306, 305, 524, 525, 526, 527, 527, 306, 525, 526, 528, 302, 302, 527, 526, 528, 529, 530, 530, 302, 528, 529, 531, 303, 303, 530, 529, 531, 532, 300, 300, 303, 531, 532, 533, 301, 301, 300, 532, 533, 534, 295, 295, 301, 533, 534, 535, 295, 296, 295, 535, 535, 536, 442, 442, 296, 535, 292, 442, 536, 536, 537, 538, 538, 292, 536, 293, 538, 537, 537, 539, 540, 540, 293, 537, 294, 540, 539, 539, 541, 542, 542, 294, 539, 541, 486, 298, 298, 542, 541, 443, 342, 543, 543, 544, 344, 344, 443, 543, 545, 344, 544, 544, 546, 346, 346, 545, 544, 547, 346, 546, 546, 548, 360, 360, 547, 546, 358, 360, 548, 548, 549, 550, 550, 358, 548, 357, 550, 549, 549, 551, 552, 552, 357, 549, 356, 552, 551, 551, 553, 554, 554, 356, 551, 355, 554, 553, 553, 555, 556, 556, 355, 553, 354, 556, 555, 555, 557, 558, 558, 354, 555, 353, 558, 557, 557, 559, 560, 560, 353, 557, 352, 560, 559, 559, 561, 454, 454, 352, 559, 351, 454, 561, 561, 562, 444, 444, 351, 561, 350, 444, 562, 562, 563, 564, 564, 350, 562, 349, 564, 563, 563, 565, 566, 566, 349, 563, 348, 566, 565, 565, 567, 568, 568, 348, 565, 347, 568, 567, 567, 569, 570, 570, 347, 567, 345, 570, 569, 569, 571, 572, 572, 345, 569, 343, 572, 571, 571, 573, 574, 574, 343, 571, 341, 574, 573, 573, 575, 340, 340, 341, 573, 576, 340, 575, 575, 577, 338, 338, 576, 575, 578, 338, 577, 577, 579, 336, 336, 578, 577, 465, 336, 579, 579, 580, 334, 334, 465, 579, 464, 334, 580, 580, 581, 333, 333, 464, 580, 582, 333, 581, 581, 583, 331, 331, 582, 581, 456, 331, 583, 583, 584, 332, 332, 456, 583, 455, 332, 584, 584, 585, 335, 335, 455, 584, 586, 335, 585, 585, 587, 337, 337, 586, 585, 467, 337, 587, 587, 588, 339, 339, 467, 587, 588, 543, 466, 466, 339, 588, 342, 466, 543, 589, 590, 291, 291, 445, 589, 590, 591, 290, 290, 291, 590, 591, 592, 289, 289, 290, 591, 592, 593, 288, 288, 289, 592, 593, 594, 287, 287, 288, 593, 594, 595, 286, 286, 287, 594, 595, 596, 285, 285, 286, 595, 596, 597, 598, 598, 285, 596, 284, 598, 597, 597, 599, 600, 600, 284, 597, 283, 600, 599, 599, 601, 283, 282, 283, 601, 601, 602, 282, 281, 282, 602, 602, 603, 281, 278, 281, 603, 603, 604, 278, 276, 278, 604, 604, 605, 276, 273, 276, 605, 605, 606, 273, 270, 273, 606, 606, 607, 270, 267, 270, 607, 607, 608, 264, 264, 267, 607, 260, 264, 608, 608, 609, 260, 257, 260, 609, 609, 610, 257, 255, 257, 610, 610, 611, 612, 612, 255, 610, 254, 612, 611, 611, 613, 253, 253, 254, 611, 613, 614, 252, 252, 253, 613, 614, 615, 249, 249, 252, 614, 615, 616, 250, 250, 249, 615, 616, 617, 251, 251, 250, 616, 618, 251, 617, 617, 619, 256, 256, 618, 617, 620, 256, 619, 619, 621, 258, 258, 620, 619, 622, 258, 621, 621, 623, 259, 259, 622, 621, 261, 259, 623, 623, 624, 261, 624, 625, 262, 262, 261, 624, 625, 626, 262, 263, 262, 626, 626, 627, 263, 265, 263, 627, 627, 628, 629, 629, 265, 627, 266, 629, 628, 628, 630, 468, 468, 266, 628, 268, 468, 630, 630, 631, 632, 632, 268, 630, 269, 632, 631, 631, 633, 634, 634, 269, 631, 271, 634, 633, 633, 635, 636, 636, 271, 633, 272, 636, 635, 635, 637, 638, 638, 272, 635, 274, 638, 637, 637, 639, 640, 640, 274, 637, 275, 640, 639, 639, 641, 642, 642, 275, 639, 277, 642, 641, 641, 643, 644, 644, 277, 641, 279, 644, 643, 643, 589, 445, 445, 279, 643, 645, 646, 24, 24, 26, 645, 646, 647, 24, 25, 24, 647, 647, 648, 649, 649, 25, 647, 27, 649, 648, 648, 650, 651, 651, 27, 648, 29, 651, 650, 650, 652, 653, 653, 29, 650, 30, 653, 652, 652, 654, 655, 655, 30, 652, 32, 655, 654, 654, 656, 657, 657, 32, 654, 656, 658, 34, 34, 657, 656, 658, 659, 35, 35, 34, 658, 659, 660, 37, 37, 35, 659, 660, 661, 38, 38, 37, 660, 661, 662, 40, 40, 38, 661, 662, 663, 42, 42, 40, 662, 663, 664, 43, 43, 42, 663, 664, 665, 45, 45, 43, 664, 665, 666, 46, 46, 45, 665, 666, 667, 48, 48, 46, 666, 667, 668, 49, 49, 48, 667, 668, 669, 51, 51, 49, 668, 669, 670, 52, 52, 51, 669, 670, 671, 53, 53, 52, 670, 671, 672, 55, 55, 53, 671, 672, 673, 56, 56, 55, 672, 673, 674, 59, 59, 56, 673, 674, 675, 61, 61, 59, 674, 675, 676, 63, 63, 61, 675, 676, 677, 64, 64, 63, 676, 677, 678, 66, 66, 64, 677, 678, 679, 67, 67, 66, 678, 679, 680, 68, 68, 67, 679, 680, 681, 70, 70, 68, 680, 681, 682, 71, 71, 70, 681, 682, 683, 73, 73, 71, 682, 683, 684, 74, 74, 73, 683, 684, 685, 76, 76, 74, 684, 685, 686, 77, 77, 76, 685, 686, 687, 79, 79, 77, 686, 687, 688, 80, 80, 79, 687, 688, 689, 82, 82, 80, 688, 689, 690, 84, 84, 82, 689, 690, 691, 85, 85, 84, 690, 691, 692, 693, 693, 85, 691, 87, 693, 692, 692, 694, 695, 695, 87, 692, 89, 695, 694, 694, 696, 697, 697, 89, 694, 90, 697, 696, 696, 698, 699, 699, 90, 696, 92, 699, 698, 698, 700, 701, 701, 92, 698, 700, 702, 94, 94, 701, 700, 702, 703, 704, 704, 94, 702, 703, 705, 706, 706, 704, 703, 705, 707, 93, 93, 706, 705, 91, 93, 707, 707, 708, 91, 88, 91, 708, 708, 709, 88, 86, 88, 709, 709, 710, 86, 83, 86, 710, 710, 711, 81, 81, 83, 710, 711, 712, 713, 713, 81, 711, 78, 713, 712, 712, 714, 469, 469, 78, 712, 75, 469, 714, 714, 715, 470, 470, 75, 714, 72, 470, 715, 715, 716, 471, 471, 72, 715, 69, 471, 716, 716, 717, 718, 718, 69, 716, 65, 718, 717, 717, 719, 720, 720, 65, 717, 62, 720, 719, 719, 721, 60, 60, 62, 719, 721, 722, 58, 58, 60, 721, 57, 58, 722, 722, 723, 724, 724, 57, 722, 54, 724, 723, 723, 725, 726, 726, 54, 723, 50, 726, 725, 725, 727, 457, 457, 50, 725, 47, 457, 727, 727, 728, 458, 458, 47, 727, 44, 458, 728, 728, 729, 446, 446, 44, 728, 41, 446, 729, 729, 730, 447, 447, 41, 729, 39, 447, 730, 730, 731, 36, 36, 39, 730, 731, 732, 33, 33, 36, 731, 732, 733, 31, 31, 33, 732, 733, 734, 28, 28, 31, 733, 734, 645, 26, 26, 28, 734, 735, 736, 176, 176, 175, 735, 736, 737, 176, 177, 176, 737, 737, 738, 448, 448, 177, 737, 178, 448, 738, 738, 739, 449, 449, 178, 738, 179, 449, 739, 739, 740, 179, 180, 179, 740, 740, 741, 180, 741, 742, 127, 127, 180, 741, 128, 127, 742, 742, 743, 128, 129, 128, 743, 743, 744, 129, 745, 129, 744, 131, 745, 744, 744, 746, 131, 133, 131, 746, 746, 747, 133, 136, 133, 747, 747, 748, 136, 140, 136, 748, 748, 749, 140, 142, 140, 749, 749, 750, 147, 147, 142, 749, 750, 751, 151, 151, 147, 750, 751, 752, 154, 154, 151, 751, 752, 753, 157, 157, 154, 752, 161, 157, 753, 753, 754, 161, 164, 161, 754, 754, 755, 164, 168, 164, 755, 755, 735, 168, 175, 168, 735, 756, 124, 757, 757, 758, 756, 174, 756, 758, 758, 759, 760, 760, 174, 758, 173, 760, 759, 759, 439, 172, 172, 173, 759, 171, 441, 440, 440, 761, 762, 762, 171, 440, 170, 762, 761, 761, 763, 764, 764, 170, 761, 169, 764, 763, 763, 765, 766, 766, 169, 763, 167, 766, 765, 765, 767, 167, 166, 167, 767, 767, 768, 166, 165, 166, 768, 768, 769, 165, 163, 165, 769, 769, 770, 163, 162, 163, 770, 770, 771, 162, 771, 772, 160, 160, 162, 771, 459, 160, 772, 772, 773, 159, 159, 459, 772, 774, 159, 773, 773, 775, 158, 158, 774, 773, 450, 158, 775, 775, 776, 156, 156, 450, 775, 777, 156, 776, 776, 778, 155, 155, 777, 776, 779, 155, 778, 778, 780, 153, 153, 779, 778, 781, 153, 780, 780, 782, 152, 152, 781, 780, 150, 152, 782, 782, 783, 150, 148, 150, 783, 783, 784, 148, 146, 148, 784, 784, 785, 146, 143, 146, 785, 785, 786, 143, 141, 143, 786, 786, 787, 141, 138, 141, 787, 787, 788, 138, 789, 138, 788, 788, 790, 135, 135, 789, 788, 139, 135, 790, 144, 139, 790, 790, 791, 144, 792, 144, 791, 791, 793, 792, 793, 794, 795, 795, 792, 793, 149, 795, 794, 794, 796, 149, 145, 149, 796, 796, 797, 145, 137, 145, 797, 797, 798, 137, 132, 137, 798, 798, 799, 800, 800, 132, 798, 130, 800, 799, 799, 801, 802, 802, 130, 799, 126, 802, 801, 801, 803, 123, 123, 126, 801, 803, 804, 805, 805, 123, 803, 122, 805, 804, 804, 806, 807, 807, 122, 804, 120, 807, 806, 806, 808, 119, 119, 120, 806, 808, 809, 119, 118, 119, 809, 809, 810, 118, 116, 118, 810, 810, 811, 116, 811, 812, 115, 115, 116, 811, 813, 115, 812, 812, 814, 114, 114, 813, 812, 815, 114, 814, 814, 816, 112, 112, 815, 814, 817, 112, 816, 816, 818, 110, 110, 817, 816, 818, 819, 108, 108, 110, 818, 819, 820, 106, 106, 108, 819, 820, 821, 105, 105, 106, 820, 821, 822, 103, 103, 105, 821, 823, 103, 822, 822, 824, 101, 101, 823, 822, 825, 101, 824, 824, 826, 100, 100, 825, 824, 827, 100, 826, 826, 828, 98, 98, 827, 826, 829, 98, 828, 828, 830, 96, 96, 829, 828, 831, 96, 830, 830, 832, 97, 97, 831, 830, 833, 97, 832, 832, 834, 95, 95, 833, 832, 834, 835, 99, 99, 95, 834, 835, 836, 102, 102, 99, 835, 104, 102, 836, 836, 837, 104, 107, 104, 837, 837, 838, 107, 838, 839, 109, 109, 107, 838, 111, 109, 839, 839, 840, 111, 113, 111, 840, 840, 841, 113, 117, 113, 841, 841, 842, 117, 121, 117, 842, 842, 843, 121, 843, 757, 756, 756, 121, 843, 844, 845, 846, 846, 214, 844, 845, 847, 217, 217, 846, 845, 847, 848, 213, 213, 217, 847, 848, 849, 211, 211, 213, 848, 849, 850, 212, 212, 211, 849, 850, 851, 209, 209, 212, 850, 851, 852, 853, 853, 209, 851, 206, 853, 852, 852, 854, 460, 460, 206, 852, 204, 460, 854, 854, 855, 203, 203, 204, 854, 855, 856, 201, 201, 203, 855, 856, 857, 200, 200, 201, 856, 199, 200, 857, 857, 858, 199, 859, 199, 858, 858, 860, 198, 198, 859, 858, 860, 861, 197, 197, 198, 860, 861, 862, 196, 196, 197, 861, 862, 863, 194, 194, 196, 862, 863, 864, 865, 865, 194, 863, 192, 865, 864, 864, 866, 867, 867, 192, 864, 191, 867, 866, 866, 868, 869, 869, 191, 866, 188, 869, 868, 868, 870, 188, 870, 871, 451, 451, 188, 870, 189, 451, 871, 871, 872, 190, 190, 189, 871, 193, 190, 872, 872, 873, 193, 195, 193, 873, 873, 874, 195, 202, 195, 874, 874, 875, 202, 205, 202, 875, 875, 876, 205, 207, 205, 876, 876, 877, 878, 878, 207, 876, 208, 878, 877, 877, 879, 210, 210, 208, 877, 879, 880, 215, 215, 210, 879, 880, 881, 216, 216, 215, 880, 881, 844, 214, 214, 216, 881, 882, 883, 7, 7, 6, 882, 883, 884, 4, 4, 7, 883, 884, 885, 5, 5, 4, 884, 885, 882, 6, 6, 5, 885, 886, 887, 11, 11, 10, 886, 887, 888, 8, 8, 11, 887, 888, 889, 9, 9, 8, 888, 889, 886, 10, 10, 9, 889, 363, 890, 891, 891, 892, 893, 893, 363, 891, 364, 893, 892, 892, 894, 895, 895, 364, 892, 367, 895, 894, 894, 896, 897, 897, 367, 894, 373, 897, 896, 896, 898, 899, 899, 373, 896, 379, 899, 898, 898, 900, 901, 901, 379, 898, 384, 901, 900, 900, 902, 903, 903, 384, 900, 390, 903, 902, 902, 904, 905, 905, 390, 902, 397, 905, 904, 904, 906, 907, 907, 397, 904, 402, 907, 906, 906, 908, 909, 909, 402, 906, 409, 909, 908, 908, 910, 452, 452, 409, 908, 415, 452, 910, 910, 911, 453, 453, 415, 910, 421, 453, 911, 911, 912, 913, 913, 421, 911, 425, 913, 912, 912, 914, 915, 915, 425, 912, 431, 915, 914, 914, 916, 917, 917, 431, 914, 437, 917, 916, 916, 918, 919, 919, 437, 916, 434, 919, 918, 918, 920, 921, 921, 434, 918, 428, 921, 920, 920, 922, 923, 923, 428, 920, 422, 923, 922, 922, 924, 925, 925, 422, 922, 416, 925, 924, 924, 926, 927, 927, 416, 924, 410, 927, 926, 926, 928, 929, 929, 410, 926, 405, 929, 928, 928, 930, 473, 473, 405, 928, 400, 473, 930, 930, 931, 472, 472, 400, 930, 394, 472, 931, 931, 932, 933, 933, 394, 931, 391, 933, 932, 932, 934, 935, 935, 391, 932, 386, 935, 934, 934, 936, 937, 937, 386, 934, 381, 937, 936, 936, 938, 939, 939, 381, 936, 376, 939, 938, 938, 940, 941, 941, 376, 938, 940, 891, 370, 370, 941, 940, 890, 370, 891, 942, 362, 943, 943, 944, 366, 366, 942, 943, 945, 366, 944, 944, 946, 368, 368, 945, 944, 947, 368, 946, 946, 948, 371, 371, 947, 946, 949, 371, 948, 948, 950, 375, 375, 949, 948, 951, 375, 950, 950, 952, 378, 378, 951, 950, 953, 378, 952, 952, 954, 382, 382, 953, 952, 955, 382, 954, 954, 956, 385, 385, 955, 954, 956, 957, 387, 387, 385, 956, 957, 958, 389, 389, 387, 957, 958, 959, 393, 393, 389, 958, 959, 960, 396, 396, 393, 959, 960, 961, 398, 398, 396, 960, 961, 962, 401, 401, 398, 961, 962, 963, 403, 403, 401, 962, 963, 964, 406, 406, 403, 963, 964, 965, 408, 408, 406, 964, 965, 966, 411, 411, 408, 965, 966, 967, 413, 413, 411, 966, 967, 968, 414, 414, 413, 967, 968, 969, 418, 418, 414, 968, 969, 970, 420, 420, 418, 969, 970, 971, 423, 423, 420, 970, 971, 972, 426, 426, 423, 971, 972, 973, 429, 429, 426, 972, 973, 974, 432, 432, 429, 973, 974, 975, 435, 435, 432, 974, 975, 976, 438, 438, 435, 975, 976, 977, 436, 436, 438, 976, 977, 978, 433, 433, 436, 977, 978, 979, 430, 430, 433, 978, 979, 980, 427, 427, 430, 979, 980, 981, 424, 424, 427, 980, 981, 982, 419, 419, 424, 981, 982, 983, 417, 417, 419, 982, 983, 984, 985, 985, 417, 983, 412, 985, 984, 984, 986, 987, 987, 412, 984, 407, 987, 986, 986, 988, 989, 989, 407, 986, 404, 989, 988, 988, 990, 991, 991, 404, 988, 399, 991, 990, 990, 992, 993, 993, 399, 990, 395, 993, 992, 992, 994, 995, 995, 395, 992, 392, 995, 994, 994, 996, 997, 997, 392, 994, 388, 997, 996, 996, 998, 999, 999, 388, 996, 383, 999, 998, 998, 1000, 1001, 1001, 383, 998, 380, 1001, 1000, 1000, 1002, 1003, 1003, 380, 1000, 377, 1003, 1002, 1002, 1004, 1005, 1005, 377, 1002, 374, 1005, 1004, 1004, 1006, 372, 372, 374, 1004, 1006, 1007, 1008, 1008, 372, 1006, 369, 1008, 1007, 1007, 1009, 1010, 1010, 369, 1007, 365, 1010, 1009, 1009, 943, 1011, 1011, 365, 1009, 362, 1011, 943, 1012, 1013, 248, 248, 247, 1012, 1013, 1014, 461, 461, 248, 1013, 244, 461, 1014, 1014, 1015, 462, 462, 244, 1014, 242, 462, 1015, 1015, 1016, 241, 241, 242, 1015, 1016, 1017, 239, 239, 241, 1016, 1017, 1018, 238, 238, 239, 1017, 1018, 1019, 237, 237, 238, 1018, 1019, 1020, 236, 236, 237, 1019, 1020, 1021, 234, 234, 236, 1020, 1021, 1022, 232, 232, 234, 1021, 1022, 1023, 232, 231, 232, 1023, 1023, 1024, 231, 229, 231, 1024, 1024, 1025, 229, 1025, 1026, 228, 228, 229, 1025, 1026, 1027, 226, 226, 228, 1026, 1027, 1028, 225, 225, 226, 1027, 1028, 1029, 223, 223, 225, 1028, 1029, 1030, 221, 221, 223, 1029, 1030, 1031, 219, 219, 221, 1030, 1031, 1032, 1033, 1033, 219, 1031, 1032, 1034, 1, 1, 1033, 1032, 1034, 1035, 2, 2, 1, 1034, 1035, 1036, 181, 181, 2, 1035, 1036, 1037, 182, 182, 181, 1036, 1037, 1038, 183, 183, 182, 1037, 1038, 1039, 184, 184, 183, 1038, 1040, 184, 1039, 1039, 1041, 185, 185, 1040, 1039, 463, 185, 1041, 1041, 1042, 186, 186, 463, 1041, 187, 186, 1042, 1042, 1043, 187, 1044, 187, 1043, 1043, 1045, 3, 3, 1044, 1043, 1045, 1046, 220, 220, 3, 1045, 1046, 1047, 222, 222, 220, 1046, 1047, 1048, 224, 224, 222, 1047, 1048, 1049, 227, 227, 224, 1048, 230, 227, 1049, 1049, 1050, 230, 233, 230, 1050, 1050, 1051, 233, 235, 233, 1051, 1051, 1052, 240, 240, 235, 1051, 1052, 1053, 1054, 1054, 240, 1052, 243, 1054, 1053, 1053, 1055, 1056, 1056, 243, 1053, 245, 1056, 1055, 1055, 1057, 1058, 1058, 245, 1055, 246, 1058, 1057, 1057, 1012, 247, 247, 246, 1057, 292, 538, 293, 347, 570, 345, 284, 600, 283, 266, 265, 629, 275, 274, 640, 274, 272, 638, 272, 271, 636, 277, 275, 642, 279, 277, 644, 706, 94, 704, 135, 139, 134, 115, 813, 114, 199, 859, 198, 363, 370, 890, 409, 402, 909, 425, 421, 913, 376, 941, 370, 381, 939, 376, 1, 0, 1033, 219, 1033, 0, 329, 495, 326, 326, 498, 327, 323, 327, 501, 324, 506, 321, 306, 527, 302, 302, 530, 303, 346, 344, 545, 360, 346, 547, 358, 550, 357, 357, 552, 356, 356, 554, 355, 350, 564, 349, 348, 568, 347, 343, 574, 341, 340, 576, 338, 338, 578, 336, 285, 598, 284, 255, 612, 254, 256, 251, 618, 27, 25, 649, 29, 27, 651, 30, 29, 653, 32, 30, 655, 34, 32, 657, 87, 85, 693, 89, 87, 695, 90, 89, 697, 92, 90, 699, 94, 92, 701, 94, 706, 93, 69, 718, 65, 65, 720, 62, 57, 724, 54, 54, 726, 50, 174, 124, 756, 174, 760, 173, 172, 441, 171, 171, 762, 170, 155, 779, 153, 153, 781, 152, 149, 144, 792, 130, 802, 126, 123, 805, 122, 114, 815, 112, 112, 817, 110, 103, 823, 101, 98, 829, 96, 96, 831, 97, 124, 121, 1059, 209, 853, 206, 364, 363, 893, 367, 364, 895, 373, 367, 897, 379, 373, 899, 384, 379, 901, 390, 384, 903, 437, 919, 434, 434, 921, 428, 428, 923, 422, 422, 925, 416, 416, 927, 410, 410, 929, 405, 366, 362, 942, 368, 366, 945, 371, 368, 947, 375, 371, 949, 378, 375, 951, 382, 378, 953, 385, 382, 955, 417, 985, 412, 412, 987, 407, 407, 989, 404, 404, 991, 399, 399, 993, 395, 395, 995, 392, 392, 997, 388, 388, 999, 383, 383, 1001, 380, 380, 1003, 377, 377, 1005, 374, 372, 1008, 369, 369, 1010, 365, 365, 1011, 362, 185, 184, 1040, 187, 1044, 3, 246, 245, 1058, 271, 269, 634, 269, 268, 632, 131, 129, 745, 217, 218, 846, 214, 846, 218, 361, 491, 328, 330, 328, 491, 294, 293, 540, 294, 542, 297, 298, 297, 542, 355, 556, 354, 354, 558, 353, 353, 560, 352, 348, 349, 566, 343, 345, 572, 333, 582, 331, 337, 335, 586, 291, 280, 445, 256, 620, 258, 259, 258, 622, 81, 713, 78, 127, 125, 180, 170, 764, 169, 167, 169, 766, 159, 774, 158, 156, 777, 155, 138, 789, 135, 792, 795, 149, 132, 800, 130, 122, 807, 120, 101, 825, 100, 100, 827, 98, 95, 97, 833, 121, 756, 1059, 124, 1059, 756, 194, 865, 192, 192, 867, 191, 188, 191, 869, 208, 207, 878, 390, 905, 397, 402, 397, 907, 431, 425, 915, 437, 431, 917, 394, 933, 391, 391, 935, 386, 386, 937, 381, 240, 1054, 243, 245, 243, 1056]
    normal3f[] normals = [(-0.9964193, -0.041408032, -0.07371552), (-0.99879265, -0.045382902, -0.018809441), (-0.99999994, -0.00005946226, 0.0004687841), (-0.9964193, -0.041408032, -0.07371552), (-0.99999994, -0.00005946226, 0.0004687841), (-0.9996038, 0.026669452, 0.009008505), (-0.99999964, -0.00083701673, 0.00018494511), (-0.0008400424, 0.99984765, -0.017434873), (-0.99999964, -0.00083698094, 0.00018494448), (-0.99999964, -0.00083698094, 0.00018494448), (-0.0008400424, 0.99984765, -0.017434873), (-0.99999964, -0.00083701673, 0.00018494511), (-0.99999964, -0.00083698577, 0.0001849006), (-0.0008400424, 0.99984765, -0.017434873), (-0.99999964, -0.0008369855, 0.00018491654), (-0.99999964, -0.0008369855, 0.00018491654), (-0.0008400424, 0.99984765, -0.017434873), (-0.99999964, -0.00083698577, 0.0001849006), (-0.999998, -0.0011508103, 0.0016512745), (-0.9999877, 0.0041863997, 0.0026559634), (-0.9999921, -0.00094183057, 0.0038849823), (-0.9999729, -0.0031150398, 0.006689145), (-0.999998, -0.0011508103, 0.0016512745), (-0.9999921, -0.00094183057, 0.0038849823), (-0.9999729, -0.0031150398, 0.006689145), (-0.9999921, -0.00094183057, 0.0038849823), (-0.999972, 0.001774505, 0.0072735753), (-0.99998415, -0.0013628408, 0.0054661445), (-0.9999729, -0.0031150398, 0.006689145), (-0.999972, 0.001774505, 0.0072735753), (-0.99999964, -0.00083699706, 0.00018494808), (-0.99999964, -0.00083699694, 0.00018495458), (-0.99998415, -0.0013628408, 0.0054661445), (-0.99999964, -0.00083699706, 0.00018494808), (-0.99998415, -0.0013628408, 0.0054661445), (-0.99998486, -0.0007449961, 0.0054587186), (-0.99998415, -0.0013628408, 0.0054661445), (-0.999972, 0.001774505, 0.0072735753), (-0.99998486, -0.0007449961, 0.0054587186), (-0.999972, 0.001774505, 0.0072735753), (-0.99997985, 0.0056237527, 0.002948763), (-0.99998486, -0.0007449961, 0.0054587186), (-0.999972, 0.001774505, 0.0072735753), (-0.9999725, 0.0073706424, 0.0008897767), (-0.99997985, 0.0056237527, 0.002948763), (-0.9999725, 0.0073706424, 0.0008897767), (-0.9999914, 0.0041508796, 0.000097978766), (-0.99997985, 0.0056237527, 0.002948763), (-0.20062254, -0.9695197, 0.14064935), (-0.999184, 0.040148295, 0.0044013713), (-0.9995889, 0.024722403, 0.014525075), (-0.999184, 0.040148295, 0.0044013713), (-0.9996062, 0.00064749044, 0.028055137), (-0.9995889, 0.024722403, 0.014525075), (-0.9996062, 0.00064749044, 0.028055137), (-0.9996825, 0.015364427, 0.019974358), (-0.9995889, 0.024722403, 0.014525075), (-0.9996062, 0.00064749044, 0.028055137), (-0.99963933, 0.02452025, 0.010950552), (-0.9996825, 0.015364427, 0.019974358), (-0.99963933, 0.02452025, 0.010950552), (-0.9995334, 0.026130484, 0.015818216), (-0.9996825, 0.015364427, 0.019974358), (-0.9995334, 0.026130484, 0.015818216), (-0.9994385, 0.022769097, 0.024582818), (-0.9996825, 0.015364427, 0.019974358), (-0.9995334, 0.026130484, 0.015818216), (-0.99920756, 0.016801937, 0.036082383), (-0.9994385, 0.022769097, 0.024582818), (-0.99920756, 0.016801937, 0.036082383), (-0.99929, 0.014482344, 0.034784906), (-0.9994385, 0.022769097, 0.024582818), (-0.99920756, 0.016801937, 0.036082383), (-0.99938357, 0.009149684, 0.033893567), (-0.99929, 0.014482344, 0.034784906), (-0.99938357, 0.009149684, 0.033893567), (-0.99956405, 0.017614199, 0.023698092), (-0.99929, 0.014482344, 0.034784906), (-0.99956405, 0.017614199, 0.023698092), (-0.99992764, 0.0071989964, -0.009641162), (-0.99929, 0.014482344, 0.034784906), (-0.99956405, 0.017614199, 0.023698092), (-0.99976397, 0.019927396, 0.008663115), (-0.99992764, 0.0071989964, -0.009641162), (-0.99976397, 0.019927396, 0.008663115), (-0.9992742, -0.007889519, -0.037267547), (-0.99992764, 0.0071989964, -0.009641162), (-0.9992742, -0.007889519, -0.037267547), (-0.9994374, -0.01386249, -0.03054035), (-0.99992764, 0.0071989964, -0.009641162), (-0.9992742, -0.007889519, -0.037267547), (-0.9999856, -0.0046842387, 0.0026193096), (-0.9994374, -0.01386249, -0.03054035), (-0.9999856, -0.0046842387, 0.0026193096), (-0.9999822, 0.000089903384, 0.0059849974), (-0.9994374, -0.01386249, -0.03054035), (-0.9999856, -0.0046842387, 0.0026193096), (-0.99999964, -0.00083699066, 0.0001849576), (-0.9999822, 0.000089903384, 0.0059849974), (-0.99999964, -0.00083699066, 0.0001849576), (-0.99999964, -0.0008369752, 0.000184965), (-0.9999822, 0.000089903384, 0.0059849974), (-0.99999964, -0.0008369752, 0.000184965), (-0.9999537, 0.0056590075, 0.0077800564), (-0.9999822, 0.000089903384, 0.0059849974), (-0.99999964, -0.0008369752, 0.000184965), (-0.9999538, 0.005702153, 0.007739781), (-0.9999537, 0.0056590075, 0.0077800564), (-0.9999538, 0.005702153, 0.007739781), (-0.99965835, 0.016348641, 0.020396145), (-0.9999537, 0.0056590075, 0.0077800564), (-0.99965835, 0.016348641, 0.020396145), (-0.99972594, -0.023322333, 0.0020666006), (-0.9999537, 0.0056590075, 0.0077800564), (-0.99965835, 0.016348641, 0.020396145), (-0.9998597, 0.0044897716, 0.016143437), (-0.99972594, -0.023322333, 0.0020666006), (-0.9998597, 0.0044897716, 0.016143437), (-0.99842304, -0.055603117, -0.0077242455), (-0.99972594, -0.023322333, 0.0020666006), (-0.99842304, -0.055603117, -0.0077242455), (-0.9993255, -0.035790905, 0.008225788), (-0.99972594, -0.023322333, 0.0020666006), (-0.99842304, -0.055603117, -0.0077242455), (-0.9992686, -0.035314906, 0.014674456), (-0.9993255, -0.035790905, 0.008225788), (-0.9992686, -0.035314906, 0.014674456), (-0.9996534, -0.017715627, 0.019475766), (-0.9993255, -0.035790905, 0.008225788), (-0.9996534, -0.017715627, 0.019475766), (-0.9997475, -0.0011814428, 0.022438923), (-0.9993255, -0.035790905, 0.008225788), (-0.9997475, -0.0011814428, 0.022438923), (-0.99947685, 0.026711158, 0.018239368), (-0.9993255, -0.035790905, 0.008225788), (-0.9997475, -0.0011814428, 0.022438923), (-0.9996314, 0.010377143, 0.025088524), (-0.99947685, 0.026711158, 0.018239368), (-0.9996314, 0.010377143, 0.025088524), (-0.9998462, 0.0151247205, 0.008889008), (-0.99947685, 0.026711158, 0.018239368), (-0.9998462, 0.0151247205, 0.008889008), (-0.99905246, 0.04337132, 0.0036438745), (-0.99947685, 0.026711158, 0.018239368), (-0.9998462, 0.0151247205, 0.008889008), (-0.99992305, -0.012302161, 0.0015970622), (-0.99905246, 0.04337132, 0.0036438745), (-0.9998462, 0.0151247205, 0.008889008), (-1, 0.00019007074, -0.00030237733), (-0.99992305, -0.012302161, 0.0015970622), (-1, 0.00019007074, -0.00030237733), (-0.9998389, -0.017634882, 0.0033525582), (-0.99992305, -0.012302161, 0.0015970622), (-1, 0.00019007074, -0.00030237733), (-0.99973, -0.020779926, 0.010400857), (-0.9998389, -0.017634882, 0.0033525582), (-0.99973, -0.020779926, 0.010400857), (-0.99967885, -0.016847815, 0.018934041), (-0.9998389, -0.017634882, 0.0033525582), (-0.99973, -0.020779926, 0.010400857), (-0.99978894, 0.0030250342, 0.02032229), (-0.99967885, -0.016847815, 0.018934041), (-0.99978894, 0.0030250342, 0.02032229), (-0.99979115, 0.00470184, 0.019890917), (-0.99967885, -0.016847815, 0.018934041), (-0.99979115, 0.00470184, 0.019890917), (-0.99987537, 0.012450994, 0.009718554), (-0.99967885, -0.016847815, 0.018934041), (-0.99979115, 0.00470184, 0.019890917), (-0.99974746, -0.0010641131, 0.022452625), (-0.99987537, 0.012450994, 0.009718554), (-0.99974746, -0.0010641131, 0.022452625), (-0.99980426, -0.0006791746, 0.019771844), (-0.99987537, 0.012450994, 0.009718554), (-0.99980426, -0.0006791746, 0.019771844), (-0.99934626, 0.03377729, -0.0128941), (-0.99987537, 0.012450994, 0.009718554), (-0.99934626, 0.03377729, -0.0128941), (-0.99991447, 0.012766481, 0.002845318), (-0.99987537, 0.012450994, 0.009718554), (-0.99934626, 0.03377729, -0.0128941), (-0.99993914, 0.007160966, 0.008404558), (-0.99991447, 0.012766481, 0.002845318), (-0.99993914, 0.007160966, 0.008404558), (-0.9995503, -0.014971609, 0.025982706), (-0.99991447, 0.012766481, 0.002845318), (-0.9995503, -0.014971609, 0.025982706), (-0.9999803, 0.00196131, 0.0059752553), (-0.99991447, 0.012766481, 0.002845318), (-0.9995503, -0.014971609, 0.025982706), (-0.99995834, 0.007472197, 0.0052530174), (-0.9999803, 0.00196131, 0.0059752553), (-0.99995834, 0.007472197, 0.0052530174), (-0.9999444, 0.0093701985, -0.0048414445), (-0.9999803, 0.00196131, 0.0059752553), (-0.9999444, 0.0093701985, -0.0048414445), (-0.99997205, 0.0061222776, -0.004286481), (-0.9999803, 0.00196131, 0.0059752553), (-0.9999444, 0.0093701985, -0.0048414445), (-0.9999973, 0.0020569838, 0.0010757443), (-0.99997205, 0.0061222776, -0.004286481), (-0.9999973, 0.0020569838, 0.0010757443), (-0.999934, 0.0065554, -0.00943485), (-0.99997205, 0.0061222776, -0.004286481), (-0.999934, 0.0065554, -0.00943485), (-0.9998143, 0.00826945, -0.01740677), (-0.99997205, 0.0061222776, -0.004286481), (-0.999934, 0.0065554, -0.00943485), (-0.9997988, 0.013815038, -0.014546237), (-0.9998143, 0.00826945, -0.01740677), (-0.9997988, 0.013815038, -0.014546237), (-0.9999869, 0.004039922, -0.0031706013), (-0.9998143, 0.00826945, -0.01740677), (-0.9999869, 0.004039922, -0.0031706013), (-0.9998692, 0.000107288164, 0.016173841), (-0.9998143, 0.00826945, -0.01740677), (-0.9999869, 0.004039922, -0.0031706013), (-0.99964756, 0.001136142, 0.02652607), (-0.9998692, 0.000107288164, 0.016173841), (-0.99964756, 0.001136142, 0.02652607), (-0.9999138, 0.00069557317, 0.013110666), (-0.9998692, 0.000107288164, 0.016173841), (-0.99964756, 0.001136142, 0.02652607), (-0.99975264, 0.014512122, 0.016860321), (-0.9999138, 0.00069557317, 0.013110666), (-0.99975264, 0.014512122, 0.016860321), (-0.9998539, -0.006734814, 0.015718129), (-0.9999138, 0.00069557317, 0.013110666), (-0.9998539, -0.006734814, 0.015718129), (-0.9997048, -0.024281064, -0.00088873046), (-0.9999138, 0.00069557317, 0.013110666), (-0.9998539, -0.006734814, 0.015718129), (-0.9995245, -0.022934211, 0.020615125), (-0.9997048, -0.024281064, -0.00088873046), (-0.9995245, -0.022934211, 0.020615125), (-0.9995086, -0.021772588, 0.02254781), (-0.9997048, -0.024281064, -0.00088873046), (-0.9995245, -0.022934211, 0.020615125), (-0.99923325, -0.029807296, 0.025386725), (-0.9995086, -0.021772588, 0.02254781), (-0.99923325, -0.029807296, 0.025386725), (-0.99959815, -0.013284407, 0.025043996), (-0.9995086, -0.021772588, 0.02254781), (-0.99959815, -0.013284407, 0.025043996), (-0.9993325, 0.016881106, 0.032399334), (-0.9995086, -0.021772588, 0.02254781), (-0.99959815, -0.013284407, 0.025043996), (-0.9999194, -0.0010472807, 0.01265642), (-0.9993325, 0.016881106, 0.032399334), (-0.9999194, -0.0010472807, 0.01265642), (-0.9975765, -0.06951647, -0.00296387), (-0.9993325, 0.016881106, 0.032399334), (-0.9999194, -0.0010472807, 0.01265642), (-0.9848746, -0.17156847, -0.024216361), (-0.9975765, -0.06951647, -0.00296387), (-0.0008400424, 0.99984765, -0.017434873), (-0.9996037, -0.007839486, -0.027039384), (-0.9923169, 0.123701505, 0.0022544898), (-0.0008400424, 0.99984765, -0.017434873), (-0.99938965, -0.010839952, -0.033208713), (-0.9996037, -0.007839486, -0.027039384), (-0.0008400424, 0.99984765, -0.017434873), (-0.9998318, 0.0040111393, -0.017897082), (-0.99938965, -0.010839952, -0.033208713), (-0.9998318, 0.0040111393, -0.017897082), (-0.9999069, 0.010978353, -0.008101491), (-0.99938965, -0.010839952, -0.033208713), (-0.9998318, 0.0040111393, -0.017897082), (-0.99974453, 0.011323045, -0.019567896), (-0.9999069, 0.010978353, -0.008101491), (-0.9998318, 0.0040111393, -0.017897082), (-0.9997858, 0.003735017, -0.020361451), (-0.99974453, 0.011323045, -0.019567896), (-0.9997858, 0.003735017, -0.020361451), (-0.99997354, 0.0011532592, -0.0071868636), (-0.99974453, 0.011323045, -0.019567896), (-0.9997858, 0.003735017, -0.020361451), (-0.99996156, 0.003876126, -0.007878836), (-0.99997354, 0.0011532592, -0.0071868636), (-0.99996156, 0.003876126, -0.007878836), (-0.0008400424, 0.99984765, -0.017434873), (-0.99997354, 0.0011532592, -0.0071868636), (-0.99996156, 0.003876126, -0.007878836), (-0.9996946, 0.0054815467, -0.024098238), (-0.0008400424, 0.99984765, -0.017434873), (-0.99996156, 0.003876126, -0.007878836), (-0.9998846, 0.0047214855, 0.0144417705), (-0.9996946, 0.0054815467, -0.024098238), (-0.9998846, 0.0047214855, 0.0144417705), (-0.9988487, 0.002473713, 0.04790828), (-0.9996946, 0.0054815467, -0.024098238), (-0.9998846, 0.0047214855, 0.0144417705), (-0.999243, 0.0022494246, 0.038837243), (-0.9988487, 0.002473713, 0.04790828), (-0.999243, 0.0022494246, 0.038837243), (-0.99983436, 0.007969345, 0.016366525), (-0.9988487, 0.002473713, 0.04790828), (-0.999243, 0.0022494246, 0.038837243), (-0.99985605, 0.016259536, -0.004861818), (-0.99983436, 0.007969345, 0.016366525), (-0.99985605, 0.016259536, -0.004861818), (-0.99977046, 0.02046753, -0.006334313), (-0.99983436, 0.007969345, 0.016366525), (-0.99985605, 0.016259536, -0.004861818), (-0.999871, 0.014521487, -0.0068609565), (-0.99977046, 0.02046753, -0.006334313), (-0.999871, 0.014521487, -0.0068609565), (-0.9995657, 0.024709014, -0.016056372), (-0.99977046, 0.02046753, -0.006334313), (-0.999871, 0.014521487, -0.0068609565), (-0.999796, 0.018258156, -0.008638285), (-0.9995657, 0.024709014, -0.016056372), (-0.999871, 0.014521487, -0.0068609565), (-0.99999475, 0.0015699539, 0.0028615727), (-0.999796, 0.018258156, -0.008638285), (-0.999871, 0.014521487, -0.0068609565), (-0.9999581, -0.009065402, -0.0013062992), (-0.99999475, 0.0015699539, 0.0028615727), (-0.9999581, -0.009065402, -0.0013062992), (-0.99942434, 0.027044645, -0.02048219), (-0.99999475, 0.0015699539, 0.0028615727), (-0.9999581, -0.009065402, -0.0013062992), (-0.99977505, -0.019004192, -0.009423843), (-0.99942434, 0.027044645, -0.02048219), (-0.9999581, -0.009065402, -0.0013062992), (-0.998942, -0.043931577, 0.013595228), (-0.99977505, -0.019004192, -0.009423843), (-0.9999581, -0.009065402, -0.0013062992), (-0.9999933, -0.0031287316, 0.0018804547), (-0.998942, -0.043931577, 0.013595228), (-0.9999933, -0.0031287316, 0.0018804547), (-0.99978817, 0.0051610977, 0.019925257), (-0.998942, -0.043931577, 0.013595228), (-0.9999933, -0.0031287316, 0.0018804547), (-0.9999821, -0.005985065, 0.00036592764), (-0.99978817, 0.0051610977, 0.019925257), (-0.9999933, -0.0031287316, 0.0018804547), (-0.999911, 0.011143128, -0.007327601), (-0.9999821, -0.005985065, 0.00036592764), (-0.999911, 0.011143128, -0.007327601), (-0.99986535, -0.0041880785, 0.015871441), (-0.9999821, -0.005985065, 0.00036592764), (-0.99986535, -0.0041880785, 0.015871441), (-0.9999167, 0.0008415742, 0.012882439), (-0.9999821, -0.005985065, 0.00036592764), (-0.99986535, -0.0041880785, 0.015871441), (-0.9990993, 0.008448761, 0.041585337), (-0.9999167, 0.0008415742, 0.012882439), (-0.9990993, 0.008448761, 0.041585337), (-0.99966633, 0.00586503, 0.025154594), (-0.9999167, 0.0008415742, 0.012882439), (-0.99966633, 0.00586503, 0.025154594), (-0.9994104, 0.029391937, 0.01775337), (-0.9999167, 0.0008415742, 0.012882439), (-0.9994104, 0.029391937, 0.01775337), (-0.9994778, 0.02948935, 0.013213963), (-0.9999167, 0.0008415742, 0.012882439), (-0.9994104, 0.029391937, 0.01775337), (-0.9999698, 0.0014564765, 0.0076368274), (-0.9994778, 0.02948935, 0.013213963), (-0.99709034, -0.07541988, -0.011082519), (-0.9994778, 0.02948935, 0.013213963), (-0.9999698, 0.0014564765, 0.0076368274), (-0.99709034, -0.07541988, -0.011082519), (-0.9999698, 0.0014564765, 0.0076368274), (-0.9959383, -0.082962416, 0.03499038), (-0.9999262, 0.01214365, -0.00034717258), (-0.99709034, -0.07541988, -0.011082519), (-0.9959383, -0.082962416, 0.03499038), (-0.9931913, 0.013709451, 0.11568573), (-0.9999262, 0.01214365, -0.00034717258), (-0.9959383, -0.082962416, 0.03499038), (-0.9931913, 0.013709451, 0.11568573), (-0.9959383, -0.082962416, 0.03499038), (-0.0008400424, 0.99984765, -0.017434873), (-0.9999262, 0.01214365, -0.00034717258), (-0.99652636, 0.078336895, -0.028261432), (-0.99709034, -0.07541988, -0.011082519), (-0.99993473, -0.005016008, 0.010265687), (-0.9931913, 0.013709451, 0.11568573), (-0.0008400424, 0.99984765, -0.017434873), (-0.9999262, 0.01214365, -0.00034717258), (-0.9970165, -0.068421096, 0.035733312), (-0.99652636, 0.078336895, -0.028261432), (-0.99993473, -0.005016008, 0.010265687), (-0.0008400424, 0.99984765, -0.017434873), (-0.0008400424, 0.99984765, -0.017434873), (-0.9993436, -0.013057702, -0.03379604), (-0.99993473, -0.005016008, 0.010265687), (-0.0008400424, 0.99984765, -0.017434873), (-0.9993436, -0.013057702, -0.03379604), (-0.0008400424, 0.99984765, -0.017434873), (-0.99997026, 0.0066757062, 0.003895142), (-0.0008400424, 0.99984765, -0.017434873), (-0.9993436, -0.013057702, -0.03379604), (-0.99997026, 0.0066757062, 0.003895142), (-0.9970165, -0.068421096, 0.035733312), (-0.9984004, 0.05650931, -0.001853792), (-0.99652636, 0.078336895, -0.028261432), (-0.9984004, 0.05650931, -0.001853792), (-0.999235, 0.034432247, -0.018543482), (-0.99652636, 0.078336895, -0.028261432), (-0.99962264, 0.014282293, 0.023464734), (-0.0008400424, 0.99984765, -0.017434873), (-0.99997026, 0.0066757062, 0.003895142), (-0.99962264, 0.014282293, 0.023464734), (-0.99997026, 0.0066757062, 0.003895142), (-0.99999, 0.002874585, 0.0034454025), (-0.0008400424, 0.99984765, -0.017434873), (-0.99962264, 0.014282293, 0.023464734), (-0.99999, 0.002874585, 0.0034454025), (-0.9984004, 0.05650931, -0.001853792), (-0.98677367, 0.16190417, -0.008047397), (-0.999235, 0.034432247, -0.018543482), (-0.9990494, -0.0069129528, -0.04304329), (-0.0008400424, 0.99984765, -0.017434873), (-0.99999, 0.002874585, 0.0034454025), (-0.9990494, -0.0069129528, -0.04304329), (-0.99999, 0.002874585, 0.0034454025), (-0.9995685, -0.023956386, -0.016998231), (-0.99917036, -0.029236227, -0.028352166), (-0.9990494, -0.0069129528, -0.04304329), (-0.9995685, -0.023956386, -0.016998231), (-0.9992254, -0.03623351, 0.015363197), (-0.99917036, -0.029236227, -0.028352166), (-0.9995685, -0.023956386, -0.016998231), (-0.9992254, -0.03623351, 0.015363197), (-0.9995685, -0.023956386, -0.016998231), (-0.99986553, -0.016386898, 0.0006217954), (-0.99961007, -0.026228564, 0.00958094), (-0.9992254, -0.03623351, 0.015363197), (-0.99986553, -0.016386898, 0.0006217954), (-0.99997896, -0.004092555, -0.0050373035), (-0.99961007, -0.026228564, 0.00958094), (-0.99986553, -0.016386898, 0.0006217954), (-0.99997896, -0.004092555, -0.0050373035), (-0.99986553, -0.016386898, 0.0006217954), (-0.9999061, 0.008902253, -0.010415263), (-0.9999918, 0.003029996, -0.0027220817), (-0.99997896, -0.004092555, -0.0050373035), (-0.9999061, 0.008902253, -0.010415263), (-0.99961257, 0.025267048, -0.011673279), (-0.9999918, 0.003029996, -0.0027220817), (-0.9999061, 0.008902253, -0.010415263), (-0.9998123, -0.016100131, -0.010780904), (-0.99961257, 0.025267048, -0.011673279), (-0.9999061, 0.008902253, -0.010415263), (-0.9998123, -0.016100131, -0.010780904), (-0.9999061, 0.008902253, -0.010415263), (-0.9997025, -0.023958815, -0.004589645), (-0.9993464, -0.036061693, -0.002556185), (-0.9998123, -0.016100131, -0.010780904), (-0.9997025, -0.023958815, -0.004589645), (-0.9999915, -0.0040951255, -0.0004914161), (-0.9993464, -0.036061693, -0.002556185), (-0.9997025, -0.023958815, -0.004589645), (-0.9999915, -0.0040951255, -0.0004914161), (-0.9997025, -0.023958815, -0.004589645), (-0.9999884, -0.0043121083, -0.0021840357), (-0.99999803, -0.0015252898, 0.0012820452), (-0.9999915, -0.0040951255, -0.0004914161), (-0.9999884, -0.0043121083, -0.0021840357), (-0.9999963, -0.0025130936, -0.0010881451), (-0.99999803, -0.0015252898, 0.0012820452), (-0.9999884, -0.0043121083, -0.0021840357), (-0.99996805, -0.006127658, -0.0051473067), (-0.9999963, -0.0025130936, -0.0010881451), (-0.9999884, -0.0043121083, -0.0021840357), (-0.99996805, -0.006127658, -0.0051473067), (-0.9999884, -0.0043121083, -0.0021840357), (-0.999685, 0.02509487, 0.00037623744), (-0.99893194, -0.0022825107, 0.046149764), (-0.99996805, -0.006127658, -0.0051473067), (-0.999685, 0.02509487, 0.00037623744), (-0.99833006, 0.04005928, 0.041622717), (-0.99893194, -0.0022825107, 0.046149764), (-0.999685, 0.02509487, 0.00037623744), (-0.9980357, 0.04930764, -0.03864628), (-0.99833006, 0.04005928, 0.041622717), (-0.999685, 0.02509487, 0.00037623744), (-0.99948806, 0.0236181, -0.021586224), (-0.9980357, 0.04930764, -0.03864628), (-0.999685, 0.02509487, 0.00037623744), (-0.99954003, -0.003456198, 0.030131983), (-0.99948806, 0.0236181, -0.021586224), (-0.999685, 0.02509487, 0.00037623744), (-0.9991817, 0.038668294, -0.011870749), (-0.99954003, -0.003456198, 0.030131983), (-0.999685, 0.02509487, 0.00037623744), (-0.999911, 0.011143128, -0.007327601), (-0.9991817, 0.038668294, -0.011870749), (-0.999685, 0.02509487, 0.00037623744), (-0.999911, 0.011143128, -0.007327601), (-0.999685, 0.02509487, 0.00037623744), (-0.16782257, -0.8717966, 0.46022433), (-0.999911, 0.011143128, -0.007327601), (-0.16782257, -0.8717966, 0.46022433), (-0.14331432, -0.92664194, 0.3475568), (-0.999911, 0.011143128, -0.007327601), (-0.14331432, -0.92664194, 0.3475568), (-0.997567, -0.042953707, 0.054910872), (-0.999911, 0.011143128, -0.007327601), (-0.997567, -0.042953707, 0.054910872), (-0.9998508, 0.016416715, -0.005382368), (-0.999911, 0.011143128, -0.007327601), (-0.9998508, 0.016416715, -0.005382368), (-0.0008400424, 0.99984765, -0.017434873), (-0.999911, 0.011143128, -0.007327601), (-0.0008400424, 0.99984765, -0.017434873), (-0.0008400424, 0.99984765, -0.017434873), (-0.999911, 0.011143128, -0.007327601), (-0.0008400424, 0.99984765, -0.017434873), (-0.99986535, -0.0041880785, 0.015871441), (-0.99999523, 0.0029962875, 0.00080647157), (-0.99999225, 0.0015311697, 0.0036426554), (-0.99994653, 0.006417042, 0.00811947), (-0.99999994, -0.00005946226, 0.0004687841), (-0.99999523, 0.0029962875, 0.00080647157), (-0.99994653, 0.006417042, 0.00811947), (-0.99999994, -0.00005946226, 0.0004687841), (-0.99994653, 0.006417042, 0.00811947), (-0.9958125, 0.036638234, 0.0837572), (-0.99999994, -0.00005946226, 0.0004687841), (-0.9958125, 0.036638234, 0.0837572), (-0.99709964, -0.04525076, -0.06119488), (-0.99999994, -0.00005946226, 0.0004687841), (-0.99709964, -0.04525076, -0.06119488), (-0.9940937, -0.057486586, -0.092050046), (-0.99999994, -0.00005946226, 0.0004687841), (-0.9940937, -0.057486586, -0.092050046), (-0.9993049, 0.033163603, 0.017029628), (-0.99999994, -0.00005946226, 0.0004687841), (-0.9993049, 0.033163603, 0.017029628), (-0.9996038, 0.026669452, 0.009008505), (-0.9999753, 0.002256709, 0.0066540698), (-0.9894223, -0.028608266, -0.14221554), (-0.9999616, -0.00078130426, 0.008735617), (-0.9999434, 0.010411735, -0.002235578), (-0.9999753, 0.002256709, 0.0066540698), (-0.9999616, -0.00078130426, 0.008735617), (-0.9998883, -0.009102653, 0.011858837), (-0.9999434, 0.010411735, -0.002235578), (-0.9999616, -0.00078130426, 0.008735617), (-0.9998883, -0.009102653, 0.011858837), (-0.9999616, -0.00078130426, 0.008735617), (-0.999363, -0.018912539, 0.03026499), (-0.9992613, -0.02096892, 0.032206327), (-0.9998883, -0.009102653, 0.011858837), (-0.999363, -0.018912539, 0.03026499), (-0.9992613, -0.02096892, 0.032206327), (-0.999363, -0.018912539, 0.03026499), (-0.99996847, -0.0071207704, 0.0035040975), (-0.99950415, -0.011620891, 0.029267197), (-0.9992613, -0.02096892, 0.032206327), (-0.99996847, -0.0071207704, 0.0035040975), (-0.9995133, 0.015936809, -0.026819305), (-0.99950415, -0.011620891, 0.029267197), (-0.99996847, -0.0071207704, 0.0035040975), (-0.99985975, -0.00300324, -0.016478766), (-0.9995133, 0.015936809, -0.026819305), (-0.99996847, -0.0071207704, 0.0035040975), (-0.9995096, -0.029193545, 0.0113325855), (-0.99985975, -0.00300324, -0.016478766), (-0.99996847, -0.0071207704, 0.0035040975), (-0.9999947, -0.0031158575, -0.0009963784), (-0.9995096, -0.029193545, 0.0113325855), (-0.99996847, -0.0071207704, 0.0035040975), (-0.9999708, -0.007161916, -0.0026793666), (-0.9999947, -0.0031158575, -0.0009963784), (-0.99996847, -0.0071207704, 0.0035040975), (-0.9999708, -0.007161916, -0.0026793666), (-0.99996847, -0.0071207704, 0.0035040975), (-0.9999874, 0.0011429487, -0.0048842835), (-0.99992543, 0.012092916, -0.0017270398), (-0.9999708, -0.007161916, -0.0026793666), (-0.9999874, 0.0011429487, -0.0048842835), (-0.99910426, 0.03956945, -0.014995883), (-0.99992543, 0.012092916, -0.0017270398), (-0.9999874, 0.0011429487, -0.0048842835), (-0.99910426, 0.03956945, -0.014995883), (-0.9999874, 0.0011429487, -0.0048842835), (-0.99868536, 0.047457248, -0.019380197), (-0.99976104, 0.00050065806, -0.021853212), (-0.99910426, 0.03956945, -0.014995883), (-0.99868536, 0.047457248, -0.019380197), (-0.99976104, 0.00050065806, -0.021853212), (-0.99868536, 0.047457248, -0.019380197), (-0.9997098, 0.016706754, -0.017357804), (-0.99976104, 0.00050065806, -0.021853212), (-0.9997098, 0.016706754, -0.017357804), (-0.9998046, -0.010446127, -0.01678486), (-0.99987745, -0.007952888, -0.013490855), (-0.99976104, 0.00050065806, -0.021853212), (-0.9998046, -0.010446127, -0.01678486), (-0.99987745, -0.007952888, -0.013490855), (-0.9998046, -0.010446127, -0.01678486), (-0.99999195, 0.0011760484, -0.0038485834), (-0.9999797, -0.0063823564, 0.00033164205), (-0.14859812, -0.015941938, -0.98876923), (-0.99987745, -0.007952888, -0.013490855), (-0.9999797, -0.0063823564, 0.00033164205), (-0.99987745, -0.007952888, -0.013490855), (-0.9999998, 0.0006784877, -0.0002789468), (-0.99987745, -0.007952888, -0.013490855), (-0.99999195, 0.0011760484, -0.0038485834), (-0.9999998, 0.0006784877, -0.0002789468), (-0.99999195, 0.0011760484, -0.0038485834), (-0.99991417, 0.00900896, 0.009520352), (-0.9999998, 0.0006784877, -0.0002789468), (-0.99999195, 0.0011760484, -0.0038485834), (-0.99995565, 0.006231451, 0.0070652827), (-0.99991417, 0.00900896, 0.009520352), (-0.99995565, 0.006231451, 0.0070652827), (-0.0008400424, 0.99984765, -0.017434873), (-0.99991417, 0.00900896, 0.009520352), (-0.99991417, 0.00900896, 0.009520352), (-0.99987954, 0.009045813, 0.012620303), (-0.9999998, 0.0006784877, -0.0002789468), (-0.99991417, 0.00900896, 0.009520352), (-0.9994422, -0.027983025, -0.018230695), (-0.99987954, 0.009045813, 0.012620303), (-0.998618, -0.02493386, -0.046265513), (-0.9964193, -0.041408032, -0.07371552), (-0.9996038, 0.026669452, 0.009008505), (-0.998618, -0.02493386, -0.046265513), (-0.9996038, 0.026669452, 0.009008505), (-0.99999446, -0.0030856873, 0.0013178848), (-0.9999801, -0.004145506, -0.0047716424), (-0.998618, -0.02493386, -0.046265513), (-0.99999446, -0.0030856873, 0.0013178848), (-0.9999801, -0.004145506, -0.0047716424), (-0.99999446, -0.0030856873, 0.0013178848), (-0.99998146, -0.0044370038, -0.004173704), (-0.9999841, -0.002471543, -0.0050708232), (-0.9999801, -0.004145506, -0.0047716424), (-0.99998146, -0.0044370038, -0.004173704), (-0.9999841, -0.002471543, -0.0050708232), (-0.99998146, -0.0044370038, -0.004173704), (-0.9999695, 0.0002430008, -0.007820316), (-0.0008400424, 0.99984765, -0.017434873), (-0.9999841, -0.002471543, -0.0050708232), (-0.9999695, 0.0002430008, -0.007820316), (-0.9999766, 0.00410443, -0.005498245), (-0.0008400424, 0.99984765, -0.017434873), (-0.9999695, 0.0002430008, -0.007820316), (-0.9999766, 0.00410443, -0.005498245), (-0.9999695, 0.0002430008, -0.007820316), (-0.9999901, 0.00053211726, -0.0044109547), (-0.9995829, 0.006383479, -0.02816782), (-0.9999766, 0.00410443, -0.005498245), (-0.9999901, 0.00053211726, -0.0044109547), (-0.99947494, -0.009035492, 0.031117437), (-0.9995829, 0.006383479, -0.02816782), (-0.9999901, 0.00053211726, -0.0044109547), (-0.99947494, -0.009035492, 0.031117437), (-0.9999901, 0.00053211726, -0.0044109547), (-0.99990404, 0.0009427697, 0.013824199), (-0.99985576, 0.010116508, 0.013650071), (-0.99947494, -0.009035492, 0.031117437), (-0.99990404, 0.0009427697, 0.013824199), (-0.9997029, 0.0096872365, -0.022372544), (-0.99985576, 0.010116508, 0.013650071), (-0.99990404, 0.0009427697, 0.013824199), (-0.9997029, 0.0096872365, -0.022372544), (-0.99990404, 0.0009427697, 0.013824199), (-0.99995077, 0.0014370597, -0.009825483), (-0.99997663, 0.0012187661, -0.006734454), (-0.9997029, 0.0096872365, -0.022372544), (-0.99995077, 0.0014370597, -0.009825483), (-0.99997663, 0.0012187661, -0.006734454), (-0.99995077, 0.0014370597, -0.009825483), (-0.99995846, -0.008842729, 0.0022386527), (-0.9999954, -0.0016514009, 0.0025711618), (-0.99997663, 0.0012187661, -0.006734454), (-0.99995846, -0.008842729, 0.0022386527), (-0.99999416, -0.0023640154, 0.0024725413), (-0.9999954, -0.0016514009, 0.0025711618), (-0.99995846, -0.008842729, 0.0022386527), (-0.9999122, -0.011342069, 0.006855424), (-0.99999416, -0.0023640154, 0.0024725413), (-0.99995846, -0.008842729, 0.0022386527), (-0.9999997, 0.0006834947, -0.0005948189), (-0.9999122, -0.011342069, 0.006855424), (-0.99995846, -0.008842729, 0.0022386527), (-0.9999997, 0.0006834947, -0.0005948189), (-0.99995846, -0.008842729, 0.0022386527), (-0.9999837, -0.0048614284, -0.0029827964), (-0.9999034, -0.005718445, -0.012668061), (-0.9999997, 0.0006834947, -0.0005948189), (-0.9999837, -0.0048614284, -0.0029827964), (-0.9998118, -0.019154146, 0.0031005302), (-0.9999034, -0.005718445, -0.012668061), (-0.9999837, -0.0048614284, -0.0029827964), (-0.9998118, -0.019154146, 0.0031005302), (-0.9999837, -0.0048614284, -0.0029827964), (-0.9996082, -0.027127475, 0.0069065946), (-0.9997714, -0.0002556504, -0.021380814), (-0.9998118, -0.019154146, 0.0031005302), (-0.9996082, -0.027127475, 0.0069065946), (-0.9997714, -0.0002556504, -0.021380814), (-0.9996082, -0.027127475, 0.0069065946), (-0.9999015, -0.01116659, -0.008521032), (-0.9997714, -0.0002556504, -0.021380814), (-0.9999015, -0.01116659, -0.008521032), (-0.9999577, 0.009201177, -0.00019161138), (-0.99998957, 0.0028985185, 0.003553642), (-0.9997714, -0.0002556504, -0.021380814), (-0.9999577, 0.009201177, -0.00019161138), (-0.99998957, 0.0028985185, 0.003553642), (-0.99998933, 0.0028781819, 0.0036113644), (-0.9997714, -0.0002556504, -0.021380814), (-0.99997663, -0.0055020605, -0.004090228), (-0.9999532, -0.008547242, 0.0045380206), (-0.9999766, -0.005495471, -0.0040977113), (-0.99997663, -0.0055020605, -0.004090228), (-0.9999766, -0.005495471, -0.0040977113), (-0.99983585, 0.0008787965, -0.018104706), (-0.9999766, -0.005495471, -0.0040977113), (-0.99904823, -0.043524846, 0.0028745604), (-0.99983585, 0.0008787965, -0.018104706), (-0.9999766, -0.005495471, -0.0040977113), (-0.9998226, -0.016146762, 0.009698422), (-0.99904823, -0.043524846, 0.0028745604), (-0.9999766, -0.005495471, -0.0040977113), (-0.9997775, 0.01850709, -0.010129341), (-0.9998226, -0.016146762, 0.009698422), (-0.9999766, -0.005495471, -0.0040977113), (-0.99962294, 0.024352457, -0.01268316), (-0.9997775, 0.01850709, -0.010129341), (-0.99962294, 0.024352457, -0.01268316), (-0.99955463, 0.028223755, -0.009697315), (-0.9997775, 0.01850709, -0.010129341), (-0.99962294, 0.024352457, -0.01268316), (-0.99950325, 0.031324964, -0.0034709268), (-0.99955463, 0.028223755, -0.009697315), (-0.99950325, 0.031324964, -0.0034709268), (-0.9998461, 0.01575116, -0.0077300067), (-0.99955463, 0.028223755, -0.009697315), (-0.9998461, 0.01575116, -0.0077300067), (-0.99992514, 0.011835744, -0.0031110486), (-0.99955463, 0.028223755, -0.009697315), (-0.9998461, 0.01575116, -0.0077300067), (-0.9994718, 0.026670558, -0.018571964), (-0.99992514, 0.011835744, -0.0031110486), (-0.9994718, 0.026670558, -0.018571964), (-0.99995893, 0.0022526938, 0.008784187), (-0.99992514, 0.011835744, -0.0031110486), (-0.99995893, 0.0022526938, 0.008784187), (-0.9996548, -0.018491022, 0.018666059), (-0.99992514, 0.011835744, -0.0031110486), (-0.9996548, -0.018491022, 0.018666059), (-0.9999634, -0.008519722, 0.0009152665), (-0.99992514, 0.011835744, -0.0031110486), (-0.9996548, -0.018491022, 0.018666059), (-0.999941, -0.010581485, 0.0024956951), (-0.9999634, -0.008519722, 0.0009152665), (-0.999941, -0.010581485, 0.0024956951), (-0.99994814, 0.010110975, -0.0012329173), (-0.9999634, -0.008519722, 0.0009152665), (-0.99994814, 0.010110975, -0.0012329173), (-0.99991125, -0.009795486, 0.009035998), (-0.9999634, -0.008519722, 0.0009152665), (-0.99994814, 0.010110975, -0.0012329173), (-0.999899, -0.008308003, 0.011528288), (-0.99991125, -0.009795486, 0.009035998), (-0.999899, -0.008308003, 0.011528288), (-0.99993026, -0.0109932665, 0.0043123974), (-0.99991125, -0.009795486, 0.009035998), (-0.99993026, -0.0109932665, 0.0043123974), (-0.9999446, -0.008351494, 0.0064140493), (-0.99991125, -0.009795486, 0.009035998), (-0.99993026, -0.0109932665, 0.0043123974), (-0.99996984, -0.0013499557, 0.007649138), (-0.9999446, -0.008351494, 0.0064140493), (-0.99996984, -0.0013499557, 0.007649138), (-0.9997381, -0.011117093, 0.02000827), (-0.9999446, -0.008351494, 0.0064140493), (-0.9997381, -0.011117093, 0.02000827), (-0.99971145, -0.02327179, -0.0059546307), (-0.9999446, -0.008351494, 0.0064140493), (-0.9997381, -0.011117093, 0.02000827), (-0.9997265, -0.023058595, -0.003931016), (-0.99971145, -0.02327179, -0.0059546307), (-0.9997265, -0.023058595, -0.003931016), (-0.99953294, -0.027567461, -0.013190091), (-0.99971145, -0.02327179, -0.0059546307), (-0.99953294, -0.027567461, -0.013190091), (-0.9999271, -0.0036003187, 0.011532859), (-0.99971145, -0.02327179, -0.0059546307), (-0.99953294, -0.027567461, -0.013190091), (-0.99992704, -0.011725374, 0.0029283664), (-0.9999271, -0.0036003187, 0.011532859), (-0.99992704, -0.011725374, 0.0029283664), (-0.99977976, -0.002280759, 0.020862209), (-0.9999271, -0.0036003187, 0.011532859), (-0.99992704, -0.011725374, 0.0029283664), (-0.99972993, 0.010474439, 0.02074653), (-0.99977976, -0.002280759, 0.020862209), (-0.99972993, 0.010474439, 0.02074653), (-0.999992, -0.0011620955, 0.0038294655), (-0.99977976, -0.002280759, 0.020862209), (-0.999992, -0.0011620955, 0.0038294655), (-0.1309089, 0.7005805, -0.7014627), (-0.99977976, -0.002280759, 0.020862209), (-0.999992, -0.0011620955, 0.0038294655), (-0.13870189, 0.4958482, -0.857261), (-0.1309089, 0.7005805, -0.7014627), (-0.999992, -0.0011620955, 0.0038294655), (-0.15733285, 0.2701174, -0.9498858), (-0.13870189, 0.4958482, -0.857261), (-0.999992, -0.0011620955, 0.0038294655), (-0.9284854, -0.058465023, -0.366738), (-0.15733285, 0.2701174, -0.9498858), (-0.999992, -0.0011620955, 0.0038294655), (-0.14771825, 0.049570173, -0.9877866), (-0.9284854, -0.058465023, -0.366738), (-0.999992, -0.0011620955, 0.0038294655), (-0.14631198, -0.010995008, -0.9891774), (-0.14771825, 0.049570173, -0.9877866), (-0.999992, -0.0011620955, 0.0038294655), (-0.1367649, -0.018592903, -0.9904291), (-0.14631198, -0.010995008, -0.9891774), (-0.999992, -0.0011620955, 0.0038294655), (-0.9998895, -0.006274163, 0.013484243), (-0.1367649, -0.018592903, -0.9904291), (-0.999992, -0.0011620955, 0.0038294655), (-0.99997336, -0.004326698, -0.0058805617), (-0.9998895, -0.006274163, 0.013484243), (-0.999992, -0.0011620955, 0.0038294655), (-0.9999274, 0.00064126175, -0.012034804), (-0.99997336, -0.004326698, -0.0058805617), (-0.999992, -0.0011620955, 0.0038294655), (-0.999908, 0.013572367, -0.00006634286), (-0.9999274, 0.00064126175, -0.012034804), (-0.9714909, -0.18018074, 0.15407899), (-0.90485924, -0.32112402, 0.27948013), (-0.99971175, 0.023999313, 0.0007970178), (-0.9999994, 0.0010128935, -0.00048565454), (-0.9714909, -0.18018074, 0.15407899), (-0.99971175, 0.023999313, 0.0007970178), (-0.9999994, 0.0010128935, -0.00048565454), (-0.16489783, -0.9457421, 0.27996576), (-0.9714909, -0.18018074, 0.15407899), (-0.9999994, 0.0010128935, -0.00048565454), (-0.99971175, 0.023999313, 0.0007970178), (-0.9999646, 0.0060094725, -0.0058900206), (-0.9999646, 0.0060094725, -0.0058900206), (-0.9995157, 0.03032838, -0.0069727977), (-0.99992573, -0.0005491754, -0.012179022), (-0.20467694, -0.97875, -0.012492467), (-0.15170504, -0.9753302, 0.16036409), (-0.9999994, 0.0010128935, -0.00048565454), (-0.9993778, -0.03183319, -0.015186914), (-0.15915675, -0.98268235, -0.09489215), (-0.20467694, -0.97875, -0.012492467), (-0.9993778, -0.03183319, -0.015186914), (-0.20467694, -0.97875, -0.012492467), (-0.9999994, 0.0010128935, -0.00048565454), (-0.9992508, 0.009526068, 0.03751114), (-0.1314294, -0.73301387, -0.6673957), (-0.14155997, -0.78794545, -0.5992518), (-0.9992508, 0.009526068, 0.03751114), (-0.14155997, -0.78794545, -0.5992518), (-0.9993778, -0.03183319, -0.015186914), (-0.1239843, -0.46028686, -0.8790699), (-0.13956454, -0.5693626, -0.8101532), (-0.9992508, 0.009526068, 0.03751114), (-0.99992967, -0.0029063663, 0.011502102), (-0.9992508, 0.009526068, 0.03751114), (-0.9993778, -0.03183319, -0.015186914), (-0.99992967, -0.0029063663, 0.011502102), (-0.1239843, -0.46028686, -0.8790699), (-0.9992508, 0.009526068, 0.03751114), (-0.99992967, -0.0029063663, 0.011502102), (-0.1366238, -0.3382173, -0.93109775), (-0.1239843, -0.46028686, -0.8790699), (-0.99992967, -0.0029063663, 0.011502102), (-0.9993778, -0.03183319, -0.015186914), (-0.9999994, 0.0010128935, -0.00048565454), (-0.14581549, -0.07066034, -0.98678523), (-0.13550144, -0.15584053, -0.9784442), (-0.99992967, -0.0029063663, 0.011502102), (-0.9988336, 0.0016973416, -0.04825786), (-0.14777866, -0.0032452887, -0.98901516), (-0.14581549, -0.07066034, -0.98678523), (-0.9988336, 0.0016973416, -0.04825786), (-0.14581549, -0.07066034, -0.98678523), (-0.99992967, -0.0029063663, 0.011502102), (-0.14613964, 0.25128227, -0.95681787), (-0.13555706, 0.14661546, -0.9798614), (-0.9988336, 0.0016973416, -0.04825786), (-0.99999297, 0.0036434557, -0.0009013108), (-0.14613964, 0.25128227, -0.95681787), (-0.9988336, 0.0016973416, -0.04825786), (-0.99999297, 0.0036434557, -0.0009013108), (-0.14323744, 0.33986098, -0.929504), (-0.14613964, 0.25128227, -0.95681787), (-0.99999297, 0.0036434557, -0.0009013108), (-0.9988336, 0.0016973416, -0.04825786), (-0.99992967, -0.0029063663, 0.011502102), (-0.14715926, 0.6666369, -0.73071164), (-0.13435934, 0.57130677, -0.80966425), (-0.99999297, 0.0036434557, -0.0009013108), (-0.99901134, 0.040633857, -0.018039906), (-0.1447327, 0.74826694, -0.64741737), (-0.14715926, 0.6666369, -0.73071164), (-0.99901134, 0.040633857, -0.018039906), (-0.14715926, 0.6666369, -0.73071164), (-0.99999297, 0.0036434557, -0.0009013108), (-0.9998841, 0.003694671, 0.014773282), (-0.99901134, 0.040633857, -0.018039906), (-0.99999297, 0.0036434557, -0.0009013108), (-0.9998841, 0.003694671, 0.014773282), (-0.13759935, 0.93787247, -0.3185305), (-0.99901134, 0.040633857, -0.018039906), (-0.9998841, 0.003694671, 0.014773282), (-0.14071654, 0.96693146, -0.21270311), (-0.13759935, 0.93787247, -0.3185305), (-0.9998841, 0.003694671, 0.014773282), (-0.99999297, 0.0036434557, -0.0009013108), (-0.99992967, -0.0029063663, 0.011502102), (-0.99878836, 0.04803651, 0.01069055), (-0.15512215, 0.9795883, 0.12784332), (-0.9998841, 0.003694671, 0.014773282), (-0.9995608, -0.0043228692, 0.02931861), (-0.1461686, 0.7734964, 0.6167156), (-0.99878836, 0.04803651, 0.01069055), (-0.9995608, -0.0043228692, 0.02931861), (-0.093429126, 0.79349995, 0.60135597), (-0.1461686, 0.7734964, 0.6167156), (-0.9995608, -0.0043228692, 0.02931861), (-0.99878836, 0.04803651, 0.01069055), (-0.9998841, 0.003694671, 0.014773282), (-0.9998841, 0.003694671, 0.014773282), (-0.99986506, -0.011628314, 0.011612064), (-0.99968064, -0.014152326, -0.020936767), (-0.9998841, 0.003694671, 0.014773282), (-0.9999003, -0.0027062213, 0.013862758), (-0.99986506, -0.011628314, 0.011612064), (-0.9998841, 0.003694671, 0.014773282), (-0.0008400424, 0.99984765, -0.017434873), (-0.9999003, -0.0027062213, 0.013862758), (-0.9998841, 0.003694671, 0.014773282), (-0.99968064, -0.014152326, -0.020936767), (-0.9999557, 0.0042195134, 0.008411315), (-0.9998841, 0.003694671, 0.014773282), (-0.9984593, -0.023016633, 0.05049225), (-0.0008400424, 0.99984765, -0.017434873), (-0.9995608, -0.0043228692, 0.02931861), (-0.9998841, 0.003694671, 0.014773282), (-0.9999557, 0.0042195134, 0.008411315), (-0.9998841, 0.003694671, 0.014773282), (-0.99992967, -0.0029063663, 0.011502102), (-0.9984593, -0.023016633, 0.05049225), (-0.9995608, -0.0043228692, 0.02931861), (-0.9999557, 0.0042195134, 0.008411315), (-0.17846902, -0.971155, -0.15813552), (-0.99992967, -0.0029063663, 0.011502102), (-0.99869573, 0.041980296, -0.029060552), (-0.9984593, -0.023016633, 0.05049225), (-0.9995608, -0.0043228692, 0.02931861), (-0.17846902, -0.971155, -0.15813552), (-0.9992501, 0.03734292, 0.010237466), (-0.99992967, -0.0029063663, 0.011502102), (-0.99999964, -0.00083698693, 0.00018491439), (-0.99869573, 0.041980296, -0.029060552), (-0.99992967, -0.0029063663, 0.011502102), (-0.9969941, -0.04855846, 0.060374465), (-0.99999964, -0.00083698693, 0.00018491439), (-0.9995608, -0.0043228692, 0.02931861), (-0.9992501, 0.03734292, 0.010237466), (-0.99953103, 0.009470227, 0.029121552), (-0.99992967, -0.0029063663, 0.011502102), (-0.99916, 0.0371557, 0.017283523), (-0.9969941, -0.04855846, 0.060374465), (-0.9995608, -0.0043228692, 0.02931861), (-0.99953103, 0.009470227, 0.029121552), (-0.0008400424, 0.99984765, -0.017434873), (-0.99992967, -0.0029063663, 0.011502102), (-0.99994206, 0.010389471, 0.0028055029), (-0.99916, 0.0371557, 0.017283523), (-0.9995608, -0.0043228692, 0.02931861), (-0.0008400424, 0.99984765, -0.017434873), (-0.99873257, 0.009856565, -0.04935834), (-0.99992967, -0.0029063663, 0.011502102), (-0.9987027, -0.048622336, 0.015130667), (-0.99994206, 0.010389471, 0.0028055029), (-0.99992967, -0.0029063663, 0.011502102), (-0.9957269, 0.08110487, 0.044160463), (-0.9987027, -0.048622336, 0.015130667), (-0.99992967, -0.0029063663, 0.011502102), (-0.99749523, 0.062633656, 0.0328703), (-0.9957269, 0.08110487, 0.044160463), (-0.99992967, -0.0029063663, 0.011502102), (-0.9999994, 0.0010128935, -0.00048565454), (-0.99749523, 0.062633656, 0.0328703), (-0.9999994, 0.0010128935, -0.00048565454), (-0.9992206, 0.036173057, -0.01580083), (-0.99749523, 0.062633656, 0.0328703), (-0.9999994, 0.0010128935, -0.00048565454), (-0.9996644, 0.008575593, -0.02444298), (-0.9992206, 0.036173057, -0.01580083), (-0.9999994, 0.0010128935, -0.00048565454), (-0.99974793, 0.022199534, 0.0033639742), (-0.9996644, 0.008575593, -0.02444298), (-0.9999994, 0.0010128935, -0.00048565454), (-0.99952096, 0.023226205, -0.02046065), (-0.99974793, 0.022199534, 0.0033639742), (-0.9999994, 0.0010128935, -0.00048565454), (-0.9990326, -0.002296362, 0.043918125), (-0.99952096, 0.023226205, -0.02046065), (-0.9999994, 0.0010128935, -0.00048565454), (-0.9999646, 0.0060094725, -0.0058900206), (-0.9990326, -0.002296362, 0.043918125), (-0.9999646, 0.0060094725, -0.0058900206), (-0.9993051, 0.006571764, 0.036689382), (-0.9990326, -0.002296362, 0.043918125), (-0.9999646, 0.0060094725, -0.0058900206), (-0.99983126, -0.004158629, 0.017893635), (-0.9993051, 0.006571764, 0.036689382), (-0.9999646, 0.0060094725, -0.0058900206), (-0.2776684, 0.16289333, -0.9467661), (-0.99983126, -0.004158629, 0.017893635), (-0.9999646, 0.0060094725, -0.0058900206), (-0.99989, -0.0033187277, -0.014458816), (-0.2776684, 0.16289333, -0.9467661), (-0.9999646, 0.0060094725, -0.0058900206), (-0.99992573, -0.0005491754, -0.012179022), (-0.99989, -0.0033187277, -0.014458816), (-0.99992573, -0.0005491754, -0.012179022), (-0.9999563, -0.00053020474, -0.009343895), (-0.99989, -0.0033187277, -0.014458816), (-0.9999563, -0.00053020474, -0.009343895), (-0.99452525, 0.02676915, -0.10100941), (-0.99989, -0.0033187277, -0.014458816), (-0.9999563, -0.00053020474, -0.009343895), (-0.99873257, 0.009856565, -0.04935834), (-0.99452525, 0.02676915, -0.10100941), (-0.9999563, -0.00053020474, -0.009343895), (-0.9995608, -0.0043228692, 0.02931861), (-0.99873257, 0.009856565, -0.04935834), (-0.9999563, -0.00053020474, -0.009343895), (-0.9999471, -0.009561048, 0.0037983446), (-0.9995608, -0.0043228692, 0.02931861), (-0.99989295, -0.010903737, -0.009757245), (-0.9995238, 0.019815555, -0.023656856), (-0.99982536, -0.017612096, -0.006247461), (-0.99982536, -0.017612096, -0.006247461), (-0.99993896, -0.010804435, -0.0023134048), (-0.99989295, -0.010903737, -0.009757245), (-0.99989295, -0.010903737, -0.009757245), (-0.99941754, 0.030436171, -0.01543592), (-0.9995238, 0.019815555, -0.023656856), (-0.99982536, -0.017612096, -0.006247461), (-0.99984103, -0.016621403, 0.0064538606), (-0.99993896, -0.010804435, -0.0023134048), (-0.99941754, 0.030436171, -0.01543592), (-0.9997444, 0.010387965, -0.020081842), (-0.9995238, 0.019815555, -0.023656856), (-0.99984103, -0.016621403, 0.0064538606), (-0.99946284, -0.030948667, 0.010786042), (-0.99993896, -0.010804435, -0.0023134048), (-0.9997444, 0.010387965, -0.020081842), (-0.9998179, -0.010567155, -0.01589062), (-0.9995238, 0.019815555, -0.023656856), (-0.9997444, 0.010387965, -0.020081842), (-0.99938405, -0.035016146, -0.0023457706), (-0.9998179, -0.010567155, -0.01589062), (-0.99984103, -0.016621403, 0.0064538606), (-0.9998193, -0.014572315, 0.0122166835), (-0.99946284, -0.030948667, 0.010786042), (-0.99984103, -0.016621403, 0.0064538606), (-0.9999761, 0.0054249913, 0.0042866445), (-0.9998193, -0.014572315, 0.0122166835), (-0.9999761, 0.0054249913, 0.0042866445), (-0.99956197, 0.029570654, 0.0012479076), (-0.9998193, -0.014572315, 0.0122166835), (-0.99938405, -0.035016146, -0.0023457706), (-0.99966174, -0.022769624, -0.012572816), (-0.9998179, -0.010567155, -0.01589062), (-0.99966174, -0.022769624, -0.012572816), (-0.99981207, -0.018206267, -0.0066577396), (-0.9998179, -0.010567155, -0.01589062), (-0.9999761, 0.0054249913, 0.0042866445), (-0.9999547, 0.009199164, -0.0024442172), (-0.99956197, 0.029570654, 0.0012479076), (-0.99966174, -0.022769624, -0.012572816), (-0.9998871, -0.015027368, -0.00027981002), (-0.99981207, -0.018206267, -0.0066577396), (-0.9999761, 0.0054249913, 0.0042866445), (-0.99996907, 0.0048072706, -0.0062292987), (-0.9999547, 0.009199164, -0.0024442172), (-0.99996907, 0.0048072706, -0.0062292987), (-0.9999373, 0.009331255, -0.0061875004), (-0.9999547, 0.009199164, -0.0024442172), (-0.9998871, -0.015027368, -0.00027981002), (-0.9998078, -0.00977315, -0.017001327), (-0.99981207, -0.018206267, -0.0066577396), (-0.9998871, -0.015027368, -0.00027981002), (-0.99919206, -0.018852586, -0.035494693), (-0.9998078, -0.00977315, -0.017001327), (-0.99996907, 0.0048072706, -0.0062292987), (-0.99994487, -0.0024270797, -0.010217412), (-0.9999373, 0.009331255, -0.0061875004), (-0.99996907, 0.0048072706, -0.0062292987), (-0.9999836, 0.005070757, -0.0026853683), (-0.99994487, -0.0024270797, -0.010217412), (-0.99919206, -0.018852586, -0.035494693), (-0.99916244, 0.0056436122, -0.040528573), (-0.9998078, -0.00977315, -0.017001327), (-0.99916244, 0.0056436122, -0.040528573), (-0.9998481, 0.017318431, 0.001990164), (-0.9998078, -0.00977315, -0.017001327), (-0.99916244, 0.0056436122, -0.040528573), (-0.9997914, 0.016513284, -0.012023162), (-0.9998481, 0.017318431, 0.001990164), (-0.9999836, 0.005070757, -0.0026853683), (-0.99995786, 0.008388673, 0.0037496916), (-0.99994487, -0.0024270797, -0.010217412), (-0.9997914, 0.016513284, -0.012023162), (-0.9997879, 0.017502815, 0.010855941), (-0.9998481, 0.017318431, 0.001990164), (-0.9999836, 0.005070757, -0.0026853683), (-0.99996006, -0.00020680412, -0.008947293), (-0.99995786, 0.008388673, 0.0037496916), (-0.9997879, 0.017502815, 0.010855941), (-0.9999726, 0.006623517, -0.0033300011), (-0.9998481, 0.017318431, 0.001990164), (-0.99996006, -0.00020680412, -0.008947293), (-0.99997175, 0.005390578, 0.0052572535), (-0.99995786, 0.008388673, 0.0037496916), (-0.9997879, 0.017502815, 0.010855941), (-0.9999932, 0.00255597, -0.0026441426), (-0.9999726, 0.006623517, -0.0033300011), (-0.9999932, 0.00255597, -0.0026441426), (-0.9999712, 0.0022345781, -0.007262246), (-0.9999726, 0.006623517, -0.0033300011), (-0.99996006, -0.00020680412, -0.008947293), (-0.99962467, -0.007166607, -0.026443375), (-0.99997175, 0.005390578, 0.0052572535), (-0.9999932, 0.00255597, -0.0026441426), (-0.9998539, -0.009333348, -0.014328233), (-0.9999712, 0.0022345781, -0.007262246), (-0.99996006, -0.00020680412, -0.008947293), (-0.9993153, -0.0030397142, -0.036874913), (-0.99962467, -0.007166607, -0.026443375), (-0.9998539, -0.009333348, -0.014328233), (-0.99991995, 0.012515194, -0.0018767643), (-0.9999712, 0.0022345781, -0.007262246), (-0.9993153, -0.0030397142, -0.036874913), (-0.999633, 0.016442187, -0.021531684), (-0.99962467, -0.007166607, -0.026443375), (-0.99991995, 0.012515194, -0.0018767643), (-0.99955416, 0.029138504, 0.0065167556), (-0.9999712, 0.0022345781, -0.007262246), (-0.99991995, 0.012515194, -0.0018767643), (-0.99986976, 0.015652582, -0.0039551295), (-0.99955416, 0.029138504, 0.0065167556), (-0.9993153, -0.0030397142, -0.036874913), (-0.99898434, 0.04069858, -0.019337608), (-0.999633, 0.016442187, -0.021531684), (-0.99986976, 0.015652582, -0.0039551295), (-0.9996239, 0.02692368, -0.005228032), (-0.99955416, 0.029138504, 0.0065167556), (-0.99898434, 0.04069858, -0.019337608), (-0.99969465, 0.02318074, -0.008557158), (-0.999633, 0.016442187, -0.021531684), (-0.9996239, 0.02692368, -0.005228032), (-0.99965537, 0.02035068, -0.016588094), (-0.99955416, 0.029138504, 0.0065167556), (-0.9996239, 0.02692368, -0.005228032), (-0.99962205, 0.009407753, -0.025832072), (-0.99965537, 0.02035068, -0.016588094), (-0.99898434, 0.04069858, -0.019337608), (-0.9995733, 0.029025095, 0.0032956672), (-0.99969465, 0.02318074, -0.008557158), (-0.99962205, 0.009407753, -0.025832072), (-0.9995606, 0.008593126, -0.028371913), (-0.99965537, 0.02035068, -0.016588094), (-0.99898434, 0.04069858, -0.019337608), (-0.99961746, 0.027497405, 0.0029951183), (-0.9995733, 0.029025095, 0.0032956672), (-0.9995606, 0.008593126, -0.028371913), (-0.9996897, 0.0039344104, -0.024597546), (-0.99965537, 0.02035068, -0.016588094), (-0.9995606, 0.008593126, -0.028371913), (-0.99940115, 0.02671252, -0.021995088), (-0.9996897, 0.0039344104, -0.024597546), (-0.99961746, 0.027497405, 0.0029951183), (-0.9995111, 0.018399993, -0.025277909), (-0.9995733, 0.029025095, 0.0032956672), (-0.99940115, 0.02671252, -0.021995088), (-0.9997718, 0.0058767307, -0.020542031), (-0.9996897, 0.0039344104, -0.024597546), (-0.9997718, 0.0058767307, -0.020542031), (-0.99968064, -0.00786471, -0.02401546), (-0.9996897, 0.0039344104, -0.024597546), (-0.99961746, 0.027497405, 0.0029951183), (-0.9998487, 0.0041161072, -0.01690417), (-0.9995111, 0.018399993, -0.025277909), (-0.99968064, -0.00786471, -0.02401546), (-0.9997178, 0.008095747, -0.022336565), (-0.9996897, 0.0039344104, -0.024597546), (-0.9998487, 0.0041161072, -0.01690417), (-0.9994381, -0.0014680222, -0.03348859), (-0.9995111, 0.018399993, -0.025277909), (-0.99968064, -0.00786471, -0.02401546), (-0.99964416, 0.016019339, -0.021331567), (-0.9997178, 0.008095747, -0.022336565), (-0.9998487, 0.0041161072, -0.01690417), (-0.9999752, -0.0047164555, -0.0052309893), (-0.9994381, -0.0014680222, -0.03348859), (-0.99964416, 0.016019339, -0.021331567), (-0.99973434, 0.00983095, -0.020849936), (-0.9997178, 0.008095747, -0.022336565), (-0.9998487, 0.0041161072, -0.01690417), (-0.9999175, -0.0043678903, -0.012083092), (-0.9999752, -0.0047164555, -0.0052309893), (-0.99973434, 0.00983095, -0.020849936), (-0.9997783, -0.0017212372, -0.020987492), (-0.9997178, 0.008095747, -0.022336565), (-0.99973434, 0.00983095, -0.020849936), (-0.9997616, -0.011258803, -0.018708354), (-0.9997783, -0.0017212372, -0.020987492), (-0.9999175, -0.0043678903, -0.012083092), (-0.9999487, -0.009762251, -0.0027075785), (-0.9999752, -0.0047164555, -0.0052309893), (-0.9999175, -0.0043678903, -0.012083092), (-0.9998556, -0.014112714, 0.009470953), (-0.9999487, -0.009762251, -0.0027075785), (-0.9997616, -0.011258803, -0.018708354), (-0.99970156, -0.010253509, -0.022178024), (-0.9997783, -0.0017212372, -0.020987492), (-0.9998556, -0.014112714, 0.009470953), (-0.9998381, -0.0118361395, 0.013553992), (-0.9999487, -0.009762251, -0.0027075785), (-0.99970156, -0.010253509, -0.022178024), (-0.99972814, -0.0073023466, -0.022145756), (-0.9997783, -0.0017212372, -0.020987492), (-0.99970156, -0.010253509, -0.022178024), (-0.999627, -0.0010615595, -0.027290368), (-0.99972814, -0.0073023466, -0.022145756), (-0.9998556, -0.014112714, 0.009470953), (-0.9999616, -0.00607712, -0.0063079894), (-0.9998381, -0.0118361395, 0.013553992), (-0.9998556, -0.014112714, 0.009470953), (-0.9999193, 0.00068298995, -0.012687554), (-0.9999616, -0.00607712, -0.0063079894), (-0.999627, -0.0010615595, -0.027290368), (-0.9997972, -0.009054989, -0.017992396), (-0.99972814, -0.0073023466, -0.022145756), (-0.9999193, 0.00068298995, -0.012687554), (-0.99981725, -0.015486535, -0.011206019), (-0.9999616, -0.00607712, -0.0063079894), (-0.9995312, -0.030358693, 0.0039726393), (-0.99972814, -0.0073023466, -0.022145756), (-0.9997972, -0.009054989, -0.017992396), (-0.9995312, -0.030358693, 0.0039726393), (-0.9997972, -0.009054989, -0.017992396), (-0.9998502, -0.009952589, -0.014165133), (-0.9999193, 0.00068298995, -0.012687554), (-0.9999328, 0.0075744325, -0.008779172), (-0.99981725, -0.015486535, -0.011206019), (-0.9999193, 0.00068298995, -0.012687554), (-0.9999175, -0.009771206, 0.008339693), (-0.9999328, 0.0075744325, -0.008779172), (-0.9995312, -0.030358693, 0.0039726393), (-0.9998502, -0.009952589, -0.014165133), (-0.99940693, -0.029784745, 0.017282054), (-0.9999175, -0.009771206, 0.008339693), (-0.99940693, -0.029784745, 0.017282054), (-0.9999328, 0.0075744325, -0.008779172), (-0.9999175, -0.009771206, 0.008339693), (-0.9995312, -0.030358693, 0.0039726393), (-0.99940693, -0.029784745, 0.017282054), (-0.12235086, 0.975908, -0.18064849), (-0.11531205, 0.96648896, -0.22935224), (-0.115520224, 0.96793145, -0.22307858), (-0.115520224, 0.96793145, -0.22307858), (-0.99948806, 0.0236181, -0.021586224), (-0.12235086, 0.975908, -0.18064849), (-0.16489783, -0.9457421, 0.27996576), (-0.061849337, -0.94652545, 0.31664547), (-0.9714909, -0.18018074, 0.15407899), (-0.0008400424, 0.99984765, -0.017434873), (-0.99953103, 0.009470227, 0.029121552), (0.049582496, -0.83959335, -0.54094785), (-0.9992206, 0.036173057, -0.01580083), (-0.9996644, 0.008575593, -0.02444298), (-0.090799816, 0.99470973, -0.04804348), (-0.999992, -0.0011620955, 0.0038294655), (-0.99972993, 0.010474439, 0.02074653), (-0.0008400424, 0.99984765, -0.017434873), (-0.9999537, 0.0056590075, 0.0077800564), (-0.07723542, -0.93039566, 0.35832763), (-0.9999822, 0.000089903384, 0.0059849974), (-0.9999822, 0.000089903384, 0.0059849974), (-0.07477925, -0.9901868, 0.118059754), (-0.9994374, -0.01386249, -0.03054035), (-0.9998508, 0.016416715, -0.005382368), (-0.997567, -0.042953707, 0.054910872), (-0.024964653, -0.91720045, 0.39764318), (-0.0008400424, 0.99984765, -0.017434873), (-0.9998508, 0.016416715, -0.005382368), (-0.017007912, -0.92272097, 0.38509324), (-0.9999918, 0.003029996, -0.0027220817), (-0.058656473, -0.26903248, -0.9613433), (-0.99997896, -0.004092555, -0.0050373035), (-0.9999753, 0.002256709, 0.0066540698), (-0.03086023, 0.11059926, 0.99338585), (-0.9894223, -0.028608266, -0.14221554), (-0.9998487, 0.0041161072, -0.01690417), (-0.99961746, 0.027497405, 0.0029951183), (-0.030030139, -0.95345104, 0.30004898), (-0.9999175, -0.0043678903, -0.012083092), (-0.9998487, 0.0041161072, -0.01690417), (-0.029030355, -0.9967166, 0.07558535), (-0.99974793, 0.022199534, 0.0033639742), (-0.08017888, 0.94208896, -0.32563737), (-0.9996644, 0.008575593, -0.02444298), (-0.9999557, 0.0042195134, 0.008411315), (-0.99968064, -0.014152326, -0.020936767), (0.03139393, -0.89601845, 0.44290558), (-0.99968064, -0.014152326, -0.020936767), (-0.99986506, -0.011628314, 0.011612064), (-0.012764982, -0.94213396, 0.33499357), (-0.9993255, -0.035790905, 0.008225788), (-0.08635226, -0.59594727, 0.7983672), (-0.99972594, -0.023322333, 0.0020666006), (-0.99972594, -0.023322333, 0.0020666006), (-0.076841086, -0.7982611, 0.59739006), (-0.9999537, 0.0056590075, 0.0077800564), (-0.9998123, -0.016100131, -0.010780904), (-0.061817005, 0.21847196, -0.97388333), (-0.99961257, 0.025267048, -0.011673279), (-0.99976104, 0.00050065806, -0.021853212), (-0.074082226, 0.12036446, -0.9899618), (-0.99910426, 0.03956945, -0.014995883), (-0.99998933, 0.0028781819, 0.0036113644), (-0.071943365, 0.004837439, 0.99739707), (-0.9997714, -0.0002556504, -0.021380814), (-0.9997714, -0.0002556504, -0.021380814), (-0.07343268, -0.13370405, 0.98829705), (-0.9998118, -0.019154146, 0.0031005302), (-0.99709964, -0.04525076, -0.06119488), (-0.0013804258, -0.08074544, 0.9967338), (-0.9940937, -0.057486586, -0.092050046), (-0.0008400424, 0.99984765, -0.017434873), (-0.04515947, -0.82672966, 0.56078416), (-0.9999003, -0.0027062213, 0.013862758), (-0.9984593, -0.023016633, 0.05049225), (-0.05430213, -0.68612486, 0.7254543), (-0.0008400424, 0.99984765, -0.017434873), (-0.99953103, 0.009470227, 0.029121552), (-0.9992501, 0.03734292, 0.010237466), (-0.057512015, -0.88039213, -0.47074625), (-0.9992501, 0.03734292, 0.010237466), (-0.17846902, -0.971155, -0.15813552), (0.030381609, -0.9988062, -0.038252365), (-0.999899, -0.008308003, 0.011528288), (-0.99994814, 0.010110975, -0.0012329173), (-0.018674435, -0.99980956, 0.005667232), (-0.9998143, 0.00826945, -0.01740677), (-0.08523386, 0.887602, 0.45265654), (-0.99997205, 0.0061222776, -0.004286481), (-0.99997205, 0.0061222776, -0.004286481), (-0.079458505, 0.74273765, 0.6648512), (-0.9999803, 0.00196131, 0.0059752553), (-0.9999803, 0.00196131, 0.0059752553), (-0.081617534, 0.5437617, 0.8352616), (-0.99991447, 0.012766481, 0.002845318), (-0.99955416, 0.029138504, 0.0065167556), (-0.0828575, 0.86188513, -0.5002886), (-0.9999712, 0.0022345781, -0.007262246), (-0.99965537, 0.02035068, -0.016588094), (-0.08658171, 0.714989, -0.69375384), (-0.99955416, 0.029138504, 0.0065167556), (-0.15036756, -0.98847944, 0.017262401), (-0.135813, 0.9906021, -0.016198138), (-0.9999877, 0.0041863997, 0.0026559634), (-0.9999877, 0.0041863997, 0.0026559634), (-0.999998, -0.0011508103, 0.0016512745), (-0.15036756, -0.98847944, 0.017262401), (-0.135813, 0.9906021, -0.016198138), (-0.13347445, -0.018041575, -0.9908881), (-0.9999921, -0.00094183057, 0.0038849823), (-0.9999921, -0.00094183057, 0.0038849823), (-0.9999877, 0.0041863997, 0.0026559634), (-0.135813, 0.9906021, -0.016198138), (-0.13347445, -0.018041575, -0.9908881), (-0.1457422, -0.98916376, 0.017725645), (-0.999972, 0.001774505, 0.0072735753), (-0.999972, 0.001774505, 0.0072735753), (-0.9999921, -0.00094183057, 0.0038849823), (-0.13347445, -0.018041575, -0.9908881), (-0.1457422, -0.98916376, 0.017725645), (-0.15036757, -0.98847944, 0.017262401), (-0.9999725, 0.0073706424, 0.0008897767), (-0.9999725, 0.0073706424, 0.0008897767), (-0.999972, 0.001774505, 0.0072735753), (-0.1457422, -0.98916376, 0.017725645), (-0.15036757, -0.98847944, 0.017262401), (-0.14644858, 0.9890684, -0.017222097), (-0.9999914, 0.0041508796, 0.000097978766), (-0.9999914, 0.0041508796, 0.000097978766), (-0.9999725, 0.0073706424, 0.0008897767), (-0.15036757, -0.98847944, 0.017262401), (-0.14644858, 0.9890684, -0.017222097), (-0.0008400424, 0.99984765, -0.017434873), (-0.99997985, 0.0056237527, 0.002948763), (-0.99997985, 0.0056237527, 0.002948763), (-0.9999914, 0.0041508796, 0.000097978766), (-0.14644858, 0.9890684, -0.017222097), (-0.0008400424, 0.99984765, -0.017434873), (-0.14478628, -0.9893122, 0.01727597), (-0.99998486, -0.0007449961, 0.0054587186), (-0.99998486, -0.0007449961, 0.0054587186), (-0.99997985, 0.0056237527, 0.002948763), (-0.0008400424, 0.99984765, -0.017434873), (-0.14478628, -0.9893122, 0.01727597), (-0.1447863, -0.9893122, 0.01727597), (-0.99999964, -0.00083699706, 0.00018494808), (-0.99999964, -0.00083699706, 0.00018494808), (-0.99998486, -0.0007449961, 0.0054587186), (-0.14478628, -0.9893122, 0.01727597), (-0.1447863, -0.9893122, 0.01727597), (-0.1464485, 0.98906845, -0.017222097), (-0.99999964, -0.00083699694, 0.00018495458), (-0.99999964, -0.00083699694, 0.00018495458), (-0.99999964, -0.00083699706, 0.00018494808), (-0.1447863, -0.9893122, 0.01727597), (-0.1464485, 0.98906845, -0.017222097), (-0.0008400424, 0.99984765, -0.017434873), (-0.99998415, -0.0013628408, 0.0054661445), (-0.99998415, -0.0013628408, 0.0054661445), (-0.99999964, -0.00083699694, 0.00018495458), (-0.1464485, 0.98906845, -0.017222097), (-0.0008400424, 0.99984765, -0.017434873), (-0.13998778, -0.9899762, 0.018723853), (-0.9999729, -0.0031150398, 0.006689145), (-0.9999729, -0.0031150398, 0.006689145), (-0.99998415, -0.0013628408, 0.0054661445), (-0.0008400424, 0.99984765, -0.017434873), (-0.13998778, -0.9899762, 0.018723853), (-0.15036756, -0.98847944, 0.017262401), (-0.999998, -0.0011508103, 0.0016512745), (-0.999998, -0.0011508103, 0.0016512745), (-0.9999729, -0.0031150398, 0.006689145), (-0.13998778, -0.9899762, 0.018723853), (-0.13704845, -0.99049795, 0.011471878), (-0.13765365, 0.018140221, 0.99031436), (-0.99992573, -0.0005491754, -0.012179022), (-0.99992573, -0.0005491754, -0.012179022), (-0.9995157, 0.03032838, -0.0069727977), (-0.13704845, -0.99049795, 0.011471878), (-0.13765365, 0.018140221, 0.99031436), (-0.15102917, 0.017108036, 0.98838127), (-0.9999563, -0.00053020474, -0.009343895), (-0.9999563, -0.00053020474, -0.009343895), (-0.99992573, -0.0005491754, -0.012179022), (-0.13765365, 0.018140221, 0.99031436), (-0.15102917, 0.017108036, 0.98838127), (-0.067171, -0.0029315732, -0.99773717), (-0.9999471, -0.009561048, 0.0037983446), (-0.9999471, -0.009561048, 0.0037983446), (-0.9999563, -0.00053020474, -0.009343895), (-0.15102917, 0.017108036, 0.98838127), (-0.067171, -0.0029315732, -0.99773717), (-0.00016880757, -0.01743502, -0.999848), (-0.06717099, -0.0029315788, -0.99773717), (-0.06717099, -0.0029315788, -0.99773717), (-0.9999471, -0.009561048, 0.0037983446), (-0.067171, -0.0029315732, -0.99773717), (-0.00016880757, -0.01743502, -0.999848), (-0.14631306, 0.74831027, 0.6470117), (-0.093429126, 0.79349995, 0.60135597), (-0.093429126, 0.79349995, 0.60135597), (-0.06717099, -0.0029315788, -0.99773717), (-0.00016880757, -0.01743502, -0.999848), (-0.14631306, 0.74831027, 0.6470117), (-0.13014269, 0.800394, 0.5851772), (-0.1461686, 0.7734964, 0.6167156), (-0.1461686, 0.7734964, 0.6167156), (-0.093429126, 0.79349995, 0.60135597), (-0.14631306, 0.74831027, 0.6470117), (-0.13014269, 0.800394, 0.5851772), (-0.12427847, 0.9048804, 0.40711975), (-0.11670695, 0.8698551, 0.47930324), (-0.11670695, 0.8698551, 0.47930324), (-0.1461686, 0.7734964, 0.6167156), (-0.13014269, 0.800394, 0.5851772), (-0.12427847, 0.9048804, 0.40711975), (-0.14682864, 0.9105267, 0.3865004), (-0.99878836, 0.04803651, 0.01069055), (-0.99878836, 0.04803651, 0.01069055), (-0.11670695, 0.8698551, 0.47930324), (-0.12427847, 0.9048804, 0.40711975), (-0.14682864, 0.9105267, 0.3865004), (-0.12672572, 0.9804409, 0.15058635), (-0.12563235, 0.95879185, 0.25482288), (-0.12563235, 0.95879185, 0.25482288), (-0.99878836, 0.04803651, 0.01069055), (-0.14682864, 0.9105267, 0.3865004), (-0.12672572, 0.9804409, 0.15058635), (-0.15495054, 0.9770625, 0.14607935), (-0.15512215, 0.9795883, 0.12784332), (-0.15512215, 0.9795883, 0.12784332), (-0.12563235, 0.95879185, 0.25482288), (-0.12672572, 0.9804409, 0.15058635), (-0.15495054, 0.9770625, 0.14607935), (-0.11539858, 0.9911961, -0.064910784), (-0.12644121, 0.9915965, 0.027366165), (-0.12644121, 0.9915965, 0.027366165), (-0.15512215, 0.9795883, 0.12784332), (-0.15495054, 0.9770625, 0.14607935), (-0.11539858, 0.9911961, -0.064910784), (-0.14364529, 0.9801538, -0.13661847), (-0.9998841, 0.003694671, 0.014773282), (-0.9998841, 0.003694671, 0.014773282), (-0.12644121, 0.9915965, 0.027366165), (-0.11539858, 0.9911961, -0.064910784), (-0.14364529, 0.9801538, -0.13661847), (-0.13766743, 0.956397, -0.25759), (-0.14071654, 0.96693146, -0.21270311), (-0.14071654, 0.96693146, -0.21270311), (-0.9998841, 0.003694671, 0.014773282), (-0.14364529, 0.9801538, -0.13661847), (-0.13766743, 0.956397, -0.25759), (-0.12955551, 0.9240586, -0.35962653), (-0.13759935, 0.93787247, -0.3185305), (-0.13759935, 0.93787247, -0.3185305), (-0.14071654, 0.96693146, -0.21270311), (-0.13766743, 0.956397, -0.25759), (-0.12955551, 0.9240586, -0.35962653), (-0.12625878, 0.8522993, -0.5075872), (-0.12260485, 0.88208616, -0.45485407), (-0.12260485, 0.88208616, -0.45485407), (-0.13759935, 0.93787247, -0.3185305), (-0.12955551, 0.9240586, -0.35962653), (-0.12625878, 0.8522993, -0.5075872), (-0.14841457, 0.800689, -0.58040524), (-0.99901134, 0.040633857, -0.018039906), (-0.99901134, 0.040633857, -0.018039906), (-0.12260485, 0.88208616, -0.45485407), (-0.12625878, 0.8522993, -0.5075872), (-0.14841457, 0.800689, -0.58040524), (-0.14246117, 0.71075636, -0.68886155), (-0.1447327, 0.74826694, -0.64741737), (-0.1447327, 0.74826694, -0.64741737), (-0.99901134, 0.040633857, -0.018039906), (-0.14841457, 0.800689, -0.58040524), (-0.14246117, 0.71075636, -0.68886155), (-0.1430231, 0.643506, -0.75196046), (-0.14715926, 0.6666369, -0.73071164), (-0.14715926, 0.6666369, -0.73071164), (-0.1447327, 0.74826694, -0.64741737), (-0.14246117, 0.71075636, -0.68886155), (-0.1430231, 0.643506, -0.75196046), (-0.12944286, 0.52089405, -0.84374994), (-0.13435934, 0.57130677, -0.80966425), (-0.13435934, 0.57130677, -0.80966425), (-0.14715926, 0.6666369, -0.73071164), (-0.1430231, 0.643506, -0.75196046), (-0.12944286, 0.52089405, -0.84374994), (-0.14036413, 0.41195586, -0.900328), (-0.99999297, 0.0036434557, -0.0009013108), (-0.99999297, 0.0036434557, -0.0009013108), (-0.13435934, 0.57130677, -0.80966425), (-0.12944286, 0.52089405, -0.84374994), (-0.14036413, 0.41195586, -0.900328), (-0.1462457, 0.30983993, -0.9394741), (-0.14323744, 0.33986098, -0.929504), (-0.14323744, 0.33986098, -0.929504), (-0.99999297, 0.0036434557, -0.0009013108), (-0.14036413, 0.41195586, -0.900328), (-0.1462457, 0.30983993, -0.9394741), (-0.14077203, 0.21912253, -0.9654888), (-0.14613964, 0.25128227, -0.95681787), (-0.14613964, 0.25128227, -0.95681787), (-0.14323744, 0.33986098, -0.929504), (-0.1462457, 0.30983993, -0.9394741), (-0.14077203, 0.21912253, -0.9654888), (-0.13763703, 0.109909795, -0.9843658), (-0.13555706, 0.14661546, -0.9798614), (-0.13555706, 0.14661546, -0.9798614), (-0.14613964, 0.25128227, -0.95681787), (-0.14077203, 0.21912253, -0.9654888), (-0.13763703, 0.109909795, -0.9843658), (-0.14962035, 0.044162296, -0.98775685), (-0.9988336, 0.0016973416, -0.04825786), (-0.9988336, 0.0016973416, -0.04825786), (-0.13555706, 0.14661546, -0.9798614), (-0.13763703, 0.109909795, -0.9843658), (-0.14962035, 0.044162296, -0.98775685), (-0.14585412, -0.029511772, -0.98886585), (-0.14777866, -0.0032452887, -0.98901516), (-0.14777866, -0.0032452887, -0.98901516), (-0.9988336, 0.0016973416, -0.04825786), (-0.14962035, 0.044162296, -0.98775685), (-0.14585412, -0.029511772, -0.98886585), (-0.1406714, -0.097009465, -0.98529226), (-0.14581549, -0.07066034, -0.98678523), (-0.14581549, -0.07066034, -0.98678523), (-0.14777866, -0.0032452887, -0.98901516), (-0.14585412, -0.029511772, -0.98886585), (-0.1406714, -0.097009465, -0.98529226), (-0.13231122, -0.19341417, -0.9721547), (-0.13550144, -0.15584053, -0.9784442), (-0.13550144, -0.15584053, -0.9784442), (-0.14581549, -0.07066034, -0.98678523), (-0.1406714, -0.097009465, -0.98529226), (-0.13231122, -0.19341417, -0.9721547), (-0.13668805, -0.2829377, -0.9493486), (-0.99992967, -0.0029063663, 0.011502102), (-0.99992967, -0.0029063663, 0.011502102), (-0.13550144, -0.15584053, -0.9784442), (-0.13231122, -0.19341417, -0.9721547), (-0.13668805, -0.2829377, -0.9493486), (-0.13029787, -0.37250262, -0.9188386), (-0.1366238, -0.3382173, -0.93109775), (-0.1366238, -0.3382173, -0.93109775), (-0.99992967, -0.0029063663, 0.011502102), (-0.13668805, -0.2829377, -0.9493486), (-0.13029787, -0.37250262, -0.9188386), (-0.12850794, -0.50490123, -0.8535576), (-0.1239843, -0.46028686, -0.8790699), (-0.1239843, -0.46028686, -0.8790699), (-0.1366238, -0.3382173, -0.93109775), (-0.13029787, -0.37250262, -0.9188386), (-0.12850794, -0.50490123, -0.8535576), (-0.14926495, -0.5843838, -0.7976312), (-0.13956454, -0.5693626, -0.8101532), (-0.13956454, -0.5693626, -0.8101532), (-0.1239843, -0.46028686, -0.8790699), (-0.12850794, -0.50490123, -0.8535576), (-0.14926495, -0.5843838, -0.7976312), (-0.13829647, -0.6678437, -0.73134047), (-0.9992508, 0.009526068, 0.03751114), (-0.9992508, 0.009526068, 0.03751114), (-0.13956454, -0.5693626, -0.8101532), (-0.14926495, -0.5843838, -0.7976312), (-0.13829647, -0.6678437, -0.73134047), (-0.13293454, -0.7656673, -0.6293504), (-0.1314294, -0.73301387, -0.6673957), (-0.1314294, -0.73301387, -0.6673957), (-0.9992508, 0.009526068, 0.03751114), (-0.13829647, -0.6678437, -0.73134047), (-0.13293454, -0.7656673, -0.6293504), (-0.13274598, -0.8025045, -0.58169156), (-0.14155997, -0.78794545, -0.5992518), (-0.14155997, -0.78794545, -0.5992518), (-0.1314294, -0.73301387, -0.6673957), (-0.13293454, -0.7656673, -0.6293504), (-0.13274598, -0.8025045, -0.58169156), (-0.11806119, -0.90430295, -0.41024104), (-0.11735405, -0.8663861, -0.4853897), (-0.11735405, -0.8663861, -0.4853897), (-0.14155997, -0.78794545, -0.5992518), (-0.13274598, -0.8025045, -0.58169156), (-0.11806119, -0.90430295, -0.41024104), (-0.14262255, -0.92203426, -0.35987735), (-0.9993778, -0.03183319, -0.015186914), (-0.9993778, -0.03183319, -0.015186914), (-0.11735405, -0.8663861, -0.4853897), (-0.11806119, -0.90430295, -0.41024104), (-0.14262255, -0.92203426, -0.35987735), (-0.13251628, -0.97731614, -0.16520517), (-0.13104641, -0.9584202, -0.25349107), (-0.13104641, -0.9584202, -0.25349107), (-0.9993778, -0.03183319, -0.015186914), (-0.14262255, -0.92203426, -0.35987735), (-0.13251628, -0.97731614, -0.16520517), (-0.16033322, -0.9829981, -0.08948845), (-0.15915675, -0.98268235, -0.09489215), (-0.15915675, -0.98268235, -0.09489215), (-0.13104641, -0.9584202, -0.25349107), (-0.13251628, -0.97731614, -0.16520517), (-0.16033322, -0.9829981, -0.08948845), (-0.13635018, -0.98798174, 0.07280629), (-0.20467694, -0.97875, -0.012492467), (-0.20467694, -0.97875, -0.012492467), (-0.15915675, -0.98268235, -0.09489215), (-0.16033322, -0.9829981, -0.08948845), (-0.13635018, -0.98798174, 0.07280629), (-0.13672224, -0.97096413, 0.19630538), (-0.15170504, -0.9753302, 0.16036409), (-0.15170504, -0.9753302, 0.16036409), (-0.20467694, -0.97875, -0.012492467), (-0.13635018, -0.98798174, 0.07280629), (-0.13672224, -0.97096413, 0.19630538), (-0.116030015, -0.941328, 0.31692046), (-0.9999994, 0.0010128935, -0.00048565454), (-0.9999994, 0.0010128935, -0.00048565454), (-0.15170504, -0.9753302, 0.16036409), (-0.13672224, -0.97096413, 0.19630538), (-0.116030015, -0.941328, 0.31692046), (-0.0993811, -0.92259, 0.3727617), (-0.9999994, 0.0010128935, -0.00048565454), (-0.16489783, -0.9457421, 0.27996576), (-0.9999994, 0.0010128935, -0.00048565454), (-0.0993811, -0.92259, 0.3727617), (-0.0993811, -0.92259, 0.3727617), (-0.038603775, -0.8856685, 0.4627107), (-0.061849337, -0.94652545, 0.31664547), (-0.061849337, -0.94652545, 0.31664547), (-0.16489783, -0.9457421, 0.27996576), (-0.0993811, -0.92259, 0.3727617), (-0.9714909, -0.18018074, 0.15407899), (-0.061849337, -0.94652545, 0.31664547), (-0.038603775, -0.8856685, 0.4627107), (-0.038603775, -0.8856685, 0.4627107), (-0.009202427, -0.6422432, 0.76644564), (-0.06699246, -0.89428145, 0.4424621), (-0.06699246, -0.89428145, 0.4424621), (-0.9714909, -0.18018074, 0.15407899), (-0.038603775, -0.8856685, 0.4627107), (-0.90485924, -0.32112402, 0.27948013), (-0.06699246, -0.89428145, 0.4424621), (-0.009202427, -0.6422432, 0.76644564), (-0.009202427, -0.6422432, 0.76644564), (-0.04533583, -0.64124405, 0.76599663), (-0.016367594, -0.5382118, 0.84265065), (-0.016367594, -0.5382118, 0.84265065), (-0.90485924, -0.32112402, 0.27948013), (-0.009202427, -0.6422432, 0.76644564), (-0.99971175, 0.023999313, 0.0007970178), (-0.016367594, -0.5382118, 0.84265065), (-0.04533583, -0.64124405, 0.76599663), (-0.04533583, -0.64124405, 0.76599663), (-0.07700672, -0.07380158, -0.9942955), (-0.0008400424, 0.99984765, -0.017434873), (-0.0008400424, 0.99984765, -0.017434873), (-0.99971175, 0.023999313, 0.0007970178), (-0.04533583, -0.64124405, 0.76599663), (-0.07700672, -0.07380158, -0.9942955), (-0.13704845, -0.99049795, 0.011471878), (-0.9995157, 0.03032838, -0.0069727977), (-0.9995157, 0.03032838, -0.0069727977), (-0.0008400424, 0.99984765, -0.017434873), (-0.07700672, -0.07380158, -0.9942955), (0.049582496, -0.83959335, -0.54094785), (-0.99953103, 0.009470227, 0.029121552), (-0.074773915, -0.7987062, -0.5970573), (-0.074773915, -0.7987062, -0.5970573), (-0.1521981, -0.44898486, -0.8804819), (-0.0008400424, 0.99984765, -0.017434873), (-0.0008400424, 0.99984765, -0.017434873), (0.049582496, -0.83959335, -0.54094785), (-0.074773915, -0.7987062, -0.5970573), (-0.11333824, -0.37671298, -0.9193703), (-0.0008400424, 0.99984765, -0.017434873), (-0.1521981, -0.44898486, -0.8804819), (-0.1521981, -0.44898486, -0.8804819), (-0.15068077, -0.23481515, -0.96029013), (-0.99873257, 0.009856565, -0.04935834), (-0.99873257, 0.009856565, -0.04935834), (-0.11333824, -0.37671298, -0.9193703), (-0.1521981, -0.44898486, -0.8804819), (-0.12446344, -0.19564463, -0.9727447), (-0.99873257, 0.009856565, -0.04935834), (-0.15068077, -0.23481515, -0.96029013), (-0.15068077, -0.23481515, -0.96029013), (-0.13889572, -0.07454366, -0.98749757), (-0.99452525, 0.02676915, -0.10100941), (-0.99452525, 0.02676915, -0.10100941), (-0.12446344, -0.19564463, -0.9727447), (-0.15068077, -0.23481515, -0.96029013), (-0.99989, -0.0033187277, -0.014458816), (-0.99452525, 0.02676915, -0.10100941), (-0.13889572, -0.07454366, -0.98749757), (-0.13889572, -0.07454366, -0.98749757), (-0.1322978, 0.023555554, -0.99093014), (-0.12976082, -0.058347225, -0.9898271), (-0.12976082, -0.058347225, -0.9898271), (-0.99989, -0.0033187277, -0.014458816), (-0.13889572, -0.07454366, -0.98749757), (-0.2776684, 0.16289333, -0.9467661), (-0.12976082, -0.058347225, -0.9898271), (-0.1322978, 0.023555554, -0.99093014), (-0.1322978, 0.023555554, -0.99093014), (-0.13022791, 0.17828569, -0.9753231), (-0.14352587, 0.09172585, -0.9853866), (-0.14352587, 0.09172585, -0.9853866), (-0.2776684, 0.16289333, -0.9467661), (-0.1322978, 0.023555554, -0.99093014), (-0.99983126, -0.004158629, 0.017893635), (-0.14352587, 0.09172585, -0.9853866), (-0.13022791, 0.17828569, -0.9753231), (-0.13022791, 0.17828569, -0.9753231), (-0.10218634, 0.40338057, -0.9093087), (-0.1371231, 0.26141867, -0.9554358), (-0.1371231, 0.26141867, -0.9554358), (-0.99983126, -0.004158629, 0.017893635), (-0.13022791, 0.17828569, -0.9753231), (-0.9993051, 0.006571764, 0.036689382), (-0.1371231, 0.26141867, -0.9554358), (-0.10218634, 0.40338057, -0.9093087), (-0.10218634, 0.40338057, -0.9093087), (-0.059291318, 0.66633016, -0.74329585), (-0.08929845, 0.595995, -0.7980075), (-0.08929845, 0.595995, -0.7980075), (-0.9993051, 0.006571764, 0.036689382), (-0.10218634, 0.40338057, -0.9093087), (-0.9990326, -0.002296362, 0.043918125), (-0.08929845, 0.595995, -0.7980075), (-0.059291318, 0.66633016, -0.74329585), (-0.059291318, 0.66633016, -0.74329585), (-0.05670123, 0.828119, -0.5576772), (-0.08395382, 0.77868307, -0.6217752), (-0.08395382, 0.77868307, -0.6217752), (-0.9990326, -0.002296362, 0.043918125), (-0.059291318, 0.66633016, -0.74329585), (-0.99952096, 0.023226205, -0.02046065), (-0.08395382, 0.77868307, -0.6217752), (-0.05670123, 0.828119, -0.5576772), (-0.05670123, 0.828119, -0.5576772), (-0.055610213, 0.9436614, -0.32620648), (-0.08182713, 0.908054, -0.41078258), (-0.08182713, 0.908054, -0.41078258), (-0.99952096, 0.023226205, -0.02046065), (-0.05670123, 0.828119, -0.5576772), (-0.99974793, 0.022199534, 0.0033639742), (-0.08182713, 0.908054, -0.41078258), (-0.055610213, 0.9436614, -0.32620648), (-0.055610213, 0.9436614, -0.32620648), (-0.017741201, 0.9795524, -0.2004059), (-0.08017888, 0.94208896, -0.32563737), (-0.08017888, 0.94208896, -0.32563737), (-0.99974793, 0.022199534, 0.0033639742), (-0.055610213, 0.9436614, -0.32620648), (-0.9996644, 0.008575593, -0.02444298), (-0.08017888, 0.94208896, -0.32563737), (-0.017741201, 0.9795524, -0.2004059), (-0.017741201, 0.9795524, -0.2004059), (-0.10465573, 0.9940512, 0.030156914), (-0.090799816, 0.99470973, -0.04804348), (-0.090799816, 0.99470973, -0.04804348), (-0.9996644, 0.008575593, -0.02444298), (-0.017741201, 0.9795524, -0.2004059), (-0.9992206, 0.036173057, -0.01580083), (-0.090799816, 0.99470973, -0.04804348), (-0.10465573, 0.9940512, 0.030156914), (-0.10465573, 0.9940512, 0.030156914), (-0.085536845, 0.95087564, 0.29752147), (-0.14360306, 0.963615, 0.22544256), (-0.14360306, 0.963615, 0.22544256), (-0.9992206, 0.036173057, -0.01580083), (-0.10465573, 0.9940512, 0.030156914), (-0.99749523, 0.062633656, 0.0328703), (-0.14360306, 0.963615, 0.22544256), (-0.085536845, 0.95087564, 0.29752147), (-0.085536845, 0.95087564, 0.29752147), (-0.098035075, 0.79822433, 0.594329), (-0.10301396, 0.8511019, 0.5147951), (-0.10301396, 0.8511019, 0.5147951), (-0.99749523, 0.062633656, 0.0328703), (-0.085536845, 0.95087564, 0.29752147), (-0.9957269, 0.08110487, 0.044160463), (-0.10301396, 0.8511019, 0.5147951), (-0.098035075, 0.79822433, 0.594329), (-0.098035075, 0.79822433, 0.594329), (-0.10480576, 0.5434744, 0.83285743), (-0.13745728, 0.67264825, 0.727083), (-0.13745728, 0.67264825, 0.727083), (-0.9957269, 0.08110487, 0.044160463), (-0.098035075, 0.79822433, 0.594329), (-0.9987027, -0.048622336, 0.015130667), (-0.13745728, 0.67264825, 0.727083), (-0.10480576, 0.5434744, 0.83285743), (-0.10480576, 0.5434744, 0.83285743), (-0.062213097, 0.2507356, 0.96605456), (-0.09130291, 0.4797738, 0.8726287), (-0.09130291, 0.4797738, 0.8726287), (-0.9987027, -0.048622336, 0.015130667), (-0.10480576, 0.5434744, 0.83285743), (-0.99994206, 0.010389471, 0.0028055029), (-0.09130291, 0.4797738, 0.8726287), (-0.062213097, 0.2507356, 0.96605456), (-0.062213097, 0.2507356, 0.96605456), (-0.09640332, 0.23937531, 0.9661294), (-0.091269456, 0.25666374, 0.9621818), (-0.091269456, 0.25666374, 0.9621818), (-0.99994206, 0.010389471, 0.0028055029), (-0.062213097, 0.2507356, 0.96605456), (-0.99916, 0.0371557, 0.017283523), (-0.091269456, 0.25666374, 0.9621818), (-0.09640332, 0.23937531, 0.9661294), (-0.09640332, 0.23937531, 0.9661294), (-0.13732775, 0.0934113, 0.98611134), (-0.13701469, 0.120786436, 0.98317736), (-0.13701469, 0.120786436, 0.98317736), (-0.99916, 0.0371557, 0.017283523), (-0.09640332, 0.23937531, 0.9661294), (-0.9969941, -0.04855846, 0.060374465), (-0.13701469, 0.120786436, 0.98317736), (-0.13732775, 0.0934113, 0.98611134), (-0.13732775, 0.0934113, 0.98611134), (-0.14743711, -0.011274552, 0.9890073), (-0.99999964, -0.00083698693, 0.00018491439), (-0.99999964, -0.00083698693, 0.00018491439), (-0.9969941, -0.04855846, 0.060374465), (-0.13732775, 0.0934113, 0.98611134), (-0.109745905, 0.0044553503, 0.9939497), (-0.99999964, -0.00083698693, 0.00018491439), (-0.14743711, -0.011274552, 0.9890073), (-0.14743711, -0.011274552, 0.9890073), (-0.15333183, -0.17263138, 0.9729788), (-0.99869573, 0.041980296, -0.029060552), (-0.99869573, 0.041980296, -0.029060552), (-0.109745905, 0.0044553503, 0.9939497), (-0.14743711, -0.011274552, 0.9890073), (-0.08906184, -0.18880042, 0.9779685), (-0.99869573, 0.041980296, -0.029060552), (-0.15333183, -0.17263138, 0.9729788), (-0.15333183, -0.17263138, 0.9729788), (-0.15954581, -0.45070028, 0.8783021), (-0.9984593, -0.023016633, 0.05049225), (-0.9984593, -0.023016633, 0.05049225), (-0.08906184, -0.18880042, 0.9779685), (-0.15333183, -0.17263138, 0.9729788), (-0.05430213, -0.68612486, 0.7254543), (-0.9984593, -0.023016633, 0.05049225), (-0.15954581, -0.45070028, 0.8783021), (-0.15954581, -0.45070028, 0.8783021), (-0.120134, -0.57681733, 0.8079911), (-0.0008400424, 0.99984765, -0.017434873), (-0.0008400424, 0.99984765, -0.017434873), (-0.05430213, -0.68612486, 0.7254543), (-0.15954581, -0.45070028, 0.8783021), (-0.04515947, -0.82672966, 0.56078416), (-0.0008400424, 0.99984765, -0.017434873), (-0.120134, -0.57681733, 0.8079911), (-0.120134, -0.57681733, 0.8079911), (-0.1147351, -0.7553384, 0.6452131), (-0.9999003, -0.0027062213, 0.013862758), (-0.9999003, -0.0027062213, 0.013862758), (-0.04515947, -0.82672966, 0.56078416), (-0.120134, -0.57681733, 0.8079911), (-0.0018271608, -0.7696976, 0.6384061), (-0.9999003, -0.0027062213, 0.013862758), (-0.1147351, -0.7553384, 0.6452131), (-0.1147351, -0.7553384, 0.6452131), (-0.11276818, -0.9117965, 0.39485508), (-0.99986506, -0.011628314, 0.011612064), (-0.99986506, -0.011628314, 0.011612064), (-0.0018271608, -0.7696976, 0.6384061), (-0.1147351, -0.7553384, 0.6452131), (-0.012764982, -0.94213396, 0.33499357), (-0.99986506, -0.011628314, 0.011612064), (-0.11276818, -0.9117965, 0.39485508), (-0.11276818, -0.9117965, 0.39485508), (-0.10972115, -0.95531297, 0.2744784), (-0.99968064, -0.014152326, -0.020936767), (-0.99968064, -0.014152326, -0.020936767), (-0.012764982, -0.94213396, 0.33499357), (-0.11276818, -0.9117965, 0.39485508), (0.03139393, -0.89601845, 0.44290558), (-0.99968064, -0.014152326, -0.020936767), (-0.10972115, -0.95531297, 0.2744784), (-0.10972115, -0.95531297, 0.2744784), (-0.11213531, -0.9929167, 0.03927164), (-0.9999557, 0.0042195134, 0.008411315), (-0.9999557, 0.0042195134, 0.008411315), (0.03139393, -0.89601845, 0.44290558), (-0.10972115, -0.95531297, 0.2744784), (0.03230664, -0.97687984, 0.21133417), (-0.9999557, 0.0042195134, 0.008411315), (-0.11213531, -0.9929167, 0.03927164), (-0.11213531, -0.9929167, 0.03927164), (-0.10220983, -0.978375, -0.17982106), (-0.17846902, -0.971155, -0.15813552), (-0.17846902, -0.971155, -0.15813552), (0.03230664, -0.97687984, 0.21133417), (-0.11213531, -0.9929167, 0.03927164), (0.030381609, -0.9988062, -0.038252365), (-0.17846902, -0.971155, -0.15813552), (-0.10220983, -0.978375, -0.17982106), (-0.10220983, -0.978375, -0.17982106), (-0.07201091, -0.854871, -0.513819), (-0.9992501, 0.03734292, 0.010237466), (-0.9992501, 0.03734292, 0.010237466), (0.030381609, -0.9988062, -0.038252365), (-0.10220983, -0.978375, -0.17982106), (-0.07201091, -0.854871, -0.513819), (-0.074773915, -0.7987062, -0.5970573), (-0.057512015, -0.88039213, -0.47074625), (-0.057512015, -0.88039213, -0.47074625), (-0.9992501, 0.03734292, 0.010237466), (-0.07201091, -0.854871, -0.513819), (-0.99953103, 0.009470227, 0.029121552), (-0.057512015, -0.88039213, -0.47074625), (-0.074773915, -0.7987062, -0.5970573), (-0.066646904, -0.144311, -0.98728544), (-0.144786, -0.98931223, 0.01727597), (-0.999908, 0.013572367, -0.00006634286), (-0.999908, 0.013572367, -0.00006634286), (-0.0008400424, 0.99984765, -0.017434873), (-0.066646904, -0.144311, -0.98728544), (-0.144786, -0.98931223, 0.01727597), (-0.1376149, 0.016363071, 0.99035066), (-0.9999274, 0.00064126175, -0.012034804), (-0.9999274, 0.00064126175, -0.012034804), (-0.999908, 0.013572367, -0.00006634286), (-0.144786, -0.98931223, 0.01727597), (-0.1376149, 0.016363071, 0.99035066), (-0.12982556, 0.017178282, 0.9913881), (-0.99997336, -0.004326698, -0.0058805617), (-0.99997336, -0.004326698, -0.0058805617), (-0.9999274, 0.00064126175, -0.012034804), (-0.1376149, 0.016363071, 0.99035066), (-0.12982556, 0.017178282, 0.9913881), (-0.13676658, -0.01738592, -0.99045074), (-0.9998895, -0.006274163, 0.013484243), (-0.9998895, -0.006274163, 0.013484243), (-0.99997336, -0.004326698, -0.0058805617), (-0.12982556, 0.017178282, 0.9913881), (-0.13676658, -0.01738592, -0.99045074), (-0.13833305, -0.018642412, -0.99021035), (-0.1367649, -0.018592903, -0.9904291), (-0.1367649, -0.018592903, -0.9904291), (-0.9998895, -0.006274163, 0.013484243), (-0.13676658, -0.01738592, -0.99045074), (-0.13833305, -0.018642412, -0.99021035), (-0.1496188, 0.003356036, -0.9887381), (-0.14631198, -0.010995008, -0.9891774), (-0.14631198, -0.010995008, -0.9891774), (-0.1367649, -0.018592903, -0.9904291), (-0.13833305, -0.018642412, -0.99021035), (-0.1496188, 0.003356036, -0.9887381), (-0.12782867, 0.05394015, -0.99032843), (-0.14771825, 0.049570173, -0.9877866), (-0.14771825, 0.049570173, -0.9877866), (-0.14631198, -0.010995008, -0.9891774), (-0.1496188, 0.003356036, -0.9887381), (-0.12782867, 0.05394015, -0.99032843), (-0.09906227, 0.11580566, -0.98831964), (-0.124879204, 0.019360946, -0.99198306), (-0.124879204, 0.019360946, -0.99198306), (-0.14771825, 0.049570173, -0.9877866), (-0.12782867, 0.05394015, -0.99032843), (-0.9284854, -0.058465023, -0.366738), (-0.124879204, 0.019360946, -0.99198306), (-0.09906227, 0.11580566, -0.98831964), (-0.09906227, 0.11580566, -0.98831964), (-0.06925743, 0.061531566, -0.99569947), (-0.07948589, 0.11931814, -0.98966926), (-0.07948589, 0.11931814, -0.98966926), (-0.9284854, -0.058465023, -0.366738), (-0.09906227, 0.11580566, -0.98831964), (-0.15733285, 0.2701174, -0.9498858), (-0.07948589, 0.11931814, -0.98966926), (-0.06925743, 0.061531566, -0.99569947), (-0.06925743, 0.061531566, -0.99569947), (-0.15157273, 0.37724778, -0.91362464), (-0.15733285, 0.2701174, -0.9498858), (-0.13870189, 0.4958482, -0.857261), (-0.15733285, 0.2701174, -0.9498858), (-0.15157273, 0.37724778, -0.91362464), (-0.15157273, 0.37724778, -0.91362464), (-0.14177068, 0.62498254, -0.76765746), (-0.13870189, 0.4958482, -0.857261), (-0.1309089, 0.7005805, -0.7014627), (-0.13870189, 0.4958482, -0.857261), (-0.14177068, 0.62498254, -0.76765746), (-0.14177068, 0.62498254, -0.76765746), (-0.14110832, 0.79314053, -0.5924666), (-0.1309089, 0.7005805, -0.7014627), (-0.99977976, -0.002280759, 0.020862209), (-0.1309089, 0.7005805, -0.7014627), (-0.14110832, 0.79314053, -0.5924666), (-0.14110832, 0.79314053, -0.5924666), (-0.14432117, 0.91614527, -0.37396434), (-0.99977976, -0.002280759, 0.020862209), (-0.9999271, -0.0036003187, 0.011532859), (-0.99977976, -0.002280759, 0.020862209), (-0.14432117, 0.91614527, -0.37396434), (-0.14432117, 0.91614527, -0.37396434), (-0.14572828, 0.98061985, -0.13095059), (-0.9999271, -0.0036003187, 0.011532859), (-0.99971145, -0.02327179, -0.0059546307), (-0.9999271, -0.0036003187, 0.011532859), (-0.14572828, 0.98061985, -0.13095059), (-0.14572828, 0.98061985, -0.13095059), (-0.13794419, 0.982397, 0.12596613), (-0.99971145, -0.02327179, -0.0059546307), (-0.9999446, -0.008351494, 0.0064140493), (-0.99971145, -0.02327179, -0.0059546307), (-0.13794419, 0.982397, 0.12596613), (-0.13794419, 0.982397, 0.12596613), (-0.14811307, 0.88831925, 0.43468565), (-0.9999446, -0.008351494, 0.0064140493), (-0.99991125, -0.009795486, 0.009035998), (-0.9999446, -0.008351494, 0.0064140493), (-0.14811307, 0.88831925, 0.43468565), (-0.14811307, 0.88831925, 0.43468565), (-0.16221966, 0.65154654, 0.74106145), (-0.9999634, -0.008519722, 0.0009152665), (-0.9999634, -0.008519722, 0.0009152665), (-0.99991125, -0.009795486, 0.009035998), (-0.14811307, 0.88831925, 0.43468565), (-0.99992514, 0.011835744, -0.0031110486), (-0.9999634, -0.008519722, 0.0009152665), (-0.16221966, 0.65154654, 0.74106145), (-0.16221966, 0.65154654, 0.74106145), (-0.1543219, 0.33987504, 0.92772293), (-0.99992514, 0.011835744, -0.0031110486), (-0.99955463, 0.028223755, -0.009697315), (-0.99992514, 0.011835744, -0.0031110486), (-0.1543219, 0.33987504, 0.92772293), (-0.1543219, 0.33987504, 0.92772293), (-0.1465637, 0.106722064, 0.9834275), (-0.99955463, 0.028223755, -0.009697315), (-0.9997775, 0.01850709, -0.010129341), (-0.99955463, 0.028223755, -0.009697315), (-0.1465637, 0.106722064, 0.9834275), (-0.1465637, 0.106722064, 0.9834275), (-0.14092179, 0.07420923, 0.9872356), (-0.13582838, 0.06456259, 0.98862654), (-0.13582838, 0.06456259, 0.98862654), (-0.9997775, 0.01850709, -0.010129341), (-0.1465637, 0.106722064, 0.9834275), (-0.9998226, -0.016146762, 0.009698422), (-0.13582838, 0.06456259, 0.98862654), (-0.14092179, 0.07420923, 0.9872356), (-0.14092179, 0.07420923, 0.9872356), (-0.1493474, 0.02596327, 0.9884439), (-0.99904823, -0.043524846, 0.0028745604), (-0.99904823, -0.043524846, 0.0028745604), (-0.9998226, -0.016146762, 0.009698422), (-0.14092179, 0.07420923, 0.9872356), (-0.1493474, 0.02596327, 0.9884439), (-0.14544804, 0.017432457, 0.98921233), (-0.99983585, 0.0008787965, -0.018104706), (-0.99983585, 0.0008787965, -0.018104706), (-0.99904823, -0.043524846, 0.0028745604), (-0.1493474, 0.02596327, 0.9884439), (-0.14544804, 0.017432457, 0.98921233), (-0.0008400424, 0.99984765, -0.017434873), (-0.99997663, -0.0055020605, -0.004090228), (-0.99997663, -0.0055020605, -0.004090228), (-0.99983585, 0.0008787965, -0.018104706), (-0.14544804, 0.017432457, 0.98921233), (-0.0008400424, 0.99984765, -0.017434873), (-0.1507652, -0.021159686, -0.9883431), (-0.9999532, -0.008547242, 0.0045380206), (-0.9999532, -0.008547242, 0.0045380206), (-0.99997663, -0.0055020605, -0.004090228), (-0.0008400424, 0.99984765, -0.017434873), (-0.1507652, -0.021159686, -0.9883431), (-0.16304934, -0.025722776, -0.9862825), (-0.9999766, -0.005495471, -0.0040977113), (-0.9999766, -0.005495471, -0.0040977113), (-0.9999532, -0.008547242, 0.0045380206), (-0.1507652, -0.021159686, -0.9883431), (-0.098455265, -0.042693164, -0.99422526), (-0.9999766, -0.005495471, -0.0040977113), (-0.16304934, -0.025722776, -0.9862825), (-0.16304934, -0.025722776, -0.9862825), (-0.10660837, -0.15435907, -0.9822464), (-0.99962294, 0.024352457, -0.01268316), (-0.99962294, 0.024352457, -0.01268316), (-0.098455265, -0.042693164, -0.99422526), (-0.16304934, -0.025722776, -0.9862825), (0.014932901, -0.21605085, -0.976268), (-0.99962294, 0.024352457, -0.01268316), (-0.10660837, -0.15435907, -0.9822464), (-0.10660837, -0.15435907, -0.9822464), (-0.1104607, -0.3655078, -0.92423075), (-0.99950325, 0.031324964, -0.0034709268), (-0.99950325, 0.031324964, -0.0034709268), (0.014932901, -0.21605085, -0.976268), (-0.10660837, -0.15435907, -0.9822464), (0.06701484, -0.6737821, -0.735885), (-0.99950325, 0.031324964, -0.0034709268), (-0.1104607, -0.3655078, -0.92423075), (-0.1104607, -0.3655078, -0.92423075), (-0.15663609, -0.37969425, -0.91175514), (-0.9998461, 0.01575116, -0.0077300067), (-0.9998461, 0.01575116, -0.0077300067), (0.06701484, -0.6737821, -0.735885), (-0.1104607, -0.3655078, -0.92423075), (-0.9994718, 0.026670558, -0.018571964), (-0.9998461, 0.01575116, -0.0077300067), (-0.15663609, -0.37969425, -0.91175514), (-0.15663609, -0.37969425, -0.91175514), (-0.1393436, -0.5760637, -0.80544025), (-0.9994718, 0.026670558, -0.018571964), (-0.1393436, -0.5760637, -0.80544025), (-0.13604501, -0.6875726, -0.7132572), (-0.99995893, 0.0022526938, 0.008784187), (-0.99995893, 0.0022526938, 0.008784187), (-0.9994718, 0.026670558, -0.018571964), (-0.1393436, -0.5760637, -0.80544025), (-0.13604501, -0.6875726, -0.7132572), (-0.1335711, -0.8053417, -0.577567), (-0.99995893, 0.0022526938, 0.008784187), (-0.9996548, -0.018491022, 0.018666059), (-0.99995893, 0.0022526938, 0.008784187), (-0.1335711, -0.8053417, -0.577567), (-0.1335711, -0.8053417, -0.577567), (-0.08783745, -0.905627, -0.41487858), (-0.9996548, -0.018491022, 0.018666059), (-0.999941, -0.010581485, 0.0024956951), (-0.9996548, -0.018491022, 0.018666059), (-0.08783745, -0.905627, -0.41487858), (-0.08783745, -0.905627, -0.41487858), (-0.007515796, -0.98513573, -0.17161323), (-0.01809737, -0.9898084, -0.14125144), (-0.01809737, -0.9898084, -0.14125144), (-0.999941, -0.010581485, 0.0024956951), (-0.08783745, -0.905627, -0.41487858), (-0.99994814, 0.010110975, -0.0012329173), (-0.01809737, -0.9898084, -0.14125144), (-0.007515796, -0.98513573, -0.17161323), (-0.007515796, -0.98513573, -0.17161323), (-0.0078650545, -0.9995919, -0.027462916), (-0.018674435, -0.99980956, 0.005667232), (-0.018674435, -0.99980956, 0.005667232), (-0.99994814, 0.010110975, -0.0012329173), (-0.007515796, -0.98513573, -0.17161323), (-0.999899, -0.008308003, 0.011528288), (-0.018674435, -0.99980956, 0.005667232), (-0.0078650545, -0.9995919, -0.027462916), (-0.0078650545, -0.9995919, -0.027462916), (-0.008712496, -0.99419415, 0.107248574), (-0.019538399, -0.98987234, 0.1406101), (-0.019538399, -0.98987234, 0.1406101), (-0.999899, -0.008308003, 0.011528288), (-0.0078650545, -0.9995919, -0.027462916), (-0.99993026, -0.0109932665, 0.0043123974), (-0.019538399, -0.98987234, 0.1406101), (-0.008712496, -0.99419415, 0.107248574), (-0.008712496, -0.99419415, 0.107248574), (-0.0069875945, -0.9735162, 0.22851104), (-0.01694869, -0.967084, 0.25389227), (-0.01694869, -0.967084, 0.25389227), (-0.99993026, -0.0109932665, 0.0043123974), (-0.008712496, -0.99419415, 0.107248574), (-0.99996984, -0.0013499557, 0.007649138), (-0.01694869, -0.967084, 0.25389227), (-0.0069875945, -0.9735162, 0.22851104), (-0.0069875945, -0.9735162, 0.22851104), (-0.008139058, -0.92943674, 0.36889166), (-0.018831272, -0.9169977, 0.39844805), (-0.018831272, -0.9169977, 0.39844805), (-0.99996984, -0.0013499557, 0.007649138), (-0.0069875945, -0.9735162, 0.22851104), (-0.9997381, -0.011117093, 0.02000827), (-0.018831272, -0.9169977, 0.39844805), (-0.008139058, -0.92943674, 0.36889166), (-0.008139058, -0.92943674, 0.36889166), (-0.0082589695, -0.87129515, 0.49068978), (-0.018998008, -0.854631, 0.51888835), (-0.018998008, -0.854631, 0.51888835), (-0.9997381, -0.011117093, 0.02000827), (-0.008139058, -0.92943674, 0.36889166), (-0.9997265, -0.023058595, -0.003931016), (-0.018998008, -0.854631, 0.51888835), (-0.0082589695, -0.87129515, 0.49068978), (-0.0082589695, -0.87129515, 0.49068978), (-0.0077065732, -0.80169314, 0.59768623), (-0.018016588, -0.7846691, 0.61965317), (-0.018016588, -0.7846691, 0.61965317), (-0.9997265, -0.023058595, -0.003931016), (-0.0082589695, -0.87129515, 0.49068978), (-0.99953294, -0.027567461, -0.013190091), (-0.018016588, -0.7846691, 0.61965317), (-0.0077065732, -0.80169314, 0.59768623), (-0.0077065732, -0.80169314, 0.59768623), (-0.0068711117, -0.712308, 0.7018334), (-0.01688206, -0.6946122, 0.71918625), (-0.01688206, -0.6946122, 0.71918625), (-0.99953294, -0.027567461, -0.013190091), (-0.0077065732, -0.80169314, 0.59768623), (-0.99992704, -0.011725374, 0.0029283664), (-0.01688206, -0.6946122, 0.71918625), (-0.0068711117, -0.712308, 0.7018334), (-0.0068711117, -0.712308, 0.7018334), (-0.05457611, -0.67526484, 0.7355534), (-0.018425804, -0.5727187, 0.81954485), (-0.018425804, -0.5727187, 0.81954485), (-0.99992704, -0.011725374, 0.0029283664), (-0.0068711117, -0.712308, 0.7018334), (-0.99972993, 0.010474439, 0.02074653), (-0.018425804, -0.5727187, 0.81954485), (-0.05457611, -0.67526484, 0.7355534), (-0.05457611, -0.67526484, 0.7355534), (-0.066646904, -0.144311, -0.98728544), (-0.0008400424, 0.99984765, -0.017434873), (-0.0008400424, 0.99984765, -0.017434873), (-0.99972993, 0.010474439, 0.02074653), (-0.05457611, -0.67526484, 0.7355534), (-0.20062256, -0.9695197, 0.14064935), (-0.26204798, -0.9583978, 0.11315723), (-0.20062254, -0.9695197, 0.14064935), (-0.20062254, -0.9695197, 0.14064935), (-0.9995889, 0.024722403, 0.014525075), (-0.20062256, -0.9695197, 0.14064935), (-0.26204798, -0.9583978, 0.11315723), (-0.13144311, 0.41083902, 0.90218294), (-0.20062254, -0.9695197, 0.14064935), (-0.999184, 0.040148295, 0.0044013713), (-0.20062254, -0.9695197, 0.14064935), (-0.13144311, 0.41083902, 0.90218294), (-0.13144311, 0.41083902, 0.90218294), (-0.108161815, 0.5678007, 0.81602913), (-0.1234656, 0.5084096, 0.85221833), (-0.1234656, 0.5084096, 0.85221833), (-0.999184, 0.040148295, 0.0044013713), (-0.13144311, 0.41083902, 0.90218294), (-0.9996062, 0.00064749044, 0.028055137), (-0.1234656, 0.5084096, 0.85221833), (-0.108161815, 0.5678007, 0.81602913), (-0.108161815, 0.5678007, 0.81602913), (-0.11071964, 0.726621, 0.67805845), (-0.12355895, 0.66335046, 0.73803747), (-0.12355895, 0.66335046, 0.73803747), (-0.9996062, 0.00064749044, 0.028055137), (-0.108161815, 0.5678007, 0.81602913), (-0.99963933, 0.02452025, 0.010950552), (-0.12355895, 0.66335046, 0.73803747), (-0.11071964, 0.726621, 0.67805845), (-0.11071964, 0.726621, 0.67805845), (-0.11352002, 0.85132945, 0.5122025), (-0.12994777, 0.8053542, 0.5783755), (-0.12994777, 0.8053542, 0.5783755), (-0.99963933, 0.02452025, 0.010950552), (-0.11071964, 0.726621, 0.67805845), (-0.9995334, 0.026130484, 0.015818216), (-0.12994777, 0.8053542, 0.5783755), (-0.11352002, 0.85132945, 0.5122025), (-0.11352002, 0.85132945, 0.5122025), (-0.11310561, 0.93775755, 0.32835662), (-0.11971098, 0.909905, 0.3971678), (-0.11971098, 0.909905, 0.3971678), (-0.9995334, 0.026130484, 0.015818216), (-0.11352002, 0.85132945, 0.5122025), (-0.99920756, 0.016801937, 0.036082383), (-0.11971098, 0.909905, 0.3971678), (-0.11310561, 0.93775755, 0.32835662), (-0.11310561, 0.93775755, 0.32835662), (-0.12332619, 0.9749126, 0.18530053), (-0.12846638, 0.9639332, 0.23308612), (-0.12846638, 0.9639332, 0.23308612), (-0.99920756, 0.016801937, 0.036082383), (-0.11310561, 0.93775755, 0.32835662), (-0.12332619, 0.9749126, 0.18530053), (-0.14651339, 0.98347384, 0.10636301), (-0.99938357, 0.009149684, 0.033893567), (-0.99938357, 0.009149684, 0.033893567), (-0.12846638, 0.9639332, 0.23308612), (-0.12332619, 0.9749126, 0.18530053), (-0.14651339, 0.98347384, 0.10636301), (-0.14115196, 0.98890215, 0.046354722), (-0.99956405, 0.017614199, 0.023698092), (-0.99956405, 0.017614199, 0.023698092), (-0.99938357, 0.009149684, 0.033893567), (-0.14651339, 0.98347384, 0.10636301), (-0.14115196, 0.98890215, 0.046354722), (-0.13847958, 0.9889858, -0.052254934), (-0.99976397, 0.019927396, 0.008663115), (-0.99976397, 0.019927396, 0.008663115), (-0.99956405, 0.017614199, 0.023698092), (-0.14115196, 0.98890215, 0.046354722), (-0.13847958, 0.9889858, -0.052254934), (-0.15038191, 0.98104393, -0.12222172), (-0.9992742, -0.007889519, -0.037267547), (-0.9992742, -0.007889519, -0.037267547), (-0.99976397, 0.019927396, 0.008663115), (-0.13847958, 0.9889858, -0.052254934), (-0.15038191, 0.98104393, -0.12222172), (-0.14665726, 0.9624832, -0.22829314), (-0.9999856, -0.0046842387, 0.0026193096), (-0.9999856, -0.0046842387, 0.0026193096), (-0.9992742, -0.007889519, -0.037267547), (-0.15038191, 0.98104393, -0.12222172), (-0.14665726, 0.9624832, -0.22829314), (-0.14668232, 0.92986447, -0.33739635), (-0.99999964, -0.00083699066, 0.0001849576), (-0.99999964, -0.00083699066, 0.0001849576), (-0.9999856, -0.0046842387, 0.0026193096), (-0.14665726, 0.9624832, -0.22829314), (-0.14668232, 0.92986447, -0.33739635), (-0.14668651, 0.88159674, -0.44863164), (-0.99999964, -0.0008369752, 0.000184965), (-0.99999964, -0.0008369752, 0.000184965), (-0.99999964, -0.00083699066, 0.0001849576), (-0.14668232, 0.92986447, -0.33739635), (-0.14668651, 0.88159674, -0.44863164), (-0.1414002, 0.823792, -0.5489744), (-0.9999538, 0.005702153, 0.007739781), (-0.9999538, 0.005702153, 0.007739781), (-0.99999964, -0.0008369752, 0.000184965), (-0.14668651, 0.88159674, -0.44863164), (-0.1414002, 0.823792, -0.5489744), (-0.1311452, 0.74160975, -0.6578875), (-0.99965835, 0.016348641, 0.020396145), (-0.99965835, 0.016348641, 0.020396145), (-0.9999538, 0.005702153, 0.007739781), (-0.1414002, 0.823792, -0.5489744), (-0.1311452, 0.74160975, -0.6578875), (-0.13529202, 0.6477516, -0.7497426), (-0.9998597, 0.0044897716, 0.016143437), (-0.9998597, 0.0044897716, 0.016143437), (-0.99965835, 0.016348641, 0.020396145), (-0.1311452, 0.74160975, -0.6578875), (-0.13529202, 0.6477516, -0.7497426), (-0.13888232, 0.559586, -0.8170529), (-0.99842304, -0.055603117, -0.0077242455), (-0.99842304, -0.055603117, -0.0077242455), (-0.9998597, 0.0044897716, 0.016143437), (-0.13529202, 0.6477516, -0.7497426), (-0.13888232, 0.559586, -0.8170529), (-0.13599649, 0.43782493, -0.88871497), (-0.9992686, -0.035314906, 0.014674456), (-0.9992686, -0.035314906, 0.014674456), (-0.99842304, -0.055603117, -0.0077242455), (-0.13888232, 0.559586, -0.8170529), (-0.13599649, 0.43782493, -0.88871497), (-0.14628431, 0.33736673, -0.92993796), (-0.9996534, -0.017715627, 0.019475766), (-0.9996534, -0.017715627, 0.019475766), (-0.9992686, -0.035314906, 0.014674456), (-0.13599649, 0.43782493, -0.88871497), (-0.14628431, 0.33736673, -0.92993796), (-0.14083141, 0.2416527, -0.96008885), (-0.9997475, -0.0011814428, 0.022438923), (-0.9997475, -0.0011814428, 0.022438923), (-0.9996534, -0.017715627, 0.019475766), (-0.14628431, 0.33736673, -0.92993796), (-0.14083141, 0.2416527, -0.96008885), (-0.13268004, 0.13283207, -0.9822177), (-0.9996314, 0.010377143, 0.025088524), (-0.9996314, 0.010377143, 0.025088524), (-0.9997475, -0.0011814428, 0.022438923), (-0.14083141, 0.2416527, -0.96008885), (-0.13268004, 0.13283207, -0.9822177), (-0.1399679, 0.04413135, -0.9891722), (-0.9998462, 0.0151247205, 0.008889008), (-0.9998462, 0.0151247205, 0.008889008), (-0.9996314, 0.010377143, 0.025088524), (-0.13268004, 0.13283207, -0.9822177), (-0.1399679, 0.04413135, -0.9891722), (-0.14064492, -0.022485733, -0.98980474), (-1, 0.00019007074, -0.00030237733), (-1, 0.00019007074, -0.00030237733), (-0.9998462, 0.0151247205, 0.008889008), (-0.1399679, 0.04413135, -0.9891722), (-0.14064492, -0.022485733, -0.98980474), (-0.13715512, -0.1224226, -0.9829554), (-0.99973, -0.020779926, 0.010400857), (-0.99973, -0.020779926, 0.010400857), (-1, 0.00019007074, -0.00030237733), (-0.14064492, -0.022485733, -0.98980474), (-0.13715512, -0.1224226, -0.9829554), (-0.14441366, -0.19065583, -0.97097635), (-0.99978894, 0.0030250342, 0.02032229), (-0.99978894, 0.0030250342, 0.02032229), (-0.99973, -0.020779926, 0.010400857), (-0.13715512, -0.1224226, -0.9829554), (-0.14441366, -0.19065583, -0.97097635), (-0.13708742, -0.31262267, -0.9399331), (-0.99979115, 0.00470184, 0.019890917), (-0.99979115, 0.00470184, 0.019890917), (-0.99978894, 0.0030250342, 0.02032229), (-0.14441366, -0.19065583, -0.97097635), (-0.13708742, -0.31262267, -0.9399331), (-0.14941588, -0.4013447, -0.9036578), (-0.99974746, -0.0010641131, 0.022452625), (-0.99974746, -0.0010641131, 0.022452625), (-0.99979115, 0.00470184, 0.019890917), (-0.13708742, -0.31262267, -0.9399331), (-0.14941588, -0.4013447, -0.9036578), (-0.14558871, -0.5103642, -0.8475449), (-0.99980426, -0.0006791746, 0.019771844), (-0.99980426, -0.0006791746, 0.019771844), (-0.99974746, -0.0010641131, 0.022452625), (-0.14941588, -0.4013447, -0.9036578), (-0.14558871, -0.5103642, -0.8475449), (-0.14427356, -0.61097854, -0.77838963), (-0.99934626, 0.03377729, -0.0128941), (-0.99934626, 0.03377729, -0.0128941), (-0.99980426, -0.0006791746, 0.019771844), (-0.14558871, -0.5103642, -0.8475449), (-0.14427356, -0.61097854, -0.77838963), (-0.14297293, -0.70587283, -0.69375956), (-0.99993914, 0.007160966, 0.008404558), (-0.99993914, 0.007160966, 0.008404558), (-0.99934626, 0.03377729, -0.0128941), (-0.14427356, -0.61097854, -0.77838963), (-0.14297293, -0.70587283, -0.69375956), (-0.14532289, -0.78529185, -0.601829), (-0.9995503, -0.014971609, 0.025982706), (-0.9995503, -0.014971609, 0.025982706), (-0.99993914, 0.007160966, 0.008404558), (-0.14297293, -0.70587283, -0.69375956), (-0.14532289, -0.78529185, -0.601829), (-0.14525138, -0.8552088, -0.49751374), (-0.99995834, 0.007472197, 0.0052530174), (-0.99995834, 0.007472197, 0.0052530174), (-0.9995503, -0.014971609, 0.025982706), (-0.14532289, -0.78529185, -0.601829), (-0.14525138, -0.8552088, -0.49751374), (-0.14517403, -0.9110239, -0.38595328), (-0.9999444, 0.0093701985, -0.0048414445), (-0.9999444, 0.0093701985, -0.0048414445), (-0.99995834, 0.007472197, 0.0052530174), (-0.14525138, -0.8552088, -0.49751374), (-0.14517403, -0.9110239, -0.38595328), (-0.1450956, -0.95108634, -0.2727307), (-0.9999973, 0.0020569838, 0.0010757443), (-0.9999973, 0.0020569838, 0.0010757443), (-0.9999444, 0.0093701985, -0.0048414445), (-0.14517403, -0.9110239, -0.38595328), (-0.1450956, -0.95108634, -0.2727307), (-0.14192258, -0.9754859, -0.1681819), (-0.999934, 0.0065554, -0.00943485), (-0.999934, 0.0065554, -0.00943485), (-0.9999973, 0.0020569838, 0.0010757443), (-0.1450956, -0.95108634, -0.2727307), (-0.14192258, -0.9754859, -0.1681819), (-0.13593045, -0.9888474, -0.060858868), (-0.9997988, 0.013815038, -0.014546237), (-0.9997988, 0.013815038, -0.014546237), (-0.999934, 0.0065554, -0.00943485), (-0.14192258, -0.9754859, -0.1681819), (-0.13593045, -0.9888474, -0.060858868), (-0.13872193, -0.98994076, 0.027811136), (-0.9999869, 0.004039922, -0.0031706013), (-0.9999869, 0.004039922, -0.0031706013), (-0.9997988, 0.013815038, -0.014546237), (-0.13593045, -0.9888474, -0.060858868), (-0.13872193, -0.98994076, 0.027811136), (-0.13970649, -0.9860039, 0.09098738), (-0.99964756, 0.001136142, 0.02652607), (-0.99964756, 0.001136142, 0.02652607), (-0.9999869, 0.004039922, -0.0031706013), (-0.13872193, -0.98994076, 0.027811136), (-0.13970649, -0.9860039, 0.09098738), (-0.14186712, -0.9676445, 0.20865785), (-0.99975264, 0.014512122, 0.016860321), (-0.99975264, 0.014512122, 0.016860321), (-0.99964756, 0.001136142, 0.02652607), (-0.13970649, -0.9860039, 0.09098738), (-0.14186712, -0.9676445, 0.20865785), (-0.13214208, -0.9601495, 0.24627508), (-0.9998539, -0.006734814, 0.015718129), (-0.9998539, -0.006734814, 0.015718129), (-0.99975264, 0.014512122, 0.016860321), (-0.14186712, -0.9676445, 0.20865785), (-0.13214208, -0.9601495, 0.24627508), (-0.108814605, -0.89591885, 0.4306844), (-0.121396065, -0.9252982, 0.35928577), (-0.121396065, -0.9252982, 0.35928577), (-0.9998539, -0.006734814, 0.015718129), (-0.13214208, -0.9601495, 0.24627508), (-0.9995245, -0.022934211, 0.020615125), (-0.121396065, -0.9252982, 0.35928577), (-0.108814605, -0.89591885, 0.4306844), (-0.108814605, -0.89591885, 0.4306844), (-0.10335115, -0.7920167, 0.6016878), (-0.11943602, -0.8404797, 0.5285159), (-0.11943602, -0.8404797, 0.5285159), (-0.9995245, -0.022934211, 0.020615125), (-0.108814605, -0.89591885, 0.4306844), (-0.99923325, -0.029807296, 0.025386725), (-0.11943602, -0.8404797, 0.5285159), (-0.10335115, -0.7920167, 0.6016878), (-0.10335115, -0.7920167, 0.6016878), (-0.10174056, -0.6413881, 0.76044077), (-0.11905429, -0.69653046, 0.70758146), (-0.11905429, -0.69653046, 0.70758146), (-0.99923325, -0.029807296, 0.025386725), (-0.10335115, -0.7920167, 0.6016878), (-0.99959815, -0.013284407, 0.025043996), (-0.11905429, -0.69653046, 0.70758146), (-0.10174056, -0.6413881, 0.76044077), (-0.10174056, -0.6413881, 0.76044077), (-0.10962771, -0.47026455, 0.87569), (-0.11287719, -0.5308727, 0.8399007), (-0.11287719, -0.5308727, 0.8399007), (-0.99959815, -0.013284407, 0.025043996), (-0.10174056, -0.6413881, 0.76044077), (-0.9999194, -0.0010472807, 0.01265642), (-0.11287719, -0.5308727, 0.8399007), (-0.10962771, -0.47026455, 0.87569), (-0.10962771, -0.47026455, 0.87569), (-0.13231522, -0.31487876, 0.93986386), (-0.13263854, -0.362835, 0.92236537), (-0.13263854, -0.362835, 0.92236537), (-0.9999194, -0.0010472807, 0.01265642), (-0.10962771, -0.47026455, 0.87569), (-0.13231522, -0.31487876, 0.93986386), (-0.12695779, -0.3882372, 0.9127725), (-0.9848746, -0.17156847, -0.024216361), (-0.9848746, -0.17156847, -0.024216361), (-0.13263854, -0.362835, 0.92236537), (-0.13231522, -0.31487876, 0.93986386), (-0.12695779, -0.3882372, 0.9127725), (-0.001461302, 0.99519855, 0.097866766), (-0.00081489515, 0.9952256, 0.0975984), (-0.00081489515, 0.9952256, 0.0975984), (-0.9848746, -0.17156847, -0.024216361), (-0.12695779, -0.3882372, 0.9127725), (-0.001461302, 0.99519855, 0.097866766), (-0.0020901817, 0.99517167, 0.098127775), (-0.0014613062, 0.99519855, 0.097866766), (-0.0014613062, 0.99519855, 0.097866766), (-0.00081489515, 0.9952256, 0.0975984), (-0.001461302, 0.99519855, 0.097866766), (-0.0020901817, 0.99517167, 0.098127775), (-0.16610835, 0.35100174, -0.92152363), (-0.9975765, -0.06951647, -0.00296387), (-0.9975765, -0.06951647, -0.00296387), (-0.0014613062, 0.99519855, 0.097866766), (-0.0020901817, 0.99517167, 0.098127775), (-0.9993325, 0.016881106, 0.032399334), (-0.9975765, -0.06951647, -0.00296387), (-0.16610835, 0.35100174, -0.92152363), (-0.16610835, 0.35100174, -0.92152363), (-0.146123, 0.5390293, -0.8295153), (-0.9993325, 0.016881106, 0.032399334), (-0.9995086, -0.021772588, 0.02254781), (-0.9993325, 0.016881106, 0.032399334), (-0.146123, 0.5390293, -0.8295153), (-0.146123, 0.5390293, -0.8295153), (-0.14212658, 0.7668901, -0.6258432), (-0.9995086, -0.021772588, 0.02254781), (-0.9997048, -0.024281064, -0.00088873046), (-0.9995086, -0.021772588, 0.02254781), (-0.14212658, 0.7668901, -0.6258432), (-0.14212658, 0.7668901, -0.6258432), (-0.148704, 0.93976474, -0.3077813), (-0.9997048, -0.024281064, -0.00088873046), (-0.9999138, 0.00069557317, 0.013110666), (-0.9997048, -0.024281064, -0.00088873046), (-0.148704, 0.93976474, -0.3077813), (-0.148704, 0.93976474, -0.3077813), (-0.08874337, 0.99425054, 0.05992257), (-0.9998692, 0.000107288164, 0.016173841), (-0.9998692, 0.000107288164, 0.016173841), (-0.9999138, 0.00069557317, 0.013110666), (-0.148704, 0.93976474, -0.3077813), (-0.08874337, 0.99425054, 0.05992257), (-0.059840437, 0.9496896, 0.30742276), (-0.06188082, 0.9815491, 0.18092065), (-0.06188082, 0.9815491, 0.18092065), (-0.9998692, 0.000107288164, 0.016173841), (-0.08874337, 0.99425054, 0.05992257), (-0.9998143, 0.00826945, -0.01740677), (-0.06188082, 0.9815491, 0.18092065), (-0.059840437, 0.9496896, 0.30742276), (-0.059840437, 0.9496896, 0.30742276), (-0.056924097, 0.8462182, 0.5297872), (-0.08523386, 0.887602, 0.45265654), (-0.08523386, 0.887602, 0.45265654), (-0.9998143, 0.00826945, -0.01740677), (-0.059840437, 0.9496896, 0.30742276), (-0.99997205, 0.0061222776, -0.004286481), (-0.08523386, 0.887602, 0.45265654), (-0.056924097, 0.8462182, 0.5297872), (-0.056924097, 0.8462182, 0.5297872), (-0.059514612, 0.67126656, 0.7388228), (-0.079458505, 0.74273765, 0.6648512), (-0.079458505, 0.74273765, 0.6648512), (-0.99997205, 0.0061222776, -0.004286481), (-0.056924097, 0.8462182, 0.5297872), (-0.9999803, 0.00196131, 0.0059752553), (-0.079458505, 0.74273765, 0.6648512), (-0.059514612, 0.67126656, 0.7388228), (-0.059514612, 0.67126656, 0.7388228), (-0.09967195, 0.507128, 0.85608804), (-0.081617534, 0.5437617, 0.8352616), (-0.081617534, 0.5437617, 0.8352616), (-0.9999803, 0.00196131, 0.0059752553), (-0.059514612, 0.67126656, 0.7388228), (-0.99991447, 0.012766481, 0.002845318), (-0.081617534, 0.5437617, 0.8352616), (-0.09967195, 0.507128, 0.85608804), (-0.09967195, 0.507128, 0.85608804), (-0.1269995, 0.3198127, 0.93893087), (-0.138718, 0.43150643, 0.8913808), (-0.138718, 0.43150643, 0.8913808), (-0.99991447, 0.012766481, 0.002845318), (-0.09967195, 0.507128, 0.85608804), (-0.99987537, 0.012450994, 0.009718554), (-0.138718, 0.43150643, 0.8913808), (-0.1269995, 0.3198127, 0.93893087), (-0.1269995, 0.3198127, 0.93893087), (-0.13508412, 0.19030344, 0.97238725), (-0.1301099, 0.24531907, 0.96067154), (-0.1301099, 0.24531907, 0.96067154), (-0.99987537, 0.012450994, 0.009718554), (-0.1269995, 0.3198127, 0.93893087), (-0.99967885, -0.016847815, 0.018934041), (-0.1301099, 0.24531907, 0.96067154), (-0.13508412, 0.19030344, 0.97238725), (-0.13508412, 0.19030344, 0.97238725), (-0.13891514, 0.07168723, 0.98770624), (-0.9998389, -0.017634882, 0.0033525582), (-0.9998389, -0.017634882, 0.0033525582), (-0.99967885, -0.016847815, 0.018934041), (-0.13508412, 0.19030344, 0.97238725), (-0.13891514, 0.07168723, 0.98770624), (-0.13690865, -0.052992478, 0.98916525), (-0.99992305, -0.012302161, 0.0015970622), (-0.99992305, -0.012302161, 0.0015970622), (-0.9998389, -0.017634882, 0.0033525582), (-0.13891514, 0.07168723, 0.98770624), (-0.99905246, 0.04337132, 0.0036438745), (-0.99992305, -0.012302161, 0.0015970622), (-0.13690865, -0.052992478, 0.98916525), (-0.13690865, -0.052992478, 0.98916525), (-0.13193028, -0.15763523, 0.97864485), (-0.13015005, -0.05945929, 0.98970985), (-0.13015005, -0.05945929, 0.98970985), (-0.99905246, 0.04337132, 0.0036438745), (-0.13690865, -0.052992478, 0.98916525), (-0.99947685, 0.026711158, 0.018239368), (-0.13015005, -0.05945929, 0.98970985), (-0.13193028, -0.15763523, 0.97864485), (-0.13193028, -0.15763523, 0.97864485), (-0.106335856, -0.39902338, 0.9107541), (-0.14237541, -0.2445562, 0.95912546), (-0.14237541, -0.2445562, 0.95912546), (-0.99947685, 0.026711158, 0.018239368), (-0.13193028, -0.15763523, 0.97864485), (-0.9993255, -0.035790905, 0.008225788), (-0.14237541, -0.2445562, 0.95912546), (-0.106335856, -0.39902338, 0.9107541), (-0.106335856, -0.39902338, 0.9107541), (-0.054555226, -0.67732084, 0.7336623), (-0.08635226, -0.59594727, 0.7983672), (-0.08635226, -0.59594727, 0.7983672), (-0.9993255, -0.035790905, 0.008225788), (-0.106335856, -0.39902338, 0.9107541), (-0.99972594, -0.023322333, 0.0020666006), (-0.08635226, -0.59594727, 0.7983672), (-0.054555226, -0.67732084, 0.7336623), (-0.054555226, -0.67732084, 0.7336623), (-0.054813184, -0.8573612, 0.5117883), (-0.076841086, -0.7982611, 0.59739006), (-0.076841086, -0.7982611, 0.59739006), (-0.99972594, -0.023322333, 0.0020666006), (-0.054555226, -0.67732084, 0.7336623), (-0.9999537, 0.0056590075, 0.0077800564), (-0.076841086, -0.7982611, 0.59739006), (-0.054813184, -0.8573612, 0.5117883), (-0.054813184, -0.8573612, 0.5117883), (-0.05418052, -0.9609318, 0.2714307), (-0.07723542, -0.93039566, 0.35832763), (-0.07723542, -0.93039566, 0.35832763), (-0.9999537, 0.0056590075, 0.0077800564), (-0.054813184, -0.8573612, 0.5117883), (-0.9999822, 0.000089903384, 0.0059849974), (-0.07723542, -0.93039566, 0.35832763), (-0.05418052, -0.9609318, 0.2714307), (-0.05418052, -0.9609318, 0.2714307), (-0.10848557, -0.9897891, 0.09245861), (-0.07477925, -0.9901868, 0.118059754), (-0.07477925, -0.9901868, 0.118059754), (-0.9999822, 0.000089903384, 0.0059849974), (-0.05418052, -0.9609318, 0.2714307), (-0.9994374, -0.01386249, -0.03054035), (-0.07477925, -0.9901868, 0.118059754), (-0.10848557, -0.9897891, 0.09245861), (-0.10848557, -0.9897891, 0.09245861), (-0.12727274, -0.9874966, -0.09301725), (-0.99992764, 0.0071989964, -0.009641162), (-0.99992764, 0.0071989964, -0.009641162), (-0.9994374, -0.01386249, -0.03054035), (-0.10848557, -0.9897891, 0.09245861), (-0.12727274, -0.9874966, -0.09301725), (-0.140729, -0.91669047, -0.37399733), (-0.99929, 0.014482344, 0.034784906), (-0.99929, 0.014482344, 0.034784906), (-0.99992764, 0.0071989964, -0.009641162), (-0.12727274, -0.9874966, -0.09301725), (-0.140729, -0.91669047, -0.37399733), (-0.1408428, -0.73627025, -0.6618682), (-0.9994385, 0.022769097, 0.024582818), (-0.9994385, 0.022769097, 0.024582818), (-0.99929, 0.014482344, 0.034784906), (-0.140729, -0.91669047, -0.37399733), (-0.1408428, -0.73627025, -0.6618682), (-0.14375688, -0.48056707, -0.86509496), (-0.9996825, 0.015364427, 0.019974358), (-0.9996825, 0.015364427, 0.019974358), (-0.9994385, 0.022769097, 0.024582818), (-0.1408428, -0.73627025, -0.6618682), (-0.14375688, -0.48056707, -0.86509496), (-0.20062256, -0.9695197, 0.14064935), (-0.9995889, 0.024722403, 0.014525075), (-0.9995889, 0.024722403, 0.014525075), (-0.9996825, 0.015364427, 0.019974358), (-0.14375688, -0.48056707, -0.86509496), (-0.15564246, -0.82841486, 0.5380562), (-0.11276169, -0.9229059, 0.3681434), (-0.14331432, -0.92664194, 0.3475568), (-0.14331432, -0.92664194, 0.3475568), (-0.16782257, -0.8717966, 0.46022433), (-0.15564246, -0.82841486, 0.5380562), (-0.11276169, -0.9229059, 0.3681434), (-0.088924825, -0.95325387, 0.28878948), (-0.14331432, -0.92664194, 0.3475568), (-0.997567, -0.042953707, 0.054910872), (-0.14331432, -0.92664194, 0.3475568), (-0.088924825, -0.95325387, 0.28878948), (-0.088924825, -0.95325387, 0.28878948), (-0.015341047, -0.9400103, 0.34080106), (-0.024964653, -0.91720045, 0.39764318), (-0.024964653, -0.91720045, 0.39764318), (-0.997567, -0.042953707, 0.054910872), (-0.088924825, -0.95325387, 0.28878948), (-0.9998508, 0.016416715, -0.005382368), (-0.024964653, -0.91720045, 0.39764318), (-0.015341047, -0.9400103, 0.34080106), (-0.015341047, -0.9400103, 0.34080106), (-0.06260202, -0.93730587, 0.3428392), (-0.017007912, -0.92272097, 0.38509324), (-0.017007912, -0.92272097, 0.38509324), (-0.9998508, 0.016416715, -0.005382368), (-0.015341047, -0.9400103, 0.34080106), (-0.0008400424, 0.99984765, -0.017434873), (-0.017007912, -0.92272097, 0.38509324), (-0.06260202, -0.93730587, 0.3428392), (-0.06260202, -0.93730587, 0.3428392), (-0.124043874, -0.96385354, 0.23579565), (-0.0008400424, 0.99984765, -0.017434873), (-0.0008400424, 0.99984765, -0.017434873), (-0.0008400424, 0.99984765, -0.017434873), (-0.124043874, -0.96385354, 0.23579565), (-0.124043874, -0.96385354, 0.23579565), (0.022911342, -0.30191487, -0.9530597), (-0.0008400424, 0.99984765, -0.017434873), (0.022911342, -0.30191487, -0.9530597), (-0.1561478, 0.023522474, -0.9874537), (-0.9990993, 0.008448761, 0.041585337), (-0.9990993, 0.008448761, 0.041585337), (-0.0008400424, 0.99984765, -0.017434873), (0.022911342, -0.30191487, -0.9530597), (-0.99966633, 0.00586503, 0.025154594), (-0.9990993, 0.008448761, 0.041585337), (-0.1561478, 0.023522474, -0.9874537), (-0.1561478, 0.023522474, -0.9874537), (-0.14186452, 0.063996375, -0.9878153), (-0.99966633, 0.00586503, 0.025154594), (-0.9994104, 0.029391937, 0.01775337), (-0.99966633, 0.00586503, 0.025154594), (-0.14186452, 0.063996375, -0.9878153), (-0.14186452, 0.063996375, -0.9878153), (-0.10313017, 0.28740448, -0.95224106), (-0.9994104, 0.029391937, 0.01775337), (-0.011797615, 0.34979862, -0.93675065), (-0.9994104, 0.029391937, 0.01775337), (-0.10313017, 0.28740448, -0.95224106), (-0.9999698, 0.0014564765, 0.0076368274), (-0.011797615, 0.34979862, -0.93675065), (-0.10313017, 0.28740448, -0.95224106), (-0.10313017, 0.28740448, -0.95224106), (-0.14260143, 0.5352235, -0.83258677), (-0.9999698, 0.0014564765, 0.0076368274), (-0.9959383, -0.082962416, 0.03499038), (-0.9999698, 0.0014564765, 0.0076368274), (-0.14260143, 0.5352235, -0.83258677), (-0.14260143, 0.5352235, -0.83258677), (-0.14057456, 0.76717925, -0.6258393), (-0.9959383, -0.082962416, 0.03499038), (-0.0008400424, 0.99984765, -0.017434873), (-0.9959383, -0.082962416, 0.03499038), (-0.14057456, 0.76717925, -0.6258393), (-0.14057456, 0.76717925, -0.6258393), (-0.1453425, 0.881516, -0.44922733), (-0.0008400424, 0.99984765, -0.017434873), (-0.0008400424, 0.99984765, -0.017434873), (-0.0008400424, 0.99984765, -0.017434873), (-0.1453425, 0.881516, -0.44922733), (-0.1453425, 0.881516, -0.44922733), (-0.1553654, 0.97369134, -0.1666937), (-0.0008400424, 0.99984765, -0.017434873), (-0.99997026, 0.0066757062, 0.003895142), (-0.0008400424, 0.99984765, -0.017434873), (-0.1553654, 0.97369134, -0.1666937), (-0.1553654, 0.97369134, -0.1666937), (-0.13091435, 0.9828983, 0.12950902), (-0.99999, 0.002874585, 0.0034454025), (-0.99999, 0.002874585, 0.0034454025), (-0.99997026, 0.0066757062, 0.003895142), (-0.1553654, 0.97369134, -0.1666937), (-0.13091435, 0.9828983, 0.12950902), (-0.13438427, 0.88202417, 0.45163512), (-0.9995685, -0.023956386, -0.016998231), (-0.9995685, -0.023956386, -0.016998231), (-0.99999, 0.002874585, 0.0034454025), (-0.13091435, 0.9828983, 0.12950902), (-0.13438427, 0.88202417, 0.45163512), (-0.14078835, 0.6709366, 0.7280266), (-0.99986553, -0.016386898, 0.0006217954), (-0.99986553, -0.016386898, 0.0006217954), (-0.9995685, -0.023956386, -0.016998231), (-0.13438427, 0.88202417, 0.45163512), (-0.14078835, 0.6709366, 0.7280266), (-0.14927344, 0.3626102, 0.9199083), (-0.9999061, 0.008902253, -0.010415263), (-0.9999061, 0.008902253, -0.010415263), (-0.99986553, -0.016386898, 0.0006217954), (-0.14078835, 0.6709366, 0.7280266), (-0.9997025, -0.023958815, -0.004589645), (-0.9999061, 0.008902253, -0.010415263), (-0.14927344, 0.3626102, 0.9199083), (-0.14927344, 0.3626102, 0.9199083), (-0.14604689, -0.011469445, 0.98921126), (-0.9997025, -0.023958815, -0.004589645), (-0.9999884, -0.0043121083, -0.0021840357), (-0.9997025, -0.023958815, -0.004589645), (-0.14604689, -0.011469445, 0.98921126), (-0.14604689, -0.011469445, 0.98921126), (-0.15743406, -0.4884944, 0.85824686), (-0.9999884, -0.0043121083, -0.0021840357), (-0.999685, 0.02509487, 0.00037623744), (-0.9999884, -0.0043121083, -0.0021840357), (-0.15743406, -0.4884944, 0.85824686), (-0.15743406, -0.4884944, 0.85824686), (-0.15564246, -0.82841486, 0.5380562), (-0.999685, 0.02509487, 0.00037623744), (-0.16782257, -0.8717966, 0.46022433), (-0.999685, 0.02509487, 0.00037623744), (-0.15564246, -0.82841486, 0.5380562), (-0.08498366, 0.71467704, -0.6942727), (-0.999911, 0.011143128, -0.007327601), (-0.13686143, 0.94431746, -0.29922152), (-0.13686143, 0.94431746, -0.29922152), (-0.12632176, 0.93026376, -0.34445947), (-0.08498366, 0.71467704, -0.6942727), (-0.9991817, 0.038668294, -0.011870749), (-0.08498366, 0.71467704, -0.6942727), (-0.12632176, 0.93026376, -0.34445947), (-0.12632176, 0.93026376, -0.34445947), (-0.13527486, 0.9566956, -0.25774825), (-0.13553861, 0.959695, -0.24620073), (-0.13553861, 0.959695, -0.24620073), (-0.9991817, 0.038668294, -0.011870749), (-0.12632176, 0.93026376, -0.34445947), (-0.99954003, -0.003456198, 0.030131983), (-0.13553861, 0.959695, -0.24620073), (-0.13527486, 0.9566956, -0.25774825), (-0.13527486, 0.9566956, -0.25774825), (-0.12235086, 0.975908, -0.18064849), (-0.99948806, 0.0236181, -0.021586224), (-0.99948806, 0.0236181, -0.021586224), (-0.99954003, -0.003456198, 0.030131983), (-0.13527486, 0.9566956, -0.25774825), (-0.9980357, 0.04930764, -0.03864628), (-0.115520224, 0.96793145, -0.22307858), (-0.11531205, 0.96648896, -0.22935224), (-0.11531205, 0.96648896, -0.22935224), (-0.091330454, 0.97086215, -0.22155274), (-0.13193241, 0.9612559, -0.24203499), (-0.13193241, 0.9612559, -0.24203499), (-0.9980357, 0.04930764, -0.03864628), (-0.11531205, 0.96648896, -0.22935224), (-0.99833006, 0.04005928, 0.041622717), (-0.13193241, 0.9612559, -0.24203499), (-0.091330454, 0.97086215, -0.22155274), (-0.091330454, 0.97086215, -0.22155274), (-0.04827551, 0.94003785, -0.33763647), (-0.07866697, 0.9496041, -0.30342), (-0.07866697, 0.9496041, -0.30342), (-0.99833006, 0.04005928, 0.041622717), (-0.091330454, 0.97086215, -0.22155274), (-0.99893194, -0.0022825107, 0.046149764), (-0.07866697, 0.9496041, -0.30342), (-0.04827551, 0.94003785, -0.33763647), (-0.04827551, 0.94003785, -0.33763647), (-0.057102084, 0.8479592, -0.5269768), (-0.06723428, 0.9249711, -0.37404302), (-0.06723428, 0.9249711, -0.37404302), (-0.99893194, -0.0022825107, 0.046149764), (-0.04827551, 0.94003785, -0.33763647), (-0.99996805, -0.006127658, -0.0051473067), (-0.06723428, 0.9249711, -0.37404302), (-0.057102084, 0.8479592, -0.5269768), (-0.057102084, 0.8479592, -0.5269768), (-0.14041847, 0.78973216, -0.59716487), (-0.99996805, -0.006127658, -0.0051473067), (-0.9999963, -0.0025130936, -0.0010881451), (-0.99996805, -0.006127658, -0.0051473067), (-0.14041847, 0.78973216, -0.59716487), (-0.14041847, 0.78973216, -0.59716487), (-0.13905504, 0.6348051, -0.7600568), (-0.9999963, -0.0025130936, -0.0010881451), (-0.99999803, -0.0015252898, 0.0012820452), (-0.9999963, -0.0025130936, -0.0010881451), (-0.13905504, 0.6348051, -0.7600568), (-0.13905504, 0.6348051, -0.7600568), (-0.13551213, 0.42639616, -0.8943281), (-0.99999803, -0.0015252898, 0.0012820452), (-0.9999915, -0.0040951255, -0.0004914161), (-0.99999803, -0.0015252898, 0.0012820452), (-0.13551213, 0.42639616, -0.8943281), (-0.13551213, 0.42639616, -0.8943281), (-0.13971847, 0.21020092, -0.96762305), (-0.9999915, -0.0040951255, -0.0004914161), (-0.9993464, -0.036061693, -0.002556185), (-0.9999915, -0.0040951255, -0.0004914161), (-0.13971847, 0.21020092, -0.96762305), (-0.13971847, 0.21020092, -0.96762305), (-0.14858441, -0.0021714156, -0.9888973), (-0.9993464, -0.036061693, -0.002556185), (-0.14858441, -0.0021714156, -0.9888973), (-0.12679692, -0.08268027, -0.988477), (-0.9998123, -0.016100131, -0.010780904), (-0.9998123, -0.016100131, -0.010780904), (-0.9993464, -0.036061693, -0.002556185), (-0.14858441, -0.0021714156, -0.9888973), (-0.061817005, 0.21847196, -0.97388333), (-0.9998123, -0.016100131, -0.010780904), (-0.12679692, -0.08268027, -0.988477), (-0.12679692, -0.08268027, -0.988477), (-0.12284283, -0.29964477, -0.94610924), (-0.99961257, 0.025267048, -0.011673279), (-0.99961257, 0.025267048, -0.011673279), (-0.061817005, 0.21847196, -0.97388333), (-0.12679692, -0.08268027, -0.988477), (-0.059222944, -0.017344277, -0.99809414), (-0.99961257, 0.025267048, -0.011673279), (-0.12284283, -0.29964477, -0.94610924), (-0.12284283, -0.29964477, -0.94610924), (-0.12382048, -0.5255093, -0.8417296), (-0.9999918, 0.003029996, -0.0027220817), (-0.9999918, 0.003029996, -0.0027220817), (-0.059222944, -0.017344277, -0.99809414), (-0.12284283, -0.29964477, -0.94610924), (-0.058656473, -0.26903248, -0.9613433), (-0.9999918, 0.003029996, -0.0027220817), (-0.12382048, -0.5255093, -0.8417296), (-0.12382048, -0.5255093, -0.8417296), (-0.12606366, -0.7077116, -0.69516355), (-0.99997896, -0.004092555, -0.0050373035), (-0.99997896, -0.004092555, -0.0050373035), (-0.058656473, -0.26903248, -0.9613433), (-0.12382048, -0.5255093, -0.8417296), (-0.060877115, -0.48658282, -0.871511), (-0.99997896, -0.004092555, -0.0050373035), (-0.12606366, -0.7077116, -0.69516355), (-0.12606366, -0.7077116, -0.69516355), (-0.12624162, -0.9045259, -0.40730336), (-0.99961007, -0.026228564, 0.00958094), (-0.99961007, -0.026228564, 0.00958094), (-0.060877115, -0.48658282, -0.871511), (-0.12606366, -0.7077116, -0.69516355), (-0.09676125, -0.911237, -0.40035528), (-0.99961007, -0.026228564, 0.00958094), (-0.12624162, -0.9045259, -0.40730336), (-0.12624162, -0.9045259, -0.40730336), (-0.13085628, -0.97327, -0.18873881), (-0.9992254, -0.03623351, 0.015363197), (-0.9992254, -0.03623351, 0.015363197), (-0.09676125, -0.911237, -0.40035528), (-0.12624162, -0.9045259, -0.40730336), (-0.10248428, -0.9813731, -0.16249292), (-0.9992254, -0.03623351, 0.015363197), (-0.13085628, -0.97327, -0.18873881), (-0.13085628, -0.97327, -0.18873881), (-0.15283161, -0.9869124, -0.051443316), (-0.99917036, -0.029236227, -0.028352166), (-0.99917036, -0.029236227, -0.028352166), (-0.10248428, -0.9813731, -0.16249292), (-0.13085628, -0.97327, -0.18873881), (-0.9990494, -0.0069129528, -0.04304329), (-0.99917036, -0.029236227, -0.028352166), (-0.15283161, -0.9869124, -0.051443316), (-0.15283161, -0.9869124, -0.051443316), (-0.13707599, -0.98720396, 0.08147791), (-0.9990494, -0.0069129528, -0.04304329), (-0.0008400424, 0.99984765, -0.017434873), (-0.9990494, -0.0069129528, -0.04304329), (-0.13707599, -0.98720396, 0.08147791), (-0.13707599, -0.98720396, 0.08147791), (-0.12872149, -0.96923816, 0.20978145), (-0.0008400424, 0.99984765, -0.017434873), (-0.99962264, 0.014282293, 0.023464734), (-0.0008400424, 0.99984765, -0.017434873), (-0.12872149, -0.96923816, 0.20978145), (-0.12872149, -0.96923816, 0.20978145), (-0.1360314, -0.9321709, 0.33548892), (-0.99962264, 0.014282293, 0.023464734), (-0.0008400424, 0.99984765, -0.017434873), (-0.99962264, 0.014282293, 0.023464734), (-0.1360314, -0.9321709, 0.33548892), (-0.1360314, -0.9321709, 0.33548892), (-0.14128979, -0.89433503, 0.4245021), (-0.0008400424, 0.99984765, -0.017434873), (-0.9993436, -0.013057702, -0.03379604), (-0.0008400424, 0.99984765, -0.017434873), (-0.14128979, -0.89433503, 0.4245021), (-0.14128979, -0.89433503, 0.4245021), (-0.13690959, -0.8391959, 0.5263138), (-0.9993436, -0.013057702, -0.03379604), (-0.99993473, -0.005016008, 0.010265687), (-0.9993436, -0.013057702, -0.03379604), (-0.13690959, -0.8391959, 0.5263138), (-0.13690959, -0.8391959, 0.5263138), (-0.14673185, -0.88244486, 0.44694614), (-0.99993473, -0.005016008, 0.010265687), (-0.04207401, -0.95513576, 0.29316437), (-0.99993473, -0.005016008, 0.010265687), (-0.14673185, -0.88244486, 0.44694614), (-0.14673185, -0.88244486, 0.44694614), (-0.044302557, -0.9989547, -0.01126156), (-0.9931913, 0.013709451, 0.11568573), (-0.9931913, 0.013709451, 0.11568573), (-0.04207401, -0.95513576, 0.29316437), (-0.14673185, -0.88244486, 0.44694614), (-0.9970165, -0.068421096, 0.035733312), (-0.9931913, 0.013709451, 0.11568573), (-0.044302557, -0.9989547, -0.01126156), (-0.9984004, 0.05650931, -0.001853792), (-0.9970165, -0.068421096, 0.035733312), (-0.044302557, -0.9989547, -0.01126156), (-0.044302557, -0.9989547, -0.01126156), (-0.12741895, -0.27384755, -0.9532954), (-0.9984004, 0.05650931, -0.001853792), (-0.08772171, -0.99554837, -0.034472123), (-0.9984004, 0.05650931, -0.001853792), (-0.12741895, -0.27384755, -0.9532954), (-0.12741895, -0.27384755, -0.9532954), (0.051421057, -0.99842006, 0.022657229), (-0.08772171, -0.99554837, -0.034472123), (0.051421057, -0.99842006, 0.022657229), (0.18951696, -0.97866815, 0.079321764), (0.051421054, -0.99842006, 0.022657229), (0.051421054, -0.99842006, 0.022657229), (-0.08772171, -0.99554837, -0.034472123), (0.051421057, -0.99842006, 0.022657229), (-0.98677367, 0.16190417, -0.008047397), (0.051421054, -0.99842006, 0.022657229), (0.18951696, -0.97866815, 0.079321764), (0.18951696, -0.97866815, 0.079321764), (-0.13888499, 0.3430072, 0.92900866), (-0.98677367, 0.16190417, -0.008047397), (-0.999235, 0.034432247, -0.018543482), (-0.98677367, 0.16190417, -0.008047397), (-0.13888499, 0.3430072, 0.92900866), (-0.13888499, 0.3430072, 0.92900866), (-0.1369347, 0.22340687, 0.96505874), (-0.999235, 0.034432247, -0.018543482), (-0.99652636, 0.078336895, -0.028261432), (-0.999235, 0.034432247, -0.018543482), (-0.1369347, 0.22340687, 0.96505874), (-0.1369347, 0.22340687, 0.96505874), (-0.111117244, 0.04570634, 0.9927558), (-0.99652636, 0.078336895, -0.028261432), (-0.99709034, -0.07541988, -0.011082519), (-0.99652636, 0.078336895, -0.028261432), (-0.111117244, 0.04570634, 0.9927558), (-0.111117244, 0.04570634, 0.9927558), (-0.0865239, 0.01438987, 0.9961459), (-0.07023763, -0.09784195, 0.99272037), (-0.07023763, -0.09784195, 0.99272037), (-0.99709034, -0.07541988, -0.011082519), (-0.111117244, 0.04570634, 0.9927558), (-0.9994778, 0.02948935, 0.013213963), (-0.07023763, -0.09784195, 0.99272037), (-0.0865239, 0.01438987, 0.9961459), (-0.0865239, 0.01438987, 0.9961459), (-0.15320523, 0.015468642, 0.9880734), (-0.1324009, 0.03956044, 0.99040645), (-0.1324009, 0.03956044, 0.99040645), (-0.9994778, 0.02948935, 0.013213963), (-0.0865239, 0.01438987, 0.9961459), (-0.9999167, 0.0008415742, 0.012882439), (-0.1324009, 0.03956044, 0.99040645), (-0.15320523, 0.015468642, 0.9880734), (-0.15320523, 0.015468642, 0.9880734), (-0.13461895, -0.0006721903, 0.99089724), (-0.9999821, -0.005985065, 0.00036592764), (-0.9999821, -0.005985065, 0.00036592764), (-0.9999167, 0.0008415742, 0.012882439), (-0.15320523, 0.015468642, 0.9880734), (-0.13461895, -0.0006721903, 0.99089724), (-0.08361015, 0.0450861, 0.9954781), (-0.11327222, 0.06321856, 0.99155074), (-0.11327222, 0.06321856, 0.99155074), (-0.9999821, -0.005985065, 0.00036592764), (-0.13461895, -0.0006721903, 0.99089724), (-0.99978817, 0.0051610977, 0.019925257), (-0.11327222, 0.06321856, 0.99155074), (-0.08361015, 0.0450861, 0.9954781), (-0.08361015, 0.0450861, 0.9954781), (-0.08746642, 0.167867, 0.9819218), (-0.07043234, -0.031955235, 0.99700457), (-0.07043234, -0.031955235, 0.99700457), (-0.99978817, 0.0051610977, 0.019925257), (-0.08361015, 0.0450861, 0.9954781), (-0.998942, -0.043931577, 0.013595228), (-0.07043234, -0.031955235, 0.99700457), (-0.08746642, 0.167867, 0.9819218), (-0.08746642, 0.167867, 0.9819218), (-0.122292235, 0.34240094, 0.93156123), (-0.99977505, -0.019004192, -0.009423843), (-0.99977505, -0.019004192, -0.009423843), (-0.998942, -0.043931577, 0.013595228), (-0.08746642, 0.167867, 0.9819218), (-0.122292235, 0.34240094, 0.93156123), (-0.13436031, 0.5609553, 0.81687003), (-0.99977505, -0.019004192, -0.009423843), (-0.99942434, 0.027044645, -0.02048219), (-0.99977505, -0.019004192, -0.009423843), (-0.13436031, 0.5609553, 0.81687003), (-0.13436031, 0.5609553, 0.81687003), (-0.14263664, 0.73319554, 0.66489035), (-0.99942434, 0.027044645, -0.02048219), (-0.99999475, 0.0015699539, 0.0028615727), (-0.99942434, 0.027044645, -0.02048219), (-0.14263664, 0.73319554, 0.66489035), (-0.14263664, 0.73319554, 0.66489035), (-0.15024158, 0.86303955, 0.48227623), (-0.99999475, 0.0015699539, 0.0028615727), (-0.15024158, 0.86303955, 0.48227623), (-0.13874573, 0.87282765, 0.4678906), (-0.999796, 0.018258156, -0.008638285), (-0.999796, 0.018258156, -0.008638285), (-0.99999475, 0.0015699539, 0.0028615727), (-0.15024158, 0.86303955, 0.48227623), (-0.060035177, 0.6660496, 0.74348754), (-0.999796, 0.018258156, -0.008638285), (-0.13874573, 0.87282765, 0.4678906), (-0.13874573, 0.87282765, 0.4678906), (-0.13667075, 0.96866786, 0.20737344), (-0.9995657, 0.024709014, -0.016056372), (-0.9995657, 0.024709014, -0.016056372), (-0.060035177, 0.6660496, 0.74348754), (-0.13874573, 0.87282765, 0.4678906), (-0.102448724, 0.97094744, 0.21625313), (-0.9995657, 0.024709014, -0.016056372), (-0.13667075, 0.96866786, 0.20737344), (-0.13667075, 0.96866786, 0.20737344), (-0.1267336, 0.9882029, 0.0859862), (-0.99977046, 0.02046753, -0.006334313), (-0.99977046, 0.02046753, -0.006334313), (-0.102448724, 0.97094744, 0.21625313), (-0.13667075, 0.96866786, 0.20737344), (-0.082726404, 0.9943272, 0.066856675), (-0.99977046, 0.02046753, -0.006334313), (-0.1267336, 0.9882029, 0.0859862), (-0.1267336, 0.9882029, 0.0859862), (-0.16036856, 0.9866224, 0.02929696), (-0.99983436, 0.007969345, 0.016366525), (-0.99983436, 0.007969345, 0.016366525), (-0.082726404, 0.9943272, 0.066856675), (-0.1267336, 0.9882029, 0.0859862), (-0.16036856, 0.9866224, 0.02929696), (-0.1470018, 0.98892546, -0.020418612), (-0.9988487, 0.002473713, 0.04790828), (-0.9988487, 0.002473713, 0.04790828), (-0.99983436, 0.007969345, 0.016366525), (-0.16036856, 0.9866224, 0.02929696), (-0.1470018, 0.98892546, -0.020418612), (-0.14040333, 0.98623323, -0.08735634), (-0.9996946, 0.0054815467, -0.024098238), (-0.9996946, 0.0054815467, -0.024098238), (-0.9988487, 0.002473713, 0.04790828), (-0.1470018, 0.98892546, -0.020418612), (-0.14040333, 0.98623323, -0.08735634), (-0.1380167, 0.978369, -0.15409641), (-0.0008400424, 0.99984765, -0.017434873), (-0.0008400424, 0.99984765, -0.017434873), (-0.9996946, 0.0054815467, -0.024098238), (-0.14040333, 0.98623323, -0.08735634), (-0.1380167, 0.978369, -0.15409641), (-0.11461179, 0.95315695, -0.2799216), (-0.99997354, 0.0011532592, -0.0071868636), (-0.99997354, 0.0011532592, -0.0071868636), (-0.0008400424, 0.99984765, -0.017434873), (-0.1380167, 0.978369, -0.15409641), (-0.08999665, 0.95010704, -0.29865897), (-0.99997354, 0.0011532592, -0.0071868636), (-0.11461179, 0.95315695, -0.2799216), (-0.11461179, 0.95315695, -0.2799216), (-0.124851435, 0.92709845, -0.35341278), (-0.99974453, 0.011323045, -0.019567896), (-0.99974453, 0.011323045, -0.019567896), (-0.08999665, 0.95010704, -0.29865897), (-0.11461179, 0.95315695, -0.2799216), (-0.059677273, 0.9926759, -0.10503885), (-0.99974453, 0.011323045, -0.019567896), (-0.124851435, 0.92709845, -0.35341278), (-0.124851435, 0.92709845, -0.35341278), (-0.1354772, 0.83307976, -0.536306), (-0.9999069, 0.010978353, -0.008101491), (-0.9999069, 0.010978353, -0.008101491), (-0.059677273, 0.9926759, -0.10503885), (-0.124851435, 0.92709845, -0.35341278), (-0.06399587, 0.95729595, -0.28193837), (-0.9999069, 0.010978353, -0.008101491), (-0.1354772, 0.83307976, -0.536306), (-0.1354772, 0.83307976, -0.536306), (-0.13606477, 0.6035268, -0.78564745), (-0.99938965, -0.010839952, -0.033208713), (-0.99938965, -0.010839952, -0.033208713), (-0.06399587, 0.95729595, -0.28193837), (-0.1354772, 0.83307976, -0.536306), (-0.098201565, 0.5996224, -0.79423517), (-0.99938965, -0.010839952, -0.033208713), (-0.13606477, 0.6035268, -0.78564745), (-0.13606477, 0.6035268, -0.78564745), (-0.13869359, 0.42032906, -0.89670926), (-0.9996037, -0.007839486, -0.027039384), (-0.9996037, -0.007839486, -0.027039384), (-0.098201565, 0.5996224, -0.79423517), (-0.13606477, 0.6035268, -0.78564745), (-0.09051228, 0.39178568, -0.91559356), (-0.9996037, -0.007839486, -0.027039384), (-0.13869359, 0.42032906, -0.89670926), (-0.13869359, 0.42032906, -0.89670926), (0.052051563, -0.9933331, -0.10285861), (-0.9923169, 0.123701505, 0.0022544898), (-0.9923169, 0.123701505, 0.0022544898), (-0.09051228, 0.39178568, -0.91559356), (-0.13869359, 0.42032906, -0.89670926), (0.18740694, -0.98129666, -0.04399593), (-0.9923169, 0.123701505, 0.0022544898), (0.052051563, -0.9933331, -0.10285861), (0.052051563, -0.9933331, -0.10285861), (-0.095342025, -0.9818646, -0.16386603), (-0.0008400424, 0.99984765, -0.017434873), (-0.0008400424, 0.99984765, -0.017434873), (0.18740694, -0.98129666, -0.04399593), (0.052051563, -0.9933331, -0.10285861), (-0.095342025, -0.9818646, -0.16386603), (-0.13672158, -0.62167484, 0.7712507), (-0.9998318, 0.0040111393, -0.017897082), (-0.9998318, 0.0040111393, -0.017897082), (-0.0008400424, 0.99984765, -0.017434873), (-0.095342025, -0.9818646, -0.16386603), (-0.13672158, -0.62167484, 0.7712507), (-0.14654835, -0.84921855, 0.5072982), (-0.9997858, 0.003735017, -0.020361451), (-0.9997858, 0.003735017, -0.020361451), (-0.9998318, 0.0040111393, -0.017897082), (-0.13672158, -0.62167484, 0.7712507), (-0.99996156, 0.003876126, -0.007878836), (-0.9997858, 0.003735017, -0.020361451), (-0.14654835, -0.84921855, 0.5072982), (-0.14654835, -0.84921855, 0.5072982), (-0.1396305, -0.96482277, 0.22275676), (-0.99996156, 0.003876126, -0.007878836), (-0.9998846, 0.0047214855, 0.0144417705), (-0.99996156, 0.003876126, -0.007878836), (-0.1396305, -0.96482277, 0.22275676), (-0.1396305, -0.96482277, 0.22275676), (-0.14080709, -0.98798025, 0.06378533), (-0.9998846, 0.0047214855, 0.0144417705), (-0.14080709, -0.98798025, 0.06378533), (-0.15316972, -0.9802439, -0.12514374), (-0.999243, 0.0022494246, 0.038837243), (-0.999243, 0.0022494246, 0.038837243), (-0.9998846, 0.0047214855, 0.0144417705), (-0.14080709, -0.98798025, 0.06378533), (-0.99985605, 0.016259536, -0.004861818), (-0.999243, 0.0022494246, 0.038837243), (-0.15316972, -0.9802439, -0.12514374), (-0.15316972, -0.9802439, -0.12514374), (-0.1354977, -0.93549347, -0.32633173), (-0.99985605, 0.016259536, -0.004861818), (-0.999871, 0.014521487, -0.0068609565), (-0.99985605, 0.016259536, -0.004861818), (-0.1354977, -0.93549347, -0.32633173), (-0.1354977, -0.93549347, -0.32633173), (-0.15091144, -0.70392007, -0.6940621), (-0.999871, 0.014521487, -0.0068609565), (-0.9999581, -0.009065402, -0.0013062992), (-0.999871, 0.014521487, -0.0068609565), (-0.15091144, -0.70392007, -0.6940621), (-0.15091144, -0.70392007, -0.6940621), (-0.14241779, -0.35521927, -0.92387044), (-0.9999581, -0.009065402, -0.0013062992), (-0.9999933, -0.0031287316, 0.0018804547), (-0.9999581, -0.009065402, -0.0013062992), (-0.14241779, -0.35521927, -0.92387044), (-0.14241779, -0.35521927, -0.92387044), (-0.006107945, 0.23595905, -0.9717438), (-0.9999933, -0.0031287316, 0.0018804547), (-0.006107945, 0.23595905, -0.9717438), (-0.13686143, 0.94431746, -0.29922152), (-0.08498366, 0.71467704, -0.6942727), (-0.08498366, 0.71467704, -0.6942727), (-0.9999933, -0.0031287316, 0.0018804547), (-0.006107945, 0.23595905, -0.9717438), (-0.068135716, -0.0034937616, 0.99766994), (-0.13079691, 0.8467193, -0.5157117), (-0.068135716, -0.0034937598, 0.99766994), (-0.068135716, -0.0034937598, 0.99766994), (-0.99991417, 0.00900896, 0.009520352), (-0.068135716, -0.0034937616, 0.99766994), (-0.13079691, 0.8467193, -0.5157117), (-0.14951006, 0.40902758, -0.90019065), (-0.99987954, 0.009045813, 0.012620303), (-0.99987954, 0.009045813, 0.012620303), (-0.068135716, -0.0034937598, 0.99766994), (-0.13079691, 0.8467193, -0.5157117), (-0.14951006, 0.40902758, -0.90019065), (-0.0008400424, 0.99984765, -0.017434873), (-0.9999998, 0.0006784877, -0.0002789468), (-0.9999998, 0.0006784877, -0.0002789468), (-0.99987954, 0.009045813, 0.012620303), (-0.14951006, 0.40902758, -0.90019065), (-0.0008400424, 0.99984765, -0.017434873), (-0.14859812, -0.015941938, -0.98876923), (-0.9999797, -0.0063823564, 0.00033164205), (-0.9999797, -0.0063823564, 0.00033164205), (-0.9999998, 0.0006784877, -0.0002789468), (-0.0008400424, 0.99984765, -0.017434873), (-0.14859812, -0.015941938, -0.98876923), (-0.0008400424, 0.99984765, -0.017434873), (-0.14859812, -0.015941938, -0.98876923), (-0.14859812, -0.015941938, -0.98876923), (-0.9999797, -0.0063823564, 0.00033164205), (-0.14859812, -0.015941938, -0.98876923), (-0.0008400424, 0.99984765, -0.017434873), (-0.12045097, -0.012223177, -0.992644), (-0.99987745, -0.007952888, -0.013490855), (-0.99987745, -0.007952888, -0.013490855), (-0.14859812, -0.015941938, -0.98876923), (-0.0008400424, 0.99984765, -0.017434873), (-0.12045097, -0.012223177, -0.992644), (-0.096684314, -0.0046276837, -0.9953043), (-0.12119097, -0.02019859, -0.99242365), (-0.12119097, -0.02019859, -0.99242365), (-0.99987745, -0.007952888, -0.013490855), (-0.12045097, -0.012223177, -0.992644), (-0.99976104, 0.00050065806, -0.021853212), (-0.12119097, -0.02019859, -0.99242365), (-0.096684314, -0.0046276837, -0.9953043), (-0.096684314, -0.0046276837, -0.9953043), (-0.08612128, -0.029557442, -0.9958462), (-0.074082226, 0.12036446, -0.9899618), (-0.074082226, 0.12036446, -0.9899618), (-0.99976104, 0.00050065806, -0.021853212), (-0.096684314, -0.0046276837, -0.9953043), (-0.99910426, 0.03956945, -0.014995883), (-0.074082226, 0.12036446, -0.9899618), (-0.08612128, -0.029557442, -0.9958462), (-0.08612128, -0.029557442, -0.9958462), (-0.12684128, -0.13019252, -0.98334193), (-0.99992543, 0.012092916, -0.0017270398), (-0.99992543, 0.012092916, -0.0017270398), (-0.99910426, 0.03956945, -0.014995883), (-0.08612128, -0.029557442, -0.9958462), (-0.12684128, -0.13019252, -0.98334193), (-0.1408091, -0.25025114, -0.9578868), (-0.9999708, -0.007161916, -0.0026793666), (-0.9999708, -0.007161916, -0.0026793666), (-0.99992543, 0.012092916, -0.0017270398), (-0.12684128, -0.13019252, -0.98334193), (-0.1408091, -0.25025114, -0.9578868), (-0.1390008, -0.4450575, -0.8846483), (-0.9999947, -0.0031158575, -0.0009963784), (-0.9999947, -0.0031158575, -0.0009963784), (-0.9999708, -0.007161916, -0.0026793666), (-0.1408091, -0.25025114, -0.9578868), (-0.9995096, -0.029193545, 0.0113325855), (-0.9999947, -0.0031158575, -0.0009963784), (-0.1390008, -0.4450575, -0.8846483), (-0.1390008, -0.4450575, -0.8846483), (-0.12017813, -0.59593034, -0.79399264), (-0.9995096, -0.029193545, 0.0113325855), (-0.08143368, -0.36173272, -0.9287185), (-0.9995096, -0.029193545, 0.0113325855), (-0.12017813, -0.59593034, -0.79399264), (-0.12017813, -0.59593034, -0.79399264), (-0.15073678, -0.8662548, -0.47632042), (-0.99985975, -0.00300324, -0.016478766), (-0.99985975, -0.00300324, -0.016478766), (-0.08143368, -0.36173272, -0.9287185), (-0.12017813, -0.59593034, -0.79399264), (-0.15073678, -0.8662548, -0.47632042), (-0.14260544, -0.94483906, -0.29486075), (-0.9995133, 0.015936809, -0.026819305), (-0.9995133, 0.015936809, -0.026819305), (-0.99985975, -0.00300324, -0.016478766), (-0.15073678, -0.8662548, -0.47632042), (-0.14260544, -0.94483906, -0.29486075), (-0.13958755, -0.98332167, -0.11659262), (-0.99950415, -0.011620891, 0.029267197), (-0.99950415, -0.011620891, 0.029267197), (-0.9995133, 0.015936809, -0.026819305), (-0.14260544, -0.94483906, -0.29486075), (-0.13958755, -0.98332167, -0.11659262), (-0.08622549, -0.99103826, -0.1020217), (-0.9992613, -0.02096892, 0.032206327), (-0.9992613, -0.02096892, 0.032206327), (-0.99950415, -0.011620891, 0.029267197), (-0.13958755, -0.98332167, -0.11659262), (-0.08622549, -0.99103826, -0.1020217), (-0.040174313, -0.99919236, -0.00076673966), (-0.05633768, -0.9919019, -0.11382823), (-0.05633768, -0.9919019, -0.11382823), (-0.9992613, -0.02096892, 0.032206327), (-0.08622549, -0.99103826, -0.1020217), (-0.9998883, -0.009102653, 0.011858837), (-0.05633768, -0.9919019, -0.11382823), (-0.040174313, -0.99919236, -0.00076673966), (-0.040174313, -0.99919236, -0.00076673966), (-0.041085597, -0.9944924, 0.09641977), (-0.06777155, -0.9972836, -0.028853813), (-0.06777155, -0.9972836, -0.028853813), (-0.9998883, -0.009102653, 0.011858837), (-0.040174313, -0.99919236, -0.00076673966), (-0.9999434, 0.010411735, -0.002235578), (-0.06777155, -0.9972836, -0.028853813), (-0.041085597, -0.9944924, 0.09641977), (-0.041085597, -0.9944924, 0.09641977), (-0.05500253, -0.90805686, 0.41522002), (-0.07300212, -0.9647898, 0.25268826), (-0.07300212, -0.9647898, 0.25268826), (-0.9999434, 0.010411735, -0.002235578), (-0.041085597, -0.9944924, 0.09641977), (-0.9999753, 0.002256709, 0.0066540698), (-0.07300212, -0.9647898, 0.25268826), (-0.05500253, -0.90805686, 0.41522002), (-0.05500253, -0.90805686, 0.41522002), (-0.030860225, 0.110599265, 0.99338585), (-0.9999753, 0.002256709, 0.0066540698), (-0.030860225, 0.110599265, 0.99338585), (0.17796785, 0.21621378, 0.9599892), (-0.03086023, 0.11059926, 0.99338585), (-0.03086023, 0.11059926, 0.99338585), (-0.9999753, 0.002256709, 0.0066540698), (-0.030860225, 0.110599265, 0.99338585), (-0.9894223, -0.028608266, -0.14221554), (-0.03086023, 0.11059926, 0.99338585), (0.17796785, 0.21621378, 0.9599892), (0.17796785, 0.21621378, 0.9599892), (-0.1522608, 0.98312795, -0.10137206), (-0.9999616, -0.00078130426, 0.008735617), (-0.9999616, -0.00078130426, 0.008735617), (-0.9894223, -0.028608266, -0.14221554), (0.17796785, 0.21621378, 0.9599892), (-0.999363, -0.018912539, 0.03026499), (-0.9999616, -0.00078130426, 0.008735617), (-0.1522608, 0.98312795, -0.10137206), (-0.1522608, 0.98312795, -0.10137206), (-0.14873043, 0.9407676, 0.30468938), (-0.999363, -0.018912539, 0.03026499), (-0.99996847, -0.0071207704, 0.0035040975), (-0.999363, -0.018912539, 0.03026499), (-0.14873043, 0.9407676, 0.30468938), (-0.14873043, 0.9407676, 0.30468938), (-0.15934949, 0.58806074, 0.7929643), (-0.99996847, -0.0071207704, 0.0035040975), (-0.9999874, 0.0011429487, -0.0048842835), (-0.99996847, -0.0071207704, 0.0035040975), (-0.15934949, 0.58806074, 0.7929643), (-0.15934949, 0.58806074, 0.7929643), (-0.13568129, 0.14397873, 0.98023504), (-0.9999874, 0.0011429487, -0.0048842835), (-0.99868536, 0.047457248, -0.019380197), (-0.9999874, 0.0011429487, -0.0048842835), (-0.13568129, 0.14397873, 0.98023504), (-0.13568129, 0.14397873, 0.98023504), (-0.08309897, 0.07899485, 0.99340546), (-0.99868536, 0.047457248, -0.019380197), (-0.9997098, 0.016706754, -0.017357804), (-0.99868536, 0.047457248, -0.019380197), (-0.08309897, 0.07899485, 0.99340546), (-0.08309897, 0.07899485, 0.99340546), (-0.124387205, 0.03428406, 0.9916413), (-0.02264295, 0.16889529, 0.98537385), (-0.02264295, 0.16889529, 0.98537385), (-0.9997098, 0.016706754, -0.017357804), (-0.08309897, 0.07899485, 0.99340546), (-0.9998046, -0.010446127, -0.01678486), (-0.02264295, 0.16889529, 0.98537385), (-0.124387205, 0.03428406, 0.9916413), (-0.124387205, 0.03428406, 0.9916413), (-0.0008400424, 0.99984765, -0.017434873), (-0.99999195, 0.0011760484, -0.0038485834), (-0.99999195, 0.0011760484, -0.0038485834), (-0.9998046, -0.010446127, -0.01678486), (-0.124387205, 0.03428406, 0.9916413), (-0.0008400424, 0.99984765, -0.017434873), (-0.14544937, 0.017127305, 0.9892175), (-0.99995565, 0.006231451, 0.0070652827), (-0.99995565, 0.006231451, 0.0070652827), (-0.99999195, 0.0011760484, -0.0038485834), (-0.0008400424, 0.99984765, -0.017434873), (-0.14544937, 0.017127305, 0.9892175), (-0.14644858, 0.9890684, -0.017222097), (-0.0008400424, 0.99984765, -0.017434873), (-0.0008400424, 0.99984765, -0.017434873), (-0.99995565, 0.006231451, 0.0070652827), (-0.14544937, 0.017127305, 0.9892175), (-0.14644858, 0.9890684, -0.017222097), (-0.068135716, -0.0034937616, 0.99766994), (-0.99991417, 0.00900896, 0.009520352), (-0.99991417, 0.00900896, 0.009520352), (-0.0008400424, 0.99984765, -0.017434873), (-0.14644858, 0.9890684, -0.017222097), (-0.14407186, -0.0141818235, -0.9894656), (-0.14306743, -0.9895063, 0.020224616), (-0.0008400424, 0.99984765, -0.017434873), (-0.0008400424, 0.99984765, -0.017434873), (-0.99999964, -0.00083698094, 0.00018494448), (-0.14407186, -0.0141818235, -0.9894656), (-0.14306743, -0.9895063, 0.020224616), (-0.14372931, 0.013940949, 0.9895189), (-0.99999964, -0.00083701673, 0.00018494511), (-0.99999964, -0.00083701673, 0.00018494511), (-0.0008400424, 0.99984765, -0.017434873), (-0.14306743, -0.9895063, 0.020224616), (-0.14372931, 0.013940949, 0.9895189), (-0.14473021, 0.98926556, -0.020171236), (-0.0008400424, 0.99984765, -0.017434873), (-0.0008400424, 0.99984765, -0.017434873), (-0.99999964, -0.00083701673, 0.00018494511), (-0.14372931, 0.013940949, 0.9895189), (-0.14473021, 0.98926556, -0.020171236), (-0.14407186, -0.0141818235, -0.9894656), (-0.99999964, -0.00083698094, 0.00018494448), (-0.99999964, -0.00083698094, 0.00018494448), (-0.0008400424, 0.99984765, -0.017434873), (-0.14473021, 0.98926556, -0.020171236), (-0.14405392, -0.016626582, -0.9894301), (-0.1367666, -0.01738592, -0.9904508), (-0.0008400424, 0.99984765, -0.017434873), (-0.0008400424, 0.99984765, -0.017434873), (-0.99999964, -0.0008369855, 0.00018491654), (-0.14405392, -0.016626582, -0.9894301), (-0.1367666, -0.01738592, -0.9904508), (-0.14371549, 0.016385727, 0.98948336), (-0.99999964, -0.00083698577, 0.0001849006), (-0.99999964, -0.00083698577, 0.0001849006), (-0.0008400424, 0.99984765, -0.017434873), (-0.1367666, -0.01738592, -0.9904508), (-0.14371549, 0.016385727, 0.98948336), (-0.13642907, 0.017157234, 0.9905012), (-0.0008400424, 0.99984765, -0.017434873), (-0.0008400424, 0.99984765, -0.017434873), (-0.99999964, -0.00083698577, 0.0001849006), (-0.14371549, 0.016385727, 0.98948336), (-0.13642907, 0.017157234, 0.9905012), (-0.14405392, -0.016626582, -0.9894301), (-0.99999964, -0.0008369855, 0.00018491654), (-0.99999964, -0.0008369855, 0.00018491654), (-0.0008400424, 0.99984765, -0.017434873), (-0.13642907, 0.017157234, 0.9905012), (-0.9995238, 0.019815555, -0.023656856), (-0.011449139, 0.65267104, 0.7575548), (-0.12602575, 0.6029203, 0.78778476), (-0.12602575, 0.6029203, 0.78778476), (-0.13444003, 0.41854632, 0.89818984), (-0.15055448, 0.49924588, 0.8532801), (-0.15055448, 0.49924588, 0.8532801), (-0.9995238, 0.019815555, -0.023656856), (-0.12602575, 0.6029203, 0.78778476), (-0.99982536, -0.017612096, -0.006247461), (-0.15055448, 0.49924588, 0.8532801), (-0.13444003, 0.41854632, 0.89818984), (-0.13444003, 0.41854632, 0.89818984), (-0.13136211, 0.19483745, 0.9719992), (-0.13859324, 0.27737272, 0.9507136), (-0.13859324, 0.27737272, 0.9507136), (-0.99982536, -0.017612096, -0.006247461), (-0.13444003, 0.41854632, 0.89818984), (-0.99984103, -0.016621403, 0.0064538606), (-0.13859324, 0.27737272, 0.9507136), (-0.13136211, 0.19483745, 0.9719992), (-0.13136211, 0.19483745, 0.9719992), (-0.12660635, 0.053533815, 0.9905074), (-0.13296591, 0.091006905, 0.9869335), (-0.13296591, 0.091006905, 0.9869335), (-0.99984103, -0.016621403, 0.0064538606), (-0.13136211, 0.19483745, 0.9719992), (-0.9999761, 0.0054249913, 0.0042866445), (-0.13296591, 0.091006905, 0.9869335), (-0.12660635, 0.053533815, 0.9905074), (-0.12660635, 0.053533815, 0.9905074), (-0.13376625, -0.120052464, 0.9837144), (-0.14453337, -0.04672877, 0.98839605), (-0.14453337, -0.04672877, 0.98839605), (-0.9999761, 0.0054249913, 0.0042866445), (-0.12660635, 0.053533815, 0.9905074), (-0.99996907, 0.0048072706, -0.0062292987), (-0.14453337, -0.04672877, 0.98839605), (-0.13376625, -0.120052464, 0.9837144), (-0.13376625, -0.120052464, 0.9837144), (-0.1244242, -0.2867674, 0.9498859), (-0.13103054, -0.21764809, 0.967192), (-0.13103054, -0.21764809, 0.967192), (-0.99996907, 0.0048072706, -0.0062292987), (-0.13376625, -0.120052464, 0.9837144), (-0.9999836, 0.005070757, -0.0026853683), (-0.13103054, -0.21764809, 0.967192), (-0.1244242, -0.2867674, 0.9498859), (-0.1244242, -0.2867674, 0.9498859), (-0.08124159, -0.45899612, 0.884716), (-0.13966243, -0.4174551, 0.89790076), (-0.13966243, -0.4174551, 0.89790076), (-0.9999836, 0.005070757, -0.0026853683), (-0.1244242, -0.2867674, 0.9498859), (-0.99996006, -0.00020680412, -0.008947293), (-0.13966243, -0.4174551, 0.89790076), (-0.08124159, -0.45899612, 0.884716), (-0.08124159, -0.45899612, 0.884716), (-0.027133672, -0.60300994, 0.7972722), (-0.033641145, -0.49069983, 0.87067914), (-0.033641145, -0.49069983, 0.87067914), (-0.99996006, -0.00020680412, -0.008947293), (-0.08124159, -0.45899612, 0.884716), (-0.9993153, -0.0030397142, -0.036874913), (-0.033641145, -0.49069983, 0.87067914), (-0.027133672, -0.60300994, 0.7972722), (-0.027133672, -0.60300994, 0.7972722), (-0.023850221, -0.7839168, 0.62040776), (-0.08539555, -0.8059141, 0.58584136), (-0.08539555, -0.8059141, 0.58584136), (-0.9993153, -0.0030397142, -0.036874913), (-0.027133672, -0.60300994, 0.7972722), (-0.99898434, 0.04069858, -0.019337608), (-0.08539555, -0.8059141, 0.58584136), (-0.023850221, -0.7839168, 0.62040776), (-0.023850221, -0.7839168, 0.62040776), (-0.024024706, -0.91362953, 0.40583742), (-0.02873769, -0.85227215, 0.5223088), (-0.02873769, -0.85227215, 0.5223088), (-0.99898434, 0.04069858, -0.019337608), (-0.023850221, -0.7839168, 0.62040776), (-0.99961746, 0.027497405, 0.0029951183), (-0.02873769, -0.85227215, 0.5223088), (-0.024024706, -0.91362953, 0.40583742), (-0.024024706, -0.91362953, 0.40583742), (-0.024666764, -0.98356885, 0.17884088), (-0.030030139, -0.95345104, 0.30004898), (-0.030030139, -0.95345104, 0.30004898), (-0.99961746, 0.027497405, 0.0029951183), (-0.024024706, -0.91362953, 0.40583742), (-0.9998487, 0.0041161072, -0.01690417), (-0.030030139, -0.95345104, 0.30004898), (-0.024666764, -0.98356885, 0.17884088), (-0.024666764, -0.98356885, 0.17884088), (-0.024560874, -0.9984179, -0.05058029), (-0.029030355, -0.9967166, 0.07558535), (-0.029030355, -0.9967166, 0.07558535), (-0.9998487, 0.0041161072, -0.01690417), (-0.024666764, -0.98356885, 0.17884088), (-0.9999175, -0.0043678903, -0.012083092), (-0.029030355, -0.9967166, 0.07558535), (-0.024560874, -0.9984179, -0.05058029), (-0.024560874, -0.9984179, -0.05058029), (-0.024266774, -0.95298994, -0.30202895), (-0.02882108, -0.9845805, -0.17254172), (-0.02882108, -0.9845805, -0.17254172), (-0.9999175, -0.0043678903, -0.012083092), (-0.024560874, -0.9984179, -0.05058029), (-0.9998556, -0.014112714, 0.009470953), (-0.02882108, -0.9845805, -0.17254172), (-0.024266774, -0.95298994, -0.30202895), (-0.024266774, -0.95298994, -0.30202895), (-0.024787199, -0.8481076, -0.52924395), (-0.029574463, -0.90971255, -0.41418397), (-0.029574463, -0.90971255, -0.41418397), (-0.9998556, -0.014112714, 0.009470953), (-0.024266774, -0.95298994, -0.30202895), (-0.9999193, 0.00068298995, -0.012687554), (-0.029574463, -0.90971255, -0.41418397), (-0.024787199, -0.8481076, -0.52924395), (-0.024787199, -0.8481076, -0.52924395), (-0.08157987, -0.6405506, -0.76357037), (-0.031302623, -0.7865011, -0.6167952), (-0.031302623, -0.7865011, -0.6167952), (-0.9999193, 0.00068298995, -0.012687554), (-0.024787199, -0.8481076, -0.52924395), (-0.9999175, -0.009771206, 0.008339693), (-0.031302623, -0.7865011, -0.6167952), (-0.08157987, -0.6405506, -0.76357037), (-0.08157987, -0.6405506, -0.76357037), (-0.12608516, -0.40327594, -0.9063504), (-0.12745968, -0.5086236, -0.85150224), (-0.12745968, -0.5086236, -0.85150224), (-0.9999175, -0.009771206, 0.008339693), (-0.08157987, -0.6405506, -0.76357037), (-0.9995312, -0.030358693, 0.0039726393), (-0.12745968, -0.5086236, -0.85150224), (-0.12608516, -0.40327594, -0.9063504), (-0.12608516, -0.40327594, -0.9063504), (-0.13450436, -0.20165192, -0.9701779), (-0.13814509, -0.30669317, -0.94173), (-0.13814509, -0.30669317, -0.94173), (-0.9995312, -0.030358693, 0.0039726393), (-0.12608516, -0.40327594, -0.9063504), (-0.99972814, -0.0073023466, -0.022145756), (-0.13814509, -0.30669317, -0.94173), (-0.13450436, -0.20165192, -0.9701779), (-0.13450436, -0.20165192, -0.9701779), (-0.12917908, -0.03651902, -0.9909486), (-0.14187565, -0.11823001, -0.9827985), (-0.14187565, -0.11823001, -0.9827985), (-0.99972814, -0.0073023466, -0.022145756), (-0.13450436, -0.20165192, -0.9701779), (-0.9997783, -0.0017212372, -0.020987492), (-0.14187565, -0.11823001, -0.9827985), (-0.12917908, -0.03651902, -0.9909486), (-0.12917908, -0.03651902, -0.9909486), (-0.1284956, 0.099908724, -0.9866647), (-0.13434792, 0.025589442, -0.9906038), (-0.13434792, 0.025589442, -0.9906038), (-0.9997783, -0.0017212372, -0.020987492), (-0.12917908, -0.03651902, -0.9909486), (-0.9997178, 0.008095747, -0.022336565), (-0.13434792, 0.025589442, -0.9906038), (-0.1284956, 0.099908724, -0.9866647), (-0.1284956, 0.099908724, -0.9866647), (-0.1352818, 0.2883266, -0.9479276), (-0.14471695, 0.192312, -0.9706046), (-0.14471695, 0.192312, -0.9706046), (-0.9997178, 0.008095747, -0.022336565), (-0.1284956, 0.099908724, -0.9866647), (-0.9996897, 0.0039344104, -0.024597546), (-0.14471695, 0.192312, -0.9706046), (-0.1352818, 0.2883266, -0.9479276), (-0.1352818, 0.2883266, -0.9479276), (-0.10713798, 0.54520106, -0.831431), (-0.14437024, 0.3904713, -0.90922457), (-0.14437024, 0.3904713, -0.90922457), (-0.9996897, 0.0039344104, -0.024597546), (-0.1352818, 0.2883266, -0.9479276), (-0.99965537, 0.02035068, -0.016588094), (-0.14437024, 0.3904713, -0.90922457), (-0.10713798, 0.54520106, -0.831431), (-0.10713798, 0.54520106, -0.831431), (-0.05876694, 0.7738481, -0.6306391), (-0.08658171, 0.714989, -0.69375384), (-0.08658171, 0.714989, -0.69375384), (-0.99965537, 0.02035068, -0.016588094), (-0.10713798, 0.54520106, -0.831431), (-0.99955416, 0.029138504, 0.0065167556), (-0.08658171, 0.714989, -0.69375384), (-0.05876694, 0.7738481, -0.6306391), (-0.05876694, 0.7738481, -0.6306391), (-0.059283193, 0.90809166, -0.41455412), (-0.0828575, 0.86188513, -0.5002886), (-0.0828575, 0.86188513, -0.5002886), (-0.99955416, 0.029138504, 0.0065167556), (-0.05876694, 0.7738481, -0.6306391), (-0.9999712, 0.0022345781, -0.007262246), (-0.0828575, 0.86188513, -0.5002886), (-0.059283193, 0.90809166, -0.41455412), (-0.059283193, 0.90809166, -0.41455412), (-0.05920014, 0.9829742, -0.17394619), (-0.0830297, 0.9607333, -0.26475966), (-0.0830297, 0.9607333, -0.26475966), (-0.9999712, 0.0022345781, -0.007262246), (-0.059283193, 0.90809166, -0.41455412), (-0.9999726, 0.006623517, -0.0033300011), (-0.0830297, 0.9607333, -0.26475966), (-0.05920014, 0.9829742, -0.17394619), (-0.05920014, 0.9829742, -0.17394619), (-0.06050806, 0.9961955, 0.06271591), (-0.08133045, 0.99644905, -0.021784788), (-0.08133045, 0.99644905, -0.021784788), (-0.9999726, 0.006623517, -0.0033300011), (-0.05920014, 0.9829742, -0.17394619), (-0.9998481, 0.017318431, 0.001990164), (-0.08133045, 0.99644905, -0.021784788), (-0.06050806, 0.9961955, 0.06271591), (-0.06050806, 0.9961955, 0.06271591), (-0.05585677, 0.9570164, 0.28460458), (-0.08417705, 0.97448325, 0.20807879), (-0.08417705, 0.97448325, 0.20807879), (-0.9998481, 0.017318431, 0.001990164), (-0.06050806, 0.9961955, 0.06271591), (-0.9998078, -0.00977315, -0.017001327), (-0.08417705, 0.97448325, 0.20807879), (-0.05585677, 0.9570164, 0.28460458), (-0.05585677, 0.9570164, 0.28460458), (-0.055784736, 0.86058617, 0.5062406), (-0.078876115, 0.90003735, 0.42861557), (-0.078876115, 0.90003735, 0.42861557), (-0.9998078, -0.00977315, -0.017001327), (-0.05585677, 0.9570164, 0.28460458), (-0.99981207, -0.018206267, -0.0066577396), (-0.078876115, 0.90003735, 0.42861557), (-0.055784736, 0.86058617, 0.5062406), (-0.055784736, 0.86058617, 0.5062406), (-0.08766763, 0.8792248, 0.4682717), (-0.06107647, 0.8636082, 0.5004505), (-0.06107647, 0.8636082, 0.5004505), (-0.99981207, -0.018206267, -0.0066577396), (-0.055784736, 0.86058617, 0.5062406), (-0.08766763, 0.8792248, 0.4682717), (-0.12602575, 0.6029203, 0.78778476), (-0.9998179, -0.010567155, -0.01589062), (-0.9998179, -0.010567155, -0.01589062), (-0.06107647, 0.8636082, 0.5004505), (-0.08766763, 0.8792248, 0.4682717), (-0.011449139, 0.65267104, 0.7575548), (-0.9998179, -0.010567155, -0.01589062), (-0.12602575, 0.6029203, 0.78778476), (-0.06154061, -0.5582421, -0.82739264), (-0.99989295, -0.010903737, -0.009757245), (-0.10604318, -0.52444243, -0.8448165), (-0.10604318, -0.52444243, -0.8448165), (-0.13556981, -0.66114193, -0.73791075), (-0.99941754, 0.030436171, -0.01543592), (-0.99941754, 0.030436171, -0.01543592), (-0.06154061, -0.5582421, -0.82739264), (-0.10604318, -0.52444243, -0.8448165), (-0.09104718, -0.7003206, -0.7079983), (-0.99941754, 0.030436171, -0.01543592), (-0.13556981, -0.66114193, -0.73791075), (-0.13556981, -0.66114193, -0.73791075), (-0.13105726, -0.80100524, -0.5841359), (-0.9997444, 0.010387965, -0.020081842), (-0.9997444, 0.010387965, -0.020081842), (-0.09104718, -0.7003206, -0.7079983), (-0.13556981, -0.66114193, -0.73791075), (-0.08551808, -0.83328557, -0.54618853), (-0.9997444, 0.010387965, -0.020081842), (-0.13105726, -0.80100524, -0.5841359), (-0.13105726, -0.80100524, -0.5841359), (-0.1370325, -0.883224, -0.44848347), (-0.99938405, -0.035016146, -0.0023457706), (-0.99938405, -0.035016146, -0.0023457706), (-0.08551808, -0.83328557, -0.54618853), (-0.13105726, -0.80100524, -0.5841359), (-0.08929647, -0.9044764, -0.41707143), (-0.99938405, -0.035016146, -0.0023457706), (-0.1370325, -0.883224, -0.44848347), (-0.1370325, -0.883224, -0.44848347), (-0.13548191, -0.9353772, -0.32667148), (-0.99966174, -0.022769624, -0.012572816), (-0.99966174, -0.022769624, -0.012572816), (-0.08929647, -0.9044764, -0.41707143), (-0.1370325, -0.883224, -0.44848347), (-0.09263438, -0.9471594, -0.30709633), (-0.99966174, -0.022769624, -0.012572816), (-0.13548191, -0.9353772, -0.32667148), (-0.13548191, -0.9353772, -0.32667148), (-0.13299376, -0.97270375, -0.19015801), (-0.9998871, -0.015027368, -0.00027981002), (-0.9998871, -0.015027368, -0.00027981002), (-0.09263438, -0.9471594, -0.30709633), (-0.13548191, -0.9353772, -0.32667148), (-0.087796114, -0.98448026, -0.1519558), (-0.9998871, -0.015027368, -0.00027981002), (-0.13299376, -0.97270375, -0.19015801), (-0.13299376, -0.97270375, -0.19015801), (-0.13375725, -0.9865003, -0.094478674), (-0.99919206, -0.018852586, -0.035494693), (-0.99919206, -0.018852586, -0.035494693), (-0.087796114, -0.98448026, -0.1519558), (-0.13299376, -0.97270375, -0.19015801), (-0.10037135, -0.99085915, -0.0901319), (-0.99919206, -0.018852586, -0.035494693), (-0.13375725, -0.9865003, -0.094478674), (-0.13375725, -0.9865003, -0.094478674), (-0.13173577, -0.9909362, 0.026292857), (-0.99916244, 0.0056436122, -0.040528573), (-0.99916244, 0.0056436122, -0.040528573), (-0.10037135, -0.99085915, -0.0901319), (-0.13375725, -0.9865003, -0.094478674), (-0.13173577, -0.9909362, 0.026292857), (-0.13260368, -0.98000735, 0.1483302), (-0.9997914, 0.016513284, -0.012023162), (-0.9997914, 0.016513284, -0.012023162), (-0.99916244, 0.0056436122, -0.040528573), (-0.13173577, -0.9909362, 0.026292857), (-0.13260368, -0.98000735, 0.1483302), (-0.14872265, -0.9600662, 0.23696928), (-0.9997879, 0.017502815, 0.010855941), (-0.9997879, 0.017502815, 0.010855941), (-0.9997914, 0.016513284, -0.012023162), (-0.13260368, -0.98000735, 0.1483302), (-0.14872265, -0.9600662, 0.23696928), (-0.14500085, -0.92535806, 0.35026765), (-0.9999932, 0.00255597, -0.0026441426), (-0.9999932, 0.00255597, -0.0026441426), (-0.9997879, 0.017502815, 0.010855941), (-0.14872265, -0.9600662, 0.23696928), (-0.14500085, -0.92535806, 0.35026765), (-0.14196797, -0.8795343, 0.4541635), (-0.9998539, -0.009333348, -0.014328233), (-0.9998539, -0.009333348, -0.014328233), (-0.9999932, 0.00255597, -0.0026441426), (-0.14500085, -0.92535806, 0.35026765), (-0.14196797, -0.8795343, 0.4541635), (-0.13381095, -0.819037, 0.55791855), (-0.99991995, 0.012515194, -0.0018767643), (-0.99991995, 0.012515194, -0.0018767643), (-0.9998539, -0.009333348, -0.014328233), (-0.14196797, -0.8795343, 0.4541635), (-0.13381095, -0.819037, 0.55791855), (-0.12943466, -0.7461163, 0.6531136), (-0.99986976, 0.015652582, -0.0039551295), (-0.99986976, 0.015652582, -0.0039551295), (-0.99991995, 0.012515194, -0.0018767643), (-0.13381095, -0.819037, 0.55791855), (-0.12943466, -0.7461163, 0.6531136), (-0.12947159, -0.6689373, 0.7319563), (-0.9996239, 0.02692368, -0.005228032), (-0.9996239, 0.02692368, -0.005228032), (-0.99986976, 0.015652582, -0.0039551295), (-0.12943466, -0.7461163, 0.6531136), (-0.12947159, -0.6689373, 0.7319563), (-0.13176027, -0.5792399, 0.804438), (-0.99962205, 0.009407753, -0.025832072), (-0.99962205, 0.009407753, -0.025832072), (-0.9996239, 0.02692368, -0.005228032), (-0.12947159, -0.6689373, 0.7319563), (-0.13176027, -0.5792399, 0.804438), (-0.1426437, -0.47434562, 0.8687054), (-0.9995606, 0.008593126, -0.028371913), (-0.9995606, 0.008593126, -0.028371913), (-0.99962205, 0.009407753, -0.025832072), (-0.13176027, -0.5792399, 0.804438), (-0.1426437, -0.47434562, 0.8687054), (-0.15207653, -0.38450256, 0.9105112), (-0.99940115, 0.02671252, -0.021995088), (-0.99940115, 0.02671252, -0.021995088), (-0.9995606, 0.008593126, -0.028371913), (-0.1426437, -0.47434562, 0.8687054), (-0.15207653, -0.38450256, 0.9105112), (-0.1423358, -0.27592665, 0.95058143), (-0.9997718, 0.0058767307, -0.020542031), (-0.9997718, 0.0058767307, -0.020542031), (-0.99940115, 0.02671252, -0.021995088), (-0.15207653, -0.38450256, 0.9105112), (-0.1423358, -0.27592665, 0.95058143), (-0.14138567, -0.15609117, 0.97757137), (-0.99968064, -0.00786471, -0.02401546), (-0.99968064, -0.00786471, -0.02401546), (-0.9997718, 0.0058767307, -0.020542031), (-0.1423358, -0.27592665, 0.95058143), (-0.14138567, -0.15609117, 0.97757137), (-0.14924216, -0.06523569, 0.9866464), (-0.99964416, 0.016019339, -0.021331567), (-0.99964416, 0.016019339, -0.021331567), (-0.99968064, -0.00786471, -0.02401546), (-0.14138567, -0.15609117, 0.97757137), (-0.14924216, -0.06523569, 0.9866464), (-0.1456006, 0.0322581, 0.9888175), (-0.99973434, 0.00983095, -0.020849936), (-0.99973434, 0.00983095, -0.020849936), (-0.99964416, 0.016019339, -0.021331567), (-0.14924216, -0.06523569, 0.9866464), (-0.1456006, 0.0322581, 0.9888175), (-0.14051136, 0.12044473, 0.9827256), (-0.9997616, -0.011258803, -0.018708354), (-0.9997616, -0.011258803, -0.018708354), (-0.99973434, 0.00983095, -0.020849936), (-0.1456006, 0.0322581, 0.9888175), (-0.14051136, 0.12044473, 0.9827256), (-0.13724327, 0.24415322, 0.9599758), (-0.99970156, -0.010253509, -0.022178024), (-0.99970156, -0.010253509, -0.022178024), (-0.9997616, -0.011258803, -0.018708354), (-0.14051136, 0.12044473, 0.9827256), (-0.13724327, 0.24415322, 0.9599758), (-0.14967927, 0.33546704, 0.930085), (-0.999627, -0.0010615595, -0.027290368), (-0.999627, -0.0010615595, -0.027290368), (-0.99970156, -0.010253509, -0.022178024), (-0.13724327, 0.24415322, 0.9599758), (-0.14967927, 0.33546704, 0.930085), (-0.14604822, 0.4451598, 0.88346064), (-0.9997972, -0.009054989, -0.017992396), (-0.9997972, -0.009054989, -0.017992396), (-0.999627, -0.0010615595, -0.027290368), (-0.14967927, 0.33546704, 0.930085), (-0.14604822, 0.4451598, 0.88346064), (-0.14614308, 0.546325, 0.8247249), (-0.9998502, -0.009952589, -0.014165133), (-0.9998502, -0.009952589, -0.014165133), (-0.9997972, -0.009054989, -0.017992396), (-0.14604822, 0.4451598, 0.88346064), (-0.14614308, 0.546325, 0.8247249), (-0.14621986, 0.6382891, 0.7557823), (-0.99940693, -0.029784745, 0.017282054), (-0.99940693, -0.029784745, 0.017282054), (-0.9998502, -0.009952589, -0.014165133), (-0.14614308, 0.546325, 0.8247249), (-0.14621986, 0.6382891, 0.7557823), (-0.14323089, 0.7159682, 0.68328214), (-0.9999328, 0.0075744325, -0.008779172), (-0.9999328, 0.0075744325, -0.008779172), (-0.99940693, -0.029784745, 0.017282054), (-0.14621986, 0.6382891, 0.7557823), (-0.14323089, 0.7159682, 0.68328214), (-0.14033613, 0.79621786, 0.58850914), (-0.99981725, -0.015486535, -0.011206019), (-0.99981725, -0.015486535, -0.011206019), (-0.9999328, 0.0075744325, -0.008779172), (-0.14323089, 0.7159682, 0.68328214), (-0.14033613, 0.79621786, 0.58850914), (-0.146478, 0.8577838, 0.49269795), (-0.9999616, -0.00607712, -0.0063079894), (-0.9999616, -0.00607712, -0.0063079894), (-0.99981725, -0.015486535, -0.011206019), (-0.14033613, 0.79621786, 0.58850914), (-0.146478, 0.8577838, 0.49269795), (-0.14346598, 0.90946364, 0.39024797), (-0.9998381, -0.0118361395, 0.013553992), (-0.9998381, -0.0118361395, 0.013553992), (-0.9999616, -0.00607712, -0.0063079894), (-0.146478, 0.8577838, 0.49269795), (-0.14346598, 0.90946364, 0.39024797), (-0.14056066, 0.9524705, 0.27026418), (-0.9999487, -0.009762251, -0.0027075785), (-0.9999487, -0.009762251, -0.0027075785), (-0.9998381, -0.0118361395, 0.013553992), (-0.14346598, 0.90946364, 0.39024797), (-0.14056066, 0.9524705, 0.27026418), (-0.14127028, 0.9744532, 0.17459592), (-0.9999752, -0.0047164555, -0.0052309893), (-0.9999752, -0.0047164555, -0.0052309893), (-0.9999487, -0.009762251, -0.0027075785), (-0.14056066, 0.9524705, 0.27026418), (-0.14127028, 0.9744532, 0.17459592), (-0.11918002, 0.99114263, 0.058586944), (-0.9994381, -0.0014680222, -0.03348859), (-0.9994381, -0.0014680222, -0.03348859), (-0.9999752, -0.0047164555, -0.0052309893), (-0.14127028, 0.9744532, 0.17459592), (-0.11918002, 0.99114263, 0.058586944), (-0.118344575, 0.99147373, -0.054539133), (-0.1207746, 0.9925526, -0.015900414), (-0.1207746, 0.9925526, -0.015900414), (-0.9994381, -0.0014680222, -0.03348859), (-0.11918002, 0.99114263, 0.058586944), (-0.9995111, 0.018399993, -0.025277909), (-0.1207746, 0.9925526, -0.015900414), (-0.118344575, 0.99147373, -0.054539133), (-0.118344575, 0.99147373, -0.054539133), (-0.1120333, 0.9747363, -0.19322982), (-0.12628445, 0.98425454, -0.123674124), (-0.12628445, 0.98425454, -0.123674124), (-0.9995111, 0.018399993, -0.025277909), (-0.118344575, 0.99147373, -0.054539133), (-0.9995733, 0.029025095, 0.0032956672), (-0.12628445, 0.98425454, -0.123674124), (-0.1120333, 0.9747363, -0.19322982), (-0.1120333, 0.9747363, -0.19322982), (-0.11267833, 0.9362533, -0.3327663), (-0.12621877, 0.9562868, -0.26378876), (-0.12621877, 0.9562868, -0.26378876), (-0.9995733, 0.029025095, 0.0032956672), (-0.1120333, 0.9747363, -0.19322982), (-0.99969465, 0.02318074, -0.008557158), (-0.12621877, 0.9562868, -0.26378876), (-0.11267833, 0.9362533, -0.3327663), (-0.11267833, 0.9362533, -0.3327663), (-0.11144092, 0.8756793, -0.46985832), (-0.1268462, 0.9085017, -0.39816418), (-0.1268462, 0.9085017, -0.39816418), (-0.99969465, 0.02318074, -0.008557158), (-0.11267833, 0.9362533, -0.3327663), (-0.999633, 0.016442187, -0.021531684), (-0.1268462, 0.9085017, -0.39816418), (-0.11144092, 0.8756793, -0.46985832), (-0.11144092, 0.8756793, -0.46985832), (-0.1105826, 0.7882468, -0.6053417), (-0.12518255, 0.83549714, -0.53504586), (-0.12518255, 0.83549714, -0.53504586), (-0.999633, 0.016442187, -0.021531684), (-0.11144092, 0.8756793, -0.46985832), (-0.99962467, -0.007166607, -0.026443375), (-0.12518255, 0.83549714, -0.53504586), (-0.1105826, 0.7882468, -0.6053417), (-0.1105826, 0.7882468, -0.6053417), (-0.11048531, 0.6730306, -0.7313158), (-0.12473072, 0.7331968, -0.66847944), (-0.12473072, 0.7331968, -0.66847944), (-0.99962467, -0.007166607, -0.026443375), (-0.1105826, 0.7882468, -0.6053417), (-0.99997175, 0.005390578, 0.0052572535), (-0.12473072, 0.7331968, -0.66847944), (-0.11048531, 0.6730306, -0.7313158), (-0.11048531, 0.6730306, -0.7313158), (-0.11204875, 0.54102933, -0.8335062), (-0.124885045, 0.6059172, -0.7856642), (-0.124885045, 0.6059172, -0.7856642), (-0.99997175, 0.005390578, 0.0052572535), (-0.11048531, 0.6730306, -0.7313158), (-0.99995786, 0.008388673, 0.0037496916), (-0.124885045, 0.6059172, -0.7856642), (-0.11204875, 0.54102933, -0.8335062), (-0.11204875, 0.54102933, -0.8335062), (-0.116509125, 0.4073976, -0.9057885), (-0.12637283, 0.47561038, -0.87053126), (-0.12637283, 0.47561038, -0.87053126), (-0.99995786, 0.008388673, 0.0037496916), (-0.11204875, 0.54102933, -0.8335062), (-0.99994487, -0.0024270797, -0.010217412), (-0.12637283, 0.47561038, -0.87053126), (-0.116509125, 0.4073976, -0.9057885), (-0.116509125, 0.4073976, -0.9057885), (-0.11787188, 0.29119363, -0.94937485), (-0.13378741, 0.34985936, -0.9271997), (-0.13378741, 0.34985936, -0.9271997), (-0.99994487, -0.0024270797, -0.010217412), (-0.116509125, 0.4073976, -0.9057885), (-0.9999373, 0.009331255, -0.0061875004), (-0.13378741, 0.34985936, -0.9271997), (-0.11787188, 0.29119363, -0.94937485), (-0.11787188, 0.29119363, -0.94937485), (-0.10769374, 0.14865285, -0.98300785), (-0.12421304, 0.22791724, -0.96572506), (-0.12421304, 0.22791724, -0.96572506), (-0.9999373, 0.009331255, -0.0061875004), (-0.11787188, 0.29119363, -0.94937485), (-0.9999547, 0.009199164, -0.0024442172), (-0.12421304, 0.22791724, -0.96572506), (-0.10769374, 0.14865285, -0.98300785), (-0.10769374, 0.14865285, -0.98300785), (-0.1268673, -0.0042400947, -0.99191064), (-0.11923771, 0.07523617, -0.99001116), (-0.11923771, 0.07523617, -0.99001116), (-0.9999547, 0.009199164, -0.0024442172), (-0.10769374, 0.14865285, -0.98300785), (-0.99956197, 0.029570654, 0.0012479076), (-0.11923771, 0.07523617, -0.99001116), (-0.1268673, -0.0042400947, -0.99191064), (-0.1268673, -0.0042400947, -0.99191064), (-0.12394458, -0.057333596, -0.99063146), (-0.9998193, -0.014572315, 0.0122166835), (-0.9998193, -0.014572315, 0.0122166835), (-0.99956197, 0.029570654, 0.0012479076), (-0.1268673, -0.0042400947, -0.99191064), (-0.12394458, -0.057333596, -0.99063146), (-0.11391668, -0.19466722, -0.97423184), (-0.11726462, -0.13319694, -0.9841278), (-0.11726462, -0.13319694, -0.9841278), (-0.9998193, -0.014572315, 0.0122166835), (-0.12394458, -0.057333596, -0.99063146), (-0.99946284, -0.030948667, 0.010786042), (-0.11726462, -0.13319694, -0.9841278), (-0.11391668, -0.19466722, -0.97423184), (-0.11391668, -0.19466722, -0.97423184), (-0.10734262, -0.3239064, -0.9399799), (-0.12659396, -0.25014344, -0.959897), (-0.12659396, -0.25014344, -0.959897), (-0.99946284, -0.030948667, 0.010786042), (-0.11391668, -0.19466722, -0.97423184), (-0.99993896, -0.010804435, -0.0023134048), (-0.12659396, -0.25014344, -0.959897), (-0.10734262, -0.3239064, -0.9399799), (-0.10734262, -0.3239064, -0.9399799), (-0.10604318, -0.52444243, -0.8448165), (-0.11911131, -0.41091347, -0.90385985), (-0.11911131, -0.41091347, -0.90385985), (-0.99993896, -0.010804435, -0.0023134048), (-0.10734262, -0.3239064, -0.9399799), (-0.99989295, -0.010903737, -0.009757245), (-0.11911131, -0.41091347, -0.90385985), (-0.10604318, -0.52444243, -0.8448165), (-0.0008400424, 0.99984765, -0.017434873), (-0.071943365, 0.004837437, 0.99739707), (-0.99998933, 0.0028781819, 0.0036113644), (-0.99998933, 0.0028781819, 0.0036113644), (-0.99998957, 0.0028985185, 0.003553642), (-0.0008400424, 0.99984765, -0.017434873), (-0.071943365, 0.004837437, 0.99739707), (-0.008494214, -0.0025360214, 0.9999607), (-0.071943365, 0.004837439, 0.99739707), (-0.071943365, 0.004837439, 0.99739707), (-0.99998933, 0.0028781819, 0.0036113644), (-0.071943365, 0.004837437, 0.99739707), (-0.9997714, -0.0002556504, -0.021380814), (-0.071943365, 0.004837439, 0.99739707), (-0.008494214, -0.0025360214, 0.9999607), (-0.008494214, -0.0025360214, 0.9999607), (-0.095979065, 0.06668775, 0.9931469), (-0.07343268, -0.13370405, 0.98829705), (-0.07343268, -0.13370405, 0.98829705), (-0.9997714, -0.0002556504, -0.021380814), (-0.008494214, -0.0025360214, 0.9999607), (-0.9998118, -0.019154146, 0.0031005302), (-0.07343268, -0.13370405, 0.98829705), (-0.095979065, 0.06668775, 0.9931469), (-0.095979065, 0.06668775, 0.9931469), (-0.12838182, 0.16883834, 0.97724706), (-0.9999034, -0.005718445, -0.012668061), (-0.9999034, -0.005718445, -0.012668061), (-0.9998118, -0.019154146, 0.0031005302), (-0.095979065, 0.06668775, 0.9931469), (-0.12838182, 0.16883834, 0.97724706), (-0.12804875, 0.3207672, 0.93846256), (-0.9999997, 0.0006834947, -0.0005948189), (-0.9999997, 0.0006834947, -0.0005948189), (-0.9999034, -0.005718445, -0.012668061), (-0.12838182, 0.16883834, 0.97724706), (-0.12804875, 0.3207672, 0.93846256), (-0.142032, 0.48225954, 0.8644379), (-0.9999122, -0.011342069, 0.006855424), (-0.9999122, -0.011342069, 0.006855424), (-0.9999997, 0.0006834947, -0.0005948189), (-0.12804875, 0.3207672, 0.93846256), (-0.142032, 0.48225954, 0.8644379), (-0.14373946, 0.64357305, 0.7517665), (-0.99999416, -0.0023640154, 0.0024725413), (-0.99999416, -0.0023640154, 0.0024725413), (-0.9999122, -0.011342069, 0.006855424), (-0.142032, 0.48225954, 0.8644379), (-0.14373946, 0.64357305, 0.7517665), (-0.13491765, 0.8046364, 0.5782365), (-0.9999954, -0.0016514009, 0.0025711618), (-0.9999954, -0.0016514009, 0.0025711618), (-0.99999416, -0.0023640154, 0.0024725413), (-0.14373946, 0.64357305, 0.7517665), (-0.13491765, 0.8046364, 0.5782365), (-0.14002307, 0.8981688, 0.41675693), (-0.99997663, 0.0012187661, -0.006734454), (-0.99997663, 0.0012187661, -0.006734454), (-0.9999954, -0.0016514009, 0.0025711618), (-0.13491765, 0.8046364, 0.5782365), (-0.14002307, 0.8981688, 0.41675693), (-0.14075927, 0.9412041, 0.30711868), (-0.9997029, 0.0096872365, -0.022372544), (-0.9997029, 0.0096872365, -0.022372544), (-0.99997663, 0.0012187661, -0.006734454), (-0.14002307, 0.8981688, 0.41675693), (-0.14075927, 0.9412041, 0.30711868), (-0.15415758, 0.9735093, 0.16886419), (-0.9997029, 0.0096872365, -0.022372544), (-0.99985576, 0.010116508, 0.013650071), (-0.9997029, 0.0096872365, -0.022372544), (-0.15415758, 0.9735093, 0.16886419), (-0.15415758, 0.9735093, 0.16886419), (-0.1468708, 0.98406523, 0.10022333), (-0.99985576, 0.010116508, 0.013650071), (-0.99947494, -0.009035492, 0.031117437), (-0.99985576, 0.010116508, 0.013650071), (-0.1468708, 0.98406523, 0.10022333), (-0.1468708, 0.98406523, 0.10022333), (-0.14169176, 0.9879415, -0.0624106), (-0.99947494, -0.009035492, 0.031117437), (-0.14169176, 0.9879415, -0.0624106), (-0.1523336, 0.974816, -0.16287482), (-0.9995829, 0.006383479, -0.02816782), (-0.9995829, 0.006383479, -0.02816782), (-0.99947494, -0.009035492, 0.031117437), (-0.14169176, 0.9879415, -0.0624106), (-0.1523336, 0.974816, -0.16287482), (-0.15236121, 0.94354475, -0.294125), (-0.9999766, 0.00410443, -0.005498245), (-0.9999766, 0.00410443, -0.005498245), (-0.9995829, 0.006383479, -0.02816782), (-0.1523336, 0.974816, -0.16287482), (-0.15236121, 0.94354475, -0.294125), (-0.1452373, 0.8998019, -0.41141552), (-0.0008400424, 0.99984765, -0.017434873), (-0.0008400424, 0.99984765, -0.017434873), (-0.9999766, 0.00410443, -0.005498245), (-0.15236121, 0.94354475, -0.294125), (-0.1452373, 0.8998019, -0.41141552), (-0.1382406, 0.8202111, -0.5551067), (-0.9999841, -0.002471543, -0.0050708232), (-0.9999841, -0.002471543, -0.0050708232), (-0.0008400424, 0.99984765, -0.017434873), (-0.1452373, 0.8998019, -0.41141552), (-0.1382406, 0.8202111, -0.5551067), (-0.15033449, 0.7497799, -0.6443834), (-0.9999801, -0.004145506, -0.0047716424), (-0.9999801, -0.004145506, -0.0047716424), (-0.9999841, -0.002471543, -0.0050708232), (-0.1382406, 0.8202111, -0.5551067), (-0.15033449, 0.7497799, -0.6443834), (-0.094258085, 0.7291461, -0.6778358), (-0.998618, -0.02493386, -0.046265513), (-0.998618, -0.02493386, -0.046265513), (-0.9999801, -0.004145506, -0.0047716424), (-0.15033449, 0.7497799, -0.6443834), (-0.094258085, 0.7291461, -0.6778358), (-0.06917901, 0.06813661, 0.9952746), (-0.0008400424, 0.99984765, -0.017434873), (-0.0008400424, 0.99984765, -0.017434873), (-0.998618, -0.02493386, -0.046265513), (-0.094258085, 0.7291461, -0.6778358), (-0.06917901, 0.06813661, 0.9952746), (-0.15271463, 0.9879816, -0.023889504), (-0.99879265, -0.045382902, -0.018809441), (-0.99879265, -0.045382902, -0.018809441), (-0.0008400424, 0.99984765, -0.017434873), (-0.06917901, 0.06813661, 0.9952746), (-0.15271463, 0.9879816, -0.023889504), (-0.15199468, -0.015797345, -0.98825514), (-0.99999994, -0.00005946226, 0.0004687841), (-0.99999994, -0.00005946226, 0.0004687841), (-0.99879265, -0.045382902, -0.018809441), (-0.15271463, 0.9879816, -0.023889504), (-0.15199468, -0.015797345, -0.98825514), (-0.13676822, -0.017385919, -0.9904506), (-0.99999523, 0.0029962875, 0.00080647157), (-0.99999523, 0.0029962875, 0.00080647157), (-0.99999994, -0.00005946226, 0.0004687841), (-0.15199468, -0.015797345, -0.98825514), (-0.13676822, -0.017385919, -0.9904506), (-0.14830148, 0.016489826, 0.98880476), (-0.99999225, 0.0015311697, 0.0036426554), (-0.99999225, 0.0015311697, 0.0036426554), (-0.99999523, 0.0029962875, 0.00080647157), (-0.13676822, -0.017385919, -0.9904506), (-0.14830148, 0.016489826, 0.98880476), (-0.14854488, 0.018562617, 0.98873144), (-0.99994653, 0.006417042, 0.00811947), (-0.99994653, 0.006417042, 0.00811947), (-0.99999225, 0.0015311697, 0.0036426554), (-0.14830148, 0.016489826, 0.98880476), (-0.14854488, 0.018562617, 0.98873144), (-0.14650717, -0.023674347, 0.9889263), (-0.9958125, 0.036638234, 0.0837572), (-0.9958125, 0.036638234, 0.0837572), (-0.99994653, 0.006417042, 0.00811947), (-0.14854488, 0.018562617, 0.98873144), (-0.10285389, -0.031033022, 0.9942123), (-0.9958125, 0.036638234, 0.0837572), (-0.14650717, -0.023674347, 0.9889263), (-0.14650717, -0.023674347, 0.9889263), (-0.11820329, -0.07405944, 0.9902239), (-0.99709964, -0.04525076, -0.06119488), (-0.99709964, -0.04525076, -0.06119488), (-0.10285389, -0.031033022, 0.9942123), (-0.14650717, -0.023674347, 0.9889263), (-0.0013804258, -0.08074544, 0.9967338), (-0.99709964, -0.04525076, -0.06119488), (-0.11820329, -0.07405944, 0.9902239), (-0.11820329, -0.07405944, 0.9902239), (-0.1550377, -0.22889441, 0.96102583), (-0.9940937, -0.057486586, -0.092050046), (-0.9940937, -0.057486586, -0.092050046), (-0.0013804258, -0.08074544, 0.9967338), (-0.11820329, -0.07405944, 0.9902239), (-0.9993049, 0.033163603, 0.017029628), (-0.9940937, -0.057486586, -0.092050046), (-0.1550377, -0.22889441, 0.96102583), (-0.1550377, -0.22889441, 0.96102583), (-0.12741862, -0.40509245, 0.90535337), (-0.9993049, 0.033163603, 0.017029628), (-0.10677034, -0.4312565, 0.89588946), (-0.9993049, 0.033163603, 0.017029628), (-0.12741862, -0.40509245, 0.90535337), (-0.12741862, -0.40509245, 0.90535337), (-0.1476355, -0.6675569, 0.72977513), (-0.9996038, 0.026669452, 0.009008505), (-0.9996038, 0.026669452, 0.009008505), (-0.10677034, -0.4312565, 0.89588946), (-0.12741862, -0.40509245, 0.90535337), (-0.1476355, -0.6675569, 0.72977513), (-0.13635142, -0.83489597, 0.5332516), (-0.99999446, -0.0030856873, 0.0013178848), (-0.99999446, -0.0030856873, 0.0013178848), (-0.9996038, 0.026669452, 0.009008505), (-0.1476355, -0.6675569, 0.72977513), (-0.13635142, -0.83489597, 0.5332516), (-0.13511036, -0.9464389, 0.29325542), (-0.99998146, -0.0044370038, -0.004173704), (-0.99998146, -0.0044370038, -0.004173704), (-0.99999446, -0.0030856873, 0.0013178848), (-0.13635142, -0.83489597, 0.5332516), (-0.13511036, -0.9464389, 0.29325542), (-0.1367168, -0.98877347, 0.060296573), (-0.9999695, 0.0002430008, -0.007820316), (-0.9999695, 0.0002430008, -0.007820316), (-0.99998146, -0.0044370038, -0.004173704), (-0.13511036, -0.9464389, 0.29325542), (-0.1367168, -0.98877347, 0.060296573), (-0.15118675, -0.9626985, -0.2243976), (-0.9999901, 0.00053211726, -0.0044109547), (-0.9999901, 0.00053211726, -0.0044109547), (-0.9999695, 0.0002430008, -0.007820316), (-0.1367168, -0.98877347, 0.060296573), (-0.99990404, 0.0009427697, 0.013824199), (-0.9999901, 0.00053211726, -0.0044109547), (-0.15118675, -0.9626985, -0.2243976), (-0.15118675, -0.9626985, -0.2243976), (-0.15836854, -0.83981156, -0.5192648), (-0.99990404, 0.0009427697, 0.013824199), (-0.99995077, 0.0014370597, -0.009825483), (-0.99990404, 0.0009427697, 0.013824199), (-0.15836854, -0.83981156, -0.5192648), (-0.15836854, -0.83981156, -0.5192648), (-0.14830615, -0.5648556, -0.81175333), (-0.99995077, 0.0014370597, -0.009825483), (-0.99995846, -0.008842729, 0.0022386527), (-0.99995077, 0.0014370597, -0.009825483), (-0.14830615, -0.5648556, -0.81175333), (-0.14830615, -0.5648556, -0.81175333), (-0.083285704, -0.21828501, -0.97232467), (-0.9999837, -0.0048614284, -0.0029827964), (-0.9999837, -0.0048614284, -0.0029827964), (-0.99995846, -0.008842729, 0.0022386527), (-0.14830615, -0.5648556, -0.81175333), (-0.083285704, -0.21828501, -0.97232467), (-0.01985647, -0.2692881, -0.9628549), (-0.06476016, -0.24029034, -0.9685384), (-0.06476016, -0.24029034, -0.9685384), (-0.9999837, -0.0048614284, -0.0029827964), (-0.083285704, -0.21828501, -0.97232467), (-0.9996082, -0.027127475, 0.0069065946), (-0.06476016, -0.24029034, -0.9685384), (-0.01985647, -0.2692881, -0.9628549), (-0.01985647, -0.2692881, -0.9628549), (-0.08480849, -0.1087494, -0.99044496), (-0.028270211, -0.24154668, -0.9699774), (-0.028270211, -0.24154668, -0.9699774), (-0.9996082, -0.027127475, 0.0069065946), (-0.01985647, -0.2692881, -0.9628549), (-0.9999015, -0.01116659, -0.008521032), (-0.028270211, -0.24154668, -0.9699774), (-0.08480849, -0.1087494, -0.99044496), (-0.08480849, -0.1087494, -0.99044496), (-0.13847019, -0.023276543, -0.99009305), (-0.13466279, -0.019835813, -0.990693), (-0.13466279, -0.019835813, -0.990693), (-0.9999015, -0.01116659, -0.008521032), (-0.08480849, -0.1087494, -0.99044496), (-0.9999577, 0.009201177, -0.00019161138), (-0.13466279, -0.019835813, -0.990693), (-0.13847019, -0.023276543, -0.99009305), (-0.13847019, -0.023276543, -0.99009305), (-0.0008400424, 0.99984765, -0.017434873), (-0.99998957, 0.0028985185, 0.003553642), (-0.99998957, 0.0028985185, 0.003553642), (-0.9999577, 0.009201177, -0.00019161138), (-0.13847019, -0.023276543, -0.99009305), (-0.9714909, -0.18018074, 0.15407899), (-0.06699246, -0.89428145, 0.4424621), (-0.90485924, -0.32112402, 0.27948013), (-0.9987027, -0.048622336, 0.015130667), (-0.09130291, 0.4797738, 0.8726287), (-0.99994206, 0.010389471, 0.0028055029), (-0.9284854, -0.058465023, -0.366738), (-0.07948589, 0.11931814, -0.98966926), (-0.15733285, 0.2701174, -0.9498858), (-0.99994814, 0.010110975, -0.0012329173), (-0.999941, -0.010581485, 0.0024956951), (-0.01809737, -0.9898084, -0.14125144), (-0.99953294, -0.027567461, -0.013190091), (-0.9997265, -0.023058595, -0.003931016), (-0.018016588, -0.7846691, 0.61965317), (-0.9997265, -0.023058595, -0.003931016), (-0.9997381, -0.011117093, 0.02000827), (-0.018998008, -0.854631, 0.51888835), (-0.9997381, -0.011117093, 0.02000827), (-0.99996984, -0.0013499557, 0.007649138), (-0.018831272, -0.9169977, 0.39844805), (-0.99992704, -0.011725374, 0.0029283664), (-0.99953294, -0.027567461, -0.013190091), (-0.01688206, -0.6946122, 0.71918625), (-0.99972993, 0.010474439, 0.02074653), (-0.99992704, -0.011725374, 0.0029283664), (-0.018425804, -0.5727187, 0.81954485), (-0.0014613062, 0.99519855, 0.097866766), (-0.9848746, -0.17156847, -0.024216361), (-0.00081489515, 0.9952256, 0.0975984), (-0.9931913, 0.013709451, 0.11568573), (-0.9970165, -0.068421096, 0.035733312), (-0.9999262, 0.01214365, -0.00034717258), (-0.999796, 0.018258156, -0.008638285), (-0.060035177, 0.6660496, 0.74348754), (-0.9995657, 0.024709014, -0.016056372), (-0.9995096, -0.029193545, 0.0113325855), (-0.08143368, -0.36173272, -0.9287185), (-0.99985975, -0.00300324, -0.016478766), (-0.9995238, 0.019815555, -0.023656856), (-0.9998179, -0.010567155, -0.01589062), (-0.011449139, 0.65267104, 0.7575548), (-0.99961746, 0.027497405, 0.0029951183), (-0.99898434, 0.04069858, -0.019337608), (-0.02873769, -0.85227215, 0.5223088), (-0.9998556, -0.014112714, 0.009470953), (-0.9999175, -0.0043678903, -0.012083092), (-0.02882108, -0.9845805, -0.17254172), (-0.99981207, -0.018206267, -0.0066577396), (-0.06107647, 0.8636082, 0.5004505), (-0.9998179, -0.010567155, -0.01589062), (-0.9998078, -0.00977315, -0.017001327), (-0.078876115, 0.90003735, 0.42861557), (-0.99981207, -0.018206267, -0.0066577396), (-0.99879265, -0.045382902, -0.018809441), (-0.9964193, -0.041408032, -0.07371552), (-0.0008400424, 0.99984765, -0.017434873), (-0.998618, -0.02493386, -0.046265513), (-0.0008400424, 0.99984765, -0.017434873), (-0.9964193, -0.041408032, -0.07371552), (-0.1461686, 0.7734964, 0.6167156), (-0.11670695, 0.8698551, 0.47930324), (-0.99878836, 0.04803651, 0.01069055), (-0.99878836, 0.04803651, 0.01069055), (-0.12563235, 0.95879185, 0.25482288), (-0.15512215, 0.9795883, 0.12784332), (-0.9998841, 0.003694671, 0.014773282), (-0.15512215, 0.9795883, 0.12784332), (-0.12644121, 0.9915965, 0.027366165), (-0.13759935, 0.93787247, -0.3185305), (-0.12260485, 0.88208616, -0.45485407), (-0.99901134, 0.040633857, -0.018039906), (-0.14155997, -0.78794545, -0.5992518), (-0.11735405, -0.8663861, -0.4853897), (-0.9993778, -0.03183319, -0.015186914), (-0.9993778, -0.03183319, -0.015186914), (-0.13104641, -0.9584202, -0.25349107), (-0.15915675, -0.98268235, -0.09489215), (-0.99873257, 0.009856565, -0.04935834), (-0.0008400424, 0.99984765, -0.017434873), (-0.11333824, -0.37671298, -0.9193703), (-0.99452525, 0.02676915, -0.10100941), (-0.99873257, 0.009856565, -0.04935834), (-0.12446344, -0.19564463, -0.9727447), (-0.99989, -0.0033187277, -0.014458816), (-0.12976082, -0.058347225, -0.9898271), (-0.2776684, 0.16289333, -0.9467661), (-0.2776684, 0.16289333, -0.9467661), (-0.14352587, 0.09172585, -0.9853866), (-0.99983126, -0.004158629, 0.017893635), (-0.99983126, -0.004158629, 0.017893635), (-0.1371231, 0.26141867, -0.9554358), (-0.9993051, 0.006571764, 0.036689382), (-0.9992206, 0.036173057, -0.01580083), (-0.14360306, 0.963615, 0.22544256), (-0.99749523, 0.062633656, 0.0328703), (-0.9957269, 0.08110487, 0.044160463), (-0.13745728, 0.67264825, 0.727083), (-0.9987027, -0.048622336, 0.015130667), (-0.99916, 0.0371557, 0.017283523), (-0.13701469, 0.120786436, 0.98317736), (-0.9969941, -0.04855846, 0.060374465), (-0.99999964, -0.00083698693, 0.00018491439), (-0.109745905, 0.0044553503, 0.9939497), (-0.99869573, 0.041980296, -0.029060552), (-0.99869573, 0.041980296, -0.029060552), (-0.08906184, -0.18880042, 0.9779685), (-0.9984593, -0.023016633, 0.05049225), (-0.14771825, 0.049570173, -0.9877866), (-0.124879204, 0.019360946, -0.99198306), (-0.9284854, -0.058465023, -0.366738), (-0.9997775, 0.01850709, -0.010129341), (-0.13582838, 0.06456259, 0.98862654), (-0.9998226, -0.016146762, 0.009698422), (-0.99962294, 0.024352457, -0.01268316), (-0.9999766, -0.005495471, -0.0040977113), (-0.098455265, -0.042693164, -0.99422526), (-0.9996062, 0.00064749044, 0.028055137), (-0.999184, 0.040148295, 0.0044013713), (-0.1234656, 0.5084096, 0.85221833), (-0.99963933, 0.02452025, 0.010950552), (-0.9996062, 0.00064749044, 0.028055137), (-0.12355895, 0.66335046, 0.73803747), (-0.9995334, 0.026130484, 0.015818216), (-0.99963933, 0.02452025, 0.010950552), (-0.12994777, 0.8053542, 0.5783755), (-0.99920756, 0.016801937, 0.036082383), (-0.9995334, 0.026130484, 0.015818216), (-0.11971098, 0.909905, 0.3971678), (-0.99938357, 0.009149684, 0.033893567), (-0.99920756, 0.016801937, 0.036082383), (-0.12846638, 0.9639332, 0.23308612), (-0.9995245, -0.022934211, 0.020615125), (-0.9998539, -0.006734814, 0.015718129), (-0.121396065, -0.9252982, 0.35928577), (-0.99923325, -0.029807296, 0.025386725), (-0.9995245, -0.022934211, 0.020615125), (-0.11943602, -0.8404797, 0.5285159), (-0.99959815, -0.013284407, 0.025043996), (-0.99923325, -0.029807296, 0.025386725), (-0.11905429, -0.69653046, 0.70758146), (-0.9999194, -0.0010472807, 0.01265642), (-0.99959815, -0.013284407, 0.025043996), (-0.11287719, -0.5308727, 0.8399007), (-0.9848746, -0.17156847, -0.024216361), (-0.9999194, -0.0010472807, 0.01265642), (-0.13263854, -0.362835, 0.92236537), (-0.9848746, -0.17156847, -0.024216361), (-0.0014613062, 0.99519855, 0.097866766), (-0.9975765, -0.06951647, -0.00296387), (-0.99991447, 0.012766481, 0.002845318), (-0.138718, 0.43150643, 0.8913808), (-0.99987537, 0.012450994, 0.009718554), (-0.99987537, 0.012450994, 0.009718554), (-0.1301099, 0.24531907, 0.96067154), (-0.99967885, -0.016847815, 0.018934041), (-0.99905246, 0.04337132, 0.0036438745), (-0.13015005, -0.05945929, 0.98970985), (-0.99947685, 0.026711158, 0.018239368), (-0.99947685, 0.026711158, 0.018239368), (-0.14237541, -0.2445562, 0.95912546), (-0.9993255, -0.035790905, 0.008225788), (-0.9991817, 0.038668294, -0.011870749), (-0.999911, 0.011143128, -0.007327601), (-0.08498366, 0.71467704, -0.6942727), (-0.9991817, 0.038668294, -0.011870749), (-0.13553861, 0.959695, -0.24620073), (-0.99954003, -0.003456198, 0.030131983), (-0.99948806, 0.0236181, -0.021586224), (-0.115520224, 0.96793145, -0.22307858), (-0.9980357, 0.04930764, -0.03864628), (-0.9980357, 0.04930764, -0.03864628), (-0.13193241, 0.9612559, -0.24203499), (-0.99833006, 0.04005928, 0.041622717), (-0.99961007, -0.026228564, 0.00958094), (-0.09676125, -0.911237, -0.40035528), (-0.9992254, -0.03623351, 0.015363197), (-0.9992254, -0.03623351, 0.015363197), (-0.10248428, -0.9813731, -0.16249292), (-0.99917036, -0.029236227, -0.028352166), (-0.98677367, 0.16190417, -0.008047397), (-0.9984004, 0.05650931, -0.001853792), (-0.08772171, -0.99554837, -0.034472123), (-0.9994778, 0.02948935, 0.013213963), (-0.1324009, 0.03956044, 0.99040645), (-0.9999167, 0.0008415742, 0.012882439), (-0.9999821, -0.005985065, 0.00036592764), (-0.11327222, 0.06321856, 0.99155074), (-0.99978817, 0.0051610977, 0.019925257), (-0.9995657, 0.024709014, -0.016056372), (-0.102448724, 0.97094744, 0.21625313), (-0.99977046, 0.02046753, -0.006334313), (-0.99977046, 0.02046753, -0.006334313), (-0.082726404, 0.9943272, 0.066856675), (-0.99983436, 0.007969345, 0.016366525), (-0.99997354, 0.0011532592, -0.0071868636), (-0.08999665, 0.95010704, -0.29865897), (-0.99974453, 0.011323045, -0.019567896), (-0.99938965, -0.010839952, -0.033208713), (-0.098201565, 0.5996224, -0.79423517), (-0.9996037, -0.007839486, -0.027039384), (-0.9996037, -0.007839486, -0.027039384), (-0.09051228, 0.39178568, -0.91559356), (-0.9923169, 0.123701505, 0.0022544898), (-0.999911, 0.011143128, -0.007327601), (-0.9999933, -0.0031287316, 0.0018804547), (-0.9978945, -0.049092006, 0.042386726), (-0.99987745, -0.007952888, -0.013490855), (-0.12119097, -0.02019859, -0.99242365), (-0.99976104, 0.00050065806, -0.021853212), (-0.99982536, -0.017612096, -0.006247461), (-0.9995238, 0.019815555, -0.023656856), (-0.15055448, 0.49924588, 0.8532801), (-0.99984103, -0.016621403, 0.0064538606), (-0.99982536, -0.017612096, -0.006247461), (-0.13859324, 0.27737272, 0.9507136), (-0.9999761, 0.0054249913, 0.0042866445), (-0.99984103, -0.016621403, 0.0064538606), (-0.13296591, 0.091006905, 0.9869335), (-0.99996907, 0.0048072706, -0.0062292987), (-0.9999761, 0.0054249913, 0.0042866445), (-0.14453337, -0.04672877, 0.98839605), (-0.9999836, 0.005070757, -0.0026853683), (-0.99996907, 0.0048072706, -0.0062292987), (-0.13103054, -0.21764809, 0.967192), (-0.99996006, -0.00020680412, -0.008947293), (-0.9999836, 0.005070757, -0.0026853683), (-0.13966243, -0.4174551, 0.89790076), (-0.9999175, -0.009771206, 0.008339693), (-0.12745968, -0.5086236, -0.85150224), (-0.9995312, -0.030358693, 0.0039726393), (-0.9995312, -0.030358693, 0.0039726393), (-0.13814509, -0.30669317, -0.94173), (-0.99972814, -0.0073023466, -0.022145756), (-0.99972814, -0.0073023466, -0.022145756), (-0.14187565, -0.11823001, -0.9827985), (-0.9997783, -0.0017212372, -0.020987492), (-0.9997783, -0.0017212372, -0.020987492), (-0.13434792, 0.025589442, -0.9906038), (-0.9997178, 0.008095747, -0.022336565), (-0.9997178, 0.008095747, -0.022336565), (-0.14471695, 0.192312, -0.9706046), (-0.9996897, 0.0039344104, -0.024597546), (-0.9996897, 0.0039344104, -0.024597546), (-0.14437024, 0.3904713, -0.90922457), (-0.99965537, 0.02035068, -0.016588094), (-0.99941754, 0.030436171, -0.01543592), (-0.99989295, -0.010903737, -0.009757245), (-0.06154061, -0.5582421, -0.82739264), (-0.9997444, 0.010387965, -0.020081842), (-0.99941754, 0.030436171, -0.01543592), (-0.09104718, -0.7003206, -0.7079983), (-0.99938405, -0.035016146, -0.0023457706), (-0.9997444, 0.010387965, -0.020081842), (-0.08551808, -0.83328557, -0.54618853), (-0.99966174, -0.022769624, -0.012572816), (-0.99938405, -0.035016146, -0.0023457706), (-0.08929647, -0.9044764, -0.41707143), (-0.9998871, -0.015027368, -0.00027981002), (-0.99966174, -0.022769624, -0.012572816), (-0.09263438, -0.9471594, -0.30709633), (-0.99919206, -0.018852586, -0.035494693), (-0.9998871, -0.015027368, -0.00027981002), (-0.087796114, -0.98448026, -0.1519558), (-0.99916244, 0.0056436122, -0.040528573), (-0.99919206, -0.018852586, -0.035494693), (-0.10037135, -0.99085915, -0.0901319), (-0.9994381, -0.0014680222, -0.03348859), (-0.1207746, 0.9925526, -0.015900414), (-0.9995111, 0.018399993, -0.025277909), (-0.9995111, 0.018399993, -0.025277909), (-0.12628445, 0.98425454, -0.123674124), (-0.9995733, 0.029025095, 0.0032956672), (-0.9995733, 0.029025095, 0.0032956672), (-0.12621877, 0.9562868, -0.26378876), (-0.99969465, 0.02318074, -0.008557158), (-0.99969465, 0.02318074, -0.008557158), (-0.1268462, 0.9085017, -0.39816418), (-0.999633, 0.016442187, -0.021531684), (-0.999633, 0.016442187, -0.021531684), (-0.12518255, 0.83549714, -0.53504586), (-0.99962467, -0.007166607, -0.026443375), (-0.99962467, -0.007166607, -0.026443375), (-0.12473072, 0.7331968, -0.66847944), (-0.99997175, 0.005390578, 0.0052572535), (-0.99997175, 0.005390578, 0.0052572535), (-0.124885045, 0.6059172, -0.7856642), (-0.99995786, 0.008388673, 0.0037496916), (-0.99995786, 0.008388673, 0.0037496916), (-0.12637283, 0.47561038, -0.87053126), (-0.99994487, -0.0024270797, -0.010217412), (-0.99994487, -0.0024270797, -0.010217412), (-0.13378741, 0.34985936, -0.9271997), (-0.9999373, 0.009331255, -0.0061875004), (-0.9999373, 0.009331255, -0.0061875004), (-0.12421304, 0.22791724, -0.96572506), (-0.9999547, 0.009199164, -0.0024442172), (-0.9999547, 0.009199164, -0.0024442172), (-0.11923771, 0.07523617, -0.99001116), (-0.99956197, 0.029570654, 0.0012479076), (-0.9998193, -0.014572315, 0.0122166835), (-0.11726462, -0.13319694, -0.9841278), (-0.99946284, -0.030948667, 0.010786042), (-0.99946284, -0.030948667, 0.010786042), (-0.12659396, -0.25014344, -0.959897), (-0.99993896, -0.010804435, -0.0023134048), (-0.99993896, -0.010804435, -0.0023134048), (-0.11911131, -0.41091347, -0.90385985), (-0.99989295, -0.010903737, -0.009757245), (-0.99709964, -0.04525076, -0.06119488), (-0.9958125, 0.036638234, 0.0837572), (-0.10285389, -0.031033022, 0.9942123), (-0.9993049, 0.033163603, 0.017029628), (-0.10677034, -0.4312565, 0.89588946), (-0.9996038, 0.026669452, 0.009008505), (-0.9999577, 0.009201177, -0.00019161138), (-0.9999015, -0.01116659, -0.008521032), (-0.13466279, -0.019835813, -0.990693), (-0.99996984, -0.0013499557, 0.007649138), (-0.99993026, -0.0109932665, 0.0043123974), (-0.01694869, -0.967084, 0.25389227), (-0.99993026, -0.0109932665, 0.0043123974), (-0.999899, -0.008308003, 0.011528288), (-0.019538399, -0.98987234, 0.1406101), (-0.9999698, 0.0014564765, 0.0076368274), (-0.9994104, 0.029391937, 0.01775337), (-0.011797615, 0.34979862, -0.93675065), (-0.99987954, 0.009045813, 0.012620303), (-0.9994422, -0.027983025, -0.018230695), (-0.068135716, -0.0034937598, 0.99766994), (-0.99991417, 0.00900896, 0.009520352), (-0.068135716, -0.0034937598, 0.99766994), (-0.9994422, -0.027983025, -0.018230695), (-0.9999471, -0.009561048, 0.0037983446), (-0.06717099, -0.0029315788, -0.99773717), (-0.9995608, -0.0043228692, 0.02931861), (-0.093429126, 0.79349995, 0.60135597), (-0.9995608, -0.0043228692, 0.02931861), (-0.06717099, -0.0029315788, -0.99773717), (-0.99971175, 0.023999313, 0.0007970178), (-0.90485924, -0.32112402, 0.27948013), (-0.016367594, -0.5382118, 0.84265065), (-0.99971175, 0.023999313, 0.0007970178), (-0.0008400424, 0.99984765, -0.017434873), (-0.9999646, 0.0060094725, -0.0058900206), (-0.9995157, 0.03032838, -0.0069727977), (-0.9999646, 0.0060094725, -0.0058900206), (-0.0008400424, 0.99984765, -0.017434873), (-0.9993051, 0.006571764, 0.036689382), (-0.08929845, 0.595995, -0.7980075), (-0.9990326, -0.002296362, 0.043918125), (-0.9990326, -0.002296362, 0.043918125), (-0.08395382, 0.77868307, -0.6217752), (-0.99952096, 0.023226205, -0.02046065), (-0.99952096, 0.023226205, -0.02046065), (-0.08182713, 0.908054, -0.41078258), (-0.99974793, 0.022199534, 0.0033639742), (-0.9957269, 0.08110487, 0.044160463), (-0.99749523, 0.062633656, 0.0328703), (-0.10301396, 0.8511019, 0.5147951), (-0.99916, 0.0371557, 0.017283523), (-0.99994206, 0.010389471, 0.0028055029), (-0.091269456, 0.25666374, 0.9621818), (-0.9999003, -0.0027062213, 0.013862758), (-0.0018271608, -0.7696976, 0.6384061), (-0.99986506, -0.011628314, 0.011612064), (-0.17846902, -0.971155, -0.15813552), (-0.9999557, 0.0042195134, 0.008411315), (0.03230664, -0.97687984, 0.21133417), (-0.999908, 0.013572367, -0.00006634286), (-0.999992, -0.0011620955, 0.0038294655), (-0.0008400424, 0.99984765, -0.017434873), (-0.99962294, 0.024352457, -0.01268316), (0.014932901, -0.21605085, -0.976268), (-0.99950325, 0.031324964, -0.0034709268), (-0.9998461, 0.01575116, -0.0077300067), (-0.99950325, 0.031324964, -0.0034709268), (0.06701484, -0.6737821, -0.735885), (-0.9998692, 0.000107288164, 0.016173841), (-0.06188082, 0.9815491, 0.18092065), (-0.9998143, 0.00826945, -0.01740677), (-0.9990993, 0.008448761, 0.041585337), (-0.99986535, -0.0041880785, 0.015871441), (-0.0008400424, 0.99984765, -0.017434873), (-0.99833006, 0.04005928, 0.041622717), (-0.07866697, 0.9496041, -0.30342), (-0.99893194, -0.0022825107, 0.046149764), (-0.99996805, -0.006127658, -0.0051473067), (-0.99893194, -0.0022825107, 0.046149764), (-0.06723428, 0.9249711, -0.37404302), (-0.99961257, 0.025267048, -0.011673279), (-0.059222944, -0.017344277, -0.99809414), (-0.9999918, 0.003029996, -0.0027220817), (-0.99997896, -0.004092555, -0.0050373035), (-0.060877115, -0.48658282, -0.871511), (-0.99961007, -0.026228564, 0.00958094), (-0.99993473, -0.005016008, 0.010265687), (-0.04207401, -0.95513576, 0.29316437), (-0.9931913, 0.013709451, 0.11568573), (-0.08772171, -0.99554837, -0.034472123), (0.051421054, -0.99842006, 0.022657229), (-0.98677367, 0.16190417, -0.008047397), (-0.99709034, -0.07541988, -0.011082519), (-0.07023763, -0.09784195, 0.99272037), (-0.9994778, 0.02948935, 0.013213963), (-0.99978817, 0.0051610977, 0.019925257), (-0.07043234, -0.031955235, 0.99700457), (-0.998942, -0.043931577, 0.013595228), (-0.99974453, 0.011323045, -0.019567896), (-0.059677273, 0.9926759, -0.10503885), (-0.9999069, 0.010978353, -0.008101491), (-0.9999069, 0.010978353, -0.008101491), (-0.06399587, 0.95729595, -0.28193837), (-0.99938965, -0.010839952, -0.033208713), (-0.0008400424, 0.99984765, -0.017434873), (-0.9923169, 0.123701505, 0.0022544898), (0.18740694, -0.98129666, -0.04399593), (-0.9999933, -0.0031287316, 0.0018804547), (-0.08498366, 0.71467704, -0.6942727), (-0.9978945, -0.049092006, 0.042386726), (-0.999911, 0.011143128, -0.007327601), (-0.9978945, -0.049092006, 0.042386726), (-0.08498366, 0.71467704, -0.6942727), (-0.9992613, -0.02096892, 0.032206327), (-0.05633768, -0.9919019, -0.11382823), (-0.9998883, -0.009102653, 0.011858837), (-0.9998883, -0.009102653, 0.011858837), (-0.06777155, -0.9972836, -0.028853813), (-0.9999434, 0.010411735, -0.002235578), (-0.9999753, 0.002256709, 0.0066540698), (-0.9999434, 0.010411735, -0.002235578), (-0.07300212, -0.9647898, 0.25268826), (-0.9998046, -0.010446127, -0.01678486), (-0.9997098, 0.016706754, -0.017357804), (-0.02264295, 0.16889529, 0.98537385), (-0.99996006, -0.00020680412, -0.008947293), (-0.033641145, -0.49069983, 0.87067914), (-0.9993153, -0.0030397142, -0.036874913), (-0.99898434, 0.04069858, -0.019337608), (-0.9993153, -0.0030397142, -0.036874913), (-0.08539555, -0.8059141, 0.58584136), (-0.9999193, 0.00068298995, -0.012687554), (-0.9998556, -0.014112714, 0.009470953), (-0.029574463, -0.90971255, -0.41418397), (-0.9999175, -0.009771206, 0.008339693), (-0.9999193, 0.00068298995, -0.012687554), (-0.031302623, -0.7865011, -0.6167952), (-0.9999712, 0.0022345781, -0.007262246), (-0.0830297, 0.9607333, -0.26475966), (-0.9999726, 0.006623517, -0.0033300011), (-0.9999726, 0.006623517, -0.0033300011), (-0.08133045, 0.99644905, -0.021784788), (-0.9998481, 0.017318431, 0.001990164), (-0.9998481, 0.017318431, 0.001990164), (-0.08417705, 0.97448325, 0.20807879), (-0.9998078, -0.00977315, -0.017001327), (-0.9999837, -0.0048614284, -0.0029827964), (-0.06476016, -0.24029034, -0.9685384), (-0.9996082, -0.027127475, 0.0069065946), (-0.9999015, -0.01116659, -0.008521032), (-0.9996082, -0.027127475, 0.0069065946), (-0.028270211, -0.24154668, -0.9699774)] (
        interpolation = "faceVarying"
    )
    point3f[] points = [(-0.0007340859, 0.0065202047, 0.081671044), (-0.00092922355, 0.010773214, 0.081771426), (-0.0008324872, 0.010635002, 0.07696815), (-0.0008140514, 0.0056328573, 0.083572276), (-0.00092022296, 0.01372999, 0.043920174), (-0.00094274984, 0.018558705, 0.04386652), (-0.0009251448, 0.018436467, 0.038607053), (-0.0009395686, 0.013607722, 0.038660713), (-0.00089897925, -0.011553725, 0.04436106), (-0.00093565515, 0.010114808, 0.04401376), (-0.00091805006, 0.009992571, 0.03875429), (-0.0009183248, -0.011675995, 0.039101597), (-0.00094196637, 0.011816748, -0.08231156), (-0.00092318526, 0.016342847, -0.08237449), (-0.000983443, 0.015996687, -0.10451642), (-0.0009447375, 0.011480981, -0.0988147), (-0.000958101, -0.014155962, -0.10395063), (-0.00091592723, 0.0040600495, -0.098717295), (-0.0009094878, -0.00021319563, -0.08323758), (-0.0009133038, 0.0043285987, -0.08331677), (-0.0009121113, -0.00048174482, -0.098638095), (-0.0009045193, -0.009517355, -0.09848054), (-0.00092038274, -0.013744786, -0.08128994), (-0.0009016016, -0.009218688, -0.08135287), (-0.0009206711, 0.0035506203, -0.004573151), (-0.00078645814, 0.004922072, -0.00524973), (-0.00089828216, 0.002633755, -0.009762113), (-0.0008139127, 0.006385345, -0.0061949384), (-0.00094038615, 0.003772207, -0.010273729), (-0.0008151149, 0.0075687724, -0.0073393285), (-0.0007900747, 0.008479072, -0.008707071), (-0.0009355928, 0.0047419174, -0.011186194), (-0.00081696355, 0.009122101, -0.010305484), (-0.0009525841, 0.005292745, -0.012262411), (-0.0009044077, 0.009464602, -0.011968093), (-0.0009046719, 0.009550839, -0.013007386), (-0.0010040024, 0.0054888823, -0.013490383), (-0.0009274975, 0.009598364, -0.01411423), (-0.00092763547, 0.009465503, -0.015461193), (-0.00087343034, 0.0055306484, -0.014896441), (-0.00090512907, 0.009276198, -0.016721629), (-0.0009015652, 0.0051634395, -0.016064402), (-0.00090507366, 0.008951451, -0.01789194), (-0.0009049027, 0.008507821, -0.018975211), (-0.0009012472, 0.0045660604, -0.01704814), (-0.0009046166, 0.007945417, -0.019973133), (-0.00092682015, 0.0072880425, -0.020908223), (-0.0009232514, 0.0036952859, -0.017870126), (-0.00097319455, 0.0064782626, -0.021737406), (-0.0009595245, 0.005552539, -0.022451121), (-0.00078694196, 0.0025774897, -0.01847729), (-0.00092494424, 0.0045635845, -0.02309502), (-0.0009015164, 0.0034475825, -0.023566715), (-0.0009005835, 0.0022479708, -0.023950966), (-0.0007857716, 0.0010913697, -0.018874153), (-0.0009221364, 0.0009534724, -0.024250451), (-0.0009394612, -0.0004505038, -0.02438387), (-0.00091997755, -0.00045723785, -0.018961787), (-0.00089657336, -0.0014500439, -0.019003771), (-0.00089715177, -0.0019516883, -0.02440169), (-0.00091822096, -0.0025479007, -0.018925037), (-0.0009184802, -0.0034365803, -0.024349453), (-0.00080775045, -0.0037773687, -0.018868648), (-0.00091728463, -0.004810631, -0.024103565), (-0.000916155, -0.0061017354, -0.02383834), (-0.00080625224, -0.005472107, -0.018437428), (-0.0009150951, -0.007264362, -0.0233688), (-0.0008915095, -0.008349314, -0.022847477), (-0.0008905688, -0.009330147, -0.022199536), (-0.00089177076, -0.0069173956, -0.017780032), (-0.00094613986, -0.010215102, -0.021438891), (-0.0008888802, -0.010990546, -0.020583933), (-0.00084564305, -0.007879715, -0.01691217), (-0.0008881625, -0.011642481, -0.019653775), (-0.0008875336, -0.012171654, -0.018647516), (-0.00087681203, -0.008502984, -0.015893353), (-0.0008869924, -0.0125787025, -0.01756338), (-0.0008865387, -0.012863564, -0.016399665), (-0.0008762696, -0.008891393, -0.014717693), (-0.00092721736, -0.013040174, -0.015156162), (-0.0009269394, -0.01307861, -0.013827058), (-0.0009303777, -0.008871616, -0.013378406), (-0.0008857308, -0.013002752, -0.0126603525), (-0.0008610398, -0.008712791, -0.012362213), (-0.0009082005, -0.012892688, -0.011560914), (-0.00084052415, -0.012549831, -0.010369615), (-0.00091860304, -0.008250333, -0.011352022), (-0.00079912, -0.011813815, -0.008573139), (-0.0009594988, -0.0073748543, -0.010376752), (-0.000773645, -0.010788631, -0.0070696785), (-0.00080058776, -0.009462912, -0.0058706496), (-0.00091334915, -0.0063411915, -0.009749515), (-0.00080178544, -0.007820305, -0.0049119093), (-0.00082710624, -0.005218954, -0.009295208), (-0.00086193753, -0.0058437977, -0.004231371), (-0.00089636876, 0.0035477576, 0.0047227093), (-0.00081246207, 0.0062085805, 0.0008493604), (-0.00078513083, 0.0045238743, 0.00012576685), (-0.0008550619, 0.007517741, 0.0018430024), (-0.00094876555, 0.004618959, 0.0053352285), (-0.00088751625, 0.008455061, 0.0029739882), (-0.00085600617, 0.009164678, 0.004191308), (-0.00094414095, 0.0053809904, 0.0060875197), (-0.0009423395, 0.009645733, 0.0057476764), (-0.0009204521, 0.005871559, 0.0071153855), (-0.0009012311, 0.009804847, 0.0067479885), (-0.0009421931, 0.009932292, 0.00783575), (-0.0009784466, 0.0060372083, 0.008247897), (-0.00092351704, 0.009953882, 0.0090183895), (-0.00088434614, 0.00612021, 0.009549416), (-0.0008555194, 0.009930076, 0.010288351), (-0.0009052964, 0.005883874, 0.0106270965), (-0.0008357132, 0.009805629, 0.012163715), (-0.00093770353, 0.0054459907, 0.01180781), (-0.0008713872, 0.009433814, 0.013816209), (-0.0008990745, 0.009034208, 0.014921048), (-0.0009065176, 0.00851844, 0.01594744), (-0.0009113875, 0.0046195034, 0.012569303), (-0.0009200825, 0.0075980113, 0.016926385), (-0.0009952588, 0.0065187505, 0.017637158), (-0.0008819449, 0.0051001823, 0.01791751), (-0.00091033854, 0.0034522873, 0.01295906), (-0.00080710626, 0.0036203633, 0.018095406), (-0.00089246256, 0.0018650935, 0.018227728), (-0.00082883413, 0.0017513249, 0.012907844), (-0.0008626496, -0.0011255417, 0.013272821), (-0.000773627, -0.0052230763, 0.018216822), (-0.00087588944, -0.003178058, 0.013193729), (-0.00089637534, -0.004227148, 0.0131064765), (-0.0008933749, -0.0054838583, 0.013036461), (-0.0008718949, -0.00682888, 0.018270014), (-0.0009216695, -0.006636223, 0.012606504), (-0.0008708099, -0.008102881, 0.018371096), (-0.0009083468, -0.007517271, 0.011975743), (-0.0005675436, -0.009610248, 0.013795435), (-0.0008700996, -0.010238621, 0.012547205), (-0.00094853644, -0.008292201, 0.010936362), (-0.00086511055, -0.009147353, 0.018606065), (-0.0009319629, -0.011041792, 0.011662488), (-0.0009616842, -0.010248713, 0.013802655), (-0.0009341433, -0.008823831, 0.009910476), (-0.00090515055, -0.011603488, 0.0107659185), (-0.00085678516, -0.009105549, 0.00886707), (-0.0008942675, -0.012032474, 0.009833964), (-0.00086595275, -0.011419912, 0.014231138), (-0.000917358, -0.010396527, 0.018901438), (-0.00093134213, -0.012394586, 0.008896254), (-0.0009205308, -0.009081879, 0.007692766), (-0.000914517, -0.012612169, 0.00788236), (-0.00096167665, -0.011543854, 0.019359717), (-0.00089427864, -0.012689105, 0.0068023605), (-0.0009148454, -0.0087828785, 0.0065573812), (-0.00076980086, -0.012624704, 0.0054074246), (-0.0008187155, -0.0123521015, 0.003791896), (-0.0009329253, -0.008125483, 0.0056044445), (-0.0008707717, -0.011696681, 0.0023126951), (-0.00088502804, -0.01079227, 0.00114345), (-0.00090292445, -0.0071835667, 0.0049129096), (-0.0008979669, -0.009728504, 0.0002588815), (-0.0008739725, -0.008453026, -0.00031409538), (-0.0008238465, -0.0071916, -0.0005970516), (-0.0009174112, -0.006142813, 0.004632459), (-0.00091201457, -0.005919655, -0.0006256765), (-0.00091966696, -0.004552347, -0.0003694117), (-0.0009183303, -0.005022426, 0.004732999), (-0.0009267557, -0.0032972922, 0.00021351237), (-0.0009213307, -0.0022456092, 0.0010773017), (-0.0009337684, -0.0013746755, 0.0022178276), (-0.00093640084, -0.0040322808, 0.00533619), (-0.00093398057, -0.0008170161, 0.003592049), (-0.00080619444, -0.00037584308, 0.004940127), (-0.0007801881, 0.000021349595, 0.006473921), (-0.0008931178, 0.00043738543, 0.008222488), (-0.0008285907, 0.000697631, 0.009455005), (-0.00080629555, 0.0011240026, 0.011181316), (-0.0008983956, -0.003328956, 0.0062481076), (-0.0009892437, -0.002927873, 0.007408985), (-0.0008773236, -0.0024483681, 0.008741753), (-0.0008773408, -0.0021362575, 0.010061164), (-0.0008819202, -0.0018750924, 0.011344184), (-0.0010411091, -0.0017089187, 0.012289512), (-0.00091181963, -0.011010059, 0.07729106), (-0.00089247397, -0.0108877905, 0.082550526), (-0.00087809074, -0.0011272953, 0.08239632), (-0.00076624734, 0.00013084774, 0.08235057), (-0.0007676809, 0.0018554827, 0.08240425), (-0.00091392396, 0.0031687045, 0.08251043), (-0.0009456863, 0.004196001, 0.082864925), (-0.00083305076, -0.011528389, 0.034662437), (-0.00086271204, -0.007690651, 0.034096792), (-0.00083637174, -0.007939955, 0.032946363), (-0.0008781723, -0.011899819, 0.033200946), (-0.00083306525, -0.012156302, 0.031744547), (-0.0009076563, -0.007918669, 0.03190799), (-0.0008501696, -0.012264425, 0.0303417), (-0.000928737, -0.007515222, 0.031015504), (-0.00092512486, -0.012215876, 0.029272418), (-0.00092018803, -0.011880404, 0.028102983), (-0.00085153175, -0.011368452, 0.027033282), (-0.00089241506, -0.010631875, 0.026190298), (-0.0009167185, -0.00966433, 0.025673894), (-0.00089797575, -0.008579748, 0.025353754), (-0.0009320676, -0.0067488826, 0.030527055), (-0.0009323956, -0.007541997, 0.02516342), (-0.0008709979, -0.006373741, 0.025180774), (-0.0009470754, -0.005727392, 0.030441938), (-0.0007725647, -0.0049657607, 0.025124496), (-0.00085656345, -0.0046401415, 0.030275747), (-0.0009083093, -0.0035019908, 0.030351168), (-0.00089444226, 0.005703663, 0.024895612), (-0.00094999844, 0.0057953624, 0.030157063), (-0.00092087785, 0.009703106, 0.022154355), (-0.00089489995, 0.0056568133, 0.022208916), (-0.00092046853, 0.009797097, 0.02479224), (-0.00089695904, 0.009857436, 0.030086217), (-0.0008928596, 0.0058656842, 0.03418709), (-0.0008962725, 0.0099277105, 0.03411626), (-0.0009242804, 0.014333764, 0.02471313), (-0.000790258, 0.017206004, 0.029798089), (-0.0008860852, 0.008603413, 0.08320775), (-0.00089969626, 0.0065734168, 0.08463118), (-0.00090918655, 0.009422027, 0.08409972), (-0.0008999764, 0.0071698576, 0.08581507), (-0.0009096207, 0.010142639, 0.0850128), (-0.00091965747, 0.007414619, 0.08707757), (-0.0009098427, 0.010633952, 0.086036205), (-0.0009099701, 0.01101994, 0.08709547), (-0.0009357575, 0.007399964, 0.08825918), (-0.0009099636, 0.011260479, 0.088218726), (-0.00095045555, 0.011401188, 0.08968754), (-0.0008992487, 0.007063109, 0.089266665), (-0.00083557906, 0.01125821, 0.09082129), (-0.00092177565, 0.01104439, 0.09205275), (-0.0008986318, 0.006508704, 0.09009397), (-0.0009268426, 0.010501415, 0.09341661), (-0.00092338945, 0.005767986, 0.09066415), (-0.0009203174, 0.009836836, 0.09447234), (-0.0009194082, 0.008933735, 0.09530117), (-0.00091233756, 0.007963503, 0.09590857), (-0.0008903734, 0.0069883377, 0.09631751), (-0.0008815088, 0.004867207, 0.09104459), (-0.00095658045, 0.005842235, 0.09652993), (-0.0008802661, 0.0046082647, 0.0965941), (-0.0009125791, 0.003525481, 0.0913979), (-0.0008509496, 0.0033165812, 0.09664211), (-0.0007921544, 0.0019755356, 0.09150018), (-0.000877611, 0.00031212976, 0.091505565), (-0.000909368, -0.010759079, 0.09168408), (-0.0008900222, -0.01063681, 0.09694352), (-0.0009096427, 0.00855903, -0.044373628), (-0.00093315216, 0.008498691, -0.049667608), (-0.0008119372, -0.005507648, -0.04933849), (-0.0009013157, -0.0013514889, -0.04420081), (-0.00092283083, -0.0026220917, -0.044188038), (-0.00078619365, -0.0039912425, -0.044159904), (-0.00086929, -0.005859689, -0.04405867), (-0.0008105561, -0.0071422216, -0.04926844), (-0.00087848684, -0.006949814, -0.04377802), (-0.0009081242, -0.008471404, -0.048975777), (-0.000895089, -0.009767876, -0.04862241), (-0.0009309241, -0.007959476, -0.043424875), (-0.000916766, -0.010754496, -0.048200645), (-0.00097378617, -0.011808127, -0.047317162), (-0.00090421893, -0.012548834, -0.046312172), (-0.0009301657, -0.008720298, -0.042767577), (-0.0008918179, -0.012949958, -0.045336206), (-0.0008913409, -0.013285379, -0.044275265), (-0.0009233971, -0.009275993, -0.041916545), (-0.0009028714, -0.013460379, -0.043151796), (-0.0008625187, -0.013475192, -0.04191218), (-0.000909449, -0.009532455, -0.0409983), (-0.00090249436, -0.013384334, -0.04076891), (-0.0008455044, -0.013061444, -0.03961489), (-0.00090916577, -0.009625586, -0.039887365), (-0.0008456753, -0.012613119, -0.038509827), (-0.00087784836, -0.012028147, -0.03745038), (-0.000934592, -0.009416822, -0.038635142), (-0.00090342265, -0.011339086, -0.036532756), (-0.0009229216, -0.008857023, -0.037448533), (-0.00090400275, -0.010467572, -0.03572375), (-0.00082903105, -0.008466032, -0.034398522), (-0.0009295356, -0.008093181, -0.036523696), (-0.0009105334, -0.007075984, -0.03574389), (-0.0009448688, -0.0060135312, -0.03536505), (-0.0007841249, -0.004472047, -0.03514893), (-0.00089841953, -0.0028064854, -0.035125088), (-0.0009219625, -0.0016520629, -0.035102203), (-0.00094153115, -0.0003555114, -0.035146367), (-0.00094916637, 0.008731676, -0.035304826), (-0.00092980155, 0.008841697, -0.029997164), (-0.00088899204, -0.012860298, -0.029650731), (-0.00088981487, -0.012944516, -0.034480393), (-0.00088222214, -0.012539559, -0.063416876), (-0.0008678486, -0.011613978, -0.06230684), (-0.00089660863, -0.010786489, -0.061449163), (-0.00096443604, -0.013597817, -0.06523555), (-0.00091778144, -0.013102302, -0.0643165), (-0.0007849793, -0.009019999, -0.06035216), (-0.00091682776, -0.013380865, -0.060420062), (-0.0009498255, -0.013352229, -0.055565443), (-0.0009272771, -0.0140134655, -0.06745647), (-0.0008949519, -0.013863919, -0.06641954), (-0.00080931163, -0.013405308, -0.070884354), (-0.00078250706, -0.013880143, -0.06898044), (-0.0008986572, -0.011131352, -0.074087076), (-0.00095428905, -0.011942478, -0.07332094), (-0.00091974373, -0.012555806, -0.07245319), (-0.00094151916, -0.009279165, -0.07546774), (-0.0009221218, -0.0102313245, -0.07479188), (-0.0009436118, -0.0069713434, -0.076338544), (-0.0009425373, -0.008166328, -0.075936615), (-0.00090490497, -0.0042680814, -0.07680887), (-0.00092627865, -0.0056756483, -0.07665158), (-0.00093004125, -0.001223756, -0.07684746), (-0.00090618077, -0.0027617558, -0.07689008), (-0.0009096898, 0.0015197985, -0.07648581), (-0.0009312243, 0.00020897204, -0.076760106), (-0.00095252664, 0.0038217676, -0.075695276), (-0.00091063237, 0.0027231304, -0.07613676), (-0.000935362, 0.005664248, -0.07444544), (-0.0009686586, 0.0048200693, -0.07515633), (-0.0008685877, 0.00719893, -0.07273676), (-0.00095436344, 0.006453007, -0.073719375), (-0.0009142105, 0.008548711, -0.06911967), (-0.0009552334, 0.008063616, -0.071134575), (-0.00095530984, 0.008370588, -0.07015813), (-0.00080006267, 0.00799192, -0.06491961), (-0.000758556, 0.008520457, -0.0670298), (-0.0008450426, 0.0047807917, -0.06102473), (-0.0009120072, 0.0071857376, -0.06337461), (-0.00091130316, 0.0065264795, -0.062551335), (-0.0008591937, 0.0042219833, -0.0687152), (-0.0008973876, 0.004714598, -0.06733123), (-0.00090994255, 0.003290594, -0.06983828), (-0.0008809167, 0.0021480345, -0.070686914), (-0.0009224298, 0.0048342887, -0.06610972), (-0.0008213605, 0.0009285436, -0.07116351), (-0.0008819245, 0.0046488643, -0.06481813), (-0.0008200853, -0.0006629176, -0.07147063), (-0.00089626, 0.004158161, -0.06375276), (-0.00094664854, -0.002269303, -0.071477406), (-0.0008177268, -0.0034758863, -0.071448386), (-0.00090869394, 0.003365333, -0.06274912), (-0.00079018594, -0.005208873, -0.07125793), (-0.00086256675, 0.0023740218, -0.062016122), (-0.00092445477, -0.006589434, -0.0709249), (-0.0008195587, 0.0009267614, -0.06142841), (-0.00081393257, -0.0077543473, -0.070295215), (-0.0007867268, -0.008899966, -0.06925902), (-0.0008706619, -0.009565138, -0.06824865), (-0.00081139157, -0.009981232, -0.06663435), (-0.00093029183, -0.009946566, -0.06535096), (-0.0008699308, -0.009517293, -0.06407746), (-0.00089852174, -0.008860295, -0.06307766), (-0.0008709532, -0.007871939, -0.062159766), (-0.00081320107, -0.006693156, -0.061537616), (-0.0008143906, -0.0051757284, -0.06110212), (-0.0008158441, -0.0033987884, -0.06091966), (-0.0009268143, -0.0015861338, -0.06103834), (-0.0009412852, 0.016784178, -0.056146942), (-0.0009050723, -0.00059960026, -0.061110474), (-0.0009606823, 0.016722972, -0.061407458), (-0.00069863367, -0.0066175526, 0.051109858), (-0.00076657603, -0.0052504507, 0.056218464), (-0.00081634213, -0.003773234, 0.055452254), (-0.0007679873, -0.0048725386, 0.050298754), (-0.0007909818, -0.0081238225, 0.052133005), (-0.000769394, -0.0021461453, 0.055030417), (-0.0008121586, -0.009256716, 0.053256337), (-0.0007956004, -0.0031182864, 0.04981267), (-0.000900912, -0.0064051677, 0.05721128), (-0.0007627421, -0.01017725, 0.054653), (-0.00088394905, -0.0013809797, 0.049571853), (-0.0008193117, -0.00034384363, 0.054915704), (-0.00082046096, -0.00015626721, 0.049550436), (-0.0007618606, -0.010889241, 0.056196865), (-0.0008641539, -0.007186954, 0.05850807), (-0.0007994713, 0.0014711593, 0.04965292), (-0.00080953573, -0.011393715, 0.057767164), (-0.0008207923, 0.0014539834, 0.05504617), (-0.0007746826, 0.0030670946, 0.050027277), (-0.00084867555, -0.007553201, 0.05974311), (-0.00076061755, -0.011656877, 0.059443858), (-0.00077588327, 0.0046284623, 0.05060242), (-0.0008220241, 0.00301538, 0.055452034), (-0.0009142075, -0.0117752645, 0.06091638), (-0.0008483401, -0.0076544355, 0.06109888), (-0.00092940754, -0.011710607, 0.062269147), (-0.00080302637, 0.0061041545, 0.051397044), (-0.00089553295, -0.011434871, 0.06353339), (-0.00077463756, 0.004363933, 0.05614166), (-0.0008482973, -0.007404224, 0.062462974), (-0.0007778926, 0.0074230465, 0.052385837), (-0.0008730095, -0.011100097, 0.064737245), (-0.00087676244, -0.0068540317, 0.06366187), (-0.00077859353, 0.008521323, 0.053565897), (-0.0008732026, -0.010619911, 0.06586653), (-0.00088823936, 0.0053903647, 0.057018768), (-0.00091456214, -0.010021735, 0.06693443), (-0.0007790915, 0.009419877, 0.054939784), (-0.0008321243, -0.0060039074, 0.06467673), (-0.0008965113, -0.009292595, 0.06793886), (-0.0009112629, 0.0061889607, 0.058240462), (-0.0008970732, -0.008416515, 0.068865895), (-0.00080542936, 0.010090623, 0.056445725), (-0.0007651228, -0.0049424805, 0.065471195), (-0.0008977363, -0.0074414713, 0.06969283), (-0.0007794672, 0.010562538, 0.058079068), (-0.0009169641, -0.0063924566, 0.07037275), (-0.00088882324, 0.006636749, 0.059501894), (-0.00076616945, -0.0035554147, 0.066088855), (-0.0009178062, -0.0052707237, 0.070895635), (-0.0007793414, 0.010793841, 0.059806447), (-0.0008776341, -0.0041127442, 0.07135435), (-0.00091966597, -0.002877422, 0.07167084), (-0.0008754025, 0.006774787, 0.06087299), (-0.0007935116, -0.0019415038, 0.06643398), (-0.0009145008, 0.010857451, 0.061860878), (-0.0009022622, -0.0015657208, 0.07181249), (-0.00089150795, 0.0106524015, 0.06316016), (-0.00088082306, -0.00018899473, 0.0718695), (-0.0008749916, 0.006577947, 0.062203884), (-0.00076901313, -0.00006862177, 0.066492625), (-0.0008819809, 0.0011747532, 0.07178127), (-0.0009320936, 0.010362179, 0.064392604), (-0.0008743444, 0.006062101, 0.063368596), (-0.0009056805, 0.0024706933, 0.07159725), (-0.0008904487, 0.009913656, 0.06554403), (-0.0007705317, 0.0017023096, 0.066295914), (-0.00090675894, 0.003673265, 0.07120915), (-0.0008897748, 0.009348279, 0.06662893), (-0.00084157643, 0.0052458337, 0.06448046), (-0.0008852217, 0.004820369, 0.07075646), (-0.0009300682, 0.008662913, 0.067653485), (-0.0007979388, 0.003210852, 0.06581336), (-0.0008862275, 0.005890806, 0.07016228), (-0.0008881343, 0.00782202, 0.06859183), (-0.0009269138, 0.0043452536, 0.0651681), (-0.00088719814, 0.006891154, 0.069441006), (0.001279997, 0.0007516811, 0.008153561), (0.0012799879, 0.00042044566, 0.006604811), (-0.0011190346, 0.00031025568, 0.0070705735), (-0.0011209002, -0.013044861, -0.063459784), (-0.0011340661, 0.0028392768, -0.062763125), (-0.0011242304, -0.00964005, -0.066058256), (-0.0011179908, -0.010248873, -0.03507425), (-0.001127009, 0.0046993825, -0.01618474), (-0.0011271436, 0.0050892383, -0.015148189), (-0.0011160838, -0.0027388989, 0.009226607), (-0.0011161014, -0.0024323426, 0.010518435), (-0.0011110047, -0.010724115, 0.0005505022), (-0.0011077492, -0.007076892, 0.034660775), (-0.0011143046, 0.0063427277, 0.05994784), (-0.0011140852, 0.0063652005, 0.06123659), (-0.0011241591, -0.009479446, -0.06494492), (-0.0011361603, 0.0044201333, -0.066932425), (-0.0011361175, 0.0041291127, -0.06801768), (-0.0011260302, 0.0031734335, -0.017798267), (-0.0011266414, 0.004064296, -0.017071022), (-0.0011134138, -0.00814253, -0.0007919942), (-0.0011105154, -0.0059520127, 0.024794254), (-0.0011045482, 0.0028825598, 0.09704377), (-0.0011057098, 0.0042593144, 0.09699321), (-0.0011067621, 0.0023807765, 0.08280203), (-0.0011352891, 0.0027368814, -0.0698393), (-0.0011344947, 0.0016383698, -0.07051561), (-0.0011349064, 0.0036506539, -0.06363415), (-0.0011355368, 0.0041843764, -0.06462732), (-0.0011167292, -0.013729463, -0.044005066), (-0.0011159749, -0.008312872, -0.015411578), (-0.0011165906, -0.007796785, -0.016405197), (-0.001117405, -0.007011476, -0.017254576), (-0.0011029949, -0.0063337698, 0.0637318), (-0.0011035573, -0.005454285, 0.0646709), (0.0012543432, 0.011488605, -0.08197027), (0.0012499896, 0.016670087, -0.08206062), (0.0012461159, 0.016273538, -0.10480158), (0.001271955, -0.014479518, -0.104265325), (0.0012759268, -0.014072929, -0.08094864), (0.0012715732, -0.0088914465, -0.081039), (0.0012686556, -0.009190113, -0.098166674), (0.0012616013, -0.00079419295, -0.09831308), (0.0012642248, -0.00052564376, -0.082912564), (0.0012598711, 0.004655839, -0.08300291), (0.0012572479, 0.0043872898, -0.09840343), (0.0012515237, 0.011199978, -0.09852223), (0.0012793674, -0.013720719, -0.060750447), (0.001280299, -0.013625347, -0.05528111), (0.0012544598, 0.01712771, -0.05581737), (0.0012534547, 0.017024808, -0.061718497), (0.0012627533, 0.0059579364, -0.06152552), (-0.0011364459, 0.005955928, -0.061525077), (0.0012619256, 0.0067671896, -0.06233828), (0.0012611974, 0.0074490854, -0.06318984), (0.0012605685, 0.008003627, -0.06408018), (-0.0011384744, 0.0077899606, -0.064193726), (0.0012600392, 0.008430803, -0.06500931), (0.0012596091, 0.008730634, -0.06597726), (-0.0011394045, 0.008494802, -0.066032805), (0.0012592787, 0.008903098, -0.06698398), (0.0012590475, 0.008948207, -0.068029486), (-0.0011399497, 0.008705913, -0.06802576), (0.0012589053, 0.008868353, -0.06916068), (0.0012588736, 0.008669282, -0.07023247), (0.0012589529, 0.008351, -0.071244895), (0.0012591428, 0.007913487, -0.072197944), (-0.0011398299, 0.0076695476, -0.07206729), (0.0012594435, 0.007356768, -0.07309165), (0.0012598549, 0.006680824, -0.07392594), (0.0012603771, 0.0058856597, -0.07470088), (0.0012610106, 0.004976439, -0.07539087), (0.0012617555, 0.003958316, -0.07597037), (0.0012626122, 0.0028312975, -0.07643939), (0.0012635802, 0.0015953736, -0.0767979), (0.00126466, 0.00025055636, -0.07704593), (0.0012658513, -0.0012031654, -0.07718348), (0.0012671541, -0.0027657882, -0.07721052), (0.0012684504, -0.004296268, -0.077128), (0.001269682, -0.0057250983, -0.07693559), (0.0012708488, -0.0070522805, -0.07663327), (0.0012719507, -0.008277816, -0.07622106), (0.0012729879, -0.0094017, -0.075698964), (0.0012739603, -0.01042394, -0.07506696), (0.001274868, -0.011344529, -0.07432505), (0.0012756942, -0.012150804, -0.07350684), (0.0012764221, -0.012830095, -0.0726459), (0.0012770514, -0.013382406, -0.07174222), (-0.0011223048, -0.013171793, -0.071629606), (0.0012775825, -0.013807733, -0.070795804), (0.0012780152, -0.014106077, -0.06980669), (-0.0011213965, -0.0138404835, -0.06974393), (0.0012783494, -0.01427744, -0.06877482), (0.0012786232, -0.014307725, -0.06743125), (0.0012787113, -0.014176187, -0.06635927), (0.0012786723, -0.013894319, -0.06529499), (0.001278506, -0.0134621225, -0.0642384), (0.0012782054, -0.012876681, -0.06321313), (0.0012777575, -0.012132163, -0.062266428), (-0.001121311, -0.012340259, -0.06249225), (0.0012771602, -0.011227982, -0.061403006), (-0.0011218708, -0.011475992, -0.061608013), (0.0012766194, -0.01045006, -0.06080748), (-0.0011225798, -0.0104520675, -0.060807034), (0.001264704, 0.0032585426, -0.06319399), (0.0012659217, 0.002017765, -0.062225018), (-0.0011330358, 0.0018111648, -0.06184462), (0.0012671871, 0.00062408624, -0.061690696), (-0.0011316644, 0.00028936708, -0.06131644), (0.0012687086, -0.0011243718, -0.061376877), (0.0012704052, -0.0031312914, -0.061285637), (-0.001129148, -0.002655744, -0.061038874), (0.0012718498, -0.004889242, -0.061430126), (-0.0011276077, -0.0045152484, -0.061125442), (0.0012730205, -0.006372399, -0.06181295), (-0.001126349, -0.006099769, -0.061490573), (0.001273917, -0.0075807623, -0.06243408), (-0.0011254719, -0.0073150285, -0.062248558), (0.0012745457, -0.008512532, -0.06325171), (-0.0011247785, -0.0083165765, -0.0630317), (0.0012749189, -0.009164105, -0.06418219), (-0.0011243417, -0.009038289, -0.06393606), (0.001275038, -0.009535124, -0.06521717), (0.0012748884, -0.009620708, -0.06641399), (0.0012744252, -0.009361586, -0.0677458), (-0.0011244402, -0.009707779, -0.0674988), (0.0012736773, -0.008722885, -0.06889887), (-0.0011252991, -0.008932015, -0.06863249), (0.0012726448, -0.007704603, -0.06987321), (-0.0011261789, -0.008141045, -0.06980945), (0.0012716295, -0.0066258735, -0.07048114), (-0.0011273087, -0.006913823, -0.07036477), (0.001270465, -0.0053198813, -0.07086696), (-0.0011284126, -0.005688944, -0.07078952), (0.0012690579, -0.0036894353, -0.0710971), (-0.0011297805, -0.0041665523, -0.071297094), (0.0012674697, -0.0018072343, -0.07116585), (-0.0011321724, -0.0013390414, -0.0714329), (0.0012660786, -0.00011322349, -0.07102153), (-0.001133509, 0.0003187985, -0.07115665), (0.0012649526, 0.0013161224, -0.07064078), (0.001264092, 0.002480803, -0.0700236), (0.001263491, 0.0033791293, -0.06920752), (-0.001135827, 0.0035680302, -0.06898664), (0.0012631386, 0.00400773, -0.06826763), (0.0012630338, 0.004366266, -0.067211464), (0.0012631759, 0.0044544144, -0.06604488), (-0.0011359574, 0.0044404473, -0.06574269), (0.0012635441, 0.0042677554, -0.06489897), (0.0012639513, 0.0039542266, -0.0641159), (0.0012811642, -0.0101843905, -0.035030387), (0.0012837886, -0.013268118, -0.034795057), (0.0012847203, -0.013172746, -0.029325709), (0.0012659759, 0.009136414, -0.029714726), (0.0012649707, 0.009033512, -0.035615865), (0.0012728615, -0.0003579238, -0.0354521), (0.0012739463, -0.0016509875, -0.035438508), (0.0012749062, -0.0027993624, -0.035445362), (0.0012760963, -0.0042325486, -0.035496537), (-0.0011234052, -0.0038149762, -0.03523248), (0.0012772668, -0.0056611663, -0.035632905), (-0.0011221624, -0.0053783646, -0.03558815), (0.0012780897, -0.006710391, -0.03593141), (0.0012787672, -0.0076502026, -0.036521696), (0.0012792727, -0.008445496, -0.037387952), (0.0012795555, -0.009018946, -0.038453992), (0.0012795653, -0.009293227, -0.039643653), (0.0012793472, -0.009282159, -0.040772058), (0.0012788813, -0.008962053, -0.041842885), (0.0012781095, -0.008248307, -0.042786434), (0.00127713, -0.0072121727, -0.043393567), (0.0012759445, -0.00585655, -0.04366716), (0.0012745473, -0.0042141043, -0.04378835), (-0.0011242728, -0.0047160713, -0.04400239), (0.0012731934, -0.0026105472, -0.043852683), (0.0012721274, -0.0013432591, -0.043881387), (0.0012635324, 0.00888627, -0.044059765), (0.0012625272, 0.008783368, -0.049960896), (0.0012747428, -0.0057536447, -0.049699277), (-0.0011240559, -0.0061776885, -0.049443524), (0.0012761304, -0.007383625, -0.0495733), (-0.0011227424, -0.0077650086, -0.04952559), (0.001277353, -0.008788651, -0.04932116), (-0.0011215609, -0.009113795, -0.049241915), (0.0012784107, -0.009968721, -0.048942864), (0.0012793294, -0.010952565, -0.048428293), (0.0012801607, -0.011797634, -0.04775719), (0.0012809102, -0.0125096785, -0.046927553), (0.0012815751, -0.013086866, -0.04594473), (0.00128213, -0.0135108875, -0.044862505), (-0.0011171924, -0.013427178, -0.04514168), (0.0012825626, -0.013772592, -0.04370776), (0.0012828727, -0.013871981, -0.04248049), (-0.0011163885, -0.013869432, -0.042795934), (0.0012830503, -0.013808462, -0.041233495), (-0.0011161752, -0.01384693, -0.041540183), (0.0012830826, -0.013580018, -0.04002441), (-0.0011161063, -0.013659789, -0.040321387), (0.0012829696, -0.013186364, -0.03885421), (-0.001116183, -0.013307436, -0.03914146), (0.0012827122, -0.012630143, -0.03772838), (-0.0011164052, -0.012789875, -0.038000405), (0.0012823225, -0.011937798, -0.036702026), (-0.0011167633, -0.012128255, -0.036942292), (0.0012818065, -0.011122547, -0.0358027), (-0.0011172477, -0.011343731, -0.036011208), (0.0012753377, 0.002311694, -0.009980887), (0.0012758462, 0.00300868, -0.004076509), (0.0012745511, 0.0044357264, -0.004620042), (0.001273002, 0.006086794, -0.0055245194), (-0.0011257696, 0.0055847643, -0.005476073), (0.0012716657, 0.0074358727, -0.006644714), (-0.0011271221, 0.0069713993, -0.006513803), (0.001270541, 0.008483753, -0.00798385), (-0.001128243, 0.008031662, -0.0077763214), (0.0012696153, 0.009238449, -0.009574202), (-0.0011292076, 0.008861862, -0.009234443), (0.0012690412, 0.00962373, -0.010934064), (-0.001129943, 0.009352891, -0.010988859), (0.0012687228, 0.009784199, -0.011929761), (0.0012684525, 0.009872364, -0.012992295), (0.0012682304, 0.009888234, -0.0141216675), (0.0012680482, 0.00980152, -0.01549927), (0.0012679856, 0.00959093, -0.016790744), (0.0012680426, 0.009256463, -0.017996086), (0.0012682192, 0.008798113, -0.019115297), (0.0012685155, 0.008215891, -0.020148385), (0.0012689313, 0.007509788, -0.021095341), (0.0012694668, 0.006679803, -0.021956163), (0.0012701142, 0.0057390677, -0.02271355), (0.0012708656, 0.0047007063, -0.023350187), (0.001271721, 0.0035647196, -0.023866083), (0.0012726805, 0.0023311025, -0.024261223), (0.0012737438, 0.0009998652, -0.02453563), (0.0012749115, -0.00042900056, -0.02468928), (0.0012761831, -0.0019554948, -0.024722183), (0.001277461, -0.0034634245, -0.024636596), (0.0012786778, -0.004872584, -0.024434144), (0.0012798337, -0.0061829733, -0.02411483), (0.0012809284, -0.007394592, -0.023678653), (0.0012819621, -0.00850744, -0.023125611), (0.0012829348, -0.009521519, -0.022455707), (0.0012838463, -0.010436827, -0.021668939), (0.0012846815, -0.011239159, -0.02078438), (0.0012854248, -0.01191431, -0.019821098), (0.0012860761, -0.012462281, -0.018779097), (0.0012866356, -0.012883067, -0.017658371), (0.0012871032, -0.013176674, -0.016458927), (0.0012874788, -0.0133430995, -0.015180759), (0.0012877627, -0.013382342, -0.01382387), (0.0012879308, -0.013319747, -0.012631788), (0.0012880164, -0.013174797, -0.01151221), (0.0012880198, -0.012947495, -0.010465139), (0.0012878603, -0.012441836, -0.009039543), (-0.0011114621, -0.012414913, -0.009574487), (0.0012873729, -0.011493113, -0.007380431), (-0.001111856, -0.011572038, -0.0078895595), (0.0012865608, -0.010219186, -0.0060069812), (-0.001112567, -0.010412661, -0.006488218), (0.0012854321, -0.008628475, -0.0049104756), (-0.0011135682, -0.008959594, -0.0053249313), (0.0012843885, -0.0072379736, -0.0042606415), (-0.0011149396, -0.0071425857, -0.0045167888), (0.0012835875, -0.00620566, -0.003919442), (0.0012827078, -0.00509436, -0.003647261), (-0.0011164914, -0.005096368, -0.0036468173), (0.0012811334, -0.004513944, -0.009533639), (-0.0011180207, -0.0045347344, -0.009373896), (0.0012820724, -0.0057040215, -0.009841539), (0.0012829409, -0.006860913, -0.010382156), (0.0012835761, -0.007810162, -0.011243465), (0.0012838385, -0.008365342, -0.012336912), (0.0012838066, -0.008566207, -0.013417959), (0.0012835494, -0.008512838, -0.014567645), (-0.0011155579, -0.008559736, -0.014273724), (0.0012830826, -0.008198667, -0.01566944), (0.0012824173, -0.007615275, -0.016627), (0.0012815481, -0.0067555415, -0.017436158), (0.001280423, -0.0055482686, -0.018055307), (-0.0011184195, -0.0059964433, -0.018146591), (0.0012790164, -0.0039578583, -0.018463649), (-0.0011197971, -0.0044482397, -0.018588778), (0.0012777854, -0.0025255897, -0.01863815), (0.0012764632, -0.00095516274, -0.018679304), (0.0012749919, 0.0008315166, -0.018549452), (-0.001123945, 0.0004503327, -0.018847663), (0.001273837, 0.0022886114, -0.018199177), (-0.0011252128, 0.002032024, -0.018544145), (0.0012729989, 0.0034161203, -0.017628483), (0.0012724512, 0.0042404034, -0.016859287), (0.0012721419, 0.00481418, -0.015935436), (0.0012720654, 0.0051427297, -0.014861317), (0.001272256, 0.005214227, -0.013507575), (0.0012726898, 0.0049697855, -0.0122685395), (0.0012733525, 0.004402331, -0.011252942), (0.0012742374, 0.003515191, -0.010482987), (0.0012834704, -0.0038694139, 0.006019951), (0.0012832009, -0.0032845528, 0.0072108633), (0.0012831361, -0.002974534, 0.008263241), (0.001283112, -0.0026585355, 0.009562599), (0.0012830901, -0.0023588424, 0.010800511), (0.0012830381, -0.0020242557, 0.012033389), (0.0012829794, -0.0017840373, 0.012804024), (0.0012841929, -0.0032287112, 0.012826859), (0.0012852288, -0.004471119, 0.012805317), (0.0012862039, -0.005668935, 0.012656608), (-0.0011129018, -0.0057856306, 0.012643246), (0.0012869855, -0.0066981935, 0.012225187), (0.0012875246, -0.007492398, 0.011545522), (0.0012879462, -0.008241656, 0.010434362), (0.0012880964, -0.008708107, 0.009136125), (0.0012879341, -0.008798911, 0.007847741), (0.0012875232, -0.008545067, 0.006772624), (0.0012868723, -0.007964736, 0.00587992), (0.0012859385, -0.007003316, 0.005183311), (0.0012849466, -0.0058757695, 0.004922975), (0.0012841616, -0.0048943437, 0.005119816), (-0.0011192587, 0.0016864093, 0.01208762), (0.001279613, 0.0021854718, 0.012565394), (0.0012799155, 0.0015373186, 0.011267934), (0.0012799823, 0.0010970858, 0.009636409), (-0.0011190211, 0.0009758483, 0.010156488), (0.0012800201, 0.00003489432, 0.0050347694), (-0.0011189898, -0.00009937836, 0.00545875), (0.00128012, -0.00037905807, 0.0037001604), (-0.0011191126, -0.0002740299, 0.004004827), (0.0012802868, -0.00082140847, 0.0026009844), (-0.0011189625, -0.0007092792, 0.0028467928), (0.0012806213, -0.0014636026, 0.0015031983), (0.0012812486, -0.0024489088, 0.0004351126), (0.0012821268, -0.003672937, -0.0003563723), (0.0012832065, -0.005067746, -0.0008299446), (0.0012842413, -0.006336462, -0.0009768602), (0.0012854594, -0.0077659716, -0.00085978844), (0.0012867234, -0.009181207, -0.0004296486), (-0.0011121695, -0.009516284, -0.00028148506), (0.0012879082, -0.0104305195, 0.00032196948), (0.0012890048, -0.011505059, 0.0013895538), (-0.0011099362, -0.011748324, 0.0016929456), (0.0012899296, -0.012316339, 0.0027179986), (-0.0011092367, -0.012258635, 0.0031665117), (0.0012906401, -0.012820117, 0.0042797495), (-0.001108621, -0.012646033, 0.004741592), (0.0012911363, -0.013016392, 0.00607481), (0.0012913428, -0.012975083, 0.0073778825), (0.0012913988, -0.012806273, 0.008444966), (0.0012913476, -0.012517994, 0.009472319), (0.001291189, -0.01211025, 0.010460146), (0.0012909235, -0.011583082, 0.0114105195), (0.0012905513, -0.010936509, 0.01232447), (-0.0011087542, -0.010761948, 0.012548851), (0.001290271, -0.010344999, 0.013484572), (0.0012914644, -0.011665392, 0.013964011), (-0.0011072949, -0.012115426, 0.014314288), (0.0012920588, -0.012322938, 0.014201496), (0.0012927178, -0.011866665, 0.019829385), (-0.0011060693, -0.01231389, 0.020042768), (0.001291533, -0.010569874, 0.019291934), (0.0012904302, -0.009331213, 0.018935323), (0.0012893995, -0.008141969, 0.01874444), (0.0012883455, -0.0069053033, 0.018641895), (-0.0011105646, -0.0072480557, 0.01866274), (0.0012870878, -0.0054160147, 0.018581219), (-0.0011118092, -0.0058297566, 0.018351799), (0.0012809809, 0.0018727132, 0.0185472), (0.0012796941, 0.0033952922, 0.018480461), (-0.001119131, 0.002908266, 0.018307881), (0.001278235, 0.005096594, 0.018290037), (-0.0011206376, 0.0047185807, 0.018353306), (0.0012770835, 0.0064033414, 0.017977882), (0.0012760366, 0.0075257486, 0.017396897), (0.0012751286, 0.008426886, 0.016565438), (0.0012744457, 0.009048045, 0.01568399), (0.0012738022, 0.009579154, 0.014608317), (-0.0011255514, 0.009695828, 0.014310052), (0.0012732199, 0.009974798, 0.013250195), (-0.0011259253, 0.00981545, 0.012829063), (0.0012727097, 0.010212266, 0.011565501), (-0.0011264387, 0.010044558, 0.011091117), (0.0012723719, 0.010291507, 0.010097875), (0.0012721707, 0.010291606, 0.009010599), (0.0012719935, 0.010238804, 0.007812839), (0.0012718847, 0.010123717, 0.0067036417), (0.0012718585, 0.009826515, 0.005216963), (-0.0011271213, 0.009475065, 0.004821818), (0.001272052, 0.009222628, 0.0035299242), (-0.0011270646, 0.009038503, 0.0031528878), (0.0012725189, 0.008368141, 0.002188562), (-0.0011265293, 0.008120282, 0.0018915263), (0.0012732561, 0.0072485637, 0.0011072854), (-0.0011255738, 0.0067955316, 0.0010618587), (0.0012742613, 0.0058566392, 0.00024329014), (-0.0011245311, 0.0053758123, 0.0002746788), (0.0012755349, 0.0041923732, -0.0004034224), (-0.0011233125, 0.003740255, -0.0005374964), (0.0012772776, 0.0032962977, 0.004964736), (0.0012764843, 0.0043663145, 0.0055184592), (0.00127596, 0.0051747407, 0.0063417917), (0.0012757821, 0.005629068, 0.0074354373), (0.0012758533, 0.0057639224, 0.008431522), (0.0012760742, 0.0057527893, 0.00957577), (0.0012764635, 0.005561964, 0.010816431), (0.001277172, 0.0049625584, 0.011935141), (0.0012781477, 0.003930297, 0.012538177), (0.0012788539, 0.0031223805, 0.012701277), (0.001276216, 0.010184677, 0.030400084), (0.0012696049, 0.018052854, 0.030262884), (-0.001129594, 0.018050846, 0.030263327), (0.0012715021, 0.014495631, 0.02442199), (0.0012752108, 0.010081775, 0.024498956), (0.0012747531, 0.010034925, 0.021812258), (0.0012787036, 0.00533321, 0.021894244), (0.0012791611, 0.0053800596, 0.024580942), (0.0012876816, -0.0047603524, 0.024759678), (-0.0011118347, -0.0043325056, 0.024990672), (0.0012889706, -0.0062893922, 0.024809292), (0.0012901698, -0.007700514, 0.024907226), (0.0012911905, -0.008878324, 0.025095021), (0.0012922676, -0.010077312, 0.025493199), (0.001293256, -0.0111057395, 0.026183218), (-0.0011056104, -0.011430845, 0.026520187), (0.0012940039, -0.011797482, 0.027096411), (0.0012945757, -0.0122499345, 0.028140834), (0.0012950256, -0.012524183, 0.029331865), (0.0012952924, -0.012605595, 0.030407017), (0.0012954813, -0.012543309, 0.031709943), (-0.0011037551, -0.012578478, 0.03135809), (0.0012955628, -0.0123394085, 0.033073615), (-0.0011036397, -0.012410206, 0.032744516), (0.0012955082, -0.011993, 0.034346294), (-0.0011036602, -0.012099423, 0.034039948), (0.0012953822, -0.011644125, 0.03524393), (0.0012914994, -0.007224739, 0.03424929), (0.0012915714, -0.0075836987, 0.033015124), (0.001291385, -0.0076124403, 0.03187641), (0.0012907678, -0.0070615252, 0.031032424), (0.001289991, -0.006196787, 0.030745443), (0.0012890948, -0.005140054, 0.03068243), (0.0012880175, -0.0038609288, 0.030646168), (-0.0011108737, -0.00422919, 0.030654164), (0.0012801664, 0.005482962, 0.03048207), (0.001280853, 0.005553236, 0.034512114), (0.0012769024, 0.010254951, 0.034430128), (0.001270486, 0.018768286, 0.03826495), (0.0012750814, 0.013298945, 0.038360324), (0.0012760867, 0.013401846, 0.044261463), (0.0012714913, 0.018871188, 0.04416609), (0.0012775806, 0.01032439, 0.03841219), (0.0012963252, -0.01198477, 0.03880121), (0.0012973305, -0.011881868, 0.044702347), (0.0012785859, 0.0104272915, 0.04431333), (-0.001104878, -0.0055894875, 0.05691741), (0.0012943047, -0.0055646654, 0.056932285), (0.0012929349, -0.004139281, 0.05597603), (-0.0011059061, -0.004582743, 0.055914707), (0.00129164, -0.0026971127, 0.05550107), (-0.0011072038, -0.003155566, 0.055357054), (0.0012901758, -0.000997117, 0.055278655), (-0.0011086582, -0.0014751184, 0.055098202), (0.0012886759, 0.00080236455, 0.055311535), (-0.0011102374, 0.0003891556, 0.054997265), (0.0012874058, 0.0023846466, 0.055605233), (-0.0011115848, 0.002065798, 0.055299263), (0.0012863924, 0.0037180667, 0.056160316), (-0.0011127138, 0.0035194932, 0.055773433), (0.001285636, 0.004800327, 0.056968227), (-0.0011134061, 0.0045605805, 0.056740418), (0.0012851399, 0.0056085195, 0.0579437), (-0.0011139679, 0.0054401546, 0.057684664), (0.0012849061, 0.0061311875, 0.05904407), (-0.0011142674, 0.006034201, 0.058753807), (0.0012849341, 0.0063683307, 0.060269326), (0.0012852114, 0.0063186325, 0.061544016), (0.0012857122, 0.005979461, 0.06271723), (-0.0011136397, 0.006098463, 0.062438946), (0.0012864341, 0.0053505558, 0.06377386), (-0.0011129731, 0.005541992, 0.06352472), (0.0012873732, 0.004434338, 0.06470551), (-0.0011120855, 0.0046957834, 0.06449391), (0.0012884939, 0.0032550553, 0.06542819), (-0.0011110533, 0.0036761079, 0.06546116), (0.0012897783, 0.0018248283, 0.06589996), (-0.0011097728, 0.002275543, 0.06604541), (0.0012912262, 0.00014365849, 0.06612075), (-0.0011083294, 0.0006152851, 0.06633646), (0.001292735, -0.0016660956, 0.06608848), (-0.0011067701, -0.0012480592, 0.06633476), (0.0012940185, -0.0032637632, 0.06579719), (-0.0011053797, -0.0029530167, 0.06613684), (0.0012950395, -0.0046056807, 0.06524613), (-0.0011042544, -0.0044088163, 0.06563321), (0.0012957988, -0.005689991, 0.064443596), (0.0012962957, -0.006498101, 0.063472845), (0.00129653, -0.0070207166, 0.06237547), (-0.0011026949, -0.006927759, 0.06266607), (0.0012965022, -0.007257837, 0.061151505), (-0.001102657, -0.007236252, 0.061473772), (0.0012962248, -0.0072081466, 0.05987637), (-0.0011028767, -0.007258725, 0.060185008), (0.0012957236, -0.006869014, 0.058701027), (-0.0011033226, -0.006992018, 0.058980953), (0.0012952094, -0.0064335978, 0.057891313), (-0.0011039897, -0.0064356057, 0.05789176), (-0.0011043601, -0.0074302023, 0.051388144), (0.0012941996, -0.0067976755, 0.050782975), (0.0012958769, -0.008531709, 0.052004706), (-0.0011031195, -0.008676417, 0.05245635), (0.0012970561, -0.009669598, 0.05323204), (-0.0011020043, -0.009732985, 0.053704374), (0.0012980957, -0.010593184, 0.054673076), (-0.0011010227, -0.010583037, 0.05516473), (0.0012989823, -0.011298604, 0.056274243), (-0.0011001945, -0.0112206, 0.056757364), (0.0012996896, -0.01177812, 0.05792845), (-0.001099545, -0.011635563, 0.058391083), (0.0013002149, -0.01203096, 0.05962499), (-0.001099074, -0.011828069, 0.060066383), (0.0013004954, -0.012078916, 0.06092383), (0.0013006732, -0.011987052, 0.062302016), (0.0013007256, -0.011760766, 0.063608944), (0.0013006522, -0.011400059, 0.06484462), (0.0013004531, -0.01090493, 0.06600905), (0.0013001284, -0.010275378, 0.06710222), (0.0012996779, -0.009511406, 0.06812413), (0.0012991019, -0.008613012, 0.06907479), (0.0012984219, -0.0076132813, 0.069922656), (0.0012976599, -0.0065452983, 0.07063621), (0.001296816, -0.0054090624, 0.07121546), (0.0012958902, -0.0042045764, 0.07166037), (0.0012948823, -0.002931835, 0.071971014), (0.0012937926, -0.0015908431, 0.0721473), (0.0012926208, -0.00018159977, 0.07218929), (0.0012914365, 0.0012133406, 0.072099045), (0.0012902891, 0.0025354098, 0.07187824), (0.0012891786, 0.0037846086, 0.07152686), (0.0012881049, 0.004960935, 0.07104491), (0.001287068, 0.0060643936, 0.0704324), (0.001286068, 0.0070949784, 0.069689326), (0.0012851048, 0.008052691, 0.06881567), (0.00128421, 0.008906363, 0.067840666), (0.001283415, 0.00962483, 0.06679355), (0.0012827198, 0.01020809, 0.06567431), (0.0012821245, 0.010656135, 0.064482935), (0.001281629, 0.010968988, 0.063219465), (0.0012812333, 0.01114662, 0.06188385), (0.0012808713, 0.011166248, 0.060015433), (-0.0011180314, 0.010912638, 0.0604792), (0.0012807146, 0.010957864, 0.058225248), (-0.0011182668, 0.0107999025, 0.05869611), (0.0012807737, 0.010515089, 0.0565401), (-0.001118262, 0.010423268, 0.057018198), (0.0012810483, 0.009837927, 0.054959983), (-0.0011180458, 0.009817516, 0.05544508), (0.0012815372, 0.00893437, 0.053514738), (-0.0011176197, 0.008986523, 0.05398845), (0.0012822382, 0.007820423, 0.052264083), (-0.0011169876, 0.007950745, 0.052719448), (0.0012831511, 0.006497688, 0.051214017), (-0.0011161485, 0.006711168, 0.05164607), (0.0012842668, 0.0049775415, 0.05036676), (-0.0011151002, 0.0052641886, 0.05076618), (0.0012854942, 0.0033738196, 0.04974494), (-0.0011138965, 0.0036856537, 0.050130274), (0.0012867876, 0.001743436, 0.04935988), (-0.0011126604, 0.0021055108, 0.049662452), (0.001288147, 0.00008639048, 0.049211558), (-0.0011113451, 0.00048911484, 0.049459223), (0.0012894011, -0.0014029212, 0.049252294), (0.0012907004, -0.002913493, 0.049441084), (-0.001108905, -0.0023957146, 0.049597032), (0.0012923332, -0.0047659166, 0.049886882), (-0.0011072722, -0.004255072, 0.05001097), (-0.0011057592, -0.005935947, 0.05058553), (0.0013052822, -0.011067854, 0.09138367), (0.0013062874, -0.010964952, 0.09728482), (0.0012943507, 0.0032410186, 0.09703378), (0.0012932278, 0.004568725, 0.09697083), (0.0012920504, 0.005942239, 0.096819736), (0.0012909204, 0.007228637, 0.09653249), (0.0012899248, 0.008318239, 0.09608072), (0.0012889887, 0.009295995, 0.095444), (0.0012881175, 0.010144391, 0.094572574), (0.0012873166, 0.010845917, 0.0934167), (0.0012867188, 0.011305548, 0.0922646), (0.001286333, 0.011546568, 0.091269016), (0.0012860342, 0.011671839, 0.090220734), (0.0012858646, 0.011693438, 0.08940157), (0.001285719, 0.011595391, 0.08816961), (0.0012857122, 0.011345342, 0.087001964), (0.0012858446, 0.010943291, 0.08589859), (0.0012861162, 0.010389229, 0.0848595), (0.001286527, 0.009683175, 0.08388472), (0.0012870767, 0.0088251075, 0.08297423), (0.0012877657, 0.007815037, 0.08212804), (-0.0011114334, 0.007813028, 0.08212849), (0.0012850176, 0.011085697, 0.082071014), (0.001284086, 0.010990324, 0.07660165), (0.0013028305, -0.011318835, 0.076990664), (0.0013038357, -0.011215933, 0.082891814), (0.001295354, -0.0011213381, 0.08271579), (0.0012941136, 0.00036003918, 0.0827129), (-0.0011055204, 0.00082599174, 0.0824792), (0.001292739, 0.002016483, 0.08277584), (0.0012916989, 0.0032904593, 0.08291891), (0.0012908379, 0.004386737, 0.08322417), (-0.0011087763, 0.0048683663, 0.083170034), (0.0012900862, 0.0054176883, 0.08382552), (0.0012895517, 0.006251137, 0.08470767), (0.0012892648, 0.0068336558, 0.08579212), (0.0012892555, 0.0071118223, 0.087000355), (0.0012895156, 0.007071776, 0.088226035), (0.0012900666, 0.006659908, 0.08934207), (0.0012908704, 0.0058904365, 0.090205364), (0.0012917537, 0.004949006, 0.090722196), (0.0012926951, 0.0038783648, 0.09096557), (-0.0011067464, 0.0041572223, 0.09092654), (0.0012938342, 0.002546209, 0.09109634), (-0.0011056921, 0.0029294102, 0.091070846), (0.0012953127, 0.00079667487, 0.09117295), (-0.001104261, 0.0012925024, 0.09140081), (-0.0011198708, 0.0026651367, 0.013206764)]
}

