#usda 1.0
(
    defaultPrim = "SM_Lobby_Window_Corridor_1_0_1_0_1_09"
    upAxis = "Z"
)

def Mesh "SM_Lobby_Window_Corridor_1_0_1_0_1_09"
{
    int[] faceVertexCounts = [3, 3, 3, 3, 3, 3, 3, 3, 3, 3, 3, 3, 3, 3, 3, 3, 3, 3, 3, 3, 3, 3, 3, 3, 3, 3, 3, 3, 3, 3, 3, 3, 3, 3, 3, 3, 3, 3, 3, 3, 3, 3, 3, 3, 3, 3, 3, 3, 3, 3, 3, 3, 3, 3, 3, 3, 3, 3, 3, 3, 3, 3, 3, 3, 3, 3, 3, 3, 3, 3, 3, 3, 3, 3, 3, 3, 3, 3, 3, 3, 3, 3, 3, 3, 3, 3, 3, 3, 3, 3, 3, 3, 3, 3, 3, 3, 3, 3, 3, 3, 3, 3, 3, 3, 3, 3, 3, 3, 3, 3, 3, 3, 3, 3, 3, 3, 3, 3, 3, 3, 3, 3, 3, 3, 3, 3, 3, 3, 3, 3, 3, 3, 3, 3, 3, 3, 3, 3, 3, 3, 3, 3, 3, 3, 3, 3, 3, 3, 3, 3, 3, 3, 3, 3, 3, 3, 3, 3, 3, 3, 3, 3, 3, 3, 3, 3, 3, 3, 3, 3, 3, 3, 3, 3, 3, 3, 3, 3, 3, 3, 3, 3, 3, 3, 3, 3, 3, 3, 3, 3, 3, 3, 3, 3, 3, 3, 3, 3, 3, 3, 3, 3, 3, 3, 3, 3, 3, 3, 3, 3, 3, 3, 3, 3, 3, 3, 3, 3, 3, 3, 3, 3, 3, 3, 3, 3, 3, 3, 3, 3, 3, 3, 3, 3, 3, 3, 3, 3, 3, 3, 3, 3, 3, 3, 3, 3, 3, 3, 3, 3, 3, 3, 3, 3, 3, 3, 3, 3, 3, 3, 3, 3, 3, 3, 3, 3, 3, 3, 3, 3, 3, 3, 3, 3, 3, 3, 3, 3, 3, 3, 3, 3, 3, 3, 3, 3, 3, 3, 3, 3, 3, 3, 3, 3, 3, 3, 3, 3, 3, 3, 3, 3, 3, 3, 3, 3, 3, 3, 3, 3, 3, 3, 3, 3, 3, 3, 3, 3, 3, 3, 3, 3, 3, 3, 3, 3, 3, 3, 3, 3, 3, 3, 3, 3, 3, 3, 3, 3, 3, 3, 3, 3, 3, 3, 3, 3, 3, 3, 3, 3, 3, 3, 3, 3, 3, 3, 3, 3, 3, 3, 3, 3, 3, 3, 3, 3, 3, 3, 3, 3, 3, 3, 3, 3, 3, 3, 3, 3, 3, 3, 3, 3, 3, 3, 3, 3, 3, 3, 3, 3, 3, 3, 3, 3, 3, 3, 3, 3, 3, 3, 3, 3, 3, 3, 3, 3, 3, 3, 3, 3, 3, 3, 3, 3, 3, 3, 3, 3, 3, 3, 3, 3, 3, 3, 3, 3, 3, 3, 3, 3, 3, 3, 3, 3, 3, 3, 3, 3, 3, 3, 3, 3, 3, 3, 3, 3, 3, 3, 3, 3, 3, 3, 3, 3, 3, 3, 3, 3, 3, 3, 3, 3, 3, 3, 3, 3, 3, 3, 3, 3, 3, 3, 3, 3, 3, 3, 3, 3, 3, 3, 3, 3, 3, 3, 3, 3, 3, 3, 3, 3, 3, 3, 3, 3, 3, 3, 3, 3, 3, 3, 3, 3, 3, 3, 3, 3, 3, 3, 3, 3, 3, 3, 3, 3, 3, 3, 3, 3, 3, 3, 3, 3, 3, 3, 3, 3, 3, 3, 3, 3, 3, 3, 3, 3, 3, 3, 3, 3, 3, 3, 3, 3, 3, 3, 3, 3, 3, 3, 3, 3, 3, 3, 3, 3, 3, 3, 3, 3, 3, 3, 3, 3, 3, 3, 3, 3, 3, 3, 3, 3, 3, 3, 3, 3, 3, 3, 3, 3, 3, 3, 3, 3, 3, 3, 3, 3, 3, 3, 3, 3, 3, 3, 3, 3, 3, 3, 3, 3, 3, 3, 3, 3, 3, 3, 3, 3, 3, 3, 3, 3, 3, 3, 3, 3, 3, 3, 3, 3, 3, 3, 3, 3, 3, 3, 3, 3, 3, 3, 3, 3, 3, 3, 3, 3, 3, 3, 3, 3, 3, 3, 3, 3, 3, 3, 3, 3, 3, 3, 3, 3, 3, 3, 3, 3, 3, 3, 3, 3, 3, 3, 3, 3, 3, 3, 3, 3, 3, 3, 3, 3, 3, 3, 3, 3, 3, 3, 3, 3, 3, 3, 3, 3, 3, 3, 3, 3, 3, 3, 3, 3, 3, 3, 3, 3, 3, 3, 3, 3, 3, 3, 3, 3, 3, 3, 3, 3, 3, 3, 3, 3, 3, 3, 3, 3, 3, 3, 3, 3, 3, 3, 3, 3, 3, 3, 3, 3, 3, 3, 3, 3, 3, 3, 3, 3, 3, 3, 3, 3, 3, 3, 3, 3, 3, 3, 3, 3, 3, 3, 3, 3, 3, 3, 3, 3, 3, 3, 3, 3, 3, 3, 3, 3, 3, 3, 3, 3, 3, 3, 3, 3, 3, 3, 3, 3, 3, 3, 3, 3, 3, 3, 3, 3, 3, 3, 3, 3, 3, 3, 3, 3, 3, 3, 3, 3, 3, 3, 3, 3, 3, 3, 3, 3, 3, 3, 3, 3, 3, 3, 3, 3, 3, 3, 3, 3, 3, 3, 3, 3, 3, 3, 3, 3, 3, 3, 3, 3, 3, 3, 3, 3, 3, 3, 3, 3, 3, 3, 3, 3, 3, 3, 3, 3, 3, 3, 3, 3, 3, 3, 3, 3, 3, 3, 3, 3, 3, 3, 3, 3, 3, 3, 3, 3, 3, 3, 3, 3, 3, 3, 3, 3, 3, 3, 3, 3, 3, 3, 3, 3, 3, 3, 3, 3, 3, 3, 3, 3, 3, 3, 3, 3, 3, 3, 3, 3, 3, 3, 3, 3, 3, 3, 3, 3, 3, 3, 3, 3, 3, 3, 3, 3, 3, 3, 3, 3, 3, 3, 3, 3, 3, 3, 3, 3, 3, 3, 3, 3, 3, 3, 3, 3, 3, 3, 3, 3, 3, 3, 3, 3, 3, 3, 3, 3, 3, 3, 3, 3, 3, 3, 3, 3, 3, 3, 3, 3, 3, 3, 3, 3, 3, 3, 3, 3, 3, 3, 3, 3, 3, 3, 3, 3, 3, 3, 3, 3, 3, 3, 3, 3, 3, 3, 3, 3, 3, 3, 3, 3, 3, 3, 3, 3, 3, 3, 3, 3, 3, 3, 3, 3, 3, 3, 3, 3, 3, 3, 3, 3, 3, 3, 3, 3, 3, 3, 3, 3, 3, 3, 3, 3, 3, 3, 3, 3, 3, 3, 3, 3, 3, 3, 3, 3, 3, 3, 3, 3, 3, 3, 3, 3, 3, 3, 3, 3, 3, 3, 3, 3, 3, 3, 3, 3, 3, 3, 3, 3, 3, 3, 3, 3, 3, 3, 3, 3, 3, 3, 3, 3, 3, 3, 3, 3, 3, 3, 3, 3, 3, 3, 3, 3, 3, 3, 3, 3, 3, 3, 3, 3, 3, 3, 3, 3, 3, 3, 3, 3, 3, 3, 3, 3, 3, 3, 3, 3, 3, 3, 3, 3, 3, 3, 3, 3, 3, 3, 3, 3, 3, 3, 3, 3, 3, 3, 3, 3, 3, 3, 3, 3, 3, 3, 3, 3, 3, 3, 3, 3, 3, 3, 3, 3, 3, 3, 3, 3, 3, 3, 3, 3, 3, 3, 3, 3, 3, 3, 3, 3, 3, 3, 3, 3, 3, 3, 3, 3, 3, 3, 3, 3, 3, 3, 3, 3, 3, 3, 3, 3, 3, 3, 3, 3]
    int[] faceVertexIndices = [0, 1, 2, 2, 3, 0, 4, 5, 1, 1, 0, 4, 6, 7, 5, 5, 4, 6, 3, 2, 7, 7, 6, 3, 8, 9, 10, 10, 11, 8, 12, 13, 9, 9, 8, 12, 14, 15, 13, 13, 12, 14, 11, 10, 15, 15, 14, 11, 16, 17, 18, 18, 19, 16, 19, 18, 20, 20, 21, 19, 22, 21, 20, 20, 23, 22, 24, 25, 26, 26, 27, 24, 27, 26, 28, 28, 29, 27, 30, 29, 28, 28, 31, 30, 32, 33, 34, 34, 35, 32, 35, 34, 36, 36, 37, 35, 38, 37, 36, 36, 39, 38, 40, 32, 35, 35, 41, 40, 41, 35, 37, 37, 42, 41, 43, 42, 37, 37, 38, 43, 44, 40, 41, 41, 45, 44, 45, 41, 42, 42, 46, 45, 47, 46, 42, 42, 43, 47, 33, 44, 45, 45, 34, 33, 34, 45, 46, 46, 36, 34, 39, 36, 46, 46, 47, 39, 48, 49, 50, 50, 51, 48, 51, 50, 52, 52, 53, 51, 54, 53, 52, 52, 55, 54, 56, 48, 51, 51, 57, 56, 57, 51, 53, 53, 58, 57, 59, 58, 53, 53, 54, 59, 60, 56, 57, 57, 61, 60, 61, 57, 58, 58, 62, 61, 63, 62, 58, 58, 59, 63, 49, 60, 61, 61, 50, 49, 50, 61, 62, 62, 52, 50, 55, 52, 62, 62, 63, 55, 64, 65, 66, 66, 39, 64, 39, 66, 67, 68, 64, 39, 67, 38, 39, 39, 47, 68, 38, 67, 23, 69, 68, 47, 23, 20, 38, 47, 70, 69, 43, 38, 20, 70, 47, 43, 20, 18, 43, 43, 71, 70, 71, 43, 18, 18, 17, 71, 29, 30, 72, 72, 55, 29, 55, 72, 73, 27, 29, 55, 73, 54, 55, 55, 63, 27, 54, 73, 74, 24, 27, 63, 74, 75, 54, 63, 76, 24, 54, 75, 77, 76, 63, 59, 77, 59, 54, 59, 78, 76, 59, 77, 79, 79, 78, 59, 80, 81, 82, 82, 83, 80, 84, 80, 83, 83, 82, 85, 83, 86, 84, 85, 87, 83, 88, 84, 86, 89, 87, 85, 86, 90, 88, 85, 91, 89, 90, 86, 92, 89, 91, 93, 92, 94, 90, 93, 95, 89, 96, 94, 92, 95, 93, 97, 92, 98, 96, 97, 99, 95, 96, 98, 100, 100, 95, 99, 100, 101, 96, 99, 102, 100, 101, 100, 102, 102, 103, 101, 104, 105, 106, 106, 107, 104, 107, 106, 108, 105, 104, 109, 109, 110, 105, 104, 107, 0, 0, 3, 104, 109, 104, 3, 4, 0, 107, 3, 6, 109, 107, 111, 4, 6, 4, 111, 111, 109, 6, 108, 111, 107, 110, 109, 111, 111, 108, 110, 112, 113, 114, 114, 115, 112, 115, 114, 116, 113, 112, 117, 117, 118, 113, 112, 115, 8, 8, 11, 112, 117, 112, 11, 12, 8, 115, 11, 14, 117, 115, 119, 12, 14, 12, 119, 119, 117, 14, 116, 119, 115, 118, 117, 119, 119, 116, 118, 106, 105, 120, 120, 121, 106, 108, 106, 121, 122, 120, 105, 105, 110, 122, 110, 108, 123, 123, 122, 110, 121, 123, 108, 120, 122, 44, 44, 33, 120, 121, 120, 33, 40, 44, 122, 122, 123, 40, 33, 32, 121, 32, 40, 123, 123, 121, 32, 114, 113, 124, 124, 125, 114, 116, 114, 125, 126, 124, 113, 113, 118, 126, 118, 116, 127, 127, 126, 118, 125, 127, 116, 124, 126, 60, 60, 49, 124, 125, 124, 49, 56, 60, 126, 126, 127, 56, 49, 48, 125, 48, 56, 127, 127, 125, 48, 23, 30, 31, 31, 22, 23, 92, 86, 2, 2, 1, 92, 87, 92, 1, 1, 5, 87, 83, 87, 5, 5, 7, 83, 86, 83, 7, 7, 2, 86, 100, 98, 10, 10, 9, 100, 95, 100, 9, 9, 13, 95, 89, 95, 13, 13, 15, 89, 98, 89, 15, 15, 10, 98, 98, 92, 87, 87, 89, 98, 25, 16, 19, 19, 26, 25, 26, 19, 21, 21, 28, 26, 31, 28, 21, 21, 22, 31, 128, 129, 130, 130, 131, 128, 132, 128, 131, 131, 133, 132, 134, 132, 133, 133, 135, 134, 136, 134, 135, 135, 137, 136, 138, 136, 137, 137, 139, 138, 140, 138, 139, 139, 141, 140, 142, 130, 129, 129, 143, 142, 144, 142, 143, 143, 145, 144, 146, 144, 145, 145, 147, 146, 148, 146, 147, 147, 149, 148, 150, 148, 149, 149, 151, 150, 152, 150, 151, 151, 153, 152, 154, 152, 153, 153, 155, 154, 156, 154, 155, 155, 157, 156, 158, 156, 157, 157, 159, 158, 160, 158, 159, 159, 161, 160, 162, 160, 161, 161, 163, 162, 164, 162, 163, 163, 165, 164, 166, 164, 165, 165, 167, 166, 168, 166, 167, 167, 169, 168, 170, 168, 169, 169, 171, 170, 172, 170, 171, 171, 173, 172, 174, 172, 173, 173, 175, 174, 141, 174, 175, 175, 140, 141, 176, 177, 178, 178, 179, 176, 180, 176, 179, 179, 181, 180, 182, 180, 181, 181, 183, 182, 184, 182, 183, 183, 185, 184, 186, 184, 185, 185, 187, 186, 188, 186, 187, 187, 189, 188, 190, 178, 177, 177, 191, 190, 192, 190, 191, 191, 193, 192, 194, 192, 193, 193, 195, 194, 196, 194, 195, 195, 197, 196, 198, 196, 197, 197, 199, 198, 200, 198, 199, 199, 201, 200, 202, 200, 201, 201, 203, 202, 204, 202, 203, 203, 205, 204, 206, 204, 205, 205, 207, 206, 208, 206, 207, 207, 209, 208, 210, 208, 209, 209, 211, 210, 212, 210, 211, 211, 213, 212, 214, 212, 213, 213, 215, 214, 216, 214, 215, 215, 217, 216, 218, 216, 217, 217, 219, 218, 220, 218, 219, 219, 221, 220, 222, 220, 221, 221, 223, 222, 189, 222, 223, 223, 188, 189, 224, 225, 226, 226, 227, 224, 228, 224, 227, 227, 229, 228, 230, 228, 229, 229, 231, 230, 232, 230, 231, 231, 233, 232, 234, 232, 233, 233, 235, 234, 236, 234, 235, 235, 237, 236, 238, 226, 225, 225, 239, 238, 240, 238, 239, 239, 241, 240, 242, 240, 241, 241, 243, 242, 244, 242, 243, 243, 245, 244, 246, 244, 245, 245, 247, 246, 248, 246, 247, 247, 249, 248, 250, 248, 249, 249, 251, 250, 252, 250, 251, 251, 253, 252, 254, 252, 253, 253, 255, 254, 256, 254, 255, 255, 257, 256, 258, 256, 257, 257, 259, 258, 260, 258, 259, 259, 261, 260, 262, 260, 261, 261, 263, 262, 264, 262, 263, 263, 265, 264, 266, 264, 265, 265, 267, 266, 268, 266, 267, 267, 269, 268, 270, 268, 269, 269, 271, 270, 237, 270, 271, 271, 236, 237, 272, 273, 274, 274, 275, 272, 276, 272, 275, 275, 277, 276, 278, 276, 277, 277, 279, 278, 280, 278, 279, 279, 281, 280, 282, 280, 281, 281, 283, 282, 284, 282, 283, 283, 285, 284, 286, 274, 273, 273, 287, 286, 288, 286, 287, 287, 289, 288, 290, 288, 289, 289, 291, 290, 292, 290, 291, 291, 293, 292, 294, 292, 293, 293, 295, 294, 296, 294, 295, 295, 297, 296, 298, 296, 297, 297, 299, 298, 300, 298, 299, 299, 301, 300, 302, 300, 301, 301, 303, 302, 304, 302, 303, 303, 305, 304, 306, 304, 305, 305, 307, 306, 308, 306, 307, 307, 309, 308, 310, 308, 309, 309, 311, 310, 312, 310, 311, 311, 313, 312, 314, 312, 313, 313, 315, 314, 316, 314, 315, 315, 317, 316, 318, 316, 317, 317, 319, 318, 285, 318, 319, 319, 284, 285, 320, 321, 322, 323, 320, 324, 320, 322, 324, 322, 325, 326, 322, 326, 327, 326, 328, 327, 322, 327, 324, 327, 329, 330, 331, 332, 324, 327, 330, 333, 330, 334, 333, 335, 331, 324, 335, 336, 331, 327, 337, 324, 337, 335, 324, 327, 333, 337, 338, 339, 335, 337, 338, 335, 337, 340, 338, 333, 341, 337, 333, 342, 341, 341, 343, 337, 344, 345, 346, 347, 344, 348, 344, 346, 348, 346, 349, 350, 346, 350, 351, 350, 352, 351, 346, 351, 348, 351, 353, 354, 355, 356, 348, 351, 354, 357, 354, 358, 357, 359, 355, 348, 359, 360, 355, 351, 361, 348, 361, 359, 348, 351, 357, 361, 362, 363, 359, 361, 362, 359, 361, 364, 362, 357, 365, 361, 357, 366, 365, 365, 367, 361, 368, 369, 370, 371, 368, 372, 368, 370, 372, 370, 373, 374, 370, 374, 375, 374, 376, 375, 370, 375, 372, 375, 377, 378, 379, 380, 372, 375, 378, 381, 378, 382, 381, 383, 379, 372, 383, 384, 379, 375, 385, 372, 385, 383, 372, 375, 381, 385, 386, 387, 383, 385, 386, 383, 385, 388, 386, 381, 389, 385, 381, 390, 389, 389, 391, 385, 392, 393, 394, 395, 392, 396, 392, 394, 396, 394, 397, 398, 394, 398, 399, 398, 400, 399, 394, 399, 396, 399, 401, 402, 403, 404, 396, 399, 402, 405, 402, 406, 405, 407, 403, 396, 407, 408, 403, 399, 409, 396, 409, 407, 396, 399, 405, 409, 410, 411, 407, 409, 410, 407, 409, 412, 410, 405, 413, 409, 405, 414, 413, 413, 415, 409, 416, 417, 418, 419, 416, 420, 416, 418, 420, 418, 421, 422, 418, 422, 423, 422, 424, 423, 418, 423, 420, 423, 425, 426, 427, 428, 420, 423, 426, 429, 426, 430, 429, 431, 427, 420, 431, 432, 427, 423, 433, 420, 433, 431, 420, 423, 429, 433, 434, 435, 431, 433, 434, 431, 433, 436, 434, 429, 437, 433, 429, 438, 437, 437, 439, 433, 440, 441, 442, 443, 440, 444, 440, 442, 444, 442, 445, 446, 442, 446, 447, 446, 448, 447, 442, 447, 444, 447, 449, 450, 451, 452, 444, 447, 450, 453, 450, 454, 453, 455, 451, 444, 455, 456, 451, 447, 457, 444, 457, 455, 444, 447, 453, 457, 458, 459, 455, 457, 458, 455, 457, 460, 458, 453, 461, 457, 453, 462, 461, 461, 463, 457, 464, 465, 466, 467, 464, 468, 464, 466, 468, 466, 469, 470, 466, 470, 471, 470, 472, 471, 466, 471, 468, 471, 473, 474, 475, 476, 468, 471, 474, 477, 474, 478, 477, 479, 475, 468, 479, 480, 475, 471, 481, 468, 481, 479, 468, 471, 477, 481, 482, 483, 479, 481, 482, 479, 481, 484, 482, 477, 485, 481, 477, 486, 485, 485, 487, 481, 488, 489, 490, 491, 488, 492, 488, 490, 492, 490, 493, 494, 490, 494, 495, 494, 496, 495, 490, 495, 492, 495, 497, 498, 499, 500, 492, 495, 498, 501, 498, 502, 501, 503, 499, 492, 503, 504, 499, 495, 505, 492, 505, 503, 492, 495, 501, 505, 506, 507, 503, 505, 506, 503, 505, 508, 506, 501, 509, 505, 501, 510, 509, 509, 511, 505, 336, 129, 128, 128, 331, 336, 331, 128, 132, 132, 332, 331, 332, 132, 134, 134, 324, 332, 324, 134, 136, 136, 323, 324, 323, 136, 138, 138, 320, 323, 320, 138, 140, 140, 321, 320, 129, 336, 335, 335, 143, 129, 143, 335, 339, 339, 145, 143, 145, 339, 338, 338, 147, 145, 147, 338, 340, 340, 149, 147, 149, 340, 337, 337, 151, 149, 151, 337, 343, 343, 153, 151, 153, 343, 341, 341, 155, 153, 155, 341, 342, 342, 157, 155, 157, 342, 333, 333, 159, 157, 159, 333, 334, 334, 161, 159, 161, 334, 330, 330, 163, 161, 163, 330, 329, 329, 165, 163, 165, 329, 327, 327, 167, 165, 167, 327, 328, 328, 169, 167, 169, 328, 326, 326, 171, 169, 171, 326, 325, 325, 173, 171, 173, 325, 322, 322, 175, 173, 175, 322, 321, 321, 140, 175, 384, 177, 176, 176, 379, 384, 379, 176, 180, 180, 380, 379, 380, 180, 182, 182, 372, 380, 372, 182, 184, 184, 371, 372, 371, 184, 186, 186, 368, 371, 368, 186, 188, 188, 369, 368, 177, 384, 383, 383, 191, 177, 191, 383, 387, 387, 193, 191, 193, 387, 386, 386, 195, 193, 195, 386, 388, 388, 197, 195, 197, 388, 385, 385, 199, 197, 199, 385, 391, 391, 201, 199, 201, 391, 389, 389, 203, 201, 203, 389, 390, 390, 205, 203, 205, 390, 381, 381, 207, 205, 207, 381, 382, 382, 209, 207, 209, 382, 378, 378, 211, 209, 211, 378, 377, 377, 213, 211, 213, 377, 375, 375, 215, 213, 215, 375, 376, 376, 217, 215, 217, 376, 374, 374, 219, 217, 219, 374, 373, 373, 221, 219, 221, 373, 370, 370, 223, 221, 223, 370, 369, 369, 188, 223, 432, 225, 224, 224, 427, 432, 427, 224, 228, 228, 428, 427, 428, 228, 230, 230, 420, 428, 420, 230, 232, 232, 419, 420, 419, 232, 234, 234, 416, 419, 416, 234, 236, 236, 417, 416, 225, 432, 431, 431, 239, 225, 239, 431, 435, 435, 241, 239, 241, 435, 434, 434, 243, 241, 243, 434, 436, 436, 245, 243, 245, 436, 433, 433, 247, 245, 247, 433, 439, 439, 249, 247, 249, 439, 437, 437, 251, 249, 251, 437, 438, 438, 253, 251, 253, 438, 429, 429, 255, 253, 255, 429, 430, 430, 257, 255, 257, 430, 426, 426, 259, 257, 259, 426, 425, 425, 261, 259, 261, 425, 423, 423, 263, 261, 263, 423, 424, 424, 265, 263, 265, 424, 422, 422, 267, 265, 267, 422, 421, 421, 269, 267, 269, 421, 418, 418, 271, 269, 271, 418, 417, 417, 236, 271, 480, 273, 272, 272, 475, 480, 475, 272, 276, 276, 476, 475, 476, 276, 278, 278, 468, 476, 468, 278, 280, 280, 467, 468, 467, 280, 282, 282, 464, 467, 464, 282, 284, 284, 465, 464, 273, 480, 479, 479, 287, 273, 287, 479, 483, 483, 289, 287, 289, 483, 482, 482, 291, 289, 291, 482, 484, 484, 293, 291, 293, 484, 481, 481, 295, 293, 295, 481, 487, 487, 297, 295, 297, 487, 485, 485, 299, 297, 299, 485, 486, 486, 301, 299, 301, 486, 477, 477, 303, 301, 303, 477, 478, 478, 305, 303, 305, 478, 474, 474, 307, 305, 307, 474, 473, 473, 309, 307, 309, 473, 471, 471, 311, 309, 311, 471, 472, 472, 313, 311, 313, 472, 470, 470, 315, 313, 315, 470, 469, 469, 317, 315, 317, 469, 466, 466, 319, 317, 319, 466, 465, 465, 284, 319, 512, 513, 514, 514, 515, 512, 515, 514, 516, 516, 517, 515, 517, 516, 518, 518, 519, 517, 519, 518, 520, 520, 521, 519, 521, 520, 522, 522, 523, 521, 523, 522, 524, 524, 525, 523, 526, 527, 528, 528, 529, 526, 529, 528, 530, 530, 531, 529, 531, 530, 532, 532, 533, 531, 533, 532, 534, 534, 535, 533, 535, 534, 536, 536, 537, 535, 537, 536, 538, 538, 539, 537, 539, 538, 513, 513, 512, 539, 540, 541, 542, 542, 543, 540, 543, 542, 544, 544, 545, 543, 545, 544, 546, 546, 547, 545, 547, 546, 548, 548, 549, 547, 549, 548, 550, 550, 551, 549, 551, 550, 527, 527, 526, 551, 525, 524, 552, 552, 553, 525, 553, 552, 554, 554, 555, 553, 555, 554, 556, 556, 557, 555, 557, 556, 558, 558, 559, 557, 559, 558, 560, 560, 561, 559, 561, 560, 562, 562, 563, 561, 563, 562, 541, 541, 540, 563, 564, 565, 566, 566, 567, 564, 567, 566, 568, 568, 569, 567, 569, 568, 570, 570, 571, 569, 571, 570, 572, 572, 573, 571, 573, 572, 574, 574, 575, 573, 575, 574, 576, 576, 577, 575, 578, 579, 580, 580, 581, 578, 581, 580, 582, 582, 583, 581, 583, 582, 584, 584, 585, 583, 585, 584, 586, 586, 587, 585, 587, 586, 588, 588, 589, 587, 589, 588, 590, 590, 591, 589, 591, 590, 565, 565, 564, 591, 592, 593, 594, 594, 595, 592, 595, 594, 596, 596, 597, 595, 597, 596, 598, 598, 599, 597, 599, 598, 600, 600, 601, 599, 601, 600, 602, 602, 603, 601, 603, 602, 579, 579, 578, 603, 577, 576, 604, 604, 605, 577, 605, 604, 606, 606, 607, 605, 607, 606, 608, 608, 609, 607, 609, 608, 610, 610, 611, 609, 611, 610, 612, 612, 613, 611, 613, 612, 614, 614, 615, 613, 615, 614, 593, 593, 592, 615, 131, 130, 349, 349, 346, 131, 133, 131, 346, 346, 345, 133, 135, 133, 345, 345, 344, 135, 137, 135, 344, 344, 347, 137, 139, 137, 347, 347, 348, 139, 141, 139, 348, 348, 356, 141, 350, 349, 130, 130, 142, 350, 352, 350, 142, 142, 144, 352, 351, 352, 144, 144, 146, 351, 353, 351, 146, 146, 148, 353, 354, 353, 148, 148, 150, 354, 358, 354, 150, 150, 152, 358, 357, 358, 152, 152, 154, 357, 366, 357, 154, 154, 156, 366, 365, 366, 156, 156, 158, 365, 367, 365, 158, 158, 160, 367, 361, 367, 160, 160, 162, 361, 364, 361, 162, 162, 164, 364, 362, 364, 164, 164, 166, 362, 363, 362, 166, 166, 168, 363, 359, 363, 168, 168, 170, 359, 360, 359, 170, 170, 172, 360, 355, 360, 172, 172, 174, 355, 356, 355, 174, 174, 141, 356, 179, 178, 397, 397, 394, 179, 181, 179, 394, 394, 393, 181, 183, 181, 393, 393, 392, 183, 185, 183, 392, 392, 395, 185, 187, 185, 395, 395, 396, 187, 189, 187, 396, 396, 404, 189, 398, 397, 178, 178, 190, 398, 400, 398, 190, 190, 192, 400, 399, 400, 192, 192, 194, 399, 401, 399, 194, 194, 196, 401, 402, 401, 196, 196, 198, 402, 406, 402, 198, 198, 200, 406, 405, 406, 200, 200, 202, 405, 414, 405, 202, 202, 204, 414, 413, 414, 204, 204, 206, 413, 415, 413, 206, 206, 208, 415, 409, 415, 208, 208, 210, 409, 412, 409, 210, 210, 212, 412, 410, 412, 212, 212, 214, 410, 411, 410, 214, 214, 216, 411, 407, 411, 216, 216, 218, 407, 408, 407, 218, 218, 220, 408, 403, 408, 220, 220, 222, 403, 404, 403, 222, 222, 189, 404, 227, 226, 445, 445, 442, 227, 229, 227, 442, 442, 441, 229, 231, 229, 441, 441, 440, 231, 233, 231, 440, 440, 443, 233, 235, 233, 443, 443, 444, 235, 237, 235, 444, 444, 452, 237, 446, 445, 226, 226, 238, 446, 448, 446, 238, 238, 240, 448, 447, 448, 240, 240, 242, 447, 449, 447, 242, 242, 244, 449, 450, 449, 244, 244, 246, 450, 454, 450, 246, 246, 248, 454, 453, 454, 248, 248, 250, 453, 462, 453, 250, 250, 252, 462, 461, 462, 252, 252, 254, 461, 463, 461, 254, 254, 256, 463, 457, 463, 256, 256, 258, 457, 460, 457, 258, 258, 260, 460, 458, 460, 260, 260, 262, 458, 459, 458, 262, 262, 264, 459, 455, 459, 264, 264, 266, 455, 456, 455, 266, 266, 268, 456, 451, 456, 268, 268, 270, 451, 452, 451, 270, 270, 237, 452, 275, 274, 493, 493, 490, 275, 277, 275, 490, 490, 489, 277, 279, 277, 489, 489, 488, 279, 281, 279, 488, 488, 491, 281, 283, 281, 491, 491, 492, 283, 285, 283, 492, 492, 500, 285, 494, 493, 274, 274, 286, 494, 496, 494, 286, 286, 288, 496, 495, 496, 288, 288, 290, 495, 497, 495, 290, 290, 292, 497, 498, 497, 292, 292, 294, 498, 502, 498, 294, 294, 296, 502, 501, 502, 296, 296, 298, 501, 510, 501, 298, 298, 300, 510, 509, 510, 300, 300, 302, 509, 511, 509, 302, 302, 304, 511, 505, 511, 304, 304, 306, 505, 508, 505, 306, 306, 308, 508, 506, 508, 308, 308, 310, 506, 507, 506, 310, 310, 312, 507, 503, 507, 312, 312, 314, 503, 504, 503, 314, 314, 316, 504, 499, 504, 316, 316, 318, 499, 500, 499, 318, 318, 285, 500, 536, 534, 616, 534, 532, 616, 616, 617, 536, 618, 616, 532, 538, 536, 617, 532, 530, 618, 617, 619, 538, 620, 618, 530, 513, 538, 619, 530, 528, 620, 619, 621, 513, 622, 620, 528, 514, 513, 621, 528, 527, 622, 621, 623, 514, 624, 622, 527, 516, 514, 623, 527, 550, 624, 623, 625, 516, 626, 624, 550, 518, 516, 625, 550, 548, 626, 625, 627, 518, 628, 626, 548, 520, 518, 627, 548, 546, 628, 627, 629, 520, 630, 628, 546, 522, 520, 629, 546, 544, 630, 629, 631, 522, 632, 630, 544, 524, 522, 631, 544, 542, 632, 631, 633, 524, 634, 632, 542, 552, 524, 633, 542, 541, 634, 633, 635, 552, 636, 634, 541, 554, 552, 635, 541, 562, 636, 635, 637, 554, 638, 636, 562, 556, 554, 637, 562, 560, 638, 637, 639, 556, 639, 638, 560, 558, 556, 639, 560, 558, 639, 588, 586, 640, 586, 584, 640, 640, 641, 588, 642, 640, 584, 590, 588, 641, 584, 582, 642, 641, 643, 590, 644, 642, 582, 565, 590, 643, 582, 580, 644, 643, 645, 565, 646, 644, 580, 566, 565, 645, 580, 579, 646, 645, 647, 566, 648, 646, 579, 568, 566, 647, 579, 602, 648, 647, 649, 568, 650, 648, 602, 570, 568, 649, 602, 600, 650, 649, 651, 570, 652, 650, 600, 572, 570, 651, 600, 598, 652, 651, 653, 572, 654, 652, 598, 574, 572, 653, 598, 596, 654, 653, 655, 574, 656, 654, 596, 576, 574, 655, 596, 594, 656, 655, 657, 576, 658, 656, 594, 604, 576, 657, 594, 593, 658, 657, 659, 604, 660, 658, 593, 606, 604, 659, 593, 614, 660, 659, 661, 606, 662, 660, 614, 608, 606, 661, 614, 612, 662, 661, 663, 608, 663, 662, 612, 610, 608, 663, 612, 610, 663]
    normal3f[] normals = [(-0.00004403195, -0.00007114714, 1), (-0.00007644069, 1, 0.00007114377), (0.00007644069, -1, -0.00007114377), (0.00007644069, -1, -0.00007114377), (-0.00004403195, -0.00007114714, 1), (-0.00004403195, -0.00007114714, 1), (-0.00004403195, -0.00007114714, 1), (-0.00007644069, 1, 0.00007114377), (-0.00007644069, 1, 0.00007114377), (-0.00007644069, 1, 0.00007114377), (-0.00004403195, -0.00007114714, 1), (-0.00004403195, -0.00007114714, 1), (-0.00004403195, -0.00007114714, 1), (0.000077434095, -1, -0.000071143724), (-0.00007644069, 1, 0.00007114377), (-0.00007644069, 1, 0.00007114377), (-0.00004403195, -0.00007114714, 1), (-0.00004403195, -0.00007114714, 1), (-0.00004403195, -0.00007114714, 1), (0.00007644069, -1, -0.00007114377), (0.000077434095, -1, -0.000071143724), (0.000077434095, -1, -0.000071143724), (-0.00004403195, -0.00007114714, 1), (-0.00004403195, -0.00007114714, 1), (-0.00004403195, -0.00007114714, 1), (-0.00007445388, 1, 0.00007132613), (0.00007644069, -1, -0.00007114377), (0.00007644069, -1, -0.00007114377), (-0.00004403195, -0.00007114714, 1), (-0.00004403195, -0.00007114714, 1), (-0.00004403195, -0.00007114714, 1), (-0.00007445388, 1, 0.0000713427), (-0.00007445388, 1, 0.00007132613), (-0.00007445388, 1, 0.00007132613), (-0.00004403195, -0.00007114714, 1), (-0.00004403195, -0.00007114714, 1), (-0.00004403195, -0.00007114714, 1), (0.00007644069, -1, -0.00007114377), (-0.00007445388, 1, 0.0000713427), (-0.00007445388, 1, 0.0000713427), (-0.00004403195, -0.00007114714, 1), (-0.00004403195, -0.00007114714, 1), (-0.00004403195, -0.00007114714, 1), (0.00007644069, -1, -0.00007114377), (0.00007644069, -1, -0.00007114377), (0.00007644069, -1, -0.00007114377), (-0.00004403195, -0.00007114714, 1), (-0.00004403195, -0.00007114714, 1), (-0.00004403195, -0.00007114714, 1), (-1, -0.00007643756, -0.000044037388), (-1, -0.00007643754, -0.000044168803), (-1, -0.00007643754, -0.000044168803), (-0.00004403195, -0.00007114714, 1), (-0.00004403195, -0.00007114714, 1), (-0.00004403195, -0.00007114714, 1), (-1, -0.00007643754, -0.000044168803), (-1, -0.00007645123, -0.00004418367), (-1, -0.00007645123, -0.00004418367), (-1, -0.00007643754, -0.000044179236), (-0.00004403195, -0.00007114714, 1), (-0.00004403195, -0.00007114714, 1), (-1, -0.00007643754, -0.000044179236), (-1, -0.00007645123, -0.00004418367), (-1, -0.00007645123, -0.00004418367), (-1, -0.00007645809, -0.000044041117), (-0.00004403195, -0.00007114714, 1), (-1, -0.00007643756, -0.000044037388), (-1, -0.00007643756, -0.000044037388), (-1, -0.00007643754, -0.000044182965), (-1, -0.00007643754, -0.000044182965), (-1, -0.00007642475, -0.00004418274), (-1, -0.00007643756, -0.000044037388), (-1, -0.00007642475, -0.00004418274), (-1, -0.00007643754, -0.000044182965), (-0.00004403195, -0.00007114714, 1), (-0.00004403195, -0.00007114714, 1), (-1, -0.00007642579, -0.00004417154), (-1, -0.00007642475, -0.00004418274), (-1, -0.00007641184, -0.000044045268), (-1, -0.00007642579, -0.00004417154), (-0.00004403195, -0.00007114714, 1), (-0.00004403195, -0.00007114714, 1), (-1, -0.00007643756, -0.000044037388), (-1, -0.00007641184, -0.000044045268), (-0.7978627, -0.60001785, -0.058255795), (-0.6460211, 0.7633196, 0.000025880467), (-0.25449228, 0.9670749, 0.000057598816), (-0.25449228, 0.9670749, 0.000057598816), (-0.38066494, -0.92471313, -0.00008255211), (-0.7978627, -0.60001785, -0.058255795), (-0.38066494, -0.92471313, -0.00008255211), (-0.25449228, 0.9670749, 0.000057598816), (-0.010312337, 0.99994683, 0.00007068928), (-0.010312337, 0.99994683, 0.00007068928), (-0.010170987, -0.99994826, -0.000071591305), (-0.38066494, -0.92471313, -0.00008255211), (-1, -0.000076274475, -0.00004411817), (-0.010170987, -0.99994826, -0.000071591305), (-0.010312337, 0.99994683, 0.00007068928), (-0.010312337, 0.99994683, 0.00007068928), (-1, -0.00007632793, -0.000044146906), (-1, -0.000076274475, -0.00004411817), (-0.645825, -0.76348543, -0.0000827928), (-0.7978627, -0.60001785, -0.058255795), (-0.38066494, -0.92471313, -0.00008255211), (-0.38066494, -0.92471313, -0.00008255211), (-0.254492, -0.96707493, -0.00008004164), (-0.645825, -0.76348543, -0.0000827928), (-0.254492, -0.96707493, -0.00008004164), (-0.38066494, -0.92471313, -0.00008255211), (-0.010170987, -0.99994826, -0.000071591305), (-0.010170987, -0.99994826, -0.000071591305), (-0.010171839, -0.99994826, -0.00007159134), (-0.254492, -0.96707493, -0.00008004164), (-1, -0.00007623309, -0.000044118955), (-0.010171839, -0.99994826, -0.00007159134), (-0.010170987, -0.99994826, -0.000071591305), (-0.010170987, -0.99994826, -0.000071591305), (-1, -0.000076274475, -0.00004411817), (-1, -0.00007623309, -0.000044118955), (-0.7979939, 0.59984887, 0.058196492), (-0.645825, -0.76348543, -0.0000827928), (-0.254492, -0.96707493, -0.00008004164), (-0.254492, -0.96707493, -0.00008004164), (-0.38082105, 0.9246489, 0.00004905123), (-0.7979939, 0.59984887, 0.058196492), (-0.38082105, 0.9246489, 0.00004905123), (-0.254492, -0.96707493, -0.00008004164), (-0.010171839, -0.99994826, -0.00007159134), (-0.010171839, -0.99994826, -0.00007159134), (-0.010311572, 0.99994683, 0.00007068931), (-0.38082105, 0.9246489, 0.00004905123), (-1, -0.00007633186, -0.000044134853), (-0.010311572, 0.99994683, 0.00007068931), (-0.010171839, -0.99994826, -0.00007159134), (-0.010171839, -0.99994826, -0.00007159134), (-1, -0.00007623309, -0.000044118955), (-1, -0.00007633186, -0.000044134853), (-0.6460211, 0.7633196, 0.000025880467), (-0.7979939, 0.59984887, 0.058196492), (-0.38082105, 0.9246489, 0.00004905123), (-0.38082105, 0.9246489, 0.00004905123), (-0.25449228, 0.9670749, 0.000057598816), (-0.6460211, 0.7633196, 0.000025880467), (-0.25449228, 0.9670749, 0.000057598816), (-0.38082105, 0.9246489, 0.00004905123), (-0.010311572, 0.99994683, 0.00007068931), (-0.010311572, 0.99994683, 0.00007068931), (-0.010312337, 0.99994683, 0.00007068928), (-0.25449228, 0.9670749, 0.000057598816), (-1, -0.00007632793, -0.000044146906), (-0.010312337, 0.99994683, 0.00007068928), (-0.010311572, 0.99994683, 0.00007068931), (-0.010311572, 0.99994683, 0.00007068931), (-1, -0.00007633186, -0.000044134853), (-1, -0.00007632793, -0.000044146906), (-0.79758507, -0.60043633, -0.05774309), (-0.6459681, 0.76336443, 0.000025813863), (-0.2544849, 0.96707684, 0.00005759928), (-0.2544849, 0.96707684, 0.00005759928), (-0.38061953, -0.92473173, -0.000082551436), (-0.79758507, -0.60043633, -0.05774309), (-0.38061953, -0.92473173, -0.000082551436), (-0.2544849, 0.96707684, 0.00005759928), (-0.010307947, 0.9999469, 0.00007068948), (-0.010307947, 0.9999469, 0.00007068948), (-0.010168461, -0.9999484, -0.000071679184), (-0.38061953, -0.92473173, -0.000082551436), (-1, -0.00007643171, -0.000044158307), (-0.010168461, -0.9999484, -0.000071679184), (-0.010307947, 0.9999469, 0.00007068948), (-0.010307947, 0.9999469, 0.00007068948), (-1, -0.00007643755, -0.000044121858), (-1, -0.00007643171, -0.000044158307), (-0.6458262, -0.7634845, -0.00008281082), (-0.79758507, -0.60043633, -0.05774309), (-0.38061953, -0.92473173, -0.000082551436), (-0.38061953, -0.92473173, -0.000082551436), (-0.25445035, -0.9670859, -0.00008007183), (-0.6458262, -0.7634845, -0.00008281082), (-0.25445035, -0.9670859, -0.00008007183), (-0.38061953, -0.92473173, -0.000082551436), (-0.010168461, -0.9999484, -0.000071679184), (-0.010168461, -0.9999484, -0.000071679184), (-0.01017582, -0.9999483, -0.00007169208), (-0.25445035, -0.9670859, -0.00008007183), (-1, -0.00007643755, -0.000044111), (-0.01017582, -0.9999483, -0.00007169208), (-0.010168461, -0.9999484, -0.000071679184), (-0.010168461, -0.9999484, -0.000071679184), (-1, -0.00007643171, -0.000044158307), (-1, -0.00007643755, -0.000044111), (-0.79767734, 0.60031885, 0.05768881), (-0.6458262, -0.7634845, -0.00008281082), (-0.25445035, -0.9670859, -0.00008007183), (-0.25445035, -0.9670859, -0.00008007183), (-0.3807491, 0.92467844, 0.0000490231), (-0.79767734, 0.60031885, 0.05768881), (-0.3807491, 0.92467844, 0.0000490231), (-0.25445035, -0.9670859, -0.00008007183), (-0.01017582, -0.9999483, -0.00007169208), (-0.01017582, -0.9999483, -0.00007169208), (-0.010307182, 0.9999469, 0.000070689515), (-0.3807491, 0.92467844, 0.0000490231), (-1, -0.00007643755, -0.00004411029), (-0.010307182, 0.9999469, 0.000070689515), (-0.01017582, -0.9999483, -0.00007169208), (-0.01017582, -0.9999483, -0.00007169208), (-1, -0.00007643755, -0.000044111), (-1, -0.00007643755, -0.00004411029), (-0.6459681, 0.76336443, 0.000025813863), (-0.79767734, 0.60031885, 0.05768881), (-0.3807491, 0.92467844, 0.0000490231), (-0.3807491, 0.92467844, 0.0000490231), (-0.2544849, 0.96707684, 0.00005759928), (-0.6459681, 0.76336443, 0.000025813863), (-0.2544849, 0.96707684, 0.00005759928), (-0.3807491, 0.92467844, 0.0000490231), (-0.010307182, 0.9999469, 0.000070689515), (-0.010307182, 0.9999469, 0.000070689515), (-0.010307947, 0.9999469, 0.00007068948), (-0.2544849, 0.96707684, 0.00005759928), (-1, -0.00007643755, -0.000044121858), (-0.010307947, 0.9999469, 0.00007068948), (-0.010307182, 0.9999469, 0.000070689515), (-0.010307182, 0.9999469, 0.000070689515), (-1, -0.00007643755, -0.00004411029), (-1, -0.00007643755, -0.000044121858), (-1, -0.00007643754, -0.00004417113), (-1, -0.00007643756, -0.000044037388), (-1, -0.00007612759, -0.000044037366), (-1, -0.00007612759, -0.000044037366), (-1, -0.00007632793, -0.000044146906), (-1, -0.00007643754, -0.00004417113), (-1, -0.00007632793, -0.000044146906), (-1, -0.00007612759, -0.000044037366), (-1, -0.000076030316, -0.00004403736), (-1, -0.00007644114, -0.000044182743), (-1, -0.00007643754, -0.00004417113), (-1, -0.00007632793, -0.000044146906), (-1, -0.000076030316, -0.00004403736), (-1, -0.000076274475, -0.00004411817), (-1, -0.00007632793, -0.000044146906), (-1, -0.00007632793, -0.000044146906), (-1, -0.00007633186, -0.000044134853), (-1, -0.00007644114, -0.000044182743), (-1, -0.000076274475, -0.00004411817), (-1, -0.000076030316, -0.00004403736), (-1, -0.00007645809, -0.000044041117), (-1, -0.00007644103, -0.000044040476), (-1, -0.00007644114, -0.000044182743), (-1, -0.00007633186, -0.000044134853), (-1, -0.00007645809, -0.000044041117), (-1, -0.00007645123, -0.00004418367), (-1, -0.000076274475, -0.00004411817), (-1, -0.00007633186, -0.000044134853), (-1, -0.00007604896, -0.00004404071), (-1, -0.00007644103, -0.000044040476), (-1, -0.00007623309, -0.000044118955), (-1, -0.000076274475, -0.00004411817), (-1, -0.00007645123, -0.00004418367), (-1, -0.00007604896, -0.00004404071), (-1, -0.00007633186, -0.000044134853), (-1, -0.00007623309, -0.000044118955), (-1, -0.00007645123, -0.00004418367), (-1, -0.00007643754, -0.000044168803), (-1, -0.00007623309, -0.000044118955), (-1, -0.00007623309, -0.000044118955), (-1, -0.0000760738, -0.00004403736), (-1, -0.00007604896, -0.00004404071), (-1, -0.0000760738, -0.00004403736), (-1, -0.00007623309, -0.000044118955), (-1, -0.00007643754, -0.000044168803), (-1, -0.00007643754, -0.000044168803), (-1, -0.00007643756, -0.000044037388), (-1, -0.0000760738, -0.00004403736), (-1, -0.00007642579, -0.00004417154), (-1, -0.00007641184, -0.000044045268), (-1, -0.00007643534, -0.000044037926), (-1, -0.00007643534, -0.000044037926), (-1, -0.00007643755, -0.000044121858), (-1, -0.00007642579, -0.00004417154), (-1, -0.00007643755, -0.000044121858), (-1, -0.00007643534, -0.000044037926), (-1, -0.00007643937, -0.000044033553), (-1, -0.00007642475, -0.00004418274), (-1, -0.00007642579, -0.00004417154), (-1, -0.00007643755, -0.000044121858), (-1, -0.00007643937, -0.000044033553), (-1, -0.00007643171, -0.000044158307), (-1, -0.00007643755, -0.000044121858), (-1, -0.00007643755, -0.000044121858), (-1, -0.00007643755, -0.00004411029), (-1, -0.00007642475, -0.00004418274), (-1, -0.00007643171, -0.000044158307), (-1, -0.00007643937, -0.000044033553), (-1, -0.00007643348, -0.00004403382), (-1, -0.00007643756, -0.000044037388), (-1, -0.00007642475, -0.00004418274), (-1, -0.00007643755, -0.00004411029), (-1, -0.00007643348, -0.00004403382), (-1, -0.000076429395, -0.000044179236), (-1, -0.00007643171, -0.000044158307), (-1, -0.00007643755, -0.00004411029), (-1, -0.00007643756, -0.000044037388), (-1, -0.00007643756, -0.000044037388), (-1, -0.00007643171, -0.000044158307), (-1, -0.000076429395, -0.000044179236), (-1, -0.000076433615, -0.000044183187), (-1, -0.00007643756, -0.000044037388), (-1, -0.00007643755, -0.00004411029), (-1, -0.00007643755, -0.000044111), (-1, -0.000076433615, -0.000044183187), (-1, -0.00007643755, -0.000044111), (-1, -0.00007643171, -0.000044158307), (-1, -0.00007643755, -0.000044111), (-1, -0.00007643756, -0.000044037388), (-1, -0.00007643756, -0.000044037388), (-1, -0.00007643755, -0.000044111), (-1, -0.000076433615, -0.000044183187), (-1, -0.00007643756, -0.000044037388), (-1, -0.00007643756, -0.000044037388), (-1, -0.00007643756, -0.000044037388), (-1, -0.00007643755, -0.000044111), (1, 0.00007643754, 0.000044168002), (1, 0.00007643756, 0.000044037388), (1, 0.00007643756, 0.000044037388), (1, 0.00007643756, 0.000044037388), (1, 0.00007644053, 0.000044158038), (1, 0.00007643754, 0.000044168002), (1, 0.00007644186, 0.0000441915), (1, 0.00007643754, 0.000044168002), (1, 0.00007644053, 0.000044158038), (1, 0.00007644053, 0.000044158038), (1, 0.00007643756, 0.000044037388), (1, 0.0000760765, 0.000044038836), (1, 0.00007644053, 0.000044158038), (1, 0.00007644297, 0.000044145338), (1, 0.00007644186, 0.0000441915), (1, 0.0000760765, 0.000044038836), (1, 0.00007552243, 0.000044175937), (1, 0.00007644053, 0.000044158038), (1, 0.000076441655, 0.000044032848), (1, 0.00007644186, 0.0000441915), (1, 0.00007644297, 0.000044145338), (1, 0.00007569128, 0.000044136796), (1, 0.00007552243, 0.000044175937), (1, 0.0000760765, 0.000044038836), (1, 0.00007644297, 0.000044145338), (1, 0.00007643613, 0.000044032062), (1, 0.000076441655, 0.000044032848), (1, 0.0000760765, 0.000044038836), (1, 0.00007607566, 0.00004404562), (1, 0.00007569128, 0.000044136796), (1, 0.00007643613, 0.000044032062), (1, 0.00007644297, 0.000044145338), (1, 0.00007567528, 0.000044136974), (1, 0.00007569128, 0.000044136796), (1, 0.00007607566, 0.00004404562), (1, 0.00007643756, 0.000044045646), (1, 0.00007567528, 0.000044136974), (1, 0.00007607761, 0.000044037362), (1, 0.00007643613, 0.000044032062), (1, 0.00007643756, 0.000044045646), (1, 0.00007642906, 0.000044143795), (1, 0.00007569128, 0.000044136796), (1, 0.00007607787, 0.000044037362), (1, 0.00007607761, 0.000044037362), (1, 0.00007567528, 0.000044136974), (1, 0.00007642906, 0.000044143795), (1, 0.00007643756, 0.000044045646), (1, 0.00007643306, 0.000044041517), (1, 0.00007567528, 0.000044136974), (1, 0.000075517084, 0.00004417774), (1, 0.00007607787, 0.000044037362), (1, 0.00007643306, 0.000044041517), (1, 0.00007643279, 0.000044190714), (1, 0.00007642906, 0.000044143795), (1, 0.00007607787, 0.000044037362), (1, 0.000075517084, 0.00004417774), (1, 0.00007643426, 0.00004415855), (1, 0.00007643426, 0.00004415855), (1, 0.00007642906, 0.000044143795), (1, 0.00007643279, 0.000044190714), (1, 0.00007643426, 0.00004415855), (1, 0.00007643756, 0.000044037388), (1, 0.00007607787, 0.000044037362), (1, 0.00007643279, 0.000044190714), (1, 0.00007643754, 0.00004417113), (1, 0.00007643426, 0.00004415855), (1, 0.00007643756, 0.000044037388), (1, 0.00007643426, 0.00004415855), (1, 0.00007643754, 0.00004417113), (1, 0.00007643754, 0.00004417113), (1, 0.00007643756, 0.000044037388), (1, 0.00007643756, 0.000044037388), (-1, -0.00007641644, -0.00004408058), (-0.9999974, 0.0022964145, -0.00046385135), (-0.9999972, -0.0019693188, -0.0013871306), (-0.9999972, -0.0019693188, -0.0013871306), (-1, -0.00007558518, -0.000044169166), (-1, -0.00007641644, -0.00004408058), (-1, -0.00007558518, -0.000044169166), (-0.9999972, -0.0019693188, -0.0013871306), (-0.9999963, -0.0026893797, 0.00041774978), (-0.9999974, 0.0022964145, -0.00046385135), (-1, -0.00007641644, -0.00004408058), (-1, -0.00007718354, -0.000044395227), (-1, -0.00007718354, -0.000044395227), (-0.99999785, 0.0016827219, 0.0012038467), (-0.9999974, 0.0022964145, -0.00046385135), (-1, -0.00007641644, -0.00004408058), (-1, -0.00007558518, -0.000044169166), (-0.00004403195, -0.00007114714, 1), (-0.00004403195, -0.00007114714, 1), (-0.00004403195, -0.00007114714, 1), (-1, -0.00007641644, -0.00004408058), (-1, -0.00007718354, -0.000044395227), (-1, -0.00007641644, -0.00004408058), (-0.00004403195, -0.00007114714, 1), (-0.00004403195, -0.00007114714, 1), (-0.00004403195, -0.00007114714, 1), (-1, -0.00007558518, -0.000044169166), (-0.00004403195, -0.00007114714, 1), (-0.00004403195, -0.00007114714, 1), (-1, -0.00007718354, -0.000044395227), (-1, -0.00007558518, -0.000044169166), (-1, -0.00007521562, -0.00004489111), (-0.00004403195, -0.00007114714, 1), (-0.00004403195, -0.00007114714, 1), (-0.00004403195, -0.00007114714, 1), (-1, -0.00007521562, -0.00004489111), (-1, -0.00007521562, -0.00004489111), (-1, -0.00007718354, -0.000044395227), (-0.00004403195, -0.00007114714, 1), (-0.9999963, -0.0026893797, 0.00041774978), (-1, -0.00007521562, -0.00004489111), (-1, -0.00007558518, -0.000044169166), (-0.99999785, 0.0016827219, 0.0012038467), (-1, -0.00007718354, -0.000044395227), (-1, -0.00007521562, -0.00004489111), (-1, -0.00007521562, -0.00004489111), (-0.9999963, -0.0026893797, 0.00041774978), (-0.99999785, 0.0016827219, 0.0012038467), (-1, -0.000076383454, -0.000044106175), (-0.9999959, 0.0028338549, -0.00055399816), (-0.9999975, -0.0018396018, -0.0012831631), (-0.9999975, -0.0018396018, -0.0012831631), (-1, -0.00007566317, -0.000044174078), (-1, -0.000076383454, -0.000044106175), (-1, -0.00007566317, -0.000044174078), (-0.9999975, -0.0018396018, -0.0012831631), (-0.9999969, -0.0024520431, 0.00037177678), (-0.9999959, 0.0028338549, -0.00055399816), (-1, -0.000076383454, -0.000044106175), (-1, -0.000077298486, -0.000044432298), (-1, -0.000077298486, -0.000044432298), (-0.99999714, 0.0019727212, 0.0013957312), (-0.9999959, 0.0028338549, -0.00055399816), (-1, -0.000076383454, -0.000044106175), (-1, -0.00007566317, -0.000044174078), (-0.00004403195, -0.00007114714, 1), (-0.00004403195, -0.00007114714, 1), (-0.00004403195, -0.00007114714, 1), (-1, -0.000076383454, -0.000044106175), (-1, -0.000077298486, -0.000044432298), (-1, -0.000076383454, -0.000044106175), (-0.00004403195, -0.00007114714, 1), (-0.00004403195, -0.00007114714, 1), (-0.00004403195, -0.00007114714, 1), (-1, -0.00007566317, -0.000044174078), (-0.00004403195, -0.00007114714, 1), (-0.00004403195, -0.00007114714, 1), (-1, -0.000077298486, -0.000044432298), (-1, -0.00007566317, -0.000044174078), (-1, -0.00007528694, -0.000044832104), (-0.00004403195, -0.00007114714, 1), (-0.00004403195, -0.00007114714, 1), (-0.00004403195, -0.00007114714, 1), (-1, -0.00007528694, -0.000044832104), (-1, -0.00007528694, -0.000044832104), (-1, -0.000077298486, -0.000044432298), (-0.00004403195, -0.00007114714, 1), (-0.9999969, -0.0024520431, 0.00037177678), (-1, -0.00007528694, -0.000044832104), (-1, -0.00007566317, -0.000044174078), (-0.99999714, 0.0019727212, 0.0013957312), (-1, -0.000077298486, -0.000044432298), (-1, -0.00007528694, -0.000044832104), (-1, -0.00007528694, -0.000044832104), (-0.9999969, -0.0024520431, 0.00037177678), (-0.99999714, 0.0019727212, 0.0013957312), (-0.9999972, -0.0019693188, -0.0013871306), (-0.9999974, 0.0022964145, -0.00046385135), (-0.95474213, 0.28832638, -0.07304377), (-0.95474213, 0.28832638, -0.07304377), (-0.97504574, -0.19875678, -0.0989025), (-0.9999972, -0.0019693188, -0.0013871306), (-0.9999963, -0.0026893797, 0.00041774978), (-0.9999972, -0.0019693188, -0.0013871306), (-0.97504574, -0.19875678, -0.0989025), (-0.97507334, 0.19865027, 0.09884428), (-0.95474213, 0.28832638, -0.07304377), (-0.9999974, 0.0022964145, -0.00046385135), (-0.9999974, 0.0022964145, -0.00046385135), (-0.99999785, 0.0016827219, 0.0012038467), (-0.97507334, 0.19865027, 0.09884428), (-0.99999785, 0.0016827219, 0.0012038467), (-0.9999963, -0.0026893797, 0.00041774978), (-0.9547029, -0.28847432, 0.07297196), (-0.9547029, -0.28847432, 0.07297196), (-0.97507334, 0.19865027, 0.09884428), (-0.99999785, 0.0016827219, 0.0012038467), (-0.97504574, -0.19875678, -0.0989025), (-0.9547029, -0.28847432, 0.07297196), (-0.9999963, -0.0026893797, 0.00041774978), (-0.95474213, 0.28832638, -0.07304377), (-0.97507334, 0.19865027, 0.09884428), (-0.7979939, 0.59984887, 0.058196492), (-0.7979939, 0.59984887, 0.058196492), (-0.6460211, 0.7633196, 0.000025880467), (-0.95474213, 0.28832638, -0.07304377), (-0.97504574, -0.19875678, -0.0989025), (-0.95474213, 0.28832638, -0.07304377), (-0.6460211, 0.7633196, 0.000025880467), (-0.645825, -0.76348543, -0.0000827928), (-0.7979939, 0.59984887, 0.058196492), (-0.97507334, 0.19865027, 0.09884428), (-0.97507334, 0.19865027, 0.09884428), (-0.9547029, -0.28847432, 0.07297196), (-0.645825, -0.76348543, -0.0000827928), (-0.6460211, 0.7633196, 0.000025880467), (-0.7978627, -0.60001785, -0.058255795), (-0.97504574, -0.19875678, -0.0989025), (-0.7978627, -0.60001785, -0.058255795), (-0.645825, -0.76348543, -0.0000827928), (-0.9547029, -0.28847432, 0.07297196), (-0.9547029, -0.28847432, 0.07297196), (-0.97504574, -0.19875678, -0.0989025), (-0.7978627, -0.60001785, -0.058255795), (-0.9999975, -0.0018396018, -0.0012831631), (-0.9999959, 0.0028338549, -0.00055399816), (-0.9545744, 0.28901294, -0.07252013), (-0.9545744, 0.28901294, -0.07252013), (-0.975033, -0.19918075, -0.09817151), (-0.9999975, -0.0018396018, -0.0012831631), (-0.9999969, -0.0024520431, 0.00037177678), (-0.9999975, -0.0018396018, -0.0012831631), (-0.975033, -0.19918075, -0.09817151), (-0.97506344, 0.19906346, 0.09810751), (-0.9545744, 0.28901294, -0.07252013), (-0.9999959, 0.0028338549, -0.00055399816), (-0.9999959, 0.0028338549, -0.00055399816), (-0.99999714, 0.0019727212, 0.0013957312), (-0.97506344, 0.19906346, 0.09810751), (-0.99999714, 0.0019727212, 0.0013957312), (-0.9999969, -0.0024520431, 0.00037177678), (-0.95453686, -0.2891554, 0.072447), (-0.95453686, -0.2891554, 0.072447), (-0.97506344, 0.19906346, 0.09810751), (-0.99999714, 0.0019727212, 0.0013957312), (-0.975033, -0.19918075, -0.09817151), (-0.95453686, -0.2891554, 0.072447), (-0.9999969, -0.0024520431, 0.00037177678), (-0.9545744, 0.28901294, -0.07252013), (-0.97506344, 0.19906346, 0.09810751), (-0.79767734, 0.60031885, 0.05768881), (-0.79767734, 0.60031885, 0.05768881), (-0.6459681, 0.76336443, 0.000025813863), (-0.9545744, 0.28901294, -0.07252013), (-0.975033, -0.19918075, -0.09817151), (-0.9545744, 0.28901294, -0.07252013), (-0.6459681, 0.76336443, 0.000025813863), (-0.6458262, -0.7634845, -0.00008281082), (-0.79767734, 0.60031885, 0.05768881), (-0.97506344, 0.19906346, 0.09810751), (-0.97506344, 0.19906346, 0.09810751), (-0.95453686, -0.2891554, 0.072447), (-0.6458262, -0.7634845, -0.00008281082), (-0.6459681, 0.76336443, 0.000025813863), (-0.79758507, -0.60043633, -0.05774309), (-0.975033, -0.19918075, -0.09817151), (-0.79758507, -0.60043633, -0.05774309), (-0.6458262, -0.7634845, -0.00008281082), (-0.95453686, -0.2891554, 0.072447), (-0.95453686, -0.2891554, 0.072447), (-0.975033, -0.19918075, -0.09817151), (-0.79758507, -0.60043633, -0.05774309), (-1, -0.00007645809, -0.000044041117), (-1, -0.00007641184, -0.000044045268), (-1, -0.00007643756, -0.000044037388), (-1, -0.00007643756, -0.000044037388), (-0.00004403195, -0.00007114714, 1), (-1, -0.00007645809, -0.000044041117), (1, 0.00007567528, 0.000044136974), (1, 0.00007644297, 0.000044145338), (0.00007644069, -1, -0.00007114377), (0.00007644069, -1, -0.00007114377), (-0.00007644069, 1, 0.00007114377), (1, 0.00007567528, 0.000044136974), (1, 0.00007552243, 0.000044175937), (1, 0.00007567528, 0.000044136974), (-0.00007644069, 1, 0.00007114377), (-0.00007644069, 1, 0.00007114377), (-0.00007644069, 1, 0.00007114377), (1, 0.00007552243, 0.000044175937), (1, 0.00007644053, 0.000044158038), (1, 0.00007552243, 0.000044175937), (-0.00007644069, 1, 0.00007114377), (-0.00007644069, 1, 0.00007114377), (0.000077434095, -1, -0.000071143724), (1, 0.00007644053, 0.000044158038), (1, 0.00007644297, 0.000044145338), (1, 0.00007644053, 0.000044158038), (0.000077434095, -1, -0.000071143724), (0.000077434095, -1, -0.000071143724), (0.00007644069, -1, -0.00007114377), (1, 0.00007644297, 0.000044145338), (1, 0.00007643426, 0.00004415855), (1, 0.000075517084, 0.00004417774), (0.00007644069, -1, -0.00007114377), (0.00007644069, -1, -0.00007114377), (-0.00007445388, 1, 0.00007132613), (1, 0.00007643426, 0.00004415855), (1, 0.00007642906, 0.000044143795), (1, 0.00007643426, 0.00004415855), (-0.00007445388, 1, 0.00007132613), (-0.00007445388, 1, 0.00007132613), (-0.00007445388, 1, 0.0000713427), (1, 0.00007642906, 0.000044143795), (1, 0.00007569128, 0.000044136796), (1, 0.00007642906, 0.000044143795), (-0.00007445388, 1, 0.0000713427), (-0.00007445388, 1, 0.0000713427), (0.00007644069, -1, -0.00007114377), (1, 0.00007569128, 0.000044136796), (1, 0.000075517084, 0.00004417774), (1, 0.00007569128, 0.000044136796), (0.00007644069, -1, -0.00007114377), (0.00007644069, -1, -0.00007114377), (0.00007644069, -1, -0.00007114377), (1, 0.000075517084, 0.00004417774), (1, 0.000075517084, 0.00004417774), (1, 0.00007567528, 0.000044136974), (1, 0.00007552243, 0.000044175937), (1, 0.00007552243, 0.000044175937), (1, 0.00007569128, 0.000044136796), (1, 0.000075517084, 0.00004417774), (-1, -0.00007643756, -0.000044037388), (-0.00004403195, -0.00007114714, 1), (-0.00004403195, -0.00007114714, 1), (-0.00004403195, -0.00007114714, 1), (-1, -0.00007643754, -0.000044182965), (-1, -0.00007643756, -0.000044037388), (-1, -0.00007643754, -0.000044182965), (-0.00004403195, -0.00007114714, 1), (-1, -0.00007643754, -0.000044179236), (-1, -0.00007643754, -0.000044179236), (-0.00004403195, -0.00007114714, 1), (-1, -0.00007643754, -0.000044182965), (-1, -0.00007643756, -0.000044037388), (-0.00004403195, -0.00007114714, 1), (-1, -0.00007643754, -0.000044179236), (-1, -0.00007643754, -0.000044179236), (-0.00004403195, -0.00007114714, 1), (-1, -0.00007643756, -0.000044037388), (0.537524, -0.84324855, -0.000036323232), (0.73749447, -0.67535317, -0.000015568621), (0.7360129, -0.6769675, -0.000015757943), (0.7360129, -0.6769675, -0.000015757943), (0.53567606, -0.84442365, -0.000036492213), (0.537524, -0.84324855, -0.000036323232), (0.30098453, -0.953629, -0.00005459504), (0.537524, -0.84324855, -0.000036323232), (0.53567606, -0.84442365, -0.000036492213), (0.53567606, -0.84442365, -0.000036492213), (0.2988955, -0.95428586, -0.000054733755), (0.30098453, -0.953629, -0.00005459504), (0.04392625, -0.9990348, -0.000069144306), (0.30098453, -0.953629, -0.00005459504), (0.2988955, -0.95428586, -0.000054733755), (0.2988955, -0.95428586, -0.000054733755), (0.041737683, -0.9991286, -0.00006924735), (0.04392625, -0.9990348, -0.000069144306), (-0.21615595, -0.97635883, -0.00007898291), (0.04392625, -0.9990348, -0.000069144306), (0.041737683, -0.9991286, -0.00006924735), (0.041737683, -0.9991286, -0.00006924735), (-0.21829346, -0.9758832, -0.00007904318), (-0.21615595, -0.97635883, -0.00007898291), (-0.46147105, -0.8871554, -0.00008343803), (-0.21615595, -0.97635883, -0.00007898291), (-0.21829346, -0.9758832, -0.00007904318), (-0.21829346, -0.9758832, -0.00007904318), (-0.4634131, -0.8861424, -0.00008345147), (-0.46147105, -0.8871554, -0.00008343803), (-0.675372, -0.7374772, -0.000082207334), (-0.46147105, -0.8871554, -0.00008343803), (-0.4634131, -0.8861424, -0.00008345147), (-0.4634131, -0.8861424, -0.00008345147), (-0.6769856, -0.73599625, -0.00008217302), (-0.675372, -0.7374772, -0.000082207334), (0.8861304, -0.463436, 0.000006045903), (0.7360129, -0.6769675, -0.000015757943), (0.73749447, -0.67535317, -0.000015568621), (0.73749447, -0.67535317, -0.000015568621), (0.88714284, -0.46149504, 0.0000062285767), (0.8861304, -0.463436, 0.000006045903), (0.9758929, -0.21824996, 0.000027442606), (0.8861304, -0.463436, 0.000006045903), (0.88714284, -0.46149504, 0.0000062285767), (0.88714284, -0.46149504, 0.0000062285767), (0.97636884, -0.21611099, 0.000027615744), (0.9758929, -0.21824996, 0.000027442606), (0.9991299, 0.041707505, 0.000046961002), (0.9758929, -0.21824996, 0.000027442606), (0.97636884, -0.21611099, 0.000027615744), (0.97636884, -0.21611099, 0.000027615744), (0.99903625, 0.04389451, 0.00004711248), (0.9991299, 0.041707505, 0.000046961002), (0.9542787, 0.2989183, 0.00006328593), (0.9991299, 0.041707505, 0.000046961002), (0.99903625, 0.04389451, 0.00004711248), (0.99903625, 0.04389451, 0.00004711248), (0.95362145, 0.30100855, 0.00006340571), (0.9542787, 0.2989183, 0.00006328593), (0.8444026, 0.5357093, 0.0000752939), (0.9542787, 0.2989183, 0.00006328593), (0.95362145, 0.30100855, 0.00006340571), (0.95362145, 0.30100855, 0.00006340571), (0.8432275, 0.53755695, 0.00007537883), (0.8444026, 0.5357093, 0.0000752939), (0.6769895, 0.7359927, 0.00008217122), (0.8444026, 0.5357093, 0.0000752939), (0.8432275, 0.53755695, 0.00007537883), (0.8432275, 0.53755695, 0.00007537883), (0.67537606, 0.7374735, 0.000082214756), (0.6769895, 0.7359927, 0.00008217122), (0.4634272, 0.8861351, 0.00008345158), (0.6769895, 0.7359927, 0.00008217122), (0.67537606, 0.7374735, 0.000082214756), (0.67537606, 0.7374735, 0.000082214756), (0.4614848, 0.88714814, 0.00008343812), (0.4634272, 0.8861351, 0.00008345158), (0.21829341, 0.9758832, 0.00007904318), (0.4634272, 0.8861351, 0.00008345158), (0.4614848, 0.88714814, 0.00008343812), (0.4614848, 0.88714814, 0.00008343812), (0.21615595, 0.9763589, 0.00007898291), (0.21829341, 0.9758832, 0.00007904318), (-0.041737683, 0.9991286, 0.00006924735), (0.21829341, 0.9758832, 0.00007904318), (0.21615595, 0.9763589, 0.00007898291), (0.21615595, 0.9763589, 0.00007898291), (-0.04392625, 0.9990348, 0.000069144306), (-0.041737683, 0.9991286, 0.00006924735), (-0.2988956, 0.9542859, 0.000054733755), (-0.041737683, 0.9991286, 0.00006924735), (-0.04392625, 0.9990348, 0.000069144306), (-0.04392625, 0.9990348, 0.000069144306), (-0.30098453, 0.953629, 0.00005459504), (-0.2988956, 0.9542859, 0.000054733755), (-0.53574425, 0.8443804, 0.000036483885), (-0.2988956, 0.9542859, 0.000054733755), (-0.30098453, 0.953629, 0.00005459504), (-0.30098453, 0.953629, 0.00005459504), (-0.53759295, 0.8432045, 0.000036326837), (-0.53574425, 0.8443804, 0.000036483885), (-0.7359863, 0.6769964, 0.000015755995), (-0.53574425, 0.8443804, 0.000036483885), (-0.53759295, 0.8432045, 0.000036326837), (-0.53759295, 0.8432045, 0.000036326837), (-0.73746663, 0.6753836, 0.000015594533), (-0.7359863, 0.6769964, 0.000015755995), (-0.88611215, 0.463471, -0.0000060426105), (-0.7359863, 0.6769964, 0.000015755995), (-0.73746663, 0.6753836, 0.000015594533), (-0.73746663, 0.6753836, 0.000015594533), (-0.887125, 0.4615292, -0.000006225362), (-0.88611215, 0.463471, -0.0000060426105), (-0.9758845, 0.21828766, -0.000028239812), (-0.88611215, 0.463471, -0.0000060426105), (-0.887125, 0.4615292, -0.000006225362), (-0.887125, 0.4615292, -0.000006225362), (-0.976366, 0.21612379, -0.000027614708), (-0.9758845, 0.21828766, -0.000028239812), (-0.9991289, -0.041732, -0.000048563204), (-0.9758845, 0.21828766, -0.000028239812), (-0.976366, 0.21612379, -0.000027614708), (-0.976366, 0.21612379, -0.000027614708), (-0.9990364, -0.04389273, -0.00004711236), (-0.9991289, -0.041732, -0.000048563204), (-0.9542817, -0.29890895, -0.0000632854), (-0.9991289, -0.041732, -0.000048563204), (-0.9990364, -0.04389273, -0.00004711236), (-0.9990364, -0.04389273, -0.00004711236), (-0.9536244, -0.3009994, -0.00006340519), (-0.9542817, -0.29890895, -0.0000632854), (-0.84439635, -0.535719, -0.000075295284), (-0.9542817, -0.29890895, -0.0000632854), (-0.9536244, -0.3009994, -0.00006340519), (-0.9536244, -0.3009994, -0.00006340519), (-0.84322137, -0.53756666, -0.00007537501), (-0.84439635, -0.535719, -0.000075295284), (-0.6769856, -0.73599625, -0.00008217302), (-0.84439635, -0.535719, -0.000075295284), (-0.84322137, -0.53756666, -0.00007537501), (-0.84322137, -0.53756666, -0.00007537501), (-0.675372, -0.7374772, -0.000082207334), (-0.6769856, -0.73599625, -0.00008217302), (0.53756034, -0.84322536, -0.000037407277), (0.73752344, -0.6753215, -0.000017486589), (0.7360417, -0.67693615, -0.000015312802), (0.7360417, -0.67693615, -0.000015312802), (0.5357122, -0.84440064, -0.00003623908), (0.53756034, -0.84322536, -0.000037407277), (0.3009655, -0.9536351, -0.000054596312), (0.53756034, -0.84322536, -0.000037407277), (0.5357122, -0.84440064, -0.00003623908), (0.5357122, -0.84440064, -0.00003623908), (0.29887742, -0.9542915, -0.000054734955), (0.3009655, -0.9536351, -0.000054596312), (0.04394716, -0.99903387, -0.000069143316), (0.3009655, -0.9536351, -0.000054596312), (0.29887742, -0.9542915, -0.000054734955), (0.29887742, -0.9542915, -0.000054734955), (0.041757565, -0.9991278, -0.00006924642), (0.04394716, -0.99903387, -0.000069143316), (-0.21617591, -0.9763544, -0.00007898347), (0.04394716, -0.99903387, -0.000069143316), (0.041757565, -0.9991278, -0.00006924642), (0.041757565, -0.9991278, -0.00006924642), (-0.21831241, -0.97587895, -0.00007904371), (-0.21617591, -0.9763544, -0.00007898347), (-0.4614628, -0.8871596, -0.00008343797), (-0.21617591, -0.9763544, -0.00007898347), (-0.21831241, -0.97587895, -0.00007904371), (-0.21831241, -0.97587895, -0.00007904371), (-0.463406, -0.8861461, -0.00008345143), (-0.4614628, -0.8871596, -0.00008343797), (-0.6754229, -0.73743063, -0.0000841277), (-0.4614628, -0.8871596, -0.00008343797), (-0.463406, -0.8861461, -0.00008345143), (-0.463406, -0.8861461, -0.00008345143), (-0.67703664, -0.7359493, -0.0000817303), (-0.6754229, -0.73743063, -0.0000841277), (0.8861354, -0.4634266, 0.0000060467933), (0.7360417, -0.67693615, -0.000015312802), (0.73752344, -0.6753215, -0.000017486589), (0.73752344, -0.6753215, -0.000017486589), (0.8871476, -0.46148586, 0.00000622944), (0.8861354, -0.4634266, 0.0000060467933), (0.97589, -0.21826318, 0.000027441536), (0.8861354, -0.4634266, 0.0000060467933), (0.8871476, -0.46148586, 0.00000622944), (0.8871476, -0.46148586, 0.00000622944), (0.97636586, -0.21612425, 0.00002761467), (0.97589, -0.21826318, 0.000027441536), (0.99912995, 0.041708115, 0.00004696105), (0.97589, -0.21826318, 0.000027441536), (0.97636586, -0.21612425, 0.00002761467), (0.97636586, -0.21612425, 0.00002761467), (0.99903625, 0.043895148, 0.000047112524), (0.99912995, 0.041708115, 0.00004696105), (0.9542806, 0.2989126, 0.00006328561), (0.99912995, 0.041708115, 0.00004696105), (0.99903625, 0.043895148, 0.000047112524), (0.99903625, 0.043895148, 0.000047112524), (0.9536233, 0.30100277, 0.00006340538), (0.9542806, 0.2989126, 0.00006328561), (0.8444086, 0.5356999, 0.00007510175), (0.9542806, 0.2989126, 0.00006328561), (0.9536233, 0.30100277, 0.00006340538), (0.9536233, 0.30100277, 0.00006340538), (0.8432331, 0.53754807, 0.00007621268), (0.8444086, 0.5356999, 0.00007510175), (0.67697257, 0.7360082, 0.00008172993), (0.8444086, 0.5356999, 0.00007510175), (0.8432331, 0.53754807, 0.00007621268), (0.8432331, 0.53754807, 0.00007621268), (0.67535955, 0.7374886, 0.00008413663), (0.67697257, 0.7360082, 0.00008172993), (0.4634675, 0.8861139, 0.00008345184), (0.67697257, 0.7360082, 0.00008172993), (0.67535955, 0.7374886, 0.00008413663), (0.67535955, 0.7374886, 0.00008413663), (0.46152598, 0.8871267, 0.00008343841), (0.4634675, 0.8861139, 0.00008345184), (0.21826503, 0.9758896, 0.00007904239), (0.4634675, 0.8861139, 0.00008345184), (0.46152598, 0.8871267, 0.00008343841), (0.46152598, 0.8871267, 0.00008343841), (0.21612601, 0.9763655, 0.00007898206), (0.21826503, 0.9758896, 0.00007904239), (-0.041707877, 0.9991299, 0.00006924875), (0.21826503, 0.9758896, 0.00007904239), (0.21612601, 0.9763655, 0.00007898206), (0.21612601, 0.9763655, 0.00007898206), (-0.043894887, 0.9990362, 0.00006914579), (-0.041707877, 0.9991299, 0.00006924875), (-0.29892275, 0.9542774, 0.000054731954), (-0.041707877, 0.9991299, 0.00006924875), (-0.043894887, 0.9990362, 0.00006914579), (-0.043894887, 0.9990362, 0.00006914579), (-0.3010131, 0.9536201, 0.000054593143), (-0.29892275, 0.9542774, 0.000054731954), (-0.53574497, 0.8443799, 0.000036235426), (-0.29892275, 0.9542774, 0.000054731954), (-0.3010131, 0.9536201, 0.000054593143), (-0.3010131, 0.9536201, 0.000054593143), (-0.5375936, 0.8432042, 0.0000374075), (-0.53574497, 0.8443799, 0.000036235426), (-0.73598623, 0.6769965, 0.000015317793), (-0.53574497, 0.8443799, 0.000036235426), (-0.5375936, 0.8432042, 0.0000374075), (-0.5375936, 0.8432042, 0.0000374075), (-0.7374663, 0.67538404, 0.000017501163), (-0.73598623, 0.6769965, 0.000015317793), (-0.8861168, 0.46346197, -0.0000060434572), (-0.73598623, 0.6769965, 0.000015317793), (-0.7374663, 0.67538404, 0.000017501163), (-0.7374663, 0.67538404, 0.000017501163), (-0.88712984, 0.4615201, -0.0000062262216), (-0.8861168, 0.46346197, -0.0000060434572), (-0.975885, 0.2182855, -0.00002823998), (-0.8861168, 0.46346197, -0.0000060434572), (-0.88712984, 0.4615201, -0.0000062262216), (-0.88712984, 0.4615201, -0.0000062262216), (-0.9763664, 0.21612172, -0.000027614875), (-0.975885, 0.2182855, -0.00002823998), (-0.9991288, -0.0417341, -0.000048563375), (-0.975885, 0.2182855, -0.00002823998), (-0.9763664, 0.21612172, -0.000027614875), (-0.9763664, 0.21612172, -0.000027614875), (-0.99903625, -0.043894988, -0.000047112513), (-0.9991288, -0.0417341, -0.000048563375), (-0.95427865, -0.29891858, -0.000063285945), (-0.9991288, -0.0417341, -0.000048563375), (-0.99903625, -0.043894988, -0.000047112513), (-0.99903625, -0.043894988, -0.000047112513), (-0.9536213, -0.30100882, -0.00006340572), (-0.95427865, -0.29891858, -0.000063285945), (-0.8444052, -0.53570515, -0.000075102944), (-0.95427865, -0.29891858, -0.000063285945), (-0.9536213, -0.30100882, -0.00006340572), (-0.9536213, -0.30100882, -0.00006340572), (-0.84323055, -0.5375521, -0.00007620864), (-0.8444052, -0.53570515, -0.000075102944), (-0.67703664, -0.7359493, -0.0000817303), (-0.8444052, -0.53570515, -0.000075102944), (-0.84323055, -0.5375521, -0.00007620864), (-0.84323055, -0.5375521, -0.00007620864), (-0.6754229, -0.73743063, -0.0000841277), (-0.67703664, -0.7359493, -0.0000817303), (0.5375239, -0.8432485, -0.00003632323), (0.7374945, -0.67535317, -0.000015568618), (0.73601294, -0.6769675, -0.000015757942), (0.73601294, -0.6769675, -0.000015757942), (0.53567606, -0.84442365, -0.000036492213), (0.5375239, -0.8432485, -0.00003632323), (0.30098453, -0.953629, -0.00005459504), (0.5375239, -0.8432485, -0.00003632323), (0.53567606, -0.84442365, -0.000036492213), (0.53567606, -0.84442365, -0.000036492213), (0.29889554, -0.95428586, -0.000054733755), (0.30098453, -0.953629, -0.00005459504), (0.043926254, -0.9990348, -0.000069144306), (0.30098453, -0.953629, -0.00005459504), (0.29889554, -0.95428586, -0.000054733755), (0.29889554, -0.95428586, -0.000054733755), (0.041737687, -0.99912864, -0.000069247355), (0.043926254, -0.9990348, -0.000069144306), (-0.21615592, -0.97635883, -0.00007898291), (0.043926254, -0.9990348, -0.000069144306), (0.041737687, -0.99912864, -0.000069247355), (0.041737687, -0.99912864, -0.000069247355), (-0.21829344, -0.9758832, -0.00007904318), (-0.21615592, -0.97635883, -0.00007898291), (-0.4614711, -0.88715535, -0.00008343803), (-0.21615592, -0.97635883, -0.00007898291), (-0.21829344, -0.9758832, -0.00007904318), (-0.21829344, -0.9758832, -0.00007904318), (-0.46341318, -0.8861423, -0.00008345147), (-0.4614711, -0.88715535, -0.00008343803), (-0.6753723, -0.73747694, -0.000082207334), (-0.4614711, -0.88715535, -0.00008343803), (-0.46341318, -0.8861423, -0.00008345147), (-0.46341318, -0.8861423, -0.00008345147), (-0.6769859, -0.735996, -0.00008217302), (-0.6753723, -0.73747694, -0.000082207334), (0.8861304, -0.46343598, 0.0000060459047), (0.73601294, -0.6769675, -0.000015757942), (0.7374945, -0.67535317, -0.000015568618), (0.7374945, -0.67535317, -0.000015568618), (0.8871429, -0.46149507, 0.000006228577), (0.8861304, -0.46343598, 0.0000060459047), (0.9758929, -0.21824996, 0.000027442606), (0.8861304, -0.46343598, 0.0000060459047), (0.8871429, -0.46149507, 0.000006228577), (0.8871429, -0.46149507, 0.000006228577), (0.97636884, -0.216111, 0.000027615744), (0.9758929, -0.21824996, 0.000027442606), (0.9991299, 0.04170702, 0.00004696097), (0.9758929, -0.21824996, 0.000027442606), (0.97636884, -0.216111, 0.000027615744), (0.97636884, -0.216111, 0.000027615744), (0.9990363, 0.043894023, 0.000047112448), (0.9991299, 0.04170702, 0.00004696097), (0.95427865, 0.29891852, 0.000063285945), (0.9991299, 0.04170702, 0.00004696097), (0.9990363, 0.043894023, 0.000047112448), (0.9990363, 0.043894023, 0.000047112448), (0.9536214, 0.30100876, 0.00006340572), (0.95427865, 0.29891852, 0.000063285945), (0.84440243, 0.5357093, 0.000075293894), (0.95427865, 0.29891852, 0.000063285945), (0.9536214, 0.30100876, 0.00006340572), (0.9536214, 0.30100876, 0.00006340572), (0.8432274, 0.53755707, 0.00007537884), (0.84440243, 0.5357093, 0.000075293894), (0.6769894, 0.7359928, 0.00008217122), (0.84440243, 0.5357093, 0.000075293894), (0.8432274, 0.53755707, 0.00007537884), (0.8432274, 0.53755707, 0.00007537884), (0.67537606, 0.7374735, 0.000082214756), (0.6769894, 0.7359928, 0.00008217122), (0.46342716, 0.886135, 0.00008345157), (0.6769894, 0.7359928, 0.00008217122), (0.67537606, 0.7374735, 0.000082214756), (0.67537606, 0.7374735, 0.000082214756), (0.46148482, 0.88714814, 0.00008343813), (0.46342716, 0.886135, 0.00008345157), (0.21829346, 0.9758832, 0.00007904318), (0.46342716, 0.886135, 0.00008345157), (0.46148482, 0.88714814, 0.00008343813), (0.46148482, 0.88714814, 0.00008343813), (0.21615595, 0.97635883, 0.00007898291), (0.21829346, 0.9758832, 0.00007904318), (-0.041737683, 0.9991286, 0.00006924735), (0.21829346, 0.9758832, 0.00007904318), (0.21615595, 0.97635883, 0.00007898291), (0.21615595, 0.97635883, 0.00007898291), (-0.04392625, 0.9990348, 0.000069144306), (-0.041737683, 0.9991286, 0.00006924735), (-0.29889554, 0.95428586, 0.000054733755), (-0.041737683, 0.9991286, 0.00006924735), (-0.04392625, 0.9990348, 0.000069144306), (-0.04392625, 0.9990348, 0.000069144306), (-0.3009845, 0.9536291, 0.000054595046), (-0.29889554, 0.95428586, 0.000054733755), (-0.53574425, 0.8443804, 0.000036485384), (-0.29889554, 0.95428586, 0.000054733755), (-0.3009845, 0.9536291, 0.000054595046), (-0.3009845, 0.9536291, 0.000054595046), (-0.537593, 0.84320456, 0.00003632032), (-0.53574425, 0.8443804, 0.000036485384), (-0.7359866, 0.6769961, 0.000015759411), (-0.53574425, 0.8443804, 0.000036485384), (-0.537593, 0.84320456, 0.00003632032), (-0.537593, 0.84320456, 0.00003632032), (-0.7374669, 0.6753833, 0.000015579488), (-0.7359866, 0.6769961, 0.000015759411), (-0.886134, 0.4634291, -0.0000060465545), (-0.7359866, 0.6769961, 0.000015759411), (-0.7374669, 0.6753833, 0.000015579488), (-0.7374669, 0.6753833, 0.000015579488), (-0.88714725, 0.46148673, -0.0000062293625), (-0.886134, 0.4634291, -0.0000060465545), (-0.9758845, 0.21828763, -0.000027439555), (-0.886134, 0.4634291, -0.0000060465545), (-0.88714725, 0.46148673, -0.0000062293625), (-0.88714725, 0.46148673, -0.0000062293625), (-0.9763602, 0.21614999, -0.00002761259), (-0.9758845, 0.21828763, -0.000027439555), (-0.99912894, -0.041731317, -0.000046962658), (-0.9758845, 0.21828763, -0.000027439555), (-0.9763602, 0.21614999, -0.00002761259), (-0.9763602, 0.21614999, -0.00002761259), (-0.99903506, -0.043919515, -0.00004711421), (-0.99912894, -0.041731317, -0.000046962658), (-0.9542889, -0.29888618, -0.0000632841), (-0.99912894, -0.041731317, -0.000046962658), (-0.99903506, -0.043919515, -0.00004711421), (-0.99903506, -0.043919515, -0.00004711421), (-0.953632, -0.30097544, -0.000063403815), (-0.9542889, -0.29888618, -0.0000632841), (-0.8444088, -0.53569937, -0.00007529444), (-0.9542889, -0.29888618, -0.0000632841), (-0.953632, -0.30097544, -0.000063403815), (-0.953632, -0.30097544, -0.000063403815), (-0.84323347, -0.5375476, -0.000075374184), (-0.8444088, -0.53569937, -0.00007529444), (-0.6769859, -0.735996, -0.00008217302), (-0.8444088, -0.53569937, -0.00007529444), (-0.84323347, -0.5375476, -0.000075374184), (-0.84323347, -0.5375476, -0.000075374184), (-0.6753723, -0.73747694, -0.000082207334), (-0.6769859, -0.735996, -0.00008217302), (0.53756034, -0.8432253, -0.00003740728), (0.73752373, -0.6753213, -0.000017486573), (0.73604196, -0.6769359, -0.000015312775), (0.73604196, -0.6769359, -0.000015312775), (0.53571224, -0.84440064, -0.000036239075), (0.53756034, -0.8432253, -0.00003740728), (0.3009655, -0.95363504, -0.000054596305), (0.53756034, -0.8432253, -0.00003740728), (0.53571224, -0.84440064, -0.000036239075), (0.53571224, -0.84440064, -0.000036239075), (0.29887742, -0.9542915, -0.000054734955), (0.3009655, -0.95363504, -0.000054596305), (0.04394716, -0.99903387, -0.000069143316), (0.3009655, -0.95363504, -0.000054596305), (0.29887742, -0.9542915, -0.000054734955), (0.29887742, -0.9542915, -0.000054734955), (0.04175756, -0.9991278, -0.00006924642), (0.04394716, -0.99903387, -0.000069143316), (-0.21617591, -0.9763544, -0.00007898347), (0.04394716, -0.99903387, -0.000069143316), (0.04175756, -0.9991278, -0.00006924642), (0.04175756, -0.9991278, -0.00006924642), (-0.21831241, -0.97587895, -0.00007904371), (-0.21617591, -0.9763544, -0.00007898347), (-0.4614629, -0.8871596, -0.000083437975), (-0.21617591, -0.9763544, -0.00007898347), (-0.21831241, -0.97587895, -0.00007904371), (-0.21831241, -0.97587895, -0.00007904371), (-0.463406, -0.88614607, -0.00008345143), (-0.4614629, -0.8871596, -0.000083437975), (-0.67542285, -0.7374307, -0.000084112704), (-0.4614629, -0.8871596, -0.000083437975), (-0.463406, -0.88614607, -0.00008345143), (-0.463406, -0.88614607, -0.00008345143), (-0.6770366, -0.7359494, -0.00008173376), (-0.67542285, -0.7374307, -0.000084112704), (0.88613504, -0.46342722, 0.000006046733), (0.73604196, -0.6769359, -0.000015312775), (0.73752373, -0.6753213, -0.000017486573), (0.73752373, -0.6753213, -0.000017486573), (0.8871473, -0.4614865, 0.000006229382), (0.88613504, -0.46342722, 0.000006046733), (0.97589, -0.2182632, 0.000027441536), (0.88613504, -0.46342722, 0.000006046733), (0.8871473, -0.4614865, 0.000006229382), (0.8871473, -0.4614865, 0.000006229382), (0.97636586, -0.21612424, 0.000027614671), (0.97589, -0.2182632, 0.000027441536), (0.99912983, 0.041708365, 0.000046961064), (0.97589, -0.2182632, 0.000027441536), (0.97636586, -0.21612424, 0.000027614671), (0.97636586, -0.21612424, 0.000027614671), (0.99903625, 0.0438954, 0.000047112542), (0.99912983, 0.041708365, 0.000046961064), (0.9542806, 0.2989126, 0.00006328561), (0.99912983, 0.041708365, 0.000046961064), (0.99903625, 0.0438954, 0.000047112542), (0.99903625, 0.0438954, 0.000047112542), (0.95362335, 0.3010028, 0.00006340538), (0.9542806, 0.2989126, 0.00006328561), (0.84440845, 0.53569996, 0.00007510175), (0.9542806, 0.2989126, 0.00006328561), (0.95362335, 0.3010028, 0.00006340538), (0.95362335, 0.3010028, 0.00006340538), (0.84323305, 0.5375481, 0.00007621269), (0.84440845, 0.53569996, 0.00007510175), (0.67697257, 0.7360082, 0.00008172993), (0.84440845, 0.53569996, 0.00007510175), (0.84323305, 0.5375481, 0.00007621269), (0.84323305, 0.5375481, 0.00007621269), (0.67535955, 0.7374886, 0.00008413664), (0.67697257, 0.7360082, 0.00008172993), (0.4634675, 0.8861139, 0.00008345184), (0.67697257, 0.7360082, 0.00008172993), (0.67535955, 0.7374886, 0.00008413664), (0.67535955, 0.7374886, 0.00008413664), (0.461526, 0.88712674, 0.00008343842), (0.4634675, 0.8861139, 0.00008345184), (0.21826503, 0.9758896, 0.00007904239), (0.4634675, 0.8861139, 0.00008345184), (0.461526, 0.88712674, 0.00008343842), (0.461526, 0.88712674, 0.00008343842), (0.216126, 0.9763655, 0.00007898206), (0.21826503, 0.9758896, 0.00007904239), (-0.041707873, 0.9991299, 0.00006924875), (0.21826503, 0.9758896, 0.00007904239), (0.216126, 0.9763655, 0.00007898206), (0.216126, 0.9763655, 0.00007898206), (-0.043894883, 0.9990362, 0.00006914579), (-0.041707873, 0.9991299, 0.00006924875), (-0.29892278, 0.9542774, 0.00005473195), (-0.041707873, 0.9991299, 0.00006924875), (-0.043894883, 0.9990362, 0.00006914579), (-0.043894883, 0.9990362, 0.00006914579), (-0.3010131, 0.95362, 0.00005459314), (-0.29892278, 0.9542774, 0.00005473195), (-0.53574514, 0.8443798, 0.000036233912), (-0.29892278, 0.9542774, 0.00005473195), (-0.3010131, 0.95362, 0.00005459314), (-0.3010131, 0.95362, 0.00005459314), (-0.5375937, 0.843204, 0.000037414007), (-0.53574514, 0.8443798, 0.000036233912), (-0.73598623, 0.67699647, 0.000015314337), (-0.53574514, 0.8443798, 0.000036233912), (-0.5375937, 0.843204, 0.000037414007), (-0.5375937, 0.843204, 0.000037414007), (-0.7374662, 0.67538404, 0.000017516191), (-0.73598623, 0.67699647, 0.000015314337), (-0.88613844, 0.46342075, -0.0000060473426), (-0.73598623, 0.67699647, 0.000015314337), (-0.7374662, 0.67538404, 0.000017516191), (-0.7374662, 0.67538404, 0.000017516191), (-0.8871516, 0.4614783, -0.000006230154), (-0.88613844, 0.46342075, -0.0000060473426), (-0.97588515, 0.21828507, -0.000027439766), (-0.88613844, 0.46342075, -0.0000060473426), (-0.8871516, 0.4614783, -0.000006230154), (-0.8871516, 0.4614783, -0.000006230154), (-0.97636074, 0.21614747, -0.000027612792), (-0.97588515, 0.21828507, -0.000027439766), (-0.9991288, -0.041733745, -0.000046962825), (-0.97588515, 0.21828507, -0.000027439766), (-0.97636074, 0.21614747, -0.000027612792), (-0.97636074, 0.21614747, -0.000027612792), (-0.999035, -0.043922108, -0.00004711439), (-0.9991288, -0.041733745, -0.000046962825), (-0.954286, -0.2988952, -0.000063284606), (-0.9991288, -0.041733745, -0.000046962825), (-0.999035, -0.043922108, -0.00004711439), (-0.999035, -0.043922108, -0.00004711439), (-0.9536291, -0.3009843, -0.00006340432), (-0.954286, -0.2988952, -0.000063284606), (-0.84441763, -0.5356855, -0.00007510404), (-0.954286, -0.2988952, -0.000063284606), (-0.9536291, -0.3009843, -0.00006340432), (-0.9536291, -0.3009843, -0.00006340432), (-0.84324276, -0.53753304, -0.00007619934), (-0.84441763, -0.5356855, -0.00007510404), (-0.6770366, -0.7359494, -0.00008173376), (-0.84441763, -0.5356855, -0.00007510404), (-0.84324276, -0.53753304, -0.00007619934), (-0.84324276, -0.53753304, -0.00007619934), (-0.67542285, -0.7374307, -0.000084112704), (-0.6770366, -0.7359494, -0.00008173376), (-0.53741914, -0.84331524, -0.00008366308), (-0.73737776, -0.6754806, -0.00008052669), (-0.00004403195, -0.00007114714, 1), (-0.30083877, -0.95367503, -0.000081097765), (-0.53741914, -0.84331524, -0.00008366308), (0.00004403195, 0.00007114714, -1), (-0.53741914, -0.84331524, -0.00008366308), (-0.00004403195, -0.00007114714, 1), (0.00004403195, 0.00007114714, -1), (-0.00004403195, -0.00007114714, 1), (-0.97633594, -0.21625993, -0.00005837625), (-0.9990429, 0.043740883, -0.000040877767), (-0.00004403195, -0.00007114714, 1), (-0.9990429, 0.043740883, -0.000040877767), (0.00004403195, 0.00007114714, -1), (-0.9990429, 0.043740883, -0.000040877767), (-0.9536675, 0.30086276, -0.000020586314), (0.00004403195, 0.00007114714, -1), (-0.00004403195, -0.00007114714, 1), (0.00004403195, 0.00007114714, -1), (0.00004403195, 0.00007114714, -1), (0.00004403195, 0.00007114714, -1), (-0.67550206, 0.73735815, 0.00002273413), (-0.46163142, 0.88707185, 0.00004278609), (0.46159565, -0.88709044, -0.00004278899), (0.2163052, -0.9763258, -0.000059938444), (0.00004403195, 0.00007114714, -1), (0.00004403195, 0.00007114714, -1), (-0.46163142, 0.88707185, 0.00004278609), (-0.00004403195, -0.00007114714, 1), (-0.46163142, 0.88707185, 0.00004278609), (-0.2163052, 0.9763258, 0.000059938444), (-0.00004403195, -0.00007114714, 1), (-0.00004403195, -0.00007114714, 1), (0.46159565, -0.88709044, -0.00004278899), (0.00004403195, 0.00007114714, -1), (-0.00004403195, -0.00007114714, 1), (0.6754717, -0.7373859, -0.000022712122), (0.46159565, -0.88709044, -0.00004278899), (0.00004403195, 0.00007114714, -1), (0.00004403195, 0.00007114714, -1), (0.00004403195, 0.00007114714, -1), (0.00004403195, 0.00007114714, -1), (-0.00004403195, -0.00007114714, 1), (0.00004403195, 0.00007114714, -1), (0.00004403195, 0.00007114714, -1), (-0.00004403195, -0.00007114714, 1), (0.00004403195, 0.00007114714, -1), (0.99904305, -0.04373967, 0.00004087786), (0.95367026, -0.30085397, 0.00002058706), (-0.00004403195, -0.00007114714, 1), (0.00004403195, 0.00007114714, -1), (0.99904305, -0.04373967, 0.00004087786), (-0.00004403195, -0.00007114714, 1), (0.00004403195, 0.00007114714, -1), (0.97633284, 0.21627375, 0.000058377096), (0.99904305, -0.04373967, 0.00004087786), (-0.00004403195, -0.00007114714, 1), (0.5374398, 0.8433021, 0.00008366305), (0.00004403195, 0.00007114714, -1), (-0.00004403195, -0.00007114714, 1), (0.30083868, 0.9536751, 0.000081097765), (0.5374398, 0.8433021, 0.00008366305), (0.5374398, 0.8433021, 0.00008366305), (0.7373769, 0.67548156, 0.00008053516), (0.00004403195, 0.00007114714, -1), (-0.043773517, -0.99904156, -0.000073006384), (0.21630518, -0.9763258, -0.000059938448), (0.4615957, -0.8870905, -0.00004278899), (-0.30083874, -0.95367503, -0.000081097765), (-0.043773517, -0.99904156, -0.000073006384), (-0.53741914, -0.84331524, -0.00008366308), (-0.043773517, -0.99904156, -0.000073006384), (0.4615957, -0.8870905, -0.00004278899), (-0.53741914, -0.84331524, -0.00008366308), (0.4615957, -0.8870905, -0.00004278899), (0.6754717, -0.737386, -0.000022722339), (0.8433277, -0.53739977, -0.0000011010909), (0.4615957, -0.8870905, -0.00004278899), (0.8433277, -0.53739977, -0.0000011010909), (0.999043, -0.043739673, 0.000040877858), (0.8433277, -0.53739977, -0.0000011010909), (0.95367026, -0.30085397, 0.00002058706), (0.999043, -0.043739673, 0.000040877858), (0.4615957, -0.8870905, -0.00004278899), (0.999043, -0.043739673, 0.000040877858), (-0.53741914, -0.84331524, -0.00008366308), (0.999043, -0.043739673, 0.000040877858), (0.9763328, 0.21627374, 0.000058377093), (0.8870658, 0.46164316, 0.00007190383), (-0.8870615, -0.46165153, -0.00007190423), (-0.7373777, -0.67548066, -0.00008052669), (-0.53741914, -0.84331524, -0.00008366308), (0.999043, -0.043739673, 0.000040877858), (0.8870658, 0.46164316, 0.00007190383), (0.5374398, 0.84330213, 0.00008366306), (0.8870658, 0.46164316, 0.00007190383), (0.737377, 0.67548156, 0.00008052495), (0.5374398, 0.84330213, 0.00008366306), (-0.999043, 0.043740883, -0.000042528365), (-0.8870615, -0.46165153, -0.00007190423), (-0.53741914, -0.84331524, -0.00008366308), (-0.999043, 0.043740883, -0.000042528365), (-0.97633016, -0.21628553, -0.00005919857), (-0.8870615, -0.46165153, -0.00007190423), (0.999043, -0.043739673, 0.000040877858), (-0.46163145, 0.8870719, 0.000042786094), (-0.53741914, -0.84331524, -0.00008366308), (-0.46163145, 0.8870719, 0.000042786094), (-0.999043, 0.043740883, -0.000042528365), (-0.53741914, -0.84331524, -0.00008366308), (0.999043, -0.043739673, 0.000040877858), (0.5374398, 0.84330213, 0.00008366306), (-0.46163145, 0.8870719, 0.000042786094), (-0.84328496, 0.5374667, 0.0000011051558), (-0.9536598, 0.30088717, -0.000020584237), (-0.999043, 0.043740883, -0.000042528365), (-0.46163145, 0.8870719, 0.000042786094), (-0.84328496, 0.5374667, 0.0000011051558), (-0.999043, 0.043740883, -0.000042528365), (-0.46163145, 0.8870719, 0.000042786094), (-0.67550206, 0.7373582, 0.000022713708), (-0.84328496, 0.5374667, 0.0000011051558), (0.5374398, 0.84330213, 0.00008366306), (0.04377351, 0.99904156, 0.000073006384), (-0.46163145, 0.8870719, 0.000042786094), (0.5374398, 0.84330213, 0.00008366306), (0.30083868, 0.95367503, 0.00008109776), (0.04377351, 0.99904156, 0.000073006384), (0.04377351, 0.99904156, 0.000073006384), (-0.21630521, 0.97632587, 0.000059938448), (-0.46163145, 0.8870719, 0.000042786094), (-0.53745663, -0.8432914, -0.00008487843), (-0.7374113, -0.67544395, -0.000082681596), (-0.00004403195, -0.00007114714, 1), (-0.3008197, -0.95368105, -0.00008109735), (-0.53745663, -0.8432914, -0.00008487843), (0.00004403195, 0.00007114714, -1), (-0.53745663, -0.8432914, -0.00008487843), (-0.00004403195, -0.00007114714, 1), (0.00004403195, 0.00007114714, -1), (-0.00004403195, -0.00007114714, 1), (-0.9763329, -0.21627317, -0.000058377056), (-0.99904287, 0.04374275, -0.000040877632), (-0.00004403195, -0.00007114714, 1), (-0.99904287, 0.04374275, -0.000040877632), (0.00004403195, 0.00007114714, -1), (-0.99904287, 0.04374275, -0.000040877632), (-0.9536694, 0.30085662, -0.000020586835), (0.00004403195, 0.00007114714, -1), (-0.00004403195, -0.00007114714, 1), (0.00004403195, 0.00007114714, -1), (0.00004403195, 0.00007114714, -1), (0.00004403195, 0.00007114714, -1), (-0.67549056, 0.7373687, 0.000024874647), (-0.4616643, 0.88705474, 0.000042783427), (0.46159565, -0.88709044, -0.00004278899), (0.21632521, -0.97632146, -0.000059937254), (0.00004403195, 0.00007114714, -1), (0.00004403195, 0.00007114714, -1), (-0.4616643, 0.88705474, 0.000042783427), (-0.00004403195, -0.00007114714, 1), (-0.4616643, 0.88705474, 0.000042783427), (-0.21627524, 0.9763324, 0.000059940234), (-0.00004403195, -0.00007114714, 1), (-0.00004403195, -0.00007114714, 1), (0.46159565, -0.88709044, -0.00004278899), (0.00004403195, 0.00007114714, -1), (-0.00004403195, -0.00007114714, 1), (0.67551714, -0.7373444, -0.000024863157), (0.46159565, -0.88709044, -0.00004278899), (0.00004403195, 0.00007114714, -1), (0.00004403195, 0.00007114714, -1), (0.00004403195, 0.00007114714, -1), (0.00004403195, 0.00007114714, -1), (-0.00004403195, -0.00007114714, 1), (0.00004403195, 0.00007114714, -1), (0.00004403195, 0.00007114714, -1), (-0.00004403195, -0.00007114714, 1), (0.00004403195, 0.00007114714, -1), (0.99904287, -0.043743163, 0.000040877603), (0.9536677, -0.30086234, 0.000020586353), (-0.00004403195, -0.00007114714, 1), (0.00004403195, 0.00007114714, -1), (0.99904287, -0.043743163, 0.000040877603), (-0.00004403195, -0.00007114714, 1), (0.00004403195, 0.00007114714, -1), (0.9763333, 0.21627128, 0.00005837694), (0.99904287, -0.043743163, 0.000040877603), (-0.00004403195, -0.00007114714, 1), (0.5374397, 0.8433022, 0.000084890664), (0.00004403195, 0.00007114714, -1), (-0.00004403195, -0.00007114714, 1), (0.30086735, 0.95366603, 0.000081098384), (0.5374397, 0.8433022, 0.000084890664), (0.5374397, 0.8433022, 0.000084890664), (0.73737216, 0.6754868, 0.00008269158), (0.00004403195, 0.00007114714, -1), (-0.043794427, -0.99904054, -0.00007300723), (0.21632516, -0.9763214, -0.00005993725), (0.46159574, -0.8870905, -0.00004278899), (-0.30081967, -0.95368105, -0.00008109735), (-0.043794427, -0.99904054, -0.00007300723), (-0.53745663, -0.8432914, -0.00008341545), (-0.043794427, -0.99904054, -0.00007300723), (0.46159574, -0.8870905, -0.00004278899), (-0.53745663, -0.8432914, -0.00008341545), (0.46159574, -0.8870905, -0.00004278899), (0.6755172, -0.7373443, -0.000022264456), (0.8433368, -0.5373855, -9.036678e-7), (0.46159574, -0.8870905, -0.00004278899), (0.8433368, -0.5373855, -9.036678e-7), (0.9990428, -0.043743156, 0.0000408776), (0.8433368, -0.5373855, -9.036678e-7), (0.95366764, -0.3008623, 0.00002058635), (0.9990428, -0.043743156, 0.0000408776), (0.46159574, -0.8870905, -0.00004278899), (0.9990428, -0.043743156, 0.0000408776), (-0.53745663, -0.8432914, -0.00008341545), (0.9990428, -0.043743156, 0.0000408776), (0.9763333, 0.21627128, 0.00005837694), (0.88707227, 0.46163055, 0.00007190321), (-0.8870633, -0.46164772, -0.00007190404), (-0.7374113, -0.675444, -0.000080072634), (-0.53745663, -0.8432914, -0.00008341545), (0.9990428, -0.043743156, 0.0000408776), (0.88707227, 0.46163055, 0.00007190321), (0.5374398, 0.84330225, 0.00008341549), (0.88707227, 0.46163055, 0.00007190321), (0.7373721, 0.6754868, 0.00008007213), (0.5374398, 0.84330225, 0.00008341549), (-0.99904287, 0.043742754, -0.000042528278), (-0.8870633, -0.46164772, -0.00007190404), (-0.53745663, -0.8432914, -0.00008341545), (-0.99904287, 0.043742754, -0.000042528278), (-0.97632724, -0.21629876, -0.000059199272), (-0.8870633, -0.46164772, -0.00007190404), (0.9990428, -0.043743156, 0.0000408776), (-0.46166426, 0.88705474, 0.000042783427), (-0.53745663, -0.8432914, -0.00008341545), (-0.46166426, 0.88705474, 0.000042783427), (-0.99904287, 0.043742754, -0.000042528278), (-0.53745663, -0.8432914, -0.00008341545), (0.9990428, -0.043743156, 0.0000408776), (0.5374398, 0.84330225, 0.00008341549), (-0.46166426, 0.88705474, 0.000042783427), (-0.84329146, 0.5374567, 9.1072195e-7), (-0.9536618, 0.30088106, -0.000020584761), (-0.99904287, 0.043742754, -0.000042528278), (-0.46166426, 0.88705474, 0.000042783427), (-0.84329146, 0.5374567, 9.1072195e-7), (-0.99904287, 0.043742754, -0.000042528278), (-0.46166426, 0.88705474, 0.000042783427), (-0.67549056, 0.7373687, 0.00002226556), (-0.84329146, 0.5374567, 9.1072195e-7), (0.5374398, 0.84330225, 0.00008341549), (0.04374215, 0.99904287, 0.000073005096), (-0.46166426, 0.88705474, 0.000042783427), (0.5374398, 0.84330225, 0.00008341549), (0.3008673, 0.95366603, 0.00008109838), (0.04374215, 0.99904287, 0.000073005096), (0.04374215, 0.99904287, 0.000073005096), (-0.21627524, 0.9763324, 0.000059940234), (-0.46166426, 0.88705474, 0.000042783427), (-0.5374193, -0.8433151, -0.00008366308), (-0.73737794, -0.6754804, -0.00008052668), (-0.00004403195, -0.00007114714, 1), (-0.30083868, -0.95367503, -0.00008109776), (-0.5374193, -0.8433151, -0.00008366308), (0.00004403195, 0.00007114714, -1), (-0.5374193, -0.8433151, -0.00008366308), (-0.00004403195, -0.00007114714, 1), (0.00004403195, 0.00007114714, -1), (-0.00004403195, -0.00007114714, 1), (-0.9763301, -0.21628597, -0.000058377842), (-0.99904174, 0.043768167, -0.000040875773), (-0.00004403195, -0.00007114714, 1), (-0.99904174, 0.043768167, -0.000040875773), (0.00004403195, 0.00007114714, -1), (-0.99904174, 0.043768167, -0.000040875773), (-0.95367515, 0.30083868, -0.000020588364), (0.00004403195, 0.00007114714, -1), (-0.00004403195, -0.00007114714, 1), (0.00004403195, 0.00007114714, -1), (0.00004403195, 0.00007114714, -1), (0.00004403195, 0.00007114714, -1), (-0.6755022, 0.73735803, 0.000022717237), (-0.46163145, 0.8870719, 0.000042786094), (0.46159565, -0.88709044, -0.00004278899), (0.21630521, -0.9763258, -0.000059938444), (0.00004403195, 0.00007114714, -1), (0.00004403195, 0.00007114714, -1), (-0.46163145, 0.8870719, 0.000042786094), (-0.00004403195, -0.00007114714, 1), (-0.46163145, 0.8870719, 0.000042786094), (-0.21630517, 0.9763258, 0.000059938448), (-0.00004403195, -0.00007114714, 1), (-0.00004403195, -0.00007114714, 1), (0.46159565, -0.88709044, -0.00004278899), (0.00004403195, 0.00007114714, -1), (-0.00004403195, -0.00007114714, 1), (0.6754717, -0.737386, -0.000022712125), (0.46159565, -0.88709044, -0.00004278899), (0.00004403195, 0.00007114714, -1), (0.00004403195, 0.00007114714, -1), (0.00004403195, 0.00007114714, -1), (0.00004403195, 0.00007114714, -1), (-0.00004403195, -0.00007114714, 1), (0.00004403195, 0.00007114714, -1), (0.00004403195, 0.00007114714, -1), (-0.00004403195, -0.00007114714, 1), (0.00004403195, 0.00007114714, -1), (0.99904305, -0.043739922, 0.000040877843), (0.9536703, -0.300854, 0.000020587062), (-0.00004403195, -0.00007114714, 1), (0.00004403195, 0.00007114714, -1), (0.99904305, -0.043739922, 0.000040877843), (-0.00004403195, -0.00007114714, 1), (0.00004403195, 0.00007114714, -1), (0.97633284, 0.2162735, 0.000058377078), (0.99904305, -0.043739922, 0.000040877843), (-0.00004403195, -0.00007114714, 1), (0.5374398, 0.84330225, 0.000083663064), (0.00004403195, 0.00007114714, -1), (-0.00004403195, -0.00007114714, 1), (0.30083874, 0.95367503, 0.000081097765), (0.5374398, 0.84330225, 0.000083663064), (0.5374398, 0.84330225, 0.000083663064), (0.737377, 0.67548156, 0.00008053517), (0.00004403195, 0.00007114714, -1), (-0.043773517, -0.99904156, -0.000073006384), (0.21630521, -0.97632587, -0.000059938448), (0.4615957, -0.8870905, -0.00004278899), (-0.3008387, -0.95367503, -0.000081097765), (-0.043773517, -0.99904156, -0.000073006384), (-0.5374193, -0.8433151, -0.00008366308), (-0.043773517, -0.99904156, -0.000073006384), (0.4615957, -0.8870905, -0.00004278899), (-0.5374193, -0.8433151, -0.00008366308), (0.4615957, -0.8870905, -0.00004278899), (0.6754718, -0.7373859, -0.000022722332), (0.8433277, -0.53739977, -0.0000011010909), (0.4615957, -0.8870905, -0.00004278899), (0.8433277, -0.53739977, -0.0000011010909), (0.999043, -0.04373992, 0.00004087784), (0.8433277, -0.53739977, -0.0000011010909), (0.95367026, -0.30085397, 0.00002058706), (0.999043, -0.04373992, 0.00004087784), (0.4615957, -0.8870905, -0.00004278899), (0.999043, -0.04373992, 0.00004087784), (-0.5374193, -0.8433151, -0.00008366308), (0.999043, -0.04373992, 0.00004087784), (0.9763329, 0.21627352, 0.00005837708), (0.8870656, 0.46164346, 0.000071903836), (-0.88708335, -0.46160945, -0.0000719022), (-0.73737794, -0.6754805, -0.00008052669), (-0.5374193, -0.8433151, -0.00008366308), (0.999043, -0.04373992, 0.00004087784), (0.8870656, 0.46164346, 0.000071903836), (0.5374398, 0.84330225, 0.000083663064), (0.8870656, 0.46164346, 0.000071903836), (0.737377, 0.67548156, 0.00008052495), (0.5374398, 0.84330225, 0.000083663064), (-0.99904174, 0.043768167, -0.000040875773), (-0.88708335, -0.46160945, -0.0000719022), (-0.5374193, -0.8433151, -0.00008366308), (-0.99904174, 0.043768167, -0.000040875773), (-0.9763301, -0.216286, -0.000058377846), (-0.88708335, -0.46160945, -0.0000719022), (0.999043, -0.04373992, 0.00004087784), (-0.46163145, 0.8870719, 0.000042786094), (-0.5374193, -0.8433151, -0.00008366308), (-0.46163145, 0.8870719, 0.000042786094), (-0.99904174, 0.043768167, -0.000040875773), (-0.5374193, -0.8433151, -0.00008366308), (0.999043, -0.04373992, 0.00004087784), (0.5374398, 0.84330225, 0.000083663064), (-0.46163145, 0.8870719, 0.000042786094), (-0.8432974, 0.5374472, 0.0000011057998), (-0.9536751, 0.30083862, -0.000020588364), (-0.99904174, 0.043768167, -0.000040875773), (-0.46163145, 0.8870719, 0.000042786094), (-0.8432974, 0.5374472, 0.0000011057998), (-0.99904174, 0.043768167, -0.000040875773), (-0.46163145, 0.8870719, 0.000042786094), (-0.67550224, 0.7373581, 0.000022717237), (-0.8432974, 0.5374472, 0.0000011057998), (0.5374398, 0.84330225, 0.000083663064), (0.04377351, 0.99904156, 0.000073006384), (-0.46163145, 0.8870719, 0.000042786094), (0.5374398, 0.84330225, 0.000083663064), (0.3008387, 0.95367503, 0.000081097765), (0.04377351, 0.99904156, 0.000073006384), (0.04377351, 0.99904156, 0.000073006384), (-0.21630518, 0.97632587, 0.00005993845), (-0.46163145, 0.8870719, 0.000042786094), (-0.53745663, -0.84329146, -0.00008487845), (-0.73741126, -0.67544407, -0.00008266474), (-0.00004403195, -0.00007114714, 1), (-0.3008197, -0.95368105, -0.00008109735), (-0.53745663, -0.84329146, -0.00008487845), (0.00004403195, 0.00007114714, -1), (-0.53745663, -0.84329146, -0.00008487845), (-0.00004403195, -0.00007114714, 1), (0.00004403195, 0.00007114714, -1), (-0.00004403195, -0.00007114714, 1), (-0.9763273, -0.21629895, -0.000058378642), (-0.9990417, 0.04376938, -0.000040875686), (-0.00004403195, -0.00007114714, 1), (-0.9990417, 0.04376938, -0.000040875686), (0.00004403195, 0.00007114714, -1), (-0.9990417, 0.04376938, -0.000040875686), (-0.95367706, 0.30083248, -0.000020588888), (0.00004403195, 0.00007114714, -1), (-0.00004403195, -0.00007114714, 1), (0.00004403195, 0.00007114714, -1), (0.00004403195, 0.00007114714, -1), (0.00004403195, 0.00007114714, -1), (-0.6754907, 0.7373685, 0.000024890762), (-0.46166438, 0.8870547, 0.00004278342), (0.46159565, -0.88709044, -0.00004278899), (0.21632516, -0.9763214, -0.00005993725), (0.00004403195, 0.00007114714, -1), (0.00004403195, 0.00007114714, -1), (-0.46166438, 0.8870547, 0.00004278342), (-0.00004403195, -0.00007114714, 1), (-0.46166438, 0.8870547, 0.00004278342), (-0.21627526, 0.97633255, 0.00005994024), (-0.00004403195, -0.00007114714, 1), (-0.00004403195, -0.00007114714, 1), (0.46159565, -0.88709044, -0.00004278899), (0.00004403195, 0.00007114714, -1), (-0.00004403195, -0.00007114714, 1), (0.67551726, -0.7373442, -0.000024863157), (0.46159565, -0.88709044, -0.00004278899), (0.00004403195, 0.00007114714, -1), (0.00004403195, 0.00007114714, -1), (0.00004403195, 0.00007114714, -1), (0.00004403195, 0.00007114714, -1), (-0.00004403195, -0.00007114714, 1), (0.00004403195, 0.00007114714, -1), (0.00004403195, 0.00007114714, -1), (-0.00004403195, -0.00007114714, 1), (0.00004403195, 0.00007114714, -1), (0.99904287, -0.04374267, 0.00004087764), (0.9536674, -0.300863, 0.000020586293), (-0.00004403195, -0.00007114714, 1), (0.00004403195, 0.00007114714, -1), (0.99904287, -0.04374267, 0.00004087764), (-0.00004403195, -0.00007114714, 1), (0.00004403195, 0.00007114714, -1), (0.9763333, 0.2162713, 0.00005837694), (0.99904287, -0.04374267, 0.00004087764), (-0.00004403195, -0.00007114714, 1), (0.53743976, 0.8433022, 0.00008489068), (0.00004403195, 0.00007114714, -1), (-0.00004403195, -0.00007114714, 1), (0.30086732, 0.95366603, 0.000081098384), (0.53743976, 0.8433022, 0.00008489068), (0.53743976, 0.8433022, 0.00008489068), (0.7373721, 0.6754868, 0.00008269159), (0.00004403195, 0.00007114714, -1), (-0.043794423, -0.99904054, -0.00007300723), (0.21632516, -0.9763214, -0.00005993725), (0.46159574, -0.8870905, -0.00004278899), (-0.30081967, -0.95368105, -0.00008109735), (-0.043794423, -0.99904054, -0.00007300723), (-0.5374566, -0.8432914, -0.00008341544), (-0.043794423, -0.99904054, -0.00007300723), (0.46159574, -0.8870905, -0.00004278899), (-0.5374566, -0.8432914, -0.00008341544), (0.46159574, -0.8870905, -0.00004278899), (0.6755173, -0.73734426, -0.000022264447), (0.8433367, -0.5373855, -9.036731e-7), (0.46159574, -0.8870905, -0.00004278899), (0.8433367, -0.5373855, -9.036731e-7), (0.99904287, -0.043742668, 0.00004087764), (0.8433367, -0.5373855, -9.036731e-7), (0.9536674, -0.30086297, 0.000020586294), (0.99904287, -0.043742668, 0.00004087764), (0.46159574, -0.8870905, -0.00004278899), (0.99904287, -0.043742668, 0.00004087764), (-0.5374566, -0.8432914, -0.00008341544), (0.99904287, -0.043742668, 0.00004087764), (0.9763333, 0.21627128, 0.00005837694), (0.88707227, 0.46163064, 0.00007190322), (-0.88708556, -0.46160525, -0.000071901995), (-0.73741126, -0.6754441, -0.00008007619), (-0.5374566, -0.8432914, -0.00008341544), (0.99904287, -0.043742668, 0.00004087764), (0.88707227, 0.46163064, 0.00007190322), (0.5374398, 0.84330225, 0.00008341549), (0.88707227, 0.46163064, 0.00007190322), (0.7373721, 0.6754868, 0.00008007213), (0.5374398, 0.84330225, 0.00008341549), (-0.9990417, 0.04376938, -0.000040875686), (-0.88708556, -0.46160525, -0.000071901995), (-0.5374566, -0.8432914, -0.00008341544), (-0.9990417, 0.04376938, -0.000040875686), (-0.97632724, -0.21629895, -0.000058378642), (-0.88708556, -0.46160525, -0.000071901995), (0.99904287, -0.043742668, 0.00004087764), (-0.46166438, 0.88705474, 0.000042783424), (-0.5374566, -0.8432914, -0.00008341544), (-0.46166438, 0.88705474, 0.000042783424), (-0.9990417, 0.04376938, -0.000040875686), (-0.5374566, -0.8432914, -0.00008341544), (0.99904287, -0.043742668, 0.00004087764), (0.5374398, 0.84330225, 0.00008341549), (-0.46166438, 0.88705474, 0.000042783424), (-0.84330344, 0.5374379, 9.062767e-7), (-0.953677, 0.30083248, -0.000020588886), (-0.9990417, 0.04376938, -0.000040875686), (-0.46166438, 0.88705474, 0.000042783424), (-0.84330344, 0.5374379, 9.062767e-7), (-0.9990417, 0.04376938, -0.000040875686), (-0.46166438, 0.88705474, 0.000042783424), (-0.6754907, 0.7373686, 0.00002226216), (-0.84330344, 0.5374379, 9.062767e-7), (0.5374398, 0.84330225, 0.00008341549), (0.043742146, 0.99904287, 0.000073005096), (-0.46166438, 0.88705474, 0.000042783424), (0.5374398, 0.84330225, 0.00008341549), (0.3008673, 0.95366603, 0.00008109838), (0.043742146, 0.99904287, 0.000073005096), (0.043742146, 0.99904287, 0.000073005096), (-0.21627526, 0.9763324, 0.000059940234), (-0.46166438, 0.88705474, 0.000042783424), (0.6754717, -0.7373859, -0.000022712122), (0.73749447, -0.67535317, -0.000015568621), (0.537524, -0.84324855, -0.000036323232), (0.537524, -0.84324855, -0.000036323232), (0.46159565, -0.88709044, -0.00004278899), (0.6754717, -0.7373859, -0.000022712122), (0.46159565, -0.88709044, -0.00004278899), (0.537524, -0.84324855, -0.000036323232), (0.30098453, -0.953629, -0.00005459504), (0.30098453, -0.953629, -0.00005459504), (0.2163052, -0.9763258, -0.000059938444), (0.46159565, -0.88709044, -0.00004278899), (0.2163052, -0.9763258, -0.000059938444), (0.30098453, -0.953629, -0.00005459504), (0.04392625, -0.9990348, -0.000069144306), (0.04392625, -0.9990348, -0.000069144306), (0.00004403195, 0.00007114714, -1), (0.2163052, -0.9763258, -0.000059938444), (0.00004403195, 0.00007114714, -1), (0.04392625, -0.9990348, -0.000069144306), (-0.21615595, -0.97635883, -0.00007898291), (-0.21615595, -0.97635883, -0.00007898291), (-0.30083877, -0.95367503, -0.000081097765), (0.00004403195, 0.00007114714, -1), (-0.30083877, -0.95367503, -0.000081097765), (-0.21615595, -0.97635883, -0.00007898291), (-0.46147105, -0.8871554, -0.00008343803), (-0.46147105, -0.8871554, -0.00008343803), (-0.53741914, -0.84331524, -0.00008366308), (-0.30083877, -0.95367503, -0.000081097765), (-0.53741914, -0.84331524, -0.00008366308), (-0.46147105, -0.8871554, -0.00008343803), (-0.675372, -0.7374772, -0.000082207334), (-0.675372, -0.7374772, -0.000082207334), (-0.73737776, -0.6754806, -0.00008052669), (-0.53741914, -0.84331524, -0.00008366308), (0.73749447, -0.67535317, -0.000015568621), (0.6754717, -0.7373859, -0.000022712122), (-0.00004403195, -0.00007114714, 1), (-0.00004403195, -0.00007114714, 1), (0.88714284, -0.46149504, 0.0000062285767), (0.73749447, -0.67535317, -0.000015568621), (0.88714284, -0.46149504, 0.0000062285767), (-0.00004403195, -0.00007114714, 1), (0.95367026, -0.30085397, 0.00002058706), (0.95367026, -0.30085397, 0.00002058706), (0.97636884, -0.21611099, 0.000027615744), (0.88714284, -0.46149504, 0.0000062285767), (0.97636884, -0.21611099, 0.000027615744), (0.95367026, -0.30085397, 0.00002058706), (0.99904305, -0.04373967, 0.00004087786), (0.99904305, -0.04373967, 0.00004087786), (0.99903625, 0.04389451, 0.00004711248), (0.97636884, -0.21611099, 0.000027615744), (0.99903625, 0.04389451, 0.00004711248), (0.99904305, -0.04373967, 0.00004087786), (0.97633284, 0.21627375, 0.000058377096), (0.97633284, 0.21627375, 0.000058377096), (0.95362145, 0.30100855, 0.00006340571), (0.99903625, 0.04389451, 0.00004711248), (0.95362145, 0.30100855, 0.00006340571), (0.97633284, 0.21627375, 0.000058377096), (0.00004403195, 0.00007114714, -1), (0.00004403195, 0.00007114714, -1), (0.8432275, 0.53755695, 0.00007537883), (0.95362145, 0.30100855, 0.00006340571), (0.8432275, 0.53755695, 0.00007537883), (0.00004403195, 0.00007114714, -1), (0.7373769, 0.67548156, 0.00008053516), (0.7373769, 0.67548156, 0.00008053516), (0.67537606, 0.7374735, 0.000082214756), (0.8432275, 0.53755695, 0.00007537883), (0.67537606, 0.7374735, 0.000082214756), (0.7373769, 0.67548156, 0.00008053516), (0.5374398, 0.8433021, 0.00008366305), (0.5374398, 0.8433021, 0.00008366305), (0.4614848, 0.88714814, 0.00008343812), (0.67537606, 0.7374735, 0.000082214756), (0.4614848, 0.88714814, 0.00008343812), (0.5374398, 0.8433021, 0.00008366305), (0.30083868, 0.9536751, 0.000081097765), (0.30083868, 0.9536751, 0.000081097765), (0.21615595, 0.9763589, 0.00007898291), (0.4614848, 0.88714814, 0.00008343812), (0.21615595, 0.9763589, 0.00007898291), (0.30083868, 0.9536751, 0.000081097765), (-0.00004403195, -0.00007114714, 1), (-0.00004403195, -0.00007114714, 1), (-0.04392625, 0.9990348, 0.000069144306), (0.21615595, 0.9763589, 0.00007898291), (-0.04392625, 0.9990348, 0.000069144306), (-0.00004403195, -0.00007114714, 1), (-0.2163052, 0.9763258, 0.000059938444), (-0.2163052, 0.9763258, 0.000059938444), (-0.30098453, 0.953629, 0.00005459504), (-0.04392625, 0.9990348, 0.000069144306), (-0.30098453, 0.953629, 0.00005459504), (-0.2163052, 0.9763258, 0.000059938444), (-0.46163142, 0.88707185, 0.00004278609), (-0.46163142, 0.88707185, 0.00004278609), (-0.53759295, 0.8432045, 0.000036326837), (-0.30098453, 0.953629, 0.00005459504), (-0.53759295, 0.8432045, 0.000036326837), (-0.46163142, 0.88707185, 0.00004278609), (-0.67550206, 0.73735815, 0.00002273413), (-0.67550206, 0.73735815, 0.00002273413), (-0.73746663, 0.6753836, 0.000015594533), (-0.53759295, 0.8432045, 0.000036326837), (-0.73746663, 0.6753836, 0.000015594533), (-0.67550206, 0.73735815, 0.00002273413), (0.00004403195, 0.00007114714, -1), (0.00004403195, 0.00007114714, -1), (-0.887125, 0.4615292, -0.000006225362), (-0.73746663, 0.6753836, 0.000015594533), (-0.887125, 0.4615292, -0.000006225362), (0.00004403195, 0.00007114714, -1), (-0.9536675, 0.30086276, -0.000020586314), (-0.9536675, 0.30086276, -0.000020586314), (-0.976366, 0.21612379, -0.000027614708), (-0.887125, 0.4615292, -0.000006225362), (-0.976366, 0.21612379, -0.000027614708), (-0.9536675, 0.30086276, -0.000020586314), (-0.9990429, 0.043740883, -0.000040877767), (-0.9990429, 0.043740883, -0.000040877767), (-0.9990364, -0.04389273, -0.00004711236), (-0.976366, 0.21612379, -0.000027614708), (-0.9990364, -0.04389273, -0.00004711236), (-0.9990429, 0.043740883, -0.000040877767), (-0.97633594, -0.21625993, -0.00005837625), (-0.97633594, -0.21625993, -0.00005837625), (-0.9536244, -0.3009994, -0.00006340519), (-0.9990364, -0.04389273, -0.00004711236), (-0.9536244, -0.3009994, -0.00006340519), (-0.97633594, -0.21625993, -0.00005837625), (-0.00004403195, -0.00007114714, 1), (-0.00004403195, -0.00007114714, 1), (-0.84322137, -0.53756666, -0.00007537501), (-0.9536244, -0.3009994, -0.00006340519), (-0.84322137, -0.53756666, -0.00007537501), (-0.00004403195, -0.00007114714, 1), (-0.73737776, -0.6754806, -0.00008052669), (-0.73737776, -0.6754806, -0.00008052669), (-0.675372, -0.7374772, -0.000082207334), (-0.84322137, -0.53756666, -0.00007537501), (0.67551714, -0.7373444, -0.000024863157), (0.73752344, -0.6753215, -0.000017486589), (0.53756034, -0.84322536, -0.000037407277), (0.53756034, -0.84322536, -0.000037407277), (0.46159565, -0.88709044, -0.00004278899), (0.67551714, -0.7373444, -0.000024863157), (0.46159565, -0.88709044, -0.00004278899), (0.53756034, -0.84322536, -0.000037407277), (0.3009655, -0.9536351, -0.000054596312), (0.3009655, -0.9536351, -0.000054596312), (0.21632521, -0.97632146, -0.000059937254), (0.46159565, -0.88709044, -0.00004278899), (0.21632521, -0.97632146, -0.000059937254), (0.3009655, -0.9536351, -0.000054596312), (0.04394716, -0.99903387, -0.000069143316), (0.04394716, -0.99903387, -0.000069143316), (0.00004403195, 0.00007114714, -1), (0.21632521, -0.97632146, -0.000059937254), (0.00004403195, 0.00007114714, -1), (0.04394716, -0.99903387, -0.000069143316), (-0.21617591, -0.9763544, -0.00007898347), (-0.21617591, -0.9763544, -0.00007898347), (-0.3008197, -0.95368105, -0.00008109735), (0.00004403195, 0.00007114714, -1), (-0.3008197, -0.95368105, -0.00008109735), (-0.21617591, -0.9763544, -0.00007898347), (-0.4614628, -0.8871596, -0.00008343797), (-0.4614628, -0.8871596, -0.00008343797), (-0.53745663, -0.8432914, -0.00008487843), (-0.3008197, -0.95368105, -0.00008109735), (-0.53745663, -0.8432914, -0.00008487843), (-0.4614628, -0.8871596, -0.00008343797), (-0.6754229, -0.73743063, -0.0000841277), (-0.6754229, -0.73743063, -0.0000841277), (-0.7374113, -0.67544395, -0.000082681596), (-0.53745663, -0.8432914, -0.00008487843), (0.73752344, -0.6753215, -0.000017486589), (0.67551714, -0.7373444, -0.000024863157), (-0.00004403195, -0.00007114714, 1), (-0.00004403195, -0.00007114714, 1), (0.8871476, -0.46148586, 0.00000622944), (0.73752344, -0.6753215, -0.000017486589), (0.8871476, -0.46148586, 0.00000622944), (-0.00004403195, -0.00007114714, 1), (0.9536677, -0.30086234, 0.000020586353), (0.9536677, -0.30086234, 0.000020586353), (0.97636586, -0.21612425, 0.00002761467), (0.8871476, -0.46148586, 0.00000622944), (0.97636586, -0.21612425, 0.00002761467), (0.9536677, -0.30086234, 0.000020586353), (0.99904287, -0.043743163, 0.000040877603), (0.99904287, -0.043743163, 0.000040877603), (0.99903625, 0.043895148, 0.000047112524), (0.97636586, -0.21612425, 0.00002761467), (0.99903625, 0.043895148, 0.000047112524), (0.99904287, -0.043743163, 0.000040877603), (0.9763333, 0.21627128, 0.00005837694), (0.9763333, 0.21627128, 0.00005837694), (0.9536233, 0.30100277, 0.00006340538), (0.99903625, 0.043895148, 0.000047112524), (0.9536233, 0.30100277, 0.00006340538), (0.9763333, 0.21627128, 0.00005837694), (0.00004403195, 0.00007114714, -1), (0.00004403195, 0.00007114714, -1), (0.8432331, 0.53754807, 0.00007621268), (0.9536233, 0.30100277, 0.00006340538), (0.8432331, 0.53754807, 0.00007621268), (0.00004403195, 0.00007114714, -1), (0.73737216, 0.6754868, 0.00008269158), (0.73737216, 0.6754868, 0.00008269158), (0.67535955, 0.7374886, 0.00008413663), (0.8432331, 0.53754807, 0.00007621268), (0.67535955, 0.7374886, 0.00008413663), (0.73737216, 0.6754868, 0.00008269158), (0.5374397, 0.8433022, 0.000084890664), (0.5374397, 0.8433022, 0.000084890664), (0.46152598, 0.8871267, 0.00008343841), (0.67535955, 0.7374886, 0.00008413663), (0.46152598, 0.8871267, 0.00008343841), (0.5374397, 0.8433022, 0.000084890664), (0.30086735, 0.95366603, 0.000081098384), (0.30086735, 0.95366603, 0.000081098384), (0.21612601, 0.9763655, 0.00007898206), (0.46152598, 0.8871267, 0.00008343841), (0.21612601, 0.9763655, 0.00007898206), (0.30086735, 0.95366603, 0.000081098384), (-0.00004403195, -0.00007114714, 1), (-0.00004403195, -0.00007114714, 1), (-0.043894887, 0.9990362, 0.00006914579), (0.21612601, 0.9763655, 0.00007898206), (-0.043894887, 0.9990362, 0.00006914579), (-0.00004403195, -0.00007114714, 1), (-0.21627524, 0.9763324, 0.000059940234), (-0.21627524, 0.9763324, 0.000059940234), (-0.3010131, 0.9536201, 0.000054593143), (-0.043894887, 0.9990362, 0.00006914579), (-0.3010131, 0.9536201, 0.000054593143), (-0.21627524, 0.9763324, 0.000059940234), (-0.4616643, 0.88705474, 0.000042783427), (-0.4616643, 0.88705474, 0.000042783427), (-0.5375936, 0.8432042, 0.0000374075), (-0.3010131, 0.9536201, 0.000054593143), (-0.5375936, 0.8432042, 0.0000374075), (-0.4616643, 0.88705474, 0.000042783427), (-0.67549056, 0.7373687, 0.000024874647), (-0.67549056, 0.7373687, 0.000024874647), (-0.7374663, 0.67538404, 0.000017501163), (-0.5375936, 0.8432042, 0.0000374075), (-0.7374663, 0.67538404, 0.000017501163), (-0.67549056, 0.7373687, 0.000024874647), (0.00004403195, 0.00007114714, -1), (0.00004403195, 0.00007114714, -1), (-0.88712984, 0.4615201, -0.0000062262216), (-0.7374663, 0.67538404, 0.000017501163), (-0.88712984, 0.4615201, -0.0000062262216), (0.00004403195, 0.00007114714, -1), (-0.9536694, 0.30085662, -0.000020586835), (-0.9536694, 0.30085662, -0.000020586835), (-0.9763664, 0.21612172, -0.000027614875), (-0.88712984, 0.4615201, -0.0000062262216), (-0.9763664, 0.21612172, -0.000027614875), (-0.9536694, 0.30085662, -0.000020586835), (-0.99904287, 0.04374275, -0.000040877632), (-0.99904287, 0.04374275, -0.000040877632), (-0.99903625, -0.043894988, -0.000047112513), (-0.9763664, 0.21612172, -0.000027614875), (-0.99903625, -0.043894988, -0.000047112513), (-0.99904287, 0.04374275, -0.000040877632), (-0.9763329, -0.21627317, -0.000058377056), (-0.9763329, -0.21627317, -0.000058377056), (-0.9536213, -0.30100882, -0.00006340572), (-0.99903625, -0.043894988, -0.000047112513), (-0.9536213, -0.30100882, -0.00006340572), (-0.9763329, -0.21627317, -0.000058377056), (-0.00004403195, -0.00007114714, 1), (-0.00004403195, -0.00007114714, 1), (-0.84323055, -0.5375521, -0.00007620864), (-0.9536213, -0.30100882, -0.00006340572), (-0.84323055, -0.5375521, -0.00007620864), (-0.00004403195, -0.00007114714, 1), (-0.7374113, -0.67544395, -0.000082681596), (-0.7374113, -0.67544395, -0.000082681596), (-0.6754229, -0.73743063, -0.0000841277), (-0.84323055, -0.5375521, -0.00007620864), (0.6754717, -0.737386, -0.000022712125), (0.7374945, -0.67535317, -0.000015568618), (0.5375239, -0.8432485, -0.00003632323), (0.5375239, -0.8432485, -0.00003632323), (0.46159565, -0.88709044, -0.00004278899), (0.6754717, -0.737386, -0.000022712125), (0.46159565, -0.88709044, -0.00004278899), (0.5375239, -0.8432485, -0.00003632323), (0.30098453, -0.953629, -0.00005459504), (0.30098453, -0.953629, -0.00005459504), (0.21630521, -0.9763258, -0.000059938444), (0.46159565, -0.88709044, -0.00004278899), (0.21630521, -0.9763258, -0.000059938444), (0.30098453, -0.953629, -0.00005459504), (0.043926254, -0.9990348, -0.000069144306), (0.043926254, -0.9990348, -0.000069144306), (0.00004403195, 0.00007114714, -1), (0.21630521, -0.9763258, -0.000059938444), (0.00004403195, 0.00007114714, -1), (0.043926254, -0.9990348, -0.000069144306), (-0.21615592, -0.97635883, -0.00007898291), (-0.21615592, -0.97635883, -0.00007898291), (-0.30083868, -0.95367503, -0.00008109776), (0.00004403195, 0.00007114714, -1), (-0.30083868, -0.95367503, -0.00008109776), (-0.21615592, -0.97635883, -0.00007898291), (-0.4614711, -0.88715535, -0.00008343803), (-0.4614711, -0.88715535, -0.00008343803), (-0.5374193, -0.8433151, -0.00008366308), (-0.30083868, -0.95367503, -0.00008109776), (-0.5374193, -0.8433151, -0.00008366308), (-0.4614711, -0.88715535, -0.00008343803), (-0.6753723, -0.73747694, -0.000082207334), (-0.6753723, -0.73747694, -0.000082207334), (-0.73737794, -0.6754804, -0.00008052668), (-0.5374193, -0.8433151, -0.00008366308), (0.7374945, -0.67535317, -0.000015568618), (0.6754717, -0.737386, -0.000022712125), (-0.00004403195, -0.00007114714, 1), (-0.00004403195, -0.00007114714, 1), (0.8871429, -0.46149507, 0.000006228577), (0.7374945, -0.67535317, -0.000015568618), (0.8871429, -0.46149507, 0.000006228577), (-0.00004403195, -0.00007114714, 1), (0.9536703, -0.300854, 0.000020587062), (0.9536703, -0.300854, 0.000020587062), (0.97636884, -0.216111, 0.000027615744), (0.8871429, -0.46149507, 0.000006228577), (0.97636884, -0.216111, 0.000027615744), (0.9536703, -0.300854, 0.000020587062), (0.99904305, -0.043739922, 0.000040877843), (0.99904305, -0.043739922, 0.000040877843), (0.9990363, 0.043894023, 0.000047112448), (0.97636884, -0.216111, 0.000027615744), (0.9990363, 0.043894023, 0.000047112448), (0.99904305, -0.043739922, 0.000040877843), (0.97633284, 0.2162735, 0.000058377078), (0.97633284, 0.2162735, 0.000058377078), (0.9536214, 0.30100876, 0.00006340572), (0.9990363, 0.043894023, 0.000047112448), (0.9536214, 0.30100876, 0.00006340572), (0.97633284, 0.2162735, 0.000058377078), (0.00004403195, 0.00007114714, -1), (0.00004403195, 0.00007114714, -1), (0.8432274, 0.53755707, 0.00007537884), (0.9536214, 0.30100876, 0.00006340572), (0.8432274, 0.53755707, 0.00007537884), (0.00004403195, 0.00007114714, -1), (0.737377, 0.67548156, 0.00008053517), (0.737377, 0.67548156, 0.00008053517), (0.67537606, 0.7374735, 0.000082214756), (0.8432274, 0.53755707, 0.00007537884), (0.67537606, 0.7374735, 0.000082214756), (0.737377, 0.67548156, 0.00008053517), (0.5374398, 0.84330225, 0.000083663064), (0.5374398, 0.84330225, 0.000083663064), (0.46148482, 0.88714814, 0.00008343813), (0.67537606, 0.7374735, 0.000082214756), (0.46148482, 0.88714814, 0.00008343813), (0.5374398, 0.84330225, 0.000083663064), (0.30083874, 0.95367503, 0.000081097765), (0.30083874, 0.95367503, 0.000081097765), (0.21615595, 0.97635883, 0.00007898291), (0.46148482, 0.88714814, 0.00008343813), (0.21615595, 0.97635883, 0.00007898291), (0.30083874, 0.95367503, 0.000081097765), (-0.00004403195, -0.00007114714, 1), (-0.00004403195, -0.00007114714, 1), (-0.04392625, 0.9990348, 0.000069144306), (0.21615595, 0.97635883, 0.00007898291), (-0.04392625, 0.9990348, 0.000069144306), (-0.00004403195, -0.00007114714, 1), (-0.21630517, 0.9763258, 0.000059938448), (-0.21630517, 0.9763258, 0.000059938448), (-0.3009845, 0.9536291, 0.000054595046), (-0.04392625, 0.9990348, 0.000069144306), (-0.3009845, 0.9536291, 0.000054595046), (-0.21630517, 0.9763258, 0.000059938448), (-0.46163145, 0.8870719, 0.000042786094), (-0.46163145, 0.8870719, 0.000042786094), (-0.537593, 0.84320456, 0.00003632032), (-0.3009845, 0.9536291, 0.000054595046), (-0.537593, 0.84320456, 0.00003632032), (-0.46163145, 0.8870719, 0.000042786094), (-0.6755022, 0.73735803, 0.000022717237), (-0.6755022, 0.73735803, 0.000022717237), (-0.7374669, 0.6753833, 0.000015579488), (-0.537593, 0.84320456, 0.00003632032), (-0.7374669, 0.6753833, 0.000015579488), (-0.6755022, 0.73735803, 0.000022717237), (0.00004403195, 0.00007114714, -1), (0.00004403195, 0.00007114714, -1), (-0.88714725, 0.46148673, -0.0000062293625), (-0.7374669, 0.6753833, 0.000015579488), (-0.88714725, 0.46148673, -0.0000062293625), (0.00004403195, 0.00007114714, -1), (-0.95367515, 0.30083868, -0.000020588364), (-0.95367515, 0.30083868, -0.000020588364), (-0.9763602, 0.21614999, -0.00002761259), (-0.88714725, 0.46148673, -0.0000062293625), (-0.9763602, 0.21614999, -0.00002761259), (-0.95367515, 0.30083868, -0.000020588364), (-0.99904174, 0.043768167, -0.000040875773), (-0.99904174, 0.043768167, -0.000040875773), (-0.99903506, -0.043919515, -0.00004711421), (-0.9763602, 0.21614999, -0.00002761259), (-0.99903506, -0.043919515, -0.00004711421), (-0.99904174, 0.043768167, -0.000040875773), (-0.9763301, -0.21628597, -0.000058377842), (-0.9763301, -0.21628597, -0.000058377842), (-0.953632, -0.30097544, -0.000063403815), (-0.99903506, -0.043919515, -0.00004711421), (-0.953632, -0.30097544, -0.000063403815), (-0.9763301, -0.21628597, -0.000058377842), (-0.00004403195, -0.00007114714, 1), (-0.00004403195, -0.00007114714, 1), (-0.84323347, -0.5375476, -0.000075374184), (-0.953632, -0.30097544, -0.000063403815), (-0.84323347, -0.5375476, -0.000075374184), (-0.00004403195, -0.00007114714, 1), (-0.73737794, -0.6754804, -0.00008052668), (-0.73737794, -0.6754804, -0.00008052668), (-0.6753723, -0.73747694, -0.000082207334), (-0.84323347, -0.5375476, -0.000075374184), (0.67551726, -0.7373442, -0.000024863157), (0.73752373, -0.6753213, -0.000017486573), (0.53756034, -0.8432253, -0.00003740728), (0.53756034, -0.8432253, -0.00003740728), (0.46159565, -0.88709044, -0.00004278899), (0.67551726, -0.7373442, -0.000024863157), (0.46159565, -0.88709044, -0.00004278899), (0.53756034, -0.8432253, -0.00003740728), (0.3009655, -0.95363504, -0.000054596305), (0.3009655, -0.95363504, -0.000054596305), (0.21632516, -0.9763214, -0.00005993725), (0.46159565, -0.88709044, -0.00004278899), (0.21632516, -0.9763214, -0.00005993725), (0.3009655, -0.95363504, -0.000054596305), (0.04394716, -0.99903387, -0.000069143316), (0.04394716, -0.99903387, -0.000069143316), (0.00004403195, 0.00007114714, -1), (0.21632516, -0.9763214, -0.00005993725), (0.00004403195, 0.00007114714, -1), (0.04394716, -0.99903387, -0.000069143316), (-0.21617591, -0.9763544, -0.00007898347), (-0.21617591, -0.9763544, -0.00007898347), (-0.3008197, -0.95368105, -0.00008109735), (0.00004403195, 0.00007114714, -1), (-0.3008197, -0.95368105, -0.00008109735), (-0.21617591, -0.9763544, -0.00007898347), (-0.4614629, -0.8871596, -0.000083437975), (-0.4614629, -0.8871596, -0.000083437975), (-0.53745663, -0.84329146, -0.00008487845), (-0.3008197, -0.95368105, -0.00008109735), (-0.53745663, -0.84329146, -0.00008487845), (-0.4614629, -0.8871596, -0.000083437975), (-0.67542285, -0.7374307, -0.000084112704), (-0.67542285, -0.7374307, -0.000084112704), (-0.73741126, -0.67544407, -0.00008266474), (-0.53745663, -0.84329146, -0.00008487845), (0.73752373, -0.6753213, -0.000017486573), (0.67551726, -0.7373442, -0.000024863157), (-0.00004403195, -0.00007114714, 1), (-0.00004403195, -0.00007114714, 1), (0.8871473, -0.4614865, 0.000006229382), (0.73752373, -0.6753213, -0.000017486573), (0.8871473, -0.4614865, 0.000006229382), (-0.00004403195, -0.00007114714, 1), (0.9536674, -0.300863, 0.000020586293), (0.9536674, -0.300863, 0.000020586293), (0.97636586, -0.21612424, 0.000027614671), (0.8871473, -0.4614865, 0.000006229382), (0.97636586, -0.21612424, 0.000027614671), (0.9536674, -0.300863, 0.000020586293), (0.99904287, -0.04374267, 0.00004087764), (0.99904287, -0.04374267, 0.00004087764), (0.99903625, 0.0438954, 0.000047112542), (0.97636586, -0.21612424, 0.000027614671), (0.99903625, 0.0438954, 0.000047112542), (0.99904287, -0.04374267, 0.00004087764), (0.9763333, 0.2162713, 0.00005837694), (0.9763333, 0.2162713, 0.00005837694), (0.95362335, 0.3010028, 0.00006340538), (0.99903625, 0.0438954, 0.000047112542), (0.95362335, 0.3010028, 0.00006340538), (0.9763333, 0.2162713, 0.00005837694), (0.00004403195, 0.00007114714, -1), (0.00004403195, 0.00007114714, -1), (0.84323305, 0.5375481, 0.00007621269), (0.95362335, 0.3010028, 0.00006340538), (0.84323305, 0.5375481, 0.00007621269), (0.00004403195, 0.00007114714, -1), (0.7373721, 0.6754868, 0.00008269159), (0.7373721, 0.6754868, 0.00008269159), (0.67535955, 0.7374886, 0.00008413664), (0.84323305, 0.5375481, 0.00007621269), (0.67535955, 0.7374886, 0.00008413664), (0.7373721, 0.6754868, 0.00008269159), (0.53743976, 0.8433022, 0.00008489068), (0.53743976, 0.8433022, 0.00008489068), (0.461526, 0.88712674, 0.00008343842), (0.67535955, 0.7374886, 0.00008413664), (0.461526, 0.88712674, 0.00008343842), (0.53743976, 0.8433022, 0.00008489068), (0.30086732, 0.95366603, 0.000081098384), (0.30086732, 0.95366603, 0.000081098384), (0.216126, 0.9763655, 0.00007898206), (0.461526, 0.88712674, 0.00008343842), (0.216126, 0.9763655, 0.00007898206), (0.30086732, 0.95366603, 0.000081098384), (-0.00004403195, -0.00007114714, 1), (-0.00004403195, -0.00007114714, 1), (-0.043894883, 0.9990362, 0.00006914579), (0.216126, 0.9763655, 0.00007898206), (-0.043894883, 0.9990362, 0.00006914579), (-0.00004403195, -0.00007114714, 1), (-0.21627526, 0.97633255, 0.00005994024), (-0.21627526, 0.97633255, 0.00005994024), (-0.3010131, 0.95362, 0.00005459314), (-0.043894883, 0.9990362, 0.00006914579), (-0.3010131, 0.95362, 0.00005459314), (-0.21627526, 0.97633255, 0.00005994024), (-0.46166438, 0.8870547, 0.00004278342), (-0.46166438, 0.8870547, 0.00004278342), (-0.5375937, 0.843204, 0.000037414007), (-0.3010131, 0.95362, 0.00005459314), (-0.5375937, 0.843204, 0.000037414007), (-0.46166438, 0.8870547, 0.00004278342), (-0.6754907, 0.7373685, 0.000024890762), (-0.6754907, 0.7373685, 0.000024890762), (-0.7374662, 0.67538404, 0.000017516191), (-0.5375937, 0.843204, 0.000037414007), (-0.7374662, 0.67538404, 0.000017516191), (-0.6754907, 0.7373685, 0.000024890762), (0.00004403195, 0.00007114714, -1), (0.00004403195, 0.00007114714, -1), (-0.8871516, 0.4614783, -0.000006230154), (-0.7374662, 0.67538404, 0.000017516191), (-0.8871516, 0.4614783, -0.000006230154), (0.00004403195, 0.00007114714, -1), (-0.95367706, 0.30083248, -0.000020588888), (-0.95367706, 0.30083248, -0.000020588888), (-0.97636074, 0.21614747, -0.000027612792), (-0.8871516, 0.4614783, -0.000006230154), (-0.97636074, 0.21614747, -0.000027612792), (-0.95367706, 0.30083248, -0.000020588888), (-0.9990417, 0.04376938, -0.000040875686), (-0.9990417, 0.04376938, -0.000040875686), (-0.999035, -0.043922108, -0.00004711439), (-0.97636074, 0.21614747, -0.000027612792), (-0.999035, -0.043922108, -0.00004711439), (-0.9990417, 0.04376938, -0.000040875686), (-0.9763273, -0.21629895, -0.000058378642), (-0.9763273, -0.21629895, -0.000058378642), (-0.9536291, -0.3009843, -0.00006340432), (-0.999035, -0.043922108, -0.00004711439), (-0.9536291, -0.3009843, -0.00006340432), (-0.9763273, -0.21629895, -0.000058378642), (-0.00004403195, -0.00007114714, 1), (-0.00004403195, -0.00007114714, 1), (-0.84324276, -0.53753304, -0.00007619934), (-0.9536291, -0.3009843, -0.00006340432), (-0.84324276, -0.53753304, -0.00007619934), (-0.00004403195, -0.00007114714, 1), (-0.73741126, -0.67544407, -0.00008266474), (-0.73741126, -0.67544407, -0.00008266474), (-0.67542285, -0.7374307, -0.000084112704), (-0.84324276, -0.53753304, -0.00007619934), (0.0000825342, -0.6344272, -0.77298254), (-0.00004403195, -0.00007114714, 1), (-0.00004403195, -0.00007114714, 1), (-0.00004403195, -0.00007114714, 1), (0.00006944182, -0.37421536, -0.9273419), (0.0000825342, -0.6344272, -0.77298254), (0.00006944182, -0.37421536, -0.9273419), (-0.00004403195, -0.00007114714, 1), (-1, -0.00007643756, -0.000044037388), (-1, -0.00007643756, -0.000044037388), (0.000056904577, -0.17748255, -0.9841239), (0.00006944182, -0.37421536, -0.9273419), (0.000056904577, -0.17748255, -0.9841239), (-1, -0.00007643756, -0.000044037388), (-1, -0.00007643756, -0.000044037388), (-1, -0.00007643756, -0.000044037388), (0.00004127709, 0.035743665, -0.999361), (0.000056904577, -0.17748255, -0.9841239), (0.00004127709, 0.035743665, -0.999361), (-1, -0.00007643756, -0.000044037388), (-1, -0.00007643756, -0.000044037388), (-1, -0.00007643756, -0.000044037388), (0.000024970603, 0.23351473, -0.9723533), (0.00004127709, 0.035743665, -0.999361), (0.000024970603, 0.23351473, -0.9723533), (-1, -0.00007643756, -0.000044037388), (-0.00004403195, -0.00007114714, 1), (-0.00004403195, -0.00007114714, 1), (0.0000039046436, 0.46035978, -0.88773257), (0.000024970603, 0.23351473, -0.9723533), (0.0000039046436, 0.46035978, -0.88773257), (-0.00004403195, -0.00007114714, 1), (-0.00004403195, -0.00007114714, 1), (-0.00004403195, -0.00007114714, 1), (-0.000023981507, 0.7159566, -0.6981447), (0.0000039046436, 0.46035978, -0.88773257), (0.00002398782, -0.71600854, 0.69809145), (-0.00004403195, -0.00007114714, 1), (-0.00004403195, -0.00007114714, 1), (-0.00004403195, -0.00007114714, 1), (0.000049885144, -0.90170896, 0.43234366), (0.00002398782, -0.71600854, 0.69809145), (0.000049885144, -0.90170896, 0.43234366), (-0.00004403195, -0.00007114714, 1), (0.000062721076, -0.96710527, 0.25437662), (0.000062721076, -0.96710527, 0.25437662), (0.000067660076, -0.984902, 0.17311259), (0.000049885144, -0.90170896, 0.43234366), (0.000067660076, -0.984902, 0.17311259), (0.000062721076, -0.96710527, 0.25437662), (0.00007577942, -0.99989116, 0.014756018), (0.00007577942, -0.99989116, 0.014756018), (0.00007625617, -0.99999166, 0.0041043786), (0.000067660076, -0.984902, 0.17311259), (0.00007625617, -0.99999166, 0.0041043786), (0.00007577942, -0.99989116, 0.014756018), (0.00007662388, -0.99999106, -0.004246626), (0.00007662388, -0.99999106, -0.004246626), (0.000077085155, -0.999889, -0.014898214), (0.00007625617, -0.99999166, 0.0041043786), (0.000077085155, -0.999889, -0.014898214), (0.00007662388, -0.99999106, -0.004246626), (0.00008291102, -0.98487854, -0.17324632), (0.00008291102, -0.98487854, -0.17324632), (0.00008512829, -0.9670716, -0.2545042), (0.000077085155, -0.999889, -0.014898214), (0.00008512829, -0.9670716, -0.2545042), (0.00008291102, -0.98487854, -0.17324632), (0.00008688133, -0.9398749, -0.3415187), (0.00008688133, -0.9398749, -0.3415187), (0.00008817715, -0.85137045, -0.524565), (0.00008512829, -0.9670716, -0.2545042), (0.00008817715, -0.85137045, -0.524565), (0.00008688133, -0.9398749, -0.3415187), (-0.00004403195, -0.00007114714, 1), (-0.00004403195, -0.00007114714, 1), (0.0000825342, -0.6344272, -0.77298254), (0.00008817715, -0.85137045, -0.524565), (-0.00008253434, 0.63443047, 0.77298), (-0.00004403195, -0.00007114714, 1), (-0.00004403195, -0.00007114714, 1), (-0.00004403195, -0.00007114714, 1), (-0.0000694432, 0.3742389, 0.92733234), (-0.00008253434, 0.63443047, 0.77298), (-0.0000694432, 0.3742389, 0.92733234), (-0.00004403195, -0.00007114714, 1), (-1, -0.00007643756, -0.000044037388), (-1, -0.00007643756, -0.000044037388), (-0.000056424924, 0.17049633, 0.98535824), (-0.0000694432, 0.3742389, 0.92733234), (-0.000056424924, 0.17049633, 0.98535824), (-1, -0.00007643756, -0.000044037388), (-1, -0.00007643756, -0.000044037388), (-1, -0.00007643756, -0.000044037388), (-0.00004121914, -0.0364863, 0.9993341), (-0.000056424924, 0.17049633, 0.98535824), (-0.00004121914, -0.0364863, 0.9993341), (-1, -0.00007643756, -0.000044037388), (-1, -0.00007643756, -0.000044037388), (-1, -0.00007643756, -0.000044037388), (-0.000024580499, -0.23799245, 0.971267), (-0.00004121914, -0.0364863, 0.9993341), (-0.000024580499, -0.23799245, 0.971267), (-1, -0.00007643756, -0.000044037388), (-1, -0.00007643756, -0.000044037388), (-1, -0.00007643756, -0.000044037388), (-0.0000039011898, -0.46039453, 0.8877144), (-0.000024580499, -0.23799245, 0.971267), (-0.0000039011898, -0.46039453, 0.8877144), (-1, -0.00007643756, -0.000044037388), (-0.00004403195, -0.00007114714, 1), (-0.00004403195, -0.00007114714, 1), (0.00002398782, -0.71600854, 0.69809145), (-0.0000039011898, -0.46039453, 0.8877144), (-0.000023981507, 0.7159566, -0.6981447), (-0.00004403195, -0.00007114714, 1), (-0.00004403195, -0.00007114714, 1), (-0.00004403195, -0.00007114714, 1), (-0.00004988521, 0.9017093, -0.4323428), (-0.000023981507, 0.7159566, -0.6981447), (-0.00004988521, 0.9017093, -0.4323428), (-0.00004403195, -0.00007114714, 1), (-0.000062723426, 0.96711487, -0.25433996), (-0.000062723426, 0.96711487, -0.25433996), (-0.00006766347, 0.98491246, -0.17305355), (-0.00004988521, 0.9017093, -0.4323428), (-0.00006766347, 0.98491246, -0.17305355), (-0.000062723426, 0.96711487, -0.25433996), (-0.00007577995, 0.9998914, -0.014744331), (-0.00007577995, 0.9998914, -0.014744331), (-0.000076256314, 0.99999166, -0.004101069), (-0.00006766347, 0.98491246, -0.17305355), (-0.000076256314, 0.99999166, -0.004101069), (-0.00007577995, 0.9998914, -0.014744331), (-0.00007662374, 0.99999106, 0.004243395), (-0.00007662374, 0.99999106, 0.004243395), (-0.00007708466, 0.99988925, 0.01488668), (-0.000076256314, 0.99999166, -0.004101069), (-0.00007708466, 0.99988925, 0.01488668), (-0.00007662374, 0.99999106, 0.004243395), (-0.00008290961, 0.98488665, 0.1732001), (-0.00008290961, 0.98488665, 0.1732001), (-0.0000851279, 0.967076, 0.2544876), (-0.00007708466, 0.99988925, 0.01488668), (-0.0000851279, 0.967076, 0.2544876), (-0.00008290961, 0.98488665, 0.1732001), (-0.00004403195, -0.00007114714, 1), (-0.00004403195, -0.00007114714, 1), (-0.0000881772, 0.8513821, 0.524546), (-0.0000851279, 0.967076, 0.2544876), (-0.0000881772, 0.8513821, 0.524546), (-0.00004403195, -0.00007114714, 1), (-0.00004403195, -0.00007114714, 1), (-0.00004403195, -0.00007114714, 1), (-0.00008253434, 0.63443047, 0.77298), (-0.0000881772, 0.8513821, 0.524546), (0.00008271607, -0.6344272, -0.7729826), (-0.00004403195, -0.00007114714, 1), (-0.00004403195, -0.00007114714, 1), (-0.00004403195, -0.00007114714, 1), (0.00006944183, -0.3742156, -0.9273417), (0.00008271607, -0.6344272, -0.7729826), (0.00006944183, -0.3742156, -0.9273417), (-0.00004403195, -0.00007114714, 1), (-1, -0.00007643756, -0.000044037388), (-1, -0.00007643756, -0.000044037388), (0.000056904562, -0.17748229, -0.984124), (0.00006944183, -0.3742156, -0.9273417), (0.000056904562, -0.17748229, -0.984124), (-1, -0.00007643756, -0.000044037388), (-1, -0.00007643756, -0.000044037388), (-1, -0.00007643756, -0.000044037388), (0.00004127692, 0.035745814, -0.99936086), (0.000056904562, -0.17748229, -0.984124), (0.00004127692, 0.035745814, -0.99936086), (-1, -0.00007643756, -0.000044037388), (-1, -0.00007643756, -0.000044037388), (-1, -0.00007643756, -0.000044037388), (0.000024971167, 0.23350824, -0.9723548), (0.00004127692, 0.035745814, -0.99936086), (0.000024971167, 0.23350824, -0.9723548), (-1, -0.00007643756, -0.000044037388), (-0.00004403195, -0.00007114714, 1), (-0.00004403195, -0.00007114714, 1), (0.0000039033557, 0.46037272, -0.8877258), (0.000024971167, 0.23350824, -0.9723548), (0.0000039033557, 0.46037272, -0.8877258), (-0.00004403195, -0.00007114714, 1), (-0.00004403195, -0.00007114714, 1), (-0.00004403195, -0.00007114714, 1), (-0.000023983417, 0.71597236, -0.69812864), (0.0000039033557, 0.46037272, -0.8877258), (0.000024171435, -0.71600854, 0.69809145), (-0.00004403195, -0.00007114714, 1), (-0.00004403195, -0.00007114714, 1), (-0.00004403195, -0.00007114714, 1), (0.000049881048, -0.9016846, 0.43239442), (0.000024171435, -0.71600854, 0.69809145), (0.000049881048, -0.9016846, 0.43239442), (-0.00004403195, -0.00007114714, 1), (0.000062719366, -0.9670982, 0.25440326), (0.000062719366, -0.9670982, 0.25440326), (0.0000676616, -0.98490673, 0.17308629), (0.000049881048, -0.9016846, 0.43239442), (0.0000676616, -0.98490673, 0.17308629), (0.000062719366, -0.9670982, 0.25440326), (0.00007577995, -0.9998914, 0.0147444075), (0.00007577995, -0.9998914, 0.0147444075), (0.000076256314, -0.99999166, 0.0041011083), (0.0000676616, -0.98490673, 0.17308629), (0.000076256314, -0.99999166, 0.0041011083), (0.00007577995, -0.9998914, 0.0147444075), (0.000076623735, -0.99999106, -0.0042433552), (0.000076623735, -0.99999106, -0.0042433552), (0.00007708466, -0.99988925, -0.014886603), (0.000076256314, -0.99999166, 0.0041011083), (0.00007708466, -0.99988925, -0.014886603), (0.000076623735, -0.99999106, -0.0042433552), (0.000082910214, -0.9848831, -0.17322), (0.000082910214, -0.9848831, -0.17322), (0.00008512893, -0.9670646, -0.25453085), (0.00007708466, -0.99988925, -0.014886603), (0.00008512893, -0.9670646, -0.25453085), (0.000082910214, -0.9848831, -0.17322), (0.00008688262, -0.93984634, -0.34159753), (0.00008688262, -0.93984634, -0.34159753), (0.00008828231, -0.851356, -0.52458847), (0.00008512893, -0.9670646, -0.25453085), (0.00008828231, -0.851356, -0.52458847), (0.00008688262, -0.93984634, -0.34159753), (-0.00004403195, -0.00007114714, 1), (-0.00004403195, -0.00007114714, 1), (0.00008271607, -0.6344272, -0.7729826), (0.00008828231, -0.851356, -0.52458847), (-0.000082535604, 0.6344621, 0.7729539), (-0.00004403195, -0.00007114714, 1), (-0.00004403195, -0.00007114714, 1), (-0.00004403195, -0.00007114714, 1), (-0.00006944263, 0.37422907, 0.92733634), (-0.000082535604, 0.6344621, 0.7729539), (-0.00006944263, 0.37422907, 0.92733634), (-0.00004403195, -0.00007114714, 1), (-1, -0.00007643756, -0.000044037388), (-1, -0.00007643756, -0.000044037388), (-0.000056425266, 0.17050125, 0.98535746), (-0.00006944263, 0.37422907, 0.92733634), (-0.000056425266, 0.17050125, 0.98535746), (-1, -0.00007643756, -0.000044037388), (-1, -0.00007643756, -0.000044037388), (-1, -0.00007643756, -0.000044037388), (-0.000041219057, -0.03648738, 0.9993341), (-0.000056425266, 0.17050125, 0.98535746), (-0.000041219057, -0.03648738, 0.9993341), (-1, -0.00007643756, -0.000044037388), (-1, -0.00007643756, -0.000044037388), (-1, -0.00007643756, -0.000044037388), (-0.000024580513, -0.23799224, 0.971267), (-0.000041219057, -0.03648738, 0.9993341), (-0.000024580513, -0.23799224, 0.971267), (-1, -0.00007643756, -0.000044037388), (-1, -0.00007643756, -0.000044037388), (-1, -0.00007643756, -0.000044037388), (-0.0000038292656, -0.46039477, 0.8877142), (-0.000024580513, -0.23799224, 0.971267), (-0.0000038292656, -0.46039477, 0.8877142), (-1, -0.00007643756, -0.000044037388), (-0.00004403195, -0.00007114714, 1), (-0.00004403195, -0.00007114714, 1), (0.000024171435, -0.71600854, 0.69809145), (-0.0000038292656, -0.46039477, 0.8877142), (-0.000023983417, 0.71597236, -0.69812864), (-0.00004403195, -0.00007114714, 1), (-0.00004403195, -0.00007114714, 1), (-0.00004403195, -0.00007114714, 1), (-0.000049881113, 0.90168494, -0.43239355), (-0.000023983417, 0.71597236, -0.69812864), (-0.000049881113, 0.90168494, -0.43239355), (-0.00004403195, -0.00007114714, 1), (-0.00006272005, 0.967101, -0.2543926), (-0.00006272005, 0.967101, -0.2543926), (-0.00006766204, 0.9849081, -0.1730786), (-0.000049881113, 0.90168494, -0.43239355), (-0.00006766204, 0.9849081, -0.1730786), (-0.00006272005, 0.967101, -0.2543926), (-0.000075779964, 0.9998914, -0.014744049), (-0.000075779964, 0.9998914, -0.014744049), (-0.00007625632, 0.99999166, -0.0041009896), (-0.00006766204, 0.9849081, -0.1730786), (-0.00007625632, 0.99999166, -0.0041009896), (-0.000075779964, 0.9998914, -0.014744049), (-0.000076623735, 0.99999106, 0.004243315), (-0.000076623735, 0.99999106, 0.004243315), (-0.00007708465, 0.99988925, 0.014886397), (-0.00007625632, 0.99999166, -0.0041009896), (-0.00007708465, 0.99988925, 0.014886397), (-0.000076623735, 0.99999106, 0.004243315), (-0.000082910374, 0.98488224, 0.17322513), (-0.000082910374, 0.98488224, 0.17322513), (-0.000085129155, 0.9670622, 0.25454026), (-0.00007708465, 0.99988925, 0.014886397), (-0.000085129155, 0.9670622, 0.25454026), (-0.000082910374, 0.98488224, 0.17322513), (-0.00004403195, -0.00007114714, 1), (-0.00004403195, -0.00007114714, 1), (-0.00008817713, 0.8513673, 0.52457), (-0.000085129155, 0.9670622, 0.25454026), (-0.00008817713, 0.8513673, 0.52457), (-0.00004403195, -0.00007114714, 1), (-0.00004403195, -0.00007114714, 1), (-0.00004403195, -0.00007114714, 1), (-0.000082535604, 0.6344621, 0.7729539), (-0.00008817713, 0.8513673, 0.52457), (0.53567606, -0.84442365, -0.000036492213), (0.7360129, -0.6769675, -0.000015757943), (0.6754717, -0.737386, -0.000022722339), (0.6754717, -0.737386, -0.000022722339), (0.4615957, -0.8870905, -0.00004278899), (0.53567606, -0.84442365, -0.000036492213), (0.2988955, -0.95428586, -0.000054733755), (0.53567606, -0.84442365, -0.000036492213), (0.4615957, -0.8870905, -0.00004278899), (0.4615957, -0.8870905, -0.00004278899), (0.21630518, -0.9763258, -0.000059938448), (0.2988955, -0.95428586, -0.000054733755), (0.041737683, -0.9991286, -0.00006924735), (0.2988955, -0.95428586, -0.000054733755), (0.21630518, -0.9763258, -0.000059938448), (0.21630518, -0.9763258, -0.000059938448), (-0.043773517, -0.99904156, -0.000073006384), (0.041737683, -0.9991286, -0.00006924735), (-0.21829346, -0.9758832, -0.00007904318), (0.041737683, -0.9991286, -0.00006924735), (-0.043773517, -0.99904156, -0.000073006384), (-0.043773517, -0.99904156, -0.000073006384), (-0.30083874, -0.95367503, -0.000081097765), (-0.21829346, -0.9758832, -0.00007904318), (-0.4634131, -0.8861424, -0.00008345147), (-0.21829346, -0.9758832, -0.00007904318), (-0.30083874, -0.95367503, -0.000081097765), (-0.30083874, -0.95367503, -0.000081097765), (-0.53741914, -0.84331524, -0.00008366308), (-0.4634131, -0.8861424, -0.00008345147), (-0.6769856, -0.73599625, -0.00008217302), (-0.4634131, -0.8861424, -0.00008345147), (-0.53741914, -0.84331524, -0.00008366308), (-0.53741914, -0.84331524, -0.00008366308), (-0.7373777, -0.67548066, -0.00008052669), (-0.6769856, -0.73599625, -0.00008217302), (0.8433277, -0.53739977, -0.0000011010909), (0.6754717, -0.737386, -0.000022722339), (0.7360129, -0.6769675, -0.000015757943), (0.7360129, -0.6769675, -0.000015757943), (0.8861304, -0.463436, 0.000006045903), (0.8433277, -0.53739977, -0.0000011010909), (0.95367026, -0.30085397, 0.00002058706), (0.8433277, -0.53739977, -0.0000011010909), (0.8861304, -0.463436, 0.000006045903), (0.8861304, -0.463436, 0.000006045903), (0.9758929, -0.21824996, 0.000027442606), (0.95367026, -0.30085397, 0.00002058706), (0.999043, -0.043739673, 0.000040877858), (0.95367026, -0.30085397, 0.00002058706), (0.9758929, -0.21824996, 0.000027442606), (0.9758929, -0.21824996, 0.000027442606), (0.9991299, 0.041707505, 0.000046961002), (0.999043, -0.043739673, 0.000040877858), (0.9763328, 0.21627374, 0.000058377093), (0.999043, -0.043739673, 0.000040877858), (0.9991299, 0.041707505, 0.000046961002), (0.9991299, 0.041707505, 0.000046961002), (0.9542787, 0.2989183, 0.00006328593), (0.9763328, 0.21627374, 0.000058377093), (0.8870658, 0.46164316, 0.00007190383), (0.9763328, 0.21627374, 0.000058377093), (0.9542787, 0.2989183, 0.00006328593), (0.9542787, 0.2989183, 0.00006328593), (0.8444026, 0.5357093, 0.0000752939), (0.8870658, 0.46164316, 0.00007190383), (0.737377, 0.67548156, 0.00008052495), (0.8870658, 0.46164316, 0.00007190383), (0.8444026, 0.5357093, 0.0000752939), (0.8444026, 0.5357093, 0.0000752939), (0.6769895, 0.7359927, 0.00008217122), (0.737377, 0.67548156, 0.00008052495), (0.5374398, 0.84330213, 0.00008366306), (0.737377, 0.67548156, 0.00008052495), (0.6769895, 0.7359927, 0.00008217122), (0.6769895, 0.7359927, 0.00008217122), (0.4634272, 0.8861351, 0.00008345158), (0.5374398, 0.84330213, 0.00008366306), (0.30083868, 0.95367503, 0.00008109776), (0.5374398, 0.84330213, 0.00008366306), (0.4634272, 0.8861351, 0.00008345158), (0.4634272, 0.8861351, 0.00008345158), (0.21829341, 0.9758832, 0.00007904318), (0.30083868, 0.95367503, 0.00008109776), (0.04377351, 0.99904156, 0.000073006384), (0.30083868, 0.95367503, 0.00008109776), (0.21829341, 0.9758832, 0.00007904318), (0.21829341, 0.9758832, 0.00007904318), (-0.041737683, 0.9991286, 0.00006924735), (0.04377351, 0.99904156, 0.000073006384), (-0.21630521, 0.97632587, 0.000059938448), (0.04377351, 0.99904156, 0.000073006384), (-0.041737683, 0.9991286, 0.00006924735), (-0.041737683, 0.9991286, 0.00006924735), (-0.2988956, 0.9542859, 0.000054733755), (-0.21630521, 0.97632587, 0.000059938448), (-0.46163145, 0.8870719, 0.000042786094), (-0.21630521, 0.97632587, 0.000059938448), (-0.2988956, 0.9542859, 0.000054733755), (-0.2988956, 0.9542859, 0.000054733755), (-0.53574425, 0.8443804, 0.000036483885), (-0.46163145, 0.8870719, 0.000042786094), (-0.67550206, 0.7373582, 0.000022713708), (-0.46163145, 0.8870719, 0.000042786094), (-0.53574425, 0.8443804, 0.000036483885), (-0.53574425, 0.8443804, 0.000036483885), (-0.7359863, 0.6769964, 0.000015755995), (-0.67550206, 0.7373582, 0.000022713708), (-0.84328496, 0.5374667, 0.0000011051558), (-0.67550206, 0.7373582, 0.000022713708), (-0.7359863, 0.6769964, 0.000015755995), (-0.7359863, 0.6769964, 0.000015755995), (-0.88611215, 0.463471, -0.0000060426105), (-0.84328496, 0.5374667, 0.0000011051558), (-0.9536598, 0.30088717, -0.000020584237), (-0.84328496, 0.5374667, 0.0000011051558), (-0.88611215, 0.463471, -0.0000060426105), (-0.88611215, 0.463471, -0.0000060426105), (-0.9758845, 0.21828766, -0.000028239812), (-0.9536598, 0.30088717, -0.000020584237), (-0.999043, 0.043740883, -0.000042528365), (-0.9536598, 0.30088717, -0.000020584237), (-0.9758845, 0.21828766, -0.000028239812), (-0.9758845, 0.21828766, -0.000028239812), (-0.9991289, -0.041732, -0.000048563204), (-0.999043, 0.043740883, -0.000042528365), (-0.97633016, -0.21628553, -0.00005919857), (-0.999043, 0.043740883, -0.000042528365), (-0.9991289, -0.041732, -0.000048563204), (-0.9991289, -0.041732, -0.000048563204), (-0.9542817, -0.29890895, -0.0000632854), (-0.97633016, -0.21628553, -0.00005919857), (-0.8870615, -0.46165153, -0.00007190423), (-0.97633016, -0.21628553, -0.00005919857), (-0.9542817, -0.29890895, -0.0000632854), (-0.9542817, -0.29890895, -0.0000632854), (-0.84439635, -0.535719, -0.000075295284), (-0.8870615, -0.46165153, -0.00007190423), (-0.7373777, -0.67548066, -0.00008052669), (-0.8870615, -0.46165153, -0.00007190423), (-0.84439635, -0.535719, -0.000075295284), (-0.84439635, -0.535719, -0.000075295284), (-0.6769856, -0.73599625, -0.00008217302), (-0.7373777, -0.67548066, -0.00008052669), (0.5357122, -0.84440064, -0.00003623908), (0.7360417, -0.67693615, -0.000015312802), (0.6755172, -0.7373443, -0.000022264456), (0.6755172, -0.7373443, -0.000022264456), (0.46159574, -0.8870905, -0.00004278899), (0.5357122, -0.84440064, -0.00003623908), (0.29887742, -0.9542915, -0.000054734955), (0.5357122, -0.84440064, -0.00003623908), (0.46159574, -0.8870905, -0.00004278899), (0.46159574, -0.8870905, -0.00004278899), (0.21632516, -0.9763214, -0.00005993725), (0.29887742, -0.9542915, -0.000054734955), (0.041757565, -0.9991278, -0.00006924642), (0.29887742, -0.9542915, -0.000054734955), (0.21632516, -0.9763214, -0.00005993725), (0.21632516, -0.9763214, -0.00005993725), (-0.043794427, -0.99904054, -0.00007300723), (0.041757565, -0.9991278, -0.00006924642), (-0.21831241, -0.97587895, -0.00007904371), (0.041757565, -0.9991278, -0.00006924642), (-0.043794427, -0.99904054, -0.00007300723), (-0.043794427, -0.99904054, -0.00007300723), (-0.30081967, -0.95368105, -0.00008109735), (-0.21831241, -0.97587895, -0.00007904371), (-0.463406, -0.8861461, -0.00008345143), (-0.21831241, -0.97587895, -0.00007904371), (-0.30081967, -0.95368105, -0.00008109735), (-0.30081967, -0.95368105, -0.00008109735), (-0.53745663, -0.8432914, -0.00008341545), (-0.463406, -0.8861461, -0.00008345143), (-0.67703664, -0.7359493, -0.0000817303), (-0.463406, -0.8861461, -0.00008345143), (-0.53745663, -0.8432914, -0.00008341545), (-0.53745663, -0.8432914, -0.00008341545), (-0.7374113, -0.675444, -0.000080072634), (-0.67703664, -0.7359493, -0.0000817303), (0.8433368, -0.5373855, -9.036678e-7), (0.6755172, -0.7373443, -0.000022264456), (0.7360417, -0.67693615, -0.000015312802), (0.7360417, -0.67693615, -0.000015312802), (0.8861354, -0.4634266, 0.0000060467933), (0.8433368, -0.5373855, -9.036678e-7), (0.95366764, -0.3008623, 0.00002058635), (0.8433368, -0.5373855, -9.036678e-7), (0.8861354, -0.4634266, 0.0000060467933), (0.8861354, -0.4634266, 0.0000060467933), (0.97589, -0.21826318, 0.000027441536), (0.95366764, -0.3008623, 0.00002058635), (0.9990428, -0.043743156, 0.0000408776), (0.95366764, -0.3008623, 0.00002058635), (0.97589, -0.21826318, 0.000027441536), (0.97589, -0.21826318, 0.000027441536), (0.99912995, 0.041708115, 0.00004696105), (0.9990428, -0.043743156, 0.0000408776), (0.9763333, 0.21627128, 0.00005837694), (0.9990428, -0.043743156, 0.0000408776), (0.99912995, 0.041708115, 0.00004696105), (0.99912995, 0.041708115, 0.00004696105), (0.9542806, 0.2989126, 0.00006328561), (0.9763333, 0.21627128, 0.00005837694), (0.88707227, 0.46163055, 0.00007190321), (0.9763333, 0.21627128, 0.00005837694), (0.9542806, 0.2989126, 0.00006328561), (0.9542806, 0.2989126, 0.00006328561), (0.8444086, 0.5356999, 0.00007510175), (0.88707227, 0.46163055, 0.00007190321), (0.7373721, 0.6754868, 0.00008007213), (0.88707227, 0.46163055, 0.00007190321), (0.8444086, 0.5356999, 0.00007510175), (0.8444086, 0.5356999, 0.00007510175), (0.67697257, 0.7360082, 0.00008172993), (0.7373721, 0.6754868, 0.00008007213), (0.5374398, 0.84330225, 0.00008341549), (0.7373721, 0.6754868, 0.00008007213), (0.67697257, 0.7360082, 0.00008172993), (0.67697257, 0.7360082, 0.00008172993), (0.4634675, 0.8861139, 0.00008345184), (0.5374398, 0.84330225, 0.00008341549), (0.3008673, 0.95366603, 0.00008109838), (0.5374398, 0.84330225, 0.00008341549), (0.4634675, 0.8861139, 0.00008345184), (0.4634675, 0.8861139, 0.00008345184), (0.21826503, 0.9758896, 0.00007904239), (0.3008673, 0.95366603, 0.00008109838), (0.04374215, 0.99904287, 0.000073005096), (0.3008673, 0.95366603, 0.00008109838), (0.21826503, 0.9758896, 0.00007904239), (0.21826503, 0.9758896, 0.00007904239), (-0.041707877, 0.9991299, 0.00006924875), (0.04374215, 0.99904287, 0.000073005096), (-0.21627524, 0.9763324, 0.000059940234), (0.04374215, 0.99904287, 0.000073005096), (-0.041707877, 0.9991299, 0.00006924875), (-0.041707877, 0.9991299, 0.00006924875), (-0.29892275, 0.9542774, 0.000054731954), (-0.21627524, 0.9763324, 0.000059940234), (-0.46166426, 0.88705474, 0.000042783427), (-0.21627524, 0.9763324, 0.000059940234), (-0.29892275, 0.9542774, 0.000054731954), (-0.29892275, 0.9542774, 0.000054731954), (-0.53574497, 0.8443799, 0.000036235426), (-0.46166426, 0.88705474, 0.000042783427), (-0.67549056, 0.7373687, 0.00002226556), (-0.46166426, 0.88705474, 0.000042783427), (-0.53574497, 0.8443799, 0.000036235426), (-0.53574497, 0.8443799, 0.000036235426), (-0.73598623, 0.6769965, 0.000015317793), (-0.67549056, 0.7373687, 0.00002226556), (-0.84329146, 0.5374567, 9.1072195e-7), (-0.67549056, 0.7373687, 0.00002226556), (-0.73598623, 0.6769965, 0.000015317793), (-0.73598623, 0.6769965, 0.000015317793), (-0.8861168, 0.46346197, -0.0000060434572), (-0.84329146, 0.5374567, 9.1072195e-7), (-0.9536618, 0.30088106, -0.000020584761), (-0.84329146, 0.5374567, 9.1072195e-7), (-0.8861168, 0.46346197, -0.0000060434572), (-0.8861168, 0.46346197, -0.0000060434572), (-0.975885, 0.2182855, -0.00002823998), (-0.9536618, 0.30088106, -0.000020584761), (-0.99904287, 0.043742754, -0.000042528278), (-0.9536618, 0.30088106, -0.000020584761), (-0.975885, 0.2182855, -0.00002823998), (-0.975885, 0.2182855, -0.00002823998), (-0.9991288, -0.0417341, -0.000048563375), (-0.99904287, 0.043742754, -0.000042528278), (-0.97632724, -0.21629876, -0.000059199272), (-0.99904287, 0.043742754, -0.000042528278), (-0.9991288, -0.0417341, -0.000048563375), (-0.9991288, -0.0417341, -0.000048563375), (-0.95427865, -0.29891858, -0.000063285945), (-0.97632724, -0.21629876, -0.000059199272), (-0.8870633, -0.46164772, -0.00007190404), (-0.97632724, -0.21629876, -0.000059199272), (-0.95427865, -0.29891858, -0.000063285945), (-0.95427865, -0.29891858, -0.000063285945), (-0.8444052, -0.53570515, -0.000075102944), (-0.8870633, -0.46164772, -0.00007190404), (-0.7374113, -0.675444, -0.000080072634), (-0.8870633, -0.46164772, -0.00007190404), (-0.8444052, -0.53570515, -0.000075102944), (-0.8444052, -0.53570515, -0.000075102944), (-0.67703664, -0.7359493, -0.0000817303), (-0.7374113, -0.675444, -0.000080072634), (0.53567606, -0.84442365, -0.000036492213), (0.73601294, -0.6769675, -0.000015757942), (0.6754718, -0.7373859, -0.000022722332), (0.6754718, -0.7373859, -0.000022722332), (0.4615957, -0.8870905, -0.00004278899), (0.53567606, -0.84442365, -0.000036492213), (0.29889554, -0.95428586, -0.000054733755), (0.53567606, -0.84442365, -0.000036492213), (0.4615957, -0.8870905, -0.00004278899), (0.4615957, -0.8870905, -0.00004278899), (0.21630521, -0.97632587, -0.000059938448), (0.29889554, -0.95428586, -0.000054733755), (0.041737687, -0.99912864, -0.000069247355), (0.29889554, -0.95428586, -0.000054733755), (0.21630521, -0.97632587, -0.000059938448), (0.21630521, -0.97632587, -0.000059938448), (-0.043773517, -0.99904156, -0.000073006384), (0.041737687, -0.99912864, -0.000069247355), (-0.21829344, -0.9758832, -0.00007904318), (0.041737687, -0.99912864, -0.000069247355), (-0.043773517, -0.99904156, -0.000073006384), (-0.043773517, -0.99904156, -0.000073006384), (-0.3008387, -0.95367503, -0.000081097765), (-0.21829344, -0.9758832, -0.00007904318), (-0.46341318, -0.8861423, -0.00008345147), (-0.21829344, -0.9758832, -0.00007904318), (-0.3008387, -0.95367503, -0.000081097765), (-0.3008387, -0.95367503, -0.000081097765), (-0.5374193, -0.8433151, -0.00008366308), (-0.46341318, -0.8861423, -0.00008345147), (-0.6769859, -0.735996, -0.00008217302), (-0.46341318, -0.8861423, -0.00008345147), (-0.5374193, -0.8433151, -0.00008366308), (-0.5374193, -0.8433151, -0.00008366308), (-0.73737794, -0.6754805, -0.00008052669), (-0.6769859, -0.735996, -0.00008217302), (0.8433277, -0.53739977, -0.0000011010909), (0.6754718, -0.7373859, -0.000022722332), (0.73601294, -0.6769675, -0.000015757942), (0.73601294, -0.6769675, -0.000015757942), (0.8861304, -0.46343598, 0.0000060459047), (0.8433277, -0.53739977, -0.0000011010909), (0.95367026, -0.30085397, 0.00002058706), (0.8433277, -0.53739977, -0.0000011010909), (0.8861304, -0.46343598, 0.0000060459047), (0.8861304, -0.46343598, 0.0000060459047), (0.9758929, -0.21824996, 0.000027442606), (0.95367026, -0.30085397, 0.00002058706), (0.999043, -0.04373992, 0.00004087784), (0.95367026, -0.30085397, 0.00002058706), (0.9758929, -0.21824996, 0.000027442606), (0.9758929, -0.21824996, 0.000027442606), (0.9991299, 0.04170702, 0.00004696097), (0.999043, -0.04373992, 0.00004087784), (0.9763329, 0.21627352, 0.00005837708), (0.999043, -0.04373992, 0.00004087784), (0.9991299, 0.04170702, 0.00004696097), (0.9991299, 0.04170702, 0.00004696097), (0.95427865, 0.29891852, 0.000063285945), (0.9763329, 0.21627352, 0.00005837708), (0.8870656, 0.46164346, 0.000071903836), (0.9763329, 0.21627352, 0.00005837708), (0.95427865, 0.29891852, 0.000063285945), (0.95427865, 0.29891852, 0.000063285945), (0.84440243, 0.5357093, 0.000075293894), (0.8870656, 0.46164346, 0.000071903836), (0.737377, 0.67548156, 0.00008052495), (0.8870656, 0.46164346, 0.000071903836), (0.84440243, 0.5357093, 0.000075293894), (0.84440243, 0.5357093, 0.000075293894), (0.6769894, 0.7359928, 0.00008217122), (0.737377, 0.67548156, 0.00008052495), (0.5374398, 0.84330225, 0.000083663064), (0.737377, 0.67548156, 0.00008052495), (0.6769894, 0.7359928, 0.00008217122), (0.6769894, 0.7359928, 0.00008217122), (0.46342716, 0.886135, 0.00008345157), (0.5374398, 0.84330225, 0.000083663064), (0.3008387, 0.95367503, 0.000081097765), (0.5374398, 0.84330225, 0.000083663064), (0.46342716, 0.886135, 0.00008345157), (0.46342716, 0.886135, 0.00008345157), (0.21829346, 0.9758832, 0.00007904318), (0.3008387, 0.95367503, 0.000081097765), (0.04377351, 0.99904156, 0.000073006384), (0.3008387, 0.95367503, 0.000081097765), (0.21829346, 0.9758832, 0.00007904318), (0.21829346, 0.9758832, 0.00007904318), (-0.041737683, 0.9991286, 0.00006924735), (0.04377351, 0.99904156, 0.000073006384), (-0.21630518, 0.97632587, 0.00005993845), (0.04377351, 0.99904156, 0.000073006384), (-0.041737683, 0.9991286, 0.00006924735), (-0.041737683, 0.9991286, 0.00006924735), (-0.29889554, 0.95428586, 0.000054733755), (-0.21630518, 0.97632587, 0.00005993845), (-0.46163145, 0.8870719, 0.000042786094), (-0.21630518, 0.97632587, 0.00005993845), (-0.29889554, 0.95428586, 0.000054733755), (-0.29889554, 0.95428586, 0.000054733755), (-0.53574425, 0.8443804, 0.000036485384), (-0.46163145, 0.8870719, 0.000042786094), (-0.67550224, 0.7373581, 0.000022717237), (-0.46163145, 0.8870719, 0.000042786094), (-0.53574425, 0.8443804, 0.000036485384), (-0.53574425, 0.8443804, 0.000036485384), (-0.7359866, 0.6769961, 0.000015759411), (-0.67550224, 0.7373581, 0.000022717237), (-0.8432974, 0.5374472, 0.0000011057998), (-0.67550224, 0.7373581, 0.000022717237), (-0.7359866, 0.6769961, 0.000015759411), (-0.7359866, 0.6769961, 0.000015759411), (-0.886134, 0.4634291, -0.0000060465545), (-0.8432974, 0.5374472, 0.0000011057998), (-0.9536751, 0.30083862, -0.000020588364), (-0.8432974, 0.5374472, 0.0000011057998), (-0.886134, 0.4634291, -0.0000060465545), (-0.886134, 0.4634291, -0.0000060465545), (-0.9758845, 0.21828763, -0.000027439555), (-0.9536751, 0.30083862, -0.000020588364), (-0.99904174, 0.043768167, -0.000040875773), (-0.9536751, 0.30083862, -0.000020588364), (-0.9758845, 0.21828763, -0.000027439555), (-0.9758845, 0.21828763, -0.000027439555), (-0.99912894, -0.041731317, -0.000046962658), (-0.99904174, 0.043768167, -0.000040875773), (-0.9763301, -0.216286, -0.000058377846), (-0.99904174, 0.043768167, -0.000040875773), (-0.99912894, -0.041731317, -0.000046962658), (-0.99912894, -0.041731317, -0.000046962658), (-0.9542889, -0.29888618, -0.0000632841), (-0.9763301, -0.216286, -0.000058377846), (-0.88708335, -0.46160945, -0.0000719022), (-0.9763301, -0.216286, -0.000058377846), (-0.9542889, -0.29888618, -0.0000632841), (-0.9542889, -0.29888618, -0.0000632841), (-0.8444088, -0.53569937, -0.00007529444), (-0.88708335, -0.46160945, -0.0000719022), (-0.73737794, -0.6754805, -0.00008052669), (-0.88708335, -0.46160945, -0.0000719022), (-0.8444088, -0.53569937, -0.00007529444), (-0.8444088, -0.53569937, -0.00007529444), (-0.6769859, -0.735996, -0.00008217302), (-0.73737794, -0.6754805, -0.00008052669), (0.53571224, -0.84440064, -0.000036239075), (0.73604196, -0.6769359, -0.000015312775), (0.6755173, -0.73734426, -0.000022264447), (0.6755173, -0.73734426, -0.000022264447), (0.46159574, -0.8870905, -0.00004278899), (0.53571224, -0.84440064, -0.000036239075), (0.29887742, -0.9542915, -0.000054734955), (0.53571224, -0.84440064, -0.000036239075), (0.46159574, -0.8870905, -0.00004278899), (0.46159574, -0.8870905, -0.00004278899), (0.21632516, -0.9763214, -0.00005993725), (0.29887742, -0.9542915, -0.000054734955), (0.04175756, -0.9991278, -0.00006924642), (0.29887742, -0.9542915, -0.000054734955), (0.21632516, -0.9763214, -0.00005993725), (0.21632516, -0.9763214, -0.00005993725), (-0.043794423, -0.99904054, -0.00007300723), (0.04175756, -0.9991278, -0.00006924642), (-0.21831241, -0.97587895, -0.00007904371), (0.04175756, -0.9991278, -0.00006924642), (-0.043794423, -0.99904054, -0.00007300723), (-0.043794423, -0.99904054, -0.00007300723), (-0.30081967, -0.95368105, -0.00008109735), (-0.21831241, -0.97587895, -0.00007904371), (-0.463406, -0.88614607, -0.00008345143), (-0.21831241, -0.97587895, -0.00007904371), (-0.30081967, -0.95368105, -0.00008109735), (-0.30081967, -0.95368105, -0.00008109735), (-0.5374566, -0.8432914, -0.00008341544), (-0.463406, -0.88614607, -0.00008345143), (-0.6770366, -0.7359494, -0.00008173376), (-0.463406, -0.88614607, -0.00008345143), (-0.5374566, -0.8432914, -0.00008341544), (-0.5374566, -0.8432914, -0.00008341544), (-0.73741126, -0.6754441, -0.00008007619), (-0.6770366, -0.7359494, -0.00008173376), (0.8433367, -0.5373855, -9.036731e-7), (0.6755173, -0.73734426, -0.000022264447), (0.73604196, -0.6769359, -0.000015312775), (0.73604196, -0.6769359, -0.000015312775), (0.88613504, -0.46342722, 0.000006046733), (0.8433367, -0.5373855, -9.036731e-7), (0.9536674, -0.30086297, 0.000020586294), (0.8433367, -0.5373855, -9.036731e-7), (0.88613504, -0.46342722, 0.000006046733), (0.88613504, -0.46342722, 0.000006046733), (0.97589, -0.2182632, 0.000027441536), (0.9536674, -0.30086297, 0.000020586294), (0.99904287, -0.043742668, 0.00004087764), (0.9536674, -0.30086297, 0.000020586294), (0.97589, -0.2182632, 0.000027441536), (0.97589, -0.2182632, 0.000027441536), (0.99912983, 0.041708365, 0.000046961064), (0.99904287, -0.043742668, 0.00004087764), (0.9763333, 0.21627128, 0.00005837694), (0.99904287, -0.043742668, 0.00004087764), (0.99912983, 0.041708365, 0.000046961064), (0.99912983, 0.041708365, 0.000046961064), (0.9542806, 0.2989126, 0.00006328561), (0.9763333, 0.21627128, 0.00005837694), (0.88707227, 0.46163064, 0.00007190322), (0.9763333, 0.21627128, 0.00005837694), (0.9542806, 0.2989126, 0.00006328561), (0.9542806, 0.2989126, 0.00006328561), (0.84440845, 0.53569996, 0.00007510175), (0.88707227, 0.46163064, 0.00007190322), (0.7373721, 0.6754868, 0.00008007213), (0.88707227, 0.46163064, 0.00007190322), (0.84440845, 0.53569996, 0.00007510175), (0.84440845, 0.53569996, 0.00007510175), (0.67697257, 0.7360082, 0.00008172993), (0.7373721, 0.6754868, 0.00008007213), (0.5374398, 0.84330225, 0.00008341549), (0.7373721, 0.6754868, 0.00008007213), (0.67697257, 0.7360082, 0.00008172993), (0.67697257, 0.7360082, 0.00008172993), (0.4634675, 0.8861139, 0.00008345184), (0.5374398, 0.84330225, 0.00008341549), (0.3008673, 0.95366603, 0.00008109838), (0.5374398, 0.84330225, 0.00008341549), (0.4634675, 0.8861139, 0.00008345184), (0.4634675, 0.8861139, 0.00008345184), (0.21826503, 0.9758896, 0.00007904239), (0.3008673, 0.95366603, 0.00008109838), (0.043742146, 0.99904287, 0.000073005096), (0.3008673, 0.95366603, 0.00008109838), (0.21826503, 0.9758896, 0.00007904239), (0.21826503, 0.9758896, 0.00007904239), (-0.041707873, 0.9991299, 0.00006924875), (0.043742146, 0.99904287, 0.000073005096), (-0.21627526, 0.9763324, 0.000059940234), (0.043742146, 0.99904287, 0.000073005096), (-0.041707873, 0.9991299, 0.00006924875), (-0.041707873, 0.9991299, 0.00006924875), (-0.29892278, 0.9542774, 0.00005473195), (-0.21627526, 0.9763324, 0.000059940234), (-0.46166438, 0.88705474, 0.000042783424), (-0.21627526, 0.9763324, 0.000059940234), (-0.29892278, 0.9542774, 0.00005473195), (-0.29892278, 0.9542774, 0.00005473195), (-0.53574514, 0.8443798, 0.000036233912), (-0.46166438, 0.88705474, 0.000042783424), (-0.6754907, 0.7373686, 0.00002226216), (-0.46166438, 0.88705474, 0.000042783424), (-0.53574514, 0.8443798, 0.000036233912), (-0.53574514, 0.8443798, 0.000036233912), (-0.73598623, 0.67699647, 0.000015314337), (-0.6754907, 0.7373686, 0.00002226216), (-0.84330344, 0.5374379, 9.062767e-7), (-0.6754907, 0.7373686, 0.00002226216), (-0.73598623, 0.67699647, 0.000015314337), (-0.73598623, 0.67699647, 0.000015314337), (-0.88613844, 0.46342075, -0.0000060473426), (-0.84330344, 0.5374379, 9.062767e-7), (-0.953677, 0.30083248, -0.000020588886), (-0.84330344, 0.5374379, 9.062767e-7), (-0.88613844, 0.46342075, -0.0000060473426), (-0.88613844, 0.46342075, -0.0000060473426), (-0.97588515, 0.21828507, -0.000027439766), (-0.953677, 0.30083248, -0.000020588886), (-0.9990417, 0.04376938, -0.000040875686), (-0.953677, 0.30083248, -0.000020588886), (-0.97588515, 0.21828507, -0.000027439766), (-0.97588515, 0.21828507, -0.000027439766), (-0.9991288, -0.041733745, -0.000046962825), (-0.9990417, 0.04376938, -0.000040875686), (-0.97632724, -0.21629895, -0.000058378642), (-0.9990417, 0.04376938, -0.000040875686), (-0.9991288, -0.041733745, -0.000046962825), (-0.9991288, -0.041733745, -0.000046962825), (-0.954286, -0.2988952, -0.000063284606), (-0.97632724, -0.21629895, -0.000058378642), (-0.88708556, -0.46160525, -0.000071901995), (-0.97632724, -0.21629895, -0.000058378642), (-0.954286, -0.2988952, -0.000063284606), (-0.954286, -0.2988952, -0.000063284606), (-0.84441763, -0.5356855, -0.00007510404), (-0.88708556, -0.46160525, -0.000071901995), (-0.73741126, -0.6754441, -0.00008007619), (-0.88708556, -0.46160525, -0.000071901995), (-0.84441763, -0.5356855, -0.00007510404), (-0.84441763, -0.5356855, -0.00007510404), (-0.6770366, -0.7359494, -0.00008173376), (-0.73741126, -0.6754441, -0.00008007619), (0.00008291102, -0.98487854, -0.17324632), (0.00007662388, -0.99999106, -0.004246626), (-1, -0.0000671072, -0.00004679352), (0.00007662388, -0.99999106, -0.004246626), (0.00007577942, -0.99989116, 0.014756018), (-1, -0.0000671072, -0.00004679352), (-1, -0.0000671072, -0.00004679352), (-1, -0.000037949518, -0.00005279899), (0.00008291102, -0.98487854, -0.17324632), (-1, -0.000018981973, -0.000035599493), (-1, -0.0000671072, -0.00004679352), (0.00007577942, -0.99989116, 0.014756018), (0.00008688133, -0.9398749, -0.3415187), (0.00008291102, -0.98487854, -0.17324632), (-1, -0.000037949518, -0.00005279899), (0.00007577942, -0.99989116, 0.014756018), (0.000062721076, -0.96710527, 0.25437662), (-1, -0.000018981973, -0.000035599493), (-1, -0.000037949518, -0.00005279899), (-1, -0.00007643756, -0.000044037388), (0.00008688133, -0.9398749, -0.3415187), (-1, -0.0001037631, -0.00005483491), (-1, -0.000018981973, -0.000035599493), (0.000062721076, -0.96710527, 0.25437662), (-0.00004403195, -0.00007114714, 1), (0.00008688133, -0.9398749, -0.3415187), (-1, -0.00007643756, -0.000044037388), (0.000062721076, -0.96710527, 0.25437662), (-0.00004403195, -0.00007114714, 1), (-1, -0.0001037631, -0.00005483491), (-1, -0.00007643756, -0.000044037388), (-1, -0.00007643756, -0.000044037388), (-0.00004403195, -0.00007114714, 1), (-1, -0.0001027148, -0.000050251176), (-1, -0.0001037631, -0.00005483491), (-0.00004403195, -0.00007114714, 1), (-0.00004403195, -0.00007114714, 1), (-0.00004403195, -0.00007114714, 1), (-1, -0.00007643756, -0.000044037388), (-0.00004403195, -0.00007114714, 1), (-0.00004403195, -0.00007114714, 1), (-1, -0.0001027148, -0.000050251176), (-1, -0.00007643756, -0.000044037388), (-1, -0.00007643756, -0.000044037388), (-0.00004403195, -0.00007114714, 1), (-1, -0.00007643756, -0.000044037388), (-1, -0.0001027148, -0.000050251176), (-0.00004403195, -0.00007114714, 1), (-1, -0.00007643756, -0.000044037388), (-0.00004403195, -0.00007114714, 1), (-1, -0.00007643756, -0.000044037388), (-0.00004403195, -0.00007114714, 1), (-1, -0.00007643756, -0.000044037388), (-1, -0.00007643756, -0.000044037388), (-1, -0.00007643756, -0.000044037388), (-1, -0.00007643756, -0.000044037388), (-1, -0.00007643756, -0.000044037388), (-1, -0.00007643756, -0.000044037388), (-1, -0.00007643756, -0.000044037388), (-1, -0.00007643756, -0.000044037388), (-1, -0.00007643756, -0.000044037388), (-1, -0.00007643756, -0.000044037388), (-1, -0.00007643756, -0.000044037388), (-1, -0.00007643756, -0.000044037388), (-1, -0.00007643756, -0.000044037388), (-1, -0.00007643756, -0.000044037388), (-1, -0.00007643756, -0.000044037388), (-1, -0.00007643756, -0.000044037388), (-1, -0.00007643756, -0.000044037388), (-1, -0.00007643756, -0.000044037388), (-1, -0.00007643756, -0.000044037388), (-1, -0.00007643756, -0.000044037388), (-1, -0.00007643756, -0.000044037388), (-1, -0.00007643756, -0.000044037388), (-1, -0.00007643756, -0.000044037388), (-1, -0.00007643756, -0.000044037388), (-1, -0.00007643756, -0.000044037388), (-1, -0.00007643756, -0.000044037388), (-1, -0.00007643756, -0.000044037388), (-1, -0.00007643756, -0.000044037388), (-1, -0.00007643756, -0.000044037388), (-1, -0.00007643756, -0.000044037388), (-1, -0.00007643756, -0.000044037388), (-1, -0.00007643756, -0.000044037388), (-0.00004403195, -0.00007114714, 1), (-1, -0.00007643756, -0.000044037388), (-1, -0.00007643756, -0.000044037388), (-1, -0.00007643756, -0.000044037388), (-1, -0.00007643756, -0.000044037388), (-1, -0.00007643756, -0.000044037388), (-1, -0.00007643756, -0.000044037388), (-1, -0.00007643756, -0.000044037388), (-0.00004403195, -0.00007114714, 1), (-1, -0.00007643756, -0.000044037388), (-1, -0.00007643756, -0.000044037388), (-1, -0.00007643756, -0.000044037388), (-0.00004403195, -0.00007114714, 1), (-0.00004403195, -0.00007114714, 1), (-1, -0.00007643756, -0.000044037388), (-1, -0.00007643756, -0.000044037388), (-0.00004403195, -0.00007114714, 1), (-1, -0.00007643756, -0.000044037388), (-1, -0.00007643756, -0.000044037388), (-1, -0.00007643756, -0.000044037388), (-0.00004403195, -0.00007114714, 1), (-1, -0.000050820974, -0.000047695365), (-1, -0.00007643756, -0.000044037388), (-0.00004403195, -0.00007114714, 1), (-0.00004403195, -0.00007114714, 1), (-0.00004403195, -0.00007114714, 1), (-1, -0.00007643756, -0.000044037388), (-0.00004403195, -0.00007114714, 1), (-0.00004403195, -0.00007114714, 1), (-1, -0.000050820974, -0.000047695365), (-1, -0.00007643756, -0.000044037388), (-1, -0.00007643756, -0.000044037388), (-0.00004403195, -0.00007114714, 1), (-1, -0.000048919952, -0.000051951054), (-1, -0.000050820974, -0.000047695365), (-0.00004403195, -0.00007114714, 1), (-0.000062723426, 0.96711487, -0.25433996), (-0.00004403195, -0.00007114714, 1), (-1, -0.00007643756, -0.000044037388), (-0.00004403195, -0.00007114714, 1), (-0.00004403195, -0.00007114714, 1), (-1, -0.000048919952, -0.000051951054), (-1, -0.00007643756, -0.000044037388), (-1, -0.00011425175, -0.000055219425), (-0.000062723426, 0.96711487, -0.25433996), (-1, -0.00012935337, -0.00003896867), (-1, -0.000048919952, -0.000051951054), (-0.00004403195, -0.00007114714, 1), (-0.00007577995, 0.9998914, -0.014744331), (-0.000062723426, 0.96711487, -0.25433996), (-1, -0.00011425175, -0.000055219425), (-0.00004403195, -0.00007114714, 1), (-0.00008290961, 0.98488665, 0.1732001), (-1, -0.00012935337, -0.00003896867), (-1, -0.00011425175, -0.000055219425), (-1, -0.000087669825, -0.00004697983), (-0.00007577995, 0.9998914, -0.014744331), (-1, -0.000087669825, -0.00004697983), (-1, -0.00012935337, -0.00003896867), (-0.00008290961, 0.98488665, 0.1732001), (-0.00007662374, 0.99999106, 0.004243395), (-0.00007577995, 0.9998914, -0.014744331), (-1, -0.000087669825, -0.00004697983), (-0.00008290961, 0.98488665, 0.1732001), (-0.00007662374, 0.99999106, 0.004243395), (-1, -0.000087669825, -0.00004697983), (0.000082910214, -0.9848831, -0.17322), (0.000076623735, -0.99999106, -0.0042433552), (-1, -0.00006710676, -0.00004679365), (0.000076623735, -0.99999106, -0.0042433552), (0.00007577995, -0.9998914, 0.0147444075), (-1, -0.00006710676, -0.00004679365), (-1, -0.00006710676, -0.00004679365), (-1, -0.000037956288, -0.00005279796), (0.000082910214, -0.9848831, -0.17322), (-1, -0.000018981442, -0.00003560002), (-1, -0.00006710676, -0.00004679365), (0.00007577995, -0.9998914, 0.0147444075), (0.00008688262, -0.93984634, -0.34159753), (0.000082910214, -0.9848831, -0.17322), (-1, -0.000037956288, -0.00005279796), (0.00007577995, -0.9998914, 0.0147444075), (0.000062719366, -0.9670982, 0.25440326), (-1, -0.000018981442, -0.00003560002), (-1, -0.000037956288, -0.00005279796), (-1, -0.00007643756, -0.000044037388), (0.00008688262, -0.93984634, -0.34159753), (-1, -0.000103759165, -0.00005483421), (-1, -0.000018981442, -0.00003560002), (0.000062719366, -0.9670982, 0.25440326), (-0.00004403195, -0.00007114714, 1), (0.00008688262, -0.93984634, -0.34159753), (-1, -0.00007643756, -0.000044037388), (0.000062719366, -0.9670982, 0.25440326), (-0.00004403195, -0.00007114714, 1), (-1, -0.000103759165, -0.00005483421), (-1, -0.00007643756, -0.000044037388), (-1, -0.00007643756, -0.000044037388), (-0.00004403195, -0.00007114714, 1), (-1, -0.00010271477, -0.000050251165), (-1, -0.000103759165, -0.00005483421), (-0.00004403195, -0.00007114714, 1), (-0.00004403195, -0.00007114714, 1), (-0.00004403195, -0.00007114714, 1), (-1, -0.00007643756, -0.000044037388), (-0.00004403195, -0.00007114714, 1), (-0.00004403195, -0.00007114714, 1), (-1, -0.00010271477, -0.000050251165), (-1, -0.00007643756, -0.000044037388), (-1, -0.00007643756, -0.000044037388), (-0.00004403195, -0.00007114714, 1), (-1, -0.00007643756, -0.000044037388), (-1, -0.00010271477, -0.000050251165), (-0.00004403195, -0.00007114714, 1), (-1, -0.00007643756, -0.000044037388), (-0.00004403195, -0.00007114714, 1), (-1, -0.00007643756, -0.000044037388), (-0.00004403195, -0.00007114714, 1), (-1, -0.00007643756, -0.000044037388), (-1, -0.00007643756, -0.000044037388), (-1, -0.00007643756, -0.000044037388), (-1, -0.00007643756, -0.000044037388), (-1, -0.00007643756, -0.000044037388), (-1, -0.00007643756, -0.000044037388), (-1, -0.00007643756, -0.000044037388), (-1, -0.00007643756, -0.000044037388), (-1, -0.00007643756, -0.000044037388), (-1, -0.00007643756, -0.000044037388), (-1, -0.00007643756, -0.000044037388), (-1, -0.00007643756, -0.000044037388), (-1, -0.00007643756, -0.000044037388), (-1, -0.00007643756, -0.000044037388), (-1, -0.00007643756, -0.000044037388), (-1, -0.00007643756, -0.000044037388), (-1, -0.00007643756, -0.000044037388), (-1, -0.00007643756, -0.000044037388), (-1, -0.00007643756, -0.000044037388), (-1, -0.00007643756, -0.000044037388), (-1, -0.00007643756, -0.000044037388), (-1, -0.00007643756, -0.000044037388), (-1, -0.00007643756, -0.000044037388), (-1, -0.00007643756, -0.000044037388), (-1, -0.00007643756, -0.000044037388), (-1, -0.00007643756, -0.000044037388), (-1, -0.00007643756, -0.000044037388), (-1, -0.00007643756, -0.000044037388), (-1, -0.00007643756, -0.000044037388), (-1, -0.00007643756, -0.000044037388), (-1, -0.00007643756, -0.000044037388), (-1, -0.00007643756, -0.000044037388), (-0.00004403195, -0.00007114714, 1), (-1, -0.00007643756, -0.000044037388), (-1, -0.00007643756, -0.000044037388), (-1, -0.00007643756, -0.000044037388), (-1, -0.00007643756, -0.000044037388), (-1, -0.00007643756, -0.000044037388), (-1, -0.00007643756, -0.000044037388), (-1, -0.00007643756, -0.000044037388), (-0.00004403195, -0.00007114714, 1), (-1, -0.00007643756, -0.000044037388), (-1, -0.00007643756, -0.000044037388), (-1, -0.00007643756, -0.000044037388), (-0.00004403195, -0.00007114714, 1), (-0.00004403195, -0.00007114714, 1), (-1, -0.00007643756, -0.000044037388), (-1, -0.00007643756, -0.000044037388), (-0.00004403195, -0.00007114714, 1), (-1, -0.00007643756, -0.000044037388), (-1, -0.00007643756, -0.000044037388), (-1, -0.00007643756, -0.000044037388), (-0.00004403195, -0.00007114714, 1), (-1, -0.000050819515, -0.000047695285), (-1, -0.00007643756, -0.000044037388), (-0.00004403195, -0.00007114714, 1), (-0.00004403195, -0.00007114714, 1), (-0.00004403195, -0.00007114714, 1), (-1, -0.00007643756, -0.000044037388), (-0.00004403195, -0.00007114714, 1), (-0.00004403195, -0.00007114714, 1), (-1, -0.000050819515, -0.000047695285), (-1, -0.00007643756, -0.000044037388), (-1, -0.00007643756, -0.000044037388), (-0.00004403195, -0.00007114714, 1), (-1, -0.000048919872, -0.000051951094), (-1, -0.000050819515, -0.000047695285), (-0.00004403195, -0.00007114714, 1), (-0.00006272005, 0.967101, -0.2543926), (-0.00004403195, -0.00007114714, 1), (-1, -0.00007643756, -0.000044037388), (-0.00004403195, -0.00007114714, 1), (-0.00004403195, -0.00007114714, 1), (-1, -0.000048919872, -0.000051951094), (-1, -0.00007643756, -0.000044037388), (-1, -0.00011424834, -0.0000552184), (-0.00006272005, 0.967101, -0.2543926), (-1, -0.00012934442, -0.00003897053), (-1, -0.000048919872, -0.000051951094), (-0.00004403195, -0.00007114714, 1), (-0.000075779964, 0.9998914, -0.014744049), (-0.00006272005, 0.967101, -0.2543926), (-1, -0.00011424834, -0.0000552184), (-0.00004403195, -0.00007114714, 1), (-0.000082910374, 0.98488224, 0.17322513), (-1, -0.00012934442, -0.00003897053), (-1, -0.00011424834, -0.0000552184), (-1, -0.00008766984, -0.000046979825), (-0.000075779964, 0.9998914, -0.014744049), (-1, -0.00008766984, -0.000046979825), (-1, -0.00012934442, -0.00003897053), (-0.000082910374, 0.98488224, 0.17322513), (-0.000076623735, 0.99999106, 0.004243315), (-0.000075779964, 0.9998914, -0.014744049), (-1, -0.00008766984, -0.000046979825), (-0.000082910374, 0.98488224, 0.17322513), (-0.000076623735, 0.99999106, 0.004243315), (-1, -0.00008766984, -0.000046979825)] (
        interpolation = "faceVarying"
    )
    point3f[] points = [(-0.014850574, 0.15260802, -1.1131374), (0.008999525, 0.15260985, -1.1131364), (0.008958103, 0.69451547, -1.1130978), (-0.0148918405, 0.69451374, -1.1130989), (-0.014948735, 0.15244967, 1.1127347), (0.00890121, 0.15245149, 1.1127357), (-0.014990007, 0.69435537, 1.1127733), (0.008859786, 0.6943571, 1.1127744), (-0.0147862015, -0.69148976, -1.1131974), (0.009063743, -0.69148797, -1.1131964), (0.009022272, -0.14897126, -1.1131579), (-0.014827521, -0.14897308, -1.1131588), (-0.014884364, -0.6916485, 1.1126747), (0.008965429, -0.69164664, 1.1126758), (-0.014925682, -0.14913145, 1.1127133), (0.008923958, -0.14912963, 1.1127143), (0.012050232, 0.0072303405, 1.3806518), (0.0050504147, 0.0072298055, 1.3806515), (0.005058301, 0.0072425487, 1.2015396), (0.012058118, 0.007243084, 1.20154), (0.0051644375, 0.007413551, -1.2019613), (0.012164255, 0.0074140863, -1.2019609), (0.012171082, 0.0074251187, -1.3570276), (0.0051712664, 0.0074245837, -1.357028), (0.005051542, -0.0075181182, 1.3806504), (0.012051359, -0.007517583, 1.3806508), (0.012059245, -0.00750484, 1.2015389), (0.0050594285, -0.007505375, 1.2015386), (0.012165382, -0.0073338374, -1.201962), (0.005165565, -0.0073343725, -1.2019624), (0.0051723938, -0.00732334, -1.3570291), (0.01217221, -0.007322805, -1.3570287), (-0.014090256, 0.06794394, -1.2011405), (-0.014145042, 0.7866547, -1.2010894), (-0.013207559, 0.7872172, -1.2017022), (-0.013152686, 0.06738161, -1.2017535), (-0.011895003, 0.7874047, -1.2019064), (-0.011840103, 0.06719405, -1.2019577), (0.005159867, 0.06719535, -1.2019571), (0.0051051197, 0.7874061, -1.2019058), (-0.014196169, 0.06777305, 1.2007256), (-0.013258651, 0.067210644, 1.2013386), (-0.011946238, 0.06702305, 1.2015432), (0.0050537316, 0.06702435, 1.2015439), (-0.014250954, 0.7864835, 1.2007767), (-0.0133135235, 0.78704625, 1.2013899), (-0.012001138, 0.7872337, 1.2015944), (0.0049989843, 0.7872351, 1.2015952), (-0.014025316, -0.78361815, -1.2012011), (-0.014079576, -0.071733795, -1.2011504), (-0.013142097, -0.07117124, -1.2017633), (-0.013087745, -0.78418046, -1.201814), (-0.01182954, -0.070983745, -1.2019676), (-0.01177516, -0.78436786, -1.2020184), (0.0052249627, -0.7843666, -1.2020177), (0.005170429, -0.07098245, -1.2019669), (-0.014131226, -0.78378904, 1.200665), (-0.01319371, -0.78435147, 1.2012781), (-0.011881296, -0.78453904, 1.2014825), (0.0051188255, -0.78453785, 1.2014834), (-0.014185491, -0.07190468, 1.2007157), (-0.01324806, -0.07134221, 1.2013289), (-0.011935675, -0.07115475, 1.2015333), (0.0050642937, -0.07115345, 1.201534), (0.0050948653, 0.9215554, -1.2018962), (0.0051016933, 0.9215664, -1.3569629), (0.0051119477, 0.78741705, -1.3569725), (0.0051666945, 0.06720638, -1.3570237), (0.004988729, 0.9213844, 1.2016047), (0.0049808426, 0.92137164, 1.3807164), (0.004991097, 0.78722227, 1.3807069), (0.0050458447, 0.0670116, 1.3806558), (0.005177257, -0.070971414, -1.3570335), (0.00523179, -0.7843556, -1.3570843), (0.005240526, -0.8986449, -1.3570924), (0.005233698, -0.89865595, -1.2020257), (0.0050564073, -0.071166195, 1.3806459), (0.0051275617, -0.89882696, 1.2014751), (0.0051109386, -0.7845505, 1.3805952), (0.0051196753, -0.89883965, 1.380587), (0.01499264, 0.9213915, 1.1127907), (0.014980842, 0.9213724, 1.3807167), (0.014998198, 0.6943387, 1.3807006), (0.015009995, 0.6943577, 1.1127746), (0.015090953, 0.92154986, -1.1130813), (0.015039621, 0.15243289, 1.3806621), (0.01510831, 0.694516, -1.1130975), (0.015051418, 0.15245196, 1.1127361), (0.015101692, 0.9215672, -1.3569624), (0.015074167, -0.14912915, 1.1127146), (0.015119046, 0.6945333, -1.3569787), (0.0150623685, -0.14914821, 1.3806406), (0.015149731, 0.15261032, -1.113136), (0.015103838, -0.69166535, 1.380602), (0.01516047, 0.15262768, -1.3570172), (0.015115638, -0.6916463, 1.112676), (0.01518322, -0.14895344, -1.3570386), (0.015119676, -0.89883876, 1.3805872), (0.015172481, -0.1489708, -1.1131575), (0.015131473, -0.8988197, 1.1126612), (0.0152139515, -0.69148755, -1.1131961), (0.01522469, -0.6914702, -1.3570772), (0.015229788, -0.8986615, -1.1132109), (0.015240526, -0.89864415, -1.357092), (-0.014892412, 0.71451527, -1.1348975), (-0.014894947, 0.7844044, -1.1986369), (-0.014840505, 0.07019377, -1.1986878), (-0.014848081, 0.13260959, -1.1349388), (-0.014946354, 0.07002323, 1.1982731), (-0.014992494, 0.7143538, 1.1345748), (-0.015000796, 0.78423387, 1.198324), (-0.014948166, 0.13244812, 1.1345334), (-0.014828089, -0.12897152, -1.1349574), (-0.014829485, -0.07398409, -1.198698), (-0.014775561, -0.7813683, -1.1987484), (-0.014783713, -0.71148825, -1.1349989), (-0.014881412, -0.78153884, 1.1982125), (-0.0149281705, -0.12913299, 1.1345147), (-0.014935332, -0.07415462, 1.1982628), (-0.014883795, -0.71165, 1.1344733), (-0.0147074545, 0.78571707, -1.2000676), (-0.014652812, 0.06888132, -1.2001185), (-0.014813428, 0.785546, 1.1997547), (-0.014758785, 0.06871058, 1.1997038), (-0.014641992, -0.07267141, -1.2001287), (-0.014587868, -0.78268075, -1.2001792), (-0.014747965, -0.07284215, 1.1996937), (-0.014693844, -0.7828515, 1.1996431), (-0.0019676257, -0.7985735, -1.1796412), (-0.0004512962, -0.7974099, -1.1796411), (-0.0004513793, -0.79741, -1.1777532), (-0.0019677088, -0.7985736, -1.1777533), (-0.0037333167, -0.79930496, -1.1796414), (-0.0037333998, -0.7993051, -1.1777534), (-0.005628134, -0.7995546, -1.1796415), (-0.0056282175, -0.79955477, -1.1777536), (-0.0075229895, -0.79930526, -1.1796416), (-0.007523073, -0.7993054, -1.1777537), (-0.0092887925, -0.79857403, -1.1796416), (-0.009288875, -0.79857415, -1.1777537), (-0.010805149, -0.79741067, -1.1796416), (-0.0108052315, -0.7974108, -1.1777537), (0.00071183493, -0.7958936, -1.1777531), (0.00071191805, -0.7958935, -1.179641), (0.0014432064, -0.7941278, -1.1777529), (0.0014432896, -0.7941277, -1.1796408), (0.0016923901, -0.7922328, -1.1777527), (0.0016924732, -0.7922327, -1.1796407), (0.0014429153, -0.790338, -1.1777526), (0.0014429984, -0.79033786, -1.1796405), (0.0007112753, -0.7885723, -1.1777525), (0.00071135844, -0.7885722, -1.1796404), (-0.00045217076, -0.7870563, -1.1777525), (-0.00045208764, -0.7870562, -1.1796404), (-0.0019686776, -0.7858928, -1.1777525), (-0.0019685945, -0.78589267, -1.1796404), (-0.003734481, -0.78516155, -1.1777525), (-0.003734398, -0.78516144, -1.1796404), (-0.0056293365, -0.7849122, -1.1777526), (-0.0056292536, -0.78491205, -1.1796405), (-0.0075241537, -0.78516185, -1.1777526), (-0.007524071, -0.78516173, -1.1796405), (-0.009289845, -0.7858933, -1.1777529), (-0.009289761, -0.7858932, -1.1796408), (-0.010806021, -0.7870571, -1.177753), (-0.010805938, -0.787057, -1.1796409), (-0.01196939, -0.7885733, -1.1777531), (-0.0119693065, -0.78857315, -1.179641), (-0.012700762, -0.7903391, -1.1777532), (-0.012700679, -0.79033893, -1.1796411), (-0.012949944, -0.79223394, -1.1777534), (-0.012949861, -0.7922338, -1.1796414), (-0.012700471, -0.79412895, -1.1777536), (-0.012700387, -0.7941288, -1.1796415), (-0.011968831, -0.7958946, -1.1777536), (-0.011968748, -0.79589444, -1.1796415), (-0.0020885617, 0.78750825, -1.1795285), (-0.0005722321, 0.78867203, -1.1795284), (-0.00057231524, 0.7886719, -1.1776404), (-0.002088645, 0.78750813, -1.1776406), (-0.0038542526, 0.7867769, -1.1795286), (-0.0038543358, 0.7867768, -1.1776407), (-0.00574907, 0.78652716, -1.1795287), (-0.005749153, 0.786527, -1.1776408), (-0.0076439255, 0.7867766, -1.1795287), (-0.0076440084, 0.7867765, -1.1776408), (-0.009409728, 0.7875077, -1.1795288), (-0.009409812, 0.7875076, -1.1776409), (-0.010926084, 0.78867126, -1.1795287), (-0.010926167, 0.78867114, -1.1776408), (0.00059090013, 0.7901884, -1.1776402), (0.00059098325, 0.79018855, -1.1795281), (0.0013222689, 0.79195416, -1.1776401), (0.001322352, 0.79195434, -1.179528), (0.0015714539, 0.79384905, -1.17764), (0.0015715371, 0.7938492, -1.1795279), (0.0013219805, 0.7957438, -1.1776398), (0.0013220636, 0.795744, -1.1795278), (0.0005903391, 0.79750955, -1.1776397), (0.00059042225, 0.79750973, -1.1795276), (-0.0005731067, 0.7990256, -1.1776396), (-0.0005730236, 0.7990257, -1.1795275), (-0.0020896143, 0.8001891, -1.1776396), (-0.0020895312, 0.8001892, -1.1795275), (-0.003855417, 0.8009205, -1.1776396), (-0.003855334, 0.8009206, -1.1795275), (-0.0057502724, 0.80116963, -1.1776397), (-0.005750189, 0.8011698, -1.1795276), (-0.0076450896, 0.8009202, -1.1776398), (-0.0076450063, 0.8009203, -1.1795278), (-0.009410781, 0.80018854, -1.17764), (-0.009410698, 0.80018866, -1.1795279), (-0.010926959, 0.7990248, -1.1776401), (-0.010926876, 0.79902494, -1.179528), (-0.012090325, 0.7975086, -1.1776403), (-0.0120902425, 0.7975087, -1.1795282), (-0.012821697, 0.79574275, -1.1776404), (-0.012821613, 0.7957429, -1.1795284), (-0.0130708795, 0.7938479, -1.1776406), (-0.013070797, 0.79384804, -1.1795285), (-0.012821407, 0.7919531, -1.1776407), (-0.012821324, 0.79195327, -1.1795286), (-0.012089766, 0.7901874, -1.1776408), (-0.012089682, 0.79018754, -1.1795287), (-0.002069239, -0.79873717, 1.1211456), (-0.00055290957, -0.79757357, 1.1211457), (-0.0005529927, -0.7975737, 1.1230338), (-0.0020693222, -0.7987373, 1.1230336), (-0.0038349302, -0.79946864, 1.1211454), (-0.0038350134, -0.79946876, 1.1230334), (-0.0057297475, -0.7997183, 1.1211454), (-0.0057298304, -0.79971844, 1.1230334), (-0.007624603, -0.79946893, 1.1211452), (-0.0076246858, -0.79946905, 1.1230333), (-0.009390405, -0.7987377, 1.1211452), (-0.009390489, -0.7987379, 1.1230333), (-0.010906761, -0.79757434, 1.1211452), (-0.0109068435, -0.7975745, 1.1230333), (0.00061022135, -0.79605734, 1.1230339), (0.0006103045, -0.79605716, 1.1211458), (0.0013415928, -0.79429156, 1.123034), (0.001341676, -0.79429144, 1.121146), (0.0015907765, -0.7923965, 1.1230342), (0.0015908596, -0.79239637, 1.1211462), (0.0013413031, -0.7905017, 1.1230344), (0.0013413862, -0.7905016, 1.1211463), (0.0006096617, -0.78873605, 1.1230345), (0.0006097448, -0.78873587, 1.1211464), (-0.00055378414, -0.78722, 1.1230345), (-0.000553701, -0.7872199, 1.1211464), (-0.0020702914, -0.78605646, 1.1230345), (-0.0020702083, -0.78605634, 1.1211464), (-0.0038360944, -0.7853252, 1.1230345), (-0.0038360113, -0.7853251, 1.1211464), (-0.00573095, -0.7850759, 1.1230344), (-0.0057308665, -0.7850758, 1.1211463), (-0.007625767, -0.7853255, 1.1230344), (-0.0076256837, -0.7853254, 1.1211463), (-0.009391458, -0.78605705, 1.1230341), (-0.009391375, -0.7860569, 1.1211461), (-0.010907635, -0.78722084, 1.123034), (-0.010907552, -0.78722066, 1.121146), (-0.012071002, -0.788737, 1.1230339), (-0.012070918, -0.7887369, 1.1211458), (-0.012802221, -0.7905028, 1.1230338), (-0.012802137, -0.79050267, 1.1211457), (-0.013051557, -0.7923976, 1.1230335), (-0.0130514745, -0.7923975, 1.1211455), (-0.012801931, -0.7942926, 1.1230334), (-0.012801847, -0.7942925, 1.1211454), (-0.012070443, -0.7960583, 1.1230333), (-0.012070359, -0.7960582, 1.1211452), (-0.002190175, 0.7873446, 1.1212584), (-0.0006738455, 0.78850836, 1.1212585), (-0.00067392865, 0.78850824, 1.1231465), (-0.0021902581, 0.78734446, 1.1231464), (-0.003955866, 0.7866132, 1.1212583), (-0.003955949, 0.78661305, 1.1231463), (-0.0058506834, 0.7863634, 1.1212581), (-0.005850767, 0.7863633, 1.1231462), (-0.007745539, 0.7866129, 1.1212581), (-0.007745622, 0.7866128, 1.1231462), (-0.009511341, 0.78734404, 1.121258), (-0.009511424, 0.78734386, 1.123146), (-0.011027697, 0.7885076, 1.1212581), (-0.011027779, 0.7885074, 1.1231462), (0.0004892856, 0.7900247, 1.1231468), (0.00048936874, 0.7900248, 1.1212587), (0.001220657, 0.7917905, 1.1231469), (0.0012207403, 0.7917906, 1.1212589), (0.0014698408, 0.7936853, 1.123147), (0.0014699239, 0.7936855, 1.121259), (0.0012203674, 0.79558015, 1.1231471), (0.0012204505, 0.79558027, 1.1212591), (0.00048872596, 0.7973459, 1.1231472), (0.0004888091, 0.797346, 1.1212592), (-0.0006747201, 0.7988619, 1.1231474), (-0.0006746369, 0.79886204, 1.1212593), (-0.0021912274, 0.8000254, 1.1231474), (-0.0021911443, 0.8000255, 1.1212593), (-0.0039570304, 0.80075675, 1.1231472), (-0.0039569475, 0.80075693, 1.1212592), (-0.005851886, 0.80100596, 1.1231472), (-0.005851803, 0.8010061, 1.1212592), (-0.007746703, 0.8007565, 1.1231471), (-0.00774662, 0.80075663, 1.1212591), (-0.009512394, 0.8000248, 1.123147), (-0.009512311, 0.800025, 1.121259), (-0.011028571, 0.7988611, 1.1231469), (-0.011028487, 0.79886127, 1.1212589), (-0.012191938, 0.7973449, 1.1231467), (-0.012191855, 0.79734504, 1.1212586), (-0.012923157, 0.7955791, 1.1231465), (-0.012923074, 0.7955792, 1.1212585), (-0.013172493, 0.79368424, 1.1231464), (-0.01317241, 0.79368436, 1.1212584), (-0.012922867, 0.7917894, 1.1231463), (-0.012922784, 0.79178953, 1.1212583), (-0.0121913785, 0.79002374, 1.1231462), (-0.012191296, 0.79002386, 1.1212581), (-0.009288111, -0.79857296, -1.1951098), (-0.010804468, -0.79740953, -1.1951098), (-0.011968066, -0.7958934, -1.1951097), (-0.0075223087, -0.7993041, -1.1951098), (-0.0056274533, -0.7995535, -1.1951097), (-0.0126997065, -0.7941277, -1.1951097), (-0.01294918, -0.7922327, -1.1951096), (-0.011968626, -0.7885721, -1.1951092), (-0.012699997, -0.79033786, -1.1951094), (-0.0108052585, -0.78705585, -1.1951091), (-0.00928908, -0.7858921, -1.195109), (-0.0019669444, -0.79857236, -1.1951095), (-0.0037326356, -0.7993038, -1.1951096), (-0.0056285723, -0.784911, -1.1951088), (-0.0075233895, -0.7851606, -1.1951088), (0.00071259914, -0.7958924, -1.1951092), (-0.00045061484, -0.79740876, -1.1951094), (0.00071203953, -0.7885711, -1.1951087), (0.0016931543, -0.79223156, -1.1951089), (0.0014439706, -0.79412663, -1.195109), (0.0014436796, -0.7903368, -1.1951088), (-0.0019679135, -0.78589153, -1.1951087), (-0.003733717, -0.7851603, -1.1951087), (-0.0004514063, -0.7870551, -1.1951087), (-0.0056314594, -0.79955995, -1.104121), (-0.0037366422, -0.7993103, -1.1041209), (-0.001970951, -0.79857886, -1.1041207), (-0.007526315, -0.7993106, -1.1041211), (-0.009292117, -0.7985794, -1.1041211), (-0.00045462127, -0.79741526, -1.1041206), (0.00070859276, -0.79589885, -1.1041205), (0.0016891479, -0.79223806, -1.1041201), (0.0014399642, -0.79413307, -1.1041203), (0.0014396731, -0.7903432, -1.10412), (0.0007080331, -0.78857756, -1.1041199), (-0.0119720725, -0.79589987, -1.104121), (-0.010808474, -0.79741603, -1.1041211), (-0.0019719198, -0.78589803, -1.1041199), (-0.0004554127, -0.7870616, -1.1041199), (-0.012953339, -0.7922392, -1.1041209), (-0.012703713, -0.79413414, -1.104121), (-0.009293087, -0.78589857, -1.1041203), (-0.011972632, -0.78857857, -1.1041205), (-0.012704004, -0.7903443, -1.1041206), (-0.010809264, -0.78706235, -1.1041204), (-0.005632579, -0.7849174, -1.10412), (-0.0037377232, -0.7851668, -1.1041199), (-0.007527396, -0.7851671, -1.10412), (-0.009409048, 0.7875088, -1.1949971), (-0.010925403, 0.7886724, -1.194997), (-0.012089001, 0.79018867, -1.194997), (-0.007643244, 0.78677773, -1.194997), (-0.005748389, 0.7865282, -1.194997), (-0.012820643, 0.79195434, -1.1949968), (-0.013070115, 0.7938492, -1.1949967), (-0.012089562, 0.79750985, -1.1949965), (-0.012820932, 0.795744, -1.1949966), (-0.0109261945, 0.7990261, -1.1949962), (-0.009410017, 0.80018973, -1.1949961), (-0.0020878806, 0.7875094, -1.1949967), (-0.0038535716, 0.786778, -1.1949968), (-0.0057495083, 0.8011709, -1.1949959), (-0.0076443255, 0.80092144, -1.194996), (0.00059166434, 0.7901896, -1.1949964), (-0.0005715508, 0.7886732, -1.1949966), (0.00059110334, 0.7975108, -1.1949959), (0.0015722181, 0.79385024, -1.1949961), (0.001323033, 0.7919554, -1.1949962), (0.0013227448, 0.7957451, -1.194996), (-0.00208885, 0.8001903, -1.1949958), (-0.0038546529, 0.8009217, -1.1949958), (-0.00057234225, 0.7990269, -1.1949958), (-0.0057523954, 0.78652173, -1.1040082), (-0.0038575782, 0.78677154, -1.1040081), (-0.0020918872, 0.7875029, -1.104008), (-0.007647251, 0.78677124, -1.1040082), (-0.009413054, 0.78750235, -1.1040083), (-0.00057555723, 0.7886667, -1.1040078), (0.00058765797, 0.7901832, -1.1040076), (0.0015682117, 0.7938438, -1.1040074), (0.0013190266, 0.791949, -1.1040075), (0.0013187383, 0.79573864, -1.1040072), (0.0005870969, 0.79750437, -1.1040071), (-0.012093008, 0.7901822, -1.1040082), (-0.0109294085, 0.78866595, -1.1040082), (-0.0020928564, 0.80018383, -1.104007), (-0.0005763487, 0.7990204, -1.104007), (-0.013074274, 0.7938427, -1.104008), (-0.01282465, 0.79194784, -1.1040081), (-0.009414024, 0.8001833, -1.1040074), (-0.012093568, 0.79750335, -1.1040077), (-0.012824939, 0.7957375, -1.1040078), (-0.010930201, 0.79901963, -1.1040075), (-0.0057535144, 0.8011644, -1.1040071), (-0.0038586592, 0.80091524, -1.104007), (-0.0076483316, 0.80091494, -1.1040072), (-0.009389725, -0.79873663, 1.1056771), (-0.01090608, -0.79757327, 1.1056771), (-0.012069678, -0.79605705, 1.1056771), (-0.0076239216, -0.79946786, 1.1056771), (-0.005729066, -0.7997172, 1.1056772), (-0.012801167, -0.7942914, 1.1056772), (-0.013050793, -0.7923964, 1.1056774), (-0.012070238, -0.78873575, 1.1056777), (-0.012801456, -0.79050153, 1.1056776), (-0.0109068705, -0.7872196, 1.1056778), (-0.009390694, -0.7860558, 1.105678), (-0.0020685578, -0.79873604, 1.1056775), (-0.003834249, -0.79946756, 1.1056772), (-0.0057301857, -0.78507465, 1.1056782), (-0.007625003, -0.78532434, 1.1056782), (0.00061098556, -0.7960561, 1.1056777), (-0.00055222824, -0.7975725, 1.1056776), (0.0006104259, -0.7887348, 1.1056783), (0.0015915408, -0.7923953, 1.1056781), (0.001342357, -0.7942903, 1.1056778), (0.0013420674, -0.79050046, 1.1056782), (-0.0020695273, -0.7860552, 1.1056783), (-0.0038353303, -0.78532404, 1.1056783), (-0.0005530197, -0.7872188, 1.1056783), (-0.0057330728, -0.7997237, 1.196666), (-0.0038382555, -0.799474, 1.196666), (-0.0020725643, -0.79874253, 1.1966662), (-0.007627928, -0.7994743, 1.1966659), (-0.009393731, -0.79874307, 1.1966659), (-0.0005562346, -0.79757893, 1.1966664), (0.0006069791, -0.7960626, 1.1966665), (0.0015875343, -0.79240173, 1.1966668), (0.0013383506, -0.7942968, 1.1966666), (0.001338061, -0.79050696, 1.196667), (0.0006064195, -0.7887413, 1.1966671), (-0.0120736845, -0.79606354, 1.1966659), (-0.010910085, -0.7975797, 1.1966659), (-0.0020735336, -0.7860617, 1.1966671), (-0.00055702607, -0.78722525, 1.1966671), (-0.013054799, -0.79240286, 1.1966661), (-0.012805173, -0.7942979, 1.196666), (-0.009394701, -0.78606224, 1.1966667), (-0.012074244, -0.78874224, 1.1966665), (-0.012805463, -0.79050803, 1.1966664), (-0.010910877, -0.787226, 1.1966666), (-0.005734192, -0.78508115, 1.196667), (-0.0038393366, -0.7853305, 1.1966671), (-0.0076290094, -0.7853308, 1.196667), (-0.009510661, 0.7873451, 1.1057899), (-0.011027016, 0.7885087, 1.10579), (-0.012190615, 0.790025, 1.10579), (-0.007744858, 0.786614, 1.10579), (-0.0058500026, 0.78636456, 1.10579), (-0.0129221035, 0.79179066, 1.1057901), (-0.013171729, 0.79368544, 1.1057903), (-0.012191175, 0.7973462, 1.1057905), (-0.012922393, 0.7955803, 1.1057904), (-0.011027807, 0.7988624, 1.1057907), (-0.00951163, 0.80002606, 1.1057909), (-0.0021894937, 0.78734565, 1.1057903), (-0.003955185, 0.7866143, 1.1057901), (-0.0058511216, 0.8010072, 1.1057911), (-0.007745939, 0.8007577, 1.105791), (0.00049004983, 0.79002595, 1.1057906), (-0.0006731642, 0.7885095, 1.1057904), (0.0004894902, 0.7973471, 1.1057911), (0.001470605, 0.79368657, 1.1057909), (0.0012214213, 0.79179174, 1.1057907), (0.0012211316, 0.7955814, 1.105791), (-0.0021904632, 0.8000266, 1.1057912), (-0.003956266, 0.800758, 1.1057911), (-0.0006739556, 0.7988632, 1.1057912), (-0.0058540087, 0.78635806, 1.1967788), (-0.0039591915, 0.78660786, 1.1967789), (-0.0021935003, 0.7873392, 1.196779), (-0.007748864, 0.78660756, 1.1967788), (-0.009514667, 0.7873386, 1.1967787), (-0.0006771706, 0.78850305, 1.1967791), (0.00048604343, 0.79001945, 1.1967794), (0.0014665986, 0.7936801, 1.1967796), (0.0012174149, 0.79178524, 1.1967795), (0.0012171252, 0.7955749, 1.1967797), (0.0004854838, 0.79734063, 1.1967798), (-0.012194621, 0.7900185, 1.1967788), (-0.011031022, 0.7885022, 1.1967788), (-0.0021944696, 0.80002016, 1.19678), (-0.00067796203, 0.79885674, 1.19678), (-0.013175735, 0.793679, 1.196779), (-0.01292611, 0.79178417, 1.1967789), (-0.009515636, 0.80001956, 1.1967796), (-0.012195181, 0.7973397, 1.1967793), (-0.0129264, 0.79557383, 1.1967791), (-0.011031814, 0.7988559, 1.1967795), (-0.005855128, 0.8010007, 1.1967798), (-0.0039602728, 0.80075157, 1.1967798), (-0.0077499454, 0.80075127, 1.1967797), (-0.005012938, 0.08753635, -0.13368298), (-0.023360716, 0.08753495, -0.13368379), (-0.02336083, 0.090263374, -0.13580768), (-0.005013054, 0.090264775, -0.13580687), (-0.023361042, 0.09377146, -0.13708176), (-0.0050132647, 0.093772866, -0.13708095), (-0.02336127, 0.09697247, -0.1375065), (-0.0050134906, 0.09697388, -0.1375057), (-0.023361549, 0.10038217, -0.1370813), (-0.00501377, 0.10038358, -0.13708049), (-0.023361873, 0.10388977, -0.13580671), (-0.0050140955, 0.10389117, -0.1358059), (-0.023362175, 0.1066182, -0.13368243), (-0.0050143963, 0.106619604, -0.13368163), (-0.0050162883, 0.08753094, -0.057590216), (-0.023364216, 0.08752953, -0.057591025), (-0.023363937, 0.0855809, -0.06056565), (-0.0050160084, 0.0855823, -0.060564842), (-0.02336368, 0.08441204, -0.06438911), (-0.0050157504, 0.08441344, -0.064388305), (-0.023363443, 0.08402236, -0.06906243), (-0.005015515, 0.08402376, -0.069061615), (-0.023360953, 0.084026136, -0.122212894), (-0.0050131744, 0.08402754, -0.12221208), (-0.023360776, 0.08441649, -0.1268863), (-0.005012999, 0.08441789, -0.12688549), (-0.023360698, 0.08558589, -0.13070977), (-0.0050129197, 0.08558729, -0.13070896), (-0.0050177467, 0.10661419, -0.057588857), (-0.023365676, 0.10661279, -0.057589665), (-0.02336556, 0.103884056, -0.055465616), (-0.0050176326, 0.10388546, -0.055464808), (-0.023365349, 0.10037628, -0.05419151), (-0.00501742, 0.10037768, -0.054190703), (-0.023365106, 0.09696652, -0.053766973), (-0.005017178, 0.09696792, -0.053766165), (-0.023364844, 0.093765564, -0.05419198), (-0.0050169146, 0.093766965, -0.054191176), (-0.02336452, 0.09025766, -0.055466585), (-0.0050165914, 0.09025906, -0.05546578), (-0.023362454, 0.108566836, -0.13070814), (-0.005014676, 0.10856824, -0.13070732), (-0.023362711, 0.1097357, -0.12688449), (-0.005014934, 0.1097371, -0.12688369), (-0.023362948, 0.11012507, -0.12221104), (-0.0050151697, 0.11012648, -0.12221023), (-0.023365438, 0.110121295, -0.06906057), (-0.00501751, 0.110122696, -0.06905976), (-0.023365615, 0.10973125, -0.06438731), (-0.0050176857, 0.10973265, -0.0643865), (-0.023365693, 0.10856185, -0.060564015), (-0.005017765, 0.10856325, -0.060563207), (-0.004997942, -0.10863735, -0.13369694), (-0.02334572, -0.108638756, -0.13369775), (-0.023345836, -0.10591033, -0.13582164), (-0.004998057, -0.10590892, -0.13582082), (-0.023346046, -0.10240225, -0.13709572), (-0.00499827, -0.10240084, -0.13709491), (-0.023346273, -0.09920122, -0.13752046), (-0.004998495, -0.09919982, -0.13751964), (-0.023346553, -0.09579183, -0.13709524), (-0.0049987743, -0.09579042, -0.13709444), (-0.023346877, -0.09228393, -0.13582067), (-0.004999099, -0.09228252, -0.13581985), (-0.023347178, -0.08955581, -0.13369639), (-0.0049994015, -0.08955441, -0.13369557), (-0.0050012926, -0.10864276, -0.05760417), (-0.023349222, -0.10864417, -0.05760498), (-0.02334894, -0.110592805, -0.060579605), (-0.0050010127, -0.110591404, -0.060578797), (-0.023348683, -0.11176197, -0.064403065), (-0.0050007547, -0.111760564, -0.06440226), (-0.023348449, -0.11215135, -0.06907638), (-0.005000519, -0.11214995, -0.06907558), (-0.023345957, -0.11214756, -0.12222685), (-0.004998179, -0.11214616, -0.122226045), (-0.023345781, -0.111757524, -0.12690026), (-0.004998003, -0.11175612, -0.12689944), (-0.023345701, -0.11058781, -0.13072373), (-0.004997924, -0.11058641, -0.13072293), (-0.005002752, -0.089559816, -0.057602815), (-0.02335068, -0.089561224, -0.057603624), (-0.023350565, -0.09228964, -0.055479575), (-0.005002636, -0.09228824, -0.055478767), (-0.023350352, -0.095797725, -0.05420547), (-0.005002424, -0.095796324, -0.05420466), (-0.02335011, -0.09920718, -0.053780932), (-0.0050021824, -0.09920578, -0.053780124), (-0.023349848, -0.10240814, -0.05420594), (-0.00500192, -0.10240674, -0.05420513), (-0.023349524, -0.105916046, -0.055480544), (-0.005001595, -0.105914645, -0.055479735), (-0.023347458, -0.08760716, -0.13072209), (-0.0049996814, -0.08760576, -0.13072129), (-0.023347717, -0.086438, -0.12689845), (-0.0049999384, -0.0864366, -0.12689765), (-0.023347951, -0.08604863, -0.122224994), (-0.005000174, -0.086047225, -0.12222418), (-0.023350444, -0.08605241, -0.06907453), (-0.0050025145, -0.08605101, -0.069073714), (-0.023350619, -0.08644245, -0.06440126), (-0.0050026905, -0.08644104, -0.06440046), (-0.023350697, -0.08761215, -0.06057797), (-0.00500277, -0.08761075, -0.06057716), (-0.023362644, 0.08936641, -0.09648468), (-0.023362374, 0.08963183, -0.09966538), (-0.023362635, 0.089631416, -0.09375567), (-0.023362326, 0.09033482, -0.101963215), (-0.02336279, 0.09033407, -0.09145773), (-0.023362337, 0.091405496, -0.10359708), (-0.023363093, 0.09140451, -0.089823715), (-0.0233624, 0.09290399, -0.10476355), (-0.023363259, 0.09290284, -0.088656716), (-0.023362529, 0.09504637, -0.105541445), (-0.023363458, 0.09504512, -0.087878846), (-0.023362666, 0.09700166, -0.1058011), (-0.023363618, 0.09700036, -0.08761924), (-0.02336284, 0.09910765, -0.105538495), (-0.023363767, 0.0991064, -0.087881215), (-0.023363037, 0.10124169, -0.10476296), (-0.023363898, 0.101240546, -0.08865612), (-0.023363203, 0.10274003, -0.10359628), (-0.02336396, 0.10273904, -0.08982291), (-0.023363356, 0.10381047, -0.10196226), (-0.02336382, 0.10380972, -0.09145678), (-0.023363512, 0.104513116, -0.09966432), (-0.02336377, 0.1045127, -0.09375461), (-0.023363823, 0.104778096, -0.09648359), (-0.02334765, -0.1068076, -0.09649864), (-0.023347378, -0.10654187, -0.099679336), (-0.023347639, -0.106542595, -0.093769625), (-0.023347331, -0.10583889, -0.10197718), (-0.023347793, -0.10583963, -0.091471694), (-0.02334734, -0.104768515, -0.10361104), (-0.023348099, -0.10476919, -0.08983767), (-0.023347404, -0.10326971, -0.10477751), (-0.023348264, -0.10327086, -0.08867067), (-0.023347532, -0.10112763, -0.1055554), (-0.023348462, -0.10112888, -0.0878928), (-0.023347672, -0.09917235, -0.10581505), (-0.023348622, -0.09917364, -0.08763319), (-0.023347843, -0.09706636, -0.10555245), (-0.023348773, -0.097067304, -0.08789517), (-0.02334804, -0.09493231, -0.10477692), (-0.023348901, -0.09493346, -0.08867008), (-0.023348207, -0.09343368, -0.10361023), (-0.023348965, -0.09343466, -0.089836866), (-0.023348361, -0.092363544, -0.101976216), (-0.023348823, -0.09236429, -0.09147073), (-0.023348516, -0.09166058, -0.09967828), (-0.023348777, -0.091661, -0.09376857), (-0.023348827, -0.09139561, -0.09649754)]
}

