#usda 1.0
(
    defaultPrim = "SM_Lift_Text_7_Competition"
    upAxis = "Z"
)

def Mesh "SM_Lift_Text_7_Competition"
{
    int[] faceVertexCounts = [3, 3, 3, 3, 3, 3, 3, 3, 3, 3, 3, 3, 3, 3, 3, 3, 3, 3, 3, 3, 3, 3, 3, 3, 3, 3, 3, 3, 3, 3, 3, 3, 3, 3, 3, 3, 3, 3, 3, 3, 3, 3, 3, 3, 3, 3, 3, 3, 3, 3, 3, 3, 3, 3, 3, 3, 3, 3, 3, 3, 3, 3, 3, 3, 3, 3, 3, 3, 3, 3, 3, 3, 3, 3, 3, 3, 3, 3, 3, 3, 3, 3, 3, 3, 3, 3, 3, 3, 3, 3, 3, 3, 3, 3, 3, 3, 3, 3, 3, 3, 3, 3, 3, 3, 3, 3, 3, 3, 3, 3, 3, 3, 3, 3, 3, 3, 3, 3, 3, 3, 3, 3, 3, 3, 3, 3, 3, 3, 3, 3, 3, 3, 3, 3, 3, 3, 3, 3, 3, 3, 3, 3, 3, 3, 3, 3, 3, 3, 3, 3, 3, 3, 3, 3, 3, 3, 3, 3, 3, 3, 3, 3, 3, 3, 3, 3, 3, 3, 3, 3, 3, 3, 3, 3, 3, 3, 3, 3, 3, 3, 3, 3, 3, 3, 3, 3, 3, 3, 3, 3, 3, 3, 3, 3, 3, 3, 3, 3, 3, 3, 3, 3, 3, 3, 3, 3, 3, 3, 3, 3, 3, 3, 3, 3, 3, 3, 3, 3, 3, 3, 3, 3, 3, 3, 3, 3, 3, 3, 3, 3, 3, 3, 3, 3, 3, 3, 3, 3, 3, 3, 3, 3, 3, 3, 3, 3, 3, 3, 3, 3, 3, 3, 3, 3, 3, 3, 3, 3, 3, 3, 3, 3, 3, 3, 3, 3, 3, 3, 3, 3, 3, 3, 3, 3, 3, 3, 3, 3, 3, 3, 3, 3, 3, 3, 3, 3, 3, 3, 3, 3, 3, 3, 3, 3, 3, 3, 3, 3, 3, 3, 3, 3, 3, 3, 3, 3, 3, 3, 3, 3, 3, 3, 3, 3, 3, 3, 3, 3, 3, 3, 3, 3, 3, 3, 3, 3, 3, 3, 3, 3, 3, 3, 3, 3, 3, 3, 3, 3, 3, 3, 3, 3, 3, 3, 3, 3, 3, 3, 3, 3, 3, 3, 3, 3, 3, 3, 3, 3, 3, 3, 3, 3, 3, 3, 3, 3, 3, 3, 3, 3, 3, 3, 3, 3, 3, 3, 3, 3, 3, 3, 3, 3, 3, 3, 3, 3, 3, 3, 3, 3, 3, 3, 3, 3, 3, 3, 3, 3, 3, 3, 3, 3, 3, 3, 3, 3, 3, 3, 3, 3, 3, 3, 3, 3, 3, 3, 3, 3, 3, 3, 3, 3, 3, 3, 3, 3, 3, 3, 3, 3, 3, 3, 3, 3, 3, 3, 3, 3, 3, 3, 3, 3, 3, 3, 3, 3, 3, 3, 3, 3, 3, 3, 3, 3, 3, 3, 3, 3, 3, 3, 3, 3, 3, 3, 3, 3, 3, 3, 3, 3, 3, 3, 3, 3, 3, 3, 3, 3, 3, 3, 3, 3, 3, 3, 3, 3, 3, 3, 3, 3, 3, 3, 3, 3, 3, 3, 3, 3, 3, 3, 3, 3, 3, 3, 3, 3, 3, 3, 3, 3, 3, 3, 3, 3, 3, 3, 3, 3, 3, 3, 3, 3, 3, 3, 3, 3, 3, 3, 3, 3, 3, 3, 3, 3, 3, 3, 3, 3, 3, 3, 3, 3, 3, 3, 3, 3, 3, 3, 3, 3, 3, 3, 3, 3, 3, 3, 3, 3, 3, 3, 3, 3, 3, 3, 3, 3, 3, 3, 3, 3, 3, 3, 3, 3, 3, 3, 3, 3, 3, 3, 3, 3, 3, 3, 3, 3, 3, 3, 3, 3, 3, 3, 3, 3, 3, 3, 3, 3, 3, 3, 3, 3, 3, 3, 3, 3, 3, 3, 3, 3, 3, 3, 3, 3, 3, 3, 3, 3, 3, 3, 3, 3, 3, 3, 3, 3, 3, 3, 3, 3, 3, 3, 3, 3, 3, 3, 3, 3, 3, 3, 3, 3, 3, 3, 3, 3, 3, 3, 3, 3, 3, 3, 3, 3, 3, 3, 3, 3, 3, 3, 3, 3, 3, 3, 3, 3, 3, 3, 3, 3, 3, 3, 3, 3, 3, 3, 3, 3, 3, 3, 3, 3, 3, 3, 3, 3, 3, 3, 3, 3, 3, 3, 3, 3, 3, 3, 3, 3, 3, 3, 3, 3, 3, 3, 3, 3, 3, 3, 3, 3, 3, 3, 3, 3, 3, 3, 3, 3, 3, 3, 3, 3, 3, 3, 3, 3, 3, 3, 3, 3, 3, 3, 3, 3, 3, 3, 3, 3, 3, 3, 3, 3, 3, 3, 3, 3, 3, 3, 3, 3, 3, 3, 3, 3, 3, 3, 3, 3, 3, 3, 3, 3, 3, 3, 3, 3, 3, 3, 3, 3, 3, 3, 3, 3, 3, 3, 3, 3, 3, 3, 3, 3, 3, 3, 3, 3, 3, 3, 3, 3, 3, 3, 3, 3, 3, 3, 3, 3, 3, 3, 3, 3, 3, 3, 3, 3, 3, 3, 3, 3, 3, 3, 3, 3, 3, 3, 3, 3, 3, 3, 3, 3, 3, 3, 3, 3, 3, 3, 3, 3, 3, 3, 3, 3, 3, 3, 3, 3, 3, 3, 3, 3, 3, 3, 3, 3, 3, 3, 3, 3, 3, 3, 3, 3, 3, 3, 3, 3, 3, 3, 3, 3, 3, 3, 3, 3, 3, 3, 3, 3, 3, 3, 3, 3, 3, 3, 3, 3, 3, 3, 3, 3, 3, 3, 3, 3, 3, 3, 3, 3, 3, 3, 3, 3, 3, 3, 3, 3, 3, 3, 3, 3, 3, 3, 3, 3, 3, 3, 3, 3, 3, 3, 3, 3, 3, 3, 3, 3, 3, 3, 3, 3, 3, 3, 3, 3, 3, 3, 3, 3, 3, 3, 3, 3, 3, 3, 3, 3, 3, 3, 3, 3, 3, 3, 3, 3, 3, 3, 3, 3, 3, 3, 3, 3, 3, 3, 3, 3, 3, 3, 3, 3, 3, 3, 3, 3, 3, 3, 3, 3, 3, 3, 3, 3, 3, 3, 3, 3, 3, 3, 3, 3, 3, 3, 3, 3, 3, 3, 3, 3, 3, 3, 3, 3, 3, 3, 3, 3, 3, 3, 3, 3, 3, 3, 3, 3, 3, 3, 3, 3, 3, 3, 3, 3, 3, 3, 3, 3, 3, 3, 3, 3, 3, 3, 3, 3, 3, 3, 3, 3, 3, 3, 3, 3, 3, 3, 3, 3, 3, 3, 3, 3, 3, 3, 3, 3, 3, 3, 3, 3, 3, 3, 3, 3, 3, 3, 3, 3, 3, 3, 3, 3, 3, 3, 3, 3, 3, 3, 3, 3, 3, 3, 3, 3, 3, 3, 3, 3, 3, 3, 3, 3, 3, 3, 3, 3, 3, 3, 3, 3, 3, 3, 3, 3, 3, 3, 3, 3, 3, 3, 3, 3, 3, 3, 3, 3, 3, 3, 3, 3, 3, 3, 3, 3, 3, 3, 3, 3, 3, 3, 3, 3, 3, 3, 3, 3, 3, 3, 3, 3, 3, 3, 3, 3, 3, 3, 3, 3, 3, 3, 3, 3, 3, 3, 3, 3, 3, 3, 3, 3, 3, 3, 3, 3, 3, 3, 3, 3, 3, 3, 3, 3, 3, 3, 3, 3, 3, 3, 3, 3, 3, 3, 3, 3, 3, 3, 3, 3, 3, 3, 3, 3, 3, 3, 3, 3, 3, 3, 3, 3, 3, 3, 3, 3, 3, 3, 3, 3, 3, 3, 3, 3, 3, 3, 3, 3, 3, 3, 3, 3, 3, 3, 3, 3, 3, 3, 3, 3, 3, 3, 3, 3, 3, 3, 3, 3, 3, 3, 3, 3, 3, 3, 3, 3, 3, 3, 3, 3, 3, 3, 3, 3, 3, 3, 3, 3, 3, 3, 3, 3, 3, 3, 3, 3, 3, 3, 3, 3, 3, 3, 3, 3, 3, 3, 3, 3, 3, 3, 3, 3, 3, 3, 3, 3, 3, 3, 3, 3, 3, 3, 3, 3, 3, 3, 3, 3, 3, 3, 3, 3, 3, 3, 3, 3, 3, 3, 3, 3, 3, 3, 3, 3, 3, 3, 3, 3, 3, 3, 3, 3, 3, 3, 3, 3, 3, 3, 3, 3, 3, 3, 3, 3, 3, 3, 3, 3, 3, 3, 3, 3, 3, 3, 3, 3, 3, 3, 3, 3, 3, 3, 3, 3, 3, 3, 3, 3, 3, 3, 3, 3, 3, 3, 3, 3, 3, 3, 3, 3, 3, 3, 3, 3, 3, 3, 3, 3, 3, 3, 3, 3, 3, 3, 3, 3, 3, 3, 3, 3, 3, 3, 3, 3, 3, 3, 3, 3, 3, 3, 3, 3, 3, 3, 3, 3, 3, 3, 3, 3, 3, 3, 3, 3, 3, 3, 3, 3, 3, 3, 3, 3, 3, 3, 3, 3, 3, 3, 3, 3, 3, 3, 3, 3, 3, 3, 3, 3, 3, 3, 3, 3, 3, 3, 3, 3, 3, 3, 3, 3, 3, 3, 3, 3, 3, 3, 3, 3, 3, 3, 3, 3, 3, 3, 3, 3, 3, 3, 3, 3, 3, 3, 3, 3, 3, 3, 3, 3, 3, 3, 3, 3, 3, 3, 3, 3, 3, 3, 3, 3, 3, 3, 3, 3, 3, 3, 3, 3, 3, 3, 3, 3, 3, 3, 3, 3, 3, 3, 3, 3, 3, 3, 3, 3, 3, 3, 3, 3, 3, 3, 3, 3, 3, 3, 3, 3, 3, 3, 3, 3, 3, 3, 3, 3, 3, 3, 3, 3, 3, 3, 3, 3, 3, 3, 3, 3, 3, 3, 3, 3, 3, 3, 3, 3, 3, 3, 3, 3, 3, 3, 3, 3, 3, 3, 3, 3, 3, 3, 3, 3, 3, 3, 3, 3, 3, 3, 3, 3, 3, 3, 3, 3, 3, 3, 3, 3, 3, 3, 3, 3, 3, 3, 3, 3, 3, 3, 3, 3, 3, 3, 3, 3, 3, 3, 3, 3, 3, 3, 3, 3, 3, 3, 3, 3, 3, 3, 3, 3, 3, 3, 3, 3, 3, 3, 3, 3, 3, 3, 3, 3, 3, 3, 3, 3, 3, 3, 3, 3, 3, 3, 3, 3, 3, 3, 3, 3, 3, 3, 3, 3, 3, 3, 3, 3, 3, 3, 3, 3, 3, 3, 3, 3, 3, 3, 3, 3, 3, 3, 3, 3, 3, 3, 3, 3, 3, 3, 3, 3, 3, 3, 3, 3, 3, 3, 3, 3, 3, 3, 3, 3, 3, 3, 3, 3, 3, 3, 3, 3, 3, 3, 3, 3, 3, 3, 3, 3, 3, 3, 3, 3, 3, 3, 3, 3, 3, 3, 3, 3, 3, 3, 3, 3, 3, 3, 3, 3, 3, 3, 3, 3, 3, 3, 3, 3, 3, 3, 3, 3, 3, 3, 3, 3, 3, 3, 3, 3, 3, 3, 3, 3, 3, 3, 3, 3, 3, 3, 3, 3, 3, 3, 3, 3, 3, 3, 3, 3, 3, 3, 3, 3, 3, 3, 3, 3, 3, 3, 3, 3, 3, 3, 3, 3, 3, 3, 3, 3, 3, 3, 3, 3, 3, 3, 3, 3, 3, 3, 3, 3, 3, 3, 3, 3, 3, 3, 3, 3, 3, 3, 3, 3, 3, 3, 3, 3, 3, 3, 3, 3, 3, 3, 3, 3, 3, 3, 3, 3, 3, 3, 3, 3, 3, 3, 3, 3, 3, 3, 3, 3, 3, 3, 3, 3, 3, 3, 3, 3, 3, 3, 3, 3, 3, 3, 3, 3, 3, 3, 3, 3, 3, 3, 3, 3, 3, 3, 3, 3, 3, 3, 3, 3, 3, 3, 3, 3, 3, 3, 3, 3, 3, 3, 3, 3, 3, 3, 3, 3, 3, 3, 3, 3, 3, 3, 3, 3, 3, 3, 3, 3, 3, 3, 3, 3, 3, 3, 3, 3, 3, 3, 3, 3, 3, 3, 3, 3, 3, 3, 3, 3, 3, 3, 3, 3, 3, 3, 3, 3, 3, 3, 3, 3, 3, 3, 3, 3, 3, 3, 3, 3, 3, 3, 3, 3, 3, 3, 3, 3, 3, 3, 3, 3, 3, 3, 3, 3, 3, 3, 3, 3, 3, 3, 3, 3, 3, 3, 3, 3, 3, 3, 3, 3, 3, 3, 3, 3, 3, 3, 3, 3, 3, 3, 3, 3, 3, 3, 3, 3, 3, 3, 3, 3, 3, 3, 3, 3, 3, 3, 3, 3, 3, 3, 3, 3, 3, 3, 3, 3, 3, 3, 3, 3, 3, 3, 3, 3, 3, 3, 3, 3, 3, 3, 3, 3, 3, 3, 3, 3, 3, 3, 3, 3, 3, 3, 3, 3, 3, 3, 3, 3, 3, 3, 3, 3, 3, 3, 3, 3, 3, 3, 3, 3, 3, 3, 3, 3, 3, 3, 3, 3, 3, 3, 3, 3, 3, 3, 3, 3, 3, 3, 3, 3, 3, 3, 3, 3, 3, 3, 3, 3, 3, 3, 3, 3, 3, 3, 3, 3, 3, 3, 3, 3, 3, 3, 3, 3, 3, 3, 3, 3, 3, 3, 3, 3, 3, 3, 3, 3, 3, 3, 3, 3, 3, 3, 3, 3, 3, 3, 3, 3, 3, 3, 3, 3, 3, 3, 3, 3, 3, 3, 3, 3, 3, 3, 3, 3, 3, 3, 3, 3, 3, 3, 3, 3, 3, 3, 3, 3, 3, 3, 3, 3, 3, 3, 3, 3, 3, 3, 3, 3, 3, 3, 3, 3, 3, 3, 3, 3, 3, 3, 3, 3, 3, 3, 3, 3, 3, 3, 3, 3, 3, 3, 3, 3, 3, 3, 3, 3, 3, 3, 3]
    int[] faceVertexIndices = [0, 1, 2, 2, 3, 4, 4, 5, 6, 7, 8, 9, 9, 10, 11, 2, 4, 6, 12, 0, 2, 12, 2, 6, 13, 14, 12, 14, 15, 12, 16, 17, 12, 17, 13, 12, 18, 16, 12, 18, 12, 6, 19, 18, 6, 19, 6, 20, 19, 20, 21, 22, 19, 21, 23, 22, 21, 24, 23, 21, 25, 24, 21, 25, 21, 11, 26, 25, 11, 21, 27, 28, 21, 28, 7, 21, 7, 11, 28, 29, 7, 7, 9, 11, 26, 11, 30, 26, 30, 31, 31, 32, 33, 33, 34, 35, 31, 33, 35, 36, 26, 31, 37, 36, 31, 38, 37, 31, 38, 31, 39, 31, 35, 39, 40, 38, 39, 41, 40, 39, 42, 41, 39, 43, 42, 39, 43, 39, 44, 35, 45, 39, 45, 46, 39, 35, 47, 45, 48, 49, 50, 50, 51, 48, 52, 53, 54, 54, 55, 52, 56, 57, 58, 58, 59, 56, 60, 61, 62, 62, 63, 60, 64, 65, 66, 67, 68, 69, 68, 70, 69, 68, 71, 70, 71, 72, 70, 72, 73, 70, 72, 74, 73, 74, 75, 73, 75, 76, 73, 75, 77, 76, 77, 78, 76, 77, 79, 78, 79, 80, 78, 80, 81, 78, 80, 82, 81, 82, 83, 81, 83, 84, 81, 83, 85, 84, 85, 86, 84, 85, 87, 86, 87, 88, 86, 88, 89, 86, 88, 90, 89, 90, 91, 89, 91, 92, 89, 91, 93, 92, 93, 94, 92, 93, 95, 94, 95, 96, 94, 95, 97, 96, 97, 98, 96, 98, 99, 96, 98, 100, 99, 100, 101, 99, 100, 102, 101, 102, 103, 101, 102, 104, 103, 104, 105, 103, 104, 106, 105, 106, 107, 105, 106, 108, 107, 106, 109, 108, 109, 110, 108, 109, 111, 110, 111, 112, 110, 111, 113, 112, 113, 114, 112, 113, 115, 114, 115, 116, 114, 116, 117, 114, 116, 118, 117, 118, 119, 117, 118, 120, 119, 120, 121, 119, 120, 122, 121, 122, 123, 121, 122, 124, 123, 124, 125, 123, 124, 126, 125, 126, 127, 125, 127, 128, 125, 127, 129, 128, 129, 130, 128, 130, 131, 128, 130, 132, 131, 132, 133, 131, 133, 134, 131, 133, 135, 134, 135, 136, 134, 136, 137, 134, 136, 138, 137, 138, 139, 137, 139, 140, 137, 139, 141, 140, 141, 142, 140, 142, 143, 140, 142, 144, 143, 144, 145, 143, 145, 146, 143, 145, 147, 146, 147, 148, 146, 148, 149, 146, 149, 150, 146, 149, 151, 150, 151, 152, 150, 152, 153, 150, 154, 155, 156, 154, 156, 157, 156, 158, 157, 158, 159, 157, 159, 160, 157, 160, 161, 157, 161, 162, 157, 162, 163, 157, 163, 164, 157, 164, 165, 157, 164, 166, 165, 166, 167, 165, 166, 168, 167, 166, 169, 168, 169, 170, 168, 169, 171, 170, 169, 172, 171, 172, 173, 171, 172, 174, 173, 172, 175, 174, 175, 176, 174, 175, 177, 176, 175, 178, 177, 178, 179, 177, 178, 180, 179, 178, 181, 180, 181, 182, 180, 181, 183, 182, 181, 184, 183, 184, 185, 183, 181, 186, 184, 184, 187, 185, 181, 188, 186, 187, 189, 185, 188, 190, 186, 187, 191, 189, 188, 192, 190, 191, 193, 189, 192, 194, 190, 192, 195, 194, 191, 196, 193, 191, 197, 196, 195, 198, 194, 197, 199, 196, 195, 200, 198, 200, 201, 198, 197, 202, 199, 197, 203, 202, 203, 204, 202, 203, 205, 204, 203, 206, 205, 206, 207, 205, 206, 208, 207, 206, 209, 208, 206, 210, 209, 206, 211, 210, 206, 212, 211, 212, 213, 211, 212, 214, 213, 212, 215, 214, 215, 216, 214, 215, 217, 216, 217, 218, 216, 217, 219, 218, 219, 220, 218, 220, 221, 218, 222, 223, 224, 222, 224, 225, 226, 222, 225, 227, 226, 225, 227, 225, 228, 229, 227, 228, 229, 228, 230, 231, 229, 230, 232, 231, 230, 232, 230, 233, 234, 232, 233, 234, 233, 235, 236, 234, 235, 236, 235, 237, 236, 237, 238, 239, 236, 238, 240, 239, 238, 240, 238, 241, 242, 240, 241, 243, 242, 241, 243, 241, 244, 245, 243, 244, 246, 245, 244, 247, 246, 244, 247, 244, 248, 249, 247, 248, 250, 249, 248, 250, 248, 251, 252, 250, 251, 252, 251, 253, 254, 252, 253, 255, 254, 253, 256, 255, 253, 257, 256, 253, 257, 253, 258, 259, 256, 257, 259, 257, 260, 257, 258, 261, 262, 259, 260, 258, 263, 261, 263, 264, 261, 262, 260, 265, 264, 266, 261, 267, 262, 265, 266, 268, 261, 266, 269, 268, 270, 267, 265, 270, 265, 271, 269, 272, 268, 273, 270, 271, 269, 274, 272, 275, 273, 271, 274, 276, 272, 275, 271, 277, 276, 278, 272, 279, 275, 277, 276, 280, 278, 281, 279, 277, 280, 282, 278, 281, 277, 283, 282, 284, 278, 285, 281, 283, 282, 286, 284, 287, 285, 283, 286, 288, 284, 287, 283, 289, 288, 290, 284, 291, 287, 289, 288, 292, 290, 293, 291, 289, 292, 294, 290, 293, 289, 295, 294, 296, 290, 297, 293, 295, 294, 298, 296, 297, 295, 299, 298, 299, 296, 298, 297, 299, 300, 43, 301, 43, 44, 301, 302, 303, 304, 305, 302, 304, 306, 305, 304, 306, 304, 307, 308, 306, 307, 308, 307, 309, 310, 308, 309, 311, 310, 309, 312, 311, 309, 313, 312, 309, 314, 313, 309, 315, 314, 309, 315, 309, 316, 317, 315, 316, 318, 317, 316, 318, 316, 319, 320, 318, 319, 320, 319, 321, 320, 321, 322, 323, 320, 322, 323, 322, 324, 325, 326, 323, 325, 323, 327, 323, 324, 327, 324, 328, 327, 324, 329, 328, 329, 330, 328, 328, 331, 327, 328, 332, 331, 333, 334, 335, 336, 333, 335, 337, 336, 335, 337, 335, 338, 339, 337, 338, 339, 338, 340, 341, 339, 340, 342, 341, 340, 343, 342, 340, 344, 343, 340, 345, 344, 340, 346, 345, 340, 346, 340, 347, 348, 346, 347, 349, 348, 347, 349, 347, 350, 351, 349, 350, 351, 350, 352, 351, 352, 353, 354, 351, 353, 354, 353, 355, 356, 357, 354, 356, 354, 358, 354, 355, 358, 355, 359, 358, 355, 360, 359, 360, 361, 359, 359, 362, 358, 359, 363, 362, 364, 365, 366, 366, 367, 364, 367, 368, 364, 367, 369, 368, 367, 370, 369, 367, 371, 370, 367, 372, 371, 367, 373, 374, 367, 374, 375, 375, 376, 377, 367, 375, 377, 367, 378, 372, 367, 377, 378, 378, 379, 372, 378, 380, 379, 378, 381, 380, 378, 382, 381, 378, 383, 382, 378, 384, 383, 378, 385, 384, 386, 387, 378, 388, 389, 386, 388, 386, 378, 378, 390, 391, 378, 391, 385, 391, 392, 385, 392, 393, 385, 392, 394, 393, 392, 395, 394, 392, 396, 395, 392, 397, 396, 392, 398, 397, 399, 398, 392, 392, 400, 399, 401, 388, 378, 377, 401, 378, 377, 402, 401, 377, 403, 402, 404, 300, 301, 405, 404, 301, 405, 301, 406, 407, 404, 405, 405, 408, 407, 407, 408, 64, 409, 407, 64, 408, 410, 64, 411, 409, 64, 412, 411, 64, 413, 412, 64, 414, 413, 64, 15, 414, 64, 15, 64, 12, 64, 415, 12, 64, 66, 415, 415, 416, 12, 415, 417, 416, 418, 419, 420, 420, 421, 418, 418, 422, 419, 420, 423, 421, 422, 424, 419, 423, 425, 421, 424, 426, 419, 424, 427, 426, 423, 428, 425, 423, 429, 428, 429, 430, 428, 427, 431, 426, 431, 432, 426, 429, 433, 430, 431, 434, 432, 429, 435, 433, 435, 436, 433, 434, 437, 432, 434, 438, 437, 435, 439, 436, 435, 440, 439, 438, 441, 437, 441, 442, 437, 441, 443, 442, 440, 444, 439, 443, 445, 442, 440, 446, 444, 445, 447, 442, 446, 448, 444, 445, 449, 447, 449, 450, 447, 446, 451, 448, 449, 452, 450, 446, 453, 451, 452, 454, 450, 453, 455, 451, 454, 456, 450, 454, 457, 456, 453, 458, 455, 457, 459, 456, 458, 460, 455, 459, 461, 456, 459, 462, 461, 458, 463, 460, 462, 464, 461, 458, 465, 463, 464, 466, 461, 464, 467, 466, 465, 468, 463, 467, 469, 466, 469, 470, 466, 465, 471, 468, 470, 472, 466, 471, 473, 468, 470, 474, 472, 471, 475, 473, 474, 476, 472, 471, 477, 475, 476, 478, 472, 476, 479, 478, 477, 480, 475, 477, 481, 480, 479, 482, 478, 481, 483, 480, 482, 484, 478, 482, 485, 484, 481, 486, 483, 481, 487, 486, 485, 488, 484, 487, 489, 486, 490, 484, 488, 490, 488, 491, 487, 492, 489, 487, 493, 492, 490, 491, 494, 493, 494, 492, 493, 490, 494, 495, 496, 497, 497, 498, 495, 495, 499, 496, 497, 500, 498, 499, 501, 496, 500, 502, 498, 501, 503, 496, 501, 504, 503, 500, 505, 502, 500, 506, 505, 506, 507, 505, 504, 508, 503, 508, 509, 503, 506, 510, 507, 508, 511, 509, 506, 512, 510, 512, 513, 510, 511, 514, 509, 511, 515, 514, 512, 516, 513, 512, 517, 516, 515, 518, 514, 518, 519, 514, 518, 520, 519, 517, 521, 516, 520, 522, 519, 517, 523, 521, 522, 524, 519, 523, 525, 521, 522, 526, 524, 526, 527, 524, 523, 528, 525, 526, 529, 527, 523, 530, 528, 529, 531, 527, 530, 532, 528, 531, 533, 527, 531, 534, 533, 530, 535, 532, 534, 536, 533, 535, 537, 532, 536, 538, 533, 536, 539, 538, 535, 540, 537, 539, 541, 538, 535, 542, 540, 541, 543, 538, 541, 544, 543, 542, 545, 540, 544, 546, 543, 546, 547, 543, 542, 548, 545, 547, 549, 543, 548, 550, 545, 547, 551, 549, 548, 552, 550, 551, 553, 549, 548, 554, 552, 553, 555, 549, 553, 556, 555, 554, 557, 552, 554, 558, 557, 556, 559, 555, 558, 560, 557, 559, 561, 555, 559, 562, 561, 558, 563, 560, 558, 564, 563, 562, 565, 561, 564, 566, 563, 567, 561, 565, 567, 565, 568, 564, 569, 566, 564, 570, 569, 567, 568, 571, 570, 571, 569, 570, 567, 571, 477, 471, 572, 188, 181, 573, 165, 574, 157, 44, 575, 301, 302, 576, 303, 542, 535, 577, 548, 542, 578, 554, 548, 579, 514, 580, 509, 140, 581, 137, 143, 582, 140, 583, 584, 153, 137, 585, 134, 84, 586, 81, 78, 587, 76, 446, 588, 453, 481, 477, 589, 461, 590, 456, 442, 591, 437, 185, 592, 183, 182, 183, 592, 65, 64, 593, 410, 593, 64, 406, 301, 575, 35, 594, 47, 35, 34, 595, 40, 596, 38, 414, 597, 413, 413, 598, 412, 265, 260, 599, 313, 600, 312, 302, 305, 601, 523, 602, 530, 535, 530, 603, 538, 604, 533, 533, 605, 527, 527, 606, 524, 524, 607, 519, 519, 608, 514, 373, 367, 609, 374, 373, 610, 377, 376, 611, 394, 612, 393, 368, 369, 613, 456, 614, 450, 216, 615, 214, 213, 214, 616, 42, 617, 41, 43, 618, 42, 17, 16, 619, 17, 620, 13, 344, 621, 343, 376, 375, 622, 623, 624, 67, 67, 69, 623, 624, 625, 626, 626, 67, 624, 625, 627, 68, 68, 626, 625, 628, 68, 627, 627, 629, 71, 71, 628, 627, 630, 71, 629, 629, 631, 72, 72, 630, 629, 632, 72, 631, 631, 633, 74, 74, 632, 631, 633, 634, 75, 75, 74, 633, 634, 635, 77, 77, 75, 634, 635, 636, 79, 79, 77, 635, 636, 637, 80, 80, 79, 636, 637, 638, 82, 82, 80, 637, 638, 639, 83, 83, 82, 638, 639, 640, 85, 85, 83, 639, 640, 641, 87, 87, 85, 640, 641, 642, 88, 88, 87, 641, 642, 643, 90, 90, 88, 642, 643, 644, 91, 91, 90, 643, 644, 645, 93, 93, 91, 644, 645, 646, 95, 95, 93, 645, 646, 647, 97, 97, 95, 646, 647, 648, 98, 98, 97, 647, 648, 649, 100, 100, 98, 648, 649, 650, 102, 102, 100, 649, 650, 651, 104, 104, 102, 650, 651, 652, 106, 106, 104, 651, 652, 653, 109, 109, 106, 652, 653, 654, 111, 111, 109, 653, 654, 655, 113, 113, 111, 654, 655, 656, 115, 115, 113, 655, 656, 657, 116, 116, 115, 656, 657, 658, 118, 118, 116, 657, 658, 659, 120, 120, 118, 658, 659, 660, 122, 122, 120, 659, 660, 661, 124, 124, 122, 660, 661, 662, 126, 126, 124, 661, 662, 663, 127, 127, 126, 662, 663, 664, 129, 129, 127, 663, 664, 665, 130, 130, 129, 664, 665, 666, 132, 132, 130, 665, 666, 667, 133, 133, 132, 666, 667, 668, 135, 135, 133, 667, 668, 669, 136, 136, 135, 668, 669, 670, 138, 138, 136, 669, 670, 671, 139, 139, 138, 670, 671, 672, 141, 141, 139, 671, 672, 673, 142, 142, 141, 672, 673, 674, 144, 144, 142, 673, 674, 675, 145, 145, 144, 674, 675, 676, 147, 147, 145, 675, 676, 677, 148, 148, 147, 676, 677, 678, 149, 149, 148, 677, 678, 679, 151, 151, 149, 678, 679, 680, 152, 152, 151, 679, 680, 681, 583, 583, 152, 680, 681, 682, 584, 584, 583, 681, 153, 584, 682, 682, 683, 684, 684, 153, 682, 150, 684, 683, 683, 685, 686, 686, 150, 683, 146, 686, 685, 685, 687, 688, 688, 146, 685, 143, 688, 687, 687, 689, 582, 582, 143, 687, 140, 582, 689, 689, 690, 581, 581, 140, 689, 137, 581, 690, 690, 691, 585, 585, 137, 690, 134, 585, 691, 691, 692, 693, 693, 134, 691, 131, 693, 692, 692, 694, 695, 695, 131, 692, 128, 695, 694, 694, 696, 697, 697, 128, 694, 125, 697, 696, 696, 698, 699, 699, 125, 696, 123, 699, 698, 698, 700, 121, 121, 123, 698, 700, 701, 119, 119, 121, 700, 701, 702, 117, 117, 119, 701, 702, 703, 114, 114, 117, 702, 703, 704, 112, 112, 114, 703, 704, 705, 110, 110, 112, 704, 705, 706, 108, 108, 110, 705, 706, 707, 107, 107, 108, 706, 707, 708, 105, 105, 107, 707, 708, 709, 103, 103, 105, 708, 709, 710, 101, 101, 103, 709, 710, 711, 99, 99, 101, 710, 711, 712, 96, 96, 99, 711, 94, 96, 712, 712, 713, 714, 714, 94, 712, 92, 714, 713, 713, 715, 716, 716, 92, 713, 89, 716, 715, 715, 717, 718, 718, 89, 715, 86, 718, 717, 717, 719, 720, 720, 86, 717, 84, 720, 719, 719, 721, 586, 586, 84, 719, 81, 586, 721, 721, 722, 723, 723, 81, 721, 78, 723, 722, 722, 724, 587, 587, 78, 722, 76, 587, 724, 724, 725, 726, 726, 76, 724, 73, 726, 725, 725, 727, 728, 728, 73, 725, 70, 728, 727, 727, 729, 730, 730, 70, 727, 729, 623, 69, 69, 730, 729, 419, 731, 732, 732, 733, 734, 734, 419, 732, 420, 734, 733, 733, 735, 736, 736, 420, 733, 423, 736, 735, 735, 737, 738, 738, 423, 735, 429, 738, 737, 737, 739, 740, 740, 429, 737, 435, 740, 739, 739, 741, 742, 742, 435, 739, 440, 742, 741, 741, 743, 744, 744, 440, 741, 446, 744, 743, 743, 745, 588, 588, 446, 743, 453, 588, 745, 745, 746, 747, 747, 453, 745, 458, 747, 746, 746, 748, 749, 749, 458, 746, 465, 749, 748, 748, 750, 751, 751, 465, 748, 471, 751, 750, 750, 752, 572, 572, 471, 750, 477, 572, 752, 752, 753, 589, 589, 477, 752, 481, 589, 753, 753, 754, 755, 755, 481, 753, 487, 755, 754, 754, 756, 757, 757, 487, 754, 493, 757, 756, 756, 758, 759, 759, 493, 756, 490, 759, 758, 758, 760, 761, 761, 490, 758, 484, 761, 760, 760, 762, 763, 763, 484, 760, 478, 763, 762, 762, 764, 765, 765, 478, 762, 472, 765, 764, 764, 766, 767, 767, 472, 764, 466, 767, 766, 766, 768, 769, 769, 466, 766, 461, 769, 768, 768, 770, 590, 590, 461, 768, 456, 590, 770, 770, 771, 614, 614, 456, 770, 450, 614, 771, 771, 772, 773, 773, 450, 771, 447, 773, 772, 772, 774, 775, 775, 447, 772, 442, 775, 774, 774, 776, 591, 591, 442, 774, 437, 591, 776, 776, 777, 778, 778, 437, 776, 432, 778, 777, 777, 779, 780, 780, 432, 777, 779, 732, 426, 426, 780, 779, 731, 426, 732, 781, 418, 782, 782, 783, 422, 422, 781, 782, 784, 422, 783, 783, 785, 424, 424, 784, 783, 786, 424, 785, 785, 787, 427, 427, 786, 785, 788, 427, 787, 787, 789, 431, 431, 788, 787, 790, 431, 789, 789, 791, 434, 434, 790, 789, 792, 434, 791, 791, 793, 438, 438, 792, 791, 794, 438, 793, 793, 795, 441, 441, 794, 793, 795, 796, 443, 443, 441, 795, 796, 797, 445, 445, 443, 796, 797, 798, 449, 449, 445, 797, 798, 799, 452, 452, 449, 798, 799, 800, 454, 454, 452, 799, 800, 801, 457, 457, 454, 800, 801, 802, 459, 459, 457, 801, 802, 803, 462, 462, 459, 802, 803, 804, 464, 464, 462, 803, 804, 805, 467, 467, 464, 804, 805, 806, 469, 469, 467, 805, 806, 807, 470, 470, 469, 806, 807, 808, 474, 474, 470, 807, 808, 809, 476, 476, 474, 808, 809, 810, 479, 479, 476, 809, 810, 811, 482, 482, 479, 810, 811, 812, 485, 485, 482, 811, 812, 813, 488, 488, 485, 812, 813, 814, 491, 491, 488, 813, 814, 815, 494, 494, 491, 814, 815, 816, 492, 492, 494, 815, 816, 817, 489, 489, 492, 816, 817, 818, 486, 486, 489, 817, 818, 819, 483, 483, 486, 818, 819, 820, 480, 480, 483, 819, 820, 821, 475, 475, 480, 820, 821, 822, 473, 473, 475, 821, 822, 823, 824, 824, 473, 822, 468, 824, 823, 823, 825, 826, 826, 468, 823, 463, 826, 825, 825, 827, 828, 828, 463, 825, 460, 828, 827, 827, 829, 830, 830, 460, 827, 455, 830, 829, 829, 831, 832, 832, 455, 829, 451, 832, 831, 831, 833, 834, 834, 451, 831, 448, 834, 833, 833, 835, 836, 836, 448, 833, 444, 836, 835, 835, 837, 838, 838, 444, 835, 439, 838, 837, 837, 839, 840, 840, 439, 837, 436, 840, 839, 839, 841, 842, 842, 436, 839, 433, 842, 841, 841, 843, 844, 844, 433, 841, 430, 844, 843, 843, 845, 428, 428, 430, 843, 845, 846, 847, 847, 428, 845, 425, 847, 846, 846, 848, 849, 849, 425, 846, 421, 849, 848, 848, 782, 850, 850, 421, 848, 418, 850, 782, 851, 852, 155, 155, 154, 851, 852, 853, 156, 156, 155, 852, 853, 854, 158, 158, 156, 853, 854, 855, 159, 159, 158, 854, 856, 159, 855, 855, 857, 160, 160, 856, 855, 858, 160, 857, 857, 859, 161, 161, 858, 857, 162, 161, 859, 859, 860, 162, 163, 162, 860, 860, 861, 163, 164, 163, 861, 861, 862, 164, 166, 164, 862, 862, 863, 166, 169, 166, 863, 863, 864, 169, 172, 169, 864, 864, 865, 172, 866, 172, 865, 175, 866, 865, 865, 867, 175, 178, 175, 867, 867, 868, 178, 181, 178, 868, 868, 869, 573, 573, 181, 868, 188, 573, 869, 869, 870, 188, 192, 188, 870, 870, 871, 872, 872, 192, 870, 195, 872, 871, 871, 873, 874, 874, 195, 871, 873, 875, 200, 200, 874, 873, 875, 876, 201, 201, 200, 875, 876, 877, 878, 878, 201, 876, 198, 878, 877, 877, 879, 880, 880, 198, 877, 194, 880, 879, 879, 881, 882, 882, 194, 879, 190, 882, 881, 881, 883, 190, 186, 190, 883, 883, 884, 186, 184, 186, 884, 884, 885, 184, 187, 184, 885, 885, 886, 187, 191, 187, 886, 886, 887, 191, 197, 191, 887, 887, 888, 197, 203, 197, 888, 888, 889, 203, 206, 203, 889, 889, 890, 206, 212, 206, 890, 890, 891, 212, 215, 212, 891, 891, 892, 893, 893, 215, 891, 217, 893, 892, 892, 894, 895, 895, 217, 892, 219, 895, 894, 894, 896, 220, 220, 219, 894, 896, 897, 221, 221, 220, 896, 897, 898, 218, 218, 221, 897, 899, 218, 898, 898, 900, 216, 216, 899, 898, 615, 216, 900, 900, 901, 214, 214, 615, 900, 616, 214, 901, 901, 902, 213, 213, 616, 901, 902, 903, 211, 211, 213, 902, 903, 904, 210, 210, 211, 903, 904, 905, 209, 209, 210, 904, 905, 906, 208, 208, 209, 905, 906, 907, 208, 207, 208, 907, 907, 908, 909, 909, 207, 907, 205, 909, 908, 908, 910, 911, 911, 205, 908, 204, 911, 910, 910, 912, 202, 202, 204, 910, 912, 913, 202, 199, 202, 913, 913, 914, 199, 196, 199, 914, 914, 915, 196, 193, 196, 915, 915, 916, 193, 917, 193, 916, 916, 918, 189, 189, 917, 916, 919, 189, 918, 918, 920, 185, 185, 919, 918, 592, 185, 920, 182, 592, 920, 920, 921, 182, 180, 182, 921, 921, 922, 180, 922, 923, 179, 179, 180, 922, 923, 924, 179, 177, 179, 924, 924, 925, 177, 176, 177, 925, 925, 926, 176, 927, 176, 926, 926, 928, 174, 174, 927, 926, 928, 929, 173, 173, 174, 928, 929, 930, 171, 171, 173, 929, 930, 931, 170, 170, 171, 930, 931, 932, 168, 168, 170, 931, 932, 933, 167, 167, 168, 932, 933, 934, 165, 165, 167, 933, 934, 935, 574, 574, 165, 934, 935, 851, 154, 154, 574, 935, 936, 937, 405, 405, 406, 936, 937, 938, 408, 408, 405, 937, 938, 939, 410, 410, 408, 938, 939, 940, 593, 593, 410, 939, 940, 941, 65, 65, 593, 940, 942, 65, 941, 941, 943, 66, 66, 942, 941, 943, 944, 945, 945, 66, 943, 415, 945, 944, 944, 946, 415, 417, 415, 946, 946, 947, 417, 416, 417, 947, 947, 948, 416, 948, 949, 12, 12, 416, 948, 949, 950, 951, 951, 12, 949, 950, 952, 953, 953, 951, 950, 952, 954, 0, 0, 953, 952, 954, 955, 1, 1, 0, 954, 955, 956, 2, 2, 1, 955, 956, 957, 3, 3, 2, 956, 957, 958, 4, 4, 3, 957, 958, 959, 5, 5, 4, 958, 959, 960, 6, 6, 5, 959, 960, 961, 20, 20, 6, 960, 961, 962, 21, 21, 20, 961, 962, 963, 27, 27, 21, 962, 963, 964, 28, 28, 27, 963, 964, 965, 29, 29, 28, 964, 965, 966, 7, 7, 29, 965, 966, 967, 8, 8, 7, 966, 967, 968, 9, 9, 8, 967, 968, 969, 10, 10, 9, 968, 969, 970, 11, 11, 10, 969, 970, 971, 30, 30, 11, 970, 971, 972, 31, 31, 30, 971, 972, 973, 974, 974, 31, 972, 973, 975, 32, 32, 974, 973, 975, 976, 977, 977, 32, 975, 976, 978, 33, 33, 977, 976, 978, 979, 980, 980, 33, 978, 979, 981, 34, 34, 980, 979, 595, 34, 981, 981, 982, 35, 35, 595, 981, 594, 35, 982, 982, 983, 47, 47, 594, 982, 984, 47, 983, 983, 985, 45, 45, 984, 983, 986, 45, 985, 985, 987, 46, 46, 986, 985, 39, 46, 987, 987, 988, 39, 988, 989, 44, 44, 39, 988, 989, 990, 575, 575, 44, 989, 990, 936, 406, 406, 575, 990, 412, 598, 991, 991, 992, 993, 993, 412, 991, 411, 993, 992, 992, 994, 995, 995, 411, 992, 409, 995, 994, 994, 996, 997, 997, 409, 994, 407, 997, 996, 996, 998, 999, 999, 407, 996, 404, 999, 998, 998, 1000, 1001, 1001, 404, 998, 300, 1001, 1000, 1000, 1002, 1003, 1003, 300, 1000, 43, 1003, 1002, 1002, 1004, 618, 618, 43, 1002, 42, 618, 1004, 1004, 1005, 617, 617, 42, 1004, 41, 617, 1005, 1005, 1006, 1007, 1007, 41, 1005, 40, 1007, 1006, 1006, 1008, 596, 596, 40, 1006, 38, 596, 1008, 1008, 1009, 1010, 1010, 38, 1008, 1009, 1011, 37, 37, 1010, 1009, 1012, 37, 1011, 1011, 1013, 36, 36, 1012, 1011, 1014, 36, 1013, 1013, 1015, 26, 26, 1014, 1013, 1016, 26, 1015, 1015, 1017, 25, 25, 1016, 1015, 1018, 25, 1017, 1017, 1019, 24, 24, 1018, 1017, 1020, 24, 1019, 1019, 1021, 23, 23, 1020, 1019, 1022, 23, 1021, 1021, 1023, 22, 22, 1022, 1021, 1023, 1024, 1025, 1025, 22, 1023, 19, 1025, 1024, 1024, 1026, 1027, 1027, 19, 1024, 18, 1027, 1026, 1026, 1028, 1029, 1029, 18, 1026, 16, 1029, 1028, 1028, 1030, 619, 619, 16, 1028, 17, 619, 1030, 1030, 1031, 620, 620, 17, 1030, 13, 620, 1031, 1031, 1032, 1033, 1033, 13, 1031, 14, 1033, 1032, 1032, 1034, 1035, 1035, 14, 1032, 15, 1035, 1034, 1034, 1036, 1037, 1037, 15, 1034, 1036, 1038, 414, 414, 1037, 1036, 597, 414, 1038, 1038, 991, 413, 413, 597, 1038, 598, 413, 991, 1039, 223, 1040, 1040, 1041, 224, 224, 1039, 1040, 1041, 1042, 225, 225, 224, 1041, 228, 225, 1042, 1042, 1043, 228, 230, 228, 1043, 1043, 1044, 230, 233, 230, 1044, 1044, 1045, 233, 1046, 233, 1045, 1045, 1047, 235, 235, 1046, 1045, 1048, 235, 1047, 1047, 1049, 237, 237, 1048, 1047, 1050, 237, 1049, 1049, 1051, 238, 238, 1050, 1049, 1052, 238, 1051, 1051, 1053, 241, 241, 1052, 1051, 1054, 241, 1053, 1053, 1055, 244, 244, 1054, 1053, 1056, 244, 1055, 1055, 1057, 248, 248, 1056, 1055, 1058, 248, 1057, 1057, 1059, 251, 251, 1058, 1057, 253, 251, 1059, 1059, 1060, 258, 258, 253, 1059, 1060, 1061, 263, 263, 258, 1060, 1061, 1062, 264, 264, 263, 1061, 1062, 1063, 266, 266, 264, 1062, 1063, 1064, 269, 269, 266, 1063, 1064, 1065, 274, 274, 269, 1064, 1065, 1066, 276, 276, 274, 1065, 1066, 1067, 280, 280, 276, 1066, 1067, 1068, 282, 282, 280, 1067, 1068, 1069, 286, 286, 282, 1068, 1069, 1070, 288, 288, 286, 1069, 1070, 1071, 292, 292, 288, 1070, 1071, 1072, 294, 294, 292, 1071, 1072, 1073, 298, 298, 294, 1072, 1073, 1074, 297, 297, 298, 1073, 1074, 1075, 293, 293, 297, 1074, 1075, 1076, 291, 291, 293, 1075, 1076, 1077, 287, 287, 291, 1076, 1077, 1078, 285, 285, 287, 1077, 1078, 1079, 281, 281, 285, 1078, 1079, 1080, 279, 279, 281, 1079, 1080, 1081, 275, 275, 279, 1080, 1081, 1082, 273, 273, 275, 1081, 1082, 1083, 270, 270, 273, 1082, 1083, 1084, 267, 267, 270, 1083, 1084, 1085, 262, 262, 267, 1084, 1085, 1086, 259, 259, 262, 1085, 1086, 1087, 256, 256, 259, 1086, 1087, 1088, 255, 255, 256, 1087, 1088, 1089, 254, 254, 255, 1088, 1089, 1090, 252, 252, 254, 1089, 1090, 1091, 250, 250, 252, 1090, 1091, 1092, 249, 249, 250, 1091, 1092, 1093, 247, 247, 249, 1092, 1093, 1094, 246, 246, 247, 1093, 1094, 1095, 245, 245, 246, 1094, 1095, 1096, 243, 243, 245, 1095, 1096, 1097, 242, 242, 243, 1096, 1097, 1098, 240, 240, 242, 1097, 1098, 1099, 239, 239, 240, 1098, 1099, 1100, 236, 236, 239, 1099, 1100, 1101, 234, 234, 236, 1100, 1101, 1102, 1103, 1103, 234, 1101, 1102, 1104, 232, 232, 1103, 1102, 1105, 232, 1104, 1104, 1106, 231, 231, 1105, 1104, 1107, 231, 1106, 1106, 1108, 229, 229, 1107, 1106, 1109, 229, 1108, 1108, 1110, 227, 227, 1109, 1108, 1111, 227, 1110, 1110, 1112, 226, 226, 1111, 1110, 1113, 226, 1112, 1112, 1114, 222, 222, 1113, 1112, 1114, 1040, 1115, 1115, 222, 1114, 223, 1115, 1040, 1116, 1117, 257, 257, 261, 1116, 260, 257, 1117, 1117, 1118, 599, 599, 260, 1117, 265, 599, 1118, 1118, 1119, 1120, 1120, 265, 1118, 271, 1120, 1119, 1119, 1121, 1122, 1122, 271, 1119, 277, 1122, 1121, 1121, 1123, 277, 283, 277, 1123, 1123, 1124, 283, 289, 283, 1124, 1124, 1125, 289, 295, 289, 1125, 1125, 1126, 299, 299, 295, 1125, 296, 299, 1126, 1126, 1127, 296, 290, 296, 1127, 1127, 1128, 284, 284, 290, 1127, 1128, 1129, 284, 278, 284, 1129, 1129, 1130, 1131, 1131, 278, 1129, 272, 1131, 1130, 1130, 1132, 1133, 1133, 272, 1130, 1132, 1116, 268, 268, 1133, 1132, 261, 268, 1116, 1134, 1135, 1136, 1136, 328, 1134, 1135, 1137, 331, 331, 1136, 1135, 1137, 1138, 327, 327, 331, 1137, 1138, 1139, 325, 325, 327, 1138, 1139, 1140, 326, 326, 325, 1139, 1140, 1141, 323, 323, 326, 1140, 1141, 1142, 1143, 1143, 323, 1141, 320, 1143, 1142, 1142, 1144, 1145, 1145, 320, 1142, 318, 1145, 1144, 1144, 1146, 317, 317, 318, 1144, 1146, 1147, 315, 315, 317, 1146, 1147, 1148, 314, 314, 315, 1147, 313, 314, 1148, 1148, 1149, 313, 600, 313, 1149, 1149, 1150, 312, 312, 600, 1149, 1150, 1151, 311, 311, 312, 1150, 1151, 1152, 310, 310, 311, 1151, 1152, 1153, 308, 308, 310, 1152, 1153, 1154, 1155, 1155, 308, 1153, 306, 1155, 1154, 1154, 1156, 1157, 1157, 306, 1154, 305, 1157, 1156, 1156, 1158, 601, 601, 305, 1156, 302, 601, 1158, 1158, 1159, 302, 1159, 1160, 576, 576, 302, 1159, 303, 576, 1160, 1160, 1161, 304, 304, 303, 1160, 307, 304, 1161, 1161, 1162, 307, 309, 307, 1162, 1162, 1163, 309, 316, 309, 1163, 1163, 1164, 316, 319, 316, 1164, 1164, 1165, 319, 321, 319, 1165, 1165, 1166, 1167, 1167, 321, 1165, 322, 1167, 1166, 1166, 1168, 324, 324, 322, 1166, 1168, 1169, 329, 329, 324, 1168, 1169, 1170, 330, 330, 329, 1169, 1170, 1134, 328, 328, 330, 1170, 1171, 1172, 51, 51, 50, 1171, 1172, 1173, 48, 48, 51, 1172, 1173, 1174, 49, 49, 48, 1173, 1174, 1171, 50, 50, 49, 1174, 1175, 1176, 55, 55, 54, 1175, 1176, 1177, 52, 52, 55, 1176, 1177, 1178, 53, 53, 52, 1177, 1178, 1175, 54, 54, 53, 1178, 1179, 1180, 1181, 1181, 359, 1179, 1180, 1182, 362, 362, 1181, 1180, 1182, 1183, 358, 358, 362, 1182, 1183, 1184, 356, 356, 358, 1183, 1184, 1185, 357, 357, 356, 1184, 1185, 1186, 354, 354, 357, 1185, 1186, 1187, 1188, 1188, 354, 1186, 351, 1188, 1187, 1187, 1189, 1190, 1190, 351, 1187, 349, 1190, 1189, 1189, 1191, 348, 348, 349, 1189, 1191, 1192, 346, 346, 348, 1191, 1192, 1193, 345, 345, 346, 1192, 344, 345, 1193, 1193, 1194, 344, 621, 344, 1194, 1194, 1195, 343, 343, 621, 1194, 1195, 1196, 342, 342, 343, 1195, 1196, 1197, 341, 341, 342, 1196, 1197, 1198, 339, 339, 341, 1197, 1198, 1199, 1200, 1200, 339, 1198, 337, 1200, 1199, 1199, 1201, 1202, 1202, 337, 1199, 336, 1202, 1201, 1201, 1203, 1204, 1204, 336, 1201, 333, 1204, 1203, 1203, 1205, 333, 1205, 1206, 1207, 1207, 333, 1205, 334, 1207, 1206, 1206, 1208, 335, 335, 334, 1206, 338, 335, 1208, 1208, 1209, 338, 340, 338, 1209, 1209, 1210, 340, 347, 340, 1210, 1210, 1211, 347, 350, 347, 1211, 1211, 1212, 350, 352, 350, 1212, 1212, 1213, 1214, 1214, 352, 1212, 353, 1214, 1213, 1213, 1215, 355, 355, 353, 1213, 1215, 1216, 360, 360, 355, 1215, 1216, 1217, 361, 361, 360, 1216, 1217, 1179, 359, 359, 361, 1217, 1218, 1219, 59, 59, 58, 1218, 1219, 1220, 56, 56, 59, 1219, 1220, 1221, 57, 57, 56, 1220, 1221, 1218, 58, 58, 57, 1221, 1222, 1223, 63, 63, 62, 1222, 1223, 1224, 60, 60, 63, 1223, 1224, 1225, 61, 61, 60, 1224, 1225, 1222, 62, 62, 61, 1225, 496, 1226, 1227, 1227, 1228, 1229, 1229, 496, 1227, 497, 1229, 1228, 1228, 1230, 1231, 1231, 497, 1228, 500, 1231, 1230, 1230, 1232, 1233, 1233, 500, 1230, 506, 1233, 1232, 1232, 1234, 1235, 1235, 506, 1232, 512, 1235, 1234, 1234, 1236, 1237, 1237, 512, 1234, 517, 1237, 1236, 1236, 1238, 1239, 1239, 517, 1236, 523, 1239, 1238, 1238, 1240, 602, 602, 523, 1238, 530, 602, 1240, 1240, 1241, 603, 603, 530, 1240, 535, 603, 1241, 1241, 1242, 577, 577, 535, 1241, 542, 577, 1242, 1242, 1243, 578, 578, 542, 1242, 548, 578, 1243, 1243, 1244, 579, 579, 548, 1243, 554, 579, 1244, 1244, 1245, 1246, 1246, 554, 1244, 558, 1246, 1245, 1245, 1247, 1248, 1248, 558, 1245, 564, 1248, 1247, 1247, 1249, 1250, 1250, 564, 1247, 570, 1250, 1249, 1249, 1251, 1252, 1252, 570, 1249, 567, 1252, 1251, 1251, 1253, 1254, 1254, 567, 1251, 561, 1254, 1253, 1253, 1255, 1256, 1256, 561, 1253, 555, 1256, 1255, 1255, 1257, 1258, 1258, 555, 1255, 549, 1258, 1257, 1257, 1259, 1260, 1260, 549, 1257, 543, 1260, 1259, 1259, 1261, 1262, 1262, 543, 1259, 538, 1262, 1261, 1261, 1263, 604, 604, 538, 1261, 533, 604, 1263, 1263, 1264, 605, 605, 533, 1263, 527, 605, 1264, 1264, 1265, 606, 606, 527, 1264, 524, 606, 1265, 1265, 1266, 607, 607, 524, 1265, 519, 607, 1266, 1266, 1267, 608, 608, 519, 1266, 514, 608, 1267, 1267, 1268, 580, 580, 514, 1267, 509, 580, 1268, 1268, 1269, 1270, 1270, 509, 1268, 1269, 1227, 503, 503, 1270, 1269, 1226, 503, 1227, 1271, 495, 1272, 1272, 1273, 499, 499, 1271, 1272, 1274, 499, 1273, 1273, 1275, 501, 501, 1274, 1273, 1276, 501, 1275, 1275, 1277, 504, 504, 1276, 1275, 1278, 504, 1277, 1277, 1279, 508, 508, 1278, 1277, 1280, 508, 1279, 1279, 1281, 511, 511, 1280, 1279, 1282, 511, 1281, 1281, 1283, 515, 515, 1282, 1281, 1284, 515, 1283, 1283, 1285, 518, 518, 1284, 1283, 1285, 1286, 520, 520, 518, 1285, 1286, 1287, 522, 522, 520, 1286, 1287, 1288, 526, 526, 522, 1287, 1288, 1289, 529, 529, 526, 1288, 1289, 1290, 531, 531, 529, 1289, 1290, 1291, 534, 534, 531, 1290, 1291, 1292, 536, 536, 534, 1291, 1292, 1293, 539, 539, 536, 1292, 1293, 1294, 541, 541, 539, 1293, 1294, 1295, 544, 544, 541, 1294, 1295, 1296, 546, 546, 544, 1295, 1296, 1297, 547, 547, 546, 1296, 1297, 1298, 551, 551, 547, 1297, 1298, 1299, 553, 553, 551, 1298, 1299, 1300, 556, 556, 553, 1299, 1300, 1301, 559, 559, 556, 1300, 1301, 1302, 562, 562, 559, 1301, 1302, 1303, 565, 565, 562, 1302, 1303, 1304, 568, 568, 565, 1303, 1304, 1305, 571, 571, 568, 1304, 1305, 1306, 569, 569, 571, 1305, 1306, 1307, 566, 566, 569, 1306, 1307, 1308, 563, 563, 566, 1307, 1308, 1309, 560, 560, 563, 1308, 1309, 1310, 557, 557, 560, 1309, 1310, 1311, 552, 552, 557, 1310, 1311, 1312, 550, 550, 552, 1311, 1312, 1313, 1314, 1314, 550, 1312, 545, 1314, 1313, 1313, 1315, 1316, 1316, 545, 1313, 540, 1316, 1315, 1315, 1317, 1318, 1318, 540, 1315, 537, 1318, 1317, 1317, 1319, 1320, 1320, 537, 1317, 532, 1320, 1319, 1319, 1321, 1322, 1322, 532, 1319, 528, 1322, 1321, 1321, 1323, 1324, 1324, 528, 1321, 525, 1324, 1323, 1323, 1325, 1326, 1326, 525, 1323, 521, 1326, 1325, 1325, 1327, 1328, 1328, 521, 1325, 516, 1328, 1327, 1327, 1329, 1330, 1330, 516, 1327, 513, 1330, 1329, 1329, 1331, 1332, 1332, 513, 1329, 510, 1332, 1331, 1331, 1333, 1334, 1334, 510, 1331, 507, 1334, 1333, 1333, 1335, 505, 505, 507, 1333, 1335, 1336, 1337, 1337, 505, 1335, 502, 1337, 1336, 1336, 1338, 1339, 1339, 502, 1336, 498, 1339, 1338, 1338, 1272, 1340, 1340, 498, 1338, 495, 1340, 1272, 1341, 1342, 366, 366, 365, 1341, 1342, 1343, 367, 367, 366, 1342, 609, 367, 1343, 1343, 1344, 373, 373, 609, 1343, 610, 373, 1344, 1344, 1345, 374, 374, 610, 1344, 1346, 374, 1345, 1345, 1347, 375, 375, 1346, 1345, 1347, 1348, 622, 622, 375, 1347, 376, 622, 1348, 1348, 1349, 376, 611, 376, 1349, 377, 611, 1349, 1349, 1350, 377, 403, 377, 1350, 1350, 1351, 403, 402, 403, 1351, 1351, 1352, 402, 1352, 1353, 1354, 1354, 402, 1352, 401, 1354, 1353, 1353, 1355, 401, 388, 401, 1355, 1355, 1356, 388, 1356, 1357, 389, 389, 388, 1356, 1357, 1358, 386, 386, 389, 1357, 1358, 1359, 387, 387, 386, 1358, 1359, 1360, 378, 378, 387, 1359, 1360, 1361, 390, 390, 378, 1360, 1361, 1362, 391, 391, 390, 1361, 1362, 1363, 1364, 1364, 391, 1362, 1363, 1365, 400, 400, 1364, 1363, 1365, 1366, 399, 399, 400, 1365, 1366, 1367, 398, 398, 399, 1366, 1367, 1368, 397, 397, 398, 1367, 1368, 1369, 396, 396, 397, 1368, 1369, 1370, 1371, 1371, 396, 1369, 395, 1371, 1370, 1370, 1372, 1373, 1373, 395, 1370, 394, 1373, 1372, 1372, 1374, 612, 612, 394, 1372, 393, 612, 1374, 1374, 1375, 393, 385, 393, 1375, 1375, 1376, 385, 384, 385, 1376, 1376, 1377, 384, 383, 384, 1377, 1377, 1378, 383, 382, 383, 1378, 1378, 1379, 382, 381, 382, 1379, 1379, 1380, 381, 380, 381, 1380, 1380, 1381, 379, 379, 380, 1380, 372, 379, 1381, 1381, 1382, 372, 371, 372, 1382, 1382, 1383, 371, 370, 371, 1383, 1383, 1384, 370, 369, 370, 1384, 1384, 1385, 613, 613, 369, 1384, 368, 613, 1385, 1385, 1386, 1387, 1387, 368, 1385, 364, 1387, 1386, 1386, 1341, 365, 365, 364, 1386, 81, 723, 78, 76, 726, 73, 195, 192, 872, 176, 927, 174, 154, 157, 574, 45, 47, 984, 41, 1007, 40, 37, 38, 1010, 37, 1012, 36, 24, 25, 1018, 233, 1046, 235, 237, 235, 1048, 238, 237, 1050, 241, 238, 1052, 244, 241, 1054, 248, 244, 1056, 308, 1155, 306, 306, 1157, 305, 558, 554, 1246, 509, 1270, 503, 400, 392, 1364, 391, 1364, 392, 71, 68, 628, 72, 71, 630, 74, 72, 632, 153, 152, 583, 153, 684, 150, 150, 686, 146, 146, 688, 143, 134, 693, 131, 131, 695, 128, 128, 697, 125, 125, 699, 123, 94, 714, 92, 92, 716, 89, 89, 718, 86, 86, 720, 84, 420, 419, 734, 423, 420, 736, 429, 423, 738, 435, 429, 740, 440, 435, 742, 446, 440, 744, 493, 759, 490, 490, 761, 484, 484, 763, 478, 478, 765, 472, 472, 767, 466, 466, 769, 461, 422, 418, 781, 424, 422, 784, 427, 424, 786, 431, 427, 788, 434, 431, 790, 438, 434, 792, 441, 438, 794, 473, 824, 468, 468, 826, 463, 463, 828, 460, 460, 830, 455, 455, 832, 451, 451, 834, 448, 448, 836, 444, 444, 838, 439, 439, 840, 436, 436, 842, 433, 433, 844, 430, 428, 847, 425, 425, 849, 421, 421, 850, 418, 160, 159, 856, 200, 195, 874, 201, 878, 198, 198, 880, 194, 219, 217, 895, 218, 899, 216, 66, 945, 415, 951, 953, 0, 0, 12, 951, 31, 974, 32, 33, 32, 977, 34, 33, 980, 412, 993, 411, 411, 995, 409, 409, 997, 407, 407, 999, 404, 404, 1001, 300, 300, 1003, 43, 24, 1020, 23, 23, 1022, 22, 22, 1025, 19, 19, 1027, 18, 18, 1029, 16, 234, 1103, 232, 232, 1105, 231, 231, 1107, 229, 229, 1109, 227, 227, 1111, 226, 226, 1113, 222, 222, 1115, 223, 323, 1143, 320, 354, 1188, 351, 497, 496, 1229, 500, 497, 1231, 506, 500, 1233, 512, 506, 1235, 517, 512, 1237, 523, 517, 1239, 570, 1252, 567, 567, 1254, 561, 561, 1256, 555, 555, 1258, 549, 549, 1260, 543, 543, 1262, 538, 499, 495, 1271, 501, 499, 1274, 504, 501, 1276, 508, 504, 1278, 511, 508, 1280, 515, 511, 1282, 518, 515, 1284, 550, 1314, 545, 545, 1316, 540, 540, 1318, 537, 537, 1320, 532, 532, 1322, 528, 528, 1324, 525, 525, 1326, 521, 521, 1328, 516, 516, 1330, 513, 513, 1332, 510, 510, 1334, 507, 505, 1337, 502, 502, 1339, 498, 498, 1340, 495, 375, 374, 1346, 402, 1354, 401, 396, 1371, 395, 395, 1373, 394, 368, 1387, 364, 68, 67, 626, 73, 728, 70, 69, 70, 730, 419, 426, 731, 458, 453, 747, 465, 458, 749, 471, 465, 751, 487, 481, 755, 493, 487, 757, 450, 773, 447, 447, 775, 442, 437, 778, 432, 432, 780, 426, 160, 858, 161, 175, 172, 866, 194, 882, 190, 217, 215, 893, 207, 909, 205, 205, 911, 204, 193, 917, 189, 189, 919, 185, 66, 65, 942, 46, 45, 986, 36, 1014, 26, 25, 26, 1016, 14, 13, 1033, 15, 14, 1035, 414, 15, 1037, 224, 223, 1039, 251, 248, 1058, 271, 265, 1120, 277, 271, 1122, 278, 1131, 272, 272, 1133, 268, 331, 332, 1136, 328, 1136, 332, 320, 1145, 318, 322, 321, 1167, 362, 363, 1181, 359, 1181, 363, 351, 1190, 349, 339, 1200, 337, 337, 1202, 336, 333, 336, 1204, 333, 1207, 334, 353, 352, 1214, 496, 503, 1226, 564, 558, 1248, 570, 564, 1250]
    normal3f[] normals = [(-0.14882265, -0.8603763, 0.48744714), (-0.14979155, -0.8217734, 0.5497736), (-0.9988203, 0.029998656, -0.038185615), (-0.9988203, 0.029998656, -0.038185615), (-0.14012903, -0.6484303, 0.74826604), (-0.15738106, -0.5584905, 0.8144444), (-0.15738106, -0.5584905, 0.8144444), (-0.15703736, -0.4710923, 0.8679927), (-0.9997715, 0.0008896865, -0.021362467), (-0.9999005, 0.013604321, 0.0037156015), (-0.14038108, 0.2452396, 0.9592449), (-0.15249974, 0.34077024, 0.9276959), (-0.15249974, 0.34077024, 0.9276959), (-0.14169998, 0.44772252, 0.88287354), (-0.9998527, 0.012762315, 0.01148089), (-0.9988203, 0.029998656, -0.038185615), (-0.15738106, -0.5584905, 0.8144444), (-0.9997715, 0.0008896865, -0.021362467), (-0.99998915, 0.0025077472, -0.0039205723), (-0.14882265, -0.8603763, 0.48744714), (-0.9988203, 0.029998656, -0.038185615), (-0.99998915, 0.0025077472, -0.0039205723), (-0.9988203, 0.029998656, -0.038185615), (-0.9997715, 0.0008896865, -0.021362467), (-0.99958736, -0.023438653, -0.016605739), (-0.9996579, -0.025825521, -0.00414809), (-0.99998915, 0.0025077472, -0.0039205723), (-0.9996579, -0.025825521, -0.00414809), (-0.9986855, -0.04781806, -0.01846571), (-0.99998915, 0.0025077472, -0.0039205723), (-0.98727655, -0.035592113, 0.15497784), (-0.99718535, -0.035791285, 0.065882914), (-0.99998915, 0.0025077472, -0.0039205723), (-0.99718535, -0.035791285, 0.065882914), (-0.99958736, -0.023438653, -0.016605739), (-0.99998915, 0.0025077472, -0.0039205723), (-0.9999546, -0.0030730506, -0.0090270005), (-0.98727655, -0.035592113, 0.15497784), (-0.99998915, 0.0025077472, -0.0039205723), (-0.9999546, -0.0030730506, -0.0090270005), (-0.99998915, 0.0025077472, -0.0039205723), (-0.9997715, 0.0008896865, -0.021362467), (-0.9996261, -0.012200578, -0.024472732), (-0.9999546, -0.0030730506, -0.0090270005), (-0.9997715, 0.0008896865, -0.021362467), (-0.9996261, -0.012200578, -0.024472732), (-0.9997715, 0.0008896865, -0.021362467), (-0.99921536, -0.02237845, -0.032679193), (-0.9996261, -0.012200578, -0.024472732), (-0.99921536, -0.02237845, -0.032679193), (-0.9999252, -0.0019153458, -0.012080137), (-0.9998293, 0.0067777555, -0.017193642), (-0.9996261, -0.012200578, -0.024472732), (-0.9999252, -0.0019153458, -0.012080137), (-0.9995958, -0.0029485768, -0.028276814), (-0.9998293, 0.0067777555, -0.017193642), (-0.9999252, -0.0019153458, -0.012080137), (-0.98576677, -0.10123597, -0.1342208), (-0.9995958, -0.0029485768, -0.028276814), (-0.9999252, -0.0019153458, -0.012080137), (-0.9999559, 0.006482472, -0.006803279), (-0.98576677, -0.10123597, -0.1342208), (-0.9999252, -0.0019153458, -0.012080137), (-0.9999559, 0.006482472, -0.006803279), (-0.9999252, -0.0019153458, -0.012080137), (-0.9998527, 0.012762315, 0.01148089), (-0.9999137, 0.0091837505, -0.009403084), (-0.9999559, 0.006482472, -0.006803279), (-0.9998527, 0.012762315, 0.01148089), (-0.9999252, -0.0019153458, -0.012080137), (-0.13461447, -0.07976593, 0.9876823), (-0.13238502, -0.0051216735, 0.9911851), (-0.9999252, -0.0019153458, -0.012080137), (-0.13238502, -0.0051216735, 0.9911851), (-0.9999005, 0.013604321, 0.0037156015), (-0.9999252, -0.0019153458, -0.012080137), (-0.9999005, 0.013604321, 0.0037156015), (-0.9998527, 0.012762315, 0.01148089), (-0.13238502, -0.0051216735, 0.9911851), (-0.13447128, 0.08423049, 0.9873312), (-0.9999005, 0.013604321, 0.0037156015), (-0.9999005, 0.013604321, 0.0037156015), (-0.15249974, 0.34077024, 0.9276959), (-0.9998527, 0.012762315, 0.01148089), (-0.9999137, 0.0091837505, -0.009403084), (-0.9998527, 0.012762315, 0.01148089), (-0.9997728, -0.013959566, -0.016110402), (-0.9999137, 0.0091837505, -0.009403084), (-0.9997728, -0.013959566, -0.016110402), (-0.99986416, 0.014982099, 0.0068834606), (-0.99986416, 0.014982099, 0.0068834606), (-0.16462135, 0.8596849, 0.48357177), (-0.97599286, 0.20470926, 0.0743783), (-0.97599286, 0.20470926, 0.0743783), (-0.1376537, 0.98970807, -0.03910874), (-0.9994833, 0.03030727, 0.010716924), (-0.99986416, 0.014982099, 0.0068834606), (-0.97599286, 0.20470926, 0.0743783), (-0.9994833, 0.03030727, 0.010716924), (-0.9993375, -0.030078607, 0.020491088), (-0.9999137, 0.0091837505, -0.009403084), (-0.99986416, 0.014982099, 0.0068834606), (-0.9992192, 0.039388023, -0.0031083333), (-0.9993375, -0.030078607, 0.020491088), (-0.99986416, 0.014982099, 0.0068834606), (-0.99992186, 0.01190897, 0.003813646), (-0.9992192, 0.039388023, -0.0031083333), (-0.99986416, 0.014982099, 0.0068834606), (-0.99992186, 0.01190897, 0.003813646), (-0.99986416, 0.014982099, 0.0068834606), (-0.9999732, -0.006242548, -0.003840914), (-0.99986416, 0.014982099, 0.0068834606), (-0.9994833, 0.03030727, 0.010716924), (-0.9999732, -0.006242548, -0.003840914), (-0.99991053, 0.013361598, -0.0006595381), (-0.99992186, 0.01190897, 0.003813646), (-0.9999732, -0.006242548, -0.003840914), (-0.99987215, -0.0077235713, -0.01400359), (-0.99991053, 0.013361598, -0.0006595381), (-0.9999732, -0.006242548, -0.003840914), (-0.99758, 0.0046508606, -0.069373645), (-0.99987215, -0.0077235713, -0.01400359), (-0.9999732, -0.006242548, -0.003840914), (-0.999874, -0.013593059, -0.0082128), (-0.99758, 0.0046508606, -0.069373645), (-0.9999732, -0.006242548, -0.003840914), (-0.999874, -0.013593059, -0.0082128), (-0.9999732, -0.006242548, -0.003840914), (-0.99948287, -0.028433235, 0.0150173465), (-0.9994833, 0.03030727, 0.010716924), (-0.196661, 0.89972097, -0.3896494), (-0.9999732, -0.006242548, -0.003840914), (-0.196661, 0.89972097, -0.3896494), (-0.08847749, 0.7524805, -0.6526446), (-0.9999732, -0.006242548, -0.003840914), (-0.9994833, 0.03030727, 0.010716924), (-0.16118094, 0.9864807, -0.0296055), (-0.196661, 0.89972097, -0.3896494), (-0.99999994, 0.00038232168, -0.000056071047), (0.00038275, 0.9999742, -0.007175634), (-0.99999994, 0.00038235748, -0.000056071305), (-0.99999994, 0.00038235748, -0.000056071305), (0.00038275, 0.9999742, -0.007175634), (-0.99999994, 0.00038232168, -0.000056071047), (-0.99999994, 0.00038230952, -0.00005608497), (0.00038275, 0.9999742, -0.007175634), (-0.99999994, 0.00038230952, -0.00005608497), (-0.99999994, 0.00038230952, -0.00005608497), (0.00038275, 0.9999742, -0.007175634), (-0.99999994, 0.00038230952, -0.00005608497), (-0.99999994, 0.00038232168, -0.000056071047), (0.00038275, 0.9999742, -0.007175634), (-0.99999994, 0.00038232168, -0.000056071047), (-0.99999994, 0.00038232168, -0.000056071047), (0.00038275, 0.9999742, -0.007175634), (-0.99999994, 0.00038232168, -0.000056071047), (-0.99999994, 0.0003823094, -0.000056100922), (0.00038275, 0.9999742, -0.007175634), (-0.99999994, 0.0003823094, -0.000056100922), (-0.99999994, 0.0003823094, -0.000056100922), (0.00038275, 0.9999742, -0.007175634), (-0.99999994, 0.0003823094, -0.000056100922), (-0.9998681, 0.006950806, -0.014683718), (-0.103591785, -0.8413511, -0.5304688), (-0.14347103, -0.7552213, -0.6395756), (-0.2040527, -0.9573784, 0.20442376), (-0.9999203, 0.009435363, 0.008391115), (-0.9999452, 0.009541126, 0.004316762), (-0.9999203, 0.009435363, 0.008391115), (-0.99970347, 0.01361978, 0.02019148), (-0.9999452, 0.009541126, 0.004316762), (-0.9999203, 0.009435363, 0.008391115), (-0.9998049, 0.016464857, 0.01091243), (-0.99970347, 0.01361978, 0.02019148), (-0.9998049, 0.016464857, 0.01091243), (-0.99972045, -0.0011026991, 0.023622118), (-0.99970347, 0.01361978, 0.02019148), (-0.99972045, -0.0011026991, 0.023622118), (-0.9996209, -0.0058451993, 0.026905445), (-0.99970347, 0.01361978, 0.02019148), (-0.99972045, -0.0011026991, 0.023622118), (-0.99889433, -0.031282645, 0.03509342), (-0.9996209, -0.0058451993, 0.026905445), (-0.99889433, -0.031282645, 0.03509342), (-0.9999715, -0.0047190483, -0.0059085833), (-0.9996209, -0.0058451993, 0.026905445), (-0.9999715, -0.0047190483, -0.0059085833), (-0.999961, -0.00012005715, -0.0088335015), (-0.9996209, -0.0058451993, 0.026905445), (-0.9999715, -0.0047190483, -0.0059085833), (-0.99999714, -0.0019356384, -0.0014028928), (-0.999961, -0.00012005715, -0.0088335015), (-0.99999714, -0.0019356384, -0.0014028928), (-0.99999243, -0.0036910898, -0.001255477), (-0.999961, -0.00012005715, -0.0088335015), (-0.99999714, -0.0019356384, -0.0014028928), (-0.9999684, -0.007578185, -0.0023999868), (-0.99999243, -0.0036910898, -0.001255477), (-0.9999684, -0.007578185, -0.0023999868), (-0.99994737, 0.00075214903, -0.010237749), (-0.99999243, -0.0036910898, -0.001255477), (-0.99994737, 0.00075214903, -0.010237749), (-0.9998628, -0.00473089, -0.01587735), (-0.99999243, -0.0036910898, -0.001255477), (-0.99994737, 0.00075214903, -0.010237749), (-0.99999994, 0.00038223105, -0.00005608408), (-0.9998628, -0.00473089, -0.01587735), (-0.99999994, 0.00038223105, -0.00005608408), (-0.9997323, -0.012986602, -0.019154947), (-0.9998628, -0.00473089, -0.01587735), (-0.9997323, -0.012986602, -0.019154947), (-0.9997589, -0.017270993, -0.013563908), (-0.9998628, -0.00473089, -0.01587735), (-0.9997323, -0.012986602, -0.019154947), (-0.9998758, -0.014750459, 0.005571115), (-0.9997589, -0.017270993, -0.013563908), (-0.9998758, -0.014750459, 0.005571115), (-0.9998228, -0.015104037, 0.01124089), (-0.9997589, -0.017270993, -0.013563908), (-0.9998758, -0.014750459, 0.005571115), (-0.99980617, -0.005985385, 0.018757148), (-0.9998228, -0.015104037, 0.01124089), (-0.99980617, -0.005985385, 0.018757148), (-0.9997162, -0.022593612, 0.00754856), (-0.9998228, -0.015104037, 0.01124089), (-0.9997162, -0.022593612, 0.00754856), (-0.99964327, -0.02658121, 0.0026251753), (-0.9998228, -0.015104037, 0.01124089), (-0.9997162, -0.022593612, 0.00754856), (-0.9996305, -0.027144898, 0.0014585807), (-0.99964327, -0.02658121, 0.0026251753), (-0.9996305, -0.027144898, 0.0014585807), (-0.9997577, -0.018589886, 0.011796818), (-0.99964327, -0.02658121, 0.0026251753), (-0.9997577, -0.018589886, 0.011796818), (-0.99971426, -0.0027872687, 0.023744242), (-0.99964327, -0.02658121, 0.0026251753), (-0.9997577, -0.018589886, 0.011796818), (-0.99984443, 0.00047697374, 0.017637577), (-0.99971426, -0.0027872687, 0.023744242), (-0.99984443, 0.00047697374, 0.017637577), (-0.99968094, 0.014524139, 0.020666163), (-0.99971426, -0.0027872687, 0.023744242), (-0.99984443, 0.00047697374, 0.017637577), (-0.99998295, 0.005839324, 0.00017691386), (-0.99968094, 0.014524139, 0.020666163), (-0.99998295, 0.005839324, 0.00017691386), (-0.9999946, 0.0019875292, -0.0026260533), (-0.99968094, 0.014524139, 0.020666163), (-0.99998295, 0.005839324, 0.00017691386), (-0.99996686, 0.0049236873, -0.0064817965), (-0.9999946, 0.0019875292, -0.0026260533), (-0.99996686, 0.0049236873, -0.0064817965), (-0.9999891, -0.001992838, -0.004239769), (-0.9999946, 0.0019875292, -0.0026260533), (-0.9999891, -0.001992838, -0.004239769), (-0.9999986, 0.0016529167, -0.00017338629), (-0.9999946, 0.0019875292, -0.0026260533), (-0.9999891, -0.001992838, -0.004239769), (-0.9999481, 0.009601915, 0.0034233953), (-0.9999986, 0.0016529167, -0.00017338629), (-0.9999481, 0.009601915, 0.0034233953), (-0.9999452, 0.010344398, 0.0015972675), (-0.9999986, 0.0016529167, -0.00017338629), (-0.9999481, 0.009601915, 0.0034233953), (-0.9999886, 0.004596559, -0.0013286581), (-0.9999452, 0.010344398, 0.0015972675), (-0.9999886, 0.004596559, -0.0013286581), (-0.999998, 0.00073750986, -0.0019120807), (-0.9999452, 0.010344398, 0.0015972675), (-0.9999886, 0.004596559, -0.0013286581), (-0.9999942, -0.0029939227, -0.001622348), (-0.999998, 0.00073750986, -0.0019120807), (-0.9999942, -0.0029939227, -0.001622348), (-0.9999634, -0.008537468, 0.0006406705), (-0.999998, 0.00073750986, -0.0019120807), (-0.9999942, -0.0029939227, -0.001622348), (-0.99999183, -0.0029748364, 0.0027437797), (-0.9999634, -0.008537468, 0.0006406705), (-0.99999183, -0.0029748364, 0.0027437797), (-0.99996424, -0.007575806, 0.003778412), (-0.9999634, -0.008537468, 0.0006406705), (-0.99999183, -0.0029748364, 0.0027437797), (-0.9999924, 0.00038605678, 0.0038839327), (-0.99996424, -0.007575806, 0.003778412), (-0.99999183, -0.0029748364, 0.0027437797), (-0.9999889, -0.0035319345, 0.0031165774), (-0.9999924, 0.00038605678, 0.0038839327), (-0.9999889, -0.0035319345, 0.0031165774), (-0.9999993, 0.00042489963, 0.00119223), (-0.9999924, 0.00038605678, 0.0038839327), (-0.9999889, -0.0035319345, 0.0031165774), (-0.999999, 0.00019674511, -0.0014256269), (-0.9999993, 0.00042489963, 0.00119223), (-0.999999, 0.00019674511, -0.0014256269), (-0.99995434, 0.00853468, -0.0043118903), (-0.9999993, 0.00042489963, 0.00119223), (-0.999999, 0.00019674511, -0.0014256269), (-0.9999782, 0.0030053384, -0.005887051), (-0.99995434, 0.00853468, -0.0043118903), (-0.9999782, 0.0030053384, -0.005887051), (-0.99997383, 0.0016699842, -0.0070331963), (-0.99995434, 0.00853468, -0.0043118903), (-0.9999782, 0.0030053384, -0.005887051), (-0.9999741, -0.0016519688, -0.0070117577), (-0.99997383, 0.0016699842, -0.0070331963), (-0.9999741, -0.0016519688, -0.0070117577), (-0.99997365, -0.0021877224, -0.0069280514), (-0.99997383, 0.0016699842, -0.0070331963), (-0.99997365, -0.0021877224, -0.0069280514), (-0.9999738, -0.005955747, -0.00413627), (-0.99997383, 0.0016699842, -0.0070331963), (-0.99997365, -0.0021877224, -0.0069280514), (-0.9999788, -0.0057888976, -0.003035214), (-0.9999738, -0.005955747, -0.00413627), (-0.9999788, -0.0057888976, -0.003035214), (-0.99998105, -0.0059626573, -0.0015967905), (-0.9999738, -0.005955747, -0.00413627), (-0.9999788, -0.0057888976, -0.003035214), (-0.9999918, -0.0020529132, -0.0035267621), (-0.99998105, -0.0059626573, -0.0015967905), (-0.9999918, -0.0020529132, -0.0035267621), (-0.99962056, -0.020748368, 0.018120259), (-0.99998105, -0.0059626573, -0.0015967905), (-0.9999918, -0.0020529132, -0.0035267621), (-0.9996788, -0.01367292, 0.021339316), (-0.99962056, -0.020748368, 0.018120259), (-0.9996788, -0.01367292, 0.021339316), (-0.9997468, -0.0040822052, 0.022131123), (-0.99962056, -0.020748368, 0.018120259), (-0.9996788, -0.01367292, 0.021339316), (-0.99986327, 0.0152112385, 0.006498033), (-0.9997468, -0.0040822052, 0.022131123), (-0.99986327, 0.0152112385, 0.006498033), (-0.99979734, 0.020091677, 0.0013009285), (-0.9997468, -0.0040822052, 0.022131123), (-0.99986327, 0.0152112385, 0.006498033), (-0.9997941, 0.020010287, -0.0033632943), (-0.99979734, 0.020091677, 0.0013009285), (-0.9997941, 0.020010287, -0.0033632943), (-0.99982363, 0.017008219, 0.007968666), (-0.99979734, 0.020091677, 0.0013009285), (-0.99982363, 0.017008219, 0.007968666), (-0.9998655, 0.012461476, 0.010662408), (-0.99979734, 0.020091677, 0.0013009285), (-0.99982363, 0.017008219, 0.007968666), (-0.99983865, 0.007390308, 0.016375), (-0.9998655, 0.012461476, 0.010662408), (-0.99983865, 0.007390308, 0.016375), (-0.9999024, 0.013709226, 0.0026847934), (-0.9998655, 0.012461476, 0.010662408), (-0.9999024, 0.013709226, 0.0026847934), (-0.99990743, 0.013024864, -0.003940029), (-0.9998655, 0.012461476, 0.010662408), (-0.9999024, 0.013709226, 0.0026847934), (-0.9998999, 0.014095996, 0.0012522227), (-0.99990743, 0.013024864, -0.003940029), (-0.9998999, 0.014095996, 0.0012522227), (-0.9999156, 0.010634102, -0.007465306), (-0.99990743, 0.013024864, -0.003940029), (-0.9999156, 0.010634102, -0.007465306), (-0.9998734, 0.004457776, -0.015279569), (-0.99990743, 0.013024864, -0.003940029), (-0.9999156, 0.010634102, -0.007465306), (-0.9999794, 0.0064191306, -0.00054964545), (-0.9998734, 0.004457776, -0.015279569), (-0.9999794, 0.0064191306, -0.00054964545), (-0.99971443, -0.002687411, -0.023744997), (-0.9998734, 0.004457776, -0.015279569), (-0.99971443, -0.002687411, -0.023744997), (-0.99997616, 0.0042724004, -0.0054467455), (-0.9998734, 0.004457776, -0.015279569), (-0.99971443, -0.002687411, -0.023744997), (-0.99995166, 0.0010032069, -0.009783468), (-0.99997616, 0.0042724004, -0.0054467455), (-0.99995166, 0.0010032069, -0.009783468), (-0.999676, 0.015274409, 0.02035935), (-0.99997616, 0.0042724004, -0.0054467455), (-0.999676, 0.015274409, 0.02035935), (-0.9995918, 0.021916248, 0.018329313), (-0.99997616, 0.0042724004, -0.0054467455), (-0.999676, 0.015274409, 0.02035935), (-0.9999823, 0.0053736665, -0.0025857817), (-0.9995918, 0.021916248, 0.018329313), (-0.9999823, 0.0053736665, -0.0025857817), (-0.9995687, 0.027609427, 0.010010209), (-0.9995918, 0.021916248, 0.018329313), (-0.9995687, 0.027609427, 0.010010209), (-0.9997927, 0.02018393, -0.0026832025), (-0.9995918, 0.021916248, 0.018329313), (-0.9995687, 0.027609427, 0.010010209), (-0.9997, 0.023894573, -0.0053882347), (-0.9997927, 0.02018393, -0.0026832025), (-0.9997, 0.023894573, -0.0053882347), (-0.99977285, 0.0026151845, -0.021155626), (-0.9997927, 0.02018393, -0.0026832025), (-0.99977285, 0.0026151845, -0.021155626), (-0.99977195, 0.0070168213, -0.020169614), (-0.9997927, 0.02018393, -0.0026832025), (-0.99977285, 0.0026151845, -0.021155626), (-0.99977237, -0.005323428, -0.020665918), (-0.99977195, 0.0070168213, -0.020169614), (-0.99977237, -0.005323428, -0.020665918), (-0.99970084, -0.0038220265, -0.024156574), (-0.99977195, 0.0070168213, -0.020169614), (-0.99970084, -0.0038220265, -0.024156574), (-0.9995734, 0.025942033, -0.0134172905), (-0.99977195, 0.0070168213, -0.020169614), (-0.9995734, 0.025942033, -0.0134172905), (-0.9997051, 0.023063583, -0.0076060724), (-0.99977195, 0.0070168213, -0.020169614), (-0.9995734, 0.025942033, -0.0134172905), (-0.99864, 0.051603895, -0.0074350876), (-0.9997051, 0.023063583, -0.0076060724), (-0.99864, 0.051603895, -0.0074350876), (-0.998025, -0.056232944, -0.028000528), (-0.9997051, 0.023063583, -0.0076060724), (-0.998025, -0.056232944, -0.028000528), (-0.98229814, -0.17705715, -0.061165117), (-0.9997051, 0.023063583, -0.0076060724), (-0.9999972, -0.0022561026, 0.000859299), (-0.9999923, 0.0003631326, -0.003920463), (-0.9999886, 0.00012401218, 0.0047841743), (-0.9999972, -0.0022561026, 0.000859299), (-0.9999886, 0.00012401218, 0.0047841743), (-0.9999249, -0.0025496269, 0.011991859), (-0.9999886, 0.00012401218, 0.0047841743), (-0.99989754, 0.0038401673, 0.01379427), (-0.9999249, -0.0025496269, 0.011991859), (-0.99989754, 0.0038401673, 0.01379427), (-0.154344, 0.0025174674, 0.988014), (-0.9999249, -0.0025496269, 0.011991859), (-0.154344, 0.0025174674, 0.988014), (-0.13558626, 0.008041627, 0.9907329), (-0.9999249, -0.0025496269, 0.011991859), (-0.13558626, 0.008041627, 0.9907329), (-0.1743907, -0.17837743, 0.9683849), (-0.9999249, -0.0025496269, 0.011991859), (-0.1743907, -0.17837743, 0.9683849), (-0.14428195, -0.2849082, 0.947634), (-0.9999249, -0.0025496269, 0.011991859), (-0.14428195, -0.2849082, 0.947634), (-0.13037874, -0.47046345, 0.8727346), (-0.9999249, -0.0025496269, 0.011991859), (-0.13037874, -0.47046345, 0.8727346), (-0.99974394, 0.005478178, -0.021956056), (-0.9999249, -0.0025496269, 0.011991859), (-0.99974394, 0.005478178, -0.021956056), (-0.99987507, 0.0038779115, -0.015328083), (-0.9999249, -0.0025496269, 0.011991859), (-0.99974394, 0.005478178, -0.021956056), (-0.99999255, 0.0029329055, -0.0025385174), (-0.99987507, 0.0038779115, -0.015328083), (-0.99999255, 0.0029329055, -0.0025385174), (-0.14617036, 0.79230756, -0.59235394), (-0.99987507, 0.0038779115, -0.015328083), (-0.99999255, 0.0029329055, -0.0025385174), (-0.9999938, -0.0018588062, -0.0029902377), (-0.14617036, 0.79230756, -0.59235394), (-0.99999255, 0.0029329055, -0.0025385174), (-0.99999, -0.004439289, 0.0005750558), (-0.9999938, -0.0018588062, -0.0029902377), (-0.99999, -0.004439289, 0.0005750558), (0.00038275, 0.9999742, -0.007175634), (-0.9999938, -0.0018588062, -0.0029902377), (-0.99999, -0.004439289, 0.0005750558), (-0.9999725, -0.006543464, 0.0034993363), (0.00038275, 0.9999742, -0.007175634), (-0.99999, -0.004439289, 0.0005750558), (-0.99990606, -0.0027472666, 0.013437523), (-0.9999725, -0.006543464, 0.0034993363), (-0.99990606, -0.0027472666, 0.013437523), (0.00038275, 0.9999742, -0.007175634), (-0.9999725, -0.006543464, 0.0034993363), (-0.99990606, -0.0027472666, 0.013437523), (-0.9999754, 0.006932902, 0.001157096), (0.00038275, 0.9999742, -0.007175634), (-0.99990606, -0.0027472666, 0.013437523), (-0.9999868, 0.0042246343, 0.0029499435), (-0.9999754, 0.006932902, 0.001157096), (-0.9999868, 0.0042246343, 0.0029499435), (-0.9999886, 0.0045556272, -0.0014780017), (-0.9999754, 0.006932902, 0.001157096), (-0.9999868, 0.0042246343, 0.0029499435), (-0.9999808, 0.0019598699, 0.0058871363), (-0.9999886, 0.0045556272, -0.0014780017), (-0.9999868, 0.0042246343, 0.0029499435), (-0.9999999, 0.0004974008, -0.00009833535), (-0.9999808, 0.0019598699, 0.0058871363), (-0.9999999, 0.0004974008, -0.00009833535), (-0.99995816, 0.0032816785, -0.008536404), (-0.9999808, 0.0019598699, 0.0058871363), (-0.9999999, 0.0004974008, -0.00009833535), (-0.9998065, 0.01310453, -0.014666275), (-0.99995816, 0.0032816785, -0.008536404), (-0.9999999, 0.0004974008, -0.00009833535), (-0.999806, 0.018024579, 0.007948693), (-0.9998065, 0.01310453, -0.014666275), (-0.999806, 0.018024579, 0.007948693), (-0.99868023, -0.04968096, 0.013024495), (-0.9998065, 0.01310453, -0.014666275), (-0.999806, 0.018024579, 0.007948693), (-0.9988137, -0.045653153, 0.016940279), (-0.99868023, -0.04968096, 0.013024495), (-0.999806, 0.018024579, 0.007948693), (-0.99939656, 0.03248843, -0.012290242), (-0.9988137, -0.045653153, 0.016940279), (-0.99939656, 0.03248843, -0.012290242), (-0.99829096, -0.020717762, -0.054645054), (-0.9988137, -0.045653153, 0.016940279), (-0.999806, 0.018024579, 0.007948693), (-0.9989961, 0.044022292, 0.008316016), (-0.99939656, 0.03248843, -0.012290242), (-0.99939656, 0.03248843, -0.012290242), (-0.9995068, -0.0080565885, -0.030352894), (-0.99829096, -0.020717762, -0.054645054), (-0.999806, 0.018024579, 0.007948693), (-0.9999929, -0.0029522763, 0.0023489364), (-0.9989961, 0.044022292, 0.008316016), (-0.9995068, -0.0080565885, -0.030352894), (-0.9998843, 0.0037337446, -0.014750077), (-0.99829096, -0.020717762, -0.054645054), (-0.9999929, -0.0029522763, 0.0023489364), (-0.99805117, -0.0622123, -0.004873536), (-0.9989961, 0.044022292, 0.008316016), (-0.9995068, -0.0080565885, -0.030352894), (-0.99998844, 0.002839918, -0.0038938117), (-0.9998843, 0.0037337446, -0.014750077), (-0.9999929, -0.0029522763, 0.0023489364), (-0.9970778, -0.076209255, -0.005290023), (-0.99805117, -0.0622123, -0.004873536), (-0.99998844, 0.002839918, -0.0038938117), (0.00038275, 0.9999742, -0.007175634), (-0.9998843, 0.0037337446, -0.014750077), (-0.9970778, -0.076209255, -0.005290023), (-0.99942154, -0.033960216, 0.0018241757), (-0.99805117, -0.0622123, -0.004873536), (-0.9970778, -0.076209255, -0.005290023), (-0.99994785, 0.0065323277, 0.007854194), (-0.99942154, -0.033960216, 0.0018241757), (-0.99998844, 0.002839918, -0.0038938117), (-0.99973625, 0.010071007, 0.020640442), (0.00038275, 0.9999742, -0.007175634), (-0.99998844, 0.002839918, -0.0038938117), (-0.99986964, 0.0053266017, -0.015248428), (-0.99973625, 0.010071007, 0.020640442), (-0.99994785, 0.0065323277, 0.007854194), (-0.9999567, 0.009201526, 0.0014042963), (-0.99942154, -0.033960216, 0.0018241757), (-0.99986964, 0.0053266017, -0.015248428), (-0.99420017, 0.0136635285, -0.1066737), (-0.99973625, 0.010071007, 0.020640442), (-0.99994785, 0.0065323277, 0.007854194), (-0.99996966, 0.0077432184, 0.0009229134), (-0.9999567, 0.009201526, 0.0014042963), (-0.99996966, 0.0077432184, 0.0009229134), (-0.99996597, 0.00825991, -0.00018427733), (-0.9999567, 0.009201526, 0.0014042963), (-0.99986964, 0.0053266017, -0.015248428), (-0.9999224, -0.0031449785, -0.012058059), (-0.99420017, 0.0136635285, -0.1066737), (-0.99986964, 0.0053266017, -0.015248428), (-0.99953496, -0.004991089, 0.030085094), (-0.9999224, -0.0031449785, -0.012058059), (-0.99953496, -0.004991089, 0.030085094), (-0.99888885, -0.0035769697, 0.04699171), (-0.9999224, -0.0031449785, -0.012058059), (-0.99953496, -0.004991089, 0.030085094), (-0.9999622, 0.0049964134, 0.0071259607), (-0.99888885, -0.0035769697, 0.04699171), (-0.99953496, -0.004991089, 0.030085094), (-0.999952, 0.008833157, -0.0042471206), (-0.9999622, 0.0049964134, 0.0071259607), (-0.999952, 0.008833157, -0.0042471206), (-0.99935424, 0.011367786, -0.034087244), (-0.9999622, 0.0049964134, 0.0071259607), (-0.999952, 0.008833157, -0.0042471206), (0.00038275, 0.9999742, -0.007175634), (-0.99935424, 0.011367786, -0.034087244), (-0.999952, 0.008833157, -0.0042471206), (-0.99975365, -0.0169994, 0.014272731), (0.00038275, 0.9999742, -0.007175634), (-0.999952, 0.008833157, -0.0042471206), (-0.9999812, 0.0054436284, -0.0028226993), (-0.99975365, -0.0169994, 0.014272731), (-0.999952, 0.008833157, -0.0042471206), (-0.99989414, 0.0145541765, 0.000121704106), (-0.9999812, 0.0054436284, -0.0028226993), (-0.999952, 0.008833157, -0.0042471206), (-0.9999529, 0.007850395, 0.005713067), (-0.99989414, 0.0145541765, 0.000121704106), (-0.9999529, 0.007850395, 0.005713067), (-0.9998333, 0.009824798, 0.0153981075), (-0.99989414, 0.0145541765, 0.000121704106), (-0.9999529, 0.007850395, 0.005713067), (-0.99936104, -0.03246351, 0.014956083), (-0.9998333, 0.009824798, 0.0153981075), (-0.9999529, 0.007850395, 0.005713067), (-0.99731433, -0.06995045, 0.021704022), (-0.99936104, -0.03246351, 0.014956083), (-0.99731433, -0.06995045, 0.021704022), (-0.9997157, -0.021731922, 0.0098239845), (-0.99936104, -0.03246351, 0.014956083), (-0.99731433, -0.06995045, 0.021704022), (-0.9993986, 0.03403174, -0.0066623674), (-0.9997157, -0.021731922, 0.0098239845), (-0.9993986, 0.03403174, -0.0066623674), (-0.9999498, 0.009249411, -0.0038562678), (-0.9997157, -0.021731922, 0.0098239845), (-0.9993986, 0.03403174, -0.0066623674), (-0.99996364, 0.008189161, -0.00236377), (-0.9999498, 0.009249411, -0.0038562678), (-0.99996364, 0.008189161, -0.00236377), (-0.9999977, 0.0010700928, -0.0019154391), (-0.9999498, 0.009249411, -0.0038562678), (-0.9999977, 0.0010700928, -0.0019154391), (-0.9999924, 0.001674718, -0.003549947), (-0.9999498, 0.009249411, -0.0038562678), (-0.99965745, -0.023890523, 0.010694076), (-0.9908728, -0.13477315, -0.002705701), (-0.05230092, 0.9697843, 0.23829181), (-0.99965745, -0.023890523, 0.010694076), (-0.05230092, 0.9697843, 0.23829181), (-0.9997083, -0.012639448, 0.020582424), (-0.99991506, -0.009097652, 0.009331389), (-0.99965745, -0.023890523, 0.010694076), (-0.9997083, -0.012639448, 0.020582424), (-0.99943185, -0.006420028, 0.03309009), (-0.99991506, -0.009097652, 0.009331389), (-0.9997083, -0.012639448, 0.020582424), (-0.99943185, -0.006420028, 0.03309009), (-0.9997083, -0.012639448, 0.020582424), (-0.99928594, -0.014128946, 0.03504491), (-0.9993537, -0.0343697, 0.010542126), (-0.99943185, -0.006420028, 0.03309009), (-0.99928594, -0.014128946, 0.03504491), (-0.9993537, -0.0343697, 0.010542126), (-0.99928594, -0.014128946, 0.03504491), (-0.999335, -0.035378426, 0.008838705), (-0.9994253, -0.03314204, 0.00712853), (-0.9993537, -0.0343697, 0.010542126), (-0.999335, -0.035378426, 0.008838705), (-0.99894494, -0.03682877, 0.027437849), (-0.9994253, -0.03314204, 0.00712853), (-0.999335, -0.035378426, 0.008838705), (-0.99894494, -0.03682877, 0.027437849), (-0.999335, -0.035378426, 0.008838705), (-0.9992193, -0.028926652, 0.02690677), (-0.9996065, -0.02006636, 0.019600525), (-0.99894494, -0.03682877, 0.027437849), (-0.9992193, -0.028926652, 0.02690677), (-0.9996065, -0.02006636, 0.019600525), (-0.9992193, -0.028926652, 0.02690677), (-0.9998836, 0.0030209792, -0.014964447), (-0.99990946, 0.008308048, -0.010585407), (-0.9996065, -0.02006636, 0.019600525), (-0.9998836, 0.0030209792, -0.014964447), (-0.99990946, 0.008308048, -0.010585407), (-0.9998836, 0.0030209792, -0.014964447), (-0.9996062, 0.014696563, -0.023904502), (-0.99990946, 0.008308048, -0.010585407), (-0.9996062, 0.014696563, -0.023904502), (-0.9999494, 0.009978069, 0.0012487335), (-0.9999392, 0.010460088, 0.0034906948), (-0.99990946, 0.008308048, -0.010585407), (-0.9999494, 0.009978069, 0.0012487335), (-0.9998577, 0.004794954, 0.016175011), (-0.9999392, 0.010460088, 0.0034906948), (-0.9999494, 0.009978069, 0.0012487335), (-0.9998577, 0.004794954, 0.016175011), (-0.9999494, 0.009978069, 0.0012487335), (-0.99981236, 0.007511358, 0.01785478), (-0.999696, 0.005690859, 0.023990298), (-0.9998577, 0.004794954, 0.016175011), (-0.99981236, 0.007511358, 0.01785478), (-0.999832, 0.01553199, 0.009743442), (-0.999696, 0.005690859, 0.023990298), (-0.99981236, 0.007511358, 0.01785478), (-0.999832, 0.01553199, 0.009743442), (-0.99981236, 0.007511358, 0.01785478), (-0.99992377, 0.008112314, 0.009309249), (-0.999861, 0.015445666, 0.006292011), (-0.999832, 0.01553199, 0.009743442), (-0.99992377, 0.008112314, 0.009309249), (-0.9998211, 0.01742228, 0.0073568067), (-0.999861, 0.015445666, 0.006292011), (-0.99992377, 0.008112314, 0.009309249), (-0.9999751, 0.00038865514, 0.0070574805), (-0.9998211, 0.01742228, 0.0073568067), (-0.99992377, 0.008112314, 0.009309249), (-0.9999751, 0.00038865514, 0.0070574805), (-0.99992377, 0.008112314, 0.009309249), (-0.9998976, -0.01299382, 0.0059964326), (-0.9999963, 0.0012420324, 0.0024291754), (-0.9999751, 0.00038865514, 0.0070574805), (-0.9998976, -0.01299382, 0.0059964326), (-0.999947, -0.0102766, 0.0006467278), (-0.9999963, 0.0012420324, 0.0024291754), (-0.9998976, -0.01299382, 0.0059964326), (-0.999947, -0.0102766, 0.0006467278), (-0.9998976, -0.01299382, 0.0059964326), (-0.99999136, -0.0037632051, -0.0018286064), (-0.9999989, 0.0000996289, -0.0014632323), (-0.999947, -0.0102766, 0.0006467278), (-0.99999136, -0.0037632051, -0.0018286064), (-0.9999989, 0.0000996289, -0.0014632323), (-0.99999136, -0.0037632051, -0.0018286064), (-0.9999583, -0.009101393, 0.0008047893), (-0.9998641, -0.015871722, 0.0044577587), (-0.9999989, 0.0000996289, -0.0014632323), (-0.9999583, -0.009101393, 0.0008047893), (-0.99997133, 0.0005299335, 0.0075665335), (-0.9998641, -0.015871722, 0.0044577587), (-0.9999583, -0.009101393, 0.0008047893), (-0.9999942, -0.0033740047, 0.00040130765), (-0.99997133, 0.0005299335, 0.0075665335), (-0.9999583, -0.009101393, 0.0008047893), (-0.9999327, -0.011570539, -0.0008775615), (-0.9999942, -0.0033740047, 0.00040130765), (-0.9999583, -0.009101393, 0.0008047893), (-0.9999327, -0.011570539, -0.0008775615), (-0.9999583, -0.009101393, 0.0008047893), (-0.9998888, -0.014908144, 0.00055360585), (-0.9999815, 0.0059331805, 0.0013110054), (-0.9999942, -0.0033740047, 0.00040130765), (-0.9999327, -0.011570539, -0.0008775615), (-0.9999815, 0.0059331805, 0.0013110054), (-0.9999327, -0.011570539, -0.0008775615), (-0.99997103, 0.00552841, 0.005239208), (-0.9999327, -0.011570539, -0.0008775615), (-0.9998888, -0.014908144, 0.00055360585), (-0.99998075, -0.006075908, 0.0012672989), (-0.9998834, -0.013658184, 0.0068367613), (-0.9999815, 0.0059331805, 0.0013110054), (-0.99997103, 0.00552841, 0.005239208), (-0.9998888, -0.014908144, 0.00055360585), (-0.99993974, -0.006164668, 0.009081242), (-0.99998075, -0.006075908, 0.0012672989), (-0.99993974, -0.006164668, 0.009081242), (-0.99995977, -0.005603517, 0.007009838), (-0.99998075, -0.006075908, 0.0012672989), (-0.9998834, -0.013658184, 0.0068367613), (-0.99997103, 0.00552841, 0.005239208), (-0.9999287, 0.0030048506, 0.01156539), (-0.99995977, -0.005603517, 0.007009838), (-0.9997718, 0.020910764, -0.004397981), (-0.99998075, -0.006075908, 0.0012672989), (-0.9998879, 0.002672726, 0.014736757), (-0.9998834, -0.013658184, 0.0068367613), (-0.9999287, 0.0030048506, 0.01156539), (-0.9997718, 0.020910764, -0.004397981), (-0.9996371, 0.02513037, -0.009702194), (-0.99998075, -0.006075908, 0.0012672989), (-0.9997718, 0.020910764, -0.004397981), (-0.99994284, 0.0077142464, -0.00740413), (-0.9996371, 0.02513037, -0.009702194), (-0.99972105, 0.019030398, 0.013992489), (-0.9998879, 0.002672726, 0.014736757), (-0.9999287, 0.0030048506, 0.01156539), (-0.99972105, 0.019030398, 0.013992489), (-0.9999287, 0.0030048506, 0.01156539), (-0.99998474, 0.0033743887, 0.004394007), (-0.99994284, 0.0077142464, -0.00740413), (-0.9999798, -0.003388957, -0.005391041), (-0.9996371, 0.02513037, -0.009702194), (-0.9999513, 0.00732778, 0.00661501), (-0.99972105, 0.019030398, 0.013992489), (-0.99998474, 0.0033743887, 0.004394007), (-0.99994284, 0.0077142464, -0.00740413), (-0.9999469, -0.010082347, -0.0021775167), (-0.9999798, -0.003388957, -0.005391041), (-0.99999267, -0.0037054527, -0.0010462404), (-0.9999513, 0.00732778, 0.00661501), (-0.99998474, 0.0033743887, 0.004394007), (-0.9999469, -0.010082347, -0.0021775167), (-0.999931, -0.010280564, -0.0056847394), (-0.9999798, -0.003388957, -0.005391041), (-0.99999267, -0.0037054527, -0.0010462404), (-0.99998474, 0.0033743887, 0.004394007), (-0.999892, -0.011070121, -0.009664825), (-0.999931, -0.010280564, -0.0056847394), (-0.99975234, -0.020739999, 0.008073384), (-0.9999798, -0.003388957, -0.005391041), (-0.9999521, -0.0072271954, -0.0066106995), (-0.99999267, -0.0037054527, -0.0010462404), (-0.999892, -0.011070121, -0.009664825), (-0.999931, -0.010280564, -0.0056847394), (-0.99990535, -0.013228203, -0.003795215), (-0.99975234, -0.020739999, 0.008073384), (-0.9996358, -0.019176507, -0.018987551), (-0.9999521, -0.0072271954, -0.0066106995), (-0.999892, -0.011070121, -0.009664825), (-0.99990535, -0.013228203, -0.003795215), (-0.9998367, -0.014512779, 0.01077161), (-0.99975234, -0.020739999, 0.008073384), (-0.9996358, -0.019176507, -0.018987551), (-0.999892, -0.011070121, -0.009664825), (-0.9999959, -0.0028012516, -0.00064609514), (-0.9998367, -0.014512779, 0.01077161), (-0.9999655, 0.0009958227, 0.008261193), (-0.99975234, -0.020739999, 0.008073384), (-0.9999377, 0.0012695397, 0.011097344), (-0.9996358, -0.019176507, -0.018987551), (-0.9999959, -0.0028012516, -0.00064609514), (-0.9998367, -0.014512779, 0.01077161), (-0.99975246, 0.020808026, -0.007882095), (-0.9999655, 0.0009958227, 0.008261193), (-0.99981886, 0.013474703, 0.013440548), (-0.9999377, 0.0012695397, 0.011097344), (-0.9999959, -0.0028012516, -0.00064609514), (-0.99975246, 0.020808026, -0.007882095), (-0.9999236, 0.012214416, 0.0019200514), (-0.9999655, 0.0009958227, 0.008261193), (-0.99981886, 0.013474703, 0.013440548), (-0.9999959, -0.0028012516, -0.00064609514), (-0.99996936, 0.00351207, 0.0069912258), (-0.9999236, 0.012214416, 0.0019200514), (-0.9999356, 0.011325779, -0.00066774787), (-0.9999655, 0.0009958227, 0.008261193), (-0.99981564, 0.0020499707, -0.01909327), (-0.99981886, 0.013474703, 0.013440548), (-0.99996936, 0.00351207, 0.0069912258), (-0.9999236, 0.012214416, 0.0019200514), (-0.9999455, 0.009948107, 0.0031680616), (-0.9999356, 0.011325779, -0.00066774787), (-0.99983954, -0.0064495876, 0.01671059), (-0.99981564, 0.0020499707, -0.01909327), (-0.99996936, 0.00351207, 0.0069912258), (-0.9999455, 0.009948107, 0.0031680616), (-0.9999495, 0.008017437, 0.0060609407), (-0.9999356, 0.011325779, -0.00066774787), (-0.99983954, -0.0064495876, 0.01671059), (-0.99996936, 0.00351207, 0.0069912258), (-0.99993014, -0.010640189, -0.0051531885), (-0.9999495, 0.008017437, 0.0060609407), (-0.9998201, 0.006697077, 0.017745191), (-0.9999356, 0.011325779, -0.00066774787), (-0.9995579, -0.0053514102, -0.02924668), (-0.99983954, -0.0064495876, 0.01671059), (-0.99993014, -0.010640189, -0.0051531885), (-0.9999495, 0.008017437, 0.0060609407), (-0.9998144, 0.007840729, 0.017600091), (-0.9998201, 0.006697077, 0.017745191), (-0.9995579, -0.0053514102, -0.02924668), (-0.99993014, -0.010640189, -0.0051531885), (-0.999678, 0.0027550482, -0.025225338), (-0.9998144, 0.007840729, 0.017600091), (-0.999678, 0.0027550482, -0.025225338), (-0.9998201, 0.006697077, 0.017745191), (-0.9998144, 0.007840729, 0.017600091), (-0.9995579, -0.0053514102, -0.02924668), (-0.999678, 0.0027550482, -0.025225338), (-0.999945, -0.0017261591, 0.010344921), (-0.999874, -0.013593059, -0.0082128), (-0.99977285, -0.019171523, -0.009311526), (-0.999874, -0.013593059, -0.0082128), (-0.99948287, -0.028433235, 0.0150173465), (-0.99977285, -0.019171523, -0.009311526), (-0.99985725, 0.0068861996, 0.015431323), (-0.9915455, -0.019885696, -0.12822682), (-0.9999886, 0.004504947, 0.001635757), (-0.999318, 0.035465468, -0.01028412), (-0.99985725, 0.0068861996, 0.015431323), (-0.9999886, 0.004504947, 0.001635757), (-0.99984413, 0.015772624, -0.007939043), (-0.999318, 0.035465468, -0.01028412), (-0.9999886, 0.004504947, 0.001635757), (-0.99984413, 0.015772624, -0.007939043), (-0.9999886, 0.004504947, 0.001635757), (-0.99982023, -0.008913431, 0.016734794), (-0.99967873, -0.010970346, 0.022850107), (-0.99984413, 0.015772624, -0.007939043), (-0.99982023, -0.008913431, 0.016734794), (-0.99967873, -0.010970346, 0.022850107), (-0.99982023, -0.008913431, 0.016734794), (-0.9999803, -0.005477395, 0.0030870521), (-0.9998438, -0.0050797365, 0.016931277), (-0.99967873, -0.010970346, 0.022850107), (-0.9999803, -0.005477395, 0.0030870521), (-0.9997258, 0.013622628, -0.01905021), (-0.9998438, -0.0050797365, 0.016931277), (-0.9999803, -0.005477395, 0.0030870521), (-0.9999239, 0.0008463606, -0.012310702), (-0.9997258, 0.013622628, -0.01905021), (-0.9999803, -0.005477395, 0.0030870521), (-0.9996971, -0.022756688, 0.0093759475), (-0.9999239, 0.0008463606, -0.012310702), (-0.9999803, -0.005477395, 0.0030870521), (-0.99999875, 0.0014935005, 0.00052810577), (-0.9996971, -0.022756688, 0.0093759475), (-0.9999803, -0.005477395, 0.0030870521), (-0.9999591, -0.008316905, -0.003563297), (-0.99999875, 0.0014935005, 0.00052810577), (-0.9999803, -0.005477395, 0.0030870521), (-0.9999591, -0.008316905, -0.003563297), (-0.9999803, -0.005477395, 0.0030870521), (-0.999921, 0.008177366, -0.009548882), (-0.9995922, 0.027071893, -0.009083056), (-0.9999591, -0.008316905, -0.003563297), (-0.999921, 0.008177366, -0.009548882), (-0.9987911, 0.044529267, -0.020820808), (-0.9995922, 0.027071893, -0.009083056), (-0.999921, 0.008177366, -0.009548882), (-0.9987911, 0.044529267, -0.020820808), (-0.999921, 0.008177366, -0.009548882), (-0.9990044, 0.037596468, -0.0240136), (-0.9997307, -0.00036388368, -0.023204379), (-0.9987911, 0.044529267, -0.020820808), (-0.9990044, 0.037596468, -0.0240136), (-0.9997307, -0.00036388368, -0.023204379), (-0.9990044, 0.037596468, -0.0240136), (-0.99958336, 0.017667275, -0.022825418), (-0.9997307, -0.00036388368, -0.023204379), (-0.99958336, 0.017667275, -0.022825418), (-0.99981725, -0.0077404347, -0.017475177), (-0.9998689, -0.007584615, -0.014303581), (-0.9997307, -0.00036388368, -0.023204379), (-0.99981725, -0.0077404347, -0.017475177), (-0.9998689, -0.007584615, -0.014303581), (-0.99981725, -0.0077404347, -0.017475177), (-0.9999931, 0.0015462087, -0.0033746932), (-0.9999663, -0.007474461, -0.0034123412), (-0.14837568, -0.005614451, -0.98891515), (-0.9998689, -0.007584615, -0.014303581), (-0.9999663, -0.007474461, -0.0034123412), (-0.9998689, -0.007584615, -0.014303581), (-0.9999991, 0.0012857177, 0.0005887788), (-0.9998689, -0.007584615, -0.014303581), (-0.9999931, 0.0015462087, -0.0033746932), (-0.9999991, 0.0012857177, 0.0005887788), (-0.9999931, 0.0015462087, -0.0033746932), (-0.9998821, 0.010981307, 0.010743019), (-0.9999991, 0.0012857177, 0.0005887788), (-0.9999931, 0.0015462087, -0.0033746932), (-0.999949, 0.0073797805, 0.0068964125), (-0.9998821, 0.010981307, 0.010743019), (-0.999949, 0.0073797805, 0.0068964125), (0.00038275, 0.9999742, -0.007175634), (-0.9998821, 0.010981307, 0.010743019), (-0.9998821, 0.010981307, 0.010743019), (-0.9998357, 0.011722202, 0.013828454), (-0.9999991, 0.0012857177, 0.0005887788), (-0.9998821, 0.010981307, 0.010743019), (-0.99947107, -0.026574006, -0.018749157), (-0.9998357, 0.011722202, 0.013828454), (-0.999091, 0.0001639282, 0.042627), (-0.9917932, -0.034474637, -0.123117544), (-0.9998458, 0.0012928644, 0.01751825), (-0.9991985, 0.037282184, 0.014575806), (-0.999091, 0.0001639282, 0.042627), (-0.9998458, 0.0012928644, 0.01751825), (-0.9998484, 0.01672196, -0.0048626876), (-0.9991985, 0.037282184, 0.014575806), (-0.9998458, 0.0012928644, 0.01751825), (-0.9998484, 0.01672196, -0.0048626876), (-0.9998458, 0.0012928644, 0.01751825), (-0.9998219, -0.007896828, 0.017140966), (-0.999659, -0.010061662, 0.024098756), (-0.9998484, 0.01672196, -0.0048626876), (-0.9998219, -0.007896828, 0.017140966), (-0.999659, -0.010061662, 0.024098756), (-0.9998219, -0.007896828, 0.017140966), (-0.99999, -0.0022302642, 0.0038776037), (-0.9996992, -0.005321693, 0.02394536), (-0.999659, -0.010061662, 0.024098756), (-0.99999, -0.0022302642, 0.0038776037), (-0.99955094, 0.020354614, -0.021993319), (-0.9996992, -0.005321693, 0.02394536), (-0.99999, -0.0022302642, 0.0038776037), (-0.9998719, 0.0038889507, -0.015527883), (-0.99955094, 0.020354614, -0.021993319), (-0.99999, -0.0022302642, 0.0038776037), (-0.99964094, -0.023729453, 0.012444988), (-0.9998719, 0.0038889507, -0.015527883), (-0.99999, -0.0022302642, 0.0038776037), (-0.9999979, 0.0011001269, 0.0017561392), (-0.99964094, -0.023729453, 0.012444988), (-0.99999, -0.0022302642, 0.0038776037), (-0.9999813, -0.0061320793, -0.00008761706), (-0.9999979, 0.0011001269, 0.0017561392), (-0.99999, -0.0022302642, 0.0038776037), (-0.9999813, -0.0061320793, -0.00008761706), (-0.99999, -0.0022302642, 0.0038776037), (-0.9999049, 0.012765244, -0.00522647), (-0.99953693, 0.030358948, -0.0021134783), (-0.9999813, -0.0061320793, -0.00008761706), (-0.9999049, 0.012765244, -0.00522647), (-0.9990973, 0.03930865, -0.016107017), (-0.99953693, 0.030358948, -0.0021134783), (-0.9999049, 0.012765244, -0.00522647), (-0.9990973, 0.03930865, -0.016107017), (-0.9999049, 0.012765244, -0.00522647), (-0.99952924, 0.02377107, -0.019400503), (-0.99982387, -0.00125992, -0.018725492), (-0.9990973, 0.03930865, -0.016107017), (-0.99952924, 0.02377107, -0.019400503), (-0.99982387, -0.00125992, -0.018725492), (-0.99952924, 0.02377107, -0.019400503), (-0.9997798, 0.011546382, -0.017524483), (-0.99982387, -0.00125992, -0.018725492), (-0.9997798, 0.011546382, -0.017524483), (-0.9998659, -0.006498316, -0.015036108), (-0.99989766, -0.0066438997, -0.012678469), (-0.99982387, -0.00125992, -0.018725492), (-0.9998659, -0.006498316, -0.015036108), (-0.99989766, -0.0066438997, -0.012678469), (-0.9998659, -0.006498316, -0.015036108), (-0.9999931, 0.0015462249, -0.0033746916), (-0.9999663, -0.007474462, -0.0034123415), (-0.14837812, -0.0056144483, -0.9889148), (-0.99989766, -0.0066438997, -0.012678469), (-0.9999663, -0.007474462, -0.0034123415), (-0.99989766, -0.0066438997, -0.012678469), (-0.9999991, 0.0012857413, 0.0005888021), (-0.99989766, -0.0066438997, -0.012678469), (-0.9999931, 0.0015462249, -0.0033746916), (-0.9999991, 0.0012857413, 0.0005888021), (-0.9999931, 0.0015462249, -0.0033746916), (-0.9998821, 0.01098131, 0.010743022), (-0.9999991, 0.0012857413, 0.0005888021), (-0.9999931, 0.0015462249, -0.0033746916), (-0.999949, 0.007379779, 0.006896439), (-0.9998821, 0.01098131, 0.010743022), (-0.999949, 0.007379779, 0.006896439), (0.00038275, 0.9999742, -0.007175634), (-0.9998821, 0.01098131, 0.010743022), (-0.9998821, 0.01098131, 0.010743022), (-0.9998357, 0.011722174, 0.013828454), (-0.9999991, 0.0012857413, 0.0005888021), (-0.9998821, 0.01098131, 0.010743022), (-0.99947107, -0.026574023, -0.01874914), (-0.9998357, 0.011722174, 0.013828454), (-0.9998775, 0.0074891285, -0.013747719), (-0.9999272, 0.011695264, -0.0029787053), (-0.999893, 0.0070377933, -0.012830165), (-0.999893, 0.0070377933, -0.012830165), (-0.99995893, 0.00030403066, -0.009067042), (-0.9998775, 0.0074891285, -0.013747719), (-0.99995893, 0.00030403066, -0.009067042), (-0.9989894, -0.040789045, -0.018883372), (-0.9998775, 0.0074891285, -0.013747719), (-0.99995893, 0.00030403066, -0.009067042), (-0.9992906, -0.037655942, 0.0005820984), (-0.9989894, -0.040789045, -0.018883372), (-0.99995893, 0.00030403066, -0.009067042), (-0.9999839, 0.0012961285, -0.005535145), (-0.9992906, -0.037655942, 0.0005820984), (-0.99995893, 0.00030403066, -0.009067042), (-0.99762905, -0.063646555, -0.026182704), (-0.9999839, 0.0012961285, -0.005535145), (-0.99995893, 0.00030403066, -0.009067042), (-0.9997508, 0.018813515, 0.012023243), (-0.99762905, -0.063646555, -0.026182704), (-0.99995893, 0.00030403066, -0.009067042), (-0.07047148, 0.21762483, 0.97348505), (-0.077392936, 0.18648504, 0.9794048), (-0.99995893, 0.00030403066, -0.009067042), (-0.077392936, 0.18648504, 0.9794048), (-0.9558208, 0.024395676, 0.29293603), (-0.9558208, 0.024395676, 0.29293603), (-0.0786809, 0.5203874, 0.8502979), (-0.99999344, -0.00037718855, -0.0036065488), (-0.99995893, 0.00030403066, -0.009067042), (-0.9558208, 0.024395676, 0.29293603), (-0.99999344, -0.00037718855, -0.0036065488), (-0.99995893, 0.00030403066, -0.009067042), (-0.9999863, 0.0032638963, 0.004117435), (-0.9997508, 0.018813515, 0.012023243), (-0.99995893, 0.00030403066, -0.009067042), (-0.99999344, -0.00037718855, -0.0036065488), (-0.9999863, 0.0032638963, 0.004117435), (-0.9999863, 0.0032638963, 0.004117435), (-0.14416623, -0.91062886, -0.38726124), (-0.9997508, 0.018813515, 0.012023243), (-0.9999863, 0.0032638963, 0.004117435), (0.00038275, 0.9999742, -0.007175634), (-0.14416623, -0.91062886, -0.38726124), (-0.9999863, 0.0032638963, 0.004117435), (-0.13803205, -0.98934907, -0.046211418), (0.00038275, 0.9999742, -0.007175634), (-0.9999863, 0.0032638963, 0.004117435), (0.00038275, 0.9999742, -0.007175634), (-0.13803205, -0.98934907, -0.046211418), (-0.9999863, 0.0032638963, 0.004117435), (-0.14964248, -0.875774, 0.45894137), (0.00038275, 0.9999742, -0.007175634), (-0.9999863, 0.0032638963, 0.004117435), (-0.13238832, -0.688868, 0.71269506), (-0.14964248, -0.875774, 0.45894137), (-0.9999863, 0.0032638963, 0.004117435), (-0.9997922, 0.0038830852, -0.020014506), (-0.13238832, -0.688868, 0.71269506), (-0.14920005, 0.960499, -0.23490664), (-0.1414376, 0.92235905, -0.35951245), (-0.9999863, 0.0032638963, 0.004117435), (-0.14787759, 0.9889131, 0.013533558), (-0.147513, 0.98334086, -0.106210515), (-0.14920005, 0.960499, -0.23490664), (-0.14787759, 0.9889131, 0.013533558), (-0.14920005, 0.960499, -0.23490664), (-0.9999863, 0.0032638963, 0.004117435), (-0.9999863, 0.0032638963, 0.004117435), (-0.14403763, 0.7791301, -0.61008984), (-0.9997406, -0.0020342786, -0.022686707), (-0.9999863, 0.0032638963, 0.004117435), (-0.9997406, -0.0020342786, -0.022686707), (-0.9997922, 0.0038830852, -0.020014506), (-0.9997406, -0.0020342786, -0.022686707), (-0.9999942, -0.0009961266, 0.0032745833), (-0.9997922, 0.0038830852, -0.020014506), (-0.9999942, -0.0009961266, 0.0032745833), (0.00038275, 0.9999742, -0.007175634), (-0.9997922, 0.0038830852, -0.020014506), (-0.9999942, -0.0009961266, 0.0032745833), (-0.9901443, -0.03336465, -0.136019), (0.00038275, 0.9999742, -0.007175634), (-0.9999942, -0.0009961266, 0.0032745833), (-0.43916476, -0.14130232, 0.88722503), (-0.9901443, -0.03336465, -0.136019), (-0.9999942, -0.0009961266, 0.0032745833), (-0.14838901, 0.00078616635, 0.9889288), (-0.43916476, -0.14130232, 0.88722503), (-0.9999942, -0.0009961266, 0.0032745833), (-0.9999848, 0.0053250818, -0.001502572), (-0.14838901, 0.00078616635, 0.9889288), (-0.9999942, -0.0009961266, 0.0032745833), (-0.9999251, 0.0033331362, 0.011780748), (-0.9999848, 0.0053250818, -0.001502572), (-0.9998752, -0.002988629, 0.015521229), (-0.9999251, 0.0033331362, 0.011780748), (-0.9999942, -0.0009961266, 0.0032745833), (-0.9999942, -0.0009961266, 0.0032745833), (-0.999698, -0.024321437, -0.003547609), (-0.9998752, -0.002988629, 0.015521229), (-0.9999233, -0.012160729, 0.002364213), (-0.14787759, 0.9889131, 0.013533558), (-0.9999863, 0.0032638963, 0.004117435), (-0.99999344, -0.00037718855, -0.0036065488), (-0.9999233, -0.012160729, 0.002364213), (-0.9999863, 0.0032638963, 0.004117435), (-0.99999344, -0.00037718855, -0.0036065488), (-0.13702576, 0.9135896, 0.38285545), (-0.9999233, -0.012160729, 0.002364213), (-0.99999344, -0.00037718855, -0.0036065488), (-0.12925254, 0.85520434, 0.50191575), (-0.13702576, 0.9135896, 0.38285545), (-0.99976504, -0.00027086158, 0.021675758), (-0.999945, -0.0017261591, 0.010344921), (-0.99977285, -0.019171523, -0.009311526), (-0.99986005, -0.001181301, 0.016689055), (-0.99976504, -0.00027086158, 0.021675758), (-0.99977285, -0.019171523, -0.009311526), (-0.99986005, -0.001181301, 0.016689055), (-0.99977285, -0.019171523, -0.009311526), (-0.99986595, -0.016374756, 0.00006415818), (-0.9996176, -0.00013818854, 0.027653472), (-0.99976504, -0.00027086158, 0.021675758), (-0.99986005, -0.001181301, 0.016689055), (-0.99986005, -0.001181301, 0.016689055), (-0.9998353, 0.0023363882, 0.01799769), (-0.9996176, -0.00013818854, 0.027653472), (-0.9996176, -0.00013818854, 0.027653472), (-0.9998353, 0.0023363882, 0.01799769), (-0.9998681, 0.006950806, -0.014683718), (-0.99986976, -0.003536388, -0.015747063), (-0.9996176, -0.00013818854, 0.027653472), (-0.9998681, 0.006950806, -0.014683718), (-0.9998353, 0.0023363882, 0.01799769), (-0.9999065, 0.0136747155, -0.00015148924), (-0.9998681, 0.006950806, -0.014683718), (-0.9973378, -0.003434614, -0.0728398), (-0.99986976, -0.003536388, -0.015747063), (-0.9998681, 0.006950806, -0.014683718), (-0.998671, -0.02100496, -0.04706437), (-0.9973378, -0.003434614, -0.0728398), (-0.9998681, 0.006950806, -0.014683718), (0.00038275, 0.9999742, -0.007175634), (-0.998671, -0.02100496, -0.04706437), (-0.9998681, 0.006950806, -0.014683718), (-0.19669007, 0.9314345, 0.3061747), (0.00038275, 0.9999742, -0.007175634), (-0.9998681, 0.006950806, -0.014683718), (-0.9986855, -0.04781806, -0.01846571), (-0.19669007, 0.9314345, 0.3061747), (-0.9998681, 0.006950806, -0.014683718), (-0.9986855, -0.04781806, -0.01846571), (-0.9998681, 0.006950806, -0.014683718), (-0.99998915, 0.0025077472, -0.0039205723), (-0.9998681, 0.006950806, -0.014683718), (-0.995235, 0.088660724, 0.040577773), (-0.99998915, 0.0025077472, -0.0039205723), (-0.9998681, 0.006950806, -0.014683718), (-0.14347103, -0.7552213, -0.6395756), (-0.995235, 0.088660724, 0.040577773), (-0.995235, 0.088660724, 0.040577773), (-0.1668043, -0.98544043, 0.032915927), (-0.99998915, 0.0025077472, -0.0039205723), (-0.995235, 0.088660724, 0.040577773), (-0.13282293, -0.97342855, -0.1865339), (-0.1668043, -0.98544043, 0.032915927), (-0.99992913, -0.008846912, 0.0079765655), (-0.9996764, 0.021558393, -0.0135018965), (-0.9997703, -0.017803162, 0.011935658), (-0.9997703, -0.017803162, 0.011935658), (-0.99989146, -0.009328815, 0.011412821), (-0.99992913, -0.008846912, 0.0079765655), (-0.99992913, -0.008846912, 0.0079765655), (-0.9997924, 0.020175647, 0.0028475516), (-0.9996764, 0.021558393, -0.0135018965), (-0.9997703, -0.017803162, 0.011935658), (-0.99983346, -0.009924934, 0.015319094), (-0.99989146, -0.009328815, 0.011412821), (-0.9997924, 0.020175647, 0.0028475516), (-0.9995617, 0.018237362, -0.023320565), (-0.9996764, 0.021558393, -0.0135018965), (-0.99983346, -0.009924934, 0.015319094), (-0.9996768, -0.021741897, 0.013174763), (-0.99989146, -0.009328815, 0.011412821), (-0.9995617, 0.018237362, -0.023320565), (-0.99977195, -0.0020920697, -0.021256402), (-0.9996764, 0.021558393, -0.0135018965), (-0.9995617, 0.018237362, -0.023320565), (-0.9995881, -0.027748229, -0.007327703), (-0.99977195, -0.0020920697, -0.021256402), (-0.99983346, -0.009924934, 0.015319094), (-0.9998137, 0.0065217586, 0.018171161), (-0.9996768, -0.021741897, 0.013174763), (-0.99983346, -0.009924934, 0.015319094), (-0.99980557, 0.017687306, 0.008718889), (-0.9998137, 0.0065217586, 0.018171161), (-0.99980557, 0.017687306, 0.008718889), (-0.9988541, 0.04738127, 0.006749711), (-0.9998137, 0.0065217586, 0.018171161), (-0.9995881, -0.027748229, -0.007327703), (-0.9997565, -0.019062903, -0.011115726), (-0.99977195, -0.0020920697, -0.021256402), (-0.9997565, -0.019062903, -0.011115726), (-0.99981534, -0.012544713, -0.014561534), (-0.99977195, -0.0020920697, -0.021256402), (-0.99980557, 0.017687306, 0.008718889), (-0.9999985, 0.00073278236, -0.0015919508), (-0.9988541, 0.04738127, 0.006749711), (-0.9997565, -0.019062903, -0.011115726), (-0.9998779, -0.012339201, -0.009588125), (-0.99981534, -0.012544713, -0.014561534), (-0.99980557, 0.017687306, 0.008718889), (-0.9999664, -0.006513608, -0.004983552), (-0.9999985, 0.00073278236, -0.0015919508), (-0.9999664, -0.006513608, -0.004983552), (-0.9999569, -0.0057667145, -0.0072769686), (-0.9999985, 0.00073278236, -0.0015919508), (-0.9998779, -0.012339201, -0.009588125), (-0.99972856, -0.0143818855, -0.018331029), (-0.99981534, -0.012544713, -0.014561534), (-0.9998779, -0.012339201, -0.009588125), (-0.9993992, -0.025192985, -0.023804968), (-0.99972856, -0.0143818855, -0.018331029), (-0.9999664, -0.006513608, -0.004983552), (-0.9999984, 0.0008149329, -0.0016418353), (-0.9999569, -0.0057667145, -0.0072769686), (-0.9999664, -0.006513608, -0.004983552), (-0.9999372, 0.010612904, 0.0036237456), (-0.9999984, 0.0008149329, -0.0016418353), (-0.9993992, -0.025192985, -0.023804968), (-0.9995951, -0.0071106874, -0.027551597), (-0.99972856, -0.0143818855, -0.018331029), (-0.9995951, -0.0071106874, -0.027551597), (-0.9999796, 0.0054350435, 0.0033695619), (-0.99972856, -0.0143818855, -0.018331029), (-0.9995951, -0.0071106874, -0.027551597), (-0.99996287, -0.0019193151, -0.00840979), (-0.9999796, 0.0054350435, 0.0033695619), (-0.9999372, 0.010612904, 0.0036237456), (-0.99998266, 0.0056487154, 0.001721898), (-0.9999984, 0.0008149329, -0.0016418353), (-0.99996287, -0.0019193151, -0.00840979), (-0.9999355, 0.010216153, -0.00496823), (-0.9999796, 0.0054350435, 0.0033695619), (-0.9999372, 0.010612904, 0.0036237456), (-0.99968237, -0.01492713, -0.020308161), (-0.99998266, 0.0056487154, 0.001721898), (-0.9999355, 0.010216153, -0.00496823), (-0.9998421, 0.016563902, -0.0064365678), (-0.9999796, 0.0054350435, 0.0033695619), (-0.99968237, -0.01492713, -0.020308161), (-0.99995446, -0.009474955, -0.0012122673), (-0.99998266, 0.0056487154, 0.001721898), (-0.9999355, 0.010216153, -0.00496823), (-0.999709, 0.014176962, -0.019518549), (-0.9998421, 0.016563902, -0.0064365678), (-0.999709, 0.014176962, -0.019518549), (-0.99985737, 0.01391671, -0.009572562), (-0.9998421, 0.016563902, -0.0064365678), (-0.99968237, -0.01492713, -0.020308161), (-0.9993813, -0.012191954, -0.032990545), (-0.99995446, -0.009474955, -0.0012122673), (-0.999709, 0.014176962, -0.019518549), (-0.9996864, 0.024816556, 0.0033449235), (-0.99985737, 0.01391671, -0.009572562), (-0.99968237, -0.01492713, -0.020308161), (-0.99962246, 0.0037240658, -0.027225927), (-0.9993813, -0.012191954, -0.032990545), (-0.9996864, 0.024816556, 0.0033449235), (-0.99994177, 0.006616761, -0.00852502), (-0.99985737, 0.01391671, -0.009572562), (-0.99962246, 0.0037240658, -0.027225927), (-0.9995119, 0.030883135, 0.0047286465), (-0.9993813, -0.012191954, -0.032990545), (-0.99994177, 0.006616761, -0.00852502), (-0.99986726, 0.016253982, 0.001207033), (-0.99985737, 0.01391671, -0.009572562), (-0.99994177, 0.006616761, -0.00852502), (-0.99990827, 0.013534036, 0.0005930442), (-0.99986726, 0.016253982, 0.001207033), (-0.99962246, 0.0037240658, -0.027225927), (-0.99946684, 0.032338865, -0.004522647), (-0.9995119, 0.030883135, 0.0047286465), (-0.99990827, 0.013534036, 0.0005930442), (-0.999576, 0.02721969, 0.010343337), (-0.99986726, 0.016253982, 0.001207033), (-0.99946684, 0.032338865, -0.004522647), (-0.9997837, 0.01626186, -0.012971098), (-0.9995119, 0.030883135, 0.0047286465), (-0.999576, 0.02721969, 0.010343337), (-0.9998428, 0.017175248, -0.0044224933), (-0.99986726, 0.016253982, 0.001207033), (-0.999576, 0.02721969, 0.010343337), (-0.9998853, 0.0008896846, -0.015119163), (-0.9998428, 0.017175248, -0.0044224933), (-0.99946684, 0.032338865, -0.004522647), (-0.9999441, 0.010536876, 0.0009409502), (-0.9997837, 0.01626186, -0.012971098), (-0.9998853, 0.0008896846, -0.015119163), (-0.99980444, 0.0054649315, -0.019005846), (-0.9998428, 0.017175248, -0.0044224933), (-0.99946684, 0.032338865, -0.004522647), (-0.9998904, 0.01453336, 0.0028297235), (-0.9999441, 0.010536876, 0.0009409502), (-0.99980444, 0.0054649315, -0.019005846), (-0.99972165, 0.01393906, -0.019036569), (-0.9998428, 0.017175248, -0.0044224933), (-0.99980444, 0.0054649315, -0.019005846), (-0.9996705, 0.0034627237, -0.025432786), (-0.99972165, 0.01393906, -0.019036569), (-0.9998904, 0.01453336, 0.0028297235), (-0.9996304, 0.01588576, -0.022063768), (-0.9999441, 0.010536876, 0.0009409502), (-0.9996705, 0.0034627237, -0.025432786), (-0.9994752, 0.024121927, -0.021626305), (-0.99972165, 0.01393906, -0.019036569), (-0.9994752, 0.024121927, -0.021626305), (-0.99975914, 0.013574601, -0.017244674), (-0.99972165, 0.01393906, -0.019036569), (-0.9998904, 0.01453336, 0.0028297235), (-0.9995511, 0.010515749, -0.02805313), (-0.9996304, 0.01588576, -0.022063768), (-0.99975914, 0.013574601, -0.017244674), (-0.99982566, 0.0029248728, -0.018443856), (-0.99972165, 0.01393906, -0.019036569), (-0.9995511, 0.010515749, -0.02805313), (-0.9994067, 0.008908549, -0.033271845), (-0.9996304, 0.01588576, -0.022063768), (-0.99975914, 0.013574601, -0.017244674), (-0.999857, -0.006448015, -0.015640382), (-0.99982566, 0.0029248728, -0.018443856), (-0.9995511, 0.010515749, -0.02805313), (-0.9999016, 0.005566168, -0.01288301), (-0.9994067, 0.008908549, -0.033271845), (-0.999857, -0.006448015, -0.015640382), (-0.9997584, 0.001372813, -0.021941602), (-0.99982566, 0.0029248728, -0.018443856), (-0.9995511, 0.010515749, -0.02805313), (-0.9999694, -0.000111413385, -0.007830239), (-0.9999016, 0.005566168, -0.01288301), (-0.9997584, 0.001372813, -0.021941602), (-0.9996748, 0.006668983, -0.024611907), (-0.99982566, 0.0029248728, -0.018443856), (-0.9997584, 0.001372813, -0.021941602), (-0.99962175, 0.0057669436, -0.026891375), (-0.9996748, 0.006668983, -0.024611907), (-0.9999694, -0.000111413385, -0.007830239), (-0.9999592, -0.008104451, 0.004004837), (-0.9999016, 0.005566168, -0.01288301), (-0.9999694, -0.000111413385, -0.007830239), (-0.9998051, -0.01409561, 0.013827453), (-0.9999592, -0.008104451, 0.004004837), (-0.99962175, 0.0057669436, -0.026891375), (-0.99973905, -0.0030150884, -0.022643164), (-0.9996748, 0.006668983, -0.024611907), (-0.9998051, -0.01409561, 0.013827453), (-0.99985564, -0.010634747, 0.013254801), (-0.9999592, -0.008104451, 0.004004837), (-0.99973905, -0.0030150884, -0.022643164), (-0.9997121, -0.009334404, -0.022102475), (-0.9996748, 0.006668983, -0.024611907), (-0.99973905, -0.0030150884, -0.022643164), (-0.999652, -0.016227148, -0.020801438), (-0.9997121, -0.009334404, -0.022102475), (-0.9998051, -0.01409561, 0.013827453), (-0.99996644, -0.00473173, -0.0066955895), (-0.99985564, -0.010634747, 0.013254801), (-0.9998051, -0.01409561, 0.013827453), (-0.9999502, -0.0052206377, -0.008515513), (-0.99996644, -0.00473173, -0.0066955895), (-0.999652, -0.016227148, -0.020801438), (-0.9996582, -0.0040959134, -0.025820903), (-0.9997121, -0.009334404, -0.022102475), (-0.9999502, -0.0052206377, -0.008515513), (-0.9998327, -0.01414971, -0.0115966955), (-0.99996644, -0.00473173, -0.0066955895), (-0.9997375, -0.021384899, -0.008227229), (-0.9997121, -0.009334404, -0.022102475), (-0.9996582, -0.0040959134, -0.025820903), (-0.9997375, -0.021384899, -0.008227229), (-0.9996582, -0.0040959134, -0.025820903), (-0.9997125, -0.003320074, -0.023746643), (-0.9999502, -0.0052206377, -0.008515513), (-0.99998266, -0.0028340428, -0.0051760105), (-0.9998327, -0.01414971, -0.0115966955), (-0.9999502, -0.0052206377, -0.008515513), (-0.9998167, -0.017836718, 0.006963339), (-0.99998266, -0.0028340428, -0.0051760105), (-0.9997375, -0.021384899, -0.008227229), (-0.9997125, -0.003320074, -0.023746643), (-0.9995218, -0.029627291, 0.008866238), (-0.9998167, -0.017836718, 0.006963339), (-0.9995218, -0.029627291, 0.008866238), (-0.99998266, -0.0028340428, -0.0051760105), (-0.9998167, -0.017836718, 0.006963339), (-0.9997375, -0.021384899, -0.008227229), (-0.9995218, -0.029627291, 0.008866238), (-0.9999176, -0.00842017, 0.009690065), (-0.99957806, 0.026303215, -0.012323803), (-0.9996512, -0.023548942, 0.011961869), (-0.9996512, -0.023548942, 0.011961869), (-0.9999678, -0.0072970954, 0.0033348228), (-0.9999176, -0.00842017, 0.009690065), (-0.9999176, -0.00842017, 0.009690065), (-0.9995817, 0.028744627, 0.0031854801), (-0.99957806, 0.026303215, -0.012323803), (-0.9996512, -0.023548942, 0.011961869), (-0.9998143, -0.018574018, 0.0051386696), (-0.9999678, -0.0072970954, 0.0033348228), (-0.9995817, 0.028744627, 0.0031854801), (-0.99940574, 0.026031785, -0.02259573), (-0.99957806, 0.026303215, -0.012323803), (-0.9998143, -0.018574018, 0.0051386696), (-0.9996995, -0.024502398, -0.00087144657), (-0.9999678, -0.0072970954, 0.0033348228), (-0.99940574, 0.026031785, -0.02259573), (-0.9996686, 0.0019218667, -0.025671598), (-0.99957806, 0.026303215, -0.012323803), (-0.99940574, 0.026031785, -0.02259573), (-0.99949014, -0.03187535, -0.0018586855), (-0.9996686, 0.0019218667, -0.025671598), (-0.9998143, -0.018574018, 0.0051386696), (-0.9999735, -0.0036282914, 0.006318298), (-0.9996995, -0.024502398, -0.00087144657), (-0.9998143, -0.018574018, 0.0051386696), (-0.9998369, 0.017943632, 0.002085112), (-0.9999735, -0.0036282914, 0.006318298), (-0.9998369, 0.017943632, 0.002085112), (-0.99948275, 0.031268224, -0.0075363363), (-0.9999735, -0.0036282914, 0.006318298), (-0.99949014, -0.03187535, -0.0018586855), (-0.99960196, -0.02553925, -0.011986096), (-0.9996686, 0.0019218667, -0.025671598), (-0.99960196, -0.02553925, -0.011986096), (-0.9996, -0.027037079, -0.008306054), (-0.9996686, 0.0019218667, -0.025671598), (-0.9998369, 0.017943632, 0.002085112), (-0.9999894, 0.004605349, 0.00018186371), (-0.99948275, 0.031268224, -0.0075363363), (-0.99960196, -0.02553925, -0.011986096), (-0.9995984, -0.027939716, -0.004756516), (-0.9996, -0.027037079, -0.008306054), (-0.9998369, 0.017943632, 0.002085112), (-0.99998933, 0.0045813737, 0.0004940292), (-0.9999894, 0.004605349, 0.00018186371), (-0.99998933, 0.0045813737, 0.0004940292), (-0.9999534, 0.00648774, 0.007145322), (-0.9999894, 0.004605349, 0.00018186371), (-0.9995984, -0.027939716, -0.004756516), (-0.9995414, -0.015946403, -0.025742095), (-0.9996, -0.027037079, -0.008306054), (-0.9995984, -0.027939716, -0.004756516), (-0.9983506, -0.022951072, -0.052624844), (-0.9995414, -0.015946403, -0.025742095), (-0.99998933, 0.0045813737, 0.0004940292), (-0.9999488, -0.0069241105, -0.007382959), (-0.9999534, 0.00648774, 0.007145322), (-0.99998933, 0.0045813737, 0.0004940292), (-0.9998568, -0.011449224, -0.012465756), (-0.9999488, -0.0069241105, -0.007382959), (-0.9983506, -0.022951072, -0.052624844), (-0.9991608, 0.0023014287, -0.04089447), (-0.9995414, -0.015946403, -0.025742095), (-0.9991608, 0.0023014287, -0.04089447), (-0.9998146, 0.017921258, 0.00704366), (-0.9995414, -0.015946403, -0.025742095), (-0.9991608, 0.0023014287, -0.04089447), (-0.99965644, 0.014598322, -0.021771878), (-0.9998146, 0.017921258, 0.00704366), (-0.9998568, -0.011449224, -0.012465756), (-0.99994075, -0.0061235516, -0.009011332), (-0.9999488, -0.0069241105, -0.007382959), (-0.99965644, 0.014598322, -0.021771878), (-0.9997436, 0.018948548, 0.012397335), (-0.9998146, 0.017921258, 0.00704366), (-0.9998568, -0.011449224, -0.012465756), (-0.99994105, -0.00084334554, -0.010824057), (-0.99994075, -0.0061235516, -0.009011332), (-0.9997436, 0.018948548, 0.012397335), (-0.9998768, 0.015120157, 0.0042101583), (-0.9998146, 0.017921258, 0.00704366), (-0.99994105, -0.00084334554, -0.010824057), (-0.99996567, 0.0065611145, 0.005075954), (-0.99994075, -0.0061235516, -0.009011332), (-0.9997436, 0.018948548, 0.012397335), (-0.9998434, 0.011858833, -0.013137427), (-0.9998768, 0.015120157, 0.0042101583), (-0.9998434, 0.011858833, -0.013137427), (-0.99973017, 0.016705358, -0.016145572), (-0.9998768, 0.015120157, 0.0042101583), (-0.99994105, -0.00084334554, -0.010824057), (-0.9997481, 0.0020569742, -0.022350086), (-0.99996567, 0.0065611145, 0.005075954), (-0.9998434, 0.011858833, -0.013137427), (-0.99950445, 0.01420155, -0.028092992), (-0.99973017, 0.016705358, -0.016145572), (-0.99994105, -0.00084334554, -0.010824057), (-0.999656, 0.002015021, -0.026152426), (-0.9997481, 0.0020569742, -0.022350086), (-0.99950445, 0.01420155, -0.028092992), (-0.99966085, 0.024813782, -0.007903557), (-0.99973017, 0.016705358, -0.016145572), (-0.999656, 0.002015021, -0.026152426), (-0.99981594, 0.019107923, -0.0017131942), (-0.9997481, 0.0020569742, -0.022350086), (-0.99966085, 0.024813782, -0.007903557), (-0.99960554, 0.027997581, -0.0022349872), (-0.99973017, 0.016705358, -0.016145572), (-0.99966085, 0.024813782, -0.007903557), (-0.999616, 0.027684212, 0.0012311691), (-0.99960554, 0.027997581, -0.0022349872), (-0.999656, 0.002015021, -0.026152426), (-0.999708, 0.024158655, -0.0007370052), (-0.99981594, 0.019107923, -0.0017131942), (-0.999616, 0.027684212, 0.0012311691), (-0.9995653, 0.029476814, -0.0006904595), (-0.99960554, 0.027997581, -0.0022349872), (-0.999708, 0.024158655, -0.0007370052), (-0.99966466, 0.02511292, 0.0063222395), (-0.99981594, 0.019107923, -0.0017131942), (-0.9995653, 0.029476814, -0.0006904595), (-0.99971586, 0.021787237, -0.009671279), (-0.99960554, 0.027997581, -0.0022349872), (-0.9995653, 0.029476814, -0.0006904595), (-0.99983513, 0.011569198, -0.014002773), (-0.99971586, 0.021787237, -0.009671279), (-0.999708, 0.024158655, -0.0007370052), (-0.9996284, 0.023444979, -0.013906234), (-0.99966466, 0.02511292, 0.0063222395), (-0.99983513, 0.011569198, -0.014002773), (-0.9997039, 0.008603698, -0.022765502), (-0.99971586, 0.021787237, -0.009671279), (-0.999708, 0.024158655, -0.0007370052), (-0.9995388, 0.02715683, -0.013594422), (-0.9996284, 0.023444979, -0.013906234), (-0.9997039, 0.008603698, -0.022765502), (-0.9996811, 0.0030429387, -0.025067935), (-0.99971586, 0.021787237, -0.009671279), (-0.9997039, 0.008603698, -0.022765502), (-0.99953365, 0.005496458, -0.030037846), (-0.9996811, 0.0030429387, -0.025067935), (-0.9995388, 0.02715683, -0.013594422), (-0.9993179, 0.0242941, -0.027812837), (-0.9996284, 0.023444979, -0.013906234), (-0.99953365, 0.005496458, -0.030037846), (-0.9995592, 0.009281185, -0.028200492), (-0.9996811, 0.0030429387, -0.025067935), (-0.9995592, 0.009281185, -0.028200492), (-0.999722, -0.0021525675, -0.023482608), (-0.9996811, 0.0030429387, -0.025067935), (-0.9995388, 0.02715683, -0.013594422), (-0.9997903, 0.0084905755, -0.01863265), (-0.9993179, 0.0242941, -0.027812837), (-0.999722, -0.0021525675, -0.023482608), (-0.99975556, 0.00922629, -0.020091452), (-0.9996811, 0.0030429387, -0.025067935), (-0.9997903, 0.0084905755, -0.01863265), (-0.99916726, 0.007818235, -0.040046327), (-0.9993179, 0.0242941, -0.027812837), (-0.999722, -0.0021525675, -0.023482608), (-0.99970615, 0.017103966, -0.017177029), (-0.99975556, 0.00922629, -0.020091452), (-0.9997903, 0.0084905755, -0.01863265), (-0.9999036, -0.008962707, 0.010606556), (-0.99916726, 0.007818235, -0.040046327), (-0.99970615, 0.017103966, -0.017177029), (-0.9996785, 0.016130023, -0.01956232), (-0.99975556, 0.00922629, -0.020091452), (-0.9997903, 0.0084905755, -0.01863265), (-0.9999075, -0.008996517, 0.010212124), (-0.9999036, -0.008962707, 0.010606556), (-0.9996785, 0.016130023, -0.01956232), (-0.9997613, 0.0068648024, -0.020742524), (-0.99975556, 0.00922629, -0.020091452), (-0.9996785, 0.016130023, -0.01956232), (-0.9997807, -0.0017826287, -0.02086421), (-0.9997613, 0.0068648024, -0.020742524), (-0.9999075, -0.008996517, 0.010212124), (-0.99997616, -0.0055891103, 0.0040692077), (-0.9999036, -0.008962707, 0.010606556), (-0.9999075, -0.008996517, 0.010212124), (-0.99999005, -0.00441567, 0.0006829318), (-0.99997616, -0.0055891103, 0.0040692077), (-0.9997807, -0.0017826287, -0.02086421), (-0.9997637, -0.008036728, -0.02019838), (-0.9997613, 0.0068648024, -0.020742524), (-0.99999005, -0.00441567, 0.0006829318), (-0.99999636, -0.0023592617, -0.0013135825), (-0.99997616, -0.0055891103, 0.0040692077), (-0.9997637, -0.008036728, -0.02019838), (-0.9997121, -0.009334542, -0.02210249), (-0.9997613, 0.0068648024, -0.020742524), (-0.9997637, -0.008036728, -0.02019838), (-0.99965197, -0.016227212, -0.020801365), (-0.9997121, -0.009334542, -0.02210249), (-0.99999005, -0.00441567, 0.0006829318), (-0.9999835, -0.005727995, 0.0005036384), (-0.99999636, -0.0023592617, -0.0013135825), (-0.99999005, -0.00441567, 0.0006829318), (-0.9998629, 0.007936514, -0.01453527), (-0.9999835, -0.005727995, 0.0005036384), (-0.99965197, -0.016227212, -0.020801365), (-0.99966395, -0.009182865, -0.02424291), (-0.9997121, -0.009334542, -0.02210249), (-0.9998629, 0.007936514, -0.01453527), (-0.9998497, 0.006910163, -0.015905151), (-0.9999835, -0.005727995, 0.0005036384), (-0.9995436, -0.029682802, -0.0056112567), (-0.9997121, -0.009334542, -0.02210249), (-0.99966395, -0.009182865, -0.02424291), (-0.9995436, -0.029682802, -0.0056112567), (-0.99966395, -0.009182865, -0.02424291), (-0.9996528, -0.013597277, -0.022569938), (-0.9998629, 0.007936514, -0.01453527), (-0.9997778, 0.011270481, -0.01781698), (-0.9998497, 0.006910163, -0.015905151), (-0.9998629, 0.007936514, -0.01453527), (-0.9995716, -0.027259788, 0.010657928), (-0.9997778, 0.011270481, -0.01781698), (-0.9995436, -0.029682802, -0.0056112567), (-0.9996528, -0.013597277, -0.022569938), (-0.99910957, -0.04004186, 0.013295872), (-0.9995716, -0.027259788, 0.010657928), (-0.99910957, -0.04004186, 0.013295872), (-0.9997778, 0.011270481, -0.01781698), (-0.9995716, -0.027259788, 0.010657928), (-0.9995436, -0.029682802, -0.0056112567), (-0.99910957, -0.04004186, 0.013295872), (-0.9999694, -0.000111413385, -0.007830239), (-0.9995511, 0.010515749, -0.02805313), (-0.029903376, -0.9975968, 0.06250204), (-0.9999929, -0.0029522763, 0.0023489364), (-0.999806, 0.018024579, 0.007948693), (-0.033078294, -0.43850887, -0.89811796), (-0.99987507, 0.0038779115, -0.015328083), (0.00038275, 0.9999742, -0.007175634), (-0.9999249, -0.0025496269, 0.011991859), (-0.99948287, -0.028433235, 0.0150173465), (0.00038275, 0.9999742, -0.007175634), (-0.99977285, -0.019171523, -0.009311526), (-0.99985725, 0.0068861996, 0.015431323), (-0.033078216, 0.099338904, 0.99450374), (-0.9915455, -0.019885696, -0.12822682), (-0.9995388, 0.02715683, -0.013594422), (-0.999708, 0.024158655, -0.0007370052), (-0.030482434, -0.85513026, 0.5175162), (-0.9997903, 0.0084905755, -0.01863265), (-0.9995388, 0.02715683, -0.013594422), (-0.030167723, -0.9588744, 0.28222334), (-0.9999075, -0.008996517, 0.010212124), (-0.9997903, 0.0084905755, -0.01863265), (-0.030263698, -0.9974036, 0.065347865), (-0.9995414, -0.015946403, -0.025742095), (-0.076562166, 0.8973254, 0.43467852), (-0.9996, -0.027037079, -0.008306054), (-0.9995918, 0.021916248, 0.018329313), (-0.082505636, 0.9527013, -0.29249468), (-0.99997616, 0.0042724004, -0.0054467455), (-0.9997927, 0.02018393, -0.0026832025), (-0.08351105, 0.8672079, -0.49089348), (-0.9995918, 0.021916248, 0.018329313), (0.00038275, 0.9999742, -0.007175634), (0.04410505, 0.9605233, 0.27468118), (-0.98229814, -0.17705715, -0.061165117), (-0.99997616, 0.0042724004, -0.0054467455), (-0.07678665, 0.9922238, -0.097958654), (-0.9998734, 0.004457776, -0.015279569), (-0.9997589, -0.017270993, -0.013563908), (-0.0898946, -0.9861096, -0.13966663), (-0.9998628, -0.00473089, -0.01587735), (-0.99999243, -0.0036910898, -0.001255477), (-0.07827772, -0.77335274, -0.62912494), (-0.999961, -0.00012005715, -0.0088335015), (-0.99968237, -0.01492713, -0.020308161), (-0.035033662, -0.49576017, 0.8677526), (-0.99962246, 0.0037240658, -0.027225927), (-0.9998051, -0.01409561, 0.013827453), (-0.9999694, -0.000111413385, -0.007830239), (-0.030715443, -0.98377824, -0.1767397), (-0.9998428, 0.017175248, -0.0044224933), (-0.0890044, 0.6041698, -0.7918694), (-0.99986726, 0.016253982, 0.001207033), (-0.9999796, 0.0054350435, 0.0033695619), (-0.084278226, 0.9941616, 0.06737868), (-0.99972856, -0.0143818855, -0.018331029), (-0.99829096, -0.020717762, -0.054645054), (-0.13576443, 0.9875322, 0.07967587), (-0.9988137, -0.045653153, 0.016940279), (-0.99868023, -0.04968096, 0.013024495), (-0.9988137, -0.045653153, 0.016940279), (-0.13576443, 0.9875322, 0.07967587), (-0.103591785, -0.8413511, -0.5304688), (-0.9998681, 0.006950806, -0.014683718), (-0.0723847, -0.029828813, 0.99693066), (-0.9999065, 0.0136747155, -0.00015148924), (-0.0723847, -0.029828813, 0.99693066), (-0.9998681, 0.006950806, -0.014683718), (-0.99986595, -0.016374756, 0.00006415818), (-0.99977285, -0.019171523, -0.009311526), (0.00038275, 0.9999742, -0.007175634), (-0.9994833, 0.03030727, 0.010716924), (0.0816647, 0.6293307, -0.7728349), (-0.16118094, 0.9864807, -0.0296055), (-0.9994833, 0.03030727, 0.010716924), (-0.1376537, 0.98970807, -0.03910874), (0.06698515, 0.83689576, -0.54324806), (-0.99991053, 0.013361598, -0.0006595381), (-0.07927199, -0.9541684, 0.28858048), (-0.99992186, 0.01190897, 0.003813646), (-0.19669007, 0.9314345, 0.3061747), (-0.047300316, 0.6524027, 0.7563951), (0.00038275, 0.9999742, -0.007175634), (0.00038275, 0.9999742, -0.007175634), (-0.007840389, 0.46855596, 0.883399), (-0.998671, -0.02100496, -0.04706437), (-0.9999287, 0.0030048506, 0.01156539), (-0.99997103, 0.00552841, 0.005239208), (-0.027299274, 0.017503217, 0.99947405), (-0.9996971, -0.022756688, 0.0093759475), (-0.079546064, -0.36332706, -0.9282596), (-0.9999239, 0.0008463606, -0.012310702), (-0.99985725, 0.0068861996, 0.015431323), (-0.999318, 0.035465468, -0.01028412), (-0.073462166, -0.96634585, 0.24653406), (-0.99994105, -0.00084334554, -0.010824057), (-0.033362456, -0.506672, 0.8614932), (-0.999656, 0.002015021, -0.026152426), (-0.999708, 0.024158655, -0.0007370052), (-0.999656, 0.002015021, -0.026152426), (-0.08257821, -0.80318886, 0.5899733), (-0.99971586, 0.021787237, -0.009671279), (-0.08061142, 0.71423846, -0.6952447), (-0.99960554, 0.027997581, -0.0022349872), (-0.99960554, 0.027997581, -0.0022349872), (-0.0816845, 0.86707723, -0.49143142), (-0.99973017, 0.016705358, -0.016145572), (-0.99973017, 0.016705358, -0.016145572), (-0.08127136, 0.9631778, -0.25628826), (-0.9998768, 0.015120157, 0.0042101583), (-0.9998768, 0.015120157, 0.0042101583), (-0.08011045, 0.99671876, -0.011578825), (-0.9998146, 0.017921258, 0.00704366), (-0.9998146, 0.017921258, 0.00704366), (-0.08460767, 0.99420494, 0.06631846), (-0.9995414, -0.015946403, -0.025742095), (-0.07047148, 0.21762483, 0.97348505), (-0.99995893, 0.00030403066, -0.009067042), (0.061921664, 0.43073112, 0.9003536), (-0.077392936, 0.18648504, 0.9794048), (-0.07047148, 0.21762483, 0.97348505), (0.046493236, 0.41718456, 0.90763175), (-0.99999344, -0.00037718855, -0.0036065488), (-0.0786809, 0.5203874, 0.8502979), (0.0042659803, 0.6273145, 0.77875435), (-0.9901443, -0.03336465, -0.136019), (-0.07726001, -0.14903043, 0.9858097), (0.00038275, 0.9999742, -0.007175634), (-0.9989894, -0.040789045, -0.018883372), (-0.9992906, -0.037655942, 0.0005820984), (-0.08654232, -0.07070428, -0.9937361), (-0.99986726, 0.016253982, 0.001207033), (-0.08152863, 0.866883, -0.49179992), (-0.99985737, 0.01391671, -0.009572562), (-0.9997157, -0.021731922, 0.0098239845), (-0.059462767, -0.30165666, 0.9515606), (-0.99936104, -0.03246351, 0.014956083), (-0.9998333, 0.009824798, 0.0153981075), (-0.99936104, -0.03246351, 0.014956083), (-0.0032830294, 0.16757746, 0.98585355), (-0.99758, 0.0046508606, -0.069373645), (-0.07812641, -0.79021114, 0.60783434), (-0.99987215, -0.0077235713, -0.01400359), (-0.999874, -0.013593059, -0.0082128), (-0.08929017, -0.6218552, 0.7780253), (-0.99758, 0.0046508606, -0.069373645), (-0.99718535, -0.035791285, 0.065882914), (-0.98727655, -0.035592113, 0.15497784), (-0.03295374, 0.44934288, -0.89275134), (-0.99718535, -0.035791285, 0.065882914), (-0.08213859, 0.7627617, -0.6414421), (-0.99958736, -0.023438653, -0.016605739), (-0.99964094, -0.023729453, 0.012444988), (-0.079139, -0.36549988, -0.9274411), (-0.9998719, 0.0038889507, -0.015527883), (-0.0786809, 0.5203874, 0.8502979), (-0.9558208, 0.024395676, 0.29293603), (-0.056878127, 0.40277696, 0.9135293), (-0.20405269, -0.95737845, 0.20442377), (-0.26571944, -0.93286526, 0.24321927), (-0.2040527, -0.9573784, 0.20442376), (-0.2040527, -0.9573784, 0.20442376), (-0.9999452, 0.009541126, 0.004316762), (-0.20405269, -0.95737845, 0.20442377), (-0.26571944, -0.93286526, 0.24321927), (-0.055318177, 0.44188702, 0.8953635), (0.00012965214, 0.4748112, 0.8800877), (0.00012965214, 0.4748112, 0.8800877), (-0.2040527, -0.9573784, 0.20442376), (-0.26571944, -0.93286526, 0.24321927), (-0.055318177, 0.44188702, 0.8953635), (-0.1361947, 0.45790496, 0.87850684), (-0.9999203, 0.009435363, 0.008391115), (-0.9999203, 0.009435363, 0.008391115), (0.00012965214, 0.4748112, 0.8800877), (-0.055318177, 0.44188702, 0.8953635), (-0.098883584, 0.48830244, 0.86705416), (-0.9999203, 0.009435363, 0.008391115), (-0.1361947, 0.45790496, 0.87850684), (-0.1361947, 0.45790496, 0.87850684), (-0.13773158, 0.57137877, 0.80904657), (-0.9998049, 0.016464857, 0.01091243), (-0.9998049, 0.016464857, 0.01091243), (-0.098883584, 0.48830244, 0.86705416), (-0.1361947, 0.45790496, 0.87850684), (-0.08850954, 0.60573757, 0.79072636), (-0.9998049, 0.016464857, 0.01091243), (-0.13773158, 0.57137877, 0.80904657), (-0.13773158, 0.57137877, 0.80904657), (-0.12629782, 0.6998858, 0.7029998), (-0.99972045, -0.0011026991, 0.023622118), (-0.99972045, -0.0011026991, 0.023622118), (-0.08850954, 0.60573757, 0.79072636), (-0.13773158, 0.57137877, 0.80904657), (-0.09468834, 0.71521676, 0.69245875), (-0.99972045, -0.0011026991, 0.023622118), (-0.12629782, 0.6998858, 0.7029998), (-0.12629782, 0.6998858, 0.7029998), (-0.131969, 0.8015348, 0.58320343), (-0.99889433, -0.031282645, 0.03509342), (-0.99889433, -0.031282645, 0.03509342), (-0.09468834, 0.71521676, 0.69245875), (-0.12629782, 0.6998858, 0.7029998), (-0.131969, 0.8015348, 0.58320343), (-0.1394958, 0.8725115, 0.46825695), (-0.9999715, -0.0047190483, -0.0059085833), (-0.9999715, -0.0047190483, -0.0059085833), (-0.99889433, -0.031282645, 0.03509342), (-0.131969, 0.8015348, 0.58320343), (-0.1394958, 0.8725115, 0.46825695), (-0.14242198, 0.9172537, 0.37197006), (-0.99999714, -0.0019356384, -0.0014028928), (-0.99999714, -0.0019356384, -0.0014028928), (-0.9999715, -0.0047190483, -0.0059085833), (-0.1394958, 0.8725115, 0.46825695), (-0.14242198, 0.9172537, 0.37197006), (-0.13944477, 0.95596045, 0.25825334), (-0.9999684, -0.007578185, -0.0023999868), (-0.9999684, -0.007578185, -0.0023999868), (-0.99999714, -0.0019356384, -0.0014028928), (-0.14242198, 0.9172537, 0.37197006), (-0.13944477, 0.95596045, 0.25825334), (-0.14541808, 0.9762057, 0.1608605), (-0.99994737, 0.00075214903, -0.010237749), (-0.99994737, 0.00075214903, -0.010237749), (-0.9999684, -0.007578185, -0.0023999868), (-0.13944477, 0.95596045, 0.25825334), (-0.14541808, 0.9762057, 0.1608605), (-0.14538136, 0.9871799, 0.06588078), (-0.99999994, 0.00038223105, -0.00005608408), (-0.99999994, 0.00038223105, -0.00005608408), (-0.99994737, 0.00075214903, -0.010237749), (-0.14541808, 0.9762057, 0.1608605), (-0.14538136, 0.9871799, 0.06588078), (-0.1453652, 0.98900706, -0.027093796), (-0.9997323, -0.012986602, -0.019154947), (-0.9997323, -0.012986602, -0.019154947), (-0.99999994, 0.00038223105, -0.00005608408), (-0.14538136, 0.9871799, 0.06588078), (-0.1453652, 0.98900706, -0.027093796), (-0.14541043, 0.9818393, -0.121850036), (-0.9998758, -0.014750459, 0.005571115), (-0.9998758, -0.014750459, 0.005571115), (-0.9997323, -0.012986602, -0.019154947), (-0.1453652, 0.98900706, -0.027093796), (-0.14541043, 0.9818393, -0.121850036), (-0.13837294, 0.9654917, -0.22063273), (-0.99980617, -0.005985385, 0.018757148), (-0.99980617, -0.005985385, 0.018757148), (-0.9998758, -0.014750459, 0.005571115), (-0.14541043, 0.9818393, -0.121850036), (-0.13837294, 0.9654917, -0.22063273), (-0.13317716, 0.92581564, -0.35373637), (-0.9997162, -0.022593612, 0.00754856), (-0.9997162, -0.022593612, 0.00754856), (-0.99980617, -0.005985385, 0.018757148), (-0.13837294, 0.9654917, -0.22063273), (-0.13317716, 0.92581564, -0.35373637), (-0.14402926, 0.8837289, -0.44528505), (-0.9996305, -0.027144898, 0.0014585807), (-0.9996305, -0.027144898, 0.0014585807), (-0.9997162, -0.022593612, 0.00754856), (-0.13317716, 0.92581564, -0.35373637), (-0.14402926, 0.8837289, -0.44528505), (-0.13701828, 0.8101556, -0.5699773), (-0.9997577, -0.018589886, 0.011796818), (-0.9997577, -0.018589886, 0.011796818), (-0.9996305, -0.027144898, 0.0014585807), (-0.14402926, 0.8837289, -0.44528505), (-0.13701828, 0.8101556, -0.5699773), (-0.14925714, 0.7405072, -0.6552645), (-0.99984443, 0.00047697374, 0.017637577), (-0.99984443, 0.00047697374, 0.017637577), (-0.9997577, -0.018589886, 0.011796818), (-0.13701828, 0.8101556, -0.5699773), (-0.14925714, 0.7405072, -0.6552645), (-0.14557068, 0.65280503, -0.7434076), (-0.99998295, 0.005839324, 0.00017691386), (-0.99998295, 0.005839324, 0.00017691386), (-0.99984443, 0.00047697374, 0.017637577), (-0.14925714, 0.7405072, -0.6552645), (-0.14557068, 0.65280503, -0.7434076), (-0.145619, 0.5540149, -0.81967235), (-0.99996686, 0.0049236873, -0.0064817965), (-0.99996686, 0.0049236873, -0.0064817965), (-0.99998295, 0.005839324, 0.00017691386), (-0.14557068, 0.65280503, -0.7434076), (-0.145619, 0.5540149, -0.81967235), (-0.14753403, 0.44509685, -0.8832455), (-0.9999891, -0.001992838, -0.004239769), (-0.9999891, -0.001992838, -0.004239769), (-0.99996686, 0.0049236873, -0.0064817965), (-0.145619, 0.5540149, -0.81967235), (-0.14753403, 0.44509685, -0.8832455), (-0.14405093, 0.34912983, -0.9259362), (-0.9999481, 0.009601915, 0.0034233953), (-0.9999481, 0.009601915, 0.0034233953), (-0.9999891, -0.001992838, -0.004239769), (-0.14753403, 0.44509685, -0.8832455), (-0.14405093, 0.34912983, -0.9259362), (-0.13723789, 0.23000073, -0.96346533), (-0.9999886, 0.004596559, -0.0013286581), (-0.9999886, 0.004596559, -0.0013286581), (-0.9999481, 0.009601915, 0.0034233953), (-0.14405093, 0.34912983, -0.9259362), (-0.13723789, 0.23000073, -0.96346533), (-0.14403118, 0.151085, -0.97797155), (-0.9999942, -0.0029939227, -0.001622348), (-0.9999942, -0.0029939227, -0.001622348), (-0.9999886, 0.004596559, -0.0013286581), (-0.13723789, 0.23000073, -0.96346533), (-0.14403118, 0.151085, -0.97797155), (-0.13727139, 0.049644362, -0.9892887), (-0.99999183, -0.0029748364, 0.0027437797), (-0.99999183, -0.0029748364, 0.0027437797), (-0.9999942, -0.0029939227, -0.001622348), (-0.14403118, 0.151085, -0.97797155), (-0.13727139, 0.049644362, -0.9892887), (-0.14943649, -0.017698864, -0.98861295), (-0.9999889, -0.0035319345, 0.0031165774), (-0.9999889, -0.0035319345, 0.0031165774), (-0.99999183, -0.0029748364, 0.0027437797), (-0.13727139, 0.049644362, -0.9892887), (-0.14943649, -0.017698864, -0.98861295), (-0.14572744, -0.1028882, -0.9839602), (-0.999999, 0.00019674511, -0.0014256269), (-0.999999, 0.00019674511, -0.0014256269), (-0.9999889, -0.0035319345, 0.0031165774), (-0.14943649, -0.017698864, -0.98861295), (-0.14572744, -0.1028882, -0.9839602), (-0.14579037, -0.19487907, -0.9699316), (-0.9999782, 0.0030053384, -0.005887051), (-0.9999782, 0.0030053384, -0.005887051), (-0.999999, 0.00019674511, -0.0014256269), (-0.14572744, -0.1028882, -0.9839602), (-0.14579037, -0.19487907, -0.9699316), (-0.14586416, -0.2945316, -0.9444441), (-0.9999741, -0.0016519688, -0.0070117577), (-0.9999741, -0.0016519688, -0.0070117577), (-0.9999782, 0.0030053384, -0.005887051), (-0.14579037, -0.19487907, -0.9699316), (-0.14586416, -0.2945316, -0.9444441), (-0.14593557, -0.39913285, -0.90520483), (-0.99997365, -0.0021877224, -0.0069280514), (-0.99997365, -0.0021877224, -0.0069280514), (-0.9999741, -0.0016519688, -0.0070117577), (-0.14586416, -0.2945316, -0.9444441), (-0.14593557, -0.39913285, -0.90520483), (-0.14599943, -0.5046255, -0.8509038), (-0.9999788, -0.0057888976, -0.003035214), (-0.9999788, -0.0057888976, -0.003035214), (-0.99997365, -0.0021877224, -0.0069280514), (-0.14593557, -0.39913285, -0.90520483), (-0.14599943, -0.5046255, -0.8509038), (-0.14604948, -0.60599226, -0.78194815), (-0.9999918, -0.0020529132, -0.0035267621), (-0.9999918, -0.0020529132, -0.0035267621), (-0.9999788, -0.0057888976, -0.003035214), (-0.14599943, -0.5046255, -0.8509038), (-0.14604948, -0.60599226, -0.78194815), (-0.14606892, -0.6954265, -0.703595), (-0.9996788, -0.01367292, 0.021339316), (-0.9996788, -0.01367292, 0.021339316), (-0.9999918, -0.0020529132, -0.0035267621), (-0.14604948, -0.60599226, -0.78194815), (-0.14606892, -0.6954265, -0.703595), (-0.1461012, -0.7733478, -0.616918), (-0.99986327, 0.0152112385, 0.006498033), (-0.99986327, 0.0152112385, 0.006498033), (-0.9996788, -0.01367292, 0.021339316), (-0.14606892, -0.6954265, -0.703595), (-0.1461012, -0.7733478, -0.616918), (-0.1431025, -0.8406426, -0.5223426), (-0.9997941, 0.020010287, -0.0033632943), (-0.9997941, 0.020010287, -0.0033632943), (-0.99986327, 0.0152112385, 0.006498033), (-0.1461012, -0.7733478, -0.616918), (-0.1431025, -0.8406426, -0.5223426), (-0.14014398, -0.902531, -0.40718254), (-0.99982363, 0.017008219, 0.007968666), (-0.99982363, 0.017008219, 0.007968666), (-0.9997941, 0.020010287, -0.0033632943), (-0.1431025, -0.8406426, -0.5223426), (-0.14014398, -0.902531, -0.40718254), (-0.14619401, -0.94346404, -0.2974943), (-0.99983865, 0.007390308, 0.016375), (-0.99983865, 0.007390308, 0.016375), (-0.99982363, 0.017008219, 0.007968666), (-0.14014398, -0.902531, -0.40718254), (-0.14619401, -0.94346404, -0.2974943), (-0.1461869, -0.971863, -0.18469365), (-0.9999024, 0.013709226, 0.0026847934), (-0.9999024, 0.013709226, 0.0026847934), (-0.99983865, 0.007390308, 0.016375), (-0.14619401, -0.94346404, -0.2974943), (-0.1461869, -0.971863, -0.18469365), (-0.14616945, -0.986274, -0.07679976), (-0.9998999, 0.014095996, 0.0012522227), (-0.9998999, 0.014095996, 0.0012522227), (-0.9999024, 0.013709226, 0.0026847934), (-0.1461869, -0.971863, -0.18469365), (-0.14616945, -0.986274, -0.07679976), (-0.14612165, -0.9892141, 0.010193151), (-0.9999156, 0.010634102, -0.007465306), (-0.9999156, 0.010634102, -0.007465306), (-0.9998999, 0.014095996, 0.0012522227), (-0.14616945, -0.986274, -0.07679976), (-0.14612165, -0.9892141, 0.010193151), (-0.14609712, -0.9848539, 0.09337242), (-0.9999794, 0.0064191306, -0.00054964545), (-0.9999794, 0.0064191306, -0.00054964545), (-0.9999156, 0.010634102, -0.007465306), (-0.14612165, -0.9892141, 0.010193151), (-0.14609712, -0.9848539, 0.09337242), (-0.1431034, -0.975067, 0.16960452), (-0.99971443, -0.002687411, -0.023744997), (-0.99971443, -0.002687411, -0.023744997), (-0.9999794, 0.0064191306, -0.00054964545), (-0.14609712, -0.9848539, 0.09337242), (-0.1431034, -0.975067, 0.16960452), (-0.13493519, -0.9567353, 0.25777912), (-0.99995166, 0.0010032069, -0.009783468), (-0.99995166, 0.0010032069, -0.009783468), (-0.99971443, -0.002687411, -0.023744997), (-0.1431034, -0.975067, 0.16960452), (-0.13493519, -0.9567353, 0.25777912), (-0.13566664, -0.9224888, 0.36139885), (-0.999676, 0.015274409, 0.02035935), (-0.999676, 0.015274409, 0.02035935), (-0.99995166, 0.0010032069, -0.009783468), (-0.13493519, -0.9567353, 0.25777912), (-0.13566664, -0.9224888, 0.36139885), (-0.14802368, -0.8822682, 0.44686884), (-0.9999823, 0.0053736665, -0.0025857817), (-0.9999823, 0.0053736665, -0.0025857817), (-0.999676, 0.015274409, 0.02035935), (-0.13566664, -0.9224888, 0.36139885), (-0.14802368, -0.8822682, 0.44686884), (-0.14987782, -0.8344581, 0.5302983), (-0.9995687, 0.027609427, 0.010010209), (-0.9995687, 0.027609427, 0.010010209), (-0.9999823, 0.0053736665, -0.0025857817), (-0.14802368, -0.8822682, 0.44686884), (-0.14987782, -0.8344581, 0.5302983), (-0.1461366, -0.770496, 0.62046754), (-0.9997, 0.023894573, -0.0053882347), (-0.9997, 0.023894573, -0.0053882347), (-0.9995687, 0.027609427, 0.010010209), (-0.14987782, -0.8344581, 0.5302983), (-0.1461366, -0.770496, 0.62046754), (-0.14611174, -0.6977931, 0.7012391), (-0.99977285, 0.0026151845, -0.021155626), (-0.99977285, 0.0026151845, -0.021155626), (-0.9997, 0.023894573, -0.0053882347), (-0.1461366, -0.770496, 0.62046754), (-0.14611174, -0.6977931, 0.7012391), (-0.14298461, -0.6234139, 0.76870704), (-0.99977237, -0.005323428, -0.020665918), (-0.99977237, -0.005323428, -0.020665918), (-0.99977285, 0.0026151845, -0.021155626), (-0.14611174, -0.6977931, 0.7012391), (-0.14298461, -0.6234139, 0.76870704), (-0.13699311, -0.53864, 0.8313242), (-0.99970084, -0.0038220265, -0.024156574), (-0.99970084, -0.0038220265, -0.024156574), (-0.99977237, -0.005323428, -0.020665918), (-0.14298461, -0.6234139, 0.76870704), (-0.13699311, -0.53864, 0.8313242), (-0.13472146, -0.46221006, 0.8764771), (-0.9995734, 0.025942033, -0.0134172905), (-0.9995734, 0.025942033, -0.0134172905), (-0.99970084, -0.0038220265, -0.024156574), (-0.13699311, -0.53864, 0.8313242), (-0.13472146, -0.46221006, 0.8764771), (-0.14117654, -0.3644596, 0.9204555), (-0.99864, 0.051603895, -0.0074350876), (-0.99864, 0.051603895, -0.0074350876), (-0.9995734, 0.025942033, -0.0134172905), (-0.13472146, -0.46221006, 0.8764771), (-0.14117654, -0.3644596, 0.9204555), (-0.1446515, -0.33687842, 0.93037033), (-0.998025, -0.056232944, -0.028000528), (-0.998025, -0.056232944, -0.028000528), (-0.99864, 0.051603895, -0.0074350876), (-0.14117654, -0.3644596, 0.9204555), (-0.1446515, -0.33687842, 0.93037033), (0.04410505, 0.9605233, 0.27468115), (0.00038275, 0.9999742, -0.007175634), (0.00038275, 0.9999742, -0.007175634), (-0.998025, -0.056232944, -0.028000528), (-0.1446515, -0.33687842, 0.93037033), (0.04410505, 0.9605233, 0.27468115), (0.19641551, 0.95713127, 0.21288708), (0.04410505, 0.9605233, 0.27468118), (0.04410505, 0.9605233, 0.27468118), (0.00038275, 0.9999742, -0.007175634), (0.04410505, 0.9605233, 0.27468115), (-0.98229814, -0.17705715, -0.061165117), (0.04410505, 0.9605233, 0.27468118), (0.19641551, 0.95713127, 0.21288708), (0.19641551, 0.95713127, 0.21288708), (-0.13393031, 0.39752164, -0.9077661), (-0.15220141, 0.32018784, -0.935048), (-0.15220141, 0.32018784, -0.935048), (-0.98229814, -0.17705715, -0.061165117), (0.19641551, 0.95713127, 0.21288708), (-0.9997051, 0.023063583, -0.0076060724), (-0.15220141, 0.32018784, -0.935048), (-0.13393031, 0.39752164, -0.9077661), (-0.13393031, 0.39752164, -0.9077661), (-0.12866656, 0.53309184, -0.83621645), (-0.13303313, 0.46828687, -0.8735042), (-0.13303313, 0.46828687, -0.8735042), (-0.9997051, 0.023063583, -0.0076060724), (-0.13393031, 0.39752164, -0.9077661), (-0.99977195, 0.0070168213, -0.020169614), (-0.13303313, 0.46828687, -0.8735042), (-0.12866656, 0.53309184, -0.83621645), (-0.12866656, 0.53309184, -0.83621645), (-0.11015417, 0.7492263, -0.65308964), (-0.147138, 0.6198191, -0.7708274), (-0.147138, 0.6198191, -0.7708274), (-0.99977195, 0.0070168213, -0.020169614), (-0.12866656, 0.53309184, -0.83621645), (-0.9997927, 0.02018393, -0.0026832025), (-0.147138, 0.6198191, -0.7708274), (-0.11015417, 0.7492263, -0.65308964), (-0.11015417, 0.7492263, -0.65308964), (-0.057443667, 0.9015856, -0.4287699), (-0.08351105, 0.8672079, -0.49089348), (-0.08351105, 0.8672079, -0.49089348), (-0.9997927, 0.02018393, -0.0026832025), (-0.11015417, 0.7492263, -0.65308964), (-0.9995918, 0.021916248, 0.018329313), (-0.08351105, 0.8672079, -0.49089348), (-0.057443667, 0.9015856, -0.4287699), (-0.057443667, 0.9015856, -0.4287699), (-0.054376952, 0.9709304, -0.23310405), (-0.082505636, 0.9527013, -0.29249468), (-0.082505636, 0.9527013, -0.29249468), (-0.9995918, 0.021916248, 0.018329313), (-0.057443667, 0.9015856, -0.4287699), (-0.99997616, 0.0042724004, -0.0054467455), (-0.082505636, 0.9527013, -0.29249468), (-0.054376952, 0.9709304, -0.23310405), (-0.054376952, 0.9709304, -0.23310405), (-0.09739207, 0.9920642, -0.0795214), (-0.07678665, 0.9922238, -0.097958654), (-0.07678665, 0.9922238, -0.097958654), (-0.99997616, 0.0042724004, -0.0054467455), (-0.054376952, 0.9709304, -0.23310405), (-0.9998734, 0.004457776, -0.015279569), (-0.07678665, 0.9922238, -0.097958654), (-0.09739207, 0.9920642, -0.0795214), (-0.09739207, 0.9920642, -0.0795214), (-0.13572095, 0.9875757, 0.07920894), (-0.13932481, 0.9900243, -0.020985693), (-0.13932481, 0.9900243, -0.020985693), (-0.9998734, 0.004457776, -0.015279569), (-0.09739207, 0.9920642, -0.0795214), (-0.99990743, 0.013024864, -0.003940029), (-0.13932481, 0.9900243, -0.020985693), (-0.13572095, 0.9875757, 0.07920894), (-0.13572095, 0.9875757, 0.07920894), (-0.13677846, 0.9444681, 0.29878363), (-0.1422412, 0.97372746, 0.17782672), (-0.1422412, 0.97372746, 0.17782672), (-0.99990743, 0.013024864, -0.003940029), (-0.13572095, 0.9875757, 0.07920894), (-0.9998655, 0.012461476, 0.010662408), (-0.1422412, 0.97372746, 0.17782672), (-0.13677846, 0.9444681, 0.29878363), (-0.13677846, 0.9444681, 0.29878363), (-0.13719931, 0.8345829, 0.5335238), (-0.14265482, 0.8968721, 0.41865265), (-0.14265482, 0.8968721, 0.41865265), (-0.9998655, 0.012461476, 0.010662408), (-0.13677846, 0.9444681, 0.29878363), (-0.99979734, 0.020091677, 0.0013009285), (-0.14265482, 0.8968721, 0.41865265), (-0.13719931, 0.8345829, 0.5335238), (-0.13719931, 0.8345829, 0.5335238), (-0.14441843, 0.6966013, 0.7027731), (-0.14388551, 0.7646935, 0.6281249), (-0.14388551, 0.7646935, 0.6281249), (-0.99979734, 0.020091677, 0.0013009285), (-0.13719931, 0.8345829, 0.5335238), (-0.9997468, -0.0040822052, 0.022131123), (-0.14388551, 0.7646935, 0.6281249), (-0.14441843, 0.6966013, 0.7027731), (-0.14441843, 0.6966013, 0.7027731), (-0.13641402, 0.5400069, 0.8305324), (-0.99962056, -0.020748368, 0.018120259), (-0.99962056, -0.020748368, 0.018120259), (-0.9997468, -0.0040822052, 0.022131123), (-0.14441843, 0.6966013, 0.7027731), (-0.13641402, 0.5400069, 0.8305324), (-0.14634006, 0.37591627, 0.9150255), (-0.99998105, -0.0059626573, -0.0015967905), (-0.99998105, -0.0059626573, -0.0015967905), (-0.99962056, -0.020748368, 0.018120259), (-0.13641402, 0.5400069, 0.8305324), (-0.14634006, 0.37591627, 0.9150255), (-0.13670817, 0.282067, 0.94960475), (-0.9999738, -0.005955747, -0.00413627), (-0.9999738, -0.005955747, -0.00413627), (-0.99998105, -0.0059626573, -0.0015967905), (-0.14634006, 0.37591627, 0.9150255), (-0.13670817, 0.282067, 0.94960475), (-0.14166656, 0.20088193, 0.96931785), (-0.99997383, 0.0016699842, -0.0070331963), (-0.99997383, 0.0016699842, -0.0070331963), (-0.9999738, -0.005955747, -0.00413627), (-0.13670817, 0.282067, 0.94960475), (-0.14166656, 0.20088193, 0.96931785), (-0.14939421, 0.113905996, 0.9821949), (-0.99995434, 0.00853468, -0.0043118903), (-0.99995434, 0.00853468, -0.0043118903), (-0.99997383, 0.0016699842, -0.0070331963), (-0.14166656, 0.20088193, 0.96931785), (-0.14939421, 0.113905996, 0.9821949), (-0.14570741, 0.052785784, 0.98791856), (-0.9999993, 0.00042489963, 0.00119223), (-0.9999993, 0.00042489963, 0.00119223), (-0.99995434, 0.00853468, -0.0043118903), (-0.14939421, 0.113905996, 0.9821949), (-0.14570741, 0.052785784, 0.98791856), (-0.14572631, -0.0024000846, 0.98932207), (-0.9999924, 0.00038605678, 0.0038839327), (-0.9999924, 0.00038605678, 0.0038839327), (-0.9999993, 0.00042489963, 0.00119223), (-0.14570741, 0.052785784, 0.98791856), (-0.14572631, -0.0024000846, 0.98932207), (-0.14069284, -0.071675636, 0.9874555), (-0.99996424, -0.007575806, 0.003778412), (-0.99996424, -0.007575806, 0.003778412), (-0.9999924, 0.00038605678, 0.0038839327), (-0.14572631, -0.0024000846, 0.98932207), (-0.14069284, -0.071675636, 0.9874555), (-0.1323297, -0.13199294, 0.9823781), (-0.9999634, -0.008537468, 0.0006406705), (-0.9999634, -0.008537468, 0.0006406705), (-0.99996424, -0.007575806, 0.003778412), (-0.14069284, -0.071675636, 0.9874555), (-0.1323297, -0.13199294, 0.9823781), (-0.14154252, -0.21073692, 0.96724135), (-0.999998, 0.00073750986, -0.0019120807), (-0.999998, 0.00073750986, -0.0019120807), (-0.9999634, -0.008537468, 0.0006406705), (-0.1323297, -0.13199294, 0.9823781), (-0.14154252, -0.21073692, 0.96724135), (-0.14978324, -0.3197609, 0.93558425), (-0.9999452, 0.010344398, 0.0015972675), (-0.9999452, 0.010344398, 0.0015972675), (-0.999998, 0.00073750986, -0.0019120807), (-0.14154252, -0.21073692, 0.96724135), (-0.14978324, -0.3197609, 0.93558425), (-0.15094452, -0.45293513, 0.87867266), (-0.9999986, 0.0016529167, -0.00017338629), (-0.9999986, 0.0016529167, -0.00017338629), (-0.9999452, 0.010344398, 0.0015972675), (-0.14978324, -0.3197609, 0.93558425), (-0.15094452, -0.45293513, 0.87867266), (-0.14995372, -0.6323241, 0.7600528), (-0.9999946, 0.0019875292, -0.0026260533), (-0.9999946, 0.0019875292, -0.0026260533), (-0.9999986, 0.0016529167, -0.00017338629), (-0.15094452, -0.45293513, 0.87867266), (-0.99968094, 0.014524139, 0.020666163), (-0.9999946, 0.0019875292, -0.0026260533), (-0.14995372, -0.6323241, 0.7600528), (-0.14995372, -0.6323241, 0.7600528), (-0.14185333, -0.7800912, 0.60937285), (-0.1462994, -0.6906851, 0.7082024), (-0.1462994, -0.6906851, 0.7082024), (-0.99968094, 0.014524139, 0.020666163), (-0.14995372, -0.6323241, 0.7600528), (-0.99971426, -0.0027872687, 0.023744242), (-0.1462994, -0.6906851, 0.7082024), (-0.14185333, -0.7800912, 0.60937285), (-0.14185333, -0.7800912, 0.60937285), (-0.1377048, -0.91378015, 0.38215598), (-0.14925538, -0.8514166, 0.502805), (-0.14925538, -0.8514166, 0.502805), (-0.99971426, -0.0027872687, 0.023744242), (-0.14185333, -0.7800912, 0.60937285), (-0.99964327, -0.02658121, 0.0026251753), (-0.14925538, -0.8514166, 0.502805), (-0.1377048, -0.91378015, 0.38215598), (-0.1377048, -0.91378015, 0.38215598), (-0.1297249, -0.97785234, 0.16424471), (-0.13946964, -0.95509, 0.26144084), (-0.13946964, -0.95509, 0.26144084), (-0.99964327, -0.02658121, 0.0026251753), (-0.1377048, -0.91378015, 0.38215598), (-0.9998228, -0.015104037, 0.01124089), (-0.13946964, -0.95509, 0.26144084), (-0.1297249, -0.97785234, 0.16424471), (-0.1297249, -0.97785234, 0.16424471), (-0.10587186, -0.99129814, -0.07822556), (-0.14110227, -0.9879206, 0.06405623), (-0.14110227, -0.9879206, 0.06405623), (-0.9998228, -0.015104037, 0.01124089), (-0.1297249, -0.97785234, 0.16424471), (-0.9997589, -0.017270993, -0.013563908), (-0.14110227, -0.9879206, 0.06405623), (-0.10587186, -0.99129814, -0.07822556), (-0.10587186, -0.99129814, -0.07822556), (-0.05196192, -0.9438387, -0.3262951), (-0.0898946, -0.9861096, -0.13966663), (-0.0898946, -0.9861096, -0.13966663), (-0.9997589, -0.017270993, -0.013563908), (-0.10587186, -0.99129814, -0.07822556), (-0.9998628, -0.00473089, -0.01587735), (-0.0898946, -0.9861096, -0.13966663), (-0.05196192, -0.9438387, -0.3262951), (-0.05196192, -0.9438387, -0.3262951), (-0.05483757, -0.85473377, -0.5161618), (-0.07567499, -0.8896903, -0.4502495), (-0.07567499, -0.8896903, -0.4502495), (-0.9998628, -0.00473089, -0.01587735), (-0.05196192, -0.9438387, -0.3262951), (-0.99999243, -0.0036910898, -0.001255477), (-0.07567499, -0.8896903, -0.4502495), (-0.05483757, -0.85473377, -0.5161618), (-0.05483757, -0.85473377, -0.5161618), (-0.055146005, -0.7320923, -0.6789696), (-0.07827772, -0.77335274, -0.62912494), (-0.07827772, -0.77335274, -0.62912494), (-0.99999243, -0.0036910898, -0.001255477), (-0.05483757, -0.85473377, -0.5161618), (-0.999961, -0.00012005715, -0.0088335015), (-0.07827772, -0.77335274, -0.62912494), (-0.055146005, -0.7320923, -0.6789696), (-0.055146005, -0.7320923, -0.6789696), (-0.057006728, -0.5755161, -0.81580114), (-0.07822906, -0.6315175, -0.77140504), (-0.07822906, -0.6315175, -0.77140504), (-0.999961, -0.00012005715, -0.0088335015), (-0.055146005, -0.7320923, -0.6789696), (-0.9996209, -0.0058451993, 0.026905445), (-0.07822906, -0.6315175, -0.77140504), (-0.057006728, -0.5755161, -0.81580114), (-0.057006728, -0.5755161, -0.81580114), (-0.064885415, -0.5222313, -0.850332), (-0.08369996, -0.5859541, -0.80601), (-0.08369996, -0.5859541, -0.80601), (-0.9996209, -0.0058451993, 0.026905445), (-0.057006728, -0.5755161, -0.81580114), (-0.99970347, 0.01361978, 0.02019148), (-0.08369996, -0.5859541, -0.80601), (-0.064885415, -0.5222313, -0.850332), (-0.064885415, -0.5222313, -0.850332), (-0.054927584, -0.4937218, -0.86788344), (-0.063485675, -0.40579122, -0.9117582), (-0.063485675, -0.40579122, -0.9117582), (-0.99970347, 0.01361978, 0.02019148), (-0.064885415, -0.5222313, -0.850332), (-0.054927584, -0.4937218, -0.86788344), (-0.20405269, -0.95737845, 0.20442377), (-0.9999452, 0.009541126, 0.004316762), (-0.9999452, 0.009541126, 0.004316762), (-0.063485675, -0.40579122, -0.9117582), (-0.054927584, -0.4937218, -0.86788344), (-0.9996764, 0.021558393, -0.0135018965), (-0.010852323, 0.64995074, 0.75989884), (-0.13108261, 0.5978856, 0.79079086), (-0.13108261, 0.5978856, 0.79079086), (-0.1413328, 0.3977337, 0.9065501), (-0.1611693, 0.48918307, 0.8571607), (-0.1611693, 0.48918307, 0.8571607), (-0.9996764, 0.021558393, -0.0135018965), (-0.13108261, 0.5978856, 0.79079086), (-0.9997703, -0.017803162, 0.011935658), (-0.1611693, 0.48918307, 0.8571607), (-0.1413328, 0.3977337, 0.9065501), (-0.1413328, 0.3977337, 0.9065501), (-0.12817608, 0.19731061, 0.9719256), (-0.13458537, 0.2600111, 0.95618045), (-0.13458537, 0.2600111, 0.95618045), (-0.9997703, -0.017803162, 0.011935658), (-0.1413328, 0.3977337, 0.9065501), (-0.99983346, -0.009924934, 0.015319094), (-0.13458537, 0.2600111, 0.95618045), (-0.12817608, 0.19731061, 0.9719256), (-0.12817608, 0.19731061, 0.9719256), (-0.133488, 0.032099973, 0.99053043), (-0.14151004, 0.08627489, 0.98617023), (-0.14151004, 0.08627489, 0.98617023), (-0.99983346, -0.009924934, 0.015319094), (-0.12817608, 0.19731061, 0.9719256), (-0.99980557, 0.017687306, 0.008718889), (-0.14151004, 0.08627489, 0.98617023), (-0.133488, 0.032099973, 0.99053043), (-0.133488, 0.032099973, 0.99053043), (-0.12894283, -0.117902845, 0.98461807), (-0.1410676, -0.06692482, 0.98773533), (-0.1410676, -0.06692482, 0.98773533), (-0.99980557, 0.017687306, 0.008718889), (-0.133488, 0.032099973, 0.99053043), (-0.9999664, -0.006513608, -0.004983552), (-0.1410676, -0.06692482, 0.98773533), (-0.12894283, -0.117902845, 0.98461807), (-0.12894283, -0.117902845, 0.98461807), (-0.13073415, -0.30249655, 0.94414216), (-0.13724345, -0.22827928, 0.963874), (-0.13724345, -0.22827928, 0.963874), (-0.9999664, -0.006513608, -0.004983552), (-0.12894283, -0.117902845, 0.98461807), (-0.9999372, 0.010612904, 0.0036237456), (-0.13724345, -0.22827928, 0.963874), (-0.13073415, -0.30249655, 0.94414216), (-0.13073415, -0.30249655, 0.94414216), (-0.08202087, -0.4679521, 0.87993944), (-0.13931027, -0.42427245, 0.89475447), (-0.13931027, -0.42427245, 0.89475447), (-0.9999372, 0.010612904, 0.0036237456), (-0.13073415, -0.30249655, 0.94414216), (-0.99968237, -0.01492713, -0.020308161), (-0.13931027, -0.42427245, 0.89475447), (-0.08202087, -0.4679521, 0.87993944), (-0.08202087, -0.4679521, 0.87993944), (-0.028352462, -0.61040497, 0.79158187), (-0.035033662, -0.49576017, 0.8677526), (-0.035033662, -0.49576017, 0.8677526), (-0.99968237, -0.01492713, -0.020308161), (-0.08202087, -0.4679521, 0.87993944), (-0.99962246, 0.0037240658, -0.027225927), (-0.035033662, -0.49576017, 0.8677526), (-0.028352462, -0.61040497, 0.79158187), (-0.028352462, -0.61040497, 0.79158187), (-0.025408788, -0.787084, 0.61632246), (-0.0827795, -0.80501604, 0.5874494), (-0.0827795, -0.80501604, 0.5874494), (-0.99962246, 0.0037240658, -0.027225927), (-0.028352462, -0.61040497, 0.79158187), (-0.99946684, 0.032338865, -0.004522647), (-0.0827795, -0.80501604, 0.5874494), (-0.025408788, -0.787084, 0.61632246), (-0.025408788, -0.787084, 0.61632246), (-0.025581341, -0.91658217, 0.39902723), (-0.03041577, -0.85539126, 0.51708865), (-0.03041577, -0.85539126, 0.51708865), (-0.99946684, 0.032338865, -0.004522647), (-0.025408788, -0.787084, 0.61632246), (-0.9998904, 0.01453336, 0.0028297235), (-0.03041577, -0.85539126, 0.51708865), (-0.025581341, -0.91658217, 0.39902723), (-0.025581341, -0.91658217, 0.39902723), (-0.025248075, -0.98622954, 0.16344395), (-0.030308241, -0.9585682, 0.28324616), (-0.030308241, -0.9585682, 0.28324616), (-0.9998904, 0.01453336, 0.0028297235), (-0.025581341, -0.91658217, 0.39902723), (-0.9995511, 0.010515749, -0.02805313), (-0.030308241, -0.9585682, 0.28324616), (-0.025248075, -0.98622954, 0.16344395), (-0.025248075, -0.98622954, 0.16344395), (-0.0254835, -0.99764085, -0.06374541), (-0.029903376, -0.9975968, 0.06250204), (-0.029903376, -0.9975968, 0.06250204), (-0.9995511, 0.010515749, -0.02805313), (-0.025248075, -0.98622954, 0.16344395), (-0.9999694, -0.000111413385, -0.007830239), (-0.029903376, -0.9975968, 0.06250204), (-0.0254835, -0.99764085, -0.06374541), (-0.0254835, -0.99764085, -0.06374541), (-0.025908949, -0.95154595, -0.3064132), (-0.030715443, -0.98377824, -0.1767397), (-0.030715443, -0.98377824, -0.1767397), (-0.9999694, -0.000111413385, -0.007830239), (-0.0254835, -0.99764085, -0.06374541), (-0.9998051, -0.01409561, 0.013827453), (-0.030715443, -0.98377824, -0.1767397), (-0.025908949, -0.95154595, -0.3064132), (-0.025908949, -0.95154595, -0.3064132), (-0.025691442, -0.842603, -0.5379221), (-0.030580195, -0.9053783, -0.42350337), (-0.030580195, -0.9053783, -0.42350337), (-0.9998051, -0.01409561, 0.013827453), (-0.025908949, -0.95154595, -0.3064132), (-0.9999502, -0.0052206377, -0.008515513), (-0.030580195, -0.9053783, -0.42350337), (-0.025691442, -0.842603, -0.5379221), (-0.025691442, -0.842603, -0.5379221), (-0.088557385, -0.6378717, -0.7650342), (-0.033150125, -0.7847696, -0.61890054), (-0.033150125, -0.7847696, -0.61890054), (-0.9999502, -0.0052206377, -0.008515513), (-0.025691442, -0.842603, -0.5379221), (-0.9998167, -0.017836718, 0.006963339), (-0.033150125, -0.7847696, -0.61890054), (-0.088557385, -0.6378717, -0.7650342), (-0.088557385, -0.6378717, -0.7650342), (-0.13609576, -0.3869554, -0.9119997), (-0.14016862, -0.5036734, -0.85244703), (-0.14016862, -0.5036734, -0.85244703), (-0.9998167, -0.017836718, 0.006963339), (-0.088557385, -0.6378717, -0.7650342), (-0.9997375, -0.021384899, -0.008227229), (-0.14016862, -0.5036734, -0.85244703), (-0.13609576, -0.3869554, -0.9119997), (-0.13609576, -0.3869554, -0.9119997), (-0.13451292, -0.19151779, -0.972228), (-0.14280073, -0.28714713, -0.9471824), (-0.14280073, -0.28714713, -0.9471824), (-0.9997375, -0.021384899, -0.008227229), (-0.13609576, -0.3869554, -0.9119997), (-0.9997121, -0.009334404, -0.022102475), (-0.14280073, -0.28714713, -0.9471824), (-0.13451292, -0.19151779, -0.972228), (-0.13451292, -0.19151779, -0.972228), (-0.13333456, -0.031878404, -0.99055827), (-0.14177641, -0.10797377, -0.9839924), (-0.14177641, -0.10797377, -0.9839924), (-0.9997121, -0.009334404, -0.022102475), (-0.13451292, -0.19151779, -0.972228), (-0.9996748, 0.006668983, -0.024611907), (-0.14177641, -0.10797377, -0.9839924), (-0.13333456, -0.031878404, -0.99055827), (-0.13333456, -0.031878404, -0.99055827), (-0.12868759, 0.11614294, -0.98486066), (-0.1398314, 0.046588793, -0.9890787), (-0.1398314, 0.046588793, -0.9890787), (-0.9996748, 0.006668983, -0.024611907), (-0.13333456, -0.031878404, -0.99055827), (-0.99982566, 0.0029248728, -0.018443856), (-0.1398314, 0.046588793, -0.9890787), (-0.12868759, 0.11614294, -0.98486066), (-0.12868759, 0.11614294, -0.98486066), (-0.1316385, 0.30481327, -0.943271), (-0.13821054, 0.18942864, -0.9721186), (-0.13821054, 0.18942864, -0.9721186), (-0.99982566, 0.0029248728, -0.018443856), (-0.12868759, 0.11614294, -0.98486066), (-0.99972165, 0.01393906, -0.019036569), (-0.13821054, 0.18942864, -0.9721186), (-0.1316385, 0.30481327, -0.943271), (-0.1316385, 0.30481327, -0.943271), (-0.09816023, 0.549063, -0.82999665), (-0.1358006, 0.4110881, -0.9014239), (-0.1358006, 0.4110881, -0.9014239), (-0.99972165, 0.01393906, -0.019036569), (-0.1316385, 0.30481327, -0.943271), (-0.9998428, 0.017175248, -0.0044224933), (-0.1358006, 0.4110881, -0.9014239), (-0.09816023, 0.549063, -0.82999665), (-0.09816023, 0.549063, -0.82999665), (-0.05734747, 0.77932197, -0.6239941), (-0.0890044, 0.6041698, -0.7918694), (-0.0890044, 0.6041698, -0.7918694), (-0.9998428, 0.017175248, -0.0044224933), (-0.09816023, 0.549063, -0.82999665), (-0.99986726, 0.016253982, 0.001207033), (-0.0890044, 0.6041698, -0.7918694), (-0.05734747, 0.77932197, -0.6239941), (-0.05734747, 0.77932197, -0.6239941), (-0.058410842, 0.9120166, -0.4059729), (-0.08152863, 0.866883, -0.49179992), (-0.08152863, 0.866883, -0.49179992), (-0.99986726, 0.016253982, 0.001207033), (-0.05734747, 0.77932197, -0.6239941), (-0.99985737, 0.01391671, -0.009572562), (-0.08152863, 0.866883, -0.49179992), (-0.058410842, 0.9120166, -0.4059729), (-0.058410842, 0.9120166, -0.4059729), (-0.05807133, 0.9846669, -0.1644957), (-0.08298297, 0.96422243, -0.25177178), (-0.08298297, 0.96422243, -0.25177178), (-0.99985737, 0.01391671, -0.009572562), (-0.058410842, 0.9120166, -0.4059729), (-0.9998421, 0.016563902, -0.0064365678), (-0.08298297, 0.96422243, -0.25177178), (-0.05807133, 0.9846669, -0.1644957), (-0.05807133, 0.9846669, -0.1644957), (-0.056864895, 0.9961068, 0.06736278), (-0.08061717, 0.9966927, -0.010228779), (-0.08061717, 0.9966927, -0.010228779), (-0.9998421, 0.016563902, -0.0064365678), (-0.05807133, 0.9846669, -0.1644957), (-0.9999796, 0.0054350435, 0.0033695619), (-0.08061717, 0.9966927, -0.010228779), (-0.056864895, 0.9961068, 0.06736278), (-0.056864895, 0.9961068, 0.06736278), (-0.053769473, 0.95508015, 0.29142866), (-0.084278226, 0.9941616, 0.06737868), (-0.084278226, 0.9941616, 0.06737868), (-0.9999796, 0.0054350435, 0.0033695619), (-0.056864895, 0.9961068, 0.06736278), (-0.99972856, -0.0143818855, -0.018331029), (-0.084278226, 0.9941616, 0.06737868), (-0.053769473, 0.95508015, 0.29142866), (-0.053769473, 0.95508015, 0.29142866), (-0.057417177, 0.85158443, 0.52106357), (-0.07656601, 0.8973257, 0.43467742), (-0.07656601, 0.8973257, 0.43467742), (-0.99972856, -0.0143818855, -0.018331029), (-0.053769473, 0.95508015, 0.29142866), (-0.99981534, -0.012544713, -0.014561534), (-0.07656601, 0.8973257, 0.43467742), (-0.057417177, 0.85158443, 0.52106357), (-0.057417177, 0.85158443, 0.52106357), (-0.085510164, 0.8731009, 0.47998238), (-0.0625088, 0.85195196, 0.5198755), (-0.0625088, 0.85195196, 0.5198755), (-0.99981534, -0.012544713, -0.014561534), (-0.057417177, 0.85158443, 0.52106357), (-0.085510164, 0.8731009, 0.47998238), (-0.13108261, 0.5978856, 0.79079086), (-0.99977195, -0.0020920697, -0.021256402), (-0.99977195, -0.0020920697, -0.021256402), (-0.0625088, 0.85195196, 0.5198755), (-0.085510164, 0.8731009, 0.47998238), (-0.010852323, 0.64995074, 0.75989884), (-0.99977195, -0.0020920697, -0.021256402), (-0.13108261, 0.5978856, 0.79079086), (-0.07933133, -0.54164356, -0.83685654), (-0.99992913, -0.008846912, 0.0079765655), (-0.11321621, -0.5035427, -0.8565203), (-0.11321621, -0.5035427, -0.8565203), (-0.13155603, -0.66383004, -0.7362219), (-0.9997924, 0.020175647, 0.0028475516), (-0.9997924, 0.020175647, 0.0028475516), (-0.07933133, -0.54164356, -0.83685654), (-0.11321621, -0.5035427, -0.8565203), (-0.08450389, -0.72246945, -0.6862194), (-0.9997924, 0.020175647, 0.0028475516), (-0.13155603, -0.66383004, -0.7362219), (-0.13155603, -0.66383004, -0.7362219), (-0.13760366, -0.79077226, -0.5964433), (-0.9995617, 0.018237362, -0.023320565), (-0.9995617, 0.018237362, -0.023320565), (-0.08450389, -0.72246945, -0.6862194), (-0.13155603, -0.66383004, -0.7362219), (-0.0892625, -0.81816256, -0.56801623), (-0.9995617, 0.018237362, -0.023320565), (-0.13760366, -0.79077226, -0.5964433), (-0.13760366, -0.79077226, -0.5964433), (-0.1380003, -0.8784077, -0.4575541), (-0.9995881, -0.027748229, -0.007327703), (-0.9995881, -0.027748229, -0.007327703), (-0.0892625, -0.81816256, -0.56801623), (-0.13760366, -0.79077226, -0.5964433), (-0.09029843, -0.9000401, -0.4263497), (-0.9995881, -0.027748229, -0.007327703), (-0.1380003, -0.8784077, -0.4575541), (-0.1380003, -0.8784077, -0.4575541), (-0.13654125, -0.93181044, -0.33628237), (-0.9997565, -0.019062903, -0.011115726), (-0.9997565, -0.019062903, -0.011115726), (-0.09029843, -0.9000401, -0.4263497), (-0.1380003, -0.8784077, -0.4575541), (-0.09371262, -0.94384456, -0.3168208), (-0.9997565, -0.019062903, -0.011115726), (-0.13654125, -0.93181044, -0.33628237), (-0.13654125, -0.93181044, -0.33628237), (-0.13413224, -0.97053826, -0.20016032), (-0.9998779, -0.012339201, -0.009588125), (-0.9998779, -0.012339201, -0.009588125), (-0.09371262, -0.94384456, -0.3168208), (-0.13654125, -0.93181044, -0.33628237), (-0.08896026, -0.9827609, -0.16207172), (-0.9998779, -0.012339201, -0.009588125), (-0.13413224, -0.97053826, -0.20016032), (-0.13413224, -0.97053826, -0.20016032), (-0.13169752, -0.9862217, -0.100112826), (-0.9993992, -0.025192985, -0.023804968), (-0.9993992, -0.025192985, -0.023804968), (-0.08896026, -0.9827609, -0.16207172), (-0.13413224, -0.97053826, -0.20016032), (-0.08503965, -0.9926004, -0.08667555), (-0.9993992, -0.025192985, -0.023804968), (-0.13169752, -0.9862217, -0.100112826), (-0.13169752, -0.9862217, -0.100112826), (-0.14611152, -0.98900753, 0.022707164), (-0.9995951, -0.0071106874, -0.027551597), (-0.9995951, -0.0071106874, -0.027551597), (-0.08503965, -0.9926004, -0.08667555), (-0.13169752, -0.9862217, -0.100112826), (-0.14611152, -0.98900753, 0.022707164), (-0.14803624, -0.98086023, 0.1264851), (-0.99996287, -0.0019193151, -0.00840979), (-0.99996287, -0.0019193151, -0.00840979), (-0.9995951, -0.0071106874, -0.027551597), (-0.14611152, -0.98900753, 0.022707164), (-0.14803624, -0.98086023, 0.1264851), (-0.14287516, -0.9659711, 0.21560785), (-0.9999355, 0.010216153, -0.00496823), (-0.9999355, 0.010216153, -0.00496823), (-0.99996287, -0.0019193151, -0.00840979), (-0.14803624, -0.98086023, 0.1264851), (-0.14287516, -0.9659711, 0.21560785), (-0.13094951, -0.92705584, 0.35131153), (-0.999709, 0.014176962, -0.019518549), (-0.999709, 0.014176962, -0.019518549), (-0.9999355, 0.010216153, -0.00496823), (-0.14287516, -0.9659711, 0.21560785), (-0.13094951, -0.92705584, 0.35131153), (-0.13861682, -0.8855541, 0.4433728), (-0.9996864, 0.024816556, 0.0033449235), (-0.9996864, 0.024816556, 0.0033449235), (-0.999709, 0.014176962, -0.019518549), (-0.13094951, -0.92705584, 0.35131153), (-0.13861682, -0.8855541, 0.4433728), (-0.13277873, -0.8202895, 0.5563228), (-0.99994177, 0.006616761, -0.00852502), (-0.99994177, 0.006616761, -0.00852502), (-0.9996864, 0.024816556, 0.0033449235), (-0.13861682, -0.8855541, 0.4433728), (-0.13277873, -0.8202895, 0.5563228), (-0.1401331, -0.74838346, 0.6482939), (-0.99990827, 0.013534036, 0.0005930442), (-0.99990827, 0.013534036, 0.0005930442), (-0.99994177, 0.006616761, -0.00852502), (-0.13277873, -0.8202895, 0.5563228), (-0.1401331, -0.74838346, 0.6482939), (-0.14610873, -0.67478716, 0.7234048), (-0.999576, 0.02721969, 0.010343337), (-0.999576, 0.02721969, 0.010343337), (-0.99990827, 0.013534036, 0.0005930442), (-0.1401331, -0.74838346, 0.6482939), (-0.14610873, -0.67478716, 0.7234048), (-0.14086853, -0.59697783, 0.7897934), (-0.9998853, 0.0008896846, -0.015119163), (-0.9998853, 0.0008896846, -0.015119163), (-0.999576, 0.02721969, 0.010343337), (-0.14610873, -0.67478716, 0.7234048), (-0.14086853, -0.59697783, 0.7897934), (-0.1326534, -0.49019063, 0.86146164), (-0.99980444, 0.0054649315, -0.019005846), (-0.99980444, 0.0054649315, -0.019005846), (-0.9998853, 0.0008896846, -0.015119163), (-0.14086853, -0.59697783, 0.7897934), (-0.1326534, -0.49019063, 0.86146164), (-0.13700913, -0.3888749, 0.911046), (-0.9996705, 0.0034627237, -0.025432786), (-0.9996705, 0.0034627237, -0.025432786), (-0.99980444, 0.0054649315, -0.019005846), (-0.1326534, -0.49019063, 0.86146164), (-0.13700913, -0.3888749, 0.911046), (-0.1399653, -0.27603787, 0.95090115), (-0.9994752, 0.024121927, -0.021626305), (-0.9994752, 0.024121927, -0.021626305), (-0.9996705, 0.0034627237, -0.025432786), (-0.13700913, -0.3888749, 0.911046), (-0.1399653, -0.27603787, 0.95090115), (-0.14592241, -0.1738615, 0.9738988), (-0.99975914, 0.013574601, -0.017244674), (-0.99975914, 0.013574601, -0.017244674), (-0.9994752, 0.024121927, -0.021626305), (-0.1399653, -0.27603787, 0.95090115), (-0.14592241, -0.1738615, 0.9738988), (-0.14052948, -0.08042462, 0.9868046), (-0.999857, -0.006448015, -0.015640382), (-0.999857, -0.006448015, -0.015640382), (-0.99975914, 0.013574601, -0.017244674), (-0.14592241, -0.1738615, 0.9738988), (-0.14052948, -0.08042462, 0.9868046), (-0.13725947, 0.033704814, 0.9899616), (-0.9997584, 0.001372813, -0.021941602), (-0.9997584, 0.001372813, -0.021941602), (-0.999857, -0.006448015, -0.015640382), (-0.14052948, -0.08042462, 0.9868046), (-0.13725947, 0.033704814, 0.9899616), (-0.1495473, 0.11561282, 0.9819722), (-0.99962175, 0.0057669436, -0.026891375), (-0.99962175, 0.0057669436, -0.026891375), (-0.9997584, 0.001372813, -0.021941602), (-0.13725947, 0.033704814, 0.9899616), (-0.1495473, 0.11561282, 0.9819722), (-0.14057046, 0.21390827, 0.9666867), (-0.99973905, -0.0030150884, -0.022643164), (-0.99973905, -0.0030150884, -0.022643164), (-0.99962175, 0.0057669436, -0.026891375), (-0.1495473, 0.11561282, 0.9819722), (-0.14057046, 0.21390827, 0.9666867), (-0.13718463, 0.34167597, 0.9297516), (-0.999652, -0.016227148, -0.020801438), (-0.999652, -0.016227148, -0.020801438), (-0.99973905, -0.0030150884, -0.022643164), (-0.14057046, 0.21390827, 0.9666867), (-0.13718463, 0.34167597, 0.9297516), (-0.14945698, 0.4329119, 0.88896), (-0.9996582, -0.0040959134, -0.025820903), (-0.9996582, -0.0040959134, -0.025820903), (-0.999652, -0.016227148, -0.020801438), (-0.13718463, 0.34167597, 0.9297516), (-0.14945698, 0.4329119, 0.88896), (-0.14567815, 0.53801686, 0.83025056), (-0.9997125, -0.003320074, -0.023746643), (-0.9997125, -0.003320074, -0.023746643), (-0.9996582, -0.0040959134, -0.025820903), (-0.14945698, 0.4329119, 0.88896), (-0.14567815, 0.53801686, 0.83025056), (-0.14562833, 0.6306714, 0.7622637), (-0.9995218, -0.029627291, 0.008866238), (-0.9995218, -0.029627291, 0.008866238), (-0.9997125, -0.003320074, -0.023746643), (-0.14567815, 0.53801686, 0.83025056), (-0.14562833, 0.6306714, 0.7622637), (-0.14252609, 0.7090936, 0.6905597), (-0.99998266, -0.0028340428, -0.0051760105), (-0.99998266, -0.0028340428, -0.0051760105), (-0.9995218, -0.029627291, 0.008866238), (-0.14562833, 0.6306714, 0.7622637), (-0.14252609, 0.7090936, 0.6905597), (-0.13951038, 0.79030734, 0.59661657), (-0.9998327, -0.01414971, -0.0115966955), (-0.9998327, -0.01414971, -0.0115966955), (-0.99998266, -0.0028340428, -0.0051760105), (-0.14252609, 0.7090936, 0.6905597), (-0.13951038, 0.79030734, 0.59661657), (-0.14555298, 0.85286456, 0.5014343), (-0.99996644, -0.00473173, -0.0066955895), (-0.99996644, -0.00473173, -0.0066955895), (-0.9998327, -0.01414971, -0.0115966955), (-0.13951038, 0.79030734, 0.59661657), (-0.14555298, 0.85286456, 0.5014343), (-0.1424552, 0.905584, 0.3995301), (-0.99985564, -0.010634747, 0.013254801), (-0.99985564, -0.010634747, 0.013254801), (-0.99996644, -0.00473173, -0.0066955895), (-0.14555298, 0.85286456, 0.5014343), (-0.1424552, 0.905584, 0.3995301), (-0.13946626, 0.94981945, 0.2799864), (-0.9999592, -0.008104451, 0.004004837), (-0.9999592, -0.008104451, 0.004004837), (-0.99985564, -0.010634747, 0.013254801), (-0.1424552, 0.905584, 0.3995301), (-0.13946626, 0.94981945, 0.2799864), (-0.14544685, 0.97360283, 0.1759059), (-0.9999016, 0.005566168, -0.01288301), (-0.9999016, 0.005566168, -0.01288301), (-0.9999592, -0.008104451, 0.004004837), (-0.13946626, 0.94981945, 0.2799864), (-0.14544685, 0.97360283, 0.1759059), (-0.12091099, 0.9891414, 0.083545744), (-0.9994067, 0.008908549, -0.033271845), (-0.9994067, 0.008908549, -0.033271845), (-0.9999016, 0.005566168, -0.01288301), (-0.14544685, 0.97360283, 0.1759059), (-0.12091099, 0.9891414, 0.083545744), (-0.11148094, 0.992506, -0.050038427), (-0.117212534, 0.9931, 0.0037155224), (-0.117212534, 0.9931, 0.0037155224), (-0.9994067, 0.008908549, -0.033271845), (-0.12091099, 0.9891414, 0.083545744), (-0.9996304, 0.01588576, -0.022063768), (-0.117212534, 0.9931, 0.0037155224), (-0.11148094, 0.992506, -0.050038427), (-0.11148094, 0.992506, -0.050038427), (-0.11161903, 0.97557366, -0.18920176), (-0.12353376, 0.986464, -0.10783435), (-0.12353376, 0.986464, -0.10783435), (-0.9996304, 0.01588576, -0.022063768), (-0.11148094, 0.992506, -0.050038427), (-0.9999441, 0.010536876, 0.0009409502), (-0.12353376, 0.986464, -0.10783435), (-0.11161903, 0.97557366, -0.18920176), (-0.11161903, 0.97557366, -0.18920176), (-0.11622982, 0.9411928, -0.31724876), (-0.1281525, 0.9573838, -0.2588308), (-0.1281525, 0.9573838, -0.2588308), (-0.9999441, 0.010536876, 0.0009409502), (-0.11161903, 0.97557366, -0.18920176), (-0.9997837, 0.01626186, -0.012971098), (-0.1281525, 0.9573838, -0.2588308), (-0.11622982, 0.9411928, -0.31724876), (-0.11622982, 0.9411928, -0.31724876), (-0.111062296, 0.8804629, -0.46092328), (-0.124864005, 0.91108733, -0.39284745), (-0.124864005, 0.91108733, -0.39284745), (-0.9997837, 0.01626186, -0.012971098), (-0.11622982, 0.9411928, -0.31724876), (-0.9995119, 0.030883135, 0.0047286465), (-0.124864005, 0.91108733, -0.39284745), (-0.111062296, 0.8804629, -0.46092328), (-0.111062296, 0.8804629, -0.46092328), (-0.105095126, 0.79485977, -0.59762275), (-0.123134516, 0.84693235, -0.5172461), (-0.123134516, 0.84693235, -0.5172461), (-0.9995119, 0.030883135, 0.0047286465), (-0.111062296, 0.8804629, -0.46092328), (-0.9993813, -0.012191954, -0.032990545), (-0.123134516, 0.84693235, -0.5172461), (-0.105095126, 0.79485977, -0.59762275), (-0.105095126, 0.79485977, -0.59762275), (-0.11028482, 0.6804941, -0.7244067), (-0.11871201, 0.73209256, -0.6707816), (-0.11871201, 0.73209256, -0.6707816), (-0.9993813, -0.012191954, -0.032990545), (-0.105095126, 0.79485977, -0.59762275), (-0.99995446, -0.009474955, -0.0012122673), (-0.11871201, 0.73209256, -0.6707816), (-0.11028482, 0.6804941, -0.7244067), (-0.11028482, 0.6804941, -0.7244067), (-0.11473643, 0.54457396, -0.83082783), (-0.124696076, 0.6175009, -0.77662313), (-0.124696076, 0.6175009, -0.77662313), (-0.99995446, -0.009474955, -0.0012122673), (-0.11028482, 0.6804941, -0.7244067), (-0.99998266, 0.0056487154, 0.001721898), (-0.124696076, 0.6175009, -0.77662313), (-0.11473643, 0.54457396, -0.83082783), (-0.11473643, 0.54457396, -0.83082783), (-0.11794034, 0.4274157, -0.89632916), (-0.13224643, 0.4806561, -0.8668799), (-0.13224643, 0.4806561, -0.8668799), (-0.99998266, 0.0056487154, 0.001721898), (-0.11473643, 0.54457396, -0.83082783), (-0.9999984, 0.0008149329, -0.0016418353), (-0.13224643, 0.4806561, -0.8668799), (-0.11794034, 0.4274157, -0.89632916), (-0.11794034, 0.4274157, -0.89632916), (-0.107429504, 0.30136892, -0.94743633), (-0.12676711, 0.36153895, -0.923699), (-0.12676711, 0.36153895, -0.923699), (-0.9999984, 0.0008149329, -0.0016418353), (-0.11794034, 0.4274157, -0.89632916), (-0.9999569, -0.0057667145, -0.0072769686), (-0.12676711, 0.36153895, -0.923699), (-0.107429504, 0.30136892, -0.94743633), (-0.107429504, 0.30136892, -0.94743633), (-0.10608028, 0.15286452, -0.98253727), (-0.11818505, 0.22906885, -0.96620893), (-0.11818505, 0.22906885, -0.96620893), (-0.9999569, -0.0057667145, -0.0072769686), (-0.107429504, 0.30136892, -0.94743633), (-0.9999985, 0.00073278236, -0.0015919508), (-0.11818505, 0.22906885, -0.96620893), (-0.10608028, 0.15286452, -0.98253727), (-0.10608028, 0.15286452, -0.98253727), (-0.12700394, 0.0041362895, -0.99189365), (-0.12363788, 0.09848185, -0.9874285), (-0.12363788, 0.09848185, -0.9874285), (-0.9999985, 0.00073278236, -0.0015919508), (-0.10608028, 0.15286452, -0.98253727), (-0.9988541, 0.04738127, 0.006749711), (-0.12363788, 0.09848185, -0.9874285), (-0.12700394, 0.0041362895, -0.99189365), (-0.12700394, 0.0041362895, -0.99189365), (-0.12169183, -0.035320375, -0.99193937), (-0.9998137, 0.0065217586, 0.018171161), (-0.9998137, 0.0065217586, 0.018171161), (-0.9988541, 0.04738127, 0.006749711), (-0.12700394, 0.0041362895, -0.99189365), (-0.12169183, -0.035320375, -0.99193937), (-0.10561563, -0.18477373, -0.9770896), (-0.11151176, -0.121052735, -0.9863628), (-0.11151176, -0.121052735, -0.9863628), (-0.9998137, 0.0065217586, 0.018171161), (-0.12169183, -0.035320375, -0.99193937), (-0.9996768, -0.021741897, 0.013174763), (-0.11151176, -0.121052735, -0.9863628), (-0.10561563, -0.18477373, -0.9770896), (-0.10561563, -0.18477373, -0.9770896), (-0.10763204, -0.32780704, -0.93859357), (-0.11919495, -0.23279697, -0.9651934), (-0.11919495, -0.23279697, -0.9651934), (-0.9996768, -0.021741897, 0.013174763), (-0.10561563, -0.18477373, -0.9770896), (-0.99989146, -0.009328815, 0.011412821), (-0.11919495, -0.23279697, -0.9651934), (-0.10763204, -0.32780704, -0.93859357), (-0.10763204, -0.32780704, -0.93859357), (-0.11321621, -0.5035427, -0.8565203), (-0.12585689, -0.40198058, -0.9069575), (-0.12585689, -0.40198058, -0.9069575), (-0.99989146, -0.009328815, 0.011412821), (-0.10763204, -0.32780704, -0.93859357), (-0.99992913, -0.008846912, 0.0079765655), (-0.12585689, -0.40198058, -0.9069575), (-0.11321621, -0.5035427, -0.8565203), (-0.14352147, 0.9895933, -0.010330957), (-0.14057976, -0.0059708096, -0.99005145), (-0.9999923, 0.0003631326, -0.003920463), (-0.9999923, 0.0003631326, -0.003920463), (-0.9999972, -0.0022561026, 0.000859299), (-0.14352147, 0.9895933, -0.010330957), (-0.14057976, -0.0059708096, -0.99005145), (-0.12994084, -0.007065065, -0.9914967), (-0.9999886, 0.00012401218, 0.0047841743), (-0.9999886, 0.00012401218, 0.0047841743), (-0.9999923, 0.0003631326, -0.003920463), (-0.14057976, -0.0059708096, -0.99005145), (-0.12994084, -0.007065065, -0.9914967), (-0.15476535, 0.007435506, 0.9879234), (-0.99989754, 0.0038401673, 0.01379427), (-0.99989754, 0.0038401673, 0.01379427), (-0.9999886, 0.00012401218, 0.0047841743), (-0.12994084, -0.007065065, -0.9914967), (-0.15476535, 0.007435506, 0.9879234), (-0.15325914, -0.0007243678, 0.98818576), (-0.154344, 0.0025174674, 0.988014), (-0.154344, 0.0025174674, 0.988014), (-0.99989754, 0.0038401673, 0.01379427), (-0.15476535, 0.007435506, 0.9879234), (-0.11683087, -0.021437246, 0.9929204), (-0.154344, 0.0025174674, 0.988014), (-0.15325914, -0.0007243678, 0.98818576), (-0.15325914, -0.0007243678, 0.98818576), (-0.1141829, -0.049387474, 0.9922315), (-0.13558626, 0.008041627, 0.9907329), (-0.13558626, 0.008041627, 0.9907329), (-0.11683087, -0.021437246, 0.9929204), (-0.15325914, -0.0007243678, 0.98818576), (0.0042682244, -0.030238489, 0.9995337), (-0.13558626, 0.008041627, 0.9907329), (-0.1141829, -0.049387474, 0.9922315), (-0.1141829, -0.049387474, 0.9922315), (-0.16400725, -0.19069801, 0.96785116), (-0.1743907, -0.17837743, 0.9683849), (-0.1743907, -0.17837743, 0.9683849), (0.0042682244, -0.030238489, 0.9995337), (-0.1141829, -0.049387474, 0.9922315), (-0.14428195, -0.2849082, 0.947634), (-0.1743907, -0.17837743, 0.9683849), (-0.16400725, -0.19069801, 0.96785116), (-0.16400725, -0.19069801, 0.96785116), (-0.1377705, -0.3404106, 0.930129), (-0.14428195, -0.2849082, 0.947634), (-0.13037874, -0.47046345, 0.8727346), (-0.14428195, -0.2849082, 0.947634), (-0.1377705, -0.3404106, 0.930129), (-0.1377705, -0.3404106, 0.930129), (-0.13878842, -0.56134814, 0.81585914), (-0.13037874, -0.47046345, 0.8727346), (-0.99974394, 0.005478178, -0.021956056), (-0.13037874, -0.47046345, 0.8727346), (-0.13878842, -0.56134814, 0.81585914), (-0.13878842, -0.56134814, 0.81585914), (-0.1419192, -0.7701214, 0.6219099), (-0.99974394, 0.005478178, -0.021956056), (-0.99999255, 0.0029329055, -0.0025385174), (-0.99974394, 0.005478178, -0.021956056), (-0.1419192, -0.7701214, 0.6219099), (-0.1419192, -0.7701214, 0.6219099), (-0.14283219, -0.9096806, 0.38997456), (-0.99999255, 0.0029329055, -0.0025385174), (-0.99999, -0.004439289, 0.0005750558), (-0.99999255, 0.0029329055, -0.0025385174), (-0.14283219, -0.9096806, 0.38997456), (-0.14283219, -0.9096806, 0.38997456), (-0.14536403, -0.97921336, 0.14145866), (-0.99999, -0.004439289, 0.0005750558), (-0.99990606, -0.0027472666, 0.013437523), (-0.99999, -0.004439289, 0.0005750558), (-0.14536403, -0.97921336, 0.14145866), (-0.14536403, -0.97921336, 0.14145866), (-0.10749351, -0.98277444, -0.15033133), (-0.99990606, -0.0027472666, 0.013437523), (-0.012826851, -0.97708946, -0.21244252), (-0.99990606, -0.0027472666, 0.013437523), (-0.10749351, -0.98277444, -0.15033133), (-0.9999868, 0.0042246343, 0.0029499435), (-0.012826851, -0.97708946, -0.21244252), (-0.10749351, -0.98277444, -0.15033133), (-0.10749351, -0.98277444, -0.15033133), (-0.15568918, -0.8531294, -0.497927), (-0.9999868, 0.0042246343, 0.0029499435), (-0.9999999, 0.0004974008, -0.00009833535), (-0.9999868, 0.0042246343, 0.0029499435), (-0.15568918, -0.8531294, -0.497927), (-0.15568918, -0.8531294, -0.497927), (-0.11040289, -0.56400305, -0.81835926), (-0.9999999, 0.0004974008, -0.00009833535), (-0.999806, 0.018024579, 0.007948693), (-0.9999999, 0.0004974008, -0.00009833535), (-0.11040289, -0.56400305, -0.81835926), (-0.11040289, -0.56400305, -0.81835926), (-0.070457235, -0.33311674, -0.94024956), (-0.033078294, -0.43850887, -0.89811796), (-0.033078294, -0.43850887, -0.89811796), (-0.999806, 0.018024579, 0.007948693), (-0.11040289, -0.56400305, -0.81835926), (-0.9999929, -0.0029522763, 0.0023489364), (-0.033078294, -0.43850887, -0.89811796), (-0.070457235, -0.33311674, -0.94024956), (-0.070457235, -0.33311674, -0.94024956), (-0.0905816, -0.12056558, -0.9885641), (-0.9999929, -0.0029522763, 0.0023489364), (-0.9970778, -0.076209255, -0.005290023), (-0.9999929, -0.0029522763, 0.0023489364), (-0.0905816, -0.12056558, -0.9885641), (-0.0905816, -0.12056558, -0.9885641), (-0.0780417, -0.089785576, -0.9928988), (-0.025835957, -0.18826033, -0.9817793), (-0.025835957, -0.18826033, -0.9817793), (-0.9970778, -0.076209255, -0.005290023), (-0.0905816, -0.12056558, -0.9885641), (-0.99994785, 0.0065323277, 0.007854194), (-0.025835957, -0.18826033, -0.9817793), (-0.0780417, -0.089785576, -0.9928988), (-0.0780417, -0.089785576, -0.9928988), (-0.12104569, -0.00923406, -0.9926041), (-0.11748746, -0.0037875425, -0.9930672), (-0.11748746, -0.0037875425, -0.9930672), (-0.99994785, 0.0065323277, 0.007854194), (-0.0780417, -0.089785576, -0.9928988), (-0.12104569, -0.00923406, -0.9926041), (0.00038275, 0.9999742, -0.007175634), (-0.99996966, 0.0077432184, 0.0009229134), (-0.99996966, 0.0077432184, 0.0009229134), (-0.11748746, -0.0037875425, -0.9930672), (-0.12104569, -0.00923406, -0.9926041), (0.00038275, 0.9999742, -0.007175634), (-0.12531215, 0.0013302766, 0.99211645), (-0.99996597, 0.00825991, -0.00018427733), (-0.99996597, 0.00825991, -0.00018427733), (-0.99996966, 0.0077432184, 0.0009229134), (0.00038275, 0.9999742, -0.007175634), (-0.12531215, 0.0013302766, 0.99211645), (-0.10811059, 0.00027359996, 0.9941389), (-0.12563822, 0.0073296623, 0.9920491), (-0.12563822, 0.0073296623, 0.9920491), (-0.99996597, 0.00825991, -0.00018427733), (-0.12531215, 0.0013302766, 0.99211645), (-0.9999567, 0.009201526, 0.0014042963), (-0.12563822, 0.0073296623, 0.9920491), (-0.10811059, 0.00027359996, 0.9941389), (-0.10811059, 0.00027359996, 0.9941389), (-0.09759649, -0.11449709, 0.9886179), (-0.13300008, -0.026063656, 0.9907733), (-0.13300008, -0.026063656, 0.9907733), (-0.9999567, 0.009201526, 0.0014042963), (-0.10811059, 0.00027359996, 0.9941389), (-0.99942154, -0.033960216, 0.0018241757), (-0.13300008, -0.026063656, 0.9907733), (-0.09759649, -0.11449709, 0.9886179), (-0.09759649, -0.11449709, 0.9886179), (-0.07549872, -0.046091292, 0.99608016), (-0.07780512, -0.11713426, 0.9900637), (-0.07780512, -0.11713426, 0.9900637), (-0.99942154, -0.033960216, 0.0018241757), (-0.09759649, -0.11449709, 0.9886179), (-0.99805117, -0.0622123, -0.004873536), (-0.07780512, -0.11713426, 0.9900637), (-0.07549872, -0.046091292, 0.99608016), (-0.07549872, -0.046091292, 0.99608016), (-0.14443652, -0.29732886, 0.9437869), (-0.99805117, -0.0622123, -0.004873536), (-0.9989961, 0.044022292, 0.008316016), (-0.99805117, -0.0622123, -0.004873536), (-0.14443652, -0.29732886, 0.9437869), (-0.14443652, -0.29732886, 0.9437869), (-0.14517964, -0.502471, 0.85231787), (-0.9989961, 0.044022292, 0.008316016), (-0.99939656, 0.03248843, -0.012290242), (-0.9989961, 0.044022292, 0.008316016), (-0.14517964, -0.502471, 0.85231787), (-0.14517964, -0.502471, 0.85231787), (-0.14154293, -0.74105275, 0.65635854), (-0.99939656, 0.03248843, -0.012290242), (-0.9995068, -0.0080565885, -0.030352894), (-0.99939656, 0.03248843, -0.012290242), (-0.14154293, -0.74105275, 0.65635854), (-0.14154293, -0.74105275, 0.65635854), (-0.13661101, -0.88634866, 0.44240674), (-0.9995068, -0.0080565885, -0.030352894), (-0.99998844, 0.002839918, -0.0038938117), (-0.9995068, -0.0080565885, -0.030352894), (-0.13661101, -0.88634866, 0.44240674), (-0.13661101, -0.88634866, 0.44240674), (-0.14277983, -0.97276706, 0.18258734), (-0.99998844, 0.002839918, -0.0038938117), (-0.99986964, 0.0053266017, -0.015248428), (-0.99998844, 0.002839918, -0.0038938117), (-0.14277983, -0.97276706, 0.18258734), (-0.14277983, -0.97276706, 0.18258734), (-0.14641446, -0.980885, -0.12816961), (-0.99986964, 0.0053266017, -0.015248428), (-0.99953496, -0.004991089, 0.030085094), (-0.99986964, 0.0053266017, -0.015248428), (-0.14641446, -0.980885, -0.12816961), (-0.14641446, -0.980885, -0.12816961), (-0.1490045, -0.8571003, -0.49312964), (-0.99953496, -0.004991089, 0.030085094), (-0.999952, 0.008833157, -0.0042471206), (-0.99953496, -0.004991089, 0.030085094), (-0.1490045, -0.8571003, -0.49312964), (-0.1490045, -0.8571003, -0.49312964), (-0.14407387, -0.5515689, -0.8215926), (-0.999952, 0.008833157, -0.0042471206), (-0.9999529, 0.007850395, 0.005713067), (-0.999952, 0.008833157, -0.0042471206), (-0.14407387, -0.5515689, -0.8215926), (-0.14407387, -0.5515689, -0.8215926), (-0.092370935, -0.2635778, -0.9602054), (-0.9999529, 0.007850395, 0.005713067), (-0.99731433, -0.06995045, 0.021704022), (-0.9999529, 0.007850395, 0.005713067), (-0.092370935, -0.2635778, -0.9602054), (-0.092370935, -0.2635778, -0.9602054), (-0.07747772, -0.12955995, -0.98854005), (-0.027175326, -0.27502927, -0.96105176), (-0.027175326, -0.27502927, -0.96105176), (-0.99731433, -0.06995045, 0.021704022), (-0.092370935, -0.2635778, -0.9602054), (-0.9993986, 0.03403174, -0.0066623674), (-0.027175326, -0.27502927, -0.96105176), (-0.07747772, -0.12955995, -0.98854005), (-0.07747772, -0.12955995, -0.98854005), (-0.13806748, -0.014520189, -0.9903164), (-0.12377757, -0.040871352, -0.99146795), (-0.12377757, -0.040871352, -0.99146795), (-0.9993986, 0.03403174, -0.0066623674), (-0.07747772, -0.12955995, -0.98854005), (-0.99996364, 0.008189161, -0.00236377), (-0.12377757, -0.040871352, -0.99146795), (-0.13806748, -0.014520189, -0.9903164), (-0.13806748, -0.014520189, -0.9903164), (0.00038275, 0.9999742, -0.007175634), (-0.9999977, 0.0010700928, -0.0019154391), (-0.9999977, 0.0010700928, -0.0019154391), (-0.99996364, 0.008189161, -0.00236377), (-0.13806748, -0.014520189, -0.9903164), (0.00038275, 0.9999742, -0.007175634), (-0.14260928, 0.008518772, 0.9897424), (-0.9999924, 0.001674718, -0.003549947), (-0.9999924, 0.001674718, -0.003549947), (-0.9999977, 0.0010700928, -0.0019154391), (0.00038275, 0.9999742, -0.007175634), (-0.14260928, 0.008518772, 0.9897424), (-0.14502382, 0.016084101, 0.98929745), (-0.9999498, 0.009249411, -0.0038562678), (-0.9999498, 0.009249411, -0.0038562678), (-0.9999924, 0.001674718, -0.003549947), (-0.14260928, 0.008518772, 0.9897424), (-0.092676446, 0.059151184, 0.99393773), (-0.9999498, 0.009249411, -0.0038562678), (-0.14502382, 0.016084101, 0.98929745), (-0.14502382, 0.016084101, 0.98929745), (-0.14429349, -0.012645579, 0.98945415), (-0.9997157, -0.021731922, 0.0098239845), (-0.9997157, -0.021731922, 0.0098239845), (-0.092676446, 0.059151184, 0.99393773), (-0.14502382, 0.016084101, 0.98929745), (-0.059462767, -0.30165666, 0.9515606), (-0.9997157, -0.021731922, 0.0098239845), (-0.14429349, -0.012645579, 0.98945415), (-0.14429349, -0.012645579, 0.98945415), (-0.10465003, 0.18237226, 0.97764444), (-0.99936104, -0.03246351, 0.014956083), (-0.99936104, -0.03246351, 0.014956083), (-0.059462767, -0.30165666, 0.9515606), (-0.14429349, -0.012645579, 0.98945415), (-0.0032830294, 0.16757746, 0.98585355), (-0.99936104, -0.03246351, 0.014956083), (-0.10465003, 0.18237226, 0.97764444), (-0.10465003, 0.18237226, 0.97764444), (-0.14927419, 0.37770602, 0.91381365), (-0.9998333, 0.009824798, 0.0153981075), (-0.9998333, 0.009824798, 0.0153981075), (-0.0032830294, 0.16757746, 0.98585355), (-0.10465003, 0.18237226, 0.97764444), (-0.14927419, 0.37770602, 0.91381365), (-0.14733282, 0.5328094, 0.8333111), (-0.99989414, 0.0145541765, 0.000121704106), (-0.99989414, 0.0145541765, 0.000121704106), (-0.9998333, 0.009824798, 0.0153981075), (-0.14927419, 0.37770602, 0.91381365), (-0.14733282, 0.5328094, 0.8333111), (-0.14533527, 0.6750289, 0.723335), (-0.9999812, 0.0054436284, -0.0028226993), (-0.9999812, 0.0054436284, -0.0028226993), (-0.99989414, 0.0145541765, 0.000121704106), (-0.14733282, 0.5328094, 0.8333111), (-0.14533527, 0.6750289, 0.723335), (-0.14030749, 0.7947173, 0.59054065), (-0.99975365, -0.0169994, 0.014272731), (-0.99975365, -0.0169994, 0.014272731), (-0.9999812, 0.0054436284, -0.0028226993), (-0.14533527, 0.6750289, 0.723335), (-0.14030749, 0.7947173, 0.59054065), (-0.124664985, 0.88058704, 0.45719266), (0.00038275, 0.9999742, -0.007175634), (0.00038275, 0.9999742, -0.007175634), (-0.99975365, -0.0169994, 0.014272731), (-0.14030749, 0.7947173, 0.59054065), (-0.124664985, 0.88058704, 0.45719266), (-0.10120386, 0.9232951, 0.3705186), (0.00038275, 0.9999742, -0.007175634), (-0.99935424, 0.011367786, -0.034087244), (0.00038275, 0.9999742, -0.007175634), (-0.10120386, 0.9232951, 0.3705186), (-0.10120386, 0.9232951, 0.3705186), (-0.03914712, 0.966058, 0.2553421), (-0.061518725, 0.91151965, 0.40662932), (-0.061518725, 0.91151965, 0.40662932), (-0.99935424, 0.011367786, -0.034087244), (-0.10120386, 0.9232951, 0.3705186), (-0.9999622, 0.0049964134, 0.0071259607), (-0.061518725, 0.91151965, 0.40662932), (-0.03914712, 0.966058, 0.2553421), (-0.03914712, 0.966058, 0.2553421), (-0.09182138, 0.9934985, -0.06730303), (-0.066899695, 0.9602021, 0.27117598), (-0.066899695, 0.9602021, 0.27117598), (-0.9999622, 0.0049964134, 0.0071259607), (-0.03914712, 0.966058, 0.2553421), (-0.99888885, -0.0035769697, 0.04699171), (-0.066899695, 0.9602021, 0.27117598), (-0.09182138, 0.9934985, -0.06730303), (-0.09182138, 0.9934985, -0.06730303), (-0.12910564, 0.98627836, -0.10289182), (-0.9999224, -0.0031449785, -0.012058059), (-0.9999224, -0.0031449785, -0.012058059), (-0.99888885, -0.0035769697, 0.04699171), (-0.09182138, 0.9934985, -0.06730303), (-0.12910564, 0.98627836, -0.10289182), (-0.14381129, 0.9581582, -0.24749005), (-0.9999224, -0.0031449785, -0.012058059), (-0.99420017, 0.0136635285, -0.1066737), (-0.9999224, -0.0031449785, -0.012058059), (-0.14381129, 0.9581582, -0.24749005), (-0.14381129, 0.9581582, -0.24749005), (-0.14248076, 0.9232824, -0.3567196), (-0.99420017, 0.0136635285, -0.1066737), (-0.99973625, 0.010071007, 0.020640442), (-0.99420017, 0.0136635285, -0.1066737), (-0.14248076, 0.9232824, -0.3567196), (-0.14248076, 0.9232824, -0.3567196), (-0.13505079, 0.8560983, -0.49885592), (-0.99973625, 0.010071007, 0.020640442), (0.00038275, 0.9999742, -0.007175634), (-0.99973625, 0.010071007, 0.020640442), (-0.13505079, 0.8560983, -0.49885592), (-0.13505079, 0.8560983, -0.49885592), (-0.12077057, 0.8551562, -0.5041055), (0.00038275, 0.9999742, -0.007175634), (-0.04495345, 0.9655645, -0.25625092), (0.00038275, 0.9999742, -0.007175634), (-0.12077057, 0.8551562, -0.5041055), (-0.12077057, 0.8551562, -0.5041055), (-0.15089002, 0.8245058, -0.5453645), (-0.9998843, 0.0037337446, -0.014750077), (-0.9998843, 0.0037337446, -0.014750077), (-0.04495345, 0.9655645, -0.25625092), (-0.12077057, 0.8551562, -0.5041055), (-0.056415483, 0.9544098, -0.29312024), (-0.9998843, 0.0037337446, -0.014750077), (-0.15089002, 0.8245058, -0.5453645), (-0.15089002, 0.8245058, -0.5453645), (-0.13576442, 0.9875322, 0.07967587), (-0.99829096, -0.020717762, -0.054645054), (-0.99829096, -0.020717762, -0.054645054), (-0.056415483, 0.9544098, -0.29312024), (-0.15089002, 0.8245058, -0.5453645), (-0.13576443, 0.9875322, 0.07967587), (-0.99829096, -0.020717762, -0.054645054), (-0.13576442, 0.9875322, 0.07967587), (-0.99868023, -0.04968096, 0.013024495), (-0.13576443, 0.9875322, 0.07967587), (-0.13576442, 0.9875322, 0.07967587), (-0.13576442, 0.9875322, 0.07967587), (-0.15075585, 0.6893629, 0.70855606), (-0.99868023, -0.04968096, 0.013024495), (-0.9998065, 0.01310453, -0.014666275), (-0.99868023, -0.04968096, 0.013024495), (-0.15075585, 0.6893629, 0.70855606), (-0.15075585, 0.6893629, 0.70855606), (-0.15117085, 0.7624755, 0.62910926), (-0.9998065, 0.01310453, -0.014666275), (-0.15117085, 0.7624755, 0.62910926), (-0.14476599, 0.8461918, 0.5128374), (-0.99995816, 0.0032816785, -0.008536404), (-0.99995816, 0.0032816785, -0.008536404), (-0.9998065, 0.01310453, -0.014666275), (-0.15117085, 0.7624755, 0.62910926), (-0.14476599, 0.8461918, 0.5128374), (-0.15108007, 0.9145642, 0.37516287), (-0.99995816, 0.0032816785, -0.008536404), (-0.9999808, 0.0019598699, 0.0058871363), (-0.99995816, 0.0032816785, -0.008536404), (-0.15108007, 0.9145642, 0.37516287), (-0.15108007, 0.9145642, 0.37516287), (-0.14414807, 0.9622239, 0.2309686), (-0.9999808, 0.0019598699, 0.0058871363), (-0.9999886, 0.0045556272, -0.0014780017), (-0.9999808, 0.0019598699, 0.0058871363), (-0.14414807, 0.9622239, 0.2309686), (-0.14414807, 0.9622239, 0.2309686), (-0.115569785, 0.96865577, 0.21988542), (-0.9999886, 0.0045556272, -0.0014780017), (-0.04503193, 0.89047, 0.45280817), (-0.9999886, 0.0045556272, -0.0014780017), (-0.115569785, 0.96865577, 0.21988542), (-0.115569785, 0.96865577, 0.21988542), (-0.1569628, 0.9875138, -0.013394133), (-0.9999754, 0.006932902, 0.001157096), (-0.9999754, 0.006932902, 0.001157096), (-0.04503193, 0.89047, 0.45280817), (-0.115569785, 0.96865577, 0.21988542), (-0.1569628, 0.9875138, -0.013394133), (-0.13244945, 0.980121, -0.14771631), (0.00038275, 0.9999742, -0.007175634), (0.00038275, 0.9999742, -0.007175634), (-0.9999754, 0.006932902, 0.001157096), (-0.1569628, 0.9875138, -0.013394133), (-0.13244945, 0.980121, -0.14771631), (-0.12845492, 0.9468766, -0.2948289), (-0.9999725, -0.006543464, 0.0034993363), (-0.9999725, -0.006543464, 0.0034993363), (0.00038275, 0.9999742, -0.007175634), (-0.13244945, 0.980121, -0.14771631), (-0.12845492, 0.9468766, -0.2948289), (-0.13650477, 0.90043217, -0.41302368), (0.00038275, 0.9999742, -0.007175634), (0.00038275, 0.9999742, -0.007175634), (-0.9999725, -0.006543464, 0.0034993363), (-0.12845492, 0.9468766, -0.2948289), (-0.13650477, 0.90043217, -0.41302368), (-0.14143205, 0.83230245, -0.5359756), (-0.9999938, -0.0018588062, -0.0029902377), (-0.9999938, -0.0018588062, -0.0029902377), (0.00038275, 0.9999742, -0.007175634), (-0.13650477, 0.90043217, -0.41302368), (-0.14143205, 0.83230245, -0.5359756), (-0.14390087, 0.7739212, -0.61671615), (-0.14617036, 0.79230756, -0.59235394), (-0.14617036, 0.79230756, -0.59235394), (-0.9999938, -0.0018588062, -0.0029902377), (-0.14143205, 0.83230245, -0.5359756), (-0.14390087, 0.7739212, -0.61671615), (-0.08332078, 0.7496677, -0.65654856), (-0.99987507, 0.0038779115, -0.015328083), (-0.99987507, 0.0038779115, -0.015328083), (-0.14617036, 0.79230756, -0.59235394), (-0.14390087, 0.7739212, -0.61671615), (-0.08332078, 0.7496677, -0.65654856), (-0.06958977, 0.062050488, 0.99564403), (0.00038275, 0.9999742, -0.007175634), (0.00038275, 0.9999742, -0.007175634), (-0.99987507, 0.0038779115, -0.015328083), (-0.08332078, 0.7496677, -0.65654856), (-0.06958977, 0.062050488, 0.99564403), (-0.14352147, 0.9895933, -0.010330957), (-0.9999972, -0.0022561026, 0.000859299), (-0.9999972, -0.0022561026, 0.000859299), (0.00038275, 0.9999742, -0.007175634), (-0.06958977, 0.062050488, 0.99564403), (-0.14523886, 0.9893711, -0.0071073314), (-0.14556521, -0.007043498, -0.9893237), (-0.99986005, -0.001181301, 0.016689055), (-0.99986005, -0.001181301, 0.016689055), (-0.99986595, -0.016374756, 0.00006415818), (-0.14523886, 0.9893711, -0.0071073314), (-0.14556521, -0.007043498, -0.9893237), (-0.14556523, -0.007043491, -0.9893236), (-0.9998353, 0.0023363882, 0.01799769), (-0.9998353, 0.0023363882, 0.01799769), (-0.99986005, -0.001181301, 0.016689055), (-0.14556521, -0.007043498, -0.9893237), (-0.14556523, -0.007043491, -0.9893236), (-0.07238471, -0.029828817, 0.99693066), (-0.9999065, 0.0136747155, -0.00015148924), (-0.9999065, 0.0136747155, -0.00015148924), (-0.9998353, 0.0023363882, 0.01799769), (-0.14556523, -0.007043491, -0.9893236), (-0.07238471, -0.029828817, 0.99693066), (-0.00006146022, -0.014155392, 0.99989986), (-0.0723847, -0.029828813, 0.99693066), (-0.0723847, -0.029828813, 0.99693066), (-0.9999065, 0.0136747155, -0.00015148924), (-0.07238471, -0.029828817, 0.99693066), (-0.00006146022, -0.014155392, 0.99989986), (-0.107126266, -0.7406952, -0.66324556), (-0.103591785, -0.8413511, -0.5304688), (-0.103591785, -0.8413511, -0.5304688), (-0.0723847, -0.029828813, 0.99693066), (-0.00006146022, -0.014155392, 0.99989986), (-0.005627492, -0.7271256, -0.6864815), (-0.103591785, -0.8413511, -0.5304688), (-0.107126266, -0.7406952, -0.66324556), (-0.107126266, -0.7406952, -0.66324556), (-0.11438861, -0.8021113, -0.5861167), (-0.14347103, -0.7552213, -0.6395756), (-0.14347103, -0.7552213, -0.6395756), (-0.005627492, -0.7271256, -0.6864815), (-0.107126266, -0.7406952, -0.66324556), (-0.11438861, -0.8021113, -0.5861167), (-0.11249507, -0.91860723, -0.37882167), (-0.10748047, -0.8696323, -0.48185855), (-0.10748047, -0.8696323, -0.48185855), (-0.14347103, -0.7552213, -0.6395756), (-0.11438861, -0.8021113, -0.5861167), (-0.995235, 0.088660724, 0.040577773), (-0.10748047, -0.8696323, -0.48185855), (-0.11249507, -0.91860723, -0.37882167), (-0.11249507, -0.91860723, -0.37882167), (-0.13061763, -0.94997734, -0.28369373), (-0.995235, 0.088660724, 0.040577773), (-0.13282293, -0.97342855, -0.1865339), (-0.995235, 0.088660724, 0.040577773), (-0.13061763, -0.94997734, -0.28369373), (-0.13061763, -0.94997734, -0.28369373), (-0.13386014, -0.9879052, -0.078261614), (-0.13282293, -0.97342855, -0.1865339), (-0.1668043, -0.98544043, 0.032915927), (-0.13282293, -0.97342855, -0.1865339), (-0.13386014, -0.9879052, -0.078261614), (-0.13386014, -0.9879052, -0.078261614), (-0.18036135, -0.9821561, 0.053285006), (-0.1668043, -0.98544043, 0.032915927), (-0.18036135, -0.9821561, 0.053285006), (-0.16240537, -0.98374015, 0.076679885), (-0.99998915, 0.0025077472, -0.0039205723), (-0.99998915, 0.0025077472, -0.0039205723), (-0.1668043, -0.98544043, 0.032915927), (-0.18036135, -0.9821561, 0.053285006), (-0.16240537, -0.98374015, 0.076679885), (-0.100066446, -0.9583901, 0.26734847), (-0.12717535, -0.97700226, 0.17115226), (-0.12717535, -0.97700226, 0.17115226), (-0.99998915, 0.0025077472, -0.0039205723), (-0.16240537, -0.98374015, 0.076679885), (-0.100066446, -0.9583901, 0.26734847), (-0.12213936, -0.89440995, 0.43024737), (-0.1000583, -0.9154956, 0.38968736), (-0.1000583, -0.9154956, 0.38968736), (-0.12717535, -0.97700226, 0.17115226), (-0.100066446, -0.9583901, 0.26734847), (-0.12213936, -0.89440995, 0.43024737), (-0.15896052, -0.8640685, 0.4776164), (-0.14882265, -0.8603763, 0.48744714), (-0.14882265, -0.8603763, 0.48744714), (-0.1000583, -0.9154956, 0.38968736), (-0.12213936, -0.89440995, 0.43024737), (-0.15896052, -0.8640685, 0.4776164), (-0.14017251, -0.78300714, 0.60601294), (-0.14979155, -0.8217734, 0.5497736), (-0.14979155, -0.8217734, 0.5497736), (-0.14882265, -0.8603763, 0.48744714), (-0.15896052, -0.8640685, 0.4776164), (-0.14017251, -0.78300714, 0.60601294), (-0.14301704, -0.71643907, 0.68283325), (-0.9988203, 0.029998656, -0.038185615), (-0.9988203, 0.029998656, -0.038185615), (-0.14979155, -0.8217734, 0.5497736), (-0.14017251, -0.78300714, 0.60601294), (-0.14301704, -0.71643907, 0.68283325), (-0.14730889, -0.6145882, 0.774972), (-0.14012903, -0.6484303, 0.74826604), (-0.14012903, -0.6484303, 0.74826604), (-0.9988203, 0.029998656, -0.038185615), (-0.14301704, -0.71643907, 0.68283325), (-0.14730889, -0.6145882, 0.774972), (-0.16246483, -0.5391949, 0.82636195), (-0.15738106, -0.5584905, 0.8144444), (-0.15738106, -0.5584905, 0.8144444), (-0.14012903, -0.6484303, 0.74826604), (-0.14730889, -0.6145882, 0.774972), (-0.16246483, -0.5391949, 0.82636195), (-0.15105431, -0.42850426, 0.8908236), (-0.15703736, -0.4710923, 0.8679927), (-0.15703736, -0.4710923, 0.8679927), (-0.15738106, -0.5584905, 0.8144444), (-0.16246483, -0.5391949, 0.82636195), (-0.15105431, -0.42850426, 0.8908236), (-0.1504055, -0.32214832, 0.9346651), (-0.9997715, 0.0008896865, -0.021362467), (-0.9997715, 0.0008896865, -0.021362467), (-0.15703736, -0.4710923, 0.8679927), (-0.15105431, -0.42850426, 0.8908236), (-0.1504055, -0.32214832, 0.9346651), (-0.1442983, -0.23700047, 0.96073353), (-0.99921536, -0.02237845, -0.032679193), (-0.99921536, -0.02237845, -0.032679193), (-0.9997715, 0.0008896865, -0.021362467), (-0.1504055, -0.32214832, 0.9346651), (-0.1442983, -0.23700047, 0.96073353), (-0.13247651, -0.13170573, 0.98239696), (-0.9999252, -0.0019153458, -0.012080137), (-0.9999252, -0.0019153458, -0.012080137), (-0.99921536, -0.02237845, -0.032679193), (-0.1442983, -0.23700047, 0.96073353), (-0.13247651, -0.13170573, 0.98239696), (-0.13452896, -0.057104085, 0.989263), (-0.13461447, -0.07976593, 0.9876823), (-0.13461447, -0.07976593, 0.9876823), (-0.9999252, -0.0019153458, -0.012080137), (-0.13247651, -0.13170573, 0.98239696), (-0.13452896, -0.057104085, 0.989263), (-0.13231996, 0.022376828, 0.99095446), (-0.13238502, -0.0051216735, 0.9911851), (-0.13238502, -0.0051216735, 0.9911851), (-0.13461447, -0.07976593, 0.9876823), (-0.13452896, -0.057104085, 0.989263), (-0.13231996, 0.022376828, 0.99095446), (-0.14426601, 0.10723189, 0.9837117), (-0.13447128, 0.08423049, 0.9873312), (-0.13447128, 0.08423049, 0.9873312), (-0.13238502, -0.0051216735, 0.9911851), (-0.13231996, 0.022376828, 0.99095446), (-0.14426601, 0.10723189, 0.9837117), (-0.150185, 0.16491134, 0.9748071), (-0.9999005, 0.013604321, 0.0037156015), (-0.9999005, 0.013604321, 0.0037156015), (-0.13447128, 0.08423049, 0.9873312), (-0.14426601, 0.10723189, 0.9837117), (-0.150185, 0.16491134, 0.9748071), (-0.14116272, 0.2935425, 0.945466), (-0.14038108, 0.2452396, 0.9592449), (-0.14038108, 0.2452396, 0.9592449), (-0.9999005, 0.013604321, 0.0037156015), (-0.150185, 0.16491134, 0.9748071), (-0.14116272, 0.2935425, 0.945466), (-0.15294807, 0.35667536, 0.9216234), (-0.15249974, 0.34077024, 0.9276959), (-0.15249974, 0.34077024, 0.9276959), (-0.14038108, 0.2452396, 0.9592449), (-0.14116272, 0.2935425, 0.945466), (-0.15294807, 0.35667536, 0.9216234), (-0.14230676, 0.49992126, 0.8542994), (-0.14169998, 0.44772252, 0.88287354), (-0.14169998, 0.44772252, 0.88287354), (-0.15249974, 0.34077024, 0.9276959), (-0.15294807, 0.35667536, 0.9216234), (-0.14230676, 0.49992126, 0.8542994), (-0.15488905, 0.56267136, 0.81204087), (-0.9998527, 0.012762315, 0.01148089), (-0.9998527, 0.012762315, 0.01148089), (-0.14169998, 0.44772252, 0.88287354), (-0.14230676, 0.49992126, 0.8542994), (-0.15488905, 0.56267136, 0.81204087), (-0.1422147, 0.6905732, 0.7091429), (-0.9997728, -0.013959566, -0.016110402), (-0.9997728, -0.013959566, -0.016110402), (-0.9998527, 0.012762315, 0.01148089), (-0.15488905, 0.56267136, 0.81204087), (-0.1422147, 0.6905732, 0.7091429), (-0.14325005, 0.71911216, 0.6799685), (-0.99986416, 0.014982099, 0.0068834606), (-0.99986416, 0.014982099, 0.0068834606), (-0.9997728, -0.013959566, -0.016110402), (-0.1422147, 0.6905732, 0.7091429), (-0.14325005, 0.71911216, 0.6799685), (-0.1303123, 0.8593401, 0.4945233), (-0.12138184, 0.8143021, 0.56760794), (-0.12138184, 0.8143021, 0.56760794), (-0.99986416, 0.014982099, 0.0068834606), (-0.14325005, 0.71911216, 0.6799685), (-0.1303123, 0.8593401, 0.4945233), (-0.16509676, 0.8441539, 0.5100464), (-0.16462135, 0.8596849, 0.48357177), (-0.16462135, 0.8596849, 0.48357177), (-0.12138184, 0.8143021, 0.56760794), (-0.1303123, 0.8593401, 0.4945233), (-0.16509676, 0.8441539, 0.5100464), (-0.12660661, 0.9550024, 0.26821858), (-0.12948008, 0.9214802, 0.36620912), (-0.12948008, 0.9214802, 0.36620912), (-0.16462135, 0.8596849, 0.48357177), (-0.16509676, 0.8441539, 0.5100464), (-0.12660661, 0.9550024, 0.26821858), (-0.1609498, 0.94816464, 0.27400544), (-0.97599286, 0.20470926, 0.0743783), (-0.97599286, 0.20470926, 0.0743783), (-0.12948008, 0.9214802, 0.36620912), (-0.12660661, 0.9550024, 0.26821858), (-0.1609498, 0.94816464, 0.27400544), (-0.1269029, 0.99166876, 0.022108464), (-0.12509859, 0.98611397, 0.10922247), (-0.12509859, 0.98611397, 0.10922247), (-0.97599286, 0.20470926, 0.0743783), (-0.1609498, 0.94816464, 0.27400544), (-0.1269029, 0.99166876, 0.022108464), (-0.11000906, 0.98126143, -0.15819009), (-0.1376537, 0.98970807, -0.03910874), (-0.1376537, 0.98970807, -0.03910874), (-0.12509859, 0.98611397, 0.10922247), (-0.1269029, 0.99166876, 0.022108464), (0.06698515, 0.83689576, -0.54324806), (-0.1376537, 0.98970807, -0.03910874), (-0.11000906, 0.98126143, -0.15819009), (-0.11000906, 0.98126143, -0.15819009), (-0.14279637, 0.98760253, -0.06519506), (-0.9994833, 0.03030727, 0.010716924), (-0.9994833, 0.03030727, 0.010716924), (0.06698515, 0.83689576, -0.54324806), (-0.11000906, 0.98126143, -0.15819009), (0.0816647, 0.6293307, -0.7728349), (-0.9994833, 0.03030727, 0.010716924), (-0.14279637, 0.98760253, -0.06519506), (-0.14279637, 0.98760253, -0.06519506), (-0.11496583, 0.8745135, -0.47117853), (-0.16118094, 0.9864807, -0.0296055), (-0.16118094, 0.9864807, -0.0296055), (0.0816647, 0.6293307, -0.7728349), (-0.14279637, 0.98760253, -0.06519506), (0.064026445, 0.63969356, -0.7659587), (-0.16118094, 0.9864807, -0.0296055), (-0.11496583, 0.8745135, -0.47117853), (-0.11496583, 0.8745135, -0.47117853), (-0.10479766, 0.8152384, -0.56956476), (-0.196661, 0.89972097, -0.3896494), (-0.196661, 0.89972097, -0.3896494), (0.064026445, 0.63969356, -0.7659587), (-0.11496583, 0.8745135, -0.47117853), (0.00038275, 0.9999742, -0.007175634), (-0.196661, 0.89972097, -0.3896494), (-0.10479766, 0.8152384, -0.56956476), (-0.10479766, 0.8152384, -0.56956476), (-0.13797249, 0.79419047, -0.59179837), (-0.08847749, 0.7524805, -0.6526446), (-0.08847749, 0.7524805, -0.6526446), (0.00038275, 0.9999742, -0.007175634), (-0.10479766, 0.8152384, -0.56956476), (-0.9999732, -0.006242548, -0.003840914), (-0.08847749, 0.7524805, -0.6526446), (-0.13797249, 0.79419047, -0.59179837), (-0.13797249, 0.79419047, -0.59179837), (-0.15132482, 0.70348406, -0.6944142), (-0.9999732, -0.006242548, -0.003840914), (-0.15132482, 0.70348406, -0.6944142), (-0.101209275, 0.70761853, -0.6993088), (-0.99948287, -0.028433235, 0.0150173465), (-0.99948287, -0.028433235, 0.0150173465), (-0.9999732, -0.006242548, -0.003840914), (-0.15132482, 0.70348406, -0.6944142), (-0.101209275, 0.70761853, -0.6993088), (-0.07346936, 0.061034102, 0.99542814), (0.00038275, 0.9999742, -0.007175634), (0.00038275, 0.9999742, -0.007175634), (-0.99948287, -0.028433235, 0.0150173465), (-0.101209275, 0.70761853, -0.6993088), (-0.07346936, 0.061034102, 0.99542814), (-0.14523886, 0.9893711, -0.0071073314), (-0.99986595, -0.016374756, 0.00006415818), (-0.99986595, -0.016374756, 0.00006415818), (0.00038275, 0.9999742, -0.007175634), (-0.07346936, 0.061034102, 0.99542814), (-0.998671, -0.02100496, -0.04706437), (-0.007840389, 0.46855596, 0.883399), (-0.1415084, 0.60677814, 0.7821738), (-0.1415084, 0.60677814, 0.7821738), (-0.13317427, 0.47653335, 0.8690113), (-0.15007865, 0.5782582, 0.80193126), (-0.15007865, 0.5782582, 0.80193126), (-0.998671, -0.02100496, -0.04706437), (-0.1415084, 0.60677814, 0.7821738), (-0.9973378, -0.003434614, -0.0728398), (-0.15007865, 0.5782582, 0.80193126), (-0.13317427, 0.47653335, 0.8690113), (-0.13317427, 0.47653335, 0.8690113), (-0.13727191, 0.24925196, 0.9586606), (-0.14501469, 0.34771183, 0.9263192), (-0.14501469, 0.34771183, 0.9263192), (-0.9973378, -0.003434614, -0.0728398), (-0.13317427, 0.47653335, 0.8690113), (-0.99986976, -0.003536388, -0.015747063), (-0.14501469, 0.34771183, 0.9263192), (-0.13727191, 0.24925196, 0.9586606), (-0.13727191, 0.24925196, 0.9586606), (-0.13420743, 0.09240814, 0.9866353), (-0.14459635, 0.16309977, 0.97595614), (-0.14459635, 0.16309977, 0.97595614), (-0.99986976, -0.003536388, -0.015747063), (-0.13727191, 0.24925196, 0.9586606), (-0.9996176, -0.00013818854, 0.027653472), (-0.14459635, 0.16309977, 0.97595614), (-0.13420743, 0.09240814, 0.9866353), (-0.13420743, 0.09240814, 0.9866353), (-0.13273175, -0.03399659, 0.9905688), (-0.14356865, 0.03202518, 0.9891221), (-0.14356865, 0.03202518, 0.9891221), (-0.9996176, -0.00013818854, 0.027653472), (-0.13420743, 0.09240814, 0.9866353), (-0.99976504, -0.00027086158, 0.021675758), (-0.14356865, 0.03202518, 0.9891221), (-0.13273175, -0.03399659, 0.9905688), (-0.13273175, -0.03399659, 0.9905688), (-0.13554898, -0.18330672, 0.97366583), (-0.14184335, -0.112294465, 0.9834991), (-0.14184335, -0.112294465, 0.9834991), (-0.99976504, -0.00027086158, 0.021675758), (-0.13273175, -0.03399659, 0.9905688), (-0.999945, -0.0017261591, 0.010344921), (-0.14184335, -0.112294465, 0.9834991), (-0.13554898, -0.18330672, 0.97366583), (-0.13554898, -0.18330672, 0.97366583), (-0.114240445, -0.43786782, 0.8917516), (-0.14996313, -0.2739446, 0.9499819), (-0.14996313, -0.2739446, 0.9499819), (-0.999945, -0.0017261591, 0.010344921), (-0.13554898, -0.18330672, 0.97366583), (-0.999874, -0.013593059, -0.0082128), (-0.14996313, -0.2739446, 0.9499819), (-0.114240445, -0.43786782, 0.8917516), (-0.114240445, -0.43786782, 0.8917516), (-0.055522528, -0.68270236, 0.72858405), (-0.08929017, -0.6218552, 0.7780253), (-0.08929017, -0.6218552, 0.7780253), (-0.999874, -0.013593059, -0.0082128), (-0.114240445, -0.43786782, 0.8917516), (-0.99758, 0.0046508606, -0.069373645), (-0.08929017, -0.6218552, 0.7780253), (-0.055522528, -0.68270236, 0.72858405), (-0.055522528, -0.68270236, 0.72858405), (-0.053888798, -0.8431506, 0.53497016), (-0.07812641, -0.79021114, 0.60783434), (-0.07812641, -0.79021114, 0.60783434), (-0.99758, 0.0046508606, -0.069373645), (-0.055522528, -0.68270236, 0.72858405), (-0.99987215, -0.0077235713, -0.01400359), (-0.07812641, -0.79021114, 0.60783434), (-0.053888798, -0.8431506, 0.53497016), (-0.053888798, -0.8431506, 0.53497016), (-0.057500724, -0.95573944, 0.2885408), (-0.07705571, -0.9178677, 0.38933462), (-0.07705571, -0.9178677, 0.38933462), (-0.99987215, -0.0077235713, -0.01400359), (-0.053888798, -0.8431506, 0.53497016), (-0.99991053, 0.013361598, -0.0006595381), (-0.07705571, -0.9178677, 0.38933462), (-0.057500724, -0.95573944, 0.2885408), (-0.057500724, -0.95573944, 0.2885408), (-0.076530315, -0.9859951, 0.14817841), (-0.07927199, -0.9541684, 0.28858048), (-0.07927199, -0.9541684, 0.28858048), (-0.99991053, 0.013361598, -0.0006595381), (-0.057500724, -0.95573944, 0.2885408), (-0.99992186, 0.01190897, 0.003813646), (-0.07927199, -0.9541684, 0.28858048), (-0.076530315, -0.9859951, 0.14817841), (-0.076530315, -0.9859951, 0.14817841), (-0.06538269, -0.9957077, 0.06550786), (-0.07875513, -0.9968903, -0.0027140123), (-0.07875513, -0.9968903, -0.0027140123), (-0.99992186, 0.01190897, 0.003813646), (-0.076530315, -0.9859951, 0.14817841), (-0.06538269, -0.9957077, 0.06550786), (-0.14951956, -0.8969909, -0.41599458), (-0.9992192, 0.039388023, -0.0031083333), (-0.9992192, 0.039388023, -0.0031083333), (-0.07875513, -0.9968903, -0.0027140123), (-0.06538269, -0.9957077, 0.06550786), (-0.04573232, -0.7512404, -0.6584425), (-0.9992192, 0.039388023, -0.0031083333), (-0.14951956, -0.8969909, -0.41599458), (-0.14951956, -0.8969909, -0.41599458), (-0.1145663, -0.82416433, -0.5546421), (-0.9993375, -0.030078607, 0.020491088), (-0.9993375, -0.030078607, 0.020491088), (-0.04573232, -0.7512404, -0.6584425), (-0.14951956, -0.8969909, -0.41599458), (-0.0038983456, -0.8190878, -0.5736549), (-0.9993375, -0.030078607, 0.020491088), (-0.1145663, -0.82416433, -0.5546421), (-0.1145663, -0.82416433, -0.5546421), (-0.11840608, -0.6412246, -0.75816303), (-0.9999137, 0.0091837505, -0.009403084), (-0.9999137, 0.0091837505, -0.009403084), (-0.0038983456, -0.8190878, -0.5736549), (-0.1145663, -0.82416433, -0.5546421), (-0.012230343, -0.60975593, -0.79249483), (-0.9999137, 0.0091837505, -0.009403084), (-0.11840608, -0.6412246, -0.75816303), (-0.11840608, -0.6412246, -0.75816303), (-0.13160099, -0.5472903, -0.8265316), (-0.9999559, 0.006482472, -0.006803279), (-0.9999559, 0.006482472, -0.006803279), (-0.012230343, -0.60975593, -0.79249483), (-0.11840608, -0.6412246, -0.75816303), (-0.012767552, -0.3919375, -0.9199033), (-0.9999559, 0.006482472, -0.006803279), (-0.13160099, -0.5472903, -0.8265316), (-0.13160099, -0.5472903, -0.8265316), (-0.1536641, -0.25280175, -0.95523757), (-0.98576677, -0.10123597, -0.1342208), (-0.98576677, -0.10123597, -0.1342208), (-0.012767552, -0.3919375, -0.9199033), (-0.13160099, -0.5472903, -0.8265316), (-0.104588814, -0.23539281, -0.96625644), (-0.98576677, -0.10123597, -0.1342208), (-0.1536641, -0.25280175, -0.95523757), (-0.1536641, -0.25280175, -0.95523757), (-0.149434, -0.10295765, -0.9833969), (-0.9995958, -0.0029485768, -0.028276814), (-0.9995958, -0.0029485768, -0.028276814), (-0.104588814, -0.23539281, -0.96625644), (-0.1536641, -0.25280175, -0.95523757), (-0.11843876, -0.07602331, -0.99004686), (-0.9995958, -0.0029485768, -0.028276814), (-0.149434, -0.10295765, -0.9833969), (-0.149434, -0.10295765, -0.9833969), (-0.13388118, 0.03094757, -0.9905141), (-0.9998293, 0.0067777555, -0.017193642), (-0.9998293, 0.0067777555, -0.017193642), (-0.11843876, -0.07602331, -0.99004686), (-0.149434, -0.10295765, -0.9833969), (-0.13388118, 0.03094757, -0.9905141), (-0.13202198, 0.098216824, -0.98636895), (-0.12431622, 0.03679984, -0.9915601), (-0.12431622, 0.03679984, -0.9915601), (-0.9998293, 0.0067777555, -0.017193642), (-0.13388118, 0.03094757, -0.9905141), (-0.9996261, -0.012200578, -0.024472732), (-0.12431622, 0.03679984, -0.9915601), (-0.13202198, 0.098216824, -0.98636895), (-0.13202198, 0.098216824, -0.98636895), (-0.13954306, 0.2552186, -0.95676076), (-0.14488387, 0.15286651, -0.97756875), (-0.14488387, 0.15286651, -0.97756875), (-0.9996261, -0.012200578, -0.024472732), (-0.13202198, 0.098216824, -0.98636895), (-0.9999546, -0.0030730506, -0.0090270005), (-0.14488387, 0.15286651, -0.97756875), (-0.13954306, 0.2552186, -0.95676076), (-0.13954306, 0.2552186, -0.95676076), (-0.08309327, 0.40788156, -0.90924597), (-0.13868357, 0.36123508, -0.9221042), (-0.13868357, 0.36123508, -0.9221042), (-0.9999546, -0.0030730506, -0.0090270005), (-0.13954306, 0.2552186, -0.95676076), (-0.98727655, -0.035592113, 0.15497784), (-0.13868357, 0.36123508, -0.9221042), (-0.08309327, 0.40788156, -0.90924597), (-0.08309327, 0.40788156, -0.90924597), (-0.02638741, 0.5733749, -0.8188681), (-0.03295374, 0.44934288, -0.89275134), (-0.03295374, 0.44934288, -0.89275134), (-0.98727655, -0.035592113, 0.15497784), (-0.08309327, 0.40788156, -0.90924597), (-0.99718535, -0.035791285, 0.065882914), (-0.03295374, 0.44934288, -0.89275134), (-0.02638741, 0.5733749, -0.8188681), (-0.02638741, 0.5733749, -0.8188681), (-0.026701633, 0.74881303, -0.66224325), (-0.08213859, 0.7627617, -0.6414421), (-0.08213859, 0.7627617, -0.6414421), (-0.99718535, -0.035791285, 0.065882914), (-0.02638741, 0.5733749, -0.8188681), (-0.99958736, -0.023438653, -0.016605739), (-0.08213859, 0.7627617, -0.6414421), (-0.026701633, 0.74881303, -0.66224325), (-0.026701633, 0.74881303, -0.66224325), (-0.024062527, 0.90413207, -0.42657524), (-0.028911125, 0.83384776, -0.5512369), (-0.028911125, 0.83384776, -0.5512369), (-0.99958736, -0.023438653, -0.016605739), (-0.026701633, 0.74881303, -0.66224325), (-0.9996579, -0.025825521, -0.00414809), (-0.028911125, 0.83384776, -0.5512369), (-0.024062527, 0.90413207, -0.42657524), (-0.024062527, 0.90413207, -0.42657524), (-0.018058272, 0.98349553, -0.18002914), (-0.029831637, 0.9483094, -0.3159423), (-0.029831637, 0.9483094, -0.3159423), (-0.9996579, -0.025825521, -0.00414809), (-0.024062527, 0.90413207, -0.42657524), (-0.9986855, -0.04781806, -0.01846571), (-0.029831637, 0.9483094, -0.3159423), (-0.018058272, 0.98349553, -0.18002914), (-0.018058272, 0.98349553, -0.18002914), (-0.069370106, 0.99590844, 0.057915073), (-0.08536785, 0.98842967, 0.12537675), (-0.08536785, 0.98842967, 0.12537675), (-0.9986855, -0.04781806, -0.01846571), (-0.018058272, 0.98349553, -0.18002914), (-0.069370106, 0.99590844, 0.057915073), (-0.16331474, 0.81772554, 0.5519539), (-0.19669007, 0.9314345, 0.3061747), (-0.19669007, 0.9314345, 0.3061747), (-0.08536785, 0.98842967, 0.12537675), (-0.069370106, 0.99590844, 0.057915073), (-0.047300316, 0.6524027, 0.7563951), (-0.19669007, 0.9314345, 0.3061747), (-0.16331474, 0.81772554, 0.5519539), (-0.16331474, 0.81772554, 0.5519539), (-0.1415084, 0.60677814, 0.7821738), (0.00038275, 0.9999742, -0.007175634), (0.00038275, 0.9999742, -0.007175634), (-0.047300316, 0.6524027, 0.7563951), (-0.16331474, 0.81772554, 0.5519539), (-0.007840389, 0.46855596, 0.883399), (0.00038275, 0.9999742, -0.007175634), (-0.1415084, 0.60677814, 0.7821738), (0.34897697, 0.93473315, 0.06700016), (-0.9908728, -0.13477315, -0.002705701), (0.16612779, 0.9745686, 0.1503917), (0.16612779, 0.9745686, 0.1503917), (-0.052300874, 0.9697844, 0.2382919), (-0.05230092, 0.9697843, 0.23829181), (-0.05230092, 0.9697843, 0.23829181), (0.34897697, 0.93473315, 0.06700016), (0.16612779, 0.9745686, 0.1503917), (-0.052300874, 0.9697844, 0.2382919), (-0.15830857, 0.5750617, -0.8026472), (-0.9997083, -0.012639448, 0.020582424), (-0.9997083, -0.012639448, 0.020582424), (-0.05230092, 0.9697843, 0.23829181), (-0.052300874, 0.9697844, 0.2382919), (-0.99928594, -0.014128946, 0.03504491), (-0.9997083, -0.012639448, 0.020582424), (-0.15830857, 0.5750617, -0.8026472), (-0.15830857, 0.5750617, -0.8026472), (-0.13987891, 0.7829627, -0.60613805), (-0.99928594, -0.014128946, 0.03504491), (-0.999335, -0.035378426, 0.008838705), (-0.99928594, -0.014128946, 0.03504491), (-0.13987891, 0.7829627, -0.60613805), (-0.13987891, 0.7829627, -0.60613805), (-0.14005749, 0.93207896, -0.3340851), (-0.999335, -0.035378426, 0.008838705), (-0.9992193, -0.028926652, 0.02690677), (-0.999335, -0.035378426, 0.008838705), (-0.14005749, 0.93207896, -0.3340851), (-0.14005749, 0.93207896, -0.3340851), (-0.10207272, 0.9917481, -0.077569366), (-0.9992193, -0.028926652, 0.02690677), (-0.0011757708, 0.9979378, -0.064178504), (-0.9992193, -0.028926652, 0.02690677), (-0.10207272, 0.9917481, -0.077569366), (-0.10207272, 0.9917481, -0.077569366), (-0.111012146, 0.9764635, 0.18491986), (-0.9998836, 0.0030209792, -0.014964447), (-0.9998836, 0.0030209792, -0.014964447), (-0.0011757708, 0.9979378, -0.064178504), (-0.10207272, 0.9917481, -0.077569366), (-0.010863678, 0.9678122, 0.25143898), (-0.9998836, 0.0030209792, -0.014964447), (-0.111012146, 0.9764635, 0.18491986), (-0.111012146, 0.9764635, 0.18491986), (-0.11015431, 0.94856876, 0.29678845), (-0.9996062, 0.014696563, -0.023904502), (-0.9996062, 0.014696563, -0.023904502), (-0.010863678, 0.9678122, 0.25143898), (-0.111012146, 0.9764635, 0.18491986), (0.03173196, 0.99372566, 0.10724898), (-0.9996062, 0.014696563, -0.023904502), (-0.11015431, 0.94856876, 0.29678845), (-0.11015431, 0.94856876, 0.29678845), (-0.113117024, 0.8473536, 0.5188416), (-0.9999494, 0.009978069, 0.0012487335), (-0.9999494, 0.009978069, 0.0012487335), (0.03173196, 0.99372566, 0.10724898), (-0.11015431, 0.94856876, 0.29678845), (0.031442545, 0.93524706, 0.35259646), (-0.9999494, 0.009978069, 0.0012487335), (-0.113117024, 0.8473536, 0.5188416), (-0.113117024, 0.8473536, 0.5188416), (-0.11408876, 0.69731385, 0.7076279), (-0.99981236, 0.007511358, 0.01785478), (-0.99981236, 0.007511358, 0.01785478), (0.031442545, 0.93524706, 0.35259646), (-0.113117024, 0.8473536, 0.5188416), (0.030609366, 0.8173126, 0.5753809), (-0.99981236, 0.007511358, 0.01785478), (-0.11408876, 0.69731385, 0.7076279), (-0.11408876, 0.69731385, 0.7076279), (-0.11124107, 0.5033577, 0.8568877), (-0.99992377, 0.008112314, 0.009309249), (-0.99992377, 0.008112314, 0.009309249), (0.030609366, 0.8173126, 0.5753809), (-0.11408876, 0.69731385, 0.7076279), (0.028834403, 0.636723, 0.77055335), (-0.99992377, 0.008112314, 0.009309249), (-0.11124107, 0.5033577, 0.8568877), (-0.11124107, 0.5033577, 0.8568877), (-0.10926598, 0.3072495, 0.9453353), (-0.9998976, -0.01299382, 0.0059964326), (-0.9998976, -0.01299382, 0.0059964326), (0.028834403, 0.636723, 0.77055335), (-0.11124107, 0.5033577, 0.8568877), (0.038691696, 0.5081139, 0.8604204), (-0.9998976, -0.01299382, 0.0059964326), (-0.10926598, 0.3072495, 0.9453353), (-0.10926598, 0.3072495, 0.9453353), (-0.2266022, -0.97380435, 0.018888475), (-0.99999136, -0.0037632051, -0.0018286064), (-0.99999136, -0.0037632051, -0.0018286064), (0.038691696, 0.5081139, 0.8604204), (-0.10926598, 0.3072495, 0.9453353), (-0.9999583, -0.009101393, 0.0008047893), (-0.99999136, -0.0037632051, -0.0018286064), (-0.2266022, -0.97380435, 0.018888475), (-0.2266022, -0.97380435, 0.018888475), (-0.14948909, -0.988268, 0.031295672), (-0.9998888, -0.014908144, 0.00055360585), (-0.9998888, -0.014908144, 0.00055360585), (-0.9999583, -0.009101393, 0.0008047893), (-0.2266022, -0.97380435, 0.018888475), (-0.14948909, -0.988268, 0.031295672), (-0.14061804, 0.06029774, 0.9882262), (-0.99993974, -0.006164668, 0.009081242), (-0.99993974, -0.006164668, 0.009081242), (-0.9998888, -0.014908144, 0.00055360585), (-0.14948909, -0.988268, 0.031295672), (-0.14061804, 0.06029774, 0.9882262), (-0.13702594, 0.15487634, 0.97838503), (-0.99995977, -0.005603517, 0.007009838), (-0.99995977, -0.005603517, 0.007009838), (-0.99993974, -0.006164668, 0.009081242), (-0.14061804, 0.06029774, 0.9882262), (-0.13702594, 0.15487634, 0.97838503), (-0.14951359, 0.2321155, 0.9611286), (-0.9997718, 0.020910764, -0.004397981), (-0.9997718, 0.020910764, -0.004397981), (-0.99995977, -0.005603517, 0.007009838), (-0.13702594, 0.15487634, 0.97838503), (-0.14951359, 0.2321155, 0.9611286), (-0.14574546, 0.3362988, 0.9304093), (-0.99994284, 0.0077142464, -0.00740413), (-0.99994284, 0.0077142464, -0.00740413), (-0.9997718, 0.020910764, -0.004397981), (-0.14951359, 0.2321155, 0.9611286), (-0.14574546, 0.3362988, 0.9304093), (-0.14058635, 0.43960857, 0.88711894), (-0.9999469, -0.010082347, -0.0021775167), (-0.9999469, -0.010082347, -0.0021775167), (-0.99994284, 0.0077142464, -0.00740413), (-0.14574546, 0.3362988, 0.9304093), (-0.14058635, 0.43960857, 0.88711894), (-0.13714796, 0.5733081, 0.80777985), (-0.999931, -0.010280564, -0.0056847394), (-0.999931, -0.010280564, -0.0056847394), (-0.9999469, -0.010082347, -0.0021775167), (-0.14058635, 0.43960857, 0.88711894), (-0.13714796, 0.5733081, 0.80777985), (-0.14641887, 0.6621519, 0.7349262), (-0.99990535, -0.013228203, -0.003795215), (-0.99990535, -0.013228203, -0.003795215), (-0.999931, -0.010280564, -0.0056847394), (-0.13714796, 0.5733081, 0.80777985), (-0.14641887, 0.6621519, 0.7349262), (-0.13957076, 0.76295424, 0.63120604), (-0.9998367, -0.014512779, 0.01077161), (-0.9998367, -0.014512779, 0.01077161), (-0.99990535, -0.013228203, -0.003795215), (-0.14641887, 0.6621519, 0.7349262), (-0.13957076, 0.76295424, 0.63120604), (-0.14560798, 0.835791, 0.5293883), (-0.99975246, 0.020808026, -0.007882095), (-0.99975246, 0.020808026, -0.007882095), (-0.9998367, -0.014512779, 0.01077161), (-0.13957076, 0.76295424, 0.63120604), (-0.14560798, 0.835791, 0.5293883), (-0.14557002, 0.8982398, 0.4146982), (-0.9999236, 0.012214416, 0.0019200514), (-0.9999236, 0.012214416, 0.0019200514), (-0.99975246, 0.020808026, -0.007882095), (-0.14560798, 0.835791, 0.5293883), (-0.14557002, 0.8982398, 0.4146982), (-0.14552109, 0.94375855, 0.29688966), (-0.9999455, 0.009948107, 0.0031680616), (-0.9999455, 0.009948107, 0.0031680616), (-0.9999236, 0.012214416, 0.0019200514), (-0.14557002, 0.8982398, 0.4146982), (-0.14552109, 0.94375855, 0.29688966), (-0.14012975, 0.97154975, 0.1909311), (-0.9999495, 0.008017437, 0.0060609407), (-0.9999495, 0.008017437, 0.0060609407), (-0.9999455, 0.009948107, 0.0031680616), (-0.14552109, 0.94375855, 0.29688966), (-0.14012975, 0.97154975, 0.1909311), (-0.13702069, 0.98855984, 0.06304653), (-0.9998144, 0.007840729, 0.017600091), (-0.9998144, 0.007840729, 0.017600091), (-0.9999495, 0.008017437, 0.0060609407), (-0.14012975, 0.97154975, 0.1909311), (-0.13702069, 0.98855984, 0.06304653), (-0.14625746, 0.9891485, -0.013935997), (-0.9995579, -0.0053514102, -0.02924668), (-0.9995579, -0.0053514102, -0.02924668), (-0.9998144, 0.007840729, 0.017600091), (-0.13702069, 0.98855984, 0.06304653), (-0.14625746, 0.9891485, -0.013935997), (-0.13935314, 0.9809972, -0.13500066), (-0.99983954, -0.0064495876, 0.01671059), (-0.99983954, -0.0064495876, 0.01671059), (-0.9995579, -0.0053514102, -0.02924668), (-0.14625746, 0.9891485, -0.013935997), (-0.13935314, 0.9809972, -0.13500066), (-0.14546256, 0.9592751, -0.2421403), (-0.99981564, 0.0020499707, -0.01909327), (-0.99981564, 0.0020499707, -0.01909327), (-0.99983954, -0.0064495876, 0.01671059), (-0.13935314, 0.9809972, -0.13500066), (-0.14546256, 0.9592751, -0.2421403), (-0.13833845, 0.92840225, -0.34486476), (-0.99981886, 0.013474703, 0.013440548), (-0.99981886, 0.013474703, 0.013440548), (-0.99981564, 0.0020499707, -0.01909327), (-0.14546256, 0.9592751, -0.2421403), (-0.13833845, 0.92840225, -0.34486476), (-0.13329229, 0.8639407, -0.48563322), (-0.9999377, 0.0012695397, 0.011097344), (-0.9999377, 0.0012695397, 0.011097344), (-0.99981886, 0.013474703, 0.013440548), (-0.13833845, 0.92840225, -0.34486476), (-0.13329229, 0.8639407, -0.48563322), (-0.14923507, 0.80790555, -0.570103), (-0.9996358, -0.019176507, -0.018987551), (-0.9996358, -0.019176507, -0.018987551), (-0.9999377, 0.0012695397, 0.011097344), (-0.13329229, 0.8639407, -0.48563322), (-0.14923507, 0.80790555, -0.570103), (-0.14551611, 0.73214513, -0.6654237), (-0.9999521, -0.0072271954, -0.0066106995), (-0.9999521, -0.0072271954, -0.0066106995), (-0.9996358, -0.019176507, -0.018987551), (-0.14923507, 0.80790555, -0.570103), (-0.14551611, 0.73214513, -0.6654237), (-0.1455501, 0.64891195, -0.7468122), (-0.99999267, -0.0037054527, -0.0010462404), (-0.99999267, -0.0037054527, -0.0010462404), (-0.9999521, -0.0072271954, -0.0066106995), (-0.14551611, 0.73214513, -0.6654237), (-0.1455501, 0.64891195, -0.7468122), (-0.14031951, 0.5607532, -0.8160063), (-0.9999513, 0.00732778, 0.00661501), (-0.9999513, 0.00732778, 0.00661501), (-0.99999267, -0.0037054527, -0.0010462404), (-0.1455501, 0.64891195, -0.7468122), (-0.14031951, 0.5607532, -0.8160063), (-0.13016333, 0.44805193, -0.8844812), (-0.99972105, 0.019030398, 0.013992489), (-0.99972105, 0.019030398, 0.013992489), (-0.9999513, 0.00732778, 0.00661501), (-0.14031951, 0.5607532, -0.8160063), (-0.13016333, 0.44805193, -0.8844812), (-0.13257457, 0.3392046, -0.931324), (-0.9998879, 0.002672726, 0.014736757), (-0.9998879, 0.002672726, 0.014736757), (-0.99972105, 0.019030398, 0.013992489), (-0.13016333, 0.44805193, -0.8844812), (-0.13257457, 0.3392046, -0.931324), (-0.14156455, 0.23191728, -0.9623793), (-0.9998834, -0.013658184, 0.0068367613), (-0.9998834, -0.013658184, 0.0068367613), (-0.9998879, 0.002672726, 0.014736757), (-0.13257457, 0.3392046, -0.931324), (-0.14156455, 0.23191728, -0.9623793), (-0.1440223, 0.1555506, -0.9772726), (-0.9999815, 0.0059331805, 0.0013110054), (-0.9999815, 0.0059331805, 0.0013110054), (-0.9998834, -0.013658184, 0.0068367613), (-0.14156455, 0.23191728, -0.9623793), (-0.1440223, 0.1555506, -0.9772726), (-0.1322819, 0.05468936, -0.98970234), (-0.9999942, -0.0033740047, 0.00040130765), (-0.9999942, -0.0033740047, 0.00040130765), (-0.9999815, 0.0059331805, 0.0013110054), (-0.1440223, 0.1555506, -0.9772726), (-0.1322819, 0.05468936, -0.98970234), (-0.14121668, -0.022242405, -0.9897288), (-0.99997133, 0.0005299335, 0.0075665335), (-0.99997133, 0.0005299335, 0.0075665335), (-0.9999942, -0.0033740047, 0.00040130765), (-0.1322819, 0.05468936, -0.98970234), (-0.14121668, -0.022242405, -0.9897288), (-0.14944372, -0.08621875, -0.98500407), (-0.9998641, -0.015871722, 0.0044577587), (-0.9998641, -0.015871722, 0.0044577587), (-0.99997133, 0.0005299335, 0.0075665335), (-0.14121668, -0.022242405, -0.9897288), (-0.14944372, -0.08621875, -0.98500407), (-0.14573424, -0.16743645, -0.9750521), (-0.9999989, 0.0000996289, -0.0014632323), (-0.9999989, 0.0000996289, -0.0014632323), (-0.9998641, -0.015871722, 0.0044577587), (-0.14944372, -0.08621875, -0.98500407), (-0.14573424, -0.16743645, -0.9750521), (-0.1457852, -0.25065985, -0.95703524), (-0.999947, -0.0102766, 0.0006467278), (-0.999947, -0.0102766, 0.0006467278), (-0.9999989, 0.0000996289, -0.0014632323), (-0.14573424, -0.16743645, -0.9750521), (-0.1457852, -0.25065985, -0.95703524), (-0.14583744, -0.33788168, -0.92982125), (-0.9999963, 0.0012420324, 0.0024291754), (-0.9999963, 0.0012420324, 0.0024291754), (-0.999947, -0.0102766, 0.0006467278), (-0.1457852, -0.25065985, -0.95703524), (-0.14583744, -0.33788168, -0.92982125), (-0.14065106, -0.41767758, -0.89764285), (-0.9999751, 0.00038865514, 0.0070574805), (-0.9999751, 0.00038865514, 0.0070574805), (-0.9999963, 0.0012420324, 0.0024291754), (-0.14583744, -0.33788168, -0.92982125), (-0.14065106, -0.41767758, -0.89764285), (-0.1374089, -0.5283399, -0.83784), (-0.9998211, 0.01742228, 0.0073568067), (-0.9998211, 0.01742228, 0.0073568067), (-0.9999751, 0.00038865514, 0.0070574805), (-0.14065106, -0.41767758, -0.89764285), (-0.1374089, -0.5283399, -0.83784), (-0.14640026, -0.61123925, -0.7777877), (-0.999861, 0.015445666, 0.006292011), (-0.999861, 0.015445666, 0.006292011), (-0.9998211, 0.01742228, 0.0073568067), (-0.1374089, -0.5283399, -0.83784), (-0.14640026, -0.61123925, -0.7777877), (-0.1371751, -0.71888536, -0.68145937), (-0.999832, 0.01553199, 0.009743442), (-0.999832, 0.01553199, 0.009743442), (-0.999861, 0.015445666, 0.006292011), (-0.14640026, -0.61123925, -0.7777877), (-0.1371751, -0.71888536, -0.68145937), (-0.14022924, -0.816259, -0.56040794), (-0.999696, 0.005690859, 0.023990298), (-0.999696, 0.005690859, 0.023990298), (-0.999832, 0.01553199, 0.009743442), (-0.1371751, -0.71888536, -0.68145937), (-0.14022924, -0.816259, -0.56040794), (-0.14627454, -0.88767684, -0.43661615), (-0.9998577, 0.004794954, 0.016175011), (-0.9998577, 0.004794954, 0.016175011), (-0.999696, 0.005690859, 0.023990298), (-0.14022924, -0.816259, -0.56040794), (-0.14627454, -0.88767684, -0.43661615), (-0.14625214, -0.940139, -0.3078135), (-0.9999392, 0.010460088, 0.0034906948), (-0.9999392, 0.010460088, 0.0034906948), (-0.9998577, 0.004794954, 0.016175011), (-0.14627454, -0.88767684, -0.43661615), (-0.14625214, -0.940139, -0.3078135), (-0.14621358, -0.971695, -0.1855544), (-0.99990946, 0.008308048, -0.010585407), (-0.99990946, 0.008308048, -0.010585407), (-0.9999392, 0.010460088, 0.0034906948), (-0.14625214, -0.940139, -0.3078135), (-0.14621358, -0.971695, -0.1855544), (-0.13450755, -0.9868197, -0.08997081), (-0.9996065, -0.02006636, 0.019600525), (-0.9996065, -0.02006636, 0.019600525), (-0.99990946, 0.008308048, -0.010585407), (-0.14621358, -0.971695, -0.1855544), (-0.13450755, -0.9868197, -0.08997081), (-0.13194665, -0.99015594, 0.046705153), (-0.12640375, -0.9919198, -0.010827091), (-0.12640375, -0.9919198, -0.010827091), (-0.9996065, -0.02006636, 0.019600525), (-0.13450755, -0.9868197, -0.08997081), (-0.13194665, -0.99015594, 0.046705153), (-0.13458039, -0.9821389, 0.13149676), (-0.99894494, -0.03682877, 0.027437849), (-0.99894494, -0.03682877, 0.027437849), (-0.12640375, -0.9919198, -0.010827091), (-0.13194665, -0.99015594, 0.046705153), (-0.09611139, -0.98677784, 0.1305072), (-0.99894494, -0.03682877, 0.027437849), (-0.13458039, -0.9821389, 0.13149676), (-0.13458039, -0.9821389, 0.13149676), (-0.13371947, -0.9515193, 0.27700204), (-0.9994253, -0.03314204, 0.00712853), (-0.9994253, -0.03314204, 0.00712853), (-0.09611139, -0.98677784, 0.1305072), (-0.13458039, -0.9821389, 0.13149676), (-0.0958257, -0.95165753, 0.29183125), (-0.9994253, -0.03314204, 0.00712853), (-0.13371947, -0.9515193, 0.27700204), (-0.13371947, -0.9515193, 0.27700204), (-0.13317746, -0.8838121, 0.4484865), (-0.9993537, -0.0343697, 0.010542126), (-0.9993537, -0.0343697, 0.010542126), (-0.0958257, -0.95165753, 0.29183125), (-0.13371947, -0.9515193, 0.27700204), (-0.09560034, -0.8803469, 0.46459657), (-0.9993537, -0.0343697, 0.010542126), (-0.13317746, -0.8838121, 0.4484865), (-0.13317746, -0.8838121, 0.4484865), (-0.13311042, -0.77916753, 0.6125192), (-0.99943185, -0.006420028, 0.03309009), (-0.99943185, -0.006420028, 0.03309009), (-0.09560034, -0.8803469, 0.46459657), (-0.13317746, -0.8838121, 0.4484865), (-0.09566258, -0.772369, 0.62792885), (-0.99943185, -0.006420028, 0.03309009), (-0.13311042, -0.77916753, 0.6125192), (-0.13311042, -0.77916753, 0.6125192), (-0.14082447, -0.6567926, 0.74080503), (-0.99991506, -0.009097652, 0.009331389), (-0.99991506, -0.009097652, 0.009331389), (-0.09566258, -0.772369, 0.62792885), (-0.13311042, -0.77916753, 0.6125192), (-0.10969928, -0.6356336, 0.76415706), (-0.99991506, -0.009097652, 0.009331389), (-0.14082447, -0.6567926, 0.74080503), (-0.14082447, -0.6567926, 0.74080503), (-0.12623219, -0.54850477, 0.826564), (-0.99965745, -0.023890523, 0.010694076), (-0.99965745, -0.023890523, 0.010694076), (-0.10969928, -0.6356336, 0.76415706), (-0.14082447, -0.6567926, 0.74080503), (-0.12623219, -0.54850477, 0.826564), (0.16612779, 0.9745686, 0.1503917), (-0.1265924, -0.45619982, 0.88082695), (-0.1265924, -0.45619982, 0.88082695), (-0.99965745, -0.023890523, 0.010694076), (-0.12623219, -0.54850477, 0.826564), (-0.9908728, -0.13477315, -0.002705701), (-0.1265924, -0.45619982, 0.88082695), (0.16612779, 0.9745686, 0.1503917), (-0.28308642, 0.9590663, -0.0073569342), (-0.2770673, 0.96080875, -0.008958539), (-0.9999327, -0.011570539, -0.0008775615), (-0.9999327, -0.011570539, -0.0008775615), (-0.99998075, -0.006075908, 0.0012672989), (-0.28308642, 0.9590663, -0.0073569342), (-0.99997103, 0.00552841, 0.005239208), (-0.9999327, -0.011570539, -0.0008775615), (-0.2770673, 0.96080875, -0.008958539), (-0.2770673, 0.96080875, -0.008958539), (-0.022646863, -0.0948367, 0.99523526), (-0.027299274, 0.017503217, 0.99947405), (-0.027299274, 0.017503217, 0.99947405), (-0.99997103, 0.00552841, 0.005239208), (-0.2770673, 0.96080875, -0.008958539), (-0.9999287, 0.0030048506, 0.01156539), (-0.027299274, 0.017503217, 0.99947405), (-0.022646863, -0.0948367, 0.99523526), (-0.022646863, -0.0948367, 0.99523526), (-0.022885473, -0.30268842, 0.95281476), (-0.027211, -0.18142223, 0.98302877), (-0.027211, -0.18142223, 0.98302877), (-0.9999287, 0.0030048506, 0.01156539), (-0.022646863, -0.0948367, 0.99523526), (-0.99998474, 0.0033743887, 0.004394007), (-0.027211, -0.18142223, 0.98302877), (-0.022885473, -0.30268842, 0.95281476), (-0.022885473, -0.30268842, 0.95281476), (-0.07038774, -0.523466, 0.84913427), (-0.024556268, -0.42839038, 0.90326005), (-0.024556268, -0.42839038, 0.90326005), (-0.99998474, 0.0033743887, 0.004394007), (-0.022885473, -0.30268842, 0.95281476), (-0.999892, -0.011070121, -0.009664825), (-0.024556268, -0.42839038, 0.90326005), (-0.07038774, -0.523466, 0.84913427), (-0.07038774, -0.523466, 0.84913427), (-0.14463086, -0.77811027, 0.61125), (-0.999892, -0.011070121, -0.009664825), (-0.9999959, -0.0028012516, -0.00064609514), (-0.999892, -0.011070121, -0.009664825), (-0.14463086, -0.77811027, 0.61125), (-0.14463086, -0.77811027, 0.61125), (-0.13795264, -0.9033519, 0.40610898), (-0.9999959, -0.0028012516, -0.00064609514), (-0.99996936, 0.00351207, 0.0069912258), (-0.9999959, -0.0028012516, -0.00064609514), (-0.13795264, -0.9033519, 0.40610898), (-0.13795264, -0.9033519, 0.40610898), (-0.15506552, -0.9822073, 0.10594143), (-0.99996936, 0.00351207, 0.0069912258), (-0.99993014, -0.010640189, -0.0051531885), (-0.99996936, 0.00351207, 0.0069912258), (-0.15506552, -0.9822073, 0.10594143), (-0.15506552, -0.9822073, 0.10594143), (-0.13288791, -0.9837216, -0.120965734), (-0.999678, 0.0027550482, -0.025225338), (-0.999678, 0.0027550482, -0.025225338), (-0.99993014, -0.010640189, -0.0051531885), (-0.15506552, -0.9822073, 0.10594143), (-0.9998201, 0.006697077, 0.017745191), (-0.999678, 0.0027550482, -0.025225338), (-0.13288791, -0.9837216, -0.120965734), (-0.13288791, -0.9837216, -0.120965734), (-0.14396966, -0.87354827, -0.4649583), (-0.9998201, 0.006697077, 0.017745191), (-0.9999356, 0.011325779, -0.00066774787), (-0.9998201, 0.006697077, 0.017745191), (-0.14396966, -0.87354827, -0.4649583), (-0.14396966, -0.87354827, -0.4649583), (-0.11002738, -0.74034655, -0.6631598), (-0.9999655, 0.0009958227, 0.008261193), (-0.9999655, 0.0009958227, 0.008261193), (-0.9999356, 0.011325779, -0.00066774787), (-0.14396966, -0.87354827, -0.4649583), (-0.11002738, -0.74034655, -0.6631598), (-0.11468683, -0.48110905, -0.8691266), (-0.9999655, 0.0009958227, 0.008261193), (-0.99975234, -0.020739999, 0.008073384), (-0.9999655, 0.0009958227, 0.008261193), (-0.11468683, -0.48110905, -0.8691266), (-0.11468683, -0.48110905, -0.8691266), (-0.05800197, -0.1971938, -0.97864723), (-0.07845633, -0.25220048, -0.96448934), (-0.07845633, -0.25220048, -0.96448934), (-0.99975234, -0.020739999, 0.008073384), (-0.11468683, -0.48110905, -0.8691266), (-0.9999798, -0.003388957, -0.005391041), (-0.07845633, -0.25220048, -0.96448934), (-0.05800197, -0.1971938, -0.97864723), (-0.05800197, -0.1971938, -0.97864723), (-0.07072622, -0.3392668, -0.9380277), (-0.083996825, -0.043297205, -0.99552494), (-0.083996825, -0.043297205, -0.99552494), (-0.9999798, -0.003388957, -0.005391041), (-0.05800197, -0.1971938, -0.97864723), (-0.07072622, -0.3392668, -0.9380277), (-0.28308642, 0.9590663, -0.0073569342), (-0.9996371, 0.02513037, -0.009702194), (-0.9996371, 0.02513037, -0.009702194), (-0.083996825, -0.043297205, -0.99552494), (-0.07072622, -0.3392668, -0.9380277), (-0.99998075, -0.006075908, 0.0012672989), (-0.9996371, 0.02513037, -0.009702194), (-0.28308642, 0.9590663, -0.0073569342), (-0.068383925, -0.013646126, 0.99756587), (-0.12963903, 0.8521248, -0.5070277), (-0.06838392, -0.013646126, 0.99756587), (-0.06838392, -0.013646126, 0.99756587), (-0.9998821, 0.010981307, 0.010743019), (-0.068383925, -0.013646126, 0.99756587), (-0.12963903, 0.8521248, -0.5070277), (-0.15088107, 0.4159219, -0.89679646), (-0.9998357, 0.011722202, 0.013828454), (-0.9998357, 0.011722202, 0.013828454), (-0.06838392, -0.013646126, 0.99756587), (-0.12963903, 0.8521248, -0.5070277), (-0.15088107, 0.4159219, -0.89679646), (0.00038275, 0.9999742, -0.007175634), (-0.9999991, 0.0012857177, 0.0005887788), (-0.9999991, 0.0012857177, 0.0005887788), (-0.9998357, 0.011722202, 0.013828454), (-0.15088107, 0.4159219, -0.89679646), (0.00038275, 0.9999742, -0.007175634), (-0.14837565, -0.005614451, -0.98891515), (-0.9999663, -0.007474461, -0.0034123412), (-0.9999663, -0.007474461, -0.0034123412), (-0.9999991, 0.0012857177, 0.0005887788), (0.00038275, 0.9999742, -0.007175634), (-0.14837565, -0.005614451, -0.98891515), (0.00038275, 0.9999742, -0.007175634), (-0.14837568, -0.005614451, -0.98891515), (-0.14837568, -0.005614451, -0.98891515), (-0.9999663, -0.007474461, -0.0034123412), (-0.14837565, -0.005614451, -0.98891515), (0.00038275, 0.9999742, -0.007175634), (-0.12022342, -0.0018911093, -0.9927451), (-0.9998689, -0.007584615, -0.014303581), (-0.9998689, -0.007584615, -0.014303581), (-0.14837568, -0.005614451, -0.98891515), (0.00038275, 0.9999742, -0.007175634), (-0.12022342, -0.0018911093, -0.9927451), (-0.09644674, 0.0057016965, -0.99532187), (-0.120973215, -0.009867467, -0.99260676), (-0.120973215, -0.009867467, -0.99260676), (-0.9998689, -0.007584615, -0.014303581), (-0.12022342, -0.0018911093, -0.9927451), (-0.9997307, -0.00036388368, -0.023204379), (-0.120973215, -0.009867467, -0.99260676), (-0.09644674, 0.0057016965, -0.99532187), (-0.09644674, 0.0057016965, -0.99532187), (-0.088002525, -0.012632763, -0.99604017), (-0.07369306, 0.13060234, -0.9886923), (-0.07369306, 0.13060234, -0.9886923), (-0.9997307, -0.00036388368, -0.023204379), (-0.09644674, 0.0057016965, -0.99532187), (-0.9987911, 0.044529267, -0.020820808), (-0.07369306, 0.13060234, -0.9886923), (-0.088002525, -0.012632763, -0.99604017), (-0.088002525, -0.012632763, -0.99604017), (-0.12425663, -0.12237636, -0.98467475), (-0.9995922, 0.027071893, -0.009083056), (-0.9995922, 0.027071893, -0.009083056), (-0.9987911, 0.044529267, -0.020820808), (-0.088002525, -0.012632763, -0.99604017), (-0.12425663, -0.12237636, -0.98467475), (-0.14261167, -0.24225141, -0.9596751), (-0.9999591, -0.008316905, -0.003563297), (-0.9999591, -0.008316905, -0.003563297), (-0.9995922, 0.027071893, -0.009083056), (-0.12425663, -0.12237636, -0.98467475), (-0.14261167, -0.24225141, -0.9596751), (-0.14090952, -0.43175805, -0.89091504), (-0.99999875, 0.0014935005, 0.00052810577), (-0.99999875, 0.0014935005, 0.00052810577), (-0.9999591, -0.008316905, -0.003563297), (-0.14261167, -0.24225141, -0.9596751), (-0.9996971, -0.022756688, 0.0093759475), (-0.99999875, 0.0014935005, 0.00052810577), (-0.14090952, -0.43175805, -0.89091504), (-0.14090952, -0.43175805, -0.89091504), (-0.116649, -0.5880924, -0.8003377), (-0.9996971, -0.022756688, 0.0093759475), (-0.079546064, -0.36332706, -0.9282596), (-0.9996971, -0.022756688, 0.0093759475), (-0.116649, -0.5880924, -0.8003377), (-0.116649, -0.5880924, -0.8003377), (-0.14607194, -0.86372095, -0.48233718), (-0.9999239, 0.0008463606, -0.012310702), (-0.9999239, 0.0008463606, -0.012310702), (-0.079546064, -0.36332706, -0.9282596), (-0.116649, -0.5880924, -0.8003377), (-0.14607194, -0.86372095, -0.48233718), (-0.14595789, -0.94189644, -0.30253518), (-0.9997258, 0.013622628, -0.01905021), (-0.9997258, 0.013622628, -0.01905021), (-0.9999239, 0.0008463606, -0.012310702), (-0.14607194, -0.86372095, -0.48233718), (-0.14595789, -0.94189644, -0.30253518), (-0.14093749, -0.980388, -0.13775331), (-0.9998438, -0.0050797365, 0.016931277), (-0.9998438, -0.0050797365, 0.016931277), (-0.9997258, 0.013622628, -0.01905021), (-0.14595789, -0.94189644, -0.30253518), (-0.14093749, -0.980388, -0.13775331), (-0.08152079, -0.9910775, -0.10545059), (-0.99967873, -0.010970346, 0.022850107), (-0.99967873, -0.010970346, 0.022850107), (-0.9998438, -0.0050797365, 0.016931277), (-0.14093749, -0.980388, -0.13775331), (-0.08152079, -0.9910775, -0.10545059), (-0.03940313, -0.99920154, -0.0066153314), (-0.053703804, -0.9919871, -0.11435698), (-0.053703804, -0.9919871, -0.11435698), (-0.99967873, -0.010970346, 0.022850107), (-0.08152079, -0.9910775, -0.10545059), (-0.99984413, 0.015772624, -0.007939043), (-0.053703804, -0.9919871, -0.11435698), (-0.03940313, -0.99920154, -0.0066153314), (-0.03940313, -0.99920154, -0.0066153314), (-0.050208386, -0.97786176, 0.20313928), (-0.06610499, -0.9972869, -0.032386344), (-0.06610499, -0.9972869, -0.032386344), (-0.99984413, 0.015772624, -0.007939043), (-0.03940313, -0.99920154, -0.0066153314), (-0.999318, 0.035465468, -0.01028412), (-0.06610499, -0.9972869, -0.032386344), (-0.050208386, -0.97786176, 0.20313928), (-0.050208386, -0.97786176, 0.20313928), (-0.05667966, -0.91176933, 0.40677288), (-0.073462166, -0.96634585, 0.24653406), (-0.073462166, -0.96634585, 0.24653406), (-0.999318, 0.035465468, -0.01028412), (-0.050208386, -0.97786176, 0.20313928), (-0.99985725, 0.0068861996, 0.015431323), (-0.073462166, -0.96634585, 0.24653406), (-0.05667966, -0.91176933, 0.40677288), (-0.05667966, -0.91176933, 0.40677288), (-0.033078216, 0.0993389, 0.99450374), (-0.99985725, 0.0068861996, 0.015431323), (-0.033078216, 0.0993389, 0.99450374), (0.17799762, 0.2061364, 0.96219784), (-0.033078216, 0.099338904, 0.99450374), (-0.033078216, 0.099338904, 0.99450374), (-0.99985725, 0.0068861996, 0.015431323), (-0.033078216, 0.0993389, 0.99450374), (-0.9915455, -0.019885696, -0.12822682), (-0.033078216, 0.099338904, 0.99450374), (0.17799762, 0.2061364, 0.96219784), (0.17799762, 0.2061364, 0.96219784), (-0.14365537, 0.98409337, -0.10451532), (-0.9999886, 0.004504947, 0.001635757), (-0.9999886, 0.004504947, 0.001635757), (-0.9915455, -0.019885696, -0.12822682), (0.17799762, 0.2061364, 0.96219784), (-0.99982023, -0.008913431, 0.016734794), (-0.9999886, 0.004504947, 0.001635757), (-0.14365537, 0.98409337, -0.10451532), (-0.14365537, 0.98409337, -0.10451532), (-0.15234128, 0.93779016, 0.31199664), (-0.99982023, -0.008913431, 0.016734794), (-0.9999803, -0.005477395, 0.0030870521), (-0.99982023, -0.008913431, 0.016734794), (-0.15234128, 0.93779016, 0.31199664), (-0.15234128, 0.93779016, 0.31199664), (-0.15693006, 0.5709291, 0.8058617), (-0.9999803, -0.005477395, 0.0030870521), (-0.999921, 0.008177366, -0.009548882), (-0.9999803, -0.005477395, 0.0030870521), (-0.15693006, 0.5709291, 0.8058617), (-0.15693006, 0.5709291, 0.8058617), (-0.13169219, 0.14222787, 0.9810344), (-0.999921, 0.008177366, -0.009548882), (-0.9990044, 0.037596468, -0.0240136), (-0.999921, 0.008177366, -0.009548882), (-0.13169219, 0.14222787, 0.9810344), (-0.13169219, 0.14222787, 0.9810344), (-0.082681246, 0.06295375, 0.99458575), (-0.9990044, 0.037596468, -0.0240136), (-0.99958336, 0.017667275, -0.022825418), (-0.9990044, 0.037596468, -0.0240136), (-0.082681246, 0.06295375, 0.99458575), (-0.082681246, 0.06295375, 0.99458575), (-0.12458768, 0.024260413, 0.99191195), (-0.022677768, 0.15879966, 0.98705035), (-0.022677768, 0.15879966, 0.98705035), (-0.99958336, 0.017667275, -0.022825418), (-0.082681246, 0.06295375, 0.99458575), (-0.99981725, -0.0077404347, -0.017475177), (-0.022677768, 0.15879966, 0.98705035), (-0.12458768, 0.024260413, 0.99191195), (-0.12458768, 0.024260413, 0.99191195), (0.00038275, 0.9999742, -0.007175634), (-0.9999931, 0.0015462087, -0.0033746932), (-0.9999931, 0.0015462087, -0.0033746932), (-0.99981725, -0.0077404347, -0.017475177), (-0.12458768, 0.024260413, 0.99191195), (0.00038275, 0.9999742, -0.007175634), (-0.14567068, 0.0071548475, 0.98930734), (-0.999949, 0.0073797805, 0.0068964125), (-0.999949, 0.0073797805, 0.0068964125), (-0.9999931, 0.0015462087, -0.0033746932), (0.00038275, 0.9999742, -0.007175634), (-0.14567068, 0.0071548475, 0.98930734), (-0.14523886, 0.9893711, -0.0071073114), (0.00038275, 0.9999742, -0.007175634), (0.00038275, 0.9999742, -0.007175634), (-0.999949, 0.0073797805, 0.0068964125), (-0.14567068, 0.0071548475, 0.98930734), (-0.14523886, 0.9893711, -0.0071073114), (-0.068383925, -0.013646126, 0.99756587), (-0.9998821, 0.010981307, 0.010743019), (-0.9998821, 0.010981307, 0.010743019), (0.00038275, 0.9999742, -0.007175634), (-0.14523886, 0.9893711, -0.0071073114), (-0.14384827, -0.0038548512, -0.9895923), (-0.14427817, -0.9894863, 0.010037886), (0.00038275, 0.9999742, -0.007175634), (0.00038275, 0.9999742, -0.007175634), (-0.99999994, 0.00038235748, -0.000056071305), (-0.14384827, -0.0038548512, -0.9895923), (-0.14427817, -0.9894863, 0.010037886), (-0.14395459, 0.0039641825, 0.98957634), (-0.99999994, 0.00038232168, -0.000056071047), (-0.99999994, 0.00038232168, -0.000056071047), (0.00038275, 0.9999742, -0.007175634), (-0.14427817, -0.9894863, 0.010037886), (-0.14395459, 0.0039641825, 0.98957634), (-0.14352016, 0.9895964, -0.010054127), (0.00038275, 0.9999742, -0.007175634), (0.00038275, 0.9999742, -0.007175634), (-0.99999994, 0.00038232168, -0.000056071047), (-0.14395459, 0.0039641825, 0.98957634), (-0.14352016, 0.9895964, -0.010054127), (-0.14384827, -0.0038548512, -0.9895923), (-0.99999994, 0.00038235748, -0.000056071305), (-0.99999994, 0.00038235748, -0.000056071305), (0.00038275, 0.9999742, -0.007175634), (-0.14352016, 0.9895964, -0.010054127), (-0.14383334, -0.0062987725, -0.98958194), (-0.13654995, -0.007056159, -0.9906081), (0.00038275, 0.9999742, -0.007175634), (0.00038275, 0.9999742, -0.007175634), (-0.99999994, 0.00038230952, -0.00005608497), (-0.14383334, -0.0062987725, -0.98958194), (-0.13654995, -0.007056159, -0.9906081), (-0.14393778, 0.006408629, 0.98956597), (-0.99999994, 0.00038230952, -0.00005608497), (-0.99999994, 0.00038230952, -0.00005608497), (0.00038275, 0.9999742, -0.007175634), (-0.13654995, -0.007056159, -0.9906081), (-0.14393778, 0.006408629, 0.98956597), (-0.1366523, 0.0071606236, 0.9905933), (0.00038275, 0.9999742, -0.007175634), (0.00038275, 0.9999742, -0.007175634), (-0.99999994, 0.00038230952, -0.00005608497), (-0.14393778, 0.006408629, 0.98956597), (-0.1366523, 0.0071606236, 0.9905933), (-0.14383334, -0.0062987725, -0.98958194), (-0.99999994, 0.00038230952, -0.00005608497), (-0.99999994, 0.00038230952, -0.00005608497), (0.00038275, 0.9999742, -0.007175634), (-0.1366523, 0.0071606236, 0.9905933), (-0.06838352, -0.013646006, 0.99756587), (-0.12963861, 0.85212487, -0.5070277), (-0.06838354, -0.013646006, 0.99756587), (-0.06838354, -0.013646006, 0.99756587), (-0.9998821, 0.01098131, 0.010743022), (-0.06838352, -0.013646006, 0.99756587), (-0.12963861, 0.85212487, -0.5070277), (-0.1508819, 0.41592115, -0.89679664), (-0.9998357, 0.011722174, 0.013828454), (-0.9998357, 0.011722174, 0.013828454), (-0.06838354, -0.013646006, 0.99756587), (-0.12963861, 0.85212487, -0.5070277), (-0.1508819, 0.41592115, -0.89679664), (0.00038275, 0.9999742, -0.007175634), (-0.9999991, 0.0012857413, 0.0005888021), (-0.9999991, 0.0012857413, 0.0005888021), (-0.9998357, 0.011722174, 0.013828454), (-0.1508819, 0.41592115, -0.89679664), (0.00038275, 0.9999742, -0.007175634), (-0.14837812, -0.0056144483, -0.9889148), (-0.9999663, -0.007474462, -0.0034123415), (-0.9999663, -0.007474462, -0.0034123415), (-0.9999991, 0.0012857413, 0.0005888021), (0.00038275, 0.9999742, -0.007175634), (-0.14837812, -0.0056144483, -0.9889148), (0.00038275, 0.9999742, -0.007175634), (-0.14837812, -0.0056144483, -0.9889148), (-0.14837812, -0.0056144483, -0.9889148), (-0.9999663, -0.007474462, -0.0034123415), (-0.14837812, -0.0056144483, -0.9889148), (0.00038275, 0.9999742, -0.007175634), (-0.1126201, -0.00029469497, -0.99363816), (-0.99989766, -0.0066438997, -0.012678469), (-0.99989766, -0.0066438997, -0.012678469), (-0.14837812, -0.0056144483, -0.9889148), (0.00038275, 0.9999742, -0.007175634), (-0.1126201, -0.00029469497, -0.99363816), (-0.0857229, 0.0036015995, -0.9963126), (-0.11347775, -0.010150366, -0.9934888), (-0.11347775, -0.010150366, -0.9934888), (-0.99989766, -0.0066438997, -0.012678469), (-0.1126201, -0.00029469497, -0.99363816), (-0.99982387, -0.00125992, -0.018725492), (-0.11347775, -0.010150366, -0.9934888), (-0.0857229, 0.0036015995, -0.9963126), (-0.0857229, 0.0036015995, -0.9963126), (-0.08732637, -0.011539858, -0.99611294), (-0.07565157, 0.13456891, -0.98801225), (-0.07565157, 0.13456891, -0.98801225), (-0.99982387, -0.00125992, -0.018725492), (-0.0857229, 0.0036015995, -0.9963126), (-0.9990973, 0.03930865, -0.016107017), (-0.07565157, 0.13456891, -0.98801225), (-0.08732637, -0.011539858, -0.99611294), (-0.08732637, -0.011539858, -0.99611294), (-0.121454954, -0.12042133, -0.9852652), (-0.99953693, 0.030358948, -0.0021134783), (-0.99953693, 0.030358948, -0.0021134783), (-0.9990973, 0.03930865, -0.016107017), (-0.08732637, -0.011539858, -0.99611294), (-0.121454954, -0.12042133, -0.9852652), (-0.1391732, -0.24542221, -0.95937425), (-0.9999813, -0.0061320793, -0.00008761706), (-0.9999813, -0.0061320793, -0.00008761706), (-0.99953693, 0.030358948, -0.0021134783), (-0.121454954, -0.12042133, -0.9852652), (-0.1391732, -0.24542221, -0.95937425), (-0.13958767, -0.43070176, -0.89163417), (-0.9999979, 0.0011001269, 0.0017561392), (-0.9999979, 0.0011001269, 0.0017561392), (-0.9999813, -0.0061320793, -0.00008761706), (-0.1391732, -0.24542221, -0.95937425), (-0.99964094, -0.023729453, 0.012444988), (-0.9999979, 0.0011001269, 0.0017561392), (-0.13958767, -0.43070176, -0.89163417), (-0.13958767, -0.43070176, -0.89163417), (-0.1130085, -0.59050405, -0.79908335), (-0.99964094, -0.023729453, 0.012444988), (-0.079139, -0.36549988, -0.9274411), (-0.99964094, -0.023729453, 0.012444988), (-0.1130085, -0.59050405, -0.79908335), (-0.1130085, -0.59050405, -0.79908335), (-0.14130382, -0.86726075, -0.47738054), (-0.9998719, 0.0038889507, -0.015527883), (-0.9998719, 0.0038889507, -0.015527883), (-0.079139, -0.36549988, -0.9274411), (-0.1130085, -0.59050405, -0.79908335), (-0.14130382, -0.86726075, -0.47738054), (-0.14627068, -0.942922, -0.2991706), (-0.99955094, 0.020354614, -0.021993319), (-0.99955094, 0.020354614, -0.021993319), (-0.9998719, 0.0038889507, -0.015527883), (-0.14130382, -0.86726075, -0.47738054), (-0.14627068, -0.942922, -0.2991706), (-0.14234322, -0.9800128, -0.1389726), (-0.9996992, -0.005321693, 0.02394536), (-0.9996992, -0.005321693, 0.02394536), (-0.99955094, 0.020354614, -0.021993319), (-0.14627068, -0.942922, -0.2991706), (-0.14234322, -0.9800128, -0.1389726), (-0.081520505, -0.99107754, -0.10545041), (-0.999659, -0.010061662, 0.024098756), (-0.999659, -0.010061662, 0.024098756), (-0.9996992, -0.005321693, 0.02394536), (-0.14234322, -0.9800128, -0.1389726), (-0.081520505, -0.99107754, -0.10545041), (-0.03940306, -0.99920154, -0.006615352), (-0.05370383, -0.99198717, -0.11435631), (-0.05370383, -0.99198717, -0.11435631), (-0.999659, -0.010061662, 0.024098756), (-0.081520505, -0.99107754, -0.10545041), (-0.9998484, 0.01672196, -0.0048626876), (-0.05370383, -0.99198717, -0.11435631), (-0.03940306, -0.99920154, -0.006615352), (-0.03940306, -0.99920154, -0.006615352), (-0.04949137, -0.97790205, 0.20312127), (-0.06610542, -0.9972869, -0.032386504), (-0.06610542, -0.9972869, -0.032386504), (-0.9998484, 0.01672196, -0.0048626876), (-0.03940306, -0.99920154, -0.006615352), (-0.9991985, 0.037282184, 0.014575806), (-0.06610542, -0.9972869, -0.032386504), (-0.04949137, -0.97790205, 0.20312127), (-0.04949137, -0.97790205, 0.20312127), (-0.061617717, -0.90809655, 0.4142028), (-0.07490969, -0.96447724, 0.25332272), (-0.07490969, -0.96447724, 0.25332272), (-0.9991985, 0.037282184, 0.014575806), (-0.04949137, -0.97790205, 0.20312127), (-0.999091, 0.0001639282, 0.042627), (-0.07490969, -0.96447724, 0.25332272), (-0.061617717, -0.90809655, 0.4142028), (-0.061617717, -0.90809655, 0.4142028), (-0.04388623, 0.093690775, 0.9946337), (-0.999091, 0.0001639282, 0.042627), (-0.04388623, 0.093690775, 0.9946337), (0.17799608, 0.20613481, 0.9621985), (-0.04388623, 0.09369078, 0.9946337), (-0.04388623, 0.09369078, 0.9946337), (-0.999091, 0.0001639282, 0.042627), (-0.04388623, 0.093690775, 0.9946337), (-0.9917932, -0.034474637, -0.123117544), (-0.04388623, 0.09369078, 0.9946337), (0.17799608, 0.20613481, 0.9621985), (0.17799608, 0.20613481, 0.9621985), (-0.14685215, 0.98411185, -0.099791706), (-0.9998458, 0.0012928644, 0.01751825), (-0.9998458, 0.0012928644, 0.01751825), (-0.9917932, -0.034474637, -0.123117544), (0.17799608, 0.20613481, 0.9621985), (-0.9998219, -0.007896828, 0.017140966), (-0.9998458, 0.0012928644, 0.01751825), (-0.14685215, 0.98411185, -0.099791706), (-0.14685215, 0.98411185, -0.099791706), (-0.15001145, 0.9370285, 0.31539533), (-0.9998219, -0.007896828, 0.017140966), (-0.99999, -0.0022302642, 0.0038776037), (-0.9998219, -0.007896828, 0.017140966), (-0.15001145, 0.9370285, 0.31539533), (-0.15001145, 0.9370285, 0.31539533), (-0.15840214, 0.57878685, 0.79994655), (-0.99999, -0.0022302642, 0.0038776037), (-0.9999049, 0.012765244, -0.00522647), (-0.99999, -0.0022302642, 0.0038776037), (-0.15840214, 0.57878685, 0.79994655), (-0.15840214, 0.57878685, 0.79994655), (-0.13631637, 0.13805518, 0.9809989), (-0.9999049, 0.012765244, -0.00522647), (-0.99952924, 0.02377107, -0.019400503), (-0.9999049, 0.012765244, -0.00522647), (-0.13631637, 0.13805518, 0.9809989), (-0.13631637, 0.13805518, 0.9809989), (-0.08360584, 0.06164934, 0.9945901), (-0.99952924, 0.02377107, -0.019400503), (-0.9997798, 0.011546382, -0.017524483), (-0.99952924, 0.02377107, -0.019400503), (-0.08360584, 0.06164934, 0.9945901), (-0.08360584, 0.06164934, 0.9945901), (-0.12458744, 0.02426008, 0.991912), (-0.022678182, 0.15880239, 0.98704994), (-0.022678182, 0.15880239, 0.98704994), (-0.9997798, 0.011546382, -0.017524483), (-0.08360584, 0.06164934, 0.9945901), (-0.9998659, -0.006498316, -0.015036108), (-0.022678182, 0.15880239, 0.98704994), (-0.12458744, 0.02426008, 0.991912), (-0.12458744, 0.02426008, 0.991912), (0.00038275, 0.9999742, -0.007175634), (-0.9999931, 0.0015462249, -0.0033746916), (-0.9999931, 0.0015462249, -0.0033746916), (-0.9998659, -0.006498316, -0.015036108), (-0.12458744, 0.02426008, 0.991912), (0.00038275, 0.9999742, -0.007175634), (-0.14566739, 0.0071548494, 0.98930776), (-0.999949, 0.007379779, 0.006896439), (-0.999949, 0.007379779, 0.006896439), (-0.9999931, 0.0015462249, -0.0033746916), (0.00038275, 0.9999742, -0.007175634), (-0.14566739, 0.0071548494, 0.98930776), (-0.14523886, 0.9893712, -0.0071073114), (0.00038275, 0.9999742, -0.007175634), (0.00038275, 0.9999742, -0.007175634), (-0.999949, 0.007379779, 0.006896439), (-0.14566739, 0.0071548494, 0.98930776), (-0.14523886, 0.9893712, -0.0071073114), (-0.06838352, -0.013646006, 0.99756587), (-0.9998821, 0.01098131, 0.010743022), (-0.9998821, 0.01098131, 0.010743022), (0.00038275, 0.9999742, -0.007175634), (-0.14523886, 0.9893712, -0.0071073114), (-0.14384665, -0.003854139, -0.9895925), (-0.14427818, -0.9894863, 0.010037886), (0.00038275, 0.9999742, -0.007175634), (0.00038275, 0.9999742, -0.007175634), (-0.99999994, 0.00038232168, -0.000056071047), (-0.14384665, -0.003854139, -0.9895925), (-0.14427818, -0.9894863, 0.010037886), (-0.14395297, 0.003963469, 0.98957664), (-0.99999994, 0.00038232168, -0.000056071047), (-0.99999994, 0.00038232168, -0.000056071047), (0.00038275, 0.9999742, -0.007175634), (-0.14427818, -0.9894863, 0.010037886), (-0.14395297, 0.003963469, 0.98957664), (-0.14352013, 0.9895964, -0.010054126), (0.00038275, 0.9999742, -0.007175634), (0.00038275, 0.9999742, -0.007175634), (-0.99999994, 0.00038232168, -0.000056071047), (-0.14395297, 0.003963469, 0.98957664), (-0.14352013, 0.9895964, -0.010054126), (-0.14384665, -0.003854139, -0.9895925), (-0.99999994, 0.00038232168, -0.000056071047), (-0.99999994, 0.00038232168, -0.000056071047), (0.00038275, 0.9999742, -0.007175634), (-0.14352013, 0.9895964, -0.010054126), (-0.14383169, -0.006298608, -0.9895822), (-0.1365467, -0.0070561636, -0.9906086), (0.00038275, 0.9999742, -0.007175634), (0.00038275, 0.9999742, -0.007175634), (-0.99999994, 0.0003823094, -0.000056100922), (-0.14383169, -0.006298608, -0.9895822), (-0.1365467, -0.0070561636, -0.9906086), (-0.14393613, 0.0064084628, 0.9895662), (-0.99999994, 0.0003823094, -0.000056100922), (-0.99999994, 0.0003823094, -0.000056100922), (0.00038275, 0.9999742, -0.007175634), (-0.1365467, -0.0070561636, -0.9906086), (-0.14393613, 0.0064084628, 0.9895662), (-0.13664903, 0.007160589, 0.99059373), (0.00038275, 0.9999742, -0.007175634), (0.00038275, 0.9999742, -0.007175634), (-0.99999994, 0.0003823094, -0.000056100922), (-0.14393613, 0.0064084628, 0.9895662), (-0.13664903, 0.007160589, 0.99059373), (-0.14383169, -0.006298608, -0.9895822), (-0.99999994, 0.0003823094, -0.000056100922), (-0.99999994, 0.0003823094, -0.000056100922), (0.00038275, 0.9999742, -0.007175634), (-0.13664903, 0.007160589, 0.99059373), (-0.99957806, 0.026303215, -0.012323803), (-0.010908142, 0.6658644, 0.7459931), (-0.12923664, 0.5954858, 0.79290265), (-0.12923664, 0.5954858, 0.79290265), (-0.13719521, 0.40969068, 0.9018488), (-0.15840694, 0.48220438, 0.86161834), (-0.15840694, 0.48220438, 0.86161834), (-0.99957806, 0.026303215, -0.012323803), (-0.12923664, 0.5954858, 0.79290265), (-0.9996512, -0.023548942, 0.011961869), (-0.15840694, 0.48220438, 0.86161834), (-0.13719521, 0.40969068, 0.9018488), (-0.13719521, 0.40969068, 0.9018488), (-0.13226934, 0.18481933, 0.9738309), (-0.14297482, 0.2625488, 0.9542675), (-0.14297482, 0.2625488, 0.9542675), (-0.9996512, -0.023548942, 0.011961869), (-0.13719521, 0.40969068, 0.9018488), (-0.9998143, -0.018574018, 0.0051386696), (-0.14297482, 0.2625488, 0.9542675), (-0.13226934, 0.18481933, 0.9738309), (-0.13226934, 0.18481933, 0.9738309), (-0.1267839, 0.04352461, 0.9909751), (-0.13379756, 0.07942938, 0.9878205), (-0.13379756, 0.07942938, 0.9878205), (-0.9998143, -0.018574018, 0.0051386696), (-0.13226934, 0.18481933, 0.9738309), (-0.9998369, 0.017943632, 0.002085112), (-0.13379756, 0.07942938, 0.9878205), (-0.1267839, 0.04352461, 0.9909751), (-0.1267839, 0.04352461, 0.9909751), (-0.1374971, -0.12951767, 0.98199785), (-0.14562894, -0.051198166, 0.9880136), (-0.14562894, -0.051198166, 0.9880136), (-0.9998369, 0.017943632, 0.002085112), (-0.1267839, 0.04352461, 0.9909751), (-0.99998933, 0.0045813737, 0.0004940292), (-0.14562894, -0.051198166, 0.9880136), (-0.1374971, -0.12951767, 0.98199785), (-0.1374971, -0.12951767, 0.98199785), (-0.12500183, -0.29634723, 0.9468648), (-0.13578543, -0.23508139, 0.9624443), (-0.13578543, -0.23508139, 0.9624443), (-0.99998933, 0.0045813737, 0.0004940292), (-0.1374971, -0.12951767, 0.98199785), (-0.9998568, -0.011449224, -0.012465756), (-0.13578543, -0.23508139, 0.9624443), (-0.12500183, -0.29634723, 0.9468648), (-0.12500183, -0.29634723, 0.9468648), (-0.081167, -0.47230545, 0.87768996), (-0.13976277, -0.4319841, 0.89098614), (-0.13976277, -0.4319841, 0.89098614), (-0.9998568, -0.011449224, -0.012465756), (-0.12500183, -0.29634723, 0.9468648), (-0.99994105, -0.00084334554, -0.010824057), (-0.13976277, -0.4319841, 0.89098614), (-0.081167, -0.47230545, 0.87768996), (-0.081167, -0.47230545, 0.87768996), (-0.027327184, -0.6155578, 0.78761786), (-0.033362456, -0.506672, 0.8614932), (-0.033362456, -0.506672, 0.8614932), (-0.99994105, -0.00084334554, -0.010824057), (-0.081167, -0.47230545, 0.87768996), (-0.999656, 0.002015021, -0.026152426), (-0.033362456, -0.506672, 0.8614932), (-0.027327184, -0.6155578, 0.78761786), (-0.027327184, -0.6155578, 0.78761786), (-0.0254106, -0.78708225, 0.61632437), (-0.08257821, -0.80318886, 0.5899733), (-0.08257821, -0.80318886, 0.5899733), (-0.999656, 0.002015021, -0.026152426), (-0.027327184, -0.6155578, 0.78761786), (-0.999708, 0.024158655, -0.0007370052), (-0.08257821, -0.80318886, 0.5899733), (-0.0254106, -0.78708225, 0.61632437), (-0.0254106, -0.78708225, 0.61632437), (-0.025602855, -0.91668636, 0.39878654), (-0.030482434, -0.85513026, 0.5175162), (-0.030482434, -0.85513026, 0.5175162), (-0.999708, 0.024158655, -0.0007370052), (-0.0254106, -0.78708225, 0.61632437), (-0.9995388, 0.02715683, -0.013594422), (-0.030482434, -0.85513026, 0.5175162), (-0.025602855, -0.91668636, 0.39878654), (-0.025602855, -0.91668636, 0.39878654), (-0.025192536, -0.9862008, 0.16362596), (-0.030167723, -0.9588744, 0.28222334), (-0.030167723, -0.9588744, 0.28222334), (-0.9995388, 0.02715683, -0.013594422), (-0.025602855, -0.91668636, 0.39878654), (-0.9997903, 0.0084905755, -0.01863265), (-0.030167723, -0.9588744, 0.28222334), (-0.025192536, -0.9862008, 0.16362596), (-0.025192536, -0.9862008, 0.16362596), (-0.025765525, -0.9978158, -0.06082651), (-0.030263698, -0.9974036, 0.065347865), (-0.030263698, -0.9974036, 0.065347865), (-0.9997903, 0.0084905755, -0.01863265), (-0.025192536, -0.9862008, 0.16362596), (-0.9999075, -0.008996517, 0.010212124), (-0.030263698, -0.9974036, 0.065347865), (-0.025765525, -0.9978158, -0.06082651), (-0.025765525, -0.9978158, -0.06082651), (-0.02535444, -0.9498111, -0.31179494), (-0.029978916, -0.98272276, -0.18264033), (-0.029978916, -0.98272276, -0.18264033), (-0.9999075, -0.008996517, 0.010212124), (-0.025765525, -0.9978158, -0.06082651), (-0.99999005, -0.00441567, 0.0006829318), (-0.029978916, -0.98272276, -0.18264033), (-0.02535444, -0.9498111, -0.31179494), (-0.02535444, -0.9498111, -0.31179494), (-0.02558966, -0.8426002, -0.5379313), (-0.030359045, -0.9046478, -0.4250775), (-0.030359045, -0.9046478, -0.4250775), (-0.99999005, -0.00441567, 0.0006829318), (-0.02535444, -0.9498111, -0.31179494), (-0.9998629, 0.007936514, -0.01453527), (-0.030359045, -0.9046478, -0.4250775), (-0.02558966, -0.8426002, -0.5379313), (-0.02558966, -0.8426002, -0.5379313), (-0.08733767, -0.64403504, -0.75999427), (-0.031009113, -0.7750744, -0.63110876), (-0.031009113, -0.7750744, -0.63110876), (-0.9998629, 0.007936514, -0.01453527), (-0.02558966, -0.8426002, -0.5379313), (-0.9995716, -0.027259788, 0.010657928), (-0.031009113, -0.7750744, -0.63110876), (-0.08733767, -0.64403504, -0.75999427), (-0.08733767, -0.64403504, -0.75999427), (-0.13683558, -0.37407717, -0.9172472), (-0.1414069, -0.51582277, -0.8449445), (-0.1414069, -0.51582277, -0.8449445), (-0.9995716, -0.027259788, 0.010657928), (-0.08733767, -0.64403504, -0.75999427), (-0.9995436, -0.029682802, -0.0056112567), (-0.1414069, -0.51582277, -0.8449445), (-0.13683558, -0.37407717, -0.9172472), (-0.13683558, -0.37407717, -0.9172472), (-0.1339022, -0.20383093, -0.9698057), (-0.13511859, -0.28746545, -0.9482123), (-0.13511859, -0.28746545, -0.9482123), (-0.9995436, -0.029682802, -0.0056112567), (-0.13683558, -0.37407717, -0.9172472), (-0.9997121, -0.009334542, -0.02210249), (-0.13511859, -0.28746545, -0.9482123), (-0.1339022, -0.20383093, -0.9698057), (-0.1339022, -0.20383093, -0.9698057), (-0.13423556, -0.020451844, -0.9907384), (-0.14939988, -0.107848264, -0.98287773), (-0.14939988, -0.107848264, -0.98287773), (-0.9997121, -0.009334542, -0.02210249), (-0.1339022, -0.20383093, -0.9698057), (-0.9997613, 0.0068648024, -0.020742524), (-0.14939988, -0.107848264, -0.98287773), (-0.13423556, -0.020451844, -0.9907384), (-0.13423556, -0.020451844, -0.9907384), (-0.12403866, 0.11028616, -0.9861296), (-0.13242584, 0.044369694, -0.9901994), (-0.13242584, 0.044369694, -0.9901994), (-0.9997613, 0.0068648024, -0.020742524), (-0.13423556, -0.020451844, -0.9907384), (-0.99975556, 0.00922629, -0.020091452), (-0.13242584, 0.044369694, -0.9901994), (-0.12403866, 0.11028616, -0.9861296), (-0.12403866, 0.11028616, -0.9861296), (-0.1346997, 0.29820183, -0.9449506), (-0.13971508, 0.1938133, -0.9710387), (-0.13971508, 0.1938133, -0.9710387), (-0.99975556, 0.00922629, -0.020091452), (-0.12403866, 0.11028616, -0.9861296), (-0.9996811, 0.0030429387, -0.025067935), (-0.13971508, 0.1938133, -0.9710387), (-0.1346997, 0.29820183, -0.9449506), (-0.1346997, 0.29820183, -0.9449506), (-0.10236334, 0.55457556, -0.8258135), (-0.14196278, 0.4104173, -0.9007798), (-0.14196278, 0.4104173, -0.9007798), (-0.9996811, 0.0030429387, -0.025067935), (-0.1346997, 0.29820183, -0.9449506), (-0.99971586, 0.021787237, -0.009671279), (-0.14196278, 0.4104173, -0.9007798), (-0.10236334, 0.55457556, -0.8258135), (-0.10236334, 0.55457556, -0.8258135), (-0.057669908, 0.7803518, -0.62267584), (-0.08061142, 0.71423846, -0.6952447), (-0.08061142, 0.71423846, -0.6952447), (-0.99971586, 0.021787237, -0.009671279), (-0.10236334, 0.55457556, -0.8258135), (-0.99960554, 0.027997581, -0.0022349872), (-0.08061142, 0.71423846, -0.6952447), (-0.057669908, 0.7803518, -0.62267584), (-0.057669908, 0.7803518, -0.62267584), (-0.057361405, 0.9110653, -0.40825227), (-0.0816845, 0.86707723, -0.49143142), (-0.0816845, 0.86707723, -0.49143142), (-0.99960554, 0.027997581, -0.0022349872), (-0.057669908, 0.7803518, -0.62267584), (-0.99973017, 0.016705358, -0.016145572), (-0.0816845, 0.86707723, -0.49143142), (-0.057361405, 0.9110653, -0.40825227), (-0.057361405, 0.9110653, -0.40825227), (-0.057959784, 0.9847788, -0.16386405), (-0.08127136, 0.9631778, -0.25628826), (-0.08127136, 0.9631778, -0.25628826), (-0.99973017, 0.016705358, -0.016145572), (-0.057361405, 0.9110653, -0.40825227), (-0.9998768, 0.015120157, 0.0042101583), (-0.08127136, 0.9631778, -0.25628826), (-0.057959784, 0.9847788, -0.16386405), (-0.057959784, 0.9847788, -0.16386405), (-0.05686093, 0.99616146, 0.06655319), (-0.08011045, 0.99671876, -0.011578825), (-0.08011045, 0.99671876, -0.011578825), (-0.9998768, 0.015120157, 0.0042101583), (-0.057959784, 0.9847788, -0.16386405), (-0.9998146, 0.017921258, 0.00704366), (-0.08011045, 0.99671876, -0.011578825), (-0.05686093, 0.99616146, 0.06655319), (-0.05686093, 0.99616146, 0.06655319), (-0.053766973, 0.9550803, 0.29142913), (-0.08460767, 0.99420494, 0.06631846), (-0.08460767, 0.99420494, 0.06631846), (-0.9998146, 0.017921258, 0.00704366), (-0.05686093, 0.99616146, 0.06655319), (-0.9995414, -0.015946403, -0.025742095), (-0.08460767, 0.99420494, 0.06631846), (-0.053766973, 0.9550803, 0.29142913), (-0.053766973, 0.9550803, 0.29142913), (-0.05602768, 0.8534689, 0.5181233), (-0.076562166, 0.8973254, 0.43467852), (-0.076562166, 0.8973254, 0.43467852), (-0.9995414, -0.015946403, -0.025742095), (-0.053766973, 0.9550803, 0.29142913), (-0.9996, -0.027037079, -0.008306054), (-0.076562166, 0.8973254, 0.43467852), (-0.05602768, 0.8534689, 0.5181233), (-0.05602768, 0.8534689, 0.5181233), (-0.08752007, 0.8758987, 0.47449106), (-0.062698394, 0.857133, 0.5112653), (-0.062698394, 0.857133, 0.5112653), (-0.9996, -0.027037079, -0.008306054), (-0.05602768, 0.8534689, 0.5181233), (-0.08752007, 0.8758987, 0.47449106), (-0.12923664, 0.5954858, 0.79290265), (-0.9996686, 0.0019218667, -0.025671598), (-0.9996686, 0.0019218667, -0.025671598), (-0.062698394, 0.857133, 0.5112653), (-0.08752007, 0.8758987, 0.47449106), (-0.010908142, 0.6658644, 0.7459931), (-0.9996686, 0.0019218667, -0.025671598), (-0.12923664, 0.5954858, 0.79290265), (-0.07933077, -0.5416326, -0.8368637), (-0.9999176, -0.00842017, 0.009690065), (-0.104925096, -0.5106007, -0.85339195), (-0.104925096, -0.5106007, -0.85339195), (-0.12844068, -0.6596662, -0.7405023), (-0.9995817, 0.028744627, 0.0031854801), (-0.9995817, 0.028744627, 0.0031854801), (-0.07933077, -0.5416326, -0.8368637), (-0.104925096, -0.5106007, -0.85339195), (-0.08773359, -0.7094749, -0.6992483), (-0.9995817, 0.028744627, 0.0031854801), (-0.12844068, -0.6596662, -0.7405023), (-0.12844068, -0.6596662, -0.7405023), (-0.13188952, -0.79481035, -0.5923526), (-0.99940574, 0.026031785, -0.02259573), (-0.99940574, 0.026031785, -0.02259573), (-0.08773359, -0.7094749, -0.6992483), (-0.12844068, -0.6596662, -0.7405023), (-0.086400196, -0.82753515, -0.55472565), (-0.99940574, 0.026031785, -0.02259573), (-0.13188952, -0.79481035, -0.5923526), (-0.13188952, -0.79481035, -0.5923526), (-0.13799968, -0.8784078, -0.45755416), (-0.99949014, -0.03187535, -0.0018586855), (-0.99949014, -0.03187535, -0.0018586855), (-0.086400196, -0.82753515, -0.55472565), (-0.13188952, -0.79481035, -0.5923526), (-0.09029578, -0.90004027, -0.4263498), (-0.99949014, -0.03187535, -0.0018586855), (-0.13799968, -0.8784078, -0.45755416), (-0.13799968, -0.8784078, -0.45755416), (-0.13915376, -0.93315387, -0.3314516), (-0.99960196, -0.02553925, -0.011986096), (-0.99960196, -0.02553925, -0.011986096), (-0.09029578, -0.90004027, -0.4263498), (-0.13799968, -0.8784078, -0.45755416), (-0.091090664, -0.9486101, -0.30305365), (-0.99960196, -0.02553925, -0.011986096), (-0.13915376, -0.93315387, -0.3314516), (-0.13915376, -0.93315387, -0.3314516), (-0.13911864, -0.9690751, -0.20381227), (-0.9995984, -0.027939716, -0.004756516), (-0.9995984, -0.027939716, -0.004756516), (-0.091090664, -0.9486101, -0.30305365), (-0.13915376, -0.93315387, -0.3314516), (-0.09105139, -0.9806063, -0.17355427), (-0.9995984, -0.027939716, -0.004756516), (-0.13911864, -0.9690751, -0.20381227), (-0.13911864, -0.9690751, -0.20381227), (-0.12994924, -0.9860334, -0.10417042), (-0.9983506, -0.022951072, -0.052624844), (-0.9983506, -0.022951072, -0.052624844), (-0.09105139, -0.9806063, -0.17355427), (-0.13911864, -0.9690751, -0.20381227), (-0.08720312, -0.99126405, -0.09895081), (-0.9983506, -0.022951072, -0.052624844), (-0.12994924, -0.9860334, -0.10417042), (-0.12994924, -0.9860334, -0.10417042), (-0.13499266, -0.99065506, 0.019481754), (-0.9991608, 0.0023014287, -0.04089447), (-0.9991608, 0.0023014287, -0.04089447), (-0.08720312, -0.99126405, -0.09895081), (-0.12994924, -0.9860334, -0.10417042), (-0.13499266, -0.99065506, 0.019481754), (-0.1378262, -0.9812419, 0.13478975), (-0.99965644, 0.014598322, -0.021771878), (-0.99965644, 0.014598322, -0.021771878), (-0.9991608, 0.0023014287, -0.04089447), (-0.13499266, -0.99065506, 0.019481754), (-0.1378262, -0.9812419, 0.13478975), (-0.14476468, -0.96502477, 0.2185643), (-0.9997436, 0.018948548, 0.012397335), (-0.9997436, 0.018948548, 0.012397335), (-0.99965644, 0.014598322, -0.021771878), (-0.1378262, -0.9812419, 0.13478975), (-0.14476468, -0.96502477, 0.2185643), (-0.13074762, -0.93053627, 0.34206343), (-0.9998434, 0.011858833, -0.013137427), (-0.9998434, 0.011858833, -0.013137427), (-0.9997436, 0.018948548, 0.012397335), (-0.14476468, -0.96502477, 0.2185643), (-0.13074762, -0.93053627, 0.34206343), (-0.13109921, -0.88312185, 0.450454), (-0.99950445, 0.01420155, -0.028092992), (-0.99950445, 0.01420155, -0.028092992), (-0.9998434, 0.011858833, -0.013137427), (-0.13074762, -0.93053627, 0.34206343), (-0.13109921, -0.88312185, 0.450454), (-0.1331072, -0.820581, 0.55581427), (-0.99966085, 0.024813782, -0.007903557), (-0.99966085, 0.024813782, -0.007903557), (-0.99950445, 0.01420155, -0.028092992), (-0.13109921, -0.88312185, 0.450454), (-0.1331072, -0.820581, 0.55581427), (-0.14203438, -0.74592906, 0.6507044), (-0.999616, 0.027684212, 0.0012311691), (-0.999616, 0.027684212, 0.0012311691), (-0.99966085, 0.024813782, -0.007903557), (-0.1331072, -0.820581, 0.55581427), (-0.14203438, -0.74592906, 0.6507044), (-0.14983746, -0.6768358, 0.7207233), (-0.9995653, 0.029476814, -0.0006904595), (-0.9995653, 0.029476814, -0.0006904595), (-0.999616, 0.027684212, 0.0012311691), (-0.14203438, -0.74592906, 0.6507044), (-0.14983746, -0.6768358, 0.7207233), (-0.1408655, -0.5969767, 0.78979474), (-0.99983513, 0.011569198, -0.014002773), (-0.99983513, 0.011569198, -0.014002773), (-0.9995653, 0.029476814, -0.0006904595), (-0.14983746, -0.6768358, 0.7207233), (-0.1408655, -0.5969767, 0.78979474), (-0.1326484, -0.4901912, 0.8614622), (-0.9997039, 0.008603698, -0.022765502), (-0.9997039, 0.008603698, -0.022765502), (-0.99983513, 0.011569198, -0.014002773), (-0.1408655, -0.5969767, 0.78979474), (-0.1326484, -0.4901912, 0.8614622), (-0.13700108, -0.388865, 0.9110515), (-0.99953365, 0.005496458, -0.030037846), (-0.99953365, 0.005496458, -0.030037846), (-0.9997039, 0.008603698, -0.022765502), (-0.1326484, -0.4901912, 0.8614622), (-0.13700108, -0.388865, 0.9110515), (-0.13695526, -0.28093717, 0.94990396), (-0.9995592, 0.009281185, -0.028200492), (-0.9995592, 0.009281185, -0.028200492), (-0.99953365, 0.005496458, -0.030037846), (-0.13700108, -0.388865, 0.9110515), (-0.13695526, -0.28093717, 0.94990396), (-0.14181857, -0.1659362, 0.9758856), (-0.999722, -0.0021525675, -0.023482608), (-0.999722, -0.0021525675, -0.023482608), (-0.9995592, 0.009281185, -0.028200492), (-0.13695526, -0.28093717, 0.94990396), (-0.14181857, -0.1659362, 0.9758856), (-0.14956538, -0.0751727, 0.98589015), (-0.99970615, 0.017103966, -0.017177029), (-0.99970615, 0.017103966, -0.017177029), (-0.999722, -0.0021525675, -0.023482608), (-0.14181857, -0.1659362, 0.9758856), (-0.14956538, -0.0751727, 0.98589015), (-0.14580229, 0.022287369, 0.98906267), (-0.9996785, 0.016130023, -0.01956232), (-0.9996785, 0.016130023, -0.01956232), (-0.99970615, 0.017103966, -0.017177029), (-0.14956538, -0.0751727, 0.98589015), (-0.14580229, 0.022287369, 0.98906267), (-0.14578709, 0.118867494, 0.98214906), (-0.9997807, -0.0017826287, -0.02086421), (-0.9997807, -0.0017826287, -0.02086421), (-0.9996785, 0.016130023, -0.01956232), (-0.14580229, 0.022287369, 0.98906267), (-0.14578709, 0.118867494, 0.98214906), (-0.14056706, 0.21390301, 0.96668845), (-0.9997637, -0.008036728, -0.02019838), (-0.9997637, -0.008036728, -0.02019838), (-0.9997807, -0.0017826287, -0.02086421), (-0.14578709, 0.118867494, 0.98214906), (-0.14056706, 0.21390301, 0.96668845), (-0.13718346, 0.34168094, 0.9297499), (-0.99965197, -0.016227212, -0.020801365), (-0.99965197, -0.016227212, -0.020801365), (-0.9997637, -0.008036728, -0.02019838), (-0.14056706, 0.21390301, 0.96668845), (-0.13718346, 0.34168094, 0.9297499), (-0.14423628, 0.42497373, 0.89364046), (-0.99966395, -0.009182865, -0.02424291), (-0.99966395, -0.009182865, -0.02424291), (-0.99965197, -0.016227212, -0.020801365), (-0.13718346, 0.34168094, 0.9297499), (-0.14423628, 0.42497373, 0.89364046), (-0.13717394, 0.5492346, 0.82433295), (-0.9996528, -0.013597277, -0.022569938), (-0.9996528, -0.013597277, -0.022569938), (-0.99966395, -0.009182865, -0.02424291), (-0.14423628, 0.42497373, 0.89364046), (-0.13717394, 0.5492346, 0.82433295), (-0.14627045, 0.62405, 0.7675718), (-0.99910957, -0.04004186, 0.013295872), (-0.99910957, -0.04004186, 0.013295872), (-0.9996528, -0.013597277, -0.022569938), (-0.13717394, 0.5492346, 0.82433295), (-0.14627045, 0.62405, 0.7675718), (-0.13954306, 0.7163546, 0.6836402), (-0.9997778, 0.011270481, -0.01781698), (-0.9997778, 0.011270481, -0.01781698), (-0.99910957, -0.04004186, 0.013295872), (-0.14627045, 0.62405, 0.7675718), (-0.13954306, 0.7163546, 0.6836402), (-0.14557193, 0.786551, 0.60012186), (-0.9998497, 0.006910163, -0.015905151), (-0.9998497, 0.006910163, -0.015905151), (-0.9997778, 0.011270481, -0.01781698), (-0.13954306, 0.7163546, 0.6836402), (-0.14557193, 0.786551, 0.60012186), (-0.14555128, 0.85286695, 0.501431), (-0.9999835, -0.005727995, 0.0005036384), (-0.9999835, -0.005727995, 0.0005036384), (-0.9998497, 0.006910163, -0.015905151), (-0.14557193, 0.786551, 0.60012186), (-0.14555128, 0.85286695, 0.501431), (-0.14552332, 0.90722895, 0.39466283), (-0.99999636, -0.0023592617, -0.0013135825), (-0.99999636, -0.0023592617, -0.0013135825), (-0.9999835, -0.005727995, 0.0005036384), (-0.14555128, 0.85286695, 0.501431), (-0.14552332, 0.90722895, 0.39466283), (-0.14018361, 0.94568664, 0.29330105), (-0.99997616, -0.0055891103, 0.0040692077), (-0.99997616, -0.0055891103, 0.0040692077), (-0.99999636, -0.0023592617, -0.0013135825), (-0.14552332, 0.90722895, 0.39466283), (-0.14018361, 0.94568664, 0.29330105), (-0.13700448, 0.9768519, 0.16428746), (-0.9999036, -0.008962707, 0.010606556), (-0.9999036, -0.008962707, 0.010606556), (-0.99997616, -0.0055891103, 0.0040692077), (-0.14018361, 0.94568664, 0.29330105), (-0.13700448, 0.9768519, 0.16428746), (-0.13024424, 0.9882887, 0.07950996), (-0.99916726, 0.007818235, -0.040046327), (-0.99916726, 0.007818235, -0.040046327), (-0.9999036, -0.008962707, 0.010606556), (-0.13700448, 0.9768519, 0.16428746), (-0.13024424, 0.9882887, 0.07950996), (-0.1171231, 0.9921248, -0.044391308), (-0.12693956, 0.991886, 0.0069619883), (-0.12693956, 0.991886, 0.0069619883), (-0.99916726, 0.007818235, -0.040046327), (-0.13024424, 0.9882887, 0.07950996), (-0.9993179, 0.0242941, -0.027812837), (-0.12693956, 0.991886, 0.0069619883), (-0.1171231, 0.9921248, -0.044391308), (-0.1171231, 0.9921248, -0.044391308), (-0.11079895, 0.9768034, -0.1832447), (-0.12505521, 0.98562497, -0.1135987), (-0.12505521, 0.98562497, -0.1135987), (-0.9993179, 0.0242941, -0.027812837), (-0.1171231, 0.9921248, -0.044391308), (-0.9996284, 0.023444979, -0.013906234), (-0.12505521, 0.98562497, -0.1135987), (-0.11079895, 0.9768034, -0.1832447), (-0.11079895, 0.9768034, -0.1832447), (-0.10637801, 0.94222856, -0.31763062), (-0.124776684, 0.9597459, -0.25163203), (-0.124776684, 0.9597459, -0.25163203), (-0.9996284, 0.023444979, -0.013906234), (-0.11079895, 0.9768034, -0.1832447), (-0.99966466, 0.02511292, 0.0063222395), (-0.124776684, 0.9597459, -0.25163203), (-0.10637801, 0.94222856, -0.31763062), (-0.10637801, 0.94222856, -0.31763062), (-0.110282965, 0.8747669, -0.47182703), (-0.11760265, 0.9109798, -0.39532962), (-0.11760265, 0.9109798, -0.39532962), (-0.99966466, 0.02511292, 0.0063222395), (-0.10637801, 0.94222856, -0.31763062), (-0.99981594, 0.019107923, -0.0017131942), (-0.11760265, 0.9109798, -0.39532962), (-0.110282965, 0.8747669, -0.47182703), (-0.110282965, 0.8747669, -0.47182703), (-0.11507185, 0.7977105, -0.59195983), (-0.13311884, 0.8417805, -0.52314913), (-0.13311884, 0.8417805, -0.52314913), (-0.99981594, 0.019107923, -0.0017131942), (-0.110282965, 0.8747669, -0.47182703), (-0.9997481, 0.0020569742, -0.022350086), (-0.13311884, 0.8417805, -0.52314913), (-0.11507185, 0.7977105, -0.59195983), (-0.11507185, 0.7977105, -0.59195983), (-0.106161766, 0.68072534, -0.7248053), (-0.12212844, 0.7443841, -0.6564884), (-0.12212844, 0.7443841, -0.6564884), (-0.9997481, 0.0020569742, -0.022350086), (-0.11507185, 0.7977105, -0.59195983), (-0.99996567, 0.0065611145, 0.005075954), (-0.12212844, 0.7443841, -0.6564884), (-0.106161766, 0.68072534, -0.7248053), (-0.106161766, 0.68072534, -0.7248053), (-0.11547767, 0.5443854, -0.83084863), (-0.12007275, 0.6084121, -0.78448534), (-0.12007275, 0.6084121, -0.78448534), (-0.99996567, 0.0065611145, 0.005075954), (-0.106161766, 0.68072534, -0.7248053), (-0.99994075, -0.0061235516, -0.009011332), (-0.12007275, 0.6084121, -0.78448534), (-0.11547767, 0.5443854, -0.83084863), (-0.11547767, 0.5443854, -0.83084863), (-0.11710044, 0.42750195, -0.8963981), (-0.13291113, 0.48410365, -0.8648575), (-0.13291113, 0.48410365, -0.8648575), (-0.99994075, -0.0061235516, -0.009011332), (-0.11547767, 0.5443854, -0.83084863), (-0.9999488, -0.0069241105, -0.007382959), (-0.13291113, 0.48410365, -0.8648575), (-0.11710044, 0.42750195, -0.8963981), (-0.11710044, 0.42750195, -0.8963981), (-0.108297504, 0.30130985, -0.94735634), (-0.12595868, 0.35757887, -0.92534953), (-0.12595868, 0.35757887, -0.92534953), (-0.9999488, -0.0069241105, -0.007382959), (-0.11710044, 0.42750195, -0.8963981), (-0.9999534, 0.00648774, 0.007145322), (-0.12595868, 0.35757887, -0.92534953), (-0.108297504, 0.30130985, -0.94735634), (-0.108297504, 0.30130985, -0.94735634), (-0.106868796, 0.15270399, -0.98247683), (-0.119445734, 0.2284108, -0.9662098), (-0.119445734, 0.2284108, -0.9662098), (-0.9999534, 0.00648774, 0.007145322), (-0.108297504, 0.30130985, -0.94735634), (-0.9999894, 0.004605349, 0.00018186371), (-0.119445734, 0.2284108, -0.9662098), (-0.106868796, 0.15270399, -0.98247683), (-0.106868796, 0.15270399, -0.98247683), (-0.13089667, 0.006184597, -0.99137676), (-0.12654391, 0.091014765, -0.9877769), (-0.12654391, 0.091014765, -0.9877769), (-0.9999894, 0.004605349, 0.00018186371), (-0.106868796, 0.15270399, -0.98247683), (-0.99948275, 0.031268224, -0.0075363363), (-0.12654391, 0.091014765, -0.9877769), (-0.13089667, 0.006184597, -0.99137676), (-0.13089667, 0.006184597, -0.99137676), (-0.11814366, -0.03894136, -0.9922326), (-0.9999735, -0.0036282914, 0.006318298), (-0.9999735, -0.0036282914, 0.006318298), (-0.99948275, 0.031268224, -0.0075363363), (-0.13089667, 0.006184597, -0.99137676), (-0.11814366, -0.03894136, -0.9922326), (-0.104776986, -0.17896022, -0.97826123), (-0.11144958, -0.13192068, -0.9849751), (-0.11144958, -0.13192068, -0.9849751), (-0.9999735, -0.0036282914, 0.006318298), (-0.11814366, -0.03894136, -0.9922326), (-0.9996995, -0.024502398, -0.00087144657), (-0.11144958, -0.13192068, -0.9849751), (-0.104776986, -0.17896022, -0.97826123), (-0.104776986, -0.17896022, -0.97826123), (-0.09761978, -0.32435495, -0.9408849), (-0.11739006, -0.23394491, -0.965137), (-0.11739006, -0.23394491, -0.965137), (-0.9996995, -0.024502398, -0.00087144657), (-0.104776986, -0.17896022, -0.97826123), (-0.9999678, -0.0072970954, 0.0033348228), (-0.11739006, -0.23394491, -0.965137), (-0.09761978, -0.32435495, -0.9408849), (-0.09761978, -0.32435495, -0.9408849), (-0.104925096, -0.5106007, -0.85339195), (-0.11796179, -0.39497402, -0.9110876), (-0.11796179, -0.39497402, -0.9110876), (-0.9999678, -0.0072970954, 0.0033348228), (-0.09761978, -0.32435495, -0.9408849), (-0.9999176, -0.00842017, 0.009690065), (-0.11796179, -0.39497402, -0.9110876), (-0.104925096, -0.5106007, -0.85339195), (0.00038275, 0.9999742, -0.007175634), (-0.14959563, 0.011458715, 0.9886809), (-0.999893, 0.0070377933, -0.012830165), (-0.999893, 0.0070377933, -0.012830165), (-0.9999272, 0.011695264, -0.0029787053), (0.00038275, 0.9999742, -0.007175634), (-0.14959563, 0.011458715, 0.9886809), (-0.16104513, 0.036895674, 0.9862572), (-0.99995893, 0.00030403066, -0.009067042), (-0.99995893, 0.00030403066, -0.009067042), (-0.999893, 0.0070377933, -0.012830165), (-0.14959563, 0.011458715, 0.9886809), (0.061921664, 0.43073112, 0.9003536), (-0.99995893, 0.00030403066, -0.009067042), (-0.16104513, 0.036895674, 0.9862572), (-0.16104513, 0.036895674, 0.9862572), (-0.101587296, 0.17263466, 0.97973335), (-0.07047148, 0.21762483, 0.97348505), (-0.07047148, 0.21762483, 0.97348505), (0.061921664, 0.43073112, 0.9003536), (-0.16104513, 0.036895674, 0.9862572), (0.046493236, 0.41718456, 0.90763175), (-0.07047148, 0.21762483, 0.97348505), (-0.101587296, 0.17263466, 0.97973335), (-0.101587296, 0.17263466, 0.97973335), (-0.12555735, 0.17089914, 0.9772559), (-0.077392936, 0.18648504, 0.9794048), (-0.077392936, 0.18648504, 0.9794048), (0.046493236, 0.41718456, 0.90763175), (-0.101587296, 0.17263466, 0.97973335), (-0.08794199, 0.20265874, 0.9752926), (-0.077392936, 0.18648504, 0.9794048), (-0.12555735, 0.17089914, 0.9772559), (-0.12555735, 0.17089914, 0.9772559), (-0.089700684, 0.19691248, 0.9763091), (-0.9558208, 0.024395676, 0.29293603), (-0.9558208, 0.024395676, 0.29293603), (-0.08794199, 0.20265874, 0.9752926), (-0.12555735, 0.17089914, 0.9772559), (-0.089700684, 0.19691248, 0.9763091), (-0.061418884, 0.5506079, 0.8325014), (-0.056878127, 0.40277696, 0.9135293), (-0.056878127, 0.40277696, 0.9135293), (-0.9558208, 0.024395676, 0.29293603), (-0.089700684, 0.19691248, 0.9763091), (-0.0786809, 0.5203874, 0.8502979), (-0.056878127, 0.40277696, 0.9135293), (-0.061418884, 0.5506079, 0.8325014), (-0.061418884, 0.5506079, 0.8325014), (-0.08000841, 0.62569535, 0.7759536), (-0.0786809, 0.5203874, 0.8502979), (0.0042659803, 0.6273145, 0.77875435), (-0.0786809, 0.5203874, 0.8502979), (-0.08000841, 0.62569535, 0.7759536), (-0.99999344, -0.00037718855, -0.0036065488), (0.0042659803, 0.6273145, 0.77875435), (-0.08000841, 0.62569535, 0.7759536), (-0.08000841, 0.62569535, 0.7759536), (-0.12643157, 0.78209, 0.61020535), (-0.99999344, -0.00037718855, -0.0036065488), (-0.12925254, 0.85520434, 0.50191575), (-0.99999344, -0.00037718855, -0.0036065488), (-0.12643157, 0.78209, 0.61020535), (-0.12643157, 0.78209, 0.61020535), (-0.12670289, 0.89485073, 0.42800546), (-0.12925254, 0.85520434, 0.50191575), (-0.13702576, 0.9135896, 0.38285545), (-0.12925254, 0.85520434, 0.50191575), (-0.12670289, 0.89485073, 0.42800546), (-0.12670289, 0.89485073, 0.42800546), (-0.11966487, 0.93119746, 0.34431326), (-0.13702576, 0.9135896, 0.38285545), (-0.11966487, 0.93119746, 0.34431326), (-0.111086704, 0.98480004, 0.13352372), (-0.10981098, 0.9644183, 0.24049744), (-0.10981098, 0.9644183, 0.24049744), (-0.13702576, 0.9135896, 0.38285545), (-0.11966487, 0.93119746, 0.34431326), (-0.9999233, -0.012160729, 0.002364213), (-0.10981098, 0.9644183, 0.24049744), (-0.111086704, 0.98480004, 0.13352372), (-0.111086704, 0.98480004, 0.13352372), (-0.1442239, 0.98541975, 0.09026363), (-0.9999233, -0.012160729, 0.002364213), (-0.14787759, 0.9889131, 0.013533558), (-0.9999233, -0.012160729, 0.002364213), (-0.1442239, 0.98541975, 0.09026363), (-0.1442239, 0.98541975, 0.09026363), (-0.14581133, 0.9884958, -0.04018772), (-0.14787759, 0.9889131, 0.013533558), (-0.14581133, 0.9884958, -0.04018772), (-0.14738256, 0.97660375, -0.15660007), (-0.147513, 0.98334086, -0.106210515), (-0.147513, 0.98334086, -0.106210515), (-0.14787759, 0.9889131, 0.013533558), (-0.14581133, 0.9884958, -0.04018772), (-0.14738256, 0.97660375, -0.15660007), (-0.14623682, 0.95002633, -0.2757987), (-0.14920005, 0.960499, -0.23490664), (-0.14920005, 0.960499, -0.23490664), (-0.147513, 0.98334086, -0.106210515), (-0.14738256, 0.97660375, -0.15660007), (-0.14623682, 0.95002633, -0.2757987), (-0.13431947, 0.9015824, -0.41122687), (-0.1414376, 0.92235905, -0.35951245), (-0.1414376, 0.92235905, -0.35951245), (-0.14920005, 0.960499, -0.23490664), (-0.14623682, 0.95002633, -0.2757987), (-0.13431947, 0.9015824, -0.41122687), (-0.13710473, 0.8260271, -0.5467006), (-0.9999863, 0.0032638963, 0.004117435), (-0.9999863, 0.0032638963, 0.004117435), (-0.1414376, 0.92235905, -0.35951245), (-0.13431947, 0.9015824, -0.41122687), (-0.13710473, 0.8260271, -0.5467006), (-0.14615989, 0.7602999, -0.632915), (-0.14403763, 0.7791301, -0.61008984), (-0.14403763, 0.7791301, -0.61008984), (-0.9999863, 0.0032638963, 0.004117435), (-0.13710473, 0.8260271, -0.5467006), (-0.14615989, 0.7602999, -0.632915), (-0.08795557, 0.7333432, -0.6741451), (-0.9997406, -0.0020342786, -0.022686707), (-0.9997406, -0.0020342786, -0.022686707), (-0.14403763, 0.7791301, -0.61008984), (-0.14615989, 0.7602999, -0.632915), (-0.08795557, 0.7333432, -0.6741451), (-0.06933469, 0.058002453, 0.9959058), (0.00038275, 0.9999742, -0.007175634), (0.00038275, 0.9999742, -0.007175634), (-0.9997406, -0.0020342786, -0.022686707), (-0.08795557, 0.7333432, -0.6741451), (-0.06933469, 0.058002453, 0.9959058), (-0.14352131, 0.9895936, -0.01030092), (-0.999698, -0.024321437, -0.003547609), (-0.999698, -0.024321437, -0.003547609), (0.00038275, 0.9999742, -0.007175634), (-0.06933469, 0.058002453, 0.9959058), (-0.14352131, 0.9895936, -0.01030092), (-0.14383171, -0.0062982733, -0.9895821), (-0.9998752, -0.002988629, 0.015521229), (-0.9998752, -0.002988629, 0.015521229), (-0.999698, -0.024321437, -0.003547609), (-0.14352131, 0.9895936, -0.01030092), (-0.14383171, -0.0062982733, -0.9895821), (-0.13654342, -0.0070561683, -0.99060905), (-0.9999251, 0.0033331362, 0.011780748), (-0.9999251, 0.0033331362, 0.011780748), (-0.9998752, -0.002988629, 0.015521229), (-0.14383171, -0.0062982733, -0.9895821), (-0.13654342, -0.0070561683, -0.99060905), (-0.14852515, 0.006524744, 0.98888713), (-0.9999848, 0.0053250818, -0.001502572), (-0.9999848, 0.0053250818, -0.001502572), (-0.9999251, 0.0033331362, 0.011780748), (-0.13654342, -0.0070561683, -0.99060905), (-0.14852515, 0.006524744, 0.98888713), (-0.1401496, -0.004312223, 0.99012095), (-0.14838901, 0.00078616635, 0.9889288), (-0.14838901, 0.00078616635, 0.9889288), (-0.9999848, 0.0053250818, -0.001502572), (-0.14852515, 0.006524744, 0.98888713), (-0.1401496, -0.004312223, 0.99012095), (-0.12738836, -0.030851338, 0.991373), (-0.12466713, 0.009436186, 0.9921538), (-0.12466713, 0.009436186, 0.9921538), (-0.14838901, 0.00078616635, 0.9889288), (-0.1401496, -0.004312223, 0.99012095), (-0.43916476, -0.14130232, 0.88722503), (-0.12466713, 0.009436186, 0.9921538), (-0.12738836, -0.030851338, 0.991373), (-0.12738836, -0.030851338, 0.991373), (-0.09885347, -0.13481997, 0.98592675), (-0.1381404, -0.053859532, 0.98894715), (-0.1381404, -0.053859532, 0.98894715), (-0.43916476, -0.14130232, 0.88722503), (-0.12738836, -0.030851338, 0.991373), (-0.9901443, -0.03336465, -0.136019), (-0.1381404, -0.053859532, 0.98894715), (-0.09885347, -0.13481997, 0.98592675), (-0.09885347, -0.13481997, 0.98592675), (-0.0712536, -0.082469985, 0.9940432), (-0.07726001, -0.14903043, 0.9858097), (-0.07726001, -0.14903043, 0.9858097), (-0.9901443, -0.03336465, -0.136019), (-0.09885347, -0.13481997, 0.98592675), (0.00038275, 0.9999742, -0.007175634), (-0.07726001, -0.14903043, 0.9858097), (-0.0712536, -0.082469985, 0.9940432), (-0.0712536, -0.082469985, 0.9940432), (-0.1424682, -0.3776593, 0.9149188), (0.00038275, 0.9999742, -0.007175634), (-0.9997922, 0.0038830852, -0.020014506), (0.00038275, 0.9999742, -0.007175634), (-0.1424682, -0.3776593, 0.9149188), (-0.1424682, -0.3776593, 0.9149188), (-0.13990904, -0.6024469, 0.785801), (-0.9997922, 0.0038830852, -0.020014506), (-0.13238832, -0.688868, 0.71269506), (-0.9997922, 0.0038830852, -0.020014506), (-0.13990904, -0.6024469, 0.785801), (-0.13990904, -0.6024469, 0.785801), (-0.14239848, -0.7953518, 0.5891845), (-0.13238832, -0.688868, 0.71269506), (-0.14964248, -0.875774, 0.45894137), (-0.13238832, -0.688868, 0.71269506), (-0.14239848, -0.7953518, 0.5891845), (-0.14239848, -0.7953518, 0.5891845), (-0.13986391, -0.92221415, 0.3604985), (-0.14964248, -0.875774, 0.45894137), (0.00038275, 0.9999742, -0.007175634), (-0.14964248, -0.875774, 0.45894137), (-0.13986391, -0.92221415, 0.3604985), (-0.13986391, -0.92221415, 0.3604985), (-0.13731053, -0.9844798, 0.109295584), (0.00038275, 0.9999742, -0.007175634), (-0.13803205, -0.98934907, -0.046211418), (0.00038275, 0.9999742, -0.007175634), (-0.13731053, -0.9844798, 0.109295584), (-0.13731053, -0.9844798, 0.109295584), (-0.14465868, -0.9726414, -0.1817763), (-0.13803205, -0.98934907, -0.046211418), (0.00038275, 0.9999742, -0.007175634), (-0.13803205, -0.98934907, -0.046211418), (-0.14465868, -0.9726414, -0.1817763), (-0.14465868, -0.9726414, -0.1817763), (-0.15852693, -0.8393612, -0.5199442), (-0.14416623, -0.91062886, -0.38726124), (-0.14416623, -0.91062886, -0.38726124), (0.00038275, 0.9999742, -0.007175634), (-0.14465868, -0.9726414, -0.1817763), (-0.9997508, 0.018813515, 0.012023243), (-0.14416623, -0.91062886, -0.38726124), (-0.15852693, -0.8393612, -0.5199442), (-0.15852693, -0.8393612, -0.5199442), (-0.16166034, -0.6230669, -0.76528007), (-0.9997508, 0.018813515, 0.012023243), (-0.99762905, -0.063646555, -0.026182704), (-0.9997508, 0.018813515, 0.012023243), (-0.16166034, -0.6230669, -0.76528007), (-0.16166034, -0.6230669, -0.76528007), (-0.14500481, -0.3480703, -0.9261861), (-0.99762905, -0.063646555, -0.026182704), (-0.9999839, 0.0012961285, -0.005535145), (-0.99762905, -0.063646555, -0.026182704), (-0.14500481, -0.3480703, -0.9261861), (-0.14500481, -0.3480703, -0.9261861), (-0.11633376, -0.06903325, -0.9908082), (-0.9999839, 0.0012961285, -0.005535145), (-0.9992906, -0.037655942, 0.0005820984), (-0.9999839, 0.0012961285, -0.005535145), (-0.11633376, -0.06903325, -0.9908082), (-0.11633376, -0.06903325, -0.9908082), (-0.09238286, -0.09804735, -0.9908845), (-0.08654232, -0.07070428, -0.9937361), (-0.08654232, -0.07070428, -0.9937361), (-0.9992906, -0.037655942, 0.0005820984), (-0.11633376, -0.06903325, -0.9908082), (-0.9989894, -0.040789045, -0.018883372), (-0.08654232, -0.07070428, -0.9937361), (-0.09238286, -0.09804735, -0.9908845), (-0.09238286, -0.09804735, -0.9908845), (-0.15113744, -0.013075846, -0.98842627), (-0.1351432, -0.032274436, -0.9903003), (-0.1351432, -0.032274436, -0.9903003), (-0.9989894, -0.040789045, -0.018883372), (-0.09238286, -0.09804735, -0.9908845), (-0.9998775, 0.0074891285, -0.013747719), (-0.1351432, -0.032274436, -0.9903003), (-0.15113744, -0.013075846, -0.98842627), (-0.15113744, -0.013075846, -0.98842627), (0.00038275, 0.9999742, -0.007175634), (-0.9999272, 0.011695264, -0.0029787053), (-0.9999272, 0.011695264, -0.0029787053), (-0.9998775, 0.0074891285, -0.013747719), (-0.15113744, -0.013075846, -0.98842627), (-0.9998628, -0.00473089, -0.01587735), (-0.07567499, -0.8896903, -0.4502495), (-0.99999243, -0.0036910898, -0.001255477), (-0.999961, -0.00012005715, -0.0088335015), (-0.07822906, -0.6315175, -0.77140504), (-0.9996209, -0.0058451993, 0.026905445), (-0.99994785, 0.0065323277, 0.007854194), (-0.9970778, -0.076209255, -0.005290023), (-0.025835957, -0.18826033, -0.9817793), (-0.9999886, 0.0045556272, -0.0014780017), (-0.04503193, 0.89047, 0.45280817), (-0.9999754, 0.006932902, 0.001157096), (-0.9999972, -0.0022561026, 0.000859299), (-0.9999249, -0.0025496269, 0.011991859), (0.00038275, 0.9999742, -0.007175634), (-0.196661, 0.89972097, -0.3896494), (-0.16118094, 0.9864807, -0.0296055), (0.064026445, 0.63969356, -0.7659587), (-0.99987215, -0.0077235713, -0.01400359), (-0.07705571, -0.9178677, 0.38933462), (-0.99991053, 0.013361598, -0.0006595381), (-0.9992192, 0.039388023, -0.0031083333), (-0.99992186, 0.01190897, 0.003813646), (-0.07875513, -0.9968903, -0.0027140123), (-0.9992192, 0.039388023, -0.0031083333), (-0.04573232, -0.7512404, -0.6584425), (-0.9993375, -0.030078607, 0.020491088), (-0.98576677, -0.10123597, -0.1342208), (-0.9999559, 0.006482472, -0.006803279), (-0.012767552, -0.3919375, -0.9199033), (-0.9992193, -0.028926652, 0.02690677), (-0.0011757708, 0.9979378, -0.064178504), (-0.9998836, 0.0030209792, -0.014964447), (-0.9996062, 0.014696563, -0.023904502), (-0.9998836, 0.0030209792, -0.014964447), (-0.010863678, 0.9678122, 0.25143898), (-0.9999494, 0.009978069, 0.0012487335), (-0.9996062, 0.014696563, -0.023904502), (0.03173196, 0.99372566, 0.10724898), (-0.99981236, 0.007511358, 0.01785478), (-0.9999494, 0.009978069, 0.0012487335), (0.031442545, 0.93524706, 0.35259646), (-0.99992377, 0.008112314, 0.009309249), (-0.99981236, 0.007511358, 0.01785478), (0.030609366, 0.8173126, 0.5753809), (-0.9998976, -0.01299382, 0.0059964326), (-0.99992377, 0.008112314, 0.009309249), (0.028834403, 0.636723, 0.77055335), (-0.99967873, -0.010970346, 0.022850107), (-0.053703804, -0.9919871, -0.11435698), (-0.99984413, 0.015772624, -0.007939043), (-0.99984413, 0.015772624, -0.007939043), (-0.06610499, -0.9972869, -0.032386344), (-0.999318, 0.035465468, -0.01028412), (-0.99999005, -0.00441567, 0.0006829318), (-0.9999075, -0.008996517, 0.010212124), (-0.029978916, -0.98272276, -0.18264033), (-0.9996, -0.027037079, -0.008306054), (-0.062698394, 0.857133, 0.5112653), (-0.9996686, 0.0019218667, -0.025671598), (-0.999698, -0.024321437, -0.003547609), (-0.9999942, -0.0009961266, 0.0032745833), (0.00038275, 0.9999742, -0.007175634), (-0.9997406, -0.0020342786, -0.022686707), (0.00038275, 0.9999742, -0.007175634), (-0.9999942, -0.0009961266, 0.0032745833), (-0.9998049, 0.016464857, 0.01091243), (-0.9999203, 0.009435363, 0.008391115), (-0.098883584, 0.48830244, 0.86705416), (-0.99972045, -0.0011026991, 0.023622118), (-0.9998049, 0.016464857, 0.01091243), (-0.08850954, 0.60573757, 0.79072636), (-0.99889433, -0.031282645, 0.03509342), (-0.99972045, -0.0011026991, 0.023622118), (-0.09468834, 0.71521676, 0.69245875), (-0.98229814, -0.17705715, -0.061165117), (-0.998025, -0.056232944, -0.028000528), (0.00038275, 0.9999742, -0.007175634), (-0.98229814, -0.17705715, -0.061165117), (-0.15220141, 0.32018784, -0.935048), (-0.9997051, 0.023063583, -0.0076060724), (-0.9997051, 0.023063583, -0.0076060724), (-0.13303313, 0.46828687, -0.8735042), (-0.99977195, 0.0070168213, -0.020169614), (-0.99977195, 0.0070168213, -0.020169614), (-0.147138, 0.6198191, -0.7708274), (-0.9997927, 0.02018393, -0.0026832025), (-0.9998734, 0.004457776, -0.015279569), (-0.13932481, 0.9900243, -0.020985693), (-0.99990743, 0.013024864, -0.003940029), (-0.99990743, 0.013024864, -0.003940029), (-0.1422412, 0.97372746, 0.17782672), (-0.9998655, 0.012461476, 0.010662408), (-0.9998655, 0.012461476, 0.010662408), (-0.14265482, 0.8968721, 0.41865265), (-0.99979734, 0.020091677, 0.0013009285), (-0.99979734, 0.020091677, 0.0013009285), (-0.14388551, 0.7646935, 0.6281249), (-0.9997468, -0.0040822052, 0.022131123), (-0.99968094, 0.014524139, 0.020666163), (-0.1462994, -0.6906851, 0.7082024), (-0.99971426, -0.0027872687, 0.023744242), (-0.99971426, -0.0027872687, 0.023744242), (-0.14925538, -0.8514166, 0.502805), (-0.99964327, -0.02658121, 0.0026251753), (-0.99964327, -0.02658121, 0.0026251753), (-0.13946964, -0.95509, 0.26144084), (-0.9998228, -0.015104037, 0.01124089), (-0.9998228, -0.015104037, 0.01124089), (-0.14110227, -0.9879206, 0.06405623), (-0.9997589, -0.017270993, -0.013563908), (-0.9997703, -0.017803162, 0.011935658), (-0.9996764, 0.021558393, -0.0135018965), (-0.1611693, 0.48918307, 0.8571607), (-0.99983346, -0.009924934, 0.015319094), (-0.9997703, -0.017803162, 0.011935658), (-0.13458537, 0.2600111, 0.95618045), (-0.99980557, 0.017687306, 0.008718889), (-0.99983346, -0.009924934, 0.015319094), (-0.14151004, 0.08627489, 0.98617023), (-0.9999664, -0.006513608, -0.004983552), (-0.99980557, 0.017687306, 0.008718889), (-0.1410676, -0.06692482, 0.98773533), (-0.9999372, 0.010612904, 0.0036237456), (-0.9999664, -0.006513608, -0.004983552), (-0.13724345, -0.22827928, 0.963874), (-0.99968237, -0.01492713, -0.020308161), (-0.9999372, 0.010612904, 0.0036237456), (-0.13931027, -0.42427245, 0.89475447), (-0.9998167, -0.017836718, 0.006963339), (-0.14016862, -0.5036734, -0.85244703), (-0.9997375, -0.021384899, -0.008227229), (-0.9997375, -0.021384899, -0.008227229), (-0.14280073, -0.28714713, -0.9471824), (-0.9997121, -0.009334404, -0.022102475), (-0.9997121, -0.009334404, -0.022102475), (-0.14177641, -0.10797377, -0.9839924), (-0.9996748, 0.006668983, -0.024611907), (-0.9996748, 0.006668983, -0.024611907), (-0.1398314, 0.046588793, -0.9890787), (-0.99982566, 0.0029248728, -0.018443856), (-0.99982566, 0.0029248728, -0.018443856), (-0.13821054, 0.18942864, -0.9721186), (-0.99972165, 0.01393906, -0.019036569), (-0.99972165, 0.01393906, -0.019036569), (-0.1358006, 0.4110881, -0.9014239), (-0.9998428, 0.017175248, -0.0044224933), (-0.9997924, 0.020175647, 0.0028475516), (-0.99992913, -0.008846912, 0.0079765655), (-0.07933133, -0.54164356, -0.83685654), (-0.9995617, 0.018237362, -0.023320565), (-0.9997924, 0.020175647, 0.0028475516), (-0.08450389, -0.72246945, -0.6862194), (-0.9995881, -0.027748229, -0.007327703), (-0.9995617, 0.018237362, -0.023320565), (-0.0892625, -0.81816256, -0.56801623), (-0.9997565, -0.019062903, -0.011115726), (-0.9995881, -0.027748229, -0.007327703), (-0.09029843, -0.9000401, -0.4263497), (-0.9998779, -0.012339201, -0.009588125), (-0.9997565, -0.019062903, -0.011115726), (-0.09371262, -0.94384456, -0.3168208), (-0.9993992, -0.025192985, -0.023804968), (-0.9998779, -0.012339201, -0.009588125), (-0.08896026, -0.9827609, -0.16207172), (-0.9995951, -0.0071106874, -0.027551597), (-0.9993992, -0.025192985, -0.023804968), (-0.08503965, -0.9926004, -0.08667555), (-0.9994067, 0.008908549, -0.033271845), (-0.117212534, 0.9931, 0.0037155224), (-0.9996304, 0.01588576, -0.022063768), (-0.9996304, 0.01588576, -0.022063768), (-0.12353376, 0.986464, -0.10783435), (-0.9999441, 0.010536876, 0.0009409502), (-0.9999441, 0.010536876, 0.0009409502), (-0.1281525, 0.9573838, -0.2588308), (-0.9997837, 0.01626186, -0.012971098), (-0.9997837, 0.01626186, -0.012971098), (-0.124864005, 0.91108733, -0.39284745), (-0.9995119, 0.030883135, 0.0047286465), (-0.9995119, 0.030883135, 0.0047286465), (-0.123134516, 0.84693235, -0.5172461), (-0.9993813, -0.012191954, -0.032990545), (-0.9993813, -0.012191954, -0.032990545), (-0.11871201, 0.73209256, -0.6707816), (-0.99995446, -0.009474955, -0.0012122673), (-0.99995446, -0.009474955, -0.0012122673), (-0.124696076, 0.6175009, -0.77662313), (-0.99998266, 0.0056487154, 0.001721898), (-0.99998266, 0.0056487154, 0.001721898), (-0.13224643, 0.4806561, -0.8668799), (-0.9999984, 0.0008149329, -0.0016418353), (-0.9999984, 0.0008149329, -0.0016418353), (-0.12676711, 0.36153895, -0.923699), (-0.9999569, -0.0057667145, -0.0072769686), (-0.9999569, -0.0057667145, -0.0072769686), (-0.11818505, 0.22906885, -0.96620893), (-0.9999985, 0.00073278236, -0.0015919508), (-0.9999985, 0.00073278236, -0.0015919508), (-0.12363788, 0.09848185, -0.9874285), (-0.9988541, 0.04738127, 0.006749711), (-0.9998137, 0.0065217586, 0.018171161), (-0.11151176, -0.121052735, -0.9863628), (-0.9996768, -0.021741897, 0.013174763), (-0.9996768, -0.021741897, 0.013174763), (-0.11919495, -0.23279697, -0.9651934), (-0.99989146, -0.009328815, 0.011412821), (-0.99989146, -0.009328815, 0.011412821), (-0.12585689, -0.40198058, -0.9069575), (-0.99992913, -0.008846912, 0.0079765655), (-0.13558626, 0.008041627, 0.9907329), (-0.154344, 0.0025174674, 0.988014), (-0.11683087, -0.021437246, 0.9929204), (-0.99996966, 0.0077432184, 0.0009229134), (-0.99994785, 0.0065323277, 0.007854194), (-0.11748746, -0.0037875425, -0.9930672), (-0.99996597, 0.00825991, -0.00018427733), (-0.12563822, 0.0073296623, 0.9920491), (-0.9999567, 0.009201526, 0.0014042963), (-0.9999567, 0.009201526, 0.0014042963), (-0.13300008, -0.026063656, 0.9907733), (-0.99942154, -0.033960216, 0.0018241757), (-0.99996364, 0.008189161, -0.00236377), (-0.9993986, 0.03403174, -0.0066623674), (-0.12377757, -0.040871352, -0.99146795), (-0.9999498, 0.009249411, -0.0038562678), (-0.092676446, 0.059151184, 0.99393773), (-0.9997157, -0.021731922, 0.0098239845), (-0.14347103, -0.7552213, -0.6395756), (-0.10748047, -0.8696323, -0.48185855), (-0.995235, 0.088660724, 0.040577773), (-0.12717535, -0.97700226, 0.17115226), (-0.1000583, -0.9154956, 0.38968736), (-0.14882265, -0.8603763, 0.48744714), (-0.14882265, -0.8603763, 0.48744714), (-0.99998915, 0.0025077472, -0.0039205723), (-0.12717535, -0.97700226, 0.17115226), (-0.99986416, 0.014982099, 0.0068834606), (-0.12138184, 0.8143021, 0.56760794), (-0.16462135, 0.8596849, 0.48357177), (-0.97599286, 0.20470926, 0.0743783), (-0.16462135, 0.8596849, 0.48357177), (-0.12948008, 0.9214802, 0.36620912), (-0.1376537, 0.98970807, -0.03910874), (-0.97599286, 0.20470926, 0.0743783), (-0.12509859, 0.98611397, 0.10922247), (-0.998671, -0.02100496, -0.04706437), (-0.15007865, 0.5782582, 0.80193126), (-0.9973378, -0.003434614, -0.0728398), (-0.9973378, -0.003434614, -0.0728398), (-0.14501469, 0.34771183, 0.9263192), (-0.99986976, -0.003536388, -0.015747063), (-0.99986976, -0.003536388, -0.015747063), (-0.14459635, 0.16309977, 0.97595614), (-0.9996176, -0.00013818854, 0.027653472), (-0.9996176, -0.00013818854, 0.027653472), (-0.14356865, 0.03202518, 0.9891221), (-0.99976504, -0.00027086158, 0.021675758), (-0.99976504, -0.00027086158, 0.021675758), (-0.14184335, -0.112294465, 0.9834991), (-0.999945, -0.0017261591, 0.010344921), (-0.999945, -0.0017261591, 0.010344921), (-0.14996313, -0.2739446, 0.9499819), (-0.999874, -0.013593059, -0.0082128), (-0.98576677, -0.10123597, -0.1342208), (-0.104588814, -0.23539281, -0.96625644), (-0.9995958, -0.0029485768, -0.028276814), (-0.9995958, -0.0029485768, -0.028276814), (-0.11843876, -0.07602331, -0.99004686), (-0.9998293, 0.0067777555, -0.017193642), (-0.9998293, 0.0067777555, -0.017193642), (-0.12431622, 0.03679984, -0.9915601), (-0.9996261, -0.012200578, -0.024472732), (-0.9996261, -0.012200578, -0.024472732), (-0.14488387, 0.15286651, -0.97756875), (-0.9999546, -0.0030730506, -0.0090270005), (-0.9999546, -0.0030730506, -0.0090270005), (-0.13868357, 0.36123508, -0.9221042), (-0.98727655, -0.035592113, 0.15497784), (-0.9996065, -0.02006636, 0.019600525), (-0.12640375, -0.9919198, -0.010827091), (-0.99894494, -0.03682877, 0.027437849), (-0.99894494, -0.03682877, 0.027437849), (-0.09611139, -0.98677784, 0.1305072), (-0.9994253, -0.03314204, 0.00712853), (-0.9994253, -0.03314204, 0.00712853), (-0.0958257, -0.95165753, 0.29183125), (-0.9993537, -0.0343697, 0.010542126), (-0.9993537, -0.0343697, 0.010542126), (-0.09560034, -0.8803469, 0.46459657), (-0.99943185, -0.006420028, 0.03309009), (-0.99943185, -0.006420028, 0.03309009), (-0.09566258, -0.772369, 0.62792885), (-0.99991506, -0.009097652, 0.009331389), (-0.99991506, -0.009097652, 0.009331389), (-0.10969928, -0.6356336, 0.76415706), (-0.99965745, -0.023890523, 0.010694076), (-0.99965745, -0.023890523, 0.010694076), (-0.1265924, -0.45619982, 0.88082695), (-0.9908728, -0.13477315, -0.002705701), (-0.9998689, -0.007584615, -0.014303581), (-0.120973215, -0.009867467, -0.99260676), (-0.9997307, -0.00036388368, -0.023204379), (-0.99989766, -0.0066438997, -0.012678469), (-0.11347775, -0.010150366, -0.9934888), (-0.99982387, -0.00125992, -0.018725492), (-0.9996512, -0.023548942, 0.011961869), (-0.99957806, 0.026303215, -0.012323803), (-0.15840694, 0.48220438, 0.86161834), (-0.9998143, -0.018574018, 0.0051386696), (-0.9996512, -0.023548942, 0.011961869), (-0.14297482, 0.2625488, 0.9542675), (-0.9998369, 0.017943632, 0.002085112), (-0.9998143, -0.018574018, 0.0051386696), (-0.13379756, 0.07942938, 0.9878205), (-0.99998933, 0.0045813737, 0.0004940292), (-0.9998369, 0.017943632, 0.002085112), (-0.14562894, -0.051198166, 0.9880136), (-0.9998568, -0.011449224, -0.012465756), (-0.99998933, 0.0045813737, 0.0004940292), (-0.13578543, -0.23508139, 0.9624443), (-0.99994105, -0.00084334554, -0.010824057), (-0.9998568, -0.011449224, -0.012465756), (-0.13976277, -0.4319841, 0.89098614), (-0.9995716, -0.027259788, 0.010657928), (-0.1414069, -0.51582277, -0.8449445), (-0.9995436, -0.029682802, -0.0056112567), (-0.9995436, -0.029682802, -0.0056112567), (-0.13511859, -0.28746545, -0.9482123), (-0.9997121, -0.009334542, -0.02210249), (-0.9997121, -0.009334542, -0.02210249), (-0.14939988, -0.107848264, -0.98287773), (-0.9997613, 0.0068648024, -0.020742524), (-0.9997613, 0.0068648024, -0.020742524), (-0.13242584, 0.044369694, -0.9901994), (-0.99975556, 0.00922629, -0.020091452), (-0.99975556, 0.00922629, -0.020091452), (-0.13971508, 0.1938133, -0.9710387), (-0.9996811, 0.0030429387, -0.025067935), (-0.9996811, 0.0030429387, -0.025067935), (-0.14196278, 0.4104173, -0.9007798), (-0.99971586, 0.021787237, -0.009671279), (-0.9995817, 0.028744627, 0.0031854801), (-0.9999176, -0.00842017, 0.009690065), (-0.07933077, -0.5416326, -0.8368637), (-0.99940574, 0.026031785, -0.02259573), (-0.9995817, 0.028744627, 0.0031854801), (-0.08773359, -0.7094749, -0.6992483), (-0.99949014, -0.03187535, -0.0018586855), (-0.99940574, 0.026031785, -0.02259573), (-0.086400196, -0.82753515, -0.55472565), (-0.99960196, -0.02553925, -0.011986096), (-0.99949014, -0.03187535, -0.0018586855), (-0.09029578, -0.90004027, -0.4263498), (-0.9995984, -0.027939716, -0.004756516), (-0.99960196, -0.02553925, -0.011986096), (-0.091090664, -0.9486101, -0.30305365), (-0.9983506, -0.022951072, -0.052624844), (-0.9995984, -0.027939716, -0.004756516), (-0.09105139, -0.9806063, -0.17355427), (-0.9991608, 0.0023014287, -0.04089447), (-0.9983506, -0.022951072, -0.052624844), (-0.08720312, -0.99126405, -0.09895081), (-0.99916726, 0.007818235, -0.040046327), (-0.12693956, 0.991886, 0.0069619883), (-0.9993179, 0.0242941, -0.027812837), (-0.9993179, 0.0242941, -0.027812837), (-0.12505521, 0.98562497, -0.1135987), (-0.9996284, 0.023444979, -0.013906234), (-0.9996284, 0.023444979, -0.013906234), (-0.124776684, 0.9597459, -0.25163203), (-0.99966466, 0.02511292, 0.0063222395), (-0.99966466, 0.02511292, 0.0063222395), (-0.11760265, 0.9109798, -0.39532962), (-0.99981594, 0.019107923, -0.0017131942), (-0.99981594, 0.019107923, -0.0017131942), (-0.13311884, 0.8417805, -0.52314913), (-0.9997481, 0.0020569742, -0.022350086), (-0.9997481, 0.0020569742, -0.022350086), (-0.12212844, 0.7443841, -0.6564884), (-0.99996567, 0.0065611145, 0.005075954), (-0.99996567, 0.0065611145, 0.005075954), (-0.12007275, 0.6084121, -0.78448534), (-0.99994075, -0.0061235516, -0.009011332), (-0.99994075, -0.0061235516, -0.009011332), (-0.13291113, 0.48410365, -0.8648575), (-0.9999488, -0.0069241105, -0.007382959), (-0.9999488, -0.0069241105, -0.007382959), (-0.12595868, 0.35757887, -0.92534953), (-0.9999534, 0.00648774, 0.007145322), (-0.9999534, 0.00648774, 0.007145322), (-0.119445734, 0.2284108, -0.9662098), (-0.9999894, 0.004605349, 0.00018186371), (-0.9999894, 0.004605349, 0.00018186371), (-0.12654391, 0.091014765, -0.9877769), (-0.99948275, 0.031268224, -0.0075363363), (-0.9999735, -0.0036282914, 0.006318298), (-0.11144958, -0.13192068, -0.9849751), (-0.9996995, -0.024502398, -0.00087144657), (-0.9996995, -0.024502398, -0.00087144657), (-0.11739006, -0.23394491, -0.965137), (-0.9999678, -0.0072970954, 0.0033348228), (-0.9999678, -0.0072970954, 0.0033348228), (-0.11796179, -0.39497402, -0.9110876), (-0.9999176, -0.00842017, 0.009690065), (-0.9558208, 0.024395676, 0.29293603), (-0.077392936, 0.18648504, 0.9794048), (-0.08794199, 0.20265874, 0.9752926), (-0.13702576, 0.9135896, 0.38285545), (-0.10981098, 0.9644183, 0.24049744), (-0.9999233, -0.012160729, 0.002364213), (-0.14838901, 0.00078616635, 0.9889288), (-0.12466713, 0.009436186, 0.9921538), (-0.43916476, -0.14130232, 0.88722503), (-0.43916476, -0.14130232, 0.88722503), (-0.1381404, -0.053859532, 0.98894715), (-0.9901443, -0.03336465, -0.136019), (-0.9989894, -0.040789045, -0.018883372), (-0.1351432, -0.032274436, -0.9903003), (-0.9998775, 0.0074891285, -0.013747719), (-0.9999203, 0.009435363, 0.008391115), (-0.2040527, -0.9573784, 0.20442376), (0.00012965214, 0.4748112, 0.8800877), (-0.9996209, -0.0058451993, 0.026905445), (-0.08369996, -0.5859541, -0.80601), (-0.99970347, 0.01361978, 0.02019148), (-0.9999452, 0.009541126, 0.004316762), (-0.99970347, 0.01361978, 0.02019148), (-0.063485675, -0.40579122, -0.9117582), (-0.9996764, 0.021558393, -0.0135018965), (-0.99977195, -0.0020920697, -0.021256402), (-0.010852323, 0.64995074, 0.75989884), (-0.99946684, 0.032338865, -0.004522647), (-0.99962246, 0.0037240658, -0.027225927), (-0.0827795, -0.80501604, 0.5874494), (-0.9998904, 0.01453336, 0.0028297235), (-0.99946684, 0.032338865, -0.004522647), (-0.03041577, -0.85539126, 0.51708865), (-0.9995511, 0.010515749, -0.02805313), (-0.9998904, 0.01453336, 0.0028297235), (-0.030308241, -0.9585682, 0.28324616), (-0.9999502, -0.0052206377, -0.008515513), (-0.9998051, -0.01409561, 0.013827453), (-0.030580195, -0.9053783, -0.42350337), (-0.9998167, -0.017836718, 0.006963339), (-0.9999502, -0.0052206377, -0.008515513), (-0.033150125, -0.7847696, -0.61890054), (-0.99985737, 0.01391671, -0.009572562), (-0.08298297, 0.96422243, -0.25177178), (-0.9998421, 0.016563902, -0.0064365678), (-0.9998421, 0.016563902, -0.0064365678), (-0.08061717, 0.9966927, -0.010228779), (-0.9999796, 0.0054350435, 0.0033695619), (-0.99972856, -0.0143818855, -0.018331029), (-0.07656601, 0.8973257, 0.43467742), (-0.99981534, -0.012544713, -0.014561534), (-0.99981534, -0.012544713, -0.014561534), (-0.0625088, 0.85195196, 0.5198755), (-0.99977195, -0.0020920697, -0.021256402), (-0.13558626, 0.008041627, 0.9907329), (0.0042682244, -0.030238489, 0.9995337), (-0.1743907, -0.17837743, 0.9683849), (-0.9999868, 0.0042246343, 0.0029499435), (-0.99990606, -0.0027472666, 0.013437523), (-0.012826851, -0.97708946, -0.21244252), (-0.99942154, -0.033960216, 0.0018241757), (-0.07780512, -0.11713426, 0.9900637), (-0.99805117, -0.0622123, -0.004873536), (-0.9993986, 0.03403174, -0.0066623674), (-0.99731433, -0.06995045, 0.021704022), (-0.027175326, -0.27502927, -0.96105176), (-0.99935424, 0.011367786, -0.034087244), (-0.061518725, 0.91151965, 0.40662932), (-0.9999622, 0.0049964134, 0.0071259607), (-0.9999622, 0.0049964134, 0.0071259607), (-0.066899695, 0.9602021, 0.27117598), (-0.99888885, -0.0035769697, 0.04699171), (0.00038275, 0.9999742, -0.007175634), (-0.04495345, 0.9655645, -0.25625092), (-0.9998843, 0.0037337446, -0.014750077), (-0.9998843, 0.0037337446, -0.014750077), (-0.056415483, 0.9544098, -0.29312024), (-0.99829096, -0.020717762, -0.054645054), (-0.14347103, -0.7552213, -0.6395756), (-0.103591785, -0.8413511, -0.5304688), (-0.005627492, -0.7271256, -0.6864815), (-0.08847749, 0.7524805, -0.6526446), (-0.196661, 0.89972097, -0.3896494), (0.00038275, 0.9999742, -0.007175634), (-0.9993375, -0.030078607, 0.020491088), (-0.0038983456, -0.8190878, -0.5736549), (-0.9999137, 0.0091837505, -0.009403084), (-0.9999559, 0.006482472, -0.006803279), (-0.9999137, 0.0091837505, -0.009403084), (-0.012230343, -0.60975593, -0.79249483), (-0.9996579, -0.025825521, -0.00414809), (-0.99958736, -0.023438653, -0.016605739), (-0.028911125, 0.83384776, -0.5512369), (-0.9986855, -0.04781806, -0.01846571), (-0.9996579, -0.025825521, -0.00414809), (-0.029831637, 0.9483094, -0.3159423), (-0.19669007, 0.9314345, 0.3061747), (-0.9986855, -0.04781806, -0.01846571), (-0.08536785, 0.98842967, 0.12537675), (-0.05230092, 0.9697843, 0.23829181), (-0.9908728, -0.13477315, -0.002705701), (0.34897697, 0.93473315, 0.06700016), (-0.99999136, -0.0037632051, -0.0018286064), (-0.9998976, -0.01299382, 0.0059964326), (0.038691696, 0.5081139, 0.8604204), (-0.99998474, 0.0033743887, 0.004394007), (-0.9999287, 0.0030048506, 0.01156539), (-0.027211, -0.18142223, 0.98302877), (-0.999892, -0.011070121, -0.009664825), (-0.99998474, 0.0033743887, 0.004394007), (-0.024556268, -0.42839038, 0.90326005), (-0.99975234, -0.020739999, 0.008073384), (-0.07845633, -0.25220048, -0.96448934), (-0.9999798, -0.003388957, -0.005391041), (-0.9999798, -0.003388957, -0.005391041), (-0.083996825, -0.043297205, -0.99552494), (-0.9996371, 0.02513037, -0.009702194), (-0.9998357, 0.011722202, 0.013828454), (-0.99947107, -0.026574006, -0.018749157), (-0.06838392, -0.013646126, 0.99756587), (-0.9998821, 0.010981307, 0.010743019), (-0.06838392, -0.013646126, 0.99756587), (-0.99947107, -0.026574006, -0.018749157), (-0.9997307, -0.00036388368, -0.023204379), (-0.07369306, 0.13060234, -0.9886923), (-0.9987911, 0.044529267, -0.020820808), (-0.99981725, -0.0077404347, -0.017475177), (-0.99958336, 0.017667275, -0.022825418), (-0.022677768, 0.15879966, 0.98705035), (-0.9998357, 0.011722174, 0.013828454), (-0.99947107, -0.026574023, -0.01874914), (-0.06838354, -0.013646006, 0.99756587), (-0.9998821, 0.01098131, 0.010743022), (-0.06838354, -0.013646006, 0.99756587), (-0.99947107, -0.026574023, -0.01874914), (-0.99982387, -0.00125992, -0.018725492), (-0.07565157, 0.13456891, -0.98801225), (-0.9990973, 0.03930865, -0.016107017), (-0.999659, -0.010061662, 0.024098756), (-0.05370383, -0.99198717, -0.11435631), (-0.9998484, 0.01672196, -0.0048626876), (-0.9998484, 0.01672196, -0.0048626876), (-0.06610542, -0.9972869, -0.032386504), (-0.9991985, 0.037282184, 0.014575806), (-0.999091, 0.0001639282, 0.042627), (-0.9991985, 0.037282184, 0.014575806), (-0.07490969, -0.96447724, 0.25332272), (-0.999091, 0.0001639282, 0.042627), (-0.04388623, 0.09369078, 0.9946337), (-0.9917932, -0.034474637, -0.123117544), (-0.9998659, -0.006498316, -0.015036108), (-0.9997798, 0.011546382, -0.017524483), (-0.022678182, 0.15880239, 0.98704994), (-0.99957806, 0.026303215, -0.012323803), (-0.9996686, 0.0019218667, -0.025671598), (-0.010908142, 0.6658644, 0.7459931), (-0.9998629, 0.007936514, -0.01453527), (-0.99999005, -0.00441567, 0.0006829318), (-0.030359045, -0.9046478, -0.4250775), (-0.9995716, -0.027259788, 0.010657928), (-0.9998629, 0.007936514, -0.01453527), (-0.031009113, -0.7750744, -0.63110876)] (
        interpolation = "faceVarying"
    )
    point3f[] points = [(-0.0008054292, -0.011819248, -0.013832239), (-0.0009366405, -0.011221576, -0.012771747), (-0.00089536625, -0.01053325, -0.011964313), (-0.0009361644, -0.009742715, -0.011181856), (-0.00083833246, -0.008802232, -0.010532956), (-0.00091702066, -0.007810993, -0.009928979), (-0.0008375944, -0.006711245, -0.009436604), (-0.00087037525, 0.0015938733, -0.008872063), (-0.00091297936, 0.0028826997, -0.009091907), (-0.0008078189, 0.004038502, -0.009535305), (-0.0009120673, 0.0051394594, -0.009970486), (-0.00083263795, 0.006078632, -0.010627176), (-0.00075695413, -0.012586859, -0.016195169), (-0.00084905623, -0.008238238, -0.016789041), (-0.00084916543, -0.008714168, -0.018083883), (-0.0008237324, -0.008815242, -0.019299548), (-0.0007954837, -0.006528185, -0.015049188), (-0.0009165506, -0.007445811, -0.015817871), (-0.00078015734, -0.0048571546, -0.014354478), (-0.0008055704, -0.0031383075, -0.01407958), (-0.0009161839, -0.005498158, -0.009081399), (-0.00091570296, -0.004194756, -0.008771588), (-0.0008048015, -0.0011165047, -0.014007187), (-0.0007780292, 0.0007386179, -0.014152841), (-0.0007999837, 0.002320951, -0.014535941), (-0.00093504775, 0.003359857, -0.014976707), (-0.0008025272, 0.0045545977, -0.015898), (-0.0009336435, -0.0027751515, -0.008635054), (-0.0009145904, -0.0012550659, -0.008573693), (-0.00093249575, 0.00022350207, -0.008656232), (-0.00091128104, 0.007005079, -0.011272333), (-0.0008319243, 0.007728916, -0.0121014165), (-0.00069026544, 0.0088591585, -0.013802927), (-0.0007261484, 0.009625774, -0.015848562), (-0.0008166974, 0.009790826, -0.017901218), (-0.0008872127, 0.00977995, -0.018871177), (-0.0008652108, 0.0054133595, -0.01712375), (-0.000888768, 0.0057995706, -0.01827643), (-0.00083846954, 0.0058742505, -0.019879807), (-0.0008671839, 0.007882649, -0.022901088), (-0.0009006121, 0.0054590697, -0.021320693), (-0.00085128995, 0.0047937836, -0.022332296), (-0.00086100795, 0.0038487816, -0.02326033), (-0.0007506625, 0.0027367873, -0.0239172), (-0.00086751545, 0.006875628, -0.023858048), (-0.000834266, 0.008953879, -0.021202547), (-0.0009285577, 0.008557037, -0.0220618), (-0.0008421263, 0.009424654, -0.019941917), (-0.00091169757, 0.013435029, 0.039978113), (-0.0009283265, 0.018264065, 0.039973993), (-0.0009095822, 0.018195773, 0.034713548), (-0.00092990417, 0.013366752, 0.034717675), (-0.00092137535, -0.011851884, 0.040159564), (-0.00093155866, 0.009819101, 0.040034592), (-0.00091281434, 0.0097508095, 0.034774147), (-0.00093958183, -0.011920163, 0.034899127), (-0.00091309793, 0.01362337, 0.06622468), (-0.00092972687, 0.018452406, 0.06622057), (-0.00091098255, 0.018384114, 0.060960114), (-0.00093130453, 0.013555093, 0.06096423), (-0.0009227757, -0.011663544, 0.06640613), (-0.00093295914, 0.010007442, 0.06628116), (-0.0009142147, 0.00993915, 0.061020713), (-0.0009409822, -0.011731823, 0.061145686), (-0.00073266384, -0.008692548, -0.024547191), (-0.00083828357, -0.010480326, -0.02283892), (-0.00089515495, -0.0114285685, -0.02183407), (-0.00086945307, 0.009547605, -0.10026186), (-0.00079525844, 0.011106939, -0.100820616), (-0.0008436555, 0.008248548, -0.105713665), (-0.0008942332, 0.009676626, -0.10628715), (-0.00079460023, 0.012697136, -0.1017161), (-0.0007679769, 0.01403369, -0.10273699), (-0.0008685478, 0.010904427, -0.10715066), (-0.000902871, 0.015375877, -0.104141735), (-0.00092101237, 0.016084483, -0.10526487), (-0.00088144606, 0.011763768, -0.10814863), (-0.0008796684, 0.01666051, -0.10646711), (-0.0008811268, 0.012430409, -0.10929595), (-0.0009204735, 0.017130544, -0.10774313), (-0.000879222, 0.017439842, -0.10911395), (-0.000880908, 0.01282055, -0.110537015), (-0.00087906787, 0.017629808, -0.11056811), (-0.00087896, 0.017685687, -0.112109326), (-0.0007939057, 0.013028187, -0.111840926), (-0.00087889854, 0.017587809, -0.11387397), (-0.0008161794, 0.012925999, -0.11359116), (-0.0008789073, 0.017321005, -0.11553228), (-0.0009354238, 0.016923958, -0.117098756), (-0.0007939199, 0.0124662835, -0.11541817), (-0.00090172247, 0.016269073, -0.11852841), (-0.00090192416, 0.015539723, -0.11990125), (-0.00079417665, 0.011561305, -0.11700707), (-0.0009022298, 0.014561501, -0.12112122), (-0.00088140724, 0.010392836, -0.11818688), (-0.0008800031, 0.013465144, -0.12227985), (-0.000922741, 0.009582646, -0.11876204), (-0.0008804276, 0.012204739, -0.12329807), (-0.00088091334, 0.010808354, -0.12415758), (-0.0008820079, 0.008662584, -0.11926767), (-0.0009040449, 0.009267742, -0.1248444), (-0.00090496475, 0.0076194527, -0.11968117), (-0.0009046466, 0.007607006, -0.12543401), (-0.0009238739, 0.0064442805, -0.11995667), (-0.00090532616, 0.0057801786, -0.12577231), (-0.0009058797, 0.0051568635, -0.12015246), (-0.00090605725, 0.003827342, -0.1260455), (-0.00088382605, 0.0037549553, -0.12030705), (-0.0008844076, 0.0022290142, -0.12034023), (-0.00090685976, 0.0017261126, -0.12606248), (-0.00088502787, 0.0006148135, -0.12028512), (-0.0008850419, -0.00025864388, -0.1259847), (-0.0009081821, -0.0008667035, -0.12015937), (-0.00088576524, -0.0021137774, -0.12573339), (-0.00092718465, -0.0022074238, -0.11990029), (-0.0008864481, -0.0038397273, -0.12532535), (-0.0008870905, -0.0054373047, -0.12476136), (-0.0009276657, -0.0034189874, -0.11958314), (-0.000887693, -0.0069077564, -0.12404197), (-0.0009096287, -0.004510129, -0.119203754), (-0.0008882563, -0.0082526775, -0.123167075), (-0.000910012, -0.005433184, -0.11866174), (-0.0008887812, -0.009474299, -0.122135475), (-0.0008010083, -0.006450362, -0.11797848), (-0.00088925747, -0.010550734, -0.120982386), (-0.000823874, -0.0076364246, -0.11656389), (-0.000889674, -0.011458695, -0.119744785), (-0.000931092, -0.012211778, -0.11842895), (-0.0008242675, -0.008427648, -0.11494129), (-0.0008903291, -0.012771611, -0.11701443), (-0.0008905683, -0.013177902, -0.11551859), (-0.00082450896, -0.008791308, -0.11311456), (-0.00089074875, -0.013417288, -0.113933444), (-0.00089087023, -0.013489148, -0.11225608), (-0.0008608999, -0.008787482, -0.111303665), (-0.00089092366, -0.013430217, -0.11090172), (-0.00089093565, -0.013273496, -0.1096185), (-0.0009116459, -0.008437293, -0.11001081), (-0.0009319685, -0.013033697, -0.10840497), (-0.0009134295, -0.01269917, -0.10726056), (-0.0008606861, -0.007852201, -0.10874173), (-0.00089072535, -0.012222177, -0.10620637), (-0.0009131488, -0.011665357, -0.10522068), (-0.0007757453, -0.007015236, -0.10771124), (-0.00089038076, -0.011039552, -0.104288615), (-0.000890146, -0.010300697, -0.103436776), (-0.0008237513, -0.005879718, -0.106778055), (-0.0008898676, -0.00945831, -0.10265767), (-0.00093060534, -0.0085190395, -0.10193839), (-0.0009302379, -0.00746447, -0.10130244), (-0.0007748524, -0.004424851, -0.10597219), (-0.0009113536, -0.0063101007, -0.100722864), (-0.00080137915, -0.0048132674, -0.10020912), (-0.00084199366, -0.0027624893, -0.105368316), (-0.00092603674, 0.009076408, -0.06346422), (-0.00090731785, 0.009011562, -0.068244815), (-0.00091561564, -0.012676991, -0.06813718), (-0.000858263, 0.0051078466, -0.063610226), (-0.000915879, -0.012591133, -0.06285941), (-0.00080235273, -0.0018894769, -0.06293026), (-0.0008017168, -0.00022092015, -0.062894166), (-0.00089995714, 0.0010775938, -0.06285446), (-0.000878917, 0.0023609404, -0.062497646), (-0.0009224857, 0.0034706579, -0.06204484), (-0.0009333656, 0.0044338624, -0.06132034), (-0.00090840244, 0.0070783775, -0.062085122), (-0.00092194066, 0.0051443586, -0.06035249), (-0.00090817135, 0.007815448, -0.061182417), (-0.00092644617, 0.008471194, -0.06028846), (-0.00091569853, 0.005558139, -0.05924655), (-0.0009263119, 0.008962711, -0.059333716), (-0.00094161916, 0.009340132, -0.05834241), (-0.00090916094, 0.005706236, -0.057921316), (-0.0009262092, 0.009530596, -0.057291955), (-0.0008719385, 0.009541948, -0.055995464), (-0.0009235066, 0.005445104, -0.056719422), (-0.00090788625, 0.009498956, -0.054792766), (-0.00087678764, 0.009219454, -0.05370866), (-0.0008988946, 0.004886825, -0.05583672), (-0.0009148771, 0.008696958, -0.05249977), (-0.0009017225, 0.0077972934, -0.051334497), (-0.00089927687, 0.0039807144, -0.05519634), (-0.0009853181, 0.006925971, -0.05055926), (-0.00077416305, 0.0056014406, -0.049929533), (-0.0008461365, 0.0041220463, -0.048165902), (-0.00087337056, 0.0068179197, -0.049029283), (-0.0009173102, 0.0028684596, -0.048843693), (-0.0009339426, 0.0049959826, -0.047200132), (-0.0009781958, 0.0027667256, -0.05492305), (-0.0008982726, 0.0076390854, -0.048167296), (-0.00093774614, 0.0015499432, -0.049219493), (-0.0009225876, 0.0055356943, -0.0461496), (-0.00086015323, 0.0014712217, -0.05469914), (-0.0009184024, 0.008412118, -0.0472491), (-0.00077629235, 0.00010782408, -0.049413618), (-0.0008244078, 0.000045150915, -0.05469485), (-0.00091825094, 0.008935277, -0.04638441), (-0.0009225584, 0.0057738726, -0.045055494), (-0.0008252695, -0.0014396241, -0.04945467), (-0.000846633, 0.009323523, -0.045308456), (-0.00091633503, -0.012580238, -0.054654025), (-0.00091659836, -0.012494381, -0.04937626), (-0.0009761755, 0.009645053, -0.044059936), (-0.0009226891, 0.0056315013, -0.043695908), (-0.00089780206, 0.009648544, -0.042861115), (-0.00085781777, 0.009508408, -0.041554444), (-0.0008877237, 0.0049732397, -0.04251771), (-0.0009087681, 0.009294761, -0.04045955), (-0.0009354507, 0.008986238, -0.03945257), (-0.00088667264, 0.008318494, -0.03845976), (-0.0008869879, 0.007604875, -0.037703186), (-0.0008992437, 0.006726634, -0.037076186), (-0.00095762504, 0.0039715297, -0.041840326), (-0.00085954374, 0.0057228482, -0.036589116), (-0.0009108534, 0.004440405, -0.036371294), (-0.0009004919, 0.0028155101, -0.041480817), (-0.0007759398, 0.0029742224, -0.03616314), (-0.00080226525, 0.0015037536, -0.04136434), (-0.0009119883, 0.001513557, -0.0360889), (-0.0009122853, -0.000029242034, -0.04130822), (-0.00091704924, -0.012484173, -0.041266833), (-0.0009358013, -0.012428626, -0.035958316), (-0.00078320113, -0.008724558, 0.0135521805), (-0.00078260235, -0.007028451, 0.014434059), (-0.0009173893, -0.0059367362, 0.009416114), (-0.0008438638, -0.00698548, 0.0089729875), (-0.0007836242, -0.009984825, 0.012503818), (-0.00078394334, -0.011003415, 0.011250875), (-0.00094194134, -0.0077847666, 0.0082812235), (-0.0007841553, -0.0117707355, 0.009796864), (-0.00091821846, -0.008407382, 0.0073576686), (-0.00078425655, -0.012278917, 0.00813966), (-0.00078424625, -0.012525562, 0.006274757), (-0.0009309888, -0.008748714, 0.0062592053), (-0.0008970233, -0.012531294, 0.0039574415), (-0.00091824465, -0.008835641, 0.0049073077), (-0.0008968599, -0.01231505, 0.0025174883), (-0.0008672377, -0.008501498, 0.0036233652), (-0.0008500363, -0.007957483, 0.002594954), (-0.0008966461, -0.011948721, 0.0012031927), (-0.00089638244, -0.01143353, 0.000012740689), (-0.0008496764, -0.007145085, 0.0017164337), (-0.00093712914, -0.010781558, -0.0010651704), (-0.0009367641, -0.009966825, -0.002017924), (-0.00084924215, -0.0061102854, 0.0010283946), (-0.00091786584, -0.008980349, -0.002831116), (-0.00091751054, -0.008140498, -0.0034416323), (-0.00089454063, -0.0071902634, -0.003900372), (-0.000880623, -0.0048718173, 0.00058770564), (-0.000894136, -0.00619073, -0.004300698), (-0.0008937109, -0.005124813, -0.004614865), (-0.00091605954, -0.0037719358, 0.00046364008), (-0.00089326495, -0.0039918516, -0.004842529), (-0.00089306274, -0.00270041, 0.0003577962), (-0.0009153795, -0.002790123, -0.004967276), (-0.0009333662, -0.0015241584, -0.005050993), (-0.0009143151, -0.0000140476795, -0.0050210413), (-0.00093298807, 0.00027401923, 0.00046696057), (-0.0008938523, -0.002594246, 0.015152441), (-0.0009137908, 0.0013882976, -0.004809554), (-0.00089144794, 0.0015369415, 0.00045025622), (-0.0009488954, 0.0003274698, 0.009941205), (-0.0009317779, 0.0027020834, -0.00456007), (-0.00089326623, -0.0010658291, 0.0151207475), (-0.00091519, 0.0006343461, 0.014994626), (-0.000890981, 0.002794678, 0.0006949875), (-0.00091458275, 0.0021751996, 0.01467073), (-0.00095975917, 0.003915437, -0.004174873), (-0.0008786401, 0.0016771584, 0.009875007), (-0.00089144334, 0.0035803667, 0.014292244), (-0.0009124617, 0.0050315997, -0.0036719614), (-0.00087730127, 0.0039042577, 0.0011827418), (-0.0008631804, 0.002987188, 0.009594244), (-0.00088953564, 0.006030027, -0.0030214805), (-0.00089093484, 0.0048353877, 0.013781985), (-0.0008892254, 0.0069495738, -0.002284106), (-0.0009130513, 0.005962848, 0.0131835565), (-0.0008902749, 0.0048260824, 0.0019490687), (-0.00086273195, 0.004084471, 0.0090771895), (-0.00088896154, 0.007760838, -0.0014580176), (-0.00091264804, 0.006903118, 0.012403911), (-0.0009113353, 0.008434292, -0.00056288403), (-0.0009307502, 0.007759353, 0.011584905), (-0.00092232955, 0.0054853675, 0.002807879), (-0.00094709516, 0.004799077, 0.00832833), (-0.0009450244, 0.009045646, 0.00035563175), (-0.0008893763, 0.008452911, 0.010653158), (-0.0008884751, 0.009449317, 0.0013808418), (-0.00088910037, 0.009027377, 0.009649564), (-0.00092221354, 0.005935539, 0.0038091931), (-0.0009313558, 0.005564894, 0.007423305), (-0.0008884143, 0.009766095, 0.002450572), (-0.00088886917, 0.009472659, 0.008562607), (-0.0009294543, 0.009974698, 0.0035831202), (-0.00088868255, 0.009788849, 0.007390312), (-0.000844746, 0.006207089, 0.004826136), (-0.0009223512, 0.005964278, 0.0064617805), (-0.0009110309, 0.010015041, 0.0047850334), (-0.0009111095, 0.010007219, 0.0061340914), (-0.00095949223, 0.006046033, 0.00558427), (-0.000799822, 0.0013046545, -0.02434684), (-0.0008134811, 0.0048460783, -0.025076212), (-0.0008904155, -0.011727068, 0.03045118), (-0.000896704, -0.007887996, 0.029904434), (-0.0008902693, -0.008090107, 0.028837668), (-0.00093931536, -0.012086248, 0.029016936), (-0.0008849915, -0.012339214, 0.027571402), (-0.0009158003, -0.008099357, 0.027753273), (-0.0008982321, -0.012439024, 0.02613218), (-0.0009375143, -0.00769201, 0.026858272), (-0.00094462396, -0.012341663, 0.02504342), (-0.00093899126, -0.011995743, 0.023858221), (-0.00089123985, -0.011509115, 0.022837251), (-0.00091470627, -0.010706179, 0.021974355), (-0.00094344077, -0.0097661065, 0.021501916), (-0.00091208774, -0.00867279, 0.021182207), (-0.0009656082, -0.0068985405, 0.026392752), (-0.0009371731, -0.0076593636, 0.02099586), (-0.00085049256, -0.0064430805, 0.021049257), (-0.00095897407, -0.0059155924, 0.026302665), (-0.00078222033, -0.005067063, 0.02099164), (-0.0008953072, -0.004784867, 0.026162433), (-0.0009174612, -0.003656831, 0.02623303), (-0.00089103874, 0.005604288, 0.02087221), (-0.0009477718, 0.00564207, 0.026134307), (-0.0009119285, 0.009631676, 0.018172126), (-0.0008908954, 0.005585006, 0.018185169), (-0.000930534, 0.009681279, 0.020828407), (-0.00088976475, 0.009704587, 0.026105158), (-0.0008915346, 0.0056709703, 0.030164862), (-0.0008899797, 0.00973351, 0.03013571), (-0.00091031444, 0.0142358355, 0.020778276), (-0.00077403727, 0.01705559, 0.025892464), (-0.00081748626, -0.0115359835, 0.056652725), (-0.00089215895, -0.007688547, 0.056176927), (-0.00088484254, -0.007916166, 0.055060107), (-0.0009319201, -0.011904094, 0.055261217), (-0.0008863921, -0.012150872, 0.053817973), (-0.00091363513, -0.007907583, 0.05399502), (-0.00089963217, -0.012250682, 0.052378736), (-0.0009331356, -0.0074902996, 0.053105608), (-0.00095114904, -0.012152206, 0.05131748), (-0.0009557928, -0.011817776, 0.05013029), (-0.0008858199, -0.011347993, 0.049092695), (-0.00092132785, -0.010544844, 0.04822983), (-0.0009448372, -0.009568856, 0.047744513), (-0.0009205032, -0.008504916, 0.04742147), (-0.0009426921, -0.006716074, 0.052626263), (-0.00095396576, -0.007462242, 0.047239788), (-0.0008518929, -0.00625474, 0.047295816), (-0.0009462406, -0.0057365303, 0.05254724), (-0.0008096823, -0.0048948415, 0.04724762), (-0.00089670747, -0.004596526, 0.052409004), (-0.0009188614, -0.00346849, 0.05247959), (-0.00089243904, 0.005792629, 0.04711877), (-0.0009491723, 0.0058304113, 0.052380875), (-0.0009133287, 0.009820017, 0.044418696), (-0.00089229573, 0.0057733473, 0.04443174), (-0.0009319342, 0.00986962, 0.04707498), (-0.000891165, 0.009892928, 0.052351724), (-0.00089293486, 0.0058593117, 0.05641143), (-0.00089138, 0.009921851, 0.056382276), (-0.0009117148, 0.014424177, 0.04702484), (-0.0007754377, 0.017243931, 0.052139033), (-0.0008115602, -0.000054075637, 0.11371568), (-0.00094378775, -0.011354451, 0.11373481), (-0.00095947733, -0.011341739, 0.11905163), (-0.0009118374, 0.0024917198, 0.11883993), (-0.00078480016, 0.0017810366, 0.113654375), (-0.0009382487, 0.0031113059, 0.11358051), (-0.0008786682, 0.0042660013, 0.11326306), (-0.0009316176, 0.005251978, 0.11288379), (-0.00092514127, 0.006017591, 0.11221653), (-0.0008972256, 0.003790931, 0.11880202), (-0.0008761871, 0.005115612, 0.118737735), (-0.00093377184, 0.0065829307, 0.11842765), (-0.0009278337, 0.007958324, 0.11778268), (-0.0008818207, 0.009061229, 0.116894), (-0.0009169335, 0.009614596, 0.10727832), (-0.0009310442, 0.006535434, 0.11141035), (-0.000942093, 0.0068128873, 0.110470235), (-0.0008955261, 0.0068598255, 0.10942463), (-0.0009365851, 0.006676312, 0.108218476), (-0.00092480355, 0.006136212, 0.10700279), (-0.00092505367, 0.005337925, 0.106021926), (-0.0009188731, 0.0042475057, 0.10527226), (-0.0009167236, 0.010470484, 0.1093699), (-0.0009352714, 0.010123472, 0.108294524), (-0.00091674394, 0.010800849, 0.111981824), (-0.0008941122, 0.010715361, 0.1104934), (-0.0009171539, 0.008903391, 0.106357925), (-0.00093588367, 0.008104059, 0.105447076), (-0.0008310177, 0.006026461, 0.103899635), (-0.00095992105, 0.0031342853, 0.104858465), (-0.0007843144, 0.001724905, 0.10461481), (-0.00081098, 0.00011341538, 0.104515254), (-0.0008984975, -0.0016279304, 0.10454637), (-0.00092481344, -0.011389468, 0.10460041), (-0.0009430198, -0.011457747, 0.099339955), (-0.0009162523, 0.010213226, 0.099215), (-0.00093497365, 0.010278418, 0.10404362), (-0.00090232876, 0.010697484, 0.113077745), (-0.00091188477, 0.010285615, 0.11473915), (-0.0010424214, 0.009778222, 0.11595175), (-0.00075185864, -0.00048787732, -0.024570882), (-0.0008867831, 0.0093035735, -0.029778758), (-0.00088704063, 0.009338235, -0.0249485), (-0.0008047071, -0.0024127741, -0.024524877), (-0.0008983276, -0.02086159, -0.029562298), (-0.0007533199, -0.0042599295, -0.024231082), (-0.00089860853, -0.02082383, -0.024300199), (-0.00080605, -0.0058008786, -0.023678724), (-0.0008482913, -0.007119106, -0.022795893), (-0.00084868143, -0.007992721, -0.021795891), (-0.00088084437, -0.00856974, -0.020668352), (-0.00084343523, -0.012229351, -0.020339748), (-0.0008507096, -0.01272485, -0.017895432), (-0.0010292323, -0.01269521, -0.018981129), (-0.00075697474, -0.008005357, -0.09388681), (-0.0007343437, -0.006687518, -0.088757865), (-0.00077606185, -0.005174831, -0.08952417), (-0.0008245829, -0.006278593, -0.09467071), (-0.0008035952, -0.009535772, -0.09289185), (-0.000775425, -0.0035650053, -0.08990451), (-0.0008040848, -0.010645154, -0.0917238), (-0.00082387676, -0.0044970848, -0.09511911), (-0.0009019615, -0.007823262, -0.08778884), (-0.0007784681, -0.011591812, -0.09036428), (-0.00091029174, -0.002742698, -0.09533896), (-0.00077471626, -0.0017277382, -0.09001692), (-0.000800386, -0.0015057508, -0.09537395), (-0.0007788325, -0.012319605, -0.088827804), (-0.0008622473, -0.008668483, -0.08647366), (-0.0007737189, 0.00011869809, -0.095214546), (-0.00082750706, -0.012840105, -0.08726277), (-0.0008001029, 0.000047002453, -0.08983868), (-0.00077313476, 0.0016993011, -0.094853856), (-0.0008906684, -0.00900229, -0.085272536), (-0.0007793205, -0.013120517, -0.08558888), (-0.0007986354, 0.0032363383, -0.09426127), (-0.00079953286, 0.0016001516, -0.08941496), (-0.0008923533, -0.013239282, -0.08411789), (-0.0008907906, -0.009117853, -0.08388327), (-0.0008924, -0.013163243, -0.082768634), (-0.0007720509, 0.0047400505, -0.09345203), (-0.00091496686, -0.012940315, -0.08149727), (-0.0007730069, 0.0029333388, -0.08872651), (-0.0008456204, -0.008900718, -0.08255174), (-0.0007976749, 0.0060136863, -0.09245444), (-0.00094879797, -0.012655775, -0.08027697), (-0.0008624226, -0.008377223, -0.08136624), (-0.00079731364, 0.007129478, -0.09128924), (-0.0009486673, -0.012149342, -0.07915591), (-0.00092664175, 0.003911399, -0.087874085), (-0.00091463776, -0.01157683, -0.078072496), (-0.0007970649, 0.007986123, -0.089886084), (-0.0008903894, -0.0075476323, -0.08033868), (-0.0009328831, -0.010829856, -0.07708121), (-0.0008570974, 0.0047879172, -0.08657022), (-0.00089154387, -0.00995456, -0.076157115), (-0.00077083445, 0.008670286, -0.088351846), (-0.0008255107, -0.006482215, -0.079520725), (-0.00089122244, -0.008990773, -0.07532258), (-0.00081913854, 0.009123241, -0.08675909), (-0.0009134569, -0.007977314, -0.07459158), (-0.0008400796, 0.005183412, -0.08533829), (-0.00080268877, -0.0051057874, -0.07885685), (-0.0009315403, -0.006869937, -0.07403235), (-0.00077077217, 0.009325308, -0.08499592), (-0.00093111926, -0.0057032267, -0.073587716), (-0.0008896059, -0.0044639735, -0.07328677), (-0.0008852825, 0.0052744383, -0.08398655), (-0.0008020823, -0.0034719235, -0.07853597), (-0.0008837881, 0.009336093, -0.08294393), (-0.00088911696, -0.0031580778, -0.07310142), (-0.0008839326, 0.009149603, -0.081643894), (-0.0009111761, -0.0017803445, -0.07301421), (-0.0008973161, 0.005077591, -0.0826735), (-0.00077532, -0.0016051867, -0.07842156), (-0.00091064844, -0.0004176675, -0.07313639), (-0.0009251737, 0.008846803, -0.08041448), (-0.0008724151, 0.004561776, -0.08143551), (-0.00088756287, 0.00087511225, -0.073322505), (-0.0008843576, 0.008386437, -0.07926773), (-0.0007746321, 0.00016766545, -0.07860011), (-0.0009096573, 0.0021034535, -0.073621325), (-0.0008846385, 0.0078099594, -0.07818866), (-0.0008409136, 0.003729719, -0.08037912), (-0.00090919726, 0.0032331548, -0.07412232), (-0.000926018, 0.0071141673, -0.07717122), (-0.0007740194, 0.0017045484, -0.07904728), (-0.00088617037, 0.0043164142, -0.074691005), (-0.0008853389, 0.0062636416, -0.07624153), (-0.000886458, 0.0028304893, -0.07968878), (-0.00088574516, 0.0053241123, -0.07540198), (-0.00076588907, -0.006806449, 0.07318917), (-0.000717858, -0.0055014417, 0.078299195), (-0.0007849758, -0.00397592, 0.07755179), (-0.0008111566, -0.0050569754, 0.07242583), (-0.0008125093, -0.008336862, 0.0741841), (-0.0008104009, -0.002384716, 0.077164456), (-0.00083533465, -0.009458028, 0.07532452), (-0.0007843894, -0.0032611813, 0.071968354), (-0.00091089733, -0.0066733314, 0.07934239), (-0.0007873821, -0.0103929015, 0.07671169), (-0.00089662423, -0.0015448213, 0.07172102), (-0.0008320322, -0.0005626454, 0.07707525), (-0.0007832406, -0.00029132474, 0.071730144), (-0.00078774645, -0.011120695, 0.078248166), (-0.00091126666, -0.0074552665, 0.080597356), (-0.0008086946, 0.0013012493, 0.07186796), (-0.00078803126, -0.011631226, 0.0798463), (-0.00078295293, 0.0012660681, 0.077213034), (-0.00080811087, 0.0028808007, 0.072226174), (-0.0008995825, -0.007803379, 0.08180343), (-0.00078823435, -0.011921606, 0.081487104), (-0.00078148744, 0.004453593, 0.072813235), (-0.0008307821, 0.0027909004, 0.07764603), (-0.0009423292, -0.012054908, 0.08295828), (-0.0008864186, -0.007914249, 0.08316749), (-0.00097080343, -0.011988801, 0.08431), (-0.00080702675, 0.005921088, 0.073622935), (-0.0009238811, -0.011741404, 0.08557867), (-0.00083032023, 0.0041017863, 0.07834762), (-0.0008714709, -0.007700048, 0.08454969), (-0.00082891725, 0.0072206347, 0.07459264), (-0.00092383765, -0.011449306, 0.08679637), (-0.000854396, -0.0071640564, 0.08572111), (-0.0007801792, 0.008315847, 0.075816475), (-0.00097061804, -0.010972604, 0.08793081), (-0.0009063787, 0.005131034, 0.07924621), (-0.0009704483, -0.010371682, 0.08899947), (-0.00082831626, 0.009171981, 0.07718163), (-0.00085413374, -0.0063225385, 0.08677771), (-0.0009417973, -0.0096309455, 0.08999477), (-0.0008660114, 0.005986827, 0.08050572), (-0.0009230341, -0.008744506, 0.09090733), (-0.00077974837, 0.009869198, 0.07872413), (-0.00081208546, -0.00526665, 0.08755267), (-0.00090013654, -0.007791864, 0.091753386), (-0.000779671, 0.01031065, 0.080350384), (-0.000922371, -0.0067784046, 0.092484385), (-0.00090604264, 0.0063735554, 0.08171773), (-0.00078554073, -0.003888747, 0.088214874), (-0.00094045425, -0.0056710285, 0.093043625), (-0.00077968644, 0.010524218, 0.08208004), (-0.00094003323, -0.004504313, 0.09348823), (-0.0009395782, -0.00326787, 0.09380349), (-0.000906081, 0.0064778808, 0.08311187), (-0.0008333358, -0.002289401, 0.08854891), (-0.0009152893, 0.010519064, 0.08413058), (-0.0009206105, -0.0019577146, 0.09395859), (-0.00091541576, 0.010379936, 0.085438356), (-0.0008975075, -0.0005816729, 0.09402973), (-0.0008810616, 0.006284068, 0.08443406), (-0.0007842339, -0.00040627838, 0.088654414), (-0.0008969816, 0.0007829075, 0.0939555), (-0.0008930363, 0.01003183, 0.086656995), (-0.00088132836, 0.005756299, 0.08559341), (-0.00089647685, 0.002074024, 0.09375344), (-0.00089327164, 0.009585347, 0.08780822), (-0.00078354636, 0.0013665791, 0.08847587), (-0.00091857126, 0.003302364, 0.093454644), (-0.0008935526, 0.0090088695, 0.088887304), (-0.00086677005, 0.0049142297, 0.0867198), (-0.00091811136, 0.004432068, 0.092953615), (-0.0008938795, 0.008301649, 0.0898957), (-0.0007829336, 0.002903458, 0.088028684), (-0.00091766036, 0.005532234, 0.09241221), (-0.00093530596, 0.007472865, 0.09084472), (-0.00091795844, 0.004011215, 0.08736079), (-0.00091724325, 0.0065130577, 0.09166147), (-0.0011112633, 0.0048826383, -0.083611384), (-0.0011133603, 0.0035410952, -0.055372532), (-0.0011118533, 0.006343109, -0.06313925), (-0.0011139971, 0.0063894265, -0.024607448), (-0.0011223131, -0.007275513, 0.030505676), (-0.0011201545, 0.00577604, 0.08097851), (-0.0011201085, 0.0060722996, 0.082175665), (-0.0011201773, 0.0060815485, 0.083464555), (-0.0011251407, -0.0072518284, 0.08107201), (-0.001114704, -0.007950953, -0.10973996), (-0.0011145188, -0.0073004705, -0.108606935), (-0.001113716, -0.0039196555, -0.099877596), (-0.0011126293, -0.0019087573, -0.10554697), (-0.0011147847, -0.008345325, -0.11098855), (-0.0011067844, 0.01257385, -0.11103485), (-0.0011072572, 0.011682715, -0.108678654), (-0.0011116822, 0.0031242433, -0.08812583), (-0.0011114373, 0.0046035787, -0.08241184), (-0.0011159811, -0.0069714645, -0.08029852), (-0.0011164006, -0.008729785, -0.08480268), (-0.0011125709, 0.006413593, -0.04986884), (-0.0011203531, -0.010120334, -0.023822006), (-0.0011129077, 0.009986624, -0.01951291), (-0.0011129072, 0.010164572, -0.018306479), (-0.0011146175, 0.0053796466, -0.02043164), (-0.0011196341, -0.007867706, -0.0212888), (-0.0011193027, -0.007141815, -0.022249615), (-0.0011171497, 0.0018804006, 0.0008627122), (-0.0011234864, -0.011545715, 0.022320846), (-0.0011241931, -0.012291413, 0.029833343), (-0.0011205963, 0.0043231538, 0.07895013), (-0.0011203173, 0.0051929937, 0.07990334), (-0.0011248952, -0.005772554, 0.08677744), (-0.0011251745, -0.0066423574, 0.085829355), (-0.0011253372, -0.0072253817, 0.0847576), (-0.0011253835, -0.0075216256, 0.08356218), (-0.0011253147, -0.0075308746, 0.082273275), (-0.0011233825, 0.0029447682, 0.11922238), (-0.0011228899, 0.004224132, 0.11916013), (-0.001121111, 0.00866391, 0.11770944), (-0.0011227536, 0.0025122953, 0.10506607), (-0.0011232793, 0.0023398383, 0.11326203), (-0.0011162604, -0.007841268, -0.08124659), (-0.0011143056, 0.0039281133, -0.035881888), (-0.0011138178, 0.0051738173, -0.036089137), (-0.0011149286, 0.004275251, -0.022410326), (-0.0011152505, 0.0033169298, -0.023203162), (-0.0011195285, -0.006765127, -0.015653403), (-0.001119793, -0.007578436, -0.016481861), (-0.0011248868, -0.011357374, 0.04856741), (-0.0011216667, 0.0073264353, 0.11850148), (0.0012903332, 0.007873298, -0.105947286), (0.0012904427, 0.009072746, -0.099723466), (0.001290851, 0.0100925965, -0.1000521), (-0.0011083488, 0.010093515, -0.100052245), (0.0012914141, 0.011481057, -0.100629754), (-0.0011076406, 0.011795356, -0.10108036), (0.0012920831, 0.013096806, -0.10154107), (-0.0011070056, 0.013323371, -0.101983175), (0.0012926534, 0.014429912, -0.10262174), (-0.0011064744, 0.014552208, -0.103076115), (0.0012931791, 0.01560725, -0.10397056), (0.001293527, 0.016349567, -0.105113596), (0.0012938273, 0.016954815, -0.10634221), (0.00129408, 0.017422982, -0.10765637), (0.0012942853, 0.017754085, -0.10905613), (0.0012944427, 0.017948117, -0.110541426), (0.0012945526, 0.018005071, -0.11211227), (0.0012946152, 0.017905455, -0.1139082), (0.001294606, 0.017633123, -0.11560092), (0.0012945251, 0.017188076, -0.11719043), (0.0012943723, 0.016570307, -0.11867667), (0.0012941477, 0.015779832, -0.12005974), (0.0012938512, 0.014816635, -0.12133956), (0.001293483, 0.01368072, -0.122516155), (0.0012930477, 0.012389014, -0.123559654), (0.00129255, 0.0109584415, -0.12444019), (0.0012919903, 0.009388998, -0.12515777), (0.0012913683, 0.0076806825, -0.1257124), (0.0012906841, 0.0058335066, -0.12610407), (0.0012899376, 0.003847457, -0.12633277), (0.001289129, 0.0017225337, -0.12639849), (0.0012883547, -0.00028855292, -0.12630348), (0.0012876199, -0.0021730184, -0.12604816), (0.0012869247, -0.003930861, -0.1256326), (0.0012862687, -0.005562084, -0.12505673), (0.0012856522, -0.007066682, -0.124320626), (0.001285075, -0.008444661, -0.12342421), (0.0012845373, -0.009696018, -0.122367516), (0.0012840496, -0.010798305, -0.12118673), (0.0012836226, -0.011729076, -0.11991804), (0.0012832563, -0.012488328, -0.11856144), (0.0012829506, -0.013076064, -0.1171169), (0.0012827056, -0.0134922825, -0.115584485), (0.001282521, -0.013736985, -0.11396413), (0.0012823972, -0.013810169, -0.11225584), (0.0012823428, -0.013750096, -0.11087521), (0.0012823304, -0.0135902045, -0.109566055), (0.0012823602, -0.013330495, -0.10832835), (0.0012824323, -0.012970967, -0.107162096), (0.0012825466, -0.01251162, -0.1060673), (0.0012827029, -0.011952453, -0.10504395), (0.0012829014, -0.01129347, -0.104092054), (0.0012831434, -0.010531653, -0.103213765), (0.0012834301, -0.009663988, -0.10241127), (0.0012837616, -0.008690476, -0.10168457), (0.0012841377, -0.0076111183, -0.10103365), (0.0012845586, -0.0064259116, -0.10045851), (0.0012850242, -0.0051348596, -0.09995914), (0.0012855345, -0.0037379623, -0.09953556), (0.0012863994, -0.0023747468, -0.10566532), (0.0012857756, -0.004088314, -0.106222875), (-0.001113334, -0.0037901562, -0.10580512), (0.0012852733, -0.0055084354, -0.10694767), (-0.0011138652, -0.0052912463, -0.106566906), (0.0012848927, -0.006635114, -0.10783971), (-0.0011143085, -0.0065716244, -0.10739063), (0.0012846282, -0.0074800155, -0.10888283), (0.0012844692, -0.008066472, -0.11004474), (0.0012844144, -0.008396815, -0.11132223), (0.0012844733, -0.00846264, -0.112821676), (-0.001114853, -0.008723804, -0.112351894), (0.0012846838, -0.008172638, -0.11459648), (-0.001114673, -0.008529231, -0.114231795), (0.0012850378, -0.0074775233, -0.11616774), (-0.0011143436, -0.007914024, -0.11591204), (0.0012855352, -0.006377297, -0.117535464), (-0.0011138659, -0.006879808, -0.11738094), (0.0012860037, -0.005280846, -0.11841693), (0.0012863778, -0.0043726396, -0.11889683), (0.0012867998, -0.003326981, -0.11929166), (0.0012872694, -0.0021438734, -0.11960138), (0.0012877869, -0.00082330994, -0.11982606), (0.0012883522, 0.0006347007, -0.11996564), (0.0012889652, 0.0022301623, -0.12002009), (0.0012895393, 0.0037367076, -0.119987324), (0.0012900614, 0.0051198956, -0.11986649), (0.0012905312, 0.0063797287, -0.119657606), (0.0012909492, 0.007516204, -0.11936063), (0.001291315, 0.008529332, -0.11897566), (0.0012917593, 0.009802304, -0.11822203), (0.0012921919, 0.01111802, -0.1169668), (-0.001107018, 0.0110185025, -0.11747211), (0.0012924572, 0.012029128, -0.115488745), (-0.0011067006, 0.012064558, -0.11599775), (0.0012925583, 0.012541555, -0.11379651), (-0.0011065671, 0.012664655, -0.1142941), (0.0012925073, 0.012664994, -0.11204622), (-0.0011065766, 0.01291777, -0.11239668), (0.0012923713, 0.012504271, -0.11071761), (0.0012921549, 0.012115669, -0.10950941), (-0.0011069807, 0.0122422185, -0.10979653), (0.0012918583, 0.011499193, -0.108421616), (0.0012914897, 0.010674032, -0.10747686), (-0.0011076109, 0.010903007, -0.107690215), (0.0012910668, 0.00967858, -0.10672041), (-0.0011080207, 0.00994917, -0.106885545), (0.0012907165, 0.008827959, -0.10627359), (-0.0011084833, 0.008828877, -0.106273726), (-0.0011155674, -0.007027109, -0.08805299), (0.0012836402, -0.007005371, -0.08803732), (0.0012842418, -0.00557025, -0.08897889), (-0.0011151272, -0.0060259816, -0.089075774), (0.0012848207, -0.004123284, -0.08943903), (-0.0011145431, -0.004568553, -0.08955509), (0.001285483, -0.002421095, -0.089644), (-0.0011138868, -0.0028970647, -0.0898641), (0.0012861679, -0.0006220453, -0.08959265), (-0.0011131729, -0.0010313633, -0.089877486), (0.0012867543, 0.0009571405, -0.08928273), (-0.0011125432, 0.00065265823, -0.08962582), (0.0012872299, 0.0022847957, -0.08871401), (-0.0011120216, 0.0020931282, -0.08910348), (0.0012875944, 0.0033587103, -0.08789501), (0.0012878445, 0.0041568517, -0.086911306), (-0.0011114031, 0.0039940835, -0.08717261), (0.0012879779, 0.004668203, -0.08580564), (-0.0011112406, 0.0045771296, -0.08609743), (0.001287995, 0.0048927628, -0.084578015), (-0.0011111944, 0.0048733884, -0.084900305), (0.0012878994, 0.004829988, -0.08330388), (0.0012876996, 0.004478798, -0.082134224), (0.0012873962, 0.0038390842, -0.08108412), (-0.0011117149, 0.004035996, -0.08133185), (0.0012869905, 0.0029133558, -0.08016191), (-0.0011120961, 0.003179888, -0.080371365), (0.001286497, 0.0017267199, -0.079451345), (-0.001112539, 0.0021661764, -0.07938416), (0.0012859226, 0.0002917276, -0.0789943), (-0.0011131129, 0.0007438535, -0.07884476), (0.0012852678, -0.0013916194, -0.078790754), (-0.0011137642, -0.0009192978, -0.07857078), (0.0012845788, -0.003200948, -0.07884158), (-0.0011144781, -0.0027847697, -0.07855737), (0.0012839865, -0.004795543, -0.07914925), (-0.0011151143, -0.0044853687, -0.078807), (0.0012835074, -0.006131736, -0.079714075), (-0.0011156322, -0.005920662, -0.07935632), (0.0012831416, -0.007207756, -0.08052768), (0.0012828913, -0.008005865, -0.08150667), (0.0012827578, -0.008517194, -0.08260933), (-0.0011164233, -0.008424291, -0.082318336), (0.0012827407, -0.008741743, -0.083835684), (-0.0011164694, -0.008720536, -0.083513774), (0.0012828362, -0.008678973, -0.085110225), (0.0012830362, -0.008327799, -0.08628203), (-0.0011162265, -0.008450739, -0.08600396), (0.001283251, -0.007884097, -0.087087266), (-0.0011159488, -0.00788318, -0.0870874), (-0.0011159326, -0.008791929, -0.09357233), (0.0012835385, -0.008175224, -0.09419895), (0.0012828034, -0.0099217035, -0.09299508), (-0.0011164779, -0.0100681055, -0.09254548), (0.0012822953, -0.011072124, -0.091779456), (-0.0011169562, -0.011137425, -0.09130836), (0.0012818563, -0.012010447, -0.090348005), (-0.0011173683, -0.012002414, -0.08985682), (0.0012814909, -0.012732258, -0.08875414), (-0.0011177073, -0.012656285, -0.08827081), (0.0012812087, -0.013228721, -0.08710494), (-0.0011179638, -0.013087987, -0.086641416), (0.0012810103, -0.013498954, -0.085411094), (-0.0011181508, -0.013331909, -0.084970206), (0.001280914, -0.013560235, -0.08411281), (0.0012808663, -0.013482515, -0.08273374), (0.0012808744, -0.01326965, -0.081424564), (0.0012809378, -0.012921639, -0.08018526), (0.001281057, -0.012438484, -0.0790158), (0.0012812318, -0.011820182, -0.07791625), (0.0012814619, -0.011066734, -0.07688656), (0.001281748, -0.01017814, -0.07592673), (0.0012820786, -0.009187161, -0.07506864), (0.0012824434, -0.008126555, -0.07434416), (0.0012828425, -0.006996322, -0.07375329), (0.0012832754, -0.0057964628, -0.07329602), (0.0012837426, -0.0045269756, -0.07297238), (0.001284244, -0.0031878625, -0.07278232), (0.0012847794, -0.0017791241, -0.07272588), (0.0012853172, -0.0003833309, -0.0728018), (0.0012858352, 0.00094093475, -0.07300902), (0.0012863331, 0.002193673, -0.073347576), (0.001286811, 0.003374883, -0.073817424), (0.0012872689, 0.004484568, -0.07441861), (0.001287707, 0.005522723, -0.07515106), (0.001288125, 0.006489348, -0.07601483), (0.0012885093, 0.0073529794, -0.07698102), (0.0012888465, 0.008082152, -0.078020714), (0.0012891362, 0.008676864, -0.07913392), (0.0012893789, 0.009137111, -0.08032061), (0.0012895741, 0.00946291, -0.08158084), (0.0012897219, 0.009654236, -0.08291455), (0.0012898416, 0.009693033, -0.08478266), (-0.0011094688, 0.009471909, -0.084322065), (0.0012898695, 0.009503028, -0.08657488), (-0.001109418, 0.009343172, -0.08610622), (0.0012898016, 0.009077566, -0.088264495), (-0.0011094741, 0.008950844, -0.08777833), (0.0012896381, 0.008416652, -0.089851476), (-0.0011095979, 0.008394196, -0.089367196), (0.0012893799, 0.00752797, -0.0913059), (-0.0011098277, 0.0075781904, -0.09083224), (0.0012890298, 0.006426913, -0.092567906), (-0.0011101468, 0.006555486, -0.0921118), (0.0012885878, 0.005115021, -0.09363153), (-0.0011105555, 0.0053269835, -0.09319785), (0.0012880585, 0.0036036472, -0.09449433), (-0.0011110631, 0.003873237, -0.09406214), (0.0012874836, 0.0020063887, -0.09513257), (-0.0011116132, 0.0023288156, -0.094776876), (0.0012868843, 0.00038004087, -0.09553433), (-0.0011121901, 0.0007489585, -0.09526218), (0.0012862607, -0.0012753961, -0.09569964), (-0.0011127995, -0.0008723013, -0.09544843), (0.0012856898, -0.0027650474, -0.09567418), (0.0012851018, -0.0042774775, -0.09550091), (-0.0011139087, -0.0037626813, -0.09537424), (0.001284368, -0.0061343773, -0.09507414), (-0.0011146449, -0.005630815, -0.09497849), (-0.0011153133, -0.0072841346, -0.094333276), (0.0012885103, 0.009383098, -0.06316094), (0.0012887996, 0.00934419, -0.06858299), (0.0012802604, -0.012967793, -0.068422884), (0.0012799456, -0.012925442, -0.062520996), (0.0012842587, -0.0016547039, -0.06259705), (-0.0011147559, -0.0012092032, -0.06286972), (0.0012848724, -0.000042964202, -0.06255078), (-0.0011141888, 0.00032369286, -0.062529445), (0.0012853676, 0.0012712105, -0.062425263), (0.0012858175, 0.002487987, -0.06215183), (0.0012862015, 0.0035675063, -0.061639797), (0.001286479, 0.004401738, -0.06089925), (0.0012866515, 0.004990411, -0.05996229), (0.0012867157, 0.005312854, -0.05891161), (0.0012866656, 0.0053584953, -0.057705685), (-0.0011125444, 0.005355829, -0.05754856), (0.001286481, 0.005041323, -0.05657722), (0.0012861264, 0.004238765, -0.055725172), (0.001285702, 0.0031923943, -0.05529064), (0.0012852402, 0.0020084057, -0.055126827), (0.0012847055, 0.00062087184, -0.055052612), (-0.001114343, 0.0010158527, -0.05506522), (0.0012842161, -0.0006556791, -0.05502738), (-0.0011149979, -0.00065179594, -0.05475334), (0.0012795411, -0.01287104, -0.054939725), (0.0012792262, -0.012828689, -0.049037844), (0.0012834882, -0.0016915093, -0.049112856), (-0.0011158636, -0.0021234783, -0.049354717), (0.0012840944, -0.00009904126, -0.04906539), (-0.0011152256, -0.00045103618, -0.049327154), (0.0012845908, 0.0012181503, -0.048937418), (-0.0011147194, 0.00092417747, -0.048979606), (0.0012850537, 0.0024699143, -0.048659254), (0.0012854574, 0.0036015185, -0.048142917), (0.0012857479, 0.004469808, -0.047402862), (0.0012859281, 0.005076147, -0.04648198), (0.0012859988, 0.0054071695, -0.04548952), (0.001285949, 0.0054445188, -0.044344537), (0.0012857383, 0.005067431, -0.043159064), (0.0012853766, 0.0042457744, -0.04231119), (0.0012849716, 0.0032435453, -0.041921243), (0.0012844941, 0.0020214443, -0.041739177), (-0.0011145687, 0.002375942, -0.041772787), (0.0012838751, 0.00041489222, -0.04165338), (-0.0011151608, 0.00087314367, -0.041457403), (0.0012788267, -0.012774976, -0.04155254), (0.001278512, -0.012732625, -0.03565066), (0.0012841335, 0.0019551965, -0.035762254), (-0.0011148885, 0.0023848393, -0.036011513), (0.0012847525, 0.003561657, -0.035848144), (0.0012852665, 0.0048795096, -0.036031123), (0.0012856757, 0.005908755, -0.036311176), (0.001286085, 0.006907119, -0.036801983), (0.0012864693, 0.007815303, -0.03746285), (0.0012868026, 0.008569906, -0.038262907), (0.0012870848, 0.009170295, -0.039201047), (0.0012873127, 0.0096102, -0.040266454), (0.001287485, 0.009886486, -0.04145372), (-0.0011117508, 0.00983878, -0.041141804), (0.0012876015, 0.009999153, -0.04276283), (-0.0011116203, 0.009992357, -0.042420458), (0.00128765, 0.009956056, -0.043919366), (0.0012876373, 0.009768631, -0.044972565), (0.0012875675, 0.009437592, -0.045987155), (0.001287441, 0.008962721, -0.04696312), (0.0012872561, 0.008341964, -0.047900375), (-0.0011119972, 0.008169329, -0.04812998), (0.0012870131, 0.0075742877, -0.04879887), (-0.0011122548, 0.007364923, -0.049018797), (0.0012867522, 0.006740298, -0.049829796), (0.0012871132, 0.007560839, -0.050673187), (0.0012874439, 0.008316727, -0.05141767), (0.0012877233, 0.008924756, -0.052253883), (0.0012879516, 0.009385961, -0.053181782), (0.0012881297, 0.009702408, -0.054201324), (0.0012882578, 0.009874305, -0.0553125), (-0.0011109161, 0.009900126, -0.055601876), (0.0012883224, 0.009912878, -0.056203134), (0.0012883553, 0.009832909, -0.057333592), (0.0012883308, 0.009609564, -0.05841751), (0.0012882488, 0.009242846, -0.059454907), (0.0012881093, 0.0087327445, -0.06044576), (0.0012879125, 0.0080792755, -0.06139009), (0.0012876581, 0.007282422, -0.062287867), (0.0012873465, 0.0063421917, -0.06313912), (0.0012864546, 0.009659584, -0.024630785), (0.0012867464, 0.009620332, -0.030100819), (0.0012749569, -0.021184599, -0.029879767), (0.001274642, -0.021142248, -0.023977894), (0.0012788466, -0.010121251, -0.023821872), (0.0012784565, -0.011004602, -0.02288796), (-0.0011208324, -0.011203156, -0.022657981), (0.0012781334, -0.011717016, -0.021980984), (0.0012778259, -0.0123603605, -0.020883098), (-0.0011212046, -0.011964804, -0.02121584), (0.0012775637, -0.012847111, -0.01952723), (0.0012774174, -0.013050575, -0.018307397), (0.0012773618, -0.013082474, -0.017533729), (0.001277328, -0.013011581, -0.016449193), (0.0012773452, -0.0128148105, -0.015412638), (-0.0011217622, -0.012581047, -0.01547261), (0.001277413, -0.012492164, -0.014424073), (-0.0011216963, -0.012267994, -0.014513436), (0.0012775318, -0.012043639, -0.013483492), (0.0012777013, -0.0114692375, -0.012590898), (0.0012779217, -0.010768959, -0.011746289), (0.0012781929, -0.009942804, -0.010949664), (0.0012785118, -0.009003396, -0.010233037), (0.0012788755, -0.0079633575, -0.009628422), (0.0012792839, -0.006822691, -0.009135815), (0.0012797372, -0.005581395, -0.008755218), (0.0012802351, -0.0042394684, -0.008486631), (0.0012807777, -0.0027969135, -0.008330053), (0.0012813653, -0.0012537293, -0.008285483), (0.0012819433, 0.00024840987, -0.008351591), (0.0012824899, 0.0016522277, -0.008527654), (0.0012830051, 0.0029577282, -0.008813673), (0.0012834888, 0.0041649058, -0.009209644), (0.0012839411, 0.005273769, -0.00971557), (0.001284362, 0.006284306, -0.010331449), (0.0012847515, 0.0071965232, -0.011057284), (0.0012851028, 0.007997364, -0.011861671), (0.0012854092, 0.008673774, -0.012713213), (-0.0011138583, 0.008477827, -0.012851244), (0.0012856706, 0.00922575, -0.01361191), (0.0012858871, 0.00965329, -0.014557758), (-0.0011133942, 0.009429238, -0.014642675), (0.0012860588, 0.009956407, -0.015550764), (0.0012861853, 0.0101350825, -0.01659092), (-0.0011131044, 0.009897099, -0.016617438), (0.0012862798, 0.01017649, -0.017992288), (0.0012862965, 0.010040744, -0.019215317), (0.001286245, 0.0097361775, -0.020371953), (-0.0011129762, 0.009639854, -0.02065295), (0.0012861252, 0.0092627965, -0.021462198), (-0.0011131131, 0.009124263, -0.021726593), (0.0012859438, 0.008640956, -0.02246798), (0.0012857146, 0.007911398, -0.023353178), (0.0012854388, 0.007078198, -0.024114184), (0.0012852027, 0.006388509, -0.024607312), (0.001279906, -0.007118244, -0.022240823), (0.0012804656, -0.0058040726, -0.023258472), (-0.0011188963, -0.006227918, -0.023264142), (0.0012810407, -0.0043814997, -0.023814848), (-0.0011183328, -0.004852258, -0.023933938), (0.0012817255, -0.0026366657, -0.024130799), (-0.0011176587, -0.0031459185, -0.024319727), (0.0012824797, -0.0006749769, -0.0242062), (-0.0011168792, -0.0011270952, -0.024457656), (0.0012831115, 0.001001342, -0.024043838), (-0.0011162063, 0.00064871844, -0.02435171), (0.0012836304, 0.0024170754, -0.023647085), (-0.0011156367, 0.0021847773, -0.024035761), (0.0012840368, 0.0035722253, -0.023015944), (0.0012843309, 0.0044633225, -0.022185655), (0.0012845141, 0.005083439, -0.021226713), (-0.0011147177, 0.0049632876, -0.021481784), (0.0012845867, 0.005431881, -0.020146165), (0.0012845498, 0.0055081313, -0.018970314), (-0.0011146524, 0.0055073514, -0.018938288), (0.0012844113, 0.005307785, -0.017866274), (-0.0011148356, 0.0052238083, -0.01760382), (0.0012841724, 0.004828983, -0.01686961), (-0.0011150999, 0.004675393, -0.016634002), (0.001283833, 0.004071716, -0.015980322), (-0.0011154643, 0.0038485087, -0.015771555), (0.0012833931, 0.0030303658, -0.01523578), (-0.0011159292, 0.0027341691, -0.015076281), (0.0012828526, 0.0016936826, -0.014710726), (-0.0011164874, 0.0013770593, -0.014373885), (0.0012822115, 0.000060545462, -0.014412642), (-0.0011171693, -0.00036467606, -0.014092954), (0.0012816677, -0.0013495944, -0.014330931), (0.0012810963, -0.0028531773, -0.014389589), (-0.001117943, -0.0023917088, -0.014111718), (0.001280454, -0.004572191, -0.014655051), (-0.0011186388, -0.004237922, -0.0142915575), (0.0012799553, -0.0059482898, -0.015145212), (-0.0011191863, -0.0057404726, -0.014773608), (0.0012795983, -0.00698614, -0.015853202), (0.0012793611, -0.007732374, -0.016710375), (0.0012792329, -0.008210312, -0.017682398), (-0.0011199485, -0.008123448, -0.017425168), (0.0012792137, -0.008419952, -0.01876927), (-0.0011199949, -0.008400162, -0.018483331), (0.0012793046, -0.008353562, -0.019938294), (-0.00111989, -0.008345088, -0.019979237), (0.0012795029, -0.007994997, -0.02102898), (-0.0011210694, -0.006272922, 0.015167194), (0.0012778186, -0.0071426053, 0.014805489), (0.0012786663, -0.0057543213, 0.00915573), (0.0012782565, -0.0069062896, 0.008608624), (0.0012779844, -0.007723917, 0.007889457), (0.0012778383, -0.008236616, 0.0070021697), (0.0012778065, -0.008473798, 0.005950667), (-0.0011213828, -0.008501128, 0.005569648), (0.00127789, -0.008433951, 0.004730537), (-0.0011212783, -0.008390507, 0.004459657), (0.0012780583, -0.0081448695, 0.0037015697), (-0.0011210889, -0.008041939, 0.0034576969), (0.0012783115, -0.007617841, 0.0027806365), (-0.0011208145, -0.007455424, 0.0025637723), (0.001278648, -0.0068558035, 0.001974182), (-0.0011204581, -0.0066368366, 0.0017907743), (0.0012790532, -0.005888131, 0.0013466894), (-0.0011200376, -0.005621427, 0.0012160818), (0.0012795195, -0.004729511, 0.0009303966), (-0.001119556, -0.0044150706, 0.0008525887), (0.0012800469, -0.0033799452, 0.000725301), (0.0012793979, -0.0029126354, 0.015479112), (0.0012801129, -0.001048497, 0.015440456), (0.0012807796, 0.00067222095, 0.015280293), (0.0012813985, 0.00224952, 0.014998633), (0.0012819694, 0.0036833968, 0.014595461), (0.0012824921, 0.0049738623, 0.014070792), (0.0012829669, 0.0061208997, 0.013424613), (0.0012833937, 0.0071245176, 0.012656927), (0.0012837731, 0.007989133, 0.011786135), (0.0012841057, 0.008719162, 0.010830618), (0.0012843917, 0.009314604, 0.0097903805), (0.0012846311, 0.009775455, 0.008665417), (0.0012848236, 0.01010173, 0.007455736), (0.0012849695, 0.010293408, 0.0061613307), (0.0012850688, 0.010350499, 0.0047822003), (0.0012851101, 0.010277676, 0.003548387), (0.0012850991, 0.010077375, 0.0023780423), (0.001285036, 0.009749596, 0.0012711649), (0.0012849205, 0.009294333, 0.00022775512), (0.0012847526, 0.008711598, -0.00075218664), (0.0012845325, 0.008001377, -0.0016686625), (0.0012842602, 0.007163678, -0.0025216714), (0.0012839396, 0.0062136604, -0.0032834786), (0.0012835753, 0.0051664948, -0.003926337), (0.0012831673, 0.004022177, -0.004450248), (0.0012827154, 0.002780703, -0.0048552114), (0.0012822197, 0.0014420836, -0.0051412284), (0.0012816801, 0.000006305852, -0.0053082984), (0.0012810967, -0.001526621, -0.0053564226), (0.0012806001, -0.0028175951, -0.0053022187), (0.0012801236, -0.0040428964, -0.0051586046), (0.0012796671, -0.005202524, -0.0049255826), (0.0012792308, -0.006296481, -0.0046031508), (0.0012788145, -0.007324762, -0.004191311), (0.0012784185, -0.008287374, -0.0036900626), (0.0012780424, -0.009184313, -0.003099406), (0.0012776114, -0.010184827, -0.0022336943), (0.001277233, -0.011029583, -0.0012458321), (0.0012769072, -0.011718582, -0.000135818), (0.0012766343, -0.012251822, 0.0010963451), (0.001276414, -0.012629307, 0.0024506606), (0.0012762465, -0.012851033, 0.003927125), (0.0012761315, -0.012917003, 0.005525739), (-0.0011229634, -0.012641663, 0.0055256854), (0.0012760838, -0.012820464, 0.007035373), (-0.0011230297, -0.0125272805, 0.0074853445), (0.0012761164, -0.0124644, 0.008879698), (-0.0011229694, -0.012112432, 0.009239696), (0.0012762648, -0.011835526, 0.010521803), (-0.0011227968, -0.01143367, 0.010789609), (0.0012765281, -0.01093533, 0.011960829), (-0.0011225131, -0.0104937265, 0.012138528), (0.0012769015, -0.0097787175, 0.013188236), (-0.0011221144, -0.009286856, 0.013252979), (0.0012772486, -0.008755655, 0.013973864), (-0.0011216288, -0.0078765135, 0.014213741), (0.0012812241, 0.0009974578, 0.009575639), (0.0012816857, 0.00091564836, 0.0007872373), (0.001282159, 0.0021735728, 0.00092311186), (0.0012825582, 0.0032683648, 0.0012693594), (-0.0011167323, 0.0030159743, 0.0011563655), (0.0012828831, 0.0042000227, 0.001825978), (-0.0011163886, 0.003988418, 0.0016603925), (0.0012831278, 0.004947972, 0.0025617345), (0.00128328, 0.005471067, 0.003415014), (0.0012833383, 0.0057652, 0.004379744), (0.0012832795, 0.005800895, 0.005670719), (0.0012830496, 0.0054025077, 0.0070545343), (0.0012827269, 0.0047065206, 0.0080617005), (0.001282381, 0.0039000476, 0.00873198), (0.0012819681, 0.0028905293, 0.009214927), (-0.0011171203, 0.0031690805, 0.009118305), (0.0012816167, 0.0020071275, 0.0094559025), (-0.001117583, 0.0020080449, 0.009455769), (0.0012837307, 0.010025937, 0.02642287), (0.0012867424, 0.01789511, 0.026366401), (-0.0011124575, 0.017896028, 0.026366267), (0.0012857349, 0.014397999, 0.020489318), (0.0012840455, 0.009983586, 0.020520996), (0.0012841889, 0.009964304, 0.01783396), (0.0012823893, 0.005261994, 0.017867701), (0.0012822459, 0.0052812756, 0.020554738), (0.0012783644, -0.0048604393, 0.020629425), (-0.0011206851, -0.004432055, 0.02086424), (0.0012777777, -0.0063899085, 0.020663355), (-0.0011212915, -0.006049463, 0.02065122), (0.0012772332, -0.0078019616, 0.020746805), (0.0012767724, -0.008981637, 0.020922503), (0.0012762907, -0.010184649, 0.021308359), (0.0012758567, -0.0112201, 0.02198779), (0.0012755379, -0.011921177, 0.022893837), (0.0012753026, -0.012384321, 0.023933562), (0.0012751265, -0.012670775, 0.025121717), (0.0012750308, -0.012763214, 0.026195977), (0.0012749764, -0.0127142975, 0.027499463), (-0.001124215, -0.012742926, 0.027146714), (0.0012749723, -0.012524401, 0.028865155), (-0.0011242338, -0.012588888, 0.028534792), (0.0012750282, -0.012191068, 0.030141328), (0.0012751075, -0.011851421, 0.031042494), (0.0012768542, -0.0074220607, 0.030093247), (0.0012767913, -0.0077683395, 0.028855465), (0.0012768485, -0.007785395, 0.027716517), (0.0012771097, -0.0072258506, 0.026878234), (0.0012774569, -0.0063582123, 0.026600141), (0.001277864, -0.005300889, 0.02654797), (0.0012783544, -0.004021459, 0.026524838), (-0.0011209856, -0.004386852, 0.026528498), (0.001281931, 0.0053236266, 0.026456613), (0.0012817159, 0.0053525493, 0.030487165), (0.0012835156, 0.010054859, 0.030453421), (0.0012865352, 0.018528404, 0.034375384), (0.0012844418, 0.013058368, 0.034414634), (0.0012841268, 0.013100719, 0.040316522), (0.0012862203, 0.018570755, 0.040277272), (0.001283303, 0.010083438, 0.034435984), (0.001274764, -0.012228546, 0.03459609), (0.0012744492, -0.012186195, 0.040497977), (0.0012829882, 0.010125789, 0.04033787), (0.0012823304, 0.010214278, 0.052669436), (0.001285342, 0.018083451, 0.052612968), (-0.0011138578, 0.01808437, 0.052612834), (0.0012843347, 0.014586341, 0.046735883), (0.0012826452, 0.0101719275, 0.04676756), (0.0012827886, 0.010152645, 0.044080522), (0.0012809889, 0.0054503353, 0.044114266), (0.0012808456, 0.005469617, 0.046801303), (0.0012769641, -0.004672098, 0.046875995), (-0.0011220837, -0.0042440365, 0.047076534), (0.0012763774, -0.0062015676, 0.046909913), (-0.0011226919, -0.0058611217, 0.046897788), (0.0012758328, -0.0076136207, 0.046993364), (0.001275372, -0.008793296, 0.047169063), (0.0012748906, -0.009996308, 0.04755492), (0.0012744566, -0.01103176, 0.04823435), (0.0012741376, -0.011732835, 0.049140405), (0.0012739022, -0.012195979, 0.050180126), (0.0012737261, -0.012482434, 0.05136828), (0.0012736304, -0.012574873, 0.052442532), (0.001273576, -0.012525956, 0.05374603), (-0.0011256152, -0.012554586, 0.053393286), (0.0012735721, -0.0123360595, 0.05511172), (-0.0011256342, -0.012400546, 0.054781355), (0.0012736279, -0.012002727, 0.056387894), (-0.0011255933, -0.012103072, 0.056079913), (0.0012737071, -0.011663079, 0.057289056), (0.001275454, -0.00723372, 0.056339815), (-0.0011237134, -0.0070871715, 0.05675224), (0.0012753909, -0.0075799986, 0.05510203), (0.0012754481, -0.0075970534, 0.053963076), (0.001275709, -0.007037509, 0.0531248), (0.0012760566, -0.0061698714, 0.052846704), (0.0012764637, -0.0051125474, 0.052794535), (0.0012769541, -0.0038331174, 0.052771397), (-0.0011223858, -0.004198511, 0.05277506), (0.0012805307, 0.005511968, 0.052703176), (0.0012803156, 0.00554089, 0.056733727), (0.0012821152, 0.010243201, 0.056699984), (0.0012851348, 0.018716745, 0.060621947), (0.0012830413, 0.0132467095, 0.0606612), (0.0012827265, 0.01328906, 0.06656309), (0.00128482, 0.018759096, 0.066523835), (0.0012819028, 0.010271779, 0.060682546), (0.0012733636, -0.012040204, 0.060842656), (0.0012730488, -0.011997853, 0.06674454), (0.001281588, 0.01031413, 0.06658444), (-0.0011244813, -0.0058281994, 0.079022974), (0.0012747261, -0.0058064605, 0.07903865), (0.0012753276, -0.0043713395, 0.07809707), (-0.0011240368, -0.004811219, 0.07803063), (0.0012759066, -0.0029243736, 0.07763694), (-0.0011234586, -0.0033783957, 0.07748766), (0.001276569, -0.0012221846, 0.07743198), (-0.0011228018, -0.0016953798, 0.07724607), (0.0012772538, 0.00057686504, 0.07748331), (-0.001122084, 0.00016983188, 0.07716426), (0.0012778402, 0.0021560509, 0.07779322), (-0.0011214622, 0.0018432874, 0.077483445), (0.0012783159, 0.0034837062, 0.078361966), (-0.0011209359, 0.003292043, 0.07797252), (0.0012786805, 0.0045576207, 0.07918094), (0.0012789306, 0.005355762, 0.08016465), (0.0012790639, 0.005867114, 0.081270315), (0.0012790809, 0.006091673, 0.08249794), (0.0012789854, 0.006028898, 0.08377205), (0.0012787856, 0.005677708, 0.08494173), (-0.0011203513, 0.005802489, 0.08466413), (0.001278482, 0.0050379946, 0.08599187), (-0.0011206288, 0.0052349064, 0.08574415), (0.0012780764, 0.004112266, 0.086914055), (-0.00112101, 0.0043787984, 0.0867046), (0.001277583, 0.0029256302, 0.08762461), (-0.0011214486, 0.0033809207, 0.087722264), (0.0012770087, 0.0014906379, 0.088081665), (-0.0011220286, 0.0019339913, 0.088198006), (0.0012763536, -0.00019270908, 0.08828521), (-0.0011226791, 0.000282399, 0.08853938), (0.0012756649, -0.0020020378, 0.08823436), (-0.0011233895, -0.001583619, 0.08848436), (0.0012750725, -0.0035966327, 0.08792669), (-0.0011240283, -0.003286459, 0.08826896), (0.0012745932, -0.0049328255, 0.0873619), (-0.0011245537, -0.004737012, 0.08775041), (0.0012742276, -0.0060088458, 0.08654829), (0.0012739773, -0.0068069543, 0.085569285), (0.0012738437, -0.0073182834, 0.084466614), (0.0012738266, -0.0075428328, 0.08324026), (0.001273922, -0.0074800625, 0.08196572), (0.0012741222, -0.0071288883, 0.08079392), (0.001274337, -0.006685186, 0.07998872), (-0.0011248628, -0.006684269, 0.079988584), (-0.0011248465, -0.007593019, 0.07350362), (0.0012746245, -0.0069763134, 0.07287702), (0.0012738893, -0.008722792, 0.07408089), (-0.001125392, -0.008869196, 0.07453047), (0.0012733813, -0.009873214, 0.07529649), (-0.0011258703, -0.009938513, 0.0757676), (0.0012729423, -0.010811537, 0.07672797), (-0.0011262824, -0.010803504, 0.07721914), (0.001272577, -0.011533348, 0.078321815), (-0.0011266213, -0.011457375, 0.07880515), (0.0012722946, -0.01202981, 0.07997101), (-0.0011268776, -0.011889078, 0.08043452), (0.0012720962, -0.012300043, 0.08166487), (-0.0011270648, -0.012132997, 0.08210577), (0.001272, -0.012361324, 0.08296315), (0.0012719524, -0.012283605, 0.084342204), (0.0012719603, -0.012070739, 0.08565138), (0.0012720238, -0.011722729, 0.08689071), (0.001272143, -0.011239573, 0.08806013), (0.0012723176, -0.010621271, 0.08915973), (0.001272548, -0.009867824, 0.09018942), (0.0012728338, -0.008979229, 0.09114924), (0.0012731645, -0.007988251, 0.092007324), (0.0012735295, -0.006927645, 0.0927318), (0.0012739283, -0.005797412, 0.093322664), (0.0012743614, -0.0045975526, 0.09377992), (0.0012748287, -0.0033280652, 0.09410361), (0.0012753299, -0.0019889523, 0.09429365), (0.0012758652, -0.0005802138, 0.094350085), (0.0012764032, 0.00081557943, 0.094274156), (0.001276921, 0.002139845, 0.09406691), (0.001277419, 0.0033925835, 0.093728386), (0.0012778969, 0.004573793, 0.093258515), (0.0012783549, 0.0056834784, 0.09265739), (0.0012787929, 0.0067216335, 0.09192491), (0.0012792109, 0.0076882583, 0.09106112), (0.0012795953, 0.00855189, 0.09009495), (0.0012799323, 0.0092810625, 0.08905524), (0.0012802221, 0.009875775, 0.087942034), (0.0012804647, 0.010336021, 0.08675532), (0.0012806599, 0.01066182, 0.08549512), (0.001280808, 0.010853146, 0.0841614), (0.0012809276, 0.010891943, 0.082293294), (-0.001118396, 0.010636519, 0.08275389), (0.0012809556, 0.0107019385, 0.08050107), (-0.0011183321, 0.010542083, 0.08096974), (0.0012808876, 0.010276476, 0.07881147), (-0.0011183751, 0.010182683, 0.07928804), (0.001280724, 0.009615562, 0.077224486), (-0.0011184993, 0.009624254, 0.07769442), (0.0012804659, 0.00872688, 0.07577004), (-0.0011187537, 0.008748585, 0.07626278), (0.0012801156, 0.0076258234, 0.074508026), (-0.0011190609, 0.0077543953, 0.07496414), (0.0012796738, 0.0063139317, 0.073444456), (-0.0011194698, 0.006525899, 0.07387811), (0.0012791444, 0.0048025576, 0.07258164), (-0.0011199769, 0.0050721434, 0.07301382), (0.0012785695, 0.003205299, 0.071943395), (-0.0011205275, 0.003527726, 0.07229908), (0.0012779703, 0.0015789511, 0.07154162), (-0.0011211041, 0.0019478707, 0.07181377), (0.0012773466, -0.00007648571, 0.071376316), (-0.0011217134, 0.00032660677, 0.071627535), (0.0012767756, -0.0015661371, 0.07140176), (0.0012761877, -0.003078567, 0.07157504), (-0.0011228228, -0.0025637702, 0.07170172), (0.001275454, -0.004935467, 0.072001815), (-0.0011235606, -0.0044408143, 0.07206435), (-0.0011242336, -0.006109675, 0.07268787), (0.0012705578, -0.011662833, 0.11343177), (0.001270243, -0.011620482, 0.119333655), (0.0012756807, 0.0025873207, 0.119228385), (0.0012761913, 0.0039156033, 0.119179055), (0.0012767246, 0.0052905963, 0.11904206), (-0.0011222896, 0.005732001, 0.118734024), (0.001277233, 0.006579874, 0.11876804), (0.0012776761, 0.0076740533, 0.11832746), (0.0012780875, 0.008658292, 0.11770082), (0.0012784636, 0.009515582, 0.11683814), (0.0012788008, 0.010228933, 0.11568951), (0.0012790452, 0.01070036, 0.11454218), (0.001279197, 0.010951582, 0.11354912), (-0.0011201126, 0.010695772, 0.11375794), (0.0012793079, 0.011087602, 0.1125022), (0.0012793653, 0.011117605, 0.1116833), (0.0012794017, 0.011032201, 0.110450394), (0.0012793763, 0.010794145, 0.10928023), (0.001279289, 0.010403437, 0.1081728), (0.0012791399, 0.009860065, 0.10712807), (0.001278929, 0.009164049, 0.10614613), (0.0012786561, 0.008315369, 0.10522686), (0.0012783211, 0.0073140324, 0.104370356), (-0.0011208785, 0.0073149498, 0.10437022), (0.0012795731, 0.010585107, 0.10434688), (0.001279865, 0.010545854, 0.09887683), (0.0012713259, -0.011766128, 0.09903693), (0.0012710108, -0.011723777, 0.10493883), (0.0012748748, -0.0016279052, 0.10486638), (0.0012754404, -0.00014657553, 0.1048787), (-0.0011239207, -0.0006045606, 0.104628205), (0.001276069, 0.001509136, 0.10495862), (-0.0011232496, 0.0011594611, 0.104689546), (0.0012765466, 0.0027815774, 0.105114765), (0.0012769469, 0.0038746658, 0.10543126), (0.0012773044, 0.0048993933, 0.10604314), (0.0012775696, 0.0057237474, 0.10693381), (0.001277727, 0.006295109, 0.108024165), (0.0012777604, 0.006560865, 0.1092352), (0.0012776717, 0.0065082456, 0.11046041), (0.0012774473, 0.006084949, 0.11157217), (0.0012771018, 0.00530666, 0.11242751), (0.0012767114, 0.0043599755, 0.11293465), (0.0012762882, 0.0032868935, 0.113167025), (0.0012757718, 0.0019534656, 0.11328413), (0.0012750993, 0.00020323708, 0.11334278), (-0.0011239239, 0.0006996308, 0.11357515)]
}

