#usda 1.0
(
    defaultPrim = "SM_Lift_Text_9_Exhibition"
    upAxis = "Z"
)

def Mesh "SM_Lift_Text_9_Exhibition"
{
    int[] faceVertexCounts = [3, 3, 3, 3, 3, 3, 3, 3, 3, 3, 3, 3, 3, 3, 3, 3, 3, 3, 3, 3, 3, 3, 3, 3, 3, 3, 3, 3, 3, 3, 3, 3, 3, 3, 3, 3, 3, 3, 3, 3, 3, 3, 3, 3, 3, 3, 3, 3, 3, 3, 3, 3, 3, 3, 3, 3, 3, 3, 3, 3, 3, 3, 3, 3, 3, 3, 3, 3, 3, 3, 3, 3, 3, 3, 3, 3, 3, 3, 3, 3, 3, 3, 3, 3, 3, 3, 3, 3, 3, 3, 3, 3, 3, 3, 3, 3, 3, 3, 3, 3, 3, 3, 3, 3, 3, 3, 3, 3, 3, 3, 3, 3, 3, 3, 3, 3, 3, 3, 3, 3, 3, 3, 3, 3, 3, 3, 3, 3, 3, 3, 3, 3, 3, 3, 3, 3, 3, 3, 3, 3, 3, 3, 3, 3, 3, 3, 3, 3, 3, 3, 3, 3, 3, 3, 3, 3, 3, 3, 3, 3, 3, 3, 3, 3, 3, 3, 3, 3, 3, 3, 3, 3, 3, 3, 3, 3, 3, 3, 3, 3, 3, 3, 3, 3, 3, 3, 3, 3, 3, 3, 3, 3, 3, 3, 3, 3, 3, 3, 3, 3, 3, 3, 3, 3, 3, 3, 3, 3, 3, 3, 3, 3, 3, 3, 3, 3, 3, 3, 3, 3, 3, 3, 3, 3, 3, 3, 3, 3, 3, 3, 3, 3, 3, 3, 3, 3, 3, 3, 3, 3, 3, 3, 3, 3, 3, 3, 3, 3, 3, 3, 3, 3, 3, 3, 3, 3, 3, 3, 3, 3, 3, 3, 3, 3, 3, 3, 3, 3, 3, 3, 3, 3, 3, 3, 3, 3, 3, 3, 3, 3, 3, 3, 3, 3, 3, 3, 3, 3, 3, 3, 3, 3, 3, 3, 3, 3, 3, 3, 3, 3, 3, 3, 3, 3, 3, 3, 3, 3, 3, 3, 3, 3, 3, 3, 3, 3, 3, 3, 3, 3, 3, 3, 3, 3, 3, 3, 3, 3, 3, 3, 3, 3, 3, 3, 3, 3, 3, 3, 3, 3, 3, 3, 3, 3, 3, 3, 3, 3, 3, 3, 3, 3, 3, 3, 3, 3, 3, 3, 3, 3, 3, 3, 3, 3, 3, 3, 3, 3, 3, 3, 3, 3, 3, 3, 3, 3, 3, 3, 3, 3, 3, 3, 3, 3, 3, 3, 3, 3, 3, 3, 3, 3, 3, 3, 3, 3, 3, 3, 3, 3, 3, 3, 3, 3, 3, 3, 3, 3, 3, 3, 3, 3, 3, 3, 3, 3, 3, 3, 3, 3, 3, 3, 3, 3, 3, 3, 3, 3, 3, 3, 3, 3, 3, 3, 3, 3, 3, 3, 3, 3, 3, 3, 3, 3, 3, 3, 3, 3, 3, 3, 3, 3, 3, 3, 3, 3, 3, 3, 3, 3, 3, 3, 3, 3, 3, 3, 3, 3, 3, 3, 3, 3, 3, 3, 3, 3, 3, 3, 3, 3, 3, 3, 3, 3, 3, 3, 3, 3, 3, 3, 3, 3, 3, 3, 3, 3, 3, 3, 3, 3, 3, 3, 3, 3, 3, 3, 3, 3, 3, 3, 3, 3, 3, 3, 3, 3, 3, 3, 3, 3, 3, 3, 3, 3, 3, 3, 3, 3, 3, 3, 3, 3, 3, 3, 3, 3, 3, 3, 3, 3, 3, 3, 3, 3, 3, 3, 3, 3, 3, 3, 3, 3, 3, 3, 3, 3, 3, 3, 3, 3, 3, 3, 3, 3, 3, 3, 3, 3, 3, 3, 3, 3, 3, 3, 3, 3, 3, 3, 3, 3, 3, 3, 3, 3, 3, 3, 3, 3, 3, 3, 3, 3, 3, 3, 3, 3, 3, 3, 3, 3, 3, 3, 3, 3, 3, 3, 3, 3, 3, 3, 3, 3, 3, 3, 3, 3, 3, 3, 3, 3, 3, 3, 3, 3, 3, 3, 3, 3, 3, 3, 3, 3, 3, 3, 3, 3, 3, 3, 3, 3, 3, 3, 3, 3, 3, 3, 3, 3, 3, 3, 3, 3, 3, 3, 3, 3, 3, 3, 3, 3, 3, 3, 3, 3, 3, 3, 3, 3, 3, 3, 3, 3, 3, 3, 3, 3, 3, 3, 3, 3, 3, 3, 3, 3, 3, 3, 3, 3, 3, 3, 3, 3, 3, 3, 3, 3, 3, 3, 3, 3, 3, 3, 3, 3, 3, 3, 3, 3, 3, 3, 3, 3, 3, 3, 3, 3, 3, 3, 3, 3, 3, 3, 3, 3, 3, 3, 3, 3, 3, 3, 3, 3, 3, 3, 3, 3, 3, 3, 3, 3, 3, 3, 3, 3, 3, 3, 3, 3, 3, 3, 3, 3, 3, 3, 3, 3, 3, 3, 3, 3, 3, 3, 3, 3, 3, 3, 3, 3, 3, 3, 3, 3, 3, 3, 3, 3, 3, 3, 3, 3, 3, 3, 3, 3, 3, 3, 3, 3, 3, 3, 3, 3, 3, 3, 3, 3, 3, 3, 3, 3, 3, 3, 3, 3, 3, 3, 3, 3, 3, 3, 3, 3, 3, 3, 3, 3, 3, 3, 3, 3, 3, 3, 3, 3, 3, 3, 3, 3, 3, 3, 3, 3, 3, 3, 3, 3, 3, 3, 3, 3, 3, 3, 3, 3, 3, 3, 3, 3, 3, 3, 3, 3, 3, 3, 3, 3, 3, 3, 3, 3, 3, 3, 3, 3, 3, 3, 3, 3, 3, 3, 3, 3, 3, 3, 3, 3, 3, 3, 3, 3, 3, 3, 3, 3, 3, 3, 3, 3, 3, 3, 3, 3, 3, 3, 3, 3, 3, 3, 3, 3, 3, 3, 3, 3, 3, 3, 3, 3, 3, 3, 3, 3, 3, 3, 3, 3, 3, 3, 3, 3, 3, 3, 3, 3, 3, 3, 3, 3, 3, 3, 3, 3, 3, 3, 3, 3, 3, 3, 3, 3, 3, 3, 3, 3, 3, 3, 3, 3, 3, 3, 3, 3, 3, 3, 3, 3, 3, 3, 3, 3, 3, 3, 3, 3, 3, 3, 3, 3, 3, 3, 3, 3, 3, 3, 3, 3, 3, 3, 3, 3, 3, 3, 3, 3, 3, 3, 3, 3, 3, 3, 3, 3, 3, 3, 3, 3, 3, 3, 3, 3, 3, 3, 3, 3, 3, 3, 3]
    int[] faceVertexIndices = [0, 1, 2, 2, 3, 0, 4, 5, 6, 6, 7, 4, 8, 9, 10, 10, 11, 8, 12, 13, 14, 14, 15, 12, 16, 17, 18, 18, 19, 16, 20, 21, 22, 22, 23, 20, 24, 25, 26, 27, 24, 26, 27, 26, 28, 29, 27, 28, 30, 31, 29, 30, 29, 32, 29, 28, 32, 28, 33, 32, 28, 34, 33, 34, 35, 33, 36, 37, 38, 39, 36, 38, 39, 38, 40, 39, 40, 41, 39, 41, 42, 39, 42, 43, 39, 43, 44, 45, 39, 44, 45, 46, 39, 45, 44, 47, 48, 45, 47, 49, 48, 47, 49, 47, 50, 51, 49, 50, 51, 50, 52, 53, 51, 52, 54, 53, 52, 54, 52, 55, 56, 54, 55, 56, 55, 57, 58, 56, 57, 59, 58, 57, 60, 59, 57, 60, 57, 61, 62, 60, 61, 63, 62, 61, 64, 63, 61, 64, 61, 65, 66, 64, 65, 67, 66, 65, 67, 65, 68, 69, 67, 68, 70, 69, 68, 70, 68, 71, 72, 70, 71, 72, 71, 73, 72, 73, 74, 75, 72, 74, 75, 76, 72, 77, 78, 79, 77, 79, 80, 81, 77, 80, 82, 81, 80, 82, 83, 84, 82, 84, 85, 82, 85, 86, 82, 86, 87, 82, 80, 83, 88, 82, 87, 89, 88, 87, 89, 87, 90, 91, 89, 90, 91, 90, 92, 93, 91, 92, 93, 92, 94, 95, 93, 94, 95, 94, 96, 97, 95, 96, 98, 97, 96, 98, 96, 99, 100, 98, 99, 101, 100, 99, 101, 99, 102, 103, 101, 102, 104, 103, 102, 104, 102, 105, 106, 104, 105, 107, 106, 105, 108, 107, 105, 108, 105, 109, 110, 108, 109, 111, 110, 109, 111, 109, 112, 113, 111, 112, 113, 112, 114, 115, 113, 114, 116, 115, 114, 116, 114, 117, 118, 116, 117, 119, 118, 117, 119, 117, 120, 121, 119, 120, 122, 121, 120, 123, 122, 120, 123, 120, 124, 125, 123, 124, 125, 124, 126, 127, 125, 126, 128, 127, 126, 128, 126, 129, 130, 128, 129, 131, 130, 129, 131, 129, 132, 133, 131, 132, 134, 133, 132, 135, 134, 132, 136, 135, 132, 137, 136, 132, 80, 137, 132, 80, 132, 138, 80, 138, 139, 80, 139, 140, 80, 140, 141, 80, 141, 142, 80, 142, 143, 80, 143, 144, 80, 144, 83, 145, 146, 147, 148, 145, 147, 149, 148, 147, 149, 147, 150, 151, 149, 150, 151, 150, 152, 153, 151, 152, 154, 153, 152, 155, 154, 152, 156, 155, 152, 157, 156, 152, 157, 152, 158, 159, 157, 158, 160, 159, 158, 160, 158, 161, 162, 160, 161, 162, 161, 163, 164, 162, 163, 165, 164, 163, 165, 163, 166, 167, 168, 165, 167, 165, 169, 165, 166, 169, 166, 170, 169, 166, 171, 170, 171, 172, 170, 170, 173, 169, 170, 174, 173, 175, 176, 177, 178, 175, 177, 178, 179, 175, 178, 180, 179, 178, 177, 181, 178, 181, 182, 178, 182, 183, 178, 183, 184, 178, 184, 185, 178, 185, 186, 187, 178, 186, 188, 187, 186, 188, 186, 189, 190, 188, 189, 191, 190, 189, 191, 189, 192, 193, 191, 192, 193, 192, 194, 195, 193, 194, 196, 195, 194, 196, 194, 197, 198, 196, 197, 199, 198, 197, 199, 197, 200, 201, 199, 200, 202, 201, 200, 203, 202, 200, 203, 200, 204, 205, 203, 204, 206, 205, 204, 207, 206, 204, 207, 204, 208, 209, 207, 208, 209, 208, 210, 211, 209, 210, 211, 210, 212, 213, 211, 212, 213, 214, 211, 215, 216, 217, 215, 217, 218, 215, 219, 220, 215, 221, 219, 215, 218, 222, 215, 222, 221, 218, 223, 222, 223, 224, 222, 222, 225, 221, 222, 226, 225, 227, 228, 229, 229, 230, 227, 227, 231, 228, 229, 232, 230, 231, 233, 228, 232, 234, 230, 233, 235, 228, 233, 236, 235, 232, 237, 234, 232, 238, 237, 238, 239, 237, 236, 240, 235, 240, 241, 235, 238, 242, 239, 240, 243, 241, 238, 244, 242, 244, 245, 242, 243, 246, 241, 243, 247, 246, 244, 248, 245, 244, 249, 248, 247, 250, 246, 250, 251, 246, 250, 252, 251, 249, 253, 248, 252, 254, 251, 249, 255, 253, 254, 256, 251, 255, 257, 253, 254, 258, 256, 258, 259, 256, 255, 260, 257, 258, 261, 259, 255, 262, 260, 261, 263, 259, 262, 264, 260, 263, 265, 259, 263, 266, 265, 262, 267, 264, 266, 268, 265, 267, 269, 264, 268, 270, 265, 268, 271, 270, 267, 272, 269, 271, 273, 270, 267, 274, 272, 273, 275, 270, 273, 276, 275, 274, 277, 272, 276, 278, 275, 278, 279, 275, 274, 280, 277, 279, 281, 275, 280, 282, 277, 279, 283, 281, 280, 284, 282, 283, 285, 281, 280, 286, 284, 285, 287, 281, 285, 288, 287, 286, 289, 284, 286, 290, 289, 288, 291, 287, 290, 292, 289, 291, 293, 287, 291, 294, 293, 290, 295, 292, 290, 296, 295, 294, 297, 293, 296, 298, 295, 299, 293, 297, 299, 297, 300, 296, 301, 298, 296, 302, 301, 299, 300, 303, 302, 303, 301, 302, 299, 303, 304, 305, 25, 25, 24, 304, 305, 306, 26, 26, 25, 305, 306, 307, 28, 28, 26, 306, 307, 308, 34, 34, 28, 307, 308, 309, 35, 35, 34, 308, 309, 310, 33, 33, 35, 309, 310, 311, 32, 32, 33, 310, 311, 312, 30, 30, 32, 311, 312, 313, 31, 31, 30, 312, 313, 314, 29, 29, 31, 313, 314, 315, 27, 27, 29, 314, 315, 304, 24, 24, 27, 315, 316, 317, 318, 318, 219, 316, 317, 319, 215, 215, 318, 317, 319, 320, 321, 321, 215, 319, 320, 322, 217, 217, 321, 320, 322, 323, 218, 218, 217, 322, 323, 324, 223, 223, 218, 323, 324, 325, 326, 326, 223, 324, 325, 327, 222, 222, 326, 325, 327, 328, 329, 329, 222, 327, 328, 330, 225, 225, 329, 328, 330, 331, 221, 221, 225, 330, 331, 316, 219, 219, 221, 331, 332, 333, 180, 180, 334, 332, 333, 335, 179, 179, 180, 333, 335, 336, 175, 175, 179, 335, 336, 337, 176, 176, 175, 336, 337, 338, 177, 177, 176, 337, 181, 177, 338, 338, 339, 181, 339, 340, 182, 182, 181, 339, 340, 341, 183, 183, 182, 340, 184, 183, 341, 341, 342, 184, 185, 184, 342, 342, 343, 185, 186, 185, 343, 343, 344, 186, 189, 186, 344, 344, 345, 189, 192, 189, 345, 345, 346, 192, 346, 347, 194, 194, 192, 346, 197, 194, 347, 347, 348, 197, 200, 197, 348, 348, 349, 200, 204, 200, 349, 349, 350, 204, 208, 204, 350, 350, 351, 208, 210, 208, 351, 351, 352, 353, 353, 210, 351, 212, 353, 352, 352, 354, 213, 213, 212, 352, 354, 355, 214, 214, 213, 354, 355, 356, 211, 211, 214, 355, 209, 211, 356, 356, 357, 209, 207, 209, 357, 357, 358, 207, 206, 207, 358, 358, 359, 206, 205, 206, 359, 359, 360, 205, 203, 205, 360, 360, 361, 203, 202, 203, 361, 361, 362, 202, 201, 202, 362, 362, 363, 201, 199, 201, 363, 363, 364, 199, 364, 365, 198, 198, 199, 364, 365, 366, 196, 196, 198, 365, 366, 367, 195, 195, 196, 366, 367, 368, 193, 193, 195, 367, 368, 369, 370, 370, 193, 368, 369, 371, 191, 191, 370, 369, 371, 372, 190, 190, 191, 371, 372, 373, 188, 188, 190, 372, 373, 374, 187, 187, 188, 373, 374, 332, 334, 334, 187, 374, 375, 376, 3, 3, 2, 375, 376, 377, 0, 0, 3, 376, 377, 378, 1, 1, 0, 377, 378, 375, 2, 2, 1, 378, 379, 380, 7, 7, 6, 379, 380, 381, 4, 4, 7, 380, 381, 382, 5, 5, 4, 381, 382, 379, 6, 6, 5, 382, 383, 384, 138, 138, 132, 383, 384, 385, 139, 139, 138, 384, 385, 386, 140, 140, 139, 385, 141, 140, 386, 386, 387, 141, 387, 388, 142, 142, 141, 387, 389, 142, 388, 388, 390, 143, 143, 389, 388, 391, 143, 390, 390, 392, 144, 144, 391, 390, 393, 144, 392, 392, 394, 83, 83, 393, 392, 395, 83, 394, 394, 396, 84, 84, 395, 394, 396, 397, 85, 85, 84, 396, 397, 398, 86, 86, 85, 397, 398, 399, 87, 87, 86, 398, 399, 400, 90, 90, 87, 399, 400, 401, 92, 92, 90, 400, 401, 402, 94, 94, 92, 401, 402, 403, 96, 96, 94, 402, 403, 404, 99, 99, 96, 403, 404, 405, 102, 102, 99, 404, 405, 406, 105, 105, 102, 405, 407, 105, 406, 406, 408, 109, 109, 407, 406, 409, 109, 408, 408, 410, 112, 112, 409, 408, 411, 112, 410, 410, 412, 114, 114, 411, 410, 413, 114, 412, 412, 414, 117, 117, 413, 412, 414, 415, 120, 120, 117, 414, 415, 416, 124, 124, 120, 415, 416, 417, 126, 126, 124, 416, 417, 418, 129, 129, 126, 417, 418, 383, 129, 132, 129, 383, 419, 420, 136, 136, 137, 419, 420, 421, 135, 135, 136, 420, 421, 422, 134, 134, 135, 421, 422, 423, 133, 133, 134, 422, 423, 424, 131, 131, 133, 423, 424, 425, 131, 130, 131, 425, 425, 426, 130, 426, 427, 128, 128, 130, 426, 427, 428, 429, 429, 128, 427, 428, 430, 127, 127, 429, 428, 430, 431, 432, 432, 127, 430, 431, 433, 125, 125, 432, 431, 433, 434, 123, 123, 125, 433, 434, 435, 122, 122, 123, 434, 435, 436, 121, 121, 122, 435, 436, 437, 119, 119, 121, 436, 437, 438, 118, 118, 119, 437, 438, 439, 116, 116, 118, 438, 439, 440, 115, 115, 116, 439, 440, 441, 113, 113, 115, 440, 441, 442, 111, 111, 113, 441, 442, 443, 110, 110, 111, 442, 443, 444, 108, 108, 110, 443, 444, 445, 107, 107, 108, 444, 445, 446, 106, 106, 107, 445, 446, 447, 104, 104, 106, 446, 447, 448, 103, 103, 104, 447, 448, 449, 101, 101, 103, 448, 449, 450, 100, 100, 101, 449, 450, 451, 452, 452, 100, 450, 451, 453, 98, 98, 452, 451, 453, 454, 455, 455, 98, 453, 454, 456, 97, 97, 455, 454, 456, 457, 95, 95, 97, 456, 457, 458, 459, 459, 95, 457, 458, 460, 93, 93, 459, 458, 461, 93, 460, 460, 462, 91, 91, 461, 460, 462, 463, 464, 464, 91, 462, 463, 465, 89, 89, 464, 463, 465, 466, 88, 88, 89, 465, 466, 467, 468, 468, 88, 466, 467, 469, 81, 81, 468, 467, 469, 470, 77, 77, 81, 469, 470, 471, 78, 78, 77, 470, 471, 472, 79, 79, 78, 471, 472, 419, 137, 137, 79, 472, 473, 474, 11, 11, 10, 473, 474, 475, 8, 8, 11, 474, 475, 476, 9, 9, 8, 475, 476, 473, 10, 10, 9, 476, 477, 478, 15, 15, 14, 477, 478, 479, 12, 12, 15, 478, 479, 480, 13, 13, 12, 479, 480, 477, 14, 14, 13, 480, 481, 482, 483, 483, 170, 481, 482, 484, 173, 173, 483, 482, 484, 485, 169, 169, 173, 484, 485, 486, 167, 167, 169, 485, 486, 487, 168, 168, 167, 486, 487, 488, 165, 165, 168, 487, 488, 489, 164, 164, 165, 488, 162, 164, 489, 489, 490, 162, 160, 162, 490, 490, 491, 160, 159, 160, 491, 491, 492, 159, 157, 159, 492, 492, 493, 157, 156, 157, 493, 493, 494, 156, 155, 156, 494, 494, 495, 155, 154, 155, 495, 495, 496, 154, 496, 497, 153, 153, 154, 496, 497, 498, 151, 151, 153, 497, 498, 499, 149, 149, 151, 498, 499, 500, 148, 148, 149, 499, 500, 501, 148, 145, 148, 501, 501, 502, 145, 502, 503, 146, 146, 145, 502, 503, 504, 146, 147, 146, 504, 504, 505, 150, 150, 147, 504, 152, 150, 505, 505, 506, 152, 158, 152, 506, 506, 507, 158, 161, 158, 507, 507, 508, 161, 163, 161, 508, 508, 509, 163, 509, 510, 166, 166, 163, 509, 510, 511, 171, 171, 166, 510, 511, 512, 172, 172, 171, 511, 512, 481, 170, 170, 172, 512, 513, 514, 19, 19, 18, 513, 514, 515, 16, 16, 19, 514, 515, 516, 17, 17, 16, 515, 516, 513, 18, 18, 17, 516, 517, 518, 23, 23, 22, 517, 518, 519, 20, 20, 23, 518, 519, 520, 21, 21, 20, 519, 520, 517, 22, 22, 21, 520, 521, 522, 228, 229, 228, 522, 522, 523, 524, 524, 229, 522, 232, 524, 523, 523, 525, 526, 526, 232, 523, 238, 526, 525, 525, 527, 528, 528, 238, 525, 244, 528, 527, 527, 529, 530, 530, 244, 527, 249, 530, 529, 529, 531, 249, 255, 249, 531, 531, 532, 255, 262, 255, 532, 532, 533, 262, 267, 262, 533, 533, 534, 267, 274, 267, 534, 534, 535, 274, 280, 274, 535, 535, 536, 280, 286, 280, 536, 536, 537, 286, 290, 286, 537, 537, 538, 290, 296, 290, 538, 538, 539, 296, 302, 296, 539, 539, 540, 299, 299, 302, 539, 540, 541, 542, 542, 299, 540, 293, 542, 541, 541, 543, 544, 544, 293, 541, 287, 544, 543, 543, 545, 546, 546, 287, 543, 281, 546, 545, 545, 547, 548, 548, 281, 545, 275, 548, 547, 547, 549, 270, 270, 275, 547, 549, 550, 265, 265, 270, 549, 550, 551, 259, 259, 265, 550, 551, 552, 256, 256, 259, 551, 552, 553, 251, 251, 256, 552, 553, 554, 246, 246, 251, 553, 554, 555, 241, 241, 246, 554, 555, 556, 235, 235, 241, 555, 556, 521, 235, 228, 235, 521, 557, 227, 558, 558, 559, 231, 231, 557, 558, 560, 231, 559, 559, 561, 233, 233, 560, 559, 562, 233, 561, 561, 563, 236, 236, 562, 561, 564, 236, 563, 563, 565, 240, 240, 564, 563, 566, 240, 565, 565, 567, 243, 243, 566, 565, 568, 243, 567, 567, 569, 247, 247, 568, 567, 570, 247, 569, 569, 571, 250, 250, 570, 569, 571, 572, 252, 252, 250, 571, 572, 573, 254, 254, 252, 572, 573, 574, 258, 258, 254, 573, 574, 575, 261, 261, 258, 574, 575, 576, 263, 263, 261, 575, 576, 577, 266, 266, 263, 576, 577, 578, 268, 268, 266, 577, 578, 579, 271, 271, 268, 578, 579, 580, 273, 273, 271, 579, 580, 581, 276, 276, 273, 580, 581, 582, 278, 278, 276, 581, 582, 583, 279, 279, 278, 582, 583, 584, 283, 283, 279, 583, 584, 585, 285, 285, 283, 584, 585, 586, 288, 288, 285, 585, 586, 587, 291, 291, 288, 586, 587, 588, 294, 294, 291, 587, 588, 589, 297, 297, 294, 588, 589, 590, 300, 300, 297, 589, 590, 591, 303, 303, 300, 590, 591, 592, 301, 301, 303, 591, 592, 593, 298, 298, 301, 592, 593, 594, 295, 295, 298, 593, 594, 595, 292, 292, 295, 594, 595, 596, 289, 289, 292, 595, 596, 597, 284, 284, 289, 596, 597, 598, 282, 282, 284, 597, 598, 599, 600, 600, 282, 598, 277, 600, 599, 599, 601, 602, 602, 277, 599, 272, 602, 601, 601, 603, 604, 604, 272, 601, 269, 604, 603, 603, 605, 606, 606, 269, 603, 264, 606, 605, 605, 607, 608, 608, 264, 605, 260, 608, 607, 607, 609, 610, 610, 260, 607, 257, 610, 609, 609, 611, 612, 612, 257, 609, 253, 612, 611, 611, 613, 614, 614, 253, 611, 248, 614, 613, 613, 615, 616, 616, 248, 613, 245, 616, 615, 615, 617, 618, 618, 245, 615, 242, 618, 617, 617, 619, 620, 620, 242, 617, 239, 620, 619, 619, 621, 237, 237, 239, 619, 621, 622, 623, 623, 237, 621, 234, 623, 622, 622, 624, 625, 625, 234, 622, 230, 625, 624, 624, 558, 626, 626, 230, 624, 227, 626, 558, 627, 628, 76, 76, 75, 627, 628, 629, 72, 72, 76, 628, 629, 630, 70, 70, 72, 629, 630, 631, 69, 69, 70, 630, 631, 632, 67, 67, 69, 631, 66, 67, 632, 632, 633, 66, 64, 66, 633, 633, 634, 64, 634, 635, 63, 63, 64, 634, 635, 636, 62, 62, 63, 635, 636, 637, 60, 60, 62, 636, 637, 638, 59, 59, 60, 637, 638, 639, 58, 58, 59, 638, 639, 640, 56, 56, 58, 639, 640, 641, 54, 54, 56, 640, 641, 642, 53, 53, 54, 641, 642, 643, 51, 51, 53, 642, 643, 644, 49, 49, 51, 643, 644, 645, 48, 48, 49, 644, 645, 646, 647, 647, 48, 645, 646, 648, 46, 46, 647, 646, 648, 649, 39, 39, 46, 648, 649, 650, 36, 36, 39, 649, 650, 651, 37, 37, 36, 650, 651, 652, 38, 38, 37, 651, 40, 38, 652, 652, 653, 654, 654, 40, 652, 41, 654, 653, 653, 655, 41, 42, 41, 655, 655, 656, 42, 43, 42, 656, 656, 657, 44, 44, 43, 656, 657, 658, 47, 47, 44, 657, 658, 659, 50, 50, 47, 658, 659, 660, 52, 52, 50, 659, 660, 661, 55, 55, 52, 660, 661, 662, 57, 57, 55, 661, 61, 57, 662, 662, 663, 61, 65, 61, 663, 663, 664, 65, 68, 65, 664, 664, 665, 68, 71, 68, 665, 665, 666, 71, 73, 71, 666, 666, 667, 668, 668, 73, 666, 74, 668, 667, 667, 627, 75, 75, 74, 667, 193, 370, 191, 144, 143, 391, 112, 109, 409, 114, 112, 411, 128, 429, 127, 127, 432, 125, 100, 452, 98, 98, 455, 97, 95, 459, 93, 93, 461, 91, 91, 464, 89, 287, 546, 281, 237, 623, 234, 173, 174, 483, 170, 483, 174, 219, 318, 220, 215, 220, 318, 215, 321, 216, 217, 216, 321, 225, 226, 329, 222, 329, 226, 222, 224, 326, 223, 326, 224, 180, 178, 334, 187, 334, 178, 212, 210, 353, 143, 142, 389, 117, 114, 413, 144, 393, 83, 84, 83, 395, 109, 105, 407, 79, 137, 80, 81, 82, 468, 88, 468, 82, 232, 229, 524, 238, 232, 526, 238, 528, 244, 249, 244, 530, 281, 548, 275, 287, 293, 544, 299, 542, 293, 231, 227, 557, 230, 626, 227, 233, 231, 560, 234, 625, 230, 236, 233, 562, 240, 236, 564, 243, 240, 566, 242, 620, 239, 247, 243, 568, 245, 618, 242, 250, 247, 570, 248, 616, 245, 253, 614, 248, 257, 612, 253, 260, 610, 257, 264, 608, 260, 269, 606, 264, 272, 604, 269, 277, 602, 272, 282, 600, 277, 74, 73, 668, 48, 647, 45, 46, 45, 647, 40, 654, 41]
    normal3f[] normals = [(-0.99999994, 0.0003125475, 0.000065255845), (0.00031149894, 0.99986285, -0.016558314), (-0.99999994, 0.0003125475, 0.000065255845), (-0.99999994, 0.0003125475, 0.000065255845), (0.00031149894, 0.99986285, -0.016558314), (-0.99999994, 0.0003125475, 0.000065255845), (-0.99999994, 0.00031258934, 0.00006527792), (0.00031149894, 0.99986285, -0.016558314), (-0.99999994, 0.00031258905, 0.00006526124), (-0.99999994, 0.00031258905, 0.00006526124), (0.00031149894, 0.99986285, -0.016558314), (-0.99999994, 0.00031258934, 0.00006527792), (-0.99999994, 0.00031258553, 0.00006529263), (0.00031149894, 0.99986285, -0.016558314), (-0.99999994, 0.00031258553, 0.00006529263), (-0.99999994, 0.00031258553, 0.00006529263), (0.00031149894, 0.99986285, -0.016558314), (-0.99999994, 0.00031258553, 0.00006529263), (-0.99999994, 0.00031257293, 0.000065294866), (0.00031149894, 0.99986285, -0.016558314), (-0.99999994, 0.00031257293, 0.000065294866), (-0.99999994, 0.00031257293, 0.000065294866), (0.00031149894, 0.99986285, -0.016558314), (-0.99999994, 0.00031257293, 0.000065294866), (-0.99999994, 0.0003125849, 0.000065255226), (0.00031149894, 0.99986285, -0.016558314), (-0.99999994, 0.0003125852, 0.000065273925), (-0.99999994, 0.0003125852, 0.000065273925), (0.00031149894, 0.99986285, -0.016558314), (-0.99999994, 0.0003125849, 0.000065255226), (-0.99999994, 0.00031257267, 0.0000652782), (0.00031149894, 0.99986285, -0.016558314), (-0.99999994, 0.00031257267, 0.0000652782), (-0.99999994, 0.00031257267, 0.0000652782), (0.00031149894, 0.99986285, -0.016558314), (-0.99999994, 0.00031257267, 0.0000652782), (-0.99999994, 0.0003125792, 0.00006526812), (-0.99999994, 0.00031254685, 0.00006527409), (-0.99999994, 0.0003125781, 0.000065267064), (-0.99999994, 0.00031258236, 0.00006527117), (-0.99999994, 0.0003125792, 0.00006526812), (-0.99999994, 0.0003125781, 0.000065267064), (-0.99999994, 0.00031258236, 0.00006527117), (-0.99999994, 0.0003125781, 0.000065267064), (-0.99999994, 0.00031258326, 0.00006527205), (-0.99999994, 0.00031258547, 0.00006525608), (-0.99999994, 0.00031258236, 0.00006527117), (-0.99999994, 0.00031258326, 0.00006527205), (-0.99999994, 0.00031256786, 0.00006525046), (-0.99999994, 0.00031256798, 0.000065257256), (-0.99999994, 0.00031258547, 0.00006525608), (-0.99999994, 0.00031256786, 0.00006525046), (-0.99999994, 0.00031258547, 0.00006525608), (-0.99999994, 0.00031257002, 0.00006525924), (-0.99999994, 0.00031258547, 0.00006525608), (-0.99999994, 0.00031258326, 0.00006527205), (-0.99999994, 0.00031257002, 0.00006525924), (-0.99999994, 0.00031258326, 0.00006527205), (-0.99999994, 0.00031255657, 0.000065262415), (-0.99999994, 0.00031257002, 0.00006525924), (-0.99999994, 0.00031258326, 0.00006527205), (-0.99999994, 0.0003125385, 0.0000652753), (-0.99999994, 0.00031255657, 0.000065262415), (-0.99999994, 0.0003125385, 0.0000652753), (-0.99999994, 0.00031252508, 0.000065287895), (-0.99999994, 0.00031255657, 0.000065262415), (-0.99999994, 0.0003125995, 0.000065265136), (-0.99999994, 0.00031258503, 0.000065237415), (-0.9999805, 0.0028529, 0.0055597434), (-0.9999974, -0.0019250559, 0.0012685488), (-0.99999994, 0.0003125995, 0.000065265136), (-0.9999805, 0.0028529, 0.0055597434), (-0.9999974, -0.0019250559, 0.0012685488), (-0.9999805, 0.0028529, 0.0055597434), (-0.99997324, -0.0073206564, -0.000035578818), (-0.9999974, -0.0019250559, 0.0012685488), (-0.99997324, -0.0073206564, -0.000035578818), (-0.99900913, -0.021437133, -0.039002236), (-0.9999974, -0.0019250559, 0.0012685488), (-0.99900913, -0.021437133, -0.039002236), (-0.99975336, 0.013748548, 0.017446889), (-0.9999974, -0.0019250559, 0.0012685488), (-0.99975336, 0.013748548, 0.017446889), (-0.9999969, -0.0006608162, 0.0024145313), (-0.9999974, -0.0019250559, 0.0012685488), (-0.9999969, -0.0006608162, 0.0024145313), (-0.99986595, -0.0127770975, -0.010245564), (-0.99948436, -0.023430325, -0.021956347), (-0.9999974, -0.0019250559, 0.0012685488), (-0.99986595, -0.0127770975, -0.010245564), (-0.99948436, -0.023430325, -0.021956347), (-0.99982774, -0.018559892, 0.00037779158), (-0.9999974, -0.0019250559, 0.0012685488), (-0.99948436, -0.023430325, -0.021956347), (-0.99986595, -0.0127770975, -0.010245564), (-0.9998831, -0.0038825772, -0.014786587), (-0.9997829, -0.015704159, -0.013694523), (-0.99948436, -0.023430325, -0.021956347), (-0.9998831, -0.0038825772, -0.014786587), (-0.9999667, -0.0037100464, -0.0072745937), (-0.9997829, -0.015704159, -0.013694523), (-0.9998831, -0.0038825772, -0.014786587), (-0.9999667, -0.0037100464, -0.0072745937), (-0.9998831, -0.0038825772, -0.014786587), (-0.9999876, -0.002178205, -0.004479338), (-0.99999994, 0.0003124053, 0.000065402106), (-0.9999667, -0.0037100464, -0.0072745937), (-0.9999876, -0.002178205, -0.004479338), (-0.99999994, 0.0003124053, 0.000065402106), (-0.9999876, -0.002178205, -0.004479338), (-0.99997836, 0.00106159, -0.006502011), (0.00031149894, 0.99986285, -0.016558314), (-0.99999994, 0.0003124053, 0.000065402106), (-0.99997836, 0.00106159, -0.006502011), (-0.9999542, 0.0038172721, -0.00877375), (0.00031149894, 0.99986285, -0.016558314), (-0.99997836, 0.00106159, -0.006502011), (-0.9999542, 0.0038172721, -0.00877375), (-0.99997836, 0.00106159, -0.006502011), (-0.99994034, 0.0050537363, 0.0096850665), (-0.9998699, 0.00068915804, 0.0161195), (-0.9999542, 0.0038172721, -0.00877375), (-0.99994034, 0.0050537363, 0.0096850665), (-0.9998699, 0.00068915804, 0.0161195), (-0.99994034, 0.0050537363, 0.0096850665), (-0.9999877, 0.002902305, 0.004035031), (-0.9998004, -0.00947601, 0.017593067), (-0.9998699, 0.00068915804, 0.0161195), (-0.9999877, 0.002902305, 0.004035031), (-0.999994, 0.0034499809, 0.0005313762), (-0.9998004, -0.00947601, 0.017593067), (-0.9999877, 0.002902305, 0.004035031), (-0.999716, 0.010420958, -0.021436736), (-0.999994, 0.0034499809, 0.0005313762), (-0.9999877, 0.002902305, 0.004035031), (-0.999716, 0.010420958, -0.021436736), (-0.9999877, 0.002902305, 0.004035031), (-0.9999313, 0.0074585285, -0.009048523), (-0.99999595, -0.002490448, -0.0013868257), (-0.999716, 0.010420958, -0.021436736), (-0.9999313, 0.0074585285, -0.009048523), (-0.99999994, 0.00031258678, 0.00006527546), (-0.99999595, -0.002490448, -0.0013868257), (-0.9999313, 0.0074585285, -0.009048523), (-0.99996483, 0.0076767677, -0.0033980059), (-0.99999994, 0.00031258678, 0.00006527546), (-0.9999313, 0.0074585285, -0.009048523), (-0.99996483, 0.0076767677, -0.0033980059), (-0.9999313, 0.0074585285, -0.009048523), (-0.9999667, -0.005766258, 0.0057819155), (-0.99986166, -0.012129461, 0.011391291), (-0.99996483, 0.0076767677, -0.0033980059), (-0.9999667, -0.005766258, 0.0057819155), (-0.9999884, -0.00025088192, 0.004814415), (-0.99986166, -0.012129461, 0.011391291), (-0.9999667, -0.005766258, 0.0057819155), (-0.9999884, -0.00025088192, 0.004814415), (-0.9999667, -0.005766258, 0.0057819155), (-0.99999905, -0.0013423623, 0.00050562544), (-0.9999479, 0.008187493, -0.0060992604), (-0.9999884, -0.00025088192, 0.004814415), (-0.99999905, -0.0013423623, 0.00050562544), (-0.99998254, -0.005909621, 0.00016441592), (-0.9999479, 0.008187493, -0.0060992604), (-0.99999905, -0.0013423623, 0.00050562544), (-0.99998254, -0.005909621, 0.00016441592), (-0.99999905, -0.0013423623, 0.00050562544), (-0.9999699, -0.0077624354, -0.000039806862), (-0.9999998, 0.0002821195, -0.00055451144), (-0.99998254, -0.005909621, 0.00016441592), (-0.9999699, -0.0077624354, -0.000039806862), (-0.9999998, 0.0002821195, -0.00055451144), (-0.9999699, -0.0077624354, -0.000039806862), (-0.9999819, 0.000013877038, -0.0060128435), (-0.9999998, 0.0002821195, -0.00055451144), (-0.9999819, 0.000013877038, -0.0060128435), (-0.99999505, 0.0028386407, -0.0013467554), (-0.99999994, 0.00031258652, 0.00006528233), (-0.9999998, 0.0002821195, -0.00055451144), (-0.99999505, 0.0028386407, -0.0013467554), (-0.99999994, 0.00031258652, 0.00006528233), (-0.99999994, 0.00031257118, 0.00006531157), (-0.9999998, 0.0002821195, -0.00055451144), (-0.9999667, 0.00033057955, 0.0081683835), (0.00031149894, 0.99986285, -0.016558314), (-0.9999207, 0.0031929929, 0.012189316), (-0.9999667, 0.00033057955, 0.0081683835), (-0.9999207, 0.0031929929, 0.012189316), (-0.99991804, 0.0019234841, 0.01266525), (-0.99996316, -0.0028438382, 0.00810007), (-0.9999667, 0.00033057955, 0.0081683835), (-0.99991804, 0.0019234841, 0.01266525), (-0.99670833, -0.0094433725, -0.08051926), (-0.99996316, -0.0028438382, 0.00810007), (-0.99991804, 0.0019234841, 0.01266525), (-0.99670833, -0.0094433725, -0.08051926), (0.00031149894, 0.99986285, -0.016558314), (-0.1414734, -0.35691646, 0.92336124), (-0.99670833, -0.0094433725, -0.08051926), (-0.1414734, -0.35691646, 0.92336124), (-0.14144228, -0.5329599, 0.83423495), (-0.99670833, -0.0094433725, -0.08051926), (-0.14144228, -0.5329599, 0.83423495), (-0.14147843, -0.7252018, 0.67384446), (-0.99670833, -0.0094433725, -0.08051926), (-0.14147843, -0.7252018, 0.67384446), (-0.99992484, 0.011112323, -0.005181685), (-0.99670833, -0.0094433725, -0.08051926), (-0.99991804, 0.0019234841, 0.01266525), (0.00031149894, 0.99986285, -0.016558314), (-0.99999994, 0.00031257424, 0.00006526332), (-0.99670833, -0.0094433725, -0.08051926), (-0.99992484, 0.011112323, -0.005181685), (-0.99958664, 0.02835397, 0.004755823), (-0.99999994, 0.00031257424, 0.00006526332), (-0.99992484, 0.011112323, -0.005181685), (-0.99958664, 0.02835397, 0.004755823), (-0.99992484, 0.011112323, -0.005181685), (-0.9996852, 0.023789523, -0.007973479), (-0.999721, 0.022640312, -0.0067500197), (-0.99958664, 0.02835397, 0.004755823), (-0.9996852, 0.023789523, -0.007973479), (-0.999721, 0.022640312, -0.0067500197), (-0.9996852, 0.023789523, -0.007973479), (-0.9997561, 0.022023091, -0.0016574969), (-0.9996805, 0.01781978, -0.017928028), (-0.999721, 0.022640312, -0.0067500197), (-0.9997561, 0.022023091, -0.0016574969), (-0.9996805, 0.01781978, -0.017928028), (-0.9997561, 0.022023091, -0.0016574969), (-0.9997793, 0.011054441, -0.017865216), (-0.99998444, 0.0051192273, 0.0022502951), (-0.9996805, 0.01781978, -0.017928028), (-0.9997793, 0.011054441, -0.017865216), (-0.99998444, 0.0051192273, 0.0022502951), (-0.9997793, 0.011054441, -0.017865216), (-0.99977946, 0.009143937, 0.018907025), (-0.9995365, 0.010488012, 0.02858044), (-0.99998444, 0.0051192273, 0.0022502951), (-0.99977946, 0.009143937, 0.018907025), (-0.99972975, 0.02236404, -0.006366565), (-0.9995365, 0.010488012, 0.02858044), (-0.99977946, 0.009143937, 0.018907025), (-0.99972975, 0.02236404, -0.006366565), (-0.99977946, 0.009143937, 0.018907025), (-0.9998726, 0.014012564, -0.007654054), (-0.9995886, 0.021222543, -0.019297056), (-0.99972975, 0.02236404, -0.006366565), (-0.9998726, 0.014012564, -0.007654054), (-0.99999994, 0.0003125967, 0.00006528505), (-0.9995886, 0.021222543, -0.019297056), (-0.9998726, 0.014012564, -0.007654054), (-0.99999994, 0.0003125967, 0.00006528505), (-0.9998726, 0.014012564, -0.007654054), (-0.9999812, -0.005626797, 0.0024392973), (-0.99999994, 0.00031262255, 0.0000652699), (-0.99999994, 0.0003125967, 0.00006528505), (-0.9999812, -0.005626797, 0.0024392973), (-0.99996394, -0.008355058, 0.0015269519), (-0.99999994, 0.00031262255, 0.0000652699), (-0.9999812, -0.005626797, 0.0024392973), (-0.99996394, -0.008355058, 0.0015269519), (-0.9999812, -0.005626797, 0.0024392973), (-0.99991786, -0.012478002, -0.00291545), (-0.99998313, -0.0018854928, -0.0055059274), (-0.99996394, -0.008355058, 0.0015269519), (-0.99991786, -0.012478002, -0.00291545), (-0.9999829, -0.0012813938, -0.0057110214), (-0.99998313, -0.0018854928, -0.0055059274), (-0.99991786, -0.012478002, -0.00291545), (-0.9998835, -0.01235575, -0.008968113), (-0.9999829, -0.0012813938, -0.0057110214), (-0.99991786, -0.012478002, -0.00291545), (-0.9998835, -0.01235575, -0.008968113), (-0.99991786, -0.012478002, -0.00291545), (-0.9998857, -0.008219521, -0.012693429), (-0.9998914, -0.0010235255, -0.014706899), (-0.9998835, -0.01235575, -0.008968113), (-0.9998857, -0.008219521, -0.012693429), (-0.99989086, -0.00018229995, -0.014774532), (-0.9998914, -0.0010235255, -0.014706899), (-0.9998857, -0.008219521, -0.012693429), (-0.99989086, -0.00018229995, -0.014774532), (-0.9998857, -0.008219521, -0.012693429), (-0.99987227, 0.008783755, -0.013349686), (-0.9998895, 0.010370913, -0.010657535), (-0.99989086, -0.00018229995, -0.014774532), (-0.99987227, 0.008783755, -0.013349686), (-0.9998895, 0.010370913, -0.010657535), (-0.99987227, 0.008783755, -0.013349686), (-0.99989426, 0.013306994, -0.005874164), (-0.9999819, 0.0011469657, -0.005914178), (-0.9998895, 0.010370913, -0.010657535), (-0.99989426, 0.013306994, -0.005874164), (-0.9999639, 0.008325738, -0.0017641494), (-0.9999819, 0.0011469657, -0.005914178), (-0.99989426, 0.013306994, -0.005874164), (-0.9999639, 0.008325738, -0.0017641494), (-0.99989426, 0.013306994, -0.005874164), (-0.9999805, 0.0062600262, 0.000087825596), (-0.99999994, 0.00031262322, 0.00006531071), (-0.9999639, 0.008325738, -0.0017641494), (-0.9999805, 0.0062600262, 0.000087825596), (-0.99999994, 0.00031256265, 0.00006526386), (-0.99999994, 0.00031262322, 0.00006531071), (-0.9999805, 0.0062600262, 0.000087825596), (-0.99999994, 0.00031256265, 0.00006526386), (-0.9999805, 0.0062600262, 0.000087825596), (-0.99999994, 0.00031253078, 0.00006523623), (-0.99999994, 0.0003126627, 0.0000652699), (-0.99999994, 0.00031256265, 0.00006526386), (-0.99999994, 0.00031253078, 0.00006523623), (-0.99999994, 0.00031245334, 0.00006514634), (-0.99999994, 0.0003126627, 0.0000652699), (-0.99999994, 0.00031253078, 0.00006523623), (-0.99976104, -0.017888421, -0.012563272), (-0.99999994, 0.00031245334, 0.00006514634), (-0.99999994, 0.00031253078, 0.00006523623), (-0.99976104, -0.017888421, -0.012563272), (-0.99999994, 0.00031253078, 0.00006523623), (-0.9997107, -0.022057123, -0.009595476), (-0.9996526, -0.0259158, -0.0048005646), (-0.99976104, -0.017888421, -0.012563272), (-0.9997107, -0.022057123, -0.009595476), (-0.9996526, -0.0259158, -0.0048005646), (-0.9997107, -0.022057123, -0.009595476), (-0.99982834, -0.0058310525, 0.017590202), (-0.99966383, -0.005128763, 0.025415827), (-0.9996526, -0.0259158, -0.0048005646), (-0.99982834, -0.0058310525, 0.017590202), (-0.9999572, -0.0011984905, 0.009185307), (-0.99966383, -0.005128763, 0.025415827), (-0.99982834, -0.0058310525, 0.017590202), (-0.9999572, -0.0011984905, 0.009185307), (-0.99982834, -0.0058310525, 0.017590202), (-0.99996746, -0.0026597169, 0.007617263), (-0.9998416, -0.009941459, 0.014767133), (-0.9999572, -0.0011984905, 0.009185307), (-0.99996746, -0.0026597169, 0.007617263), (-0.9998967, 0.0040596277, 0.013792979), (-0.9998416, -0.009941459, 0.014767133), (-0.99996746, -0.0026597169, 0.007617263), (-0.9998967, 0.0040596277, 0.013792979), (-0.99996746, -0.0026597169, 0.007617263), (-0.9999187, 0.01210153, -0.0040298807), (0.00031149894, 0.99986285, -0.016558314), (-0.9998967, 0.0040596277, 0.013792979), (-0.9999187, 0.01210153, -0.0040298807), (0.00031149894, 0.99986285, -0.016558314), (0.00031149894, 0.99986285, -0.016558314), (-0.9999187, 0.01210153, -0.0040298807), (0.00031149894, 0.99986285, -0.016558314), (0.00031149894, 0.99986285, -0.016558314), (-0.9999187, 0.01210153, -0.0040298807), (0.00031149894, 0.99986285, -0.016558314), (0.00031149894, 0.99986285, -0.016558314), (-0.9999187, 0.01210153, -0.0040298807), (-0.9993765, 0.03526735, 0.001753916), (0.00031149894, 0.99986285, -0.016558314), (-0.9999187, 0.01210153, -0.0040298807), (-0.99991804, 0.0019234841, 0.01266525), (-0.9993765, 0.03526735, 0.001753916), (-0.9999187, 0.01210153, -0.0040298807), (-0.99991804, 0.0019234841, 0.01266525), (-0.9999187, 0.01210153, -0.0040298807), (-0.150175, 0.950412, 0.27233195), (-0.99991804, 0.0019234841, 0.01266525), (-0.150175, 0.950412, 0.27233195), (-0.14077328, 0.8244608, 0.5481307), (-0.99991804, 0.0019234841, 0.01266525), (-0.14077328, 0.8244608, 0.5481307), (-0.16054256, 0.6343597, 0.75618386), (-0.99991804, 0.0019234841, 0.01266525), (-0.16054256, 0.6343597, 0.75618386), (-0.13246968, 0.44690958, 0.88471675), (-0.99991804, 0.0019234841, 0.01266525), (-0.13246968, 0.44690958, 0.88471675), (-0.17339778, 0.3035666, 0.9368994), (-0.99991804, 0.0019234841, 0.01266525), (-0.17339778, 0.3035666, 0.9368994), (-0.09414509, 0.2045989, 0.97430795), (-0.99991804, 0.0019234841, 0.01266525), (-0.09414509, 0.2045989, 0.97430795), (-0.11505431, -0.035230212, 0.9927344), (-0.99991804, 0.0019234841, 0.01266525), (-0.11505431, -0.035230212, 0.9927344), (0.00031149894, 0.99986285, -0.016558314), (0.00031149894, 0.99986285, -0.016558314), (-0.20195112, 0.1619695, 0.96590984), (-0.9999874, 0.004942054, 0.000949015), (0.00031149894, 0.99986285, -0.016558314), (0.00031149894, 0.99986285, -0.016558314), (-0.9999874, 0.004942054, 0.000949015), (-0.9999845, 0.0046660076, -0.003060888), (0.00031149894, 0.99986285, -0.016558314), (-0.9999874, 0.004942054, 0.000949015), (-0.9999845, 0.0046660076, -0.003060888), (-0.9999874, 0.004942054, 0.000949015), (-0.9999703, -0.002641492, 0.0072558923), (-0.99997675, -0.0054494357, 0.004119392), (-0.9999845, 0.0046660076, -0.003060888), (-0.9999703, -0.002641492, 0.0072558923), (-0.99997675, -0.0054494357, 0.004119392), (-0.9999703, -0.002641492, 0.0072558923), (-1, 0.00023127213, 0.00010356924), (-0.9998622, -0.008427212, 0.014305474), (-0.99997675, -0.0054494357, 0.004119392), (-1, 0.00023127213, 0.00010356924), (-0.99998, 0.0037458218, -0.0051050186), (-0.9998622, -0.008427212, 0.014305474), (-1, 0.00023127213, 0.00010356924), (-0.99996597, 0.0009803317, -0.008197361), (-0.99998, 0.0037458218, -0.0051050186), (-1, 0.00023127213, 0.00010356924), (-0.99999666, -0.0013624552, -0.0021825533), (-0.99996597, 0.0009803317, -0.008197361), (-1, 0.00023127213, 0.00010356924), (-0.9999911, -0.0041634897, -0.0006005235), (-0.99999666, -0.0013624552, -0.0021825533), (-1, 0.00023127213, 0.00010356924), (-0.9999911, -0.0041634897, -0.0006005235), (-1, 0.00023127213, 0.00010356924), (-0.99994546, 0.010376087, 0.0011849573), (-0.9999668, -0.0041401098, 0.007021255), (-0.9999911, -0.0041634897, -0.0006005235), (-0.99994546, 0.010376087, 0.0011849573), (-0.999787, 0.020533223, 0.0020987557), (-0.9999668, -0.0041401098, 0.007021255), (-0.99994546, 0.010376087, 0.0011849573), (-0.999787, 0.020533223, 0.0020987557), (-0.99994546, 0.010376087, 0.0011849573), (-0.99993634, -0.0097497385, 0.005691644), (-0.9997732, -0.020963667, 0.003772166), (-0.999787, 0.020533223, 0.0020987557), (-0.99993634, -0.0097497385, 0.005691644), (-0.9997732, -0.020963667, 0.003772166), (-0.99993634, -0.0097497385, 0.005691644), (-0.9999934, -0.0017648188, -0.0031898993), (-0.99997187, 0.00018090673, -0.0074986876), (-0.9997732, -0.020963667, 0.003772166), (-0.9999934, -0.0017648188, -0.0031898993), (-0.9999951, 0.0016850756, -0.0026610878), (-0.99997187, 0.00018090673, -0.0074986876), (-0.9999934, -0.0017648188, -0.0031898993), (-0.9999951, 0.0016850756, -0.0026610878), (-0.9999934, -0.0017648188, -0.0031898993), (-0.99999756, 0.0022024487, 0.0000339798), (-0.99999994, 0.00031257895, 0.00006526789), (-0.14149077, -0.016347663, -0.9898046), (-0.9999951, 0.0016850756, -0.0026610878), (-0.99999994, 0.00031257895, 0.00006526789), (-0.9999951, 0.0016850756, -0.0026610878), (-0.99999994, 0.00031259833, 0.00006528662), (-0.9999951, 0.0016850756, -0.0026610878), (-0.99999756, 0.0022024487, 0.0000339798), (-0.99999994, 0.00031259833, 0.00006528662), (-0.99999756, 0.0022024487, 0.0000339798), (-0.9999185, 0.0036245848, -0.012245402), (-0.99999994, 0.00031259833, 0.00006528662), (-0.99999756, 0.0022024487, 0.0000339798), (-0.99999994, 0.00031256324, 0.000065195556), (-0.9999185, 0.0036245848, -0.012245402), (-0.99999994, 0.00031256324, 0.000065195556), (0.00031149894, 0.99986285, -0.016558314), (-0.9999185, 0.0036245848, -0.012245402), (-0.9999185, 0.0036245848, -0.012245402), (-0.99995714, 0.0072062095, 0.005830444), (-0.99999994, 0.00031259833, 0.00006528662), (-0.9999185, 0.0036245848, -0.012245402), (-0.99969524, -0.018842554, -0.015954144), (-0.99995714, 0.0072062095, 0.005830444), (-0.9999621, 0.002146153, 0.008437509), (-0.999995, 0.003177527, 0.000017865937), (-0.9999833, 0.0046963086, -0.0033874577), (-0.9999896, -0.00120341, -0.004407759), (-0.9999621, 0.002146153, 0.008437509), (-0.9999833, 0.0046963086, -0.0033874577), (-0.9999896, -0.00120341, -0.004407759), (-0.99993694, -0.0014343904, 0.011142552), (-0.9999621, 0.002146153, 0.008437509), (-0.9999896, -0.00120341, -0.004407759), (-0.9999807, -0.0062259496, 0.00017347359), (-0.99993694, -0.0014343904, 0.011142552), (-0.9999896, -0.00120341, -0.004407759), (-0.9999833, 0.0046963086, -0.0033874577), (-0.13507771, -0.06759617, 0.98852664), (-0.9999896, -0.00120341, -0.004407759), (-0.13507771, -0.06759617, 0.98852664), (-0.13304724, -0.12198955, 0.9835736), (-0.9999896, -0.00120341, -0.004407759), (-0.13304724, -0.12198955, 0.9835736), (-0.15041709, -0.29478, 0.9436523), (-0.9999896, -0.00120341, -0.004407759), (-0.15041709, -0.29478, 0.9436523), (-0.14437453, -0.5146883, 0.84513426), (-0.9999896, -0.00120341, -0.004407759), (-0.14437453, -0.5146883, 0.84513426), (-0.1366717, -0.72570485, 0.6742947), (-0.9999896, -0.00120341, -0.004407759), (-0.1366717, -0.72570485, 0.6742947), (-0.99989414, -0.0030585143, -0.01422357), (-0.9997463, -0.014570511, -0.017177414), (-0.9999896, -0.00120341, -0.004407759), (-0.99989414, -0.0030585143, -0.01422357), (-0.99999994, 0.00031262322, 0.00006531071), (-0.9997463, -0.014570511, -0.017177414), (-0.99989414, -0.0030585143, -0.01422357), (-0.99999994, 0.00031262322, 0.00006531071), (-0.99989414, -0.0030585143, -0.01422357), (-0.99984914, 0.013046433, 0.011466497), (0.00031149894, 0.99986285, -0.016558314), (-0.99999994, 0.00031262322, 0.00006531071), (-0.99984914, 0.013046433, 0.011466497), (-0.9997887, 0.018073833, -0.009799904), (0.00031149894, 0.99986285, -0.016558314), (-0.99984914, 0.013046433, 0.011466497), (-0.9997887, 0.018073833, -0.009799904), (-0.99984914, 0.013046433, 0.011466497), (-0.9997118, 0.012437909, -0.02053676), (-0.9998662, 0.0052724998, -0.0154909), (-0.9997887, 0.018073833, -0.009799904), (-0.9997118, 0.012437909, -0.02053676), (-0.9998662, 0.0052724998, -0.0154909), (-0.9997118, 0.012437909, -0.02053676), (-0.99994487, -0.0023444076, 0.010238254), (-0.99999994, 0.00031252706, 0.0000653093), (-0.9998662, 0.0052724998, -0.0154909), (-0.99994487, -0.0023444076, 0.010238254), (-0.99969643, -0.009273201, 0.022827553), (-0.99999994, 0.00031252706, 0.0000653093), (-0.99994487, -0.0023444076, 0.010238254), (-0.99969643, -0.009273201, 0.022827553), (-0.99994487, -0.0023444076, 0.010238254), (-0.99999636, 0.002674645, -0.00029821138), (-0.9999945, 0.003190427, 0.0008916137), (-0.99969643, -0.009273201, 0.022827553), (-0.99999636, 0.002674645, -0.00029821138), (-0.9996965, 0.0122658685, -0.021366999), (-0.9999945, 0.003190427, 0.0008916137), (-0.99999636, 0.002674645, -0.00029821138), (-0.9996965, 0.0122658685, -0.021366999), (-0.99999636, 0.002674645, -0.00029821138), (-0.9999719, 0.004221517, -0.006185589), (-0.99999624, -0.002134189, -0.0017759891), (-0.9996965, 0.0122658685, -0.021366999), (-0.9999719, 0.004221517, -0.006185589), (-0.99997914, -0.005317202, 0.0036735532), (-0.99999624, -0.002134189, -0.0017759891), (-0.9999719, 0.004221517, -0.006185589), (-0.9999872, 0.005023461, -0.0006616126), (-0.99997914, -0.005317202, 0.0036735532), (-0.9999719, 0.004221517, -0.006185589), (-0.9999872, 0.005023461, -0.0006616126), (-0.9999719, 0.004221517, -0.006185589), (-0.99999124, 0.004205414, -0.00010334283), (-0.9999428, 0.010684481, -0.00069804385), (-0.9999872, 0.005023461, -0.0006616126), (-0.99999124, 0.004205414, -0.00010334283), (-0.99999934, 0.000097158925, -0.0011737526), (-0.9999428, 0.010684481, -0.00069804385), (-0.99999124, 0.004205414, -0.00010334283), (-0.99998885, -0.0034997864, 0.00317798), (-0.99999934, 0.000097158925, -0.0011737526), (-0.99999124, 0.004205414, -0.00010334283), (-0.99998885, -0.0034997864, 0.00317798), (-0.99999124, 0.004205414, -0.00010334283), (-0.99993956, -0.010570545, 0.0030413524), (-0.99991554, -0.013000127, 0.0003240966), (-0.99998885, -0.0034997864, 0.00317798), (-0.99993956, -0.010570545, 0.0030413524), (-0.99991554, -0.013000127, 0.0003240966), (-0.99993956, -0.010570545, 0.0030413524), (-0.99998087, -0.00534007, -0.003115222), (-0.9999988, 0.0014908634, -0.0005195807), (-0.99991554, -0.013000127, 0.0003240966), (-0.99998087, -0.00534007, -0.003115222), (-0.9999988, 0.0014908634, -0.0005195807), (-0.99998087, -0.00534007, -0.003115222), (-0.999996, 0.0027799846, -0.00058676663), (-0.99999994, 0.00031256254, 0.000065251996), (-0.9999988, 0.0014908634, -0.0005195807), (-0.999996, 0.0027799846, -0.00058676663), (-0.99999994, 0.00031256254, 0.000065251996), (-0.99999994, 0.00031253824, 0.00006531212), (-0.9999988, 0.0014908634, -0.0005195807), (-0.99997747, 0.00040217358, -0.0066993614), (-0.9997047, -0.0029562807, 0.024121426), (-0.99996376, 0.001462296, -0.00839601), (-0.99997747, 0.00040217358, -0.0066993614), (-0.99996376, 0.001462296, -0.00839601), (-0.99999994, 0.00031258745, 0.00006525893), (-0.99997747, 0.00040217358, -0.0066993614), (-0.9999655, -0.0006709234, -0.008281958), (-0.99973327, 0.003003151, 0.022901319), (-0.99997747, 0.00040217358, -0.0066993614), (-0.99999994, 0.0003125832, 0.00006525278), (-0.9999655, -0.0006709234, -0.008281958), (-0.99997747, 0.00040217358, -0.0066993614), (-0.99999994, 0.00031258745, 0.00006525893), (-0.99997705, 0.0005646416, 0.006763368), (-0.99997747, 0.00040217358, -0.0066993614), (-0.99997705, 0.0005646416, 0.006763368), (-0.99999994, 0.0003125832, 0.00006525278), (-0.99999994, 0.00031258745, 0.00006525893), (-0.9999655, 0.001586468, 0.008162906), (-0.99997705, 0.0005646416, 0.006763368), (-0.9999655, 0.001586468, 0.008162906), (-0.999735, -0.0032826543, -0.022787917), (-0.99997705, 0.0005646416, 0.006763368), (-0.99997705, 0.0005646416, 0.006763368), (-0.99996287, -0.0005016827, 0.0086131515), (-0.99999994, 0.0003125832, 0.00006525278), (-0.99997705, 0.0005646416, 0.006763368), (-0.9997105, 0.0025973662, -0.023921728), (-0.99996287, -0.0005016827, 0.0086131515), (-0.99975723, 0.015094634, 0.016052384), (-0.9999659, 0.0022254423, -0.007957865), (-0.9999915, 0.0021973047, -0.0034968087), (-0.9999915, 0.0021973047, -0.0034968087), (-0.99968755, 0.0148658585, 0.0200957), (-0.99975723, 0.015094634, 0.016052384), (-0.99975723, 0.015094634, 0.016052384), (-0.99997413, -0.0006599626, -0.0071705566), (-0.9999659, 0.0022254423, -0.007957865), (-0.9999915, 0.0021973047, -0.0034968087), (-0.9998189, 0.000040343548, -0.019029234), (-0.99968755, 0.0148658585, 0.0200957), (-0.99997413, -0.0006599626, -0.0071705566), (-0.9999798, -0.0046757855, -0.004310809), (-0.9999659, 0.0022254423, -0.007957865), (-0.9998189, 0.000040343548, -0.019029234), (-0.9999187, -0.010689908, -0.0069537307), (-0.99968755, 0.0148658585, 0.0200957), (-0.9999798, -0.0046757855, -0.004310809), (-0.9999783, -0.005397573, -0.0037883997), (-0.9999659, 0.0022254423, -0.007957865), (-0.9999798, -0.0046757855, -0.004310809), (-0.99997735, -0.005865719, -0.0033101335), (-0.9999783, -0.005397573, -0.0037883997), (-0.9998189, 0.000040343548, -0.019029234), (-0.99997884, 0.00056791666, 0.006499631), (-0.9999187, -0.010689908, -0.0069537307), (-0.9998189, 0.000040343548, -0.019029234), (-0.9999859, 0.00045066478, -0.005311308), (-0.99997884, 0.00056791666, 0.006499631), (-0.9999859, 0.00045066478, -0.005311308), (-0.99989736, 0.010543398, 0.009704575), (-0.99997884, 0.00056791666, 0.006499631), (-0.99997735, -0.005865719, -0.0033101335), (-0.9999757, -0.006388222, -0.002823347), (-0.9999783, -0.005397573, -0.0037883997), (-0.9999757, -0.006388222, -0.002823347), (-0.99997467, -0.0066372775, -0.0025706836), (-0.9999783, -0.005397573, -0.0037883997), (-0.9999859, 0.00045066478, -0.005311308), (-0.99961776, -0.01824171, 0.020778699), (-0.99989736, 0.010543398, 0.009704575), (-0.9999757, -0.006388222, -0.002823347), (-0.9999734, -0.0070921057, -0.0017434264), (-0.99997467, -0.0066372775, -0.0025706836), (-0.9999859, 0.00045066478, -0.005311308), (-0.9996941, -0.007443183, -0.023586085), (-0.99961776, -0.01824171, 0.020778699), (-0.9996941, -0.007443183, -0.023586085), (-0.99959666, -0.0079711275, 0.027261972), (-0.99961776, -0.01824171, 0.020778699), (-0.9999734, -0.0070921057, -0.0017434264), (-0.9999658, -0.005088007, -0.0065228348), (-0.99997467, -0.0066372775, -0.0025706836), (-0.9999734, -0.0070921057, -0.0017434264), (-0.999911, -0.0067263413, -0.011524528), (-0.9999658, -0.005088007, -0.0065228348), (-0.9996941, -0.007443183, -0.023586085), (-0.9998586, -0.007022295, 0.015279332), (-0.99959666, -0.0079711275, 0.027261972), (-0.9996941, -0.007443183, -0.023586085), (-0.99997973, 0.0029538404, -0.005654204), (-0.9998586, -0.007022295, 0.015279332), (-0.999911, -0.0067263413, -0.011524528), (-0.9999667, -0.0017497487, -0.007979815), (-0.9999658, -0.005088007, -0.0065228348), (-0.9999667, -0.0017497487, -0.007979815), (-0.99999994, 0.00031257933, 0.00006522899), (-0.9999658, -0.005088007, -0.0065228348), (-0.9999667, -0.0017497487, -0.007979815), (-0.99999994, 0.00031262322, 0.00006531071), (-0.99999994, 0.00031257933, 0.00006522899), (-0.99997973, 0.0029538404, -0.005654204), (-0.9998185, -0.010303446, 0.016024027), (-0.9998586, -0.007022295, 0.015279332), (-0.99999994, 0.00031262322, 0.00006531071), (-0.99999994, 0.00031250546, 0.000065203916), (-0.99999994, 0.00031257933, 0.00006522899), (-0.99997973, 0.0029538404, -0.005654204), (-0.9999775, 0.004520447, -0.004971279), (-0.9998185, -0.010303446, 0.016024027), (-0.99999994, 0.00031250546, 0.000065203916), (-0.99999994, 0.00031245025, 0.00006522778), (-0.99999994, 0.00031257933, 0.00006522899), (-0.9999775, 0.004520447, -0.004971279), (-0.9995418, -0.020398116, 0.022361325), (-0.9998185, -0.010303446, 0.016024027), (-0.99999994, 0.00031250546, 0.000065203916), (-0.99999994, 0.0003125069, 0.00006528367), (-0.99999994, 0.00031245025, 0.00006522778), (-0.99999994, 0.0003125069, 0.00006528367), (-0.99999994, 0.00031253937, 0.000065312095), (-0.99999994, 0.00031245025, 0.00006522778), (-0.9999775, 0.004520447, -0.004971279), (-0.999792, -0.016273635, 0.012295752), (-0.9995418, -0.020398116, 0.022361325), (-0.99999994, 0.0003125069, 0.00006528367), (-0.99999994, 0.0003125349, 0.00006526835), (-0.99999994, 0.00031253937, 0.000065312095), (-0.9999775, 0.004520447, -0.004971279), (-0.9999745, 0.0058633923, -0.0041042343), (-0.999792, -0.016273635, 0.012295752), (-0.99999994, 0.0003125349, 0.00006526835), (-0.99999994, 0.00031256786, 0.00006528417), (-0.99999994, 0.00031253937, 0.000065312095), (-0.9999745, 0.0058633923, -0.0041042343), (-0.99976, -0.019326039, 0.010326427), (-0.999792, -0.016273635, 0.012295752), (-0.99999994, 0.00031256786, 0.00006528417), (-0.99999994, 0.00031258442, 0.00006529211), (-0.99999994, 0.00031253937, 0.000065312095), (-0.99999994, 0.00031256786, 0.00006528417), (-0.99999994, 0.00031258113, 0.0000652299), (-0.99999994, 0.00031258442, 0.00006529211), (-0.9999745, 0.0058633923, -0.0041042343), (-0.99997085, 0.007147867, -0.0026899972), (-0.99976, -0.019326039, 0.010326427), (-0.99999994, 0.00031258113, 0.0000652299), (-0.99999994, 0.00031262322, 0.00006531071), (-0.99999994, 0.00031258442, 0.00006529211), (-0.99997085, 0.007147867, -0.0026899972), (-0.99943286, -0.03172625, 0.011294363), (-0.99976, -0.019326039, 0.010326427), (-0.99999994, 0.00031262322, 0.00006531071), (-0.9999794, 0.006119336, 0.0020171101), (-0.99999994, 0.00031258442, 0.00006529211), (-0.99999994, 0.00031262322, 0.00006531071), (-0.99999994, 0.00031262322, 0.00006531071), (-0.9999794, 0.006119336, 0.0020171101), (-0.99997085, 0.007147867, -0.0026899972), (-0.99972296, -0.023129255, 0.0043644453), (-0.99943286, -0.03172625, 0.011294363), (-0.99999994, 0.00031262322, 0.00006531071), (-0.99995893, 0.009023275, 0.0009086221), (-0.9999794, 0.006119336, 0.0020171101), (-0.99997085, 0.007147867, -0.0026899972), (-0.99996823, 0.007894271, -0.0011899159), (-0.99972296, -0.023129255, 0.0043644453), (-0.99995893, 0.009023275, 0.0009086221), (-0.9998982, 0.013752619, -0.0038311477), (-0.9999794, 0.006119336, 0.0020171101), (-0.99995893, 0.009023275, 0.0009086221), (-0.99998, 0.0028254243, -0.005664755), (-0.9998982, 0.013752619, -0.0038311477), (-0.99996823, 0.007894271, -0.0011899159), (-0.999682, -0.02477785, -0.004693686), (-0.99972296, -0.023129255, 0.0043644453), (-0.99998, 0.0028254243, -0.005664755), (-0.99998075, 0.0021201286, -0.005843333), (-0.9998982, 0.013752619, -0.0038311477), (-0.99998075, 0.0021201286, -0.005843333), (-0.99985385, 0.013883254, -0.00998767), (-0.9998982, 0.013752619, -0.0038311477), (-0.99996823, 0.007894271, -0.0011899159), (-0.99998, 0.003276203, -0.0054235477), (-0.999682, -0.02477785, -0.004693686), (-0.99985385, 0.013883254, -0.00998767), (-0.9998664, 0.0093839755, -0.013379753), (-0.9998982, 0.013752619, -0.0038311477), (-0.99998, 0.003276203, -0.0054235477), (-0.999949, 0.002543944, -0.009785053), (-0.999682, -0.02477785, -0.004693686), (-0.99985385, 0.013883254, -0.00998767), (-0.99988914, 0.001505489, -0.01481428), (-0.9998664, 0.0093839755, -0.013379753), (-0.99998, 0.003276203, -0.0054235477), (-0.99999994, 0.00031250805, 0.00006529108), (-0.999949, 0.002543944, -0.009785053), (-0.99988914, 0.001505489, -0.01481428), (-0.9998905, 0.00038712742, -0.014796267), (-0.9998664, 0.0093839755, -0.013379753), (-0.99998, 0.003276203, -0.0054235477), (-0.99999994, 0.00031256498, 0.000065226384), (-0.99999994, 0.00031250805, 0.00006529108), (-0.9998905, 0.00038712742, -0.014796267), (-0.9998804, -0.012762575, -0.008743811), (-0.9998664, 0.0093839755, -0.013379753), (-0.9998905, 0.00038712742, -0.014796267), (-0.99989164, -0.0013591244, -0.014660257), (-0.9998804, -0.012762575, -0.008743811), (-0.99999994, 0.00031256498, 0.000065226384), (-0.99999994, 0.0003125644, 0.00006522558), (-0.99999994, 0.00031250805, 0.00006529108), (-0.99999994, 0.00031256498, 0.000065226384), (-0.99999994, 0.0003126007, 0.00006520702), (-0.99999994, 0.0003125644, 0.00006522558), (-0.99989164, -0.0013591244, -0.014660257), (-0.99982154, -0.018829595, -0.0015564755), (-0.9998804, -0.012762575, -0.008743811), (-0.99999994, 0.0003126007, 0.00006520702), (-0.99999994, 0.00031262144, 0.00006520215), (-0.99999994, 0.0003125644, 0.00006522558), (-0.99982154, -0.018829595, -0.0015564755), (-0.99989694, -0.00951114, 0.01075433), (-0.9998804, -0.012762575, -0.008743811), (-0.99982154, -0.018829595, -0.0015564755), (-0.99999994, 0.00031251376, 0.00006524031), (-0.99989694, -0.00951114, 0.01075433), (-0.99999994, 0.0003126007, 0.00006520702), (-0.99999994, 0.00031259414, 0.00006520207), (-0.99999994, 0.00031262144, 0.00006520215), (-0.99999994, 0.0003126007, 0.00006520702), (-0.99999994, 0.0003126009, 0.0000652079), (-0.99999994, 0.00031259414, 0.00006520207), (-0.99999994, 0.00031251376, 0.00006524031), (-0.99999994, 0.00031252648, 0.00006520672), (-0.99989694, -0.00951114, 0.01075433), (-0.99999994, 0.0003126009, 0.0000652079), (-0.99999994, 0.00031254056, 0.000065230735), (-0.99999994, 0.00031259414, 0.00006520207), (-0.99999994, 0.00031249344, 0.00006524424), (-0.99989694, -0.00951114, 0.01075433), (-0.99999994, 0.00031252648, 0.00006520672), (-0.99999994, 0.00031249344, 0.00006524424), (-0.99999994, 0.00031252648, 0.00006520672), (-0.99999994, 0.00031254525, 0.00006519783), (-0.99999994, 0.0003126009, 0.0000652079), (-0.99999994, 0.00031262185, 0.00006522783), (-0.99999994, 0.00031254056, 0.000065230735), (-0.99999994, 0.0003126009, 0.0000652079), (-0.99999994, 0.00031252395, 0.00006531236), (-0.99999994, 0.00031262185, 0.00006522783), (-0.99999994, 0.00031249344, 0.00006524424), (-0.99999994, 0.00031254525, 0.00006519783), (-0.99999994, 0.00031246353, 0.000065313354), (-0.99999994, 0.00031252395, 0.00006531236), (-0.99999994, 0.00031246353, 0.000065313354), (-0.99999994, 0.00031262185, 0.00006522783), (-0.99999994, 0.00031252395, 0.00006531236), (-0.99999994, 0.00031249344, 0.00006524424), (-0.99999994, 0.00031246353, 0.000065313354), (-0.14172937, -0.9897696, 0.016401133), (-0.14111428, 0.9898578, -0.016382655), (-0.99999994, 0.00031254685, 0.00006527409), (-0.99999994, 0.00031254685, 0.00006527409), (-0.99999994, 0.0003125792, 0.00006526812), (-0.14172937, -0.9897696, 0.016401133), (-0.14111428, 0.9898578, -0.016382655), (-0.14148994, -0.016347665, -0.9898047), (-0.99999994, 0.0003125781, 0.000065267064), (-0.99999994, 0.0003125781, 0.000065267064), (-0.99999994, 0.00031254685, 0.00006527409), (-0.14111428, 0.9898578, -0.016382655), (-0.14148994, -0.016347665, -0.9898047), (-0.1417297, -0.9897696, 0.016401133), (-0.99999994, 0.00031258326, 0.00006527205), (-0.99999994, 0.00031258326, 0.00006527205), (-0.99999994, 0.0003125781, 0.000065267064), (-0.14148994, -0.016347665, -0.9898047), (-0.1417297, -0.9897696, 0.016401133), (-0.14172971, -0.9897696, 0.016401133), (-0.99999994, 0.0003125385, 0.0000652753), (-0.99999994, 0.0003125385, 0.0000652753), (-0.99999994, 0.00031258326, 0.00006527205), (-0.1417297, -0.9897696, 0.016401133), (-0.14172971, -0.9897696, 0.016401133), (-0.14111303, 0.989858, -0.016382659), (-0.99999994, 0.00031252508, 0.000065287895), (-0.99999994, 0.00031252508, 0.000065287895), (-0.99999994, 0.0003125385, 0.0000652753), (-0.14172971, -0.9897696, 0.016401133), (-0.14111303, 0.989858, -0.016382659), (0.00031149894, 0.99986285, -0.016558314), (-0.99999994, 0.00031255657, 0.000065262415), (-0.99999994, 0.00031255657, 0.000065262415), (-0.99999994, 0.00031252508, 0.000065287895), (-0.14111303, 0.989858, -0.016382659), (0.00031149894, 0.99986285, -0.016558314), (-0.14172934, -0.9897695, 0.016401133), (-0.99999994, 0.00031257002, 0.00006525924), (-0.99999994, 0.00031257002, 0.00006525924), (-0.99999994, 0.00031255657, 0.000065262415), (0.00031149894, 0.99986285, -0.016558314), (-0.14172934, -0.9897695, 0.016401133), (-0.14172935, -0.9897695, 0.016401133), (-0.99999994, 0.00031256786, 0.00006525046), (-0.99999994, 0.00031256786, 0.00006525046), (-0.99999994, 0.00031257002, 0.00006525924), (-0.14172934, -0.9897695, 0.016401133), (-0.14172935, -0.9897695, 0.016401133), (-0.14111263, 0.98985803, -0.01638266), (-0.99999994, 0.00031256798, 0.000065257256), (-0.99999994, 0.00031256798, 0.000065257256), (-0.99999994, 0.00031256786, 0.00006525046), (-0.14172935, -0.9897695, 0.016401133), (-0.14111263, 0.98985803, -0.01638266), (0.00031149894, 0.99986285, -0.016558314), (-0.99999994, 0.00031258547, 0.00006525608), (-0.99999994, 0.00031258547, 0.00006525608), (-0.99999994, 0.00031256798, 0.000065257256), (-0.14111263, 0.98985803, -0.01638266), (0.00031149894, 0.99986285, -0.016558314), (-0.14172937, -0.9897696, 0.016401133), (-0.99999994, 0.00031258236, 0.00006527117), (-0.99999994, 0.00031258236, 0.00006527117), (-0.99999994, 0.00031258547, 0.00006525608), (0.00031149894, 0.99986285, -0.016558314), (-0.14172937, -0.9897696, 0.016401133), (-0.14172937, -0.9897696, 0.016401133), (-0.99999994, 0.0003125792, 0.00006526812), (-0.99999994, 0.0003125792, 0.00006526812), (-0.99999994, 0.00031258236, 0.00006527117), (-0.14172937, -0.9897696, 0.016401133), (-0.06934216, 0.99757046, 0.006708576), (-0.06844055, -0.6012786, -0.796103), (0.00031149894, 0.99986285, -0.016558314), (0.00031149894, 0.99986285, -0.016558314), (-0.9999655, -0.0006709234, -0.008281958), (-0.06934216, 0.99757046, 0.006708576), (-0.06844055, -0.6012786, -0.796103), (-0.068108484, 0.56736094, -0.82064784), (-0.99997747, 0.00040217358, -0.0066993614), (-0.99997747, 0.00040217358, -0.0066993614), (0.00031149894, 0.99986285, -0.016558314), (-0.06844055, -0.6012786, -0.796103), (-0.068108484, 0.56736094, -0.82064784), (0.00031149894, 0.99986285, -0.016558314), (-0.06810847, 0.5673609, -0.82064784), (-0.06810847, 0.5673609, -0.82064784), (-0.99997747, 0.00040217358, -0.0066993614), (-0.068108484, 0.56736094, -0.82064784), (0.00031149894, 0.99986285, -0.016558314), (-0.14153424, -0.53317297, 0.83408314), (-0.99996376, 0.001462296, -0.00839601), (-0.99996376, 0.001462296, -0.00839601), (-0.06810847, 0.5673609, -0.82064784), (0.00031149894, 0.99986285, -0.016558314), (-0.14153424, -0.53317297, 0.83408314), (-0.14164877, -0.55889624, -0.81705004), (-0.99999994, 0.00031258745, 0.00006525893), (-0.99999994, 0.00031258745, 0.00006525893), (-0.99996376, 0.001462296, -0.00839601), (-0.14153424, -0.53317297, 0.83408314), (-0.14164877, -0.55889624, -0.81705004), (-0.10701822, -0.93626004, -0.33461073), (-0.9999655, 0.001586468, 0.008162906), (-0.9999655, 0.001586468, 0.008162906), (-0.99999994, 0.00031258745, 0.00006525893), (-0.14164877, -0.55889624, -0.81705004), (-0.10701822, -0.93626004, -0.33461073), (-0.06800978, 0.59554106, 0.80044085), (0.00031149894, 0.99986285, -0.016558314), (0.00031149894, 0.99986285, -0.016558314), (-0.9999655, 0.001586468, 0.008162906), (-0.10701822, -0.93626004, -0.33461073), (-0.06800978, 0.59554106, 0.80044085), (-0.06831339, -0.57267183, 0.8169336), (-0.99997705, 0.0005646416, 0.006763368), (-0.99997705, 0.0005646416, 0.006763368), (0.00031149894, 0.99986285, -0.016558314), (-0.06800978, 0.59554106, 0.80044085), (-0.06831339, -0.57267183, 0.8169336), (0.00031149894, 0.99986285, -0.016558314), (-0.068313375, -0.5726719, 0.81693345), (-0.068313375, -0.5726719, 0.81693345), (-0.99997705, 0.0005646416, 0.006763368), (-0.06831339, -0.57267183, 0.8169336), (0.00031149894, 0.99986285, -0.016558314), (-0.1413081, 0.5370487, -0.83163136), (-0.99996287, -0.0005016827, 0.0086131515), (-0.99996287, -0.0005016827, 0.0086131515), (-0.068313375, -0.5726719, 0.81693345), (0.00031149894, 0.99986285, -0.016558314), (-0.1413081, 0.5370487, -0.83163136), (-0.14119524, 0.5479765, 0.82449114), (-0.99999994, 0.0003125832, 0.00006525278), (-0.99999994, 0.0003125832, 0.00006525278), (-0.99996287, -0.0005016827, 0.0086131515), (-0.1413081, 0.5370487, -0.83163136), (-0.14119524, 0.5479765, 0.82449114), (-0.06934216, 0.99757046, 0.006708576), (-0.9999655, -0.0006709234, -0.008281958), (-0.9999655, -0.0006709234, -0.008281958), (-0.99999994, 0.0003125832, 0.00006525278), (-0.14119524, 0.5479765, 0.82449114), (-0.06973486, 0.031311076, 0.9970741), (0.00031149894, 0.99986285, -0.016558314), (-0.9999807, -0.0062259496, 0.00017347359), (-0.9999807, -0.0062259496, 0.00017347359), (0.000077908284, 0.045574985, 0.9989609), (-0.06973486, 0.031311076, 0.9970741), (0.00031149894, 0.99986285, -0.016558314), (-0.14149326, -0.016347658, -0.98980427), (-0.99993694, -0.0014343904, 0.011142552), (-0.99993694, -0.0014343904, 0.011142552), (-0.9999807, -0.0062259496, 0.00017347359), (0.00031149894, 0.99986285, -0.016558314), (-0.14149326, -0.016347658, -0.98980427), (-0.14149326, -0.016347658, -0.98980427), (-0.9999621, 0.002146153, 0.008437509), (-0.9999621, 0.002146153, 0.008437509), (-0.99993694, -0.0014343904, 0.011142552), (-0.14149326, -0.016347658, -0.98980427), (-0.14149326, -0.016347658, -0.98980427), (-0.1563395, 0.018974861, 0.9875211), (-0.999995, 0.003177527, 0.000017865937), (-0.999995, 0.003177527, 0.000017865937), (-0.9999621, 0.002146153, 0.008437509), (-0.14149326, -0.016347658, -0.98980427), (-0.1563395, 0.018974861, 0.9875211), (-0.16618101, -0.0007669916, 0.98609495), (-0.9999833, 0.0046963086, -0.0033874577), (-0.9999833, 0.0046963086, -0.0033874577), (-0.999995, 0.003177527, 0.000017865937), (-0.1563395, 0.018974861, 0.9875211), (-0.13507771, -0.06759617, 0.98852664), (-0.9999833, 0.0046963086, -0.0033874577), (-0.16618101, -0.0007669916, 0.98609495), (-0.16618101, -0.0007669916, 0.98609495), (-0.12625492, -0.0652442, 0.9898499), (-0.13507771, -0.06759617, 0.98852664), (-0.12625492, -0.0652442, 0.9898499), (-0.14767227, -0.18316616, 0.9719275), (-0.13304724, -0.12198955, 0.9835736), (-0.13304724, -0.12198955, 0.9835736), (-0.13507771, -0.06759617, 0.98852664), (-0.12625492, -0.0652442, 0.9898499), (-0.14767227, -0.18316616, 0.9719275), (-0.1539983, -0.37277007, 0.91505575), (-0.15041709, -0.29478, 0.9436523), (-0.15041709, -0.29478, 0.9436523), (-0.13304724, -0.12198955, 0.9835736), (-0.14767227, -0.18316616, 0.9719275), (-0.14437453, -0.5146883, 0.84513426), (-0.15041709, -0.29478, 0.9436523), (-0.1539983, -0.37277007, 0.91505575), (-0.1539983, -0.37277007, 0.91505575), (-0.143669, -0.59190965, 0.79309666), (-0.14437453, -0.5146883, 0.84513426), (-0.1366717, -0.72570485, 0.6742947), (-0.14437453, -0.5146883, 0.84513426), (-0.143669, -0.59190965, 0.79309666), (-0.143669, -0.59190965, 0.79309666), (-0.14171074, -0.7948709, 0.58999854), (-0.1366717, -0.72570485, 0.6742947), (-0.99989414, -0.0030585143, -0.01422357), (-0.1366717, -0.72570485, 0.6742947), (-0.14171074, -0.7948709, 0.58999854), (-0.14171074, -0.7948709, 0.58999854), (-0.14183457, -0.92191696, 0.36048865), (-0.99989414, -0.0030585143, -0.01422357), (-0.99984914, 0.013046433, 0.011466497), (-0.99989414, -0.0030585143, -0.01422357), (-0.14183457, -0.92191696, 0.36048865), (-0.14183457, -0.92191696, 0.36048865), (-0.13557805, -0.9827203, 0.12601419), (-0.99984914, 0.013046433, 0.011466497), (-0.9997118, 0.012437909, -0.02053676), (-0.99984914, 0.013046433, 0.011466497), (-0.13557805, -0.9827203, 0.12601419), (-0.13557805, -0.9827203, 0.12601419), (-0.13461033, -0.98776674, -0.07872062), (-0.9997118, 0.012437909, -0.02053676), (-0.13461033, -0.98776674, -0.07872062), (-0.15548643, -0.9218742, -0.35492522), (-0.99994487, -0.0023444076, 0.010238254), (-0.99994487, -0.0023444076, 0.010238254), (-0.9997118, 0.012437909, -0.02053676), (-0.13461033, -0.98776674, -0.07872062), (-0.99999636, 0.002674645, -0.00029821138), (-0.99994487, -0.0023444076, 0.010238254), (-0.15548643, -0.9218742, -0.35492522), (-0.15548643, -0.9218742, -0.35492522), (-0.15583421, -0.7434085, -0.6504302), (-0.99999636, 0.002674645, -0.00029821138), (-0.9999719, 0.004221517, -0.006185589), (-0.99999636, 0.002674645, -0.00029821138), (-0.15583421, -0.7434085, -0.6504302), (-0.15583421, -0.7434085, -0.6504302), (-0.15121588, -0.45740816, -0.87630564), (-0.9999719, 0.004221517, -0.006185589), (-0.99999124, 0.004205414, -0.00010334283), (-0.9999719, 0.004221517, -0.006185589), (-0.15121588, -0.45740816, -0.87630564), (-0.15121588, -0.45740816, -0.87630564), (-0.1380739, -0.16740376, -0.976172), (-0.99999124, 0.004205414, -0.00010334283), (-0.99993956, -0.010570545, 0.0030413524), (-0.99999124, 0.004205414, -0.00010334283), (-0.1380739, -0.16740376, -0.976172), (-0.1380739, -0.16740376, -0.976172), (-0.086649515, -0.09275665, -0.9919114), (-0.99993956, -0.010570545, 0.0030413524), (-0.99998087, -0.00534007, -0.003115222), (-0.99993956, -0.010570545, 0.0030413524), (-0.086649515, -0.09275665, -0.9919114), (-0.086649515, -0.09275665, -0.9919114), (-0.13021642, -0.031236561, -0.9909935), (-0.026323825, -0.15597703, -0.98740983), (-0.026323825, -0.15597703, -0.98740983), (-0.99998087, -0.00534007, -0.003115222), (-0.086649515, -0.09275665, -0.9919114), (-0.999996, 0.0027799846, -0.00058676663), (-0.026323825, -0.15597703, -0.98740983), (-0.13021642, -0.031236561, -0.9909935), (-0.13021642, -0.031236561, -0.9909935), (0.00031149894, 0.99986285, -0.016558314), (-0.99999994, 0.00031256254, 0.000065251996), (-0.99999994, 0.00031256254, 0.000065251996), (-0.999996, 0.0027799846, -0.00058676663), (-0.13021642, -0.031236561, -0.9909935), (0.00031149894, 0.99986285, -0.016558314), (-0.14068142, 0.016554631, 0.9899165), (-0.99999994, 0.00031253824, 0.00006531212), (-0.99999994, 0.00031253824, 0.00006531212), (-0.99999994, 0.00031256254, 0.000065251996), (0.00031149894, 0.99986285, -0.016558314), (-0.14068142, 0.016554631, 0.9899165), (-0.14005424, 0.01984653, 0.989945), (-0.9999988, 0.0014908634, -0.0005195807), (-0.9999988, 0.0014908634, -0.0005195807), (-0.99999994, 0.00031253824, 0.00006531212), (-0.14068142, 0.016554631, 0.9899165), (-0.99991554, -0.013000127, 0.0003240966), (-0.9999988, 0.0014908634, -0.0005195807), (-0.14005424, 0.01984653, 0.989945), (-0.14005424, 0.01984653, 0.989945), (-0.14022878, 0.060493406, 0.9882695), (-0.99991554, -0.013000127, 0.0003240966), (-0.99998885, -0.0034997864, 0.00317798), (-0.99991554, -0.013000127, 0.0003240966), (-0.14022878, 0.060493406, 0.9882695), (-0.14022878, 0.060493406, 0.9882695), (-0.12915882, 0.109132186, 0.9856005), (-0.99998885, -0.0034997864, 0.00317798), (-0.99999934, 0.000097158925, -0.0011737526), (-0.99998885, -0.0034997864, 0.00317798), (-0.12915882, 0.109132186, 0.9856005), (-0.12915882, 0.109132186, 0.9856005), (-0.12759027, 0.24451457, 0.9612146), (-0.99999934, 0.000097158925, -0.0011737526), (-0.9999428, 0.010684481, -0.00069804385), (-0.99999934, 0.000097158925, -0.0011737526), (-0.12759027, 0.24451457, 0.9612146), (-0.12759027, 0.24451457, 0.9612146), (-0.13829407, 0.38078007, 0.9142655), (-0.9999428, 0.010684481, -0.00069804385), (-0.9999872, 0.005023461, -0.0006616126), (-0.9999428, 0.010684481, -0.00069804385), (-0.13829407, 0.38078007, 0.9142655), (-0.13829407, 0.38078007, 0.9142655), (-0.1375038, 0.5432067, 0.82826275), (-0.9999872, 0.005023461, -0.0006616126), (-0.99997914, -0.005317202, 0.0036735532), (-0.9999872, 0.005023461, -0.0006616126), (-0.1375038, 0.5432067, 0.82826275), (-0.1375038, 0.5432067, 0.82826275), (-0.14196241, 0.7167719, 0.6827039), (-0.99997914, -0.005317202, 0.0036735532), (-0.99999624, -0.002134189, -0.0017759891), (-0.99997914, -0.005317202, 0.0036735532), (-0.14196241, 0.7167719, 0.6827039), (-0.14196241, 0.7167719, 0.6827039), (-0.14453362, 0.84124875, 0.52097076), (-0.99999624, -0.002134189, -0.0017759891), (-0.9996965, 0.0122658685, -0.021366999), (-0.99999624, -0.002134189, -0.0017759891), (-0.14453362, 0.84124875, 0.52097076), (-0.14453362, 0.84124875, 0.52097076), (-0.14893852, 0.9210225, 0.35990977), (-0.9996965, 0.0122658685, -0.021366999), (-0.14893852, 0.9210225, 0.35990977), (-0.15055491, 0.9602715, 0.23497209), (-0.9999945, 0.003190427, 0.0008916137), (-0.9999945, 0.003190427, 0.0008916137), (-0.9996965, 0.0122658685, -0.021366999), (-0.14893852, 0.9210225, 0.35990977), (-0.15055491, 0.9602715, 0.23497209), (-0.14106627, 0.98448396, 0.10436323), (-0.99969643, -0.009273201, 0.022827553), (-0.99969643, -0.009273201, 0.022827553), (-0.9999945, 0.003190427, 0.0008916137), (-0.15055491, 0.9602715, 0.23497209), (-0.14106627, 0.98448396, 0.10436323), (-0.14110065, 0.98971623, -0.023505628), (-0.99999994, 0.00031252706, 0.0000653093), (-0.99999994, 0.00031252706, 0.0000653093), (-0.99969643, -0.009273201, 0.022827553), (-0.14106627, 0.98448396, 0.10436323), (-0.14110065, 0.98971623, -0.023505628), (-0.12794192, 0.98438513, -0.12090017), (-0.9998662, 0.0052724998, -0.0154909), (-0.9998662, 0.0052724998, -0.0154909), (-0.99999994, 0.00031252706, 0.0000653093), (-0.14110065, 0.98971623, -0.023505628), (-0.12794192, 0.98438513, -0.12090017), (-0.12164367, 0.9352564, -0.33241296), (-0.11453407, 0.9596319, -0.25688237), (-0.11453407, 0.9596319, -0.25688237), (-0.9998662, 0.0052724998, -0.0154909), (-0.12794192, 0.98438513, -0.12090017), (-0.12164367, 0.9352564, -0.33241296), (-0.15990055, 0.9055984, -0.39284018), (-0.9997887, 0.018073833, -0.009799904), (-0.9997887, 0.018073833, -0.009799904), (-0.11453407, 0.9596319, -0.25688237), (-0.12164367, 0.9352564, -0.33241296), (-0.15990055, 0.9055984, -0.39284018), (-0.14144798, 0.8378488, -0.5272589), (0.00031149894, 0.99986285, -0.016558314), (0.00031149894, 0.99986285, -0.016558314), (-0.9997887, 0.018073833, -0.009799904), (-0.15990055, 0.9055984, -0.39284018), (-0.14144798, 0.8378488, -0.5272589), (-0.14144383, 0.7664505, -0.62653595), (-0.99999994, 0.00031262322, 0.00006531071), (-0.99999994, 0.00031262322, 0.00006531071), (0.00031149894, 0.99986285, -0.016558314), (-0.14144798, 0.8378488, -0.5272589), (-0.14144383, 0.7664505, -0.62653595), (-0.091498904, 0.7570242, -0.6469486), (-0.9997463, -0.014570511, -0.017177414), (-0.9997463, -0.014570511, -0.017177414), (-0.99999994, 0.00031262322, 0.00006531071), (-0.14144383, 0.7664505, -0.62653595), (-0.091498904, 0.7570242, -0.6469486), (-0.06973486, 0.031311076, 0.9970741), (0.000077908284, 0.045574985, 0.9989609), (0.000077908284, 0.045574985, 0.9989609), (-0.9997463, -0.014570511, -0.017177414), (-0.091498904, 0.7570242, -0.6469486), (-0.14149162, -0.016347662, -0.9898045), (-0.14172979, -0.9897695, 0.016401282), (0.00031149894, 0.99986285, -0.016558314), (0.00031149894, 0.99986285, -0.016558314), (-0.99999994, 0.0003125475, 0.000065255845), (-0.14149162, -0.016347662, -0.9898045), (-0.14172979, -0.9897695, 0.016401282), (-0.14135122, 0.016436087, 0.9898231), (-0.99999994, 0.0003125475, 0.000065255845), (-0.99999994, 0.0003125475, 0.000065255845), (0.00031149894, 0.99986285, -0.016558314), (-0.14172979, -0.9897695, 0.016401282), (-0.14135122, 0.016436087, 0.9898231), (-0.14111428, 0.98985773, -0.016382655), (0.00031149894, 0.99986285, -0.016558314), (0.00031149894, 0.99986285, -0.016558314), (-0.99999994, 0.0003125475, 0.000065255845), (-0.14135122, 0.016436087, 0.9898231), (-0.14111428, 0.98985773, -0.016382655), (-0.14149162, -0.016347662, -0.9898045), (-0.99999994, 0.0003125475, 0.000065255845), (-0.99999994, 0.0003125475, 0.000065255845), (0.00031149894, 0.99986285, -0.016558314), (-0.14111428, 0.98985773, -0.016382655), (-0.14149159, -0.016347663, -0.98980457), (-0.14149159, -0.01634766, -0.98980445), (0.00031149894, 0.99986285, -0.016558314), (0.00031149894, 0.99986285, -0.016558314), (-0.99999994, 0.00031258905, 0.00006526124), (-0.14149159, -0.016347663, -0.98980457), (-0.14149159, -0.01634766, -0.98980445), (-0.14135121, 0.016436085, 0.98982304), (-0.99999994, 0.00031258934, 0.00006527792), (-0.99999994, 0.00031258934, 0.00006527792), (0.00031149894, 0.99986285, -0.016558314), (-0.14149159, -0.01634766, -0.98980445), (-0.14135121, 0.016436085, 0.98982304), (-0.14135122, 0.016436085, 0.98982304), (0.00031149894, 0.99986285, -0.016558314), (0.00031149894, 0.99986285, -0.016558314), (-0.99999994, 0.00031258934, 0.00006527792), (-0.14135121, 0.016436085, 0.98982304), (-0.14135122, 0.016436085, 0.98982304), (-0.14149159, -0.016347663, -0.98980457), (-0.99999994, 0.00031258905, 0.00006526124), (-0.99999994, 0.00031258905, 0.00006526124), (0.00031149894, 0.99986285, -0.016558314), (-0.14135122, 0.016436085, 0.98982304), (-0.14956787, 0.9869605, 0.059486568), (-0.14111549, 0.92099094, 0.36312854), (-0.150175, 0.950412, 0.27233195), (-0.150175, 0.950412, 0.27233195), (-0.9999187, 0.01210153, -0.0040298807), (-0.14956787, 0.9869605, 0.059486568), (-0.14111549, 0.92099094, 0.36312854), (-0.15275516, 0.7653964, 0.6251674), (-0.14077328, 0.8244608, 0.5481307), (-0.14077328, 0.8244608, 0.5481307), (-0.150175, 0.950412, 0.27233195), (-0.14111549, 0.92099094, 0.36312854), (-0.15275516, 0.7653964, 0.6251674), (-0.15474974, 0.5565692, 0.8162617), (-0.16054256, 0.6343597, 0.75618386), (-0.16054256, 0.6343597, 0.75618386), (-0.14077328, 0.8244608, 0.5481307), (-0.15275516, 0.7653964, 0.6251674), (-0.13246968, 0.44690958, 0.88471675), (-0.16054256, 0.6343597, 0.75618386), (-0.15474974, 0.5565692, 0.8162617), (-0.15474974, 0.5565692, 0.8162617), (-0.13710381, 0.40341392, 0.9046877), (-0.13246968, 0.44690958, 0.88471675), (-0.13710381, 0.40341392, 0.9046877), (-0.11212765, 0.2917408, 0.9499025), (-0.17339778, 0.3035666, 0.9368994), (-0.17339778, 0.3035666, 0.9368994), (-0.13246968, 0.44690958, 0.88471675), (-0.13710381, 0.40341392, 0.9046877), (0.036822688, 0.44795948, 0.8932952), (-0.17339778, 0.3035666, 0.9368994), (-0.11212765, 0.2917408, 0.9499025), (-0.11212765, 0.2917408, 0.9499025), (-0.14378273, 0.07080172, 0.9870733), (-0.09414509, 0.2045989, 0.97430795), (-0.09414509, 0.2045989, 0.97430795), (0.036822688, 0.44795948, 0.8932952), (-0.11212765, 0.2917408, 0.9499025), (-0.110374324, 0.031710204, 0.9933841), (-0.09414509, 0.2045989, 0.97430795), (-0.14378273, 0.07080172, 0.9870733), (-0.14378273, 0.07080172, 0.9870733), (-0.11012653, -0.015451217, 0.99379754), (-0.11505431, -0.035230212, 0.9927344), (-0.11505431, -0.035230212, 0.9927344), (-0.110374324, 0.031710204, 0.9933841), (-0.14378273, 0.07080172, 0.9870733), (0.0012731872, -0.008284707, 0.99996483), (-0.11505431, -0.035230212, 0.9927344), (-0.11012653, -0.015451217, 0.99379754), (-0.11012653, -0.015451217, 0.99379754), (-0.1084311, -0.2065144, 0.9724168), (0.00031149894, 0.99986285, -0.016558314), (0.00031149894, 0.99986285, -0.016558314), (0.0012731872, -0.008284707, 0.99996483), (-0.11012653, -0.015451217, 0.99379754), (-0.018149007, -0.2707195, 0.9624873), (0.00031149894, 0.99986285, -0.016558314), (-0.1084311, -0.2065144, 0.9724168), (-0.1084311, -0.2065144, 0.9724168), (-0.14131238, -0.39085862, 0.9095387), (-0.1414734, -0.35691646, 0.92336124), (-0.1414734, -0.35691646, 0.92336124), (-0.018149007, -0.2707195, 0.9624873), (-0.1084311, -0.2065144, 0.9724168), (-0.14131238, -0.39085862, 0.9095387), (-0.14147048, -0.6019685, 0.785888), (-0.14144228, -0.5329599, 0.83423495), (-0.14144228, -0.5329599, 0.83423495), (-0.1414734, -0.35691646, 0.92336124), (-0.14131238, -0.39085862, 0.9095387), (-0.14147048, -0.6019685, 0.785888), (-0.14147429, -0.77822596, 0.61184096), (-0.14147843, -0.7252018, 0.67384446), (-0.14147843, -0.7252018, 0.67384446), (-0.14144228, -0.5329599, 0.83423495), (-0.14147048, -0.6019685, 0.785888), (-0.14147429, -0.77822596, 0.61184096), (-0.14156558, -0.90924734, 0.39144403), (-0.99992484, 0.011112323, -0.005181685), (-0.99992484, 0.011112323, -0.005181685), (-0.14147843, -0.7252018, 0.67384446), (-0.14147429, -0.77822596, 0.61184096), (-0.14156558, -0.90924734, 0.39144403), (-0.14161788, -0.97860676, 0.14924219), (-0.9996852, 0.023789523, -0.007973479), (-0.9996852, 0.023789523, -0.007973479), (-0.99992484, 0.011112323, -0.005181685), (-0.14156558, -0.90924734, 0.39144403), (-0.14161788, -0.97860676, 0.14924219), (-0.1415452, -0.98634595, -0.0841826), (-0.9997561, 0.022023091, -0.0016574969), (-0.9997561, 0.022023091, -0.0016574969), (-0.9996852, 0.023789523, -0.007973479), (-0.14161788, -0.97860676, 0.14924219), (-0.1415452, -0.98634595, -0.0841826), (-0.14159383, -0.93356186, -0.329262), (-0.9997793, 0.011054441, -0.017865216), (-0.9997793, 0.011054441, -0.017865216), (-0.9997561, 0.022023091, -0.0016574969), (-0.1415452, -0.98634595, -0.0841826), (-0.14159383, -0.93356186, -0.329262), (-0.14159974, -0.8135315, -0.56401765), (-0.99977946, 0.009143937, 0.018907025), (-0.99977946, 0.009143937, 0.018907025), (-0.9997793, 0.011054441, -0.017865216), (-0.14159383, -0.93356186, -0.329262), (-0.14159974, -0.8135315, -0.56401765), (-0.14148657, -0.6384671, -0.7565325), (-0.9998726, 0.014012564, -0.007654054), (-0.9998726, 0.014012564, -0.007654054), (-0.99977946, 0.009143937, 0.018907025), (-0.14159974, -0.8135315, -0.56401765), (-0.14148657, -0.6384671, -0.7565325), (-0.15338288, -0.44022718, -0.88468856), (-0.9999812, -0.005626797, 0.0024392973), (-0.9999812, -0.005626797, 0.0024392973), (-0.9998726, 0.014012564, -0.007654054), (-0.14148657, -0.6384671, -0.7565325), (-0.15338288, -0.44022718, -0.88468856), (-0.11437535, -0.3148099, -0.9422384), (-0.99991786, -0.012478002, -0.00291545), (-0.99991786, -0.012478002, -0.00291545), (-0.9999812, -0.005626797, 0.0024392973), (-0.15338288, -0.44022718, -0.88468856), (-0.0144585995, -0.17771925, -0.9839751), (-0.99991786, -0.012478002, -0.00291545), (-0.11437535, -0.3148099, -0.9422384), (-0.11437535, -0.3148099, -0.9422384), (-0.14811361, -0.087444246, -0.985097), (-0.9998857, -0.008219521, -0.012693429), (-0.9998857, -0.008219521, -0.012693429), (-0.0144585995, -0.17771925, -0.9839751), (-0.11437535, -0.3148099, -0.9422384), (-0.10873204, -0.058326494, -0.9923585), (-0.9998857, -0.008219521, -0.012693429), (-0.14811361, -0.087444246, -0.985097), (-0.14811361, -0.087444246, -0.985097), (-0.14906928, 0.02883153, -0.9884064), (-0.99987227, 0.008783755, -0.013349686), (-0.99987227, 0.008783755, -0.013349686), (-0.10873204, -0.058326494, -0.9923585), (-0.14811361, -0.087444246, -0.985097), (-0.10854235, 0.055951774, -0.992516), (-0.99987227, 0.008783755, -0.013349686), (-0.14906928, 0.02883153, -0.9884064), (-0.14906928, 0.02883153, -0.9884064), (-0.11118249, 0.192675, -0.9749435), (-0.99989426, 0.013306994, -0.005874164), (-0.99989426, 0.013306994, -0.005874164), (-0.10854235, 0.055951774, -0.992516), (-0.14906928, 0.02883153, -0.9884064), (-0.02135106, 0.27045068, -0.962497), (-0.99989426, 0.013306994, -0.005874164), (-0.11118249, 0.192675, -0.9749435), (-0.11118249, 0.192675, -0.9749435), (-0.14118244, 0.37047765, -0.91804904), (-0.9999805, 0.0062600262, 0.000087825596), (-0.9999805, 0.0062600262, 0.000087825596), (-0.02135106, 0.27045068, -0.962497), (-0.11118249, 0.192675, -0.9749435), (-0.14118244, 0.37047765, -0.91804904), (-0.1412249, 0.58290905, -0.8001705), (-0.99999994, 0.00031253078, 0.00006523623), (-0.99999994, 0.00031253078, 0.00006523623), (-0.9999805, 0.0062600262, 0.000087825596), (-0.14118244, 0.37047765, -0.91804904), (-0.1412249, 0.58290905, -0.8001705), (-0.14106159, 0.7610488, -0.63317186), (-0.9997107, -0.022057123, -0.009595476), (-0.9997107, -0.022057123, -0.009595476), (-0.99999994, 0.00031253078, 0.00006523623), (-0.1412249, 0.58290905, -0.8001705), (-0.14106159, 0.7610488, -0.63317186), (-0.13519281, 0.89109063, -0.43322122), (-0.99982834, -0.0058310525, 0.017590202), (-0.99982834, -0.0058310525, 0.017590202), (-0.9997107, -0.022057123, -0.009595476), (-0.14106159, 0.7610488, -0.63317186), (-0.13519281, 0.89109063, -0.43322122), (-0.13903417, 0.9648628, -0.2229561), (-0.99996746, -0.0026597169, 0.007617263), (-0.99996746, -0.0026597169, 0.007617263), (-0.99982834, -0.0058310525, 0.017590202), (-0.13519281, 0.89109063, -0.43322122), (-0.13903417, 0.9648628, -0.2229561), (-0.14956787, 0.9869605, 0.059486568), (-0.99996746, -0.0026597169, 0.007617263), (-0.9999187, 0.01210153, -0.0040298807), (-0.99996746, -0.0026597169, 0.007617263), (-0.14956787, 0.9869605, 0.059486568), (0.00031149894, 0.99986285, -0.016558314), (-0.14165062, -0.72385675, -0.675253), (0.00031149894, 0.99986285, -0.016558314), (0.00031149894, 0.99986285, -0.016558314), (-0.9993765, 0.03526735, 0.001753916), (0.00031149894, 0.99986285, -0.016558314), (-0.14165062, -0.72385675, -0.675253), (-0.14167736, -0.8109013, -0.56777346), (0.00031149894, 0.99986285, -0.016558314), (0.00031149894, 0.99986285, -0.016558314), (0.00031149894, 0.99986285, -0.016558314), (-0.14165062, -0.72385675, -0.675253), (-0.14167736, -0.8109013, -0.56777346), (-0.14170556, -0.881753, -0.44992346), (0.00031149894, 0.99986285, -0.016558314), (0.00031149894, 0.99986285, -0.016558314), (0.00031149894, 0.99986285, -0.016558314), (-0.14167736, -0.8109013, -0.56777346), (-0.14170556, -0.881753, -0.44992346), (-0.141276, -0.9336658, -0.32910383), (0.00031149894, 0.99986285, -0.016558314), (0.00031149894, 0.99986285, -0.016558314), (0.00031149894, 0.99986285, -0.016558314), (-0.14170556, -0.881753, -0.44992346), (-0.141276, -0.9336658, -0.32910383), (-0.13468845, -0.9650499, -0.22480577), (-0.9998967, 0.0040596277, 0.013792979), (-0.9998967, 0.0040596277, 0.013792979), (0.00031149894, 0.99986285, -0.016558314), (-0.141276, -0.9336658, -0.32910383), (-0.13468845, -0.9650499, -0.22480577), (-0.14699051, -0.98448074, -0.09587256), (-0.9998967, 0.0040596277, 0.013792979), (-0.9998416, -0.009941459, 0.014767133), (-0.9998967, 0.0040596277, 0.013792979), (-0.14699051, -0.98448074, -0.09587256), (-0.14699051, -0.98448074, -0.09587256), (-0.15418038, -0.9877319, 0.024783835), (-0.9998416, -0.009941459, 0.014767133), (-0.15418038, -0.9877319, 0.024783835), (-0.12740763, -0.98425823, 0.122487396), (-0.9999572, -0.0011984905, 0.009185307), (-0.9999572, -0.0011984905, 0.009185307), (-0.9998416, -0.009941459, 0.014767133), (-0.15418038, -0.9877319, 0.024783835), (-0.12740763, -0.98425823, 0.122487396), (-0.122096986, -0.9396456, 0.3196224), (-0.115104645, -0.96274513, 0.24468927), (-0.115104645, -0.96274513, 0.24468927), (-0.9999572, -0.0011984905, 0.009185307), (-0.12740763, -0.98425823, 0.122487396), (-0.122096986, -0.9396456, 0.3196224), (-0.14256886, -0.9267474, 0.34758222), (-0.99966383, -0.005128763, 0.025415827), (-0.99966383, -0.005128763, 0.025415827), (-0.115104645, -0.96274513, 0.24468927), (-0.122096986, -0.9396456, 0.3196224), (-0.14256886, -0.9267474, 0.34758222), (-0.12230666, -0.82728106, 0.5483131), (-0.12532659, -0.881768, 0.45472896), (-0.12532659, -0.881768, 0.45472896), (-0.99966383, -0.005128763, 0.025415827), (-0.14256886, -0.9267474, 0.34758222), (-0.12230666, -0.82728106, 0.5483131), (-0.15983549, -0.79117656, 0.59033227), (-0.9996526, -0.0259158, -0.0048005646), (-0.9996526, -0.0259158, -0.0048005646), (-0.12532659, -0.881768, 0.45472896), (-0.12230666, -0.82728106, 0.5483131), (-0.15983549, -0.79117656, 0.59033227), (-0.14178717, -0.70595133, 0.69392306), (-0.99976104, -0.017888421, -0.012563272), (-0.99976104, -0.017888421, -0.012563272), (-0.9996526, -0.0259158, -0.0048005646), (-0.15983549, -0.79117656, 0.59033227), (-0.14178717, -0.70595133, 0.69392306), (-0.14177644, -0.62160784, 0.7703916), (-0.99999994, 0.00031245334, 0.00006514634), (-0.99999994, 0.00031245334, 0.00006514634), (-0.99976104, -0.017888421, -0.012563272), (-0.14178717, -0.70595133, 0.69392306), (-0.14177644, -0.62160784, 0.7703916), (-0.14177898, -0.5217892, 0.84121037), (-0.99999994, 0.0003126627, 0.0000652699), (-0.99999994, 0.0003126627, 0.0000652699), (-0.99999994, 0.00031245334, 0.00006514634), (-0.14177644, -0.62160784, 0.7703916), (-0.14177898, -0.5217892, 0.84121037), (-0.14171225, -0.4148731, 0.89877576), (-0.99999994, 0.00031256265, 0.00006526386), (-0.99999994, 0.00031256265, 0.00006526386), (-0.99999994, 0.0003126627, 0.0000652699), (-0.14177898, -0.5217892, 0.84121037), (-0.14171225, -0.4148731, 0.89877576), (-0.14164121, -0.31033322, 0.9400166), (-0.99999994, 0.00031262322, 0.00006531071), (-0.99999994, 0.00031262322, 0.00006531071), (-0.99999994, 0.00031256265, 0.00006526386), (-0.14171225, -0.4148731, 0.89877576), (-0.14164121, -0.31033322, 0.9400166), (-0.1415733, -0.21219346, 0.96691823), (-0.9999639, 0.008325738, -0.0017641494), (-0.9999639, 0.008325738, -0.0017641494), (-0.99999994, 0.00031262322, 0.00006531071), (-0.14164121, -0.31033322, 0.9400166), (-0.1415733, -0.21219346, 0.96691823), (-0.14151302, -0.12277422, 0.9822936), (-0.9999819, 0.0011469657, -0.005914178), (-0.9999819, 0.0011469657, -0.005914178), (-0.9999639, 0.008325738, -0.0017641494), (-0.1415733, -0.21219346, 0.96691823), (-0.14151302, -0.12277422, 0.9822936), (-0.14146127, -0.042941492, 0.98901206), (-0.9998895, 0.010370913, -0.010657535), (-0.9998895, 0.010370913, -0.010657535), (-0.9999819, 0.0011469657, -0.005914178), (-0.14151302, -0.12277422, 0.9822936), (-0.14146127, -0.042941492, 0.98901206), (-0.14142618, 0.027699277, 0.98956126), (-0.99989086, -0.00018229995, -0.014774532), (-0.99989086, -0.00018229995, -0.014774532), (-0.9998895, 0.010370913, -0.010657535), (-0.14146127, -0.042941492, 0.98901206), (-0.14142618, 0.027699277, 0.98956126), (-0.14142266, 0.10216777, 0.9846632), (-0.9998914, -0.0010235255, -0.014706899), (-0.9998914, -0.0010235255, -0.014706899), (-0.99989086, -0.00018229995, -0.014774532), (-0.14142618, 0.027699277, 0.98956126), (-0.14142266, 0.10216777, 0.9846632), (-0.14142567, 0.18610011, 0.97229916), (-0.9998835, -0.01235575, -0.008968113), (-0.9998835, -0.01235575, -0.008968113), (-0.9998914, -0.0010235255, -0.014706899), (-0.14142266, 0.10216777, 0.9846632), (-0.14142567, 0.18610011, 0.97229916), (-0.14143202, 0.27934065, 0.9497189), (-0.9999829, -0.0012813938, -0.0057110214), (-0.9999829, -0.0012813938, -0.0057110214), (-0.9998835, -0.01235575, -0.008968113), (-0.14142567, 0.18610011, 0.97229916), (-0.14143202, 0.27934065, 0.9497189), (-0.14144008, 0.38038778, 0.9139474), (-0.99998313, -0.0018854928, -0.0055059274), (-0.99998313, -0.0018854928, -0.0055059274), (-0.9999829, -0.0012813938, -0.0057110214), (-0.14143202, 0.27934065, 0.9497189), (-0.14144008, 0.38038778, 0.9139474), (-0.14144643, 0.48610145, 0.86237955), (-0.99996394, -0.008355058, 0.0015269519), (-0.99996394, -0.008355058, 0.0015269519), (-0.99998313, -0.0018854928, -0.0055059274), (-0.14144008, 0.38038778, 0.9139474), (-0.14144643, 0.48610145, 0.86237955), (-0.14144588, 0.59164864, 0.7936908), (-0.99999994, 0.00031262255, 0.0000652699), (-0.99999994, 0.00031262255, 0.0000652699), (-0.99996394, -0.008355058, 0.0015269519), (-0.14144643, 0.48610145, 0.86237955), (-0.14144588, 0.59164864, 0.7936908), (-0.14139237, 0.6854455, 0.71426374), (-0.99999994, 0.0003125967, 0.00006528505), (-0.99999994, 0.0003125967, 0.00006528505), (-0.99999994, 0.00031262255, 0.0000652699), (-0.14144588, 0.59164864, 0.7936908), (-0.14139237, 0.6854455, 0.71426374), (-0.12683727, 0.7473554, 0.65220565), (-0.9995886, 0.021222543, -0.019297056), (-0.9995886, 0.021222543, -0.019297056), (-0.99999994, 0.0003125967, 0.00006528505), (-0.14139237, 0.6854455, 0.71426374), (-0.12683727, 0.7473554, 0.65220565), (-0.12147007, 0.861868, 0.49237046), (-0.11451325, 0.82208407, 0.55773157), (-0.11451325, 0.82208407, 0.55773157), (-0.9995886, 0.021222543, -0.019297056), (-0.12683727, 0.7473554, 0.65220565), (-0.12147007, 0.861868, 0.49237046), (-0.14198542, 0.8733925, 0.46586013), (-0.99972975, 0.02236404, -0.006366565), (-0.99972975, 0.02236404, -0.006366565), (-0.11451325, 0.82208407, 0.55773157), (-0.12147007, 0.861868, 0.49237046), (-0.14198542, 0.8733925, 0.46586013), (-0.12171549, 0.9576244, 0.2610386), (-0.12475342, 0.9234412, 0.36289552), (-0.12475342, 0.9234412, 0.36289552), (-0.99972975, 0.02236404, -0.006366565), (-0.14198542, 0.8733925, 0.46586013), (-0.12171549, 0.9576244, 0.2610386), (-0.15933217, 0.9654336, 0.20627953), (-0.9995365, 0.010488012, 0.02858044), (-0.9995365, 0.010488012, 0.02858044), (-0.12475342, 0.9234412, 0.36289552), (-0.12171549, 0.9576244, 0.2610386), (-0.15933217, 0.9654336, 0.20627953), (-0.1264483, 0.9867311, 0.101845495), (-0.99998444, 0.0051192273, 0.0022502951), (-0.99998444, 0.0051192273, 0.0022502951), (-0.9995365, 0.010488012, 0.02858044), (-0.15933217, 0.9654336, 0.20627953), (-0.1264483, 0.9867311, 0.101845495), (-0.12073548, 0.9877822, -0.0985364), (-0.11467844, 0.9933579, -0.009443554), (-0.11467844, 0.9933579, -0.009443554), (-0.99998444, 0.0051192273, 0.0022502951), (-0.1264483, 0.9867311, 0.101845495), (-0.12073548, 0.9877822, -0.0985364), (-0.12920794, 0.968317, -0.21369971), (-0.9996805, 0.01781978, -0.017928028), (-0.9996805, 0.01781978, -0.017928028), (-0.11467844, 0.9933579, -0.009443554), (-0.12073548, 0.9877822, -0.0985364), (-0.09248808, 0.96800566, -0.23326162), (-0.9996805, 0.01781978, -0.017928028), (-0.12920794, 0.968317, -0.21369971), (-0.12920794, 0.968317, -0.21369971), (-0.14288871, 0.93064684, -0.33686695), (-0.999721, 0.022640312, -0.0067500197), (-0.999721, 0.022640312, -0.0067500197), (-0.09248808, 0.96800566, -0.23326162), (-0.12920794, 0.968317, -0.21369971), (-0.14288871, 0.93064684, -0.33686695), (-0.12191678, 0.8210593, -0.5576721), (-0.12472878, 0.8767414, -0.46450776), (-0.12472878, 0.8767414, -0.46450776), (-0.999721, 0.022640312, -0.0067500197), (-0.14288871, 0.93064684, -0.33686695), (-0.12191678, 0.8210593, -0.5576721), (-0.15929164, 0.7861164, -0.59719944), (-0.99958664, 0.02835397, 0.004755823), (-0.99958664, 0.02835397, 0.004755823), (-0.12472878, 0.8767414, -0.46450776), (-0.12191678, 0.8210593, -0.5576721), (-0.15929164, 0.7861164, -0.59719944), (-0.09147703, 0.7716486, -0.6294367), (-0.99999994, 0.00031257424, 0.00006526332), (-0.99999994, 0.00031257424, 0.00006526332), (-0.99958664, 0.02835397, 0.004755823), (-0.15929164, 0.7861164, -0.59719944), (-0.09147703, 0.7716486, -0.6294367), (-0.06975807, 0.031672608, 0.997061), (0.00007971355, 0.046294905, 0.99892783), (0.00007971355, 0.046294905, 0.99892783), (-0.99999994, 0.00031257424, 0.00006526332), (-0.09147703, 0.7716486, -0.6294367), (-0.06975807, 0.031672608, 0.997061), (0.00031149894, 0.99986285, -0.016558314), (-0.99996316, -0.0028438382, 0.00810007), (-0.99996316, -0.0028438382, 0.00810007), (0.00007971355, 0.046294905, 0.99892783), (-0.06975807, 0.031672608, 0.997061), (0.00031149894, 0.99986285, -0.016558314), (-0.14149079, -0.016347663, -0.9898046), (-0.9999667, 0.00033057955, 0.0081683835), (-0.9999667, 0.00033057955, 0.0081683835), (-0.99996316, -0.0028438382, 0.00810007), (0.00031149894, 0.99986285, -0.016558314), (-0.14149079, -0.016347663, -0.9898046), (-0.14149077, -0.016347663, -0.9898046), (0.00031149894, 0.99986285, -0.016558314), (0.00031149894, 0.99986285, -0.016558314), (-0.9999667, 0.00033057955, 0.0081683835), (-0.14149079, -0.016347663, -0.9898046), (-0.14149077, -0.016347663, -0.9898046), (-0.17494744, -0.26507345, 0.94822437), (-0.9999207, 0.0031929929, 0.012189316), (-0.9999207, 0.0031929929, 0.012189316), (0.00031149894, 0.99986285, -0.016558314), (-0.14149077, -0.016347663, -0.9898046), (-0.17494744, -0.26507345, 0.94822437), (0.00031149894, 0.99986285, -0.016558314), (-0.9993765, 0.03526735, 0.001753916), (-0.9993765, 0.03526735, 0.001753916), (-0.9999207, 0.0031929929, 0.012189316), (-0.17494744, -0.26507345, 0.94822437), (-0.1414916, -0.01634766, -0.98980445), (-0.14172979, -0.98976946, 0.016401282), (0.00031149894, 0.99986285, -0.016558314), (0.00031149894, 0.99986285, -0.016558314), (-0.99999994, 0.00031258553, 0.00006529263), (-0.1414916, -0.01634766, -0.98980445), (-0.14172979, -0.98976946, 0.016401282), (-0.14135207, 0.016436083, 0.9898229), (-0.99999994, 0.00031258553, 0.00006529263), (-0.99999994, 0.00031258553, 0.00006529263), (0.00031149894, 0.99986285, -0.016558314), (-0.14172979, -0.98976946, 0.016401282), (-0.14135207, 0.016436083, 0.9898229), (-0.1411143, 0.98985773, -0.016382655), (0.00031149894, 0.99986285, -0.016558314), (0.00031149894, 0.99986285, -0.016558314), (-0.99999994, 0.00031258553, 0.00006529263), (-0.14135207, 0.016436083, 0.9898229), (-0.1411143, 0.98985773, -0.016382655), (-0.1414916, -0.01634766, -0.98980445), (-0.99999994, 0.00031258553, 0.00006529263), (-0.99999994, 0.00031258553, 0.00006529263), (0.00031149894, 0.99986285, -0.016558314), (-0.1411143, 0.98985773, -0.016382655), (-0.14149159, -0.016347663, -0.98980457), (-0.14149159, -0.016347663, -0.98980457), (0.00031149894, 0.99986285, -0.016558314), (0.00031149894, 0.99986285, -0.016558314), (-0.99999994, 0.00031257293, 0.000065294866), (-0.14149159, -0.016347663, -0.98980457), (-0.14149159, -0.016347663, -0.98980457), (-0.14135204, 0.016436083, 0.9898229), (-0.99999994, 0.00031257293, 0.000065294866), (-0.99999994, 0.00031257293, 0.000065294866), (0.00031149894, 0.99986285, -0.016558314), (-0.14149159, -0.016347663, -0.98980457), (-0.14135204, 0.016436083, 0.9898229), (-0.14135204, 0.016436083, 0.9898229), (0.00031149894, 0.99986285, -0.016558314), (0.00031149894, 0.99986285, -0.016558314), (-0.99999994, 0.00031257293, 0.000065294866), (-0.14135204, 0.016436083, 0.9898229), (-0.14135204, 0.016436083, 0.9898229), (-0.14149159, -0.016347663, -0.98980457), (-0.99999994, 0.00031257293, 0.000065294866), (-0.99999994, 0.00031257293, 0.000065294866), (0.00031149894, 0.99986285, -0.016558314), (-0.14135204, 0.016436083, 0.9898229), (-0.06731305, -0.004000711, 0.9977239), (-0.14119053, 0.8459866, -0.51417124), (-0.06731305, -0.004000711, 0.9977239), (-0.06731305, -0.004000711, 0.9977239), (-0.9999185, 0.0036245848, -0.012245402), (-0.06731305, -0.004000711, 0.9977239), (-0.14119053, 0.8459866, -0.51417124), (-0.16194615, 0.40876007, -0.8981585), (-0.99995714, 0.0072062095, 0.005830444), (-0.99995714, 0.0072062095, 0.005830444), (-0.06731305, -0.004000711, 0.9977239), (-0.14119053, 0.8459866, -0.51417124), (-0.16194615, 0.40876007, -0.8981585), (0.00031149894, 0.99986285, -0.016558314), (-0.99999994, 0.00031259833, 0.00006528662), (-0.99999994, 0.00031259833, 0.00006528662), (-0.99995714, 0.0072062095, 0.005830444), (-0.16194615, 0.40876007, -0.8981585), (0.00031149894, 0.99986285, -0.016558314), (-0.14149079, -0.016347663, -0.9898046), (-0.99999994, 0.00031257895, 0.00006526789), (-0.99999994, 0.00031257895, 0.00006526789), (-0.99999994, 0.00031259833, 0.00006528662), (0.00031149894, 0.99986285, -0.016558314), (-0.14149079, -0.016347663, -0.9898046), (0.00031149894, 0.99986285, -0.016558314), (-0.14149077, -0.016347663, -0.9898046), (-0.14149077, -0.016347663, -0.9898046), (-0.99999994, 0.00031257895, 0.00006526789), (-0.14149079, -0.016347663, -0.9898046), (0.00031149894, 0.99986285, -0.016558314), (-0.14109103, -0.016442545, -0.9898601), (-0.9999951, 0.0016850756, -0.0026610878), (-0.9999951, 0.0016850756, -0.0026610878), (-0.14149077, -0.016347663, -0.9898046), (0.00031149894, 0.99986285, -0.016558314), (-0.14109103, -0.016442545, -0.9898601), (-0.14069629, -0.018989002, -0.9898707), (-0.99997187, 0.00018090673, -0.0074986876), (-0.99997187, 0.00018090673, -0.0074986876), (-0.9999951, 0.0016850756, -0.0026610878), (-0.14109103, -0.016442545, -0.9898601), (-0.9997732, -0.020963667, 0.003772166), (-0.99997187, 0.00018090673, -0.0074986876), (-0.14069629, -0.018989002, -0.9898707), (-0.14069629, -0.018989002, -0.9898707), (-0.14006926, -0.04729369, -0.9890116), (-0.9997732, -0.020963667, 0.003772166), (-0.999787, 0.020533223, 0.0020987557), (-0.9997732, -0.020963667, 0.003772166), (-0.14006926, -0.04729369, -0.9890116), (-0.14006926, -0.04729369, -0.9890116), (-0.13620034, -0.10075163, -0.9855449), (-0.999787, 0.020533223, 0.0020987557), (-0.9999668, -0.0041401098, 0.007021255), (-0.999787, 0.020533223, 0.0020987557), (-0.13620034, -0.10075163, -0.9855449), (-0.13620034, -0.10075163, -0.9855449), (-0.13353804, -0.23569062, -0.96260977), (-0.9999668, -0.0041401098, 0.007021255), (-0.9999911, -0.0041634897, -0.0006005235), (-0.9999668, -0.0041401098, 0.007021255), (-0.13353804, -0.23569062, -0.96260977), (-0.13353804, -0.23569062, -0.96260977), (-0.13301179, -0.43973428, -0.8882239), (-0.9999911, -0.0041634897, -0.0006005235), (-0.99999666, -0.0013624552, -0.0021825533), (-0.9999911, -0.0041634897, -0.0006005235), (-0.13301179, -0.43973428, -0.8882239), (-0.13301179, -0.43973428, -0.8882239), (-0.14193684, -0.6907046, -0.7090706), (-0.99999666, -0.0013624552, -0.0021825533), (-0.99996597, 0.0009803317, -0.008197361), (-0.99999666, -0.0013624552, -0.0021825533), (-0.14193684, -0.6907046, -0.7090706), (-0.14193684, -0.6907046, -0.7090706), (-0.14106862, -0.85387266, -0.50100034), (-0.99996597, 0.0009803317, -0.008197361), (-0.99998, 0.0037458218, -0.0051050186), (-0.99996597, 0.0009803317, -0.008197361), (-0.14106862, -0.85387266, -0.50100034), (-0.14106862, -0.85387266, -0.50100034), (-0.13218632, -0.9496274, -0.28413862), (-0.99998, 0.0037458218, -0.0051050186), (-0.13218632, -0.9496274, -0.28413862), (-0.14826505, -0.98108906, -0.12442563), (-0.9998622, -0.008427212, 0.014305474), (-0.9998622, -0.008427212, 0.014305474), (-0.99998, 0.0037458218, -0.0051050186), (-0.13218632, -0.9496274, -0.28413862), (-0.14826505, -0.98108906, -0.12442563), (-0.15455317, -0.9879807, -0.0027443198), (-0.99997675, -0.0054494357, 0.004119392), (-0.99997675, -0.0054494357, 0.004119392), (-0.9998622, -0.008427212, 0.014305474), (-0.14826505, -0.98108906, -0.12442563), (-0.15455317, -0.9879807, -0.0027443198), (-0.1366783, -0.9848664, 0.10657093), (-0.9999845, 0.0046660076, -0.003060888), (-0.9999845, 0.0046660076, -0.003060888), (-0.99997675, -0.0054494357, 0.004119392), (-0.15455317, -0.9879807, -0.0027443198), (-0.1366783, -0.9848664, 0.10657093), (-0.123063035, -0.9716347, 0.2019445), (0.00031149894, 0.99986285, -0.016558314), (0.00031149894, 0.99986285, -0.016558314), (-0.9999845, 0.0046660076, -0.003060888), (-0.1366783, -0.9848664, 0.10657093), (-0.123063035, -0.9716347, 0.2019445), (-0.1457511, -0.93759006, 0.3157241), (0.00031149894, 0.99986285, -0.016558314), (0.00031149894, 0.99986285, -0.016558314), (0.00031149894, 0.99986285, -0.016558314), (-0.1457511, -0.93759006, 0.3157241), (-0.1457511, -0.93759006, 0.3157241), (-0.20195112, 0.16196947, 0.96590984), (0.00031149894, 0.99986285, -0.016558314), (-0.20195112, 0.16196947, 0.96590984), (-0.10474754, 0.2175417, 0.9704141), (-0.20195112, 0.1619695, 0.96590984), (-0.20195112, 0.1619695, 0.96590984), (0.00031149894, 0.99986285, -0.016558314), (-0.20195112, 0.16196947, 0.96590984), (-0.10474754, 0.2175417, 0.9704141), (-0.14964059, 0.9776706, -0.14753939), (-0.20195112, 0.1619695, 0.96590984), (-0.9999874, 0.004942054, 0.000949015), (-0.20195112, 0.1619695, 0.96590984), (-0.14964059, 0.9776706, -0.14753939), (-0.14964059, 0.9776706, -0.14753939), (-0.14855051, 0.9297696, 0.33684045), (-0.9999703, -0.002641492, 0.0072558923), (-0.9999703, -0.002641492, 0.0072558923), (-0.9999874, 0.004942054, 0.000949015), (-0.14964059, 0.9776706, -0.14753939), (-1, 0.00023127213, 0.00010356924), (-0.9999703, -0.002641492, 0.0072558923), (-0.14855051, 0.9297696, 0.33684045), (-0.14855051, 0.9297696, 0.33684045), (-0.15479636, 0.5699144, 0.8069919), (-1, 0.00023127213, 0.00010356924), (-0.99994546, 0.010376087, 0.0011849573), (-1, 0.00023127213, 0.00010356924), (-0.15479636, 0.5699144, 0.8069919), (-0.15479636, 0.5699144, 0.8069919), (-0.15418825, 0.15697679, 0.97549194), (-0.99994546, 0.010376087, 0.0011849573), (-0.99993634, -0.0097497385, 0.005691644), (-0.99994546, 0.010376087, 0.0011849573), (-0.15418825, 0.15697679, 0.97549194), (-0.15418825, 0.15697679, 0.97549194), (-0.14341918, 0.023284458, 0.9893881), (-0.99993634, -0.0097497385, 0.005691644), (-0.9999934, -0.0017648188, -0.0031898993), (-0.99993634, -0.0097497385, 0.005691644), (-0.14341918, 0.023284458, 0.9893881), (-0.14341918, 0.023284458, 0.9893881), (-0.1350673, 0.018564835, 0.9906626), (-0.9999934, -0.0017648188, -0.0031898993), (-0.1350673, 0.018564835, 0.9906626), (0.00031149894, 0.99986285, -0.016558314), (-0.99999756, 0.0022024487, 0.0000339798), (-0.99999756, 0.0022024487, 0.0000339798), (-0.9999934, -0.0017648188, -0.0031898993), (-0.1350673, 0.018564835, 0.9906626), (0.00031149894, 0.99986285, -0.016558314), (-0.14134875, 0.016436093, 0.98982346), (-0.99999994, 0.00031256324, 0.000065195556), (-0.99999994, 0.00031256324, 0.000065195556), (-0.99999756, 0.0022024487, 0.0000339798), (0.00031149894, 0.99986285, -0.016558314), (-0.14134875, 0.016436093, 0.98982346), (-0.14111263, 0.989858, -0.016382659), (0.00031149894, 0.99986285, -0.016558314), (0.00031149894, 0.99986285, -0.016558314), (-0.99999994, 0.00031256324, 0.000065195556), (-0.14134875, 0.016436093, 0.98982346), (-0.14111263, 0.989858, -0.016382659), (-0.06731305, -0.004000711, 0.9977239), (-0.9999185, 0.0036245848, -0.012245402), (-0.9999185, 0.0036245848, -0.012245402), (0.00031149894, 0.99986285, -0.016558314), (-0.14111263, 0.989858, -0.016382659), (-0.14149159, -0.01634766, -0.98980445), (-0.14172977, -0.9897695, 0.016401282), (0.00031149894, 0.99986285, -0.016558314), (0.00031149894, 0.99986285, -0.016558314), (-0.99999994, 0.0003125852, 0.000065273925), (-0.14149159, -0.01634766, -0.98980445), (-0.14172977, -0.9897695, 0.016401282), (-0.14135453, 0.016436448, 0.9898227), (-0.99999994, 0.0003125849, 0.000065255226), (-0.99999994, 0.0003125849, 0.000065255226), (0.00031149894, 0.99986285, -0.016558314), (-0.14172977, -0.9897695, 0.016401282), (-0.14135453, 0.016436448, 0.9898227), (-0.14111428, 0.98985785, -0.016382657), (0.00031149894, 0.99986285, -0.016558314), (0.00031149894, 0.99986285, -0.016558314), (-0.99999994, 0.0003125849, 0.000065255226), (-0.14135453, 0.016436448, 0.9898227), (-0.14111428, 0.98985785, -0.016382657), (-0.14149159, -0.01634766, -0.98980445), (-0.99999994, 0.0003125852, 0.000065273925), (-0.99999994, 0.0003125852, 0.000065273925), (0.00031149894, 0.99986285, -0.016558314), (-0.14111428, 0.98985785, -0.016382657), (-0.14149159, -0.01634767, -0.98980445), (-0.14149159, -0.01634766, -0.98980445), (0.00031149894, 0.99986285, -0.016558314), (0.00031149894, 0.99986285, -0.016558314), (-0.99999994, 0.00031257267, 0.0000652782), (-0.14149159, -0.01634767, -0.98980445), (-0.14149159, -0.01634766, -0.98980445), (-0.14135453, 0.016436165, 0.9898226), (-0.99999994, 0.00031257267, 0.0000652782), (-0.99999994, 0.00031257267, 0.0000652782), (0.00031149894, 0.99986285, -0.016558314), (-0.14149159, -0.01634766, -0.98980445), (-0.14135453, 0.016436165, 0.9898226), (-0.14135537, 0.01643608, 0.98982257), (0.00031149894, 0.99986285, -0.016558314), (0.00031149894, 0.99986285, -0.016558314), (-0.99999994, 0.00031257267, 0.0000652782), (-0.14135453, 0.016436165, 0.9898226), (-0.14135537, 0.01643608, 0.98982257), (-0.14149159, -0.01634767, -0.98980445), (-0.99999994, 0.00031257267, 0.0000652782), (-0.99999994, 0.00031257267, 0.0000652782), (0.00031149894, 0.99986285, -0.016558314), (-0.14135537, 0.01643608, 0.98982257), (-0.14418048, 0.64981306, 0.7462942), (-0.106693916, 0.45612124, 0.8834987), (-0.9999659, 0.0022254423, -0.007957865), (-0.9999915, 0.0021973047, -0.0034968087), (-0.9999659, 0.0022254423, -0.007957865), (-0.106693916, 0.45612124, 0.8834987), (-0.106693916, 0.45612124, 0.8834987), (-0.024902264, 0.2935556, 0.9556176), (-0.031012392, 0.39358863, 0.9187634), (-0.031012392, 0.39358863, 0.9187634), (-0.9999915, 0.0021973047, -0.0034968087), (-0.106693916, 0.45612124, 0.8834987), (-0.9998189, 0.000040343548, -0.019029234), (-0.031012392, 0.39358863, 0.9187634), (-0.024902264, 0.2935556, 0.9556176), (-0.024902264, 0.2935556, 0.9556176), (-0.024808912, 0.12655221, 0.99164975), (-0.03151914, 0.21653141, 0.97576684), (-0.03151914, 0.21653141, 0.97576684), (-0.9998189, 0.000040343548, -0.019029234), (-0.024902264, 0.2935556, 0.9556176), (-0.9999859, 0.00045066478, -0.005311308), (-0.03151914, 0.21653141, 0.97576684), (-0.024808912, 0.12655221, 0.99164975), (-0.024808912, 0.12655221, 0.99164975), (-0.026578486, -0.011444707, 0.9995812), (-0.09091149, -0.03807428, 0.9951309), (-0.09091149, -0.03807428, 0.9951309), (-0.9999859, 0.00045066478, -0.005311308), (-0.024808912, 0.12655221, 0.99164975), (-0.9996941, -0.007443183, -0.023586085), (-0.09091149, -0.03807428, 0.9951309), (-0.026578486, -0.011444707, 0.9995812), (-0.026578486, -0.011444707, 0.9995812), (-0.07022338, -0.21123895, 0.97490865), (-0.08232184, -0.2477155, 0.9653291), (-0.08232184, -0.2477155, 0.9653291), (-0.9996941, -0.007443183, -0.023586085), (-0.026578486, -0.011444707, 0.9995812), (-0.99997973, 0.0029538404, -0.005654204), (-0.08232184, -0.2477155, 0.9653291), (-0.07022338, -0.21123895, 0.97490865), (-0.07022338, -0.21123895, 0.97490865), (-0.14729418, -0.48749843, 0.8606101), (-0.99997973, 0.0029538404, -0.005654204), (-0.9999775, 0.004520447, -0.004971279), (-0.99997973, 0.0029538404, -0.005654204), (-0.14729418, -0.48749843, 0.8606101), (-0.14729418, -0.48749843, 0.8606101), (-0.14744909, -0.6806407, 0.7176259), (-0.9999775, 0.004520447, -0.004971279), (-0.9999745, 0.0058633923, -0.0041042343), (-0.9999775, 0.004520447, -0.004971279), (-0.14744909, -0.6806407, 0.7176259), (-0.14744909, -0.6806407, 0.7176259), (-0.14707057, -0.8331779, 0.53309), (-0.9999745, 0.0058633923, -0.0041042343), (-0.99997085, 0.007147867, -0.0026899972), (-0.9999745, 0.0058633923, -0.0041042343), (-0.14707057, -0.8331779, 0.53309), (-0.14707057, -0.8331779, 0.53309), (-0.14715901, -0.94045264, 0.3064198), (-0.99997085, 0.007147867, -0.0026899972), (-0.99996823, 0.007894271, -0.0011899159), (-0.99997085, 0.007147867, -0.0026899972), (-0.14715901, -0.94045264, 0.3064198), (-0.14715901, -0.94045264, 0.3064198), (-0.1470152, -0.9864514, 0.07280274), (-0.99996823, 0.007894271, -0.0011899159), (-0.99998, 0.003276203, -0.0054235477), (-0.99996823, 0.007894271, -0.0011899159), (-0.1470152, -0.9864514, 0.07280274), (-0.1470152, -0.9864514, 0.07280274), (-0.14699073, -0.9767947, -0.15577517), (-0.99998, 0.003276203, -0.0054235477), (-0.99999994, 0.00031256498, 0.000065226384), (-0.99998, 0.003276203, -0.0054235477), (-0.14699073, -0.9767947, -0.15577517), (-0.14699073, -0.9767947, -0.15577517), (-0.1472289, -0.90694296, -0.39468732), (-0.99999994, 0.00031256498, 0.000065226384), (-0.99999994, 0.0003126007, 0.00006520702), (-0.99999994, 0.00031256498, 0.000065226384), (-0.1472289, -0.90694296, -0.39468732), (-0.1472289, -0.90694296, -0.39468732), (-0.1472808, -0.7807701, -0.607212), (-0.99999994, 0.0003126007, 0.00006520702), (-0.99999994, 0.0003126009, 0.0000652079), (-0.99999994, 0.0003126007, 0.00006520702), (-0.1472808, -0.7807701, -0.607212), (-0.1472808, -0.7807701, -0.607212), (-0.15098861, -0.5915979, -0.7919687), (-0.99999994, 0.0003126009, 0.0000652079), (-0.99999994, 0.00031252395, 0.00006531236), (-0.99999994, 0.0003126009, 0.0000652079), (-0.15098861, -0.5915979, -0.7919687), (-0.15098861, -0.5915979, -0.7919687), (-0.09250163, -0.31471968, -0.9446666), (-0.99999994, 0.00031249344, 0.00006524424), (-0.99999994, 0.00031249344, 0.00006524424), (-0.99999994, 0.00031252395, 0.00006531236), (-0.15098861, -0.5915979, -0.7919687), (-0.09250163, -0.31471968, -0.9446666), (-0.06843838, -0.20144634, -0.9771058), (-0.072402306, -0.32282904, -0.943684), (-0.072402306, -0.32282904, -0.943684), (-0.99999994, 0.00031249344, 0.00006524424), (-0.09250163, -0.31471968, -0.9446666), (-0.99989694, -0.00951114, 0.01075433), (-0.072402306, -0.32282904, -0.943684), (-0.06843838, -0.20144634, -0.9771058), (-0.06843838, -0.20144634, -0.9771058), (-0.094881065, -0.08250496, -0.9920638), (-0.09194646, -0.10818047, -0.9898702), (-0.09194646, -0.10818047, -0.9898702), (-0.99989694, -0.00951114, 0.01075433), (-0.06843838, -0.20144634, -0.9771058), (-0.9998804, -0.012762575, -0.008743811), (-0.09194646, -0.10818047, -0.9898702), (-0.094881065, -0.08250496, -0.9920638), (-0.094881065, -0.08250496, -0.9920638), (-0.10309082, 0.15028979, -0.98325247), (-0.13875361, 0.027976317, -0.98993176), (-0.13875361, 0.027976317, -0.98993176), (-0.9998804, -0.012762575, -0.008743811), (-0.094881065, -0.08250496, -0.9920638), (-0.9998664, 0.0093839755, -0.013379753), (-0.13875361, 0.027976317, -0.98993176), (-0.10309082, 0.15028979, -0.98325247), (-0.10309082, 0.15028979, -0.98325247), (-0.105481215, 0.32095817, -0.9412012), (-0.09224066, 0.18087, -0.97917193), (-0.09224066, 0.18087, -0.97917193), (-0.9998664, 0.0093839755, -0.013379753), (-0.10309082, 0.15028979, -0.98325247), (-0.9998982, 0.013752619, -0.0038311477), (-0.09224066, 0.18087, -0.97917193), (-0.105481215, 0.32095817, -0.9412012), (-0.105481215, 0.32095817, -0.9412012), (-0.14121173, 0.52025276, -0.8422568), (-0.9999794, 0.006119336, 0.0020171101), (-0.9999794, 0.006119336, 0.0020171101), (-0.9998982, 0.013752619, -0.0038311477), (-0.105481215, 0.32095817, -0.9412012), (-0.14121173, 0.52025276, -0.8422568), (-0.14112002, 0.7074101, -0.6925721), (-0.99999994, 0.00031258442, 0.00006529211), (-0.99999994, 0.00031258442, 0.00006529211), (-0.9999794, 0.006119336, 0.0020171101), (-0.14121173, 0.52025276, -0.8422568), (-0.14112002, 0.7074101, -0.6925721), (-0.1410514, 0.8557165, -0.49784905), (-0.99999994, 0.00031253937, 0.000065312095), (-0.99999994, 0.00031253937, 0.000065312095), (-0.99999994, 0.00031258442, 0.00006529211), (-0.14112002, 0.7074101, -0.6925721), (-0.1410514, 0.8557165, -0.49784905), (-0.1410548, 0.95371234, -0.2655872), (-0.99999994, 0.00031245025, 0.00006522778), (-0.99999994, 0.00031245025, 0.00006522778), (-0.99999994, 0.00031253937, 0.000065312095), (-0.1410514, 0.8557165, -0.49784905), (-0.1410548, 0.95371234, -0.2655872), (-0.14097652, 0.9894378, -0.03373956), (-0.99999994, 0.00031257933, 0.00006522899), (-0.99999994, 0.00031257933, 0.00006522899), (-0.99999994, 0.00031245025, 0.00006522778), (-0.1410548, 0.95371234, -0.2655872), (-0.14097652, 0.9894378, -0.03373956), (-0.14095813, 0.970122, 0.19746941), (-0.9999658, -0.005088007, -0.0065228348), (-0.9999658, -0.005088007, -0.0065228348), (-0.99999994, 0.00031257933, 0.00006522899), (-0.14097652, 0.9894378, -0.03373956), (-0.14095813, 0.970122, 0.19746941), (-0.1347202, 0.8986206, 0.41753045), (-0.99997467, -0.0066372775, -0.0025706836), (-0.99997467, -0.0066372775, -0.0025706836), (-0.9999658, -0.005088007, -0.0065228348), (-0.14095813, 0.970122, 0.19746941), (-0.1347202, 0.8986206, 0.41753045), (-0.13814023, 0.7966027, 0.5885078), (-0.9999783, -0.005397573, -0.0037883997), (-0.9999783, -0.005397573, -0.0037883997), (-0.99997467, -0.0066372775, -0.0025706836), (-0.1347202, 0.8986206, 0.41753045), (-0.13814023, 0.7966027, 0.5885078), (-0.14418048, 0.64981306, 0.7462942), (-0.9999783, -0.005397573, -0.0037883997), (-0.9999659, 0.0022254423, -0.007957865), (-0.9999783, -0.005397573, -0.0037883997), (-0.14418048, 0.64981306, 0.7462942), (0.024700843, -0.5609423, -0.82748634), (-0.99975723, 0.015094634, 0.016052384), (-0.052278668, -0.5557158, -0.82972705), (-0.052278668, -0.5557158, -0.82972705), (-0.10785483, -0.7290069, -0.6759559), (-0.99997413, -0.0006599626, -0.0071705566), (-0.99997413, -0.0006599626, -0.0071705566), (0.024700843, -0.5609423, -0.82748634), (-0.052278668, -0.5557158, -0.82972705), (0.07172688, -0.91387165, -0.39961737), (-0.99997413, -0.0006599626, -0.0071705566), (-0.10785483, -0.7290069, -0.6759559), (-0.10785483, -0.7290069, -0.6759559), (-0.1018615, -0.85378385, -0.51056576), (-0.9999798, -0.0046757855, -0.004310809), (-0.9999798, -0.0046757855, -0.004310809), (0.07172688, -0.91387165, -0.39961737), (-0.10785483, -0.7290069, -0.6759559), (0.07029227, -0.96799433, -0.2409274), (-0.9999798, -0.0046757855, -0.004310809), (-0.1018615, -0.85378385, -0.51056576), (-0.1018615, -0.85378385, -0.51056576), (-0.10266255, -0.9241369, -0.36801016), (-0.99997735, -0.005865719, -0.0033101335), (-0.99997735, -0.005865719, -0.0033101335), (0.07029227, -0.96799433, -0.2409274), (-0.1018615, -0.85378385, -0.51056576), (0.06842241, -0.9927935, -0.09838391), (-0.99997735, -0.005865719, -0.0033101335), (-0.10266255, -0.9241369, -0.36801016), (-0.10266255, -0.9241369, -0.36801016), (-0.10404497, -0.9661403, -0.23610966), (-0.9999757, -0.006388222, -0.002823347), (-0.9999757, -0.006388222, -0.002823347), (0.06842241, -0.9927935, -0.09838391), (-0.10266255, -0.9241369, -0.36801016), (0.06794186, -0.996954, 0.038296733), (-0.9999757, -0.006388222, -0.002823347), (-0.10404497, -0.9661403, -0.23610966), (-0.10404497, -0.9661403, -0.23610966), (-0.10382724, -0.9891333, -0.104092844), (-0.9999734, -0.0070921057, -0.0017434264), (-0.9999734, -0.0070921057, -0.0017434264), (0.06794186, -0.996954, 0.038296733), (-0.10404497, -0.9661403, -0.23610966), (0.06736487, -0.98280203, 0.17193694), (-0.9999734, -0.0070921057, -0.0017434264), (-0.10382724, -0.9891333, -0.104092844), (-0.10382724, -0.9891333, -0.104092844), (-0.10224907, -0.9947374, 0.0065416666), (-0.999911, -0.0067263413, -0.011524528), (-0.999911, -0.0067263413, -0.011524528), (0.06736487, -0.98280203, 0.17193694), (-0.10382724, -0.9891333, -0.104092844), (0.07127122, -0.9439672, 0.32225192), (-0.999911, -0.0067263413, -0.011524528), (-0.10224907, -0.9947374, 0.0065416666), (-0.10224907, -0.9947374, 0.0065416666), (-0.1418401, -0.9893715, 0.032024354), (-0.9999667, -0.0017497487, -0.007979815), (-0.9999667, -0.0017497487, -0.007979815), (0.07127122, -0.9439672, 0.32225192), (-0.10224907, -0.9947374, 0.0065416666), (-0.1418401, -0.9893715, 0.032024354), (-0.14189169, -0.9809594, 0.13261005), (-0.99999994, 0.00031262322, 0.00006531071), (-0.99999994, 0.00031262322, 0.00006531071), (-0.9999667, -0.0017497487, -0.007979815), (-0.1418401, -0.9893715, 0.032024354), (-0.14189169, -0.9809594, 0.13261005), (-0.141904, -0.96043164, 0.2396549), (-0.99999994, 0.00031250546, 0.000065203916), (-0.99999994, 0.00031250546, 0.000065203916), (-0.99999994, 0.00031262322, 0.00006531071), (-0.14189169, -0.9809594, 0.13261005), (-0.141904, -0.96043164, 0.2396549), (-0.14190523, -0.9260687, 0.34965655), (-0.99999994, 0.0003125069, 0.00006528367), (-0.99999994, 0.0003125069, 0.00006528367), (-0.99999994, 0.00031250546, 0.000065203916), (-0.141904, -0.96043164, 0.2396549), (-0.14190523, -0.9260687, 0.34965655), (-0.14189, -0.8775473, 0.45801544), (-0.99999994, 0.0003125349, 0.00006526835), (-0.99999994, 0.0003125349, 0.00006526835), (-0.99999994, 0.0003125069, 0.00006528367), (-0.14190523, -0.9260687, 0.34965655), (-0.14189, -0.8775473, 0.45801544), (-0.14185944, -0.81630427, 0.5599315), (-0.99999994, 0.00031256786, 0.00006528417), (-0.99999994, 0.00031256786, 0.00006528417), (-0.99999994, 0.0003125349, 0.00006526835), (-0.14189, -0.8775473, 0.45801544), (-0.14185944, -0.81630427, 0.5599315), (-0.14181654, -0.74537474, 0.6513867), (-0.99999994, 0.00031258113, 0.0000652299), (-0.99999994, 0.00031258113, 0.0000652299), (-0.99999994, 0.00031256786, 0.00006528417), (-0.14185944, -0.81630427, 0.5599315), (-0.14181654, -0.74537474, 0.6513867), (-0.14177226, -0.66839, 0.73017496), (-0.99999994, 0.00031262322, 0.00006531071), (-0.99999994, 0.00031262322, 0.00006531071), (-0.99999994, 0.00031258113, 0.0000652299), (-0.14181654, -0.74537474, 0.6513867), (-0.14177226, -0.66839, 0.73017496), (-0.14175521, -0.58227783, 0.80053616), (-0.99999994, 0.00031262322, 0.00006531071), (-0.99999994, 0.00031262322, 0.00006531071), (-0.99999994, 0.00031262322, 0.00006531071), (-0.14177226, -0.66839, 0.73017496), (-0.14175521, -0.58227783, 0.80053616), (-0.14173241, -0.48500377, 0.8629503), (-0.99995893, 0.009023275, 0.0009086221), (-0.99995893, 0.009023275, 0.0009086221), (-0.99999994, 0.00031262322, 0.00006531071), (-0.14175521, -0.58227783, 0.80053616), (-0.14173241, -0.48500377, 0.8629503), (-0.14169537, -0.3800648, 0.91404235), (-0.99998, 0.0028254243, -0.005664755), (-0.99998, 0.0028254243, -0.005664755), (-0.99995893, 0.009023275, 0.0009086221), (-0.14173241, -0.48500377, 0.8629503), (-0.14169537, -0.3800648, 0.91404235), (-0.14164422, -0.27184722, 0.95185935), (-0.99998075, 0.0021201286, -0.005843333), (-0.99998075, 0.0021201286, -0.005843333), (-0.99998, 0.0028254243, -0.005664755), (-0.14169537, -0.3800648, 0.91404235), (-0.14164422, -0.27184722, 0.95185935), (-0.141589, -0.1648265, 0.976107), (-0.99985385, 0.013883254, -0.00998767), (-0.99985385, 0.013883254, -0.00998767), (-0.99998075, 0.0021201286, -0.005843333), (-0.14164422, -0.27184722, 0.95185935), (-0.141589, -0.1648265, 0.976107), (-0.14153616, -0.06288879, 0.9879335), (-0.99988914, 0.001505489, -0.01481428), (-0.99988914, 0.001505489, -0.01481428), (-0.99985385, 0.013883254, -0.00998767), (-0.141589, -0.1648265, 0.976107), (-0.14153616, -0.06288879, 0.9879335), (-0.14148504, 0.031575408, 0.9894367), (-0.9998905, 0.00038712742, -0.014796267), (-0.9998905, 0.00038712742, -0.014796267), (-0.99988914, 0.001505489, -0.01481428), (-0.14153616, -0.06288879, 0.9879335), (-0.14148504, 0.031575408, 0.9894367), (-0.14147212, 0.12814361, 0.9816134), (-0.99989164, -0.0013591244, -0.014660257), (-0.99989164, -0.0013591244, -0.014660257), (-0.9998905, 0.00038712742, -0.014796267), (-0.14148504, 0.031575408, 0.9894367), (-0.14147212, 0.12814361, 0.9816134), (-0.14147018, 0.23147824, 0.9624989), (-0.99982154, -0.018829595, -0.0015564755), (-0.99982154, -0.018829595, -0.0015564755), (-0.99989164, -0.0013591244, -0.014660257), (-0.14147212, 0.12814361, 0.9816134), (-0.14147018, 0.23147824, 0.9624989), (-0.14146319, 0.33842772, 0.9302982), (-0.99999994, 0.00031251376, 0.00006524031), (-0.99999994, 0.00031251376, 0.00006524031), (-0.99982154, -0.018829595, -0.0015564755), (-0.14147018, 0.23147824, 0.9624989), (-0.14146319, 0.33842772, 0.9302982), (-0.14144287, 0.44482064, 0.88438034), (-0.99999994, 0.00031252648, 0.00006520672), (-0.99999994, 0.00031252648, 0.00006520672), (-0.99999994, 0.00031251376, 0.00006524031), (-0.14146319, 0.33842772, 0.9302982), (-0.14144287, 0.44482064, 0.88438034), (-0.14141276, 0.54611, 0.8256916), (-0.99999994, 0.00031254525, 0.00006519783), (-0.99999994, 0.00031254525, 0.00006519783), (-0.99999994, 0.00031252648, 0.00006520672), (-0.14144287, 0.44482064, 0.88438034), (-0.14141276, 0.54611, 0.8256916), (-0.1413761, 0.63818663, 0.75678974), (-0.99999994, 0.00031246353, 0.000065313354), (-0.99999994, 0.00031246353, 0.000065313354), (-0.99999994, 0.00031254525, 0.00006519783), (-0.14141276, 0.54611, 0.8256916), (-0.1413761, 0.63818663, 0.75678974), (-0.14134763, 0.71911, 0.6803687), (-0.99999994, 0.00031262185, 0.00006522783), (-0.99999994, 0.00031262185, 0.00006522783), (-0.99999994, 0.00031246353, 0.000065313354), (-0.1413761, 0.63818663, 0.75678974), (-0.14134763, 0.71911, 0.6803687), (-0.14135219, 0.79262173, 0.5931023), (-0.99999994, 0.00031254056, 0.000065230735), (-0.99999994, 0.00031254056, 0.000065230735), (-0.99999994, 0.00031262185, 0.00006522783), (-0.14134763, 0.71911, 0.6803687), (-0.14135219, 0.79262173, 0.5931023), (-0.1413472, 0.8580484, 0.49373472), (-0.99999994, 0.00031259414, 0.00006520207), (-0.99999994, 0.00031259414, 0.00006520207), (-0.99999994, 0.00031254056, 0.000065230735), (-0.14135219, 0.79262173, 0.5931023), (-0.1413472, 0.8580484, 0.49373472), (-0.14133501, 0.911443, 0.38638857), (-0.99999994, 0.00031262144, 0.00006520215), (-0.99999994, 0.00031262144, 0.00006520215), (-0.99999994, 0.00031259414, 0.00006520207), (-0.1413472, 0.8580484, 0.49373472), (-0.14133501, 0.911443, 0.38638857), (-0.141316, 0.95076185, 0.27582932), (-0.99999994, 0.0003125644, 0.00006522558), (-0.99999994, 0.0003125644, 0.00006522558), (-0.99999994, 0.00031262144, 0.00006520215), (-0.14133501, 0.911443, 0.38638857), (-0.141316, 0.95076185, 0.27582932), (-0.14129202, 0.9758003, 0.16688462), (-0.99999994, 0.00031250805, 0.00006529108), (-0.99999994, 0.00031250805, 0.00006529108), (-0.99999994, 0.0003125644, 0.00006522558), (-0.141316, 0.95076185, 0.27582932), (-0.14129202, 0.9758003, 0.16688462), (-0.077417456, 0.98935974, 0.12318283), (-0.999949, 0.002543944, -0.009785053), (-0.999949, 0.002543944, -0.009785053), (-0.99999994, 0.00031250805, 0.00006529108), (-0.14129202, 0.9758003, 0.16688462), (-0.077417456, 0.98935974, 0.12318283), (-0.04545223, 0.9971501, -0.06021543), (-0.051911395, 0.9914439, 0.1197674), (-0.051911395, 0.9914439, 0.1197674), (-0.999949, 0.002543944, -0.009785053), (-0.077417456, 0.98935974, 0.12318283), (-0.999682, -0.02477785, -0.004693686), (-0.051911395, 0.9914439, 0.1197674), (-0.04545223, 0.9971501, -0.06021543), (-0.04545223, 0.9971501, -0.06021543), (-0.03428363, 0.99289006, -0.11399121), (-0.06444414, 0.99767816, 0.022028953), (-0.06444414, 0.99767816, 0.022028953), (-0.999682, -0.02477785, -0.004693686), (-0.04545223, 0.9971501, -0.06021543), (-0.99972296, -0.023129255, 0.0043644453), (-0.06444414, 0.99767816, 0.022028953), (-0.03428363, 0.99289006, -0.11399121), (-0.03428363, 0.99289006, -0.11399121), (-0.034295168, 0.9662737, -0.25522363), (-0.0639925, 0.99148774, -0.113388896), (-0.0639925, 0.99148774, -0.113388896), (-0.99972296, -0.023129255, 0.0043644453), (-0.03428363, 0.99289006, -0.11399121), (-0.99943286, -0.03172625, 0.011294363), (-0.0639925, 0.99148774, -0.113388896), (-0.034295168, 0.9662737, -0.25522363), (-0.034295168, 0.9662737, -0.25522363), (-0.034029294, 0.9171038, -0.39719352), (-0.06371374, 0.96453595, -0.25614637), (-0.06371374, 0.96453595, -0.25614637), (-0.99943286, -0.03172625, 0.011294363), (-0.034295168, 0.9662737, -0.25522363), (-0.99976, -0.019326039, 0.010326427), (-0.06371374, 0.96453595, -0.25614637), (-0.034029294, 0.9171038, -0.39719352), (-0.034029294, 0.9171038, -0.39719352), (-0.033091515, 0.8414793, -0.539275), (-0.063202195, 0.9146509, -0.3992733), (-0.063202195, 0.9146509, -0.3992733), (-0.99976, -0.019326039, 0.010326427), (-0.034029294, 0.9171038, -0.39719352), (-0.999792, -0.016273635, 0.012295752), (-0.063202195, 0.9146509, -0.3992733), (-0.033091515, 0.8414793, -0.539275), (-0.033091515, 0.8414793, -0.539275), (-0.03328277, 0.73695594, -0.6751208), (-0.062729605, 0.8362258, -0.54478556), (-0.062729605, 0.8362258, -0.54478556), (-0.999792, -0.016273635, 0.012295752), (-0.033091515, 0.8414793, -0.539275), (-0.9995418, -0.020398116, 0.022361325), (-0.062729605, 0.8362258, -0.54478556), (-0.03328277, 0.73695594, -0.6751208), (-0.03328277, 0.73695594, -0.6751208), (-0.03447901, 0.61224717, -0.7899143), (-0.06260428, 0.72981954, -0.68076736), (-0.06260428, 0.72981954, -0.68076736), (-0.9995418, -0.020398116, 0.022361325), (-0.03328277, 0.73695594, -0.6751208), (-0.9998185, -0.010303446, 0.016024027), (-0.06260428, 0.72981954, -0.68076736), (-0.03447901, 0.61224717, -0.7899143), (-0.03447901, 0.61224717, -0.7899143), (-0.03524231, 0.48979205, -0.8711268), (-0.0637329, 0.6055095, -0.79328215), (-0.0637329, 0.6055095, -0.79328215), (-0.9998185, -0.010303446, 0.016024027), (-0.03447901, 0.61224717, -0.7899143), (-0.9998586, -0.007022295, 0.015279332), (-0.0637329, 0.6055095, -0.79328215), (-0.03524231, 0.48979205, -0.8711268), (-0.03524231, 0.48979205, -0.8711268), (-0.035264306, 0.36749715, -0.9293558), (-0.06505817, 0.49058554, -0.868961), (-0.06505817, 0.49058554, -0.868961), (-0.9998586, -0.007022295, 0.015279332), (-0.03524231, 0.48979205, -0.8711268), (-0.99959666, -0.0079711275, 0.027261972), (-0.06505817, 0.49058554, -0.868961), (-0.035264306, 0.36749715, -0.9293558), (-0.035264306, 0.36749715, -0.9293558), (-0.03537672, 0.23416246, -0.97155374), (-0.064726144, 0.3703171, -0.92664766), (-0.064726144, 0.3703171, -0.92664766), (-0.99959666, -0.0079711275, 0.027261972), (-0.035264306, 0.36749715, -0.9293558), (-0.99961776, -0.01824171, 0.020778699), (-0.064726144, 0.3703171, -0.92664766), (-0.03537672, 0.23416246, -0.97155374), (-0.03537672, 0.23416246, -0.97155374), (-0.09657871, -0.048823874, -0.9941271), (-0.06454849, 0.23602578, -0.9696006), (-0.06454849, 0.23602578, -0.9696006), (-0.99961776, -0.01824171, 0.020778699), (-0.03537672, 0.23416246, -0.97155374), (-0.99989736, 0.010543398, 0.009704575), (-0.06454849, 0.23602578, -0.9696006), (-0.09657871, -0.048823874, -0.9941271), (-0.09657871, -0.048823874, -0.9941271), (-0.12172058, -0.05804204, -0.9908659), (-0.99997884, 0.00056791666, 0.006499631), (-0.99997884, 0.00056791666, 0.006499631), (-0.99989736, 0.010543398, 0.009704575), (-0.09657871, -0.048823874, -0.9941271), (-0.12172058, -0.05804204, -0.9908659), (-0.08106449, -0.14769745, -0.98570496), (-0.117600136, -0.14033638, -0.98309505), (-0.117600136, -0.14033638, -0.98309505), (-0.99997884, 0.00056791666, 0.006499631), (-0.12172058, -0.05804204, -0.9908659), (-0.9999187, -0.010689908, -0.0069537307), (-0.117600136, -0.14033638, -0.98309505), (-0.08106449, -0.14769745, -0.98570496), (-0.08106449, -0.14769745, -0.98570496), (-0.033623353, -0.32988912, -0.9434207), (-0.061767213, -0.10865699, -0.99215853), (-0.061767213, -0.10865699, -0.99215853), (-0.9999187, -0.010689908, -0.0069537307), (-0.08106449, -0.14769745, -0.98570496), (-0.99968755, 0.0148658585, 0.0200957), (-0.061767213, -0.10865699, -0.99215853), (-0.033623353, -0.32988912, -0.9434207), (-0.033623353, -0.32988912, -0.9434207), (-0.052278668, -0.5557158, -0.82972705), (-0.072009444, -0.40897307, -0.909701), (-0.072009444, -0.40897307, -0.909701), (-0.99968755, 0.0148658585, 0.0200957), (-0.033623353, -0.32988912, -0.9434207), (-0.99975723, 0.015094634, 0.016052384), (-0.072009444, -0.40897307, -0.909701), (-0.052278668, -0.5557158, -0.82972705), (0.00031149894, 0.99986285, -0.016558314), (-0.14132595, 0.016669387, 0.98982286), (-0.99999994, 0.00031257118, 0.00006531157), (-0.99999994, 0.00031257118, 0.00006531157), (-0.99999994, 0.00031258652, 0.00006528233), (0.00031149894, 0.99986285, -0.016558314), (-0.14132595, 0.016669387, 0.98982286), (-0.1413409, 0.021278705, 0.98973227), (-0.9999998, 0.0002821195, -0.00055451144), (-0.9999998, 0.0002821195, -0.00055451144), (-0.99999994, 0.00031257118, 0.00006531157), (-0.14132595, 0.016669387, 0.98982286), (-0.1413409, 0.021278705, 0.98973227), (-0.13289262, 0.073012106, 0.98843765), (-0.99998254, -0.005909621, 0.00016441592), (-0.99998254, -0.005909621, 0.00016441592), (-0.9999998, 0.0002821195, -0.00055451144), (-0.1413409, 0.021278705, 0.98973227), (-0.13289262, 0.073012106, 0.98843765), (-0.13159122, 0.19166444, 0.9725989), (-0.9999479, 0.008187493, -0.0060992604), (-0.9999479, 0.008187493, -0.0060992604), (-0.99998254, -0.005909621, 0.00016441592), (-0.13289262, 0.073012106, 0.98843765), (-0.13159122, 0.19166444, 0.9725989), (-0.14794068, 0.29216376, 0.9448566), (-0.9999884, -0.00025088192, 0.004814415), (-0.9999884, -0.00025088192, 0.004814415), (-0.9999479, 0.008187493, -0.0060992604), (-0.13159122, 0.19166444, 0.9725989), (-0.99986166, -0.012129461, 0.011391291), (-0.9999884, -0.00025088192, 0.004814415), (-0.14794068, 0.29216376, 0.9448566), (-0.14794068, 0.29216376, 0.9448566), (-0.13279223, 0.46434557, 0.87564236), (-0.99986166, -0.012129461, 0.011391291), (-0.99996483, 0.0076767677, -0.0033980059), (-0.99986166, -0.012129461, 0.011391291), (-0.13279223, 0.46434557, 0.87564236), (-0.13279223, 0.46434557, 0.87564236), (-0.13142112, 0.6505249, 0.7480281), (-0.99996483, 0.0076767677, -0.0033980059), (-0.13142112, 0.6505249, 0.7480281), (-0.14287186, 0.802093, 0.5798573), (-0.99999994, 0.00031258678, 0.00006527546), (-0.99999994, 0.00031258678, 0.00006527546), (-0.99996483, 0.0076767677, -0.0033980059), (-0.13142112, 0.6505249, 0.7480281), (-0.14287186, 0.802093, 0.5798573), (-0.14485762, 0.8994618, 0.41229194), (-0.99999595, -0.002490448, -0.0013868257), (-0.99999595, -0.002490448, -0.0013868257), (-0.99999994, 0.00031258678, 0.00006527546), (-0.14287186, 0.802093, 0.5798573), (-0.14485762, 0.8994618, 0.41229194), (-0.14535265, 0.95729834, 0.24990503), (-0.999716, 0.010420958, -0.021436736), (-0.999716, 0.010420958, -0.021436736), (-0.99999595, -0.002490448, -0.0013868257), (-0.14485762, 0.8994618, 0.41229194), (-0.14535265, 0.95729834, 0.24990503), (-0.15025805, 0.98104995, 0.1223255), (-0.999994, 0.0034499809, 0.0005313762), (-0.999994, 0.0034499809, 0.0005313762), (-0.999716, 0.010420958, -0.021436736), (-0.14535265, 0.95729834, 0.24990503), (-0.15025805, 0.98104995, 0.1223255), (-0.14109652, 0.98957676, -0.028804401), (-0.9998004, -0.00947601, 0.017593067), (-0.9998004, -0.00947601, 0.017593067), (-0.999994, 0.0034499809, 0.0005313762), (-0.15025805, 0.98104995, 0.1223255), (-0.14109652, 0.98957676, -0.028804401), (-0.14142138, 0.97849274, -0.15017346), (-0.9998699, 0.00068915804, 0.0161195), (-0.9998699, 0.00068915804, 0.0161195), (-0.9998004, -0.00947601, 0.017593067), (-0.14109652, 0.98957676, -0.028804401), (-0.14142138, 0.97849274, -0.15017346), (-0.14144456, 0.94535166, -0.2937749), (-0.9999542, 0.0038172721, -0.00877375), (-0.9999542, 0.0038172721, -0.00877375), (-0.9998699, 0.00068915804, 0.0161195), (-0.14142138, 0.97849274, -0.15017346), (-0.14144456, 0.94535166, -0.2937749), (-0.14147478, 0.894944, -0.42315522), (0.00031149894, 0.99986285, -0.016558314), (0.00031149894, 0.99986285, -0.016558314), (-0.9999542, 0.0038172721, -0.00877375), (-0.14144456, 0.94535166, -0.2937749), (-0.14147478, 0.894944, -0.42315522), (-0.14148685, 0.8278053, -0.54288113), (-0.99999994, 0.0003124053, 0.000065402106), (-0.99999994, 0.0003124053, 0.000065402106), (0.00031149894, 0.99986285, -0.016558314), (-0.14147478, 0.894944, -0.42315522), (-0.14148685, 0.8278053, -0.54288113), (-0.1414824, 0.74907815, -0.6471976), (-0.9999667, -0.0037100464, -0.0072745937), (-0.9999667, -0.0037100464, -0.0072745937), (-0.99999994, 0.0003124053, 0.000065402106), (-0.14148685, 0.8278053, -0.54288113), (-0.1414824, 0.74907815, -0.6471976), (-0.09158538, 0.72910583, -0.6782454), (-0.9997829, -0.015704159, -0.013694523), (-0.9997829, -0.015704159, -0.013694523), (-0.9999667, -0.0037100464, -0.0072745937), (-0.1414824, 0.74907815, -0.6471976), (-0.09158538, 0.72910583, -0.6782454), (-0.072261184, 0.06956975, 0.9949565), (0.00031149894, 0.99986285, -0.016558314), (0.00031149894, 0.99986285, -0.016558314), (-0.9997829, -0.015704159, -0.013694523), (-0.09158538, 0.72910583, -0.6782454), (-0.072261184, 0.06956975, 0.9949565), (-0.14111264, 0.989858, -0.016382659), (-0.99982774, -0.018559892, 0.00037779158), (-0.99982774, -0.018559892, 0.00037779158), (0.00031149894, 0.99986285, -0.016558314), (-0.072261184, 0.06956975, 0.9949565), (-0.14111264, 0.989858, -0.016382659), (-0.14148994, -0.016347665, -0.98980474), (-0.9999974, -0.0019250559, 0.0012685488), (-0.9999974, -0.0019250559, 0.0012685488), (-0.99982774, -0.018559892, 0.00037779158), (-0.14111264, 0.989858, -0.016382659), (-0.14148994, -0.016347665, -0.98980474), (-0.14148991, -0.016347665, -0.9898047), (-0.99999994, 0.0003125995, 0.000065265136), (-0.99999994, 0.0003125995, 0.000065265136), (-0.9999974, -0.0019250559, 0.0012685488), (-0.14148994, -0.016347665, -0.98980474), (-0.14148991, -0.016347665, -0.9898047), (-0.14233452, 0.016211398, 0.98968583), (-0.99999994, 0.00031258503, 0.000065237415), (-0.99999994, 0.00031258503, 0.000065237415), (-0.99999994, 0.0003125995, 0.000065265136), (-0.14148991, -0.016347665, -0.9898047), (-0.14233452, 0.016211398, 0.98968583), (-0.13512217, -0.013282569, 0.99074), (-0.9999805, 0.0028529, 0.0055597434), (-0.9999805, 0.0028529, 0.0055597434), (-0.99999994, 0.00031258503, 0.000065237415), (-0.14233452, 0.016211398, 0.98968583), (-0.99997324, -0.0073206564, -0.000035578818), (-0.9999805, 0.0028529, 0.0055597434), (-0.13512217, -0.013282569, 0.99074), (-0.13512217, -0.013282569, 0.99074), (-0.06587943, 0.039925124, 0.9970285), (-0.08268631, -0.029059233, 0.99615186), (-0.08268631, -0.029059233, 0.99615186), (-0.99997324, -0.0073206564, -0.000035578818), (-0.13512217, -0.013282569, 0.99074), (-0.99900913, -0.021437133, -0.039002236), (-0.08268631, -0.029059233, 0.99615186), (-0.06587943, 0.039925124, 0.9970285), (-0.06587943, 0.039925124, 0.9970285), (-0.14815423, -0.12256699, 0.9813398), (-0.99900913, -0.021437133, -0.039002236), (-0.99975336, 0.013748548, 0.017446889), (-0.99900913, -0.021437133, -0.039002236), (-0.14815423, -0.12256699, 0.9813398), (-0.14815423, -0.12256699, 0.9813398), (-0.15307336, -0.33708155, 0.92894816), (-0.99975336, 0.013748548, 0.017446889), (-0.9999969, -0.0006608162, 0.0024145313), (-0.99975336, 0.013748548, 0.017446889), (-0.15307336, -0.33708155, 0.92894816), (-0.15307336, -0.33708155, 0.92894816), (-0.13172765, -0.5974425, 0.7910186), (-0.99986595, -0.0127770975, -0.010245564), (-0.99986595, -0.0127770975, -0.010245564), (-0.9999969, -0.0006608162, 0.0024145313), (-0.15307336, -0.33708155, 0.92894816), (-0.13172765, -0.5974425, 0.7910186), (-0.13116755, -0.7842507, 0.60642064), (-0.9998831, -0.0038825772, -0.014786587), (-0.9998831, -0.0038825772, -0.014786587), (-0.99986595, -0.0127770975, -0.010245564), (-0.13172765, -0.5974425, 0.7910186), (-0.13116755, -0.7842507, 0.60642064), (-0.13642943, -0.9163384, 0.37644535), (-0.9999876, -0.002178205, -0.004479338), (-0.9999876, -0.002178205, -0.004479338), (-0.9998831, -0.0038825772, -0.014786587), (-0.13116755, -0.7842507, 0.60642064), (-0.13642943, -0.9163384, 0.37644535), (-0.13663416, -0.9835489, 0.118164465), (-0.99997836, 0.00106159, -0.006502011), (-0.99997836, 0.00106159, -0.006502011), (-0.9999876, -0.002178205, -0.004479338), (-0.13642943, -0.9163384, 0.37644535), (-0.13663416, -0.9835489, 0.118164465), (-0.14145039, -0.98024905, -0.13821639), (-0.99994034, 0.0050537363, 0.0096850665), (-0.99994034, 0.0050537363, 0.0096850665), (-0.99997836, 0.00106159, -0.006502011), (-0.13663416, -0.9835489, 0.118164465), (-0.14145039, -0.98024905, -0.13821639), (-0.15237418, -0.8662606, -0.47578844), (-0.9999877, 0.002902305, 0.004035031), (-0.9999877, 0.002902305, 0.004035031), (-0.99994034, 0.0050537363, 0.0096850665), (-0.14145039, -0.98024905, -0.13821639), (-0.9999313, 0.0074585285, -0.009048523), (-0.9999877, 0.002902305, 0.004035031), (-0.15237418, -0.8662606, -0.47578844), (-0.15237418, -0.8662606, -0.47578844), (-0.14369513, -0.63904864, -0.7556246), (-0.9999313, 0.0074585285, -0.009048523), (-0.9999667, -0.005766258, 0.0057819155), (-0.9999313, 0.0074585285, -0.009048523), (-0.14369513, -0.63904864, -0.7556246), (-0.14369513, -0.63904864, -0.7556246), (-0.14696494, -0.3721116, -0.9164793), (-0.9999667, -0.005766258, 0.0057819155), (-0.99999905, -0.0013423623, 0.00050562544), (-0.9999667, -0.005766258, 0.0057819155), (-0.14696494, -0.3721116, -0.9164793), (-0.14696494, -0.3721116, -0.9164793), (-0.14772126, -0.15761796, -0.9763889), (-0.99999905, -0.0013423623, 0.00050562544), (-0.9999699, -0.0077624354, -0.000039806862), (-0.99999905, -0.0013423623, 0.00050562544), (-0.14772126, -0.15761796, -0.9763889), (-0.14772126, -0.15761796, -0.9763889), (-0.09179077, -0.08030572, -0.9925349), (-0.9999699, -0.0077624354, -0.000039806862), (-0.9999819, 0.000013877038, -0.0060128435), (-0.9999699, -0.0077624354, -0.000039806862), (-0.09179077, -0.08030572, -0.9925349), (-0.09179077, -0.08030572, -0.9925349), (-0.12956867, -0.031888533, -0.9910576), (-0.026519924, -0.15351182, -0.98779094), (-0.026519924, -0.15351182, -0.98779094), (-0.9999819, 0.000013877038, -0.0060128435), (-0.09179077, -0.08030572, -0.9925349), (-0.99999505, 0.0028386407, -0.0013467554), (-0.026519924, -0.15351182, -0.98779094), (-0.12956867, -0.031888533, -0.9910576), (-0.12956867, -0.031888533, -0.9910576), (0.00031149894, 0.99986285, -0.016558314), (-0.99999994, 0.00031258652, 0.00006528233), (-0.99999994, 0.00031258652, 0.00006528233), (-0.99999505, 0.0028386407, -0.0013467554), (-0.12956867, -0.031888533, -0.9910576), (-0.9998662, 0.0052724998, -0.0154909), (-0.11453407, 0.9596319, -0.25688237), (-0.9997887, 0.018073833, -0.009799904), (-0.11505431, -0.035230212, 0.9927344), (-0.09414509, 0.2045989, 0.97430795), (-0.110374324, 0.031710204, 0.9933841), (-0.99987227, 0.008783755, -0.013349686), (-0.9998857, -0.008219521, -0.012693429), (-0.10873204, -0.058326494, -0.9923585), (-0.99989426, 0.013306994, -0.005874164), (-0.99987227, 0.008783755, -0.013349686), (-0.10854235, 0.055951774, -0.992516), (-0.9999572, -0.0011984905, 0.009185307), (-0.115104645, -0.96274513, 0.24468927), (-0.99966383, -0.005128763, 0.025415827), (-0.99966383, -0.005128763, 0.025415827), (-0.12532659, -0.881768, 0.45472896), (-0.9996526, -0.0259158, -0.0048005646), (-0.9995886, 0.021222543, -0.019297056), (-0.11451325, 0.82208407, 0.55773157), (-0.99972975, 0.02236404, -0.006366565), (-0.99972975, 0.02236404, -0.006366565), (-0.12475342, 0.9234412, 0.36289552), (-0.9995365, 0.010488012, 0.02858044), (-0.99998444, 0.0051192273, 0.0022502951), (-0.11467844, 0.9933579, -0.009443554), (-0.9996805, 0.01781978, -0.017928028), (-0.9996805, 0.01781978, -0.017928028), (-0.09248808, 0.96800566, -0.23326162), (-0.999721, 0.022640312, -0.0067500197), (-0.999721, 0.022640312, -0.0067500197), (-0.12472878, 0.8767414, -0.46450776), (-0.99958664, 0.02835397, 0.004755823), (-0.9998804, -0.012762575, -0.008743811), (-0.13875361, 0.027976317, -0.98993176), (-0.9998664, 0.0093839755, -0.013379753), (-0.99997884, 0.00056791666, 0.006499631), (-0.117600136, -0.14033638, -0.98309505), (-0.9999187, -0.010689908, -0.0069537307), (-0.99995714, 0.0072062095, 0.005830444), (-0.99969524, -0.018842554, -0.015954144), (-0.06731305, -0.004000711, 0.9977239), (-0.9999185, 0.0036245848, -0.012245402), (-0.06731305, -0.004000711, 0.9977239), (-0.99969524, -0.018842554, -0.015954144), (-0.9999655, -0.0006709234, -0.008281958), (0.00031149894, 0.99986285, -0.016558314), (-0.99973327, 0.003003151, 0.022901319), (-0.99997747, 0.00040217358, -0.0066993614), (-0.99973327, 0.003003151, 0.022901319), (0.00031149894, 0.99986285, -0.016558314), (-0.99997747, 0.00040217358, -0.0066993614), (-0.06810847, 0.5673609, -0.82064784), (-0.9997047, -0.0029562807, 0.024121426), (-0.99996376, 0.001462296, -0.00839601), (-0.9997047, -0.0029562807, 0.024121426), (-0.06810847, 0.5673609, -0.82064784), (-0.99996287, -0.0005016827, 0.0086131515), (-0.9997105, 0.0025973662, -0.023921728), (-0.068313375, -0.5726719, 0.81693345), (-0.99997705, 0.0005646416, 0.006763368), (-0.068313375, -0.5726719, 0.81693345), (-0.9997105, 0.0025973662, -0.023921728), (-0.99997705, 0.0005646416, 0.006763368), (-0.999735, -0.0032826543, -0.022787917), (0.00031149894, 0.99986285, -0.016558314), (-0.9999655, 0.001586468, 0.008162906), (0.00031149894, 0.99986285, -0.016558314), (-0.999735, -0.0032826543, -0.022787917), (-0.9999807, -0.0062259496, 0.00017347359), (-0.9999896, -0.00120341, -0.004407759), (0.000077908284, 0.045574985, 0.9989609), (-0.9997463, -0.014570511, -0.017177414), (0.000077908284, 0.045574985, 0.9989609), (-0.9999896, -0.00120341, -0.004407759), (-0.999996, 0.0027799846, -0.00058676663), (-0.99998087, -0.00534007, -0.003115222), (-0.026323825, -0.15597703, -0.98740983), (-0.09414509, 0.2045989, 0.97430795), (-0.17339778, 0.3035666, 0.9368994), (0.036822688, 0.44795948, 0.8932952), (-0.9999805, 0.0062600262, 0.000087825596), (-0.99989426, 0.013306994, -0.005874164), (-0.02135106, 0.27045068, -0.962497), (-0.11505431, -0.035230212, 0.9927344), (0.0012731872, -0.008284707, 0.99996483), (0.00031149894, 0.99986285, -0.016558314), (-0.1414734, -0.35691646, 0.92336124), (0.00031149894, 0.99986285, -0.016558314), (-0.018149007, -0.2707195, 0.9624873), (-0.9998857, -0.008219521, -0.012693429), (-0.99991786, -0.012478002, -0.00291545), (-0.0144585995, -0.17771925, -0.9839751), (-0.9999207, 0.0031929929, 0.012189316), (-0.9993765, 0.03526735, 0.001753916), (-0.99991804, 0.0019234841, 0.01266525), (-0.99996316, -0.0028438382, 0.00810007), (-0.99670833, -0.0094433725, -0.08051926), (0.00007971355, 0.046294905, 0.99892783), (-0.99999994, 0.00031257424, 0.00006526332), (0.00007971355, 0.046294905, 0.99892783), (-0.99670833, -0.0094433725, -0.08051926), (-0.9998189, 0.000040343548, -0.019029234), (-0.9999915, 0.0021973047, -0.0034968087), (-0.031012392, 0.39358863, 0.9187634), (-0.9999859, 0.00045066478, -0.005311308), (-0.9998189, 0.000040343548, -0.019029234), (-0.03151914, 0.21653141, 0.97576684), (-0.9999859, 0.00045066478, -0.005311308), (-0.09091149, -0.03807428, 0.9951309), (-0.9996941, -0.007443183, -0.023586085), (-0.99997973, 0.0029538404, -0.005654204), (-0.9996941, -0.007443183, -0.023586085), (-0.08232184, -0.2477155, 0.9653291), (-0.9998664, 0.0093839755, -0.013379753), (-0.09224066, 0.18087, -0.97917193), (-0.9998982, 0.013752619, -0.0038311477), (-0.9998804, -0.012762575, -0.008743811), (-0.99989694, -0.00951114, 0.01075433), (-0.09194646, -0.10818047, -0.9898702), (-0.99999994, 0.00031249344, 0.00006524424), (-0.072402306, -0.32282904, -0.943684), (-0.99989694, -0.00951114, 0.01075433), (-0.99997413, -0.0006599626, -0.0071705566), (-0.99975723, 0.015094634, 0.016052384), (0.024700843, -0.5609423, -0.82748634), (-0.99968755, 0.0148658585, 0.0200957), (-0.072009444, -0.40897307, -0.909701), (-0.99975723, 0.015094634, 0.016052384), (-0.9999798, -0.0046757855, -0.004310809), (-0.99997413, -0.0006599626, -0.0071705566), (0.07172688, -0.91387165, -0.39961737), (-0.9999187, -0.010689908, -0.0069537307), (-0.061767213, -0.10865699, -0.99215853), (-0.99968755, 0.0148658585, 0.0200957), (-0.99997735, -0.005865719, -0.0033101335), (-0.9999798, -0.0046757855, -0.004310809), (0.07029227, -0.96799433, -0.2409274), (-0.9999757, -0.006388222, -0.002823347), (-0.99997735, -0.005865719, -0.0033101335), (0.06842241, -0.9927935, -0.09838391), (-0.9999734, -0.0070921057, -0.0017434264), (-0.9999757, -0.006388222, -0.002823347), (0.06794186, -0.996954, 0.038296733), (-0.99961776, -0.01824171, 0.020778699), (-0.06454849, 0.23602578, -0.9696006), (-0.99989736, 0.010543398, 0.009704575), (-0.999911, -0.0067263413, -0.011524528), (-0.9999734, -0.0070921057, -0.0017434264), (0.06736487, -0.98280203, 0.17193694), (-0.99959666, -0.0079711275, 0.027261972), (-0.064726144, 0.3703171, -0.92664766), (-0.99961776, -0.01824171, 0.020778699), (-0.9999667, -0.0017497487, -0.007979815), (-0.999911, -0.0067263413, -0.011524528), (0.07127122, -0.9439672, 0.32225192), (-0.9998586, -0.007022295, 0.015279332), (-0.06505817, 0.49058554, -0.868961), (-0.99959666, -0.0079711275, 0.027261972), (-0.9998185, -0.010303446, 0.016024027), (-0.0637329, 0.6055095, -0.79328215), (-0.9998586, -0.007022295, 0.015279332), (-0.9995418, -0.020398116, 0.022361325), (-0.06260428, 0.72981954, -0.68076736), (-0.9998185, -0.010303446, 0.016024027), (-0.999792, -0.016273635, 0.012295752), (-0.062729605, 0.8362258, -0.54478556), (-0.9995418, -0.020398116, 0.022361325), (-0.99976, -0.019326039, 0.010326427), (-0.063202195, 0.9146509, -0.3992733), (-0.999792, -0.016273635, 0.012295752), (-0.99943286, -0.03172625, 0.011294363), (-0.06371374, 0.96453595, -0.25614637), (-0.99976, -0.019326039, 0.010326427), (-0.99972296, -0.023129255, 0.0043644453), (-0.0639925, 0.99148774, -0.113388896), (-0.99943286, -0.03172625, 0.011294363), (-0.999682, -0.02477785, -0.004693686), (-0.06444414, 0.99767816, 0.022028953), (-0.99972296, -0.023129255, 0.0043644453), (-0.999949, 0.002543944, -0.009785053), (-0.051911395, 0.9914439, 0.1197674), (-0.999682, -0.02477785, -0.004693686), (-0.99999505, 0.0028386407, -0.0013467554), (-0.9999819, 0.000013877038, -0.0060128435), (-0.026519924, -0.15351182, -0.98779094), (-0.9997829, -0.015704159, -0.013694523), (0.00031149894, 0.99986285, -0.016558314), (-0.99948436, -0.023430325, -0.021956347), (-0.99982774, -0.018559892, 0.00037779158), (-0.99948436, -0.023430325, -0.021956347), (0.00031149894, 0.99986285, -0.016558314), (-0.99997324, -0.0073206564, -0.000035578818), (-0.08268631, -0.029059233, 0.99615186), (-0.99900913, -0.021437133, -0.039002236)] (
        interpolation = "faceVarying"
    )
    point3f[] points = [(-0.0009337907, 0.011860836, -0.020239264), (-0.0009323196, 0.016584368, -0.02031749), (-0.00093268184, 0.01649915, -0.025463331), (-0.0009341532, 0.011775617, -0.025385106), (-0.0009414939, -0.012867357, -0.01982975), (-0.00093489175, 0.008326002, -0.020180725), (-0.00093525444, 0.008240784, -0.025326569), (-0.0009418561, -0.0129525745, -0.024975594), (-0.0009311596, 0.012479379, 0.017111093), (-0.0009296883, 0.017202912, 0.01703287), (-0.00093005074, 0.017117694, 0.011887025), (-0.00093152234, 0.012394159, 0.01196525), (-0.0009388625, -0.012248814, 0.017520607), (-0.0009322608, 0.008944545, 0.017169632), (-0.0009326236, 0.008859327, 0.012023789), (-0.000939225, -0.012334032, 0.012374763), (-0.00092935155, 0.012904433, 0.042777725), (-0.00092788023, 0.017627966, 0.042699497), (-0.0009282427, 0.017542748, 0.037553653), (-0.00092971406, 0.012819213, 0.037631877), (-0.0009370543, -0.01182376, 0.04318724), (-0.00093045284, 0.009369599, 0.04283626), (-0.0009308153, 0.009284381, 0.037690416), (-0.000937417, -0.011908978, 0.03804139), (-0.00093796046, 0.01114151, -0.08068019), (-0.00093657686, 0.01558351, -0.08075375), (-0.0009380996, 0.015225543, -0.10236942), (-0.00093910086, 0.010873422, -0.09686847), (-0.0009472738, -0.014226183, -0.10188168), (-0.0009413713, 0.0035847872, -0.09674776), (-0.0009416942, -0.0006077797, -0.08161207), (-0.0009403106, 0.0038342245, -0.08168563), (-0.00094275497, -0.00085721706, -0.096674204), (-0.00094550784, -0.0096943, -0.09652786), (-0.0009457112, -0.013858891, -0.07970294), (-0.0009443278, -0.0094168885, -0.07977651), (-0.0009347861, -0.011290435, 0.07539175), (-0.00093442365, -0.011205217, 0.0805376), (-0.0009314451, -0.0016438264, 0.08037926), (-0.00092818396, 0.009902923, 0.07504077), (-0.000852848, -0.0004134209, 0.0803356), (-0.000952875, 0.0012832674, 0.08041091), (-0.00093006506, 0.0027287141, 0.08058641), (-0.0009101484, 0.003833795, 0.08084939), (-0.0009293461, 0.004843976, 0.081463106), (-0.0008509378, 0.0058360053, 0.07967652), (-0.00092785124, 0.009981148, 0.07976433), (-0.0009094754, 0.0056811217, 0.08231092), (-0.000928418, 0.007872242, 0.08118119), (-0.00092810823, 0.008684197, 0.08204428), (-0.0009287621, 0.0063197883, 0.08334003), (-0.0009278402, 0.009349488, 0.082964465), (-0.00092856906, 0.0066794027, 0.08457416), (-0.0009276135, 0.009870055, 0.08394281), (-0.0009274277, 0.010247394, 0.08498119), (-0.00095692015, 0.0067029237, 0.085859485), (-0.0009272825, 0.010482123, 0.08608201), (-0.000897202, 0.0064379782, 0.08698675), (-0.00092716137, 0.010571808, 0.087510765), (-0.000882426, 0.010468719, 0.08862395), (-0.0009271169, 0.010221934, 0.08986594), (-0.0009286312, 0.0057834825, 0.08792191), (-0.00094284804, 0.009659214, 0.09121312), (-0.00092735194, 0.008962087, 0.09229784), (-0.00094320264, 0.008130741, 0.09309966), (-0.00095733, 0.004814859, 0.08862202), (-0.00092784275, 0.0071090143, 0.09365305), (-0.00090858596, 0.006092371, 0.093967654), (-0.00092918007, 0.003805295, 0.08898761), (-0.0009507832, 0.0050853197, 0.09424761), (-0.000928805, 0.0038903623, 0.094326556), (-0.00092952355, 0.0026733358, 0.089146145), (-0.00092920265, 0.0026051367, 0.09438632), (-0.00089867593, 0.001237231, 0.08930632), (-0.0009304257, -0.00024386107, 0.08928945), (-0.0009337943, -0.011057315, 0.089468524), (-0.0009334316, -0.0109720975, 0.09461439), (-0.000931872, 0.016689532, -0.013967311), (-0.0009410465, -0.0127621945, -0.013479574), (-0.0009407138, -0.01268397, -0.00875603), (-0.00086117943, -0.008415688, -0.0089831725), (-0.00093150977, 0.01677475, -0.008821468), (-0.0008569405, 0.0051034996, -0.008784642), (-0.0008919924, 0.0001653356, -0.008596322), (-0.00093606865, 0.0020338173, -0.008071602), (-0.000935651, 0.0032367122, -0.007434603), (-0.0009353067, 0.004161173, -0.00658775), (-0.00093503913, 0.0048109023, -0.005601228), (-0.0009345126, 0.0068606534, -0.00735047), (-0.0008559895, 0.0076361094, -0.0063429144), (-0.00093485054, 0.0051820376, -0.0044865), (-0.00085559255, 0.008553273, -0.0046547707), (-0.00093474257, 0.0052719894, -0.0032642027), (-0.0008553329, 0.008998622, -0.00280673), (-0.00093472586, 0.005075361, -0.0020664579), (-0.00093341194, 0.009055617, -0.0009974815), (-0.0009348085, 0.0045860824, -0.0009901185), (-0.000855196, 0.008798299, 0.0002484136), (-0.00085529493, 0.008097908, 0.0020859314), (-0.0009349897, 0.0038095154, -0.000047785947), (-0.0009337103, 0.007149257, 0.0035589195), (-0.0009338877, 0.0064236987, 0.004315776), (-0.0009352788, 0.0027219476, 0.0007319881), (-0.00093410356, 0.0055913185, 0.004995509), (-0.0009343576, 0.0046576895, 0.0055748736), (-0.0009043705, 0.0013906728, 0.0013189544), (-0.0009346507, 0.003619615, 0.0060551316), (-0.0009349835, 0.0024756524, 0.006435785), (-0.00093535625, 0.0012248727, 0.0067159757), (-0.00085792376, -0.00021191587, 0.0016077212), (-0.0009357689, -0.00013313635, 0.0068947645), (-0.00093622186, -0.0015981318, 0.006971295), (-0.00085854443, -0.00222205, 0.0017259361), (-0.0009366983, -0.0031169907, 0.006943077), (-0.0009061031, -0.0042142035, 0.0016188321), (-0.0009371491, -0.0045304312, 0.0068068355), (-0.0009375738, -0.005838034, 0.006563392), (-0.0009379197, -0.0058176047, 0.0011690006), (-0.0009379724, -0.0070401453, 0.0062136604), (-0.0009383452, -0.008137595, 0.0057584974), (-0.0009383477, -0.007057822, 0.00054787815), (-0.0009386926, -0.00913174, 0.0051984615), (-0.0009390157, -0.01002606, 0.004532229), (-0.00093930966, -0.0108125005, 0.0037884726), (-0.0009386943, -0.007994864, -0.00027245266), (-0.00086140155, -0.011581905, 0.002771765), (-0.00093896134, -0.008652806, -0.0012123092), (-0.0008617993, -0.012493975, 0.0010475303), (-0.00094026746, -0.0129585005, -0.0006080044), (-0.00093914784, -0.00902985, -0.0022630126), (-0.00089567655, -0.013000918, -0.0019930783), (-0.0009795255, -0.012893598, -0.003222367), (-0.0009392539, -0.009114802, -0.0034806868), (-0.00094038306, -0.012529751, -0.0044234474), (-0.0009403065, -0.012074956, -0.0054284604), (-0.0009401817, -0.01147761, -0.0063765235), (-0.00094000675, -0.010735641, -0.007249635), (-0.0009789383, -0.010013766, -0.008016635), (-0.00093925814, -0.008836728, -0.004876867), (-0.0009391254, -0.008154392, -0.0061103757), (-0.00090760365, -0.0071798344, -0.0071681775), (-0.0009609157, -0.0060335216, -0.0077477433), (-0.00090690167, -0.0046916665, -0.008325618), (-0.00085952604, -0.003216426, -0.008551085), (-0.0009372425, -0.0016106947, -0.008610978), (-0.0009181213, -0.0117944265, 0.03354043), (-0.00094853377, -0.007950927, 0.033133905), (-0.0009053969, -0.008282787, 0.03192155), (-0.0009602587, -0.012272686, 0.032212023), (-0.00093806244, -0.012455665, 0.030768644), (-0.0009367398, -0.008255964, 0.030913657), (-0.00091860397, -0.012468698, 0.029374845), (-0.00095228275, -0.0077467076, 0.030021116), (-0.00093820714, -0.012394471, 0.028266959), (-0.0009538352, -0.012109502, 0.027124004), (-0.0009238513, -0.011511753, 0.026102595), (-0.00093789946, -0.010799537, 0.02533673), (-0.0009233961, -0.009787335, 0.024817588), (-0.00093642337, -0.0069684554, 0.029602828), (-0.00096568535, -0.008528258, 0.024515588), (-0.0009368501, -0.0072470563, 0.024399355), (-0.0008914107, -0.0059236386, 0.029481776), (-0.0009364418, -0.0059289364, 0.024340415), (-0.0009747763, -0.004527485, 0.029477837), (-0.00093606865, -0.004727678, 0.0243112), (-0.00093301124, 0.0050862534, 0.024148677), (-0.0009326487, 0.0051714713, 0.029294517), (-0.0009319588, 0.009015516, 0.02145522), (-0.00093319645, 0.005042738, 0.021521011), (-0.0009317738, 0.009059032, 0.024082884), (-0.00093141105, 0.00914425, 0.029228725), (-0.0009323711, 0.005236745, 0.03323601), (-0.0009311339, 0.009209524, 0.03317022), (-0.0009303873, 0.013509363, 0.024009185), (-0.00085096806, 0.01633138, 0.028953243), (-0.00094366417, -0.013377629, -0.050642233), (-0.0009433014, -0.013292411, -0.045496397), (-0.0009086192, -0.0023762102, -0.045735426), (-0.0008596486, 0.004197988, -0.045942504), (-0.0009344899, 0.016074097, -0.05112997), (-0.0009341279, 0.016159315, -0.045984134), (-0.00096181955, -0.0010220627, -0.04559298), (-0.0009390382, 0.00034735803, -0.04549853), (-0.00089398044, 0.0014613132, -0.045257103), (-0.00095393666, 0.0025691912, -0.044731066), (-0.0009379319, 0.003548648, -0.043875746), (-0.00093766424, 0.0041919206, -0.04285727), (-0.0009371861, 0.0060576526, -0.04446768), (-0.000936904, 0.0067879097, -0.043643016), (-0.00093747425, 0.004558724, -0.041704576), (-0.0009366604, 0.0073860716, -0.04277687), (-0.0008582094, 0.007900758, -0.041619893), (-0.00095301616, 0.0046231966, -0.04045456), (-0.00093615626, 0.008403059, -0.039918713), (-0.000937342, 0.0044919904, -0.039360207), (-0.00093604514, 0.008482846, -0.038598794), (-0.0009359982, 0.00841292, -0.037546143), (-0.0009061245, 0.004079962, -0.03842771), (-0.0008913077, 0.008174746, -0.03646199), (-0.0009360539, 0.007759457, -0.035270363), (-0.00093759596, 0.003322781, -0.03764107), (-0.000951846, 0.0070347823, -0.03407808), (-0.0009364095, 0.0061839083, -0.033176854), (-0.00093666895, 0.005226058, -0.03256473), (-0.0009535244, 0.002298472, -0.037108544), (-0.00093697, 0.004172836, -0.032132838), (-0.000959626, 0.0031247812, -0.03184181), (-0.00093764515, 0.00193263, -0.031743087), (-0.00096062815, 0.0009835043, -0.03694063), (-0.00093806116, 0.00058466924, -0.03166066), (-0.0009074477, -0.0005086002, -0.03673103), (-0.00093842536, -0.0005876192, -0.03162616), (-0.000939183, -0.0019418407, -0.03675099), (-0.0009426726, -0.01314451, -0.036565468), (-0.0009423099, -0.013059292, -0.031419624), (-0.00094153883, -0.0027514186, -0.06896882), (-0.00086719537, -0.013643178, -0.076123014), (-0.00094505993, -0.013705778, -0.0704573), (-0.00094254804, -0.0066155414, -0.06592457), (-0.0009384137, 0.0074980445, -0.07017645), (-0.0008606676, 0.007242954, -0.07613123), (-0.0009400805, 0.0013069734, -0.066062), (-0.0009410366, -0.0024051927, -0.062932916), (-0.00094440667, -0.013552129, -0.06117933), (-0.0008657228, -0.013296927, -0.05521485), (-0.0009378364, 0.007633838, -0.06197664), (-0.0008592715, 0.007571114, -0.05631545), (-0.00089041126, -0.0069693234, 0.049803782), (-0.0009343595, -0.005628146, 0.054805446), (-0.0009026473, -0.004083472, 0.053941954), (-0.00090330467, -0.005147596, 0.048966803), (-0.0009042431, -0.008549275, 0.0508744), (-0.00090217334, -0.0024904562, 0.0535741), (-0.00090450584, -0.009627848, 0.052014023), (-0.0008559013, -0.0035400444, 0.048533898), (-0.00093467237, -0.0068727788, 0.05597301), (-0.00090469327, -0.010508234, 0.053358648), (-0.0009336091, -0.0018637824, 0.048276283), (-0.00085472804, -0.0008211673, 0.05348739), (-0.0009019015, -0.0005196917, 0.048299395), (-0.0009048077, -0.011188999, 0.054871663), (-0.0009348051, -0.0075277933, 0.057075944), (-0.0009014026, 0.0010495604, 0.04842947), (-0.00090485153, -0.011656594, 0.056439176), (-0.0009324104, 0.00086363696, 0.053581417), (-0.00090089673, 0.0025937336, 0.04878377), (-0.000934836, -0.007882369, 0.058300152), (-0.00090482546, -0.011908956, 0.058046456), (-0.00090038317, 0.0041155773, 0.049363326), (-0.00093182677, 0.002615601, 0.054132298), (-0.0009360617, -0.012025, 0.059362113), (-0.0009347663, -0.007935143, 0.05961982), (-0.00093594845, -0.011938253, 0.060680933), (-0.0008998798, 0.0055601993, 0.05015519), (-0.00093580014, -0.0117238425, 0.061925773), (-0.00093139015, 0.0038639598, 0.05484219), (-0.000934607, -0.0076896274, 0.060891263), (-0.00089942425, 0.006813653, 0.051134013), (-0.00093561667, -0.011382215, 0.06309991), (-0.0009343621, -0.007145551, 0.06203638), (-0.00089901825, 0.007869458, 0.052300215), (-0.0009353982, -0.010913556, 0.06420477), (-0.00093102234, 0.004844696, 0.055778947), (-0.00093514414, -0.010317506, 0.06524187), (-0.00089866074, 0.00873018, 0.053654425), (-0.0009340346, -0.006308431, 0.06304422), (-0.00093485456, -0.009593185, 0.06621252), (-0.00093073567, 0.0055358666, 0.056859594), (-0.0009345286, -0.008739585, 0.06711735), (-0.0008983604, 0.009380456, 0.05514364), (-0.0009336296, -0.0051866835, 0.06387597), (-0.0009341788, -0.0077893697, 0.06792466), (-0.0008981223, 0.009809689, 0.05673445), (-0.0009338176, -0.0067756632, 0.06860325), (-0.00093053334, 0.0059307897, 0.05807141), (-0.00090190116, -0.0038975375, 0.06448351), (-0.00093344506, -0.0056977076, 0.06915397), (-0.000897947, 0.010017398, 0.05842828), (-0.0009330599, -0.0045541637, 0.069577515), (-0.0009326621, -0.003343607, 0.06987411), (-0.00093041715, 0.0060272305, 0.05938859), (-0.0008544887, -0.002408337, 0.06475986), (-0.00092909596, 0.010063827, 0.060303036), (-0.0009322515, -0.0020647875, 0.070043355), (-0.0009290661, 0.009893373, 0.06157614), (-0.00093182747, -0.00071712694, 0.07008469), (-0.0009303972, 0.0058239484, 0.060667463), (-0.00085391745, -0.0005949088, 0.06482617), (-0.00093141606, 0.00061671145, 0.06999958), (-0.000929081, 0.009594908, 0.062777), (-0.0009304796, 0.005318086, 0.06182998), (-0.00093103555, 0.0018775281, 0.06979013), (-0.00092914037, 0.009168824, 0.063906975), (-0.0009316222, 0.0010675704, 0.064677715), (-0.00093068584, 0.003065889, 0.06945699), (-0.0009292445, 0.008614949, 0.06496755), (-0.00093066314, 0.0045148856, 0.0628649), (-0.00093036663, 0.004183052, 0.06900042), (-0.000929393, 0.007932561, 0.065960206), (-0.0009311246, 0.002785612, 0.064072646), (-0.00093007705, 0.005230463, 0.068420246), (-0.00092958636, 0.0071205636, 0.06688597), (-0.0009308638, 0.0037314082, 0.06354619), (-0.00092981703, 0.006209435, 0.06771567), (0.0012519839, 0.010833189, -0.080362335), (0.0012535624, 0.015900826, -0.08044626), (0.0012519956, 0.015532497, -0.10268756), (0.0012426267, -0.014544865, -0.10218946), (0.0012442331, -0.014167212, -0.079385094), (0.0012458116, -0.009099576, -0.07946902), (0.0012446315, -0.009376987, -0.096220374), (0.0012471894, -0.0011655377, -0.09635636), (0.0012482505, -0.0009161, -0.08129421), (0.0012498291, 0.0041515366, -0.08137813), (0.001248768, 0.003902099, -0.096440285), (0.0012508435, 0.010565102, -0.09655063), (0.0012517155, 0.0078130085, -0.07001073), (0.0012512197, 0.0076964614, -0.077048376), (-0.0010952302, 0.0076971967, -0.07704823), (0.0012484535, -0.0027600161, -0.06935161), (0.0012443999, -0.014127971, -0.077015504), (-0.00110205, -0.014127237, -0.07701535), (0.0012448742, -0.014016498, -0.07028432), (0.0012472952, -0.0071832514, -0.065915875), (0.001245504, -0.0138684185, -0.06134263), (0.0012459998, -0.013751871, -0.05430498), (-0.0011004503, -0.013751138, -0.05430483), (0.0012490099, -0.00240024, -0.062550455), (0.0012527435, 0.008054688, -0.055417076), (-0.0010937063, 0.008055423, -0.055416927), (0.0012522693, 0.007943204, -0.062149), (0.0012501176, 0.0018772007, -0.066065915), (0.0012525589, 0.0053919083, -0.04549307), (0.0012560118, 0.016476631, -0.04567664), (-0.0010938911, 0.0053926418, -0.04549292), (0.0012556051, 0.016381051, -0.051448114), (0.0012462361, -0.013696311, -0.050950017), (0.0012466427, -0.013600732, -0.04517854), (0.0012501627, -0.0023017286, -0.04536032), (0.0012506053, -0.000893785, -0.045319613), (0.0012509858, 0.0002961016, -0.04518992), (0.0012513717, 0.0014697987, -0.044897556), (0.0012517475, 0.0025583892, -0.04435563), (0.0012520563, 0.0033862917, -0.043587573), (0.0012522981, 0.003958313, -0.04262123), (0.0012524688, 0.0042756386, -0.041527543), (0.0012525636, 0.004342391, -0.040394243), (0.0012525711, 0.004140093, -0.03930986), (0.0012524639, 0.0035907275, -0.03832274), (0.0012522492, 0.0027631614, -0.037646703), (0.0012519192, 0.0016337949, -0.037295166), (0.0012514706, 0.00016693983, -0.037142508), (0.0012509588, -0.0014846949, -0.03707497), (-0.0010953468, -0.0010198227, -0.03708585), (0.0012472278, -0.013463192, -0.036873247), (0.0012476343, -0.013367613, -0.031101769), (0.0012517426, -0.00017843922, -0.031323228), (0.0012522036, 0.0013095374, -0.031384323), (0.0012525831, 0.0025453963, -0.031489864), (0.0012529409, 0.0037313257, -0.031688206), (0.0012532774, 0.0048853457, -0.032058213), (0.0012535698, 0.005937116, -0.032613512), (0.0012538142, 0.006879255, -0.03338183), (0.0012539936, 0.0076714, -0.034428533), (0.0012540922, 0.008212864, -0.03550975), (0.0012541277, 0.0085285725, -0.036477573), (0.0012541212, 0.008722627, -0.03750708), (0.0012540726, 0.008795031, -0.038598273), (0.0012539579, 0.008712686, -0.039963588), (0.0012538215, 0.008493665, -0.041001756), (-0.0010926949, 0.008268056, -0.04093777), (0.0012536466, 0.008140873, -0.04199329), (0.0012534328, 0.007654293, -0.042938188), (0.0012531803, 0.007033947, -0.043836456), (0.0012528889, 0.006279819, -0.044688083), (0.0012574132, 0.016806105, -0.025781473), (0.0012557469, 0.011456935, -0.025692888), (0.0012561536, 0.011552514, -0.01992141), (0.0012578198, 0.016901685, -0.020009996), (0.0012548408, 0.008547735, -0.02564471), (0.0012480442, -0.013271257, -0.025283374), (0.0012484507, -0.013175678, -0.019511897), (0.0012552473, 0.008643314, -0.019873232), (0.0012508867, -0.0087949615, -0.0031702681), (0.0012508609, -0.008543561, -0.0047696196), (0.0012509848, -0.007906571, -0.0059204474), (0.0012512369, -0.006892126, -0.006916124), (0.0012515318, -0.005814, -0.0075624944), (0.0012519044, -0.004535345, -0.007976725), (-0.0010944396, -0.004178616, -0.008058894), (0.0012523789, -0.0029660345, -0.00822108), (-0.0010939594, -0.0025522078, -0.008494989), (0.0012529404, -0.0011556206, -0.008291586), (-0.0010933679, -0.0007031104, -0.00828485), (0.0012534723, 0.0005169196, -0.008150505), (-0.001092853, 0.0009021495, -0.008086394), (0.0012539352, 0.0019203296, -0.007779928), (0.0012543289, 0.0030546067, -0.007179856), (0.001254652, 0.003922357, -0.0063849804), (0.0012549016, 0.0045287968, -0.0054646824), (0.0012550774, 0.004874446, -0.004425898), (0.0012551788, 0.0049587283, -0.003277651), (0.0012551945, 0.004775192, -0.0021570963), (0.0012551176, 0.0043202103, -0.0011562684), (0.0012549481, 0.0035937885, -0.00027517087), (0.0012546768, 0.0025734247, 0.00045611482), (0.0012542859, 0.0012141198, 0.0009774211), (-0.0010922768, 0.0008320963, 0.0010809002), (0.0012537737, -0.0004886223, 0.0012827283), (-0.0010927988, -0.00093909225, 0.0015663173), (0.0012531626, -0.0024621713, 0.0013709374), (-0.0010934264, -0.0029536223, 0.0015998575), (0.0012525985, -0.0042382195, 0.0012353425), (-0.0010939823, -0.0046436717, 0.0011734692), (0.0012521144, -0.005711658, 0.0008747262), (0.0012517102, -0.0068824845, 0.00028908902), (0.0012513848, -0.0077626077, -0.0004814495), (0.0012511361, -0.008375842, -0.0013566479), (0.0012509972, -0.008670451, -0.0020734435), (0.0012501625, -0.010041779, -0.008294481), (0.0012499292, -0.010960515, -0.0074679996), (0.0012497477, -0.011730421, -0.006561906), (0.0012496179, -0.012351497, -0.0055761994), (0.0012495385, -0.01282319, -0.004533937), (0.0012495068, -0.0131443925, -0.0034812356), (0.0012495226, -0.013314993, -0.0024227058), (0.0012495641, -0.013348818, -0.0016251655), (0.001249658, -0.013269754, -0.00056579674), (0.0012497868, -0.013068452, 0.00044507667), (-0.0010965959, -0.012840523, 0.00038468343), (0.0012499508, -0.012744912, 0.0014074554), (0.0012501498, -0.012299134, 0.002321338), (-0.0010962436, -0.01209405, 0.0022052098), (0.0012503838, -0.01173112, 0.0031867262), (0.0012506528, -0.011040865, 0.004003617), (0.0012509569, -0.010228375, 0.0047720107), (0.0012512911, -0.009303346, 0.0054611205), (0.0012516502, -0.008275478, 0.006040153), (0.0012520343, -0.007144772, 0.006509108), (0.0012524433, -0.005911227, 0.0068679852), (0.0012528772, -0.00457484, 0.0071167885), (0.0012533362, -0.0031356174, 0.0072555155), (0.00125382, -0.0015935554, 0.0072841635), (0.0012542802, -0.00010519807, 0.0072064125), (0.0012547009, 0.0012789093, 0.0070241876), (0.0012550823, 0.002558766, 0.006737483), (0.0012554241, 0.0037343663, 0.0063463016), (0.0012557267, 0.004805722, 0.005850646), (0.0012559899, 0.00577282, 0.0052505126), (0.0012562135, 0.0066356678, 0.0045459014), (0.0012563973, 0.007387139, 0.0037620147), (0.0012565404, 0.008020102, 0.0029240567), (-0.0010899792, 0.007824837, 0.0027943843), (0.001256643, 0.0085345665, 0.0020320257), (0.001256705, 0.008930525, 0.0010859199), (-0.0010898194, 0.008709101, 0.0010091128), (0.0012567266, 0.009207988, 0.00008574435), (0.0012567074, 0.009366941, -0.00096850493), (0.0012566476, 0.009407384, -0.0020768263), (-0.0010898752, 0.009173144, -0.0020718982), (0.0012564929, 0.009227517, -0.003586408), (-0.0010900872, 0.008900541, -0.0040128995), (0.0012562667, 0.008801264, -0.005011688), (0.0012560681, 0.0083528245, -0.0059056734), (-0.0010904374, 0.008150463, -0.0057870722), (0.0012558339, 0.0077811996, -0.006757509), (0.0012555638, 0.0070863757, -0.0075671934), (0.0012552581, 0.0062683495, -0.008334727), (-0.0010911919, 0.0062690834, -0.008334573), (0.0012586296, 0.017092066, -0.008513974), (0.0012582231, 0.016996486, -0.014285451), (0.001248854, -0.013080876, -0.0137873525), (0.0012492308, -0.012992291, -0.008438176), (0.0012600443, 0.017424649, 0.011568883), (0.001258378, 0.012075478, 0.011657469), (0.0012587847, 0.012171057, 0.01742895), (0.0012604509, 0.017520227, 0.017340364), (0.0012574719, 0.009166278, 0.011705647), (0.0012506754, -0.012652714, 0.012066983), (0.0012510818, -0.012557135, 0.017838461), (0.0012578784, 0.009261857, 0.017477127), (0.001258728, 0.009461562, 0.029536216), (0.0012611251, 0.017156864, 0.029408777), (-0.0010853249, 0.017157597, 0.02940893), (0.001259666, 0.013682857, 0.023693256), (0.0012583213, 0.009365983, 0.023764746), (0.0012581362, 0.009322468, 0.021137081), (0.001256704, 0.0047240565, 0.021213233), (0.0012568891, 0.004767572, 0.023840899), (0.0012537998, -0.00515004, 0.024007011), (0.0012533354, -0.0066455044, 0.024054226), (0.0012529101, -0.008025685, 0.024148798), (0.001252562, -0.009177759, 0.024331449), (0.0012522207, -0.010350728, 0.024719847), (0.00125195, -0.011357136, 0.025393814), (0.0012517966, -0.012034452, 0.026286336), (0.0012517247, -0.0124778515, 0.027307406), (0.0012517166, -0.012747092, 0.028472012), (0.0012517599, -0.012827637, 0.029523455), (0.0012518619, -0.012767836, 0.030797776), (0.0012520108, -0.01256959, 0.03213164), (0.0012521978, -0.012231888, 0.033376638), (0.0012523615, -0.011891453, 0.034254834), (0.0012536495, -0.0075683817, 0.033285853), (0.0012534612, -0.007918391, 0.032078523), (0.0012533801, -0.007945522, 0.030964818), (0.0012534949, -0.007405997, 0.030139865), (0.0012537411, -0.0065600253, 0.029859934), (0.0012540601, -0.005526473, 0.02979921), (0.001254449, -0.00427544, 0.029764846), (0.0012572955, 0.004863151, 0.029612368), (0.0012575733, 0.004928424, 0.033553857), (0.0012590056, 0.009526836, 0.033477705), (0.0012618524, 0.017849702, 0.037235513), (0.0012601862, 0.012500532, 0.037324097), (0.0012605928, 0.012596111, 0.043095585), (0.0012622591, 0.017945282, 0.043006998), (0.00125928, 0.009591332, 0.037372276), (0.0012524833, -0.01222766, 0.03773361), (0.00125289, -0.012132081, 0.043505095), (0.0012596865, 0.009686911, 0.04314376), (0.0012555989, -0.00596426, 0.055471547), (0.0012559739, -0.0045693945, 0.054537546), (0.0012563847, -0.0031585272, 0.05407426), (-0.0010901797, -0.003542005, 0.054159332), (0.0012568904, -0.0014957177, 0.053858202), (-0.0010896977, -0.0019421789, 0.053881474), (0.0012574426, 0.00026417105, 0.053891893), (-0.0010891403, -0.0001523592, 0.05385182), (0.0012579452, 0.0018114115, 0.05418049), (-0.0010886228, 0.0014557886, 0.054076575), (0.0012583882, 0.0031150386, 0.054724507), (0.0012587704, 0.004172812, 0.055515587), (0.0012590794, 0.0049623973, 0.05647031), (0.0012593092, 0.0054726303, 0.057546925), (0.0012594596, 0.005703508, 0.058745448), (0.0012595255, 0.0056538093, 0.059992075), (0.0012594964, 0.0053210887, 0.061139185), (0.0012593712, 0.0047051054, 0.06217206), (0.0012591502, 0.0038082346, 0.06308244), (0.0012588357, 0.0026542596, 0.063788235), (0.0012584283, 0.0012550734, 0.06424838), (-0.001087908, 0.0016362536, 0.0641642), (0.0012579284, -0.00038932206, 0.06446289), (-0.001088385, 0.000053162734, 0.06444014), (0.0012573729, -0.002159259, 0.06442977), (-0.0010889313, -0.0017498027, 0.06470421), (0.0012568659, -0.0037215492, 0.064143516), (-0.0010894649, -0.0033615353, 0.06424697), (0.0012564206, -0.00503349, 0.06360342), (0.001256038, -0.0060932715, 0.0628176), (0.0012557292, -0.0068827816, 0.061867505), (0.0012554998, -0.0073929653, 0.060793817), (0.0012553494, -0.007623823, 0.059596546), (0.0012552836, -0.0075741317, 0.058349494), (0.0012553125, -0.0072414465, 0.057200275), (0.0012553942, -0.006814909, 0.056408748), (-0.0010918194, -0.007894791, 0.049881127), (0.0012548311, -0.007164886, 0.049456384), (0.0012543785, -0.0088618435, 0.05064977), (-0.0010921486, -0.009165766, 0.050923623), (0.0012541086, -0.009975765, 0.051849153), (-0.0010923988, -0.010227337, 0.052175302), (0.0012539178, -0.010880281, 0.0532577), (-0.0010925698, -0.011079501, 0.053636137), (0.0012538038, -0.011571565, 0.054823063), (-0.0010926657, -0.011716136, 0.055222373), (0.0012537624, -0.012041956, 0.05644048), (-0.0010926891, -0.012131114, 0.05685019), (0.0012537929, -0.012290692, 0.058099505), (-0.0010926405, -0.012324436, 0.05851961), (0.0012538608, -0.012338707, 0.059369754), (0.0012539765, -0.012250045, 0.06071771), (0.0012541288, -0.012029855, 0.061996106), (0.0012543176, -0.011678138, 0.06320493), (0.0012545431, -0.011194894, 0.06434416), (0.001254805, -0.010580122, 0.06541384), (0.0012551035, -0.009833823, 0.06641395), (0.0012554387, -0.008955997, 0.06734446), (0.0012557983, -0.007978974, 0.06817454), (0.0012561701, -0.0069350842, 0.06887333), (0.0012565544, -0.0058243275, 0.06944082), (0.0012569509, -0.004646705, 0.069876984), (0.0012573599, -0.0034022126, 0.070181884), (0.001257781, -0.0020908555, 0.070355445), (0.0012582147, -0.00071263366, 0.07039772), (0.0012586354, 0.0006517144, 0.07031065), (0.0012590257, 0.001944905, 0.07009583), (0.0012593853, 0.00316694, 0.06975325), (0.0012597142, 0.0043178163, 0.06928291), (0.0012600127, 0.005397539, 0.068684824), (0.0012602807, 0.0064061005, 0.06795896), (0.001260518, 0.0073435055, 0.06710533), (0.001260717, 0.0081792455, 0.066152506), (0.0012608701, 0.008882813, 0.06512903), (0.0012609774, 0.009454209, 0.064034894), (0.0012610386, 0.009893426, 0.0628701), (0.001261054, 0.010200483, 0.06163467), (0.0012610233, 0.010375355, 0.060328573), (0.0012609106, 0.010396151, 0.05850126), (-0.0010855031, 0.010418787, 0.058951974), (0.001260733, 0.010193886, 0.056750257), (-0.0010856645, 0.010273852, 0.057175346), (0.0012604905, 0.009762293, 0.05510177), (-0.0010858906, 0.009899589, 0.055501226), (0.001260183, 0.009101373, 0.053555816), (-0.001086182, 0.0092960065, 0.05392965), (0.001259815, 0.008218922, 0.05214157), (-0.0010865363, 0.008466206, 0.052472252), (0.0012593948, 0.0071305395, 0.050917473), (-0.0010869437, 0.0074289157, 0.05119916), (0.0012589237, 0.005837788, 0.04988935), (-0.0010874022, 0.006187257, 0.050122038), (0.0012584049, 0.0043517915, 0.049059417), (-0.0010879115, 0.004741221, 0.04924089), (0.001257875, 0.0027838622, 0.048449896), (-0.0010884431, 0.0031798629, 0.04857349), (0.0012573521, 0.0011896557, 0.048071906), (-0.0010889679, 0.0015922239, 0.04813761), (0.001256836, -0.00043083032, 0.047925428), (-0.0010894857, -0.000021689759, 0.047933266), (0.0012563833, -0.0018874317, 0.047963988), (0.0012559334, -0.0033649523, 0.048147332), (-0.0010903477, -0.0028559945, 0.048300017), (0.0012553952, -0.0051770313, 0.048581734), (-0.0010909296, -0.0047469707, 0.04844479), (-0.0010914122, -0.006416892, 0.04905017), (0.0012561062, -0.011375998, 0.08916075), (0.0012565126, -0.011280419, 0.094932236), (0.0012608403, 0.0026134276, 0.0946989), (0.0012612423, 0.0039119963, 0.09463847), (0.0012616527, 0.0052554407, 0.09449186), (0.0012620278, 0.006513801, 0.09421205), (0.0012623323, 0.0075798337, 0.093771145), (0.0012625908, 0.008536639, 0.09314925), (0.0012627948, 0.009367132, 0.09229772), (0.0012629358, 0.010054223, 0.09116785), (0.0012630073, 0.010568597, 0.08980028), (0.0012630041, 0.010817165, 0.088561885), (0.0012629564, 0.010883991, 0.087510936), (0.0012628314, 0.010791718, 0.08603679), (0.0012626807, 0.010548167, 0.084894575), (0.0012624876, 0.010155901, 0.083815135), (0.0012622522, 0.009614915, 0.08279841), (0.0012619743, 0.00892522, 0.08184448), (0.0012616541, 0.008086798, 0.08095325), (0.0012612914, 0.007099661, 0.0801248), (-0.0010851584, 0.0071003963, 0.08012496), (0.001262288, 0.010298461, 0.08007183), (0.0012619111, 0.010209875, 0.07472263), (0.0012551144, -0.0116091175, 0.07508397), (0.0012555211, -0.011513539, 0.08085546), (0.0012587521, -0.0011422124, 0.080688186), (0.0012593184, 0.00066482415, 0.08071214), (-0.0010872592, 0.00026056418, 0.080696546), (0.001259773, 0.0020977303, 0.08081414), (0.0012601819, 0.0033552975, 0.08105732), (0.0012605531, 0.0044389092, 0.08155575), (0.0012608789, 0.0053190836, 0.0823297), (0.0012611512, 0.00597976, 0.08333969), (0.0012613419, 0.0063507003, 0.08448232), (0.0012614449, 0.006409373, 0.08578162), (0.0012614229, 0.006099795, 0.086927034), (0.0012612725, 0.0054282043, 0.08783889), (0.0012610019, 0.0044319243, 0.088464595), (0.0012606495, 0.0032419646, 0.088764645), (0.0012602506, 0.0019389854, 0.0888914), (0.0012597204, 0.0002278532, 0.08896483), (-0.0010865805, 0.0007073896, 0.088953294)]
}

