#usda 1.0
(
    defaultPrim = "SM_Lift_Interior_Walls"
    upAxis = "Z"
)

def Mesh "SM_Lift_Interior_Walls"
{
    int[] faceVertexCounts = [3, 3, 3, 3, 3, 3, 3, 3, 3, 3, 3, 3, 3, 3, 3, 3, 3, 3, 3, 3, 3, 3, 3, 3, 3, 3, 3, 3, 3, 3, 3, 3, 3, 3, 3, 3, 3, 3, 3, 3, 3, 3, 3, 3, 3, 3, 3, 3, 3, 3, 3, 3, 3, 3, 3, 3, 3, 3, 3, 3, 3, 3, 3, 3, 3, 3, 3, 3, 3, 3, 3, 3, 3, 3, 3, 3, 3, 3, 3, 3, 3, 3, 3, 3, 3, 3, 3, 3, 3, 3, 3, 3, 3, 3, 3, 3, 3, 3, 3, 3, 3, 3, 3, 3, 3, 3, 3, 3, 3, 3, 3, 3, 3, 3, 3, 3, 3, 3, 3, 3, 3, 3, 3, 3, 3, 3, 3, 3, 3, 3, 3, 3, 3, 3, 3, 3, 3, 3, 3, 3, 3, 3, 3, 3, 3, 3, 3, 3, 3, 3, 3, 3, 3, 3, 3, 3, 3, 3, 3, 3, 3, 3, 3, 3, 3, 3, 3, 3, 3, 3, 3, 3, 3, 3, 3, 3, 3, 3, 3, 3, 3, 3, 3, 3, 3, 3, 3, 3, 3, 3, 3, 3, 3, 3, 3, 3, 3, 3, 3, 3, 3, 3, 3, 3, 3, 3, 3, 3, 3, 3, 3, 3, 3, 3, 3, 3, 3, 3, 3, 3, 3, 3, 3, 3, 3, 3, 3, 3, 3, 3, 3, 3, 3, 3, 3, 3, 3, 3, 3, 3, 3, 3, 3, 3, 3, 3, 3, 3, 3, 3, 3, 3, 3, 3, 3, 3, 3, 3, 3, 3, 3, 3, 3, 3, 3, 3, 3, 3, 3, 3, 3, 3, 3, 3, 3, 3, 3, 3, 3, 3, 3, 3, 3, 3, 3, 3, 3, 3, 3, 3, 3, 3, 3, 3, 3, 3, 3, 3, 3, 3, 3, 3, 3, 3, 3, 3, 3, 3, 3, 3, 3, 3, 3, 3, 3, 3, 3, 3, 3, 3, 3, 3, 3, 3, 3, 3, 3, 3, 3, 3, 3, 3, 3, 3, 3, 3, 3, 3, 3, 3, 3, 3, 3, 3, 3, 3, 3, 3, 3, 3, 3, 3, 3, 3, 3, 3, 3, 3, 3, 3, 3, 3, 3, 3, 3, 3, 3, 3, 3, 3, 3, 3, 3, 3, 3, 3, 3, 3, 3, 3, 3, 3, 3, 3, 3, 3, 3, 3, 3, 3, 3, 3, 3, 3, 3, 3, 3, 3, 3, 3, 3, 3, 3, 3, 3, 3, 3, 3, 3, 3, 3, 3, 3, 3, 3, 3, 3, 3, 3, 3, 3, 3, 3, 3, 3, 3, 3, 3, 3, 3, 3, 3, 3, 3, 3, 3, 3, 3, 3, 3, 3, 3, 3, 3, 3, 3, 3, 3, 3, 3, 3, 3, 3, 3, 3, 3, 3, 3, 3, 3, 3, 3, 3, 3, 3, 3, 3, 3, 3, 3, 3, 3, 3, 3, 3, 3, 3, 3, 3, 3, 3, 3, 3, 3, 3, 3, 3, 3, 3, 3, 3, 3, 3, 3, 3, 3, 3, 3, 3, 3, 3, 3, 3, 3, 3, 3, 3, 3, 3, 3, 3, 3, 3, 3, 3, 3, 3, 3, 3, 3, 3, 3, 3, 3, 3, 3, 3, 3, 3, 3, 3, 3, 3, 3, 3, 3, 3, 3, 3, 3, 3, 3, 3, 3, 3, 3, 3, 3, 3, 3, 3, 3, 3, 3, 3, 3, 3, 3, 3, 3, 3, 3, 3, 3, 3, 3, 3, 3, 3, 3, 3, 3, 3, 3, 3, 3, 3, 3, 3, 3, 3, 3, 3, 3, 3, 3, 3, 3, 3, 3, 3, 3, 3, 3, 3, 3, 3, 3, 3, 3, 3, 3, 3, 3, 3, 3, 3, 3, 3, 3, 3, 3, 3, 3, 3, 3, 3, 3, 3, 3, 3, 3, 3, 3, 3, 3, 3, 3, 3, 3, 3, 3, 3, 3, 3, 3, 3, 3, 3, 3, 3, 3, 3, 3, 3, 3, 3, 3, 3, 3, 3, 3, 3, 3, 3, 3, 3, 3, 3, 3, 3, 3, 3, 3, 3, 3, 3, 3, 3, 3, 3, 3, 3, 3, 3, 3, 3, 3, 3, 3, 3, 3, 3, 3, 3, 3, 3, 3, 3, 3, 3, 3, 3, 3, 3, 3, 3, 3, 3, 3, 3, 3, 3, 3, 3, 3, 3, 3, 3, 3, 3, 3, 3, 3, 3, 3, 3, 3, 3, 3, 3, 3, 3, 3, 3, 3, 3, 3, 3, 3, 3, 3, 3, 3, 3, 3, 3, 3, 3, 3, 3, 3, 3, 3, 3, 3, 3, 3, 3, 3, 3, 3, 3, 3, 3, 3, 3, 3, 3, 3, 3, 3, 3, 3, 3, 3, 3, 3, 3, 3, 3, 3, 3, 3, 3, 3, 3, 3, 3, 3, 3, 3, 3, 3, 3, 3, 3, 3, 3, 3, 3, 3, 3, 3, 3, 3, 3, 3, 3, 3, 3, 3, 3, 3, 3, 3, 3, 3, 3, 3, 3, 3, 3, 3, 3, 3, 3, 3, 3, 3, 3, 3, 3, 3, 3, 3, 3, 3, 3, 3, 3, 3, 3, 3, 3, 3, 3, 3, 3, 3, 3, 3, 3, 3, 3, 3, 3, 3, 3, 3, 3, 3, 3, 3, 3, 3, 3, 3, 3, 3, 3, 3, 3, 3, 3, 3, 3, 3, 3, 3, 3, 3, 3, 3, 3, 3, 3, 3, 3, 3, 3, 3, 3, 3, 3, 3, 3, 3, 3, 3, 3, 3, 3, 3, 3, 3, 3, 3, 3, 3, 3, 3, 3, 3, 3, 3, 3, 3, 3, 3, 3, 3, 3, 3, 3, 3, 3, 3, 3, 3, 3, 3, 3, 3, 3, 3, 3, 3, 3, 3, 3, 3, 3, 3, 3, 3, 3, 3, 3, 3, 3, 3, 3, 3, 3, 3, 3, 3, 3, 3, 3, 3, 3, 3, 3, 3, 3, 3, 3, 3, 3, 3, 3, 3, 3, 3, 3, 3, 3, 3, 3, 3, 3, 3, 3, 3, 3, 3, 3, 3, 3, 3, 3, 3, 3, 3, 3, 3, 3, 3, 3, 3, 3, 3, 3, 3, 3, 3, 3, 3, 3, 3, 3, 3, 3, 3, 3, 3, 3, 3, 3, 3, 3, 3, 3, 3, 3, 3, 3, 3, 3, 3, 3, 3, 3, 3, 3, 3, 3, 3, 3, 3, 3, 3, 3, 3, 3, 3, 3, 3, 3, 3, 3, 3, 3, 3, 3, 3, 3, 3, 3, 3, 3, 3, 3, 3, 3, 3, 3, 3, 3, 3, 3, 3, 3, 3, 3, 3, 3, 3, 3, 3, 3, 3, 3, 3, 3, 3, 3, 3, 3, 3, 3, 3, 3, 3, 3, 3, 3, 3, 3, 3, 3, 3, 3, 3, 3, 3, 3, 3, 3, 3, 3, 3, 3, 3, 3, 3, 3, 3, 3, 3, 3, 3, 3, 3, 3, 3, 3, 3, 3, 3, 3, 3, 3, 3, 3, 3, 3, 3, 3, 3, 3, 3, 3, 3, 3, 3, 3, 3, 3, 3, 3, 3, 3, 3, 3, 3, 3, 3, 3, 3, 3, 3, 3, 3, 3, 3, 3, 3, 3, 3, 3, 3, 3, 3, 3, 3, 3, 3, 3, 3, 3, 3, 3, 3, 3, 3, 3, 3, 3, 3, 3, 3, 3, 3, 3, 3, 3, 3, 3, 3, 3, 3, 3, 3, 3, 3, 3, 3, 3, 3, 3, 3, 3, 3, 3, 3, 3, 3, 3, 3, 3, 3, 3, 3, 3, 3, 3, 3, 3, 3, 3, 3, 3, 3, 3, 3, 3, 3, 3, 3, 3, 3, 3, 3, 3, 3, 3, 3, 3, 3, 3, 3, 3, 3, 3, 3, 3, 3, 3, 3, 3, 3, 3, 3, 3, 3, 3, 3, 3, 3, 3, 3, 3, 3, 3, 3, 3, 3, 3, 3, 3, 3, 3, 3, 3, 3, 3, 3, 3, 3, 3, 3, 3, 3, 3, 3, 3, 3, 3, 3, 3, 3, 3, 3, 3, 3, 3, 3, 3, 3, 3, 3, 3, 3, 3, 3, 3, 3, 3, 3, 3, 3, 3, 3, 3, 3, 3, 3, 3, 3, 3, 3, 3, 3, 3, 3, 3, 3, 3, 3, 3, 3, 3, 3, 3, 3, 3, 3, 3, 3, 3, 3, 3, 3, 3, 3, 3, 3, 3, 3, 3, 3, 3, 3, 3, 3, 3, 3, 3, 3, 3, 3, 3, 3, 3, 3, 3, 3, 3, 3, 3, 3, 3, 3, 3, 3, 3, 3, 3, 3, 3, 3, 3, 3, 3, 3, 3, 3, 3, 3, 3, 3, 3, 3, 3, 3, 3, 3, 3, 3, 3, 3, 3, 3, 3, 3, 3, 3, 3, 3, 3, 3, 3, 3, 3, 3, 3, 3, 3, 3, 3, 3, 3, 3, 3, 3, 3, 3, 3, 3, 3, 3, 3, 3, 3, 3, 3, 3, 3, 3, 3, 3, 3, 3, 3, 3, 3, 3, 3, 3, 3, 3, 3, 3, 3, 3, 3, 3, 3, 3, 3, 3, 3, 3, 3, 3, 3, 3, 3, 3, 3, 3, 3, 3, 3, 3, 3, 3, 3, 3, 3, 3, 3, 3, 3, 3, 3, 3, 3, 3, 3, 3, 3, 3, 3, 3, 3, 3, 3, 3, 3, 3, 3, 3, 3, 3, 3, 3, 3, 3, 3, 3, 3, 3, 3, 3, 3, 3, 3, 3, 3, 3, 3, 3, 3, 3, 3, 3, 3, 3, 3, 3, 3, 3, 3, 3, 3, 3, 3, 3, 3, 3, 3, 3, 3, 3, 3, 3, 3, 3, 3, 3, 3, 3, 3, 3, 3, 3, 3, 3, 3, 3, 3, 3, 3, 3, 3, 3, 3, 3, 3, 3, 3, 3, 3, 3, 3, 3, 3, 3, 3, 3, 3, 3, 3, 3, 3, 3, 3, 3, 3, 3, 3, 3, 3, 3, 3, 3, 3, 3, 3, 3, 3, 3, 3, 3, 3, 3, 3, 3, 3, 3, 3, 3, 3, 3, 3, 3, 3, 3, 3, 3, 3, 3, 3, 3, 3, 3, 3, 3, 3, 3, 3, 3, 3, 3, 3, 3, 3, 3, 3, 3, 3, 3, 3, 3, 3, 3, 3, 3, 3, 3, 3, 3, 3, 3, 3, 3, 3, 3, 3, 3, 3, 3, 3, 3, 3, 3, 3, 3, 3, 3, 3, 3, 3, 3, 3, 3, 3, 3, 3, 3, 3, 3, 3, 3, 3, 3, 3, 3, 3, 3, 3, 3, 3, 3, 3, 3, 3, 3, 3, 3, 3, 3, 3, 3, 3, 3, 3, 3, 3, 3, 3, 3, 3, 3, 3, 3, 3, 3, 3, 3, 3, 3, 3, 3, 3, 3, 3, 3, 3, 3, 3, 3, 3, 3, 3, 3, 3, 3, 3, 3, 3, 3, 3, 3, 3, 3, 3, 3, 3, 3, 3, 3, 3, 3, 3, 3, 3, 3, 3, 3, 3, 3, 3, 3, 3, 3, 3, 3, 3, 3, 3, 3, 3, 3, 3, 3, 3, 3, 3, 3, 3, 3, 3, 3, 3, 3, 3, 3, 3, 3, 3, 3, 3, 3, 3, 3, 3, 3, 3, 3, 3, 3, 3, 3, 3, 3, 3, 3, 3, 3, 3, 3, 3, 3, 3, 3, 3, 3, 3, 3, 3, 3, 3, 3, 3, 3, 3, 3, 3, 3, 3, 3, 3, 3, 3, 3, 3, 3, 3, 3, 3, 3, 3, 3, 3, 3, 3, 3, 3, 3, 3, 3, 3, 3, 3, 3, 3, 3, 3, 3, 3, 3, 3, 3, 3, 3, 3, 3, 3, 3, 3, 3, 3, 3, 3, 3, 3, 3, 3, 3, 3, 3, 3, 3, 3, 3, 3, 3, 3, 3, 3, 3, 3, 3, 3, 3, 3, 3, 3, 3, 3, 3, 3, 3, 3, 3, 3, 3, 3, 3, 3, 3, 3, 3, 3, 3, 3, 3, 3, 3, 3, 3, 3, 3, 3, 3, 3, 3, 3, 3, 3, 3, 3, 3, 3, 3, 3, 3, 3, 3, 3, 3, 3, 3, 3, 3, 3, 3, 3, 3, 3, 3, 3, 3, 3, 3, 3, 3, 3, 3, 3, 3, 3, 3, 3, 3, 3, 3, 3, 3, 3, 3, 3, 3, 3, 3, 3, 3, 3, 3, 3, 3, 3, 3, 3, 3, 3, 3, 3, 3, 3, 3, 3, 3, 3, 3, 3, 3, 3, 3, 3, 3, 3, 3, 3, 3, 3, 3, 3, 3, 3, 3, 3, 3, 3, 3, 3, 3, 3, 3, 3, 3, 3, 3, 3, 3, 3, 3, 3, 3, 3, 3, 3, 3, 3, 3, 3, 3, 3, 3, 3, 3, 3, 3, 3, 3, 3, 3, 3, 3, 3, 3, 3, 3, 3, 3, 3, 3, 3, 3, 3, 3, 3, 3, 3, 3, 3, 3, 3, 3, 3, 3, 3, 3, 3, 3, 3, 3, 3, 3, 3, 3, 3, 3, 3, 3, 3, 3, 3, 3, 3, 3, 3, 3, 3, 3, 3, 3, 3, 3, 3, 3, 3, 3, 3, 3, 3, 3, 3, 3, 3, 3, 3, 3, 3, 3, 3, 3, 3, 3, 3, 3, 3, 3, 3, 3, 3, 3, 3, 3, 3, 3, 3, 3, 3, 3, 3, 3, 3, 3, 3, 3, 3, 3, 3, 3, 3, 3, 3, 3, 3, 3, 3, 3, 3, 3, 3, 3, 3, 3, 3, 3, 3, 3, 3, 3, 3, 3, 3, 3, 3, 3, 3, 3, 3, 3, 3, 3, 3, 3, 3, 3, 3, 3, 3, 3, 3, 3, 3, 3, 3, 3, 3, 3, 3, 3, 3, 3, 3, 3, 3, 3, 3, 3, 3, 3, 3, 3, 3, 3, 3, 3, 3, 3, 3, 3, 3, 3, 3, 3, 3, 3, 3, 3, 3, 3, 3, 3, 3, 3, 3, 3, 3, 3, 3, 3, 3, 3, 3, 3, 3, 3, 3, 3, 3, 3, 3, 3, 3, 3, 3, 3, 3, 3, 3, 3, 3, 3, 3, 3, 3, 3, 3, 3, 3, 3, 3, 3, 3, 3, 3, 3, 3, 3, 3, 3, 3, 3, 3, 3, 3, 3, 3, 3, 3, 3, 3, 3, 3, 3, 3, 3, 3, 3, 3, 3, 3, 3, 3, 3, 3, 3, 3, 3, 3, 3, 3, 3, 3, 3, 3, 3, 3, 3, 3, 3, 3, 3, 3, 3, 3, 3, 3, 3, 3, 3, 3, 3, 3, 3, 3, 3, 3, 3, 3, 3, 3, 3, 3, 3, 3, 3, 3, 3, 3, 3, 3, 3, 3, 3, 3, 3, 3, 3, 3, 3, 3, 3, 3, 3, 3, 3, 3, 3, 3, 3, 3, 3, 3, 3, 3, 3, 3, 3, 3, 3, 3, 3, 3, 3, 3, 3, 3, 3, 3, 3, 3, 3, 3, 3, 3, 3, 3, 3, 3, 3, 3, 3, 3, 3, 3, 3, 3, 3, 3, 3, 3, 3, 3, 3, 3, 3, 3, 3, 3, 3, 3, 3, 3, 3, 3, 3, 3, 3, 3, 3, 3, 3, 3, 3, 3, 3, 3, 3, 3, 3, 3, 3, 3, 3, 3, 3, 3, 3, 3, 3, 3, 3, 3, 3, 3, 3, 3, 3, 3, 3, 3, 3, 3, 3, 3, 3, 3, 3, 3, 3, 3, 3, 3, 3, 3, 3, 3, 3, 3, 3, 3, 3, 3, 3, 3, 3, 3, 3, 3, 3, 3, 3, 3, 3, 3, 3, 3, 3, 3, 3, 3, 3, 3, 3, 3, 3, 3, 3, 3, 3, 3, 3, 3, 3, 3, 3, 3, 3, 3, 3, 3, 3, 3, 3, 3, 3, 3, 3, 3, 3, 3, 3, 3, 3, 3, 3, 3, 3, 3, 3, 3, 3, 3, 3, 3, 3, 3, 3, 3, 3, 3, 3, 3, 3, 3, 3, 3, 3, 3, 3, 3, 3, 3, 3, 3, 3, 3, 3, 3, 3, 3, 3, 3, 3, 3, 3, 3, 3, 3, 3, 3, 3, 3, 3, 3, 3, 3, 3, 3, 3, 3, 3, 3, 3, 3, 3, 3, 3, 3, 3, 3, 3, 3, 3, 3, 3, 3, 3, 3, 3, 3, 3, 3, 3, 3, 3, 3, 3, 3, 3, 3, 3, 3, 3, 3, 3, 3, 3, 3, 3, 3, 3, 3, 3, 3, 3, 3, 3, 3, 3, 3, 3, 3, 3, 3, 3, 3, 3, 3, 3, 3, 3, 3, 3, 3, 3, 3, 3, 3, 3, 3, 3, 3, 3, 3, 3, 3, 3, 3, 3, 3, 3, 3, 3, 3, 3, 3, 3, 3, 3, 3, 3, 3, 3, 3, 3, 3, 3, 3, 3, 3, 3, 3, 3, 3, 3, 3, 3, 3, 3, 3, 3, 3, 3, 3, 3, 3, 3, 3, 3, 3, 3, 3, 3, 3, 3, 3, 3, 3, 3, 3, 3, 3, 3, 3, 3, 3, 3, 3, 3, 3, 3, 3, 3, 3, 3, 3, 3, 3, 3, 3, 3, 3, 3, 3, 3, 3, 3, 3, 3, 3, 3, 3, 3, 3, 3, 3, 3, 3, 3, 3, 3, 3, 3, 3, 3, 3, 3, 3, 3, 3, 3, 3, 3, 3, 3, 3, 3, 3, 3, 3, 3, 3, 3, 3, 3, 3, 3, 3, 3, 3, 3, 3, 3, 3, 3, 3, 3, 3, 3, 3, 3, 3, 3, 3, 3, 3, 3, 3, 3, 3, 3, 3, 3, 3, 3, 3, 3, 3, 3, 3, 3, 3, 3, 3, 3, 3, 3, 3, 3, 3, 3, 3, 3, 3, 3, 3, 3, 3, 3, 3, 3, 3, 3, 3, 3, 3, 3, 3, 3, 3, 3, 3, 3, 3, 3, 3, 3, 3, 3, 3, 3, 3, 3, 3, 3, 3, 3, 3, 3, 3, 3, 3, 3, 3, 3, 3, 3, 3, 3, 3, 3, 3, 3, 3, 3, 3, 3, 3, 3, 3, 3, 3, 3, 3, 3, 3, 3, 3, 3, 3, 3, 3, 3, 3, 3, 3, 3, 3, 3, 3, 3, 3, 3, 3, 3, 3, 3, 3, 3, 3, 3, 3, 3, 3, 3, 3, 3, 3, 3, 3, 3, 3, 3, 3, 3, 3, 3, 3, 3, 3, 3, 3, 3, 3, 3, 3, 3, 3, 3, 3, 3, 3, 3, 3, 3, 3, 3, 3, 3, 3, 3, 3, 3, 3, 3, 3, 3, 3, 3, 3, 3, 3, 3, 3, 3, 3, 3, 3, 3, 3, 3, 3, 3, 3, 3, 3, 3, 3, 3, 3, 3, 3, 3, 3, 3, 3, 3, 3, 3, 3, 3, 3, 3, 3, 3, 3, 3, 3, 3, 3, 3, 3, 3, 3, 3, 3, 3, 3, 3, 3, 3, 3, 3, 3, 3, 3, 3, 3, 3, 3, 3, 3, 3, 3, 3, 3, 3, 3, 3, 3, 3, 3, 3, 3, 3, 3, 3, 3, 3, 3, 3, 3, 3, 3, 3, 3, 3, 3, 3, 3, 3, 3, 3, 3, 3, 3, 3, 3, 3, 3, 3, 3, 3, 3, 3, 3, 3, 3, 3, 3, 3, 3, 3, 3, 3, 3, 3, 3, 3, 3, 3, 3, 3, 3, 3, 3, 3, 3, 3, 3, 3, 3, 3, 3, 3, 3, 3, 3, 3, 3, 3, 3, 3, 3, 3, 3, 3, 3, 3, 3, 3, 3, 3, 3, 3, 3, 3, 3, 3, 3, 3, 3, 3, 3, 3, 3, 3, 3, 3, 3, 3, 3, 3, 3, 3, 3, 3, 3, 3, 3, 3, 3, 3, 3, 3, 3, 3, 3, 3, 3, 3, 3, 3, 3, 3, 3, 3, 3, 3, 3, 3, 3, 3, 3, 3, 3, 3, 3, 3, 3, 3, 3, 3, 3, 3, 3, 3, 3, 3, 3, 3, 3, 3, 3, 3, 3, 3, 3, 3, 3, 3, 3, 3, 3, 3, 3, 3, 3, 3, 3, 3, 3, 3, 3, 3, 3, 3, 3, 3, 3, 3, 3, 3, 3, 3, 3, 3, 3, 3, 3, 3, 3, 3, 3, 3, 3, 3, 3, 3, 3, 3, 3, 3, 3, 3, 3, 3, 3, 3, 3, 3, 3, 3, 3, 3, 3, 3, 3, 3, 3, 3, 3, 3, 3, 3, 3, 3, 3, 3, 3, 3, 3, 3, 3, 3, 3, 3, 3, 3, 3, 3, 3, 3, 3, 3, 3, 3, 3, 3, 3, 3, 3, 3, 3, 3, 3, 3, 3, 3, 3, 3, 3, 3, 3, 3, 3, 3, 3, 3, 3, 3, 3, 3, 3, 3, 3, 3, 3, 3, 3, 3, 3, 3, 3, 3, 3, 3, 3, 3, 3, 3, 3, 3, 3, 3, 3, 3, 3, 3, 3, 3, 3, 3, 3, 3, 3, 3, 3, 3, 3, 3, 3, 3, 3, 3, 3, 3, 3, 3, 3, 3, 3, 3, 3, 3, 3, 3, 3, 3, 3, 3, 3, 3, 3, 3, 3, 3, 3, 3, 3, 3, 3, 3, 3, 3, 3, 3, 3, 3, 3, 3, 3, 3, 3, 3, 3, 3, 3, 3, 3, 3, 3, 3, 3, 3, 3, 3, 3, 3, 3, 3, 3, 3, 3, 3, 3, 3, 3, 3, 3, 3, 3, 3, 3, 3, 3, 3, 3, 3, 3, 3, 3, 3, 3, 3, 3, 3, 3, 3, 3, 3, 3, 3, 3, 3, 3, 3, 3, 3, 3, 3, 3, 3, 3, 3, 3, 3, 3, 3, 3, 3, 3, 3, 3, 3, 3, 3, 3, 3, 3, 3, 3, 3, 3, 3, 3, 3, 3, 3, 3, 3, 3, 3, 3, 3, 3, 3, 3, 3, 3, 3, 3, 3, 3, 3, 3, 3, 3, 3, 3, 3, 3, 3, 3, 3, 3, 3, 3, 3, 3, 3, 3, 3, 3, 3, 3, 3, 3, 3, 3, 3, 3, 3, 3, 3, 3, 3, 3, 3, 3, 3, 3, 3, 3, 3, 3, 3, 3, 3, 3, 3, 3, 3, 3, 3, 3, 3, 3, 3, 3, 3, 3, 3, 3, 3, 3, 3, 3, 3, 3, 3, 3, 3, 3, 3, 3, 3, 3, 3, 3, 3, 3, 3, 3, 3, 3, 3, 3, 3, 3, 3, 3, 3, 3, 3, 3, 3, 3, 3, 3, 3, 3, 3, 3, 3, 3, 3, 3, 3, 3, 3, 3, 3, 3, 3, 3, 3, 3, 3, 3, 3, 3, 3, 3, 3, 3, 3, 3, 3, 3, 3, 3, 3, 3, 3, 3, 3, 3, 3, 3, 3, 3, 3, 3, 3, 3, 3, 3, 3, 3, 3, 3, 3, 3, 3, 3, 3, 3, 3, 3, 3, 3, 3, 3, 3, 3, 3, 3, 3, 3, 3, 3, 3, 3, 3, 3, 3, 3, 3, 3, 3, 3, 3, 3, 3, 3, 3, 3, 3, 3, 3, 3, 3, 3, 3, 3, 3, 3, 3, 3, 3, 3, 3, 3, 3, 3, 3, 3, 3, 3, 3, 3, 3, 3, 3, 3, 3, 3, 3, 3, 3, 3, 3, 3, 3, 3, 3, 3, 3, 3, 3, 3, 3, 3, 3, 3, 3, 3, 3, 3, 3, 3, 3, 3, 3, 3, 3, 3, 3, 3, 3, 3, 3, 3, 3, 3, 3, 3, 3, 3, 3, 3, 3, 3, 3, 3, 3, 3, 3, 3, 3, 3, 3, 3, 3, 3, 3, 3, 3, 3, 3, 3, 3, 3, 3, 3, 3, 3, 3, 3, 3, 3, 3, 3, 3, 3, 3, 3, 3, 3, 3, 3, 3, 3, 3, 3, 3, 3, 3, 3, 3, 3, 3, 3, 3, 3, 3, 3, 3, 3, 3, 3, 3, 3, 3, 3, 3, 3, 3, 3, 3, 3, 3, 3, 3, 3, 3, 3, 3, 3, 3, 3, 3, 3, 3, 3, 3, 3, 3, 3, 3, 3, 3, 3, 3, 3, 3, 3, 3, 3, 3, 3, 3, 3, 3, 3, 3, 3, 3, 3, 3, 3, 3, 3, 3, 3, 3, 3, 3, 3, 3, 3, 3, 3, 3, 3, 3, 3, 3, 3, 3, 3, 3, 3, 3, 3, 3, 3, 3, 3, 3, 3, 3, 3, 3, 3, 3, 3, 3, 3, 3, 3, 3, 3, 3, 3, 3, 3, 3, 3, 3, 3, 3, 3, 3, 3, 3, 3, 3, 3, 3, 3, 3, 3, 3, 3, 3, 3, 3, 3, 3, 3, 3, 3, 3, 3, 3, 3, 3, 3, 3, 3, 3, 3, 3, 3, 3, 3, 3, 3, 3, 3, 3, 3, 3, 3, 3, 3, 3, 3, 3, 3, 3, 3, 3, 3, 3, 3, 3, 3, 3, 3, 3, 3, 3, 3, 3, 3, 3, 3, 3, 3, 3, 3, 3, 3, 3, 3, 3, 3, 3, 3, 3, 3, 3, 3, 3, 3, 3, 3, 3, 3, 3, 3, 3, 3, 3, 3, 3, 3, 3, 3, 3, 3, 3, 3, 3, 3, 3, 3, 3, 3, 3, 3, 3, 3, 3, 3, 3, 3, 3, 3, 3, 3, 3, 3, 3, 3, 3, 3, 3, 3, 3, 3, 3, 3, 3, 3, 3, 3, 3, 3, 3, 3, 3, 3, 3, 3, 3, 3, 3, 3, 3, 3, 3, 3, 3, 3, 3, 3, 3, 3, 3, 3, 3, 3, 3, 3, 3, 3, 3, 3, 3, 3, 3, 3, 3, 3, 3, 3, 3, 3, 3, 3, 3, 3, 3, 3, 3, 3, 3, 3, 3, 3, 3, 3, 3, 3, 3, 3, 3, 3, 3, 3, 3, 3, 3, 3, 3, 3, 3, 3, 3, 3, 3, 3, 3, 3, 3, 3, 3, 3, 3, 3, 3, 3, 3, 3, 3, 3, 3, 3, 3, 3, 3, 3, 3, 3, 3, 3, 3, 3, 3, 3, 3, 3, 3, 3, 3, 3, 3, 3, 3, 3, 3, 3, 3, 3, 3, 3, 3, 3, 3, 3, 3, 3, 3, 3, 3, 3, 3, 3, 3, 3, 3, 3, 3, 3, 3, 3, 3, 3, 3, 3, 3, 3, 3, 3, 3, 3, 3, 3, 3, 3, 3, 3, 3, 3, 3, 3, 3, 3, 3, 3, 3, 3, 3, 3, 3, 3, 3, 3, 3, 3, 3, 3, 3, 3, 3, 3, 3, 3, 3, 3, 3, 3, 3, 3, 3, 3, 3, 3, 3, 3, 3, 3, 3, 3, 3, 3, 3, 3, 3, 3, 3, 3, 3, 3, 3, 3, 3, 3, 3, 3, 3, 3, 3, 3, 3, 3, 3, 3, 3, 3, 3, 3, 3, 3, 3, 3, 3, 3, 3, 3, 3, 3, 3, 3, 3, 3, 3, 3, 3, 3, 3, 3, 3, 3, 3, 3, 3, 3, 3, 3, 3, 3, 3, 3, 3, 3, 3, 3, 3, 3, 3, 3, 3, 3, 3, 3, 3, 3, 3, 3, 3, 3, 3, 3, 3, 3, 3, 3, 3, 3, 3, 3, 3, 3, 3, 3, 3, 3, 3, 3, 3, 3, 3, 3, 3, 3, 3, 3, 3, 3, 3, 3, 3, 3, 3, 3, 3, 3, 3, 3, 3, 3, 3, 3, 3, 3, 3, 3, 3, 3, 3, 3, 3, 3, 3, 3, 3, 3, 3, 3, 3, 3, 3, 3, 3, 3, 3, 3, 3, 3, 3, 3, 3, 3, 3, 3, 3, 3, 3, 3, 3, 3, 3, 3, 3, 3, 3, 3, 3, 3, 3, 3, 3, 3, 3, 3, 3, 3, 3, 3, 3, 3, 3, 3, 3, 3, 3, 3, 3, 3, 3, 3, 3, 3, 3, 3, 3, 3, 3, 3, 3, 3, 3, 3, 3, 3, 3, 3, 3, 3, 3, 3, 3, 3, 3, 3, 3, 3, 3, 3, 3, 3, 3, 3, 3, 3, 3, 3, 3, 3, 3, 3, 3, 3, 3, 3, 3, 3, 3, 3, 3, 3, 3, 3, 3, 3, 3, 3, 3, 3, 3, 3, 3, 3, 3, 3, 3, 3, 3, 3, 3, 3, 3, 3, 3, 3, 3, 3, 3, 3, 3, 3, 3, 3, 3, 3, 3, 3, 3, 3, 3, 3, 3, 3, 3, 3, 3, 3, 3, 3, 3, 3, 3, 3, 3, 3, 3, 3, 3, 3, 3, 3, 3, 3, 3, 3, 3, 3, 3, 3, 3, 3, 3, 3, 3, 3, 3, 3, 3, 3, 3, 3, 3, 3, 3, 3, 3, 3, 3, 3, 3, 3, 3, 3, 3, 3, 3, 3, 3, 3, 3, 3, 3, 3, 3, 3, 3, 3, 3, 3, 3, 3, 3, 3, 3, 3, 3, 3, 3, 3, 3, 3, 3, 3, 3, 3, 3, 3, 3, 3, 3, 3, 3, 3, 3, 3, 3, 3, 3, 3, 3, 3, 3, 3, 3, 3, 3, 3, 3, 3, 3, 3, 3, 3, 3, 3, 3, 3, 3, 3, 3, 3, 3, 3, 3, 3, 3, 3, 3, 3, 3, 3, 3, 3, 3, 3, 3, 3, 3, 3, 3, 3, 3, 3, 3, 3, 3, 3, 3, 3, 3, 3, 3, 3, 3, 3, 3, 3, 3, 3, 3, 3, 3, 3, 3, 3, 3, 3, 3, 3, 3, 3, 3, 3, 3, 3, 3, 3, 3, 3, 3, 3, 3, 3, 3, 3, 3, 3, 3, 3, 3, 3, 3, 3, 3, 3, 3, 3, 3, 3, 3, 3, 3, 3, 3, 3, 3, 3, 3, 3, 3, 3, 3, 3, 3, 3, 3, 3, 3, 3, 3, 3, 3, 3, 3, 3, 3, 3, 3, 3, 3, 3, 3, 3, 3, 3, 3, 3, 3, 3, 3, 3, 3, 3, 3, 3, 3, 3, 3, 3, 3, 3, 3, 3, 3, 3, 3, 3, 3, 3, 3, 3, 3, 3, 3, 3, 3, 3, 3, 3, 3, 3, 3, 3, 3, 3, 3, 3, 3, 3, 3, 3, 3, 3, 3, 3, 3, 3, 3, 3, 3, 3, 3, 3, 3, 3, 3, 3, 3, 3, 3, 3, 3, 3, 3, 3, 3, 3, 3, 3, 3, 3, 3, 3, 3, 3, 3, 3, 3, 3, 3, 3, 3, 3, 3, 3, 3, 3, 3, 3, 3, 3, 3, 3, 3, 3, 3, 3, 3, 3, 3, 3, 3, 3, 3, 3, 3, 3, 3, 3, 3, 3, 3, 3, 3, 3, 3, 3, 3, 3, 3, 3, 3, 3, 3, 3, 3, 3, 3, 3, 3, 3, 3, 3, 3, 3, 3, 3, 3, 3, 3, 3, 3, 3, 3, 3, 3, 3, 3, 3, 3, 3, 3, 3, 3, 3, 3, 3, 3, 3, 3, 3, 3, 3, 3, 3, 3, 3, 3, 3, 3, 3, 3, 3, 3, 3, 3, 3, 3, 3, 3, 3, 3, 3, 3, 3, 3, 3, 3, 3, 3, 3, 3, 3, 3, 3, 3, 3, 3, 3, 3, 3, 3, 3, 3, 3, 3, 3, 3, 3, 3, 3, 3, 3, 3, 3, 3, 3, 3, 3, 3, 3, 3, 3, 3, 3, 3, 3, 3, 3, 3, 3, 3, 3, 3, 3, 3, 3, 3, 3, 3, 3, 3, 3, 3, 3, 3, 3, 3, 3, 3, 3, 3, 3, 3, 3, 3, 3, 3, 3, 3, 3, 3, 3, 3, 3, 3, 3, 3, 3, 3, 3, 3, 3, 3, 3, 3, 3, 3, 3, 3, 3, 3, 3, 3, 3, 3, 3, 3, 3, 3, 3, 3, 3, 3, 3, 3, 3, 3, 3, 3, 3, 3, 3, 3, 3, 3, 3, 3, 3, 3, 3, 3, 3, 3, 3, 3, 3, 3, 3, 3, 3, 3, 3, 3, 3, 3, 3, 3, 3, 3, 3, 3, 3, 3, 3, 3, 3, 3, 3, 3, 3, 3, 3, 3, 3, 3, 3, 3, 3, 3, 3, 3, 3, 3, 3, 3, 3, 3, 3, 3, 3, 3, 3, 3, 3, 3, 3, 3, 3, 3, 3, 3, 3, 3, 3, 3, 3, 3, 3, 3, 3, 3, 3, 3, 3, 3, 3, 3, 3, 3, 3, 3, 3, 3, 3, 3, 3, 3, 3, 3, 3, 3, 3, 3, 3, 3, 3, 3, 3, 3, 3, 3, 3, 3, 3, 3, 3, 3, 3, 3, 3, 3, 3, 3, 3, 3, 3, 3, 3, 3, 3, 3, 3, 3, 3, 3, 3, 3, 3, 3, 3, 3, 3, 3, 3, 3, 3, 3, 3, 3, 3, 3, 3, 3, 3, 3, 3, 3, 3, 3, 3, 3, 3, 3, 3, 3, 3, 3, 3, 3, 3, 3, 3, 3, 3, 3, 3, 3, 3, 3, 3, 3, 3, 3, 3, 3, 3, 3, 3, 3, 3, 3, 3, 3, 3, 3, 3, 3, 3, 3, 3, 3, 3, 3, 3, 3, 3, 3, 3, 3, 3, 3, 3, 3, 3, 3, 3, 3, 3, 3, 3, 3, 3, 3, 3, 3, 3, 3, 3, 3, 3, 3, 3, 3, 3, 3, 3, 3, 3, 3, 3, 3, 3, 3, 3, 3, 3, 3, 3, 3, 3, 3, 3, 3, 3, 3, 3, 3, 3, 3, 3, 3, 3, 3, 3, 3, 3, 3, 3, 3, 3, 3, 3, 3, 3, 3, 3, 3, 3, 3, 3, 3, 3, 3, 3, 3, 3, 3, 3, 3, 3, 3, 3, 3, 3, 3, 3, 3, 3, 3, 3, 3, 3, 3, 3, 3, 3, 3, 3, 3, 3, 3, 3, 3, 3, 3, 3, 3, 3, 3, 3, 3, 3, 3, 3, 3, 3, 3, 3, 3, 3, 3, 3, 3, 3, 3, 3, 3, 3, 3, 3, 3, 3, 3, 3, 3, 3, 3, 3, 3, 3, 3, 3, 3, 3, 3, 3, 3, 3, 3, 3, 3, 3, 3, 3, 3, 3, 3, 3, 3, 3, 3, 3, 3, 3, 3, 3, 3, 3, 3, 3, 3, 3, 3, 3, 3, 3, 3, 3, 3, 3, 3, 3, 3, 3, 3, 3, 3, 3, 3, 3, 3, 3, 3, 3, 3, 3, 3, 3, 3, 3, 3, 3, 3, 3, 3, 3, 3, 3, 3, 3, 3, 3, 3, 3, 3, 3, 3, 3, 3, 3, 3, 3, 3, 3, 3, 3, 3, 3, 3, 3, 3, 3, 3, 3, 3, 3, 3, 3, 3, 3, 3, 3, 3, 3, 3, 3, 3, 3, 3, 3, 3, 3, 3, 3, 3, 3, 3, 3, 3, 3, 3, 3, 3, 3, 3, 3, 3, 3, 3, 3, 3, 3, 3, 3, 3, 3, 3, 3, 3, 3, 3, 3, 3, 3, 3, 3, 3, 3, 3, 3, 3, 3, 3, 3, 3, 3, 3, 3, 3, 3, 3, 3, 3, 3, 3, 3, 3, 3, 3, 3, 3, 3, 3, 3, 3, 3, 3, 3, 3, 3, 3, 3, 3, 3, 3, 3, 3, 3, 3, 3, 3, 3, 3, 3, 3, 3, 3, 3, 3, 3, 3, 3, 3, 3, 3, 3, 3, 3, 3, 3, 3, 3, 3, 3, 3, 3, 3, 3, 3, 3, 3, 3, 3, 3, 3, 3, 3, 3, 3, 3, 3, 3, 3, 3, 3, 3, 3, 3, 3, 3, 3, 3, 3, 3, 3, 3, 3, 3, 3, 3, 3, 3, 3, 3, 3, 3, 3, 3, 3, 3, 3, 3, 3, 3, 3, 3, 3, 3, 3, 3, 3, 3, 3, 3, 3, 3, 3, 3, 3, 3, 3, 3, 3, 3, 3, 3, 3, 3, 3, 3, 3, 3, 3, 3, 3, 3, 3, 3, 3, 3, 3, 3, 3, 3, 3, 3, 3, 3, 3, 3, 3, 3, 3, 3, 3, 3, 3, 3, 3, 3, 3, 3, 3, 3, 3, 3, 3, 3, 3, 3, 3, 3, 3, 3, 3, 3, 3, 3, 3, 3, 3, 3, 3, 3, 3, 3, 3, 3, 3, 3, 3, 3, 3, 3, 3, 3, 3, 3, 3, 3, 3, 3, 3, 3, 3, 3, 3, 3, 3, 3, 3, 3, 3, 3, 3, 3, 3, 3, 3, 3, 3, 3, 3, 3, 3, 3, 3, 3, 3, 3, 3, 3, 3, 3, 3, 3, 3, 3, 3, 3, 3, 3, 3, 3, 3, 3, 3, 3, 3, 3, 3, 3, 3, 3, 3, 3, 3, 3, 3, 3, 3, 3, 3, 3, 3, 3, 3, 3, 3, 3, 3, 3, 3, 3, 3, 3, 3, 3, 3, 3, 3, 3, 3, 3, 3, 3, 3, 3, 3, 3, 3, 3, 3, 3, 3, 3, 3, 3, 3, 3, 3, 3, 3, 3, 3, 3, 3, 3, 3, 3, 3, 3, 3, 3, 3, 3, 3, 3, 3, 3, 3, 3, 3, 3, 3, 3, 3, 3, 3, 3, 3, 3, 3, 3, 3, 3, 3, 3, 3, 3, 3, 3, 3, 3, 3, 3, 3, 3, 3, 3, 3, 3, 3, 3, 3, 3, 3, 3, 3, 3, 3, 3, 3, 3, 3, 3, 3, 3, 3, 3, 3, 3, 3, 3, 3, 3, 3, 3, 3, 3, 3, 3, 3, 3, 3, 3, 3, 3, 3, 3, 3, 3, 3, 3, 3, 3, 3, 3, 3, 3, 3, 3, 3, 3, 3, 3, 3, 3, 3, 3, 3, 3, 3, 3, 3, 3, 3, 3, 3, 3, 3, 3, 3, 3, 3, 3, 3, 3, 3, 3, 3, 3, 3, 3, 3, 3, 3, 3, 3, 3, 3, 3, 3, 3, 3, 3, 3, 3, 3, 3, 3, 3, 3, 3, 3, 3, 3, 3, 3, 3, 3, 3, 3, 3, 3, 3, 3, 3, 3, 3, 3, 3, 3, 3, 3, 3, 3, 3, 3, 3, 3, 3, 3, 3, 3, 3, 3, 3, 3, 3, 3, 3, 3, 3, 3, 3, 3, 3, 3, 3, 3, 3, 3, 3, 3, 3, 3, 3, 3, 3, 3, 3, 3, 3, 3, 3, 3, 3, 3, 3, 3, 3, 3, 3, 3, 3, 3, 3, 3, 3, 3, 3, 3, 3, 3, 3, 3, 3, 3, 3, 3, 3, 3, 3, 3, 3, 3, 3, 3, 3, 3, 3, 3, 3, 3, 3, 3, 3, 3, 3, 3, 3, 3, 3, 3, 3, 3, 3, 3, 3, 3, 3, 3, 3, 3, 3, 3, 3, 3, 3, 3, 3, 3, 3, 3, 3, 3, 3, 3, 3, 3, 3, 3, 3, 3, 3, 3, 3, 3, 3, 3, 3, 3, 3, 3, 3, 3, 3, 3, 3, 3, 3, 3, 3, 3, 3, 3, 3, 3, 3, 3, 3, 3, 3, 3, 3, 3, 3, 3, 3, 3, 3, 3]
    int[] faceVertexIndices = [0, 1, 2, 2, 3, 0, 4, 5, 6, 6, 7, 4, 8, 9, 10, 10, 11, 8, 12, 13, 14, 14, 15, 12, 16, 17, 18, 18, 19, 16, 6, 5, 20, 20, 21, 6, 21, 20, 9, 9, 8, 21, 22, 23, 24, 24, 25, 22, 25, 24, 26, 26, 17, 25, 27, 28, 29, 29, 30, 27, 30, 29, 31, 31, 32, 30, 33, 15, 34, 34, 35, 33, 35, 34, 36, 36, 37, 35, 12, 38, 39, 39, 40, 12, 40, 39, 41, 41, 42, 40, 18, 43, 44, 44, 45, 18, 45, 44, 46, 46, 47, 45, 4, 48, 49, 49, 5, 4, 5, 49, 16, 16, 50, 5, 51, 52, 53, 53, 54, 51, 54, 53, 55, 55, 56, 54, 14, 57, 9, 9, 58, 14, 58, 9, 59, 59, 60, 58, 61, 13, 62, 62, 10, 61, 10, 62, 63, 63, 64, 10, 65, 19, 66, 66, 20, 65, 20, 66, 67, 67, 68, 20, 28, 51, 54, 54, 29, 28, 29, 54, 56, 56, 31, 29, 31, 56, 63, 63, 42, 31, 42, 63, 62, 62, 40, 42, 40, 62, 13, 13, 12, 40, 48, 22, 25, 25, 49, 48, 49, 25, 17, 17, 16, 49, 15, 14, 58, 58, 34, 15, 34, 58, 60, 60, 36, 34, 36, 60, 67, 67, 47, 36, 47, 67, 66, 66, 45, 47, 45, 66, 19, 19, 18, 45, 69, 70, 71, 71, 72, 69, 73, 72, 71, 71, 74, 73, 53, 52, 75, 75, 76, 53, 53, 76, 11, 11, 10, 53, 77, 78, 79, 80, 77, 81, 77, 79, 81, 79, 82, 12, 79, 12, 81, 12, 15, 83, 84, 85, 81, 12, 83, 86, 12, 86, 81, 86, 84, 81, 87, 88, 89, 90, 87, 91, 87, 89, 91, 89, 92, 31, 89, 31, 91, 31, 42, 93, 94, 95, 91, 31, 93, 96, 31, 96, 91, 96, 94, 91, 97, 98, 99, 100, 97, 101, 97, 99, 101, 99, 102, 14, 99, 14, 101, 14, 13, 103, 104, 105, 101, 14, 103, 106, 14, 106, 101, 106, 104, 101, 107, 108, 109, 110, 107, 111, 107, 109, 111, 109, 112, 63, 109, 63, 111, 63, 56, 113, 114, 115, 111, 63, 113, 116, 63, 116, 111, 116, 114, 111, 117, 118, 119, 120, 117, 121, 117, 119, 121, 119, 122, 18, 119, 18, 121, 18, 17, 123, 124, 125, 121, 18, 123, 126, 18, 126, 121, 126, 124, 121, 127, 128, 129, 130, 127, 131, 127, 129, 131, 129, 132, 36, 129, 36, 131, 36, 47, 133, 134, 135, 131, 36, 133, 136, 36, 136, 131, 136, 134, 131, 137, 138, 139, 140, 137, 141, 137, 139, 141, 139, 142, 16, 139, 16, 141, 16, 19, 143, 144, 145, 141, 16, 143, 146, 16, 146, 141, 146, 144, 141, 147, 148, 149, 150, 147, 151, 147, 149, 151, 149, 152, 67, 149, 67, 151, 67, 60, 153, 154, 155, 151, 67, 153, 156, 67, 156, 151, 156, 154, 151, 81, 157, 158, 158, 80, 81, 121, 159, 160, 160, 120, 121, 131, 161, 162, 162, 130, 131, 163, 90, 91, 91, 164, 163, 165, 86, 83, 166, 82, 79, 167, 122, 119, 168, 136, 133, 169, 132, 129, 170, 92, 89, 171, 100, 101, 101, 172, 171, 173, 140, 141, 141, 174, 173, 175, 150, 151, 151, 176, 175, 111, 177, 178, 178, 110, 111, 179, 102, 99, 180, 142, 139, 181, 152, 149, 182, 112, 109, 157, 81, 85, 85, 183, 157, 183, 85, 84, 84, 184, 183, 184, 84, 86, 86, 185, 184, 86, 165, 185, 80, 158, 186, 186, 77, 80, 77, 186, 187, 187, 78, 77, 78, 187, 188, 188, 79, 78, 79, 188, 166, 159, 121, 125, 125, 189, 159, 189, 125, 124, 124, 190, 189, 190, 124, 126, 126, 191, 190, 120, 160, 192, 192, 117, 120, 117, 192, 193, 193, 118, 117, 118, 193, 194, 194, 119, 118, 119, 194, 167, 161, 131, 135, 135, 195, 161, 195, 135, 134, 134, 196, 195, 196, 134, 136, 136, 197, 196, 136, 168, 197, 130, 162, 198, 198, 127, 130, 127, 198, 199, 199, 128, 127, 128, 199, 200, 200, 129, 128, 129, 200, 169, 90, 163, 201, 201, 87, 90, 87, 201, 202, 202, 88, 87, 88, 202, 203, 203, 89, 88, 89, 203, 170, 164, 91, 95, 95, 204, 164, 204, 95, 94, 94, 205, 204, 205, 94, 96, 96, 206, 205, 191, 126, 123, 123, 207, 191, 26, 207, 123, 123, 17, 26, 206, 96, 93, 93, 208, 206, 41, 208, 93, 93, 42, 41, 100, 171, 209, 209, 97, 100, 97, 209, 210, 210, 98, 97, 98, 210, 211, 211, 99, 98, 99, 211, 179, 172, 101, 105, 105, 212, 172, 212, 105, 104, 104, 213, 212, 213, 104, 106, 106, 214, 213, 140, 173, 215, 215, 137, 140, 137, 215, 216, 216, 138, 137, 138, 216, 217, 217, 139, 138, 139, 217, 180, 174, 141, 145, 145, 218, 174, 218, 145, 144, 144, 219, 218, 219, 144, 146, 146, 220, 219, 150, 175, 221, 221, 147, 150, 147, 221, 222, 222, 148, 147, 148, 222, 223, 223, 149, 148, 149, 223, 181, 176, 151, 155, 155, 224, 176, 224, 155, 154, 154, 225, 224, 225, 154, 156, 156, 226, 225, 177, 111, 115, 115, 227, 177, 227, 115, 114, 114, 228, 227, 228, 114, 116, 116, 229, 228, 110, 178, 230, 230, 107, 110, 107, 230, 231, 231, 108, 107, 108, 231, 232, 232, 109, 108, 109, 232, 182, 214, 106, 103, 103, 233, 214, 61, 233, 103, 103, 13, 61, 220, 146, 143, 143, 234, 220, 65, 234, 143, 143, 19, 65, 226, 156, 153, 153, 235, 226, 59, 235, 153, 153, 60, 59, 229, 116, 113, 113, 236, 229, 55, 236, 113, 113, 56, 55, 83, 15, 33, 33, 165, 83, 166, 38, 12, 12, 82, 166, 167, 43, 18, 18, 122, 167, 133, 47, 46, 46, 168, 133, 169, 37, 36, 36, 132, 169, 170, 32, 31, 31, 92, 170, 179, 57, 14, 14, 102, 179, 180, 50, 16, 16, 142, 180, 181, 68, 67, 67, 152, 181, 182, 64, 63, 63, 112, 182, 75, 27, 237, 237, 238, 75, 239, 240, 241, 241, 242, 239, 243, 239, 242, 242, 244, 243, 245, 243, 244, 244, 246, 245, 247, 248, 249, 249, 250, 247, 23, 7, 251, 251, 252, 23, 253, 254, 255, 255, 256, 253, 247, 240, 239, 239, 248, 247, 248, 239, 243, 243, 237, 248, 238, 237, 243, 243, 245, 238, 257, 258, 259, 260, 257, 259, 261, 262, 263, 264, 261, 263, 265, 266, 267, 268, 265, 267, 269, 270, 271, 272, 269, 271, 273, 274, 246, 246, 244, 273, 275, 273, 244, 244, 276, 275, 277, 276, 244, 244, 242, 277, 278, 279, 277, 277, 242, 278, 280, 278, 242, 242, 241, 280, 281, 270, 282, 283, 281, 282, 268, 284, 265, 284, 268, 285, 285, 286, 284, 286, 285, 287, 265, 288, 266, 284, 289, 265, 288, 265, 289, 289, 284, 286, 288, 289, 290, 286, 290, 289, 290, 291, 292, 291, 290, 286, 262, 292, 291, 287, 291, 286, 287, 263, 291, 291, 263, 262, 263, 287, 264, 264, 293, 261, 293, 264, 294, 294, 295, 293, 295, 294, 296, 293, 297, 261, 297, 293, 295, 261, 297, 262, 297, 298, 262, 297, 260, 298, 295, 260, 297, 260, 299, 257, 299, 260, 295, 295, 300, 299, 296, 300, 295, 257, 301, 258, 301, 257, 302, 299, 302, 257, 302, 299, 300, 300, 303, 302, 301, 302, 303, 296, 303, 300, 303, 296, 304, 304, 305, 303, 305, 304, 306, 301, 303, 305, 306, 307, 305, 307, 306, 308, 305, 309, 301, 309, 305, 307, 258, 301, 309, 309, 310, 258, 307, 310, 309, 310, 311, 312, 311, 310, 307, 313, 312, 311, 307, 314, 311, 308, 314, 307, 311, 315, 313, 315, 311, 314, 314, 308, 316, 315, 282, 313, 270, 313, 282, 282, 315, 314, 316, 317, 314, 314, 317, 282, 317, 316, 283, 283, 282, 317, 281, 283, 318, 318, 319, 281, 319, 318, 320, 270, 281, 319, 319, 271, 270, 271, 321, 272, 321, 271, 319, 266, 272, 321, 320, 321, 319, 320, 267, 321, 321, 267, 266, 267, 320, 268, 262, 298, 322, 322, 292, 262, 253, 292, 322, 322, 298, 253, 292, 323, 290, 323, 292, 253, 288, 290, 323, 253, 256, 323, 288, 323, 256, 256, 324, 288, 266, 288, 324, 324, 272, 266, 256, 272, 324, 272, 325, 269, 325, 272, 256, 256, 255, 325, 269, 325, 255, 255, 326, 269, 269, 313, 270, 313, 269, 326, 313, 326, 255, 255, 312, 313, 310, 312, 255, 255, 254, 310, 258, 310, 254, 254, 259, 258, 260, 259, 254, 254, 253, 260, 298, 260, 253, 327, 328, 329, 329, 330, 327, 277, 279, 331, 277, 331, 276, 331, 332, 276, 332, 275, 276, 333, 334, 335, 336, 333, 335, 337, 338, 339, 340, 337, 339, 341, 342, 343, 344, 341, 343, 345, 346, 347, 348, 345, 347, 349, 350, 274, 274, 273, 349, 332, 349, 273, 273, 275, 332, 351, 331, 279, 279, 278, 351, 352, 351, 278, 278, 280, 352, 353, 346, 354, 355, 353, 354, 344, 356, 341, 356, 344, 357, 357, 358, 356, 358, 357, 359, 341, 360, 342, 356, 361, 341, 360, 341, 361, 361, 356, 358, 360, 361, 362, 358, 362, 361, 362, 363, 364, 363, 362, 358, 338, 364, 363, 359, 363, 358, 359, 339, 363, 363, 339, 338, 339, 359, 340, 340, 365, 337, 365, 340, 366, 366, 367, 365, 367, 366, 368, 365, 369, 337, 369, 365, 367, 337, 369, 338, 369, 370, 338, 369, 336, 370, 367, 336, 369, 336, 371, 333, 371, 336, 367, 367, 372, 371, 368, 372, 367, 333, 373, 334, 373, 333, 374, 371, 374, 333, 374, 371, 372, 372, 375, 374, 373, 374, 375, 368, 375, 372, 375, 368, 376, 376, 377, 375, 377, 376, 378, 373, 375, 377, 378, 379, 377, 379, 378, 380, 377, 381, 373, 381, 377, 379, 334, 373, 381, 381, 382, 334, 379, 382, 381, 382, 383, 384, 383, 382, 379, 385, 384, 383, 379, 386, 383, 380, 386, 379, 383, 387, 385, 387, 383, 386, 386, 380, 388, 387, 354, 385, 346, 385, 354, 354, 387, 386, 388, 389, 386, 386, 389, 354, 389, 388, 355, 355, 354, 389, 353, 355, 390, 390, 391, 353, 391, 390, 392, 346, 353, 391, 391, 347, 346, 347, 393, 348, 393, 347, 391, 342, 348, 393, 392, 393, 391, 392, 343, 393, 393, 343, 342, 343, 392, 344, 338, 370, 394, 394, 364, 338, 327, 364, 394, 394, 370, 327, 364, 395, 362, 395, 364, 327, 360, 362, 395, 327, 330, 395, 360, 395, 330, 330, 396, 360, 342, 360, 396, 396, 348, 342, 330, 348, 396, 348, 397, 345, 397, 348, 330, 330, 329, 397, 345, 397, 329, 329, 398, 345, 345, 385, 346, 385, 345, 398, 385, 398, 329, 329, 384, 385, 382, 384, 329, 329, 328, 382, 334, 382, 328, 328, 335, 334, 336, 335, 328, 328, 327, 336, 370, 336, 327, 399, 400, 2, 401, 402, 0, 0, 3, 401, 400, 401, 3, 3, 2, 400, 1, 0, 402, 2, 1, 399, 402, 399, 1, 403, 404, 405, 405, 406, 403, 407, 408, 409, 409, 410, 407, 399, 402, 411, 411, 412, 399, 412, 411, 413, 413, 414, 412, 414, 413, 406, 406, 405, 414, 401, 400, 415, 415, 416, 401, 416, 415, 417, 417, 418, 416, 418, 417, 410, 410, 409, 418, 404, 403, 419, 419, 420, 404, 420, 419, 421, 421, 422, 420, 249, 422, 421, 421, 250, 249, 408, 407, 423, 423, 424, 408, 424, 423, 425, 425, 426, 424, 251, 426, 425, 425, 252, 251, 427, 428, 429, 429, 430, 427, 431, 432, 433, 433, 434, 431, 435, 436, 437, 437, 438, 435, 439, 440, 441, 441, 442, 439, 443, 444, 445, 445, 446, 443, 446, 445, 447, 447, 448, 446, 449, 450, 451, 451, 452, 449, 453, 452, 451, 451, 454, 453, 448, 447, 455, 455, 456, 448, 457, 456, 455, 455, 458, 457, 457, 458, 450, 450, 449, 457, 459, 460, 461, 461, 462, 459, 463, 462, 461, 461, 464, 463, 463, 464, 70, 70, 69, 463, 465, 466, 467, 467, 468, 465, 468, 467, 469, 469, 470, 468, 471, 472, 473, 473, 474, 471, 475, 474, 473, 473, 476, 475, 470, 469, 477, 477, 478, 470, 479, 478, 477, 477, 480, 479, 479, 480, 472, 472, 471, 479, 481, 427, 430, 430, 482, 481, 440, 481, 482, 482, 441, 440, 483, 429, 428, 428, 484, 483, 485, 483, 484, 484, 486, 485, 487, 485, 486, 486, 488, 487, 489, 487, 488, 488, 490, 489, 434, 489, 490, 490, 431, 434, 491, 433, 432, 432, 492, 491, 438, 491, 492, 492, 435, 438, 493, 437, 436, 436, 494, 493, 495, 493, 494, 494, 496, 495, 497, 495, 496, 496, 498, 497, 499, 497, 498, 498, 500, 499, 442, 499, 500, 500, 439, 442, 501, 502, 503, 503, 504, 501, 504, 503, 505, 505, 506, 504, 506, 505, 507, 507, 508, 506, 509, 510, 511, 511, 512, 509, 513, 514, 515, 515, 516, 513, 516, 515, 517, 517, 518, 516, 518, 517, 519, 519, 520, 518, 521, 522, 523, 523, 524, 521, 525, 526, 527, 527, 528, 525, 528, 527, 460, 460, 459, 528, 529, 530, 531, 531, 532, 529, 532, 531, 533, 533, 534, 532, 534, 533, 535, 535, 536, 534, 536, 535, 502, 502, 501, 536, 512, 511, 537, 537, 538, 512, 538, 537, 539, 539, 540, 538, 540, 539, 541, 541, 542, 540, 542, 541, 514, 514, 513, 542, 543, 544, 545, 545, 546, 543, 546, 545, 547, 547, 548, 546, 549, 550, 551, 551, 552, 549, 552, 551, 553, 553, 554, 552, 555, 556, 557, 557, 558, 555, 559, 560, 561, 561, 562, 559, 562, 561, 563, 563, 564, 562, 565, 566, 567, 567, 568, 565, 568, 567, 569, 569, 570, 568, 571, 572, 573, 573, 574, 571, 574, 573, 575, 575, 576, 574, 577, 578, 579, 579, 580, 577, 581, 582, 583, 583, 584, 581, 584, 583, 585, 585, 586, 584, 587, 588, 589, 589, 590, 587, 590, 589, 591, 591, 592, 590, 593, 594, 595, 595, 596, 593, 597, 598, 599, 599, 600, 597, 601, 602, 603, 603, 604, 601, 604, 603, 605, 605, 606, 604, 607, 608, 609, 609, 610, 607, 610, 609, 611, 611, 612, 610, 613, 614, 615, 615, 616, 613, 617, 618, 619, 619, 620, 617, 621, 622, 623, 623, 624, 621, 624, 623, 625, 625, 626, 624, 627, 628, 629, 629, 630, 627, 630, 629, 631, 631, 632, 630, 633, 634, 635, 635, 636, 633, 637, 638, 639, 639, 640, 637, 641, 642, 643, 643, 644, 641, 645, 646, 647, 647, 648, 645, 648, 647, 649, 649, 650, 648, 651, 652, 653, 653, 654, 651, 654, 653, 655, 655, 656, 654, 657, 658, 659, 659, 660, 657, 661, 662, 663, 663, 664, 661, 665, 666, 667, 667, 668, 665, 669, 670, 671, 671, 672, 669, 672, 671, 673, 673, 674, 672, 675, 676, 677, 677, 678, 675, 678, 677, 679, 679, 680, 678, 681, 682, 683, 683, 684, 681, 684, 683, 685, 685, 686, 684, 687, 688, 689, 689, 690, 687, 691, 692, 693, 693, 694, 691, 695, 696, 697, 697, 698, 695, 699, 700, 701, 701, 702, 699, 702, 701, 703, 703, 704, 702, 705, 706, 707, 707, 708, 705, 708, 707, 709, 709, 710, 708, 711, 712, 713, 713, 714, 711, 714, 713, 715, 715, 716, 714, 717, 718, 719, 719, 720, 717, 721, 722, 723, 723, 724, 721, 725, 726, 727, 727, 728, 725, 729, 730, 731, 731, 732, 729, 732, 731, 733, 733, 734, 732, 735, 736, 737, 737, 738, 735, 738, 737, 739, 739, 740, 738, 741, 742, 743, 743, 744, 741, 745, 746, 747, 747, 748, 745, 749, 750, 751, 751, 752, 749, 753, 754, 755, 755, 756, 753, 757, 508, 507, 507, 758, 757, 759, 757, 758, 758, 760, 759, 761, 759, 760, 760, 762, 761, 763, 761, 762, 762, 764, 763, 765, 763, 764, 764, 766, 765, 767, 765, 766, 766, 768, 767, 531, 530, 768, 768, 766, 531, 533, 531, 766, 766, 764, 533, 535, 533, 764, 764, 762, 535, 502, 535, 762, 762, 760, 502, 503, 502, 760, 760, 758, 503, 505, 503, 758, 758, 507, 505, 504, 506, 508, 508, 757, 504, 501, 504, 757, 757, 759, 501, 536, 501, 759, 759, 761, 536, 534, 536, 761, 761, 763, 534, 532, 534, 763, 763, 765, 532, 529, 532, 765, 765, 767, 529, 769, 520, 519, 519, 770, 769, 771, 769, 770, 770, 772, 771, 773, 771, 772, 772, 774, 773, 775, 773, 774, 774, 776, 775, 777, 775, 776, 776, 778, 777, 509, 777, 778, 778, 510, 509, 537, 511, 510, 510, 778, 537, 539, 537, 778, 778, 776, 539, 541, 539, 776, 776, 774, 541, 514, 541, 774, 774, 772, 514, 515, 514, 772, 772, 770, 515, 517, 515, 770, 770, 519, 517, 516, 518, 520, 520, 769, 516, 513, 516, 769, 769, 771, 513, 542, 513, 771, 771, 773, 542, 540, 542, 773, 773, 775, 540, 538, 540, 775, 775, 777, 538, 512, 538, 777, 777, 509, 512, 779, 780, 558, 558, 557, 779, 781, 779, 557, 782, 558, 780, 783, 784, 580, 580, 579, 783, 785, 783, 579, 786, 580, 784, 787, 788, 596, 596, 595, 787, 789, 787, 595, 600, 599, 790, 790, 791, 600, 792, 600, 791, 793, 794, 616, 616, 615, 793, 795, 793, 615, 796, 797, 636, 636, 635, 796, 798, 796, 635, 799, 644, 800, 801, 800, 644, 644, 643, 801, 802, 803, 660, 660, 659, 802, 804, 802, 659, 805, 668, 806, 807, 806, 668, 668, 667, 807, 808, 809, 690, 690, 689, 808, 810, 808, 689, 811, 698, 812, 813, 812, 698, 698, 697, 813, 814, 815, 720, 720, 719, 814, 816, 814, 719, 719, 817, 816, 817, 719, 718, 818, 816, 817, 718, 819, 817, 817, 820, 818, 821, 818, 820, 820, 817, 819, 819, 822, 820, 820, 823, 821, 824, 821, 823, 823, 820, 822, 822, 825, 823, 823, 826, 824, 827, 824, 826, 826, 823, 825, 825, 828, 826, 827, 728, 829, 830, 829, 728, 728, 727, 830, 728, 827, 831, 826, 831, 827, 831, 826, 828, 831, 725, 728, 828, 832, 831, 725, 831, 832, 833, 834, 744, 744, 743, 833, 835, 833, 743, 743, 836, 835, 836, 743, 742, 837, 835, 836, 742, 838, 836, 836, 839, 837, 840, 837, 839, 839, 836, 838, 838, 841, 839, 839, 842, 840, 843, 840, 842, 842, 839, 841, 841, 844, 842, 842, 845, 843, 846, 843, 845, 845, 842, 844, 844, 847, 845, 846, 756, 848, 849, 848, 756, 756, 755, 849, 756, 846, 850, 845, 850, 846, 850, 845, 847, 850, 753, 756, 847, 851, 850, 753, 850, 851, 852, 853, 752, 752, 751, 852, 854, 852, 751, 751, 855, 854, 855, 751, 750, 856, 854, 855, 750, 857, 855, 855, 858, 856, 859, 856, 858, 858, 855, 857, 857, 860, 858, 858, 861, 859, 862, 859, 861, 861, 858, 860, 860, 863, 861, 861, 864, 862, 865, 862, 864, 864, 861, 863, 863, 866, 864, 865, 748, 867, 868, 867, 748, 748, 747, 868, 748, 865, 869, 864, 869, 865, 869, 864, 866, 869, 745, 748, 866, 870, 869, 745, 869, 870, 871, 543, 546, 546, 872, 871, 872, 546, 548, 873, 871, 872, 548, 874, 872, 872, 875, 873, 875, 872, 874, 876, 873, 875, 874, 877, 875, 875, 878, 876, 878, 875, 877, 879, 876, 878, 877, 880, 878, 878, 881, 879, 881, 878, 880, 882, 879, 881, 880, 883, 881, 881, 884, 882, 884, 881, 883, 885, 882, 884, 883, 886, 884, 884, 887, 885, 887, 884, 886, 888, 885, 887, 886, 889, 887, 887, 890, 888, 890, 887, 889, 891, 888, 890, 889, 892, 890, 890, 893, 891, 893, 890, 892, 894, 891, 893, 892, 895, 893, 893, 896, 894, 896, 893, 895, 550, 894, 896, 895, 897, 896, 896, 551, 550, 551, 896, 897, 897, 553, 551, 898, 549, 552, 552, 899, 898, 899, 552, 554, 900, 898, 899, 554, 901, 899, 899, 902, 900, 902, 899, 901, 903, 900, 902, 901, 904, 902, 902, 905, 903, 905, 902, 904, 906, 903, 905, 904, 907, 905, 905, 908, 906, 908, 905, 907, 909, 906, 908, 907, 910, 908, 908, 911, 909, 911, 908, 910, 912, 909, 911, 910, 913, 911, 911, 914, 912, 914, 911, 913, 915, 912, 914, 913, 916, 914, 914, 917, 915, 917, 914, 916, 916, 918, 917, 919, 915, 917, 917, 920, 919, 920, 917, 918, 921, 919, 920, 918, 922, 920, 920, 923, 921, 923, 920, 922, 922, 924, 923, 925, 921, 923, 923, 926, 925, 926, 923, 924, 927, 925, 926, 924, 928, 926, 926, 929, 927, 929, 926, 928, 930, 927, 929, 928, 931, 929, 929, 932, 930, 932, 929, 931, 933, 930, 932, 931, 934, 932, 932, 935, 933, 935, 932, 934, 936, 933, 935, 934, 937, 935, 935, 938, 936, 938, 935, 937, 939, 936, 938, 937, 940, 938, 938, 941, 939, 941, 938, 940, 940, 942, 941, 943, 939, 941, 941, 944, 943, 944, 941, 942, 945, 943, 944, 942, 946, 944, 944, 947, 945, 947, 944, 946, 946, 948, 947, 949, 945, 947, 947, 950, 949, 950, 947, 948, 951, 949, 950, 948, 952, 950, 950, 953, 951, 953, 950, 952, 954, 951, 953, 952, 955, 953, 953, 956, 954, 956, 953, 955, 957, 954, 956, 955, 958, 956, 956, 959, 957, 959, 956, 958, 960, 957, 959, 958, 961, 959, 959, 962, 960, 962, 959, 961, 963, 960, 962, 961, 964, 962, 962, 965, 963, 965, 962, 964, 544, 963, 965, 964, 966, 965, 965, 545, 544, 545, 965, 966, 966, 547, 545, 967, 555, 558, 558, 782, 967, 968, 967, 782, 782, 969, 968, 970, 968, 969, 969, 971, 970, 972, 970, 971, 971, 973, 972, 974, 972, 973, 973, 975, 974, 976, 974, 975, 975, 977, 976, 978, 976, 977, 977, 979, 978, 980, 978, 979, 979, 981, 980, 982, 980, 981, 981, 983, 982, 984, 982, 983, 983, 985, 984, 986, 984, 985, 985, 987, 986, 988, 986, 987, 987, 989, 988, 990, 988, 989, 989, 991, 990, 992, 990, 991, 991, 993, 992, 994, 992, 993, 993, 995, 994, 996, 994, 995, 995, 997, 996, 998, 996, 997, 997, 999, 998, 1000, 998, 999, 999, 1001, 1000, 1002, 1000, 1001, 1001, 1003, 1002, 1004, 1002, 1003, 1003, 1005, 1004, 1006, 1004, 1005, 1005, 1007, 1006, 1008, 1006, 1007, 1007, 1009, 1008, 1010, 1008, 1009, 1009, 1011, 1010, 1012, 1010, 1011, 1011, 1013, 1012, 1014, 1012, 1013, 1013, 1015, 1014, 1016, 1014, 1015, 1015, 1017, 1016, 1018, 1016, 1017, 1017, 1019, 1018, 1020, 1018, 1019, 1019, 1021, 1020, 1019, 1022, 1021, 1023, 1020, 1021, 1021, 1024, 1023, 1024, 1021, 1022, 1022, 1025, 1024, 1026, 1023, 1024, 1027, 1024, 1025, 1024, 1027, 1026, 1025, 1028, 1027, 1029, 1026, 1027, 1030, 1027, 1028, 1027, 1030, 1029, 1028, 1031, 1030, 1032, 1029, 1030, 1033, 1030, 1031, 1030, 1033, 1032, 1031, 1034, 1033, 1035, 1032, 1033, 1036, 1033, 1034, 1033, 1036, 1035, 1034, 1037, 1036, 1038, 1035, 1036, 1039, 1036, 1037, 1036, 1039, 1038, 556, 1038, 1039, 1037, 781, 1039, 1039, 557, 556, 557, 1039, 781, 1040, 559, 562, 562, 1041, 1040, 1041, 562, 564, 1042, 1040, 1041, 564, 1043, 1041, 1041, 1044, 1042, 1044, 1041, 1043, 1045, 1042, 1044, 1043, 1046, 1044, 1044, 1047, 1045, 1047, 1044, 1046, 1048, 1045, 1047, 1046, 1049, 1047, 1047, 1050, 1048, 1050, 1047, 1049, 1051, 1048, 1050, 1049, 1052, 1050, 1050, 1053, 1051, 1053, 1050, 1052, 1054, 1051, 1053, 1052, 1055, 1053, 1053, 1056, 1054, 1056, 1053, 1055, 1057, 1054, 1056, 1055, 1058, 1056, 1056, 1059, 1057, 1059, 1056, 1058, 1060, 1057, 1059, 1058, 1061, 1059, 1059, 1062, 1060, 1062, 1059, 1061, 1063, 1060, 1062, 1061, 1064, 1062, 1062, 1065, 1063, 1065, 1062, 1064, 566, 1063, 1065, 1064, 1066, 1065, 1065, 567, 566, 567, 1065, 1066, 1066, 569, 567, 1067, 565, 568, 568, 1068, 1067, 1068, 568, 570, 1069, 1067, 1068, 570, 1070, 1068, 1068, 1071, 1069, 1071, 1068, 1070, 1072, 1069, 1071, 1070, 1073, 1071, 1071, 1074, 1072, 1074, 1071, 1073, 1075, 1072, 1074, 1073, 1076, 1074, 1074, 1077, 1075, 1077, 1074, 1076, 1078, 1075, 1077, 1076, 1079, 1077, 1077, 1080, 1078, 1080, 1077, 1079, 572, 1078, 1080, 1079, 1081, 1080, 1080, 573, 572, 573, 1080, 1081, 1081, 575, 573, 1082, 571, 574, 574, 1083, 1082, 1083, 574, 576, 1084, 1082, 1083, 576, 1085, 1083, 1083, 1086, 1084, 1086, 1083, 1085, 1087, 1084, 1086, 1085, 1088, 1086, 1086, 1089, 1087, 1089, 1086, 1088, 1090, 1087, 1089, 1088, 1091, 1089, 1089, 1092, 1090, 1092, 1089, 1091, 1093, 1090, 1092, 1091, 1094, 1092, 1092, 1095, 1093, 1095, 1092, 1094, 1096, 1093, 1095, 1094, 1097, 1095, 1095, 1098, 1096, 1098, 1095, 1097, 1099, 1096, 1098, 1097, 1100, 1098, 1098, 1101, 1099, 1101, 1098, 1100, 1102, 1099, 1101, 1100, 1103, 1101, 1101, 1104, 1102, 1104, 1101, 1103, 1103, 1105, 1104, 1106, 1102, 1104, 1104, 1107, 1106, 1107, 1104, 1105, 1108, 1106, 1107, 1105, 1109, 1107, 1107, 1110, 1108, 1110, 1107, 1109, 1109, 1111, 1110, 1112, 1108, 1110, 1110, 1113, 1112, 1113, 1110, 1111, 1114, 1112, 1113, 1111, 1115, 1113, 1113, 1116, 1114, 1116, 1113, 1115, 1117, 1114, 1116, 1115, 1118, 1116, 1116, 1119, 1117, 1119, 1116, 1118, 1120, 1117, 1119, 1118, 1121, 1119, 1119, 1122, 1120, 1122, 1119, 1121, 1123, 1120, 1122, 1121, 1124, 1122, 1122, 1125, 1123, 1125, 1122, 1124, 1126, 1123, 1125, 1124, 1127, 1125, 1125, 1128, 1126, 1128, 1125, 1127, 560, 1126, 1128, 1127, 1129, 1128, 1128, 561, 560, 561, 1128, 1129, 1129, 563, 561, 1130, 577, 580, 580, 786, 1130, 1131, 1130, 786, 786, 1132, 1131, 1133, 1131, 1132, 1132, 1134, 1133, 1135, 1133, 1134, 1134, 1136, 1135, 1137, 1135, 1136, 1136, 1138, 1137, 1139, 1137, 1138, 1138, 1140, 1139, 1141, 1139, 1140, 1140, 1142, 1141, 1143, 1141, 1142, 1142, 1144, 1143, 1145, 1143, 1144, 1144, 1146, 1145, 1147, 1145, 1146, 1146, 1148, 1147, 1149, 1147, 1148, 1148, 1150, 1149, 1151, 1149, 1150, 1150, 1152, 1151, 1153, 1151, 1152, 1152, 1154, 1153, 1155, 1153, 1154, 1154, 1156, 1155, 1157, 1155, 1156, 1156, 1158, 1157, 1159, 1157, 1158, 1158, 1160, 1159, 1161, 1159, 1160, 1160, 1162, 1161, 1163, 1161, 1162, 1162, 1164, 1163, 1165, 1163, 1164, 1164, 1166, 1165, 1167, 1165, 1166, 1166, 1168, 1167, 1169, 1167, 1168, 1168, 1170, 1169, 1171, 1169, 1170, 1170, 1172, 1171, 1173, 1171, 1172, 1172, 1174, 1173, 1175, 1173, 1174, 1174, 1176, 1175, 1177, 1175, 1176, 1176, 1178, 1177, 1179, 1177, 1178, 1178, 1180, 1179, 1181, 1179, 1180, 1180, 1182, 1181, 1183, 1181, 1182, 1182, 1184, 1183, 1182, 1185, 1184, 1186, 1183, 1184, 1184, 1187, 1186, 1187, 1184, 1185, 1185, 1188, 1187, 1189, 1186, 1187, 1190, 1187, 1188, 1187, 1190, 1189, 1188, 1191, 1190, 1192, 1189, 1190, 1193, 1190, 1191, 1190, 1193, 1192, 1191, 1194, 1193, 1195, 1192, 1193, 1196, 1193, 1194, 1193, 1196, 1195, 1194, 1197, 1196, 1198, 1195, 1196, 1199, 1196, 1197, 1196, 1199, 1198, 1197, 1200, 1199, 1201, 1198, 1199, 1202, 1199, 1200, 1199, 1202, 1201, 578, 1201, 1202, 1200, 785, 1202, 1202, 579, 578, 579, 1202, 785, 1203, 581, 584, 584, 1204, 1203, 1204, 584, 586, 1205, 1203, 1204, 586, 1206, 1204, 1204, 1207, 1205, 1207, 1204, 1206, 1208, 1205, 1207, 1206, 1209, 1207, 1207, 1210, 1208, 1210, 1207, 1209, 1211, 1208, 1210, 1209, 1212, 1210, 1210, 1213, 1211, 1213, 1210, 1212, 1214, 1211, 1213, 1212, 1215, 1213, 1213, 1216, 1214, 1216, 1213, 1215, 1217, 1214, 1216, 1215, 1218, 1216, 1216, 1219, 1217, 1219, 1216, 1218, 1220, 1217, 1219, 1218, 1221, 1219, 1219, 1222, 1220, 1222, 1219, 1221, 1223, 1220, 1222, 1221, 1224, 1222, 1222, 1225, 1223, 1225, 1222, 1224, 1226, 1223, 1225, 1224, 1227, 1225, 1225, 1228, 1226, 1228, 1225, 1227, 588, 1226, 1228, 1227, 1229, 1228, 1228, 589, 588, 589, 1228, 1229, 1229, 591, 589, 1230, 587, 590, 590, 1231, 1230, 1231, 590, 592, 1232, 1230, 1231, 592, 1233, 1231, 1231, 1234, 1232, 1234, 1231, 1233, 1235, 1232, 1234, 1233, 1236, 1234, 1234, 1237, 1235, 1237, 1234, 1236, 1238, 1235, 1237, 1236, 1239, 1237, 1237, 1240, 1238, 1240, 1237, 1239, 1241, 1238, 1240, 1239, 1242, 1240, 1240, 1243, 1241, 1243, 1240, 1242, 1244, 1241, 1243, 1242, 1245, 1243, 1243, 1246, 1244, 1246, 1243, 1245, 1247, 1244, 1246, 1245, 1248, 1246, 1246, 1249, 1247, 1249, 1246, 1248, 1248, 1250, 1249, 1251, 1247, 1249, 1249, 1252, 1251, 1252, 1249, 1250, 1253, 1251, 1252, 1250, 1254, 1252, 1252, 1255, 1253, 1255, 1252, 1254, 1254, 1256, 1255, 1257, 1253, 1255, 1255, 1258, 1257, 1258, 1255, 1256, 1259, 1257, 1258, 1256, 1260, 1258, 1258, 1261, 1259, 1261, 1258, 1260, 1262, 1259, 1261, 1260, 1263, 1261, 1261, 1264, 1262, 1264, 1261, 1263, 1265, 1262, 1264, 1263, 1266, 1264, 1264, 1267, 1265, 1267, 1264, 1266, 1268, 1265, 1267, 1266, 1269, 1267, 1267, 1270, 1268, 1270, 1267, 1269, 1271, 1268, 1270, 1269, 1272, 1270, 1270, 1273, 1271, 1273, 1270, 1272, 1272, 1274, 1273, 1275, 1271, 1273, 1273, 1276, 1275, 1276, 1273, 1274, 1277, 1275, 1276, 1274, 1278, 1276, 1276, 1279, 1277, 1279, 1276, 1278, 1278, 1280, 1279, 1281, 1277, 1279, 1279, 1282, 1281, 1282, 1279, 1280, 1283, 1281, 1282, 1280, 1284, 1282, 1282, 1285, 1283, 1285, 1282, 1284, 1286, 1283, 1285, 1284, 1287, 1285, 1285, 1288, 1286, 1288, 1285, 1287, 1289, 1286, 1288, 1287, 1290, 1288, 1288, 1291, 1289, 1291, 1288, 1290, 1292, 1289, 1291, 1290, 1293, 1291, 1291, 1294, 1292, 1294, 1291, 1293, 1295, 1292, 1294, 1293, 1296, 1294, 1294, 1297, 1295, 1297, 1294, 1296, 582, 1295, 1297, 1296, 1298, 1297, 1297, 583, 582, 583, 1297, 1298, 1298, 585, 583, 1299, 593, 596, 596, 1300, 1299, 1301, 1299, 1300, 1300, 596, 788, 788, 1302, 1300, 1300, 1303, 1301, 1304, 1301, 1303, 1303, 1300, 1302, 1302, 1305, 1303, 1303, 1306, 1304, 1307, 1304, 1306, 1306, 1303, 1305, 1305, 1308, 1306, 1306, 1309, 1307, 1310, 1307, 1309, 1309, 1306, 1308, 1308, 1311, 1309, 1309, 1312, 1310, 1313, 1310, 1312, 1312, 1309, 1311, 1311, 1314, 1312, 1312, 1315, 1313, 1316, 1313, 1315, 1315, 1312, 1314, 1314, 1317, 1315, 1315, 1318, 1316, 1319, 1316, 1318, 1318, 1315, 1317, 1317, 1320, 1318, 1318, 1321, 1319, 1322, 1319, 1321, 1321, 1318, 1320, 1320, 1323, 1321, 1321, 1324, 1322, 598, 1322, 1324, 1324, 599, 598, 1324, 1321, 1323, 1323, 1325, 1324, 599, 1324, 1325, 1325, 790, 599, 1326, 597, 600, 600, 792, 1326, 1327, 1326, 792, 792, 1328, 1327, 1329, 1327, 1328, 1328, 1330, 1329, 1331, 1329, 1330, 1330, 1332, 1331, 1333, 1331, 1332, 1332, 1334, 1333, 1335, 1333, 1334, 1334, 1336, 1335, 1337, 1335, 1336, 1336, 1338, 1337, 1339, 1337, 1338, 1338, 1340, 1339, 1341, 1339, 1340, 1340, 1342, 1341, 1343, 1341, 1342, 1342, 1344, 1343, 1345, 1343, 1344, 1344, 1346, 1345, 1347, 1345, 1346, 1346, 1348, 1347, 1349, 1347, 1348, 1348, 1350, 1349, 1351, 1349, 1350, 1350, 1352, 1351, 1353, 1351, 1352, 1352, 1354, 1353, 1355, 1353, 1354, 1354, 1356, 1355, 1357, 1355, 1356, 1356, 1358, 1357, 1356, 1359, 1358, 1360, 1357, 1358, 1358, 1361, 1360, 1361, 1358, 1359, 1359, 1362, 1361, 1363, 1360, 1361, 1364, 1361, 1362, 1361, 1364, 1363, 1362, 1365, 1364, 1366, 1363, 1364, 1367, 1364, 1365, 1364, 1367, 1366, 1365, 1368, 1367, 1369, 1366, 1367, 1370, 1367, 1368, 1367, 1370, 1369, 1368, 1371, 1370, 1372, 1369, 1370, 1373, 1370, 1371, 1370, 1373, 1372, 1371, 1374, 1373, 1375, 1372, 1373, 1376, 1373, 1374, 1373, 1376, 1375, 594, 1375, 1376, 1374, 789, 1376, 1376, 595, 594, 595, 1376, 789, 1377, 601, 604, 604, 1378, 1377, 1378, 604, 606, 1379, 1377, 1378, 606, 1380, 1378, 1378, 1381, 1379, 1381, 1378, 1380, 1382, 1379, 1381, 1380, 1383, 1381, 1381, 1384, 1382, 1384, 1381, 1383, 1385, 1382, 1384, 1383, 1386, 1384, 1384, 1387, 1385, 1387, 1384, 1386, 1388, 1385, 1387, 1386, 1389, 1387, 1387, 1390, 1388, 1390, 1387, 1389, 1391, 1388, 1390, 1389, 1392, 1390, 1390, 1393, 1391, 1393, 1390, 1392, 1394, 1391, 1393, 1392, 1395, 1393, 1393, 1396, 1394, 1396, 1393, 1395, 1397, 1394, 1396, 1395, 1398, 1396, 1396, 1399, 1397, 1399, 1396, 1398, 1400, 1397, 1399, 1398, 1401, 1399, 1399, 1402, 1400, 1402, 1399, 1401, 608, 1400, 1402, 1401, 1403, 1402, 1402, 609, 608, 609, 1402, 1403, 1403, 611, 609, 1404, 607, 610, 610, 1405, 1404, 1405, 610, 612, 1406, 1404, 1405, 612, 1407, 1405, 1405, 1408, 1406, 1408, 1405, 1407, 1409, 1406, 1408, 1407, 1410, 1408, 1408, 1411, 1409, 1411, 1408, 1410, 1412, 1409, 1411, 1410, 1413, 1411, 1411, 1414, 1412, 1414, 1411, 1413, 1415, 1412, 1414, 1413, 1416, 1414, 1414, 1417, 1415, 1417, 1414, 1416, 1418, 1415, 1417, 1416, 1419, 1417, 1417, 1420, 1418, 1420, 1417, 1419, 1421, 1418, 1420, 1419, 1422, 1420, 1420, 1423, 1421, 1423, 1420, 1422, 1422, 1424, 1423, 1425, 1421, 1423, 1423, 1426, 1425, 1426, 1423, 1424, 1427, 1425, 1426, 1424, 1428, 1426, 1426, 1429, 1427, 1429, 1426, 1428, 1428, 1430, 1429, 1431, 1427, 1429, 1429, 1432, 1431, 1432, 1429, 1430, 1433, 1431, 1432, 1430, 1434, 1432, 1432, 1435, 1433, 1435, 1432, 1434, 1436, 1433, 1435, 1434, 1437, 1435, 1435, 1438, 1436, 1438, 1435, 1437, 1439, 1436, 1438, 1437, 1440, 1438, 1438, 1441, 1439, 1441, 1438, 1440, 1442, 1439, 1441, 1440, 1443, 1441, 1441, 1444, 1442, 1444, 1441, 1443, 1445, 1442, 1444, 1443, 1446, 1444, 1444, 1447, 1445, 1447, 1444, 1446, 1446, 1448, 1447, 1449, 1445, 1447, 1447, 1450, 1449, 1450, 1447, 1448, 1451, 1449, 1450, 1448, 1452, 1450, 1450, 1453, 1451, 1453, 1450, 1452, 1452, 1454, 1453, 1455, 1451, 1453, 1453, 1456, 1455, 1456, 1453, 1454, 1457, 1455, 1456, 1454, 1458, 1456, 1456, 1459, 1457, 1459, 1456, 1458, 1460, 1457, 1459, 1458, 1461, 1459, 1459, 1462, 1460, 1462, 1459, 1461, 1463, 1460, 1462, 1461, 1464, 1462, 1462, 1465, 1463, 1465, 1462, 1464, 1466, 1463, 1465, 1464, 1467, 1465, 1465, 1468, 1466, 1468, 1465, 1467, 1469, 1466, 1468, 1467, 1470, 1468, 1468, 1471, 1469, 1471, 1468, 1470, 602, 1469, 1471, 1470, 1472, 1471, 1471, 603, 602, 603, 1471, 1472, 1472, 605, 603, 1473, 613, 616, 616, 1474, 1473, 1475, 1473, 1474, 1474, 616, 794, 794, 1476, 1474, 1474, 1477, 1475, 1478, 1475, 1477, 1477, 1474, 1476, 1476, 1479, 1477, 1477, 1480, 1478, 1481, 1478, 1480, 1480, 1477, 1479, 1479, 1482, 1480, 1480, 1483, 1481, 1484, 1481, 1483, 1483, 1480, 1482, 1482, 1485, 1483, 1483, 1486, 1484, 1487, 1484, 1486, 1486, 1483, 1485, 1485, 1488, 1486, 1486, 1489, 1487, 1490, 1487, 1489, 1489, 1486, 1488, 1488, 1491, 1489, 1489, 1492, 1490, 1493, 1490, 1492, 1492, 1489, 1491, 1491, 1494, 1492, 1492, 1495, 1493, 1496, 1493, 1495, 1495, 1492, 1494, 1494, 1497, 1495, 1495, 1498, 1496, 618, 1496, 1498, 1498, 619, 618, 1498, 1495, 1497, 1497, 1499, 1498, 619, 1498, 1499, 1499, 1500, 619, 1501, 617, 620, 620, 1502, 1501, 1503, 1501, 1502, 1502, 1504, 1503, 1505, 1503, 1504, 620, 619, 1500, 1500, 1506, 620, 1502, 620, 1506, 1506, 1507, 1502, 1508, 1502, 1507, 1502, 1508, 1504, 1509, 1504, 1508, 1504, 1509, 1505, 1508, 1510, 1509, 1511, 1505, 1509, 1512, 1509, 1510, 1509, 1512, 1511, 1510, 1513, 1512, 1514, 1511, 1512, 1515, 1512, 1513, 1512, 1515, 1514, 1513, 1516, 1515, 1517, 1514, 1515, 1515, 1518, 1517, 1519, 1517, 1518, 1518, 1520, 1519, 1518, 1515, 1516, 1516, 1521, 1518, 1520, 1518, 1521, 1521, 1522, 1520, 1523, 1519, 1520, 1520, 1524, 1523, 1525, 1523, 1524, 1524, 1526, 1525, 1524, 1520, 1522, 1527, 1525, 1526, 1526, 1528, 1527, 1529, 1527, 1528, 1528, 1530, 1529, 1531, 1529, 1530, 1530, 1532, 1531, 1533, 1531, 1532, 1532, 1534, 1533, 1535, 1533, 1534, 1534, 1536, 1535, 1537, 1535, 1536, 1536, 1538, 1537, 1539, 1537, 1538, 1538, 1540, 1539, 1541, 1539, 1540, 1540, 1542, 1541, 1540, 1543, 1542, 1544, 1541, 1542, 1542, 1545, 1544, 1545, 1542, 1543, 1543, 1546, 1545, 1547, 1544, 1545, 1548, 1545, 1546, 1545, 1548, 1547, 1546, 1549, 1548, 1550, 1547, 1548, 1551, 1548, 1549, 1548, 1551, 1550, 1549, 1552, 1551, 1553, 1550, 1551, 1554, 1551, 1552, 1551, 1554, 1553, 1552, 1555, 1554, 1556, 1553, 1554, 1557, 1554, 1555, 1554, 1557, 1556, 1555, 1558, 1557, 1559, 1556, 1557, 1560, 1557, 1558, 1557, 1560, 1559, 614, 1559, 1560, 1558, 795, 1560, 1560, 615, 614, 615, 1560, 795, 1561, 621, 624, 624, 1562, 1561, 1562, 624, 626, 1563, 1561, 1562, 626, 1564, 1562, 1562, 1565, 1563, 1565, 1562, 1564, 1566, 1563, 1565, 1564, 1567, 1565, 1565, 1568, 1566, 1568, 1565, 1567, 1569, 1566, 1568, 1567, 1570, 1568, 1568, 1571, 1569, 1571, 1568, 1570, 1572, 1569, 1571, 1570, 1573, 1571, 1571, 1574, 1572, 1574, 1571, 1573, 1575, 1572, 1574, 1573, 1576, 1574, 1574, 1577, 1575, 1577, 1574, 1576, 1578, 1575, 1577, 1576, 1579, 1577, 1577, 1580, 1578, 1580, 1577, 1579, 1581, 1578, 1580, 1579, 1582, 1580, 1580, 1583, 1581, 1583, 1580, 1582, 1584, 1581, 1583, 1582, 1585, 1583, 1583, 1586, 1584, 1586, 1583, 1585, 628, 1584, 1586, 1585, 1587, 1586, 1586, 629, 628, 629, 1586, 1587, 1587, 631, 629, 1588, 627, 630, 630, 1589, 1588, 1589, 630, 632, 1590, 1588, 1589, 632, 1591, 1589, 1589, 1592, 1590, 1592, 1589, 1591, 1593, 1590, 1592, 1591, 1594, 1592, 1592, 1595, 1593, 1595, 1592, 1594, 1596, 1593, 1595, 1594, 1597, 1595, 1595, 1598, 1596, 1598, 1595, 1597, 1599, 1596, 1598, 1597, 1600, 1598, 1598, 1601, 1599, 1601, 1598, 1600, 1602, 1599, 1601, 1600, 1603, 1601, 1601, 1604, 1602, 1604, 1601, 1603, 1605, 1602, 1604, 1603, 1606, 1604, 1604, 1607, 1605, 1607, 1604, 1606, 1606, 1608, 1607, 1609, 1605, 1607, 1607, 1610, 1609, 1610, 1607, 1608, 1611, 1609, 1610, 1608, 1612, 1610, 1610, 1613, 1611, 1613, 1610, 1612, 1612, 1614, 1613, 1615, 1611, 1613, 1613, 1616, 1615, 1616, 1613, 1614, 1617, 1615, 1616, 1614, 1618, 1616, 1616, 1619, 1617, 1619, 1616, 1618, 1620, 1617, 1619, 1618, 1621, 1619, 1619, 1622, 1620, 1622, 1619, 1621, 1623, 1620, 1622, 1621, 1624, 1622, 1622, 1625, 1623, 1625, 1622, 1624, 1626, 1623, 1625, 1624, 1627, 1625, 1625, 1628, 1626, 1628, 1625, 1627, 1629, 1626, 1628, 1627, 1630, 1628, 1628, 1631, 1629, 1631, 1628, 1630, 1630, 1632, 1631, 1633, 1629, 1631, 1631, 1634, 1633, 1634, 1631, 1632, 1635, 1633, 1634, 1632, 1636, 1634, 1634, 1637, 1635, 1637, 1634, 1636, 1636, 1638, 1637, 1639, 1635, 1637, 1637, 1640, 1639, 1640, 1637, 1638, 1641, 1639, 1640, 1638, 1642, 1640, 1640, 1643, 1641, 1643, 1640, 1642, 1644, 1641, 1643, 1642, 1645, 1643, 1643, 1646, 1644, 1646, 1643, 1645, 1647, 1644, 1646, 1645, 1648, 1646, 1646, 1649, 1647, 1649, 1646, 1648, 1650, 1647, 1649, 1648, 1651, 1649, 1649, 1652, 1650, 1652, 1649, 1651, 1653, 1650, 1652, 1651, 1654, 1652, 1652, 1655, 1653, 1655, 1652, 1654, 622, 1653, 1655, 1654, 1656, 1655, 1655, 623, 622, 623, 1655, 1656, 1656, 625, 623, 1657, 633, 636, 636, 1658, 1657, 1659, 1657, 1658, 1658, 636, 797, 797, 1660, 1658, 1658, 1661, 1659, 1662, 1659, 1661, 1661, 1658, 1660, 1660, 1663, 1661, 1661, 1664, 1662, 1665, 1662, 1664, 1664, 1661, 1663, 1663, 1666, 1664, 1664, 1667, 1665, 1668, 1665, 1667, 1667, 1664, 1666, 1666, 1669, 1667, 1667, 1670, 1668, 1671, 1668, 1670, 1670, 1667, 1669, 1669, 1672, 1670, 1670, 1673, 1671, 1674, 1671, 1673, 1673, 1670, 1672, 1672, 1675, 1673, 1673, 1676, 1674, 1677, 1674, 1676, 1676, 1673, 1675, 1675, 1678, 1676, 1676, 1679, 1677, 1680, 1677, 1679, 1679, 1676, 1678, 1678, 1681, 1679, 1679, 1682, 1680, 638, 1680, 1682, 1682, 639, 638, 1682, 1679, 1681, 1681, 1683, 1682, 639, 1682, 1683, 1683, 1684, 639, 1685, 637, 640, 640, 1686, 1685, 1687, 1685, 1686, 1686, 1688, 1687, 1689, 1687, 1688, 640, 639, 1684, 1684, 1690, 640, 1686, 640, 1690, 1690, 1691, 1686, 1692, 1686, 1691, 1686, 1692, 1688, 1693, 1688, 1692, 1688, 1693, 1689, 1692, 1694, 1693, 1695, 1689, 1693, 1696, 1693, 1694, 1693, 1696, 1695, 1694, 1697, 1696, 1698, 1695, 1696, 1699, 1696, 1697, 1696, 1699, 1698, 1697, 1700, 1699, 1701, 1698, 1699, 1699, 1702, 1701, 1703, 1701, 1702, 1702, 1704, 1703, 1702, 1699, 1700, 1700, 1705, 1702, 1704, 1702, 1705, 1705, 1706, 1704, 1707, 1703, 1704, 1704, 1708, 1707, 1709, 1707, 1708, 1708, 1710, 1709, 1708, 1704, 1706, 1706, 1711, 1708, 1712, 1709, 1710, 1710, 1713, 1712, 1714, 1712, 1713, 1713, 1715, 1714, 1716, 1714, 1715, 1710, 1708, 1711, 1711, 1717, 1710, 1713, 1710, 1717, 1717, 1718, 1713, 1715, 1713, 1718, 1718, 1719, 1715, 1715, 1720, 1716, 1720, 1715, 1719, 1719, 1721, 1720, 1722, 1716, 1720, 1720, 1723, 1722, 1723, 1720, 1721, 1721, 1724, 1723, 1725, 1722, 1723, 1723, 1726, 1725, 1726, 1723, 1724, 1724, 1727, 1726, 1728, 1725, 1726, 1726, 1729, 1728, 1729, 1726, 1727, 1727, 1730, 1729, 1731, 1728, 1729, 1729, 1732, 1731, 642, 1731, 1732, 1732, 643, 642, 1732, 1729, 1730, 1730, 1733, 1732, 643, 1732, 1733, 1733, 801, 643, 1734, 641, 644, 644, 1735, 1734, 644, 799, 1735, 1736, 1734, 1735, 1737, 1735, 799, 1735, 1737, 1736, 799, 1738, 1737, 1739, 1736, 1737, 1740, 1737, 1738, 1737, 1740, 1739, 1738, 1741, 1740, 1742, 1739, 1740, 1743, 1740, 1741, 1740, 1743, 1742, 1741, 1744, 1743, 1745, 1742, 1743, 1746, 1743, 1744, 1743, 1746, 1745, 634, 1745, 1746, 1744, 798, 1746, 1746, 635, 634, 635, 1746, 798, 1747, 645, 648, 648, 1748, 1747, 1748, 648, 650, 1749, 1747, 1748, 650, 1750, 1748, 1748, 1751, 1749, 1751, 1748, 1750, 1752, 1749, 1751, 1750, 1753, 1751, 1751, 1754, 1752, 1754, 1751, 1753, 1755, 1752, 1754, 1753, 1756, 1754, 1754, 1757, 1755, 1757, 1754, 1756, 1758, 1755, 1757, 1756, 1759, 1757, 1757, 1760, 1758, 1760, 1757, 1759, 1761, 1758, 1760, 1759, 1762, 1760, 1760, 1763, 1761, 1763, 1760, 1762, 1764, 1761, 1763, 1762, 1765, 1763, 1763, 1766, 1764, 1766, 1763, 1765, 1767, 1764, 1766, 1765, 1768, 1766, 1766, 1769, 1767, 1769, 1766, 1768, 1770, 1767, 1769, 1768, 1771, 1769, 1769, 1772, 1770, 1772, 1769, 1771, 652, 1770, 1772, 1771, 1773, 1772, 1772, 653, 652, 653, 1772, 1773, 1773, 655, 653, 1774, 651, 654, 654, 1775, 1774, 1775, 654, 656, 1776, 1774, 1775, 656, 1777, 1775, 1775, 1778, 1776, 1778, 1775, 1777, 1779, 1776, 1778, 1777, 1780, 1778, 1778, 1781, 1779, 1781, 1778, 1780, 1782, 1779, 1781, 1780, 1783, 1781, 1781, 1784, 1782, 1784, 1781, 1783, 1785, 1782, 1784, 1783, 1786, 1784, 1784, 1787, 1785, 1787, 1784, 1786, 1788, 1785, 1787, 1786, 1789, 1787, 1787, 1790, 1788, 1790, 1787, 1789, 1791, 1788, 1790, 1789, 1792, 1790, 1790, 1793, 1791, 1793, 1790, 1792, 1792, 1794, 1793, 1795, 1791, 1793, 1793, 1796, 1795, 1796, 1793, 1794, 1797, 1795, 1796, 1794, 1798, 1796, 1796, 1799, 1797, 1799, 1796, 1798, 1798, 1800, 1799, 1801, 1797, 1799, 1799, 1802, 1801, 1802, 1799, 1800, 1803, 1801, 1802, 1800, 1804, 1802, 1802, 1805, 1803, 1805, 1802, 1804, 1806, 1803, 1805, 1804, 1807, 1805, 1805, 1808, 1806, 1808, 1805, 1807, 1809, 1806, 1808, 1807, 1810, 1808, 1808, 1811, 1809, 1811, 1808, 1810, 1812, 1809, 1811, 1810, 1813, 1811, 1811, 1814, 1812, 1814, 1811, 1813, 1815, 1812, 1814, 1813, 1816, 1814, 1814, 1817, 1815, 1817, 1814, 1816, 1816, 1818, 1817, 1819, 1815, 1817, 1817, 1820, 1819, 1820, 1817, 1818, 1821, 1819, 1820, 1818, 1822, 1820, 1820, 1823, 1821, 1823, 1820, 1822, 1822, 1824, 1823, 1825, 1821, 1823, 1823, 1826, 1825, 1826, 1823, 1824, 1827, 1825, 1826, 1824, 1828, 1826, 1826, 1829, 1827, 1829, 1826, 1828, 1830, 1827, 1829, 1828, 1831, 1829, 1829, 1832, 1830, 1832, 1829, 1831, 1833, 1830, 1832, 1831, 1834, 1832, 1832, 1835, 1833, 1835, 1832, 1834, 1836, 1833, 1835, 1834, 1837, 1835, 1835, 1838, 1836, 1838, 1835, 1837, 1839, 1836, 1838, 1837, 1840, 1838, 1838, 1841, 1839, 1841, 1838, 1840, 646, 1839, 1841, 1840, 1842, 1841, 1841, 647, 646, 647, 1841, 1842, 1842, 649, 647, 1843, 657, 660, 660, 1844, 1843, 1845, 1843, 1844, 1844, 660, 803, 803, 1846, 1844, 1844, 1847, 1845, 1848, 1845, 1847, 1847, 1844, 1846, 1846, 1849, 1847, 1847, 1850, 1848, 1851, 1848, 1850, 1850, 1847, 1849, 1849, 1852, 1850, 1850, 1853, 1851, 1854, 1851, 1853, 1853, 1850, 1852, 1852, 1855, 1853, 1853, 1856, 1854, 1857, 1854, 1856, 1856, 1853, 1855, 1855, 1858, 1856, 1856, 1859, 1857, 1860, 1857, 1859, 1859, 1856, 1858, 1858, 1861, 1859, 1859, 1862, 1860, 1863, 1860, 1862, 1862, 1859, 1861, 1861, 1864, 1862, 1862, 1865, 1863, 1866, 1863, 1865, 1865, 1862, 1864, 1864, 1867, 1865, 1865, 1868, 1866, 662, 1866, 1868, 1868, 663, 662, 1868, 1865, 1867, 1867, 1869, 1868, 663, 1868, 1869, 1869, 1870, 663, 1871, 661, 664, 664, 1872, 1871, 1873, 1871, 1872, 1872, 1874, 1873, 1875, 1873, 1874, 664, 663, 1870, 1870, 1876, 664, 1872, 664, 1876, 1876, 1877, 1872, 1878, 1872, 1877, 1872, 1878, 1874, 1879, 1874, 1878, 1874, 1879, 1875, 1878, 1880, 1879, 1881, 1875, 1879, 1882, 1879, 1880, 1879, 1882, 1881, 1880, 1883, 1882, 1884, 1881, 1882, 1885, 1882, 1883, 1882, 1885, 1884, 1883, 1886, 1885, 1887, 1884, 1885, 1885, 1888, 1887, 1889, 1887, 1888, 1888, 1890, 1889, 1888, 1885, 1886, 1886, 1891, 1888, 1890, 1888, 1891, 1891, 1892, 1890, 1893, 1889, 1890, 1890, 1894, 1893, 1895, 1893, 1894, 1894, 1896, 1895, 1894, 1890, 1892, 1892, 1897, 1894, 1898, 1895, 1896, 1896, 1899, 1898, 1900, 1898, 1899, 1899, 1901, 1900, 1902, 1900, 1901, 1896, 1894, 1897, 1897, 1903, 1896, 1899, 1896, 1903, 1903, 1904, 1899, 1901, 1899, 1904, 1904, 1905, 1901, 1901, 1906, 1902, 1906, 1901, 1905, 1905, 1907, 1906, 1908, 1902, 1906, 1906, 1909, 1908, 1909, 1906, 1907, 1907, 1910, 1909, 1911, 1908, 1909, 1909, 1912, 1911, 1912, 1909, 1910, 1910, 1913, 1912, 1914, 1911, 1912, 1912, 1915, 1914, 1915, 1912, 1913, 1913, 1916, 1915, 1917, 1914, 1915, 1915, 1918, 1917, 666, 1917, 1918, 1918, 667, 666, 1918, 1915, 1916, 1916, 1919, 1918, 667, 1918, 1919, 1919, 807, 667, 1920, 665, 668, 668, 1921, 1920, 668, 805, 1921, 1922, 1920, 1921, 1923, 1921, 805, 1921, 1923, 1922, 805, 1924, 1923, 1925, 1922, 1923, 1926, 1923, 1924, 1923, 1926, 1925, 1924, 1927, 1926, 1928, 1925, 1926, 1929, 1926, 1927, 1926, 1929, 1928, 1927, 1930, 1929, 1931, 1928, 1929, 1932, 1929, 1930, 1929, 1932, 1931, 658, 1931, 1932, 1930, 804, 1932, 1932, 659, 658, 659, 1932, 804, 1933, 669, 672, 672, 1934, 1933, 1934, 672, 674, 1935, 1933, 1934, 674, 1936, 1934, 1934, 1937, 1935, 1937, 1934, 1936, 1938, 1935, 1937, 1936, 1939, 1937, 1937, 1940, 1938, 1940, 1937, 1939, 1941, 1938, 1940, 1939, 1942, 1940, 1940, 1943, 1941, 1943, 1940, 1942, 1944, 1941, 1943, 1942, 1945, 1943, 1942, 1946, 1945, 1943, 1947, 1944, 1947, 1943, 1945, 1948, 1944, 1947, 1949, 1945, 1946, 1945, 1949, 1947, 1946, 1950, 1949, 1947, 1951, 1948, 1951, 1947, 1949, 1952, 1948, 1951, 1953, 1949, 1950, 1949, 1953, 1951, 1950, 1954, 1953, 1951, 1955, 1952, 1955, 1951, 1953, 1956, 1952, 1955, 1957, 1953, 1954, 1953, 1957, 1955, 1955, 1958, 1956, 1958, 1955, 1957, 1959, 1956, 1958, 1957, 1960, 1958, 1958, 1961, 1959, 1961, 1958, 1960, 676, 1959, 1961, 1961, 677, 676, 1960, 1962, 1961, 677, 1961, 1962, 1962, 679, 677, 1963, 675, 678, 678, 1964, 1963, 1964, 678, 680, 1965, 1963, 1964, 680, 1966, 1964, 1964, 1967, 1965, 1967, 1964, 1966, 1968, 1965, 1967, 1966, 1969, 1967, 1967, 1970, 1968, 1970, 1967, 1969, 1971, 1968, 1970, 1969, 1972, 1970, 1970, 1973, 1971, 1973, 1970, 1972, 1974, 1971, 1973, 1972, 1975, 1973, 1973, 1976, 1974, 1976, 1973, 1975, 682, 1974, 1976, 1975, 1977, 1976, 1976, 683, 682, 683, 1976, 1977, 1977, 685, 683, 1978, 681, 684, 684, 1979, 1978, 1979, 684, 686, 1980, 1978, 1979, 686, 1981, 1979, 1979, 1982, 1980, 1982, 1979, 1981, 1983, 1980, 1982, 1981, 1984, 1982, 1982, 1985, 1983, 1985, 1982, 1984, 1986, 1983, 1985, 1984, 1987, 1985, 1985, 1988, 1986, 1988, 1985, 1987, 1989, 1986, 1988, 1987, 1990, 1988, 1988, 1991, 1989, 1991, 1988, 1990, 1992, 1989, 1991, 1990, 1993, 1991, 1991, 1994, 1992, 1994, 1991, 1993, 1995, 1992, 1994, 1993, 1996, 1994, 1994, 1997, 1995, 1997, 1994, 1996, 1998, 1995, 1997, 1996, 1999, 1997, 1997, 2000, 1998, 2000, 1997, 1999, 1999, 2001, 2000, 2002, 1998, 2000, 2000, 2003, 2002, 2003, 2000, 2001, 2004, 2002, 2003, 2001, 2005, 2003, 2003, 2006, 2004, 2006, 2003, 2005, 2005, 2007, 2006, 2008, 2004, 2006, 2006, 2009, 2008, 2009, 2006, 2007, 2010, 2008, 2009, 2007, 2011, 2009, 2009, 2012, 2010, 2012, 2009, 2011, 2013, 2010, 2012, 2011, 2014, 2012, 2012, 2015, 2013, 2015, 2012, 2014, 2016, 2013, 2015, 2014, 2017, 2015, 2015, 2018, 2016, 2018, 2015, 2017, 2019, 2016, 2018, 2017, 2020, 2018, 2018, 2021, 2019, 2021, 2018, 2020, 2022, 2019, 2021, 2020, 2023, 2021, 2021, 2024, 2022, 2024, 2021, 2023, 670, 2022, 2024, 2023, 2025, 2024, 2024, 671, 670, 671, 2024, 2025, 2025, 673, 671, 2026, 687, 690, 690, 2027, 2026, 2028, 2026, 2027, 2027, 690, 809, 809, 2029, 2027, 2027, 2030, 2028, 2031, 2028, 2030, 2030, 2027, 2029, 2029, 2032, 2030, 2030, 2033, 2031, 2034, 2031, 2033, 2033, 2030, 2032, 2032, 2035, 2033, 2033, 2036, 2034, 2037, 2034, 2036, 2036, 2033, 2035, 2035, 2038, 2036, 2036, 2039, 2037, 2040, 2037, 2039, 2039, 2036, 2038, 2038, 2041, 2039, 2039, 2042, 2040, 2043, 2040, 2042, 2042, 2039, 2041, 2041, 2044, 2042, 2042, 2045, 2043, 2046, 2043, 2045, 2045, 2042, 2044, 2044, 2047, 2045, 2045, 2048, 2046, 2049, 2046, 2048, 2048, 2045, 2047, 2047, 2050, 2048, 2048, 2051, 2049, 692, 2049, 2051, 2051, 693, 692, 2051, 2048, 2050, 2050, 2052, 2051, 693, 2051, 2052, 2052, 2053, 693, 2054, 691, 694, 694, 2055, 2054, 2056, 2054, 2055, 2055, 2057, 2056, 2058, 2056, 2057, 694, 693, 2053, 2053, 2059, 694, 2055, 694, 2059, 2059, 2060, 2055, 2061, 2055, 2060, 2055, 2061, 2057, 2062, 2057, 2061, 2057, 2062, 2058, 2061, 2063, 2062, 2064, 2058, 2062, 2065, 2062, 2063, 2062, 2065, 2064, 2063, 2066, 2065, 2067, 2064, 2065, 2068, 2065, 2066, 2065, 2068, 2067, 2066, 2069, 2068, 2070, 2067, 2068, 2068, 2071, 2070, 2072, 2070, 2071, 2071, 2073, 2072, 2071, 2068, 2069, 2069, 2074, 2071, 2073, 2071, 2074, 2074, 2075, 2073, 2076, 2072, 2073, 2073, 2077, 2076, 2078, 2076, 2077, 2077, 2079, 2078, 2077, 2073, 2075, 2075, 2080, 2077, 2081, 2078, 2079, 2079, 2082, 2081, 2083, 2081, 2082, 2082, 2084, 2083, 2085, 2083, 2084, 2079, 2077, 2080, 2080, 2086, 2079, 2082, 2079, 2086, 2086, 2087, 2082, 2084, 2082, 2087, 2087, 2088, 2084, 2084, 2089, 2085, 2089, 2084, 2088, 2088, 2090, 2089, 2091, 2085, 2089, 2089, 2092, 2091, 2092, 2089, 2090, 2090, 2093, 2092, 2094, 2091, 2092, 2092, 2095, 2094, 2095, 2092, 2093, 2093, 2096, 2095, 2097, 2094, 2095, 2095, 2098, 2097, 2098, 2095, 2096, 2096, 2099, 2098, 2100, 2097, 2098, 2098, 2101, 2100, 696, 2100, 2101, 2101, 697, 696, 2101, 2098, 2099, 2099, 2102, 2101, 697, 2101, 2102, 2102, 813, 697, 2103, 695, 698, 698, 2104, 2103, 698, 811, 2104, 2105, 2103, 2104, 2106, 2104, 811, 2104, 2106, 2105, 811, 2107, 2106, 2108, 2105, 2106, 2109, 2106, 2107, 2106, 2109, 2108, 2107, 2110, 2109, 2111, 2108, 2109, 2112, 2109, 2110, 2109, 2112, 2111, 2110, 2113, 2112, 2114, 2111, 2112, 2115, 2112, 2113, 2112, 2115, 2114, 688, 2114, 2115, 2113, 810, 2115, 2115, 689, 688, 689, 2115, 810, 2116, 699, 702, 702, 2117, 2116, 2117, 702, 704, 2118, 2116, 2117, 704, 2119, 2117, 2117, 2120, 2118, 2120, 2117, 2119, 2121, 2118, 2120, 2119, 2122, 2120, 2120, 2123, 2121, 2123, 2120, 2122, 2124, 2121, 2123, 2122, 2125, 2123, 2123, 2126, 2124, 2126, 2123, 2125, 2127, 2124, 2126, 2125, 2128, 2126, 2125, 2129, 2128, 2126, 2130, 2127, 2130, 2126, 2128, 2131, 2127, 2130, 2132, 2128, 2129, 2128, 2132, 2130, 2129, 2133, 2132, 2130, 2134, 2131, 2134, 2130, 2132, 2135, 2131, 2134, 2136, 2132, 2133, 2132, 2136, 2134, 2133, 2137, 2136, 2134, 2138, 2135, 2138, 2134, 2136, 2139, 2135, 2138, 2140, 2136, 2137, 2136, 2140, 2138, 2138, 2141, 2139, 2141, 2138, 2140, 2142, 2139, 2141, 2140, 2143, 2141, 2141, 2144, 2142, 2144, 2141, 2143, 706, 2142, 2144, 2144, 707, 706, 2143, 2145, 2144, 707, 2144, 2145, 2145, 709, 707, 2146, 705, 708, 708, 2147, 2146, 2147, 708, 710, 2148, 2146, 2147, 710, 2149, 2147, 2147, 2150, 2148, 2150, 2147, 2149, 2151, 2148, 2150, 2149, 2152, 2150, 2150, 2153, 2151, 2153, 2150, 2152, 2154, 2151, 2153, 2152, 2155, 2153, 2153, 2156, 2154, 2156, 2153, 2155, 2157, 2154, 2156, 2155, 2158, 2156, 2156, 2159, 2157, 2159, 2156, 2158, 712, 2157, 2159, 2158, 2160, 2159, 2159, 713, 712, 713, 2159, 2160, 2160, 715, 713, 2161, 711, 714, 714, 2162, 2161, 2162, 714, 716, 2163, 2161, 2162, 716, 2164, 2162, 2162, 2165, 2163, 2165, 2162, 2164, 2166, 2163, 2165, 2164, 2167, 2165, 2165, 2168, 2166, 2168, 2165, 2167, 2169, 2166, 2168, 2167, 2170, 2168, 2168, 2171, 2169, 2171, 2168, 2170, 2172, 2169, 2171, 2170, 2173, 2171, 2171, 2174, 2172, 2174, 2171, 2173, 2175, 2172, 2174, 2173, 2176, 2174, 2174, 2177, 2175, 2177, 2174, 2176, 2178, 2175, 2177, 2176, 2179, 2177, 2177, 2180, 2178, 2180, 2177, 2179, 2181, 2178, 2180, 2179, 2182, 2180, 2180, 2183, 2181, 2183, 2180, 2182, 2182, 2184, 2183, 2185, 2181, 2183, 2183, 2186, 2185, 2186, 2183, 2184, 2187, 2185, 2186, 2184, 2188, 2186, 2186, 2189, 2187, 2189, 2186, 2188, 2188, 2190, 2189, 2191, 2187, 2189, 2189, 2192, 2191, 2192, 2189, 2190, 2193, 2191, 2192, 2190, 2194, 2192, 2192, 2195, 2193, 2195, 2192, 2194, 2196, 2193, 2195, 2194, 2197, 2195, 2195, 2198, 2196, 2198, 2195, 2197, 2199, 2196, 2198, 2197, 2200, 2198, 2198, 2201, 2199, 2201, 2198, 2200, 2202, 2199, 2201, 2200, 2203, 2201, 2201, 2204, 2202, 2204, 2201, 2203, 2205, 2202, 2204, 2203, 2206, 2204, 2204, 2207, 2205, 2207, 2204, 2206, 700, 2205, 2207, 2206, 2208, 2207, 2207, 701, 700, 701, 2207, 2208, 2208, 703, 701, 2209, 717, 720, 720, 2210, 2209, 2211, 2209, 2210, 2210, 720, 815, 815, 2212, 2210, 2210, 2213, 2211, 2214, 2211, 2213, 2213, 2210, 2212, 2212, 2215, 2213, 2213, 2216, 2214, 2217, 2214, 2216, 2216, 2213, 2215, 2215, 2218, 2216, 2216, 2219, 2217, 2220, 2217, 2219, 2219, 2216, 2218, 2218, 2221, 2219, 2219, 2222, 2220, 2223, 2220, 2222, 2222, 2219, 2221, 2221, 2224, 2222, 2222, 2225, 2223, 2226, 2223, 2225, 2225, 2222, 2224, 2224, 2227, 2225, 2225, 2228, 2226, 2229, 2226, 2228, 2228, 2225, 2227, 2227, 2230, 2228, 2228, 2231, 2229, 2232, 2229, 2231, 2231, 2228, 2230, 2230, 2233, 2231, 2231, 2234, 2232, 722, 2232, 2234, 2234, 723, 722, 2234, 2231, 2233, 2233, 2235, 2234, 723, 2234, 2235, 2235, 2236, 723, 2237, 721, 724, 724, 2238, 2237, 2239, 2237, 2238, 2238, 2240, 2239, 2241, 2239, 2240, 724, 723, 2236, 2236, 2242, 724, 2238, 724, 2242, 2242, 2243, 2238, 2244, 2238, 2243, 2238, 2244, 2240, 2245, 2240, 2244, 2240, 2245, 2241, 2244, 2246, 2245, 2247, 2241, 2245, 2248, 2245, 2246, 2245, 2248, 2247, 2246, 2249, 2248, 2250, 2247, 2248, 2251, 2248, 2249, 2248, 2251, 2250, 2249, 2252, 2251, 2253, 2250, 2251, 2251, 2254, 2253, 2255, 2253, 2254, 2254, 2256, 2255, 2254, 2251, 2252, 2252, 2257, 2254, 2256, 2254, 2257, 2257, 2258, 2256, 2259, 2255, 2256, 2256, 2260, 2259, 2261, 2259, 2260, 2260, 2262, 2261, 2260, 2256, 2258, 2258, 2263, 2260, 2264, 2261, 2262, 2262, 2265, 2264, 2266, 2264, 2265, 2265, 2267, 2266, 2268, 2266, 2267, 2262, 2260, 2263, 2263, 2269, 2262, 2265, 2262, 2269, 2269, 2270, 2265, 2267, 2265, 2270, 2270, 2271, 2267, 2267, 2272, 2268, 2272, 2267, 2271, 2271, 2273, 2272, 2274, 2268, 2272, 2272, 2275, 2274, 2275, 2272, 2273, 2273, 2276, 2275, 2277, 2274, 2275, 2275, 2278, 2277, 2278, 2275, 2276, 2276, 2279, 2278, 2280, 2277, 2278, 2278, 2281, 2280, 2281, 2278, 2279, 2279, 2282, 2281, 2283, 2280, 2281, 2281, 2284, 2283, 726, 2283, 2284, 2284, 727, 726, 2284, 2281, 2282, 2282, 2285, 2284, 727, 2284, 2285, 2285, 830, 727, 2286, 729, 732, 732, 2287, 2286, 2287, 732, 734, 2288, 2286, 2287, 734, 2289, 2287, 2287, 2290, 2288, 2290, 2287, 2289, 2291, 2288, 2290, 2289, 2292, 2290, 2290, 2293, 2291, 2293, 2290, 2292, 2294, 2291, 2293, 2292, 2295, 2293, 2293, 2296, 2294, 2296, 2293, 2295, 2297, 2294, 2296, 2295, 2298, 2296, 2295, 2299, 2298, 2296, 2300, 2297, 2300, 2296, 2298, 2301, 2297, 2300, 2302, 2298, 2299, 2298, 2302, 2300, 2299, 2303, 2302, 2300, 2304, 2301, 2304, 2300, 2302, 2305, 2301, 2304, 2306, 2302, 2303, 2302, 2306, 2304, 2303, 2307, 2306, 2304, 2308, 2305, 2308, 2304, 2306, 2309, 2305, 2308, 2310, 2306, 2307, 2306, 2310, 2308, 2308, 2311, 2309, 2311, 2308, 2310, 2312, 2309, 2311, 2310, 2313, 2311, 2311, 2314, 2312, 2314, 2311, 2313, 736, 2312, 2314, 2314, 737, 736, 2313, 2315, 2314, 737, 2314, 2315, 2315, 739, 737, 2316, 735, 738, 738, 2317, 2316, 2317, 738, 740, 2318, 2316, 2317, 740, 2319, 2317, 2317, 2320, 2318, 2320, 2317, 2319, 2321, 2318, 2320, 2319, 2322, 2320, 2320, 2323, 2321, 2323, 2320, 2322, 2324, 2321, 2323, 2322, 2325, 2323, 2323, 2326, 2324, 2326, 2323, 2325, 2327, 2324, 2326, 2325, 2328, 2326, 2326, 2329, 2327, 2329, 2326, 2328, 2330, 2327, 2329, 2328, 2331, 2329, 2329, 524, 2330, 524, 2329, 2331, 2331, 521, 524, 2332, 2330, 524, 524, 523, 2332, 2333, 2332, 523, 523, 2334, 2333, 2334, 523, 522, 2335, 2333, 2334, 522, 2336, 2334, 2334, 2337, 2335, 2337, 2334, 2336, 2338, 2335, 2337, 2336, 2339, 2337, 2337, 2340, 2338, 2340, 2337, 2339, 2341, 2338, 2340, 2339, 2342, 2340, 2340, 2343, 2341, 2343, 2340, 2342, 2344, 2341, 2343, 2342, 2345, 2343, 2343, 2346, 2344, 2346, 2343, 2345, 2347, 2344, 2346, 2345, 2348, 2346, 2346, 2349, 2347, 2349, 2346, 2348, 2348, 2350, 2349, 2351, 2347, 2349, 2349, 2352, 2351, 2353, 2354, 2355, 2355, 2356, 2353, 2356, 2355, 2357, 2358, 2353, 2356, 2357, 2359, 2356, 2356, 2360, 2358, 2360, 2356, 2359, 2359, 2361, 2360, 2362, 2358, 2360, 2360, 2363, 2362, 2363, 2360, 2361, 2364, 2362, 2363, 2361, 2365, 2363, 2363, 2366, 2364, 2366, 2363, 2365, 2367, 2364, 2366, 2365, 2368, 2366, 2366, 2369, 2367, 2369, 2366, 2368, 2370, 2367, 2369, 2368, 2371, 2369, 2369, 2372, 2370, 2372, 2369, 2371, 2373, 2370, 2372, 2371, 2374, 2372, 2372, 2375, 2373, 2375, 2372, 2374, 2376, 2373, 2375, 2374, 2377, 2375, 2375, 2378, 2376, 2378, 2375, 2377, 730, 2376, 2378, 2377, 2379, 2378, 2378, 731, 730, 731, 2378, 2379, 2379, 733, 731, 2380, 2357, 2355, 2355, 2352, 2380, 2352, 2355, 2354, 2354, 2351, 2352, 2350, 2380, 2352, 2352, 2349, 2350, 2381, 741, 744, 744, 2382, 2381, 2383, 2381, 2382, 2382, 744, 834, 834, 2384, 2382, 2382, 2385, 2383, 2386, 2383, 2385, 2385, 2382, 2384, 2384, 2387, 2385, 2385, 2388, 2386, 2389, 2386, 2388, 2388, 2385, 2387, 2387, 2390, 2388, 2388, 2391, 2389, 2392, 2389, 2391, 2391, 2388, 2390, 2390, 2393, 2391, 2391, 2394, 2392, 2395, 2392, 2394, 2394, 2391, 2393, 2393, 2396, 2394, 2394, 2397, 2395, 2398, 2395, 2397, 2397, 2394, 2396, 2396, 2399, 2397, 2397, 2400, 2398, 2401, 2398, 2400, 2400, 2397, 2399, 2399, 2402, 2400, 2400, 2403, 2401, 2404, 2401, 2403, 2403, 2400, 2402, 2402, 2405, 2403, 2403, 2406, 2404, 746, 2404, 2406, 2406, 747, 746, 2406, 2403, 2405, 2405, 2407, 2406, 747, 2406, 2407, 2407, 868, 747, 2408, 749, 752, 752, 2409, 2408, 2410, 2408, 2409, 2409, 752, 853, 853, 2411, 2409, 2409, 2412, 2410, 2413, 2410, 2412, 2412, 2409, 2411, 2411, 2414, 2412, 2412, 2415, 2413, 2416, 2413, 2415, 2415, 2412, 2414, 2414, 2417, 2415, 2415, 2418, 2416, 2419, 2416, 2418, 2418, 2415, 2417, 2417, 2420, 2418, 2418, 2421, 2419, 2422, 2419, 2421, 2421, 2418, 2420, 2420, 2423, 2421, 2421, 2424, 2422, 2425, 2422, 2424, 2424, 2421, 2423, 2423, 2426, 2424, 2424, 2427, 2425, 2428, 2425, 2427, 2427, 2424, 2426, 2426, 2429, 2427, 2427, 2430, 2428, 2431, 2428, 2430, 2430, 2427, 2429, 2429, 2432, 2430, 2430, 2433, 2431, 754, 2431, 2433, 2433, 755, 754, 2433, 2430, 2432, 2432, 2434, 2433, 755, 2433, 2434, 2434, 849, 755, 1320, 1317, 2435, 1323, 1320, 2436, 2435, 2436, 1320, 1325, 1323, 2437, 2436, 2437, 1323, 2437, 2438, 1325, 790, 1325, 2438, 2438, 2439, 790, 791, 790, 2439, 791, 2440, 792, 1328, 792, 2440, 2439, 2441, 791, 2440, 791, 2441, 2440, 2442, 1328, 1330, 1328, 2442, 2441, 2443, 2440, 2442, 2440, 2443, 2442, 2444, 1330, 1332, 1330, 2444, 2443, 2445, 2442, 2444, 2442, 2445, 2444, 2446, 1332, 1334, 1332, 2446, 2445, 2447, 2444, 2446, 2444, 2447, 2446, 2448, 1334, 1336, 1334, 2448, 2447, 2449, 2446, 2448, 2446, 2449, 2448, 2450, 1336, 1338, 1336, 2450, 2449, 2451, 2448, 2450, 2448, 2451, 2450, 2452, 1338, 1340, 1338, 2452, 2451, 2453, 2450, 2452, 2450, 2453, 2452, 2454, 1340, 1342, 1340, 2454, 2453, 2455, 2452, 2454, 2452, 2455, 2454, 2456, 1342, 1344, 1342, 2456, 2455, 2457, 2454, 2456, 2454, 2457, 2456, 2458, 1344, 1346, 1344, 2458, 2457, 2459, 2456, 2458, 2456, 2459, 2458, 2460, 1346, 1348, 1346, 2460, 2459, 2461, 2458, 2460, 2458, 2461, 2460, 2462, 1348, 1350, 1348, 2462, 2461, 2463, 2460, 2462, 2460, 2463, 2462, 2464, 1350, 1352, 1350, 2464, 2463, 2465, 2462, 2464, 2462, 2465, 2464, 2466, 1352, 1354, 1352, 2466, 2465, 2467, 2464, 2466, 2464, 2467, 2466, 2468, 1354, 1356, 1354, 2468, 2467, 2469, 2466, 2468, 2466, 2469, 2468, 2470, 1356, 1359, 1356, 2470, 2469, 2471, 2468, 2470, 2468, 2471, 2471, 2472, 2470, 1359, 2470, 2472, 2472, 2473, 1359, 1362, 1359, 2473, 2473, 2474, 1362, 1365, 1362, 2474, 2474, 2475, 1365, 1368, 1365, 2475, 2475, 2476, 1368, 1371, 1368, 2476, 2476, 2477, 1371, 1374, 1371, 2477, 2477, 2478, 1374, 789, 1374, 2478, 2478, 2479, 789, 787, 789, 2479, 2479, 2480, 787, 788, 787, 2480, 2480, 2481, 788, 1302, 788, 2481, 2481, 2482, 1302, 1305, 1302, 2482, 1308, 1305, 2483, 2482, 2483, 1305, 1311, 1308, 2484, 2483, 2484, 1308, 2484, 2485, 1311, 1314, 1311, 2485, 2484, 2483, 2486, 2485, 2487, 1314, 1317, 1314, 2487, 2487, 2435, 1317, 2485, 2484, 2488, 2486, 2488, 2484, 2487, 2485, 2489, 2488, 2489, 2485, 2435, 2487, 2490, 2489, 2490, 2487, 2490, 2491, 2435, 2436, 2435, 2491, 2490, 2489, 2492, 2491, 2493, 2436, 2437, 2436, 2493, 2491, 2490, 2494, 2492, 2494, 2490, 2493, 2491, 2495, 2494, 2495, 2491, 2493, 2496, 2437, 2438, 2437, 2496, 2495, 2494, 1266, 1269, 1266, 2494, 2494, 2492, 1269, 1266, 1263, 2495, 1272, 1269, 2492, 2497, 2495, 1263, 2495, 2497, 2493, 2496, 2493, 2497, 1263, 1260, 2497, 2492, 2498, 1272, 2498, 2492, 2489, 2489, 2488, 2498, 1274, 1272, 2498, 2499, 2498, 2488, 2498, 2499, 1274, 2488, 2486, 2499, 1278, 1274, 2499, 2499, 2500, 1278, 2500, 2499, 2486, 1280, 1278, 2500, 2486, 2501, 2500, 2501, 2486, 2483, 2483, 2482, 2501, 1280, 2500, 2501, 2502, 2501, 2482, 2501, 2502, 1280, 2482, 2481, 2502, 1284, 1280, 2502, 2503, 2502, 2481, 2502, 2503, 1284, 2481, 2480, 2503, 1287, 1284, 2503, 2504, 2503, 2480, 2503, 2504, 1287, 2480, 2479, 2504, 1290, 1287, 2504, 2505, 2504, 2479, 2504, 2505, 1290, 2479, 2478, 2505, 1293, 1290, 2505, 2506, 2505, 2478, 2505, 2506, 1293, 2478, 2477, 2506, 1296, 1293, 2506, 2507, 2506, 2477, 2506, 2507, 1296, 2477, 2476, 2507, 1298, 1296, 2507, 2508, 2507, 2476, 2507, 2508, 1298, 2476, 2475, 2508, 1298, 2509, 585, 2509, 1298, 2508, 586, 585, 2509, 2510, 2508, 2475, 2508, 2510, 2509, 2475, 2474, 2510, 2509, 2511, 586, 2511, 2509, 2510, 1206, 586, 2511, 2512, 2510, 2474, 2510, 2512, 2511, 2474, 2473, 2512, 2511, 2513, 1206, 2513, 2511, 2512, 1209, 1206, 2513, 2514, 2512, 2473, 2512, 2514, 2513, 2473, 2472, 2514, 2513, 2515, 1209, 2515, 2513, 2514, 1212, 1209, 2515, 2516, 2514, 2472, 2514, 2516, 2515, 2472, 2471, 2516, 2515, 2517, 1212, 2517, 2515, 2516, 1215, 1212, 2517, 2518, 2516, 2471, 2516, 2518, 2517, 2471, 2469, 2518, 2517, 2519, 1215, 2519, 2517, 2518, 1218, 1215, 2519, 2520, 2518, 2469, 2518, 2520, 2519, 2469, 2467, 2520, 2519, 2521, 1218, 2521, 2519, 2520, 1221, 1218, 2521, 2522, 2520, 2467, 2520, 2522, 2521, 2467, 2465, 2522, 2521, 2523, 1221, 2523, 2521, 2522, 1224, 1221, 2523, 2524, 2522, 2465, 2522, 2524, 2523, 2465, 2463, 2524, 2523, 2525, 1224, 2525, 2523, 2524, 1227, 1224, 2525, 2526, 2524, 2463, 2524, 2526, 2525, 2463, 2461, 2526, 2525, 2527, 1227, 2527, 2525, 2526, 1229, 1227, 2527, 2528, 2526, 2461, 2526, 2528, 2527, 2461, 2459, 2528, 2527, 2529, 1229, 2529, 2527, 2528, 591, 1229, 2529, 2530, 2528, 2459, 2528, 2530, 2529, 2459, 2457, 2530, 2529, 2531, 591, 2531, 2529, 2530, 592, 591, 2531, 2532, 2530, 2457, 2530, 2532, 2531, 2457, 2455, 2532, 2531, 2533, 592, 2533, 2531, 2532, 1233, 592, 2533, 2534, 2532, 2455, 2532, 2534, 2533, 2455, 2453, 2534, 2533, 2535, 1233, 2535, 2533, 2534, 1236, 1233, 2535, 2536, 2534, 2453, 2534, 2536, 2535, 2453, 2451, 2536, 2535, 2537, 1236, 2537, 2535, 2536, 1239, 1236, 2537, 2538, 2536, 2451, 2536, 2538, 2537, 2451, 2449, 2538, 2537, 2539, 1239, 2539, 2537, 2538, 1242, 1239, 2539, 2540, 2538, 2449, 2538, 2540, 2539, 2449, 2447, 2540, 2539, 2541, 1242, 2541, 2539, 2540, 1245, 1242, 2541, 2542, 2540, 2447, 2540, 2542, 2541, 2447, 2445, 2542, 2541, 2543, 1245, 2543, 2541, 2542, 1248, 1245, 2543, 2544, 2542, 2445, 2542, 2544, 2543, 2445, 2443, 2544, 2543, 2545, 1248, 2545, 2543, 2544, 1250, 1248, 2545, 2546, 2544, 2443, 2544, 2546, 2545, 2443, 2441, 2546, 2545, 2547, 1250, 2547, 2545, 2546, 1254, 1250, 2547, 2548, 2546, 2441, 2546, 2548, 2547, 2441, 2439, 2548, 2547, 2549, 1254, 2549, 2547, 2548, 1256, 1254, 2549, 2550, 2548, 2439, 2548, 2550, 2549, 2439, 2438, 2550, 2496, 2550, 2438, 2549, 2551, 1256, 2551, 2549, 2550, 2550, 2496, 2551, 1260, 1256, 2551, 2497, 2551, 2496, 2551, 2497, 1260, 1494, 1491, 2552, 1497, 1494, 2553, 2552, 2553, 1494, 1499, 1497, 2554, 2553, 2554, 1497, 2554, 2555, 1499, 1500, 1499, 2555, 2555, 2556, 1500, 1506, 1500, 2556, 1507, 1506, 2557, 2556, 2557, 1506, 1508, 1507, 2558, 2557, 2558, 1507, 2558, 2559, 1508, 1510, 1508, 2559, 2558, 2557, 2560, 2559, 2561, 1510, 1513, 1510, 2561, 2559, 2558, 2562, 2560, 2562, 2558, 2562, 2563, 2559, 2561, 2559, 2563, 2561, 2564, 1513, 1516, 1513, 2564, 2564, 2565, 1516, 1521, 1516, 2565, 2564, 2561, 2566, 2563, 2566, 2561, 1522, 1521, 2567, 2565, 2567, 1521, 1522, 2568, 1524, 1526, 1524, 2568, 2567, 2569, 1522, 2568, 1522, 2569, 2568, 2570, 1526, 1528, 1526, 2570, 2569, 2571, 2568, 2570, 2568, 2571, 2570, 2572, 1528, 1530, 1528, 2572, 2571, 2573, 2570, 2572, 2570, 2573, 2572, 2574, 1530, 1532, 1530, 2574, 2573, 2575, 2572, 2574, 2572, 2575, 2574, 2576, 1532, 1534, 1532, 2576, 2575, 2577, 2574, 2576, 2574, 2577, 2576, 2578, 1534, 1536, 1534, 2578, 2577, 2579, 2576, 2578, 2576, 2579, 2578, 2580, 1536, 1538, 1536, 2580, 2579, 2581, 2578, 2580, 2578, 2581, 2580, 2582, 1538, 1540, 1538, 2582, 2581, 2583, 2580, 2582, 2580, 2583, 2582, 2584, 1540, 1543, 1540, 2584, 2583, 2585, 2582, 2584, 2582, 2585, 2585, 2586, 2584, 1543, 2584, 2586, 2586, 2587, 1543, 1546, 1543, 2587, 2587, 2588, 1546, 1549, 1546, 2588, 2588, 2589, 1549, 1552, 1549, 2589, 2589, 2590, 1552, 1555, 1552, 2590, 2590, 2591, 1555, 1558, 1555, 2591, 2591, 2592, 1558, 795, 1558, 2592, 2592, 2593, 795, 793, 795, 2593, 2593, 2594, 793, 794, 793, 2594, 2594, 2595, 794, 1476, 794, 2595, 2595, 2596, 1476, 1479, 1476, 2596, 1482, 1479, 2597, 2596, 2597, 1479, 1485, 1482, 2598, 2597, 2598, 1482, 2598, 2599, 1485, 1488, 1485, 2599, 2598, 2597, 2600, 2599, 2601, 1488, 1491, 1488, 2601, 2601, 2552, 1491, 2599, 2598, 2602, 2600, 2602, 2598, 2601, 2599, 2603, 2602, 2603, 2599, 2552, 2601, 2604, 2603, 2604, 2601, 2604, 2605, 2552, 2553, 2552, 2605, 2604, 2603, 2606, 2605, 2607, 2553, 2554, 2553, 2607, 2605, 2604, 2608, 2606, 2608, 2604, 2607, 2605, 2609, 2608, 2609, 2605, 2607, 2610, 2554, 2555, 2554, 2610, 2609, 2608, 1440, 1443, 1440, 2608, 2608, 2606, 1443, 1440, 1437, 2609, 1446, 1443, 2606, 2611, 2609, 1437, 2609, 2611, 2607, 2610, 2607, 2611, 1437, 1434, 2611, 2606, 2612, 1446, 2612, 2606, 2603, 2603, 2602, 2612, 1448, 1446, 2612, 2613, 2612, 2602, 2612, 2613, 1448, 2602, 2600, 2613, 1452, 1448, 2613, 2613, 2614, 1452, 2614, 2613, 2600, 1454, 1452, 2614, 2600, 2615, 2614, 2615, 2600, 2597, 2597, 2596, 2615, 1454, 2614, 2615, 2616, 2615, 2596, 2615, 2616, 1454, 2596, 2595, 2616, 1458, 1454, 2616, 2617, 2616, 2595, 2616, 2617, 1458, 2595, 2594, 2617, 1461, 1458, 2617, 2618, 2617, 2594, 2617, 2618, 1461, 2594, 2593, 2618, 1464, 1461, 2618, 2619, 2618, 2593, 2618, 2619, 1464, 2593, 2592, 2619, 1467, 1464, 2619, 2620, 2619, 2592, 2619, 2620, 1467, 2592, 2591, 2620, 1470, 1467, 2620, 2621, 2620, 2591, 2620, 2621, 1470, 2591, 2590, 2621, 1472, 1470, 2621, 2622, 2621, 2590, 2621, 2622, 1472, 2590, 2589, 2622, 1472, 2623, 605, 2623, 1472, 2622, 606, 605, 2623, 2624, 2622, 2589, 2622, 2624, 2623, 2589, 2588, 2624, 2623, 2625, 606, 2625, 2623, 2624, 1380, 606, 2625, 2626, 2624, 2588, 2624, 2626, 2625, 2588, 2587, 2626, 2625, 2627, 1380, 2627, 2625, 2626, 1383, 1380, 2627, 2628, 2626, 2587, 2626, 2628, 2627, 2587, 2586, 2628, 2627, 2629, 1383, 2629, 2627, 2628, 1386, 1383, 2629, 2630, 2628, 2586, 2628, 2630, 2629, 2586, 2585, 2630, 2629, 2631, 1386, 2631, 2629, 2630, 1389, 1386, 2631, 2632, 2630, 2585, 2630, 2632, 2631, 2585, 2583, 2632, 2631, 2633, 1389, 2633, 2631, 2632, 1392, 1389, 2633, 2634, 2632, 2583, 2632, 2634, 2633, 2583, 2581, 2634, 2633, 2635, 1392, 2635, 2633, 2634, 1395, 1392, 2635, 2636, 2634, 2581, 2634, 2636, 2635, 2581, 2579, 2636, 2635, 2637, 1395, 2637, 2635, 2636, 1398, 1395, 2637, 2638, 2636, 2579, 2636, 2638, 2637, 2579, 2577, 2638, 2637, 2639, 1398, 2639, 2637, 2638, 1401, 1398, 2639, 2640, 2638, 2577, 2638, 2640, 2639, 2577, 2575, 2640, 2639, 2641, 1401, 2641, 2639, 2640, 1403, 1401, 2641, 2642, 2640, 2575, 2640, 2642, 2641, 2575, 2573, 2642, 2641, 2643, 1403, 2643, 2641, 2642, 611, 1403, 2643, 2644, 2642, 2573, 2642, 2644, 2643, 2573, 2571, 2644, 2643, 2645, 611, 2645, 2643, 2644, 612, 611, 2645, 2646, 2644, 2571, 2644, 2646, 2645, 2571, 2569, 2646, 2645, 2647, 612, 2647, 2645, 2646, 1407, 612, 2647, 2648, 2646, 2569, 2646, 2648, 2647, 2569, 2567, 2648, 2647, 2649, 1407, 2649, 2647, 2648, 1410, 1407, 2649, 2650, 2648, 2567, 2648, 2650, 2649, 2567, 2565, 2650, 2649, 2651, 1410, 2651, 2649, 2650, 1413, 1410, 2651, 2652, 2650, 2565, 2650, 2652, 2651, 2565, 2564, 2652, 2566, 2652, 2564, 2651, 2653, 1413, 2653, 2651, 2652, 2652, 2566, 2653, 1416, 1413, 2653, 2654, 2653, 2566, 2653, 2654, 1416, 2566, 2563, 2654, 1419, 1416, 2654, 2655, 2654, 2563, 2654, 2655, 1419, 2563, 2562, 2655, 1422, 1419, 2655, 2656, 2655, 2562, 2655, 2656, 1422, 2562, 2560, 2656, 1424, 1422, 2656, 2656, 2657, 1424, 2657, 2656, 2560, 1428, 1424, 2657, 2560, 2658, 2657, 2658, 2560, 2557, 2557, 2556, 2658, 2657, 2659, 1428, 2659, 2657, 2658, 1430, 1428, 2659, 2660, 2658, 2556, 2658, 2660, 2659, 2556, 2555, 2660, 2610, 2660, 2555, 2659, 2661, 1430, 2661, 2659, 2660, 2660, 2610, 2661, 1434, 1430, 2661, 2611, 2661, 2610, 2661, 2611, 1434, 1678, 1675, 2662, 1681, 1678, 2663, 2662, 2663, 1678, 1683, 1681, 2664, 2663, 2664, 1681, 2664, 2665, 1683, 1684, 1683, 2665, 2665, 2666, 1684, 1690, 1684, 2666, 1691, 1690, 2667, 2666, 2667, 1690, 1692, 1691, 2668, 2667, 2668, 1691, 2668, 2669, 1692, 1694, 1692, 2669, 2668, 2667, 2670, 2669, 2671, 1694, 1697, 1694, 2671, 2669, 2668, 2672, 2670, 2672, 2668, 2672, 2673, 2669, 2671, 2669, 2673, 2671, 2674, 1697, 1700, 1697, 2674, 2674, 2675, 1700, 1705, 1700, 2675, 2674, 2671, 2676, 2673, 2676, 2671, 1706, 1705, 2677, 2675, 2677, 1705, 2677, 2678, 1706, 1711, 1706, 2678, 2678, 2679, 1711, 1717, 1711, 2679, 1718, 1717, 2680, 2679, 2680, 1717, 1719, 1718, 2681, 2680, 2681, 1718, 2681, 2682, 1719, 1721, 1719, 2682, 2681, 2680, 2683, 2682, 2684, 1721, 1724, 1721, 2684, 2682, 2681, 2685, 2683, 2685, 2681, 2685, 2686, 2682, 2684, 2682, 2686, 2684, 2687, 1724, 1727, 1724, 2687, 2687, 2688, 1727, 1730, 1727, 2688, 2687, 2684, 2689, 2686, 2689, 2684, 1733, 1730, 2690, 2688, 2690, 1730, 2690, 2691, 1733, 801, 1733, 2691, 2691, 2692, 801, 800, 801, 2692, 2692, 2693, 800, 799, 800, 2693, 2693, 2694, 799, 1738, 799, 2694, 2694, 2695, 1738, 1741, 1738, 2695, 2695, 2696, 1741, 1744, 1741, 2696, 2696, 2697, 1744, 798, 1744, 2697, 2697, 2698, 798, 796, 798, 2698, 2698, 2699, 796, 797, 796, 2699, 2699, 2700, 797, 1660, 797, 2700, 2700, 2701, 1660, 1663, 1660, 2701, 1666, 1663, 2702, 2701, 2702, 1663, 1669, 1666, 2703, 2702, 2703, 1666, 2703, 2704, 1669, 1672, 1669, 2704, 2703, 2702, 2705, 2704, 2706, 1672, 1675, 1672, 2706, 2706, 2662, 1675, 2704, 2703, 2707, 2705, 2707, 2703, 2706, 2704, 2708, 2707, 2708, 2704, 2662, 2706, 2709, 2708, 2709, 2706, 2709, 2710, 2662, 2663, 2662, 2710, 2709, 2708, 2711, 2710, 2712, 2663, 2664, 2663, 2712, 2710, 2709, 2713, 2711, 2713, 2709, 2712, 2710, 2714, 2713, 2714, 2710, 2712, 2715, 2664, 2665, 2664, 2715, 2714, 2713, 1624, 1627, 1624, 2713, 2713, 2711, 1627, 1624, 1621, 2714, 1630, 1627, 2711, 2716, 2714, 1621, 2714, 2716, 2712, 2715, 2712, 2716, 1621, 1618, 2716, 2711, 2717, 1630, 2717, 2711, 2708, 2708, 2707, 2717, 1632, 1630, 2717, 2718, 2717, 2707, 2717, 2718, 1632, 2707, 2705, 2718, 1636, 1632, 2718, 2718, 2719, 1636, 2719, 2718, 2705, 1638, 1636, 2719, 2705, 2720, 2719, 2720, 2705, 2702, 2702, 2701, 2720, 1638, 2719, 2720, 2721, 2720, 2701, 2720, 2721, 1638, 2701, 2700, 2721, 1642, 1638, 2721, 2722, 2721, 2700, 2721, 2722, 1642, 2700, 2699, 2722, 1645, 1642, 2722, 2723, 2722, 2699, 2722, 2723, 1645, 2699, 2698, 2723, 1648, 1645, 2723, 2724, 2723, 2698, 2723, 2724, 1648, 2698, 2697, 2724, 1651, 1648, 2724, 2725, 2724, 2697, 2724, 2725, 1651, 2697, 2696, 2725, 1654, 1651, 2725, 2726, 2725, 2696, 2725, 2726, 1654, 2696, 2695, 2726, 1656, 1654, 2726, 2727, 2726, 2695, 2726, 2727, 1656, 2695, 2694, 2727, 1656, 2728, 625, 2728, 1656, 2727, 626, 625, 2728, 2729, 2727, 2694, 2727, 2729, 2728, 2694, 2693, 2729, 2728, 2730, 626, 2730, 2728, 2729, 1564, 626, 2730, 2731, 2729, 2693, 2729, 2731, 2730, 2693, 2692, 2731, 2730, 2732, 1564, 2732, 2730, 2731, 1567, 1564, 2732, 2733, 2731, 2692, 2731, 2733, 2732, 2692, 2691, 2733, 2732, 2734, 1567, 2734, 2732, 2733, 1570, 1567, 2734, 2735, 2733, 2691, 2733, 2735, 2734, 2691, 2690, 2735, 2734, 2736, 1570, 2736, 2734, 2735, 1573, 1570, 2736, 2737, 2735, 2690, 2735, 2737, 2736, 2690, 2688, 2737, 2736, 2738, 1573, 2738, 2736, 2737, 1576, 1573, 2738, 2739, 2737, 2688, 2737, 2739, 2738, 2688, 2687, 2739, 2689, 2739, 2687, 2738, 2740, 1576, 2740, 2738, 2739, 2739, 2689, 2740, 1579, 1576, 2740, 2741, 2740, 2689, 2740, 2741, 1579, 2689, 2686, 2741, 1582, 1579, 2741, 2742, 2741, 2686, 2741, 2742, 1582, 2686, 2685, 2742, 1585, 1582, 2742, 2743, 2742, 2685, 2742, 2743, 1585, 2685, 2683, 2743, 1587, 1585, 2743, 2743, 2744, 1587, 2744, 2743, 2683, 631, 1587, 2744, 2683, 2745, 2744, 2745, 2683, 2680, 2680, 2679, 2745, 2744, 2746, 631, 2746, 2744, 2745, 632, 631, 2746, 2747, 2745, 2679, 2745, 2747, 2746, 2679, 2678, 2747, 2746, 2748, 632, 2748, 2746, 2747, 1591, 632, 2748, 2749, 2747, 2678, 2747, 2749, 2748, 2678, 2677, 2749, 2748, 2750, 1591, 2750, 2748, 2749, 1594, 1591, 2750, 2751, 2749, 2677, 2749, 2751, 2750, 2677, 2675, 2751, 2750, 2752, 1594, 2752, 2750, 2751, 1597, 1594, 2752, 2753, 2751, 2675, 2751, 2753, 2752, 2675, 2674, 2753, 2676, 2753, 2674, 2752, 2754, 1597, 2754, 2752, 2753, 2753, 2676, 2754, 1600, 1597, 2754, 2755, 2754, 2676, 2754, 2755, 1600, 2676, 2673, 2755, 1603, 1600, 2755, 2756, 2755, 2673, 2755, 2756, 1603, 2673, 2672, 2756, 1606, 1603, 2756, 2757, 2756, 2672, 2756, 2757, 1606, 2672, 2670, 2757, 1608, 1606, 2757, 2757, 2758, 1608, 2758, 2757, 2670, 1612, 1608, 2758, 2670, 2759, 2758, 2759, 2670, 2667, 2667, 2666, 2759, 2758, 2760, 1612, 2760, 2758, 2759, 1614, 1612, 2760, 2761, 2759, 2666, 2759, 2761, 2760, 2666, 2665, 2761, 2715, 2761, 2665, 2760, 2762, 1614, 2762, 2760, 2761, 2761, 2715, 2762, 1618, 1614, 2762, 2716, 2762, 2715, 2762, 2716, 1618, 1864, 1861, 2763, 1867, 1864, 2764, 2763, 2764, 1864, 1869, 1867, 2765, 2764, 2765, 1867, 2765, 2766, 1869, 1870, 1869, 2766, 2766, 2767, 1870, 1876, 1870, 2767, 1877, 1876, 2768, 2767, 2768, 1876, 1878, 1877, 2769, 2768, 2769, 1877, 2769, 2770, 1878, 1880, 1878, 2770, 2769, 2768, 2771, 2770, 2772, 1880, 1883, 1880, 2772, 2770, 2769, 2773, 2771, 2773, 2769, 2773, 2774, 2770, 2772, 2770, 2774, 2772, 2775, 1883, 1886, 1883, 2775, 2775, 2776, 1886, 1891, 1886, 2776, 2775, 2772, 2777, 2774, 2777, 2772, 1892, 1891, 2778, 2776, 2778, 1891, 2778, 2779, 1892, 1897, 1892, 2779, 2779, 2780, 1897, 1903, 1897, 2780, 1904, 1903, 2781, 2780, 2781, 1903, 1905, 1904, 2782, 2781, 2782, 1904, 2782, 2783, 1905, 1907, 1905, 2783, 2782, 2781, 2784, 2783, 2785, 1907, 1910, 1907, 2785, 2783, 2782, 2786, 2784, 2786, 2782, 2786, 2787, 2783, 2785, 2783, 2787, 2785, 2788, 1910, 1913, 1910, 2788, 2788, 2789, 1913, 1916, 1913, 2789, 2788, 2785, 2790, 2787, 2790, 2785, 1919, 1916, 2791, 2789, 2791, 1916, 2791, 2792, 1919, 807, 1919, 2792, 2792, 2793, 807, 806, 807, 2793, 2793, 2794, 806, 805, 806, 2794, 2794, 2795, 805, 1924, 805, 2795, 2795, 2796, 1924, 1927, 1924, 2796, 2796, 2797, 1927, 1930, 1927, 2797, 2797, 2798, 1930, 804, 1930, 2798, 2798, 2799, 804, 802, 804, 2799, 2799, 2800, 802, 803, 802, 2800, 2800, 2801, 803, 1846, 803, 2801, 2801, 2802, 1846, 1849, 1846, 2802, 1852, 1849, 2803, 2802, 2803, 1849, 1855, 1852, 2804, 2803, 2804, 1852, 2804, 2805, 1855, 1858, 1855, 2805, 2804, 2803, 2806, 2805, 2807, 1858, 1861, 1858, 2807, 2807, 2763, 1861, 2805, 2804, 2808, 2806, 2808, 2804, 2807, 2805, 2809, 2808, 2809, 2805, 2763, 2807, 2810, 2809, 2810, 2807, 2810, 2811, 2763, 2764, 2763, 2811, 2810, 2809, 2812, 2811, 2813, 2764, 2765, 2764, 2813, 2811, 2810, 2814, 2812, 2814, 2810, 2813, 2811, 2815, 2814, 2815, 2811, 2813, 2816, 2765, 2766, 2765, 2816, 2815, 2814, 1810, 1813, 1810, 2814, 2814, 2812, 1813, 1810, 1807, 2815, 1816, 1813, 2812, 2817, 2815, 1807, 2815, 2817, 2813, 2816, 2813, 2817, 1807, 1804, 2817, 2812, 2818, 1816, 2818, 2812, 2809, 2809, 2808, 2818, 1818, 1816, 2818, 2819, 2818, 2808, 2818, 2819, 1818, 2808, 2806, 2819, 1822, 1818, 2819, 2819, 2820, 1822, 2820, 2819, 2806, 1824, 1822, 2820, 2806, 2821, 2820, 2821, 2806, 2803, 2803, 2802, 2821, 1824, 2820, 2821, 2822, 2821, 2802, 2821, 2822, 1824, 2802, 2801, 2822, 1828, 1824, 2822, 2823, 2822, 2801, 2822, 2823, 1828, 2801, 2800, 2823, 1831, 1828, 2823, 2824, 2823, 2800, 2823, 2824, 1831, 2800, 2799, 2824, 1834, 1831, 2824, 2825, 2824, 2799, 2824, 2825, 1834, 2799, 2798, 2825, 1837, 1834, 2825, 2826, 2825, 2798, 2825, 2826, 1837, 2798, 2797, 2826, 1840, 1837, 2826, 2827, 2826, 2797, 2826, 2827, 1840, 2797, 2796, 2827, 1842, 1840, 2827, 2828, 2827, 2796, 2827, 2828, 1842, 2796, 2795, 2828, 1842, 2829, 649, 2829, 1842, 2828, 650, 649, 2829, 2830, 2828, 2795, 2828, 2830, 2829, 2795, 2794, 2830, 2829, 2831, 650, 2831, 2829, 2830, 1750, 650, 2831, 2832, 2830, 2794, 2830, 2832, 2831, 2794, 2793, 2832, 2831, 2833, 1750, 2833, 2831, 2832, 1753, 1750, 2833, 2834, 2832, 2793, 2832, 2834, 2833, 2793, 2792, 2834, 2833, 2835, 1753, 2835, 2833, 2834, 1756, 1753, 2835, 2836, 2834, 2792, 2834, 2836, 2835, 2792, 2791, 2836, 2835, 2837, 1756, 2837, 2835, 2836, 1759, 1756, 2837, 2838, 2836, 2791, 2836, 2838, 2837, 2791, 2789, 2838, 2837, 2839, 1759, 2839, 2837, 2838, 1762, 1759, 2839, 2840, 2838, 2789, 2838, 2840, 2839, 2789, 2788, 2840, 2790, 2840, 2788, 2839, 2841, 1762, 2841, 2839, 2840, 2840, 2790, 2841, 1765, 1762, 2841, 2842, 2841, 2790, 2841, 2842, 1765, 2790, 2787, 2842, 1768, 1765, 2842, 2843, 2842, 2787, 2842, 2843, 1768, 2787, 2786, 2843, 1771, 1768, 2843, 2844, 2843, 2786, 2843, 2844, 1771, 2786, 2784, 2844, 1773, 1771, 2844, 2844, 2845, 1773, 2845, 2844, 2784, 655, 1773, 2845, 2784, 2846, 2845, 2846, 2784, 2781, 2781, 2780, 2846, 2845, 2847, 655, 2847, 2845, 2846, 656, 655, 2847, 2848, 2846, 2780, 2846, 2848, 2847, 2780, 2779, 2848, 2847, 2849, 656, 2849, 2847, 2848, 1777, 656, 2849, 2850, 2848, 2779, 2848, 2850, 2849, 2779, 2778, 2850, 2849, 2851, 1777, 2851, 2849, 2850, 1780, 1777, 2851, 2852, 2850, 2778, 2850, 2852, 2851, 2778, 2776, 2852, 2851, 2853, 1780, 2853, 2851, 2852, 1783, 1780, 2853, 2854, 2852, 2776, 2852, 2854, 2853, 2776, 2775, 2854, 2777, 2854, 2775, 2853, 2855, 1783, 2855, 2853, 2854, 2854, 2777, 2855, 1786, 1783, 2855, 2856, 2855, 2777, 2855, 2856, 1786, 2777, 2774, 2856, 1789, 1786, 2856, 2857, 2856, 2774, 2856, 2857, 1789, 2774, 2773, 2857, 1792, 1789, 2857, 2858, 2857, 2773, 2857, 2858, 1792, 2773, 2771, 2858, 1794, 1792, 2858, 2858, 2859, 1794, 2859, 2858, 2771, 1798, 1794, 2859, 2771, 2860, 2859, 2860, 2771, 2768, 2768, 2767, 2860, 2859, 2861, 1798, 2861, 2859, 2860, 1800, 1798, 2861, 2862, 2860, 2767, 2860, 2862, 2861, 2767, 2766, 2862, 2816, 2862, 2766, 2861, 2863, 1800, 2863, 2861, 2862, 2862, 2816, 2863, 1804, 1800, 2863, 2817, 2863, 2816, 2863, 2817, 1804, 1954, 2864, 1957, 1960, 1957, 2864, 2864, 2865, 1960, 1962, 1960, 2865, 2864, 1954, 2866, 2865, 2867, 1962, 679, 1962, 2867, 2865, 2864, 2868, 2866, 2868, 2864, 2867, 2865, 2869, 2868, 2869, 2865, 2867, 2870, 679, 680, 679, 2870, 2869, 2871, 2867, 2870, 2867, 2871, 2870, 2872, 680, 1966, 680, 2872, 2871, 2873, 2870, 2872, 2870, 2873, 2872, 2874, 1966, 1969, 1966, 2874, 2873, 2875, 2872, 2874, 2872, 2875, 2874, 2876, 1969, 1972, 1969, 2876, 2875, 2877, 2874, 2876, 2874, 2877, 2876, 2878, 1972, 1975, 1972, 2878, 2877, 2879, 2876, 2878, 2876, 2879, 2878, 2880, 1975, 1977, 1975, 2880, 2879, 2881, 2878, 2880, 2878, 2881, 2880, 2882, 1977, 685, 1977, 2882, 2881, 2883, 2880, 2882, 2880, 2883, 2882, 2884, 685, 686, 685, 2884, 2883, 2885, 2882, 2884, 2882, 2885, 2884, 2886, 686, 1981, 686, 2886, 2885, 2887, 2884, 2886, 2884, 2887, 2886, 2888, 1981, 1984, 1981, 2888, 2887, 2889, 2886, 2888, 2886, 2889, 2888, 2890, 1984, 1987, 1984, 2890, 2889, 2891, 2888, 2890, 2888, 2891, 2890, 2892, 1987, 1990, 1987, 2892, 2891, 2893, 2890, 2892, 2890, 2893, 2892, 2894, 1990, 1993, 1990, 2894, 2893, 2895, 2892, 2894, 2892, 2895, 2894, 2896, 1993, 1996, 1993, 2896, 2895, 2897, 2894, 2896, 2894, 2897, 2896, 2898, 1996, 1999, 1996, 2898, 2897, 2899, 2896, 2898, 2896, 2899, 2898, 2900, 1999, 2001, 1999, 2900, 2899, 2901, 2898, 2900, 2898, 2901, 2900, 2902, 2001, 2005, 2001, 2902, 2901, 2903, 2900, 2902, 2900, 2903, 2902, 2904, 2005, 2007, 2005, 2904, 2903, 2905, 2902, 2904, 2902, 2905, 2905, 2906, 2904, 2007, 2904, 2906, 2906, 2907, 2007, 2011, 2007, 2907, 2907, 2908, 2011, 2014, 2011, 2908, 2908, 2909, 2014, 2017, 2014, 2909, 2909, 2910, 2017, 2020, 2017, 2910, 2910, 2911, 2020, 2023, 2020, 2911, 2911, 2912, 2023, 2025, 2023, 2912, 2025, 2913, 673, 674, 673, 2913, 2912, 2914, 2025, 2913, 2025, 2914, 2913, 2915, 674, 1936, 674, 2915, 2914, 2916, 2913, 2915, 2913, 2916, 2915, 2917, 1936, 1939, 1936, 2917, 2916, 2918, 2915, 2917, 2915, 2918, 2917, 2919, 1939, 1942, 1939, 2919, 2918, 2920, 2917, 2919, 2917, 2920, 2919, 2921, 1942, 1946, 1942, 2921, 2921, 2919, 2922, 2920, 2922, 2919, 1946, 2921, 2923, 2922, 2923, 2921, 2923, 2924, 1946, 1950, 1946, 2924, 2923, 2922, 2925, 2924, 2926, 1950, 1954, 1950, 2926, 2926, 2866, 1954, 2924, 2923, 2927, 2925, 2927, 2923, 2926, 2924, 2928, 2927, 2928, 2924, 2866, 2926, 2929, 2928, 2929, 2926, 2929, 2930, 2866, 2868, 2866, 2930, 2929, 2928, 2093, 2930, 2929, 2090, 2093, 2090, 2929, 2090, 2088, 2930, 2930, 2931, 2868, 2931, 2930, 2088, 2869, 2868, 2931, 2096, 2093, 2928, 2928, 2927, 2096, 2099, 2096, 2927, 2927, 2925, 2099, 2102, 2099, 2925, 2925, 2932, 2102, 2932, 2925, 2922, 2922, 2920, 2932, 813, 2102, 2932, 2933, 2932, 2920, 2932, 2933, 813, 2920, 2918, 2933, 812, 813, 2933, 2934, 2933, 2918, 2933, 2934, 812, 2918, 2916, 2934, 811, 812, 2934, 2935, 2934, 2916, 2934, 2935, 811, 2916, 2914, 2935, 2107, 811, 2935, 2936, 2935, 2914, 2935, 2936, 2107, 2914, 2912, 2936, 2110, 2107, 2936, 2937, 2936, 2912, 2936, 2937, 2110, 2912, 2911, 2937, 2113, 2110, 2937, 2938, 2937, 2911, 2937, 2938, 2113, 2911, 2910, 2938, 810, 2113, 2938, 2939, 2938, 2910, 2938, 2939, 810, 2910, 2909, 2939, 808, 810, 2939, 2940, 2939, 2909, 2939, 2940, 808, 2909, 2908, 2940, 809, 808, 2940, 2941, 2940, 2908, 2940, 2941, 809, 2908, 2907, 2941, 2029, 809, 2941, 2942, 2941, 2907, 2941, 2942, 2029, 2907, 2906, 2942, 2032, 2029, 2942, 2943, 2942, 2906, 2942, 2943, 2032, 2906, 2905, 2943, 2035, 2032, 2943, 2944, 2943, 2905, 2943, 2944, 2035, 2038, 2035, 2944, 2905, 2903, 2944, 2944, 2945, 2038, 2945, 2944, 2903, 2041, 2038, 2945, 2903, 2901, 2945, 2945, 2946, 2041, 2946, 2945, 2901, 2901, 2899, 2946, 2044, 2041, 2946, 2947, 2946, 2899, 2946, 2947, 2044, 2899, 2897, 2947, 2948, 2947, 2897, 2897, 2895, 2948, 2047, 2044, 2947, 2947, 2948, 2047, 2050, 2047, 2948, 2949, 2948, 2895, 2948, 2949, 2050, 2895, 2893, 2949, 2052, 2050, 2949, 2950, 2949, 2893, 2949, 2950, 2052, 2893, 2891, 2950, 2053, 2052, 2950, 2951, 2950, 2891, 2950, 2951, 2053, 2891, 2889, 2951, 2059, 2053, 2951, 2952, 2951, 2889, 2951, 2952, 2059, 2889, 2887, 2952, 2060, 2059, 2952, 2953, 2952, 2887, 2952, 2953, 2060, 2061, 2060, 2953, 2887, 2885, 2953, 2953, 2954, 2061, 2954, 2953, 2885, 2063, 2061, 2954, 2885, 2883, 2954, 2954, 2955, 2063, 2955, 2954, 2883, 2883, 2881, 2955, 2066, 2063, 2955, 2956, 2955, 2881, 2955, 2956, 2066, 2881, 2879, 2956, 2957, 2956, 2879, 2879, 2877, 2957, 2069, 2066, 2956, 2956, 2957, 2069, 2074, 2069, 2957, 2958, 2957, 2877, 2957, 2958, 2074, 2877, 2875, 2958, 2075, 2074, 2958, 2959, 2958, 2875, 2958, 2959, 2075, 2875, 2873, 2959, 2080, 2075, 2959, 2960, 2959, 2873, 2959, 2960, 2080, 2873, 2871, 2960, 2086, 2080, 2960, 2961, 2960, 2871, 2960, 2961, 2086, 2871, 2869, 2961, 2931, 2961, 2869, 2087, 2086, 2961, 2961, 2931, 2087, 2088, 2087, 2931, 2137, 2962, 2140, 2143, 2140, 2962, 2962, 2963, 2143, 2145, 2143, 2963, 2962, 2137, 2964, 2963, 2965, 2145, 709, 2145, 2965, 2963, 2962, 2966, 2964, 2966, 2962, 2965, 2963, 2967, 2966, 2967, 2963, 2965, 2968, 709, 710, 709, 2968, 2967, 2969, 2965, 2968, 2965, 2969, 2968, 2970, 710, 2149, 710, 2970, 2969, 2971, 2968, 2970, 2968, 2971, 2970, 2972, 2149, 2152, 2149, 2972, 2971, 2973, 2970, 2972, 2970, 2973, 2972, 2974, 2152, 2155, 2152, 2974, 2973, 2975, 2972, 2974, 2972, 2975, 2974, 2976, 2155, 2158, 2155, 2976, 2975, 2977, 2974, 2976, 2974, 2977, 2976, 2978, 2158, 2160, 2158, 2978, 2977, 2979, 2976, 2978, 2976, 2979, 2978, 2980, 2160, 715, 2160, 2980, 2979, 2981, 2978, 2980, 2978, 2981, 2980, 2982, 715, 716, 715, 2982, 2981, 2983, 2980, 2982, 2980, 2983, 2982, 2984, 716, 2164, 716, 2984, 2983, 2985, 2982, 2984, 2982, 2985, 2984, 2986, 2164, 2167, 2164, 2986, 2985, 2987, 2984, 2986, 2984, 2987, 2986, 2988, 2167, 2170, 2167, 2988, 2987, 2989, 2986, 2988, 2986, 2989, 2988, 2990, 2170, 2173, 2170, 2990, 2989, 2991, 2988, 2990, 2988, 2991, 2990, 2992, 2173, 2176, 2173, 2992, 2991, 2993, 2990, 2992, 2990, 2993, 2992, 2994, 2176, 2179, 2176, 2994, 2993, 2995, 2992, 2994, 2992, 2995, 2994, 2996, 2179, 2182, 2179, 2996, 2995, 2997, 2994, 2996, 2994, 2997, 2996, 2998, 2182, 2184, 2182, 2998, 2997, 2999, 2996, 2998, 2996, 2999, 2998, 3000, 2184, 2188, 2184, 3000, 2999, 3001, 2998, 3000, 2998, 3001, 3000, 3002, 2188, 2190, 2188, 3002, 3001, 3003, 3000, 3002, 3000, 3003, 3003, 3004, 3002, 2190, 3002, 3004, 3004, 3005, 2190, 2194, 2190, 3005, 3005, 3006, 2194, 2197, 2194, 3006, 3006, 3007, 2197, 2200, 2197, 3007, 3007, 3008, 2200, 2203, 2200, 3008, 3008, 3009, 2203, 2206, 2203, 3009, 3009, 3010, 2206, 2208, 2206, 3010, 2208, 3011, 703, 704, 703, 3011, 3010, 3012, 2208, 3011, 2208, 3012, 3011, 3013, 704, 2119, 704, 3013, 3012, 3014, 3011, 3013, 3011, 3014, 3013, 3015, 2119, 2122, 2119, 3015, 3014, 3016, 3013, 3015, 3013, 3016, 3015, 3017, 2122, 2125, 2122, 3017, 3016, 3018, 3015, 3017, 3015, 3018, 3017, 3019, 2125, 2129, 2125, 3019, 3019, 3017, 3020, 3018, 3020, 3017, 2129, 3019, 3021, 3020, 3021, 3019, 3021, 3022, 2129, 2133, 2129, 3022, 3021, 3020, 3023, 3022, 3024, 2133, 2137, 2133, 3024, 3024, 2964, 2137, 3022, 3021, 3025, 3023, 3025, 3021, 3024, 3022, 3026, 3025, 3026, 3022, 2964, 3024, 3027, 3026, 3027, 3024, 3027, 3028, 2964, 2966, 2964, 3028, 3027, 3026, 2276, 3028, 3027, 2273, 2276, 2273, 3027, 2273, 2271, 3028, 3028, 3029, 2966, 3029, 3028, 2271, 2967, 2966, 3029, 2279, 2276, 3026, 3026, 3025, 2279, 2282, 2279, 3025, 3025, 3023, 2282, 2285, 2282, 3023, 3023, 3030, 2285, 3030, 3023, 3020, 3020, 3018, 3030, 830, 2285, 3030, 3031, 3030, 3018, 3030, 3031, 830, 3018, 3016, 3031, 829, 830, 3031, 3032, 3031, 3016, 3031, 3032, 829, 3016, 3014, 3032, 827, 829, 3032, 3033, 3032, 3014, 3032, 3033, 827, 824, 827, 3033, 3014, 3012, 3033, 3033, 3034, 824, 3034, 3033, 3012, 821, 824, 3034, 3012, 3010, 3034, 3034, 3035, 821, 3035, 3034, 3010, 3010, 3009, 3035, 818, 821, 3035, 3036, 3035, 3009, 3035, 3036, 818, 3009, 3008, 3036, 3037, 3036, 3008, 3008, 3007, 3037, 816, 818, 3036, 3036, 3037, 816, 814, 816, 3037, 3038, 3037, 3007, 3037, 3038, 814, 3007, 3006, 3038, 815, 814, 3038, 3039, 3038, 3006, 3038, 3039, 815, 3006, 3005, 3039, 2212, 815, 3039, 3040, 3039, 3005, 3039, 3040, 2212, 3005, 3004, 3040, 2215, 2212, 3040, 3041, 3040, 3004, 3040, 3041, 2215, 3004, 3003, 3041, 2218, 2215, 3041, 3042, 3041, 3003, 3041, 3042, 2218, 2221, 2218, 3042, 3003, 3001, 3042, 3042, 3043, 2221, 3043, 3042, 3001, 2224, 2221, 3043, 3001, 2999, 3043, 3043, 3044, 2224, 3044, 3043, 2999, 2999, 2997, 3044, 2227, 2224, 3044, 3045, 3044, 2997, 3044, 3045, 2227, 2997, 2995, 3045, 3046, 3045, 2995, 2995, 2993, 3046, 2230, 2227, 3045, 3045, 3046, 2230, 2233, 2230, 3046, 3047, 3046, 2993, 3046, 3047, 2233, 2993, 2991, 3047, 2235, 2233, 3047, 3048, 3047, 2991, 3047, 3048, 2235, 2991, 2989, 3048, 2236, 2235, 3048, 3049, 3048, 2989, 3048, 3049, 2236, 2989, 2987, 3049, 2242, 2236, 3049, 3050, 3049, 2987, 3049, 3050, 2242, 2987, 2985, 3050, 2243, 2242, 3050, 3051, 3050, 2985, 3050, 3051, 2243, 2244, 2243, 3051, 2985, 2983, 3051, 3051, 3052, 2244, 3052, 3051, 2983, 2246, 2244, 3052, 2983, 2981, 3052, 3052, 3053, 2246, 3053, 3052, 2981, 2981, 2979, 3053, 2249, 2246, 3053, 3054, 3053, 2979, 3053, 3054, 2249, 2979, 2977, 3054, 3055, 3054, 2977, 2977, 2975, 3055, 2252, 2249, 3054, 3054, 3055, 2252, 2257, 2252, 3055, 3056, 3055, 2975, 3055, 3056, 2257, 2975, 2973, 3056, 2258, 2257, 3056, 3057, 3056, 2973, 3056, 3057, 2258, 2973, 2971, 3057, 2263, 2258, 3057, 3058, 3057, 2971, 3057, 3058, 2263, 2971, 2969, 3058, 2269, 2263, 3058, 3059, 3058, 2969, 3058, 3059, 2269, 2969, 2967, 3059, 3029, 3059, 2967, 2270, 2269, 3059, 3059, 3029, 2270, 2271, 2270, 3029, 2307, 3060, 2310, 2313, 2310, 3060, 3060, 3061, 2313, 2315, 2313, 3061, 3060, 2307, 3062, 3061, 3063, 2315, 739, 2315, 3063, 3061, 3060, 3064, 3062, 3064, 3060, 3063, 3061, 3065, 3064, 3065, 3061, 3063, 3066, 739, 740, 739, 3066, 3065, 3067, 3063, 3066, 3063, 3067, 3066, 3068, 740, 2319, 740, 3068, 3067, 3069, 3066, 3068, 3066, 3069, 3068, 3070, 2319, 2322, 2319, 3070, 3069, 3071, 3068, 3070, 3068, 3071, 3070, 3072, 2322, 2325, 2322, 3072, 3071, 3073, 3070, 3072, 3070, 3073, 3072, 3074, 2325, 2328, 2325, 3074, 3073, 3075, 3072, 3074, 3072, 3075, 3074, 3076, 2328, 2331, 2328, 3076, 3075, 3077, 3074, 3076, 3074, 3077, 3076, 3078, 2331, 521, 2331, 3078, 3077, 3079, 3076, 3078, 3076, 3079, 3078, 3080, 521, 522, 521, 3080, 3079, 3081, 3078, 3080, 3078, 3081, 3080, 3082, 522, 2336, 522, 3082, 3081, 3083, 3080, 3082, 3080, 3083, 3082, 3084, 2336, 2339, 2336, 3084, 3083, 3085, 3082, 3084, 3082, 3085, 3084, 3086, 2339, 2342, 2339, 3086, 3085, 3087, 3084, 3086, 3084, 3087, 3086, 3088, 2342, 2345, 2342, 3088, 3087, 3089, 3086, 3088, 3086, 3089, 3088, 3090, 2345, 2348, 2345, 3090, 3089, 3091, 3088, 3090, 3088, 3091, 3090, 3092, 2348, 2350, 2348, 3092, 3091, 3093, 3090, 3092, 3090, 3093, 3092, 3094, 2350, 2380, 2350, 3094, 3093, 3095, 3092, 3094, 3092, 3095, 3094, 3096, 2380, 2357, 2380, 3096, 3095, 3097, 3094, 3096, 3094, 3097, 3096, 3098, 2357, 2359, 2357, 3098, 3097, 3099, 3096, 3098, 3096, 3099, 3098, 3100, 2359, 2361, 2359, 3100, 3099, 3101, 3098, 3100, 3098, 3101, 3101, 3102, 3100, 2361, 3100, 3102, 3102, 3103, 2361, 2365, 2361, 3103, 3103, 3104, 2365, 2368, 2365, 3104, 3104, 3105, 2368, 2371, 2368, 3105, 3105, 3106, 2371, 2374, 2371, 3106, 3106, 3107, 2374, 2377, 2374, 3107, 3107, 3108, 2377, 2379, 2377, 3108, 2379, 3109, 733, 734, 733, 3109, 3108, 3110, 2379, 3109, 2379, 3110, 3109, 3111, 734, 2289, 734, 3111, 3110, 3112, 3109, 3111, 3109, 3112, 3111, 3113, 2289, 2292, 2289, 3113, 3112, 3114, 3111, 3113, 3111, 3114, 3113, 3115, 2292, 2295, 2292, 3115, 3114, 3116, 3113, 3115, 3113, 3116, 3115, 3117, 2295, 2299, 2295, 3117, 3117, 3115, 3118, 3116, 3118, 3115, 2299, 3117, 3119, 3118, 3119, 3117, 3119, 3120, 2299, 2303, 2299, 3120, 3119, 3118, 3121, 3120, 3122, 2303, 2307, 2303, 3122, 3122, 3062, 2307, 3120, 3119, 3123, 3121, 3123, 3119, 3122, 3120, 3124, 3123, 3124, 3120, 3062, 3122, 3125, 3124, 3125, 3122, 3125, 3126, 3062, 3064, 3062, 3126, 3125, 3124, 2426, 3126, 3125, 2423, 2426, 2423, 3125, 2423, 2420, 3126, 3126, 3127, 3064, 3127, 3126, 2420, 3065, 3064, 3127, 2429, 2426, 3124, 3124, 3123, 2429, 2432, 2429, 3123, 3123, 3121, 2432, 2434, 2432, 3121, 3121, 3128, 2434, 3128, 3121, 3118, 3118, 3116, 3128, 849, 2434, 3128, 3129, 3128, 3116, 3128, 3129, 849, 3116, 3114, 3129, 848, 849, 3129, 3130, 3129, 3114, 3129, 3130, 848, 3114, 3112, 3130, 846, 848, 3130, 3131, 3130, 3112, 3130, 3131, 846, 843, 846, 3131, 3112, 3110, 3131, 3131, 3132, 843, 3132, 3131, 3110, 840, 843, 3132, 3110, 3108, 3132, 3132, 3133, 840, 3133, 3132, 3108, 3108, 3107, 3133, 837, 840, 3133, 3134, 3133, 3107, 3133, 3134, 837, 3107, 3106, 3134, 3135, 3134, 3106, 3106, 3105, 3135, 835, 837, 3134, 3134, 3135, 835, 833, 835, 3135, 3136, 3135, 3105, 3135, 3136, 833, 3105, 3104, 3136, 834, 833, 3136, 3137, 3136, 3104, 3136, 3137, 834, 3104, 3103, 3137, 2384, 834, 3137, 3138, 3137, 3103, 3137, 3138, 2384, 3103, 3102, 3138, 2387, 2384, 3138, 3139, 3138, 3102, 3138, 3139, 2387, 3102, 3101, 3139, 2390, 2387, 3139, 3140, 3139, 3101, 3139, 3140, 2390, 2393, 2390, 3140, 3101, 3099, 3140, 3140, 3141, 2393, 3141, 3140, 3099, 2396, 2393, 3141, 3099, 3097, 3141, 3141, 3142, 2396, 3142, 3141, 3097, 3097, 3095, 3142, 2399, 2396, 3142, 3143, 3142, 3095, 3142, 3143, 2399, 3095, 3093, 3143, 3144, 3143, 3093, 3093, 3091, 3144, 2402, 2399, 3143, 3143, 3144, 2402, 2405, 2402, 3144, 3145, 3144, 3091, 3144, 3145, 2405, 3091, 3089, 3145, 2407, 2405, 3145, 3146, 3145, 3089, 3145, 3146, 2407, 3089, 3087, 3146, 868, 2407, 3146, 3147, 3146, 3087, 3146, 3147, 868, 3087, 3085, 3147, 867, 868, 3147, 3148, 3147, 3085, 3147, 3148, 867, 3085, 3083, 3148, 865, 867, 3148, 3149, 3148, 3083, 3148, 3149, 865, 862, 865, 3149, 3083, 3081, 3149, 3149, 3150, 862, 3150, 3149, 3081, 859, 862, 3150, 3081, 3079, 3150, 3150, 3151, 859, 3151, 3150, 3079, 3079, 3077, 3151, 856, 859, 3151, 3152, 3151, 3077, 3151, 3152, 856, 3077, 3075, 3152, 3153, 3152, 3075, 3075, 3073, 3153, 854, 856, 3152, 3152, 3153, 854, 852, 854, 3153, 3154, 3153, 3073, 3153, 3154, 852, 3073, 3071, 3154, 853, 852, 3154, 3155, 3154, 3071, 3154, 3155, 853, 3071, 3069, 3155, 2411, 853, 3155, 3156, 3155, 3069, 3155, 3156, 2411, 3069, 3067, 3156, 2414, 2411, 3156, 3157, 3156, 3067, 3156, 3157, 2414, 3067, 3065, 3157, 3127, 3157, 3065, 2417, 2414, 3157, 3157, 3127, 2417, 2420, 2417, 3127, 966, 3158, 547, 548, 547, 3158, 3158, 3159, 548, 874, 548, 3159, 3159, 3160, 874, 877, 874, 3160, 3160, 3161, 877, 880, 877, 3161, 3161, 3162, 880, 883, 880, 3162, 948, 946, 3163, 3162, 3164, 883, 886, 883, 3164, 3165, 3163, 946, 946, 942, 3165, 3164, 3166, 886, 889, 886, 3166, 3167, 3165, 942, 942, 940, 3167, 3166, 3168, 889, 892, 889, 3168, 3169, 3167, 940, 940, 937, 3169, 3168, 3170, 892, 895, 892, 3170, 3171, 3169, 937, 937, 934, 3171, 3170, 3172, 895, 897, 895, 3172, 3173, 3171, 934, 934, 931, 3173, 3172, 3174, 897, 553, 897, 3174, 3175, 3173, 931, 931, 928, 3175, 3174, 3176, 553, 554, 553, 3176, 3177, 3175, 928, 928, 924, 3177, 3176, 3178, 554, 901, 554, 3178, 3179, 3177, 924, 924, 922, 3179, 3178, 3180, 901, 904, 901, 3180, 3181, 3179, 922, 922, 918, 3181, 3180, 3182, 904, 907, 904, 3182, 3183, 3181, 918, 918, 916, 3183, 3182, 3184, 907, 910, 907, 3184, 3185, 3183, 916, 916, 913, 3185, 913, 910, 3186, 3186, 3185, 913, 3184, 3186, 910, 3183, 3185, 3187, 3185, 3186, 3188, 3188, 3187, 3185, 3186, 3184, 3189, 3189, 3188, 3186, 3187, 3190, 3183, 3181, 3183, 3190, 3187, 3188, 3191, 3190, 3192, 3181, 3179, 3181, 3192, 3190, 3187, 3193, 3191, 3193, 3187, 3192, 3190, 3194, 3193, 3194, 3190, 3192, 3195, 3179, 3177, 3179, 3195, 3194, 3196, 3192, 3195, 3192, 3196, 3195, 3197, 3177, 3175, 3177, 3197, 3196, 3198, 3195, 3197, 3195, 3198, 3197, 3199, 3175, 3173, 3175, 3199, 3198, 3200, 3197, 3199, 3197, 3200, 3199, 3201, 3173, 3171, 3173, 3201, 3200, 3202, 3199, 3201, 3199, 3202, 3201, 3203, 3171, 3169, 3171, 3203, 3202, 3204, 3201, 3203, 3201, 3204, 3203, 3205, 3169, 3167, 3169, 3205, 3204, 3206, 3203, 3205, 3203, 3206, 3205, 3207, 3167, 3165, 3167, 3207, 3206, 3208, 3205, 3207, 3205, 3208, 3207, 3209, 3165, 3163, 3165, 3209, 3208, 3210, 3207, 3209, 3207, 3210, 3209, 3211, 3163, 948, 3163, 3211, 3210, 3212, 3209, 3211, 3209, 3212, 3211, 3213, 948, 952, 948, 3213, 3212, 3214, 3211, 3213, 3211, 3214, 3213, 3215, 952, 955, 952, 3215, 3214, 3216, 3213, 3215, 3213, 3216, 3215, 3217, 955, 958, 955, 3217, 3216, 3218, 3215, 3217, 3215, 3218, 3217, 3219, 958, 961, 958, 3219, 3218, 3220, 3217, 3219, 3217, 3220, 3219, 3221, 961, 964, 961, 3221, 3220, 3222, 3219, 3221, 3219, 3222, 3221, 3223, 964, 966, 964, 3223, 3222, 3224, 3221, 3223, 3221, 3224, 3223, 3225, 966, 3158, 966, 3225, 3224, 3226, 3223, 3225, 3223, 3226, 3225, 3227, 3158, 3159, 3158, 3227, 3226, 3228, 3225, 3227, 3225, 3228, 3227, 3229, 3159, 3160, 3159, 3229, 3228, 3230, 3227, 3229, 3227, 3230, 3229, 3231, 3160, 3161, 3160, 3231, 3230, 3232, 3229, 3231, 3229, 3232, 3231, 3233, 3161, 3162, 3161, 3233, 3232, 3234, 3231, 3233, 3231, 3234, 3233, 3235, 3162, 3164, 3162, 3235, 3234, 3236, 3233, 3235, 3233, 3236, 3235, 3237, 3164, 3166, 3164, 3237, 3236, 3238, 3235, 3237, 3235, 3238, 3237, 3239, 3166, 3168, 3166, 3239, 3238, 3240, 3237, 3239, 3237, 3240, 3239, 3241, 3168, 3170, 3168, 3241, 3240, 3242, 3239, 3241, 3239, 3242, 3241, 3243, 3170, 3172, 3170, 3243, 3242, 3244, 3241, 3243, 3241, 3244, 3243, 3245, 3172, 3174, 3172, 3245, 3244, 3246, 3243, 3245, 3243, 3246, 3245, 3247, 3174, 3176, 3174, 3247, 3246, 3248, 3245, 3247, 3245, 3248, 3247, 3249, 3176, 3178, 3176, 3249, 3248, 3250, 3247, 3249, 3247, 3250, 3249, 3251, 3178, 3180, 3178, 3251, 3250, 3252, 3249, 3251, 3249, 3252, 3251, 3253, 3180, 3182, 3180, 3253, 3252, 3254, 3251, 3253, 3251, 3254, 3253, 3255, 3182, 3184, 3182, 3255, 3255, 3189, 3184, 3255, 3253, 3256, 3254, 3256, 3253, 3189, 3255, 3257, 3256, 3257, 3255, 3257, 3258, 3189, 3188, 3189, 3258, 3258, 3191, 3188, 3257, 3256, 3259, 3258, 3257, 3260, 3259, 3260, 3257, 3191, 3258, 3261, 3260, 3261, 3258, 3262, 3259, 3256, 3256, 3254, 3262, 3260, 3259, 997, 997, 995, 3260, 3261, 3260, 995, 999, 997, 3259, 3259, 3262, 999, 995, 993, 3261, 1001, 999, 3262, 3263, 3261, 993, 3261, 3263, 3191, 993, 991, 3263, 3193, 3191, 3263, 3264, 3263, 991, 3263, 3264, 3193, 991, 989, 3264, 3194, 3193, 3264, 3265, 3264, 989, 3264, 3265, 3194, 989, 987, 3265, 3196, 3194, 3265, 3266, 3265, 987, 3265, 3266, 3196, 987, 985, 3266, 3198, 3196, 3266, 3267, 3266, 985, 3266, 3267, 3198, 985, 983, 3267, 3200, 3198, 3267, 3268, 3267, 983, 3267, 3268, 3200, 983, 981, 3268, 3202, 3200, 3268, 3269, 3268, 981, 3268, 3269, 3202, 981, 979, 3269, 3204, 3202, 3269, 3270, 3269, 979, 3269, 3270, 3204, 979, 977, 3270, 3206, 3204, 3270, 3271, 3270, 977, 3270, 3271, 3206, 977, 975, 3271, 3208, 3206, 3271, 3272, 3271, 975, 3271, 3272, 3208, 975, 973, 3272, 3210, 3208, 3272, 3273, 3272, 973, 3272, 3273, 3210, 973, 971, 3273, 3212, 3210, 3273, 3274, 3273, 971, 3273, 3274, 3212, 971, 969, 3274, 3214, 3212, 3274, 3275, 3274, 969, 3274, 3275, 3214, 969, 782, 3275, 3216, 3214, 3275, 780, 3275, 782, 3275, 780, 3216, 3218, 3216, 780, 780, 779, 3218, 3220, 3218, 779, 779, 781, 3220, 3222, 3220, 781, 781, 1037, 3222, 3224, 3222, 1037, 1037, 1034, 3224, 3226, 3224, 1034, 1034, 1031, 3226, 3228, 3226, 1031, 1031, 1028, 3228, 3230, 3228, 1028, 1028, 1025, 3230, 3232, 3230, 1025, 1025, 1022, 3232, 3234, 3232, 1022, 1022, 3276, 3234, 1022, 1019, 3276, 3236, 3234, 3276, 3277, 3276, 1019, 3276, 3277, 3236, 1019, 1017, 3277, 3238, 3236, 3277, 3278, 3277, 1017, 3277, 3278, 3238, 1017, 1015, 3278, 3240, 3238, 3278, 3279, 3278, 1015, 3278, 3279, 3240, 1015, 1013, 3279, 3242, 3240, 3279, 3280, 3279, 1013, 3279, 3280, 3242, 1013, 1011, 3280, 3244, 3242, 3280, 3281, 3280, 1011, 3280, 3281, 3244, 1011, 1009, 3281, 3246, 3244, 3281, 3282, 3281, 1009, 3281, 3282, 3246, 1009, 1007, 3282, 3248, 3246, 3282, 3283, 3282, 1007, 3282, 3283, 3248, 1007, 1005, 3283, 3250, 3248, 3283, 3284, 3283, 1005, 3283, 3284, 3250, 1005, 1003, 3284, 3252, 3250, 3284, 3285, 3284, 1003, 3284, 3285, 3252, 1003, 1001, 3285, 3254, 3252, 3285, 3262, 3285, 1001, 3285, 3262, 3254, 1129, 3286, 563, 564, 563, 3286, 3286, 3287, 564, 1043, 564, 3287, 3287, 3288, 1043, 1046, 1043, 3288, 3288, 3289, 1046, 1049, 1046, 3289, 3289, 3290, 1049, 1052, 1049, 3290, 1111, 1109, 3291, 3290, 3292, 1052, 1055, 1052, 3292, 3293, 3291, 1109, 1109, 1105, 3293, 3292, 3294, 1055, 1058, 1055, 3294, 3295, 3293, 1105, 1105, 1103, 3295, 3294, 3296, 1058, 1061, 1058, 3296, 3297, 3295, 1103, 1103, 1100, 3297, 3296, 3298, 1061, 1064, 1061, 3298, 3299, 3297, 1100, 1100, 1097, 3299, 3298, 3300, 1064, 1066, 1064, 3300, 3301, 3299, 1097, 1097, 1094, 3301, 3300, 3302, 1066, 569, 1066, 3302, 3303, 3301, 1094, 1094, 1091, 3303, 3302, 3304, 569, 570, 569, 3304, 3305, 3303, 1091, 1091, 1088, 3305, 3304, 3306, 570, 1070, 570, 3306, 3307, 3305, 1088, 1088, 1085, 3307, 3306, 3308, 1070, 1073, 1070, 3308, 3309, 3307, 1085, 1085, 576, 3309, 3308, 3310, 1073, 1076, 1073, 3310, 3311, 3309, 576, 576, 575, 3311, 3310, 3312, 1076, 1079, 1076, 3312, 3313, 3311, 575, 575, 1081, 3313, 1081, 1079, 3314, 3314, 3313, 1081, 3312, 3314, 1079, 3311, 3313, 3315, 3313, 3314, 3316, 3316, 3315, 3313, 3314, 3312, 3317, 3317, 3316, 3314, 3315, 3318, 3311, 3309, 3311, 3318, 3315, 3316, 3319, 3318, 3320, 3309, 3307, 3309, 3320, 3318, 3315, 3321, 3319, 3321, 3315, 3320, 3318, 3322, 3321, 3322, 3318, 3320, 3323, 3307, 3305, 3307, 3323, 3322, 3324, 3320, 3323, 3320, 3324, 3323, 3325, 3305, 3303, 3305, 3325, 3324, 3326, 3323, 3325, 3323, 3326, 3325, 3327, 3303, 3301, 3303, 3327, 3326, 3328, 3325, 3327, 3325, 3328, 3327, 3329, 3301, 3299, 3301, 3329, 3328, 3330, 3327, 3329, 3327, 3330, 3329, 3331, 3299, 3297, 3299, 3331, 3330, 3332, 3329, 3331, 3329, 3332, 3331, 3333, 3297, 3295, 3297, 3333, 3332, 3334, 3331, 3333, 3331, 3334, 3333, 3335, 3295, 3293, 3295, 3335, 3334, 3336, 3333, 3335, 3333, 3336, 3335, 3337, 3293, 3291, 3293, 3337, 3336, 3338, 3335, 3337, 3335, 3338, 3337, 3339, 3291, 1111, 3291, 3339, 3338, 3340, 3337, 3339, 3337, 3340, 3339, 3341, 1111, 1115, 1111, 3341, 3340, 3342, 3339, 3341, 3339, 3342, 3341, 3343, 1115, 1118, 1115, 3343, 3342, 3344, 3341, 3343, 3341, 3344, 3343, 3345, 1118, 1121, 1118, 3345, 3344, 3346, 3343, 3345, 3343, 3346, 3345, 3347, 1121, 1124, 1121, 3347, 3346, 3348, 3345, 3347, 3345, 3348, 3347, 3349, 1124, 1127, 1124, 3349, 3348, 3350, 3347, 3349, 3347, 3350, 3349, 3351, 1127, 1129, 1127, 3351, 3350, 3352, 3349, 3351, 3349, 3352, 3351, 3353, 1129, 3286, 1129, 3353, 3352, 3354, 3351, 3353, 3351, 3354, 3353, 3355, 3286, 3287, 3286, 3355, 3354, 3356, 3353, 3355, 3353, 3356, 3355, 3357, 3287, 3288, 3287, 3357, 3356, 3358, 3355, 3357, 3355, 3358, 3357, 3359, 3288, 3289, 3288, 3359, 3358, 3360, 3357, 3359, 3357, 3360, 3359, 3361, 3289, 3290, 3289, 3361, 3360, 3362, 3359, 3361, 3359, 3362, 3361, 3363, 3290, 3292, 3290, 3363, 3362, 3364, 3361, 3363, 3361, 3364, 3363, 3365, 3292, 3294, 3292, 3365, 3364, 3366, 3363, 3365, 3363, 3366, 3365, 3367, 3294, 3296, 3294, 3367, 3366, 3368, 3365, 3367, 3365, 3368, 3367, 3369, 3296, 3298, 3296, 3369, 3368, 3370, 3367, 3369, 3367, 3370, 3369, 3371, 3298, 3300, 3298, 3371, 3370, 3372, 3369, 3371, 3369, 3372, 3371, 3373, 3300, 3302, 3300, 3373, 3372, 3374, 3371, 3373, 3371, 3374, 3373, 3375, 3302, 3304, 3302, 3375, 3374, 3376, 3373, 3375, 3373, 3376, 3375, 3377, 3304, 3306, 3304, 3377, 3376, 3378, 3375, 3377, 3375, 3378, 3377, 3379, 3306, 3308, 3306, 3379, 3378, 3380, 3377, 3379, 3377, 3380, 3379, 3381, 3308, 3310, 3308, 3381, 3380, 3382, 3379, 3381, 3379, 3382, 3381, 3383, 3310, 3312, 3310, 3383, 3383, 3317, 3312, 3383, 3381, 3384, 3382, 3384, 3381, 3317, 3383, 3385, 3384, 3385, 3383, 3385, 3386, 3317, 3316, 3317, 3386, 3386, 3319, 3316, 3385, 3384, 3387, 3386, 3385, 3388, 3387, 3388, 3385, 3319, 3386, 3389, 3388, 3389, 3386, 3390, 3387, 3384, 3384, 3382, 3390, 3388, 3387, 1160, 1160, 1158, 3388, 3389, 3388, 1158, 1162, 1160, 3387, 3387, 3390, 1162, 1158, 1156, 3389, 1164, 1162, 3390, 3391, 3389, 1156, 3389, 3391, 3319, 1156, 1154, 3391, 3321, 3319, 3391, 3392, 3391, 1154, 3391, 3392, 3321, 1154, 1152, 3392, 3322, 3321, 3392, 3393, 3392, 1152, 3392, 3393, 3322, 1152, 1150, 3393, 3324, 3322, 3393, 3394, 3393, 1150, 3393, 3394, 3324, 1150, 1148, 3394, 3326, 3324, 3394, 3395, 3394, 1148, 3394, 3395, 3326, 1148, 1146, 3395, 3328, 3326, 3395, 3396, 3395, 1146, 3395, 3396, 3328, 1146, 1144, 3396, 3330, 3328, 3396, 3397, 3396, 1144, 3396, 3397, 3330, 1144, 1142, 3397, 3332, 3330, 3397, 3398, 3397, 1142, 3397, 3398, 3332, 1142, 1140, 3398, 3334, 3332, 3398, 3399, 3398, 1140, 3398, 3399, 3334, 1140, 1138, 3399, 3336, 3334, 3399, 3400, 3399, 1138, 3399, 3400, 3336, 1138, 1136, 3400, 3338, 3336, 3400, 3401, 3400, 1136, 3400, 3401, 3338, 1136, 1134, 3401, 3340, 3338, 3401, 3402, 3401, 1134, 3401, 3402, 3340, 1134, 1132, 3402, 3342, 3340, 3402, 3403, 3402, 1132, 3402, 3403, 3342, 1132, 786, 3403, 3344, 3342, 3403, 784, 3403, 786, 3403, 784, 3344, 3346, 3344, 784, 784, 783, 3346, 3348, 3346, 783, 783, 785, 3348, 3350, 3348, 785, 785, 1200, 3350, 3352, 3350, 1200, 1200, 1197, 3352, 3354, 3352, 1197, 1197, 1194, 3354, 3356, 3354, 1194, 1194, 1191, 3356, 3358, 3356, 1191, 1191, 1188, 3358, 3360, 3358, 1188, 1188, 1185, 3360, 3362, 3360, 1185, 1185, 3404, 3362, 1185, 1182, 3404, 3364, 3362, 3404, 3405, 3404, 1182, 3404, 3405, 3364, 1182, 1180, 3405, 3366, 3364, 3405, 3406, 3405, 1180, 3405, 3406, 3366, 1180, 1178, 3406, 3368, 3366, 3406, 3407, 3406, 1178, 3406, 3407, 3368, 1178, 1176, 3407, 3370, 3368, 3407, 3408, 3407, 1176, 3407, 3408, 3370, 1176, 1174, 3408, 3372, 3370, 3408, 3409, 3408, 1174, 3408, 3409, 3372, 1174, 1172, 3409, 3374, 3372, 3409, 3410, 3409, 1172, 3409, 3410, 3374, 1172, 1170, 3410, 3376, 3374, 3410, 3411, 3410, 1170, 3410, 3411, 3376, 1170, 1168, 3411, 3378, 3376, 3411, 3412, 3411, 1168, 3411, 3412, 3378, 1168, 1166, 3412, 3380, 3378, 3412, 3413, 3412, 1166, 3412, 3413, 3380, 1166, 1164, 3413, 3382, 3380, 3413, 3390, 3413, 1164, 3413, 3390, 3382, 3414, 3415, 3416, 3416, 3417, 3414, 3417, 3416, 3418, 3419, 3414, 3417, 3418, 3420, 3417, 3417, 3421, 3419, 3420, 3422, 3423, 3423, 3417, 3420, 3424, 3425, 3421, 3421, 3417, 3424, 3417, 3423, 3426, 3427, 3424, 3417, 3426, 3428, 3417, 3417, 3429, 3427, 3428, 3430, 3431, 3431, 3417, 3428, 3432, 3433, 3429, 3429, 3417, 3432, 3417, 3431, 3434, 3435, 3432, 3417, 3434, 3436, 3417, 3417, 3437, 3435, 3436, 3438, 3439, 3439, 3417, 3436, 3417, 3439, 3440, 3441, 3442, 3437, 3437, 3417, 3441, 3443, 3441, 3417, 3440, 3444, 3417, 3417, 3445, 3443, 3444, 3446, 3447, 3447, 3417, 3444, 3417, 3447, 3448, 3448, 3449, 3417, 3445, 3417, 3449, 3449, 3450, 3445, 3451, 3452, 3453, 3453, 3454, 3451, 3454, 3453, 3455, 3456, 3451, 3454, 3455, 3457, 3454, 3454, 3458, 3456, 3457, 3459, 3460, 3460, 3454, 3457, 3461, 3462, 3458, 3458, 3454, 3461, 3454, 3460, 3463, 3464, 3461, 3454, 3463, 3465, 3454, 3454, 3466, 3464, 3465, 3467, 3468, 3468, 3454, 3465, 3469, 3470, 3466, 3466, 3454, 3469, 3454, 3468, 3471, 3472, 3469, 3454, 3471, 3473, 3454, 3454, 3474, 3472, 3473, 3475, 3476, 3476, 3454, 3473, 3454, 3476, 3477, 3478, 3479, 3474, 3474, 3454, 3478, 3480, 3478, 3454, 3477, 3481, 3454, 3454, 3482, 3480, 3481, 3483, 3484, 3484, 3454, 3481, 3454, 3484, 3485, 3485, 3486, 3454, 3482, 3454, 3486, 3486, 3487, 3482, 3488, 3489, 3490, 3490, 3491, 3488, 3491, 3490, 3492, 3493, 3488, 3491, 3492, 3494, 3491, 3491, 3495, 3493, 3494, 3496, 3497, 3497, 3491, 3494, 3498, 3499, 3495, 3495, 3491, 3498, 3491, 3497, 3500, 3501, 3498, 3491, 3500, 3502, 3491, 3491, 3503, 3501, 3502, 3504, 3505, 3505, 3491, 3502, 3506, 3507, 3503, 3503, 3491, 3506, 3491, 3505, 3508, 3509, 3506, 3491, 3508, 3510, 3491, 3491, 3511, 3509, 3510, 3512, 3513, 3513, 3491, 3510, 3491, 3513, 3514, 3515, 3516, 3511, 3511, 3491, 3515, 3517, 3515, 3491, 3514, 3518, 3491, 3491, 3519, 3517, 3518, 3520, 3521, 3521, 3491, 3518, 3491, 3521, 3522, 3522, 3523, 3491, 3519, 3491, 3523, 3523, 3524, 3519, 3525, 3526, 3527, 3527, 3528, 3525, 3528, 3527, 3529, 3530, 3525, 3528, 3529, 3531, 3528, 3528, 3532, 3530, 3531, 3533, 3534, 3534, 3528, 3531, 3535, 3536, 3532, 3532, 3528, 3535, 3528, 3534, 3537, 3538, 3535, 3528, 3537, 3539, 3528, 3528, 3540, 3538, 3539, 3541, 3542, 3542, 3528, 3539, 3543, 3544, 3540, 3540, 3528, 3543, 3528, 3542, 3545, 3546, 3543, 3528, 3545, 3547, 3528, 3528, 3548, 3546, 3547, 3549, 3550, 3550, 3528, 3547, 3528, 3550, 3551, 3552, 3553, 3548, 3548, 3528, 3552, 3554, 3552, 3528, 3551, 3555, 3528, 3528, 3556, 3554, 3555, 3557, 3558, 3558, 3528, 3555, 3528, 3558, 3559, 3559, 3560, 3528, 3556, 3528, 3560, 3560, 3561, 3556, 3562, 3563, 3564, 3564, 3565, 3562, 3565, 3564, 3566, 3567, 3562, 3565, 3566, 3568, 3565, 3565, 3569, 3567, 3568, 3570, 3571, 3571, 3565, 3568, 3572, 3573, 3569, 3569, 3565, 3572, 3565, 3571, 3574, 3575, 3572, 3565, 3574, 3576, 3565, 3565, 3577, 3575, 3576, 3578, 3579, 3579, 3565, 3576, 3580, 3581, 3577, 3577, 3565, 3580, 3565, 3579, 3582, 3583, 3580, 3565, 3582, 3584, 3565, 3565, 3585, 3583, 3584, 3586, 3587, 3587, 3565, 3584, 3565, 3587, 3588, 3589, 3590, 3585, 3585, 3565, 3589, 3591, 3589, 3565, 3588, 3592, 3565, 3565, 3593, 3591, 3592, 3594, 3595, 3595, 3565, 3592, 3565, 3595, 3596, 3596, 3597, 3565, 3593, 3565, 3597, 3597, 3598, 3593, 3599, 3600, 3601, 3601, 3602, 3599, 3602, 3601, 3603, 3604, 3599, 3602, 3603, 3605, 3602, 3602, 3606, 3604, 3605, 3607, 3608, 3608, 3602, 3605, 3609, 3610, 3606, 3606, 3602, 3609, 3602, 3608, 3611, 3612, 3609, 3602, 3611, 3613, 3602, 3602, 3614, 3612, 3613, 3615, 3616, 3616, 3602, 3613, 3617, 3618, 3614, 3614, 3602, 3617, 3602, 3616, 3619, 3620, 3617, 3602, 3619, 3621, 3602, 3602, 3622, 3620, 3621, 3623, 3624, 3624, 3602, 3621, 3602, 3624, 3625, 3626, 3627, 3622, 3622, 3602, 3626, 3628, 3626, 3602, 3625, 3629, 3602, 3602, 3630, 3628, 3629, 3631, 3632, 3632, 3602, 3629, 3602, 3632, 3633, 3633, 3634, 3602, 3630, 3602, 3634, 3634, 3635, 3630, 3636, 3637, 3638, 3638, 3639, 3636, 3639, 3638, 3640, 3641, 3636, 3639, 3640, 3642, 3639, 3639, 3643, 3641, 3642, 3644, 3645, 3645, 3639, 3642, 3646, 3647, 3643, 3643, 3639, 3646, 3639, 3645, 3648, 3649, 3646, 3639, 3648, 3650, 3639, 3639, 3651, 3649, 3650, 3652, 3653, 3653, 3639, 3650, 3654, 3655, 3651, 3651, 3639, 3654, 3639, 3653, 3656, 3657, 3654, 3639, 3656, 3658, 3639, 3639, 3659, 3657, 3658, 3660, 3661, 3661, 3639, 3658, 3639, 3661, 3662, 3663, 3664, 3659, 3659, 3639, 3663, 3665, 3663, 3639, 3662, 3666, 3639, 3639, 3667, 3665, 3666, 3668, 3669, 3669, 3639, 3666, 3639, 3669, 3670, 3670, 3671, 3639, 3667, 3639, 3671, 3671, 3672, 3667, 3673, 3674, 3675, 3675, 3676, 3673, 3676, 3675, 3677, 3678, 3673, 3676, 3677, 3679, 3676, 3676, 3680, 3678, 3679, 3681, 3682, 3682, 3676, 3679, 3683, 3684, 3680, 3680, 3676, 3683, 3676, 3682, 3685, 3686, 3683, 3676, 3685, 3687, 3676, 3676, 3688, 3686, 3687, 3689, 3690, 3690, 3676, 3687, 3691, 3692, 3688, 3688, 3676, 3691, 3676, 3690, 3693, 3694, 3691, 3676, 3693, 3695, 3676, 3676, 3696, 3694, 3695, 3697, 3698, 3698, 3676, 3695, 3676, 3698, 3699, 3700, 3701, 3696, 3696, 3676, 3700, 3702, 3700, 3676, 3699, 3703, 3676, 3676, 3704, 3702, 3703, 3705, 3706, 3706, 3676, 3703, 3676, 3706, 3707, 3707, 3708, 3676, 3704, 3676, 3708, 3708, 3709, 3704, 3710, 3711, 3712, 3712, 3713, 3710, 3713, 3712, 3714, 3715, 3710, 3713, 3714, 3716, 3713, 3713, 3717, 3715, 3716, 3718, 3719, 3719, 3713, 3716, 3720, 3721, 3717, 3717, 3713, 3720, 3713, 3719, 3722, 3723, 3720, 3713, 3722, 3724, 3713, 3713, 3725, 3723, 3724, 3726, 3727, 3727, 3713, 3724, 3728, 3729, 3725, 3725, 3713, 3728, 3713, 3727, 3730, 3731, 3728, 3713, 3730, 3732, 3713, 3713, 3733, 3731, 3732, 3734, 3735, 3735, 3713, 3732, 3713, 3735, 3736, 3737, 3738, 3733, 3733, 3713, 3737, 3739, 3737, 3713, 3736, 3740, 3713, 3713, 3741, 3739, 3740, 3742, 3743, 3743, 3713, 3740, 3713, 3743, 3744, 3744, 3745, 3713, 3741, 3713, 3745, 3745, 3746, 3741]
    normal3f[] normals = [(0.025025528, 0.02571455, -0.99935603), (0.02502553, 0.025714684, -0.99935603), (0.025025606, 0.025714556, -0.99935603), (0.025025606, 0.025714556, -0.99935603), (0.025025588, 0.025714446, -0.99935603), (0.025025528, 0.02571455, -0.99935603), (-0.46288127, 0.8863494, 0.011212912), (-0.46288064, 0.8863497, 0.011215327), (-0.46288, 0.88635, 0.011215361), (-0.46288, 0.88635, 0.011215361), (0.025025561, 0.025714552, -0.99935603), (-0.46288127, 0.8863494, 0.011212912), (-0.46287996, 0.88635004, 0.011215485), (-0.46288013, 0.8863499, 0.011215478), (-0.46288013, 0.8863499, 0.011215554), (-0.46288013, 0.8863499, 0.011215554), (-0.46288043, 0.8863498, 0.011215553), (-0.46287996, 0.88635004, 0.011215485), (-0.46288133, 0.8863493, 0.011215432), (-0.46288133, 0.8863493, 0.011215432), (-0.46288136, 0.88634926, 0.011216546), (-0.46288136, 0.88634926, 0.011216546), (-0.46288133, 0.8863493, 0.011215432), (-0.46288133, 0.8863493, 0.011215432), (-0.46288136, 0.88634926, 0.011216546), (-0.46288133, 0.8863493, 0.011215432), (-0.46288133, 0.8863493, 0.011215432), (-0.46288133, 0.8863493, 0.011215432), (-0.46288133, 0.8863493, 0.011215432), (-0.46288136, 0.88634926, 0.011216546), (-0.46288, 0.88635, 0.011215361), (-0.46288064, 0.8863497, 0.011215327), (-0.46288013, 0.8863499, 0.011215478), (-0.46288013, 0.8863499, 0.011215478), (-0.46287996, 0.88635004, 0.011215485), (-0.46288, 0.88635, 0.011215361), (-0.46287996, 0.88635004, 0.011215485), (-0.46288013, 0.8863499, 0.011215478), (-0.46288013, 0.8863499, 0.011215478), (-0.46288013, 0.8863499, 0.011215478), (-0.46287996, 0.88635004, 0.011215485), (-0.46287996, 0.88635004, 0.011215485), (-0.46288133, 0.8863493, 0.011215432), (0.025025561, 0.025714552, -0.99935603), (-0.46288133, 0.8863493, 0.011215432), (-0.46288133, 0.8863493, 0.011215432), (-0.46288133, 0.8863493, 0.011215432), (-0.46288133, 0.8863493, 0.011215432), (-0.46288133, 0.8863493, 0.011215432), (-0.46288133, 0.8863493, 0.011215432), (-0.46288133, 0.8863493, 0.011215432), (-0.46288133, 0.8863493, 0.011215432), (-0.46288133, 0.8863493, 0.011215432), (-0.46288133, 0.8863493, 0.011215432), (-0.025025561, -0.025714552, 0.99935603), (-0.46288133, 0.8863493, 0.011215432), (-0.46288133, 0.8863493, 0.011215432), (-0.46288133, 0.8863493, 0.011215432), (-0.46288133, 0.8863493, 0.011215432), (-0.025025561, -0.025714552, 0.99935603), (-0.46288133, 0.8863493, 0.011215432), (-0.46288133, 0.8863493, 0.011215432), (-0.46288133, 0.8863493, 0.011215432), (-0.46288133, 0.8863493, 0.011215432), (-0.46288133, 0.8863493, 0.011215432), (-0.46288133, 0.8863493, 0.011215432), (-0.46288133, 0.8863493, 0.011215432), (-0.46288133, 0.8863493, 0.011215432), (-0.46288133, 0.8863493, 0.011215432), (-0.46288133, 0.8863493, 0.011215432), (-0.46288133, 0.8863493, 0.011215432), (-0.46288133, 0.8863493, 0.011215432), (-0.46288133, 0.8863493, 0.011215432), (-0.46288133, 0.8863493, 0.011215432), (-0.46288133, 0.8863493, 0.011215432), (-0.46288133, 0.8863493, 0.011215432), (-0.46288133, 0.8863493, 0.011215432), (-0.46288133, 0.8863493, 0.011215432), (-0.46288133, 0.8863493, 0.011215432), (-0.46288133, 0.8863493, 0.011215432), (-0.46288133, 0.8863493, 0.011215432), (-0.46288133, 0.8863493, 0.011215432), (-0.46288133, 0.8863493, 0.011215432), (-0.46288133, 0.8863493, 0.011215432), (-0.46288133, 0.8863493, 0.011215432), (-0.46288133, 0.8863493, 0.011215432), (-0.46288133, 0.8863493, 0.011215432), (-0.46288133, 0.8863493, 0.011215432), (-0.46288133, 0.8863493, 0.011215432), (-0.46288133, 0.8863493, 0.011215432), (-0.46288133, 0.8863493, 0.011215432), (-0.46288133, 0.8863493, 0.011215432), (-0.46288133, 0.8863493, 0.011215432), (-0.46288133, 0.8863493, 0.011215432), (-0.46288133, 0.8863493, 0.011215432), (-0.46288133, 0.8863493, 0.011215432), (-0.46288133, 0.8863493, 0.011215432), (-0.46288133, 0.8863493, 0.011215432), (-0.46288133, 0.8863493, 0.011215432), (-0.46288133, 0.8863493, 0.011215432), (-0.46288133, 0.8863493, 0.011215432), (-0.46288133, 0.8863493, 0.011215432), (-0.46288127, 0.8863494, 0.011212912), (-0.46288133, 0.8863493, 0.011215432), (-0.46288133, 0.8863493, 0.011213297), (-0.46288133, 0.8863493, 0.011213297), (-0.46288064, 0.8863497, 0.011215327), (-0.46288127, 0.8863494, 0.011212912), (-0.46288064, 0.8863497, 0.011215327), (-0.46288133, 0.8863493, 0.011213297), (-0.46288136, 0.88634926, 0.011216546), (-0.46288136, 0.88634926, 0.011216546), (-0.46288192, 0.88634866, 0.011239232), (-0.46288064, 0.8863497, 0.011215327), (-0.46288133, 0.8863493, 0.011215432), (-0.46288133, 0.8863493, 0.011215432), (-0.46288094, 0.8863495, 0.01121552), (-0.46288094, 0.8863495, 0.01121552), (-0.46288133, 0.8863493, 0.011215432), (-0.46288133, 0.8863493, 0.011215432), (-0.46288133, 0.8863493, 0.011215432), (-0.46288094, 0.8863495, 0.01121552), (-0.46288133, 0.8863493, 0.011215432), (-0.46288133, 0.8863493, 0.011215432), (-0.46288133, 0.8863493, 0.011215432), (-0.46288133, 0.8863493, 0.011215432), (-0.46288136, 0.88634926, 0.011216546), (-0.46288192, 0.88634866, 0.011239232), (-0.46288013, 0.8863499, 0.011215478), (-0.46288013, 0.8863499, 0.011215478), (-0.4628812, 0.88634944, 0.011208248), (-0.46288136, 0.88634926, 0.011216546), (-0.4628812, 0.88634944, 0.011208248), (-0.46288013, 0.8863499, 0.011215478), (-0.4628811, 0.88634956, 0.011203529), (-0.4628811, 0.88634956, 0.011203529), (-0.46288133, 0.8863493, 0.011215432), (-0.4628812, 0.88634944, 0.011208248), (-0.4628811, 0.88634956, 0.011203529), (-0.46288133, 0.8863493, 0.011215432), (-0.4628812, 0.88634944, 0.011208248), (-0.4628812, 0.88634944, 0.011208248), (-0.46288013, 0.8863499, 0.011215554), (-0.4628811, 0.88634956, 0.011203529), (-0.46288013, 0.8863499, 0.011215554), (-0.4628812, 0.88634944, 0.011208248), (-0.46288136, 0.88634926, 0.011216546), (-0.46288136, 0.88634926, 0.011216546), (-0.46288192, 0.88634866, 0.011239232), (-0.46288013, 0.8863499, 0.011215554), (-0.4628811, 0.88634956, 0.011203529), (-0.46288133, 0.8863493, 0.011215432), (-0.4628812, 0.88634944, 0.011208248), (-0.4628812, 0.88634944, 0.011208248), (-0.46288013, 0.8863499, 0.011215478), (-0.4628811, 0.88634956, 0.011203529), (-0.46288013, 0.8863499, 0.011215478), (-0.4628812, 0.88634944, 0.011208248), (-0.46288136, 0.88634926, 0.011216546), (-0.46288136, 0.88634926, 0.011216546), (-0.46288192, 0.88634866, 0.011239232), (-0.46288013, 0.8863499, 0.011215478), (-0.46288133, 0.8863493, 0.011215432), (-0.46288133, 0.8863493, 0.011215432), (-0.46288133, 0.8863493, 0.011215432), (-0.46288133, 0.8863493, 0.011215432), (-0.46288133, 0.8863493, 0.011215432), (-0.46288133, 0.8863493, 0.011215432), (-0.46288133, 0.8863493, 0.011215432), (-0.46288133, 0.8863493, 0.011215432), (-0.46288133, 0.8863493, 0.011215432), (-0.46288133, 0.8863493, 0.011215432), (-0.46288133, 0.8863493, 0.011215432), (-0.46288133, 0.8863493, 0.011215432), (-0.46288133, 0.8863493, 0.011215432), (-0.46288133, 0.8863493, 0.011215432), (-0.46288136, 0.88634926, 0.011216546), (-0.46288136, 0.88634926, 0.011216546), (-0.46288133, 0.8863493, 0.011215432), (-0.46288133, 0.8863493, 0.011215432), (-0.46288133, 0.8863493, 0.011215432), (-0.46288136, 0.88634926, 0.011216546), (-0.4628812, 0.88634944, 0.011208248), (-0.4628812, 0.88634944, 0.011208248), (-0.46288133, 0.8863493, 0.011215432), (-0.46288133, 0.8863493, 0.011215432), (-0.46288133, 0.8863493, 0.011215432), (-0.4628812, 0.88634944, 0.011208248), (-0.46288133, 0.8863493, 0.011215432), (-0.46288133, 0.8863493, 0.011215432), (-0.46288133, 0.8863493, 0.011215432), (-0.46288133, 0.8863493, 0.011215432), (-0.46288133, 0.8863493, 0.011215432), (-0.46288133, 0.8863493, 0.011215432), (-0.46288133, 0.8863493, 0.011215432), (-0.46288133, 0.8863493, 0.011215432), (-0.46288133, 0.8863493, 0.011213297), (-0.46288133, 0.8863493, 0.011215432), (-0.46288133, 0.8863493, 0.011213297), (-0.46288133, 0.8863493, 0.011215432), (-0.46288133, 0.8863493, 0.011215432), (-0.46288133, 0.8863493, 0.011215432), (-0.46288136, 0.88634926, 0.011216546), (-0.46288133, 0.8863493, 0.011213297), (-0.46288133, 0.8863493, 0.011215432), (-0.46288136, 0.88634926, 0.011216546), (-0.4628812, 0.88634944, 0.011208248), (-0.4628812, 0.88634944, 0.011208248), (-0.46288133, 0.8863493, 0.011215432), (-0.46288133, 0.8863493, 0.011215432), (-0.46288133, 0.8863493, 0.011215432), (-0.4628812, 0.88634944, 0.011208248), (-0.46288133, 0.8863493, 0.011215432), (-0.46288133, 0.8863493, 0.011215432), (-0.46288133, 0.8863493, 0.011215432), (-0.46288133, 0.8863493, 0.011215432), (-0.46288133, 0.8863493, 0.011215432), (-0.46288133, 0.8863493, 0.011215432), (-0.46288136, 0.88634926, 0.011216546), (-0.46288136, 0.88634926, 0.011216546), (-0.46288133, 0.8863493, 0.011215432), (-0.46288133, 0.8863493, 0.011215432), (-0.46288133, 0.8863493, 0.011215432), (-0.46288136, 0.88634926, 0.011216546), (-0.4628812, 0.88634944, 0.011208248), (-0.4628812, 0.88634944, 0.011208248), (-0.46288133, 0.8863493, 0.011215432), (-0.46288133, 0.8863493, 0.011215432), (-0.46288133, 0.8863493, 0.011215432), (-0.4628812, 0.88634944, 0.011208248), (-0.46288133, 0.8863493, 0.011215432), (-0.46288133, 0.8863493, 0.011215432), (-0.46288133, 0.8863493, 0.011215432), (-0.46288133, 0.8863493, 0.011215432), (0.4176314, 0.90798694, 0.033821717), (0.16920152, 0.9851374, 0.029585782), (0.82928467, 0.55772185, 0.035117496), (0.82928467, 0.55772185, 0.035117496), (0.82928467, 0.55772185, 0.035117496), (0.4176314, 0.90798694, 0.033821717), (0.88294584, 0.46823075, 0.034158558), (0.82928467, 0.55772185, 0.035117496), (0.82928467, 0.55772185, 0.035117496), (0.82928467, 0.55772185, 0.035117496), (0.8829458, 0.46823072, 0.034158554), (0.88294584, 0.46823075, 0.034158558), (-0.46288094, 0.8863495, 0.01121552), (-0.46288133, 0.8863493, 0.011215432), (-0.025025561, -0.025714552, 0.99935603), (-0.025025561, -0.025714552, 0.99935603), (-0.46288133, 0.8863493, 0.011215432), (-0.46288094, 0.8863495, 0.01121552), (-0.46288094, 0.8863495, 0.01121552), (-0.46288133, 0.8863493, 0.011215432), (-0.46288043, 0.8863498, 0.011215553), (-0.46288043, 0.8863498, 0.011215553), (-0.46288013, 0.8863499, 0.011215554), (-0.46288094, 0.8863495, 0.01121552), (-0.45795336, 0.8843843, -0.09023965), (-0.43908596, 0.8605563, -0.25815952), (-0.3545087, 0.7231424, -0.5927805), (-0.4628747, 0.88635606, 0.0109537), (-0.45795336, 0.8843843, -0.09023965), (-0.4628829, 0.88634765, 0.011281205), (-0.45795336, 0.8843843, -0.09023965), (-0.3545087, 0.7231424, -0.5927805), (-0.4628829, 0.88634765, 0.011281205), (-0.3545087, 0.7231424, -0.5927805), (-0.08431355, 0.23318368, -0.96877074), (-0.46288133, 0.8863493, 0.011215432), (-0.3545087, 0.7231424, -0.5927805), (-0.46288133, 0.8863493, 0.011215432), (-0.4628829, 0.88634765, 0.011281205), (-0.46288133, 0.8863493, 0.011215432), (-0.46288133, 0.8863493, 0.011215432), (-0.10515646, 0.12893675, 0.98606163), (-0.4567615, 0.8581698, 0.23433633), (-0.4635119, 0.8825532, 0.07909886), (-0.4628829, 0.88634765, 0.011281205), (-0.46288133, 0.8863493, 0.011215432), (-0.10515646, 0.12893675, 0.98606163), (-0.40232912, 0.73040515, 0.55194163), (-0.46288133, 0.8863493, 0.011215432), (-0.40232912, 0.73040515, 0.55194163), (-0.4628829, 0.88634765, 0.011281205), (-0.40232912, 0.73040515, 0.55194163), (-0.4567615, 0.8581698, 0.23433633), (-0.4628829, 0.88634765, 0.011281205), (-0.45795324, 0.88438416, -0.090241134), (-0.4390863, 0.8605568, -0.25815746), (-0.35450318, 0.72313297, -0.5927953), (-0.4628747, 0.88635606, 0.0109537), (-0.45795324, 0.88438416, -0.090241134), (-0.4628829, 0.88634765, 0.011281205), (-0.45795324, 0.88438416, -0.090241134), (-0.35450318, 0.72313297, -0.5927953), (-0.4628829, 0.88634765, 0.011281205), (-0.35450318, 0.72313297, -0.5927953), (-0.08429864, 0.23315573, -0.96877867), (-0.46288133, 0.8863493, 0.011215432), (-0.35450318, 0.72313297, -0.5927953), (-0.46288133, 0.8863493, 0.011215432), (-0.4628829, 0.88634765, 0.011281205), (-0.46288133, 0.8863493, 0.011215432), (-0.46288133, 0.8863493, 0.011215432), (-0.13314267, 0.18337111, 0.97398573), (-0.45724624, 0.85954624, 0.22826809), (-0.46351188, 0.8825532, 0.07909839), (-0.4628829, 0.88634765, 0.011281205), (-0.46288133, 0.8863493, 0.011215432), (-0.13314267, 0.18337111, 0.97398573), (-0.40870288, 0.7444352, 0.5279945), (-0.46288133, 0.8863493, 0.011215432), (-0.40870288, 0.7444352, 0.5279945), (-0.4628829, 0.88634765, 0.011281205), (-0.40870288, 0.7444352, 0.5279945), (-0.45724624, 0.85954624, 0.22826809), (-0.4628829, 0.88634765, 0.011281205), (-0.46303105, 0.8791626, 0.11258529), (-0.4525085, 0.84673935, 0.2797655), (-0.38461703, 0.69218796, 0.61069274), (-0.46288788, 0.8863426, 0.011477166), (-0.46303105, 0.8791626, 0.11258529), (-0.4628797, 0.886351, 0.011149661), (-0.46303105, 0.8791626, 0.11258529), (-0.38461703, 0.69218796, 0.61069274), (-0.4628797, 0.886351, 0.011149661), (-0.38461703, 0.69218796, 0.61069274), (-0.1331444, 0.18313204, 0.97403044), (-0.46288136, 0.88634926, 0.011216546), (-0.38461703, 0.69218796, 0.61069274), (-0.46288136, 0.88634926, 0.011216546), (-0.4628797, 0.886351, 0.011149661), (-0.46288136, 0.88634926, 0.011216546), (-0.46288133, 0.8863493, 0.011215432), (-0.084487766, 0.23336224, -0.9687125), (-0.44635934, 0.8707264, -0.20639499), (-0.46011087, 0.88604796, -0.05671985), (-0.4628797, 0.886351, 0.011149661), (-0.46288136, 0.88634926, 0.011216546), (-0.084487766, 0.23336224, -0.9687125), (-0.38276544, 0.77109575, -0.5088241), (-0.46288136, 0.88634926, 0.011216546), (-0.38276544, 0.77109575, -0.5088241), (-0.4628797, 0.886351, 0.011149661), (-0.38276544, 0.77109575, -0.5088241), (-0.44635934, 0.8707264, -0.20639499), (-0.4628797, 0.886351, 0.011149661), (-0.46303105, 0.87916243, 0.112586826), (-0.45250806, 0.8467382, 0.2797693), (-0.3846169, 0.6921877, 0.6106932), (-0.46288788, 0.8863426, 0.011477166), (-0.46303105, 0.87916243, 0.112586826), (-0.4628797, 0.886351, 0.011149661), (-0.46303105, 0.87916243, 0.112586826), (-0.3846169, 0.6921877, 0.6106932), (-0.4628797, 0.886351, 0.011149661), (-0.3846169, 0.6921877, 0.6106932), (-0.13313478, 0.18311322, 0.97403526), (-0.46288136, 0.88634926, 0.011216546), (-0.3846169, 0.6921877, 0.6106932), (-0.46288136, 0.88634926, 0.011216546), (-0.4628797, 0.886351, 0.011149661), (-0.46288136, 0.88634926, 0.011216546), (-0.46288133, 0.8863493, 0.011215432), (-0.08448584, 0.23335874, -0.9687135), (-0.44635978, 0.870727, -0.20639175), (-0.46011066, 0.88604784, -0.05672313), (-0.4628797, 0.886351, 0.011149661), (-0.46288136, 0.88634926, 0.011216546), (-0.08448584, 0.23335874, -0.9687135), (-0.3827617, 0.77108943, -0.5088367), (-0.46288136, 0.88634926, 0.011216546), (-0.3827617, 0.77108943, -0.5088367), (-0.4628797, 0.886351, 0.011149661), (-0.3827617, 0.77108943, -0.5088367), (-0.44635978, 0.870727, -0.20639175), (-0.4628797, 0.886351, 0.011149661), (-0.45795324, 0.88438416, -0.09024114), (-0.43908566, 0.8605559, -0.2581616), (-0.35450873, 0.7231424, -0.5927805), (-0.4628747, 0.88635606, 0.0109537), (-0.45795324, 0.88438416, -0.09024114), (-0.4628829, 0.88634765, 0.011281205), (-0.45795324, 0.88438416, -0.09024114), (-0.35450873, 0.7231424, -0.5927805), (-0.4628829, 0.88634765, 0.011281205), (-0.35450873, 0.7231424, -0.5927805), (-0.08431355, 0.23318365, -0.96877074), (-0.46288133, 0.8863493, 0.011215432), (-0.35450873, 0.7231424, -0.5927805), (-0.46288133, 0.8863493, 0.011215432), (-0.4628829, 0.88634765, 0.011281205), (-0.46288133, 0.8863493, 0.011215432), (-0.46288133, 0.8863493, 0.011215432), (-0.13314812, 0.18338183, 0.97398293), (-0.45724785, 0.8595509, 0.22824714), (-0.46351185, 0.88255286, 0.07910214), (-0.4628829, 0.88634765, 0.011281205), (-0.46288133, 0.8863493, 0.011215432), (-0.13314812, 0.18338183, 0.97398293), (-0.40869966, 0.7444283, 0.52800685), (-0.46288133, 0.8863493, 0.011215432), (-0.40869966, 0.7444283, 0.52800685), (-0.4628829, 0.88634765, 0.011281205), (-0.40869966, 0.7444283, 0.52800685), (-0.45724785, 0.8595509, 0.22824714), (-0.4628829, 0.88634765, 0.011281205), (-0.4579533, 0.8843843, -0.09024111), (-0.43908566, 0.8605559, -0.25816184), (-0.35450757, 0.7231404, -0.5927837), (-0.4628747, 0.88635606, 0.0109537), (-0.4579533, 0.8843843, -0.09024111), (-0.4628829, 0.88634765, 0.011281205), (-0.4579533, 0.8843843, -0.09024111), (-0.35450757, 0.7231404, -0.5927837), (-0.4628829, 0.88634765, 0.011281205), (-0.35450757, 0.7231404, -0.5927837), (-0.08432241, 0.23320022, -0.9687659), (-0.46288133, 0.8863493, 0.011215432), (-0.35450757, 0.7231404, -0.5927837), (-0.46288133, 0.8863493, 0.011215432), (-0.4628829, 0.88634765, 0.011281205), (-0.46288133, 0.8863493, 0.011215432), (-0.46288133, 0.8863493, 0.011215432), (-0.10515985, 0.1289433, 0.9860604), (-0.45676172, 0.85817033, 0.23433444), (-0.46351188, 0.8825531, 0.079099804), (-0.4628829, 0.88634765, 0.011281205), (-0.46288133, 0.8863493, 0.011215432), (-0.10515985, 0.1289433, 0.9860604), (-0.402329, 0.7304048, 0.55194235), (-0.46288133, 0.8863493, 0.011215432), (-0.402329, 0.7304048, 0.55194235), (-0.4628829, 0.88634765, 0.011281205), (-0.402329, 0.7304048, 0.55194235), (-0.45676172, 0.85817033, 0.23433444), (-0.4628829, 0.88634765, 0.011281205), (-0.46303105, 0.8791626, 0.11258534), (-0.45250893, 0.8467405, 0.27976108), (-0.3846157, 0.69218504, 0.61069685), (-0.46288788, 0.8863426, 0.011477166), (-0.46303105, 0.8791626, 0.11258534), (-0.4628797, 0.886351, 0.011149661), (-0.46303105, 0.8791626, 0.11258534), (-0.3846157, 0.69218504, 0.61069685), (-0.4628797, 0.886351, 0.011149661), (-0.3846157, 0.69218504, 0.61069685), (-0.13315298, 0.1831486, 0.97402614), (-0.46288136, 0.88634926, 0.011216546), (-0.3846157, 0.69218504, 0.61069685), (-0.46288136, 0.88634926, 0.011216546), (-0.4628797, 0.886351, 0.011149661), (-0.46288136, 0.88634926, 0.011216546), (-0.46288133, 0.8863493, 0.011215432), (-0.084487766, 0.23336224, -0.9687125), (-0.44635895, 0.8707258, -0.20639822), (-0.4601109, 0.886048, -0.056718912), (-0.4628797, 0.886351, 0.011149661), (-0.46288136, 0.88634926, 0.011216546), (-0.084487766, 0.23336224, -0.9687125), (-0.38276452, 0.7710942, -0.50882727), (-0.46288136, 0.88634926, 0.011216546), (-0.38276452, 0.7710942, -0.50882727), (-0.4628797, 0.886351, 0.011149661), (-0.38276452, 0.7710942, -0.50882727), (-0.44635895, 0.8707258, -0.20639822), (-0.4628797, 0.886351, 0.011149661), (-0.46303108, 0.87916255, 0.11258609), (-0.45250916, 0.8467411, 0.27975902), (-0.38461572, 0.69218504, 0.61069685), (-0.46288788, 0.8863426, 0.011477166), (-0.46303108, 0.87916255, 0.11258609), (-0.4628797, 0.886351, 0.011149661), (-0.46303108, 0.87916255, 0.11258609), (-0.38461572, 0.69218504, 0.61069685), (-0.4628797, 0.886351, 0.011149661), (-0.38461572, 0.69218504, 0.61069685), (-0.13313843, 0.18312028, 0.9740335), (-0.46288136, 0.88634926, 0.011216546), (-0.38461572, 0.69218504, 0.61069685), (-0.46288136, 0.88634926, 0.011216546), (-0.4628797, 0.886351, 0.011149661), (-0.46288136, 0.88634926, 0.011216546), (-0.46288133, 0.8863493, 0.011215432), (-0.08449025, 0.23336686, -0.96871114), (-0.44635913, 0.8707261, -0.2063971), (-0.46011087, 0.88604796, -0.056719836), (-0.4628797, 0.886351, 0.011149661), (-0.46288136, 0.88634926, 0.011216546), (-0.08449025, 0.23336686, -0.96871114), (-0.3827656, 0.771096, -0.5088236), (-0.46288136, 0.88634926, 0.011216546), (-0.3827656, 0.771096, -0.5088236), (-0.4628797, 0.886351, 0.011149661), (-0.3827656, 0.771096, -0.5088236), (-0.44635913, 0.8707261, -0.2063971), (-0.4628797, 0.886351, 0.011149661), (-0.4628829, 0.88634765, 0.011281205), (-0.46288782, 0.8863426, 0.011477169), (-0.46287963, 0.88635105, 0.0111496635), (-0.46287963, 0.88635105, 0.0111496635), (-0.4628747, 0.88635606, 0.0109537), (-0.4628829, 0.88634765, 0.011281205), (-0.4628829, 0.88634765, 0.011281205), (-0.46288782, 0.8863426, 0.011477169), (-0.46287963, 0.88635105, 0.0111496635), (-0.46287963, 0.88635105, 0.0111496635), (-0.4628747, 0.88635606, 0.0109537), (-0.4628829, 0.88634765, 0.011281205), (-0.4628829, 0.88634765, 0.011281205), (-0.46288782, 0.8863426, 0.011477169), (-0.46287963, 0.88635105, 0.0111496635), (-0.46287963, 0.88635105, 0.0111496635), (-0.4628747, 0.88635606, 0.0109537), (-0.4628829, 0.88634765, 0.011281205), (-0.46287963, 0.88635105, 0.0111496635), (-0.4628747, 0.88635606, 0.0109537), (-0.4628829, 0.88634765, 0.011281205), (-0.4628829, 0.88634765, 0.011281205), (-0.46288782, 0.8863426, 0.011477169), (-0.46287963, 0.88635105, 0.0111496635), (-0.20596255, 0.3269009, 0.9223423), (-0.40232912, 0.73040515, 0.55194163), (-0.10515646, 0.12893675, 0.98606163), (-0.105512746, 0.27283156, -0.9562583), (-0.08431355, 0.23318368, -0.96877074), (-0.3545087, 0.7231424, -0.5927805), (-0.105512775, 0.2728316, -0.9562583), (-0.08431355, 0.23318365, -0.96877074), (-0.35450873, 0.7231424, -0.5927805), (-0.2059646, 0.3269049, 0.9223405), (-0.402329, 0.7304048, 0.55194235), (-0.10515985, 0.1289433, 0.9860604), (-0.10551695, 0.27283937, -0.9562557), (-0.08432241, 0.23320022, -0.9687659), (-0.35450757, 0.7231404, -0.5927837), (-0.10550756, 0.2728218, -0.9562617), (-0.08429864, 0.23315573, -0.96877867), (-0.35450318, 0.72313297, -0.5927953), (-0.462883, 0.8863476, 0.011281203), (-0.46288788, 0.8863426, 0.011477166), (-0.4628797, 0.886351, 0.011149661), (-0.4628797, 0.886351, 0.011149661), (-0.46287477, 0.88635606, 0.010953697), (-0.462883, 0.8863476, 0.011281203), (-0.462883, 0.8863476, 0.011281203), (-0.46288788, 0.8863426, 0.011477166), (-0.4628797, 0.886351, 0.011149661), (-0.4628797, 0.886351, 0.011149661), (-0.46287477, 0.88635606, 0.010953697), (-0.462883, 0.8863476, 0.011281203), (-0.462883, 0.8863476, 0.011281203), (-0.46288788, 0.8863426, 0.011477166), (-0.4628797, 0.886351, 0.011149661), (-0.4628797, 0.886351, 0.011149661), (-0.46287477, 0.88635606, 0.010953697), (-0.462883, 0.8863476, 0.011281203), (-0.4628797, 0.886351, 0.011149661), (-0.46287477, 0.88635606, 0.010953697), (-0.462883, 0.8863476, 0.011281203), (-0.462883, 0.8863476, 0.011281203), (-0.46288788, 0.8863426, 0.011477166), (-0.4628797, 0.886351, 0.011149661), (-0.1536722, 0.22341698, 0.962533), (-0.1331444, 0.18313204, 0.97403044), (-0.38461703, 0.69218796, 0.61069274), (-0.15367784, 0.2234279, 0.96252954), (-0.13315298, 0.1831486, 0.97402614), (-0.3846157, 0.69218504, 0.61069685), (-0.15366943, 0.22341141, 0.96253467), (-0.13313843, 0.18312028, 0.9740335), (-0.38461572, 0.69218504, 0.61069685), (-0.15366767, 0.22340815, 0.96253586), (-0.13313478, 0.18311322, 0.97403526), (-0.3846169, 0.6921877, 0.6106932), (-0.46288782, 0.8863426, 0.011477169), (-0.4628829, 0.88634765, 0.011281205), (-0.4635119, 0.8825532, 0.07909886), (-0.4635119, 0.8825532, 0.07909886), (-0.46303168, 0.87916607, 0.11255621), (-0.46288782, 0.8863426, 0.011477169), (-0.46303168, 0.87916607, 0.11255621), (-0.4635119, 0.8825532, 0.07909886), (-0.4567615, 0.8581698, 0.23433633), (-0.4567615, 0.8581698, 0.23433633), (-0.45255926, 0.8467225, 0.27973422), (-0.46303168, 0.87916607, 0.11255621), (-0.45255926, 0.8467225, 0.27973422), (-0.4567615, 0.8581698, 0.23433633), (-0.40232912, 0.73040515, 0.55194163), (-0.40232912, 0.73040515, 0.55194163), (-0.41118348, 0.74987906, 0.5182757), (-0.45255926, 0.8467225, 0.27973422), (-0.40232912, 0.73040515, 0.55194163), (-0.20596255, 0.3269009, 0.9223423), (-0.41118348, 0.74987906, 0.5182757), (-0.4628747, 0.88635606, 0.0109537), (-0.46287963, 0.88635105, 0.0111496635), (-0.46011236, 0.886049, -0.05669235), (-0.46011236, 0.886049, -0.05669235), (-0.45795336, 0.8843843, -0.09023965), (-0.4628747, 0.88635606, 0.0109537), (-0.45795336, 0.8843843, -0.09023965), (-0.46011236, 0.886049, -0.05669235), (-0.45050994, 0.8761186, -0.17163095), (-0.45050994, 0.8761186, -0.17163095), (-0.43908596, 0.8605563, -0.25815952), (-0.45795336, 0.8843843, -0.09023965), (-0.43908596, 0.8605563, -0.25815952), (-0.45050994, 0.8761186, -0.17163095), (-0.40157244, 0.8022389, -0.44176075), (-0.40157244, 0.8022389, -0.44176075), (-0.3545087, 0.7231424, -0.5927805), (-0.43908596, 0.8605563, -0.25815952), (-0.3545087, 0.7231424, -0.5927805), (-0.40157244, 0.8022389, -0.44176075), (-0.105512746, 0.27283156, -0.9562583), (-0.46288782, 0.8863426, 0.011477169), (-0.4628829, 0.88634765, 0.011281205), (-0.46351185, 0.88255286, 0.07910214), (-0.46351185, 0.88255286, 0.07910214), (-0.46303168, 0.8791661, 0.11255476), (-0.46288782, 0.8863426, 0.011477169), (-0.46303168, 0.8791661, 0.11255476), (-0.46351185, 0.88255286, 0.07910214), (-0.45724785, 0.8595509, 0.22824714), (-0.45724785, 0.8595509, 0.22824714), (-0.44776577, 0.83458745, 0.32088873), (-0.46303168, 0.8791661, 0.11255476), (-0.44776577, 0.83458745, 0.32088873), (-0.45724785, 0.8595509, 0.22824714), (-0.40869966, 0.7444283, 0.52800685), (-0.40869966, 0.7444283, 0.52800685), (-0.35124362, 0.62167156, 0.70010895), (-0.44776577, 0.83458745, 0.32088873), (-0.4628747, 0.88635606, 0.0109537), (-0.46287963, 0.88635105, 0.0111496635), (-0.46011233, 0.8860489, -0.05669188), (-0.46011233, 0.8860489, -0.05669188), (-0.45795324, 0.88438416, -0.09024114), (-0.4628747, 0.88635606, 0.0109537), (-0.45795324, 0.88438416, -0.09024114), (-0.46011233, 0.8860489, -0.05669188), (-0.45050943, 0.87611794, -0.1716355), (-0.45050943, 0.87611794, -0.1716355), (-0.43908566, 0.8605559, -0.2581616), (-0.45795324, 0.88438416, -0.09024114), (-0.43908566, 0.8605559, -0.2581616), (-0.45050943, 0.87611794, -0.1716355), (-0.40157244, 0.8022389, -0.4417607), (-0.40157244, 0.8022389, -0.4417607), (-0.35450873, 0.7231424, -0.5927805), (-0.43908566, 0.8605559, -0.2581616), (-0.35450873, 0.7231424, -0.5927805), (-0.40157244, 0.8022389, -0.4417607), (-0.105512775, 0.2728316, -0.9562583), (-0.46288782, 0.8863426, 0.011477169), (-0.4628829, 0.88634765, 0.011281205), (-0.46351188, 0.8825531, 0.079099804), (-0.46351188, 0.8825531, 0.079099804), (-0.46303165, 0.87916595, 0.11255624), (-0.46288782, 0.8863426, 0.011477169), (-0.46303165, 0.87916595, 0.11255624), (-0.46351188, 0.8825531, 0.079099804), (-0.45676172, 0.85817033, 0.23433444), (-0.45676172, 0.85817033, 0.23433444), (-0.45255953, 0.84672314, 0.27973193), (-0.46303165, 0.87916595, 0.11255624), (-0.45255953, 0.84672314, 0.27973193), (-0.45676172, 0.85817033, 0.23433444), (-0.402329, 0.7304048, 0.55194235), (-0.402329, 0.7304048, 0.55194235), (-0.41118285, 0.7498777, 0.518278), (-0.45255953, 0.84672314, 0.27973193), (-0.402329, 0.7304048, 0.55194235), (-0.2059646, 0.3269049, 0.9223405), (-0.41118285, 0.7498777, 0.518278), (-0.4628747, 0.88635606, 0.0109537), (-0.46287963, 0.88635105, 0.0111496635), (-0.46011236, 0.886049, -0.056692343), (-0.46011236, 0.886049, -0.056692343), (-0.4579533, 0.8843843, -0.09024111), (-0.4628747, 0.88635606, 0.0109537), (-0.4579533, 0.8843843, -0.09024111), (-0.46011236, 0.886049, -0.056692343), (-0.45050964, 0.8761182, -0.17163375), (-0.45050964, 0.8761182, -0.17163375), (-0.43908566, 0.8605559, -0.25816184), (-0.4579533, 0.8843843, -0.09024111), (-0.43908566, 0.8605559, -0.25816184), (-0.45050964, 0.8761182, -0.17163375), (-0.40157172, 0.8022377, -0.44176343), (-0.40157172, 0.8022377, -0.44176343), (-0.35450757, 0.7231404, -0.5927837), (-0.43908566, 0.8605559, -0.25816184), (-0.35450757, 0.7231404, -0.5927837), (-0.40157172, 0.8022377, -0.44176343), (-0.10551695, 0.27283937, -0.9562557), (-0.4628747, 0.88635606, 0.0109537), (-0.46287963, 0.88635105, 0.0111496635), (-0.46011227, 0.8860489, -0.05669376), (-0.46011227, 0.8860489, -0.05669376), (-0.45795324, 0.88438416, -0.090241134), (-0.4628747, 0.88635606, 0.0109537), (-0.45795324, 0.88438416, -0.090241134), (-0.46011227, 0.8860489, -0.05669376), (-0.45050994, 0.8761186, -0.17163095), (-0.45050994, 0.8761186, -0.17163095), (-0.4390863, 0.8605568, -0.25815746), (-0.45795324, 0.88438416, -0.090241134), (-0.4390863, 0.8605568, -0.25815746), (-0.45050994, 0.8761186, -0.17163095), (-0.40157244, 0.8022389, -0.4417607), (-0.40157244, 0.8022389, -0.4417607), (-0.35450318, 0.72313297, -0.5927953), (-0.4390863, 0.8605568, -0.25815746), (-0.35450318, 0.72313297, -0.5927953), (-0.40157244, 0.8022389, -0.4417607), (-0.10550756, 0.2728218, -0.9562617), (-0.46288782, 0.8863426, 0.011477169), (-0.4628829, 0.88634765, 0.011281205), (-0.46351188, 0.8825532, 0.07909839), (-0.46351188, 0.8825532, 0.07909839), (-0.46303162, 0.8791658, 0.112557724), (-0.46288782, 0.8863426, 0.011477169), (-0.46303162, 0.8791658, 0.112557724), (-0.46351188, 0.8825532, 0.07909839), (-0.45724624, 0.85954624, 0.22826809), (-0.45724624, 0.85954624, 0.22826809), (-0.44776398, 0.834583, 0.32090315), (-0.46303162, 0.8791658, 0.112557724), (-0.44776398, 0.834583, 0.32090315), (-0.45724624, 0.85954624, 0.22826809), (-0.40870288, 0.7444352, 0.5279945), (-0.40870288, 0.7444352, 0.5279945), (-0.35124955, 0.6216839, 0.700095), (-0.44776398, 0.834583, 0.32090315), (-0.35124362, 0.62167156, 0.70010895), (-0.40869966, 0.7444283, 0.52800685), (-0.13314812, 0.18338183, 0.97398293), (-0.13314812, 0.18338183, 0.97398293), (-0.12574033, 0.16892923, 0.97757477), (-0.35124362, 0.62167156, 0.70010895), (-0.46288133, 0.8863493, 0.011215432), (-0.12574033, 0.16892923, 0.97757477), (-0.13314812, 0.18338183, 0.97398293), (-0.13314812, 0.18338183, 0.97398293), (-0.46288133, 0.8863493, 0.011215432), (-0.46288133, 0.8863493, 0.011215432), (-0.35124955, 0.6216839, 0.700095), (-0.40870288, 0.7444352, 0.5279945), (-0.13314267, 0.18337111, 0.97398573), (-0.13314267, 0.18337111, 0.97398573), (-0.12573272, 0.16891447, 0.9775783), (-0.35124955, 0.6216839, 0.700095), (-0.46288133, 0.8863493, 0.011215432), (-0.12573272, 0.16891447, 0.9775783), (-0.13314267, 0.18337111, 0.97398573), (-0.13314267, 0.18337111, 0.97398573), (-0.46288133, 0.8863493, 0.011215432), (-0.46288133, 0.8863493, 0.011215432), (-0.46288788, 0.8863426, 0.011477166), (-0.462883, 0.8863476, 0.011281203), (-0.463512, 0.8825532, 0.07909886), (-0.463512, 0.8825532, 0.07909886), (-0.46303105, 0.8791626, 0.11258529), (-0.46288788, 0.8863426, 0.011477166), (-0.46303105, 0.8791626, 0.11258529), (-0.463512, 0.8825532, 0.07909886), (-0.4596559, 0.86671185, 0.1937193), (-0.4596559, 0.86671185, 0.1937193), (-0.4525085, 0.84673935, 0.2797655), (-0.46303105, 0.8791626, 0.11258529), (-0.4525085, 0.84673935, 0.2797655), (-0.4596559, 0.86671185, 0.1937193), (-0.4241977, 0.7789887, 0.46177152), (-0.4241977, 0.7789887, 0.46177152), (-0.38461703, 0.69218796, 0.61069274), (-0.4525085, 0.84673935, 0.2797655), (-0.38461703, 0.69218796, 0.61069274), (-0.4241977, 0.7789887, 0.46177152), (-0.1536722, 0.22341698, 0.962533), (-0.46287477, 0.88635606, 0.010953697), (-0.4628797, 0.886351, 0.011149661), (-0.46011087, 0.88604796, -0.05671985), (-0.46011087, 0.88604796, -0.05671985), (-0.4579513, 0.88438237, -0.090268806), (-0.46287477, 0.88635606, 0.010953697), (-0.4579513, 0.88438237, -0.090268806), (-0.46011087, 0.88604796, -0.05671985), (-0.44635934, 0.8707264, -0.20639499), (-0.44635934, 0.8707264, -0.20639499), (-0.4322643, 0.8505212, -0.29960212), (-0.4579513, 0.88438237, -0.090268806), (-0.4322643, 0.8505212, -0.29960212), (-0.44635934, 0.8707264, -0.20639499), (-0.38276544, 0.77109575, -0.5088241), (-0.38276544, 0.77109575, -0.5088241), (-0.31667435, 0.657249, -0.6839161), (-0.4322643, 0.8505212, -0.29960212), (-0.46288788, 0.8863426, 0.011477166), (-0.462883, 0.8863476, 0.011281203), (-0.46351197, 0.8825529, 0.07910214), (-0.46351197, 0.8825529, 0.07910214), (-0.46303105, 0.8791626, 0.11258534), (-0.46288788, 0.8863426, 0.011477166), (-0.46303105, 0.8791626, 0.11258534), (-0.46351197, 0.8825529, 0.07910214), (-0.45965642, 0.8667135, 0.19371046), (-0.45965642, 0.8667135, 0.19371046), (-0.45250893, 0.8467405, 0.27976108), (-0.46303105, 0.8791626, 0.11258534), (-0.45250893, 0.8467405, 0.27976108), (-0.45965642, 0.8667135, 0.19371046), (-0.42419556, 0.77898383, 0.46178156), (-0.42419556, 0.77898383, 0.46178156), (-0.3846157, 0.69218504, 0.61069685), (-0.45250893, 0.8467405, 0.27976108), (-0.3846157, 0.69218504, 0.61069685), (-0.42419556, 0.77898383, 0.46178156), (-0.15367784, 0.2234279, 0.96252954), (-0.46287477, 0.88635606, 0.010953697), (-0.4628797, 0.886351, 0.011149661), (-0.4601109, 0.886048, -0.056718912), (-0.4601109, 0.886048, -0.056718912), (-0.45795122, 0.8843823, -0.090270296), (-0.46287477, 0.88635606, 0.010953697), (-0.45795122, 0.8843823, -0.090270296), (-0.4601109, 0.886048, -0.056718912), (-0.44635895, 0.8707258, -0.20639822), (-0.44635895, 0.8707258, -0.20639822), (-0.4322639, 0.8505206, -0.29960418), (-0.45795122, 0.8843823, -0.090270296), (-0.4322639, 0.8505206, -0.29960418), (-0.44635895, 0.8707258, -0.20639822), (-0.38276452, 0.7710942, -0.50882727), (-0.38276452, 0.7710942, -0.50882727), (-0.31667435, 0.657249, -0.6839161), (-0.4322639, 0.8505206, -0.29960418), (-0.46288788, 0.8863426, 0.011477166), (-0.462883, 0.8863476, 0.011281203), (-0.46351194, 0.882553, 0.07910027), (-0.46351194, 0.882553, 0.07910027), (-0.46303108, 0.87916255, 0.11258609), (-0.46288788, 0.8863426, 0.011477166), (-0.46303108, 0.87916255, 0.11258609), (-0.46351194, 0.882553, 0.07910027), (-0.4596561, 0.8667124, 0.19371651), (-0.4596561, 0.8667124, 0.19371651), (-0.45250916, 0.8467411, 0.27975902), (-0.46303108, 0.87916255, 0.11258609), (-0.45250916, 0.8467411, 0.27975902), (-0.4596561, 0.8667124, 0.19371651), (-0.42419833, 0.77899, 0.46176875), (-0.42419833, 0.77899, 0.46176875), (-0.38461572, 0.69218504, 0.61069685), (-0.45250916, 0.8467411, 0.27975902), (-0.38461572, 0.69218504, 0.61069685), (-0.42419833, 0.77899, 0.46176875), (-0.15366943, 0.22341141, 0.96253467), (-0.46287477, 0.88635606, 0.010953697), (-0.4628797, 0.886351, 0.011149661), (-0.46011087, 0.88604796, -0.056719836), (-0.46011087, 0.88604796, -0.056719836), (-0.45795122, 0.8843823, -0.09027025), (-0.46287477, 0.88635606, 0.010953697), (-0.45795122, 0.8843823, -0.09027025), (-0.46011087, 0.88604796, -0.056719836), (-0.44635913, 0.8707261, -0.2063971), (-0.44635913, 0.8707261, -0.2063971), (-0.43226427, 0.85052115, -0.29960215), (-0.45795122, 0.8843823, -0.09027025), (-0.43226427, 0.85052115, -0.29960215), (-0.44635913, 0.8707261, -0.2063971), (-0.3827656, 0.771096, -0.5088236), (-0.3827656, 0.771096, -0.5088236), (-0.31667495, 0.65725, -0.68391484), (-0.43226427, 0.85052115, -0.29960215), (-0.46287477, 0.88635606, 0.010953697), (-0.4628797, 0.886351, 0.011149661), (-0.46011066, 0.88604784, -0.05672313), (-0.46011066, 0.88604784, -0.05672313), (-0.45795113, 0.8843822, -0.09027179), (-0.46287477, 0.88635606, 0.010953697), (-0.45795113, 0.8843822, -0.09027179), (-0.46011066, 0.88604784, -0.05672313), (-0.44635978, 0.870727, -0.20639175), (-0.44635978, 0.870727, -0.20639175), (-0.4322654, 0.8505228, -0.29959586), (-0.45795113, 0.8843822, -0.09027179), (-0.4322654, 0.8505228, -0.29959586), (-0.44635978, 0.870727, -0.20639175), (-0.3827617, 0.77108943, -0.5088367), (-0.3827617, 0.77108943, -0.5088367), (-0.3166694, 0.6572403, -0.6839267), (-0.4322654, 0.8505228, -0.29959586), (-0.46288788, 0.8863426, 0.011477166), (-0.462883, 0.8863476, 0.011281203), (-0.46351194, 0.88255316, 0.0790984), (-0.46351194, 0.88255316, 0.0790984), (-0.46303105, 0.87916243, 0.112586826), (-0.46288788, 0.8863426, 0.011477166), (-0.46303105, 0.87916243, 0.112586826), (-0.46351194, 0.88255316, 0.0790984), (-0.45965558, 0.86671084, 0.19372405), (-0.45965558, 0.86671084, 0.19372405), (-0.45250806, 0.8467382, 0.2797693), (-0.46303105, 0.87916243, 0.112586826), (-0.45250806, 0.8467382, 0.2797693), (-0.45965558, 0.86671084, 0.19372405), (-0.42419827, 0.77899003, 0.46176875), (-0.42419827, 0.77899003, 0.46176875), (-0.3846169, 0.6921877, 0.6106932), (-0.45250806, 0.8467382, 0.2797693), (-0.3846169, 0.6921877, 0.6106932), (-0.42419827, 0.77899003, 0.46176875), (-0.15366767, 0.22340815, 0.96253586), (-0.31667435, 0.657249, -0.6839161), (-0.38276544, 0.77109575, -0.5088241), (-0.084487766, 0.23336224, -0.9687125), (-0.084487766, 0.23336224, -0.9687125), (-0.076895684, 0.21908695, -0.97267056), (-0.31667435, 0.657249, -0.6839161), (-0.4628811, 0.88634956, 0.011203529), (-0.076895684, 0.21908695, -0.97267056), (-0.084487766, 0.23336224, -0.9687125), (-0.084487766, 0.23336224, -0.9687125), (-0.46288133, 0.8863493, 0.011215432), (-0.4628811, 0.88634956, 0.011203529), (-0.31667435, 0.657249, -0.6839161), (-0.38276452, 0.7710942, -0.50882727), (-0.084487766, 0.23336224, -0.9687125), (-0.084487766, 0.23336224, -0.9687125), (-0.07689957, 0.21909426, -0.9726686), (-0.31667435, 0.657249, -0.6839161), (-0.4628811, 0.88634956, 0.011203529), (-0.07689957, 0.21909426, -0.9726686), (-0.084487766, 0.23336224, -0.9687125), (-0.084487766, 0.23336224, -0.9687125), (-0.46288133, 0.8863493, 0.011215432), (-0.4628811, 0.88634956, 0.011203529), (-0.31667495, 0.65725, -0.68391484), (-0.3827656, 0.771096, -0.5088236), (-0.08449025, 0.23336686, -0.96871114), (-0.08449025, 0.23336686, -0.96871114), (-0.076898925, 0.21909298, -0.97266895), (-0.31667495, 0.65725, -0.68391484), (-0.4628811, 0.88634956, 0.011203529), (-0.076898925, 0.21909298, -0.97266895), (-0.08449025, 0.23336686, -0.96871114), (-0.08449025, 0.23336686, -0.96871114), (-0.46288133, 0.8863493, 0.011215432), (-0.4628811, 0.88634956, 0.011203529), (-0.3166694, 0.6572403, -0.6839267), (-0.3827617, 0.77108943, -0.5088367), (-0.08448584, 0.23335874, -0.9687135), (-0.08448584, 0.23335874, -0.9687135), (-0.076907255, 0.21910888, -0.97266465), (-0.3166694, 0.6572403, -0.6839267), (-0.46288133, 0.8863493, 0.011215432), (-0.076907255, 0.21910888, -0.97266465), (-0.08448584, 0.23335874, -0.9687135), (-0.08448584, 0.23335874, -0.9687135), (-0.46288133, 0.8863493, 0.011215432), (-0.46288133, 0.8863493, 0.011215432), (-0.10515646, 0.12893675, 0.98606163), (-0.46288133, 0.8863493, 0.011215432), (-0.46288133, 0.8863493, 0.011215432), (-0.46288133, 0.8863493, 0.011215432), (-0.20596255, 0.3269009, 0.9223423), (-0.10515646, 0.12893675, 0.98606163), (-0.105512746, 0.27283156, -0.9562583), (-0.46288133, 0.8863493, 0.011215432), (-0.46288133, 0.8863493, 0.011215432), (-0.46288133, 0.8863493, 0.011215432), (-0.08431355, 0.23318368, -0.96877074), (-0.105512746, 0.27283156, -0.9562583), (-0.105512775, 0.2728316, -0.9562583), (-0.46288133, 0.8863493, 0.011215432), (-0.46288133, 0.8863493, 0.011215432), (-0.46288133, 0.8863493, 0.011215432), (-0.08431355, 0.23318365, -0.96877074), (-0.105512775, 0.2728316, -0.9562583), (-0.10515985, 0.1289433, 0.9860604), (-0.46288133, 0.8863493, 0.011215432), (-0.46288133, 0.8863493, 0.011215432), (-0.46288133, 0.8863493, 0.011215432), (-0.2059646, 0.3269049, 0.9223405), (-0.10515985, 0.1289433, 0.9860604), (-0.10551695, 0.27283937, -0.9562557), (-0.46288133, 0.8863493, 0.011215432), (-0.46288133, 0.8863493, 0.011215432), (-0.46288133, 0.8863493, 0.011215432), (-0.08432241, 0.23320022, -0.9687659), (-0.10551695, 0.27283937, -0.9562557), (-0.10550756, 0.2728218, -0.9562617), (-0.46288133, 0.8863493, 0.011215432), (-0.46288133, 0.8863493, 0.011215432), (-0.46288133, 0.8863493, 0.011215432), (-0.08429864, 0.23315573, -0.96877867), (-0.10550756, 0.2728218, -0.9562617), (-0.1536722, 0.22341698, 0.962533), (-0.46288192, 0.88634866, 0.011239232), (-0.46288136, 0.88634926, 0.011216546), (-0.46288136, 0.88634926, 0.011216546), (-0.1331444, 0.18313204, 0.97403044), (-0.1536722, 0.22341698, 0.962533), (-0.15367784, 0.2234279, 0.96252954), (-0.46288192, 0.88634866, 0.011239232), (-0.46288136, 0.88634926, 0.011216546), (-0.46288136, 0.88634926, 0.011216546), (-0.13315298, 0.1831486, 0.97402614), (-0.15367784, 0.2234279, 0.96252954), (-0.15366943, 0.22341141, 0.96253467), (-0.46288192, 0.88634866, 0.011239232), (-0.46288136, 0.88634926, 0.011216546), (-0.46288136, 0.88634926, 0.011216546), (-0.13313843, 0.18312028, 0.9740335), (-0.15366943, 0.22341141, 0.96253467), (-0.15366767, 0.22340815, 0.96253586), (-0.46288192, 0.88634866, 0.011239232), (-0.46288136, 0.88634926, 0.011216546), (-0.46288136, 0.88634926, 0.011216546), (-0.13313478, 0.18311322, 0.97403526), (-0.15366767, 0.22340815, 0.96253586), (-0.025025561, -0.025714552, 0.99935603), (-0.025025561, -0.025714552, 0.99935603), (-0.025025561, -0.025714552, 0.99935603), (-0.025025561, -0.025714552, 0.99935603), (-0.025025561, -0.025714552, 0.99935603), (-0.025025561, -0.025714552, 0.99935603), (0.46288133, -0.8863493, -0.011215496), (0.46288136, -0.88634926, -0.011215431), (-0.46288136, 0.88634926, 0.011215431), (-0.46288136, 0.88634926, 0.011215431), (-0.46288127, 0.8863493, 0.011215597), (0.46288133, -0.8863493, -0.011215496), (0.4628813, -0.8863493, -0.011215384), (0.46288133, -0.8863493, -0.011215496), (-0.46288127, 0.8863493, 0.011215597), (-0.46288127, 0.8863493, 0.011215597), (-0.4628811, 0.88634944, 0.011215148), (0.4628813, -0.8863493, -0.011215384), (0.46288136, -0.88634926, -0.011215431), (0.4628813, -0.8863493, -0.011215384), (-0.4628811, 0.88634944, 0.011215148), (-0.4628811, 0.88634944, 0.011215148), (-0.46288136, 0.8863493, 0.011215263), (0.46288136, -0.88634926, -0.011215431), (0.8860669, 0.4623026, 0.034084175), (0.46288127, -0.8863493, -0.011215487), (0.025025561, 0.025714552, -0.99935603), (0.025025561, 0.025714552, -0.99935603), (0.025025561, 0.025714552, -0.99935603), (0.8860669, 0.4623026, 0.034084175), (0.025025561, 0.025714552, -0.99935603), (0.025025561, 0.025714552, -0.99935603), (0.025025561, 0.025714552, -0.99935603), (0.025025561, 0.025714552, -0.99935603), (0.025025561, 0.025714552, -0.99935603), (0.025025561, 0.025714552, -0.99935603), (0.021055669, 0.034372006, -0.99918735), (0.03159529, 0.0160737, -0.9993715), (0.02949323, 0.016696963, -0.9994256), (0.02949323, 0.016696963, -0.9994256), (0.021312324, 0.029415255, -0.99934006), (0.021055669, 0.034372006, -0.99918735), (0.8860669, 0.4623026, 0.034084175), (0.46288136, -0.88634926, -0.011215431), (0.46288133, -0.8863493, -0.011215496), (0.46288133, -0.8863493, -0.011215496), (0.46288127, -0.8863493, -0.011215487), (0.8860669, 0.4623026, 0.034084175), (0.46288127, -0.8863493, -0.011215487), (0.46288133, -0.8863493, -0.011215496), (0.4628813, -0.8863493, -0.011215384), (0.4628813, -0.8863493, -0.011215384), (-0.025025561, -0.025714552, 0.99935603), (0.46288127, -0.8863493, -0.011215487), (-0.025025561, -0.025714552, 0.99935603), (-0.025025561, -0.025714552, 0.99935603), (0.4628813, -0.8863493, -0.011215384), (0.4628813, -0.8863493, -0.011215384), (0.46288136, -0.88634926, -0.011215431), (-0.025025561, -0.025714552, 0.99935603), (0.7107268, 0.35847715, -0.6052781), (0.5885294, -0.2220655, -0.77738035), (0.3620282, 0.196094, -0.9113082), (0.56703943, 0.309578, -0.76330054), (0.7107268, 0.35847715, -0.6052781), (0.3620282, 0.196094, -0.9113082), (0.3405208, 0.9338915, -0.10905236), (0.030339573, 0.90594554, -0.42230603), (-0.11511297, 0.9925125, -0.040839925), (0.30868348, 0.9469699, 0.08923317), (0.3405208, 0.9338915, -0.10905236), (-0.11511297, 0.9925125, -0.040839925), (-0.91189724, 0.3626525, -0.19216314), (-0.8671488, -0.0023131573, -0.49804375), (-0.9892368, -0.11441777, -0.091210745), (-0.9500822, 0.3092544, 0.041299146), (-0.91189724, 0.3626525, -0.19216314), (-0.9892368, -0.11441777, -0.091210745), (-0.6384461, -0.34357774, -0.6887242), (-0.53985125, -0.7241357, -0.42917156), (-0.8128252, -0.42304406, -0.4004358), (-0.60669214, -0.30170283, -0.7354591), (-0.6384461, -0.34357774, -0.6887242), (-0.8128252, -0.42304406, -0.4004358), (-0.46288136, 0.8863493, 0.011215263), (-0.46288133, 0.8863493, 0.011215432), (-0.46288136, 0.8863493, 0.011215263), (-0.46288136, 0.8863493, 0.011215263), (-0.4628811, 0.88634944, 0.011215148), (-0.46288136, 0.8863493, 0.011215263), (0.8860669, 0.4623026, 0.034084175), (-0.46288136, 0.8863493, 0.011215263), (-0.4628811, 0.88634944, 0.011215148), (-0.4628811, 0.88634944, 0.011215148), (-0.8860669, -0.4623026, -0.034084175), (0.8860669, 0.4623026, 0.034084175), (0.8860669, 0.4623026, 0.034084175), (-0.8860669, -0.4623026, -0.034084175), (-0.4628811, 0.88634944, 0.011215148), (-0.4628811, 0.88634944, 0.011215148), (-0.46288127, 0.8863493, 0.011215597), (0.8860669, 0.4623026, 0.034084175), (-0.46288136, 0.8863493, 0.011215762), (-0.8860669, -0.4623026, -0.034084175), (0.8860669, 0.4623026, 0.034084175), (0.8860669, 0.4623026, 0.034084175), (-0.46288127, 0.8863493, 0.011215597), (-0.46288136, 0.8863493, 0.011215762), (-0.46288136, 0.8863493, 0.0112156), (-0.46288136, 0.8863493, 0.011215762), (-0.46288127, 0.8863493, 0.011215597), (-0.46288127, 0.8863493, 0.011215597), (-0.46288136, 0.88634926, 0.011215431), (-0.46288136, 0.8863493, 0.0112156), (-0.6896853, -0.7170173, -0.10109631), (-0.53985125, -0.7241357, -0.42917156), (-0.21329732, -0.9488174, -0.23291588), (-0.50172925, -0.86494344, -0.011857557), (-0.6896853, -0.7170173, -0.10109631), (-0.21329732, -0.9488174, -0.23291588), (-0.9500822, 0.3092544, 0.041299146), (-0.7538659, 0.6568508, 0.0152758425), (-0.91189724, 0.3626525, -0.19216314), (-0.7538659, 0.6568508, 0.0152758425), (-0.9500822, 0.3092544, 0.041299146), (-0.46463066, 0.8849622, 0.03098812), (-0.46463066, 0.8849622, 0.03098812), (-0.46048298, 0.88614213, -0.052035276), (-0.7538659, 0.6568508, 0.0152758425), (-0.46048298, 0.88614213, -0.052035276), (-0.46463066, 0.8849622, 0.03098812), (-0.46253702, 0.8863711, 0.020150837), (-0.91189724, 0.3626525, -0.19216314), (-0.59954435, 0.4105662, -0.68700945), (-0.8671488, -0.0023131573, -0.49804375), (-0.7538659, 0.6568508, 0.0152758425), (-0.64233637, 0.7098455, -0.28900442), (-0.91189724, 0.3626525, -0.19216314), (-0.59954435, 0.4105662, -0.68700945), (-0.91189724, 0.3626525, -0.19216314), (-0.64233637, 0.7098455, -0.28900442), (-0.64233637, 0.7098455, -0.28900442), (-0.7538659, 0.6568508, 0.0152758425), (-0.46048298, 0.88614213, -0.052035276), (-0.59954435, 0.4105662, -0.68700945), (-0.64233637, 0.7098455, -0.28900442), (-0.40924478, 0.81446034, -0.41130656), (-0.46048298, 0.88614213, -0.052035276), (-0.40924478, 0.81446034, -0.41130656), (-0.64233637, 0.7098455, -0.28900442), (-0.40924478, 0.81446034, -0.41130656), (-0.44981247, 0.8758579, -0.17476173), (-0.29965946, 0.62800574, -0.7182013), (-0.44981247, 0.8758579, -0.17476173), (-0.40924478, 0.81446034, -0.41130656), (-0.46048298, 0.88614213, -0.052035276), (0.030339573, 0.90594554, -0.42230603), (-0.29965946, 0.62800574, -0.7182013), (-0.44981247, 0.8758579, -0.17476173), (-0.46253702, 0.8863711, 0.020150837), (-0.44981247, 0.8758579, -0.17476173), (-0.46048298, 0.88614213, -0.052035276), (-0.46253702, 0.8863711, 0.020150837), (-0.11511297, 0.9925125, -0.040839925), (-0.44981247, 0.8758579, -0.17476173), (-0.44981247, 0.8758579, -0.17476173), (-0.11511297, 0.9925125, -0.040839925), (0.030339573, 0.90594554, -0.42230603), (-0.11511297, 0.9925125, -0.040839925), (-0.46253702, 0.8863711, 0.020150837), (0.30868348, 0.9469699, 0.08923317), (0.30868348, 0.9469699, 0.08923317), (0.6685049, 0.7433475, 0.023143966), (0.3405208, 0.9338915, -0.10905236), (0.6685049, 0.7433475, 0.023143966), (0.30868348, 0.9469699, 0.08923317), (0.8792131, 0.47503778, 0.036381185), (0.8792131, 0.47503778, 0.036381185), (0.88095206, 0.46404043, -0.09268214), (0.6685049, 0.7433475, 0.023143966), (0.88095206, 0.46404043, -0.09268214), (0.8792131, 0.47503778, 0.036381185), (0.889554, 0.45482054, 0.042802144), (0.6685049, 0.7433475, 0.023143966), (0.60974103, 0.693903, -0.38303342), (0.3405208, 0.9338915, -0.10905236), (0.60974103, 0.693903, -0.38303342), (0.6685049, 0.7433475, 0.023143966), (0.88095206, 0.46404043, -0.09268214), (0.3405208, 0.9338915, -0.10905236), (0.60974103, 0.693903, -0.38303342), (0.030339573, 0.90594554, -0.42230603), (0.60974103, 0.693903, -0.38303342), (0.3355414, 0.5414733, -0.7708557), (0.030339573, 0.90594554, -0.42230603), (0.60974103, 0.693903, -0.38303342), (0.56703943, 0.309578, -0.76330054), (0.3355414, 0.5414733, -0.7708557), (0.88095206, 0.46404043, -0.09268214), (0.56703943, 0.309578, -0.76330054), (0.60974103, 0.693903, -0.38303342), (0.56703943, 0.309578, -0.76330054), (0.8344403, 0.4407398, -0.33084428), (0.7107268, 0.35847715, -0.6052781), (0.8344403, 0.4407398, -0.33084428), (0.56703943, 0.309578, -0.76330054), (0.88095206, 0.46404043, -0.09268214), (0.88095206, 0.46404043, -0.09268214), (0.8893134, 0.45706964, -0.014462375), (0.8344403, 0.4407398, -0.33084428), (0.889554, 0.45482054, 0.042802144), (0.8893134, 0.45706964, -0.014462375), (0.88095206, 0.46404043, -0.09268214), (0.7107268, 0.35847715, -0.6052781), (0.9038053, -0.24373978, -0.35174838), (0.5885294, -0.2220655, -0.77738035), (0.9038053, -0.24373978, -0.35174838), (0.7107268, 0.35847715, -0.6052781), (0.9590383, 0.17537667, -0.22246018), (0.8344403, 0.4407398, -0.33084428), (0.9590383, 0.17537667, -0.22246018), (0.7107268, 0.35847715, -0.6052781), (0.9590383, 0.17537667, -0.22246018), (0.8344403, 0.4407398, -0.33084428), (0.8893134, 0.45706964, -0.014462375), (0.8893134, 0.45706964, -0.014462375), (0.9995196, -0.030565757, -0.005133777), (0.9590383, 0.17537667, -0.22246018), (0.9038053, -0.24373978, -0.35174838), (0.9590383, 0.17537667, -0.22246018), (0.9995196, -0.030565757, -0.005133777), (0.889554, 0.45482054, 0.042802144), (0.9995196, -0.030565757, -0.005133777), (0.8893134, 0.45706964, -0.014462375), (0.9995196, -0.030565757, -0.005133777), (0.889554, 0.45482054, 0.042802144), (0.94296676, -0.32872087, 0.052501816), (0.94296676, -0.32872087, 0.052501816), (0.801562, -0.5969874, -0.03323388), (0.9995196, -0.030565757, -0.005133777), (0.801562, -0.5969874, -0.03323388), (0.94296676, -0.32872087, 0.052501816), (0.46397665, -0.88577926, -0.010989658), (0.9038053, -0.24373978, -0.35174838), (0.9995196, -0.030565757, -0.005133777), (0.801562, -0.5969874, -0.03323388), (0.46397665, -0.88577926, -0.010989658), (0.46246138, -0.8759211, -0.13744766), (0.801562, -0.5969874, -0.03323388), (0.46246138, -0.8759211, -0.13744766), (0.46397665, -0.88577926, -0.010989658), (0.46271476, -0.8864362, -0.011221839), (0.801562, -0.5969874, -0.03323388), (0.67044574, -0.61461323, -0.4156358), (0.9038053, -0.24373978, -0.35174838), (0.67044574, -0.61461323, -0.4156358), (0.801562, -0.5969874, -0.03323388), (0.46246138, -0.8759211, -0.13744766), (0.5885294, -0.2220655, -0.77738035), (0.9038053, -0.24373978, -0.35174838), (0.67044574, -0.61461323, -0.4156358), (0.67044574, -0.61461323, -0.4156358), (0.3062813, -0.52797484, -0.7921076), (0.5885294, -0.2220655, -0.77738035), (0.46246138, -0.8759211, -0.13744766), (0.3062813, -0.52797484, -0.7921076), (0.67044574, -0.61461323, -0.4156358), (0.3062813, -0.52797484, -0.7921076), (0.43534935, -0.80487216, -0.40330106), (0.2731365, -0.46183354, -0.8438639), (0.43534935, -0.80487216, -0.40330106), (0.3062813, -0.52797484, -0.7921076), (0.46246138, -0.8759211, -0.13744766), (-0.05041253, -0.7262619, -0.6855672), (0.2731365, -0.46183354, -0.8438639), (0.43534935, -0.80487216, -0.40330106), (0.46246138, -0.8759211, -0.13744766), (0.46281484, -0.88441867, -0.06005094), (0.43534935, -0.80487216, -0.40330106), (0.46271476, -0.8864362, -0.011221839), (0.46281484, -0.88441867, -0.06005094), (0.46246138, -0.8759211, -0.13744766), (0.43534935, -0.80487216, -0.40330106), (0.1290914, -0.9377699, -0.32237113), (-0.05041253, -0.7262619, -0.6855672), (0.1290914, -0.9377699, -0.32237113), (0.43534935, -0.80487216, -0.40330106), (0.46281484, -0.88441867, -0.06005094), (0.46281484, -0.88441867, -0.06005094), (0.46271476, -0.8864362, -0.011221839), (0.054716863, -0.9982059, -0.024314754), (0.1290914, -0.9377699, -0.32237113), (-0.21329732, -0.9488174, -0.23291588), (-0.05041253, -0.7262619, -0.6855672), (-0.53985125, -0.7241357, -0.42917156), (-0.05041253, -0.7262619, -0.6855672), (-0.21329732, -0.9488174, -0.23291588), (-0.21329732, -0.9488174, -0.23291588), (0.1290914, -0.9377699, -0.32237113), (0.46281484, -0.88441867, -0.06005094), (0.054716863, -0.9982059, -0.024314754), (-0.06963292, -0.9958009, -0.059429616), (0.46281484, -0.88441867, -0.06005094), (0.46281484, -0.88441867, -0.06005094), (-0.06963292, -0.9958009, -0.059429616), (-0.21329732, -0.9488174, -0.23291588), (-0.06963292, -0.9958009, -0.059429616), (0.054716863, -0.9982059, -0.024314754), (-0.50172925, -0.86494344, -0.011857557), (-0.50172925, -0.86494344, -0.011857557), (-0.21329732, -0.9488174, -0.23291588), (-0.06963292, -0.9958009, -0.059429616), (-0.6896853, -0.7170173, -0.10109631), (-0.50172925, -0.86494344, -0.011857557), (-0.88099056, -0.47200704, -0.032636173), (-0.88099056, -0.47200704, -0.032636173), (-0.8823096, -0.4643354, -0.07695755), (-0.6896853, -0.7170173, -0.10109631), (-0.8823096, -0.4643354, -0.07695755), (-0.88099056, -0.47200704, -0.032636173), (-0.8896526, -0.4554178, -0.03336116), (-0.53985125, -0.7241357, -0.42917156), (-0.6896853, -0.7170173, -0.10109631), (-0.8823096, -0.4643354, -0.07695755), (-0.8823096, -0.4643354, -0.07695755), (-0.8128252, -0.42304406, -0.4004358), (-0.53985125, -0.7241357, -0.42917156), (-0.8128252, -0.42304406, -0.4004358), (-0.87256557, -0.4469122, -0.19722794), (-0.60669214, -0.30170283, -0.7354591), (-0.87256557, -0.4469122, -0.19722794), (-0.8128252, -0.42304406, -0.4004358), (-0.8823096, -0.4643354, -0.07695755), (-0.8671488, -0.0023131573, -0.49804375), (-0.60669214, -0.30170283, -0.7354591), (-0.87256557, -0.4469122, -0.19722794), (-0.8896526, -0.4554178, -0.03336116), (-0.87256557, -0.4469122, -0.19722794), (-0.8823096, -0.4643354, -0.07695755), (-0.8896526, -0.4554178, -0.03336116), (-0.9892368, -0.11441777, -0.091210745), (-0.87256557, -0.4469122, -0.19722794), (-0.87256557, -0.4469122, -0.19722794), (-0.9892368, -0.11441777, -0.091210745), (-0.8671488, -0.0023131573, -0.49804375), (-0.9892368, -0.11441777, -0.091210745), (-0.8896526, -0.4554178, -0.03336116), (-0.9500822, 0.3092544, 0.041299146), (0.030339573, 0.90594554, -0.42230603), (0.3355414, 0.5414733, -0.7708557), (-0.014646513, 0.53301334, -0.8459801), (-0.014646513, 0.53301334, -0.8459801), (-0.29965946, 0.62800574, -0.7182013), (0.030339573, 0.90594554, -0.42230603), (0.021055669, 0.034372006, -0.99918735), (-0.29965946, 0.62800574, -0.7182013), (-0.014646513, 0.53301334, -0.8459801), (-0.014646513, 0.53301334, -0.8459801), (0.3355414, 0.5414733, -0.7708557), (0.021055669, 0.034372006, -0.99918735), (-0.29965946, 0.62800574, -0.7182013), (-0.17308696, 0.39786607, -0.90096813), (-0.40924478, 0.81446034, -0.41130656), (-0.17308696, 0.39786607, -0.90096813), (-0.29965946, 0.62800574, -0.7182013), (0.021055669, 0.034372006, -0.99918735), (-0.59954435, 0.4105662, -0.68700945), (-0.40924478, 0.81446034, -0.41130656), (-0.17308696, 0.39786607, -0.90096813), (0.021055669, 0.034372006, -0.99918735), (0.021312324, 0.029415255, -0.99934006), (-0.17308696, 0.39786607, -0.90096813), (-0.59954435, 0.4105662, -0.68700945), (-0.17308696, 0.39786607, -0.90096813), (0.021312324, 0.029415255, -0.99934006), (0.021312324, 0.029415255, -0.99934006), (-0.48049363, 0.10285778, -0.8709456), (-0.59954435, 0.4105662, -0.68700945), (-0.8671488, -0.0023131573, -0.49804375), (-0.59954435, 0.4105662, -0.68700945), (-0.48049363, 0.10285778, -0.8709456), (-0.48049363, 0.10285778, -0.8709456), (-0.60669214, -0.30170283, -0.7354591), (-0.8671488, -0.0023131573, -0.49804375), (0.021312324, 0.029415255, -0.99934006), (-0.60669214, -0.30170283, -0.7354591), (-0.48049363, 0.10285778, -0.8709456), (-0.60669214, -0.30170283, -0.7354591), (-0.29098314, -0.13901098, -0.9465754), (-0.6384461, -0.34357774, -0.6887242), (-0.29098314, -0.13901098, -0.9465754), (-0.60669214, -0.30170283, -0.7354591), (0.021312324, 0.029415255, -0.99934006), (0.021312324, 0.029415255, -0.99934006), (0.02949323, 0.016696963, -0.9994256), (-0.29098314, -0.13901098, -0.9465754), (-0.6384461, -0.34357774, -0.6887242), (-0.29098314, -0.13901098, -0.9465754), (0.02949323, 0.016696963, -0.9994256), (0.02949323, 0.016696963, -0.9994256), (-0.2800206, -0.33917898, -0.8980792), (-0.6384461, -0.34357774, -0.6887242), (-0.6384461, -0.34357774, -0.6887242), (-0.05041253, -0.7262619, -0.6855672), (-0.53985125, -0.7241357, -0.42917156), (-0.05041253, -0.7262619, -0.6855672), (-0.6384461, -0.34357774, -0.6887242), (-0.2800206, -0.33917898, -0.8980792), (-0.05041253, -0.7262619, -0.6855672), (-0.2800206, -0.33917898, -0.8980792), (0.02949323, 0.016696963, -0.9994256), (0.02949323, 0.016696963, -0.9994256), (0.2731365, -0.46183354, -0.8438639), (-0.05041253, -0.7262619, -0.6855672), (0.3062813, -0.52797484, -0.7921076), (0.2731365, -0.46183354, -0.8438639), (0.02949323, 0.016696963, -0.9994256), (0.02949323, 0.016696963, -0.9994256), (0.03159529, 0.0160737, -0.9993715), (0.3062813, -0.52797484, -0.7921076), (0.5885294, -0.2220655, -0.77738035), (0.3062813, -0.52797484, -0.7921076), (0.03159529, 0.0160737, -0.9993715), (0.03159529, 0.0160737, -0.9993715), (0.3620282, 0.196094, -0.9113082), (0.5885294, -0.2220655, -0.77738035), (0.56703943, 0.309578, -0.76330054), (0.3620282, 0.196094, -0.9113082), (0.03159529, 0.0160737, -0.9993715), (0.03159529, 0.0160737, -0.9993715), (0.021055669, 0.034372006, -0.99918735), (0.56703943, 0.309578, -0.76330054), (0.3355414, 0.5414733, -0.7708557), (0.56703943, 0.309578, -0.76330054), (0.021055669, 0.034372006, -0.99918735), (0.025219522, 0.029433371, -0.9992486), (0.031517647, 0.024711294, -0.99919766), (0.025878455, 0.022325763, -0.9994159), (0.025878455, 0.022325763, -0.9994159), (0.018849486, 0.024403093, -0.9995245), (0.025219522, 0.029433371, -0.9992486), (0.8860669, 0.4623026, 0.034084175), (-0.8860669, -0.4623026, -0.034084175), (-0.8860669, -0.4623026, -0.034084175), (0.8860669, 0.4623026, 0.034084175), (-0.8860669, -0.4623026, -0.034084175), (-0.8860669, -0.4623026, -0.034084175), (-0.8860669, -0.4623026, -0.034084175), (-0.8860669, -0.4623026, -0.034084175), (-0.8860669, -0.4623026, -0.034084175), (-0.8860669, -0.4623026, -0.034084175), (0.8860669, 0.4623026, 0.034084175), (-0.8860669, -0.4623026, -0.034084175), (0.7047798, 0.36873928, -0.6060667), (0.588536, -0.22204572, -0.777381), (0.3610753, 0.19858287, -0.91114736), (0.567575, 0.3073352, -0.7638088), (0.7047798, 0.36873928, -0.6060667), (0.3610753, 0.19858287, -0.91114736), (0.34054178, 0.9338861, -0.10903272), (0.030348795, 0.90595764, -0.4222794), (-0.11508707, 0.99251556, -0.040839057), (0.3087092, 0.94696426, 0.08920396), (0.34054178, 0.9338861, -0.10903272), (-0.11508707, 0.99251556, -0.040839057), (-0.91190124, 0.36264402, -0.19216008), (-0.8671489, -0.0023308124, -0.4980438), (-0.98923314, -0.114451975, -0.091207445), (-0.9500848, 0.3092476, 0.041289296), (-0.91190124, 0.36264402, -0.19216008), (-0.98923314, -0.114451975, -0.091207445), (-0.6481568, -0.33635524, -0.6831969), (-0.53986955, -0.72412777, -0.42916182), (-0.81372213, -0.4210909, -0.40067282), (-0.60458624, -0.30447438, -0.73605084), (-0.6481568, -0.33635524, -0.6831969), (-0.81372213, -0.4210909, -0.40067282), (-0.025025561, -0.025714552, 0.99935603), (-0.025025561, -0.025714552, 0.99935603), (-0.46288133, 0.8863493, 0.011215432), (-0.46288133, 0.8863493, 0.011215432), (-0.46288136, 0.8863493, 0.011215263), (-0.025025561, -0.025714552, 0.99935603), (-0.8860669, -0.4623026, -0.034084175), (-0.025025561, -0.025714552, 0.99935603), (-0.46288136, 0.8863493, 0.011215263), (-0.46288136, 0.8863493, 0.011215263), (0.8860669, 0.4623026, 0.034084175), (-0.8860669, -0.4623026, -0.034084175), (0.025025561, 0.025714552, -0.99935603), (-0.8860669, -0.4623026, -0.034084175), (-0.8860669, -0.4623026, -0.034084175), (-0.8860669, -0.4623026, -0.034084175), (-0.46288136, 0.8863493, 0.011215762), (0.025025561, 0.025714552, -0.99935603), (0.025025561, 0.025714552, -0.99935603), (0.025025561, 0.025714552, -0.99935603), (-0.46288136, 0.8863493, 0.011215762), (-0.46288136, 0.8863493, 0.011215762), (-0.46288136, 0.8863493, 0.0112156), (0.025025561, 0.025714552, -0.99935603), (-0.68968135, -0.7170241, -0.10107467), (-0.53986955, -0.72412777, -0.42916182), (-0.21330073, -0.9488202, -0.23290156), (-0.50173986, -0.8649373, -0.011855814), (-0.68968135, -0.7170241, -0.10107467), (-0.21330073, -0.9488202, -0.23290156), (-0.9500848, 0.3092476, 0.041289296), (-0.7538689, 0.6568473, 0.015279787), (-0.91190124, 0.36264402, -0.19216008), (-0.7538689, 0.6568473, 0.015279787), (-0.9500848, 0.3092476, 0.041289296), (-0.46843472, 0.88294387, 0.031289496), (-0.46843472, 0.88294387, 0.031289496), (-0.46080562, 0.8859741, -0.052039508), (-0.7538689, 0.6568473, 0.015279787), (-0.46080562, 0.8859741, -0.052039508), (-0.46843472, 0.88294387, 0.031289496), (-0.4609664, 0.88718474, 0.020326128), (-0.91190124, 0.36264402, -0.19216008), (-0.59954, 0.41056678, -0.687013), (-0.8671489, -0.0023308124, -0.4980438), (-0.7538689, 0.6568473, 0.015279787), (-0.64234006, 0.7098446, -0.2889983), (-0.91190124, 0.36264402, -0.19216008), (-0.59954, 0.41056678, -0.687013), (-0.91190124, 0.36264402, -0.19216008), (-0.64234006, 0.7098446, -0.2889983), (-0.64234006, 0.7098446, -0.2889983), (-0.7538689, 0.6568473, 0.015279787), (-0.46080562, 0.8859741, -0.052039508), (-0.59954, 0.41056678, -0.687013), (-0.64234006, 0.7098446, -0.2889983), (-0.40946534, 0.8142167, -0.41156948), (-0.46080562, 0.8859741, -0.052039508), (-0.40946534, 0.8142167, -0.41156948), (-0.64234006, 0.7098446, -0.2889983), (-0.40946534, 0.8142167, -0.41156948), (-0.44880646, 0.876361, -0.17482653), (-0.29901668, 0.6288001, -0.71777403), (-0.44880646, 0.876361, -0.17482653), (-0.40946534, 0.8142167, -0.41156948), (-0.46080562, 0.8859741, -0.052039508), (0.030348795, 0.90595764, -0.4222794), (-0.29901668, 0.6288001, -0.71777403), (-0.44880646, 0.876361, -0.17482653), (-0.4609664, 0.88718474, 0.020326128), (-0.44880646, 0.876361, -0.17482653), (-0.46080562, 0.8859741, -0.052039508), (-0.4609664, 0.88718474, 0.020326128), (-0.11508707, 0.99251556, -0.040839057), (-0.44880646, 0.876361, -0.17482653), (-0.44880646, 0.876361, -0.17482653), (-0.11508707, 0.99251556, -0.040839057), (0.030348795, 0.90595764, -0.4222794), (-0.11508707, 0.99251556, -0.040839057), (-0.4609664, 0.88718474, 0.020326128), (0.3087092, 0.94696426, 0.08920396), (0.3087092, 0.94696426, 0.08920396), (0.6685127, 0.7433409, 0.023131482), (0.34054178, 0.9338861, -0.10903272), (0.6685127, 0.7433409, 0.023131482), (0.3087092, 0.94696426, 0.08920396), (0.8837369, 0.46668312, 0.034872934), (0.8837369, 0.46668312, 0.034872934), (0.8817308, 0.46257675, -0.092593364), (0.6685127, 0.7433409, 0.023131482), (0.8817308, 0.46257675, -0.092593364), (0.8837369, 0.46668312, 0.034872934), (0.88707703, 0.459622, 0.04291858), (0.6685127, 0.7433409, 0.023131482), (0.60978997, 0.6938984, -0.38296372), (0.34054178, 0.9338861, -0.10903272), (0.60978997, 0.6938984, -0.38296372), (0.6685127, 0.7433409, 0.023131482), (0.8817308, 0.46257675, -0.092593364), (0.34054178, 0.9338861, -0.10903272), (0.60978997, 0.6938984, -0.38296372), (0.030348795, 0.90595764, -0.4222794), (0.60978997, 0.6938984, -0.38296372), (0.33557674, 0.5414591, -0.7708504), (0.030348795, 0.90595764, -0.4222794), (0.60978997, 0.6938984, -0.38296372), (0.567575, 0.3073352, -0.7638088), (0.33557674, 0.5414591, -0.7708504), (0.8817308, 0.46257675, -0.092593364), (0.567575, 0.3073352, -0.7638088), (0.60978997, 0.6938984, -0.38296372), (0.567575, 0.3073352, -0.7638088), (0.8346235, 0.44031528, -0.33094725), (0.7047798, 0.36873928, -0.6060667), (0.8346235, 0.44031528, -0.33094725), (0.567575, 0.3073352, -0.7638088), (0.8817308, 0.46257675, -0.092593364), (0.8817308, 0.46257675, -0.092593364), (0.8872713, 0.46101415, -0.014685349), (0.8346235, 0.44031528, -0.33094725), (0.88707703, 0.459622, 0.04291858), (0.8872713, 0.46101415, -0.014685349), (0.8817308, 0.46257675, -0.092593364), (0.7047798, 0.36873928, -0.6060667), (0.9038106, -0.24372108, -0.3517478), (0.588536, -0.22204572, -0.777381), (0.9038106, -0.24372108, -0.3517478), (0.7047798, 0.36873928, -0.6060667), (0.95901847, 0.17542073, -0.22251135), (0.8346235, 0.44031528, -0.33094725), (0.95901847, 0.17542073, -0.22251135), (0.7047798, 0.36873928, -0.6060667), (0.95901847, 0.17542073, -0.22251135), (0.8346235, 0.44031528, -0.33094725), (0.8872713, 0.46101415, -0.014685349), (0.8872713, 0.46101415, -0.014685349), (0.9995196, -0.030572267, -0.005100955), (0.95901847, 0.17542073, -0.22251135), (0.9038106, -0.24372108, -0.3517478), (0.95901847, 0.17542073, -0.22251135), (0.9995196, -0.030572267, -0.005100955), (0.88707703, 0.459622, 0.04291858), (0.9995196, -0.030572267, -0.005100955), (0.8872713, 0.46101415, -0.014685349), (0.9995196, -0.030572267, -0.005100955), (0.88707703, 0.459622, 0.04291858), (0.94296056, -0.32873365, 0.05253229), (0.94296056, -0.32873365, 0.05253229), (0.80155236, -0.5970012, -0.03321805), (0.9995196, -0.030572267, -0.005100955), (0.80155236, -0.5970012, -0.03321805), (0.94296056, -0.32873365, 0.05253229), (0.46707878, -0.8841552, -0.010349421), (0.9038106, -0.24372108, -0.3517478), (0.9995196, -0.030572267, -0.005100955), (0.80155236, -0.5970012, -0.03321805), (0.46707878, -0.8841552, -0.010349421), (0.46283805, -0.8757434, -0.13731161), (0.80155236, -0.5970012, -0.03321805), (0.46283805, -0.8757434, -0.13731161), (0.46707878, -0.8841552, -0.010349421), (0.4622361, -0.8866857, -0.011240246), (0.80155236, -0.5970012, -0.03321805), (0.6704285, -0.6146488, -0.41561106), (0.9038106, -0.24372108, -0.3517478), (0.6704285, -0.6146488, -0.41561106), (0.80155236, -0.5970012, -0.03321805), (0.46283805, -0.8757434, -0.13731161), (0.588536, -0.22204572, -0.777381), (0.9038106, -0.24372108, -0.3517478), (0.6704285, -0.6146488, -0.41561106), (0.6704285, -0.6146488, -0.41561106), (0.30704993, -0.5275638, -0.792084), (0.588536, -0.22204572, -0.777381), (0.46283805, -0.8757434, -0.13731161), (0.30704993, -0.5275638, -0.792084), (0.6704285, -0.6146488, -0.41561106), (0.30704993, -0.5275638, -0.792084), (0.43508396, -0.8049225, -0.4034869), (0.2725149, -0.46220925, -0.84385914), (0.43508396, -0.8049225, -0.4034869), (0.30704993, -0.5275638, -0.792084), (0.46283805, -0.8757434, -0.13731161), (-0.050395787, -0.7262444, -0.685587), (0.2725149, -0.46220925, -0.84385914), (0.43508396, -0.8049225, -0.4034869), (0.46283805, -0.8757434, -0.13731161), (0.4607145, -0.88550687, -0.060165193), (0.43508396, -0.8049225, -0.4034869), (0.4622361, -0.8866857, -0.011240246), (0.4607145, -0.88550687, -0.060165193), (0.46283805, -0.8757434, -0.13731161), (0.43508396, -0.8049225, -0.4034869), (0.1291074, -0.937763, -0.32238495), (-0.050395787, -0.7262444, -0.685587), (0.1291074, -0.937763, -0.32238495), (0.43508396, -0.8049225, -0.4034869), (0.4607145, -0.88550687, -0.060165193), (0.4607145, -0.88550687, -0.060165193), (0.4622361, -0.8866857, -0.011240246), (0.05471958, -0.99820566, -0.024314681), (0.1291074, -0.937763, -0.32238495), (-0.21330073, -0.9488202, -0.23290156), (-0.050395787, -0.7262444, -0.685587), (-0.53986955, -0.72412777, -0.42916182), (-0.050395787, -0.7262444, -0.685587), (-0.21330073, -0.9488202, -0.23290156), (-0.21330073, -0.9488202, -0.23290156), (0.1291074, -0.937763, -0.32238495), (0.4607145, -0.88550687, -0.060165193), (0.05471958, -0.99820566, -0.024314681), (-0.06962482, -0.99580246, -0.059412304), (0.4607145, -0.88550687, -0.060165193), (0.4607145, -0.88550687, -0.060165193), (-0.06962482, -0.99580246, -0.059412304), (-0.21330073, -0.9488202, -0.23290156), (-0.06962482, -0.99580246, -0.059412304), (0.05471958, -0.99820566, -0.024314681), (-0.50173986, -0.8649373, -0.011855814), (-0.50173986, -0.8649373, -0.011855814), (-0.21330073, -0.9488202, -0.23290156), (-0.06962482, -0.99580246, -0.059412304), (-0.68968135, -0.7170241, -0.10107467), (-0.50173986, -0.8649373, -0.011855814), (-0.8843374, -0.4656386, -0.03358813), (-0.8843374, -0.4656386, -0.03358813), (-0.88363653, -0.462026, -0.075620696), (-0.68968135, -0.7170241, -0.10107467), (-0.88363653, -0.462026, -0.075620696), (-0.8843374, -0.4656386, -0.03358813), (-0.88727736, -0.45999327, -0.033841122), (-0.53986955, -0.72412777, -0.42916182), (-0.68968135, -0.7170241, -0.10107467), (-0.88363653, -0.462026, -0.075620696), (-0.88363653, -0.462026, -0.075620696), (-0.81372213, -0.4210909, -0.40067282), (-0.53986955, -0.72412777, -0.42916182), (-0.81372213, -0.4210909, -0.40067282), (-0.87097573, -0.45026252, -0.1966343), (-0.60458624, -0.30447438, -0.73605084), (-0.87097573, -0.45026252, -0.1966343), (-0.81372213, -0.4210909, -0.40067282), (-0.88363653, -0.462026, -0.075620696), (-0.8671489, -0.0023308124, -0.4980438), (-0.60458624, -0.30447438, -0.73605084), (-0.87097573, -0.45026252, -0.1966343), (-0.88727736, -0.45999327, -0.033841122), (-0.87097573, -0.45026252, -0.1966343), (-0.88363653, -0.462026, -0.075620696), (-0.88727736, -0.45999327, -0.033841122), (-0.98923314, -0.114451975, -0.091207445), (-0.87097573, -0.45026252, -0.1966343), (-0.87097573, -0.45026252, -0.1966343), (-0.98923314, -0.114451975, -0.091207445), (-0.8671489, -0.0023308124, -0.4980438), (-0.98923314, -0.114451975, -0.091207445), (-0.88727736, -0.45999327, -0.033841122), (-0.9500848, 0.3092476, 0.041289296), (0.030348795, 0.90595764, -0.4222794), (0.33557674, 0.5414591, -0.7708504), (-0.014656359, 0.5330122, -0.84598064), (-0.014656359, 0.5330122, -0.84598064), (-0.29901668, 0.6288001, -0.71777403), (0.030348795, 0.90595764, -0.4222794), (0.025219522, 0.029433371, -0.9992486), (-0.29901668, 0.6288001, -0.71777403), (-0.014656359, 0.5330122, -0.84598064), (-0.014656359, 0.5330122, -0.84598064), (0.33557674, 0.5414591, -0.7708504), (0.025219522, 0.029433371, -0.9992486), (-0.29901668, 0.6288001, -0.71777403), (-0.17351598, 0.39780673, -0.9009118), (-0.40946534, 0.8142167, -0.41156948), (-0.17351598, 0.39780673, -0.9009118), (-0.29901668, 0.6288001, -0.71777403), (0.025219522, 0.029433371, -0.9992486), (-0.59954, 0.41056678, -0.687013), (-0.40946534, 0.8142167, -0.41156948), (-0.17351598, 0.39780673, -0.9009118), (0.025219522, 0.029433371, -0.9992486), (0.018849486, 0.024403093, -0.9995245), (-0.17351598, 0.39780673, -0.9009118), (-0.59954, 0.41056678, -0.687013), (-0.17351598, 0.39780673, -0.9009118), (0.018849486, 0.024403093, -0.9995245), (0.018849486, 0.024403093, -0.9995245), (-0.48049515, 0.10287655, -0.87094253), (-0.59954, 0.41056678, -0.687013), (-0.8671489, -0.0023308124, -0.4980438), (-0.59954, 0.41056678, -0.687013), (-0.48049515, 0.10287655, -0.87094253), (-0.48049515, 0.10287655, -0.87094253), (-0.60458624, -0.30447438, -0.73605084), (-0.8671489, -0.0023308124, -0.4980438), (0.018849486, 0.024403093, -0.9995245), (-0.60458624, -0.30447438, -0.73605084), (-0.48049515, 0.10287655, -0.87094253), (-0.60458624, -0.30447438, -0.73605084), (-0.29072827, -0.13952827, -0.9465776), (-0.6481568, -0.33635524, -0.6831969), (-0.29072827, -0.13952827, -0.9465776), (-0.60458624, -0.30447438, -0.73605084), (0.018849486, 0.024403093, -0.9995245), (0.018849486, 0.024403093, -0.9995245), (0.025878455, 0.022325763, -0.9994159), (-0.29072827, -0.13952827, -0.9465776), (-0.6481568, -0.33635524, -0.6831969), (-0.29072827, -0.13952827, -0.9465776), (0.025878455, 0.022325763, -0.9994159), (0.025878455, 0.022325763, -0.9994159), (-0.28001785, -0.3392248, -0.8980627), (-0.6481568, -0.33635524, -0.6831969), (-0.6481568, -0.33635524, -0.6831969), (-0.050395787, -0.7262444, -0.685587), (-0.53986955, -0.72412777, -0.42916182), (-0.050395787, -0.7262444, -0.685587), (-0.6481568, -0.33635524, -0.6831969), (-0.28001785, -0.3392248, -0.8980627), (-0.050395787, -0.7262444, -0.685587), (-0.28001785, -0.3392248, -0.8980627), (0.025878455, 0.022325763, -0.9994159), (0.025878455, 0.022325763, -0.9994159), (0.2725149, -0.46220925, -0.84385914), (-0.050395787, -0.7262444, -0.685587), (0.30704993, -0.5275638, -0.792084), (0.2725149, -0.46220925, -0.84385914), (0.025878455, 0.022325763, -0.9994159), (0.025878455, 0.022325763, -0.9994159), (0.031517647, 0.024711294, -0.99919766), (0.30704993, -0.5275638, -0.792084), (0.588536, -0.22204572, -0.777381), (0.30704993, -0.5275638, -0.792084), (0.031517647, 0.024711294, -0.99919766), (0.031517647, 0.024711294, -0.99919766), (0.3610753, 0.19858287, -0.91114736), (0.588536, -0.22204572, -0.777381), (0.567575, 0.3073352, -0.7638088), (0.3610753, 0.19858287, -0.91114736), (0.031517647, 0.024711294, -0.99919766), (0.031517647, 0.024711294, -0.99919766), (0.025219522, 0.029433371, -0.9992486), (0.567575, 0.3073352, -0.7638088), (0.33557674, 0.5414591, -0.7708504), (0.567575, 0.3073352, -0.7638088), (0.025219522, 0.029433371, -0.9992486), (0.024657965, 0.02641859, -0.99934685), (0.025314773, 0.025160884, -0.9993629), (0.025025606, 0.025714556, -0.99935603), (0.025255866, 0.02527344, -0.9993615), (0.024833275, 0.026082657, -0.9993513), (0.025025528, 0.02571455, -0.99935603), (0.025025528, 0.02571455, -0.99935603), (0.025025588, 0.025714446, -0.99935603), (0.025255866, 0.02527344, -0.9993615), (0.025314773, 0.025160884, -0.9993629), (0.025255866, 0.02527344, -0.9993615), (0.025025588, 0.025714446, -0.99935603), (0.025025588, 0.025714446, -0.99935603), (0.025025606, 0.025714556, -0.99935603), (0.025314773, 0.025160884, -0.9993629), (0.02502553, 0.025714684, -0.99935603), (0.025025528, 0.02571455, -0.99935603), (0.024833275, 0.026082657, -0.9993513), (0.025025606, 0.025714556, -0.99935603), (0.02502553, 0.025714684, -0.99935603), (0.024657965, 0.02641859, -0.99934685), (0.024833275, 0.026082657, -0.9993513), (0.024657965, 0.02641859, -0.99934685), (0.02502553, 0.025714684, -0.99935603), (-0.39065185, 0.7842733, -0.48198184), (-0.41360125, 0.8216414, -0.3922239), (-0.32827035, 0.67768854, -0.65800977), (-0.32827035, 0.67768854, -0.65800977), (-0.2899924, 0.61016876, -0.73729146), (-0.39065185, 0.7842733, -0.48198184), (0.4152841, -0.7589758, -0.50149256), (0.43375927, -0.8009284, -0.41275513), (0.36165017, -0.6434081, -0.6747112), (0.36165017, -0.6434081, -0.6747112), (0.32729578, -0.5718471, -0.75224227), (0.4152841, -0.7589758, -0.50149256), (0.024657965, 0.02641859, -0.99934685), (0.024833275, 0.026082657, -0.9993513), (-0.048990563, 0.16650519, -0.9848228), (-0.048990563, 0.16650519, -0.9848228), (-0.0842916, 0.2329847, -0.96882045), (0.024657965, 0.02641859, -0.99934685), (-0.0842916, 0.2329847, -0.96882045), (-0.048990563, 0.16650519, -0.9848228), (-0.16352533, 0.38052502, -0.9101979), (-0.16352533, 0.38052502, -0.9101979), (-0.20597741, 0.45851997, -0.8644841), (-0.0842916, 0.2329847, -0.96882045), (-0.20597741, 0.45851997, -0.8644841), (-0.16352533, 0.38052502, -0.9101979), (-0.2899924, 0.61016876, -0.73729146), (-0.2899924, 0.61016876, -0.73729146), (-0.32827035, 0.67768854, -0.65800977), (-0.20597741, 0.45851997, -0.8644841), (0.025255866, 0.02527344, -0.9993615), (0.025314773, 0.025160884, -0.9993629), (0.098403245, -0.11573211, -0.9883941), (0.098403245, -0.11573211, -0.9883941), (0.13294661, -0.18299434, -0.97408336), (0.025255866, 0.02527344, -0.9993615), (0.13294661, -0.18299434, -0.97408336), (0.098403245, -0.11573211, -0.9883941), (0.20933734, -0.33345175, -0.91923225), (0.20933734, -0.33345175, -0.91923225), (0.24954717, -0.41374186, -0.875525), (0.13294661, -0.18299434, -0.97408336), (0.24954717, -0.41374186, -0.875525), (0.20933734, -0.33345175, -0.91923225), (0.32729578, -0.5718471, -0.75224227), (0.32729578, -0.5718471, -0.75224227), (0.36165017, -0.6434081, -0.6747112), (0.24954717, -0.41374186, -0.875525), (-0.41360125, 0.8216414, -0.3922239), (-0.39065185, 0.7842733, -0.48198184), (-0.44408667, 0.86763793, -0.22358772), (-0.44408667, 0.86763793, -0.22358772), (-0.45299116, 0.8791356, -0.1480526), (-0.41360125, 0.8216414, -0.3922239), (-0.45299116, 0.8791356, -0.1480526), (-0.44408667, 0.86763793, -0.22358772), (-0.46105427, 0.8865276, -0.038702015), (-0.46105427, 0.8865276, -0.038702015), (-0.46105444, 0.8865277, -0.03869869), (-0.45299116, 0.8791356, -0.1480526), (0.025025561, 0.025714552, -0.99935603), (-0.46105444, 0.8865277, -0.03869869), (-0.46105427, 0.8865276, -0.038702015), (-0.46105427, 0.8865276, -0.038702015), (0.025025561, 0.025714552, -0.99935603), (0.025025561, 0.025714552, -0.99935603), (0.43375927, -0.8009284, -0.41275513), (0.4152841, -0.7589758, -0.50149256), (0.45583022, -0.85556906, -0.24539848), (0.45583022, -0.85556906, -0.24539848), (0.4609607, -0.87094676, -0.17019713), (0.43375927, -0.8009284, -0.41275513), (0.4609607, -0.87094676, -0.17019713), (0.45583022, -0.85556906, -0.24539848), (0.4635536, -0.8839592, -0.061108902), (0.4635536, -0.8839592, -0.061108902), (0.46355358, -0.88395965, -0.061102226), (0.4609607, -0.87094676, -0.17019713), (0.025025561, 0.025714552, -0.99935603), (0.46355358, -0.88395965, -0.061102226), (0.4635536, -0.8839592, -0.061108902), (0.4635536, -0.8839592, -0.061108902), (0.025025561, 0.025714552, -0.99935603), (0.025025561, 0.025714552, -0.99935603), (0.996978, 0.07290095, 0.026841816), (0.96200573, -0.27249458, 0.017078636), (0.98723143, -0.15794733, 0.020657763), (0.98723143, -0.15794733, 0.020657763), (0.98149705, 0.18919924, 0.029446622), (0.996978, 0.07290095, 0.026841816), (-0.43479607, -0.89988524, -0.03404306), (-0.71645945, -0.6967062, -0.035868343), (-0.62985116, -0.7758933, -0.035737105), (-0.62985116, -0.7758933, -0.035737105), (-0.32635218, -0.94469005, -0.032480326), (-0.43479607, -0.89988524, -0.03404306), (-0.99697834, -0.07289616, -0.026841685), (-0.96200675, 0.2724912, -0.017078748), (-0.9872318, 0.157945, -0.020657824), (-0.9872318, 0.157945, -0.020657824), (-0.98149884, -0.18919039, -0.029446425), (-0.99697834, -0.07289616, -0.026841685), (0.43479958, 0.89988357, 0.034043115), (0.7164544, 0.69671124, 0.035868347), (0.62985027, 0.77589417, 0.035737112), (0.62985027, 0.77589417, 0.035737112), (0.3263542, 0.9446894, 0.032480367), (0.43479958, 0.89988357, 0.034043115), (-0.8891434, -0.4563633, -0.03400839), (-0.8891434, -0.4563633, -0.03400839), (-0.91457397, -0.40304792, -0.03327335), (-0.91457397, -0.40304792, -0.03327335), (-0.9533034, -0.30035642, -0.031600833), (-0.8891434, -0.4563633, -0.03400839), (-0.9533034, -0.30035642, -0.031600833), (-0.91457397, -0.40304792, -0.03327335), (-0.9840709, 0.17663693, -0.020097729), (-0.9840709, 0.17663693, -0.020097729), (-0.9053556, 0.42449176, -0.0117489835), (-0.9533034, -0.30035642, -0.031600833), (0.4176529, 0.90797704, 0.033822), (0.16920839, 0.9851362, 0.029585922), (0.8292941, 0.5577079, 0.035117373), (0.8292941, 0.5577079, 0.035117373), (0.8292941, 0.5577079, 0.035117373), (0.4176529, 0.90797704, 0.033822), (0.8829494, 0.46822387, 0.03415847), (0.8292941, 0.5577079, 0.035117373), (0.8292941, 0.5577079, 0.035117373), (0.8292941, 0.5577079, 0.035117373), (0.8829494, 0.46822387, 0.03415847), (0.8829494, 0.46822387, 0.03415847), (-0.9053556, 0.42449176, -0.0117489835), (-0.9840709, 0.17663693, -0.020097729), (-0.5004659, 0.86570144, 0.009742958), (-0.5004659, 0.86570144, 0.009742958), (-0.5004659, 0.86570144, 0.009742958), (-0.9053556, 0.42449176, -0.0117489835), (-0.42444447, 0.9053654, 0.012667261), (-0.5004659, 0.86570144, 0.009742958), (-0.5004659, 0.86570144, 0.009742958), (-0.5004659, 0.86570144, 0.009742958), (-0.42444447, 0.9053654, 0.012667261), (-0.42444447, 0.9053654, 0.012667261), (-0.42444447, 0.9053654, 0.012667261), (-0.42444447, 0.9053654, 0.012667261), (0.16920839, 0.9851362, 0.029585922), (0.16920839, 0.9851362, 0.029585922), (0.4176529, 0.90797704, 0.033822), (-0.42444447, 0.9053654, 0.012667261), (-0.9053446, 0.42451534, -0.011748101), (-0.9840738, 0.17662108, -0.020098211), (-0.50046587, 0.86570144, 0.009742959), (-0.50046587, 0.86570144, 0.009742959), (-0.50046587, 0.86570144, 0.009742959), (-0.9053446, 0.42451534, -0.011748101), (-0.42444402, 0.90536565, 0.012667279), (-0.50046587, 0.86570144, 0.009742959), (-0.50046587, 0.86570144, 0.009742959), (-0.50046587, 0.86570144, 0.009742959), (-0.42444402, 0.90536565, 0.012667279), (-0.42444402, 0.90536565, 0.012667279), (-0.42444402, 0.90536565, 0.012667279), (-0.42444402, 0.90536565, 0.012667279), (0.16920152, 0.9851374, 0.029585782), (0.16920152, 0.9851374, 0.029585782), (0.4176314, 0.90798694, 0.033821717), (-0.42444402, 0.90536565, 0.012667279), (-0.88914394, -0.45636225, -0.03400838), (-0.88914394, -0.45636225, -0.03400838), (-0.9145735, -0.40304884, -0.033273365), (-0.9145735, -0.40304884, -0.033273365), (-0.95330197, -0.3003613, -0.031600926), (-0.88914394, -0.45636225, -0.03400838), (-0.95330197, -0.3003613, -0.031600926), (-0.9145735, -0.40304884, -0.033273365), (-0.98407143, 0.17663376, -0.020097826), (-0.98407143, 0.17663376, -0.020097826), (-0.90535337, 0.42449644, -0.011748807), (-0.95330197, -0.3003613, -0.031600926), (0.41764697, 0.90797967, 0.03382192), (0.16920839, 0.9851362, 0.029585922), (0.8292908, 0.5577128, 0.035117418), (0.8292908, 0.5577128, 0.035117418), (0.8292908, 0.5577128, 0.035117418), (0.41764697, 0.90797967, 0.03382192), (0.88294804, 0.4682265, 0.0341585), (0.8292908, 0.5577128, 0.035117418), (0.8292908, 0.5577128, 0.035117418), (0.8292908, 0.5577128, 0.035117418), (0.88294804, 0.4682265, 0.0341585), (0.88294804, 0.4682265, 0.0341585), (-0.90535337, 0.42449644, -0.011748807), (-0.98407143, 0.17663376, -0.020097826), (-0.50046587, 0.86570144, 0.009742959), (-0.50046587, 0.86570144, 0.009742959), (-0.50046587, 0.86570144, 0.009742959), (-0.90535337, 0.42449644, -0.011748807), (-0.42444438, 0.9053654, 0.012667264), (-0.50046587, 0.86570144, 0.009742959), (-0.50046587, 0.86570144, 0.009742959), (-0.50046587, 0.86570144, 0.009742959), (-0.42444438, 0.9053654, 0.012667264), (-0.42444438, 0.9053654, 0.012667264), (-0.42444438, 0.9053654, 0.012667264), (-0.42444438, 0.9053654, 0.012667264), (0.16920839, 0.9851362, 0.029585922), (0.16920839, 0.9851362, 0.029585922), (0.41764697, 0.90797967, 0.03382192), (-0.42444438, 0.9053654, 0.012667264), (0.9116984, 0.40950292, 0.0333674), (0.996978, 0.07290095, 0.026841816), (0.98149705, 0.18919924, 0.029446622), (0.98149705, 0.18919924, 0.029446622), (0.85737973, 0.5135144, 0.034683492), (0.9116984, 0.40950292, 0.0333674), (0.7164544, 0.69671124, 0.035868347), (0.9116984, 0.40950292, 0.0333674), (0.85737973, 0.5135144, 0.034683492), (0.85737973, 0.5135144, 0.034683492), (0.62985027, 0.77589417, 0.035737112), (0.7164544, 0.69671124, 0.035868347), (0.87389123, -0.48603114, 0.009377564), (0.98723143, -0.15794733, 0.020657763), (0.96200573, -0.27249458, 0.017078636), (0.96200573, -0.27249458, 0.017078636), (0.8110009, -0.5850215, 0.0052555543), (0.87389123, -0.48603114, 0.009377564), (0.6551434, -0.75549865, -0.0030339388), (0.87389123, -0.48603114, 0.009377564), (0.8110009, -0.5850215, 0.0052555543), (0.8110009, -0.5850215, 0.0052555543), (0.56217736, -0.8269854, -0.0072013945), (0.6551434, -0.75549865, -0.0030339388), (0.35738298, -0.93383616, -0.015079179), (0.6551434, -0.75549865, -0.0030339388), (0.56217736, -0.8269854, -0.0072013945), (0.56217736, -0.8269854, -0.0072013945), (0.24555367, -0.96920085, -0.018789543), (0.35738298, -0.93383616, -0.015079179), (0.01651208, -0.9995435, -0.02530587), (0.35738298, -0.93383616, -0.015079179), (0.24555367, -0.96920085, -0.018789543), (0.24555367, -0.96920085, -0.018789543), (-0.100700244, -0.9945196, -0.02811179), (0.01651208, -0.9995435, -0.02530587), (-0.32635218, -0.94469005, -0.032480326), (0.01651208, -0.9995435, -0.02530587), (-0.100700244, -0.9945196, -0.02811179), (-0.100700244, -0.9945196, -0.02811179), (-0.43479607, -0.89988524, -0.03404306), (-0.32635218, -0.94469005, -0.032480326), (-0.8573812, -0.513512, -0.03468347), (-0.62985116, -0.7758933, -0.035737105), (-0.71645945, -0.6967062, -0.035868343), (-0.71645945, -0.6967062, -0.035868343), (-0.9116996, -0.4095003, -0.033367354), (-0.8573812, -0.513512, -0.03468347), (-0.98149884, -0.18919039, -0.029446425), (-0.8573812, -0.513512, -0.03468347), (-0.9116996, -0.4095003, -0.033367354), (-0.9116996, -0.4095003, -0.033367354), (-0.99697834, -0.07289616, -0.026841685), (-0.98149884, -0.18919039, -0.029446425), (-0.87389165, 0.48603025, -0.009377601), (-0.9872318, 0.157945, -0.020657824), (-0.96200675, 0.2724912, -0.017078748), (-0.96200675, 0.2724912, -0.017078748), (-0.8110009, 0.5850215, -0.0052555557), (-0.87389165, 0.48603025, -0.009377601), (-0.65514296, 0.7554988, 0.0030339542), (-0.87389165, 0.48603025, -0.009377601), (-0.8110009, 0.5850215, -0.0052555557), (-0.8110009, 0.5850215, -0.0052555557), (-0.5621774, 0.8269854, 0.007201392), (-0.65514296, 0.7554988, 0.0030339542), (-0.35738274, 0.93383634, 0.015079187), (-0.65514296, 0.7554988, 0.0030339542), (-0.5621774, 0.8269854, 0.007201392), (-0.5621774, 0.8269854, 0.007201392), (-0.24555328, 0.9692011, 0.018789554), (-0.35738274, 0.93383634, 0.015079187), (-0.016513411, 0.99954337, 0.02530583), (-0.35738274, 0.93383634, 0.015079187), (-0.24555328, 0.9692011, 0.018789554), (-0.24555328, 0.9692011, 0.018789554), (0.10069757, 0.99451995, 0.028111735), (-0.016513411, 0.99954337, 0.02530583), (0.3263542, 0.9446894, 0.032480367), (-0.016513411, 0.99954337, 0.02530583), (0.10069757, 0.99451995, 0.028111735), (0.10069757, 0.99451995, 0.028111735), (0.43479958, 0.89988357, 0.034043115), (0.3263542, 0.9446894, 0.032480367), (0.8860669, 0.4623026, 0.034084175), (0.8860669, 0.4623026, 0.034084175), (0.8860669, 0.4623026, 0.034084175), (0.8860669, 0.4623026, 0.034084175), (0.8860669, 0.4623026, 0.034084175), (0.8860669, 0.4623026, 0.034084175), (0.8860669, 0.4623026, 0.034084175), (0.8860669, 0.4623026, 0.034084175), (0.8860669, 0.4623026, 0.034084175), (0.8860669, 0.4623026, 0.034084175), (0.8860669, 0.4623026, 0.034084175), (0.8860669, 0.4623026, 0.034084175), (0.8860669, 0.4623026, 0.034084175), (0.8860669, 0.4623026, 0.034084175), (0.8860669, 0.4623026, 0.034084175), (0.8860669, 0.4623026, 0.034084175), (0.8860669, 0.4623026, 0.034084175), (0.8860669, 0.4623026, 0.034084175), (0.8860669, 0.4623026, 0.034084175), (0.8860669, 0.4623026, 0.034084175), (0.46288133, -0.8863493, -0.011215432), (0.46288133, -0.8863493, -0.011215432), (0.8860669, 0.4623026, 0.034084175), (0.8860669, 0.4623026, 0.034084175), (0.8860669, 0.4623026, 0.034084175), (0.8860669, 0.4623026, 0.034084175), (0.8860669, 0.4623026, 0.034084175), (0.8860669, 0.4623026, 0.034084175), (0.8860669, 0.4623026, 0.034084175), (0.8860669, 0.4623026, 0.034084175), (0.8860669, 0.4623026, 0.034084175), (0.8860669, 0.4623026, 0.034084175), (0.8860669, 0.4623026, 0.034084175), (0.8860669, 0.4623026, 0.034084175), (0.8860669, 0.4623026, 0.034084175), (0.8860669, 0.4623026, 0.034084175), (0.8860669, 0.4623026, 0.034084175), (0.8860669, 0.4623026, 0.034084175), (0.8860669, 0.4623026, 0.034084175), (0.8860669, 0.4623026, 0.034084175), (0.8860669, 0.4623026, 0.034084175), (0.8860669, 0.4623026, 0.034084175), (-0.6083083, 0.19792196, -0.7686273), (-0.6688752, 0.30571386, -0.6776024), (-0.34243897, 0.5675575, -0.7487417), (-0.34243897, 0.5675575, -0.7487417), (-0.27496505, 0.44423747, -0.8526707), (-0.6083083, 0.19792196, -0.7686273), (-0.88914835, -0.45635372, -0.03400827), (-0.88914835, -0.45635372, -0.03400827), (-0.9145735, -0.40304887, -0.033273365), (-0.9145735, -0.40304887, -0.033273365), (-0.9532966, -0.30037794, -0.031601217), (-0.88914835, -0.45635372, -0.03400827), (-0.9532966, -0.30037794, -0.031601217), (-0.9145735, -0.40304887, -0.033273365), (-0.9840738, 0.17662108, -0.020098211), (-0.9840738, 0.17662108, -0.020098211), (-0.9053446, 0.42451534, -0.011748101), (-0.9532966, -0.30037794, -0.031601217), (0.8860669, 0.4623026, 0.034084175), (0.9215715, 0.38680115, 0.033030536), (0.8860669, 0.4623026, 0.034084175), (0.8860669, 0.4623026, 0.034084175), (0.9400795, 0.33942464, 0.032274954), (0.8860669, 0.4623026, 0.034084175), (0.9400795, 0.33942464, 0.032274954), (0.8860669, 0.4623026, 0.034084175), (0.94524765, 0.32477856, 0.032027513), (0.94524765, 0.32477856, 0.032027513), (0.8860669, 0.4623026, 0.034084175), (0.9400795, 0.33942464, 0.032274954), (0.8860669, 0.4623026, 0.034084175), (0.94524765, 0.32477856, 0.032027513), (0.8860669, 0.4623026, 0.034084175), (0.8860669, 0.4623026, 0.034084175), (0.8860669, 0.4623026, 0.034084175), (0.8860669, 0.4623026, 0.034084175), (0.8860669, 0.4623026, 0.034084175), (0.8860669, 0.4623026, 0.034084175), (0.8860669, 0.4623026, 0.034084175), (0.8860669, 0.4623026, 0.034084175), (0.8860669, 0.4623026, 0.034084175), (0.8860669, 0.4623026, 0.034084175), (0.8860669, 0.4623026, 0.034084175), (0.46288133, -0.8863493, -0.011215432), (0.8860669, 0.4623026, 0.034084175), (0.8860669, 0.4623026, 0.034084175), (0.9400797, 0.339424, 0.032274943), (0.8860669, 0.4623026, 0.034084175), (0.9400797, 0.339424, 0.032274943), (0.8860669, 0.4623026, 0.034084175), (0.94524866, 0.32477596, 0.03202747), (0.94524866, 0.32477596, 0.03202747), (0.8860669, 0.4623026, 0.034084175), (0.9400797, 0.339424, 0.032274943), (0.8860669, 0.4623026, 0.034084175), (0.94524866, 0.32477596, 0.03202747), (0.8860669, 0.4623026, 0.034084175), (0.8860669, 0.4623026, 0.034084175), (0.8860669, 0.4623026, 0.034084175), (0.8860669, 0.4623026, 0.034084175), (0.8860669, 0.4623026, 0.034084175), (0.8860669, 0.4623026, 0.034084175), (0.8860669, 0.4623026, 0.034084175), (0.8860669, 0.4623026, 0.034084175), (0.8860669, 0.4623026, 0.034084175), (0.8860669, 0.4623026, 0.034084175), (0.2553928, -0.5759267, 0.7765842), (0.18575495, -0.44964382, 0.8736794), (0.14732726, -0.5083105, 0.84847814), (0.14732726, -0.5083105, 0.84847814), (0.22447911, -0.6291008, 0.7442052), (0.2553928, -0.5759267, 0.7765842), (0.22447911, -0.6291008, 0.7442052), (0.14732726, -0.5083105, 0.84847814), (-0.17639297, -0.62829334, 0.7577157), (-0.17639297, -0.62829334, 0.7577157), (-0.17189041, -0.7443783, 0.64525545), (0.22447911, -0.6291008, 0.7442052), (0.25225112, -0.4494793, -0.85693514), (0.31452274, -0.57639104, -0.7542207), (0.25031793, -0.56993806, -0.7826313), (0.25031793, -0.56993806, -0.7826313), (0.18816674, -0.43872407, -0.87870044), (0.25225112, -0.4494793, -0.85693514), (0.18816674, -0.43872407, -0.87870044), (0.25031793, -0.56993806, -0.7826313), (-0.14388081, -0.69694525, -0.70254236), (-0.14388081, -0.69694525, -0.70254236), (-0.2010886, -0.58244944, -0.7876015), (0.18816674, -0.43872407, -0.87870044), (0.19070025, -0.5843041, -0.78881073), (0.14400168, -0.4484217, -0.882146), (-0.029584661, -0.5441482, -0.8384674), (-0.029584661, -0.5441482, -0.8384674), (0.015833482, -0.6734735, -0.73904186), (0.19070025, -0.5843041, -0.78881073), (0.2553928, -0.5759267, 0.7765842), (0.18575495, -0.44964382, 0.8736794), (0.14733206, -0.5083076, 0.84847903), (0.14733206, -0.5083076, 0.84847903), (0.22449033, -0.6290951, 0.7442066), (0.2553928, -0.5759267, 0.7765842), (0.22449033, -0.6290951, 0.7442066), (0.14733206, -0.5083076, 0.84847903), (-0.17638253, -0.6282863, 0.7577239), (-0.17638253, -0.6282863, 0.7577239), (-0.17189482, -0.7443804, 0.645252), (0.22449033, -0.6290951, 0.7442066), (0.2522577, -0.4494759, -0.85693496), (0.31452203, -0.57638955, -0.7542222), (0.250319, -0.5699346, -0.7826335), (0.250319, -0.5699346, -0.7826335), (0.18817934, -0.4387237, -0.87869793), (0.2522577, -0.4494759, -0.85693496), (0.18817934, -0.4387237, -0.87869793), (0.250319, -0.5699346, -0.7826335), (-0.14388517, -0.6969443, -0.7025423), (-0.14388517, -0.6969443, -0.7025423), (-0.20108747, -0.58245265, -0.78759944), (0.18817934, -0.4387237, -0.87869793), (-0.27930444, 0.5634541, -0.7775015), (-0.2096727, 0.43716344, -0.87460023), (-0.27496698, 0.44424054, -0.8526686), (-0.27496698, 0.44424054, -0.8526686), (-0.34244037, 0.5675566, -0.7487418), (-0.27930444, 0.5634541, -0.7775015), (-0.34244037, 0.5675566, -0.7487418), (-0.27496698, 0.44424054, -0.8526686), (-0.6083182, 0.19792116, -0.7686198), (-0.6083182, 0.19792116, -0.7686198), (-0.668876, 0.30570877, -0.677604), (-0.34244037, 0.5675566, -0.7487418), (0.19067986, -0.58431023, -0.788811), (0.14400168, -0.4484217, -0.882146), (-0.02960317, -0.5441508, -0.8384651), (-0.02960317, -0.5441508, -0.8384651), (0.015812347, -0.67347753, -0.7390386), (0.19067986, -0.58431023, -0.788811), (0.2553948, -0.5759237, 0.7765858), (0.18576068, -0.44964188, 0.8736791), (0.14732635, -0.5083125, 0.8484771), (0.14732635, -0.5083125, 0.8484771), (0.22447482, -0.62910116, 0.74420625), (0.2553948, -0.5759237, 0.7765858), (0.22447482, -0.62910116, 0.74420625), (0.14732635, -0.5083125, 0.8484771), (-0.17639814, -0.62829566, 0.7577125), (-0.17639814, -0.62829566, 0.7577125), (-0.17189477, -0.744377, 0.6452559), (0.22447482, -0.62910116, 0.74420625), (0.25225437, -0.44947726, -0.85693526), (0.31452328, -0.57639074, -0.7542207), (0.25031978, -0.5699371, -0.78263134), (0.25031978, -0.5699371, -0.78263134), (0.18816757, -0.43872517, -0.8786997), (0.25225437, -0.44947726, -0.85693526), (0.18816757, -0.43872517, -0.8786997), (0.25031978, -0.5699371, -0.78263134), (-0.14388898, -0.6969442, -0.7025417), (-0.14388898, -0.6969442, -0.7025417), (-0.2010925, -0.58245265, -0.78759813), (0.18816757, -0.43872517, -0.8786997), (0.19332807, -0.5829674, -0.78915983), (0.14399385, -0.44842342, -0.8821464), (-0.03021934, -0.54366314, -0.8387594), (-0.03021934, -0.54366314, -0.8387594), (0.020751724, -0.6706005, -0.7415284), (0.19332807, -0.5829674, -0.78915983), (0.10908954, -0.54118043, 0.83380055), (0.17802419, -0.660624, 0.7293033), (-0.01709618, -0.7025537, 0.7114253), (-0.01709618, -0.7025537, 0.7114253), (-0.09344001, -0.5877936, 0.80359685), (0.10908954, -0.54118043, 0.83380055), (0.2553948, -0.5759237, 0.7765858), (0.18576068, -0.44964188, 0.8736791), (0.14733113, -0.5083096, 0.8484781), (0.14733113, -0.5083096, 0.8484781), (0.22448604, -0.6290955, 0.74420756), (0.2553948, -0.5759237, 0.7765858), (0.22448604, -0.6290955, 0.74420756), (0.14733113, -0.5083096, 0.8484781), (-0.17638776, -0.6282887, 0.75772077), (-0.17638776, -0.6282887, 0.75772077), (-0.1718991, -0.7443789, 0.6452524), (0.22448604, -0.6290955, 0.74420756), (0.25226098, -0.44947386, -0.8569352), (0.31452256, -0.57638925, -0.75422215), (0.25032082, -0.56993365, -0.7826335), (0.25032082, -0.56993365, -0.7826335), (0.18818018, -0.4387248, -0.8786972), (0.25226098, -0.44947386, -0.8569352), (0.18818018, -0.4387248, -0.8786972), (0.25032082, -0.56993365, -0.7826335), (-0.14389342, -0.69694334, -0.7025417), (-0.14389342, -0.69694334, -0.7025417), (-0.20109145, -0.5824559, -0.7875961), (0.18818018, -0.4387248, -0.8786972), (0.19332807, -0.5829674, -0.78915983), (0.14399385, -0.44842342, -0.8821464), (-0.030231297, -0.5436663, -0.838757), (-0.030231297, -0.5436663, -0.838757), (0.020723863, -0.67060715, -0.7415232), (0.19332807, -0.5829674, -0.78915983), (0.11358873, -0.53953874, 0.8342636), (0.1780526, -0.66060996, 0.72930914), (-0.017260628, -0.70342284, 0.71056205), (-0.017260628, -0.70342284, 0.71056205), (-0.08739943, -0.5879542, 0.80415875), (0.11358873, -0.53953874, 0.8342636), (0.25539488, -0.5759248, 0.7765848), (0.18575889, -0.4496453, 0.8736778), (0.14732422, -0.5083146, 0.8484763), (0.14732422, -0.5083146, 0.8484763), (0.22447786, -0.6291002, 0.7442061), (0.25539488, -0.5759248, 0.7765848), (0.22447786, -0.6291002, 0.7442061), (0.14732422, -0.5083146, 0.8484763), (-0.17639153, -0.62829256, 0.7577167), (-0.17639153, -0.62829256, 0.7577167), (-0.17188983, -0.74437666, 0.6452576), (0.22447786, -0.6291002, 0.7442061), (0.2522522, -0.44947872, -0.8569351), (0.31452346, -0.5763931, -0.7542188), (0.2503216, -0.5699378, -0.78263026), (0.2503216, -0.5699378, -0.78263026), (0.18816721, -0.43872634, -0.87869924), (0.2522522, -0.44947872, -0.8569351), (0.18816721, -0.43872634, -0.87869924), (0.2503216, -0.5699378, -0.78263026), (-0.14388154, -0.6969428, -0.7025446), (-0.14388154, -0.6969428, -0.7025446), (-0.201089, -0.5824519, -0.7875997), (0.18816721, -0.43872634, -0.87869924), (0.19333686, -0.5829637, -0.78916055), (0.14399281, -0.44842413, -0.8821463), (-0.030219184, -0.54366314, -0.8387593), (-0.030219184, -0.54366314, -0.8387593), (0.02076952, -0.6705969, -0.74153113), (0.19333686, -0.5829637, -0.78916055), (0.11359066, -0.5395466, 0.83425826), (0.17804025, -0.66061443, 0.72930807), (-0.017267214, -0.70342404, 0.7105608), (-0.017267214, -0.70342404, 0.7105608), (-0.08739324, -0.58795625, 0.8041579), (0.11359066, -0.5395466, 0.83425826), (-0.33076572, 0.42552605, -0.84233123), (-0.39565086, 0.54708046, -0.73767436), (-0.54234105, 0.41067442, -0.73294795), (-0.54234105, 0.41067442, -0.73294795), (-0.49391547, 0.2721511, -0.8258216), (-0.33076572, 0.42552605, -0.84233123), (0.25539488, -0.5759248, 0.7765848), (0.18575889, -0.4496453, 0.8736778), (0.14732902, -0.50831175, 0.8484772), (0.14732902, -0.50831175, 0.8484772), (0.22448906, -0.6290945, 0.7442075), (0.25539488, -0.5759248, 0.7765848), (0.22448906, -0.6290945, 0.7442075), (0.14732902, -0.50831175, 0.8484772), (-0.17638111, -0.6282855, 0.75772494), (-0.17638111, -0.6282855, 0.75772494), (-0.17189421, -0.7443787, 0.6452541), (0.22448906, -0.6290945, 0.7442075), (0.2522588, -0.44947535, -0.8569349), (0.3145227, -0.57639164, -0.75422025), (0.25032264, -0.5699343, -0.7826324), (0.25032264, -0.5699343, -0.7826324), (0.18817985, -0.43872598, -0.87869674), (0.2522588, -0.44947535, -0.8569349), (0.18817985, -0.43872598, -0.87869674), (0.25032264, -0.5699343, -0.7826324), (-0.14388591, -0.6969419, -0.70254457), (-0.14388591, -0.6969419, -0.70254457), (-0.2010879, -0.58245504, -0.7875975), (0.18817985, -0.43872598, -0.87869674), (0.19333686, -0.5829637, -0.78916055), (0.14399281, -0.44842413, -0.8821463), (-0.030231126, -0.54366636, -0.8387568), (-0.030231126, -0.54366636, -0.8387568), (0.020741634, -0.67060363, -0.74152595), (0.19333686, -0.5829637, -0.78916055), (0.11359893, -0.53953695, 0.8342633), (0.17806867, -0.66060036, 0.7293139), (-0.017252363, -0.70341974, 0.7105653), (-0.017252363, -0.70341974, 0.7105653), (-0.087400265, -0.58795696, 0.8041567), (0.11359893, -0.53953695, 0.8342633), (-0.33071983, 0.4255412, -0.8423414), (-0.39561382, 0.54710376, -0.73767686), (-0.5423271, 0.41068155, -0.73295426), (-0.5423271, 0.41068155, -0.73295426), (-0.49393222, 0.27213603, -0.8258166), (-0.33071983, 0.4255412, -0.8423414), (0.25538996, -0.57592744, 0.77658457), (0.18575671, -0.44964445, 0.8736786), (0.14732864, -0.50830984, 0.8484784), (0.14732864, -0.50830984, 0.8484784), (0.22220689, -0.63025844, 0.7439076), (0.25538996, -0.57592744, 0.77658457), (0.22220689, -0.63025844, 0.7439076), (0.14732864, -0.50830984, 0.8484784), (-0.1768765, -0.62891865, 0.75708395), (-0.1768765, -0.62891865, 0.75708395), (-0.17207041, -0.7453148, 0.6441256), (0.22220689, -0.63025844, 0.7439076), (0.25225487, -0.4494756, -0.8569359), (0.31452256, -0.576393, -0.75421923), (0.24565515, -0.5728814, -0.7819594), (0.24565515, -0.5728814, -0.7819594), (0.1871841, -0.43962824, -0.87845844), (0.25225487, -0.4494756, -0.8569359), (0.1871841, -0.43962824, -0.87845844), (0.24565515, -0.5728814, -0.7819594), (-0.14355755, -0.69602156, -0.70352346), (-0.14355755, -0.69602156, -0.70352346), (-0.2009778, -0.58201534, -0.78795063), (0.1871841, -0.43962824, -0.87845844), (-0.27929854, 0.56345487, -0.777503), (-0.20968246, 0.43715987, -0.8745997), (-0.27497005, 0.44423553, -0.8526701), (-0.27497005, 0.44423553, -0.8526701), (-0.34244302, 0.56755644, -0.7487406), (-0.27929854, 0.56345487, -0.777503), (-0.34244302, 0.56755644, -0.7487406), (-0.27497005, 0.44423553, -0.8526701), (-0.608309, 0.19792295, -0.76862663), (-0.608309, 0.19792295, -0.76862663), (-0.6688644, 0.30572307, -0.6776089), (-0.34244302, 0.56755644, -0.7487406), (0.19332752, -0.58296615, -0.7891609), (0.14396891, -0.44843236, -0.882146), (-0.030225843, -0.5436632, -0.838759), (-0.030225843, -0.5436632, -0.838759), (0.020756654, -0.6706001, -0.7415286), (0.19332752, -0.58296615, -0.7891609), (0.113623865, -0.53952265, 0.8342691), (0.17809246, -0.6605909, 0.7293167), (-0.017245572, -0.7034177, 0.71056753), (-0.017245572, -0.7034177, 0.71056753), (-0.08739411, -0.58795494, 0.8041587), (0.113623865, -0.53952265, 0.8342691), (-0.3307516, 0.4255259, -0.8423367), (-0.3956031, 0.54710716, -0.73768014), (-0.5423314, 0.41067854, -0.7329529), (-0.5423314, 0.41067854, -0.7329529), (-0.49393606, 0.2721364, -0.8258142), (-0.3307516, 0.4255259, -0.8423367), (0.25539193, -0.57592434, 0.7765862), (0.18576023, -0.44964227, 0.873679), (0.14732823, -0.5083101, 0.84847826), (0.14732823, -0.5083101, 0.84847826), (0.2222017, -0.6302593, 0.74390835), (0.25539193, -0.57592434, 0.7765862), (0.2222017, -0.6302593, 0.74390835), (0.14732823, -0.5083101, 0.84847826), (-0.17688258, -0.62892157, 0.7570802), (-0.17688258, -0.62892157, 0.7570802), (-0.1720775, -0.74531454, 0.6441238), (0.2222017, -0.6302593, 0.74390835), (0.25225812, -0.44947347, -0.8569361), (0.3145252, -0.57639, -0.7542205), (0.24565288, -0.57288104, -0.7819604), (0.24565288, -0.57288104, -0.7819604), (0.18718311, -0.4396288, -0.8784583), (0.25225812, -0.44947347, -0.8569361), (0.18718311, -0.4396288, -0.8784583), (0.24565288, -0.57288104, -0.7819604), (-0.14357042, -0.69602305, -0.70351934), (-0.14357042, -0.69602305, -0.70351934), (-0.20097907, -0.5820172, -0.787949), (0.18718311, -0.4396288, -0.8784583), (-0.27929464, 0.5634545, -0.7775048), (-0.20967819, 0.43716252, -0.8745994), (-0.27496856, 0.44423676, -0.8526699), (-0.27496856, 0.44423676, -0.8526699), (-0.342442, 0.5675548, -0.7487423), (-0.27929464, 0.5634545, -0.7775048), (-0.342442, 0.5675548, -0.7487423), (-0.27496856, 0.44423676, -0.8526699), (-0.60831034, 0.1979227, -0.7686255), (-0.60831034, 0.1979227, -0.7686255), (-0.66886955, 0.30571628, -0.677607), (-0.342442, 0.5675548, -0.7487423), (0.19559668, -0.5823361, -0.7890671), (0.15719669, -0.44329664, -0.88248354), (-0.02791179, -0.54266554, -0.839485), (-0.02791179, -0.54266554, -0.839485), (0.021191027, -0.6700792, -0.7419871), (0.19559668, -0.5823361, -0.7890671), (0.11360365, -0.5395298, 0.83426726), (0.17806329, -0.660606, 0.72931015), (-0.017256094, -0.703421, 0.710564), (-0.017256094, -0.703421, 0.710564), (-0.08739428, -0.5879513, 0.8041615), (0.11360365, -0.5395298, 0.83426726), (-0.30306157, 0.41896123, -0.8559353), (-0.3956325, 0.54709166, -0.73767585), (-0.54321134, 0.41099784, -0.7321217), (-0.54321134, 0.41099784, -0.7321217), (-0.51918894, 0.26245883, -0.8133623), (-0.30306157, 0.41896123, -0.8559353), (0.25539204, -0.5759255, 0.77658534), (0.18575844, -0.44964573, 0.87367773), (0.1473261, -0.50831217, 0.8484774), (0.1473261, -0.50831217, 0.8484774), (0.22220562, -0.63025784, 0.7439084), (0.25539204, -0.5759255, 0.77658534), (0.22220562, -0.63025784, 0.7439084), (0.1473261, -0.50831217, 0.8484774), (-0.17687508, -0.6289178, 0.757085), (-0.17687508, -0.6289178, 0.757085), (-0.17207363, -0.7453148, 0.64412475), (0.22220562, -0.63025784, 0.7439084), (0.25225598, -0.44947505, -0.856936), (0.31452534, -0.5763924, -0.7542186), (0.24565423, -0.57288206, -0.78195924), (0.24565423, -0.57288206, -0.78195924), (0.18718275, -0.43962997, -0.8784579), (0.25225598, -0.44947505, -0.856936), (0.18718275, -0.43962997, -0.8784579), (0.24565423, -0.57288206, -0.78195924), (-0.14356151, -0.69602174, -0.70352244), (-0.14356151, -0.69602174, -0.70352244), (-0.20097552, -0.58201635, -0.7879504), (0.18718275, -0.43962997, -0.8784579), (0.19560553, -0.5823322, -0.7890676), (0.1571928, -0.44329962, -0.88248277), (-0.027910985, -0.5426666, -0.83948445), (-0.027910985, -0.5426666, -0.83948445), (0.02120861, -0.6700756, -0.74198985), (0.19560553, -0.5823322, -0.7890676), (0.11873458, -0.5151363, 0.8488444), (0.17807935, -0.6605964, 0.7293149), (-0.017247856, -0.7034179, 0.71056724), (-0.017247856, -0.7034179, 0.71056724), (-0.13016497, -0.60125947, 0.7883808), (0.11873458, -0.5151363, 0.8488444), (-0.41317338, 0.4688199, 0.7807021), (-0.32682902, 0.35478908, 0.875961), (-0.5111995, 0.26138735, 0.81875026), (-0.5111995, 0.26138735, 0.81875026), (-0.58168584, 0.3776501, 0.72043186), (-0.41317338, 0.4688199, 0.7807021), (-0.30305207, 0.4189685, -0.85593516), (-0.39562383, 0.54709613, -0.7376772), (-0.5431998, 0.41100773, -0.73212475), (-0.5431998, 0.41100773, -0.73212475), (-0.5191863, 0.2624629, -0.8133628), (-0.30305207, 0.4189685, -0.85593516), (-0.69662076, 0.7174388, 0.0010159463), (0.8860669, 0.4623026, 0.034084175), (0.8860669, 0.4623026, 0.034084175), (0.8860669, 0.4623026, 0.034084175), (-0.75491977, 0.65581405, -0.0020296336), (-0.69662076, 0.7174388, 0.0010159463), (-0.80685633, 0.59072644, -0.005004991), (-0.69662076, 0.7174388, 0.0010159463), (-0.75491977, 0.65581405, -0.0020296336), (-0.75491977, 0.65581405, -0.0020296336), (-0.9449302, 0.32691643, -0.015250721), (-0.80685633, 0.59072644, -0.005004991), (-0.9918726, 0.12538634, -0.021611834), (-0.80685633, 0.59072644, -0.005004991), (-0.9449302, 0.32691643, -0.015250721), (-0.9449302, 0.32691643, -0.015250721), (-0.9986443, 0.046285234, -0.023816768), (-0.9918726, 0.12538634, -0.021611834), (-0.9950274, -0.09576404, -0.027381282), (-0.9918726, 0.12538634, -0.021611834), (-0.9986443, 0.046285234, -0.023816768), (-0.9986443, 0.046285234, -0.023816768), (-0.98657906, -0.16071707, -0.028841035), (-0.9950274, -0.09576404, -0.027381282), (-0.9597746, -0.27903128, -0.031214165), (-0.9950274, -0.09576404, -0.027381282), (-0.98657906, -0.16071707, -0.028841035), (-0.98657906, -0.16071707, -0.028841035), (-0.94192415, -0.33427957, -0.03218876), (-0.9597746, -0.27903128, -0.031214165), (-0.9215708, -0.38680273, -0.033030555), (-0.9597746, -0.27903128, -0.031214165), (-0.94192415, -0.33427957, -0.03218876), (-0.94192415, -0.33427957, -0.03218876), (0.8860669, 0.4623026, 0.034084175), (-0.9215708, -0.38680273, -0.033030555), (0.8860669, 0.4623026, 0.034084175), (0.9215715, 0.38680115, 0.033030536), (0.8860669, 0.4623026, 0.034084175), (0.8860669, 0.4623026, 0.034084175), (-0.94192415, -0.33427957, -0.03218876), (0.8860669, 0.4623026, 0.034084175), (0.94524765, 0.32477856, 0.032027513), (0.8860669, 0.4623026, 0.034084175), (-0.94192415, -0.33427957, -0.03218876), (-0.94192415, -0.33427957, -0.03218876), (-0.98657906, -0.16071707, -0.028841035), (0.94524765, 0.32477856, 0.032027513), (0.8860669, 0.4623026, 0.034084175), (0.94524765, 0.32477856, 0.032027513), (-0.98657906, -0.16071707, -0.028841035), (-0.98657906, -0.16071707, -0.028841035), (-0.9986443, 0.046285234, -0.023816768), (0.8860669, 0.4623026, 0.034084175), (0.8860669, 0.4623026, 0.034084175), (0.8860669, 0.4623026, 0.034084175), (-0.9986443, 0.046285234, -0.023816768), (-0.9986443, 0.046285234, -0.023816768), (-0.9449302, 0.32691643, -0.015250721), (0.8860669, 0.4623026, 0.034084175), (0.8860669, 0.4623026, 0.034084175), (0.8860669, 0.4623026, 0.034084175), (-0.9449302, 0.32691643, -0.015250721), (-0.9449302, 0.32691643, -0.015250721), (-0.75491977, 0.65581405, -0.0020296336), (0.8860669, 0.4623026, 0.034084175), (0.8860669, 0.4623026, 0.034084175), (0.8860669, 0.4623026, 0.034084175), (-0.75491977, 0.65581405, -0.0020296336), (-0.75491977, 0.65581405, -0.0020296336), (0.8860669, 0.4623026, 0.034084175), (0.8860669, 0.4623026, 0.034084175), (0.8860669, 0.4623026, 0.034084175), (0.8860669, 0.4623026, 0.034084175), (0.8860669, 0.4623026, 0.034084175), (0.8860669, 0.4623026, 0.034084175), (-0.69662076, 0.7174388, 0.0010159463), (0.8860669, 0.4623026, 0.034084175), (0.8860669, 0.4623026, 0.034084175), (0.8860669, 0.4623026, 0.034084175), (-0.69662076, 0.7174388, 0.0010159463), (-0.69662076, 0.7174388, 0.0010159463), (-0.80685633, 0.59072644, -0.005004991), (0.8860669, 0.4623026, 0.034084175), (0.8860669, 0.4623026, 0.034084175), (0.8860669, 0.4623026, 0.034084175), (-0.80685633, 0.59072644, -0.005004991), (-0.80685633, 0.59072644, -0.005004991), (-0.9918726, 0.12538634, -0.021611834), (0.8860669, 0.4623026, 0.034084175), (0.8860669, 0.4623026, 0.034084175), (0.8860669, 0.4623026, 0.034084175), (-0.9918726, 0.12538634, -0.021611834), (-0.9918726, 0.12538634, -0.021611834), (-0.9950274, -0.09576404, -0.027381282), (0.8860669, 0.4623026, 0.034084175), (0.9400795, 0.33942464, 0.032274954), (0.8860669, 0.4623026, 0.034084175), (-0.9950274, -0.09576404, -0.027381282), (-0.9950274, -0.09576404, -0.027381282), (-0.9597746, -0.27903128, -0.031214165), (0.9400795, 0.33942464, 0.032274954), (0.8860669, 0.4623026, 0.034084175), (0.9400795, 0.33942464, 0.032274954), (-0.9597746, -0.27903128, -0.031214165), (-0.9597746, -0.27903128, -0.031214165), (-0.9215708, -0.38680273, -0.033030555), (0.8860669, 0.4623026, 0.034084175), (-0.69662076, 0.7174388, 0.0010159463), (0.8860669, 0.4623026, 0.034084175), (0.8860669, 0.4623026, 0.034084175), (0.8860669, 0.4623026, 0.034084175), (-0.7549197, 0.6558141, -0.0020296315), (-0.69662076, 0.7174388, 0.0010159463), (-0.80685645, 0.5907263, -0.0050049964), (-0.69662076, 0.7174388, 0.0010159463), (-0.7549197, 0.6558141, -0.0020296315), (-0.7549197, 0.6558141, -0.0020296315), (-0.9449298, 0.32691777, -0.015250675), (-0.80685645, 0.5907263, -0.0050049964), (-0.99187255, 0.12538707, -0.021611813), (-0.80685645, 0.5907263, -0.0050049964), (-0.9449298, 0.32691777, -0.015250675), (-0.9449298, 0.32691777, -0.015250675), (-0.99864435, 0.04628449, -0.023816789), (-0.99187255, 0.12538707, -0.021611813), (-0.99502724, -0.095765606, -0.02738132), (-0.99187255, 0.12538707, -0.021611813), (-0.99864435, 0.04628449, -0.023816789), (-0.99864435, 0.04628449, -0.023816789), (-0.98657894, -0.16071782, -0.028841052), (-0.99502724, -0.095765606, -0.02738132), (-0.9597745, -0.2790316, -0.03121417), (-0.99502724, -0.095765606, -0.02738132), (-0.98657894, -0.16071782, -0.028841052), (-0.98657894, -0.16071782, -0.028841052), (-0.94192404, -0.33427992, -0.032188766), (-0.9597745, -0.2790316, -0.03121417), (0.8860669, 0.4623026, 0.034084175), (-0.9597745, -0.2790316, -0.03121417), (-0.94192404, -0.33427992, -0.032188766), (-0.94192404, -0.33427992, -0.032188766), (0.8860669, 0.4623026, 0.034084175), (0.8860669, 0.4623026, 0.034084175), (0.8860669, 0.4623026, 0.034084175), (0.46288133, -0.8863493, -0.011215432), (0.8860669, 0.4623026, 0.034084175), (0.8860669, 0.4623026, 0.034084175), (-0.94192404, -0.33427992, -0.032188766), (0.8860669, 0.4623026, 0.034084175), (0.94524866, 0.32477596, 0.03202747), (0.8860669, 0.4623026, 0.034084175), (-0.94192404, -0.33427992, -0.032188766), (-0.94192404, -0.33427992, -0.032188766), (-0.98657894, -0.16071782, -0.028841052), (0.94524866, 0.32477596, 0.03202747), (0.8860669, 0.4623026, 0.034084175), (0.94524866, 0.32477596, 0.03202747), (-0.98657894, -0.16071782, -0.028841052), (-0.98657894, -0.16071782, -0.028841052), (-0.99864435, 0.04628449, -0.023816789), (0.8860669, 0.4623026, 0.034084175), (0.8860669, 0.4623026, 0.034084175), (0.8860669, 0.4623026, 0.034084175), (-0.99864435, 0.04628449, -0.023816789), (-0.99864435, 0.04628449, -0.023816789), (-0.9449298, 0.32691777, -0.015250675), (0.8860669, 0.4623026, 0.034084175), (0.8860669, 0.4623026, 0.034084175), (0.8860669, 0.4623026, 0.034084175), (-0.9449298, 0.32691777, -0.015250675), (-0.9449298, 0.32691777, -0.015250675), (-0.7549197, 0.6558141, -0.0020296315), (0.8860669, 0.4623026, 0.034084175), (0.8860669, 0.4623026, 0.034084175), (0.8860669, 0.4623026, 0.034084175), (-0.7549197, 0.6558141, -0.0020296315), (-0.7549197, 0.6558141, -0.0020296315), (0.8860669, 0.4623026, 0.034084175), (0.8860669, 0.4623026, 0.034084175), (0.8860669, 0.4623026, 0.034084175), (0.8860669, 0.4623026, 0.034084175), (0.8860669, 0.4623026, 0.034084175), (0.8860669, 0.4623026, 0.034084175), (-0.69662076, 0.7174388, 0.0010159463), (0.8860669, 0.4623026, 0.034084175), (0.8860669, 0.4623026, 0.034084175), (0.8860669, 0.4623026, 0.034084175), (-0.69662076, 0.7174388, 0.0010159463), (-0.69662076, 0.7174388, 0.0010159463), (-0.80685645, 0.5907263, -0.0050049964), (0.8860669, 0.4623026, 0.034084175), (0.8860669, 0.4623026, 0.034084175), (0.8860669, 0.4623026, 0.034084175), (-0.80685645, 0.5907263, -0.0050049964), (-0.80685645, 0.5907263, -0.0050049964), (-0.99187255, 0.12538707, -0.021611813), (0.8860669, 0.4623026, 0.034084175), (0.8860669, 0.4623026, 0.034084175), (0.8860669, 0.4623026, 0.034084175), (-0.99187255, 0.12538707, -0.021611813), (-0.99187255, 0.12538707, -0.021611813), (-0.99502724, -0.095765606, -0.02738132), (0.8860669, 0.4623026, 0.034084175), (0.9400797, 0.339424, 0.032274943), (0.8860669, 0.4623026, 0.034084175), (-0.99502724, -0.095765606, -0.02738132), (-0.99502724, -0.095765606, -0.02738132), (-0.9597745, -0.2790316, -0.03121417), (0.9400797, 0.339424, 0.032274943), (0.8860669, 0.4623026, 0.034084175), (0.9400797, 0.339424, 0.032274943), (-0.9597745, -0.2790316, -0.03121417), (-0.9597745, -0.2790316, -0.03121417), (0.8860669, 0.4623026, 0.034084175), (0.8860669, 0.4623026, 0.034084175), (-0.5846608, -0.6266104, -0.5152972), (-0.5877872, -0.6864032, -0.42820188), (0.015833482, -0.6734735, -0.73904186), (0.015833482, -0.6734735, -0.73904186), (-0.029584661, -0.5441482, -0.8384674), (-0.5846608, -0.6266104, -0.5152972), (-0.5790265, -0.545042, -0.6063478), (-0.5846608, -0.6266104, -0.5152972), (-0.029584661, -0.5441482, -0.8384674), (-0.008493935, -0.7916554, -0.6109088), (0.015833482, -0.6734735, -0.73904186), (-0.5877872, -0.6864032, -0.42820188), (-0.58466226, -0.62660825, -0.5152984), (-0.58777815, -0.6864067, -0.42820883), (0.015812347, -0.67347753, -0.7390386), (0.015812347, -0.67347753, -0.7390386), (-0.02960317, -0.5441508, -0.8384651), (-0.58466226, -0.62660825, -0.5152984), (-0.57902974, -0.5450407, -0.6063458), (-0.58466226, -0.62660825, -0.5152984), (-0.02960317, -0.5441508, -0.8384651), (-0.008497153, -0.7916565, -0.6109074), (0.015812347, -0.67347753, -0.7390386), (-0.58777815, -0.6864067, -0.42820883), (-0.5818661, -0.62699884, -0.517981), (-0.5546611, -0.69534427, -0.4569984), (0.020751724, -0.6706005, -0.7415284), (0.020751724, -0.6706005, -0.7415284), (-0.03021934, -0.54366314, -0.8387594), (-0.5818661, -0.62699884, -0.517981), (-0.57903016, -0.5450415, -0.6063447), (-0.5818661, -0.62699884, -0.517981), (-0.03021934, -0.54366314, -0.8387594), (-0.09344001, -0.5877936, 0.80359685), (-0.01709618, -0.7025537, 0.7114253), (-0.5849218, -0.70759654, 0.39645162), (-0.5849218, -0.70759654, 0.39645162), (-0.64342624, -0.633552, 0.42966792), (-0.09344001, -0.5877936, 0.80359685), (-0.2288867, -0.48308635, 0.84512633), (-0.09344001, -0.5877936, 0.80359685), (-0.64342624, -0.633552, 0.42966792), (-0.5818721, -0.62699556, -0.51797813), (-0.55465776, -0.69534606, -0.45699963), (0.020723863, -0.67060715, -0.7415232), (0.020723863, -0.67060715, -0.7415232), (-0.030231297, -0.5436663, -0.838757), (-0.5818721, -0.62699556, -0.51797813), (-0.5790334, -0.54504025, -0.6063427), (-0.5818721, -0.62699556, -0.51797813), (-0.030231297, -0.5436663, -0.838757), (-0.58186436, -0.62700033, -0.51798135), (-0.5546672, -0.69534224, -0.45699397), (0.02076952, -0.6705969, -0.74153113), (0.02076952, -0.6705969, -0.74153113), (-0.030219184, -0.54366314, -0.8387593), (-0.58186436, -0.62700033, -0.51798135), (-0.57903045, -0.5450416, -0.60634434), (-0.58186436, -0.62700033, -0.51798135), (-0.030219184, -0.54366314, -0.8387593), (-0.7620468, -0.1251168, -0.63531935), (-0.49391547, 0.2721511, -0.8258216), (-0.87988967, -0.16013896, -0.44738093), (-0.88930285, -0.06158058, -0.4531538), (-0.87988967, -0.16013896, -0.44738093), (-0.49391547, 0.2721511, -0.8258216), (-0.49391547, 0.2721511, -0.8258216), (-0.54234105, 0.41067442, -0.73294795), (-0.88930285, -0.06158058, -0.4531538), (-0.58187044, -0.62699705, -0.5179785), (-0.554664, -0.6953441, -0.45699522), (0.020741634, -0.67060363, -0.74152595), (0.020741634, -0.67060363, -0.74152595), (-0.030231126, -0.54366636, -0.8387568), (-0.58187044, -0.62699705, -0.5179785), (-0.5790337, -0.54504037, -0.6063423), (-0.58187044, -0.62699705, -0.5179785), (-0.030231126, -0.54366636, -0.8387568), (-0.76205224, -0.12512226, -0.6353116), (-0.49393222, 0.27213603, -0.8258166), (-0.8798899, -0.16014262, -0.44737914), (-0.8893049, -0.061585564, -0.45314905), (-0.8798899, -0.16014262, -0.44737914), (-0.49393222, 0.27213603, -0.8258166), (-0.49393222, 0.27213603, -0.8258166), (-0.5423271, 0.41068155, -0.73295426), (-0.8893049, -0.061585564, -0.45314905), (-0.5818707, -0.62699693, -0.51797813), (-0.55466413, -0.69534445, -0.4569943), (0.020756654, -0.6706001, -0.7415286), (0.020756654, -0.6706001, -0.7415286), (-0.030225843, -0.5436632, -0.838759), (-0.5818707, -0.62699693, -0.51797813), (-0.57903177, -0.54503965, -0.6063449), (-0.5818707, -0.62699693, -0.51797813), (-0.030225843, -0.5436632, -0.838759), (-0.76205313, -0.12512407, -0.6353102), (-0.49393606, 0.2721364, -0.8258142), (-0.87989086, -0.16013916, -0.4473787), (-0.8893035, -0.061580732, -0.4531524), (-0.87989086, -0.16013916, -0.4473787), (-0.49393606, 0.2721364, -0.8258142), (-0.49393606, 0.2721364, -0.8258142), (-0.5423314, 0.41067854, -0.7329529), (-0.8893035, -0.061580732, -0.4531524), (-0.5779249, -0.62673265, -0.52269393), (-0.5546551, -0.6953472, -0.4570011), (0.021191027, -0.6700792, -0.7419871), (0.021191027, -0.6700792, -0.7419871), (-0.02791179, -0.54266554, -0.839485), (-0.5779249, -0.62673265, -0.52269393), (-0.54297286, -0.54312444, -0.64046586), (-0.5779249, -0.62673265, -0.52269393), (-0.02791179, -0.54266554, -0.839485), (-0.02791179, -0.54266554, -0.839485), (-0.06403447, -0.39557627, -0.91619813), (-0.54297286, -0.54312444, -0.64046586), (-0.06403447, -0.39557627, -0.91619813), (-0.02791179, -0.54266554, -0.839485), (0.15719669, -0.44329664, -0.88248354), (-0.56634843, -0.4326679, -0.70146126), (-0.54297286, -0.54312444, -0.64046586), (-0.06403447, -0.39557627, -0.91619813), (0.15719669, -0.44329664, -0.88248354), (0.13998817, -0.26988778, -0.9526615), (-0.06403447, -0.39557627, -0.91619813), (-0.06403447, -0.39557627, -0.91619813), (-0.15543412, -0.24876605, -0.9560103), (-0.56634843, -0.4326679, -0.70146126), (-0.6223336, -0.32701796, -0.7111682), (-0.56634843, -0.4326679, -0.70146126), (-0.15543412, -0.24876605, -0.9560103), (-0.15543412, -0.24876605, -0.9560103), (-0.06403447, -0.39557627, -0.91619813), (0.13998817, -0.26988778, -0.9526615), (0.13998817, -0.26988778, -0.9526615), (0.06245082, -0.11842969, -0.99099666), (-0.15543412, -0.24876605, -0.9560103), (-0.15543412, -0.24876605, -0.9560103), (-0.2360326, -0.10034706, -0.9665501), (-0.6223336, -0.32701796, -0.7111682), (-0.6793927, -0.22039092, -0.69989526), (-0.6223336, -0.32701796, -0.7111682), (-0.2360326, -0.10034706, -0.9665501), (-0.2360326, -0.10034706, -0.9665501), (-0.15543412, -0.24876605, -0.9560103), (0.06245082, -0.11842969, -0.99099666), (0.06245082, -0.11842969, -0.99099666), (-0.018005803, 0.036386814, -0.99917555), (-0.2360326, -0.10034706, -0.9665501), (-0.2360326, -0.10034706, -0.9665501), (-0.3019335, 0.05306501, -0.95185095), (-0.6793927, -0.22039092, -0.69989526), (-0.7255659, -0.09093671, -0.6821177), (-0.6793927, -0.22039092, -0.69989526), (-0.3019335, 0.05306501, -0.95185095), (-0.3019335, 0.05306501, -0.95185095), (-0.2360326, -0.10034706, -0.9665501), (-0.018005803, 0.036386814, -0.99917555), (-0.018005803, 0.036386814, -0.99917555), (-0.09840864, 0.18884242, -0.97706413), (-0.3019335, 0.05306501, -0.95185095), (-0.7255659, -0.09093671, -0.6821177), (-0.51918894, 0.26245883, -0.8133623), (-0.8745215, -0.15324582, -0.46013916), (-0.8876679, -0.0570912, -0.45693144), (-0.8745215, -0.15324582, -0.46013916), (-0.51918894, 0.26245883, -0.8133623), (-0.51918894, 0.26245883, -0.8133623), (-0.54321134, 0.41099784, -0.7321217), (-0.8876679, -0.0570912, -0.45693144), (-0.51918894, 0.26245883, -0.8133623), (-0.7255659, -0.09093671, -0.6821177), (-0.32061276, 0.23178343, -0.9184138), (-0.3019335, 0.05306501, -0.95185095), (-0.32061276, 0.23178343, -0.9184138), (-0.7255659, -0.09093671, -0.6821177), (-0.32061276, 0.23178343, -0.9184138), (-0.3019335, 0.05306501, -0.95185095), (-0.09840864, 0.18884242, -0.97706413), (-0.32061276, 0.23178343, -0.9184138), (-0.30306157, 0.41896123, -0.8559353), (-0.51918894, 0.26245883, -0.8133623), (-0.09840864, 0.18884242, -0.97706413), (-0.16458528, 0.312589, -0.9355211), (-0.32061276, 0.23178343, -0.9184138), (-0.30306157, 0.41896123, -0.8559353), (-0.32061276, 0.23178343, -0.9184138), (-0.16458528, 0.312589, -0.9355211), (-0.5779222, -0.62673455, -0.5226947), (-0.55466133, -0.6953453, -0.4569967), (0.02120861, -0.6700756, -0.74198985), (0.02120861, -0.6700756, -0.74198985), (-0.027910985, -0.5426666, -0.83948445), (-0.5779222, -0.62673455, -0.5226947), (-0.54297215, -0.5431246, -0.6404662), (-0.5779222, -0.62673455, -0.5226947), (-0.027910985, -0.5426666, -0.83948445), (-0.027910985, -0.5426666, -0.83948445), (-0.06403412, -0.39557657, -0.91619813), (-0.54297215, -0.5431246, -0.6404662), (-0.06403412, -0.39557657, -0.91619813), (-0.027910985, -0.5426666, -0.83948445), (0.1571928, -0.44329962, -0.88248277), (-0.56634814, -0.4326675, -0.7014618), (-0.54297215, -0.5431246, -0.6404662), (-0.06403412, -0.39557657, -0.91619813), (0.1571928, -0.44329962, -0.88248277), (0.1399943, -0.26988384, -0.9526618), (-0.06403412, -0.39557657, -0.91619813), (-0.06403412, -0.39557657, -0.91619813), (-0.15543586, -0.24876589, -0.95601004), (-0.56634814, -0.4326675, -0.7014618), (-0.6223338, -0.32701805, -0.71116793), (-0.56634814, -0.4326675, -0.7014618), (-0.15543586, -0.24876589, -0.95601004), (-0.15543586, -0.24876589, -0.95601004), (-0.06403412, -0.39557657, -0.91619813), (0.1399943, -0.26988384, -0.9526618), (0.1399943, -0.26988384, -0.9526618), (0.062450565, -0.1184292, -0.9909967), (-0.15543586, -0.24876589, -0.95601004), (-0.15543586, -0.24876589, -0.95601004), (-0.2360326, -0.10034706, -0.9665501), (-0.6223338, -0.32701805, -0.71116793), (-0.6793925, -0.2203907, -0.6998956), (-0.6223338, -0.32701805, -0.71116793), (-0.2360326, -0.10034706, -0.9665501), (-0.2360326, -0.10034706, -0.9665501), (-0.15543586, -0.24876589, -0.95601004), (0.062450565, -0.1184292, -0.9909967), (0.062450565, -0.1184292, -0.9909967), (-0.018005803, 0.036386814, -0.99917555), (-0.2360326, -0.10034706, -0.9665501), (-0.2360326, -0.10034706, -0.9665501), (-0.30193305, 0.053065103, -0.9518511), (-0.6793925, -0.2203907, -0.6998956), (-0.7255644, -0.09093497, -0.68211967), (-0.6793925, -0.2203907, -0.6998956), (-0.30193305, 0.053065103, -0.9518511), (-0.30193305, 0.053065103, -0.9518511), (-0.2360326, -0.10034706, -0.9665501), (-0.018005803, 0.036386814, -0.99917555), (-0.018005803, 0.036386814, -0.99917555), (-0.09840717, 0.18884256, -0.97706425), (-0.30193305, 0.053065103, -0.9518511), (-0.7255644, -0.09093497, -0.68211967), (-0.5191863, 0.2624629, -0.8133628), (-0.87452215, -0.15324634, -0.46013778), (-0.8876713, -0.05709691, -0.45692426), (-0.87452215, -0.15324634, -0.46013778), (-0.5191863, 0.2624629, -0.8133628), (-0.5191863, 0.2624629, -0.8133628), (-0.5431998, 0.41100773, -0.73212475), (-0.8876713, -0.05709691, -0.45692426), (-0.5191863, 0.2624629, -0.8133628), (-0.7255644, -0.09093497, -0.68211967), (-0.32060817, 0.23178604, -0.9184148), (-0.30193305, 0.053065103, -0.9518511), (-0.32060817, 0.23178604, -0.9184148), (-0.7255644, -0.09093497, -0.68211967), (-0.32060817, 0.23178604, -0.9184148), (-0.30193305, 0.053065103, -0.9518511), (-0.09840717, 0.18884256, -0.97706425), (-0.32060817, 0.23178604, -0.9184148), (-0.30305207, 0.4189685, -0.85593516), (-0.5191863, 0.2624629, -0.8133628), (-0.09840717, 0.18884256, -0.97706425), (-0.16457999, 0.31259063, -0.9355216), (-0.32060817, 0.23178604, -0.9184148), (-0.30305207, 0.4189685, -0.85593516), (-0.32060817, 0.23178604, -0.9184148), (-0.16457999, 0.31259063, -0.9355216), (-0.87458104, -0.13110559, 0.46681833), (-0.91355675, -0.07069068, 0.40052098), (-0.58168584, 0.3776501, 0.72043186), (-0.58168584, 0.3776501, 0.72043186), (-0.5111995, 0.26138735, 0.81875026), (-0.87458104, -0.13110559, 0.46681833), (-0.7932712, -0.1540603, 0.58905536), (-0.87458104, -0.13110559, 0.46681833), (-0.5111995, 0.26138735, 0.81875026), (-0.5111995, 0.26138735, 0.81875026), (-0.4159318, 0.14515738, 0.89773613), (-0.7932712, -0.1540603, 0.58905536), (-0.4159318, 0.14515738, 0.89773613), (-0.5111995, 0.26138735, 0.81875026), (-0.32682902, 0.35478908, 0.875961), (-0.7197863, -0.23836844, 0.6519879), (-0.7932712, -0.1540603, 0.58905536), (-0.4159318, 0.14515738, 0.89773613), (-0.32682902, 0.35478908, 0.875961), (-0.19881846, 0.23919347, 0.95039874), (-0.4159318, 0.14515738, 0.89773613), (-0.4159318, 0.14515738, 0.89773613), (-0.35018215, -0.015037899, 0.9365609), (-0.7197863, -0.23836844, 0.6519879), (-0.6657421, -0.3450316, 0.6616197), (-0.7197863, -0.23836844, 0.6519879), (-0.35018215, -0.015037899, 0.9365609), (-0.35018215, -0.015037899, 0.9365609), (-0.4159318, 0.14515738, 0.89773613), (-0.19881846, 0.23919347, 0.95039874), (-0.19881846, 0.23919347, 0.95039874), (-0.12127076, 0.08774001, 0.98873407), (-0.35018215, -0.015037899, 0.9365609), (-0.35018215, -0.015037899, 0.9365609), (-0.2751847, -0.16637897, 0.9468851), (-0.6657421, -0.3450316, 0.6616197), (-0.6102423, -0.45247173, 0.65028745), (-0.6657421, -0.3450316, 0.6616197), (-0.2751847, -0.16637897, 0.9468851), (-0.2751847, -0.16637897, 0.9468851), (-0.35018215, -0.015037899, 0.9365609), (-0.12127076, 0.08774001, 0.98873407), (-0.12127076, 0.08774001, 0.98873407), (-0.040807974, -0.06707244, 0.9969134), (-0.2751847, -0.16637897, 0.9468851), (-0.2751847, -0.16637897, 0.9468851), (-0.18619114, -0.30774185, 0.9330745), (-0.6102423, -0.45247173, 0.65028745), (-0.52943903, -0.56385833, 0.633844), (-0.6102423, -0.45247173, 0.65028745), (-0.18619114, -0.30774185, 0.9330745), (-0.18619114, -0.30774185, 0.9330745), (-0.2751847, -0.16637897, 0.9468851), (-0.040807974, -0.06707244, 0.9969134), (-0.040807974, -0.06707244, 0.9969134), (0.03958087, -0.21953441, 0.97480154), (-0.18619114, -0.30774185, 0.9330745), (-0.52943903, -0.56385833, 0.633844), (-0.13016497, -0.60125947, 0.7883808), (-0.6520176, -0.6432236, 0.4014182), (-0.5805478, -0.70894563, 0.40045044), (-0.6520176, -0.6432236, 0.4014182), (-0.13016497, -0.60125947, 0.7883808), (-0.13016497, -0.60125947, 0.7883808), (-0.017247856, -0.7034179, 0.71056724), (-0.5805478, -0.70894563, 0.40045044), (-0.13016497, -0.60125947, 0.7883808), (-0.52943903, -0.56385833, 0.633844), (-0.048401944, -0.42431554, 0.9042199), (-0.18619114, -0.30774185, 0.9330745), (-0.048401944, -0.42431554, 0.9042199), (-0.52943903, -0.56385833, 0.633844), (-0.048401944, -0.42431554, 0.9042199), (-0.18619114, -0.30774185, 0.9330745), (0.03958087, -0.21953441, 0.97480154), (-0.048401944, -0.42431554, 0.9042199), (0.11873458, -0.5151363, 0.8488444), (-0.13016497, -0.60125947, 0.7883808), (0.03958087, -0.21953441, 0.97480154), (0.10573989, -0.34329036, 0.9332582), (-0.048401944, -0.42431554, 0.9042199), (0.11873458, -0.5151363, 0.8488444), (-0.048401944, -0.42431554, 0.9042199), (0.10573989, -0.34329036, 0.9332582), (0.3172361, -0.68549937, 0.6553258), (0.2553928, -0.5759267, 0.7765842), (0.22447911, -0.6291008, 0.7442052), (0.22447911, -0.6291008, 0.7442052), (0.2807587, -0.7343056, 0.6180372), (0.3172361, -0.68549937, 0.6553258), (0.2807587, -0.7343056, 0.6180372), (0.22447911, -0.6291008, 0.7442052), (-0.17189041, -0.7443783, 0.64525545), (0.36878163, -0.77393204, 0.51480997), (0.3172361, -0.68549937, 0.6553258), (0.2807587, -0.7343056, 0.6180372), (-0.17189041, -0.7443783, 0.64525545), (-0.11928836, -0.8367139, 0.53449064), (0.2807587, -0.7343056, 0.6180372), (0.2807587, -0.7343056, 0.6180372), (0.32829723, -0.81750643, 0.47318515), (0.36878163, -0.77393204, 0.51480997), (0.32829723, -0.81750643, 0.47318515), (0.2807587, -0.7343056, 0.6180372), (-0.11928836, -0.8367139, 0.53449064), (0.4089816, -0.83943975, 0.35787576), (0.36878163, -0.77393204, 0.51480997), (0.32829723, -0.81750643, 0.47318515), (-0.11928836, -0.8367139, 0.53449064), (-0.07556895, -0.91052234, 0.4064952), (0.32829723, -0.81750643, 0.47318515), (0.32829723, -0.81750643, 0.47318515), (0.3651497, -0.87638277, 0.31403655), (0.4089816, -0.83943975, 0.35787576), (0.3651497, -0.87638277, 0.31403655), (0.32829723, -0.81750643, 0.47318515), (-0.07556895, -0.91052234, 0.4064952), (0.4362285, -0.8793581, 0.19087695), (0.4089816, -0.83943975, 0.35787576), (0.3651497, -0.87638277, 0.31403655), (-0.07556895, -0.91052234, 0.4064952), (-0.04275005, -0.96296954, 0.2661994), (0.3651497, -0.87638277, 0.31403655), (0.3651497, -0.87638277, 0.31403655), (0.3890638, -0.9097527, 0.14484216), (0.4362285, -0.8793581, 0.19087695), (0.3890638, -0.9097527, 0.14484216), (0.3651497, -0.87638277, 0.31403655), (-0.04275005, -0.96296954, 0.2661994), (0.44997287, -0.89287657, 0.017202217), (0.4362285, -0.8793581, 0.19087695), (0.3890638, -0.9097527, 0.14484216), (-0.04275005, -0.96296954, 0.2661994), (-0.021444896, -0.99289864, 0.11701529), (0.3890638, -0.9097527, 0.14484216), (0.3890638, -0.9097527, 0.14484216), (0.3992164, -0.91641784, -0.028369946), (0.44997287, -0.89287657, 0.017202217), (0.3992164, -0.91641784, -0.028369946), (0.3890638, -0.9097527, 0.14484216), (-0.021444896, -0.99289864, 0.11701529), (0.44963288, -0.8794639, -0.15612039), (0.44997287, -0.89287657, 0.017202217), (0.3992164, -0.91641784, -0.028369946), (-0.021444896, -0.99289864, 0.11701529), (-0.012187411, -0.99928105, -0.03590134), (0.3992164, -0.91641784, -0.028369946), (0.3992164, -0.91641784, -0.028369946), (0.3953119, -0.8962279, -0.20125608), (0.44963288, -0.8794639, -0.15612039), (0.3953119, -0.8962279, -0.20125608), (0.3992164, -0.91641784, -0.028369946), (-0.012187411, -0.99928105, -0.03590134), (0.43522868, -0.8393795, -0.3256041), (0.44963288, -0.8794639, -0.15612039), (0.3953119, -0.8962279, -0.20125608), (-0.012187411, -0.99928105, -0.03590134), (-0.015395072, -0.98194844, -0.18852201), (0.3953119, -0.8962279, -0.20125608), (0.3953119, -0.8962279, -0.20125608), (0.37754995, -0.84987444, -0.3676542), (0.43522868, -0.8393795, -0.3256041), (0.37754995, -0.84987444, -0.3676542), (0.3953119, -0.8962279, -0.20125608), (-0.015395072, -0.98194844, -0.18852201), (0.40736854, -0.77424204, -0.48435542), (0.43522868, -0.8393795, -0.3256041), (0.37754995, -0.84987444, -0.3676542), (-0.015395072, -0.98194844, -0.18852201), (-0.030804992, -0.9414935, -0.33562034), (0.37754995, -0.84987444, -0.3676542), (0.37754995, -0.84987444, -0.3676542), (0.346318, -0.77855396, -0.5233715), (0.40736854, -0.77424204, -0.48435542), (0.346318, -0.77855396, -0.5233715), (0.37754995, -0.84987444, -0.3676542), (-0.030804992, -0.9414935, -0.33562034), (0.3665851, -0.6853791, -0.6291827), (0.40736854, -0.77424204, -0.48435542), (0.346318, -0.77855396, -0.5233715), (-0.030804992, -0.9414935, -0.33562034), (-0.058194377, -0.8789916, -0.47327286), (0.346318, -0.77855396, -0.5233715), (0.346318, -0.77855396, -0.5233715), (0.30275416, -0.6847834, -0.6628815), (0.3665851, -0.6853791, -0.6291827), (0.30275416, -0.6847834, -0.6628815), (0.346318, -0.77855396, -0.5233715), (-0.058194377, -0.8789916, -0.47327286), (0.31452274, -0.57639104, -0.7542207), (0.3665851, -0.6853791, -0.6291827), (0.30275416, -0.6847834, -0.6628815), (-0.058194377, -0.8789916, -0.47327286), (-0.09590227, -0.7968868, -0.59646815), (0.30275416, -0.6847834, -0.6628815), (0.30275416, -0.6847834, -0.6628815), (0.25031793, -0.56993806, -0.7826313), (0.31452274, -0.57639104, -0.7542207), (0.25031793, -0.56993806, -0.7826313), (0.30275416, -0.6847834, -0.6628815), (-0.09590227, -0.7968868, -0.59646815), (-0.09590227, -0.7968868, -0.59646815), (-0.14388081, -0.69694525, -0.70254236), (0.25031793, -0.56993806, -0.7826313), (0.18228267, -0.3097753, -0.9331733), (0.25225112, -0.4494793, -0.85693514), (0.18816674, -0.43872407, -0.87870044), (0.18816674, -0.43872407, -0.87870044), (0.11345009, -0.29709467, -0.9480843), (0.18228267, -0.3097753, -0.9331733), (0.11345009, -0.29709467, -0.9480843), (0.18816674, -0.43872407, -0.87870044), (-0.2010886, -0.58244944, -0.7876015), (0.10605538, -0.16011523, -0.9813845), (0.18228267, -0.3097753, -0.9331733), (0.11345009, -0.29709467, -0.9480843), (-0.2010886, -0.58244944, -0.7876015), (-0.26430514, -0.45703062, -0.8492737), (0.11345009, -0.29709467, -0.9480843), (0.11345009, -0.29709467, -0.9480843), (0.035254095, -0.1480639, -0.9883493), (0.10605538, -0.16011523, -0.9813845), (0.035254095, -0.1480639, -0.9883493), (0.11345009, -0.29709467, -0.9480843), (-0.26430514, -0.45703062, -0.8492737), (0.026642717, -0.006541728, -0.9996237), (0.10605538, -0.16011523, -0.9813845), (0.035254095, -0.1480639, -0.9883493), (-0.26430514, -0.45703062, -0.8492737), (-0.33200783, -0.3236939, -0.8859983), (0.035254095, -0.1480639, -0.9883493), (0.035254095, -0.1480639, -0.9883493), (-0.044819403, 0.0061676237, -0.9989762), (0.026642717, -0.006541728, -0.9996237), (-0.044819403, 0.0061676237, -0.9989762), (0.035254095, -0.1480639, -0.9883493), (-0.33200783, -0.3236939, -0.8859983), (-0.054362167, 0.14782052, -0.98751915), (0.026642717, -0.006541728, -0.9996237), (-0.044819403, 0.0061676237, -0.9989762), (-0.33200783, -0.3236939, -0.8859983), (-0.402657, -0.18762858, -0.89591455), (-0.044819403, 0.0061676237, -0.9989762), (-0.044819403, 0.0061676237, -0.9989762), (-0.12521996, 0.15882495, -0.97933376), (-0.054362167, 0.14782052, -0.98751915), (-0.12521996, 0.15882495, -0.97933376), (-0.044819403, 0.0061676237, -0.9989762), (-0.402657, -0.18762858, -0.89591455), (-0.13367604, 0.2967244, -0.94556093), (-0.054362167, 0.14782052, -0.98751915), (-0.12521996, 0.15882495, -0.97933376), (-0.402657, -0.18762858, -0.89591455), (-0.4736236, -0.052746452, -0.87914646), (-0.12521996, 0.15882495, -0.97933376), (-0.12521996, 0.15882495, -0.97933376), (-0.20392928, 0.3060391, -0.929921), (-0.13367604, 0.2967244, -0.94556093), (-0.20392928, 0.3060391, -0.929921), (-0.12521996, 0.15882495, -0.97933376), (-0.4736236, -0.052746452, -0.87914646), (-0.20967394, 0.43715757, -0.87460285), (-0.13367604, 0.2967244, -0.94556093), (-0.20392928, 0.3060391, -0.929921), (-0.4736236, -0.052746452, -0.87914646), (-0.5431591, 0.07729391, -0.83606446), (-0.20392928, 0.3060391, -0.929921), (-0.20392928, 0.3060391, -0.929921), (-0.2781489, 0.44259864, -0.85249037), (-0.20967394, 0.43715757, -0.87460285), (-0.2781489, 0.44259864, -0.85249037), (-0.20392928, 0.3060391, -0.929921), (-0.5431591, 0.07729391, -0.83606446), (-0.27931026, 0.563451, -0.77750164), (-0.20967394, 0.43715757, -0.87460285), (-0.2781489, 0.44259864, -0.85249037), (-0.5431591, 0.07729391, -0.83606446), (-0.6083219, 0.19791593, -0.7686181), (-0.2781489, 0.44259864, -0.85249037), (-0.2781489, 0.44259864, -0.85249037), (-0.3437702, 0.56625146, -0.7491204), (-0.27931026, 0.563451, -0.77750164), (-0.3437702, 0.56625146, -0.7491204), (-0.2781489, 0.44259864, -0.85249037), (-0.6083219, 0.19791593, -0.7686181), (-0.6083219, 0.19791593, -0.7686181), (-0.6688414, 0.30644873, -0.6773037), (-0.3437702, 0.56625146, -0.7491204), (-0.34112507, 0.6730337, -0.65624636), (-0.27931026, 0.563451, -0.77750164), (-0.3437702, 0.56625146, -0.7491204), (-0.3437702, 0.56625146, -0.7491204), (-0.40414596, 0.66992545, -0.6227891), (-0.34112507, 0.6730337, -0.65624636), (-0.40414596, 0.66992545, -0.6227891), (-0.3437702, 0.56625146, -0.7491204), (-0.6688414, 0.30644873, -0.6773037), (-0.39266396, 0.7614702, -0.51573086), (-0.34112507, 0.6730337, -0.65624636), (-0.40414596, 0.66992545, -0.6227891), (-0.6688414, 0.30644873, -0.6773037), (-0.72070783, 0.39807287, -0.56755465), (-0.40414596, 0.66992545, -0.6227891), (-0.40414596, 0.66992545, -0.6227891), (-0.4508491, 0.7537168, -0.47816968), (-0.39266396, 0.7614702, -0.51573086), (-0.4508491, 0.7537168, -0.47816968), (-0.40414596, 0.66992545, -0.6227891), (-0.72070783, 0.39807287, -0.56755465), (-0.72070783, 0.39807287, -0.56755465), (-0.76450396, 0.47221202, -0.43880475), (-0.4508491, 0.7537168, -0.47816968), (-0.43288833, 0.82696515, -0.3587985), (-0.39266396, 0.7614702, -0.51573086), (-0.4508491, 0.7537168, -0.47816968), (-0.4508491, 0.7537168, -0.47816968), (-0.48939326, 0.8119099, -0.31827128), (-0.43288833, 0.82696515, -0.3587985), (-0.48939326, 0.8119099, -0.31827128), (-0.4508491, 0.7537168, -0.47816968), (-0.76450396, 0.47221202, -0.43880475), (-0.4601484, 0.8668784, -0.19179526), (-0.43288833, 0.82696515, -0.3587985), (-0.48939326, 0.8119099, -0.31827128), (-0.76450396, 0.47221202, -0.43880475), (-0.797367, 0.52417654, -0.2990733), (-0.48939326, 0.8119099, -0.31827128), (-0.48939326, 0.8119099, -0.31827128), (-0.5147257, 0.8441889, -0.14967479), (-0.4601484, 0.8668784, -0.19179526), (-0.5147257, 0.8441889, -0.14967479), (-0.48939326, 0.8119099, -0.31827128), (-0.797367, 0.52417654, -0.2990733), (-0.47387418, 0.88040614, -0.018121624), (-0.4601484, 0.8668784, -0.19179526), (-0.5147257, 0.8441889, -0.14967479), (-0.797367, 0.52417654, -0.2990733), (-0.81860197, 0.5546094, -0.14932925), (-0.5147257, 0.8441889, -0.14967479), (-0.5147257, 0.8441889, -0.14967479), (-0.52485985, 0.8508632, 0.023537638), (-0.47387418, 0.88040614, -0.018121624), (-0.52485985, 0.8508632, 0.023537638), (-0.5147257, 0.8441889, -0.14967479), (-0.81860197, 0.5546094, -0.14932925), (-0.4735436, 0.86698854, 0.15520148), (-0.47387418, 0.88040614, -0.018121624), (-0.52485985, 0.8508632, 0.023537638), (-0.81860197, 0.5546094, -0.14932925), (-0.82779235, 0.5610232, 0.0035899328), (-0.52485985, 0.8508632, 0.023537638), (-0.52485985, 0.8508632, 0.023537638), (-0.52098346, 0.83065945, 0.19642107), (-0.4735436, 0.86698854, 0.15520148), (-0.52098346, 0.83065945, 0.19642107), (-0.52485985, 0.8508632, 0.023537638), (-0.82779235, 0.5610232, 0.0035899328), (-0.45915085, 0.82689905, 0.32468215), (-0.4735436, 0.86698854, 0.15520148), (-0.52098346, 0.83065945, 0.19642107), (-0.82779235, 0.5610232, 0.0035899328), (-0.82464296, 0.5436569, 0.15620892), (-0.52098346, 0.83065945, 0.19642107), (-0.52098346, 0.83065945, 0.19642107), (-0.50319415, 0.7843184, 0.36282268), (-0.45915085, 0.82689905, 0.32468215), (-0.50319415, 0.7843184, 0.36282268), (-0.52098346, 0.83065945, 0.19642107), (-0.82464296, 0.5436569, 0.15620892), (-0.4312694, 0.7617697, 0.48343956), (-0.45915085, 0.82689905, 0.32468215), (-0.50319415, 0.7843184, 0.36282268), (-0.82464296, 0.5436569, 0.15620892), (-0.8090116, 0.50387937, 0.30266458), (-0.50319415, 0.7843184, 0.36282268), (-0.50319415, 0.7843184, 0.36282268), (-0.46893921, 0.7149168, 0.5186424), (-0.4312694, 0.7617697, 0.48343956), (-0.46893921, 0.7149168, 0.5186424), (-0.50319415, 0.7843184, 0.36282268), (-0.8090116, 0.50387937, 0.30266458), (-0.8090116, 0.50387937, 0.30266458), (-0.7818844, 0.44069627, 0.44095793), (-0.46893921, 0.7149168, 0.5186424), (-0.39046818, 0.67291963, 0.62826264), (-0.4312694, 0.7617697, 0.48343956), (-0.46893921, 0.7149168, 0.5186424), (-0.46893921, 0.7149168, 0.5186424), (-0.42670295, 0.61976826, 0.65864396), (-0.39046818, 0.67291963, 0.62826264), (-0.42670295, 0.61976826, 0.65864396), (-0.46893921, 0.7149168, 0.5186424), (-0.7818844, 0.44069627, 0.44095793), (-0.33841366, 0.5639278, 0.7533005), (-0.39046818, 0.67291963, 0.62826264), (-0.42670295, 0.61976826, 0.65864396), (-0.7818844, 0.44069627, 0.44095793), (-0.7470012, 0.35232857, 0.5637854), (-0.42670295, 0.61976826, 0.65864396), (-0.42670295, 0.61976826, 0.65864396), (-0.38024765, 0.5008351, 0.77754486), (-0.33841366, 0.5639278, 0.7533005), (-0.38024765, 0.5008351, 0.77754486), (-0.42670295, 0.61976826, 0.65864396), (-0.7470012, 0.35232857, 0.5637854), (-0.7470012, 0.35232857, 0.5637854), (-0.8356516, 0.06522217, 0.54537374), (-0.38024765, 0.5008351, 0.77754486), (-0.2761501, 0.4370077, 0.85601723), (-0.33841366, 0.5639278, 0.7533005), (-0.38024765, 0.5008351, 0.77754486), (-0.38024765, 0.5008351, 0.77754486), (-0.32671845, 0.36537147, 0.8716414), (-0.2761501, 0.4370077, 0.85601723), (-0.32671845, 0.36537147, 0.8716414), (-0.38024765, 0.5008351, 0.77754486), (-0.8356516, 0.06522217, 0.54537374), (-0.20619918, 0.29730406, 0.9322512), (-0.2761501, 0.4370077, 0.85601723), (-0.32671845, 0.36537147, 0.8716414), (-0.8356516, 0.06522217, 0.54537374), (-0.7922582, -0.020975078, 0.60982543), (-0.32671845, 0.36537147, 0.8716414), (-0.32671845, 0.36537147, 0.8716414), (-0.25903052, 0.22202837, 0.94000363), (-0.20619918, 0.29730406, 0.9322512), (-0.25903052, 0.22202837, 0.94000363), (-0.32671845, 0.36537147, 0.8716414), (-0.7922582, -0.020975078, 0.60982543), (-0.12997124, 0.1476326, 0.9804653), (-0.20619918, 0.29730406, 0.9322512), (-0.25903052, 0.22202837, 0.94000363), (-0.7922582, -0.020975078, 0.60982543), (-0.7400533, -0.12510422, 0.66081023), (-0.25903052, 0.22202837, 0.94000363), (-0.25903052, 0.22202837, 0.94000363), (-0.1823138, 0.072014, 0.98059964), (-0.12997124, 0.1476326, 0.9804653), (-0.1823138, 0.072014, 0.98059964), (-0.25903052, 0.22202837, 0.94000363), (-0.7400533, -0.12510422, 0.66081023), (-0.05054584, -0.00592985, 0.9987042), (-0.12997124, 0.1476326, 0.9804653), (-0.1823138, 0.072014, 0.98059964), (-0.7400533, -0.12510422, 0.66081023), (-0.68435466, -0.23397303, 0.69059056), (-0.1823138, 0.072014, 0.98059964), (-0.1823138, 0.072014, 0.98059964), (-0.1024329, -0.08189421, 0.99136317), (-0.05054584, -0.00592985, 0.9987042), (-0.1024329, -0.08189421, 0.99136317), (-0.1823138, 0.072014, 0.98059964), (-0.68435466, -0.23397303, 0.69059056), (0.030455863, -0.16029403, 0.98659945), (-0.05054584, -0.00592985, 0.9987042), (-0.1024329, -0.08189421, 0.99136317), (-0.68435466, -0.23397303, 0.69059056), (-0.626413, -0.34571302, 0.6986339), (-0.1024329, -0.08189421, 0.99136317), (-0.1024329, -0.08189421, 0.99136317), (-0.022169972, -0.23426934, 0.97191894), (0.030455863, -0.16029403, 0.98659945), (-0.022169972, -0.23426934, 0.97191894), (-0.1024329, -0.08189421, 0.99136317), (-0.626413, -0.34571302, 0.6986339), (0.109757, -0.30919904, 0.9446424), (0.030455863, -0.16029403, 0.98659945), (-0.022169972, -0.23426934, 0.97191894), (-0.626413, -0.34571302, 0.6986339), (-0.5680902, -0.4563937, 0.68481994), (-0.022169972, -0.23426934, 0.97191894), (-0.022169972, -0.23426934, 0.97191894), (0.05638067, -0.38122857, 0.92276007), (0.109757, -0.30919904, 0.9446424), (0.05638067, -0.38122857, 0.92276007), (-0.022169972, -0.23426934, 0.97191894), (-0.5680902, -0.4563937, 0.68481994), (0.18575495, -0.44964382, 0.8736794), (0.109757, -0.30919904, 0.9446424), (0.05638067, -0.38122857, 0.92276007), (-0.5680902, -0.4563937, 0.68481994), (-0.51876354, -0.5588788, 0.64694583), (0.05638067, -0.38122857, 0.92276007), (0.05638067, -0.38122857, 0.92276007), (0.14732726, -0.5083105, 0.84847814), (0.18575495, -0.44964382, 0.8736794), (0.14732726, -0.5083105, 0.84847814), (0.05638067, -0.38122857, 0.92276007), (-0.51876354, -0.5588788, 0.64694583), (-0.51876354, -0.5588788, 0.64694583), (-0.17639297, -0.62829334, 0.7577157), (0.14732726, -0.5083105, 0.84847814), (0.1965034, -0.7156755, -0.67022026), (0.19070025, -0.5843041, -0.78881073), (0.015833482, -0.6734735, -0.73904186), (0.015833482, -0.6734735, -0.73904186), (-0.008493935, -0.7916554, -0.6109088), (0.1965034, -0.7156755, -0.67022026), (0.2221002, -0.81795067, -0.53068674), (0.1965034, -0.7156755, -0.67022026), (-0.008493935, -0.7916554, -0.6109088), (-0.008493935, -0.7916554, -0.6109088), (-0.0009845553, -0.88355494, -0.46832663), (0.2221002, -0.81795067, -0.53068674), (0.2538936, -0.89004105, -0.3786358), (0.2221002, -0.81795067, -0.53068674), (-0.0009845553, -0.88355494, -0.46832663), (-0.0009845553, -0.88355494, -0.46832663), (0.02571425, -0.9451277, -0.32568774), (0.2538936, -0.89004105, -0.3786358), (0.27242795, -0.9375965, -0.2160925), (0.2538936, -0.89004105, -0.3786358), (0.02571425, -0.9451277, -0.32568774), (0.02571425, -0.9451277, -0.32568774), (0.040112868, -0.98404324, -0.17334914), (0.27242795, -0.9375965, -0.2160925), (0.2774136, -0.9596325, -0.046338335), (0.27242795, -0.9375965, -0.2160925), (0.040112868, -0.98404324, -0.17334914), (0.040112868, -0.98404324, -0.17334914), (0.041917346, -0.9989859, -0.016433733), (0.2774136, -0.9596325, -0.046338335), (0.26857805, -0.9552764, 0.12374478), (0.2774136, -0.9596325, -0.046338335), (0.041917346, -0.9989859, -0.016433733), (0.041917346, -0.9989859, -0.016433733), (0.030911999, -0.9895565, 0.14079209), (0.26857805, -0.9552764, 0.12374478), (0.24617857, -0.9245917, 0.2907339), (0.26857805, -0.9552764, 0.12374478), (0.030911999, -0.9895565, 0.14079209), (0.030911999, -0.9895565, 0.14079209), (0.0075259334, -0.95648515, 0.29168406), (0.24617857, -0.9245917, 0.2907339), (0.22234884, -0.86496514, 0.44988477), (0.24617857, -0.9245917, 0.2907339), (0.0075259334, -0.95648515, 0.29168406), (0.0075259334, -0.95648515, 0.29168406), (-0.0275135, -0.89943343, 0.43619093), (0.22234884, -0.86496514, 0.44988477), (0.16957894, -0.7876372, 0.5923434), (0.22234884, -0.86496514, 0.44988477), (-0.0275135, -0.89943343, 0.43619093), (-0.0275135, -0.89943343, 0.43619093), (-0.0720211, -0.8223743, 0.56437004), (0.16957894, -0.7876372, 0.5923434), (0.112454236, -0.68630594, 0.7185668), (0.16957894, -0.7876372, 0.5923434), (-0.0720211, -0.8223743, 0.56437004), (-0.0720211, -0.8223743, 0.56437004), (-0.12801263, -0.72453445, 0.67724633), (0.112454236, -0.68630594, 0.7185668), (0.043663505, -0.56888336, 0.8212583), (0.112454236, -0.68630594, 0.7185668), (-0.12801263, -0.72453445, 0.67724633), (-0.12801263, -0.72453445, 0.67724633), (-0.19023524, -0.612244, 0.76744246), (0.043663505, -0.56888336, 0.8212583), (-0.0317974, -0.43670166, 0.8990443), (0.043663505, -0.56888336, 0.8212583), (-0.19023524, -0.612244, 0.76744246), (-0.19023524, -0.612244, 0.76744246), (-0.25853524, -0.48595813, 0.8348678), (-0.0317974, -0.43670166, 0.8990443), (-0.10897022, -0.29257348, 0.9500138), (-0.0317974, -0.43670166, 0.8990443), (-0.25853524, -0.48595813, 0.8348678), (-0.25853524, -0.48595813, 0.8348678), (-0.33014655, -0.35167667, 0.8759719), (-0.10897022, -0.29257348, 0.9500138), (-0.18779454, -0.1430993, 0.9717283), (-0.10897022, -0.29257348, 0.9500138), (-0.33014655, -0.35167667, 0.8759719), (-0.33014655, -0.35167667, 0.8759719), (-0.40335056, -0.21248439, 0.89003307), (-0.18779454, -0.1430993, 0.9717283), (-0.26666284, 0.008690505, 0.96375084), (-0.18779454, -0.1430993, 0.9717283), (-0.40335056, -0.21248439, 0.89003307), (-0.40335056, -0.21248439, 0.89003307), (-0.47557008, -0.073018506, 0.8766422), (-0.26666284, 0.008690505, 0.96375084), (-0.34243572, 0.15663631, 0.92639244), (-0.26666284, 0.008690505, 0.96375084), (-0.47557008, -0.073018506, 0.8766422), (-0.47557008, -0.073018506, 0.8766422), (-0.5449487, 0.062902436, 0.8361066), (-0.34243572, 0.15663631, 0.92639244), (-0.41352007, 0.29779094, 0.8604195), (-0.34243572, 0.15663631, 0.92639244), (-0.5449487, 0.062902436, 0.8361066), (-0.5449487, 0.062902436, 0.8361066), (-0.60876286, 0.1905847, 0.77012026), (-0.41352007, 0.29779094, 0.8604195), (-0.47207272, 0.4303006, 0.7694081), (-0.41352007, 0.29779094, 0.8604195), (-0.60876286, 0.1905847, 0.77012026), (-0.60876286, 0.1905847, 0.77012026), (-0.66628987, 0.30697656, 0.6795759), (-0.47207272, 0.4303006, 0.7694081), (-0.5291635, 0.5413836, 0.65336806), (-0.47207272, 0.4303006, 0.7694081), (-0.66628987, 0.30697656, 0.6795759), (-0.66628987, 0.30697656, 0.6795759), (-0.7143544, 0.4061303, 0.5698738), (-0.5291635, 0.5413836, 0.65336806), (-0.56610364, 0.6410688, 0.5182254), (-0.5291635, 0.5413836, 0.65336806), (-0.7143544, 0.4061303, 0.5698738), (-0.7143544, 0.4061303, 0.5698738), (-0.75271416, 0.49031332, 0.43933383), (-0.56610364, 0.6410688, 0.5182254), (-0.60261315, 0.70904547, 0.36621335), (-0.56610364, 0.6410688, 0.5182254), (-0.75271416, 0.49031332, 0.43933383), (-0.75271416, 0.49031332, 0.43933383), (-0.7789469, 0.5518092, 0.29790676), (-0.60261315, 0.70904547, 0.36621335), (-0.6258645, 0.7531852, 0.20249844), (-0.60261315, 0.70904547, 0.36621335), (-0.7789469, 0.5518092, 0.29790676), (-0.7789469, 0.5518092, 0.29790676), (-0.7937818, 0.59082216, 0.1443592), (-0.6258645, 0.7531852, 0.20249844), (-0.63080776, 0.77524805, 0.032744054), (-0.6258645, 0.7531852, 0.20249844), (-0.7937818, 0.59082216, 0.1443592), (-0.7937818, 0.59082216, 0.1443592), (-0.79551446, 0.6058044, -0.012556951), (-0.63080776, 0.77524805, 0.032744054), (-0.6220122, 0.7708679, -0.13734454), (-0.63080776, 0.77524805, 0.032744054), (-0.79551446, 0.6058044, -0.012556951), (-0.79551446, 0.6058044, -0.012556951), (-0.78457445, 0.5963358, -0.16978398), (-0.6220122, 0.7708679, -0.13734454), (-0.59956783, 0.74020565, -0.3043259), (-0.6220122, 0.7708679, -0.13734454), (-0.78457445, 0.5963358, -0.16978398), (-0.78457445, 0.5963358, -0.16978398), (-0.76170814, 0.5629915, -0.32068893), (-0.59956783, 0.74020565, -0.3043259), (-0.5547183, 0.6915478, -0.4626546), (-0.59956783, 0.74020565, -0.3043259), (-0.76170814, 0.5629915, -0.32068893), (-0.76170814, 0.5629915, -0.32068893), (-0.7262085, 0.50618786, -0.46518287), (-0.5547183, 0.6915478, -0.4626546), (-0.51280606, 0.6085563, -0.60554886), (-0.5547183, 0.6915478, -0.4626546), (-0.7262085, 0.50618786, -0.46518287), (-0.7262085, 0.50618786, -0.46518287), (-0.68074083, 0.42224324, -0.5985839), (-0.51280606, 0.6085563, -0.60554886), (-0.40268368, 0.5436862, -0.7363772), (-0.51280606, 0.6085563, -0.60554886), (-0.68074083, 0.42224324, -0.5985839), (-0.68074083, 0.42224324, -0.5985839), (-0.4520168, 0.46220663, -0.76291937), (-0.40268368, 0.5436862, -0.7363772), (-0.68074083, 0.42224324, -0.5985839), (-0.8614921, 0.030262288, -0.50686854), (-0.4520168, 0.46220663, -0.76291937), (-0.27884567, 0.45599732, -0.84516954), (-0.40268368, 0.5436862, -0.7363772), (-0.4520168, 0.46220663, -0.76291937), (-0.4520168, 0.46220663, -0.76291937), (-0.43760493, 0.32938412, -0.83666486), (-0.27884567, 0.45599732, -0.84516954), (-0.43760493, 0.32938412, -0.83666486), (-0.4520168, 0.46220663, -0.76291937), (-0.8614921, 0.030262288, -0.50686854), (-0.8614921, 0.030262288, -0.50686854), (-0.81602615, -0.06398372, -0.57446265), (-0.43760493, 0.32938412, -0.83666486), (-0.20514995, 0.32057315, -0.92474127), (-0.27884567, 0.45599732, -0.84516954), (-0.43760493, 0.32938412, -0.83666486), (-0.37248498, 0.19150718, -0.9080639), (-0.43760493, 0.32938412, -0.83666486), (-0.81602615, -0.06398372, -0.57446265), (-0.43760493, 0.32938412, -0.83666486), (-0.37248498, 0.19150718, -0.9080639), (-0.20514995, 0.32057315, -0.92474127), (-0.81602615, -0.06398372, -0.57446265), (-0.76918733, -0.1530411, -0.62042665), (-0.37248498, 0.19150718, -0.9080639), (-0.12659462, 0.17377701, -0.97661424), (-0.20514995, 0.32057315, -0.92474127), (-0.37248498, 0.19150718, -0.9080639), (-0.2964002, 0.04915027, -0.95379835), (-0.37248498, 0.19150718, -0.9080639), (-0.76918733, -0.1530411, -0.62042665), (-0.37248498, 0.19150718, -0.9080639), (-0.2964002, 0.04915027, -0.95379835), (-0.12659462, 0.17377701, -0.97661424), (-0.76918733, -0.1530411, -0.62042665), (-0.7190178, -0.24698663, -0.6496238), (-0.2964002, 0.04915027, -0.95379835), (-0.046338953, 0.021552337, -0.99869335), (-0.12659462, 0.17377701, -0.97661424), (-0.2964002, 0.04915027, -0.95379835), (-0.21877569, -0.098489, -0.97079206), (-0.2964002, 0.04915027, -0.95379835), (-0.7190178, -0.24698663, -0.6496238), (-0.2964002, 0.04915027, -0.95379835), (-0.21877569, -0.098489, -0.97079206), (-0.046338953, 0.021552337, -0.99869335), (-0.7190178, -0.24698663, -0.6496238), (-0.667828, -0.34443405, -0.65982646), (-0.21877569, -0.098489, -0.97079206), (0.033996813, -0.13301045, -0.9905314), (-0.046338953, 0.021552337, -0.99869335), (-0.21877569, -0.098489, -0.97079206), (-0.1417065, -0.24701072, -0.9585954), (-0.21877569, -0.098489, -0.97079206), (-0.667828, -0.34443405, -0.65982646), (-0.21877569, -0.098489, -0.97079206), (-0.1417065, -0.24701072, -0.9585954), (0.033996813, -0.13301045, -0.9905314), (-0.667828, -0.34443405, -0.65982646), (-0.6171421, -0.44214782, -0.65087724), (-0.1417065, -0.24701072, -0.9585954), (0.111123234, -0.28368214, -0.952458), (0.033996813, -0.13301045, -0.9905314), (-0.1417065, -0.24701072, -0.9585954), (-0.0640137, -0.39649656, -0.91580176), (-0.1417065, -0.24701072, -0.9585954), (-0.6171421, -0.44214782, -0.65087724), (-0.1417065, -0.24701072, -0.9585954), (-0.0640137, -0.39649656, -0.91580176), (0.111123234, -0.28368214, -0.952458), (0.14400168, -0.4484217, -0.882146), (0.111123234, -0.28368214, -0.952458), (-0.0640137, -0.39649656, -0.91580176), (-0.6171421, -0.44214782, -0.65087724), (-0.5790265, -0.545042, -0.6063478), (-0.0640137, -0.39649656, -0.91580176), (-0.0640137, -0.39649656, -0.91580176), (-0.029584661, -0.5441482, -0.8384674), (0.14400168, -0.4484217, -0.882146), (-0.029584661, -0.5441482, -0.8384674), (-0.0640137, -0.39649656, -0.91580176), (-0.5790265, -0.545042, -0.6063478), (0.3172361, -0.68549937, 0.6553258), (0.2553928, -0.5759267, 0.7765842), (0.22449033, -0.6290951, 0.7442066), (0.22449033, -0.6290951, 0.7442066), (0.28076184, -0.73430604, 0.6180352), (0.3172361, -0.68549937, 0.6553258), (0.28076184, -0.73430604, 0.6180352), (0.22449033, -0.6290951, 0.7442066), (-0.17189482, -0.7443804, 0.645252), (0.36877865, -0.7739354, 0.51480716), (0.3172361, -0.68549937, 0.6553258), (0.28076184, -0.73430604, 0.6180352), (-0.17189482, -0.7443804, 0.645252), (-0.11929189, -0.8367167, 0.53448546), (0.28076184, -0.73430604, 0.6180352), (0.28076184, -0.73430604, 0.6180352), (0.32829887, -0.8175063, 0.47318426), (0.36877865, -0.7739354, 0.51480716), (0.32829887, -0.8175063, 0.47318426), (0.28076184, -0.73430604, 0.6180352), (-0.11929189, -0.8367167, 0.53448546), (0.40898195, -0.83943826, 0.3578789), (0.36877865, -0.7739354, 0.51480716), (0.32829887, -0.8175063, 0.47318426), (-0.11929189, -0.8367167, 0.53448546), (-0.075560175, -0.9105212, 0.40649965), (0.32829887, -0.8175063, 0.47318426), (0.32829887, -0.8175063, 0.47318426), (0.3651526, -0.87638026, 0.31404004), (0.40898195, -0.83943826, 0.3578789), (0.3651526, -0.87638026, 0.31404004), (0.32829887, -0.8175063, 0.47318426), (-0.075560175, -0.9105212, 0.40649965), (0.4362268, -0.8793589, 0.19087747), (0.40898195, -0.83943826, 0.3578789), (0.3651526, -0.87638026, 0.31404004), (-0.075560175, -0.9105212, 0.40649965), (-0.04275005, -0.96296954, 0.2661994), (0.3651526, -0.87638026, 0.31404004), (0.3651526, -0.87638026, 0.31404004), (0.38906276, -0.9097534, 0.1448413), (0.4362268, -0.8793589, 0.19087747), (0.38906276, -0.9097534, 0.1448413), (0.3651526, -0.87638026, 0.31404004), (-0.04275005, -0.96296954, 0.2661994), (0.4499722, -0.8928769, 0.017202018), (0.4362268, -0.8793589, 0.19087747), (0.38906276, -0.9097534, 0.1448413), (-0.04275005, -0.96296954, 0.2661994), (-0.021446615, -0.9928986, 0.11701468), (0.38906276, -0.9097534, 0.1448413), (0.38906276, -0.9097534, 0.1448413), (0.3992164, -0.91641784, -0.028369946), (0.4499722, -0.8928769, 0.017202018), (0.3992164, -0.91641784, -0.028369946), (0.38906276, -0.9097534, 0.1448413), (-0.021446615, -0.9928986, 0.11701468), (0.4496329, -0.8794639, -0.15612082), (0.4499722, -0.8928769, 0.017202018), (0.3992164, -0.91641784, -0.028369946), (-0.021446615, -0.9928986, 0.11701468), (-0.012187411, -0.99928105, -0.03590134), (0.3992164, -0.91641784, -0.028369946), (0.3992164, -0.91641784, -0.028369946), (0.39531255, -0.8962276, -0.20125653), (0.4496329, -0.8794639, -0.15612082), (0.39531255, -0.8962276, -0.20125653), (0.3992164, -0.91641784, -0.028369946), (-0.012187411, -0.99928105, -0.03590134), (0.43523136, -0.83937824, -0.32560405), (0.4496329, -0.8794639, -0.15612082), (0.39531255, -0.8962276, -0.20125653), (-0.012187411, -0.99928105, -0.03590134), (-0.015397046, -0.9819484, -0.18852206), (0.39531255, -0.8962276, -0.20125653), (0.39531255, -0.8962276, -0.20125653), (0.37755075, -0.84987396, -0.36765444), (0.43523136, -0.83937824, -0.32560405), (0.37755075, -0.84987396, -0.36765444), (0.39531255, -0.8962276, -0.20125653), (-0.015397046, -0.9819484, -0.18852206), (0.40736637, -0.7742432, -0.4843555), (0.43523136, -0.83937824, -0.32560405), (0.37755075, -0.84987396, -0.36765444), (-0.015397046, -0.9819484, -0.18852206), (-0.030798597, -0.94149405, -0.33561984), (0.37755075, -0.84987396, -0.36765444), (0.37755075, -0.84987396, -0.36765444), (0.34632376, -0.7785517, -0.52337086), (0.40736637, -0.7742432, -0.4843555), (0.34632376, -0.7785517, -0.52337086), (0.37755075, -0.84987396, -0.36765444), (-0.030798597, -0.94149405, -0.33561984), (0.36658338, -0.68538123, -0.6291813), (0.40736637, -0.7742432, -0.4843555), (0.34632376, -0.7785517, -0.52337086), (-0.030798597, -0.94149405, -0.33561984), (-0.058178406, -0.8789926, -0.47327313), (0.34632376, -0.7785517, -0.52337086), (0.34632376, -0.7785517, -0.52337086), (0.30276725, -0.6847788, -0.6628802), (0.36658338, -0.68538123, -0.6291813), (0.30276725, -0.6847788, -0.6628802), (0.34632376, -0.7785517, -0.52337086), (-0.058178406, -0.8789926, -0.47327313), (0.31452203, -0.57638955, -0.7542222), (0.36658338, -0.68538123, -0.6291813), (0.30276725, -0.6847788, -0.6628802), (-0.058178406, -0.8789926, -0.47327313), (-0.095916115, -0.796885, -0.5964684), (0.30276725, -0.6847788, -0.6628802), (0.30276725, -0.6847788, -0.6628802), (0.250319, -0.5699346, -0.7826335), (0.31452203, -0.57638955, -0.7542222), (0.250319, -0.5699346, -0.7826335), (0.30276725, -0.6847788, -0.6628802), (-0.095916115, -0.796885, -0.5964684), (-0.095916115, -0.796885, -0.5964684), (-0.14388517, -0.6969443, -0.7025423), (0.250319, -0.5699346, -0.7826335), (0.18229564, -0.30977443, -0.93317103), (0.2522577, -0.4494759, -0.85693496), (0.18817934, -0.4387237, -0.87869793), (0.18817934, -0.4387237, -0.87869793), (0.113452464, -0.29709274, -0.9480846), (0.18229564, -0.30977443, -0.93317103), (0.113452464, -0.29709274, -0.9480846), (0.18817934, -0.4387237, -0.87869793), (-0.20108747, -0.58245265, -0.78759944), (0.10605775, -0.16011074, -0.98138493), (0.18229564, -0.30977443, -0.93317103), (0.113452464, -0.29709274, -0.9480846), (-0.20108747, -0.58245265, -0.78759944), (-0.2643237, -0.45703253, -0.8492669), (0.113452464, -0.29709274, -0.9480846), (0.113452464, -0.29709274, -0.9480846), (0.035250008, -0.1480627, -0.9883496), (0.10605775, -0.16011074, -0.98138493), (0.035250008, -0.1480627, -0.9883496), (0.113452464, -0.29709274, -0.9480846), (-0.2643237, -0.45703253, -0.8492669), (0.026642717, -0.006541728, -0.9996237), (0.10605775, -0.16011074, -0.98138493), (0.035250008, -0.1480627, -0.9883496), (-0.2643237, -0.45703253, -0.8492669), (-0.3319846, -0.3236858, -0.88600993), (0.035250008, -0.1480627, -0.9883496), (0.035250008, -0.1480627, -0.9883496), (-0.044819403, 0.0061676237, -0.9989762), (0.026642717, -0.006541728, -0.9996237), (-0.044819403, 0.0061676237, -0.9989762), (0.035250008, -0.1480627, -0.9883496), (-0.3319846, -0.3236858, -0.88600993), (-0.054362167, 0.14782052, -0.98751915), (0.026642717, -0.006541728, -0.9996237), (-0.044819403, 0.0061676237, -0.9989762), (-0.3319846, -0.3236858, -0.88600993), (-0.40264672, -0.18762116, -0.8959208), (-0.044819403, 0.0061676237, -0.9989762), (-0.044819403, 0.0061676237, -0.9989762), (-0.12521586, 0.15882389, -0.9793345), (-0.054362167, 0.14782052, -0.98751915), (-0.12521586, 0.15882389, -0.9793345), (-0.044819403, 0.0061676237, -0.9989762), (-0.40264672, -0.18762116, -0.8959208), (-0.13366763, 0.2967258, -0.94556165), (-0.054362167, 0.14782052, -0.98751915), (-0.12521586, 0.15882389, -0.9793345), (-0.40264672, -0.18762116, -0.8959208), (-0.47360662, -0.05273924, -0.8791561), (-0.12521586, 0.15882389, -0.9793345), (-0.12521586, 0.15882389, -0.9793345), (-0.20392928, 0.3060391, -0.929921), (-0.13366763, 0.2967258, -0.94556165), (-0.20392928, 0.3060391, -0.929921), (-0.12521586, 0.15882389, -0.9793345), (-0.47360662, -0.05273924, -0.8791561), (-0.2096727, 0.43716344, -0.87460023), (-0.13366763, 0.2967258, -0.94556165), (-0.20392928, 0.3060391, -0.929921), (-0.47360662, -0.05273924, -0.8791561), (-0.54248327, 0.076899014, -0.8365396), (-0.20392928, 0.3060391, -0.929921), (-0.20392928, 0.3060391, -0.929921), (-0.27496698, 0.44424054, -0.8526686), (-0.2096727, 0.43716344, -0.87460023), (-0.27496698, 0.44424054, -0.8526686), (-0.20392928, 0.3060391, -0.929921), (-0.54248327, 0.076899014, -0.8365396), (-0.54248327, 0.076899014, -0.8365396), (-0.6083182, 0.19792116, -0.7686198), (-0.27496698, 0.44424054, -0.8526686), (-0.34112173, 0.673034, -0.65624785), (-0.27930444, 0.5634541, -0.7775015), (-0.34244037, 0.5675566, -0.7487418), (-0.34244037, 0.5675566, -0.7487418), (-0.40414762, 0.66992396, -0.6227894), (-0.34112173, 0.673034, -0.65624785), (-0.40414762, 0.66992396, -0.6227894), (-0.34244037, 0.5675566, -0.7487418), (-0.668876, 0.30570877, -0.677604), (-0.39266396, 0.7614702, -0.51573086), (-0.34112173, 0.673034, -0.65624785), (-0.40414762, 0.66992396, -0.6227894), (-0.668876, 0.30570877, -0.677604), (-0.7212268, 0.39817134, -0.56682575), (-0.40414762, 0.66992396, -0.6227894), (-0.40414762, 0.66992396, -0.6227894), (-0.45395854, 0.7519442, -0.47801855), (-0.39266396, 0.7614702, -0.51573086), (-0.45395854, 0.7519442, -0.47801855), (-0.40414762, 0.66992396, -0.6227894), (-0.7212268, 0.39817134, -0.56682575), (-0.43289396, 0.8269631, -0.3587966), (-0.39266396, 0.7614702, -0.51573086), (-0.45395854, 0.7519442, -0.47801855), (-0.7212268, 0.39817134, -0.56682575), (-0.7645004, 0.4722181, -0.43880448), (-0.45395854, 0.7519442, -0.47801855), (-0.45395854, 0.7519442, -0.47801855), (-0.49080208, 0.81082356, -0.31887072), (-0.43289396, 0.8269631, -0.3587966), (-0.49080208, 0.81082356, -0.31887072), (-0.45395854, 0.7519442, -0.47801855), (-0.7645004, 0.4722181, -0.43880448), (-0.46014744, 0.86687833, -0.19179763), (-0.43289396, 0.8269631, -0.3587966), (-0.49080208, 0.81082356, -0.31887072), (-0.7645004, 0.4722181, -0.43880448), (-0.7972261, 0.52471256, -0.2985086), (-0.49080208, 0.81082356, -0.31887072), (-0.49080208, 0.81082356, -0.31887072), (-0.5147242, 0.84418976, -0.14967568), (-0.46014744, 0.86687833, -0.19179763), (-0.5147242, 0.84418976, -0.14967568), (-0.49080208, 0.81082356, -0.31887072), (-0.7972261, 0.52471256, -0.2985086), (-0.47387353, 0.8804065, -0.018121427), (-0.46014744, 0.86687833, -0.19179763), (-0.5147242, 0.84418976, -0.14967568), (-0.7972261, 0.52471256, -0.2985086), (-0.8186043, 0.5546062, -0.14932849), (-0.5147242, 0.84418976, -0.14967568), (-0.5147242, 0.84418976, -0.14967568), (-0.5248604, 0.8508629, 0.02353753), (-0.47387353, 0.8804065, -0.018121427), (-0.5248604, 0.8508629, 0.02353753), (-0.5147242, 0.84418976, -0.14967568), (-0.8186043, 0.5546062, -0.14932849), (-0.4735436, 0.86698854, 0.15520148), (-0.47387353, 0.8804065, -0.018121427), (-0.5248604, 0.8508629, 0.02353753), (-0.8186043, 0.5546062, -0.14932849), (-0.82779235, 0.5610232, 0.0035899328), (-0.5248604, 0.8508629, 0.02353753), (-0.5248604, 0.8508629, 0.02353753), (-0.52098346, 0.83065945, 0.19642107), (-0.4735436, 0.86698854, 0.15520148), (-0.52098346, 0.83065945, 0.19642107), (-0.5248604, 0.8508629, 0.02353753), (-0.82779235, 0.5610232, 0.0035899328), (-0.45915085, 0.82689905, 0.32468215), (-0.4735436, 0.86698854, 0.15520148), (-0.52098346, 0.83065945, 0.19642107), (-0.82779235, 0.5610232, 0.0035899328), (-0.82464296, 0.5436569, 0.15620892), (-0.52098346, 0.83065945, 0.19642107), (-0.52098346, 0.83065945, 0.19642107), (-0.50319415, 0.7843184, 0.36282268), (-0.45915085, 0.82689905, 0.32468215), (-0.50319415, 0.7843184, 0.36282268), (-0.52098346, 0.83065945, 0.19642107), (-0.82464296, 0.5436569, 0.15620892), (-0.4312694, 0.7617697, 0.48343956), (-0.45915085, 0.82689905, 0.32468215), (-0.50319415, 0.7843184, 0.36282268), (-0.82464296, 0.5436569, 0.15620892), (-0.8090131, 0.5038766, 0.30266482), (-0.50319415, 0.7843184, 0.36282268), (-0.50319415, 0.7843184, 0.36282268), (-0.4689418, 0.7149151, 0.51864254), (-0.4312694, 0.7617697, 0.48343956), (-0.4689418, 0.7149151, 0.51864254), (-0.50319415, 0.7843184, 0.36282268), (-0.8090131, 0.5038766, 0.30266482), (-0.8090131, 0.5038766, 0.30266482), (-0.7818843, 0.44069618, 0.44095784), (-0.4689418, 0.7149151, 0.51864254), (-0.39046818, 0.67291963, 0.62826264), (-0.4312694, 0.7617697, 0.48343956), (-0.4689418, 0.7149151, 0.51864254), (-0.4689418, 0.7149151, 0.51864254), (-0.42670482, 0.6197676, 0.6586435), (-0.39046818, 0.67291963, 0.62826264), (-0.42670482, 0.6197676, 0.6586435), (-0.4689418, 0.7149151, 0.51864254), (-0.7818843, 0.44069618, 0.44095784), (-0.33841366, 0.5639278, 0.7533005), (-0.39046818, 0.67291963, 0.62826264), (-0.42670482, 0.6197676, 0.6586435), (-0.7818843, 0.44069618, 0.44095784), (-0.7469968, 0.35233694, 0.5637858), (-0.42670482, 0.6197676, 0.6586435), (-0.42670482, 0.6197676, 0.6586435), (-0.38024375, 0.500838, 0.7775449), (-0.33841366, 0.5639278, 0.7533005), (-0.38024375, 0.500838, 0.7775449), (-0.42670482, 0.6197676, 0.6586435), (-0.7469968, 0.35233694, 0.5637858), (-0.7469968, 0.35233694, 0.5637858), (-0.83565074, 0.06522584, 0.54537475), (-0.38024375, 0.500838, 0.7775449), (-0.2761501, 0.4370077, 0.85601723), (-0.33841366, 0.5639278, 0.7533005), (-0.38024375, 0.500838, 0.7775449), (-0.38024375, 0.500838, 0.7775449), (-0.32671154, 0.3653755, 0.8716424), (-0.2761501, 0.4370077, 0.85601723), (-0.32671154, 0.3653755, 0.8716424), (-0.38024375, 0.500838, 0.7775449), (-0.83565074, 0.06522584, 0.54537475), (-0.20619918, 0.29730406, 0.9322512), (-0.2761501, 0.4370077, 0.85601723), (-0.32671154, 0.3653755, 0.8716424), (-0.83565074, 0.06522584, 0.54537475), (-0.79225904, -0.020978663, 0.6098243), (-0.32671154, 0.3653755, 0.8716424), (-0.32671154, 0.3653755, 0.8716424), (-0.2590277, 0.22202915, 0.9400041), (-0.20619918, 0.29730406, 0.9322512), (-0.2590277, 0.22202915, 0.9400041), (-0.32671154, 0.3653755, 0.8716424), (-0.79225904, -0.020978663, 0.6098243), (-0.12997124, 0.1476326, 0.9804653), (-0.20619918, 0.29730406, 0.9322512), (-0.2590277, 0.22202915, 0.9400041), (-0.79225904, -0.020978663, 0.6098243), (-0.74005437, -0.12510794, 0.6608083), (-0.2590277, 0.22202915, 0.9400041), (-0.2590277, 0.22202915, 0.9400041), (-0.1823138, 0.072014, 0.98059964), (-0.12997124, 0.1476326, 0.9804653), (-0.1823138, 0.072014, 0.98059964), (-0.2590277, 0.22202915, 0.9400041), (-0.74005437, -0.12510794, 0.6608083), (-0.05054584, -0.00592985, 0.9987042), (-0.12997124, 0.1476326, 0.9804653), (-0.1823138, 0.072014, 0.98059964), (-0.74005437, -0.12510794, 0.6608083), (-0.6843562, -0.23397675, 0.6905878), (-0.1823138, 0.072014, 0.98059964), (-0.1823138, 0.072014, 0.98059964), (-0.10243804, -0.08189776, 0.9913624), (-0.05054584, -0.00592985, 0.9987042), (-0.10243804, -0.08189776, 0.9913624), (-0.1823138, 0.072014, 0.98059964), (-0.6843562, -0.23397675, 0.6905878), (0.030455863, -0.16029403, 0.98659945), (-0.05054584, -0.00592985, 0.9987042), (-0.10243804, -0.08189776, 0.9913624), (-0.6843562, -0.23397675, 0.6905878), (-0.6264147, -0.34571633, 0.6986308), (-0.10243804, -0.08189776, 0.9913624), (-0.10243804, -0.08189776, 0.9913624), (-0.02217822, -0.23427345, 0.9719178), (0.030455863, -0.16029403, 0.98659945), (-0.02217822, -0.23427345, 0.9719178), (-0.10243804, -0.08189776, 0.9913624), (-0.6264147, -0.34571633, 0.6986308), (0.109757, -0.30919904, 0.9446424), (0.030455863, -0.16029403, 0.98659945), (-0.02217822, -0.23427345, 0.9719178), (-0.6264147, -0.34571633, 0.6986308), (-0.56808835, -0.456391, 0.68482333), (-0.02217822, -0.23427345, 0.9719178), (-0.02217822, -0.23427345, 0.9719178), (0.056377683, -0.38122925, 0.92276), (0.109757, -0.30919904, 0.9446424), (0.056377683, -0.38122925, 0.92276), (-0.02217822, -0.23427345, 0.9719178), (-0.56808835, -0.456391, 0.68482333), (0.18575495, -0.44964382, 0.8736794), (0.109757, -0.30919904, 0.9446424), (0.056377683, -0.38122925, 0.92276), (-0.56808835, -0.456391, 0.68482333), (-0.5187626, -0.5588754, 0.6469496), (0.056377683, -0.38122925, 0.92276), (0.056377683, -0.38122925, 0.92276), (0.14733206, -0.5083076, 0.84847903), (0.18575495, -0.44964382, 0.8736794), (0.14733206, -0.5083076, 0.84847903), (0.056377683, -0.38122925, 0.92276), (-0.5187626, -0.5588754, 0.6469496), (-0.5187626, -0.5588754, 0.6469496), (-0.17638253, -0.6282863, 0.7577239), (0.14733206, -0.5083076, 0.84847903), (0.19648182, -0.71568364, -0.6702178), (0.19067986, -0.58431023, -0.788811), (0.015812347, -0.67347753, -0.7390386), (0.015812347, -0.67347753, -0.7390386), (-0.008497153, -0.7916565, -0.6109074), (0.19648182, -0.71568364, -0.6702178), (0.22208415, -0.81795573, -0.5306855), (0.19648182, -0.71568364, -0.6702178), (-0.008497153, -0.7916565, -0.6109074), (-0.008497153, -0.7916565, -0.6109074), (-0.0009806469, -0.8835554, -0.46832585), (0.22208415, -0.81795573, -0.5306855), (0.2538893, -0.8900423, -0.3786356), (0.22208415, -0.81795573, -0.5306855), (-0.0009806469, -0.8835554, -0.46832585), (-0.0009806469, -0.8835554, -0.46832585), (0.025717981, -0.94512755, -0.3256878), (0.2538893, -0.8900423, -0.3786356), (0.2724315, -0.93759537, -0.21609251), (0.2538893, -0.8900423, -0.3786356), (0.025717981, -0.94512755, -0.3256878), (0.025717981, -0.94512755, -0.3256878), (0.040115524, -0.9840431, -0.17334887), (0.2724315, -0.93759537, -0.21609251), (0.2774145, -0.9596323, -0.046338204), (0.2724315, -0.93759537, -0.21609251), (0.040115524, -0.9840431, -0.17334887), (0.040115524, -0.9840431, -0.17334887), (0.041917346, -0.9989859, -0.016433733), (0.2774145, -0.9596323, -0.046338204), (0.26857805, -0.9552764, 0.12374478), (0.2774145, -0.9596323, -0.046338204), (0.041917346, -0.9989859, -0.016433733), (0.041917346, -0.9989859, -0.016433733), (0.030911999, -0.9895565, 0.14079209), (0.26857805, -0.9552764, 0.12374478), (0.24617879, -0.9245921, 0.29073277), (0.26857805, -0.9552764, 0.12374478), (0.030911999, -0.9895565, 0.14079209), (0.030911999, -0.9895565, 0.14079209), (0.007531462, -0.9564846, 0.29168552), (0.24617879, -0.9245921, 0.29073277), (0.22237025, -0.86495817, 0.44988763), (0.24617879, -0.9245921, 0.29073277), (0.007531462, -0.9564846, 0.29168552), (0.007531462, -0.9564846, 0.29168552), (-0.027504265, -0.8994326, 0.43619323), (0.22237025, -0.86495817, 0.44988763), (0.1696048, -0.7876301, 0.5923454), (0.22237025, -0.86495817, 0.44988763), (-0.027504265, -0.8994326, 0.43619323), (-0.027504265, -0.8994326, 0.43619323), (-0.07200919, -0.82237273, 0.5643738), (0.1696048, -0.7876301, 0.5923454), (0.112490505, -0.68628836, 0.7185779), (0.1696048, -0.7876301, 0.5923454), (-0.07200919, -0.82237273, 0.5643738), (-0.07200919, -0.82237273, 0.5643738), (-0.1280051, -0.72453177, 0.6772506), (0.112490505, -0.68628836, 0.7185779), (0.043678492, -0.56887466, 0.82126355), (0.112490505, -0.68628836, 0.7185779), (-0.1280051, -0.72453177, 0.6772506), (-0.1280051, -0.72453177, 0.6772506), (-0.19025373, -0.6122503, 0.76743275), (0.043678492, -0.56887466, 0.82126355), (-0.031815413, -0.43670937, 0.8990399), (0.043678492, -0.56887466, 0.82126355), (-0.19025373, -0.6122503, 0.76743275), (-0.19025373, -0.6122503, 0.76743275), (-0.25854537, -0.48595938, 0.83486396), (-0.031815413, -0.43670937, 0.8990399), (-0.108960815, -0.29256907, 0.95001626), (-0.031815413, -0.43670937, 0.8990399), (-0.25854537, -0.48595938, 0.83486396), (-0.25854537, -0.48595938, 0.83486396), (-0.33013695, -0.35167143, 0.8759776), (-0.108960815, -0.29256907, 0.95001626), (-0.18778354, -0.14309786, 0.9717306), (-0.108960815, -0.29256907, 0.95001626), (-0.33013695, -0.35167143, 0.8759776), (-0.33013695, -0.35167143, 0.8759776), (-0.40334862, -0.21248855, 0.89003295), (-0.18778354, -0.14309786, 0.9717306), (-0.2666645, 0.008693744, 0.9637502), (-0.18778354, -0.14309786, 0.9717306), (-0.40334862, -0.21248855, 0.89003295), (-0.40334862, -0.21248855, 0.89003295), (-0.47556686, -0.07301259, 0.8766445), (-0.2666645, 0.008693744, 0.9637502), (-0.34245244, 0.1566262, 0.9263879), (-0.2666645, 0.008693744, 0.9637502), (-0.47556686, -0.07301259, 0.8766445), (-0.47556686, -0.07301259, 0.8766445), (-0.5449514, 0.062896766, 0.8361053), (-0.34245244, 0.1566262, 0.9263879), (-0.41352546, 0.29778054, 0.8604205), (-0.34245244, 0.1566262, 0.9263879), (-0.5449514, 0.062896766, 0.8361053), (-0.5449514, 0.062896766, 0.8361053), (-0.60875654, 0.19059138, 0.77012366), (-0.41352546, 0.29778054, 0.8604205), (-0.47204664, 0.43032143, 0.7694126), (-0.41352546, 0.29778054, 0.8604205), (-0.60875654, 0.19059138, 0.77012366), (-0.60875654, 0.19059138, 0.77012366), (-0.66628397, 0.30698404, 0.67957824), (-0.47204664, 0.43032143, 0.7694126), (-0.5291512, 0.54139256, 0.6533707), (-0.47204664, 0.43032143, 0.7694126), (-0.66628397, 0.30698404, 0.67957824), (-0.66628397, 0.30698404, 0.67957824), (-0.714355, 0.4061297, 0.5698734), (-0.5291512, 0.54139256, 0.6533707), (-0.5660951, 0.6410765, 0.51822513), (-0.5291512, 0.54139256, 0.6533707), (-0.714355, 0.4061297, 0.5698734), (-0.714355, 0.4061297, 0.5698734), (-0.75271416, 0.49031338, 0.4393338), (-0.5660951, 0.6410765, 0.51822513), (-0.6026092, 0.70904773, 0.3662152), (-0.5660951, 0.6410765, 0.51822513), (-0.75271416, 0.49031338, 0.4393338), (-0.75271416, 0.49031338, 0.4393338), (-0.7789483, 0.5518068, 0.29790735), (-0.6026092, 0.70904773, 0.3662152), (-0.6258645, 0.7531852, 0.20249844), (-0.6026092, 0.70904773, 0.3662152), (-0.7789483, 0.5518068, 0.29790735), (-0.7789483, 0.5518068, 0.29790735), (-0.7937818, 0.59082216, 0.1443592), (-0.6258645, 0.7531852, 0.20249844), (-0.63080776, 0.77524805, 0.032744054), (-0.6258645, 0.7531852, 0.20249844), (-0.7937818, 0.59082216, 0.1443592), (-0.7937818, 0.59082216, 0.1443592), (-0.79551446, 0.6058044, -0.012556951), (-0.63080776, 0.77524805, 0.032744054), (-0.6220122, 0.7708679, -0.13734454), (-0.63080776, 0.77524805, 0.032744054), (-0.79551446, 0.6058044, -0.012556951), (-0.79551446, 0.6058044, -0.012556951), (-0.7845754, 0.5963347, -0.16978331), (-0.6220122, 0.7708679, -0.13734454), (-0.59957373, 0.7402013, -0.30432457), (-0.6220122, 0.7708679, -0.13734454), (-0.7845754, 0.5963347, -0.16978331), (-0.7845754, 0.5963347, -0.16978331), (-0.761707, 0.56299335, -0.3206885), (-0.59957373, 0.7402013, -0.30432457), (-0.55473125, 0.6915381, -0.46265364), (-0.59957373, 0.7402013, -0.30432457), (-0.761707, 0.56299335, -0.3206885), (-0.761707, 0.56299335, -0.3206885), (-0.72619647, 0.5062004, -0.46518824), (-0.55473125, 0.6915381, -0.46265364), (-0.51281184, 0.6085538, -0.6055464), (-0.55473125, 0.6915381, -0.46265364), (-0.72619647, 0.5062004, -0.46518824), (-0.72619647, 0.5062004, -0.46518824), (-0.68073255, 0.42225435, -0.5985854), (-0.51281184, 0.6085538, -0.6055464), (-0.40264297, 0.54371226, -0.73638016), (-0.51281184, 0.6085538, -0.6055464), (-0.68073255, 0.42225435, -0.5985854), (-0.68073255, 0.42225435, -0.5985854), (-0.45200115, 0.4622132, -0.7629246), (-0.40264297, 0.54371226, -0.73638016), (-0.68073255, 0.42225435, -0.5985854), (-0.86149025, 0.030263674, -0.50687146), (-0.45200115, 0.4622132, -0.7629246), (-0.27881214, 0.45600688, -0.84517556), (-0.40264297, 0.54371226, -0.73638016), (-0.45200115, 0.4622132, -0.7629246), (-0.45200115, 0.4622132, -0.7629246), (-0.43760273, 0.3293806, -0.8366674), (-0.27881214, 0.45600688, -0.84517556), (-0.43760273, 0.3293806, -0.8366674), (-0.45200115, 0.4622132, -0.7629246), (-0.86149025, 0.030263674, -0.50687146), (-0.86149025, 0.030263674, -0.50687146), (-0.8160239, -0.063982904, -0.5744661), (-0.43760273, 0.3293806, -0.8366674), (-0.20518388, 0.32055438, -0.9247403), (-0.27881214, 0.45600688, -0.84517556), (-0.43760273, 0.3293806, -0.8366674), (-0.37249333, 0.19150557, -0.9080608), (-0.43760273, 0.3293806, -0.8366674), (-0.8160239, -0.063982904, -0.5744661), (-0.43760273, 0.3293806, -0.8366674), (-0.37249333, 0.19150557, -0.9080608), (-0.20518388, 0.32055438, -0.9247403), (-0.8160239, -0.063982904, -0.5744661), (-0.7691945, -0.15304527, -0.62041694), (-0.37249333, 0.19150557, -0.9080608), (-0.12661399, 0.17377074, -0.9766129), (-0.20518388, 0.32055438, -0.9247403), (-0.37249333, 0.19150557, -0.9080608), (-0.2964002, 0.04915027, -0.95379835), (-0.37249333, 0.19150557, -0.9080608), (-0.7691945, -0.15304527, -0.62041694), (-0.37249333, 0.19150557, -0.9080608), (-0.2964002, 0.04915027, -0.95379835), (-0.12661399, 0.17377074, -0.9766129), (-0.7691945, -0.15304527, -0.62041694), (-0.71901625, -0.24698941, -0.6496245), (-0.2964002, 0.04915027, -0.95379835), (-0.046338953, 0.021552337, -0.99869335), (-0.12661399, 0.17377074, -0.9766129), (-0.2964002, 0.04915027, -0.95379835), (-0.2187598, -0.09848291, -0.9707963), (-0.2964002, 0.04915027, -0.95379835), (-0.71901625, -0.24698941, -0.6496245), (-0.2964002, 0.04915027, -0.95379835), (-0.2187598, -0.09848291, -0.9707963), (-0.046338953, 0.021552337, -0.99869335), (-0.71901625, -0.24698941, -0.6496245), (-0.667828, -0.34443405, -0.65982646), (-0.2187598, -0.09848291, -0.9707963), (0.033996813, -0.13301045, -0.9905314), (-0.046338953, 0.021552337, -0.99869335), (-0.2187598, -0.09848291, -0.9707963), (-0.1416997, -0.24700539, -0.9585977), (-0.2187598, -0.09848291, -0.9707963), (-0.667828, -0.34443405, -0.65982646), (-0.2187598, -0.09848291, -0.9707963), (-0.1416997, -0.24700539, -0.9585977), (0.033996813, -0.13301045, -0.9905314), (-0.667828, -0.34443405, -0.65982646), (-0.6171459, -0.44214657, -0.6508743), (-0.1416997, -0.24700539, -0.9585977), (0.111123234, -0.28368214, -0.952458), (0.033996813, -0.13301045, -0.9905314), (-0.1416997, -0.24700539, -0.9585977), (-0.0640137, -0.39649656, -0.91580176), (-0.1416997, -0.24700539, -0.9585977), (-0.6171459, -0.44214657, -0.6508743), (-0.1416997, -0.24700539, -0.9585977), (-0.0640137, -0.39649656, -0.91580176), (0.111123234, -0.28368214, -0.952458), (0.14400168, -0.4484217, -0.882146), (0.111123234, -0.28368214, -0.952458), (-0.0640137, -0.39649656, -0.91580176), (-0.6171459, -0.44214657, -0.6508743), (-0.57902974, -0.5450407, -0.6063458), (-0.0640137, -0.39649656, -0.91580176), (-0.0640137, -0.39649656, -0.91580176), (-0.02960317, -0.5441508, -0.8384651), (0.14400168, -0.4484217, -0.882146), (-0.02960317, -0.5441508, -0.8384651), (-0.0640137, -0.39649656, -0.91580176), (-0.57902974, -0.5450407, -0.6063458), (0.31723404, -0.6854975, 0.6553287), (0.2553948, -0.5759237, 0.7765858), (0.22447482, -0.62910116, 0.74420625), (0.22447482, -0.62910116, 0.74420625), (0.28075337, -0.7343064, 0.6180387), (0.31723404, -0.6854975, 0.6553287), (0.28075337, -0.7343064, 0.6180387), (0.22447482, -0.62910116, 0.74420625), (-0.17189477, -0.744377, 0.6452559), (0.3687746, -0.7739364, 0.51480854), (0.31723404, -0.6854975, 0.6553287), (0.28075337, -0.7343064, 0.6180387), (-0.17189477, -0.744377, 0.6452559), (-0.11928226, -0.8367115, 0.5344956), (0.28075337, -0.7343064, 0.6180387), (0.28075337, -0.7343064, 0.6180387), (0.32829505, -0.8175082, 0.47318348), (0.3687746, -0.7739364, 0.51480854), (0.32829505, -0.8175082, 0.47318348), (0.28075337, -0.7343064, 0.6180387), (-0.11928226, -0.8367115, 0.5344956), (0.40898255, -0.839441, 0.35787186), (0.3687746, -0.7739364, 0.51480854), (0.32829505, -0.8175082, 0.47318348), (-0.11928226, -0.8367115, 0.5344956), (-0.07557587, -0.9105237, 0.4064913), (0.32829505, -0.8175082, 0.47318348), (0.32829505, -0.8175082, 0.47318348), (0.36515012, -0.87638324, 0.31403488), (0.40898255, -0.839441, 0.35787186), (0.36515012, -0.87638324, 0.31403488), (0.32829505, -0.8175082, 0.47318348), (-0.07557587, -0.9105237, 0.4064913), (0.43623567, -0.8793539, 0.19088015), (0.40898255, -0.839441, 0.35787186), (0.36515012, -0.87638324, 0.31403488), (-0.07557587, -0.9105237, 0.4064913), (-0.042759538, -0.96296996, 0.26619637), (0.36515012, -0.87638324, 0.31403488), (0.36515012, -0.87638324, 0.31403488), (0.3890613, -0.90975326, 0.14484629), (0.43623567, -0.8793539, 0.19088015), (0.3890613, -0.90975326, 0.14484629), (0.36515012, -0.87638324, 0.31403488), (-0.042759538, -0.96296996, 0.26619637), (0.44996998, -0.89287806, 0.017202856), (0.43623567, -0.8793539, 0.19088015), (0.3890613, -0.90975326, 0.14484629), (-0.042759538, -0.96296996, 0.26619637), (-0.021455342, -0.9928984, 0.11701582), (0.3890613, -0.90975326, 0.14484629), (0.3890613, -0.90975326, 0.14484629), (0.39921203, -0.9164195, -0.028373858), (0.44996998, -0.89287806, 0.017202856), (0.39921203, -0.9164195, -0.028373858), (0.3890613, -0.90975326, 0.14484629), (-0.021455342, -0.9928984, 0.11701582), (0.44963545, -0.8794616, -0.15612614), (0.44996998, -0.89287806, 0.017202856), (0.39921203, -0.9164195, -0.028373858), (-0.021455342, -0.9928984, 0.11701582), (-0.012191082, -0.9992811, -0.035900623), (0.39921203, -0.9164195, -0.028373858), (0.39921203, -0.9164195, -0.028373858), (0.39531696, -0.8962257, -0.2012562), (0.44963545, -0.8794616, -0.15612614), (0.39531696, -0.8962257, -0.2012562), (0.39921203, -0.9164195, -0.028373858), (-0.012191082, -0.9992811, -0.035900623), (0.43523937, -0.8393762, -0.32559845), (0.44963545, -0.8794616, -0.15612614), (0.39531696, -0.8962257, -0.2012562), (-0.012191082, -0.9992811, -0.035900623), (-0.015412323, -0.9819478, -0.18852362), (0.39531696, -0.8962257, -0.2012562), (0.39531696, -0.8962257, -0.2012562), (0.37754688, -0.84987706, -0.36765113), (0.43523937, -0.8393762, -0.32559845), (0.37754688, -0.84987706, -0.36765113), (0.39531696, -0.8962257, -0.2012562), (-0.015412323, -0.9819478, -0.18852362), (0.4073654, -0.77424365, -0.4843556), (0.43523937, -0.8393762, -0.32559845), (0.37754688, -0.84987706, -0.36765113), (-0.015412323, -0.9819478, -0.18852362), (-0.030811338, -0.94149417, -0.3356179), (0.37754688, -0.84987706, -0.36765113), (0.37754688, -0.84987706, -0.36765113), (0.34631, -0.77855474, -0.52337563), (0.4073654, -0.77424365, -0.4843556), (0.34631, -0.77855474, -0.52337563), (0.37754688, -0.84987706, -0.36765113), (-0.030811338, -0.94149417, -0.3356179), (0.36657915, -0.68537855, -0.6291869), (0.4073654, -0.77424365, -0.4843556), (0.34631, -0.77855474, -0.52337563), (-0.030811338, -0.94149417, -0.3356179), (-0.058191378, -0.87899154, -0.4732734), (0.34631, -0.77855474, -0.52337563), (0.34631, -0.77855474, -0.52337563), (0.30275726, -0.6847814, -0.66288203), (0.36657915, -0.68537855, -0.6291869), (0.30275726, -0.6847814, -0.66288203), (0.34631, -0.77855474, -0.52337563), (-0.058191378, -0.87899154, -0.4732734), (0.31452328, -0.57639074, -0.7542207), (0.36657915, -0.68537855, -0.6291869), (0.30275726, -0.6847814, -0.66288203), (-0.058191378, -0.87899154, -0.4732734), (-0.09589331, -0.79688555, -0.5964712), (0.30275726, -0.6847814, -0.66288203), (0.30275726, -0.6847814, -0.66288203), (0.25031978, -0.5699371, -0.78263134), (0.31452328, -0.57639074, -0.7542207), (0.25031978, -0.5699371, -0.78263134), (0.30275726, -0.6847814, -0.66288203), (-0.09589331, -0.79688555, -0.5964712), (-0.09589331, -0.79688555, -0.5964712), (-0.14388898, -0.6969442, -0.7025417), (0.25031978, -0.5699371, -0.78263134), (0.18228836, -0.30977377, -0.93317264), (0.25225437, -0.44947726, -0.85693526), (0.18816757, -0.43872517, -0.8786997), (0.18816757, -0.43872517, -0.8786997), (0.11345294, -0.29709446, -0.94808406), (0.18228836, -0.30977377, -0.93317264), (0.11345294, -0.29709446, -0.94808406), (0.18816757, -0.43872517, -0.8786997), (-0.2010925, -0.58245265, -0.78759813), (0.1060585, -0.16011359, -0.98138434), (0.18228836, -0.30977377, -0.93317264), (0.11345294, -0.29709446, -0.94808406), (-0.2010925, -0.58245265, -0.78759813), (-0.26430565, -0.45703167, -0.849273), (0.11345294, -0.29709446, -0.94808406), (0.11345294, -0.29709446, -0.94808406), (0.03525375, -0.1480634, -0.98834944), (0.1060585, -0.16011359, -0.98138434), (0.03525375, -0.1480634, -0.98834944), (0.11345294, -0.29709446, -0.94808406), (-0.26430565, -0.45703167, -0.849273), (0.026643075, -0.0065413923, -0.9996237), (0.1060585, -0.16011359, -0.98138434), (0.03525375, -0.1480634, -0.98834944), (-0.26430565, -0.45703167, -0.849273), (-0.33200783, -0.32369313, -0.88599867), (0.03525375, -0.1480634, -0.98834944), (0.03525375, -0.1480634, -0.98834944), (-0.044819914, 0.006167311, -0.9989761), (0.026643075, -0.0065413923, -0.9996237), (-0.044819914, 0.006167311, -0.9989761), (0.03525375, -0.1480634, -0.98834944), (-0.33200783, -0.32369313, -0.88599867), (-0.054364342, 0.14781985, -0.9875191), (0.026643075, -0.0065413923, -0.9996237), (-0.044819914, 0.006167311, -0.9989761), (-0.33200783, -0.32369313, -0.88599867), (-0.4026568, -0.18762846, -0.8959147), (-0.044819914, 0.006167311, -0.9989761), (-0.044819914, 0.006167311, -0.9989761), (-0.12522109, 0.158825, -0.9793337), (-0.054364342, 0.14781985, -0.9875191), (-0.12522109, 0.158825, -0.9793337), (-0.044819914, 0.006167311, -0.9989761), (-0.4026568, -0.18762846, -0.8959147), (-0.13367824, 0.29672498, -0.9455604), (-0.054364342, 0.14781985, -0.9875191), (-0.12522109, 0.158825, -0.9793337), (-0.4026568, -0.18762846, -0.8959147), (-0.47362405, -0.052746065, -0.8791462), (-0.12522109, 0.158825, -0.9793337), (-0.12522109, 0.158825, -0.9793337), (-0.20393081, 0.3060397, -0.92992043), (-0.13367824, 0.29672498, -0.9455604), (-0.20393081, 0.3060397, -0.92992043), (-0.12522109, 0.158825, -0.9793337), (-0.47362405, -0.052746065, -0.8791462), (-0.20967185, 0.4371605, -0.874602), (-0.13367824, 0.29672498, -0.9455604), (-0.20393081, 0.3060397, -0.92992043), (-0.47362405, -0.052746065, -0.8791462), (-0.54315823, 0.07729552, -0.8360649), (-0.20393081, 0.3060397, -0.92992043), (-0.20393081, 0.3060397, -0.92992043), (-0.27814487, 0.4425992, -0.85249126), (-0.20967185, 0.4371605, -0.874602), (-0.27814487, 0.4425992, -0.85249126), (-0.20393081, 0.3060397, -0.92992043), (-0.54315823, 0.07729552, -0.8360649), (-0.27930078, 0.56345195, -0.7775044), (-0.20967185, 0.4371605, -0.874602), (-0.27814487, 0.4425992, -0.85249126), (-0.54315823, 0.07729552, -0.8360649), (-0.60832363, 0.19791307, -0.76861745), (-0.27814487, 0.4425992, -0.85249126), (-0.27814487, 0.4425992, -0.85249126), (-0.34377205, 0.56625015, -0.7491206), (-0.27930078, 0.56345195, -0.7775044), (-0.34377205, 0.56625015, -0.7491206), (-0.27814487, 0.4425992, -0.85249126), (-0.60832363, 0.19791307, -0.76861745), (-0.60832363, 0.19791307, -0.76861745), (-0.6688407, 0.3064504, -0.67730373), (-0.34377205, 0.56625015, -0.7491206), (-0.3411293, 0.6730323, -0.6562457), (-0.27930078, 0.56345195, -0.7775044), (-0.34377205, 0.56625015, -0.7491206), (-0.34377205, 0.56625015, -0.7491206), (-0.40415436, 0.6699226, -0.62278646), (-0.3411293, 0.6730323, -0.6562457), (-0.40415436, 0.6699226, -0.62278646), (-0.34377205, 0.56625015, -0.7491206), (-0.6688407, 0.3064504, -0.67730373), (-0.39267683, 0.7614651, -0.51572853), (-0.3411293, 0.6730323, -0.6562457), (-0.40415436, 0.6699226, -0.62278646), (-0.6688407, 0.3064504, -0.67730373), (-0.7206934, 0.3980907, -0.56756043), (-0.40415436, 0.6699226, -0.62278646), (-0.40415436, 0.6699226, -0.62278646), (-0.45085096, 0.75371593, -0.47816935), (-0.39267683, 0.7614651, -0.51572853), (-0.45085096, 0.75371593, -0.47816935), (-0.40415436, 0.6699226, -0.62278646), (-0.7206934, 0.3980907, -0.56756043), (-0.7206934, 0.3980907, -0.56756043), (-0.76449996, 0.47221676, -0.43880653), (-0.45085096, 0.75371593, -0.47816935), (-0.4328857, 0.82696694, -0.3587978), (-0.39267683, 0.7614651, -0.51572853), (-0.45085096, 0.75371593, -0.47816935), (-0.45085096, 0.75371593, -0.47816935), (-0.48938692, 0.8119128, -0.31827363), (-0.4328857, 0.82696694, -0.3587978), (-0.48938692, 0.8119128, -0.31827363), (-0.45085096, 0.75371593, -0.47816935), (-0.76449996, 0.47221676, -0.43880653), (-0.46013862, 0.8668826, -0.19179924), (-0.4328857, 0.82696694, -0.3587978), (-0.48938692, 0.8119128, -0.31827363), (-0.76449996, 0.47221676, -0.43880653), (-0.7973689, 0.52417326, -0.29907402), (-0.48938692, 0.8119128, -0.31827363), (-0.48938692, 0.8119128, -0.31827363), (-0.5147261, 0.8441883, -0.14967775), (-0.46013862, 0.8668826, -0.19179924), (-0.5147261, 0.8441883, -0.14967775), (-0.48938692, 0.8119128, -0.31827363), (-0.7973689, 0.52417326, -0.29907402), (-0.4738789, 0.8804036, -0.018121807), (-0.46013862, 0.8668826, -0.19179924), (-0.5147261, 0.8441883, -0.14967775), (-0.7973689, 0.52417326, -0.29907402), (-0.8186055, 0.5546038, -0.14933075), (-0.5147261, 0.8441883, -0.14967775), (-0.5147261, 0.8441883, -0.14967775), (-0.5248586, 0.85086393, 0.023540717), (-0.4738789, 0.8804036, -0.018121807), (-0.5248586, 0.85086393, 0.023540717), (-0.5147261, 0.8441883, -0.14967775), (-0.8186055, 0.5546038, -0.14933075), (-0.4735416, 0.8669889, 0.15520519), (-0.4738789, 0.8804036, -0.018121807), (-0.5248586, 0.85086393, 0.023540717), (-0.8186055, 0.5546038, -0.14933075), (-0.8277914, 0.5610246, 0.0035880867), (-0.5248586, 0.85086393, 0.023540717), (-0.5248586, 0.85086393, 0.023540717), (-0.5209754, 0.8306646, 0.19642045), (-0.4735416, 0.8669889, 0.15520519), (-0.5209754, 0.8306646, 0.19642045), (-0.5248586, 0.85086393, 0.023540717), (-0.8277914, 0.5610246, 0.0035880867), (-0.45914528, 0.8269042, 0.32467708), (-0.4735416, 0.8669889, 0.15520519), (-0.5209754, 0.8306646, 0.19642045), (-0.8277914, 0.5610246, 0.0035880867), (-0.8246533, 0.54364085, 0.15620995), (-0.5209754, 0.8306646, 0.19642045), (-0.5209754, 0.8306646, 0.19642045), (-0.5031958, 0.78431857, 0.36282015), (-0.45914528, 0.8269042, 0.32467708), (-0.5031958, 0.78431857, 0.36282015), (-0.5209754, 0.8306646, 0.19642045), (-0.8246533, 0.54364085, 0.15620995), (-0.43127468, 0.76176816, 0.483437), (-0.45914528, 0.8269042, 0.32467708), (-0.5031958, 0.78431857, 0.36282015), (-0.8246533, 0.54364085, 0.15620995), (-0.80901825, 0.5038701, 0.3026625), (-0.5031958, 0.78431857, 0.36282015), (-0.5031958, 0.78431857, 0.36282015), (-0.46894804, 0.7149112, 0.51864237), (-0.43127468, 0.76176816, 0.483437), (-0.46894804, 0.7149112, 0.51864237), (-0.5031958, 0.78431857, 0.36282015), (-0.80901825, 0.5038701, 0.3026625), (-0.80901825, 0.5038701, 0.3026625), (-0.7818811, 0.4407013, 0.4409585), (-0.46894804, 0.7149112, 0.51864237), (-0.39047658, 0.6729138, 0.62826353), (-0.43127468, 0.76176816, 0.483437), (-0.46894804, 0.7149112, 0.51864237), (-0.46894804, 0.7149112, 0.51864237), (-0.42670545, 0.61976653, 0.65864396), (-0.39047658, 0.6729138, 0.62826353), (-0.42670545, 0.61976653, 0.65864396), (-0.46894804, 0.7149112, 0.51864237), (-0.7818811, 0.4407013, 0.4409585), (-0.33841553, 0.5639247, 0.75330204), (-0.39047658, 0.6729138, 0.62826353), (-0.42670545, 0.61976653, 0.65864396), (-0.7818811, 0.4407013, 0.4409585), (-0.7470061, 0.35232157, 0.56378317), (-0.42670545, 0.61976653, 0.65864396), (-0.42670545, 0.61976653, 0.65864396), (-0.38024652, 0.50083494, 0.7775456), (-0.33841553, 0.5639247, 0.75330204), (-0.38024652, 0.50083494, 0.7775456), (-0.42670545, 0.61976653, 0.65864396), (-0.7470061, 0.35232157, 0.56378317), (-0.7470061, 0.35232157, 0.56378317), (-0.83565474, 0.065215304, 0.54536974), (-0.38024652, 0.50083494, 0.7775456), (-0.27614617, 0.43700942, 0.85601765), (-0.33841553, 0.5639247, 0.75330204), (-0.38024652, 0.50083494, 0.7775456), (-0.38024652, 0.50083494, 0.7775456), (-0.32671982, 0.3653699, 0.87164164), (-0.27614617, 0.43700942, 0.85601765), (-0.32671982, 0.3653699, 0.87164164), (-0.38024652, 0.50083494, 0.7775456), (-0.83565474, 0.065215304, 0.54536974), (-0.2061971, 0.29730397, 0.9322517), (-0.27614617, 0.43700942, 0.85601765), (-0.32671982, 0.3653699, 0.87164164), (-0.83565474, 0.065215304, 0.54536974), (-0.79225725, -0.020967498, 0.6098269), (-0.32671982, 0.3653699, 0.87164164), (-0.32671982, 0.3653699, 0.87164164), (-0.25903034, 0.22202827, 0.94000363), (-0.2061971, 0.29730397, 0.9322517), (-0.25903034, 0.22202827, 0.94000363), (-0.32671982, 0.3653699, 0.87164164), (-0.79225725, -0.020967498, 0.6098269), (-0.12997, 0.14763427, 0.9804652), (-0.2061971, 0.29730397, 0.9322517), (-0.25903034, 0.22202827, 0.94000363), (-0.79225725, -0.020967498, 0.6098269), (-0.740052, -0.12510067, 0.6608123), (-0.25903034, 0.22202827, 0.94000363), (-0.25903034, 0.22202827, 0.94000363), (-0.1823124, 0.07201577, 0.98059976), (-0.12997, 0.14763427, 0.9804652), (-0.1823124, 0.07201577, 0.98059976), (-0.25903034, 0.22202827, 0.94000363), (-0.740052, -0.12510067, 0.6608123), (-0.050545447, -0.0059295944, 0.99870425), (-0.12997, 0.14763427, 0.9804652), (-0.1823124, 0.07201577, 0.98059976), (-0.740052, -0.12510067, 0.6608123), (-0.68435687, -0.23397711, 0.6905869), (-0.1823124, 0.07201577, 0.98059976), (-0.1823124, 0.07201577, 0.98059976), (-0.102438025, -0.08189771, 0.9913624), (-0.050545447, -0.0059295944, 0.99870425), (-0.102438025, -0.08189771, 0.9913624), (-0.1823124, 0.07201577, 0.98059976), (-0.68435687, -0.23397711, 0.6905869), (0.030455204, -0.16029437, 0.9865994), (-0.050545447, -0.0059295944, 0.99870425), (-0.102438025, -0.08189771, 0.9913624), (-0.68435687, -0.23397711, 0.6905869), (-0.6264127, -0.34571284, 0.6986343), (-0.102438025, -0.08189771, 0.9913624), (-0.102438025, -0.08189771, 0.9913624), (-0.022172282, -0.23426917, 0.97191894), (0.030455204, -0.16029437, 0.9865994), (-0.022172282, -0.23426917, 0.97191894), (-0.102438025, -0.08189771, 0.9913624), (-0.6264127, -0.34571284, 0.6986343), (0.109760515, -0.30919746, 0.94464254), (0.030455204, -0.16029437, 0.9865994), (-0.022172282, -0.23426917, 0.97191894), (-0.6264127, -0.34571284, 0.6986343), (-0.56808835, -0.4563903, 0.6848237), (-0.022172282, -0.23426917, 0.97191894), (-0.022172282, -0.23426917, 0.97191894), (0.05638376, -0.38122746, 0.9227603), (0.109760515, -0.30919746, 0.94464254), (0.05638376, -0.38122746, 0.9227603), (-0.022172282, -0.23426917, 0.97191894), (-0.56808835, -0.4563903, 0.6848237), (0.18576068, -0.44964188, 0.8736791), (0.109760515, -0.30919746, 0.94464254), (0.05638376, -0.38122746, 0.9227603), (-0.56808835, -0.4563903, 0.6848237), (-0.5187654, -0.5588809, 0.6469425), (0.05638376, -0.38122746, 0.9227603), (0.05638376, -0.38122746, 0.9227603), (0.14732635, -0.5083125, 0.8484771), (0.18576068, -0.44964188, 0.8736791), (0.14732635, -0.5083125, 0.8484771), (0.05638376, -0.38122746, 0.9227603), (-0.5187654, -0.5588809, 0.6469425), (-0.5187654, -0.5588809, 0.6469425), (-0.17639814, -0.62829566, 0.7577125), (0.14732635, -0.5083125, 0.8484771), (0.25301066, -0.6957952, -0.67220145), (0.19332807, -0.5829674, -0.78915983), (0.020751724, -0.6706005, -0.7415284), (0.020751724, -0.6706005, -0.7415284), (0.06632591, -0.77717793, -0.6257758), (0.25301066, -0.6957952, -0.67220145), (0.2997145, -0.79003215, -0.5348087), (0.25301066, -0.6957952, -0.67220145), (0.06632591, -0.77717793, -0.6257758), (0.06632591, -0.77717793, -0.6257758), (0.020751724, -0.6706005, -0.7415284), (-0.5546611, -0.69534427, -0.4569984), (-0.5546611, -0.69534427, -0.4569984), (-0.5156811, -0.7607734, -0.3940773), (0.06632591, -0.77717793, -0.6257758), (0.06632591, -0.77717793, -0.6257758), (0.102265865, -0.86517525, -0.4909312), (0.2997145, -0.79003215, -0.5348087), (0.33194363, -0.8630605, -0.38071012), (0.2997145, -0.79003215, -0.5348087), (0.102265865, -0.86517525, -0.4909312), (0.102265865, -0.86517525, -0.4909312), (0.06632591, -0.77717793, -0.6257758), (-0.5156811, -0.7607734, -0.3940773), (-0.5156811, -0.7607734, -0.3940773), (-0.49123368, -0.8130747, -0.31240878), (0.102265865, -0.86517525, -0.4909312), (0.102265865, -0.86517525, -0.4909312), (0.13064575, -0.9304472, -0.34234464), (0.33194363, -0.8630605, -0.38071012), (0.35071716, -0.9112346, -0.21598351), (0.33194363, -0.8630605, -0.38071012), (0.13064575, -0.9304472, -0.34234464), (0.13064575, -0.9304472, -0.34234464), (0.102265865, -0.86517525, -0.4909312), (-0.49123368, -0.8130747, -0.31240878), (-0.49123368, -0.8130747, -0.31240878), (-0.47485465, -0.85149884, -0.22240254), (0.13064575, -0.9304472, -0.34234464), (0.13064575, -0.9304472, -0.34234464), (0.13814874, -0.9731445, -0.18413265), (0.35071716, -0.9112346, -0.21598351), (0.35574254, -0.93354976, -0.04395566), (0.35071716, -0.9112346, -0.21598351), (0.13814874, -0.9731445, -0.18413265), (0.13814874, -0.9731445, -0.18413265), (0.13064575, -0.9304472, -0.34234464), (-0.47485465, -0.85149884, -0.22240254), (-0.47485465, -0.85149884, -0.22240254), (-0.46640974, -0.8755039, -0.12631279), (0.13814874, -0.9731445, -0.18413265), (0.13814874, -0.9731445, -0.18413265), (0.12502885, -0.99191296, -0.021833103), (0.35574254, -0.93354976, -0.04395566), (0.34679836, -0.92910856, 0.1284072), (0.35574254, -0.93354976, -0.04395566), (0.12502885, -0.99191296, -0.021833103), (0.12502885, -0.99191296, -0.021833103), (0.13814874, -0.9731445, -0.18413265), (-0.46640974, -0.8755039, -0.12631279), (-0.46640974, -0.8755039, -0.12631279), (-0.4645527, -0.8851276, -0.02720046), (0.12502885, -0.99191296, -0.021833103), (0.12502885, -0.99191296, -0.021833103), (0.11985708, -0.98241174, 0.14318353), (0.34679836, -0.92910856, 0.1284072), (0.32407436, -0.8979962, 0.29762176), (0.34679836, -0.92910856, 0.1284072), (0.11985708, -0.98241174, 0.14318353), (0.11985708, -0.98241174, 0.14318353), (0.12502885, -0.99191296, -0.021833103), (-0.4645527, -0.8851276, -0.02720046), (-0.4645527, -0.8851276, -0.02720046), (-0.4708802, -0.8791988, 0.07267238), (0.11985708, -0.98241174, 0.14318353), (0.11985708, -0.98241174, 0.14318353), (0.10976141, -0.9464161, 0.3037256), (0.32407436, -0.8979962, 0.29762176), (0.28842977, -0.84150076, 0.45682025), (0.32407436, -0.8979962, 0.29762176), (0.10976141, -0.9464161, 0.3037256), (0.10976141, -0.9464161, 0.3037256), (0.11985708, -0.98241174, 0.14318353), (-0.4708802, -0.8791988, 0.07267238), (-0.4708802, -0.8791988, 0.07267238), (-0.48613352, -0.85765785, 0.16762228), (0.10976141, -0.9464161, 0.3037256), (0.10976141, -0.9464161, 0.3037256), (0.07765878, -0.8877069, 0.45381245), (0.28842977, -0.84150076, 0.45682025), (0.24066667, -0.7607279, 0.6028042), (0.28842977, -0.84150076, 0.45682025), (0.07765878, -0.8877069, 0.45381245), (0.07765878, -0.8877069, 0.45381245), (0.10976141, -0.9464161, 0.3037256), (-0.48613352, -0.85765785, 0.16762228), (-0.48613352, -0.85765785, 0.16762228), (-0.5086294, -0.8217245, 0.25703135), (0.07765878, -0.8877069, 0.45381245), (0.07765878, -0.8877069, 0.45381245), (0.030765181, -0.80637336, 0.59060603), (0.24066667, -0.7607279, 0.6028042), (0.17802419, -0.660624, 0.7293033), (0.24066667, -0.7607279, 0.6028042), (0.030765181, -0.80637336, 0.59060603), (0.030765181, -0.80637336, 0.59060603), (-0.01709618, -0.7025537, 0.7114253), (0.17802419, -0.660624, 0.7293033), (0.030765181, -0.80637336, 0.59060603), (0.07765878, -0.8877069, 0.45381245), (-0.5086294, -0.8217245, 0.25703135), (-0.5086294, -0.8217245, 0.25703135), (-0.5416022, -0.7709329, 0.3351562), (0.030765181, -0.80637336, 0.59060603), (-0.01709618, -0.7025537, 0.7114253), (0.030765181, -0.80637336, 0.59060603), (-0.5416022, -0.7709329, 0.3351562), (-0.5416022, -0.7709329, 0.3351562), (-0.5849218, -0.70759654, 0.39645162), (-0.01709618, -0.7025537, 0.7114253), (-0.011873032, -0.43073502, 0.9024003), (0.10908954, -0.54118043, 0.83380055), (-0.09344001, -0.5877936, 0.80359685), (-0.09344001, -0.5877936, 0.80359685), (-0.2288867, -0.48308635, 0.84512633), (-0.011873032, -0.43073502, 0.9024003), (-0.10896985, -0.29257476, 0.9500136), (-0.011873032, -0.43073502, 0.9024003), (-0.2288867, -0.48308635, 0.84512633), (-0.2288867, -0.48308635, 0.84512633), (-0.33014655, -0.3516776, 0.87597156), (-0.10896985, -0.29257476, 0.9500136), (-0.18779539, -0.14309967, 0.97172815), (-0.10896985, -0.29257476, 0.9500136), (-0.33014655, -0.3516776, 0.87597156), (-0.33014655, -0.3516776, 0.87597156), (-0.40334952, -0.21248391, 0.89003354), (-0.18779539, -0.14309967, 0.97172815), (-0.2666632, 0.008689223, 0.96375066), (-0.18779539, -0.14309967, 0.97172815), (-0.40334952, -0.21248391, 0.89003354), (-0.40334952, -0.21248391, 0.89003354), (-0.47556782, -0.07301704, 0.8766436), (-0.2666632, 0.008689223, 0.96375066), (-0.34242803, 0.15664323, 0.92639416), (-0.2666632, 0.008689223, 0.96375066), (-0.47556782, -0.07301704, 0.8766436), (-0.47556782, -0.07301704, 0.8766436), (-0.54494876, 0.06290424, 0.83610654), (-0.34242803, 0.15664323, 0.92639416), (-0.4135146, 0.29779494, 0.8604207), (-0.34242803, 0.15664323, 0.92639416), (-0.54494876, 0.06290424, 0.83610654), (-0.54494876, 0.06290424, 0.83610654), (-0.60876507, 0.19057982, 0.7701198), (-0.4135146, 0.29779494, 0.8604207), (-0.47208354, 0.43029138, 0.7694066), (-0.4135146, 0.29779494, 0.8604207), (-0.60876507, 0.19057982, 0.7701198), (-0.60876507, 0.19057982, 0.7701198), (-0.66628754, 0.30698103, 0.67957604), (-0.47208354, 0.43029138, 0.7694066), (-0.5291704, 0.5413809, 0.6533647), (-0.47208354, 0.43029138, 0.7694066), (-0.66628754, 0.30698103, 0.67957604), (-0.66628754, 0.30698103, 0.67957604), (-0.71435755, 0.40612468, 0.5698737), (-0.5291704, 0.5413809, 0.6533647), (-0.56609774, 0.641067, 0.51823413), (-0.5291704, 0.5413809, 0.6533647), (-0.71435755, 0.40612468, 0.5698737), (-0.71435755, 0.40612468, 0.5698737), (-0.7527102, 0.49031752, 0.43933588), (-0.56609774, 0.641067, 0.51823413), (-0.6025871, 0.7090667, 0.36621478), (-0.56609774, 0.641067, 0.51823413), (-0.7527102, 0.49031752, 0.43933588), (-0.7527102, 0.49031752, 0.43933588), (-0.7789375, 0.5518217, 0.29790813), (-0.6025871, 0.7090667, 0.36621478), (-0.6258363, 0.7532087, 0.20249854), (-0.6025871, 0.7090667, 0.36621478), (-0.7789375, 0.5518217, 0.29790813), (-0.7789375, 0.5518217, 0.29790813), (-0.79378676, 0.59081596, 0.14435753), (-0.6258363, 0.7532087, 0.20249854), (-0.63079935, 0.77525496, 0.032743573), (-0.6258363, 0.7532087, 0.20249854), (-0.79378676, 0.59081596, 0.14435753), (-0.79378676, 0.59081596, 0.14435753), (-0.7955192, 0.60579836, -0.012555487), (-0.63079935, 0.77525496, 0.032743573), (-0.62199646, 0.7708818, -0.1373389), (-0.63079935, 0.77525496, 0.032743573), (-0.7955192, 0.60579836, -0.012555487), (-0.7955192, 0.60579836, -0.012555487), (-0.7845729, 0.5963379, -0.16978382), (-0.62199646, 0.7708818, -0.1373389), (-0.5995356, 0.7402301, -0.30432954), (-0.62199646, 0.7708818, -0.1373389), (-0.7845729, 0.5963379, -0.16978382), (-0.7845729, 0.5963379, -0.16978382), (-0.76170266, 0.5629967, -0.32069302), (-0.5995356, 0.7402301, -0.30432954), (-0.5546851, 0.6915695, -0.46266213), (-0.5995356, 0.7402301, -0.30432954), (-0.76170266, 0.5629967, -0.32069302), (-0.76170266, 0.5629967, -0.32069302), (-0.7262068, 0.5061874, -0.46518633), (-0.5546851, 0.6915695, -0.46266213), (-0.512796, 0.6085616, -0.6055519), (-0.5546851, 0.6915695, -0.46266213), (-0.7262068, 0.5061874, -0.46518633), (-0.7262068, 0.5061874, -0.46518633), (-0.6807613, 0.42222828, -0.5985712), (-0.512796, 0.6085616, -0.6055519), (-0.40268037, 0.54369074, -0.7363756), (-0.512796, 0.6085616, -0.6055519), (-0.6807613, 0.42222828, -0.5985712), (-0.6807613, 0.42222828, -0.5985712), (-0.45204183, 0.46219206, -0.7629133), (-0.40268037, 0.54369074, -0.7363756), (-0.6807613, 0.42222828, -0.5985712), (-0.86149514, 0.03025545, -0.5068639), (-0.45204183, 0.46219206, -0.7629133), (-0.27884838, 0.45599768, -0.8451684), (-0.40268037, 0.54369074, -0.7363756), (-0.45204183, 0.46219206, -0.7629133), (-0.45204183, 0.46219206, -0.7629133), (-0.43760344, 0.32937917, -0.83666766), (-0.27884838, 0.45599768, -0.8451684), (-0.43760344, 0.32937917, -0.83666766), (-0.45204183, 0.46219206, -0.7629133), (-0.86149514, 0.03025545, -0.5068639), (-0.86149514, 0.03025545, -0.5068639), (-0.81601745, -0.0639813, -0.57447547), (-0.43760344, 0.32937917, -0.83666766), (-0.20513317, 0.32058203, -0.924742), (-0.27884838, 0.45599768, -0.8451684), (-0.43760344, 0.32937917, -0.83666766), (-0.37247407, 0.19151425, -0.90806687), (-0.43760344, 0.32937917, -0.83666766), (-0.81601745, -0.0639813, -0.57447547), (-0.43760344, 0.32937917, -0.83666766), (-0.37247407, 0.19151425, -0.90806687), (-0.20513317, 0.32058203, -0.924742), (-0.81601745, -0.0639813, -0.57447547), (-0.76919, -0.1530419, -0.6204232), (-0.37247407, 0.19151425, -0.90806687), (-0.12658592, 0.17378153, -0.97661465), (-0.20513317, 0.32058203, -0.924742), (-0.37247407, 0.19151425, -0.90806687), (-0.29640004, 0.049150977, -0.95379835), (-0.37247407, 0.19151425, -0.90806687), (-0.76919, -0.1530419, -0.6204232), (-0.37247407, 0.19151425, -0.90806687), (-0.29640004, 0.049150977, -0.95379835), (-0.12658592, 0.17378153, -0.97661465), (-0.76919, -0.1530419, -0.6204232), (-0.71901536, -0.24698748, -0.64962626), (-0.29640004, 0.049150977, -0.95379835), (-0.046338532, 0.02155252, -0.9986932), (-0.12658592, 0.17378153, -0.97661465), (-0.29640004, 0.049150977, -0.95379835), (-0.21876007, -0.09848305, -0.9707961), (-0.29640004, 0.049150977, -0.95379835), (-0.71901536, -0.24698748, -0.64962626), (-0.29640004, 0.049150977, -0.95379835), (-0.21876007, -0.09848305, -0.9707961), (-0.046338532, 0.02155252, -0.9986932), (-0.71901536, -0.24698748, -0.64962626), (-0.66782826, -0.34443417, -0.6598261), (-0.21876007, -0.09848305, -0.9707961), (0.033998854, -0.1330105, -0.9905314), (-0.046338532, 0.02155252, -0.9986932), (-0.21876007, -0.09848305, -0.9707961), (-0.1416993, -0.24700624, -0.9585975), (-0.21876007, -0.09848305, -0.9707961), (-0.66782826, -0.34443417, -0.6598261), (-0.21876007, -0.09848305, -0.9707961), (-0.1416993, -0.24700624, -0.9585975), (0.033998854, -0.1330105, -0.9905314), (-0.66782826, -0.34443417, -0.6598261), (-0.61714727, -0.4421472, -0.65087277), (-0.1416993, -0.24700624, -0.9585975), (0.11112456, -0.2836818, -0.9524579), (0.033998854, -0.1330105, -0.9905314), (-0.1416993, -0.24700624, -0.9585975), (-0.06401995, -0.39649785, -0.9158008), (-0.1416993, -0.24700624, -0.9585975), (-0.61714727, -0.4421472, -0.65087277), (-0.1416993, -0.24700624, -0.9585975), (-0.06401995, -0.39649785, -0.9158008), (0.11112456, -0.2836818, -0.9524579), (0.14399385, -0.44842342, -0.8821464), (0.11112456, -0.2836818, -0.9524579), (-0.06401995, -0.39649785, -0.9158008), (-0.61714727, -0.4421472, -0.65087277), (-0.57903016, -0.5450415, -0.6063447), (-0.06401995, -0.39649785, -0.9158008), (-0.06401995, -0.39649785, -0.9158008), (-0.03021934, -0.54366314, -0.8387594), (0.14399385, -0.44842342, -0.8821464), (-0.03021934, -0.54366314, -0.8387594), (-0.06401995, -0.39649785, -0.9158008), (-0.57903016, -0.5450415, -0.6063447), (0.31723404, -0.6854975, 0.6553287), (0.2553948, -0.5759237, 0.7765858), (0.22448604, -0.6290955, 0.74420756), (0.22448604, -0.6290955, 0.74420756), (0.2807565, -0.7343068, 0.6180367), (0.31723404, -0.6854975, 0.6553287), (0.2807565, -0.7343068, 0.6180367), (0.22448604, -0.6290955, 0.74420756), (-0.1718991, -0.7443789, 0.6452524), (0.36877155, -0.77393967, 0.5148057), (0.31723404, -0.6854975, 0.6553287), (0.2807565, -0.7343068, 0.6180367), (-0.1718991, -0.7443789, 0.6452524), (-0.119285844, -0.8367144, 0.53449035), (0.2807565, -0.7343068, 0.6180367), (0.2807565, -0.7343068, 0.6180367), (0.32829666, -0.8175081, 0.47318262), (0.36877155, -0.77393967, 0.5148057), (0.32829666, -0.8175081, 0.47318262), (0.2807565, -0.7343068, 0.6180367), (-0.119285844, -0.8367144, 0.53449035), (0.40898287, -0.8394394, 0.357875), (0.36877155, -0.77393967, 0.5148057), (0.32829666, -0.8175081, 0.47318262), (-0.119285844, -0.8367144, 0.53449035), (-0.0755671, -0.91052246, 0.4064957), (0.32829666, -0.8175081, 0.47318262), (0.32829666, -0.8175081, 0.47318262), (0.365153, -0.8763808, 0.3140384), (0.40898287, -0.8394394, 0.357875), (0.365153, -0.8763808, 0.3140384), (0.32829666, -0.8175081, 0.47318262), (-0.0755671, -0.91052246, 0.4064957), (0.43623394, -0.87935466, 0.19088067), (0.40898287, -0.8394394, 0.357875), (0.365153, -0.8763808, 0.3140384), (-0.0755671, -0.91052246, 0.4064957), (-0.042759538, -0.96296996, 0.26619637), (0.365153, -0.8763808, 0.3140384), (0.365153, -0.8763808, 0.3140384), (0.3890602, -0.90975386, 0.1448454), (0.43623394, -0.87935466, 0.19088067), (0.3890602, -0.90975386, 0.1448454), (0.365153, -0.8763808, 0.3140384), (-0.042759538, -0.96296996, 0.26619637), (0.44996935, -0.8928784, 0.017202659), (0.43623394, -0.87935466, 0.19088067), (0.3890602, -0.90975386, 0.1448454), (-0.042759538, -0.96296996, 0.26619637), (-0.02145706, -0.99289834, 0.1170152), (0.3890602, -0.90975386, 0.1448454), (0.3890602, -0.90975386, 0.1448454), (0.39921203, -0.9164195, -0.028373858), (0.44996935, -0.8928784, 0.017202659), (0.39921203, -0.9164195, -0.028373858), (0.3890602, -0.90975386, 0.1448454), (-0.02145706, -0.99289834, 0.1170152), (0.4496354, -0.87946147, -0.15612656), (0.44996935, -0.8928784, 0.017202659), (0.39921203, -0.9164195, -0.028373858), (-0.02145706, -0.99289834, 0.1170152), (-0.012191082, -0.9992811, -0.035900623), (0.39921203, -0.9164195, -0.028373858), (0.39921203, -0.9164195, -0.028373858), (0.39531758, -0.8962254, -0.2012566), (0.4496354, -0.87946147, -0.15612656), (0.39531758, -0.8962254, -0.2012566), (0.39921203, -0.9164195, -0.028373858), (-0.012191082, -0.9992811, -0.035900623), (0.43524197, -0.8393749, -0.32559836), (0.4496354, -0.87946147, -0.15612656), (0.39531758, -0.8962254, -0.2012566), (-0.012191082, -0.9992811, -0.035900623), (-0.01541435, -0.9819478, -0.18852367), (0.39531758, -0.8962254, -0.2012566), (0.39531758, -0.8962254, -0.2012566), (0.37754774, -0.8498766, -0.3676513), (0.43524197, -0.8393749, -0.32559836), (0.37754774, -0.8498766, -0.3676513), (0.39531758, -0.8962254, -0.2012566), (-0.01541435, -0.9819478, -0.18852367), (0.40736318, -0.7742447, -0.48435563), (0.43524197, -0.8393749, -0.32559836), (0.37754774, -0.8498766, -0.3676513), (-0.01541435, -0.9819478, -0.18852367), (-0.030804943, -0.9414946, -0.33561736), (0.37754774, -0.8498766, -0.3676513), (0.37754774, -0.8498766, -0.3676513), (0.3463158, -0.7785526, -0.52337503), (0.40736318, -0.7742447, -0.48435563), (0.3463158, -0.7785526, -0.52337503), (0.37754774, -0.8498766, -0.3676513), (-0.030804943, -0.9414946, -0.33561736), (0.36657742, -0.68538064, -0.6291856), (0.40736318, -0.7742447, -0.48435563), (0.3463158, -0.7785526, -0.52337503), (-0.030804943, -0.9414946, -0.33561736), (-0.058175407, -0.87899244, -0.47327363), (0.3463158, -0.7785526, -0.52337503), (0.3463158, -0.7785526, -0.52337503), (0.3027704, -0.68477684, -0.6628808), (0.36657742, -0.68538064, -0.6291856), (0.3027704, -0.68477684, -0.6628808), (0.3463158, -0.7785526, -0.52337503), (-0.058175407, -0.87899244, -0.47327363), (0.31452256, -0.57638925, -0.75422215), (0.36657742, -0.68538064, -0.6291856), (0.3027704, -0.68477684, -0.6628808), (-0.058175407, -0.87899244, -0.47327363), (-0.09590715, -0.7968837, -0.5964714), (0.3027704, -0.68477684, -0.6628808), (0.3027704, -0.68477684, -0.6628808), (0.25032082, -0.56993365, -0.7826335), (0.31452256, -0.57638925, -0.75422215), (0.25032082, -0.56993365, -0.7826335), (0.3027704, -0.68477684, -0.6628808), (-0.09590715, -0.7968837, -0.5964714), (-0.09590715, -0.7968837, -0.5964714), (-0.14389342, -0.69694334, -0.7025417), (0.25032082, -0.56993365, -0.7826335), (0.18230134, -0.30977294, -0.93317044), (0.25226098, -0.44947386, -0.8569352), (0.18818018, -0.4387248, -0.8786972), (0.18818018, -0.4387248, -0.8786972), (0.11345532, -0.29709253, -0.94808435), (0.18230134, -0.30977294, -0.93317044), (0.11345532, -0.29709253, -0.94808435), (0.18818018, -0.4387248, -0.8786972), (-0.20109145, -0.5824559, -0.7875961), (0.10606088, -0.16010912, -0.9813848), (0.18230134, -0.30977294, -0.93317044), (0.11345532, -0.29709253, -0.94808435), (-0.20109145, -0.5824559, -0.7875961), (-0.26432425, -0.45703363, -0.84926623), (0.11345532, -0.29709253, -0.94808435), (0.11345532, -0.29709253, -0.94808435), (0.03524966, -0.14806221, -0.98834974), (0.10606088, -0.16010912, -0.9813848), (0.03524966, -0.14806221, -0.98834974), (0.11345532, -0.29709253, -0.94808435), (-0.26432425, -0.45703363, -0.84926623), (0.026643075, -0.0065413923, -0.9996237), (0.10606088, -0.16010912, -0.9813848), (0.03524966, -0.14806221, -0.98834974), (-0.26432425, -0.45703363, -0.84926623), (-0.3319846, -0.32368505, -0.88601035), (0.03524966, -0.14806221, -0.98834974), (0.03524966, -0.14806221, -0.98834974), (-0.044819914, 0.006167311, -0.9989761), (0.026643075, -0.0065413923, -0.9996237), (-0.044819914, 0.006167311, -0.9989761), (0.03524966, -0.14806221, -0.98834974), (-0.3319846, -0.32368505, -0.88601035), (-0.054364342, 0.14781985, -0.9875191), (0.026643075, -0.0065413923, -0.9996237), (-0.044819914, 0.006167311, -0.9989761), (-0.3319846, -0.32368505, -0.88601035), (-0.40264648, -0.18762104, -0.8959209), (-0.044819914, 0.006167311, -0.9989761), (-0.044819914, 0.006167311, -0.9989761), (-0.12521698, 0.15882394, -0.9793344), (-0.054364342, 0.14781985, -0.9875191), (-0.12521698, 0.15882394, -0.9793344), (-0.044819914, 0.006167311, -0.9989761), (-0.40264648, -0.18762104, -0.8959209), (-0.13366984, 0.29672638, -0.9455611), (-0.054364342, 0.14781985, -0.9875191), (-0.12521698, 0.15882394, -0.9793344), (-0.40264648, -0.18762104, -0.8959209), (-0.47360703, -0.052738853, -0.8791558), (-0.12521698, 0.15882394, -0.9793344), (-0.12521698, 0.15882394, -0.9793344), (-0.20393081, 0.3060397, -0.92992043), (-0.13366984, 0.29672638, -0.9455611), (-0.20393081, 0.3060397, -0.92992043), (-0.12521698, 0.15882394, -0.9793344), (-0.47360703, -0.052738853, -0.8791558), (-0.2096706, 0.43716633, -0.8745993), (-0.13366984, 0.29672638, -0.9455611), (-0.20393081, 0.3060397, -0.92992043), (-0.47360703, -0.052738853, -0.8791558), (-0.5431596, 0.077298336, -0.8360638), (-0.20393081, 0.3060397, -0.92992043), (-0.20393081, 0.3060397, -0.92992043), (-0.27814686, 0.44260243, -0.85248893), (-0.2096706, 0.43716633, -0.8745993), (-0.27814686, 0.44260243, -0.85248893), (-0.20393081, 0.3060397, -0.92992043), (-0.5431596, 0.077298336, -0.8360638), (-0.27929497, 0.56345505, -0.77750427), (-0.2096706, 0.43716633, -0.8745993), (-0.27814686, 0.44260243, -0.85248893), (-0.5431596, 0.077298336, -0.8360638), (-0.60831994, 0.19791837, -0.76861906), (-0.27814686, 0.44260243, -0.85248893), (-0.27814686, 0.44260243, -0.85248893), (-0.34377176, 0.5662493, -0.74912137), (-0.27929497, 0.56345505, -0.77750427), (-0.34377176, 0.5662493, -0.74912137), (-0.27814686, 0.44260243, -0.85248893), (-0.60831994, 0.19791837, -0.76861906), (-0.60831994, 0.19791837, -0.76861906), (-0.66883737, 0.3064546, -0.6773051), (-0.34377176, 0.5662493, -0.74912137), (-0.34112597, 0.6730326, -0.6562471), (-0.27929497, 0.56345505, -0.77750427), (-0.34377176, 0.5662493, -0.74912137), (-0.34377176, 0.5662493, -0.74912137), (-0.40415612, 0.6699213, -0.6227868), (-0.34112597, 0.6730326, -0.6562471), (-0.40415612, 0.6699213, -0.6227868), (-0.34377176, 0.5662493, -0.74912137), (-0.66883737, 0.3064546, -0.6773051), (-0.39267683, 0.7614651, -0.51572853), (-0.34112597, 0.6730326, -0.6562471), (-0.40415612, 0.6699213, -0.6227868), (-0.66883737, 0.3064546, -0.6773051), (-0.72068375, 0.39809754, -0.5675679), (-0.40415612, 0.6699213, -0.6227868), (-0.40415612, 0.6699213, -0.6227868), (-0.45084813, 0.75371885, -0.47816744), (-0.39267683, 0.7614651, -0.51572853), (-0.45084813, 0.75371885, -0.47816744), (-0.40415612, 0.6699213, -0.6227868), (-0.72068375, 0.39809754, -0.5675679), (-0.72068375, 0.39809754, -0.5675679), (-0.76449645, 0.4722228, -0.43880635), (-0.45084813, 0.75371885, -0.47816744), (-0.43289128, 0.8269648, -0.35879588), (-0.39267683, 0.7614651, -0.51572853), (-0.45084813, 0.75371885, -0.47816744), (-0.45084813, 0.75371885, -0.47816744), (-0.48938307, 0.8119145, -0.318275), (-0.43289128, 0.8269648, -0.35879588), (-0.48938307, 0.8119145, -0.318275), (-0.45084813, 0.75371885, -0.47816744), (-0.76449645, 0.4722228, -0.43880635), (-0.46013767, 0.8668826, -0.19180161), (-0.43289128, 0.8269648, -0.35879588), (-0.48938307, 0.8119145, -0.318275), (-0.76449645, 0.4722228, -0.43880635), (-0.7973697, 0.52417177, -0.2990744), (-0.48938307, 0.8119145, -0.318275), (-0.48938307, 0.8119145, -0.318275), (-0.51472455, 0.8441889, -0.14967863), (-0.46013767, 0.8668826, -0.19180161), (-0.51472455, 0.8441889, -0.14967863), (-0.48938307, 0.8119145, -0.318275), (-0.7973697, 0.52417177, -0.2990744), (-0.47387826, 0.880404, -0.018121611), (-0.46013767, 0.8668826, -0.19180161), (-0.51472455, 0.8441889, -0.14967863), (-0.7973697, 0.52417177, -0.2990744), (-0.8186078, 0.5546006, -0.14933), (-0.51472455, 0.8441889, -0.14967863), (-0.51472455, 0.8441889, -0.14967863), (-0.5248591, 0.8508636, 0.023540607), (-0.47387826, 0.880404, -0.018121611), (-0.5248591, 0.8508636, 0.023540607), (-0.51472455, 0.8441889, -0.14967863), (-0.8186078, 0.5546006, -0.14933), (-0.4735416, 0.8669889, 0.15520519), (-0.47387826, 0.880404, -0.018121611), (-0.5248591, 0.8508636, 0.023540607), (-0.8186078, 0.5546006, -0.14933), (-0.8277914, 0.5610246, 0.0035880867), (-0.5248591, 0.8508636, 0.023540607), (-0.5248591, 0.8508636, 0.023540607), (-0.5209754, 0.8306646, 0.19642045), (-0.4735416, 0.8669889, 0.15520519), (-0.5209754, 0.8306646, 0.19642045), (-0.5248591, 0.8508636, 0.023540607), (-0.8277914, 0.5610246, 0.0035880867), (-0.45914528, 0.8269042, 0.32467708), (-0.4735416, 0.8669889, 0.15520519), (-0.5209754, 0.8306646, 0.19642045), (-0.8277914, 0.5610246, 0.0035880867), (-0.8246533, 0.54364085, 0.15620995), (-0.5209754, 0.8306646, 0.19642045), (-0.5209754, 0.8306646, 0.19642045), (-0.5031958, 0.78431857, 0.36282015), (-0.45914528, 0.8269042, 0.32467708), (-0.5031958, 0.78431857, 0.36282015), (-0.5209754, 0.8306646, 0.19642045), (-0.8246533, 0.54364085, 0.15620995), (-0.43127468, 0.76176816, 0.483437), (-0.45914528, 0.8269042, 0.32467708), (-0.5031958, 0.78431857, 0.36282015), (-0.8246533, 0.54364085, 0.15620995), (-0.80901974, 0.5038673, 0.30266276), (-0.5031958, 0.78431857, 0.36282015), (-0.5031958, 0.78431857, 0.36282015), (-0.4689506, 0.71490943, 0.5186425), (-0.43127468, 0.76176816, 0.483437), (-0.4689506, 0.71490943, 0.5186425), (-0.5031958, 0.78431857, 0.36282015), (-0.80901974, 0.5038673, 0.30266276), (-0.80901974, 0.5038673, 0.30266276), (-0.7818811, 0.4407014, 0.44095844), (-0.4689506, 0.71490943, 0.5186425), (-0.39047658, 0.6729138, 0.62826353), (-0.43127468, 0.76176816, 0.483437), (-0.4689506, 0.71490943, 0.5186425), (-0.4689506, 0.71490943, 0.5186425), (-0.42670733, 0.61976594, 0.6586435), (-0.39047658, 0.6729138, 0.62826353), (-0.42670733, 0.61976594, 0.6586435), (-0.4689506, 0.71490943, 0.5186425), (-0.7818811, 0.4407014, 0.44095844), (-0.33841553, 0.5639247, 0.75330204), (-0.39047658, 0.6729138, 0.62826353), (-0.42670733, 0.61976594, 0.6586435), (-0.7818811, 0.4407014, 0.44095844), (-0.7470042, 0.35232535, 0.56378317), (-0.42670733, 0.61976594, 0.6586435), (-0.42670733, 0.61976594, 0.6586435), (-0.38024652, 0.50083494, 0.7775456), (-0.33841553, 0.5639247, 0.75330204), (-0.38024652, 0.50083494, 0.7775456), (-0.42670733, 0.61976594, 0.6586435), (-0.7470042, 0.35232535, 0.56378317), (-0.7470042, 0.35232535, 0.56378317), (-0.83565474, 0.065215304, 0.54536974), (-0.38024652, 0.50083494, 0.7775456), (-0.27614617, 0.43700942, 0.85601765), (-0.33841553, 0.5639247, 0.75330204), (-0.38024652, 0.50083494, 0.7775456), (-0.38024652, 0.50083494, 0.7775456), (-0.32671982, 0.3653699, 0.87164164), (-0.27614617, 0.43700942, 0.85601765), (-0.32671982, 0.3653699, 0.87164164), (-0.38024652, 0.50083494, 0.7775456), (-0.83565474, 0.065215304, 0.54536974), (-0.2061971, 0.29730397, 0.9322517), (-0.27614617, 0.43700942, 0.85601765), (-0.32671982, 0.3653699, 0.87164164), (-0.83565474, 0.065215304, 0.54536974), (-0.79225725, -0.020967498, 0.6098269), (-0.32671982, 0.3653699, 0.87164164), (-0.32671982, 0.3653699, 0.87164164), (-0.25903034, 0.22202827, 0.94000363), (-0.2061971, 0.29730397, 0.9322517), (-0.25903034, 0.22202827, 0.94000363), (-0.32671982, 0.3653699, 0.87164164), (-0.79225725, -0.020967498, 0.6098269), (-0.12997, 0.14763427, 0.9804652), (-0.2061971, 0.29730397, 0.9322517), (-0.25903034, 0.22202827, 0.94000363), (-0.79225725, -0.020967498, 0.6098269), (-0.740052, -0.12510067, 0.6608123), (-0.25903034, 0.22202827, 0.94000363), (-0.25903034, 0.22202827, 0.94000363), (-0.1823124, 0.07201577, 0.98059976), (-0.12997, 0.14763427, 0.9804652), (-0.1823124, 0.07201577, 0.98059976), (-0.25903034, 0.22202827, 0.94000363), (-0.740052, -0.12510067, 0.6608123), (-0.050545447, -0.0059295944, 0.99870425), (-0.12997, 0.14763427, 0.9804652), (-0.1823124, 0.07201577, 0.98059976), (-0.740052, -0.12510067, 0.6608123), (-0.6843554, -0.2339734, 0.6905898), (-0.1823124, 0.07201577, 0.98059976), (-0.1823124, 0.07201577, 0.98059976), (-0.1024329, -0.081894174, 0.9913632), (-0.050545447, -0.0059295944, 0.99870425), (-0.1024329, -0.081894174, 0.9913632), (-0.1823124, 0.07201577, 0.98059976), (-0.6843554, -0.2339734, 0.6905898), (0.030455204, -0.16029437, 0.9865994), (-0.050545447, -0.0059295944, 0.99870425), (-0.1024329, -0.081894174, 0.9913632), (-0.6843554, -0.2339734, 0.6905898), (-0.6264144, -0.34571615, 0.6986311), (-0.1024329, -0.081894174, 0.9913632), (-0.1024329, -0.081894174, 0.9913632), (-0.022174291, -0.23427185, 0.9719182), (0.030455204, -0.16029437, 0.9865994), (-0.022174291, -0.23427185, 0.9719182), (-0.1024329, -0.081894174, 0.9913632), (-0.6264144, -0.34571615, 0.6986311), (0.109760515, -0.30919746, 0.94464254), (0.030455204, -0.16029437, 0.9865994), (-0.022174291, -0.23427185, 0.9719182), (-0.6264144, -0.34571615, 0.6986311), (-0.56809014, -0.45639303, 0.6848204), (-0.022174291, -0.23427185, 0.9719182), (-0.022174291, -0.23427185, 0.9719182), (0.056380752, -0.38122815, 0.92276025), (0.109760515, -0.30919746, 0.94464254), (0.056380752, -0.38122815, 0.92276025), (-0.022174291, -0.23427185, 0.9719182), (-0.56809014, -0.45639303, 0.6848204), (0.18576068, -0.44964188, 0.8736791), (0.109760515, -0.30919746, 0.94464254), (0.056380752, -0.38122815, 0.92276025), (-0.56809014, -0.45639303, 0.6848204), (-0.5187644, -0.5588776, 0.64694625), (0.056380752, -0.38122815, 0.92276025), (0.056380752, -0.38122815, 0.92276025), (0.14733113, -0.5083096, 0.8484781), (0.18576068, -0.44964188, 0.8736791), (0.14733113, -0.5083096, 0.8484781), (0.056380752, -0.38122815, 0.92276025), (-0.5187644, -0.5588776, 0.64694625), (-0.5187644, -0.5588776, 0.64694625), (-0.17638776, -0.6282887, 0.75772077), (0.14733113, -0.5083096, 0.8484781), (0.25301066, -0.6957952, -0.67220145), (0.19332807, -0.5829674, -0.78915983), (0.020723863, -0.67060715, -0.7415232), (0.020723863, -0.67060715, -0.7415232), (0.06631572, -0.7771816, -0.6257723), (0.25301066, -0.6957952, -0.67220145), (0.2997145, -0.79003215, -0.5348087), (0.25301066, -0.6957952, -0.67220145), (0.06631572, -0.7771816, -0.6257723), (0.06631572, -0.7771816, -0.6257723), (0.020723863, -0.67060715, -0.7415232), (-0.55465776, -0.69534606, -0.45699963), (-0.55465776, -0.69534606, -0.45699963), (-0.51567763, -0.7607753, -0.39407822), (0.06631572, -0.7771816, -0.6257723), (0.06631572, -0.7771816, -0.6257723), (0.10225886, -0.8651763, -0.490931), (0.2997145, -0.79003215, -0.5348087), (0.33194342, -0.86306, -0.3807114), (0.2997145, -0.79003215, -0.5348087), (0.10225886, -0.8651763, -0.490931), (0.10225886, -0.8651763, -0.490931), (0.06631572, -0.7771816, -0.6257723), (-0.51567763, -0.7607753, -0.39407822), (-0.51567763, -0.7607753, -0.39407822), (-0.49123368, -0.8130747, -0.31240878), (0.10225886, -0.8651763, -0.490931), (0.10225886, -0.8651763, -0.490931), (0.13064376, -0.93044746, -0.34234458), (0.33194342, -0.86306, -0.3807114), (0.35072201, -0.9112329, -0.21598352), (0.33194342, -0.86306, -0.3807114), (0.13064376, -0.93044746, -0.34234458), (0.13064376, -0.93044746, -0.34234458), (0.10225886, -0.8651763, -0.490931), (-0.49123368, -0.8130747, -0.31240878), (-0.49123368, -0.8130747, -0.31240878), (-0.47485194, -0.8515005, -0.222402), (0.13064376, -0.93044746, -0.34234458), (0.13064376, -0.93044746, -0.34234458), (0.1381538, -0.9731438, -0.18413217), (0.35072201, -0.9112329, -0.21598352), (0.3557438, -0.9335494, -0.04395552), (0.35072201, -0.9112329, -0.21598352), (0.1381538, -0.9731438, -0.18413217), (0.1381538, -0.9731438, -0.18413217), (0.13064376, -0.93044746, -0.34234458), (-0.47485194, -0.8515005, -0.222402), (-0.47485194, -0.8515005, -0.222402), (-0.4664097, -0.8755039, -0.12631279), (0.1381538, -0.9731438, -0.18413217), (0.1381538, -0.9731438, -0.18413217), (0.12502988, -0.9919128, -0.021833071), (0.3557438, -0.9335494, -0.04395552), (0.34679836, -0.92910856, 0.1284072), (0.3557438, -0.9335494, -0.04395552), (0.12502988, -0.9919128, -0.021833071), (0.12502988, -0.9919128, -0.021833071), (0.1381538, -0.9731438, -0.18413217), (-0.4664097, -0.8755039, -0.12631279), (-0.4664097, -0.8755039, -0.12631279), (-0.4645531, -0.8851274, -0.027200442), (0.12502988, -0.9919128, -0.021833071), (0.12502988, -0.9919128, -0.021833071), (0.119855344, -0.9824121, 0.14318278), (0.34679836, -0.92910856, 0.1284072), (0.3240653, -0.8980005, 0.29761875), (0.34679836, -0.92910856, 0.1284072), (0.119855344, -0.9824121, 0.14318278), (0.119855344, -0.9824121, 0.14318278), (0.12502988, -0.9919128, -0.021833071), (-0.4645531, -0.8851274, -0.027200442), (-0.4645531, -0.8851274, -0.027200442), (-0.47087774, -0.8792001, 0.07267297), (0.119855344, -0.9824121, 0.14318278), (0.119855344, -0.9824121, 0.14318278), (0.10977016, -0.9464146, 0.30372673), (0.3240653, -0.8980005, 0.29761875), (0.2884377, -0.8414976, 0.45682105), (0.3240653, -0.8980005, 0.29761875), (0.10977016, -0.9464146, 0.30372673), (0.10977016, -0.9464146, 0.30372673), (0.119855344, -0.9824121, 0.14318278), (-0.47087774, -0.8792001, 0.07267297), (-0.47087774, -0.8792001, 0.07267297), (-0.4861318, -0.8576586, 0.16762348), (0.10977016, -0.9464146, 0.30372673), (0.10977016, -0.9464146, 0.30372673), (0.07767528, -0.88770324, 0.45381662), (0.2884377, -0.8414976, 0.45682105), (0.24069215, -0.7607174, 0.60280704), (0.2884377, -0.8414976, 0.45682105), (0.07767528, -0.88770324, 0.45381662), (0.07767528, -0.88770324, 0.45381662), (0.10977016, -0.9464146, 0.30372673), (-0.4861318, -0.8576586, 0.16762348), (-0.4861318, -0.8576586, 0.16762348), (-0.5086289, -0.82172465, 0.25703153), (0.07767528, -0.88770324, 0.45381662), (0.07767528, -0.88770324, 0.45381662), (0.030787775, -0.80636775, 0.59061253), (0.24069215, -0.7607174, 0.60280704), (0.1780526, -0.66060996, 0.72930914), (0.24069215, -0.7607174, 0.60280704), (0.030787775, -0.80636775, 0.59061253), (0.030787775, -0.80636775, 0.59061253), (-0.017260628, -0.70342284, 0.71056205), (0.1780526, -0.66060996, 0.72930914), (0.030787775, -0.80636775, 0.59061253), (0.07767528, -0.88770324, 0.45381662), (-0.5086289, -0.82172465, 0.25703153), (-0.5086289, -0.82172465, 0.25703153), (-0.5416022, -0.7709329, 0.3351562), (0.030787775, -0.80636775, 0.59061253), (-0.017260628, -0.70342284, 0.71056205), (0.030787775, -0.80636775, 0.59061253), (-0.5416022, -0.7709329, 0.3351562), (-0.5416022, -0.7709329, 0.3351562), (-0.5805491, -0.7089446, 0.40045005), (-0.017260628, -0.70342284, 0.71056205), (0.04232701, -0.40350923, 0.91399604), (0.11358873, -0.53953874, 0.8342636), (-0.08739943, -0.5879542, 0.80415875), (-0.08739943, -0.5879542, 0.80415875), (-0.19180891, -0.46078905, 0.866535), (0.04232701, -0.40350923, 0.91399604), (-0.006896755, -0.24570987, 0.969319), (0.04232701, -0.40350923, 0.91399604), (-0.19180891, -0.46078905, 0.866535), (-0.19180891, -0.46078905, 0.866535), (-0.19624218, -0.28911757, 0.9369632), (-0.006896755, -0.24570987, 0.969319), (-0.06908748, -0.08177998, 0.994253), (-0.006896755, -0.24570987, 0.969319), (-0.19624218, -0.28911757, 0.9369632), (-0.08739943, -0.5879542, 0.80415875), (-0.017260628, -0.70342284, 0.71056205), (-0.5805491, -0.7089446, 0.40045005), (-0.5805491, -0.7089446, 0.40045005), (-0.6114661, -0.6404956, 0.46462312), (-0.08739943, -0.5879542, 0.80415875), (-0.19180891, -0.46078905, 0.866535), (-0.08739943, -0.5879542, 0.80415875), (-0.6114661, -0.6404956, 0.46462312), (-0.6114661, -0.6404956, 0.46462312), (-0.6906582, -0.57220453, 0.44223675), (-0.19180891, -0.46078905, 0.866535), (-0.62503517, -0.47193992, 0.62177473), (-0.19180891, -0.46078905, 0.866535), (-0.6906582, -0.57220453, 0.44223675), (-0.19180891, -0.46078905, 0.866535), (-0.62503517, -0.47193992, 0.62177473), (-0.19624218, -0.28911757, 0.9369632), (-0.30700332, -0.17914668, 0.93469536), (-0.19624218, -0.28911757, 0.9369632), (-0.62503517, -0.47193992, 0.62177473), (-0.19624218, -0.28911757, 0.9369632), (-0.30700332, -0.17914668, 0.93469536), (-0.06908748, -0.08177998, 0.994253), (-0.62503517, -0.47193992, 0.62177473), (-0.70481884, -0.367355, 0.60686153), (-0.30700332, -0.17914668, 0.93469536), (-0.14941481, 0.07279683, 0.98609126), (-0.06908748, -0.08177998, 0.994253), (-0.30700332, -0.17914668, 0.93469536), (-0.38065264, -0.022993378, 0.9244323), (-0.30700332, -0.17914668, 0.93469536), (-0.70481884, -0.367355, 0.60686153), (-0.30700332, -0.17914668, 0.93469536), (-0.38065264, -0.022993378, 0.9244323), (-0.14941481, 0.07279683, 0.98609126), (-0.70481884, -0.367355, 0.60686153), (-0.7658367, -0.27308682, 0.58216643), (-0.38065264, -0.022993378, 0.9244323), (-0.26132903, 0.20657644, 0.9428857), (-0.14941481, 0.07279683, 0.98609126), (-0.38065264, -0.022993378, 0.9244323), (-0.45576018, 0.11708882, 0.8823678), (-0.38065264, -0.022993378, 0.9244323), (-0.7658367, -0.27308682, 0.58216643), (-0.38065264, -0.022993378, 0.9244323), (-0.45576018, 0.11708882, 0.8823678), (-0.26132903, 0.20657644, 0.9428857), (-0.7658367, -0.27308682, 0.58216643), (-0.8331381, -0.21062249, 0.5113894), (-0.45576018, 0.11708882, 0.8823678), (-0.3444878, 0.34080666, 0.87474525), (-0.26132903, 0.20657644, 0.9428857), (-0.45576018, 0.11708882, 0.8823678), (-0.45576018, 0.11708882, 0.8823678), (-0.52895284, 0.24871564, 0.81138736), (-0.3444878, 0.34080666, 0.87474525), (-0.4088863, 0.47112152, 0.7815732), (-0.3444878, 0.34080666, 0.87474525), (-0.52895284, 0.24871564, 0.81138736), (-0.52895284, 0.24871564, 0.81138736), (-0.58794, 0.37435296, 0.7170679), (-0.4088863, 0.47112152, 0.7815732), (-0.52895284, 0.24871564, 0.81138736), (-0.45576018, 0.11708882, 0.8823678), (-0.8331381, -0.21062249, 0.5113894), (-0.8331381, -0.21062249, 0.5113894), (-0.87479436, -0.13461548, 0.4654176), (-0.52895284, 0.24871564, 0.81138736), (-0.58794, 0.37435296, 0.7170679), (-0.52895284, 0.24871564, 0.81138736), (-0.87479436, -0.13461548, 0.4654176), (-0.87479436, -0.13461548, 0.4654176), (-0.92066485, -0.09120477, 0.3795499), (-0.58794, 0.37435296, 0.7170679), (-0.52200025, 0.5446739, 0.6563887), (-0.4088863, 0.47112152, 0.7815732), (-0.58794, 0.37435296, 0.7170679), (-0.58794, 0.37435296, 0.7170679), (-0.6881302, 0.42728028, 0.58643717), (-0.52200025, 0.5446739, 0.6563887), (-0.5702499, 0.63839585, 0.5169776), (-0.52200025, 0.5446739, 0.6563887), (-0.6881302, 0.42728028, 0.58643717), (-0.6881302, 0.42728028, 0.58643717), (-0.7527334, 0.49108875, 0.4384339), (-0.5702499, 0.63839585, 0.5169776), (-0.6881302, 0.42728028, 0.58643717), (-0.58794, 0.37435296, 0.7170679), (-0.92066485, -0.09120477, 0.3795499), (-0.6025833, 0.7090691, 0.36621663), (-0.5702499, 0.63839585, 0.5169776), (-0.7527334, 0.49108875, 0.4384339), (-0.7527334, 0.49108875, 0.4384339), (-0.77893895, 0.55181926, 0.29790872), (-0.6025833, 0.7090691, 0.36621663), (-0.6258363, 0.7532087, 0.20249854), (-0.6025833, 0.7090691, 0.36621663), (-0.77893895, 0.55181926, 0.29790872), (-0.77893895, 0.55181926, 0.29790872), (-0.79378676, 0.59081596, 0.14435753), (-0.6258363, 0.7532087, 0.20249854), (-0.63079935, 0.77525496, 0.032743573), (-0.6258363, 0.7532087, 0.20249854), (-0.79378676, 0.59081596, 0.14435753), (-0.79378676, 0.59081596, 0.14435753), (-0.7955192, 0.60579836, -0.012555487), (-0.63079935, 0.77525496, 0.032743573), (-0.62199646, 0.7708818, -0.1373389), (-0.63079935, 0.77525496, 0.032743573), (-0.7955192, 0.60579836, -0.012555487), (-0.7955192, 0.60579836, -0.012555487), (-0.7845739, 0.5963367, -0.16978315), (-0.62199646, 0.7708818, -0.1373389), (-0.59954154, 0.7402259, -0.30432823), (-0.62199646, 0.7708818, -0.1373389), (-0.7845739, 0.5963367, -0.16978315), (-0.7845739, 0.5963367, -0.16978315), (-0.76170135, 0.56299853, -0.32069257), (-0.59954154, 0.7402259, -0.30432823), (-0.554698, 0.69155973, -0.4626611), (-0.59954154, 0.7402259, -0.30432823), (-0.76170135, 0.56299853, -0.32069257), (-0.76170135, 0.56299853, -0.32069257), (-0.7261946, 0.5061998, -0.46519157), (-0.554698, 0.69155973, -0.4626611), (-0.5128019, 0.60855913, -0.60554945), (-0.554698, 0.69155973, -0.4626611), (-0.7261946, 0.5061998, -0.46519157), (-0.7261946, 0.5061998, -0.46519157), (-0.68075305, 0.4222393, -0.5985728), (-0.5128019, 0.60855913, -0.60554945), (-0.4026397, 0.5437168, -0.73637855), (-0.5128019, 0.60855913, -0.60554945), (-0.68075305, 0.4222393, -0.5985728), (-0.68075305, 0.4222393, -0.5985728), (-0.45202622, 0.46219873, -0.76291865), (-0.4026397, 0.5437168, -0.73637855), (-0.68075305, 0.4222393, -0.5985728), (-0.86149323, 0.03025681, -0.5068668), (-0.45202622, 0.46219873, -0.76291865), (-0.27881485, 0.45600727, -0.8451744), (-0.4026397, 0.5437168, -0.73637855), (-0.45202622, 0.46219873, -0.76291865), (-0.45202622, 0.46219873, -0.76291865), (-0.4376012, 0.32937565, -0.83667016), (-0.27881485, 0.45600727, -0.8451744), (-0.4376012, 0.32937565, -0.83667016), (-0.45202622, 0.46219873, -0.76291865), (-0.86149323, 0.03025681, -0.5068668), (-0.86149323, 0.03025681, -0.5068668), (-0.8160151, -0.06398048, -0.5744788), (-0.4376012, 0.32937565, -0.83667016), (-0.2051671, 0.32056326, -0.92474085), (-0.27881485, 0.45600727, -0.8451744), (-0.4376012, 0.32937565, -0.83667016), (-0.37248242, 0.19151264, -0.9080638), (-0.4376012, 0.32937565, -0.83667016), (-0.8160151, -0.06398048, -0.5744788), (-0.4376012, 0.32937565, -0.83667016), (-0.37248242, 0.19151264, -0.9080638), (-0.2051671, 0.32056326, -0.92474085), (-0.8160151, -0.06398048, -0.5744788), (-0.76919705, -0.15304603, -0.6204134), (-0.37248242, 0.19151264, -0.9080638), (-0.12660524, 0.17377523, -0.97661316), (-0.2051671, 0.32056326, -0.92474085), (-0.37248242, 0.19151264, -0.9080638), (-0.29640004, 0.049150977, -0.95379835), (-0.37248242, 0.19151264, -0.9080638), (-0.76919705, -0.15304603, -0.6204134), (-0.37248242, 0.19151264, -0.9080638), (-0.29640004, 0.049150977, -0.95379835), (-0.12660524, 0.17377523, -0.97661316), (-0.76919705, -0.15304603, -0.6204134), (-0.71901697, -0.24698995, -0.6496235), (-0.29640004, 0.049150977, -0.95379835), (-0.046338532, 0.02155252, -0.9986932), (-0.12660524, 0.17377523, -0.97661316), (-0.29640004, 0.049150977, -0.95379835), (-0.21876007, -0.09848305, -0.9707961), (-0.29640004, 0.049150977, -0.95379835), (-0.71901697, -0.24698995, -0.6496235), (-0.29640004, 0.049150977, -0.95379835), (-0.21876007, -0.09848305, -0.9707961), (-0.046338532, 0.02155252, -0.9986932), (-0.71901697, -0.24698995, -0.6496235), (-0.66782826, -0.34443417, -0.6598261), (-0.21876007, -0.09848305, -0.9707961), (0.033998854, -0.1330105, -0.9905314), (-0.046338532, 0.02155252, -0.9986932), (-0.21876007, -0.09848305, -0.9707961), (-0.1416993, -0.24700624, -0.9585975), (-0.21876007, -0.09848305, -0.9707961), (-0.66782826, -0.34443417, -0.6598261), (-0.21876007, -0.09848305, -0.9707961), (-0.1416993, -0.24700624, -0.9585975), (0.033998854, -0.1330105, -0.9905314), (-0.66782826, -0.34443417, -0.6598261), (-0.61714727, -0.4421472, -0.65087277), (-0.1416993, -0.24700624, -0.9585975), (0.11112456, -0.2836818, -0.9524579), (0.033998854, -0.1330105, -0.9905314), (-0.1416993, -0.24700624, -0.9585975), (-0.06401995, -0.39649785, -0.9158008), (-0.1416993, -0.24700624, -0.9585975), (-0.61714727, -0.4421472, -0.65087277), (-0.1416993, -0.24700624, -0.9585975), (-0.06401995, -0.39649785, -0.9158008), (0.11112456, -0.2836818, -0.9524579), (0.14399385, -0.44842342, -0.8821464), (0.11112456, -0.2836818, -0.9524579), (-0.06401995, -0.39649785, -0.9158008), (-0.61714727, -0.4421472, -0.65087277), (-0.5790334, -0.54504025, -0.6063427), (-0.06401995, -0.39649785, -0.9158008), (-0.06401995, -0.39649785, -0.9158008), (-0.030231297, -0.5436663, -0.838757), (0.14399385, -0.44842342, -0.8821464), (-0.030231297, -0.5436663, -0.838757), (-0.06401995, -0.39649785, -0.9158008), (-0.5790334, -0.54504025, -0.6063427), (0.31723967, -0.6854959, 0.6553276), (0.25539488, -0.5759248, 0.7765848), (0.22447786, -0.6291002, 0.7442061), (0.22447786, -0.6291002, 0.7442061), (0.28075802, -0.73430437, 0.6180389), (0.31723967, -0.6854959, 0.6553276), (0.28075802, -0.73430437, 0.6180389), (0.22447786, -0.6291002, 0.7442061), (-0.17188983, -0.74437666, 0.6452576), (0.36877996, -0.77393305, 0.5148099), (0.31723967, -0.6854959, 0.6553276), (0.28075802, -0.73430437, 0.6180389), (-0.17188983, -0.74437666, 0.6452576), (-0.119274765, -0.83671147, 0.5344974), (0.28075802, -0.73430437, 0.6180389), (0.28075802, -0.73430437, 0.6180389), (0.32829648, -0.81750786, 0.47318333), (0.36877996, -0.77393305, 0.5148099), (0.32829648, -0.81750786, 0.47318333), (0.28075802, -0.73430437, 0.6180389), (-0.119274765, -0.83671147, 0.5344974), (0.4089837, -0.8394392, 0.35787454), (0.36877996, -0.77393305, 0.5148099), (0.32829648, -0.81750786, 0.47318333), (-0.119274765, -0.83671147, 0.5344974), (-0.07556282, -0.91052324, 0.40649474), (0.32829648, -0.81750786, 0.47318333), (0.32829648, -0.81750786, 0.47318333), (0.36514968, -0.87638265, 0.31403726), (0.4089837, -0.8394392, 0.35787454), (0.36514968, -0.87638265, 0.31403726), (0.32829648, -0.81750786, 0.47318333), (-0.07556282, -0.91052324, 0.40649474), (0.4362297, -0.8793563, 0.1908828), (0.4089837, -0.8394392, 0.35787454), (0.36514968, -0.87638265, 0.31403726), (-0.07556282, -0.91052324, 0.40649474), (-0.04275005, -0.96296954, 0.2661994), (0.36514968, -0.87638265, 0.31403726), (0.36514968, -0.87638265, 0.31403726), (0.38905764, -0.90975493, 0.14484555), (0.4362297, -0.8793563, 0.1908828), (0.38905764, -0.90975493, 0.14484555), (0.36514968, -0.87638265, 0.31403726), (-0.04275005, -0.96296954, 0.2661994), (0.4499614, -0.89288235, 0.017201778), (0.4362297, -0.8793563, 0.1908828), (0.38905764, -0.90975493, 0.14484555), (-0.04275005, -0.96296954, 0.2661994), (-0.021468537, -0.99289846, 0.11701254), (0.38905764, -0.90975493, 0.14484555), (0.38905764, -0.90975493, 0.14484555), (0.3992076, -0.9164214, -0.028373633), (0.4499614, -0.89288235, 0.017201778), (0.3992076, -0.9164214, -0.028373633), (0.38905764, -0.90975493, 0.14484555), (-0.021468537, -0.99289846, 0.11701254), (0.4496268, -0.87946546, -0.15612936), (0.4499614, -0.89288235, 0.017201778), (0.3992076, -0.9164214, -0.028373633), (-0.021468537, -0.99289846, 0.11701254), (-0.012187634, -0.9992811, -0.03589885), (0.3992076, -0.9164214, -0.028373633), (0.3992076, -0.9164214, -0.028373633), (0.39531603, -0.8962254, -0.20125927), (0.4496268, -0.87946546, -0.15612936), (0.39531603, -0.8962254, -0.20125927), (0.3992076, -0.9164214, -0.028373633), (-0.012187634, -0.9992811, -0.03589885), (0.43523967, -0.83937454, -0.3256024), (0.4496268, -0.87946546, -0.15612936), (0.39531603, -0.8962254, -0.20125927), (-0.012187634, -0.9992811, -0.03589885), (-0.0154191675, -0.98194754, -0.18852419), (0.39531603, -0.8962254, -0.20125927), (0.39531603, -0.8962254, -0.20125927), (0.37755457, -0.8498739, -0.36765057), (0.43523967, -0.83937454, -0.3256024), (0.37755457, -0.8498739, -0.36765057), (0.39531603, -0.8962254, -0.20125927), (-0.0154191675, -0.98194754, -0.18852419), (0.40737098, -0.7742423, -0.4843531), (0.43523967, -0.83937454, -0.3256024), (0.37755457, -0.8498739, -0.36765057), (-0.0154191675, -0.98194754, -0.18852419), (-0.030817945, -0.94149435, -0.335617), (0.37755457, -0.8498739, -0.36765057), (0.37755457, -0.8498739, -0.36765057), (0.34631056, -0.7785541, -0.52337617), (0.40737098, -0.7742423, -0.4843531), (0.34631056, -0.7785541, -0.52337617), (0.37755457, -0.8498739, -0.36765057), (-0.030817945, -0.94149435, -0.335617), (0.36657616, -0.6853796, -0.62918746), (0.40737098, -0.7742423, -0.4843531), (0.34631056, -0.7785541, -0.52337617), (-0.030817945, -0.94149435, -0.335617), (-0.058182836, -0.87899053, -0.47327656), (0.34631056, -0.7785541, -0.52337617), (0.34631056, -0.7785541, -0.52337617), (0.30275738, -0.6847818, -0.6628815), (0.36657616, -0.6853796, -0.62918746), (0.30275738, -0.6847818, -0.6628815), (0.34631056, -0.7785541, -0.52337617), (-0.058182836, -0.87899053, -0.47327656), (0.31452346, -0.5763931, -0.7542188), (0.36657616, -0.6853796, -0.62918746), (0.30275738, -0.6847818, -0.6628815), (-0.058182836, -0.87899053, -0.47327656), (-0.095873274, -0.7968852, -0.596475), (0.30275738, -0.6847818, -0.6628815), (0.30275738, -0.6847818, -0.6628815), (0.2503216, -0.5699378, -0.78263026), (0.31452346, -0.5763931, -0.7542188), (0.2503216, -0.5699378, -0.78263026), (0.30275738, -0.6847818, -0.6628815), (-0.095873274, -0.7968852, -0.596475), (-0.095873274, -0.7968852, -0.596475), (-0.14388154, -0.6969428, -0.7025446), (0.2503216, -0.5699378, -0.78263026), (0.18228704, -0.3097742, -0.93317276), (0.2522522, -0.44947872, -0.8569351), (0.18816721, -0.43872634, -0.87869924), (0.18816721, -0.43872634, -0.87869924), (0.1134501, -0.29709375, -0.9480847), (0.18228704, -0.3097742, -0.93317276), (0.1134501, -0.29709375, -0.9480847), (0.18816721, -0.43872634, -0.87869924), (-0.201089, -0.5824519, -0.7875997), (0.106057495, -0.16011244, -0.98138463), (0.18228704, -0.3097742, -0.93317276), (0.1134501, -0.29709375, -0.9480847), (-0.201089, -0.5824519, -0.7875997), (-0.26430517, -0.45703048, -0.8492738), (0.1134501, -0.29709375, -0.9480847), (0.1134501, -0.29709375, -0.9480847), (0.035254106, -0.14806324, -0.98834944), (0.106057495, -0.16011244, -0.98138463), (0.035254106, -0.14806324, -0.98834944), (0.1134501, -0.29709375, -0.9480847), (-0.26430517, -0.45703048, -0.8492738), (0.02664309, -0.0065416307, -0.99962366), (0.106057495, -0.16011244, -0.98138463), (0.035254106, -0.14806324, -0.98834944), (-0.26430517, -0.45703048, -0.8492738), (-0.332004, -0.3236921, -0.88600045), (0.035254106, -0.14806324, -0.98834944), (0.035254106, -0.14806324, -0.98834944), (-0.044819463, 0.00616761, -0.9989762), (0.02664309, -0.0065416307, -0.99962366), (-0.044819463, 0.00616761, -0.9989762), (0.035254106, -0.14806324, -0.98834944), (-0.332004, -0.3236921, -0.88600045), (-0.054362826, 0.14782017, -0.98751915), (0.02664309, -0.0065416307, -0.99962366), (-0.044819463, 0.00616761, -0.9989762), (-0.332004, -0.3236921, -0.88600045), (-0.4026568, -0.18762851, -0.8959146), (-0.044819463, 0.00616761, -0.9989762), (-0.044819463, 0.00616761, -0.9989762), (-0.1252197, 0.15882477, -0.9793338), (-0.054362826, 0.14782017, -0.98751915), (-0.1252197, 0.15882477, -0.9793338), (-0.044819463, 0.00616761, -0.9989762), (-0.4026568, -0.18762851, -0.8959146), (-0.13367802, 0.29672384, -0.9455608), (-0.054362826, 0.14782017, -0.98751915), (-0.1252197, 0.15882477, -0.9793338), (-0.4026568, -0.18762851, -0.8959146), (-0.47362337, -0.052745774, -0.87914675), (-0.1252197, 0.15882477, -0.9793338), (-0.1252197, 0.15882477, -0.9793338), (-0.20393251, 0.30603912, -0.9299203), (-0.13367802, 0.29672384, -0.9455608), (-0.20393251, 0.30603912, -0.9299203), (-0.1252197, 0.15882477, -0.9793338), (-0.47362337, -0.052745774, -0.87914675), (-0.20967403, 0.4371603, -0.8746015), (-0.13367802, 0.29672384, -0.9455608), (-0.20393251, 0.30603912, -0.9299203), (-0.47362337, -0.052745774, -0.87914675), (-0.54315907, 0.07729584, -0.8360644), (-0.20393251, 0.30603912, -0.9299203), (-0.20393251, 0.30603912, -0.9299203), (-0.27814534, 0.44259876, -0.85249144), (-0.20967403, 0.4371603, -0.8746015), (-0.27814534, 0.44259876, -0.85249144), (-0.20393251, 0.30603912, -0.9299203), (-0.54315907, 0.07729584, -0.8360644), (-0.27929765, 0.56345356, -0.7775042), (-0.20967403, 0.4371603, -0.8746015), (-0.27814534, 0.44259876, -0.85249144), (-0.54315907, 0.07729584, -0.8360644), (-0.6083199, 0.19791427, -0.7686203), (-0.27814534, 0.44259876, -0.85249144), (-0.27814534, 0.44259876, -0.85249144), (-0.3437696, 0.56625193, -0.7491204), (-0.27929765, 0.56345356, -0.7775042), (-0.3437696, 0.56625193, -0.7491204), (-0.27814534, 0.44259876, -0.85249144), (-0.6083199, 0.19791427, -0.7686203), (-0.6083199, 0.19791427, -0.7686203), (-0.6688401, 0.30645245, -0.6773034), (-0.3437696, 0.56625193, -0.7491204), (-0.34112945, 0.67303383, -0.65624404), (-0.27929765, 0.56345356, -0.7775042), (-0.3437696, 0.56625193, -0.7491204), (-0.3437696, 0.56625193, -0.7491204), (-0.40415674, 0.66992414, -0.6227833), (-0.34112945, 0.67303383, -0.65624404), (-0.40415674, 0.66992414, -0.6227833), (-0.3437696, 0.56625193, -0.7491204), (-0.6688401, 0.30645245, -0.6773034), (-0.39268336, 0.7614634, -0.515726), (-0.34112945, 0.67303383, -0.65624404), (-0.40415674, 0.66992414, -0.6227833), (-0.6688401, 0.30645245, -0.6773034), (-0.7206834, 0.39810362, -0.56756413), (-0.40415674, 0.66992414, -0.6227833), (-0.40415674, 0.66992414, -0.6227833), (-0.45084423, 0.7537196, -0.47816956), (-0.39268336, 0.7614634, -0.515726), (-0.45084423, 0.7537196, -0.47816956), (-0.40415674, 0.66992414, -0.6227833), (-0.7206834, 0.39810362, -0.56756413), (-0.7206834, 0.39810362, -0.56756413), (-0.76448524, 0.47223485, -0.43881288), (-0.45084423, 0.7537196, -0.47816956), (-0.4328802, 0.82696784, -0.35880217), (-0.39268336, 0.7614634, -0.515726), (-0.45084423, 0.7537196, -0.47816956), (-0.45084423, 0.7537196, -0.47816956), (-0.48938042, 0.81191504, -0.31827813), (-0.4328802, 0.82696784, -0.35880217), (-0.48938042, 0.81191504, -0.31827813), (-0.45084423, 0.7537196, -0.47816956), (-0.76448524, 0.47223485, -0.43881288), (-0.46014, 0.8668809, -0.19180362), (-0.4328802, 0.82696784, -0.35880217), (-0.48938042, 0.81191504, -0.31827813), (-0.76448524, 0.47223485, -0.43881288), (-0.79736924, 0.5241742, -0.2990717), (-0.48938042, 0.81191504, -0.31827813), (-0.48938042, 0.81191504, -0.31827813), (-0.5147322, 0.8441844, -0.1496779), (-0.46014, 0.8668809, -0.19180362), (-0.5147322, 0.8441844, -0.1496779), (-0.48938042, 0.81191504, -0.31827813), (-0.79736924, 0.5241742, -0.2990717), (-0.47388926, 0.880398, -0.018122206), (-0.46014, 0.8668809, -0.19180362), (-0.5147322, 0.8441844, -0.1496779), (-0.79736924, 0.5241742, -0.2990717), (-0.8186094, 0.55459833, -0.14933006), (-0.5147322, 0.8441844, -0.1496779), (-0.5147322, 0.8441844, -0.1496779), (-0.52486545, 0.8508597, 0.023541175), (-0.47388926, 0.880398, -0.018122206), (-0.52486545, 0.8508597, 0.023541175), (-0.5147322, 0.8441844, -0.1496779), (-0.8186094, 0.55459833, -0.14933006), (-0.47355092, 0.8669836, 0.15520704), (-0.47388926, 0.880398, -0.018122206), (-0.52486545, 0.8508597, 0.023541175), (-0.8186094, 0.55459833, -0.14933006), (-0.8277865, 0.56103176, 0.0035878543), (-0.52486545, 0.8508597, 0.023541175), (-0.52486545, 0.8508597, 0.023541175), (-0.5209794, 0.8306621, 0.1964206), (-0.47355092, 0.8669836, 0.15520704), (-0.5209794, 0.8306621, 0.1964206), (-0.52486545, 0.8508597, 0.023541175), (-0.8277865, 0.56103176, 0.0035878543), (-0.4591477, 0.82690185, 0.32467967), (-0.47355092, 0.8669836, 0.15520704), (-0.5209794, 0.8306621, 0.1964206), (-0.8277865, 0.56103176, 0.0035878543), (-0.8246505, 0.5436454, 0.15620877), (-0.5209794, 0.8306621, 0.1964206), (-0.5209794, 0.8306621, 0.1964206), (-0.5031905, 0.78432137, 0.36282134), (-0.4591477, 0.82690185, 0.32467967), (-0.5031905, 0.78432137, 0.36282134), (-0.5209794, 0.8306621, 0.1964206), (-0.8246505, 0.5436454, 0.15620877), (-0.4312709, 0.76176876, 0.48343945), (-0.4591477, 0.82690185, 0.32467967), (-0.5031905, 0.78432137, 0.36282134), (-0.8246505, 0.5436454, 0.15620877), (-0.8090211, 0.5038662, 0.30266088), (-0.5031905, 0.78432137, 0.36282134), (-0.5031905, 0.78432137, 0.36282134), (-0.46894112, 0.71491456, 0.51864386), (-0.4312709, 0.76176876, 0.48343945), (-0.46894112, 0.71491456, 0.51864386), (-0.5031905, 0.78432137, 0.36282134), (-0.8090211, 0.5038662, 0.30266088), (-0.8090211, 0.5038662, 0.30266088), (-0.78188396, 0.4406951, 0.44095957), (-0.46894112, 0.71491456, 0.51864386), (-0.39047202, 0.67291594, 0.62826425), (-0.4312709, 0.76176876, 0.48343945), (-0.46894112, 0.71491456, 0.51864386), (-0.46894112, 0.71491456, 0.51864386), (-0.4267029, 0.61976796, 0.65864444), (-0.39047202, 0.67291594, 0.62826425), (-0.4267029, 0.61976796, 0.65864444), (-0.46894112, 0.71491456, 0.51864386), (-0.78188396, 0.4406951, 0.44095957), (-0.3384098, 0.563929, 0.7533014), (-0.39047202, 0.67291594, 0.62826425), (-0.4267029, 0.61976796, 0.65864444), (-0.78188396, 0.4406951, 0.44095957), (-0.7470021, 0.35232642, 0.56378543), (-0.4267029, 0.61976796, 0.65864444), (-0.4267029, 0.61976796, 0.65864444), (-0.38024575, 0.50083566, 0.7775455), (-0.3384098, 0.563929, 0.7533014), (-0.38024575, 0.50083566, 0.7775455), (-0.4267029, 0.61976796, 0.65864444), (-0.7470021, 0.35232642, 0.56378543), (-0.7470021, 0.35232642, 0.56378543), (-0.8356536, 0.06521811, 0.5453712), (-0.38024575, 0.50083566, 0.7775455), (-0.27614605, 0.43700987, 0.8560175), (-0.3384098, 0.563929, 0.7533014), (-0.38024575, 0.50083566, 0.7775455), (-0.38024575, 0.50083566, 0.7775455), (-0.326718, 0.36537218, 0.8716413), (-0.27614605, 0.43700987, 0.8560175), (-0.326718, 0.36537218, 0.8716413), (-0.38024575, 0.50083566, 0.7775455), (-0.8356536, 0.06521811, 0.5453712), (-0.20619684, 0.2973047, 0.9322515), (-0.27614605, 0.43700987, 0.8560175), (-0.326718, 0.36537218, 0.8716413), (-0.8356536, 0.06521811, 0.5453712), (-0.79225713, -0.02096553, 0.6098272), (-0.326718, 0.36537218, 0.8716413), (-0.326718, 0.36537218, 0.8716413), (-0.25902784, 0.22202882, 0.9400042), (-0.20619684, 0.2973047, 0.9322515), (-0.25902784, 0.22202882, 0.9400042), (-0.326718, 0.36537218, 0.8716413), (-0.79225713, -0.02096553, 0.6098272), (-0.12996876, 0.1476339, 0.98046535), (-0.20619684, 0.2973047, 0.9322515), (-0.25902784, 0.22202882, 0.9400042), (-0.79225713, -0.02096553, 0.6098272), (-0.74005246, -0.12510218, 0.6608115), (-0.25902784, 0.22202882, 0.9400042), (-0.25902784, 0.22202882, 0.9400042), (-0.18231149, 0.07201617, 0.9806), (-0.12996876, 0.1476339, 0.98046535), (-0.18231149, 0.07201617, 0.9806), (-0.25902784, 0.22202882, 0.9400042), (-0.74005246, -0.12510218, 0.6608115), (-0.050545447, -0.0059293956, 0.99870425), (-0.12996876, 0.1476339, 0.98046535), (-0.18231149, 0.07201617, 0.9806), (-0.74005246, -0.12510218, 0.6608115), (-0.6843578, -0.23397796, 0.6905858), (-0.18231149, 0.07201617, 0.9806), (-0.18231149, 0.07201617, 0.9806), (-0.102437824, -0.08189766, 0.9913624), (-0.050545447, -0.0059293956, 0.99870425), (-0.102437824, -0.08189766, 0.9913624), (-0.18231149, 0.07201617, 0.9806), (-0.6843578, -0.23397796, 0.6905858), (0.030455766, -0.16029383, 0.9865995), (-0.050545447, -0.0059293956, 0.99870425), (-0.102437824, -0.08189766, 0.9913624), (-0.6843578, -0.23397796, 0.6905858), (-0.6264127, -0.34571284, 0.69863427), (-0.102437824, -0.08189766, 0.9913624), (-0.102437824, -0.08189766, 0.9913624), (-0.022171794, -0.23426779, 0.9719193), (0.030455766, -0.16029383, 0.9865995), (-0.022171794, -0.23426779, 0.9719193), (-0.102437824, -0.08189766, 0.9913624), (-0.6264127, -0.34571284, 0.69863427), (0.10976006, -0.30919546, 0.9446433), (0.030455766, -0.16029383, 0.9865995), (-0.022171794, -0.23426779, 0.9719193), (-0.6264127, -0.34571284, 0.69863427), (-0.568089, -0.45639053, 0.6848231), (-0.022171794, -0.23426779, 0.9719193), (-0.022171794, -0.23426779, 0.9719193), (0.05638081, -0.38122922, 0.9227598), (0.10976006, -0.30919546, 0.9446433), (0.05638081, -0.38122922, 0.9227598), (-0.022171794, -0.23426779, 0.9719193), (-0.568089, -0.45639053, 0.6848231), (0.18575889, -0.4496453, 0.8736778), (0.10976006, -0.30919546, 0.9446433), (0.05638081, -0.38122922, 0.9227598), (-0.568089, -0.45639053, 0.6848231), (-0.5187661, -0.55888104, 0.6469418), (0.05638081, -0.38122922, 0.9227598), (0.05638081, -0.38122922, 0.9227598), (0.14732422, -0.5083146, 0.8484763), (0.18575889, -0.4496453, 0.8736778), (0.14732422, -0.5083146, 0.8484763), (0.05638081, -0.38122922, 0.9227598), (-0.5187661, -0.55888104, 0.6469418), (-0.5187661, -0.55888104, 0.6469418), (-0.17639153, -0.62829256, 0.7577167), (0.14732422, -0.5083146, 0.8484763), (0.2530375, -0.6957816, -0.6722054), (0.19333686, -0.5829637, -0.78916055), (0.02076952, -0.6705969, -0.74153113), (0.02076952, -0.6705969, -0.74153113), (0.06633796, -0.7771724, -0.6257815), (0.2530375, -0.6957816, -0.6722054), (0.29973873, -0.79002494, -0.5348061), (0.2530375, -0.6957816, -0.6722054), (0.06633796, -0.7771724, -0.6257815), (0.06633796, -0.7771724, -0.6257815), (0.02076952, -0.6705969, -0.74153113), (-0.5546672, -0.69534224, -0.45699397), (-0.5546672, -0.69534224, -0.45699397), (-0.51569027, -0.7607691, -0.39407358), (0.06633796, -0.7771724, -0.6257815), (0.06633796, -0.7771724, -0.6257815), (0.102268696, -0.86517566, -0.49093005), (0.29973873, -0.79002494, -0.5348061), (0.33191755, -0.86307096, -0.38070896), (0.29973873, -0.79002494, -0.5348061), (0.102268696, -0.86517566, -0.49093005), (0.102268696, -0.86517566, -0.49093005), (0.06633796, -0.7771724, -0.6257815), (-0.51569027, -0.7607691, -0.39407358), (-0.51569027, -0.7607691, -0.39407358), (-0.49123058, -0.81307656, -0.31240842), (0.102268696, -0.86517566, -0.49093005), (0.102268696, -0.86517566, -0.49093005), (0.13065128, -0.9304462, -0.34234542), (0.33191755, -0.86307096, -0.38070896), (0.35072076, -0.9112331, -0.2159844), (0.33191755, -0.86307096, -0.38070896), (0.13065128, -0.9304462, -0.34234542), (0.13065128, -0.9304462, -0.34234542), (0.102268696, -0.86517566, -0.49093005), (-0.49123058, -0.81307656, -0.31240842), (-0.49123058, -0.81307656, -0.31240842), (-0.47485396, -0.85149914, -0.22240292), (0.13065128, -0.9304462, -0.34234542), (0.13065128, -0.9304462, -0.34234542), (0.13815908, -0.9731432, -0.18413141), (0.35072076, -0.9112331, -0.2159844), (0.355753, -0.93354577, -0.043955337), (0.35072076, -0.9112331, -0.2159844), (0.13815908, -0.9731432, -0.18413141), (0.13815908, -0.9731432, -0.18413141), (0.13065128, -0.9304462, -0.34234542), (-0.47485396, -0.85149914, -0.22240292), (-0.47485396, -0.85149914, -0.22240292), (-0.4664079, -0.87550473, -0.12631384), (0.13815908, -0.9731432, -0.18413141), (0.13815908, -0.9731432, -0.18413141), (0.12503056, -0.99191266, -0.021833632), (0.355753, -0.93354577, -0.043955337), (0.3468188, -0.9291007, 0.12840827), (0.355753, -0.93354577, -0.043955337), (0.12503056, -0.99191266, -0.021833632), (0.12503056, -0.99191266, -0.021833632), (0.13815908, -0.9731432, -0.18413141), (-0.4664079, -0.87550473, -0.12631384), (-0.4664079, -0.87550473, -0.12631384), (-0.46455836, -0.88512474, -0.027201444), (0.12503056, -0.99191266, -0.021833632), (0.12503056, -0.99191266, -0.021833632), (0.1198573, -0.9824119, 0.14318238), (0.3468188, -0.9291007, 0.12840827), (0.32407132, -0.89799714, 0.29762238), (0.3468188, -0.9291007, 0.12840827), (0.1198573, -0.9824119, 0.14318238), (0.1198573, -0.9824119, 0.14318238), (0.12503056, -0.99191266, -0.021833632), (-0.46455836, -0.88512474, -0.027201444), (-0.46455836, -0.88512474, -0.027201444), (-0.4708787, -0.8791997, 0.07267273), (0.1198573, -0.9824119, 0.14318238), (0.1198573, -0.9824119, 0.14318238), (0.10975775, -0.9464163, 0.3037258), (0.32407132, -0.89799714, 0.29762238), (0.28842396, -0.841504, 0.45681822), (0.32407132, -0.89799714, 0.29762238), (0.10975775, -0.9464163, 0.3037258), (0.10975775, -0.9464163, 0.3037258), (0.1198573, -0.9824119, 0.14318238), (-0.4708787, -0.8791997, 0.07267273), (-0.4708787, -0.8791997, 0.07267273), (-0.48612666, -0.85766095, 0.1676262), (0.10975775, -0.9464163, 0.3037258), (0.10975775, -0.9464163, 0.3037258), (0.07766518, -0.8877064, 0.45381218), (0.28842396, -0.841504, 0.45681822), (0.24067779, -0.7607247, 0.6028036), (0.28842396, -0.841504, 0.45681822), (0.07766518, -0.8877064, 0.45381218), (0.07766518, -0.8877064, 0.45381218), (0.10975775, -0.9464163, 0.3037258), (-0.48612666, -0.85766095, 0.1676262), (-0.48612666, -0.85766095, 0.1676262), (-0.50863, -0.82172465, 0.25702983), (0.07766518, -0.8877064, 0.45381218), (0.07766518, -0.8877064, 0.45381218), (0.030776227, -0.8063696, 0.5906107), (0.24067779, -0.7607247, 0.6028036), (0.17804025, -0.66061443, 0.72930807), (0.24067779, -0.7607247, 0.6028036), (0.030776227, -0.8063696, 0.5906107), (0.030776227, -0.8063696, 0.5906107), (-0.017267214, -0.70342404, 0.7105608), (0.17804025, -0.66061443, 0.72930807), (0.030776227, -0.8063696, 0.5906107), (0.07766518, -0.8877064, 0.45381218), (-0.50863, -0.82172465, 0.25702983), (-0.50863, -0.82172465, 0.25702983), (-0.5416008, -0.7709326, 0.33515924), (0.030776227, -0.8063696, 0.5906107), (-0.017267214, -0.70342404, 0.7105608), (0.030776227, -0.8063696, 0.5906107), (-0.5416008, -0.7709326, 0.33515924), (-0.5416008, -0.7709326, 0.33515924), (-0.58055013, -0.7089446, 0.40044865), (-0.017267214, -0.70342404, 0.7105608), (0.042362146, -0.40349182, 0.9140021), (0.11359066, -0.5395466, 0.83425826), (-0.08739324, -0.58795625, 0.8041579), (-0.08739324, -0.58795625, 0.8041579), (-0.1918051, -0.4607856, 0.8665377), (0.042362146, -0.40349182, 0.9140021), (-0.006880621, -0.24569608, 0.96932256), (0.042362146, -0.40349182, 0.9140021), (-0.1918051, -0.4607856, 0.8665377), (-0.1918051, -0.4607856, 0.8665377), (-0.1962451, -0.28911904, 0.9369621), (-0.006880621, -0.24569608, 0.96932256), (-0.0690879, -0.081780165, 0.9942529), (-0.006880621, -0.24569608, 0.96932256), (-0.1962451, -0.28911904, 0.9369621), (-0.08739324, -0.58795625, 0.8041579), (-0.017267214, -0.70342404, 0.7105608), (-0.58055013, -0.7089446, 0.40044865), (-0.58055013, -0.7089446, 0.40044865), (-0.611466, -0.64049685, 0.46462166), (-0.08739324, -0.58795625, 0.8041579), (-0.1918051, -0.4607856, 0.8665377), (-0.08739324, -0.58795625, 0.8041579), (-0.611466, -0.64049685, 0.46462166), (-0.611466, -0.64049685, 0.46462166), (-0.6906519, -0.57220453, 0.44224647), (-0.1918051, -0.4607856, 0.8665377), (-0.62503314, -0.47193936, 0.6217773), (-0.1918051, -0.4607856, 0.8665377), (-0.6906519, -0.57220453, 0.44224647), (-0.1918051, -0.4607856, 0.8665377), (-0.62503314, -0.47193936, 0.6217773), (-0.1962451, -0.28911904, 0.9369621), (-0.30700395, -0.17914699, 0.9346951), (-0.1962451, -0.28911904, 0.9369621), (-0.62503314, -0.47193936, 0.6217773), (-0.1962451, -0.28911904, 0.9369621), (-0.30700395, -0.17914699, 0.9346951), (-0.0690879, -0.081780165, 0.9942529), (-0.62503314, -0.47193936, 0.6217773), (-0.70481974, -0.36735815, 0.6068584), (-0.30700395, -0.17914699, 0.9346951), (-0.14941144, 0.072794214, 0.9860919), (-0.0690879, -0.081780165, 0.9942529), (-0.30700395, -0.17914699, 0.9346951), (-0.38065577, -0.022999171, 0.9244308), (-0.30700395, -0.17914699, 0.9346951), (-0.70481974, -0.36735815, 0.6068584), (-0.30700395, -0.17914699, 0.9346951), (-0.38065577, -0.022999171, 0.9244308), (-0.14941144, 0.072794214, 0.9860919), (-0.70481974, -0.36735815, 0.6068584), (-0.765837, -0.27308705, 0.58216584), (-0.38065577, -0.022999171, 0.9244308), (-0.26129395, 0.20659539, 0.9428912), (-0.14941144, 0.072794214, 0.9860919), (-0.38065577, -0.022999171, 0.9244308), (-0.4557532, 0.117097154, 0.88237035), (-0.38065577, -0.022999171, 0.9244308), (-0.765837, -0.27308705, 0.58216584), (-0.38065577, -0.022999171, 0.9244308), (-0.4557532, 0.117097154, 0.88237035), (-0.26129395, 0.20659539, 0.9428912), (-0.765837, -0.27308705, 0.58216584), (-0.83313644, -0.21061976, 0.5113932), (-0.4557532, 0.117097154, 0.88237035), (-0.34446585, 0.34082788, 0.8747455), (-0.26129395, 0.20659539, 0.9428912), (-0.4557532, 0.117097154, 0.88237035), (-0.4557532, 0.117097154, 0.88237035), (-0.52896595, 0.24870704, 0.8113815), (-0.34446585, 0.34082788, 0.8747455), (-0.40889627, 0.47111595, 0.7815712), (-0.34446585, 0.34082788, 0.8747455), (-0.52896595, 0.24870704, 0.8113815), (-0.52896595, 0.24870704, 0.8113815), (-0.5815311, 0.37951568, 0.7195759), (-0.40889627, 0.47111595, 0.7815712), (-0.52896595, 0.24870704, 0.8113815), (-0.4557532, 0.117097154, 0.88237035), (-0.83313644, -0.21061976, 0.5113932), (-0.83313644, -0.21061976, 0.5113932), (-0.87479234, -0.13460934, 0.4654232), (-0.52896595, 0.24870704, 0.8113815), (-0.5815311, 0.37951568, 0.7195759), (-0.52896595, 0.24870704, 0.8113815), (-0.87479234, -0.13460934, 0.4654232), (-0.87479234, -0.13460934, 0.4654232), (-0.91307783, -0.068837814, 0.4019331), (-0.5815311, 0.37951568, 0.7195759), (-0.4712528, 0.58211404, 0.6626191), (-0.40889627, 0.47111595, 0.7815712), (-0.5815311, 0.37951568, 0.7195759), (-0.5815311, 0.37951568, 0.7195759), (-0.62871075, 0.487074, 0.6062028), (-0.4712528, 0.58211404, 0.6626191), (-0.5119478, 0.6784215, 0.5269288), (-0.4712528, 0.58211404, 0.6626191), (-0.62871075, 0.487074, 0.6062028), (-0.62871075, 0.487074, 0.6062028), (-0.67743033, 0.56658226, 0.46911934), (-0.5119478, 0.6784215, 0.5269288), (-0.62871075, 0.487074, 0.6062028), (-0.5815311, 0.37951568, 0.7195759), (-0.91307783, -0.068837814, 0.4019331), (-0.91307783, -0.068837814, 0.4019331), (-0.94468874, -0.015787873, 0.3275883), (-0.62871075, 0.487074, 0.6062028), (-0.5408211, 0.7540733, 0.37267432), (-0.5119478, 0.6784215, 0.5269288), (-0.67743033, 0.56658226, 0.46911934), (-0.67743033, 0.56658226, 0.46911934), (-0.70845777, 0.6289762, 0.32011977), (-0.5408211, 0.7540733, 0.37267432), (-0.5596022, 0.80224836, 0.20794989), (-0.5408211, 0.7540733, 0.37267432), (-0.70845777, 0.6289762, 0.32011977), (-0.70845777, 0.6289762, 0.32011977), (-0.72960424, 0.6645556, 0.16137983), (-0.5596022, 0.80224836, 0.20794989), (-0.564619, 0.8245697, 0.035920545), (-0.5596022, 0.80224836, 0.20794989), (-0.72960424, 0.6645556, 0.16137983), (-0.67743033, 0.56658226, 0.46911934), (-0.62871075, 0.487074, 0.6062028), (-0.94468874, -0.015787873, 0.3275883), (-0.94468874, -0.015787873, 0.3275883), (-0.96506214, 0.052480433, 0.2567116), (-0.67743033, 0.56658226, 0.46911934), (-0.70845777, 0.6289762, 0.32011977), (-0.67743033, 0.56658226, 0.46911934), (-0.96506214, 0.052480433, 0.2567116), (-0.96506214, 0.052480433, 0.2567116), (-0.98181057, 0.09148335, 0.16636953), (-0.70845777, 0.6289762, 0.32011977), (-0.72960424, 0.6645556, 0.16137983), (-0.70845777, 0.6289762, 0.32011977), (-0.98181057, 0.09148335, 0.16636953), (-0.98181057, 0.09148335, 0.16636953), (-0.9908557, 0.1151907, 0.070257716), (-0.72960424, 0.6645556, 0.16137983), (-0.72960424, 0.6645556, 0.16137983), (-0.74266356, 0.6696621, -0.0019239644), (-0.564619, 0.8245697, 0.035920545), (-0.74266356, 0.6696621, -0.0019239644), (-0.72960424, 0.6645556, 0.16137983), (-0.9908557, 0.1151907, 0.070257716), (-0.9908557, 0.1151907, 0.070257716), (-0.9916961, 0.12533316, -0.028815212), (-0.74266356, 0.6696621, -0.0019239644), (-0.5556746, 0.82012767, -0.13644174), (-0.564619, 0.8245697, 0.035920545), (-0.74266356, 0.6696621, -0.0019239644), (-0.74266356, 0.6696621, -0.0019239644), (-0.7278639, 0.66518325, -0.1665694), (-0.5556746, 0.82012767, -0.13644174), (-0.7278639, 0.66518325, -0.1665694), (-0.74266356, 0.6696621, -0.0019239644), (-0.9916961, 0.12533316, -0.028815212), (-0.9916961, 0.12533316, -0.028815212), (-0.9844121, 0.119918354, -0.12865606), (-0.7278639, 0.66518325, -0.1665694), (-0.53294075, 0.7890183, -0.30565393), (-0.5556746, 0.82012767, -0.13644174), (-0.7278639, 0.66518325, -0.1665694), (-0.7278639, 0.66518325, -0.1665694), (-0.69442815, 0.6413682, -0.32621554), (-0.53294075, 0.7890183, -0.30565393), (-0.69442815, 0.6413682, -0.32621554), (-0.7278639, 0.66518325, -0.1665694), (-0.9844121, 0.119918354, -0.12865606), (-0.9844121, 0.119918354, -0.12865606), (-0.9697276, 0.09807555, -0.22362825), (-0.69442815, 0.6413682, -0.32621554), (-0.49736577, 0.7324861, -0.46485642), (-0.53294075, 0.7890183, -0.30565393), (-0.69442815, 0.6413682, -0.32621554), (-0.69442815, 0.6413682, -0.32621554), (-0.65556216, 0.58619016, -0.4760456), (-0.49736577, 0.7324861, -0.46485642), (-0.65556216, 0.58619016, -0.4760456), (-0.69442815, 0.6413682, -0.32621554), (-0.9697276, 0.09807555, -0.22362825), (-0.9697276, 0.09807555, -0.22362825), (-0.94771653, 0.06188426, -0.31305557), (-0.65556216, 0.58619016, -0.4760456), (-0.44958296, 0.65172625, -0.61084217), (-0.49736577, 0.7324861, -0.46485642), (-0.65556216, 0.58619016, -0.4760456), (-0.65556216, 0.58619016, -0.4760456), (-0.60740113, 0.505517, -0.61279404), (-0.44958296, 0.65172625, -0.61084217), (-0.39565086, 0.54708046, -0.73767436), (-0.44958296, 0.65172625, -0.61084217), (-0.60740113, 0.505517, -0.61279404), (-0.60740113, 0.505517, -0.61279404), (-0.54234105, 0.41067442, -0.73294795), (-0.39565086, 0.54708046, -0.73767436), (-0.60740113, 0.505517, -0.61279404), (-0.65556216, 0.58619016, -0.4760456), (-0.94771653, 0.06188426, -0.31305557), (-0.94771653, 0.06188426, -0.31305557), (-0.92018837, 0.008248307, -0.39138904), (-0.60740113, 0.505517, -0.61279404), (-0.54234105, 0.41067442, -0.73294795), (-0.60740113, 0.505517, -0.61279404), (-0.92018837, 0.008248307, -0.39138904), (-0.92018837, 0.008248307, -0.39138904), (-0.88930285, -0.06158058, -0.4531538), (-0.54234105, 0.41067442, -0.73294795), (-0.22854477, 0.31061202, -0.9226524), (-0.33076572, 0.42552605, -0.84233123), (-0.49391547, 0.2721511, -0.8258216), (-0.49391547, 0.2721511, -0.8258216), (-0.33331144, 0.19676046, -0.92205685), (-0.22854477, 0.31061202, -0.9226524), (-0.49391547, 0.2721511, -0.8258216), (-0.7620468, -0.1251168, -0.63531935), (-0.33331144, 0.19676046, -0.92205685), (-0.12658389, 0.17378156, -0.9766149), (-0.22854477, 0.31061202, -0.9226524), (-0.33331144, 0.19676046, -0.92205685), (-0.29639795, 0.049152043, -0.9537989), (-0.33331144, 0.19676046, -0.92205685), (-0.7620468, -0.1251168, -0.63531935), (-0.33331144, 0.19676046, -0.92205685), (-0.29639795, 0.049152043, -0.9537989), (-0.12658389, 0.17378156, -0.9766149), (-0.7620468, -0.1251168, -0.63531935), (-0.7190158, -0.24698748, -0.64962566), (-0.29639795, 0.049152043, -0.9537989), (-0.04633815, 0.021552756, -0.9986933), (-0.12658389, 0.17378156, -0.9766149), (-0.29639795, 0.049152043, -0.9537989), (-0.21876045, -0.09848324, -0.97079605), (-0.29639795, 0.049152043, -0.9537989), (-0.7190158, -0.24698748, -0.64962566), (-0.29639795, 0.049152043, -0.9537989), (-0.21876045, -0.09848324, -0.97079605), (-0.04633815, 0.021552756, -0.9986933), (-0.7190158, -0.24698748, -0.64962566), (-0.6678283, -0.34443423, -0.6598261), (-0.21876045, -0.09848324, -0.97079605), (0.033996936, -0.1330107, -0.9905314), (-0.04633815, 0.021552756, -0.9986933), (-0.21876045, -0.09848324, -0.97079605), (-0.14170027, -0.24700598, -0.9585975), (-0.21876045, -0.09848324, -0.97079605), (-0.6678283, -0.34443423, -0.6598261), (-0.21876045, -0.09848324, -0.97079605), (-0.14170027, -0.24700598, -0.9585975), (0.033996936, -0.1330107, -0.9905314), (-0.6678283, -0.34443423, -0.6598261), (-0.6171468, -0.44214717, -0.650873), (-0.14170027, -0.24700598, -0.9585975), (0.11113614, -0.2836764, -0.9524582), (0.033996936, -0.1330107, -0.9905314), (-0.14170027, -0.24700598, -0.9585975), (-0.06401616, -0.39649728, -0.91580117), (-0.14170027, -0.24700598, -0.9585975), (-0.6171468, -0.44214717, -0.650873), (-0.14170027, -0.24700598, -0.9585975), (-0.06401616, -0.39649728, -0.91580117), (0.11113614, -0.2836764, -0.9524582), (0.14399281, -0.44842413, -0.8821463), (0.11113614, -0.2836764, -0.9524582), (-0.06401616, -0.39649728, -0.91580117), (-0.6171468, -0.44214717, -0.650873), (-0.57903045, -0.5450416, -0.60634434), (-0.06401616, -0.39649728, -0.91580117), (-0.06401616, -0.39649728, -0.91580117), (-0.030219184, -0.54366314, -0.8387593), (0.14399281, -0.44842413, -0.8821463), (-0.030219184, -0.54366314, -0.8387593), (-0.06401616, -0.39649728, -0.91580117), (-0.57903045, -0.5450416, -0.60634434), (0.31723967, -0.6854959, 0.6553276), (0.25539488, -0.5759248, 0.7765848), (0.22448906, -0.6290945, 0.7442075), (0.22448906, -0.6290945, 0.7442075), (0.2807612, -0.7343049, 0.6180369), (0.31723967, -0.6854959, 0.6553276), (0.2807612, -0.7343049, 0.6180369), (0.22448906, -0.6290945, 0.7442075), (-0.17189421, -0.7443787, 0.6452541), (0.36877692, -0.7739363, 0.51480705), (0.31723967, -0.6854959, 0.6553276), (0.2807612, -0.7343049, 0.6180369), (-0.17189421, -0.7443787, 0.6452541), (-0.11927834, -0.8367143, 0.53449214), (0.2807612, -0.7343049, 0.6180369), (0.2807612, -0.7343049, 0.6180369), (0.3282981, -0.81750774, 0.47318244), (0.36877692, -0.7739363, 0.51480705), (0.3282981, -0.81750774, 0.47318244), (0.2807612, -0.7343049, 0.6180369), (-0.11927834, -0.8367143, 0.53449214), (0.4089841, -0.8394378, 0.35787767), (0.36877692, -0.7739363, 0.51480705), (0.3282981, -0.81750774, 0.47318244), (-0.11927834, -0.8367143, 0.53449214), (-0.07555407, -0.91052186, 0.4064991), (0.3282981, -0.81750774, 0.47318244), (0.3282981, -0.81750774, 0.47318244), (0.36515257, -0.8763802, 0.31404075), (0.4089841, -0.8394378, 0.35787767), (0.36515257, -0.8763802, 0.31404075), (0.3282981, -0.81750774, 0.47318244), (-0.07555407, -0.91052186, 0.4064991), (0.43622795, -0.879357, 0.1908833), (0.4089841, -0.8394378, 0.35787767), (0.36515257, -0.8763802, 0.31404075), (-0.07555407, -0.91052186, 0.4064991), (-0.04275005, -0.96296954, 0.2661994), (0.36515257, -0.8763802, 0.31404075), (0.36515257, -0.8763802, 0.31404075), (0.3890566, -0.9097556, 0.14484467), (0.43622795, -0.879357, 0.1908833), (0.3890566, -0.9097556, 0.14484467), (0.36515257, -0.8763802, 0.31404075), (-0.04275005, -0.96296954, 0.2661994), (0.44996074, -0.89288276, 0.01720158), (0.43622795, -0.879357, 0.1908833), (0.3890566, -0.9097556, 0.14484467), (-0.04275005, -0.96296954, 0.2661994), (-0.021470334, -0.9928985, 0.11701192), (0.3890566, -0.9097556, 0.14484467), (0.3890566, -0.9097556, 0.14484467), (0.3992076, -0.9164214, -0.028373633), (0.44996074, -0.89288276, 0.01720158), (0.3992076, -0.9164214, -0.028373633), (0.3890566, -0.9097556, 0.14484467), (-0.021470334, -0.9928985, 0.11701192), (0.44962677, -0.87946534, -0.15612978), (0.44996074, -0.89288276, 0.01720158), (0.3992076, -0.9164214, -0.028373633), (-0.021470334, -0.9928985, 0.11701192), (-0.012187634, -0.9992811, -0.03589885), (0.3992076, -0.9164214, -0.028373633), (0.3992076, -0.9164214, -0.028373633), (0.3953167, -0.89622515, -0.20125972), (0.44962677, -0.87946534, -0.15612978), (0.3953167, -0.89622515, -0.20125972), (0.3992076, -0.9164214, -0.028373633), (-0.012187634, -0.9992811, -0.03589885), (0.43524224, -0.8393731, -0.32560232), (0.44962677, -0.87946534, -0.15612978), (0.3953167, -0.89622515, -0.20125972), (-0.012187634, -0.9992811, -0.03589885), (-0.015421142, -0.9819474, -0.18852423), (0.3953167, -0.89622515, -0.20125972), (0.3953167, -0.89622515, -0.20125972), (0.37755543, -0.8498735, -0.36765078), (0.43524224, -0.8393731, -0.32560232), (0.37755543, -0.8498735, -0.36765078), (0.3953167, -0.89622515, -0.20125972), (-0.015421142, -0.9819474, -0.18852423), (0.40736878, -0.7742434, -0.4843532), (0.43524224, -0.8393731, -0.32560232), (0.37755543, -0.8498735, -0.36765078), (-0.015421142, -0.9819474, -0.18852423), (-0.03081155, -0.94149476, -0.33561647), (0.37755543, -0.8498735, -0.36765078), (0.37755543, -0.8498735, -0.36765078), (0.3463164, -0.77855194, -0.5233755), (0.40736878, -0.7742434, -0.4843532), (0.3463164, -0.77855194, -0.5233755), (0.37755543, -0.8498735, -0.36765078), (-0.03081155, -0.94149476, -0.33561647), (0.3665744, -0.6853817, -0.62918603), (0.40736878, -0.7742434, -0.4843532), (0.3463164, -0.77855194, -0.5233755), (-0.03081155, -0.94149476, -0.33561647), (-0.05816687, -0.8789913, -0.47327676), (0.3463164, -0.77855194, -0.5233755), (0.3463164, -0.77855194, -0.5233755), (0.30277047, -0.6847772, -0.6628802), (0.3665744, -0.6853817, -0.62918603), (0.30277047, -0.6847772, -0.6628802), (0.3463164, -0.77855194, -0.5233755), (-0.05816687, -0.8789913, -0.47327676), (0.3145227, -0.57639164, -0.75422025), (0.3665744, -0.6853817, -0.62918603), (0.30277047, -0.6847772, -0.6628802), (-0.05816687, -0.8789913, -0.47327676), (-0.09588706, -0.7968834, -0.59647524), (0.30277047, -0.6847772, -0.6628802), (0.30277047, -0.6847772, -0.6628802), (0.25032264, -0.5699343, -0.7826324), (0.3145227, -0.57639164, -0.75422025), (0.25032264, -0.5699343, -0.7826324), (0.30277047, -0.6847772, -0.6628802), (-0.09588706, -0.7968834, -0.59647524), (-0.09588706, -0.7968834, -0.59647524), (-0.14388591, -0.6969419, -0.70254457), (0.25032264, -0.5699343, -0.7826324), (0.18230002, -0.30977336, -0.93317056), (0.2522588, -0.44947535, -0.8569349), (0.18817985, -0.43872598, -0.87869674), (0.18817985, -0.43872598, -0.87869674), (0.11345249, -0.2970918, -0.9480849), (0.18230002, -0.30977336, -0.93317056), (0.11345249, -0.2970918, -0.9480849), (0.18817985, -0.43872598, -0.87869674), (-0.2010879, -0.58245504, -0.7875975), (0.10605987, -0.16010797, -0.9813852), (0.18230002, -0.30977336, -0.93317056), (0.11345249, -0.2970918, -0.9480849), (-0.2010879, -0.58245504, -0.7875975), (-0.26432374, -0.4570324, -0.849267), (0.11345249, -0.2970918, -0.9480849), (0.11345249, -0.2970918, -0.9480849), (0.03525002, -0.14806205, -0.98834974), (0.10605987, -0.16010797, -0.9813852), (0.03525002, -0.14806205, -0.98834974), (0.11345249, -0.2970918, -0.9480849), (-0.26432374, -0.4570324, -0.849267), (0.02664309, -0.0065416307, -0.99962366), (0.10605987, -0.16010797, -0.9813852), (0.03525002, -0.14806205, -0.98834974), (-0.26432374, -0.4570324, -0.849267), (-0.3319808, -0.32368404, -0.88601214), (0.03525002, -0.14806205, -0.98834974), (0.03525002, -0.14806205, -0.98834974), (-0.044819463, 0.00616761, -0.9989762), (0.02664309, -0.0065416307, -0.99962366), (-0.044819463, 0.00616761, -0.9989762), (0.03525002, -0.14806205, -0.98834974), (-0.3319808, -0.32368404, -0.88601214), (-0.054362826, 0.14782017, -0.98751915), (0.02664309, -0.0065416307, -0.99962366), (-0.044819463, 0.00616761, -0.9989762), (-0.3319808, -0.32368404, -0.88601214), (-0.40264648, -0.18762109, -0.8959209), (-0.044819463, 0.00616761, -0.9989762), (-0.044819463, 0.00616761, -0.9989762), (-0.1252156, 0.15882373, -0.9793346), (-0.054362826, 0.14782017, -0.98751915), (-0.1252156, 0.15882373, -0.9793346), (-0.044819463, 0.00616761, -0.9989762), (-0.40264648, -0.18762109, -0.8959209), (-0.13366964, 0.29672524, -0.9455615), (-0.054362826, 0.14782017, -0.98751915), (-0.1252156, 0.15882373, -0.9793346), (-0.40264648, -0.18762109, -0.8959209), (-0.47360632, -0.052738536, -0.8791563), (-0.1252156, 0.15882373, -0.9793346), (-0.1252156, 0.15882373, -0.9793346), (-0.20393251, 0.30603912, -0.9299203), (-0.13366964, 0.29672524, -0.9455615), (-0.20393251, 0.30603912, -0.9299203), (-0.1252156, 0.15882373, -0.9793346), (-0.47360632, -0.052738536, -0.8791563), (-0.2096728, 0.43716618, -0.8745988), (-0.13366964, 0.29672524, -0.9455615), (-0.20393251, 0.30603912, -0.9299203), (-0.47360632, -0.052738536, -0.8791563), (-0.5431603, 0.07729862, -0.8360633), (-0.20393251, 0.30603912, -0.9299203), (-0.20393251, 0.30603912, -0.9299203), (-0.2781473, 0.442602, -0.85248905), (-0.2096728, 0.43716618, -0.8745988), (-0.2781473, 0.442602, -0.85248905), (-0.20393251, 0.30603912, -0.9299203), (-0.5431603, 0.07729862, -0.8360633), (-0.27929187, 0.56345665, -0.7775041), (-0.2096728, 0.43716618, -0.8745988), (-0.2781473, 0.442602, -0.85248905), (-0.5431603, 0.07729862, -0.8360633), (-0.60831606, 0.19791956, -0.7686219), (-0.2781473, 0.442602, -0.85248905), (-0.2781473, 0.442602, -0.85248905), (-0.3437693, 0.5662511, -0.7491212), (-0.27929187, 0.56345665, -0.7775041), (-0.3437693, 0.5662511, -0.7491212), (-0.2781473, 0.442602, -0.85248905), (-0.60831606, 0.19791956, -0.7686219), (-0.60831606, 0.19791956, -0.7686219), (-0.6688368, 0.30645663, -0.67730474), (-0.3437693, 0.5662511, -0.7491212), (-0.3411261, 0.67303413, -0.6562454), (-0.27929187, 0.56345665, -0.7775041), (-0.3437693, 0.5662511, -0.7491212), (-0.3437693, 0.5662511, -0.7491212), (-0.40415853, 0.6699228, -0.62278366), (-0.3411261, 0.67303413, -0.6562454), (-0.40415853, 0.6699228, -0.62278366), (-0.3437693, 0.5662511, -0.7491212), (-0.6688368, 0.30645663, -0.67730474), (-0.39268336, 0.7614634, -0.515726), (-0.3411261, 0.67303413, -0.6562454), (-0.40415853, 0.6699228, -0.62278366), (-0.6688368, 0.30645663, -0.67730474), (-0.7206737, 0.39811054, -0.5675715), (-0.40415853, 0.6699228, -0.62278366), (-0.40415853, 0.6699228, -0.62278366), (-0.4508414, 0.75372255, -0.47816765), (-0.39268336, 0.7614634, -0.515726), (-0.4508414, 0.75372255, -0.47816765), (-0.40415853, 0.6699228, -0.62278366), (-0.7206737, 0.39811054, -0.5675715), (-0.7206737, 0.39811054, -0.5675715), (-0.7644816, 0.4722408, -0.4388126), (-0.4508414, 0.75372255, -0.47816765), (-0.4328858, 0.8269657, -0.35880026), (-0.39268336, 0.7614634, -0.515726), (-0.4508414, 0.75372255, -0.47816765), (-0.4508414, 0.75372255, -0.47816765), (-0.48937657, 0.8119168, -0.31827947), (-0.4328858, 0.8269657, -0.35880026), (-0.48937657, 0.8119168, -0.31827947), (-0.4508414, 0.75372255, -0.47816765), (-0.7644816, 0.4722408, -0.4388126), (-0.46013913, 0.866881, -0.19180599), (-0.4328858, 0.8269657, -0.35880026), (-0.48937657, 0.8119168, -0.31827947), (-0.7644816, 0.4722408, -0.4388126), (-0.79736996, 0.52417266, -0.2990721), (-0.48937657, 0.8119168, -0.31827947), (-0.48937657, 0.8119168, -0.31827947), (-0.5147307, 0.84418523, -0.1496788), (-0.46013913, 0.866881, -0.19180599), (-0.5147307, 0.84418523, -0.1496788), (-0.48937657, 0.8119168, -0.31827947), (-0.79736996, 0.52417266, -0.2990721), (-0.4738886, 0.88039833, -0.018122008), (-0.46013913, 0.866881, -0.19180599), (-0.5147307, 0.84418523, -0.1496788), (-0.79736996, 0.52417266, -0.2990721), (-0.8186117, 0.55459505, -0.14932932), (-0.5147307, 0.84418523, -0.1496788), (-0.5147307, 0.84418523, -0.1496788), (-0.5248659, 0.85085934, 0.023541065), (-0.4738886, 0.88039833, -0.018122008), (-0.5248659, 0.85085934, 0.023541065), (-0.5147307, 0.84418523, -0.1496788), (-0.8186117, 0.55459505, -0.14932932), (-0.47355092, 0.8669836, 0.15520704), (-0.4738886, 0.88039833, -0.018122008), (-0.5248659, 0.85085934, 0.023541065), (-0.8186117, 0.55459505, -0.14932932), (-0.8277865, 0.56103176, 0.0035878543), (-0.5248659, 0.85085934, 0.023541065), (-0.5248659, 0.85085934, 0.023541065), (-0.5209794, 0.8306621, 0.1964206), (-0.47355092, 0.8669836, 0.15520704), (-0.5209794, 0.8306621, 0.1964206), (-0.5248659, 0.85085934, 0.023541065), (-0.8277865, 0.56103176, 0.0035878543), (-0.4591477, 0.82690185, 0.32467967), (-0.47355092, 0.8669836, 0.15520704), (-0.5209794, 0.8306621, 0.1964206), (-0.8277865, 0.56103176, 0.0035878543), (-0.8246505, 0.5436454, 0.15620877), (-0.5209794, 0.8306621, 0.1964206), (-0.5209794, 0.8306621, 0.1964206), (-0.5031905, 0.78432137, 0.36282134), (-0.4591477, 0.82690185, 0.32467967), (-0.5031905, 0.78432137, 0.36282134), (-0.5209794, 0.8306621, 0.1964206), (-0.8246505, 0.5436454, 0.15620877), (-0.4312709, 0.76176876, 0.48343945), (-0.4591477, 0.82690185, 0.32467967), (-0.5031905, 0.78432137, 0.36282134), (-0.8246505, 0.5436454, 0.15620877), (-0.8090227, 0.50386345, 0.30266118), (-0.5031905, 0.78432137, 0.36282134), (-0.5031905, 0.78432137, 0.36282134), (-0.46894372, 0.7149128, 0.518644), (-0.4312709, 0.76176876, 0.48343945), (-0.46894372, 0.7149128, 0.518644), (-0.5031905, 0.78432137, 0.36282134), (-0.8090227, 0.50386345, 0.30266118), (-0.8090227, 0.50386345, 0.30266118), (-0.781884, 0.44069523, 0.44095954), (-0.46894372, 0.7149128, 0.518644), (-0.39047202, 0.67291594, 0.62826425), (-0.4312709, 0.76176876, 0.48343945), (-0.46894372, 0.7149128, 0.518644), (-0.46894372, 0.7149128, 0.518644), (-0.42670467, 0.6197672, 0.6586439), (-0.39047202, 0.67291594, 0.62826425), (-0.42670467, 0.6197672, 0.6586439), (-0.46894372, 0.7149128, 0.518644), (-0.781884, 0.44069523, 0.44095954), (-0.3384098, 0.563929, 0.7533014), (-0.39047202, 0.67291594, 0.62826425), (-0.42670467, 0.6197672, 0.6586439), (-0.781884, 0.44069523, 0.44095954), (-0.7470003, 0.35233024, 0.56378543), (-0.42670467, 0.6197672, 0.6586439), (-0.42670467, 0.6197672, 0.6586439), (-0.38024575, 0.50083566, 0.7775455), (-0.3384098, 0.563929, 0.7533014), (-0.38024575, 0.50083566, 0.7775455), (-0.42670467, 0.6197672, 0.6586439), (-0.7470003, 0.35233024, 0.56378543), (-0.7470003, 0.35233024, 0.56378543), (-0.8356536, 0.06521811, 0.5453712), (-0.38024575, 0.50083566, 0.7775455), (-0.27614605, 0.43700987, 0.8560175), (-0.3384098, 0.563929, 0.7533014), (-0.38024575, 0.50083566, 0.7775455), (-0.38024575, 0.50083566, 0.7775455), (-0.326718, 0.36537218, 0.8716413), (-0.27614605, 0.43700987, 0.8560175), (-0.326718, 0.36537218, 0.8716413), (-0.38024575, 0.50083566, 0.7775455), (-0.8356536, 0.06521811, 0.5453712), (-0.20619684, 0.2973047, 0.9322515), (-0.27614605, 0.43700987, 0.8560175), (-0.326718, 0.36537218, 0.8716413), (-0.8356536, 0.06521811, 0.5453712), (-0.79225713, -0.02096553, 0.6098272), (-0.326718, 0.36537218, 0.8716413), (-0.326718, 0.36537218, 0.8716413), (-0.25902784, 0.22202882, 0.9400042), (-0.20619684, 0.2973047, 0.9322515), (-0.25902784, 0.22202882, 0.9400042), (-0.326718, 0.36537218, 0.8716413), (-0.79225713, -0.02096553, 0.6098272), (-0.12996876, 0.1476339, 0.98046535), (-0.20619684, 0.2973047, 0.9322515), (-0.25902784, 0.22202882, 0.9400042), (-0.79225713, -0.02096553, 0.6098272), (-0.74005246, -0.12510218, 0.6608115), (-0.25902784, 0.22202882, 0.9400042), (-0.25902784, 0.22202882, 0.9400042), (-0.18231149, 0.07201617, 0.9806), (-0.12996876, 0.1476339, 0.98046535), (-0.18231149, 0.07201617, 0.9806), (-0.25902784, 0.22202882, 0.9400042), (-0.74005246, -0.12510218, 0.6608115), (-0.050545447, -0.0059293956, 0.99870425), (-0.12996876, 0.1476339, 0.98046535), (-0.18231149, 0.07201617, 0.9806), (-0.74005246, -0.12510218, 0.6608115), (-0.6843563, -0.23397423, 0.69058853), (-0.18231149, 0.07201617, 0.9806), (-0.18231149, 0.07201617, 0.9806), (-0.10243269, -0.081894115, 0.99136317), (-0.050545447, -0.0059293956, 0.99870425), (-0.10243269, -0.081894115, 0.99136317), (-0.18231149, 0.07201617, 0.9806), (-0.6843563, -0.23397423, 0.69058853), (0.030455766, -0.16029383, 0.9865995), (-0.050545447, -0.0059293956, 0.99870425), (-0.10243269, -0.081894115, 0.99136317), (-0.6843563, -0.23397423, 0.69058853), (-0.6264144, -0.34571615, 0.6986311), (-0.10243269, -0.081894115, 0.99136317), (-0.10243269, -0.081894115, 0.99136317), (-0.02217381, -0.23427048, 0.97191864), (0.030455766, -0.16029383, 0.9865995), (-0.02217381, -0.23427048, 0.97191864), (-0.10243269, -0.081894115, 0.99136317), (-0.6264144, -0.34571615, 0.6986311), (0.10976006, -0.30919546, 0.9446433), (0.030455766, -0.16029383, 0.9865995), (-0.02217381, -0.23427048, 0.97191864), (-0.6264144, -0.34571615, 0.6986311), (-0.56809074, -0.4563932, 0.68481976), (-0.02217381, -0.23427048, 0.97191864), (-0.02217381, -0.23427048, 0.97191864), (0.05637782, -0.3812299, 0.9227597), (0.10976006, -0.30919546, 0.9446433), (0.05637782, -0.3812299, 0.9227597), (-0.02217381, -0.23427048, 0.97191864), (-0.56809074, -0.4563932, 0.68481976), (0.18575889, -0.4496453, 0.8736778), (0.10976006, -0.30919546, 0.9446433), (0.05637782, -0.3812299, 0.9227597), (-0.56809074, -0.4563932, 0.68481976), (-0.5187651, -0.5588777, 0.64694554), (0.05637782, -0.3812299, 0.9227597), (0.05637782, -0.3812299, 0.9227597), (0.14732902, -0.50831175, 0.8484772), (0.18575889, -0.4496453, 0.8736778), (0.14732902, -0.50831175, 0.8484772), (0.05637782, -0.3812299, 0.9227597), (-0.5187651, -0.5588777, 0.64694554), (-0.5187651, -0.5588777, 0.64694554), (-0.17638111, -0.6282855, 0.75772494), (0.14732902, -0.50831175, 0.8484772), (0.2530375, -0.6957816, -0.6722054), (0.19333686, -0.5829637, -0.78916055), (0.020741634, -0.67060363, -0.74152595), (0.020741634, -0.67060363, -0.74152595), (0.06632777, -0.7771761, -0.625778), (0.2530375, -0.6957816, -0.6722054), (0.29973873, -0.79002494, -0.5348061), (0.2530375, -0.6957816, -0.6722054), (0.06632777, -0.7771761, -0.625778), (0.06632777, -0.7771761, -0.625778), (0.020741634, -0.67060363, -0.74152595), (-0.554664, -0.6953441, -0.45699522), (-0.554664, -0.6953441, -0.45699522), (-0.51568675, -0.760771, -0.3940745), (0.06632777, -0.7771761, -0.625778), (0.06632777, -0.7771761, -0.625778), (0.10226169, -0.8651766, -0.49092975), (0.29973873, -0.79002494, -0.5348061), (0.33191735, -0.8630704, -0.38071024), (0.29973873, -0.79002494, -0.5348061), (0.10226169, -0.8651766, -0.49092975), (0.10226169, -0.8651766, -0.49092975), (0.06632777, -0.7771761, -0.625778), (-0.51568675, -0.760771, -0.3940745), (-0.51568675, -0.760771, -0.3940745), (-0.49123058, -0.81307656, -0.31240842), (0.10226169, -0.8651766, -0.49092975), (0.10226169, -0.8651766, -0.49092975), (0.13064928, -0.9304463, -0.3423453), (0.33191735, -0.8630704, -0.38071024), (0.35072556, -0.9112313, -0.2159844), (0.33191735, -0.8630704, -0.38071024), (0.13064928, -0.9304463, -0.3423453), (0.13064928, -0.9304463, -0.3423453), (0.10226169, -0.8651766, -0.49092975), (-0.49123058, -0.81307656, -0.31240842), (-0.49123058, -0.81307656, -0.31240842), (-0.47485116, -0.85150075, -0.22240235), (0.13064928, -0.9304463, -0.3423453), (0.13064928, -0.9304463, -0.3423453), (0.13816419, -0.9731427, -0.18413097), (0.35072556, -0.9112313, -0.2159844), (0.35575426, -0.9335454, -0.043955196), (0.35072556, -0.9112313, -0.2159844), (0.13816419, -0.9731427, -0.18413097), (0.13816419, -0.9731427, -0.18413097), (0.13064928, -0.9304463, -0.3423453), (-0.47485116, -0.85150075, -0.22240235), (-0.47485116, -0.85150075, -0.22240235), (-0.46640792, -0.8755048, -0.12631384), (0.13816419, -0.9731427, -0.18413097), (0.13816419, -0.9731427, -0.18413097), (0.12503162, -0.9919125, -0.0218336), (0.35575426, -0.9335454, -0.043955196), (0.3468188, -0.9291007, 0.12840827), (0.35575426, -0.9335454, -0.043955196), (0.12503162, -0.9919125, -0.0218336), (0.12503162, -0.9919125, -0.0218336), (0.13816419, -0.9731427, -0.18413097), (-0.46640792, -0.8755048, -0.12631384), (-0.46640792, -0.8755048, -0.12631384), (-0.46455866, -0.8851245, -0.027201423), (0.12503162, -0.9919125, -0.0218336), (0.12503162, -0.9919125, -0.0218336), (0.119855486, -0.9824122, 0.14318162), (0.3468188, -0.9291007, 0.12840827), (0.32406223, -0.8980013, 0.29761937), (0.3468188, -0.9291007, 0.12840827), (0.119855486, -0.9824122, 0.14318162), (0.119855486, -0.9824122, 0.14318162), (0.12503162, -0.9919125, -0.0218336), (-0.46455866, -0.8851245, -0.027201423), (-0.46455866, -0.8851245, -0.027201423), (-0.4708761, -0.87920094, 0.07267333), (0.119855486, -0.9824122, 0.14318162), (0.119855486, -0.9824122, 0.14318162), (0.1097665, -0.946415, 0.30372697), (0.32406223, -0.8980013, 0.29761937), (0.28843182, -0.84150076, 0.45681897), (0.32406223, -0.8980013, 0.29761937), (0.1097665, -0.946415, 0.30372697), (0.1097665, -0.946415, 0.30372697), (0.119855486, -0.9824122, 0.14318162), (-0.4708761, -0.87920094, 0.07267333), (-0.4708761, -0.87920094, 0.07267333), (-0.486125, -0.8576618, 0.1676274), (0.1097665, -0.946415, 0.30372697), (0.1097665, -0.946415, 0.30372697), (0.07768165, -0.88770276, 0.45381638), (0.28843182, -0.84150076, 0.45681897), (0.24070331, -0.76071435, 0.60280657), (0.28843182, -0.84150076, 0.45681897), (0.07768165, -0.88770276, 0.45381638), (0.07768165, -0.88770276, 0.45381638), (0.1097665, -0.946415, 0.30372697), (-0.486125, -0.8576618, 0.1676274), (-0.486125, -0.8576618, 0.1676274), (-0.5086295, -0.8217249, 0.25703004), (0.07768165, -0.88770276, 0.45381638), (0.07768165, -0.88770276, 0.45381638), (0.03079882, -0.806364, 0.5906172), (0.24070331, -0.76071435, 0.60280657), (0.17806867, -0.66060036, 0.7293139), (0.24070331, -0.76071435, 0.60280657), (0.03079882, -0.806364, 0.5906172), (0.03079882, -0.806364, 0.5906172), (-0.017252363, -0.70341974, 0.7105653), (0.17806867, -0.66060036, 0.7293139), (0.03079882, -0.806364, 0.5906172), (0.07768165, -0.88770276, 0.45381638), (-0.5086295, -0.8217249, 0.25703004), (-0.5086295, -0.8217249, 0.25703004), (-0.5416008, -0.7709326, 0.33515924), (0.03079882, -0.806364, 0.5906172), (-0.017252363, -0.70341974, 0.7105653), (0.03079882, -0.806364, 0.5906172), (-0.5416008, -0.7709326, 0.33515924), (-0.5416008, -0.7709326, 0.33515924), (-0.58055186, -0.708945, 0.40044567), (-0.017252363, -0.70341974, 0.7105653), (0.042337097, -0.40350348, 0.9139981), (0.11359893, -0.53953695, 0.8342633), (-0.087400265, -0.58795696, 0.8041567), (-0.087400265, -0.58795696, 0.8041567), (-0.19181456, -0.46079063, 0.86653286), (0.042337097, -0.40350348, 0.9139981), (-0.0068943673, -0.2457079, 0.96931946), (0.042337097, -0.40350348, 0.9139981), (-0.19181456, -0.46079063, 0.86653286), (-0.19181456, -0.46079063, 0.86653286), (-0.1962451, -0.28911904, 0.9369621), (-0.0068943673, -0.2457079, 0.96931946), (-0.0690879, -0.081780165, 0.9942529), (-0.0068943673, -0.2457079, 0.96931946), (-0.1962451, -0.28911904, 0.9369621), (-0.087400265, -0.58795696, 0.8041567), (-0.017252363, -0.70341974, 0.7105653), (-0.58055186, -0.708945, 0.40044567), (-0.58055186, -0.708945, 0.40044567), (-0.611466, -0.64049685, 0.46462166), (-0.087400265, -0.58795696, 0.8041567), (-0.19181456, -0.46079063, 0.86653286), (-0.087400265, -0.58795696, 0.8041567), (-0.611466, -0.64049685, 0.46462166), (-0.611466, -0.64049685, 0.46462166), (-0.6906565, -0.5722047, 0.44223925), (-0.19181456, -0.46079063, 0.86653286), (-0.62503564, -0.47193953, 0.6217746), (-0.19181456, -0.46079063, 0.86653286), (-0.6906565, -0.5722047, 0.44223925), (-0.19181456, -0.46079063, 0.86653286), (-0.62503564, -0.47193953, 0.6217746), (-0.1962451, -0.28911904, 0.9369621), (-0.30700395, -0.17914699, 0.9346951), (-0.1962451, -0.28911904, 0.9369621), (-0.62503564, -0.47193953, 0.6217746), (-0.1962451, -0.28911904, 0.9369621), (-0.30700395, -0.17914699, 0.9346951), (-0.0690879, -0.081780165, 0.9942529), (-0.62503564, -0.47193953, 0.6217746), (-0.7048186, -0.3673549, 0.60686165), (-0.30700395, -0.17914699, 0.9346951), (-0.14941317, 0.07279754, 0.9860914), (-0.0690879, -0.081780165, 0.9942529), (-0.30700395, -0.17914699, 0.9346951), (-0.38065127, -0.02299262, 0.92443275), (-0.30700395, -0.17914699, 0.9346951), (-0.7048186, -0.3673549, 0.60686165), (-0.30700395, -0.17914699, 0.9346951), (-0.38065127, -0.02299262, 0.92443275), (-0.14941317, 0.07279754, 0.9860914), (-0.7048186, -0.3673549, 0.60686165), (-0.7658371, -0.27308708, 0.58216584), (-0.38065127, -0.02299262, 0.92443275), (-0.26132056, 0.2065804, 0.9428872), (-0.14941317, 0.07279754, 0.9860914), (-0.38065127, -0.02299262, 0.92443275), (-0.4557568, 0.117090985, 0.8823692), (-0.38065127, -0.02299262, 0.92443275), (-0.7658371, -0.27308708, 0.58216584), (-0.38065127, -0.02299262, 0.92443275), (-0.4557568, 0.117090985, 0.8823692), (-0.26132056, 0.2065804, 0.9428872), (-0.7658371, -0.27308708, 0.58216584), (-0.8331392, -0.21062444, 0.5113868), (-0.4557568, 0.117090985, 0.8823692), (-0.3444748, 0.34081578, 0.8747468), (-0.26132056, 0.2065804, 0.9428872), (-0.4557568, 0.117090985, 0.8823692), (-0.4557568, 0.117090985, 0.8823692), (-0.52895194, 0.24871738, 0.8113874), (-0.3444748, 0.34081578, 0.8747468), (-0.40887707, 0.4711278, 0.7815742), (-0.3444748, 0.34081578, 0.8747468), (-0.52895194, 0.24871738, 0.8113874), (-0.52895194, 0.24871738, 0.8113874), (-0.5815181, 0.3795267, 0.7195806), (-0.40887707, 0.4711278, 0.7815742), (-0.52895194, 0.24871738, 0.8113874), (-0.4557568, 0.117090985, 0.8823692), (-0.8331392, -0.21062444, 0.5113868), (-0.8331392, -0.21062444, 0.5113868), (-0.87479377, -0.1346115, 0.46541983), (-0.52895194, 0.24871738, 0.8113874), (-0.5815181, 0.3795267, 0.7195806), (-0.52895194, 0.24871738, 0.8113874), (-0.87479377, -0.1346115, 0.46541983), (-0.87479377, -0.1346115, 0.46541983), (-0.91307825, -0.06884158, 0.40193182), (-0.5815181, 0.3795267, 0.7195806), (-0.47124514, 0.5821209, 0.6626185), (-0.40887707, 0.4711278, 0.7815742), (-0.5815181, 0.3795267, 0.7195806), (-0.5815181, 0.3795267, 0.7195806), (-0.62871075, 0.487074, 0.6062028), (-0.47124514, 0.5821209, 0.6626185), (-0.5119478, 0.6784215, 0.5269288), (-0.47124514, 0.5821209, 0.6626185), (-0.62871075, 0.487074, 0.6062028), (-0.62871075, 0.487074, 0.6062028), (-0.67743033, 0.56658226, 0.46911934), (-0.5119478, 0.6784215, 0.5269288), (-0.62871075, 0.487074, 0.6062028), (-0.5815181, 0.3795267, 0.7195806), (-0.91307825, -0.06884158, 0.40193182), (-0.91307825, -0.06884158, 0.40193182), (-0.94468874, -0.015787873, 0.3275883), (-0.62871075, 0.487074, 0.6062028), (-0.5408211, 0.7540733, 0.37267432), (-0.5119478, 0.6784215, 0.5269288), (-0.67743033, 0.56658226, 0.46911934), (-0.67743033, 0.56658226, 0.46911934), (-0.70845455, 0.62897974, 0.32011992), (-0.5408211, 0.7540733, 0.37267432), (-0.5596022, 0.80224836, 0.20794989), (-0.5408211, 0.7540733, 0.37267432), (-0.70845455, 0.62897974, 0.32011992), (-0.70845455, 0.62897974, 0.32011992), (-0.72960263, 0.6645572, 0.16138035), (-0.5596022, 0.80224836, 0.20794989), (-0.564619, 0.8245697, 0.035920545), (-0.5596022, 0.80224836, 0.20794989), (-0.72960263, 0.6645572, 0.16138035), (-0.67743033, 0.56658226, 0.46911934), (-0.62871075, 0.487074, 0.6062028), (-0.94468874, -0.015787873, 0.3275883), (-0.94468874, -0.015787873, 0.3275883), (-0.965061, 0.052489243, 0.2567141), (-0.67743033, 0.56658226, 0.46911934), (-0.70845455, 0.62897974, 0.32011992), (-0.67743033, 0.56658226, 0.46911934), (-0.965061, 0.052489243, 0.2567141), (-0.965061, 0.052489243, 0.2567141), (-0.98180985, 0.09148766, 0.16637135), (-0.70845455, 0.62897974, 0.32011992), (-0.72960263, 0.6645572, 0.16138035), (-0.70845455, 0.62897974, 0.32011992), (-0.98180985, 0.09148766, 0.16637135), (-0.98180985, 0.09148766, 0.16637135), (-0.9908559, 0.11518952, 0.07025787), (-0.72960263, 0.6645572, 0.16138035), (-0.72960263, 0.6645572, 0.16138035), (-0.74266356, 0.6696621, -0.0019239644), (-0.564619, 0.8245697, 0.035920545), (-0.74266356, 0.6696621, -0.0019239644), (-0.72960263, 0.6645572, 0.16138035), (-0.9908559, 0.11518952, 0.07025787), (-0.9908559, 0.11518952, 0.07025787), (-0.9916962, 0.12533347, -0.028815236), (-0.74266356, 0.6696621, -0.0019239644), (-0.5556746, 0.82012767, -0.13644174), (-0.564619, 0.8245697, 0.035920545), (-0.74266356, 0.6696621, -0.0019239644), (-0.74266356, 0.6696621, -0.0019239644), (-0.7278619, 0.6651854, -0.16656977), (-0.5556746, 0.82012767, -0.13644174), (-0.7278619, 0.6651854, -0.16656977), (-0.74266356, 0.6696621, -0.0019239644), (-0.9916962, 0.12533347, -0.028815236), (-0.9916962, 0.12533347, -0.028815236), (-0.9844121, 0.1199195, -0.12865593), (-0.7278619, 0.6651854, -0.16656977), (-0.53294075, 0.7890183, -0.30565393), (-0.5556746, 0.82012767, -0.13644174), (-0.7278619, 0.6651854, -0.16656977), (-0.7278619, 0.6651854, -0.16656977), (-0.694431, 0.6413657, -0.3262141), (-0.53294075, 0.7890183, -0.30565393), (-0.694431, 0.6413657, -0.3262141), (-0.7278619, 0.6651854, -0.16656977), (-0.9844121, 0.1199195, -0.12865593), (-0.9844121, 0.1199195, -0.12865593), (-0.9697279, 0.09807525, -0.22362716), (-0.694431, 0.6413657, -0.3262141), (-0.49736577, 0.7324861, -0.46485642), (-0.53294075, 0.7890183, -0.30565393), (-0.694431, 0.6413657, -0.3262141), (-0.694431, 0.6413657, -0.3262141), (-0.65556383, 0.58618796, -0.47604597), (-0.49736577, 0.7324861, -0.46485642), (-0.65556383, 0.58618796, -0.47604597), (-0.694431, 0.6413657, -0.3262141), (-0.9697279, 0.09807525, -0.22362716), (-0.9697279, 0.09807525, -0.22362716), (-0.94771385, 0.061893955, -0.31306157), (-0.65556383, 0.58618796, -0.47604597), (-0.44958442, 0.6517288, -0.6108385), (-0.49736577, 0.7324861, -0.46485642), (-0.65556383, 0.58618796, -0.47604597), (-0.65556383, 0.58618796, -0.47604597), (-0.607394, 0.5055257, -0.6127939), (-0.44958442, 0.6517288, -0.6108385), (-0.39561382, 0.54710376, -0.73767686), (-0.44958442, 0.6517288, -0.6108385), (-0.607394, 0.5055257, -0.6127939), (-0.607394, 0.5055257, -0.6127939), (-0.5423271, 0.41068155, -0.73295426), (-0.39561382, 0.54710376, -0.73767686), (-0.607394, 0.5055257, -0.6127939), (-0.65556383, 0.58618796, -0.47604597), (-0.94771385, 0.061893955, -0.31306157), (-0.94771385, 0.061893955, -0.31306157), (-0.92018884, 0.008250187, -0.39138782), (-0.607394, 0.5055257, -0.6127939), (-0.5423271, 0.41068155, -0.73295426), (-0.607394, 0.5055257, -0.6127939), (-0.92018884, 0.008250187, -0.39138782), (-0.92018884, 0.008250187, -0.39138782), (-0.8893049, -0.061585564, -0.45314905), (-0.5423271, 0.41068155, -0.73295426), (-0.22856118, 0.31060606, -0.92265046), (-0.33071983, 0.4255412, -0.8423414), (-0.49393222, 0.27213603, -0.8258166), (-0.49393222, 0.27213603, -0.8258166), (-0.33333147, 0.19675574, -0.92205065), (-0.22856118, 0.31060606, -0.92265046), (-0.49393222, 0.27213603, -0.8258166), (-0.76205224, -0.12512226, -0.6353116), (-0.33333147, 0.19675574, -0.92205065), (-0.12660325, 0.17377527, -0.9766135), (-0.22856118, 0.31060606, -0.92265046), (-0.33333147, 0.19675574, -0.92205065), (-0.29639795, 0.049152043, -0.9537989), (-0.33333147, 0.19675574, -0.92205065), (-0.76205224, -0.12512226, -0.6353116), (-0.33333147, 0.19675574, -0.92205065), (-0.29639795, 0.049152043, -0.9537989), (-0.12660325, 0.17377527, -0.9766135), (-0.76205224, -0.12512226, -0.6353116), (-0.7190175, -0.24699, -0.649623), (-0.29639795, 0.049152043, -0.9537989), (-0.04633815, 0.021552756, -0.9986933), (-0.12660325, 0.17377527, -0.9766135), (-0.29639795, 0.049152043, -0.9537989), (-0.21876045, -0.09848324, -0.97079605), (-0.29639795, 0.049152043, -0.9537989), (-0.7190175, -0.24699, -0.649623), (-0.29639795, 0.049152043, -0.9537989), (-0.21876045, -0.09848324, -0.97079605), (-0.04633815, 0.021552756, -0.9986933), (-0.7190175, -0.24699, -0.649623), (-0.6678283, -0.34443423, -0.6598261), (-0.21876045, -0.09848324, -0.97079605), (0.033996936, -0.1330107, -0.9905314), (-0.04633815, 0.021552756, -0.9986933), (-0.21876045, -0.09848324, -0.97079605), (-0.14170027, -0.24700598, -0.9585975), (-0.21876045, -0.09848324, -0.97079605), (-0.6678283, -0.34443423, -0.6598261), (-0.21876045, -0.09848324, -0.97079605), (-0.14170027, -0.24700598, -0.9585975), (0.033996936, -0.1330107, -0.9905314), (-0.6678283, -0.34443423, -0.6598261), (-0.6171468, -0.44214717, -0.650873), (-0.14170027, -0.24700598, -0.9585975), (0.11113614, -0.2836764, -0.9524582), (0.033996936, -0.1330107, -0.9905314), (-0.14170027, -0.24700598, -0.9585975), (-0.06401616, -0.39649728, -0.91580117), (-0.14170027, -0.24700598, -0.9585975), (-0.6171468, -0.44214717, -0.650873), (-0.14170027, -0.24700598, -0.9585975), (-0.06401616, -0.39649728, -0.91580117), (0.11113614, -0.2836764, -0.9524582), (0.14399281, -0.44842413, -0.8821463), (0.11113614, -0.2836764, -0.9524582), (-0.06401616, -0.39649728, -0.91580117), (-0.6171468, -0.44214717, -0.650873), (-0.5790337, -0.54504037, -0.6063423), (-0.06401616, -0.39649728, -0.91580117), (-0.06401616, -0.39649728, -0.91580117), (-0.030231126, -0.54366636, -0.8387568), (0.14399281, -0.44842413, -0.8821463), (-0.030231126, -0.54366636, -0.8387568), (-0.06401616, -0.39649728, -0.91580117), (-0.5790337, -0.54504037, -0.6063423), (0.31723338, -0.68550116, 0.6553253), (0.25538996, -0.57592744, 0.77658457), (0.22220689, -0.63025844, 0.7439076), (0.22220689, -0.63025844, 0.7439076), (0.27424794, -0.73713994, 0.6175863), (0.31723338, -0.68550116, 0.6553253), (0.27424794, -0.73713994, 0.6175863), (0.22220689, -0.63025844, 0.7439076), (-0.17207041, -0.7453148, 0.6441256), (0.36877865, -0.7739352, 0.5148076), (0.31723338, -0.68550116, 0.6553253), (0.27424794, -0.73713994, 0.6175863), (-0.17207041, -0.7453148, 0.6441256), (-0.119115815, -0.83769256, 0.5329941), (0.27424794, -0.73713994, 0.6175863), (0.27424794, -0.73713994, 0.6175863), (0.3201621, -0.82071453, 0.47320607), (0.36877865, -0.7739352, 0.5148076), (0.3201621, -0.82071453, 0.47320607), (0.27424794, -0.73713994, 0.6175863), (-0.119115815, -0.83769256, 0.5329941), (0.40898126, -0.83943874, 0.3578784), (0.36877865, -0.7739352, 0.5148076), (0.3201621, -0.82071453, 0.47320607), (-0.119115815, -0.83769256, 0.5329941), (-0.07496026, -0.91153014, 0.40434393), (0.3201621, -0.82071453, 0.47320607), (0.3201621, -0.82071453, 0.47320607), (0.3570369, -0.8796589, 0.3142051), (0.40898126, -0.83943874, 0.3578784), (0.3570369, -0.8796589, 0.3142051), (0.3201621, -0.82071453, 0.47320607), (-0.07496026, -0.91153014, 0.40434393), (0.43622565, -0.87935823, 0.19088294), (0.40898126, -0.83943874, 0.3578784), (0.3570369, -0.8796589, 0.3142051), (-0.07496026, -0.91153014, 0.40434393), (-0.06147802, -0.96338326, 0.26098487), (0.3570369, -0.8796589, 0.3142051), (0.3570369, -0.8796589, 0.3142051), (0.40278664, -0.9033429, 0.1474269), (0.43622565, -0.87935823, 0.19088294), (0.40278664, -0.9033429, 0.1474269), (0.3570369, -0.8796589, 0.3142051), (-0.06147802, -0.96338326, 0.26098487), (0.4499569, -0.8928846, 0.017201489), (0.43622565, -0.87935823, 0.19088294), (0.40278664, -0.9033429, 0.1474269), (-0.06147802, -0.96338326, 0.26098487), (0.13312773, -0.98296136, 0.12674357), (0.40278664, -0.9033429, 0.1474269), (-0.06147802, -0.96338326, 0.26098487), (-0.5340328, -0.84406084, 0.048686087), (0.13312773, -0.98296136, 0.12674357), (0.40278664, -0.9033429, 0.1474269), (0.42487746, -0.9047619, -0.029748382), (0.4499569, -0.8928846, 0.017201489), (0.42487746, -0.9047619, -0.029748382), (0.40278664, -0.9033429, 0.1474269), (0.13312773, -0.98296136, 0.12674357), (0.44962615, -0.8794657, -0.15613002), (0.4499569, -0.8928846, 0.017201489), (0.42487746, -0.9047619, -0.029748382), (0.07837637, -0.9964679, -0.030151295), (0.13312773, -0.98296136, 0.12674357), (-0.5340328, -0.84406084, 0.048686087), (0.13312773, -0.98296136, 0.12674357), (0.07837637, -0.9964679, -0.030151295), (0.42487746, -0.9047619, -0.029748382), (-0.5340328, -0.84406084, 0.048686087), (-0.54325527, -0.8386194, -0.039891057), (0.07837637, -0.9964679, -0.030151295), (0.42487746, -0.9047619, -0.029748382), (0.4207998, -0.88417196, -0.20289786), (0.44962615, -0.8794657, -0.15613002), (0.4207998, -0.88417196, -0.20289786), (0.42487746, -0.9047619, -0.029748382), (0.07837637, -0.9964679, -0.030151295), (0.43524107, -0.83937335, -0.3256036), (0.44962615, -0.8794657, -0.15613002), (0.4207998, -0.88417196, -0.20289786), (0.07142291, -0.9780141, -0.19592641), (0.07837637, -0.9964679, -0.030151295), (-0.54325527, -0.8386194, -0.039891057), (0.07837637, -0.9964679, -0.030151295), (0.07142291, -0.9780141, -0.19592641), (0.4207998, -0.88417196, -0.20289786), (-0.54325527, -0.8386194, -0.039891057), (-0.57131654, -0.81269795, -0.11454014), (0.07142291, -0.9780141, -0.19592641), (0.4207998, -0.88417196, -0.20289786), (0.37976795, -0.8475463, -0.3707311), (0.43524107, -0.83937335, -0.3256036), (0.37976795, -0.8475463, -0.3707311), (0.4207998, -0.88417196, -0.20289786), (0.07142291, -0.9780141, -0.19592641), (0.4073719, -0.7742412, -0.48435387), (0.43524107, -0.83937335, -0.3256036), (0.37976795, -0.8475463, -0.3707311), (-0.005529802, -0.9394115, -0.34274694), (0.07142291, -0.9780141, -0.19592641), (-0.57131654, -0.81269795, -0.11454014), (0.07142291, -0.9780141, -0.19592641), (-0.005529802, -0.9394115, -0.34274694), (0.37976795, -0.8475463, -0.3707311), (0.37976795, -0.8475463, -0.3707311), (0.33849818, -0.7824247, -0.5227146), (0.4073719, -0.7742412, -0.48435387), (0.33849818, -0.7824247, -0.5227146), (0.37976795, -0.8475463, -0.3707311), (-0.005529802, -0.9394115, -0.34274694), (0.36657605, -0.6853835, -0.6291833), (0.4073719, -0.7742412, -0.48435387), (0.33849818, -0.7824247, -0.5227146), (-0.005529802, -0.9394115, -0.34274694), (-0.058697227, -0.87783027, -0.47536162), (0.33849818, -0.7824247, -0.5227146), (0.33849818, -0.7824247, -0.5227146), (0.29502752, -0.6887934, -0.66221035), (0.36657605, -0.6853835, -0.6291833), (0.29502752, -0.6887934, -0.66221035), (0.33849818, -0.7824247, -0.5227146), (-0.058697227, -0.87783027, -0.47536162), (0.31452256, -0.576393, -0.75421923), (0.36657605, -0.6853835, -0.6291833), (0.29502752, -0.6887934, -0.66221035), (0.29502752, -0.6887934, -0.66221035), (0.24565515, -0.5728814, -0.7819594), (0.31452256, -0.576393, -0.75421923), (-0.058697227, -0.87783027, -0.47536162), (-0.095948346, -0.79583573, -0.5978623), (0.29502752, -0.6887934, -0.66221035), (0.24565515, -0.5728814, -0.7819594), (0.29502752, -0.6887934, -0.66221035), (-0.095948346, -0.79583573, -0.5978623), (-0.095948346, -0.79583573, -0.5978623), (-0.14355755, -0.69602156, -0.70352346), (0.24565515, -0.5728814, -0.7819594), (0.1822913, -0.3097751, -0.9331717), (0.25225487, -0.4494756, -0.8569359), (0.1871841, -0.43962824, -0.87845844), (0.1871841, -0.43962824, -0.87845844), (0.11344857, -0.29709324, -0.94808495), (0.1822913, -0.3097751, -0.9331717), (0.11344857, -0.29709324, -0.94808495), (0.1871841, -0.43962824, -0.87845844), (-0.2009778, -0.58201534, -0.78795063), (0.10605732, -0.1601099, -0.9813852), (0.1822913, -0.3097751, -0.9331717), (0.11344857, -0.29709324, -0.94808495), (-0.2009778, -0.58201534, -0.78795063), (-0.2643184, -0.45703167, -0.84926903), (0.11344857, -0.29709324, -0.94808495), (0.11344857, -0.29709324, -0.94808495), (0.03525084, -0.14806317, -0.98834956), (0.10605732, -0.1601099, -0.9813852), (0.03525084, -0.14806317, -0.98834956), (0.11344857, -0.29709324, -0.94808495), (-0.2643184, -0.45703167, -0.84926903), (0.026640628, -0.0065427064, -0.99962366), (0.10605732, -0.1601099, -0.9813852), (0.03525084, -0.14806317, -0.98834956), (-0.2643184, -0.45703167, -0.84926903), (-0.33197546, -0.32368365, -0.88601434), (0.03525084, -0.14806317, -0.98834956), (0.03525084, -0.14806317, -0.98834956), (-0.044817608, 0.00616894, -0.99897623), (0.026640628, -0.0065427064, -0.99962366), (-0.044817608, 0.00616894, -0.99897623), (0.03525084, -0.14806317, -0.98834956), (-0.33197546, -0.32368365, -0.88601434), (-0.054362718, 0.1478187, -0.9875193), (0.026640628, -0.0065427064, -0.99962366), (-0.044817608, 0.00616894, -0.99897623), (-0.33197546, -0.32368365, -0.88601434), (-0.40264276, -0.18761918, -0.895923), (-0.044817608, 0.00616894, -0.99897623), (-0.044817608, 0.00616894, -0.99897623), (-0.12521508, 0.1588231, -0.9793348), (-0.054362718, 0.1478187, -0.9875193), (-0.12521508, 0.1588231, -0.9793348), (-0.044817608, 0.00616894, -0.99897623), (-0.40264276, -0.18761918, -0.895923), (-0.13367389, 0.2967206, -0.94556236), (-0.054362718, 0.1478187, -0.9875193), (-0.12521508, 0.1588231, -0.9793348), (-0.40264276, -0.18761918, -0.895923), (-0.47360682, -0.052736975, -0.8791562), (-0.12521508, 0.1588231, -0.9793348), (-0.12521508, 0.1588231, -0.9793348), (-0.20393807, 0.30603513, -0.9299203), (-0.13367389, 0.2967206, -0.94556236), (-0.20393807, 0.30603513, -0.9299203), (-0.12521508, 0.1588231, -0.9793348), (-0.47360682, -0.052736975, -0.8791562), (-0.20968246, 0.43715987, -0.8745997), (-0.13367389, 0.2967206, -0.94556236), (-0.20393807, 0.30603513, -0.9299203), (-0.47360682, -0.052736975, -0.8791562), (-0.5424826, 0.076901846, -0.8365398), (-0.20393807, 0.30603513, -0.9299203), (-0.20393807, 0.30603513, -0.9299203), (-0.27497005, 0.44423553, -0.8526701), (-0.20968246, 0.43715987, -0.8745997), (-0.27497005, 0.44423553, -0.8526701), (-0.20393807, 0.30603513, -0.9299203), (-0.5424826, 0.076901846, -0.8365398), (-0.5424826, 0.076901846, -0.8365398), (-0.608309, 0.19792295, -0.76862663), (-0.27497005, 0.44423553, -0.8526701), (-0.34112725, 0.67303616, -0.6562428), (-0.27929854, 0.56345487, -0.777503), (-0.34244302, 0.56755644, -0.7487406), (-0.34244302, 0.56755644, -0.7487406), (-0.40415466, 0.6699241, -0.6227847), (-0.34112725, 0.67303616, -0.6562428), (-0.40415466, 0.6699241, -0.6227847), (-0.34244302, 0.56755644, -0.7487406), (-0.6688644, 0.30572307, -0.6776089), (-0.39267334, 0.7614673, -0.515728), (-0.34112725, 0.67303616, -0.6562428), (-0.40415466, 0.6699241, -0.6227847), (-0.6688644, 0.30572307, -0.6776089), (-0.721201, 0.39820305, -0.56683636), (-0.40415466, 0.6699241, -0.6227847), (-0.40415466, 0.6699241, -0.6227847), (-0.45395032, 0.7519487, -0.47801918), (-0.39267334, 0.7614673, -0.515728), (-0.45395032, 0.7519487, -0.47801918), (-0.40415466, 0.6699241, -0.6227847), (-0.721201, 0.39820305, -0.56683636), (-0.43288094, 0.8269687, -0.35879907), (-0.39267334, 0.7614673, -0.515728), (-0.45395032, 0.7519487, -0.47801918), (-0.721201, 0.39820305, -0.56683636), (-0.7644895, 0.47223052, -0.43880984), (-0.45395032, 0.7519487, -0.47801918), (-0.45395032, 0.7519487, -0.47801918), (-0.4907875, 0.81083006, -0.31887662), (-0.43288094, 0.8269687, -0.35879907), (-0.4907875, 0.81083006, -0.31887662), (-0.45395032, 0.7519487, -0.47801918), (-0.7644895, 0.47223052, -0.43880984), (-0.46013814, 0.86688083, -0.19180855), (-0.43288094, 0.8269687, -0.35879907), (-0.4907875, 0.81083006, -0.31887662), (-0.7644895, 0.47223052, -0.43880984), (-0.79722774, 0.52471054, -0.29850775), (-0.4907875, 0.81083006, -0.31887662), (-0.4907875, 0.81083006, -0.31887662), (-0.5147293, 0.8441858, -0.1496804), (-0.46013814, 0.86688083, -0.19180855), (-0.5147293, 0.8441858, -0.1496804), (-0.4907875, 0.81083006, -0.31887662), (-0.79722774, 0.52471054, -0.29850775), (-0.47388855, 0.8803984, -0.018122064), (-0.46013814, 0.86688083, -0.19180855), (-0.5147293, 0.8441858, -0.1496804), (-0.79722774, 0.52471054, -0.29850775), (-0.8186159, 0.554589, -0.14932874), (-0.5147293, 0.8441858, -0.1496804), (-0.5147293, 0.8441858, -0.1496804), (-0.5248659, 0.8508593, 0.02354107), (-0.47388855, 0.8803984, -0.018122064), (-0.5248659, 0.8508593, 0.02354107), (-0.5147293, 0.8441858, -0.1496804), (-0.8186159, 0.554589, -0.14932874), (-0.47355187, 0.866983, 0.15520674), (-0.47388855, 0.8803984, -0.018122064), (-0.5248659, 0.8508593, 0.02354107), (-0.8186159, 0.554589, -0.14932874), (-0.8277919, 0.5610237, 0.0035874676), (-0.5248659, 0.8508593, 0.02354107), (-0.5248659, 0.8508593, 0.02354107), (-0.5209813, 0.8306606, 0.19642194), (-0.47355187, 0.866983, 0.15520674), (-0.5209813, 0.8306606, 0.19642194), (-0.5248659, 0.8508593, 0.02354107), (-0.8277919, 0.5610237, 0.0035874676), (-0.45915264, 0.826898, 0.32468265), (-0.47355187, 0.866983, 0.15520674), (-0.5209813, 0.8306606, 0.19642194), (-0.8277919, 0.5610237, 0.0035874676), (-0.8246572, 0.5436349, 0.15621032), (-0.5209813, 0.8306606, 0.19642194), (-0.5209813, 0.8306606, 0.19642194), (-0.50319314, 0.7843191, 0.36282256), (-0.45915264, 0.826898, 0.32468265), (-0.50319314, 0.7843191, 0.36282256), (-0.5209813, 0.8306606, 0.19642194), (-0.8246572, 0.5436349, 0.15621032), (-0.43126938, 0.76176983, 0.4834392), (-0.45915264, 0.826898, 0.32468265), (-0.50319314, 0.7843191, 0.36282256), (-0.8246572, 0.5436349, 0.15621032), (-0.80901927, 0.50386935, 0.30266082), (-0.50319314, 0.7843191, 0.36282256), (-0.50319314, 0.7843191, 0.36282256), (-0.46893978, 0.71491647, 0.5186424), (-0.43126938, 0.76176983, 0.4834392), (-0.46893978, 0.71491647, 0.5186424), (-0.50319314, 0.7843191, 0.36282256), (-0.80901927, 0.50386935, 0.30266082), (-0.80901927, 0.50386935, 0.30266082), (-0.7818847, 0.44069496, 0.44095847), (-0.46893978, 0.71491647, 0.5186424), (-0.39046916, 0.67291915, 0.62826234), (-0.43126938, 0.76176983, 0.4834392), (-0.46893978, 0.71491647, 0.5186424), (-0.46893978, 0.71491647, 0.5186424), (-0.42670515, 0.61976683, 0.6586439), (-0.39046916, 0.67291915, 0.62826234), (-0.42670515, 0.61976683, 0.6586439), (-0.46893978, 0.71491647, 0.5186424), (-0.7818847, 0.44069496, 0.44095847), (-0.33841777, 0.56392586, 0.7533001), (-0.39046916, 0.67291915, 0.62826234), (-0.42670515, 0.61976683, 0.6586439), (-0.7818847, 0.44069496, 0.44095847), (-0.746998, 0.3523334, 0.5637865), (-0.42670515, 0.61976683, 0.6586439), (-0.42670515, 0.61976683, 0.6586439), (-0.38024598, 0.5008363, 0.777545), (-0.33841777, 0.56392586, 0.7533001), (-0.38024598, 0.5008363, 0.777545), (-0.42670515, 0.61976683, 0.6586439), (-0.746998, 0.3523334, 0.5637865), (-0.746998, 0.3523334, 0.5637865), (-0.83565164, 0.06522265, 0.5453737), (-0.38024598, 0.5008363, 0.777545), (-0.27615535, 0.4370055, 0.8560165), (-0.33841777, 0.56392586, 0.7533001), (-0.38024598, 0.5008363, 0.777545), (-0.38024598, 0.5008363, 0.777545), (-0.32671747, 0.3653716, 0.87164176), (-0.27615535, 0.4370055, 0.8560165), (-0.32671747, 0.3653716, 0.87164176), (-0.38024598, 0.5008363, 0.777545), (-0.83565164, 0.06522265, 0.5453737), (-0.20620374, 0.29729763, 0.93225217), (-0.27615535, 0.4370055, 0.8560165), (-0.32671747, 0.3653716, 0.87164176), (-0.83565164, 0.06522265, 0.5453737), (-0.79225767, -0.020969756, 0.6098263), (-0.32671747, 0.3653716, 0.87164176), (-0.32671747, 0.3653716, 0.87164176), (-0.259028, 0.22202697, 0.9400046), (-0.20620374, 0.29729763, 0.93225217), (-0.259028, 0.22202697, 0.9400046), (-0.32671747, 0.3653716, 0.87164176), (-0.79225767, -0.020969756, 0.6098263), (-0.12997028, 0.14763272, 0.9804654), (-0.20620374, 0.29729763, 0.93225217), (-0.259028, 0.22202697, 0.9400046), (-0.79225767, -0.020969756, 0.6098263), (-0.7400544, -0.12510523, 0.6608086), (-0.259028, 0.22202697, 0.9400046), (-0.259028, 0.22202697, 0.9400046), (-0.18231118, 0.07201751, 0.9805999), (-0.12997028, 0.14763272, 0.9804654), (-0.18231118, 0.07201751, 0.9805999), (-0.259028, 0.22202697, 0.9400046), (-0.7400544, -0.12510523, 0.6608086), (-0.050547305, -0.0059306263, 0.9987041), (-0.12997028, 0.14763272, 0.9804654), (-0.18231118, 0.07201751, 0.9805999), (-0.7400544, -0.12510523, 0.6608086), (-0.6843546, -0.2339729, 0.69059074), (-0.18231118, 0.07201751, 0.9805999), (-0.18231118, 0.07201751, 0.9805999), (-0.102433585, -0.08189584, 0.99136305), (-0.050547305, -0.0059306263, 0.9987041), (-0.102433585, -0.08189584, 0.99136305), (-0.18231118, 0.07201751, 0.9805999), (-0.6843546, -0.2339729, 0.69059074), (0.030454718, -0.16029358, 0.98659945), (-0.050547305, -0.0059306263, 0.9987041), (-0.102433585, -0.08189584, 0.99136305), (-0.6843546, -0.2339729, 0.69059074), (-0.6264118, -0.34571514, 0.6986339), (-0.102433585, -0.08189584, 0.99136305), (-0.102433585, -0.08189584, 0.99136305), (-0.022174958, -0.23427044, 0.97191864), (0.030454718, -0.16029358, 0.98659945), (-0.022174958, -0.23427044, 0.97191864), (-0.102433585, -0.08189584, 0.99136305), (-0.6264118, -0.34571514, 0.6986339), (0.109755404, -0.30919996, 0.9446423), (0.030454718, -0.16029358, 0.98659945), (-0.022174958, -0.23427044, 0.97191864), (-0.6264118, -0.34571514, 0.6986339), (-0.5680867, -0.4563923, 0.6848238), (-0.022174958, -0.23427044, 0.97191864), (-0.022174958, -0.23427044, 0.97191864), (0.056376733, -0.38123205, 0.9227589), (0.109755404, -0.30919996, 0.9446423), (0.056376733, -0.38123205, 0.9227589), (-0.022174958, -0.23427044, 0.97191864), (-0.5680867, -0.4563923, 0.6848238), (0.18575671, -0.44964445, 0.8736786), (0.109755404, -0.30919996, 0.9446423), (0.056376733, -0.38123205, 0.9227589), (-0.5680867, -0.4563923, 0.6848238), (-0.518763, -0.5588772, 0.64694756), (0.056376733, -0.38123205, 0.9227589), (0.056376733, -0.38123205, 0.9227589), (0.14732864, -0.50830984, 0.8484784), (0.18575671, -0.44964445, 0.8736786), (0.14732864, -0.50830984, 0.8484784), (0.056376733, -0.38123205, 0.9227589), (-0.518763, -0.5588772, 0.64694756), (-0.518763, -0.5588772, 0.64694756), (-0.1768765, -0.62891865, 0.75708395), (0.14732864, -0.50830984, 0.8484784), (0.25305307, -0.6957766, -0.6722047), (0.19332752, -0.58296615, -0.7891609), (0.020756654, -0.6706001, -0.7415286), (0.020756654, -0.6706001, -0.7415286), (0.06633935, -0.7771736, -0.62577987), (0.25305307, -0.6957766, -0.6722047), (0.2997408, -0.79002297, -0.5348076), (0.25305307, -0.6957766, -0.6722047), (0.06633935, -0.7771736, -0.62577987), (0.06633935, -0.7771736, -0.62577987), (0.020756654, -0.6706001, -0.7415286), (-0.55466413, -0.69534445, -0.4569943), (-0.55466413, -0.69534445, -0.4569943), (-0.51567966, -0.76077384, -0.3940782), (0.06633935, -0.7771736, -0.62577987), (0.06633935, -0.7771736, -0.62577987), (0.10227186, -0.86517423, -0.49093184), (0.2997408, -0.79002297, -0.5348076), (0.33191562, -0.86307245, -0.38070735), (0.2997408, -0.79002297, -0.5348076), (0.10227186, -0.86517423, -0.49093184), (0.10227186, -0.86517423, -0.49093184), (0.06633935, -0.7771736, -0.62577987), (-0.51567966, -0.76077384, -0.3940782), (-0.51567966, -0.76077384, -0.3940782), (-0.49122152, -0.8130811, -0.31241122), (0.10227186, -0.86517423, -0.49093184), (0.10227186, -0.86517423, -0.49093184), (0.13066928, -0.9304444, -0.3423433), (0.33191562, -0.86307245, -0.38070735), (0.3507256, -0.91123205, -0.21598107), (0.33191562, -0.86307245, -0.38070735), (0.13066928, -0.9304444, -0.3423433), (0.13066928, -0.9304444, -0.3423433), (0.10227186, -0.86517423, -0.49093184), (-0.49122152, -0.8130811, -0.31241122), (-0.49122152, -0.8130811, -0.31241122), (-0.4748519, -0.8515007, -0.22240159), (0.13066928, -0.9304444, -0.3423433), (0.13066928, -0.9304444, -0.3423433), (0.13816915, -0.97314173, -0.18413168), (0.3507256, -0.91123205, -0.21598107), (0.35574028, -0.93355054, -0.04395736), (0.3507256, -0.91123205, -0.21598107), (0.13816915, -0.97314173, -0.18413168), (0.13816915, -0.97314173, -0.18413168), (0.13066928, -0.9304444, -0.3423433), (-0.4748519, -0.8515007, -0.22240159), (-0.4748519, -0.8515007, -0.22240159), (-0.46641022, -0.87550324, -0.12631585), (0.13816915, -0.97314173, -0.18413168), (0.13816915, -0.97314173, -0.18413168), (0.1250217, -0.9919137, -0.02183649), (0.35574028, -0.93355054, -0.04395736), (0.34680292, -0.9291069, 0.12840664), (0.35574028, -0.93355054, -0.04395736), (0.1250217, -0.9919137, -0.02183649), (0.1250217, -0.9919137, -0.02183649), (0.13816915, -0.97314173, -0.18413168), (-0.46641022, -0.87550324, -0.12631585), (-0.46641022, -0.87550324, -0.12631585), (-0.46455428, -0.8851268, -0.027199453), (0.1250217, -0.9919137, -0.02183649), (0.1250217, -0.9919137, -0.02183649), (0.11986937, -0.98241, 0.14318492), (0.34680292, -0.9291069, 0.12840664), (0.32405314, -0.8980053, 0.29761723), (0.34680292, -0.9291069, 0.12840664), (0.11986937, -0.98241, 0.14318492), (0.11986937, -0.98241, 0.14318492), (0.1250217, -0.9919137, -0.02183649), (-0.46455428, -0.8851268, -0.027199453), (-0.46455428, -0.8851268, -0.027199453), (-0.47086948, -0.87920433, 0.072676666), (0.11986937, -0.98241, 0.14318492), (0.11986937, -0.98241, 0.14318492), (0.109783925, -0.94641256, 0.3037282), (0.32405314, -0.8980053, 0.29761723), (0.288429, -0.84150213, 0.4568185), (0.32405314, -0.8980053, 0.29761723), (0.109783925, -0.94641256, 0.3037282), (0.109783925, -0.94641256, 0.3037282), (0.11986937, -0.98241, 0.14318492), (-0.47086948, -0.87920433, 0.072676666), (-0.47086948, -0.87920433, 0.072676666), (-0.48613083, -0.8576596, 0.16762178), (0.109783925, -0.94641256, 0.3037282), (0.109783925, -0.94641256, 0.3037282), (0.0776862, -0.887702, 0.45381746), (0.288429, -0.84150213, 0.4568185), (0.24072473, -0.760706, 0.60280836), (0.288429, -0.84150213, 0.4568185), (0.0776862, -0.887702, 0.45381746), (0.0776862, -0.887702, 0.45381746), (0.109783925, -0.94641256, 0.3037282), (-0.48613083, -0.8576596, 0.16762178), (-0.48613083, -0.8576596, 0.16762178), (-0.5086297, -0.8217246, 0.2570302), (0.0776862, -0.887702, 0.45381746), (0.0776862, -0.887702, 0.45381746), (0.030803686, -0.80636257, 0.59061885), (0.24072473, -0.760706, 0.60280836), (0.17809246, -0.6605909, 0.7293167), (0.24072473, -0.760706, 0.60280836), (0.030803686, -0.80636257, 0.59061885), (0.030803686, -0.80636257, 0.59061885), (-0.017245572, -0.7034177, 0.71056753), (0.17809246, -0.6605909, 0.7293167), (0.030803686, -0.80636257, 0.59061885), (0.0776862, -0.887702, 0.45381746), (-0.5086297, -0.8217246, 0.2570302), (-0.5086297, -0.8217246, 0.2570302), (-0.5415996, -0.7709329, 0.33516014), (0.030803686, -0.80636257, 0.59061885), (-0.017245572, -0.7034177, 0.71056753), (0.030803686, -0.80636257, 0.59061885), (-0.5415996, -0.7709329, 0.33516014), (-0.5415996, -0.7709329, 0.33516014), (-0.58054847, -0.70894486, 0.40045065), (-0.017245572, -0.7034177, 0.71056753), (0.042334054, -0.40350714, 0.91399664), (0.113623865, -0.53952265, 0.8342691), (-0.08739411, -0.58795494, 0.8041587), (-0.08739411, -0.58795494, 0.8041587), (-0.19180727, -0.46079165, 0.866534), (0.042334054, -0.40350714, 0.91399664), (-0.006898568, -0.24571235, 0.9693183), (0.042334054, -0.40350714, 0.91399664), (-0.19180727, -0.46079165, 0.866534), (-0.19180727, -0.46079165, 0.866534), (-0.1962431, -0.28911498, 0.9369638), (-0.006898568, -0.24571235, 0.9693183), (-0.06906467, -0.08176497, 0.99425584), (-0.006898568, -0.24571235, 0.9693183), (-0.1962431, -0.28911498, 0.9369638), (-0.08739411, -0.58795494, 0.8041587), (-0.017245572, -0.7034177, 0.71056753), (-0.58054847, -0.70894486, 0.40045065), (-0.58054847, -0.70894486, 0.40045065), (-0.6114628, -0.6404972, 0.46462524), (-0.08739411, -0.58795494, 0.8041587), (-0.19180727, -0.46079165, 0.866534), (-0.08739411, -0.58795494, 0.8041587), (-0.6114628, -0.6404972, 0.46462524), (-0.6114628, -0.6404972, 0.46462524), (-0.69065404, -0.57220614, 0.44224095), (-0.19180727, -0.46079165, 0.866534), (-0.6250327, -0.4719396, 0.62177736), (-0.19180727, -0.46079165, 0.866534), (-0.69065404, -0.57220614, 0.44224095), (-0.19180727, -0.46079165, 0.866534), (-0.6250327, -0.4719396, 0.62177736), (-0.1962431, -0.28911498, 0.9369638), (-0.3070101, -0.17915045, 0.9346924), (-0.1962431, -0.28911498, 0.9369638), (-0.6250327, -0.4719396, 0.62177736), (-0.1962431, -0.28911498, 0.9369638), (-0.3070101, -0.17915045, 0.9346924), (-0.06906467, -0.08176497, 0.99425584), (-0.6250327, -0.4719396, 0.62177736), (-0.70481986, -0.36735743, 0.6068587), (-0.3070101, -0.17915045, 0.9346924), (-0.14940272, 0.07280168, 0.9860927), (-0.06906467, -0.08176497, 0.99425584), (-0.3070101, -0.17915045, 0.9346924), (-0.38066226, -0.02299907, 0.9244281), (-0.3070101, -0.17915045, 0.9346924), (-0.70481986, -0.36735743, 0.6068587), (-0.3070101, -0.17915045, 0.9346924), (-0.38066226, -0.02299907, 0.9244281), (-0.14940272, 0.07280168, 0.9860927), (-0.70481986, -0.36735743, 0.6068587), (-0.7658353, -0.27308097, 0.5821712), (-0.38066226, -0.02299907, 0.9244281), (-0.26132256, 0.20658085, 0.94288653), (-0.14940272, 0.07280168, 0.9860927), (-0.38066226, -0.02299907, 0.9244281), (-0.45575562, 0.11709456, 0.88236946), (-0.38066226, -0.02299907, 0.9244281), (-0.7658353, -0.27308097, 0.5821712), (-0.38066226, -0.02299907, 0.9244281), (-0.45575562, 0.11709456, 0.88236946), (-0.26132256, 0.20658085, 0.94288653), (-0.7658353, -0.27308097, 0.5821712), (-0.8331386, -0.21062371, 0.51138824), (-0.45575562, 0.11709456, 0.88236946), (-0.34447354, 0.34081244, 0.8747485), (-0.26132256, 0.20658085, 0.94288653), (-0.45575562, 0.11709456, 0.88236946), (-0.45575562, 0.11709456, 0.88236946), (-0.5289501, 0.24871589, 0.8113891), (-0.34447354, 0.34081244, 0.8747485), (-0.4088648, 0.4711365, 0.78157526), (-0.34447354, 0.34081244, 0.8747485), (-0.5289501, 0.24871589, 0.8113891), (-0.5289501, 0.24871589, 0.8113891), (-0.58151126, 0.37953565, 0.7195814), (-0.4088648, 0.4711365, 0.78157526), (-0.5289501, 0.24871589, 0.8113891), (-0.45575562, 0.11709456, 0.88236946), (-0.8331386, -0.21062371, 0.51138824), (-0.8331386, -0.21062371, 0.51138824), (-0.8747937, -0.13461174, 0.46541983), (-0.5289501, 0.24871589, 0.8113891), (-0.58151126, 0.37953565, 0.7195814), (-0.5289501, 0.24871589, 0.8113891), (-0.8747937, -0.13461174, 0.46541983), (-0.8747937, -0.13461174, 0.46541983), (-0.913078, -0.06883855, 0.40193263), (-0.58151126, 0.37953565, 0.7195814), (-0.47122818, 0.5821348, 0.66261846), (-0.4088648, 0.4711365, 0.78157526), (-0.58151126, 0.37953565, 0.7195814), (-0.58151126, 0.37953565, 0.7195814), (-0.62870526, 0.4870832, 0.60620105), (-0.47122818, 0.5821348, 0.66261846), (-0.5119253, 0.6784409, 0.52692556), (-0.47122818, 0.5821348, 0.66261846), (-0.62870526, 0.4870832, 0.60620105), (-0.62870526, 0.4870832, 0.60620105), (-0.6774435, 0.5665681, 0.46911722), (-0.5119253, 0.6784409, 0.52692556), (-0.62870526, 0.4870832, 0.60620105), (-0.58151126, 0.37953565, 0.7195814), (-0.913078, -0.06883855, 0.40193263), (-0.913078, -0.06883855, 0.40193263), (-0.9446897, -0.015791843, 0.3275853), (-0.62870526, 0.4870832, 0.60620105), (-0.5408196, 0.75407135, 0.3726806), (-0.5119253, 0.6784409, 0.52692556), (-0.6774435, 0.5665681, 0.46911722), (-0.6774435, 0.5665681, 0.46911722), (-0.7084679, 0.62896407, 0.32012114), (-0.5408196, 0.75407135, 0.3726806), (-0.55961317, 0.80224, 0.20795229), (-0.5408196, 0.75407135, 0.3726806), (-0.7084679, 0.62896407, 0.32012114), (-0.7084679, 0.62896407, 0.32012114), (-0.7295948, 0.6645656, 0.16138126), (-0.55961317, 0.80224, 0.20795229), (-0.56461185, 0.8245746, 0.035919044), (-0.55961317, 0.80224, 0.20795229), (-0.7295948, 0.6645656, 0.16138126), (-0.6774435, 0.5665681, 0.46911722), (-0.62870526, 0.4870832, 0.60620105), (-0.9446897, -0.015791843, 0.3275853), (-0.9446897, -0.015791843, 0.3275853), (-0.9650619, 0.05248116, 0.25671265), (-0.6774435, 0.5665681, 0.46911722), (-0.7084679, 0.62896407, 0.32012114), (-0.6774435, 0.5665681, 0.46911722), (-0.9650619, 0.05248116, 0.25671265), (-0.9650619, 0.05248116, 0.25671265), (-0.9818092, 0.09149541, 0.16637129), (-0.7084679, 0.62896407, 0.32012114), (-0.7295948, 0.6645656, 0.16138126), (-0.7084679, 0.62896407, 0.32012114), (-0.9818092, 0.09149541, 0.16637129), (-0.9818092, 0.09149541, 0.16637129), (-0.99085563, 0.11519169, 0.07025762), (-0.7295948, 0.6645656, 0.16138126), (-0.7295948, 0.6645656, 0.16138126), (-0.74265623, 0.6696702, -0.001923652), (-0.56461185, 0.8245746, 0.035919044), (-0.74265623, 0.6696702, -0.001923652), (-0.7295948, 0.6645656, 0.16138126), (-0.99085563, 0.11519169, 0.07025762), (-0.99085563, 0.11519169, 0.07025762), (-0.99169636, 0.12533209, -0.028814191), (-0.74265623, 0.6696702, -0.001923652), (-0.5556808, 0.82012355, -0.13644129), (-0.56461185, 0.8245746, 0.035919044), (-0.74265623, 0.6696702, -0.001923652), (-0.74265623, 0.6696702, -0.001923652), (-0.727857, 0.66519064, -0.1665707), (-0.5556808, 0.82012355, -0.13644129), (-0.727857, 0.66519064, -0.1665707), (-0.74265623, 0.6696702, -0.001923652), (-0.99169636, 0.12533209, -0.028814191), (-0.99169636, 0.12533209, -0.028814191), (-0.9844115, 0.119922005, -0.12865752), (-0.727857, 0.66519064, -0.1665707), (-0.5329461, 0.7890131, -0.30565807), (-0.5556808, 0.82012355, -0.13644129), (-0.727857, 0.66519064, -0.1665707), (-0.727857, 0.66519064, -0.1665707), (-0.6944216, 0.64137316, -0.32621962), (-0.5329461, 0.7890131, -0.30565807), (-0.6944216, 0.64137316, -0.32621962), (-0.727857, 0.66519064, -0.1665707), (-0.9844115, 0.119922005, -0.12865752), (-0.9844115, 0.119922005, -0.12865752), (-0.9697285, 0.098072134, -0.22362599), (-0.6944216, 0.64137316, -0.32621962), (-0.4973599, 0.7324906, -0.46485555), (-0.5329461, 0.7890131, -0.30565807), (-0.6944216, 0.64137316, -0.32621962), (-0.6944216, 0.64137316, -0.32621962), (-0.6555636, 0.58619, -0.4760438), (-0.4973599, 0.7324906, -0.46485555), (-0.6555636, 0.58619, -0.4760438), (-0.6944216, 0.64137316, -0.32621962), (-0.9697285, 0.098072134, -0.22362599), (-0.9697285, 0.098072134, -0.22362599), (-0.9477172, 0.06188537, -0.3130536), (-0.6555636, 0.58619, -0.4760438), (-0.44956923, 0.6517405, -0.610837), (-0.4973599, 0.7324906, -0.46485555), (-0.6555636, 0.58619, -0.4760438), (-0.6555636, 0.58619, -0.4760438), (-0.6073985, 0.50552255, -0.6127921), (-0.44956923, 0.6517405, -0.610837), (-0.3956031, 0.54710716, -0.73768014), (-0.44956923, 0.6517405, -0.610837), (-0.6073985, 0.50552255, -0.6127921), (-0.6073985, 0.50552255, -0.6127921), (-0.5423314, 0.41067854, -0.7329529), (-0.3956031, 0.54710716, -0.73768014), (-0.6073985, 0.50552255, -0.6127921), (-0.6555636, 0.58619, -0.4760438), (-0.9477172, 0.06188537, -0.3130536), (-0.9477172, 0.06188537, -0.3130536), (-0.9201878, 0.00825176, -0.3913902), (-0.6073985, 0.50552255, -0.6127921), (-0.5423314, 0.41067854, -0.7329529), (-0.6073985, 0.50552255, -0.6127921), (-0.9201878, 0.00825176, -0.3913902), (-0.9201878, 0.00825176, -0.3913902), (-0.8893035, -0.061580732, -0.4531524), (-0.5423314, 0.41067854, -0.7329529), (-0.22857325, 0.3105964, -0.9226507), (-0.3307516, 0.4255259, -0.8423367), (-0.49393606, 0.2721364, -0.8258142), (-0.49393606, 0.2721364, -0.8258142), (-0.33333504, 0.19674692, -0.9220512), (-0.22857325, 0.3105964, -0.9226507), (-0.49393606, 0.2721364, -0.8258142), (-0.76205313, -0.12512407, -0.6353102), (-0.33333504, 0.19674692, -0.9220512), (-0.12660241, 0.1737764, -0.9766134), (-0.22857325, 0.3105964, -0.9226507), (-0.33333504, 0.19674692, -0.9220512), (-0.29640833, 0.04914817, -0.9537959), (-0.33333504, 0.19674692, -0.9220512), (-0.76205313, -0.12512407, -0.6353102), (-0.33333504, 0.19674692, -0.9220512), (-0.29640833, 0.04914817, -0.9537959), (-0.12660241, 0.1737764, -0.9766134), (-0.76205313, -0.12512407, -0.6353102), (-0.71901864, -0.2469913, -0.649621), (-0.29640833, 0.04914817, -0.9537959), (-0.046314303, 0.021566361, -0.9986942), (-0.12660241, 0.1737764, -0.9766134), (-0.29640833, 0.04914817, -0.9537959), (-0.21875612, -0.09848331, -0.970797), (-0.29640833, 0.04914817, -0.9537959), (-0.71901864, -0.2469913, -0.649621), (-0.29640833, 0.04914817, -0.9537959), (-0.21875612, -0.09848331, -0.970797), (-0.046314303, 0.021566361, -0.9986942), (-0.71901864, -0.2469913, -0.649621), (-0.667827, -0.34443432, -0.6598273), (-0.21875612, -0.09848331, -0.970797), (0.034010436, -0.13300586, -0.9905315), (-0.046314303, 0.021566361, -0.9986942), (-0.21875612, -0.09848331, -0.970797), (-0.14170802, -0.24700762, -0.958596), (-0.21875612, -0.09848331, -0.970797), (-0.667827, -0.34443432, -0.6598273), (-0.21875612, -0.09848331, -0.970797), (-0.14170802, -0.24700762, -0.958596), (0.034010436, -0.13300586, -0.9905315), (-0.667827, -0.34443432, -0.6598273), (-0.6171475, -0.44214633, -0.65087295), (-0.14170802, -0.24700762, -0.958596), (0.111135714, -0.28367463, -0.9524587), (0.034010436, -0.13300586, -0.9905315), (-0.14170802, -0.24700762, -0.958596), (-0.06402483, -0.39649817, -0.91580015), (-0.14170802, -0.24700762, -0.958596), (-0.6171475, -0.44214633, -0.65087295), (-0.14170802, -0.24700762, -0.958596), (-0.06402483, -0.39649817, -0.91580015), (0.111135714, -0.28367463, -0.9524587), (0.14396891, -0.44843236, -0.882146), (0.111135714, -0.28367463, -0.9524587), (-0.06402483, -0.39649817, -0.91580015), (-0.6171475, -0.44214633, -0.65087295), (-0.57903177, -0.54503965, -0.6063449), (-0.06402483, -0.39649817, -0.91580015), (-0.06402483, -0.39649817, -0.91580015), (-0.030225843, -0.5436632, -0.838759), (0.14396891, -0.44843236, -0.882146), (-0.030225843, -0.5436632, -0.838759), (-0.06402483, -0.39649817, -0.91580015), (-0.57903177, -0.54503965, -0.6063449), (0.3172313, -0.6854993, 0.6553282), (0.25539193, -0.57592434, 0.7765862), (0.2222017, -0.6302593, 0.74390835), (0.2222017, -0.6302593, 0.74390835), (0.274239, -0.73714256, 0.61758715), (0.3172313, -0.6854993, 0.6553282), (0.274239, -0.73714256, 0.61758715), (0.2222017, -0.6302593, 0.74390835), (-0.1720775, -0.74531454, 0.6441238), (0.36877155, -0.7739395, 0.51480615), (0.3172313, -0.6854993, 0.6553282), (0.274239, -0.73714256, 0.61758715), (-0.1720775, -0.74531454, 0.6441238), (-0.119127564, -0.837692, 0.53299224), (0.274239, -0.73714256, 0.61758715), (0.274239, -0.73714256, 0.61758715), (0.32015797, -0.8207169, 0.47320473), (0.36877155, -0.7739395, 0.51480615), (0.32015797, -0.8207169, 0.47320473), (0.274239, -0.73714256, 0.61758715), (-0.119127564, -0.837692, 0.53299224), (0.4089822, -0.8394399, 0.3578745), (0.36877155, -0.7739395, 0.51480615), (0.32015797, -0.8207169, 0.47320473), (-0.119127564, -0.837692, 0.53299224), (-0.0749713, -0.9115293, 0.40434346), (0.32015797, -0.8207169, 0.47320473), (0.32015797, -0.8207169, 0.47320473), (0.35704124, -0.8796575, 0.31420425), (0.4089822, -0.8394399, 0.3578745), (0.35704124, -0.8796575, 0.31420425), (0.32015797, -0.8207169, 0.47320473), (-0.0749713, -0.9115293, 0.40434346), (0.43623355, -0.87935495, 0.19088037), (0.4089822, -0.8394399, 0.3578745), (0.35704124, -0.8796575, 0.31420425), (-0.0749713, -0.9115293, 0.40434346), (-0.061488334, -0.96338356, 0.2609817), (0.35704124, -0.8796575, 0.31420425), (0.35704124, -0.8796575, 0.31420425), (0.4027942, -0.90333956, 0.14742665), (0.43623355, -0.87935495, 0.19088037), (0.4027942, -0.90333956, 0.14742665), (0.35704124, -0.8796575, 0.31420425), (-0.061488334, -0.96338356, 0.2609817), (0.44996932, -0.8928784, 0.017202716), (0.43623355, -0.87935495, 0.19088037), (0.4027942, -0.90333956, 0.14742665), (-0.061488334, -0.96338356, 0.2609817), (0.13312015, -0.98296225, 0.1267447), (0.4027942, -0.90333956, 0.14742665), (-0.061488334, -0.96338356, 0.2609817), (-0.5340299, -0.8440626, 0.048686814), (0.13312015, -0.98296225, 0.1267447), (0.4027942, -0.90333956, 0.14742665), (0.424889, -0.9047566, -0.029747063), (0.44996932, -0.8928784, 0.017202716), (0.424889, -0.9047566, -0.029747063), (0.4027942, -0.90333956, 0.14742665), (0.13312015, -0.98296225, 0.1267447), (0.44963667, -0.8794608, -0.15612672), (0.44996932, -0.8928784, 0.017202716), (0.424889, -0.9047566, -0.029747063), (0.07835963, -0.9964691, -0.030152086), (0.13312015, -0.98296225, 0.1267447), (-0.5340299, -0.8440626, 0.048686814), (0.13312015, -0.98296225, 0.1267447), (0.07835963, -0.9964691, -0.030152086), (0.424889, -0.9047566, -0.029747063), (-0.5340299, -0.8440626, 0.048686814), (-0.5432587, -0.83861715, -0.03989233), (0.07835963, -0.9964691, -0.030152086), (0.424889, -0.9047566, -0.029747063), (0.42080525, -0.88416994, -0.20289575), (0.44963667, -0.8794608, -0.15612672), (0.42080525, -0.88416994, -0.20289575), (0.424889, -0.9047566, -0.029747063), (0.07835963, -0.9964691, -0.030152086), (0.43524456, -0.83937365, -0.32559815), (0.44963667, -0.8794608, -0.15612672), (0.42080525, -0.88416994, -0.20289575), (0.071405485, -0.97801554, -0.1959261), (0.07835963, -0.9964691, -0.030152086), (-0.5432587, -0.83861715, -0.03989233), (0.07835963, -0.9964691, -0.030152086), (0.071405485, -0.97801554, -0.1959261), (0.42080525, -0.88416994, -0.20289575), (-0.5432587, -0.83861715, -0.03989233), (-0.5713104, -0.81270236, -0.114540026), (0.071405485, -0.97801554, -0.1959261), (0.42080525, -0.88416994, -0.20289575), (0.37976408, -0.8475487, -0.37072966), (0.43524456, -0.83937365, -0.32559815), (0.37976408, -0.8475487, -0.37072966), (0.42080525, -0.88416994, -0.20289575), (0.071405485, -0.97801554, -0.1959261), (0.40736476, -0.7742434, -0.4843564), (0.43524456, -0.83937365, -0.32559815), (0.37976408, -0.8475487, -0.37072966), (-0.005534629, -0.9394121, -0.34274548), (0.071405485, -0.97801554, -0.1959261), (-0.5713104, -0.81270236, -0.114540026), (0.071405485, -0.97801554, -0.1959261), (-0.005534629, -0.9394121, -0.34274548), (0.37976408, -0.8475487, -0.37072966), (0.37976408, -0.8475487, -0.37072966), (0.33849514, -0.7824246, -0.52271694), (0.40736476, -0.7742434, -0.4843564), (0.33849514, -0.7824246, -0.52271694), (0.37976408, -0.8475487, -0.37072966), (-0.005534629, -0.9394121, -0.34274548), (0.3665765, -0.6853812, -0.6291855), (0.40736476, -0.7742434, -0.4843564), (0.33849514, -0.7824246, -0.52271694), (-0.005534629, -0.9394121, -0.34274548), (-0.05870929, -0.8778301, -0.4753604), (0.33849514, -0.7824246, -0.52271694), (0.33849514, -0.7824246, -0.52271694), (0.2950271, -0.68879277, -0.6622111), (0.3665765, -0.6853812, -0.6291855), (0.2950271, -0.68879277, -0.6622111), (0.33849514, -0.7824246, -0.52271694), (-0.05870929, -0.8778301, -0.4753604), (0.3145252, -0.57639, -0.7542205), (0.3665765, -0.6853812, -0.6291855), (0.2950271, -0.68879277, -0.6622111), (0.2950271, -0.68879277, -0.6622111), (0.24565288, -0.57288104, -0.7819604), (0.3145252, -0.57639, -0.7542205), (-0.05870929, -0.8778301, -0.4753604), (-0.09597148, -0.7958361, -0.59785825), (0.2950271, -0.68879277, -0.6622111), (0.24565288, -0.57288104, -0.7819604), (0.2950271, -0.68879277, -0.6622111), (-0.09597148, -0.7958361, -0.59785825), (-0.09597148, -0.7958361, -0.59785825), (-0.14357042, -0.69602305, -0.70351934), (0.24565288, -0.57288104, -0.7819604), (0.18229438, -0.30977497, -0.93317115), (0.25225812, -0.44947347, -0.8569361), (0.18718311, -0.4396288, -0.8784583), (0.18718311, -0.4396288, -0.8784583), (0.1134509, -0.2970941, -0.9480845), (0.18229438, -0.30977497, -0.93317115), (0.1134509, -0.2970941, -0.9480845), (0.18718311, -0.4396288, -0.8784583), (-0.20097907, -0.5820172, -0.787949), (0.10605841, -0.16011, -0.98138505), (0.18229438, -0.30977497, -0.93317115), (0.1134509, -0.2970941, -0.9480845), (-0.20097907, -0.5820172, -0.787949), (-0.26431492, -0.45703197, -0.8492699), (0.1134509, -0.2970941, -0.9480845), (0.1134509, -0.2970941, -0.9480845), (0.035250396, -0.14806284, -0.9883496), (0.10605841, -0.16011, -0.98138505), (0.035250396, -0.14806284, -0.9883496), (0.1134509, -0.2970941, -0.9480845), (-0.26431492, -0.45703197, -0.8492699), (0.02664061, -0.006542467, -0.99962366), (0.10605841, -0.16011, -0.98138505), (0.035250396, -0.14806284, -0.9883496), (-0.26431492, -0.45703197, -0.8492699), (-0.33197784, -0.32368374, -0.8860133), (0.035250396, -0.14806284, -0.9883496), (0.035250396, -0.14806284, -0.9883496), (-0.044818126, 0.006168625, -0.9989762), (0.02664061, -0.006542467, -0.99962366), (-0.044818126, 0.006168625, -0.9989762), (0.035250396, -0.14806284, -0.9883496), (-0.33197784, -0.32368374, -0.8860133), (-0.0543651, 0.14781842, -0.9875192), (0.02664061, -0.006542467, -0.99962366), (-0.044818126, 0.006168625, -0.9989762), (-0.33197784, -0.32368374, -0.8860133), (-0.40264267, -0.1876191, -0.8959231), (-0.044818126, 0.006168625, -0.9989762), (-0.044818126, 0.006168625, -0.9989762), (-0.12521575, 0.15882382, -0.9793345), (-0.0543651, 0.14781842, -0.9875192), (-0.12521575, 0.15882382, -0.9793345), (-0.044818126, 0.006168625, -0.9989762), (-0.40264267, -0.1876191, -0.8959231), (-0.1336735, 0.29672253, -0.9455619), (-0.0543651, 0.14781842, -0.9875192), (-0.12521575, 0.15882382, -0.9793345), (-0.40264267, -0.1876191, -0.8959231), (-0.47360715, -0.05273695, -0.8791559), (-0.12521575, 0.15882382, -0.9793345), (-0.12521575, 0.15882382, -0.9793345), (-0.2039353, 0.306037, -0.92992026), (-0.1336735, 0.29672253, -0.9455619), (-0.2039353, 0.306037, -0.92992026), (-0.12521575, 0.15882382, -0.9793345), (-0.47360715, -0.05273695, -0.8791559), (-0.20967819, 0.43716252, -0.8745994), (-0.1336735, 0.29672253, -0.9455619), (-0.2039353, 0.306037, -0.92992026), (-0.47360715, -0.05273695, -0.8791559), (-0.54248446, 0.07690142, -0.8365386), (-0.2039353, 0.306037, -0.92992026), (-0.2039353, 0.306037, -0.92992026), (-0.27496856, 0.44423676, -0.8526699), (-0.20967819, 0.43716252, -0.8745994), (-0.27496856, 0.44423676, -0.8526699), (-0.2039353, 0.306037, -0.92992026), (-0.54248446, 0.07690142, -0.8365386), (-0.54248446, 0.07690142, -0.8365386), (-0.60831034, 0.1979227, -0.7686255), (-0.27496856, 0.44423676, -0.8526699), (-0.34112695, 0.67303383, -0.6562453), (-0.27929464, 0.5634545, -0.7775048), (-0.342442, 0.5675548, -0.7487423), (-0.342442, 0.5675548, -0.7487423), (-0.404157, 0.6699218, -0.62278575), (-0.34112695, 0.67303383, -0.6562453), (-0.404157, 0.6699218, -0.62278575), (-0.342442, 0.5675548, -0.7487423), (-0.66886955, 0.30571628, -0.677607), (-0.39267525, 0.7614651, -0.51572967), (-0.34112695, 0.67303383, -0.6562453), (-0.404157, 0.6699218, -0.62278575), (-0.66886955, 0.30571628, -0.677607), (-0.7212105, 0.3981922, -0.5668319), (-0.404157, 0.6699218, -0.62278575), (-0.404157, 0.6699218, -0.62278575), (-0.45395896, 0.7519428, -0.4780201), (-0.39267525, 0.7614651, -0.51572967), (-0.45395896, 0.7519428, -0.4780201), (-0.404157, 0.6699218, -0.62278575), (-0.7212105, 0.3981922, -0.5668319), (-0.43288958, 0.8269656, -0.3587961), (-0.39267525, 0.7614651, -0.51572967), (-0.45395896, 0.7519428, -0.4780201), (-0.7212105, 0.3981922, -0.5668319), (-0.76449674, 0.47222126, -0.43880728), (-0.45395896, 0.7519428, -0.4780201), (-0.45395896, 0.7519428, -0.4780201), (-0.49079534, 0.8108269, -0.31887248), (-0.43288958, 0.8269656, -0.3587961), (-0.49079534, 0.8108269, -0.31887248), (-0.45395896, 0.7519428, -0.4780201), (-0.76449674, 0.47222126, -0.43880728), (-0.4601371, 0.86688304, -0.19180132), (-0.43288958, 0.8269656, -0.3587961), (-0.49079534, 0.8108269, -0.31887248), (-0.76449674, 0.47222126, -0.43880728), (-0.79722965, 0.52470726, -0.2985085), (-0.49079534, 0.8108269, -0.31887248), (-0.49079534, 0.8108269, -0.31887248), (-0.5147247, 0.8441889, -0.14967883), (-0.4601371, 0.86688304, -0.19180132), (-0.5147247, 0.8441889, -0.14967883), (-0.49079534, 0.8108269, -0.31887248), (-0.79722965, 0.52470726, -0.2985085), (-0.4738782, 0.88040406, -0.018121667), (-0.4601371, 0.86688304, -0.19180132), (-0.5147247, 0.8441889, -0.14967883), (-0.79722965, 0.52470726, -0.2985085), (-0.81860816, 0.5546001, -0.14933012), (-0.5147247, 0.8441889, -0.14967883), (-0.5147247, 0.8441889, -0.14967883), (-0.5248591, 0.8508636, 0.02354061), (-0.4738782, 0.88040406, -0.018121667), (-0.5248591, 0.8508636, 0.02354061), (-0.5147247, 0.8441889, -0.14967883), (-0.81860816, 0.5546001, -0.14933012), (-0.47354263, 0.8669884, 0.15520494), (-0.4738782, 0.88040406, -0.018121667), (-0.5248591, 0.8508636, 0.02354061), (-0.81860816, 0.5546001, -0.14933012), (-0.827791, 0.5610252, 0.0035881246), (-0.5248591, 0.8508636, 0.02354061), (-0.5248591, 0.8508636, 0.02354061), (-0.520976, 0.83066416, 0.19642045), (-0.47354263, 0.8669884, 0.15520494), (-0.520976, 0.83066416, 0.19642045), (-0.5248591, 0.8508636, 0.02354061), (-0.827791, 0.5610252, 0.0035881246), (-0.459147, 0.82690305, 0.32467756), (-0.47354263, 0.8669884, 0.15520494), (-0.520976, 0.83066416, 0.19642045), (-0.827791, 0.5610252, 0.0035881246), (-0.8246525, 0.5436422, 0.15620972), (-0.520976, 0.83066416, 0.19642045), (-0.520976, 0.83066416, 0.19642045), (-0.5031948, 0.7843193, 0.36282003), (-0.459147, 0.82690305, 0.32467756), (-0.5031948, 0.7843193, 0.36282003), (-0.520976, 0.83066416, 0.19642045), (-0.8246525, 0.5436422, 0.15620972), (-0.43127474, 0.76176846, 0.48343667), (-0.459147, 0.82690305, 0.32467756), (-0.5031948, 0.7843193, 0.36282003), (-0.8246525, 0.5436422, 0.15620972), (-0.80901796, 0.5038701, 0.30266288), (-0.5031948, 0.7843193, 0.36282003), (-0.5031948, 0.7843193, 0.36282003), (-0.46894863, 0.71491086, 0.51864237), (-0.43127474, 0.76176846, 0.48343667), (-0.46894863, 0.71491086, 0.51864237), (-0.5031948, 0.7843193, 0.36282003), (-0.80901796, 0.5038701, 0.30266288), (-0.80901796, 0.5038701, 0.30266288), (-0.7818814, 0.44070017, 0.44095904), (-0.46894863, 0.71491086, 0.51864237), (-0.3904776, 0.67291343, 0.6282633), (-0.43127474, 0.76176846, 0.48343667), (-0.46894863, 0.71491086, 0.51864237), (-0.46894863, 0.71491086, 0.51864237), (-0.42670768, 0.6197651, 0.6586439), (-0.3904776, 0.67291343, 0.6282633), (-0.42670768, 0.6197651, 0.6586439), (-0.46894863, 0.71491086, 0.51864237), (-0.7818814, 0.44070017, 0.44095904), (-0.33841968, 0.5639228, 0.7533016), (-0.3904776, 0.67291343, 0.6282633), (-0.42670768, 0.6197651, 0.6586439), (-0.7818814, 0.44070017, 0.44095904), (-0.7469989, 0.3523329, 0.5637857), (-0.42670768, 0.6197651, 0.6586439), (-0.42670768, 0.6197651, 0.6586439), (-0.38024414, 0.500837, 0.77754533), (-0.33841968, 0.5639228, 0.7533016), (-0.38024414, 0.500837, 0.77754533), (-0.42670768, 0.6197651, 0.6586439), (-0.7469989, 0.3523329, 0.5637857), (-0.7469989, 0.3523329, 0.5637857), (-0.83565366, 0.0652174, 0.5453711), (-0.38024414, 0.500837, 0.77754533), (-0.27615145, 0.43700722, 0.85601705), (-0.33841968, 0.5639228, 0.7533016), (-0.38024414, 0.500837, 0.77754533), (-0.38024414, 0.500837, 0.77754533), (-0.32671842, 0.36537042, 0.871642), (-0.27615145, 0.43700722, 0.85601705), (-0.32671842, 0.36537042, 0.871642), (-0.38024414, 0.500837, 0.77754533), (-0.83565366, 0.0652174, 0.5453711), (-0.20620261, 0.29729939, 0.93225193), (-0.27615145, 0.43700722, 0.85601705), (-0.32671842, 0.36537042, 0.871642), (-0.83565366, 0.0652174, 0.5453711), (-0.7922587, -0.020973152, 0.60982484), (-0.32671842, 0.36537042, 0.871642), (-0.32671842, 0.36537042, 0.871642), (-0.25903198, 0.2220258, 0.94000375), (-0.20620261, 0.29729939, 0.93225193), (-0.25903198, 0.2220258, 0.94000375), (-0.32671842, 0.36537042, 0.871642), (-0.7922587, -0.020973152, 0.60982484), (-0.12997168, 0.147633, 0.98046523), (-0.20620261, 0.29729939, 0.93225193), (-0.25903198, 0.2220258, 0.94000375), (-0.7922587, -0.020973152, 0.60982484), (-0.74005324, -0.1251017, 0.66081077), (-0.25903198, 0.2220258, 0.94000375), (-0.25903198, 0.2220258, 0.94000375), (-0.18231168, 0.07201762, 0.9805998), (-0.12997168, 0.147633, 0.98046523), (-0.18231168, 0.07201762, 0.9805998), (-0.25903198, 0.2220258, 0.94000375), (-0.74005324, -0.1251017, 0.66081077), (-0.050547495, -0.0059308726, 0.998704), (-0.12997168, 0.147633, 0.98046523), (-0.18231168, 0.07201762, 0.9805998), (-0.74005324, -0.1251017, 0.66081077), (-0.68435365, -0.2339715, 0.6905921), (-0.18231168, 0.07201762, 0.9805998), (-0.18231168, 0.07201762, 0.9805998), (-0.102433585, -0.0818958, 0.99136305), (-0.050547495, -0.0059308726, 0.998704), (-0.102433585, -0.0818958, 0.99136305), (-0.18231168, 0.07201762, 0.9805998), (-0.68435365, -0.2339715, 0.6905921), (0.030454058, -0.16029392, 0.98659945), (-0.050547495, -0.0059308726, 0.998704), (-0.102433585, -0.0818958, 0.99136305), (-0.68435365, -0.2339715, 0.6905921), (-0.62641174, -0.34571505, 0.698634), (-0.102433585, -0.0818958, 0.99136305), (-0.102433585, -0.0818958, 0.99136305), (-0.022174625, -0.23427042, 0.97191864), (0.030454058, -0.16029392, 0.98659945), (-0.022174625, -0.23427042, 0.97191864), (-0.102433585, -0.0818958, 0.99136305), (-0.62641174, -0.34571505, 0.698634), (0.10975673, -0.3092005, 0.944642), (0.030454058, -0.16029392, 0.98659945), (-0.022174625, -0.23427042, 0.97191864), (-0.62641174, -0.34571505, 0.698634), (-0.56808627, -0.45639178, 0.6848246), (-0.022174625, -0.23427042, 0.97191864), (-0.022174625, -0.23427042, 0.97191864), (0.056379784, -0.38123092, 0.9227592), (0.10975673, -0.3092005, 0.944642), (0.056379784, -0.38123092, 0.9227592), (-0.022174625, -0.23427042, 0.97191864), (-0.56808627, -0.45639178, 0.6848246), (0.18576023, -0.44964227, 0.873679), (0.10975673, -0.3092005, 0.944642), (0.056379784, -0.38123092, 0.9227592), (-0.56808627, -0.45639178, 0.6848246), (-0.5187626, -0.55887866, 0.6469467), (0.056379784, -0.38123092, 0.9227592), (0.056379784, -0.38123092, 0.9227592), (0.14732823, -0.5083101, 0.84847826), (0.18576023, -0.44964227, 0.873679), (0.14732823, -0.5083101, 0.84847826), (0.056379784, -0.38123092, 0.9227592), (-0.5187626, -0.55887866, 0.6469467), (-0.5187626, -0.55887866, 0.6469467), (-0.17688258, -0.62892157, 0.7570802), (0.14732823, -0.5083101, 0.84847826), (0.25301546, -0.6957935, -0.6722013), (0.19559668, -0.5823361, -0.7890671), (0.021191027, -0.6700792, -0.7419871), (0.021191027, -0.6700792, -0.7419871), (0.06632596, -0.7771782, -0.62577546), (0.25301546, -0.6957935, -0.6722013), (0.29971132, -0.79003346, -0.5348088), (0.25301546, -0.6957935, -0.6722013), (0.06632596, -0.7771782, -0.62577546), (0.06632596, -0.7771782, -0.62577546), (0.021191027, -0.6700792, -0.7419871), (-0.5546551, -0.6953472, -0.4570011), (-0.5546551, -0.6953472, -0.4570011), (-0.5156739, -0.7607764, -0.39408106), (0.06632596, -0.7771782, -0.62577546), (0.06632596, -0.7771782, -0.62577546), (0.102269694, -0.8651749, -0.4909311), (0.29971132, -0.79003346, -0.5348088), (0.3319414, -0.86306125, -0.38071007), (0.29971132, -0.79003346, -0.5348088), (0.102269694, -0.8651749, -0.4909311), (0.102269694, -0.8651749, -0.4909311), (0.06632596, -0.7771782, -0.62577546), (-0.5156739, -0.7607764, -0.39408106), (-0.5156739, -0.7607764, -0.39408106), (-0.49123093, -0.81307596, -0.31240946), (0.102269694, -0.8651749, -0.4909311), (0.102269694, -0.8651749, -0.4909311), (0.13064949, -0.93044645, -0.34234533), (0.3319414, -0.86306125, -0.38071007), (0.35072172, -0.9112328, -0.21598382), (0.3319414, -0.86306125, -0.38071007), (0.13064949, -0.93044645, -0.34234533), (0.13064949, -0.93044645, -0.34234533), (0.102269694, -0.8651749, -0.4909311), (-0.49123093, -0.81307596, -0.31240946), (-0.49123093, -0.81307596, -0.31240946), (-0.47485414, -0.85149914, -0.22240214), (0.13064949, -0.93044645, -0.34234533), (0.13064949, -0.93044645, -0.34234533), (0.1381554, -0.9731437, -0.18413198), (0.35072172, -0.9112328, -0.21598382), (0.3557437, -0.93354934, -0.04395536), (0.35072172, -0.9112328, -0.21598382), (0.1381554, -0.9731437, -0.18413198), (0.1381554, -0.9731437, -0.18413198), (0.13064949, -0.93044645, -0.34234533), (-0.47485414, -0.85149914, -0.22240214), (-0.47485414, -0.85149914, -0.22240214), (-0.4664084, -0.8755046, -0.12631279), (0.1381554, -0.9731437, -0.18413198), (0.1381554, -0.9731437, -0.18413198), (0.12503038, -0.99191266, -0.021833055), (0.3557437, -0.93354934, -0.04395536), (0.3468029, -0.92910665, 0.1284085), (0.3557437, -0.93354934, -0.04395536), (0.12503038, -0.99191266, -0.021833055), (0.12503038, -0.99191266, -0.021833055), (0.1381554, -0.9731437, -0.18413198), (-0.4664084, -0.8755046, -0.12631279), (-0.4664084, -0.8755046, -0.12631279), (-0.46455494, -0.88512653, -0.027200993), (0.12503038, -0.99191266, -0.021833055), (0.12503038, -0.99191266, -0.021833055), (0.11985197, -0.9824125, 0.14318256), (0.3468029, -0.92910665, 0.1284085), (0.32406297, -0.89800185, 0.29761708), (0.3468029, -0.92910665, 0.1284085), (0.11985197, -0.9824125, 0.14318256), (0.11985197, -0.9824125, 0.14318256), (0.12503038, -0.99191266, -0.021833055), (-0.46455494, -0.88512653, -0.027200993), (-0.46455494, -0.88512653, -0.027200993), (-0.47087795, -0.87920004, 0.07267256), (0.11985197, -0.9824125, 0.14318256), (0.11985197, -0.9824125, 0.14318256), (0.109765105, -0.94641584, 0.30372488), (0.32406297, -0.89800185, 0.29761708), (0.28844675, -0.84149426, 0.45682168), (0.32406297, -0.89800185, 0.29761708), (0.109765105, -0.94641584, 0.30372488), (0.109765105, -0.94641584, 0.30372488), (0.11985197, -0.9824125, 0.14318256), (-0.47087795, -0.87920004, 0.07267256), (-0.47087795, -0.87920004, 0.07267256), (-0.48613375, -0.85765755, 0.16762297), (0.109765105, -0.94641584, 0.30372488), (0.109765105, -0.94641584, 0.30372488), (0.07767629, -0.8877027, 0.45381767), (0.28844675, -0.84149426, 0.45682168), (0.24070872, -0.7607111, 0.6028084), (0.28844675, -0.84149426, 0.45682168), (0.07767629, -0.8877027, 0.45381767), (0.07767629, -0.8877027, 0.45381767), (0.109765105, -0.94641584, 0.30372488), (-0.48613375, -0.85765755, 0.16762297), (-0.48613375, -0.85765755, 0.16762297), (-0.5086289, -0.8217246, 0.25703183), (0.07767629, -0.8877027, 0.45381767), (0.07767629, -0.8877027, 0.45381767), (0.030785684, -0.80636907, 0.5906108), (0.24070872, -0.7607111, 0.6028084), (0.17806329, -0.660606, 0.72931015), (0.24070872, -0.7607111, 0.6028084), (0.030785684, -0.80636907, 0.5906108), (0.030785684, -0.80636907, 0.5906108), (-0.017256094, -0.703421, 0.710564), (0.17806329, -0.660606, 0.72931015), (0.030785684, -0.80636907, 0.5906108), (0.07767629, -0.8877027, 0.45381767), (-0.5086289, -0.8217246, 0.25703183), (-0.5086289, -0.8217246, 0.25703183), (-0.54159904, -0.77093405, 0.33515877), (0.030785684, -0.80636907, 0.5906108), (-0.017256094, -0.703421, 0.710564), (0.030785684, -0.80636907, 0.5906108), (-0.54159904, -0.77093405, 0.33515877), (-0.54159904, -0.77093405, 0.33515877), (-0.5805452, -0.7089453, 0.40045482), (-0.017256094, -0.703421, 0.710564), (0.042333916, -0.40350613, 0.9139971), (0.11360365, -0.5395298, 0.83426726), (-0.08739428, -0.5879513, 0.8041615), (-0.08739428, -0.5879513, 0.8041615), (-0.19180574, -0.46079066, 0.8665348), (0.042333916, -0.40350613, 0.9139971), (-0.006894543, -0.24571173, 0.96931845), (0.042333916, -0.40350613, 0.9139971), (-0.19180574, -0.46079066, 0.8665348), (-0.19180574, -0.46079066, 0.8665348), (-0.19624098, -0.2891153, 0.9369642), (-0.006894543, -0.24571173, 0.96931845), (-0.06906424, -0.08176484, 0.9942559), (-0.006894543, -0.24571173, 0.96931845), (-0.19624098, -0.2891153, 0.9369642), (-0.08739428, -0.5879513, 0.8041615), (-0.017256094, -0.703421, 0.710564), (-0.5805452, -0.7089453, 0.40045482), (-0.5805452, -0.7089453, 0.40045482), (-0.6114656, -0.64049554, 0.46462402), (-0.08739428, -0.5879513, 0.8041615), (-0.19180574, -0.46079066, 0.8665348), (-0.08739428, -0.5879513, 0.8041615), (-0.6114656, -0.64049554, 0.46462402), (-0.6114656, -0.64049554, 0.46462402), (-0.690658, -0.5722055, 0.4422357), (-0.19180574, -0.46079066, 0.8665348), (-0.6250342, -0.47194082, 0.621775), (-0.19180574, -0.46079066, 0.8665348), (-0.690658, -0.5722055, 0.4422357), (-0.19180574, -0.46079066, 0.8665348), (-0.6250342, -0.47194082, 0.621775), (-0.19624098, -0.2891153, 0.9369642), (-0.30700943, -0.17915012, 0.9346928), (-0.19624098, -0.2891153, 0.9369642), (-0.6250342, -0.47194082, 0.621775), (-0.19624098, -0.2891153, 0.9369642), (-0.30700943, -0.17915012, 0.9346928), (-0.06906424, -0.08176484, 0.9942559), (-0.6250342, -0.47194082, 0.621775), (-0.70481986, -0.3673574, 0.60685873), (-0.30700943, -0.17915012, 0.9346928), (-0.1494011, 0.07280241, 0.9860929), (-0.06906424, -0.08176484, 0.9942559), (-0.30700943, -0.17915012, 0.9346928), (-0.38066128, -0.02299869, 0.9244285), (-0.30700943, -0.17915012, 0.9346928), (-0.70481986, -0.3673574, 0.60685873), (-0.30700943, -0.17915012, 0.9346928), (-0.38066128, -0.02299869, 0.9244285), (-0.1494011, 0.07280241, 0.9860929), (-0.70481986, -0.3673574, 0.60685873), (-0.7658345, -0.27308086, 0.5821721), (-0.38066128, -0.02299869, 0.9244285), (-0.2613289, 0.20657738, 0.9428856), (-0.1494011, 0.07280241, 0.9860929), (-0.38066128, -0.02299869, 0.9244285), (-0.45575616, 0.1170942, 0.8823692), (-0.38066128, -0.02299869, 0.9244285), (-0.7658345, -0.27308086, 0.5821721), (-0.38066128, -0.02299869, 0.9244285), (-0.45575616, 0.1170942, 0.8823692), (-0.2613289, 0.20657738, 0.9428856), (-0.7658345, -0.27308086, 0.5821721), (-0.8331377, -0.21062197, 0.51139015), (-0.45575616, 0.1170942, 0.8823692), (-0.3444749, 0.34081295, 0.8747477), (-0.2613289, 0.20657738, 0.9428856), (-0.45575616, 0.1170942, 0.8823692), (-0.45575616, 0.1170942, 0.8823692), (-0.52895015, 0.24871582, 0.81138915), (-0.3444749, 0.34081295, 0.8747477), (-0.40887454, 0.47112888, 0.78157485), (-0.3444749, 0.34081295, 0.8747477), (-0.52895015, 0.24871582, 0.81138915), (-0.52895015, 0.24871582, 0.81138915), (-0.5815237, 0.37952298, 0.71957797), (-0.40887454, 0.47112888, 0.78157485), (-0.52895015, 0.24871582, 0.81138915), (-0.45575616, 0.1170942, 0.8823692), (-0.8331377, -0.21062197, 0.51139015), (-0.8331377, -0.21062197, 0.51139015), (-0.8747949, -0.13461833, 0.46541592), (-0.52895015, 0.24871582, 0.81138915), (-0.5815237, 0.37952298, 0.71957797), (-0.52895015, 0.24871582, 0.81138915), (-0.8747949, -0.13461833, 0.46541592), (-0.8747949, -0.13461833, 0.46541592), (-0.913077, -0.06883498, 0.40193558), (-0.5815237, 0.37952298, 0.71957797), (-0.47125202, 0.58211875, 0.6626155), (-0.40887454, 0.47112888, 0.78157485), (-0.5815237, 0.37952298, 0.71957797), (-0.5815237, 0.37952298, 0.71957797), (-0.6287147, 0.48707393, 0.6061988), (-0.47125202, 0.58211875, 0.6626155), (-0.51193357, 0.67843074, 0.5269308), (-0.47125202, 0.58211875, 0.6626155), (-0.6287147, 0.48707393, 0.6061988), (-0.6287147, 0.48707393, 0.6061988), (-0.6774377, 0.56657404, 0.46911845), (-0.51193357, 0.67843074, 0.5269308), (-0.6287147, 0.48707393, 0.6061988), (-0.5815237, 0.37952298, 0.71957797), (-0.913077, -0.06883498, 0.40193558), (-0.913077, -0.06883498, 0.40193558), (-0.9446886, -0.015787246, 0.32758883), (-0.6287147, 0.48707393, 0.6061988), (-0.5407915, 0.7540929, 0.37267765), (-0.51193357, 0.67843074, 0.5269308), (-0.6774377, 0.56657404, 0.46911845), (-0.6774377, 0.56657404, 0.46911845), (-0.70846516, 0.6289694, 0.32011703), (-0.5407915, 0.7540929, 0.37267765), (-0.5595925, 0.80225515, 0.20794924), (-0.5407915, 0.7540929, 0.37267765), (-0.70846516, 0.6289694, 0.32011703), (-0.70846516, 0.6289694, 0.32011703), (-0.7296093, 0.6645498, 0.16138048), (-0.5595925, 0.80225515, 0.20794924), (-0.5646211, 0.8245683, 0.035920512), (-0.5595925, 0.80225515, 0.20794924), (-0.7296093, 0.6645498, 0.16138048), (-0.6774377, 0.56657404, 0.46911845), (-0.6287147, 0.48707393, 0.6061988), (-0.9446886, -0.015787246, 0.32758883), (-0.9446886, -0.015787246, 0.32758883), (-0.9650624, 0.052479077, 0.25671136), (-0.6774377, 0.56657404, 0.46911845), (-0.70846516, 0.6289694, 0.32011703), (-0.6774377, 0.56657404, 0.46911845), (-0.9650624, 0.052479077, 0.25671136), (-0.9650624, 0.052479077, 0.25671136), (-0.98181015, 0.0914891, 0.1663691), (-0.70846516, 0.6289694, 0.32011703), (-0.7296093, 0.6645498, 0.16138048), (-0.70846516, 0.6289694, 0.32011703), (-0.98181015, 0.0914891, 0.1663691), (-0.98181015, 0.0914891, 0.1663691), (-0.99085695, 0.115181595, 0.070256166), (-0.7296093, 0.6645498, 0.16138048), (-0.7296093, 0.6645498, 0.16138048), (-0.74266446, 0.669661, -0.001924492), (-0.5646211, 0.8245683, 0.035920512), (-0.74266446, 0.669661, -0.001924492), (-0.7296093, 0.6645498, 0.16138048), (-0.99085695, 0.115181595, 0.070256166), (-0.99085695, 0.115181595, 0.070256166), (-0.991696, 0.12533465, -0.028816056), (-0.74266446, 0.669661, -0.001924492), (-0.55568117, 0.8201238, -0.1364385), (-0.5646211, 0.8245683, 0.035920512), (-0.74266446, 0.669661, -0.001924492), (-0.74266446, 0.669661, -0.001924492), (-0.72785836, 0.6651892, -0.1665697), (-0.55568117, 0.8201238, -0.1364385), (-0.72785836, 0.6651892, -0.1665697), (-0.74266446, 0.669661, -0.001924492), (-0.991696, 0.12533465, -0.028816056), (-0.991696, 0.12533465, -0.028816056), (-0.98441344, 0.1199103, -0.12865381), (-0.72785836, 0.6651892, -0.1665697), (-0.53291464, 0.7890354, -0.30565557), (-0.55568117, 0.8201238, -0.1364385), (-0.72785836, 0.6651892, -0.1665697), (-0.72785836, 0.6651892, -0.1665697), (-0.69442475, 0.6413713, -0.32621658), (-0.53291464, 0.7890354, -0.30565557), (-0.69442475, 0.6413713, -0.32621658), (-0.72785836, 0.6651892, -0.1665697), (-0.98441344, 0.1199103, -0.12865381), (-0.98441344, 0.1199103, -0.12865381), (-0.9697297, 0.098066375, -0.22362348), (-0.69442475, 0.6413713, -0.32621658), (-0.49734518, 0.73249894, -0.4648581), (-0.53291464, 0.7890354, -0.30565557), (-0.69442475, 0.6413713, -0.32621658), (-0.69442475, 0.6413713, -0.32621658), (-0.65557224, 0.58618104, -0.47604308), (-0.49734518, 0.73249894, -0.4648581), (-0.65557224, 0.58618104, -0.47604308), (-0.69442475, 0.6413713, -0.32621658), (-0.9697297, 0.098066375, -0.22362348), (-0.9697297, 0.098066375, -0.22362348), (-0.94771546, 0.06188946, -0.31305784), (-0.65557224, 0.58618104, -0.47604308), (-0.44958717, 0.6517262, -0.61083907), (-0.49734518, 0.73249894, -0.4648581), (-0.65557224, 0.58618104, -0.47604308), (-0.65557224, 0.58618104, -0.47604308), (-0.60740787, 0.5055151, -0.612789), (-0.44958717, 0.6517262, -0.61083907), (-0.3956325, 0.54709166, -0.73767585), (-0.44958717, 0.6517262, -0.61083907), (-0.60740787, 0.5055151, -0.612789), (-0.60740787, 0.5055151, -0.612789), (-0.54321134, 0.41099784, -0.7321217), (-0.3956325, 0.54709166, -0.73767585), (-0.60740787, 0.5055151, -0.612789), (-0.65557224, 0.58618104, -0.47604308), (-0.94771546, 0.06188946, -0.31305784), (-0.94771546, 0.06188946, -0.31305784), (-0.92018825, 0.008253138, -0.3913891), (-0.60740787, 0.5055151, -0.612789), (-0.54321134, 0.41099784, -0.7321217), (-0.60740787, 0.5055151, -0.612789), (-0.92018825, 0.008253138, -0.3913891), (-0.92018825, 0.008253138, -0.3913891), (-0.8876679, -0.0570912, -0.45693144), (-0.54321134, 0.41099784, -0.7321217), (0.31723693, -0.6854977, 0.65532714), (0.25539204, -0.5759255, 0.77658534), (0.22220562, -0.63025784, 0.7439084), (0.22220562, -0.63025784, 0.7439084), (0.2742432, -0.7371411, 0.6175871), (0.31723693, -0.6854977, 0.65532714), (0.2742432, -0.7371411, 0.6175871), (0.22220562, -0.63025784, 0.7439084), (-0.17207363, -0.7453148, 0.64412475), (0.36877692, -0.7739361, 0.5148075), (0.31723693, -0.6854977, 0.65532714), (0.2742432, -0.7371411, 0.6175871), (-0.17207363, -0.7453148, 0.64412475), (-0.11912113, -0.8376923, 0.5329932), (0.2742432, -0.7371411, 0.6175871), (0.2742432, -0.7371411, 0.6175871), (0.3201587, -0.8207167, 0.47320464), (0.36877692, -0.7739361, 0.5148075), (0.3201587, -0.8207167, 0.47320464), (0.2742432, -0.7371411, 0.6175871), (-0.11912113, -0.8376923, 0.5329932), (0.4089834, -0.8394382, 0.35787717), (0.36877692, -0.7739361, 0.5148075), (0.3201587, -0.8207167, 0.47320464), (-0.11912113, -0.8376923, 0.5329932), (-0.07495841, -0.9115289, 0.40434688), (0.3201587, -0.8207167, 0.47320464), (0.3201587, -0.8207167, 0.47320464), (0.35703945, -0.87965745, 0.3142063), (0.4089834, -0.8394382, 0.35787717), (0.35703945, -0.87965745, 0.3142063), (0.3201587, -0.8207167, 0.47320464), (-0.07495841, -0.9115289, 0.40434688), (0.43622753, -0.87935734, 0.190883), (0.4089834, -0.8394382, 0.35787717), (0.35703945, -0.87965745, 0.3142063), (-0.07495841, -0.9115289, 0.40434688), (-0.06148391, -0.9633835, 0.2609827), (0.35703945, -0.87965745, 0.3142063), (0.35703945, -0.87965745, 0.3142063), (0.40278825, -0.90334237, 0.14742585), (0.43622753, -0.87935734, 0.190883), (0.40278825, -0.90334237, 0.14742585), (0.35703945, -0.87965745, 0.3142063), (-0.06148391, -0.9633835, 0.2609827), (0.44996074, -0.89288276, 0.01720164), (0.43622753, -0.87935734, 0.190883), (0.40278825, -0.90334237, 0.14742585), (-0.06148391, -0.9633835, 0.2609827), (0.13310786, -0.9829644, 0.12674126), (0.40278825, -0.90334237, 0.14742585), (-0.06148391, -0.9633835, 0.2609827), (-0.5340298, -0.84406275, 0.048686836), (0.13310786, -0.9829644, 0.12674126), (0.40278825, -0.90334237, 0.14742585), (0.42488053, -0.90476054, -0.029747084), (0.44996074, -0.89288276, 0.01720164), (0.42488053, -0.90476054, -0.029747084), (0.40278825, -0.90334237, 0.14742585), (0.13310786, -0.9829644, 0.12674126), (0.44962803, -0.8794647, -0.15612994), (0.44996074, -0.89288276, 0.01720164), (0.42488053, -0.90476054, -0.029747084), (0.078367956, -0.9964685, -0.030150367), (0.13310786, -0.9829644, 0.12674126), (-0.5340298, -0.84406275, 0.048686836), (0.13310786, -0.9829644, 0.12674126), (0.078367956, -0.9964685, -0.030150367), (0.42488053, -0.90476054, -0.029747084), (-0.5340298, -0.84406275, 0.048686836), (-0.5432572, -0.8386182, -0.039891582), (0.078367956, -0.9964685, -0.030150367), (0.42488053, -0.90476054, -0.029747084), (0.4208012, -0.884171, -0.20289896), (0.44962803, -0.8794647, -0.15612994), (0.4208012, -0.884171, -0.20289896), (0.42488053, -0.90476054, -0.029747084), (0.078367956, -0.9964685, -0.030150367), (0.43524483, -0.8393719, -0.32560214), (0.44962803, -0.8794647, -0.15612994), (0.4208012, -0.884171, -0.20289896), (0.07140749, -0.9780153, -0.19592619), (0.078367956, -0.9964685, -0.030150367), (-0.5432572, -0.8386182, -0.039891582), (0.078367956, -0.9964685, -0.030150367), (0.07140749, -0.9780153, -0.19592619), (0.4208012, -0.884171, -0.20289896), (-0.5432572, -0.8386182, -0.039891582), (-0.57131505, -0.81269914, -0.11454007), (0.07140749, -0.9780153, -0.19592619), (0.4208012, -0.884171, -0.20289896), (0.37976968, -0.8475465, -0.37072912), (0.43524483, -0.8393719, -0.32560214), (0.37976968, -0.8475465, -0.37072912), (0.4208012, -0.884171, -0.20289896), (0.07140749, -0.9780153, -0.19592619), (0.40737036, -0.77424204, -0.48435396), (0.43524483, -0.8393719, -0.32560214), (0.37976968, -0.8475465, -0.37072912), (-0.0055362377, -0.9394123, -0.34274504), (0.07140749, -0.9780153, -0.19592619), (-0.57131505, -0.81269914, -0.11454007), (0.07140749, -0.9780153, -0.19592619), (-0.0055362377, -0.9394123, -0.34274504), (0.37976968, -0.8475465, -0.37072912), (0.37976968, -0.8475465, -0.37072912), (0.33849508, -0.7824243, -0.5227173), (0.40737036, -0.77424204, -0.48435396), (0.33849508, -0.7824243, -0.5227173), (0.37976968, -0.8475465, -0.37072912), (-0.0055362377, -0.9394123, -0.34274504), (0.36657357, -0.6853823, -0.6291861), (0.40737036, -0.77424204, -0.48435396), (0.33849508, -0.7824243, -0.5227173), (-0.0055362377, -0.9394123, -0.34274504), (-0.058700666, -0.87782896, -0.4753637), (0.33849508, -0.7824243, -0.5227173), (0.33849508, -0.7824243, -0.5227173), (0.29502612, -0.68879366, -0.6622107), (0.36657357, -0.6853823, -0.6291861), (0.29502612, -0.68879366, -0.6622107), (0.33849508, -0.7824243, -0.5227173), (-0.058700666, -0.87782896, -0.4753637), (0.31452534, -0.5763924, -0.7542186), (0.36657357, -0.6853823, -0.6291861), (0.29502612, -0.68879366, -0.6622107), (0.29502612, -0.68879366, -0.6622107), (0.24565423, -0.57288206, -0.78195924), (0.31452534, -0.5763924, -0.7542186), (-0.058700666, -0.87782896, -0.4753637), (-0.09595118, -0.7958357, -0.597862), (0.29502612, -0.68879366, -0.6622107), (0.24565423, -0.57288206, -0.78195924), (0.29502612, -0.68879366, -0.6622107), (-0.09595118, -0.7958357, -0.597862), (-0.09595118, -0.7958357, -0.597862), (-0.14356151, -0.69602174, -0.70352244), (0.24565423, -0.57288206, -0.78195924), (0.18229307, -0.30977538, -0.9331712), (0.25225598, -0.44947505, -0.856936), (0.18718275, -0.43962997, -0.8784579), (0.18718275, -0.43962997, -0.8784579), (0.11344807, -0.2970934, -0.948085), (0.18229307, -0.30977538, -0.9331712), (0.11344807, -0.2970934, -0.948085), (0.18718275, -0.43962997, -0.8784579), (-0.20097552, -0.58201635, -0.7879504), (0.1060574, -0.16010883, -0.9813853), (0.18229307, -0.30977538, -0.9331712), (0.11344807, -0.2970934, -0.948085), (-0.20097552, -0.58201635, -0.7879504), (-0.2643144, -0.4570308, -0.84927076), (0.11344807, -0.2970934, -0.948085), (0.11344807, -0.2970934, -0.948085), (0.035250753, -0.14806269, -0.9883496), (0.1060574, -0.16010883, -0.9813853), (0.035250753, -0.14806269, -0.9883496), (0.11344807, -0.2970934, -0.948085), (-0.2643144, -0.4570308, -0.84927076), (0.026640628, -0.0065427064, -0.99962366), (0.1060574, -0.16010883, -0.9813853), (0.035250753, -0.14806269, -0.9883496), (-0.2643144, -0.4570308, -0.84927076), (-0.33197403, -0.32368273, -0.8860151), (0.035250753, -0.14806269, -0.9883496), (0.035250753, -0.14806269, -0.9883496), (-0.044817675, 0.006168924, -0.99897623), (0.026640628, -0.0065427064, -0.99962366), (-0.044817675, 0.006168924, -0.99897623), (0.035250753, -0.14806269, -0.9883496), (-0.33197403, -0.32368273, -0.8860151), (-0.054363575, 0.14781871, -0.9875192), (0.026640628, -0.0065427064, -0.99962366), (-0.044817675, 0.006168924, -0.99897623), (-0.33197403, -0.32368273, -0.8860151), (-0.40264264, -0.18761915, -0.8959231), (-0.044817675, 0.006168924, -0.99897623), (-0.044817675, 0.006168924, -0.99897623), (-0.12521438, 0.1588236, -0.9793347), (-0.054363575, 0.14781871, -0.9875192), (-0.12521438, 0.1588236, -0.9793347), (-0.044817675, 0.006168924, -0.99897623), (-0.40264264, -0.18761915, -0.8959231), (-0.1336733, 0.2967214, -0.94556224), (-0.054363575, 0.14781871, -0.9875192), (-0.12521438, 0.1588236, -0.9793347), (-0.40264264, -0.18761915, -0.8959231), (-0.4736064, -0.052736618, -0.8791563), (-0.12521438, 0.1588236, -0.9793347), (-0.12521438, 0.1588236, -0.9793347), (-0.203937, 0.30603644, -0.9299202), (-0.1336733, 0.2967214, -0.94556224), (-0.203937, 0.30603644, -0.9299202), (-0.12521438, 0.1588236, -0.9793347), (-0.4736064, -0.052736618, -0.8791563), (-0.20968038, 0.43716243, -0.874599), (-0.1336733, 0.2967214, -0.94556224), (-0.203937, 0.30603644, -0.9299202), (-0.4736064, -0.052736618, -0.8791563), (-0.5424827, 0.076902695, -0.8365396), (-0.203937, 0.30603644, -0.9299202), (-0.203937, 0.30603644, -0.9299202), (-0.27496505, 0.44423747, -0.8526707), (-0.20968038, 0.43716243, -0.874599), (-0.27496505, 0.44423747, -0.8526707), (-0.203937, 0.30603644, -0.9299202), (-0.5424827, 0.076902695, -0.8365396), (-0.5424827, 0.076902695, -0.8365396), (-0.6083083, 0.19792196, -0.7686273), (-0.27496505, 0.44423747, -0.8526707), (-0.2792888, 0.5634569, -0.7775052), (-0.20968038, 0.43716243, -0.874599), (-0.27496505, 0.44423747, -0.8526707), (-0.27496505, 0.44423747, -0.8526707), (-0.34243897, 0.5675575, -0.7487417), (-0.2792888, 0.5634569, -0.7775052), (-0.3411261, 0.67303675, -0.6562427), (-0.2792888, 0.5634569, -0.7775052), (-0.34243897, 0.5675575, -0.7487417), (-0.34243897, 0.5675575, -0.7487417), (-0.4041612, 0.669923, -0.62278175), (-0.3411261, 0.67303675, -0.6562427), (-0.4041612, 0.669923, -0.62278175), (-0.34243897, 0.5675575, -0.7487417), (-0.6688752, 0.30571386, -0.6776024), (-0.39268178, 0.76146346, -0.51572716), (-0.3411261, 0.67303675, -0.6562427), (-0.4041612, 0.669923, -0.62278175), (-0.6688752, 0.30571386, -0.6776024), (-0.7212017, 0.39820412, -0.5668347), (-0.4041612, 0.669923, -0.62278175), (-0.4041612, 0.669923, -0.62278175), (-0.4539548, 0.75194544, -0.4780201), (-0.39268178, 0.76146346, -0.51572716), (-0.4539548, 0.75194544, -0.4780201), (-0.4041612, 0.669923, -0.62278175), (-0.7212017, 0.39820412, -0.5668347), (-0.43288416, 0.8269666, -0.3588005), (-0.39268178, 0.76146346, -0.51572716), (-0.4539548, 0.75194544, -0.4780201), (-0.7212017, 0.39820412, -0.5668347), (-0.764482, 0.47223926, -0.43881366), (-0.4539548, 0.75194544, -0.4780201), (-0.4539548, 0.75194544, -0.4780201), (-0.49079004, 0.81082827, -0.3188773), (-0.43288416, 0.8269666, -0.3588005), (-0.49079004, 0.81082827, -0.3188773), (-0.4539548, 0.75194544, -0.4780201), (-0.764482, 0.47223926, -0.43881366), (-0.46013847, 0.8668813, -0.19180568), (-0.43288416, 0.8269666, -0.3588005), (-0.49079004, 0.81082827, -0.3188773), (-0.764482, 0.47223926, -0.43881366), (-0.7972279, 0.5247103, -0.29850778), (-0.49079004, 0.81082827, -0.3188773), (-0.49079004, 0.81082827, -0.3188773), (-0.51473075, 0.8441851, -0.14967899), (-0.46013847, 0.8668813, -0.19180568), (-0.51473075, 0.8441851, -0.14967899), (-0.49079004, 0.81082827, -0.3188773), (-0.7972279, 0.5247103, -0.29850778), (-0.47388855, 0.8803984, -0.018122064), (-0.46013847, 0.8668813, -0.19180568), (-0.51473075, 0.8441851, -0.14967899), (-0.7972279, 0.5247103, -0.29850778), (-0.81861204, 0.5545945, -0.14932944), (-0.51473075, 0.8441851, -0.14967899), (-0.51473075, 0.8441851, -0.14967899), (-0.5248659, 0.8508593, 0.02354107), (-0.47388855, 0.8803984, -0.018122064), (-0.5248659, 0.8508593, 0.02354107), (-0.51473075, 0.8441851, -0.14967899), (-0.81861204, 0.5545945, -0.14932944), (-0.47355187, 0.866983, 0.15520674), (-0.47388855, 0.8803984, -0.018122064), (-0.5248659, 0.8508593, 0.02354107), (-0.81861204, 0.5545945, -0.14932944), (-0.827511, 0.5614425, 0.00281673), (-0.5248659, 0.8508593, 0.02354107), (-0.5248659, 0.8508593, 0.02354107), (-0.51793814, 0.8325617, 0.19642124), (-0.47355187, 0.866983, 0.15520674), (-0.51793814, 0.8325617, 0.19642124), (-0.5248659, 0.8508593, 0.02354107), (-0.827511, 0.5614425, 0.00281673), (-0.827511, 0.5614425, 0.00281673), (-0.82464963, 0.5436468, 0.15620854), (-0.51793814, 0.8325617, 0.19642124), (-0.4591494, 0.82690066, 0.32468012), (-0.47355187, 0.866983, 0.15520674), (-0.51793814, 0.8325617, 0.19642124), (-0.51793814, 0.8325617, 0.19642124), (-0.50158525, 0.78503805, 0.36349365), (-0.4591494, 0.82690066, 0.32468012), (-0.390473, 0.67291546, 0.62826395), (-0.43127096, 0.76176906, 0.48343915), (-0.46894172, 0.7149142, 0.5186438), (-0.46894172, 0.7149142, 0.5186438), (-0.42670512, 0.61976653, 0.6586444), (-0.390473, 0.67291546, 0.62826395), (-0.42670512, 0.61976653, 0.6586444), (-0.46894172, 0.7149142, 0.5186438), (-0.7818844, 0.440694, 0.44096017), (-0.33841395, 0.5639271, 0.7533009), (-0.390473, 0.67291546, 0.62826395), (-0.42670512, 0.61976653, 0.6586444), (-0.7818844, 0.440694, 0.44096017), (-0.7469949, 0.35233775, 0.5637879), (-0.42670512, 0.61976653, 0.6586444), (-0.42670512, 0.61976653, 0.6586444), (-0.38024342, 0.5008378, 0.77754533), (-0.33841395, 0.5639271, 0.7533009), (-0.38024342, 0.5008378, 0.77754533), (-0.42670512, 0.61976653, 0.6586444), (-0.7469949, 0.35233775, 0.5637879), (-0.7469949, 0.35233775, 0.5637879), (-0.8356525, 0.06522024, 0.54537255), (-0.38024342, 0.5008378, 0.77754533), (-0.2761513, 0.4370077, 0.8560168), (-0.33841395, 0.5639271, 0.7533009), (-0.38024342, 0.5008378, 0.77754533), (-0.38024342, 0.5008378, 0.77754533), (-0.3267166, 0.3653727, 0.87164164), (-0.2761513, 0.4370077, 0.8560168), (-0.3267166, 0.3653727, 0.87164164), (-0.38024342, 0.5008378, 0.77754533), (-0.8356525, 0.06522024, 0.54537255), (-0.20620234, 0.2973001, 0.9322517), (-0.2761513, 0.4370077, 0.8560168), (-0.3267166, 0.3653727, 0.87164164), (-0.8356525, 0.06522024, 0.54537255), (-0.79225856, -0.020971209, 0.6098251), (-0.3267166, 0.3653727, 0.87164164), (-0.3267166, 0.3653727, 0.87164164), (-0.25902948, 0.22202635, 0.94000435), (-0.20620234, 0.2973001, 0.9322517), (-0.25902948, 0.22202635, 0.94000435), (-0.3267166, 0.3653727, 0.87164164), (-0.79225856, -0.020971209, 0.6098251), (-0.12997045, 0.14763263, 0.9804654), (-0.20620234, 0.2973001, 0.9322517), (-0.25902948, 0.22202635, 0.94000435), (-0.79225856, -0.020971209, 0.6098251), (-0.7400537, -0.12510322, 0.66080993), (-0.25902948, 0.22202635, 0.94000435), (-0.25902948, 0.22202635, 0.94000435), (-0.18231076, 0.07201802, 0.9806), (-0.12997045, 0.14763263, 0.9804654), (-0.18231076, 0.07201802, 0.9806), (-0.25902948, 0.22202635, 0.94000435), (-0.7400537, -0.12510322, 0.66080993), (-0.05054749, -0.0059306743, 0.9987041), (-0.12997045, 0.14763263, 0.9804654), (-0.18231076, 0.07201802, 0.9806), (-0.7400537, -0.12510322, 0.66080993), (-0.6843545, -0.23397233, 0.690591), (-0.18231076, 0.07201802, 0.9806), (-0.18231076, 0.07201802, 0.9806), (-0.10243337, -0.08189574, 0.99136305), (-0.05054749, -0.0059306743, 0.9987041), (-0.10243337, -0.08189574, 0.99136305), (-0.18231076, 0.07201802, 0.9806), (-0.6843545, -0.23397233, 0.690591), (0.030454619, -0.16029339, 0.9865995), (-0.05054749, -0.0059306743, 0.9987041), (-0.10243337, -0.08189574, 0.99136305), (-0.6843545, -0.23397233, 0.690591), (-0.62641174, -0.34571505, 0.698634), (-0.10243337, -0.08189574, 0.99136305), (-0.10243337, -0.08189574, 0.99136305), (-0.02217413, -0.23426902, 0.97191894), (0.030454619, -0.16029339, 0.9865995), (-0.02217413, -0.23426902, 0.97191894), (-0.10243337, -0.08189574, 0.99136305), (-0.62641174, -0.34571505, 0.698634), (0.10975629, -0.30919853, 0.9446428), (0.030454619, -0.16029339, 0.9865995), (-0.02217413, -0.23426902, 0.97191894), (-0.62641174, -0.34571505, 0.698634), (-0.5680869, -0.456392, 0.6848238), (-0.02217413, -0.23426902, 0.97191894), (-0.02217413, -0.23426902, 0.97191894), (0.05637685, -0.38123268, 0.92275864), (0.10975629, -0.30919853, 0.9446428), (0.05637685, -0.38123268, 0.92275864), (-0.02217413, -0.23426902, 0.97191894), (-0.5680869, -0.456392, 0.6848238), (0.18575844, -0.44964573, 0.87367773), (0.10975629, -0.30919853, 0.9446428), (0.05637685, -0.38123268, 0.92275864), (-0.5680869, -0.456392, 0.6848238), (-0.51876336, -0.5588788, 0.64694595), (0.05637685, -0.38123268, 0.92275864), (0.05637685, -0.38123268, 0.92275864), (0.1473261, -0.50831217, 0.8484774), (0.18575844, -0.44964573, 0.87367773), (0.1473261, -0.50831217, 0.8484774), (0.05637685, -0.38123268, 0.92275864), (-0.51876336, -0.5588788, 0.64694595), (-0.51876336, -0.5588788, 0.64694595), (-0.17687508, -0.6289178, 0.757085), (0.1473261, -0.50831217, 0.8484774), (-0.80937195, 0.5037228, 0.30196095), (-0.7818844, 0.440694, 0.44096017), (-0.46894172, 0.7149142, 0.5186438), (-0.46894172, 0.7149142, 0.5186438), (-0.50158525, 0.78503805, 0.36349365), (-0.80937195, 0.5037228, 0.30196095), (-0.50158525, 0.78503805, 0.36349365), (-0.46894172, 0.7149142, 0.5186438), (-0.43127096, 0.76176906, 0.48343915), (-0.43127096, 0.76176906, 0.48343915), (-0.4591494, 0.82690066, 0.32468012), (-0.50158525, 0.78503805, 0.36349365), (-0.82464963, 0.5436468, 0.15620854), (-0.80937195, 0.5037228, 0.30196095), (-0.50158525, 0.78503805, 0.36349365), (-0.50158525, 0.78503805, 0.36349365), (-0.51793814, 0.8325617, 0.19642124), (-0.82464963, 0.5436468, 0.15620854), (0.25304228, -0.69578, -0.67220527), (0.19560553, -0.5823322, -0.7890676), (0.02120861, -0.6700756, -0.74198985), (0.02120861, -0.6700756, -0.74198985), (0.06633806, -0.7771727, -0.6257811), (0.25304228, -0.69578, -0.67220527), (0.2997355, -0.790026, -0.534806), (0.25304228, -0.69578, -0.67220527), (0.06633806, -0.7771727, -0.6257811), (0.06633806, -0.7771727, -0.6257811), (0.02120861, -0.6700756, -0.74198985), (-0.55466133, -0.6953453, -0.4569967), (-0.55466133, -0.6953453, -0.4569967), (-0.51568305, -0.7607721, -0.39407736), (0.06633806, -0.7771727, -0.6257811), (0.06633806, -0.7771727, -0.6257811), (0.102272525, -0.86517525, -0.49092987), (0.2997355, -0.790026, -0.534806), (0.33191538, -0.86307186, -0.38070896), (0.2997355, -0.790026, -0.534806), (0.102272525, -0.86517525, -0.49092987), (0.102272525, -0.86517525, -0.49092987), (0.06633806, -0.7771727, -0.6257811), (-0.51568305, -0.7607721, -0.39407736), (-0.51568305, -0.7607721, -0.39407736), (-0.4912278, -0.8130779, -0.31240913), (0.102272525, -0.86517525, -0.49092987), (0.102272525, -0.86517525, -0.49092987), (0.130655, -0.9304454, -0.34234604), (0.33191538, -0.86307186, -0.38070896), (0.3507253, -0.9112313, -0.21598469), (0.33191538, -0.86307186, -0.38070896), (0.130655, -0.9304454, -0.34234604), (0.130655, -0.9304454, -0.34234604), (0.102272525, -0.86517525, -0.49092987), (-0.4912278, -0.8130779, -0.31240913), (-0.4912278, -0.8130779, -0.31240913), (-0.4748535, -0.85149956, -0.22240253), (0.130655, -0.9304454, -0.34234604), (0.130655, -0.9304454, -0.34234604), (0.13816577, -0.9731424, -0.18413074), (0.3507253, -0.9112313, -0.21598469), (0.35575417, -0.9335454, -0.043955036), (0.3507253, -0.9112313, -0.21598469), (0.13816577, -0.9731424, -0.18413074), (0.13816577, -0.9731424, -0.18413074), (0.130655, -0.9304454, -0.34234604), (-0.4748535, -0.85149956, -0.22240253), (-0.4748535, -0.85149956, -0.22240253), (-0.46640664, -0.87550545, -0.12631382), (0.13816577, -0.9731424, -0.18413074), (0.13816577, -0.9731424, -0.18413074), (0.12503216, -0.9919125, -0.021833586), (0.35575417, -0.9335454, -0.043955036), (0.34682336, -0.9290988, 0.12840958), (0.35575417, -0.9335454, -0.043955036), (0.12503216, -0.9919125, -0.021833586), (0.12503216, -0.9919125, -0.021833586), (0.13816577, -0.9731424, -0.18413074), (-0.46640664, -0.87550545, -0.12631382), (-0.46640664, -0.87550545, -0.12631382), (-0.46456134, -0.885123, -0.027202522), (0.12503216, -0.9919125, -0.021833586), (0.12503216, -0.9919125, -0.021833586), (0.11984875, -0.9824132, 0.14318068), (0.34682336, -0.9290988, 0.12840958), (0.3240599, -0.89800274, 0.29761773), (0.34682336, -0.9290988, 0.12840958), (0.11984875, -0.9824132, 0.14318068), (0.11984875, -0.9824132, 0.14318068), (0.12503216, -0.9919125, -0.021833586), (-0.46456134, -0.885123, -0.027202522), (-0.46456134, -0.885123, -0.027202522), (-0.47087643, -0.8792009, 0.07267293), (0.11984875, -0.9824132, 0.14318068), (0.11984875, -0.9824132, 0.14318068), (0.109759636, -0.9464163, 0.3037252), (0.3240599, -0.89800274, 0.29761773), (0.28844088, -0.84149736, 0.4568196), (0.3240599, -0.89800274, 0.29761773), (0.109759636, -0.9464163, 0.3037252), (0.109759636, -0.9464163, 0.3037252), (0.11984875, -0.9824132, 0.14318068), (-0.47087643, -0.8792009, 0.07267293), (-0.47087643, -0.8792009, 0.07267293), (-0.4861261, -0.8576611, 0.16762769), (0.109759636, -0.9464163, 0.3037252), (0.109759636, -0.9464163, 0.3037252), (0.07768274, -0.8877023, 0.4538174), (0.28844088, -0.84149736, 0.4568196), (0.24071988, -0.76070803, 0.6028078), (0.28844088, -0.84149736, 0.4568196), (0.07768274, -0.8877023, 0.4538174), (0.07768274, -0.8877023, 0.4538174), (0.109759636, -0.9464163, 0.3037252), (-0.4861261, -0.8576611, 0.16762769), (-0.4861261, -0.8576611, 0.16762769), (-0.50862944, -0.8217248, 0.25703034), (0.07768274, -0.8877023, 0.4538174), (0.07768274, -0.8877023, 0.4538174), (0.0307967, -0.80636525, 0.59061545), (0.24071988, -0.76070803, 0.6028078), (0.17807935, -0.6605964, 0.7293149), (0.24071988, -0.76070803, 0.6028078), (0.0307967, -0.80636525, 0.59061545), (0.0307967, -0.80636525, 0.59061545), (-0.017247856, -0.7034179, 0.71056724), (0.17807935, -0.6605964, 0.7293149), (0.0307967, -0.80636525, 0.59061545), (0.07768274, -0.8877023, 0.4538174), (-0.50862944, -0.8217248, 0.25703034), (-0.50862944, -0.8217248, 0.25703034), (-0.54159755, -0.7709336, 0.33516178), (0.0307967, -0.80636525, 0.59061545), (-0.017247856, -0.7034179, 0.71056724), (0.0307967, -0.80636525, 0.59061545), (-0.54159755, -0.7709336, 0.33516178), (-0.54159755, -0.7709336, 0.33516178), (-0.5805478, -0.70894563, 0.40045044), (-0.017247856, -0.7034179, 0.71056724), (-0.46632755, 0.58450496, 0.66399753), (-0.41317338, 0.4688199, 0.7807021), (-0.58168584, 0.3776501, 0.72043186), (-0.58168584, 0.3776501, 0.72043186), (-0.6366832, 0.47959617, 0.60383934), (-0.46632755, 0.58450496, 0.66399753), (-0.50865495, 0.6810167, 0.5267698), (-0.46632755, 0.58450496, 0.66399753), (-0.6366832, 0.47959617, 0.60383934), (-0.6366832, 0.47959617, 0.60383934), (-0.58168584, 0.3776501, 0.72043186), (-0.91355675, -0.07069068, 0.40052098), (-0.91355675, -0.07069068, 0.40052098), (-0.9411315, 0.00068566465, 0.33804023), (-0.6366832, 0.47959617, 0.60383934), (-0.6366832, 0.47959617, 0.60383934), (-0.6801472, 0.56366414, 0.46870318), (-0.50865495, 0.6810167, 0.5267698), (-0.5408259, 0.7540694, 0.37267515), (-0.50865495, 0.6810167, 0.5267698), (-0.6801472, 0.56366414, 0.46870318), (-0.6801472, 0.56366414, 0.46870318), (-0.6366832, 0.47959617, 0.60383934), (-0.9411315, 0.00068566465, 0.33804023), (-0.9411315, 0.00068566465, 0.33804023), (-0.96510595, 0.0532375, 0.25639093), (-0.6801472, 0.56366414, 0.46870318), (-0.6801472, 0.56366414, 0.46870318), (-0.708459, 0.62897503, 0.3201191), (-0.5408259, 0.7540694, 0.37267515), (-0.5596013, 0.80224895, 0.20794949), (-0.5408259, 0.7540694, 0.37267515), (-0.708459, 0.62897503, 0.3201191), (-0.708459, 0.62897503, 0.3201191), (-0.6801472, 0.56366414, 0.46870318), (-0.96510595, 0.0532375, 0.25639093), (-0.96510595, 0.0532375, 0.25639093), (-0.9818098, 0.091489255, 0.16637063), (-0.708459, 0.62897503, 0.3201191), (-0.708459, 0.62897503, 0.3201191), (-0.7296023, 0.6645579, 0.16138008), (-0.5596013, 0.80224895, 0.20794949), (-0.564618, 0.82457036, 0.035920657), (-0.5596013, 0.80224895, 0.20794949), (-0.7296023, 0.6645579, 0.16138008), (-0.7296023, 0.6645579, 0.16138008), (-0.708459, 0.62897503, 0.3201191), (-0.9818098, 0.091489255, 0.16637063), (-0.9818098, 0.091489255, 0.16637063), (-0.990856, 0.115187705, 0.070257716), (-0.7296023, 0.6645579, 0.16138008), (-0.7296023, 0.6645579, 0.16138008), (-0.7426634, 0.66966236, -0.0019239534), (-0.564618, 0.82457036, 0.035920657), (-0.55567485, 0.8201276, -0.13644117), (-0.564618, 0.82457036, 0.035920657), (-0.7426634, 0.66966236, -0.0019239534), (-0.7426634, 0.66966236, -0.0019239534), (-0.7296023, 0.6645579, 0.16138008), (-0.990856, 0.115187705, 0.070257716), (-0.990856, 0.115187705, 0.070257716), (-0.99169606, 0.12533447, -0.02881521), (-0.7426634, 0.66966236, -0.0019239534), (-0.7426634, 0.66966236, -0.0019239534), (-0.72786176, 0.6651855, -0.16656968), (-0.55567485, 0.8201276, -0.13644117), (-0.53294075, 0.78901803, -0.30565467), (-0.55567485, 0.8201276, -0.13644117), (-0.72786176, 0.6651855, -0.16656968), (-0.72786176, 0.6651855, -0.16656968), (-0.7426634, 0.66966236, -0.0019239534), (-0.99169606, 0.12533447, -0.02881521), (-0.99169606, 0.12533447, -0.02881521), (-0.98441184, 0.11992023, -0.12865624), (-0.72786176, 0.6651855, -0.16656968), (-0.72786176, 0.6651855, -0.16656968), (-0.6944298, 0.641367, -0.3262139), (-0.53294075, 0.78901803, -0.30565467), (-0.49737108, 0.73248416, -0.46485382), (-0.53294075, 0.78901803, -0.30565467), (-0.6944298, 0.641367, -0.3262139), (-0.6944298, 0.641367, -0.3262139), (-0.72786176, 0.6651855, -0.16656968), (-0.98441184, 0.11992023, -0.12865624), (-0.98441184, 0.11992023, -0.12865624), (-0.9697273, 0.09807916, -0.22362852), (-0.6944298, 0.641367, -0.3262139), (-0.6944298, 0.641367, -0.3262139), (-0.65555596, 0.58619577, -0.4760471), (-0.49737108, 0.73248416, -0.46485382), (-0.44958207, 0.65172786, -0.6108411), (-0.49737108, 0.73248416, -0.46485382), (-0.65555596, 0.58619577, -0.4760471), (-0.65555596, 0.58619577, -0.4760471), (-0.6944298, 0.641367, -0.3262139), (-0.9697273, 0.09807916, -0.22362852), (-0.9697273, 0.09807916, -0.22362852), (-0.94771373, 0.061894927, -0.313062), (-0.65555596, 0.58619577, -0.4760471), (-0.65555596, 0.58619577, -0.4760471), (-0.60738677, 0.5055311, -0.61279655), (-0.44958207, 0.65172786, -0.6108411), (-0.39562383, 0.54709613, -0.7376772), (-0.44958207, 0.65172786, -0.6108411), (-0.60738677, 0.5055311, -0.61279655), (-0.60738677, 0.5055311, -0.61279655), (-0.5431998, 0.41100773, -0.73212475), (-0.39562383, 0.54709613, -0.7376772), (-0.60738677, 0.5055311, -0.61279655), (-0.65555596, 0.58619577, -0.4760471), (-0.94771373, 0.061894927, -0.313062), (-0.94771373, 0.061894927, -0.313062), (-0.9201884, 0.008252036, -0.3913889), (-0.60738677, 0.5055311, -0.61279655), (-0.5431998, 0.41100773, -0.73212475), (-0.60738677, 0.5055311, -0.61279655), (-0.9201884, 0.008252036, -0.3913889), (-0.9201884, 0.008252036, -0.3913889), (-0.8876713, -0.05709691, -0.45692426), (-0.5431998, 0.41100773, -0.73212475), (-0.48613352, -0.85765785, 0.16762228), (-0.4708802, -0.8791988, 0.07267238), (-0.8484245, -0.5289657, -0.019269025), (-0.5086294, -0.8217245, 0.25703135), (-0.48613352, -0.85765785, 0.16762228), (-0.8492569, -0.5279546, -0.0051692175), (-0.8484245, -0.5289657, -0.019269025), (-0.8492569, -0.5279546, -0.0051692175), (-0.48613352, -0.85765785, 0.16762228), (-0.5416022, -0.7709329, 0.3351562), (-0.5086294, -0.8217245, 0.25703135), (-0.852495, -0.52268195, 0.0074752495), (-0.8492569, -0.5279546, -0.0051692175), (-0.852495, -0.52268195, 0.0074752495), (-0.5086294, -0.8217245, 0.25703135), (-0.852495, -0.52268195, 0.0074752495), (-0.85592985, -0.5167145, 0.019759798), (-0.5416022, -0.7709329, 0.3351562), (-0.5849218, -0.70759654, 0.39645162), (-0.5416022, -0.7709329, 0.3351562), (-0.85592985, -0.5167145, 0.019759798), (-0.85592985, -0.5167145, 0.019759798), (-0.8605742, -0.50836754, 0.031218367), (-0.5849218, -0.70759654, 0.39645162), (-0.64342624, -0.633552, 0.42966792), (-0.5849218, -0.70759654, 0.39645162), (-0.8605742, -0.50836754, 0.031218367), (-0.64342624, -0.633552, 0.42966792), (-0.71848255, -0.5569703, 0.41661367), (-0.2288867, -0.48308635, 0.84512633), (-0.33014655, -0.3516776, 0.87597156), (-0.2288867, -0.48308635, 0.84512633), (-0.71848255, -0.5569703, 0.41661367), (-0.8605742, -0.50836754, 0.031218367), (-0.8713546, -0.49000221, 0.0252788), (-0.64342624, -0.633552, 0.42966792), (-0.71848255, -0.5569703, 0.41661367), (-0.64342624, -0.633552, 0.42966792), (-0.8713546, -0.49000221, 0.0252788), (-0.71848255, -0.5569703, 0.41661367), (-0.75866455, -0.48469228, 0.4353179), (-0.33014655, -0.3516776, 0.87597156), (-0.40334952, -0.21248391, 0.89003354), (-0.33014655, -0.3516776, 0.87597156), (-0.75866455, -0.48469228, 0.4353179), (-0.8713546, -0.49000221, 0.0252788), (-0.8808517, -0.47339025, 0.0014756453), (-0.71848255, -0.5569703, 0.41661367), (-0.75866455, -0.48469228, 0.4353179), (-0.71848255, -0.5569703, 0.41661367), (-0.8808517, -0.47339025, 0.0014756453), (-0.75866455, -0.48469228, 0.4353179), (-0.79690135, -0.41194454, 0.44187108), (-0.40334952, -0.21248391, 0.89003354), (-0.47556782, -0.07301704, 0.8766436), (-0.40334952, -0.21248391, 0.89003354), (-0.79690135, -0.41194454, 0.44187108), (-0.8808517, -0.47339025, 0.0014756453), (-0.8838338, -0.46779108, 0.0030622112), (-0.75866455, -0.48469228, 0.4353179), (-0.79690135, -0.41194454, 0.44187108), (-0.75866455, -0.48469228, 0.4353179), (-0.8838338, -0.46779108, 0.0030622112), (-0.79690135, -0.41194454, 0.44187108), (-0.83449614, -0.33927074, 0.43417925), (-0.47556782, -0.07301704, 0.8766436), (-0.54494876, 0.06290424, 0.83610654), (-0.47556782, -0.07301704, 0.8766436), (-0.83449614, -0.33927074, 0.43417925), (-0.8838338, -0.46779108, 0.0030622112), (-0.8868803, -0.46198595, 0.0035176557), (-0.79690135, -0.41194454, 0.44187108), (-0.83449614, -0.33927074, 0.43417925), (-0.79690135, -0.41194454, 0.44187108), (-0.8868803, -0.46198595, 0.0035176557), (-0.83449614, -0.33927074, 0.43417925), (-0.8706136, -0.26846945, 0.4122575), (-0.54494876, 0.06290424, 0.83610654), (-0.60876507, 0.19057982, 0.7701198), (-0.54494876, 0.06290424, 0.83610654), (-0.8706136, -0.26846945, 0.4122575), (-0.8868803, -0.46198595, 0.0035176557), (-0.88986826, -0.45620897, 0.0028398545), (-0.83449614, -0.33927074, 0.43417925), (-0.8706136, -0.26846945, 0.4122575), (-0.83449614, -0.33927074, 0.43417925), (-0.88986826, -0.45620897, 0.0028398545), (-0.8706136, -0.26846945, 0.4122575), (-0.9028149, -0.19895114, 0.38123968), (-0.60876507, 0.19057982, 0.7701198), (-0.66628754, 0.30698103, 0.67957604), (-0.60876507, 0.19057982, 0.7701198), (-0.9028149, -0.19895114, 0.38123968), (-0.88986826, -0.45620897, 0.0028398545), (-0.89273536, -0.45058048, 0.001026554), (-0.8706136, -0.26846945, 0.4122575), (-0.9028149, -0.19895114, 0.38123968), (-0.8706136, -0.26846945, 0.4122575), (-0.89273536, -0.45058048, 0.001026554), (-0.9028149, -0.19895114, 0.38123968), (-0.9321826, -0.1340144, 0.3362674), (-0.66628754, 0.30698103, 0.67957604), (-0.71435755, 0.40612468, 0.5698737), (-0.66628754, 0.30698103, 0.67957604), (-0.9321826, -0.1340144, 0.3362674), (-0.89273536, -0.45058048, 0.001026554), (-0.8953682, -0.445323, -0.0018334982), (-0.9028149, -0.19895114, 0.38123968), (-0.9321826, -0.1340144, 0.3362674), (-0.9028149, -0.19895114, 0.38123968), (-0.8953682, -0.445323, -0.0018334982), (-0.9321826, -0.1340144, 0.3362674), (-0.95713216, -0.07956794, 0.2785085), (-0.71435755, 0.40612468, 0.5698737), (-0.7527102, 0.49031752, 0.43933588), (-0.71435755, 0.40612468, 0.5698737), (-0.95713216, -0.07956794, 0.2785085), (-0.8953682, -0.445323, -0.0018334982), (-0.89771026, -0.4405497, -0.005696032), (-0.9321826, -0.1340144, 0.3362674), (-0.95713216, -0.07956794, 0.2785085), (-0.9321826, -0.1340144, 0.3362674), (-0.89771026, -0.4405497, -0.005696032), (-0.95713216, -0.07956794, 0.2785085), (-0.9766793, -0.024444174, 0.21330744), (-0.7527102, 0.49031752, 0.43933588), (-0.7789375, 0.5518217, 0.29790813), (-0.7527102, 0.49031752, 0.43933588), (-0.9766793, -0.024444174, 0.21330744), (-0.89771026, -0.4405497, -0.005696032), (-0.89967096, -0.43644512, -0.010393342), (-0.95713216, -0.07956794, 0.2785085), (-0.9766793, -0.024444174, 0.21330744), (-0.95713216, -0.07956794, 0.2785085), (-0.89967096, -0.43644512, -0.010393342), (-0.9766793, -0.024444174, 0.21330744), (-0.9916122, -0.015581529, 0.12830693), (-0.7789375, 0.5518217, 0.29790813), (-0.79378676, 0.59081596, 0.14435753), (-0.7789375, 0.5518217, 0.29790813), (-0.9916122, -0.015581529, 0.12830693), (-0.89967096, -0.43644512, -0.010393342), (-0.9012054, -0.43310267, -0.01584002), (-0.9766793, -0.024444174, 0.21330744), (-0.9916122, -0.015581529, 0.12830693), (-0.9766793, -0.024444174, 0.21330744), (-0.9012054, -0.43310267, -0.01584002), (-0.9916122, -0.015581529, 0.12830693), (-0.9988122, 0.0040552197, 0.04855582), (-0.79378676, 0.59081596, 0.14435753), (-0.7955192, 0.60579836, -0.012555487), (-0.79378676, 0.59081596, 0.14435753), (-0.9988122, 0.0040552197, 0.04855582), (-0.9012054, -0.43310267, -0.01584002), (-0.9022573, -0.43064633, -0.021807931), (-0.9916122, -0.015581529, 0.12830693), (-0.9988122, 0.0040552197, 0.04855582), (-0.9916122, -0.015581529, 0.12830693), (-0.9022573, -0.43064633, -0.021807931), (-0.9988122, 0.0040552197, 0.04855582), (-0.999382, 0.011225612, -0.033311088), (-0.7955192, 0.60579836, -0.012555487), (-0.7845729, 0.5963379, -0.16978382), (-0.7955192, 0.60579836, -0.012555487), (-0.999382, 0.011225612, -0.033311088), (-0.9022573, -0.43064633, -0.021807931), (-0.902799, -0.42913872, -0.028181456), (-0.9988122, 0.0040552197, 0.04855582), (-0.999382, 0.011225612, -0.033311088), (-0.9988122, 0.0040552197, 0.04855582), (-0.902799, -0.42913872, -0.028181456), (-0.999382, 0.011225612, -0.033311088), (-0.9933102, 0.005585877, -0.11534174), (-0.7845729, 0.5963379, -0.16978382), (-0.76170266, 0.5629967, -0.32069302), (-0.7845729, 0.5963379, -0.16978382), (-0.9933102, 0.005585877, -0.11534174), (-0.902799, -0.42913872, -0.028181456), (-0.9028151, -0.42862684, -0.034700237), (-0.999382, 0.011225612, -0.033311088), (-0.9933102, 0.005585877, -0.11534174), (-0.999382, 0.011225612, -0.033311088), (-0.9028151, -0.42862684, -0.034700237), (-0.9933102, 0.005585877, -0.11534174), (-0.9802401, -0.00015938553, -0.19781141), (-0.76170266, 0.5629967, -0.32069302), (-0.7262068, 0.5061874, -0.46518633), (-0.76170266, 0.5629967, -0.32069302), (-0.9802401, -0.00015938553, -0.19781141), (-0.9028151, -0.42862684, -0.034700237), (-0.90229887, -0.42913482, -0.041232113), (-0.9933102, 0.005585877, -0.11534174), (-0.9802401, -0.00015938553, -0.19781141), (-0.9933102, 0.005585877, -0.11534174), (-0.90229887, -0.42913482, -0.041232113), (-0.9802401, -0.00015938553, -0.19781141), (-0.95965075, -0.020681849, -0.28043312), (-0.7262068, 0.5061874, -0.46518633), (-0.6807613, 0.42222828, -0.5985712), (-0.7262068, 0.5061874, -0.46518633), (-0.95965075, -0.020681849, -0.28043312), (-0.90229887, -0.42913482, -0.041232113), (-0.90127736, -0.4306293, -0.047515307), (-0.9802401, -0.00015938553, -0.19781141), (-0.95965075, -0.020681849, -0.28043312), (-0.9802401, -0.00015938553, -0.19781141), (-0.90127736, -0.4306293, -0.047515307), (-0.95965075, -0.020681849, -0.28043312), (-0.95263726, -0.12122946, -0.27890107), (-0.6807613, 0.42222828, -0.5985712), (-0.86149514, 0.03025545, -0.5068639), (-0.6807613, 0.42222828, -0.5985712), (-0.95263726, -0.12122946, -0.27890107), (-0.90127736, -0.4306293, -0.047515307), (-0.89976525, -0.43309265, -0.05341753), (-0.95965075, -0.020681849, -0.28043312), (-0.95263726, -0.12122946, -0.27890107), (-0.95965075, -0.020681849, -0.28043312), (-0.89976525, -0.43309265, -0.05341753), (-0.89976525, -0.43309265, -0.05341753), (-0.91009414, -0.40639755, -0.08105498), (-0.95263726, -0.12122946, -0.27890107), (-0.86149514, 0.03025545, -0.5068639), (-0.95263726, -0.12122946, -0.27890107), (-0.91009414, -0.40639755, -0.08105498), (-0.91009414, -0.40639755, -0.08105498), (-0.91431236, -0.37946302, -0.14156613), (-0.86149514, 0.03025545, -0.5068639), (-0.81601745, -0.0639813, -0.57447547), (-0.86149514, 0.03025545, -0.5068639), (-0.91431236, -0.37946302, -0.14156613), (-0.91431236, -0.37946302, -0.14156613), (-0.9042522, -0.40098336, -0.14676633), (-0.81601745, -0.0639813, -0.57447547), (-0.76919, -0.1530419, -0.6204232), (-0.81601745, -0.0639813, -0.57447547), (-0.9042522, -0.40098336, -0.14676633), (-0.9042522, -0.40098336, -0.14676633), (-0.8944293, -0.41913745, -0.15594898), (-0.76919, -0.1530419, -0.6204232), (-0.71901536, -0.24698748, -0.64962626), (-0.76919, -0.1530419, -0.6204232), (-0.8944293, -0.41913745, -0.15594898), (-0.8944293, -0.41913745, -0.15594898), (-0.8841759, -0.4383829, -0.1614113), (-0.71901536, -0.24698748, -0.64962626), (-0.66782826, -0.34443417, -0.6598261), (-0.71901536, -0.24698748, -0.64962626), (-0.8841759, -0.4383829, -0.1614113), (-0.8841759, -0.4383829, -0.1614113), (-0.873704, -0.45834088, -0.16298778), (-0.66782826, -0.34443417, -0.6598261), (-0.61714727, -0.4421472, -0.65087277), (-0.66782826, -0.34443417, -0.6598261), (-0.873704, -0.45834088, -0.16298778), (-0.873704, -0.45834088, -0.16298778), (-0.86342907, -0.4782016, -0.1606665), (-0.61714727, -0.4421472, -0.65087277), (-0.57903016, -0.5450415, -0.6063447), (-0.61714727, -0.4421472, -0.65087277), (-0.86342907, -0.4782016, -0.1606665), (-0.86342907, -0.4782016, -0.1606665), (-0.8571512, -0.49600422, -0.13882245), (-0.57903016, -0.5450415, -0.6063447), (-0.5818661, -0.62699884, -0.517981), (-0.57903016, -0.5450415, -0.6063447), (-0.8571512, -0.49600422, -0.13882245), (-0.8571512, -0.49600422, -0.13882245), (-0.8614414, -0.4969898, -0.10449847), (-0.5818661, -0.62699884, -0.517981), (-0.5546611, -0.69534427, -0.4569984), (-0.5818661, -0.62699884, -0.517981), (-0.8614414, -0.4969898, -0.10449847), (-0.8614414, -0.4969898, -0.10449847), (-0.8555582, -0.5085218, -0.097085975), (-0.5546611, -0.69534427, -0.4569984), (-0.5156811, -0.7607734, -0.3940773), (-0.5546611, -0.69534427, -0.4569984), (-0.8555582, -0.5085218, -0.097085975), (-0.8555582, -0.5085218, -0.097085975), (-0.8527068, -0.5154797, -0.084687725), (-0.5156811, -0.7607734, -0.3940773), (-0.49123368, -0.8130747, -0.31240878), (-0.5156811, -0.7607734, -0.3940773), (-0.8527068, -0.5154797, -0.084687725), (-0.47485465, -0.85149884, -0.22240254), (-0.49123368, -0.8130747, -0.31240878), (-0.8494199, -0.5226411, -0.07302235), (-0.8527068, -0.5154797, -0.084687725), (-0.8494199, -0.5226411, -0.07302235), (-0.49123368, -0.8130747, -0.31240878), (-0.46640974, -0.8755039, -0.12631279), (-0.47485465, -0.85149884, -0.22240254), (-0.84783024, -0.5268981, -0.059686027), (-0.8494199, -0.5226411, -0.07302235), (-0.84783024, -0.5268981, -0.059686027), (-0.47485465, -0.85149884, -0.22240254), (-0.84783024, -0.5268981, -0.059686027), (-0.8491733, -0.52615404, -0.045462567), (-0.46640974, -0.8755039, -0.12631279), (-0.4645527, -0.8851276, -0.02720046), (-0.46640974, -0.8755039, -0.12631279), (-0.8491733, -0.52615404, -0.045462567), (-0.84783024, -0.5268981, -0.059686027), (-0.8494199, -0.5226411, -0.07302235), (-0.90179014, -0.43199545, -0.0124339005), (-0.8491733, -0.52615404, -0.045462567), (-0.85021144, -0.5254075, -0.032978967), (-0.4645527, -0.8851276, -0.02720046), (-0.4708802, -0.8791988, 0.07267238), (-0.4645527, -0.8851276, -0.02720046), (-0.85021144, -0.5254075, -0.032978967), (-0.85021144, -0.5254075, -0.032978967), (-0.8484245, -0.5289657, -0.019269025), (-0.4708802, -0.8791988, 0.07267238), (-0.8491733, -0.52615404, -0.045462567), (-0.84783024, -0.5268981, -0.059686027), (-0.90310335, -0.42901585, -0.01870346), (-0.90179014, -0.43199545, -0.0124339005), (-0.90310335, -0.42901585, -0.01870346), (-0.84783024, -0.5268981, -0.059686027), (-0.85021144, -0.5254075, -0.032978967), (-0.8491733, -0.52615404, -0.045462567), (-0.9038683, -0.42705566, -0.025408706), (-0.90310335, -0.42901585, -0.01870346), (-0.9038683, -0.42705566, -0.025408706), (-0.8491733, -0.52615404, -0.045462567), (-0.8484245, -0.5289657, -0.019269025), (-0.85021144, -0.5254075, -0.032978967), (-0.90407616, -0.42614073, -0.032410618), (-0.9038683, -0.42705566, -0.025408706), (-0.90407616, -0.42614073, -0.032410618), (-0.85021144, -0.5254075, -0.032978967), (-0.90407616, -0.42614073, -0.032410618), (-0.90371203, -0.42632177, -0.039426535), (-0.8484245, -0.5289657, -0.019269025), (-0.8492569, -0.5279546, -0.0051692175), (-0.8484245, -0.5289657, -0.019269025), (-0.90371203, -0.42632177, -0.039426535), (-0.90407616, -0.42614073, -0.032410618), (-0.9038683, -0.42705566, -0.025408706), (-0.99675286, -0.06075288, 0.052849486), (-0.90371203, -0.42632177, -0.039426535), (-0.90278935, -0.42758185, -0.046316355), (-0.8492569, -0.5279546, -0.0051692175), (-0.852495, -0.52268195, 0.0074752495), (-0.8492569, -0.5279546, -0.0051692175), (-0.90278935, -0.42758185, -0.046316355), (-0.90371203, -0.42632177, -0.039426535), (-0.90407616, -0.42614073, -0.032410618), (-0.9984549, -0.052144874, -0.019203072), (-0.99675286, -0.06075288, 0.052849486), (-0.9984549, -0.052144874, -0.019203072), (-0.90407616, -0.42614073, -0.032410618), (-0.90278935, -0.42758185, -0.046316355), (-0.90371203, -0.42632177, -0.039426535), (-0.9943048, -0.05481101, -0.09139911), (-0.9984549, -0.052144874, -0.019203072), (-0.9943048, -0.05481101, -0.09139911), (-0.90371203, -0.42632177, -0.039426535), (-0.90278935, -0.42758185, -0.046316355), (-0.90134, -0.42988217, -0.052796856), (-0.852495, -0.52268195, 0.0074752495), (-0.85592985, -0.5167145, 0.019759798), (-0.852495, -0.52268195, 0.0074752495), (-0.90134, -0.42988217, -0.052796856), (-0.9943048, -0.05481101, -0.09139911), (-0.9984549, -0.052144874, -0.019203072), (-0.8277914, 0.5610246, 0.0035880867), (-0.8246533, 0.54364085, 0.15620995), (-0.8277914, 0.5610246, 0.0035880867), (-0.9984549, -0.052144874, -0.019203072), (-0.9984549, -0.052144874, -0.019203072), (-0.99675286, -0.06075288, 0.052849486), (-0.8246533, 0.54364085, 0.15620995), (-0.8277914, 0.5610246, 0.0035880867), (-0.8186055, 0.5546038, -0.14933075), (-0.9943048, -0.05481101, -0.09139911), (-0.80901825, 0.5038701, 0.3026625), (-0.8246533, 0.54364085, 0.15620995), (-0.99675286, -0.06075288, 0.052849486), (-0.98441046, -0.06853071, -0.16198677), (-0.9943048, -0.05481101, -0.09139911), (-0.8186055, 0.5546038, -0.14933075), (-0.9943048, -0.05481101, -0.09139911), (-0.98441046, -0.06853071, -0.16198677), (-0.90278935, -0.42758185, -0.046316355), (-0.90134, -0.42988217, -0.052796856), (-0.90278935, -0.42758185, -0.046316355), (-0.98441046, -0.06853071, -0.16198677), (-0.8186055, 0.5546038, -0.14933075), (-0.7973689, 0.52417326, -0.29907402), (-0.98441046, -0.06853071, -0.16198677), (-0.99675286, -0.06075288, 0.052849486), (-0.98927516, -0.07451349, 0.12562886), (-0.80901825, 0.5038701, 0.3026625), (-0.98927516, -0.07451349, 0.12562886), (-0.99675286, -0.06075288, 0.052849486), (-0.9038683, -0.42705566, -0.025408706), (-0.9038683, -0.42705566, -0.025408706), (-0.90310335, -0.42901585, -0.01870346), (-0.98927516, -0.07451349, 0.12562886), (-0.7818811, 0.4407013, 0.4409585), (-0.80901825, 0.5038701, 0.3026625), (-0.98927516, -0.07451349, 0.12562886), (-0.9763484, -0.09840617, 0.19251011), (-0.98927516, -0.07451349, 0.12562886), (-0.90310335, -0.42901585, -0.01870346), (-0.98927516, -0.07451349, 0.12562886), (-0.9763484, -0.09840617, 0.19251011), (-0.7818811, 0.4407013, 0.4409585), (-0.90310335, -0.42901585, -0.01870346), (-0.90179014, -0.43199545, -0.0124339005), (-0.9763484, -0.09840617, 0.19251011), (-0.7470061, 0.35232157, 0.56378317), (-0.7818811, 0.4407013, 0.4409585), (-0.9763484, -0.09840617, 0.19251011), (-0.9763484, -0.09840617, 0.19251011), (-0.95607406, -0.19714755, 0.21692204), (-0.7470061, 0.35232157, 0.56378317), (-0.95607406, -0.19714755, 0.21692204), (-0.9763484, -0.09840617, 0.19251011), (-0.90179014, -0.43199545, -0.0124339005), (-0.83565474, 0.065215304, 0.54536974), (-0.7470061, 0.35232157, 0.56378317), (-0.95607406, -0.19714755, 0.21692204), (-0.90179014, -0.43199545, -0.0124339005), (-0.9102202, -0.4132033, 0.02760672), (-0.95607406, -0.19714755, 0.21692204), (-0.9102202, -0.4132033, 0.02760672), (-0.90179014, -0.43199545, -0.0124339005), (-0.8494199, -0.5226411, -0.07302235), (-0.8494199, -0.5226411, -0.07302235), (-0.8527068, -0.5154797, -0.084687725), (-0.9102202, -0.4132033, 0.02760672), (-0.83565474, 0.065215304, 0.54536974), (-0.95607406, -0.19714755, 0.21692204), (-0.9102202, -0.4132033, 0.02760672), (-0.92215925, -0.37779695, 0.08301732), (-0.9102202, -0.4132033, 0.02760672), (-0.8527068, -0.5154797, -0.084687725), (-0.9102202, -0.4132033, 0.02760672), (-0.92215925, -0.37779695, 0.08301732), (-0.83565474, 0.065215304, 0.54536974), (-0.8527068, -0.5154797, -0.084687725), (-0.8555582, -0.5085218, -0.097085975), (-0.92215925, -0.37779695, 0.08301732), (-0.79225725, -0.020967498, 0.6098269), (-0.83565474, 0.065215304, 0.54536974), (-0.92215925, -0.37779695, 0.08301732), (-0.91099995, -0.40265617, 0.089146055), (-0.92215925, -0.37779695, 0.08301732), (-0.8555582, -0.5085218, -0.097085975), (-0.92215925, -0.37779695, 0.08301732), (-0.91099995, -0.40265617, 0.089146055), (-0.79225725, -0.020967498, 0.6098269), (-0.8555582, -0.5085218, -0.097085975), (-0.8614414, -0.4969898, -0.10449847), (-0.91099995, -0.40265617, 0.089146055), (-0.740052, -0.12510067, 0.6608123), (-0.79225725, -0.020967498, 0.6098269), (-0.91099995, -0.40265617, 0.089146055), (-0.9009221, -0.42266354, 0.09846253), (-0.91099995, -0.40265617, 0.089146055), (-0.8614414, -0.4969898, -0.10449847), (-0.91099995, -0.40265617, 0.089146055), (-0.9009221, -0.42266354, 0.09846253), (-0.740052, -0.12510067, 0.6608123), (-0.8614414, -0.4969898, -0.10449847), (-0.8571512, -0.49600422, -0.13882245), (-0.9009221, -0.42266354, 0.09846253), (-0.68435687, -0.23397711, 0.6905869), (-0.740052, -0.12510067, 0.6608123), (-0.9009221, -0.42266354, 0.09846253), (-0.89018893, -0.44362065, 0.103751875), (-0.9009221, -0.42266354, 0.09846253), (-0.8571512, -0.49600422, -0.13882245), (-0.9009221, -0.42266354, 0.09846253), (-0.89018893, -0.44362065, 0.103751875), (-0.68435687, -0.23397711, 0.6905869), (-0.8571512, -0.49600422, -0.13882245), (-0.86342907, -0.4782016, -0.1606665), (-0.89018893, -0.44362065, 0.103751875), (-0.6264127, -0.34571284, 0.6986343), (-0.68435687, -0.23397711, 0.6905869), (-0.89018893, -0.44362065, 0.103751875), (-0.87901354, -0.46512485, 0.104852654), (-0.89018893, -0.44362065, 0.103751875), (-0.86342907, -0.4782016, -0.1606665), (-0.89018893, -0.44362065, 0.103751875), (-0.87901354, -0.46512485, 0.104852654), (-0.6264127, -0.34571284, 0.6986343), (-0.86342907, -0.4782016, -0.1606665), (-0.873704, -0.45834088, -0.16298778), (-0.87901354, -0.46512485, 0.104852654), (-0.56808835, -0.4563903, 0.6848237), (-0.6264127, -0.34571284, 0.6986343), (-0.87901354, -0.46512485, 0.104852654), (-0.8678468, -0.4862964, 0.10177292), (-0.87901354, -0.46512485, 0.104852654), (-0.873704, -0.45834088, -0.16298778), (-0.87901354, -0.46512485, 0.104852654), (-0.8678468, -0.4862964, 0.10177292), (-0.56808835, -0.4563903, 0.6848237), (-0.873704, -0.45834088, -0.16298778), (-0.8841759, -0.4383829, -0.1614113), (-0.8678468, -0.4862964, 0.10177292), (-0.5187654, -0.5588809, 0.6469425), (-0.56808835, -0.4563903, 0.6848237), (-0.8678468, -0.4862964, 0.10177292), (-0.86781496, -0.4920121, 0.06943554), (-0.8678468, -0.4862964, 0.10177292), (-0.8841759, -0.4383829, -0.1614113), (-0.8678468, -0.4862964, 0.10177292), (-0.86781496, -0.4920121, 0.06943554), (-0.5187654, -0.5588809, 0.6469425), (-0.8841759, -0.4383829, -0.1614113), (-0.8944293, -0.41913745, -0.15594898), (-0.86781496, -0.4920121, 0.06943554), (-0.5187654, -0.5588809, 0.6469425), (-0.6963145, -0.6163982, 0.3676946), (-0.17639814, -0.62829566, 0.7577125), (-0.6963145, -0.6163982, 0.3676946), (-0.5187654, -0.5588809, 0.6469425), (-0.86781496, -0.4920121, 0.06943554), (-0.17189477, -0.744377, 0.6452559), (-0.17639814, -0.62829566, 0.7577125), (-0.6963145, -0.6163982, 0.3676946), (-0.8763734, -0.4816324, 0.0000803295), (-0.86781496, -0.4920121, 0.06943554), (-0.8944293, -0.41913745, -0.15594898), (-0.86781496, -0.4920121, 0.06943554), (-0.8763734, -0.4816324, 0.0000803295), (-0.6963145, -0.6163982, 0.3676946), (-0.8944293, -0.41913745, -0.15594898), (-0.9042522, -0.40098336, -0.14676633), (-0.8763734, -0.4816324, 0.0000803295), (-0.6963145, -0.6163982, 0.3676946), (-0.681858, -0.67309725, 0.28637362), (-0.17189477, -0.744377, 0.6452559), (-0.681858, -0.67309725, 0.28637362), (-0.6963145, -0.6163982, 0.3676946), (-0.8763734, -0.4816324, 0.0000803295), (-0.11928226, -0.8367115, 0.5344956), (-0.17189477, -0.744377, 0.6452559), (-0.681858, -0.67309725, 0.28637362), (-0.87364715, -0.486542, -0.00420628), (-0.8763734, -0.4816324, 0.0000803295), (-0.9042522, -0.40098336, -0.14676633), (-0.8763734, -0.4816324, 0.0000803295), (-0.87364715, -0.486542, -0.00420628), (-0.681858, -0.67309725, 0.28637362), (-0.9042522, -0.40098336, -0.14676633), (-0.91431236, -0.37946302, -0.14156613), (-0.87364715, -0.486542, -0.00420628), (-0.681858, -0.67309725, 0.28637362), (-0.6628491, -0.7135219, 0.22697498), (-0.11928226, -0.8367115, 0.5344956), (-0.6628491, -0.7135219, 0.22697498), (-0.681858, -0.67309725, 0.28637362), (-0.87364715, -0.486542, -0.00420628), (-0.07557587, -0.9105237, 0.4064913), (-0.11928226, -0.8367115, 0.5344956), (-0.6628491, -0.7135219, 0.22697498), (-0.8712868, -0.49068487, -0.009368929), (-0.87364715, -0.486542, -0.00420628), (-0.91431236, -0.37946302, -0.14156613), (-0.87364715, -0.486542, -0.00420628), (-0.8712868, -0.49068487, -0.009368929), (-0.6628491, -0.7135219, 0.22697498), (-0.91431236, -0.37946302, -0.14156613), (-0.91009414, -0.40639755, -0.08105498), (-0.8712868, -0.49068487, -0.009368929), (-0.6628491, -0.7135219, 0.22697498), (-0.64257956, -0.74793917, 0.16636889), (-0.07557587, -0.9105237, 0.4064913), (-0.64257956, -0.74793917, 0.16636889), (-0.6628491, -0.7135219, 0.22697498), (-0.8712868, -0.49068487, -0.009368929), (-0.042759538, -0.96296996, 0.26619637), (-0.07557587, -0.9105237, 0.4064913), (-0.64257956, -0.74793917, 0.16636889), (-0.8693456, -0.49396738, -0.01531579), (-0.8712868, -0.49068487, -0.009368929), (-0.91009414, -0.40639755, -0.08105498), (-0.8712868, -0.49068487, -0.009368929), (-0.8693456, -0.49396738, -0.01531579), (-0.64257956, -0.74793917, 0.16636889), (-0.91009414, -0.40639755, -0.08105498), (-0.89976525, -0.43309265, -0.05341753), (-0.8693456, -0.49396738, -0.01531579), (-0.64257956, -0.74793917, 0.16636889), (-0.62726736, -0.77235866, 0.09998987), (-0.042759538, -0.96296996, 0.26619637), (-0.62726736, -0.77235866, 0.09998987), (-0.64257956, -0.74793917, 0.16636889), (-0.8693456, -0.49396738, -0.01531579), (-0.021455342, -0.9928984, 0.11701582), (-0.042759538, -0.96296996, 0.26619637), (-0.62726736, -0.77235866, 0.09998987), (-0.8678959, -0.49626783, -0.02179633), (-0.8693456, -0.49396738, -0.01531579), (-0.89976525, -0.43309265, -0.05341753), (-0.8693456, -0.49396738, -0.01531579), (-0.8678959, -0.49626783, -0.02179633), (-0.62726736, -0.77235866, 0.09998987), (-0.89976525, -0.43309265, -0.05341753), (-0.90127736, -0.4306293, -0.047515307), (-0.8678959, -0.49626783, -0.02179633), (-0.62726736, -0.77235866, 0.09998987), (-0.6174065, -0.7860946, 0.029402284), (-0.021455342, -0.9928984, 0.11701582), (-0.6174065, -0.7860946, 0.029402284), (-0.62726736, -0.77235866, 0.09998987), (-0.8678959, -0.49626783, -0.02179633), (-0.012191082, -0.9992811, -0.035900623), (-0.021455342, -0.9928984, 0.11701582), (-0.6174065, -0.7860946, 0.029402284), (-0.86697376, -0.49752763, -0.02868608), (-0.8678959, -0.49626783, -0.02179633), (-0.90127736, -0.4306293, -0.047515307), (-0.8678959, -0.49626783, -0.02179633), (-0.86697376, -0.49752763, -0.02868608), (-0.6174065, -0.7860946, 0.029402284), (-0.90127736, -0.4306293, -0.047515307), (-0.90229887, -0.42913482, -0.041232113), (-0.86697376, -0.49752763, -0.02868608), (-0.6174065, -0.7860946, 0.029402284), (-0.6132263, -0.7887473, -0.04279351), (-0.012191082, -0.9992811, -0.035900623), (-0.6132263, -0.7887473, -0.04279351), (-0.6174065, -0.7860946, 0.029402284), (-0.86697376, -0.49752763, -0.02868608), (-0.015412323, -0.9819478, -0.18852362), (-0.012191082, -0.9992811, -0.035900623), (-0.6132263, -0.7887473, -0.04279351), (-0.8666091, -0.49770895, -0.035702016), (-0.86697376, -0.49752763, -0.02868608), (-0.90229887, -0.42913482, -0.041232113), (-0.86697376, -0.49752763, -0.02868608), (-0.8666091, -0.49770895, -0.035702016), (-0.6132263, -0.7887473, -0.04279351), (-0.90229887, -0.42913482, -0.041232113), (-0.9028151, -0.42862684, -0.034700237), (-0.8666091, -0.49770895, -0.035702016), (-0.6132263, -0.7887473, -0.04279351), (-0.6149593, -0.78015107, -0.11484578), (-0.015412323, -0.9819478, -0.18852362), (-0.6149593, -0.78015107, -0.11484578), (-0.6132263, -0.7887473, -0.04279351), (-0.8666091, -0.49770895, -0.035702016), (-0.030811338, -0.94149417, -0.3356179), (-0.015412323, -0.9819478, -0.18852362), (-0.6149593, -0.78015107, -0.11484578), (-0.8668175, -0.49679372, -0.042703856), (-0.8666091, -0.49770895, -0.035702016), (-0.9028151, -0.42862684, -0.034700237), (-0.8666091, -0.49770895, -0.035702016), (-0.8668175, -0.49679372, -0.042703856), (-0.6149593, -0.78015107, -0.11484578), (-0.9028151, -0.42862684, -0.034700237), (-0.902799, -0.42913872, -0.028181456), (-0.8668175, -0.49679372, -0.042703856), (-0.6149593, -0.78015107, -0.11484578), (-0.6224128, -0.7607165, -0.18415408), (-0.030811338, -0.94149417, -0.3356179), (-0.6224128, -0.7607165, -0.18415408), (-0.6149593, -0.78015107, -0.11484578), (-0.8668175, -0.49679372, -0.042703856), (-0.058191378, -0.87899154, -0.4732734), (-0.030811338, -0.94149417, -0.3356179), (-0.6224128, -0.7607165, -0.18415408), (-0.8675819, -0.49483377, -0.049409352), (-0.8668175, -0.49679372, -0.042703856), (-0.902799, -0.42913872, -0.028181456), (-0.8668175, -0.49679372, -0.042703856), (-0.8675819, -0.49483377, -0.049409352), (-0.6224128, -0.7607165, -0.18415408), (-0.902799, -0.42913872, -0.028181456), (-0.9022573, -0.43064633, -0.021807931), (-0.8675819, -0.49483377, -0.049409352), (-0.6224128, -0.7607165, -0.18415408), (-0.63552797, -0.7308281, -0.24898691), (-0.058191378, -0.87899154, -0.4732734), (-0.63552797, -0.7308281, -0.24898691), (-0.6224128, -0.7607165, -0.18415408), (-0.8675819, -0.49483377, -0.049409352), (-0.09589331, -0.79688555, -0.5964712), (-0.058191378, -0.87899154, -0.4732734), (-0.63552797, -0.7308281, -0.24898691), (-0.8688955, -0.49185437, -0.055678792), (-0.8675819, -0.49483377, -0.049409352), (-0.9022573, -0.43064633, -0.021807931), (-0.8675819, -0.49483377, -0.049409352), (-0.8688955, -0.49185437, -0.055678792), (-0.63552797, -0.7308281, -0.24898691), (-0.9022573, -0.43064633, -0.021807931), (-0.9012054, -0.43310267, -0.01584002), (-0.8688955, -0.49185437, -0.055678792), (-0.63552797, -0.7308281, -0.24898691), (-0.65070915, -0.69295096, -0.310478), (-0.09589331, -0.79688555, -0.5964712), (-0.65070915, -0.69295096, -0.310478), (-0.63552797, -0.7308281, -0.24898691), (-0.8688955, -0.49185437, -0.055678792), (-0.14388898, -0.6969442, -0.7025417), (-0.09589331, -0.79688555, -0.5964712), (-0.65070915, -0.69295096, -0.310478), (-0.8706969, -0.48798943, -0.061265063), (-0.8688955, -0.49185437, -0.055678792), (-0.9012054, -0.43310267, -0.01584002), (-0.8688955, -0.49185437, -0.055678792), (-0.8706969, -0.48798943, -0.061265063), (-0.65070915, -0.69295096, -0.310478), (-0.9012054, -0.43310267, -0.01584002), (-0.89967096, -0.43644512, -0.010393342), (-0.8706969, -0.48798943, -0.061265063), (-0.65070915, -0.69295096, -0.310478), (-0.6666386, -0.6481633, -0.36807248), (-0.14388898, -0.6969442, -0.7025417), (-0.6666386, -0.6481633, -0.36807248), (-0.65070915, -0.69295096, -0.310478), (-0.8706969, -0.48798943, -0.061265063), (-0.2010925, -0.58245265, -0.78759813), (-0.14388898, -0.6969442, -0.7025417), (-0.6666386, -0.6481633, -0.36807248), (-0.8729573, -0.4833049, -0.06604599), (-0.8706969, -0.48798943, -0.061265063), (-0.89967096, -0.43644512, -0.010393342), (-0.8706969, -0.48798943, -0.061265063), (-0.8729573, -0.4833049, -0.06604599), (-0.6666386, -0.6481633, -0.36807248), (-0.89967096, -0.43644512, -0.010393342), (-0.89771026, -0.4405497, -0.005696032), (-0.8729573, -0.4833049, -0.06604599), (-0.6666386, -0.6481633, -0.36807248), (-0.6953058, -0.59284073, -0.40631238), (-0.2010925, -0.58245265, -0.78759813), (-0.6953058, -0.59284073, -0.40631238), (-0.6666386, -0.6481633, -0.36807248), (-0.8729573, -0.4833049, -0.06604599), (-0.26430565, -0.45703167, -0.849273), (-0.2010925, -0.58245265, -0.78759813), (-0.6953058, -0.59284073, -0.40631238), (-0.8755784, -0.47800115, -0.06983882), (-0.8729573, -0.4833049, -0.06604599), (-0.89771026, -0.4405497, -0.005696032), (-0.8729573, -0.4833049, -0.06604599), (-0.8755784, -0.47800115, -0.06983882), (-0.6953058, -0.59284073, -0.40631238), (-0.89771026, -0.4405497, -0.005696032), (-0.8953682, -0.445323, -0.0018334982), (-0.8755784, -0.47800115, -0.06983882), (-0.6953058, -0.59284073, -0.40631238), (-0.733363, -0.5303252, -0.42536333), (-0.26430565, -0.45703167, -0.849273), (-0.733363, -0.5303252, -0.42536333), (-0.6953058, -0.59284073, -0.40631238), (-0.8755784, -0.47800115, -0.06983882), (-0.33200783, -0.32369313, -0.88599867), (-0.26430565, -0.45703167, -0.849273), (-0.733363, -0.5303252, -0.42536333), (-0.8785131, -0.4721765, -0.072554186), (-0.8755784, -0.47800115, -0.06983882), (-0.8953682, -0.445323, -0.0018334982), (-0.8755784, -0.47800115, -0.06983882), (-0.8785131, -0.4721765, -0.072554186), (-0.733363, -0.5303252, -0.42536333), (-0.8953682, -0.445323, -0.0018334982), (-0.89273536, -0.45058048, 0.001026554), (-0.8785131, -0.4721765, -0.072554186), (-0.733363, -0.5303252, -0.42536333), (-0.7654033, -0.46764237, -0.44211835), (-0.33200783, -0.32369313, -0.88599867), (-0.7654033, -0.46764237, -0.44211835), (-0.733363, -0.5303252, -0.42536333), (-0.8785131, -0.4721765, -0.072554186), (-0.4026568, -0.18762846, -0.8959147), (-0.33200783, -0.32369313, -0.88599867), (-0.7654033, -0.46764237, -0.44211835), (-0.8816376, -0.46607396, -0.07409706), (-0.8785131, -0.4721765, -0.072554186), (-0.89273536, -0.45058048, 0.001026554), (-0.8785131, -0.4721765, -0.072554186), (-0.8816376, -0.46607396, -0.07409706), (-0.7654033, -0.46764237, -0.44211835), (-0.89273536, -0.45058048, 0.001026554), (-0.88986826, -0.45620897, 0.0028398545), (-0.8816376, -0.46607396, -0.07409706), (-0.7654033, -0.46764237, -0.44211835), (-0.7988088, -0.40334114, -0.44634137), (-0.4026568, -0.18762846, -0.8959147), (-0.7988088, -0.40334114, -0.44634137), (-0.7654033, -0.46764237, -0.44211835), (-0.8816376, -0.46607396, -0.07409706), (-0.47362405, -0.052746065, -0.8791462), (-0.4026568, -0.18762846, -0.8959147), (-0.7988088, -0.40334114, -0.44634137), (-0.88489264, -0.45981172, -0.07441936), (-0.8816376, -0.46607396, -0.07409706), (-0.88986826, -0.45620897, 0.0028398545), (-0.8816376, -0.46607396, -0.07409706), (-0.88489264, -0.45981172, -0.07441936), (-0.7988088, -0.40334114, -0.44634137), (-0.88986826, -0.45620897, 0.0028398545), (-0.8868803, -0.46198595, 0.0035176557), (-0.88489264, -0.45981172, -0.07441936), (-0.7988088, -0.40334114, -0.44634137), (-0.8322971, -0.33973393, -0.4380211), (-0.47362405, -0.052746065, -0.8791462), (-0.8322971, -0.33973393, -0.4380211), (-0.7988088, -0.40334114, -0.44634137), (-0.88489264, -0.45981172, -0.07441936), (-0.54315823, 0.07729552, -0.8360649), (-0.47362405, -0.052746065, -0.8791462), (-0.8322971, -0.33973393, -0.4380211), (-0.8881438, -0.45364606, -0.073525585), (-0.88489264, -0.45981172, -0.07441936), (-0.8868803, -0.46198595, 0.0035176557), (-0.88489264, -0.45981172, -0.07441936), (-0.8881438, -0.45364606, -0.073525585), (-0.8322971, -0.33973393, -0.4380211), (-0.8868803, -0.46198595, 0.0035176557), (-0.8838338, -0.46779108, 0.0030622112), (-0.8881438, -0.45364606, -0.073525585), (-0.8322971, -0.33973393, -0.4380211), (-0.8651055, -0.27842173, -0.41722137), (-0.54315823, 0.07729552, -0.8360649), (-0.8651055, -0.27842173, -0.41722137), (-0.8322971, -0.33973393, -0.4380211), (-0.8881438, -0.45364606, -0.073525585), (-0.60832363, 0.19791307, -0.76861745), (-0.54315823, 0.07729552, -0.8360649), (-0.8651055, -0.27842173, -0.41722137), (-0.8913265, -0.44770193, -0.07141588), (-0.8881438, -0.45364606, -0.073525585), (-0.8838338, -0.46779108, 0.0030622112), (-0.8881438, -0.45364606, -0.073525585), (-0.8913265, -0.44770193, -0.07141588), (-0.8651055, -0.27842173, -0.41722137), (-0.8838338, -0.46779108, 0.0030622112), (-0.8808517, -0.47339025, 0.0014756453), (-0.8913265, -0.44770193, -0.07141588), (-0.8651055, -0.27842173, -0.41722137), (-0.8955731, -0.21794891, -0.38787523), (-0.60832363, 0.19791307, -0.76861745), (-0.8955731, -0.21794891, -0.38787523), (-0.8651055, -0.27842173, -0.41722137), (-0.8913265, -0.44770193, -0.07141588), (-0.6688407, 0.3064504, -0.67730373), (-0.60832363, 0.19791307, -0.76861745), (-0.8955731, -0.21794891, -0.38787523), (-0.8943121, -0.44221684, -0.06819324), (-0.8913265, -0.44770193, -0.07141588), (-0.8808517, -0.47339025, 0.0014756453), (-0.8913265, -0.44770193, -0.07141588), (-0.8943121, -0.44221684, -0.06819324), (-0.8955731, -0.21794891, -0.38787523), (-0.8808517, -0.47339025, 0.0014756453), (-0.8713546, -0.49000221, 0.0252788), (-0.8943121, -0.44221684, -0.06819324), (-0.8955731, -0.21794891, -0.38787523), (-0.9229625, -0.16422194, -0.34809685), (-0.6688407, 0.3064504, -0.67730373), (-0.9229625, -0.16422194, -0.34809685), (-0.8955731, -0.21794891, -0.38787523), (-0.8943121, -0.44221684, -0.06819324), (-0.7206934, 0.3980907, -0.56756043), (-0.6688407, 0.3064504, -0.67730373), (-0.9229625, -0.16422194, -0.34809685), (-0.8970386, -0.43730757, -0.063906685), (-0.8943121, -0.44221684, -0.06819324), (-0.8713546, -0.49000221, 0.0252788), (-0.8943121, -0.44221684, -0.06819324), (-0.8970386, -0.43730757, -0.063906685), (-0.9229625, -0.16422194, -0.34809685), (-0.8713546, -0.49000221, 0.0252788), (-0.8605742, -0.50836754, 0.031218367), (-0.8970386, -0.43730757, -0.063906685), (-0.9229625, -0.16422194, -0.34809685), (-0.9488469, -0.12124264, -0.2915303), (-0.7206934, 0.3980907, -0.56756043), (-0.9488469, -0.12124264, -0.2915303), (-0.9229625, -0.16422194, -0.34809685), (-0.8970386, -0.43730757, -0.063906685), (-0.76449996, 0.47221676, -0.43880653), (-0.7206934, 0.3980907, -0.56756043), (-0.9488469, -0.12124264, -0.2915303), (-0.8993985, -0.43316466, -0.058743525), (-0.8970386, -0.43730757, -0.063906685), (-0.8605742, -0.50836754, 0.031218367), (-0.8970386, -0.43730757, -0.063906685), (-0.8993985, -0.43316466, -0.058743525), (-0.9488469, -0.12124264, -0.2915303), (-0.8605742, -0.50836754, 0.031218367), (-0.85592985, -0.5167145, 0.019759798), (-0.8993985, -0.43316466, -0.058743525), (-0.90134, -0.42988217, -0.052796856), (-0.8993985, -0.43316466, -0.058743525), (-0.85592985, -0.5167145, 0.019759798), (-0.9488469, -0.12124264, -0.2915303), (-0.96867365, -0.08162205, -0.23454078), (-0.76449996, 0.47221676, -0.43880653), (-0.96867365, -0.08162205, -0.23454078), (-0.9488469, -0.12124264, -0.2915303), (-0.8993985, -0.43316466, -0.058743525), (-0.8993985, -0.43316466, -0.058743525), (-0.90134, -0.42988217, -0.052796856), (-0.96867365, -0.08162205, -0.23454078), (-0.7973689, 0.52417326, -0.29907402), (-0.76449996, 0.47221676, -0.43880653), (-0.96867365, -0.08162205, -0.23454078), (-0.98441046, -0.06853071, -0.16198677), (-0.96867365, -0.08162205, -0.23454078), (-0.90134, -0.42988217, -0.052796856), (-0.96867365, -0.08162205, -0.23454078), (-0.98441046, -0.06853071, -0.16198677), (-0.7973689, 0.52417326, -0.29907402), (-0.4861318, -0.8576586, 0.16762348), (-0.47087774, -0.8792001, 0.07267297), (-0.8484246, -0.5289655, -0.019269021), (-0.5086289, -0.82172465, 0.25703153), (-0.4861318, -0.8576586, 0.16762348), (-0.8492569, -0.5279546, -0.0051693204), (-0.8484246, -0.5289655, -0.019269021), (-0.8492569, -0.5279546, -0.0051693204), (-0.4861318, -0.8576586, 0.16762348), (-0.5416022, -0.7709329, 0.3351562), (-0.5086289, -0.82172465, 0.25703153), (-0.8524952, -0.5226816, 0.0074752015), (-0.8492569, -0.5279546, -0.0051693204), (-0.8524952, -0.5226816, 0.0074752015), (-0.5086289, -0.82172465, 0.25703153), (-0.8524952, -0.5226816, 0.0074752015), (-0.85592985, -0.5167145, 0.019759502), (-0.5416022, -0.7709329, 0.3351562), (-0.5805491, -0.7089446, 0.40045005), (-0.5416022, -0.7709329, 0.3351562), (-0.85592985, -0.5167145, 0.019759502), (-0.85592985, -0.5167145, 0.019759502), (-0.8605742, -0.50836754, 0.031218367), (-0.5805491, -0.7089446, 0.40045005), (-0.6114661, -0.6404956, 0.46462312), (-0.5805491, -0.7089446, 0.40045005), (-0.8605742, -0.50836754, 0.031218367), (-0.6906582, -0.57220453, 0.44223675), (-0.6114661, -0.6404956, 0.46462312), (-0.86722565, -0.4965815, 0.03642324), (-0.8605742, -0.50836754, 0.031218367), (-0.86722565, -0.4965815, 0.03642324), (-0.6114661, -0.6404956, 0.46462312), (-0.62503517, -0.47193992, 0.62177473), (-0.6906582, -0.57220453, 0.44223675), (-0.871678, -0.48777026, 0.047515623), (-0.86722565, -0.4965815, 0.03642324), (-0.871678, -0.48777026, 0.047515623), (-0.6906582, -0.57220453, 0.44223675), (-0.871678, -0.48777026, 0.047515623), (-0.8775061, -0.47539383, 0.0631186), (-0.62503517, -0.47193992, 0.62177473), (-0.70481884, -0.367355, 0.60686153), (-0.62503517, -0.47193992, 0.62177473), (-0.8775061, -0.47539383, 0.0631186), (-0.871678, -0.48777026, 0.047515623), (-0.86722565, -0.4965815, 0.03642324), (-0.8943121, -0.44221684, -0.06819306), (-0.8775061, -0.47539383, 0.0631186), (-0.8855839, -0.4600146, 0.0642475), (-0.70481884, -0.367355, 0.60686153), (-0.7658367, -0.27308682, 0.58216643), (-0.70481884, -0.367355, 0.60686153), (-0.8855839, -0.4600146, 0.0642475), (-0.8775061, -0.47539383, 0.0631186), (-0.871678, -0.48777026, 0.047515623), (-0.89132637, -0.44770196, -0.07141606), (-0.8943121, -0.44221684, -0.06819306), (-0.89132637, -0.44770196, -0.07141606), (-0.871678, -0.48777026, 0.047515623), (-0.89132637, -0.44770196, -0.07141606), (-0.88814384, -0.45364597, -0.0735249), (-0.8775061, -0.47539383, 0.0631186), (-0.8855839, -0.4600146, 0.0642475), (-0.8775061, -0.47539383, 0.0631186), (-0.88814384, -0.45364597, -0.0735249), (-0.8855839, -0.4600146, 0.0642475), (-0.8936302, -0.44522294, 0.05658346), (-0.7658367, -0.27308682, 0.58216643), (-0.8331381, -0.21062249, 0.5113894), (-0.7658367, -0.27308682, 0.58216643), (-0.8936302, -0.44522294, 0.05658346), (-0.8936302, -0.44522294, 0.05658346), (-0.89880586, -0.43640688, 0.04119615), (-0.8331381, -0.21062249, 0.5113894), (-0.87479436, -0.13461548, 0.4654176), (-0.8331381, -0.21062249, 0.5113894), (-0.89880586, -0.43640688, 0.04119615), (-0.8936302, -0.44522294, 0.05658346), (-0.8855839, -0.4600146, 0.0642475), (-0.8848926, -0.459812, -0.07441902), (-0.88814384, -0.45364597, -0.0735249), (-0.8848926, -0.459812, -0.07441902), (-0.8855839, -0.4600146, 0.0642475), (-0.92066485, -0.09120477, 0.3795499), (-0.87479436, -0.13461548, 0.4654176), (-0.9046961, -0.42448598, 0.036562126), (-0.89880586, -0.43640688, 0.04119615), (-0.9046961, -0.42448598, 0.036562126), (-0.87479436, -0.13461548, 0.4654176), (-0.92066485, -0.09120477, 0.3795499), (-0.9576143, -0.090445496, 0.27348572), (-0.6881302, 0.42728028, 0.58643717), (-0.7527334, 0.49108875, 0.4384339), (-0.6881302, 0.42728028, 0.58643717), (-0.9576143, -0.090445496, 0.27348572), (-0.9046961, -0.42448598, 0.036562126), (-0.90736735, -0.41994372, 0.01821987), (-0.92066485, -0.09120477, 0.3795499), (-0.9576143, -0.090445496, 0.27348572), (-0.92066485, -0.09120477, 0.3795499), (-0.90736735, -0.41994372, 0.01821987), (-0.9576143, -0.090445496, 0.27348572), (-0.976679, -0.02444181, 0.21330908), (-0.7527334, 0.49108875, 0.4384339), (-0.77893895, 0.55181926, 0.29790872), (-0.7527334, 0.49108875, 0.4384339), (-0.976679, -0.02444181, 0.21330908), (-0.90736735, -0.41994372, 0.01821987), (-0.8996711, -0.43644482, -0.010393273), (-0.9576143, -0.090445496, 0.27348572), (-0.976679, -0.02444181, 0.21330908), (-0.9576143, -0.090445496, 0.27348572), (-0.8996711, -0.43644482, -0.010393273), (-0.976679, -0.02444181, 0.21330908), (-0.9916121, -0.015577221, 0.12830855), (-0.77893895, 0.55181926, 0.29790872), (-0.79378676, 0.59081596, 0.14435753), (-0.77893895, 0.55181926, 0.29790872), (-0.9916121, -0.015577221, 0.12830855), (-0.8996711, -0.43644482, -0.010393273), (-0.9012055, -0.43310252, -0.015839936), (-0.976679, -0.02444181, 0.21330908), (-0.9916121, -0.015577221, 0.12830855), (-0.976679, -0.02444181, 0.21330908), (-0.9012055, -0.43310252, -0.015839936), (-0.9916121, -0.015577221, 0.12830855), (-0.9988122, 0.0040552197, 0.04855582), (-0.79378676, 0.59081596, 0.14435753), (-0.7955192, 0.60579836, -0.012555487), (-0.79378676, 0.59081596, 0.14435753), (-0.9988122, 0.0040552197, 0.04855582), (-0.9012055, -0.43310252, -0.015839936), (-0.9022572, -0.43064648, -0.0218079), (-0.9916121, -0.015577221, 0.12830855), (-0.9988122, 0.0040552197, 0.04855582), (-0.9916121, -0.015577221, 0.12830855), (-0.9022572, -0.43064648, -0.0218079), (-0.9988122, 0.0040552197, 0.04855582), (-0.999382, 0.011225612, -0.033311088), (-0.7955192, 0.60579836, -0.012555487), (-0.7845739, 0.5963367, -0.16978315), (-0.7955192, 0.60579836, -0.012555487), (-0.999382, 0.011225612, -0.033311088), (-0.9022572, -0.43064648, -0.0218079), (-0.902799, -0.42913872, -0.028181456), (-0.9988122, 0.0040552197, 0.04855582), (-0.999382, 0.011225612, -0.033311088), (-0.9988122, 0.0040552197, 0.04855582), (-0.902799, -0.42913872, -0.028181456), (-0.999382, 0.011225612, -0.033311088), (-0.99331015, 0.005590485, -0.11534253), (-0.7845739, 0.5963367, -0.16978315), (-0.76170135, 0.56299853, -0.32069257), (-0.7845739, 0.5963367, -0.16978315), (-0.99331015, 0.005590485, -0.11534253), (-0.902799, -0.42913872, -0.028181456), (-0.90281504, -0.4286268, -0.034700237), (-0.999382, 0.011225612, -0.033311088), (-0.99331015, 0.005590485, -0.11534253), (-0.999382, 0.011225612, -0.033311088), (-0.90281504, -0.4286268, -0.034700237), (-0.99331015, 0.005590485, -0.11534253), (-0.98023945, -0.00015200158, -0.19781503), (-0.76170135, 0.56299853, -0.32069257), (-0.7261946, 0.5061998, -0.46519157), (-0.76170135, 0.56299853, -0.32069257), (-0.98023945, -0.00015200158, -0.19781503), (-0.90281504, -0.4286268, -0.034700237), (-0.9022988, -0.42913496, -0.041232113), (-0.99331015, 0.005590485, -0.11534253), (-0.98023945, -0.00015200158, -0.19781503), (-0.99331015, 0.005590485, -0.11534253), (-0.9022988, -0.42913496, -0.041232113), (-0.98023945, -0.00015200158, -0.19781503), (-0.9596497, -0.020671653, -0.280438), (-0.7261946, 0.5061998, -0.46519157), (-0.68075305, 0.4222393, -0.5985728), (-0.7261946, 0.5061998, -0.46519157), (-0.9596497, -0.020671653, -0.280438), (-0.9022988, -0.42913496, -0.041232113), (-0.90127724, -0.43062955, -0.047515307), (-0.98023945, -0.00015200158, -0.19781503), (-0.9596497, -0.020671653, -0.280438), (-0.98023945, -0.00015200158, -0.19781503), (-0.90127724, -0.43062955, -0.047515307), (-0.9596497, -0.020671653, -0.280438), (-0.95263857, -0.12122736, -0.27889752), (-0.68075305, 0.4222393, -0.5985728), (-0.86149323, 0.03025681, -0.5068668), (-0.68075305, 0.4222393, -0.5985728), (-0.95263857, -0.12122736, -0.27889752), (-0.90127724, -0.43062955, -0.047515307), (-0.89976525, -0.43309268, -0.053417347), (-0.9596497, -0.020671653, -0.280438), (-0.95263857, -0.12122736, -0.27889752), (-0.9596497, -0.020671653, -0.280438), (-0.89976525, -0.43309268, -0.053417347), (-0.89976525, -0.43309268, -0.053417347), (-0.9100942, -0.40639722, -0.08105493), (-0.95263857, -0.12122736, -0.27889752), (-0.86149323, 0.03025681, -0.5068668), (-0.95263857, -0.12122736, -0.27889752), (-0.9100942, -0.40639722, -0.08105493), (-0.9100942, -0.40639722, -0.08105493), (-0.91431206, -0.37946352, -0.14156666), (-0.86149323, 0.03025681, -0.5068668), (-0.8160151, -0.06398048, -0.5744788), (-0.86149323, 0.03025681, -0.5068668), (-0.91431206, -0.37946352, -0.14156666), (-0.91431206, -0.37946352, -0.14156666), (-0.9042524, -0.40098324, -0.14676507), (-0.8160151, -0.06398048, -0.5744788), (-0.76919705, -0.15304603, -0.6204134), (-0.8160151, -0.06398048, -0.5744788), (-0.9042524, -0.40098324, -0.14676507), (-0.9042524, -0.40098324, -0.14676507), (-0.8944293, -0.41913745, -0.15594898), (-0.76919705, -0.15304603, -0.6204134), (-0.71901697, -0.24698995, -0.6496235), (-0.76919705, -0.15304603, -0.6204134), (-0.8944293, -0.41913745, -0.15594898), (-0.8944293, -0.41913745, -0.15594898), (-0.88417566, -0.4383832, -0.1614119), (-0.71901697, -0.24698995, -0.6496235), (-0.66782826, -0.34443417, -0.6598261), (-0.71901697, -0.24698995, -0.6496235), (-0.88417566, -0.4383832, -0.1614119), (-0.88417566, -0.4383832, -0.1614119), (-0.873704, -0.45834088, -0.16298778), (-0.66782826, -0.34443417, -0.6598261), (-0.61714727, -0.4421472, -0.65087277), (-0.66782826, -0.34443417, -0.6598261), (-0.873704, -0.45834088, -0.16298778), (-0.873704, -0.45834088, -0.16298778), (-0.86342907, -0.4782016, -0.1606665), (-0.61714727, -0.4421472, -0.65087277), (-0.5790334, -0.54504025, -0.6063427), (-0.61714727, -0.4421472, -0.65087277), (-0.86342907, -0.4782016, -0.1606665), (-0.86342907, -0.4782016, -0.1606665), (-0.85715127, -0.49600393, -0.13882282), (-0.5790334, -0.54504025, -0.6063427), (-0.5818721, -0.62699556, -0.51797813), (-0.5790334, -0.54504025, -0.6063427), (-0.85715127, -0.49600393, -0.13882282), (-0.85715127, -0.49600393, -0.13882282), (-0.86144125, -0.49699003, -0.10449938), (-0.5818721, -0.62699556, -0.51797813), (-0.55465776, -0.69534606, -0.45699963), (-0.5818721, -0.62699556, -0.51797813), (-0.86144125, -0.49699003, -0.10449938), (-0.86144125, -0.49699003, -0.10449938), (-0.8555576, -0.50852275, -0.097086586), (-0.55465776, -0.69534606, -0.45699963), (-0.51567763, -0.7607753, -0.39407822), (-0.55465776, -0.69534606, -0.45699963), (-0.8555576, -0.50852275, -0.097086586), (-0.8555576, -0.50852275, -0.097086586), (-0.8527068, -0.51547956, -0.084687866), (-0.51567763, -0.7607753, -0.39407822), (-0.49123368, -0.8130747, -0.31240878), (-0.51567763, -0.7607753, -0.39407822), (-0.8527068, -0.51547956, -0.084687866), (-0.47485194, -0.8515005, -0.222402), (-0.49123368, -0.8130747, -0.31240878), (-0.8494196, -0.52264154, -0.073022455), (-0.8527068, -0.51547956, -0.084687866), (-0.8494196, -0.52264154, -0.073022455), (-0.49123368, -0.8130747, -0.31240878), (-0.4664097, -0.8755039, -0.12631279), (-0.47485194, -0.8515005, -0.222402), (-0.8478301, -0.52689815, -0.059685964), (-0.8494196, -0.52264154, -0.073022455), (-0.8478301, -0.52689815, -0.059685964), (-0.47485194, -0.8515005, -0.222402), (-0.8478301, -0.52689815, -0.059685964), (-0.84917355, -0.52615356, -0.045462523), (-0.4664097, -0.8755039, -0.12631279), (-0.4645531, -0.8851274, -0.027200442), (-0.4664097, -0.8755039, -0.12631279), (-0.84917355, -0.52615356, -0.045462523), (-0.8478301, -0.52689815, -0.059685964), (-0.8494196, -0.52264154, -0.073022455), (-0.9017901, -0.4319955, -0.012433875), (-0.84917355, -0.52615356, -0.045462523), (-0.85021144, -0.5254075, -0.032978967), (-0.4645531, -0.8851274, -0.027200442), (-0.47087774, -0.8792001, 0.07267297), (-0.4645531, -0.8851274, -0.027200442), (-0.85021144, -0.5254075, -0.032978967), (-0.85021144, -0.5254075, -0.032978967), (-0.8484246, -0.5289655, -0.019269021), (-0.47087774, -0.8792001, 0.07267297), (-0.84917355, -0.52615356, -0.045462523), (-0.8478301, -0.52689815, -0.059685964), (-0.90310335, -0.42901585, -0.018703463), (-0.9017901, -0.4319955, -0.012433875), (-0.90310335, -0.42901585, -0.018703463), (-0.8478301, -0.52689815, -0.059685964), (-0.85021144, -0.5254075, -0.032978967), (-0.84917355, -0.52615356, -0.045462523), (-0.9038684, -0.42705563, -0.025408724), (-0.90310335, -0.42901585, -0.018703463), (-0.9038684, -0.42705563, -0.025408724), (-0.84917355, -0.52615356, -0.045462523), (-0.8484246, -0.5289655, -0.019269021), (-0.85021144, -0.5254075, -0.032978967), (-0.90407616, -0.42614073, -0.032410618), (-0.9038684, -0.42705563, -0.025408724), (-0.90407616, -0.42614073, -0.032410618), (-0.85021144, -0.5254075, -0.032978967), (-0.90407616, -0.42614073, -0.032410618), (-0.90371203, -0.42632177, -0.039426535), (-0.8484246, -0.5289655, -0.019269021), (-0.8492569, -0.5279546, -0.0051693204), (-0.8484246, -0.5289655, -0.019269021), (-0.90371203, -0.42632177, -0.039426535), (-0.90407616, -0.42614073, -0.032410618), (-0.9038684, -0.42705563, -0.025408724), (-0.99675286, -0.06075288, 0.052849486), (-0.90371203, -0.42632177, -0.039426535), (-0.90278935, -0.42758185, -0.046316355), (-0.8492569, -0.5279546, -0.0051693204), (-0.8524952, -0.5226816, 0.0074752015), (-0.8492569, -0.5279546, -0.0051693204), (-0.90278935, -0.42758185, -0.046316355), (-0.90371203, -0.42632177, -0.039426535), (-0.90407616, -0.42614073, -0.032410618), (-0.9984549, -0.052144874, -0.019203072), (-0.99675286, -0.06075288, 0.052849486), (-0.9984549, -0.052144874, -0.019203072), (-0.90407616, -0.42614073, -0.032410618), (-0.90278935, -0.42758185, -0.046316355), (-0.90371203, -0.42632177, -0.039426535), (-0.9943048, -0.05481101, -0.09139911), (-0.9984549, -0.052144874, -0.019203072), (-0.9943048, -0.05481101, -0.09139911), (-0.90371203, -0.42632177, -0.039426535), (-0.90278935, -0.42758185, -0.046316355), (-0.90134, -0.42988217, -0.052796856), (-0.8524952, -0.5226816, 0.0074752015), (-0.85592985, -0.5167145, 0.019759502), (-0.8524952, -0.5226816, 0.0074752015), (-0.90134, -0.42988217, -0.052796856), (-0.9943048, -0.05481101, -0.09139911), (-0.9984549, -0.052144874, -0.019203072), (-0.8277914, 0.5610246, 0.0035880867), (-0.8246533, 0.54364085, 0.15620995), (-0.8277914, 0.5610246, 0.0035880867), (-0.9984549, -0.052144874, -0.019203072), (-0.9984549, -0.052144874, -0.019203072), (-0.99675286, -0.06075288, 0.052849486), (-0.8246533, 0.54364085, 0.15620995), (-0.8277914, 0.5610246, 0.0035880867), (-0.8186078, 0.5546006, -0.14933), (-0.9943048, -0.05481101, -0.09139911), (-0.80901974, 0.5038673, 0.30266276), (-0.8246533, 0.54364085, 0.15620995), (-0.99675286, -0.06075288, 0.052849486), (-0.98441046, -0.06853071, -0.16198677), (-0.9943048, -0.05481101, -0.09139911), (-0.8186078, 0.5546006, -0.14933), (-0.9943048, -0.05481101, -0.09139911), (-0.98441046, -0.06853071, -0.16198677), (-0.90278935, -0.42758185, -0.046316355), (-0.90134, -0.42988217, -0.052796856), (-0.90278935, -0.42758185, -0.046316355), (-0.98441046, -0.06853071, -0.16198677), (-0.8186078, 0.5546006, -0.14933), (-0.7973697, 0.52417177, -0.2990744), (-0.98441046, -0.06853071, -0.16198677), (-0.99675286, -0.06075288, 0.052849486), (-0.98927516, -0.07451029, 0.1256303), (-0.80901974, 0.5038673, 0.30266276), (-0.98927516, -0.07451029, 0.1256303), (-0.99675286, -0.06075288, 0.052849486), (-0.9038684, -0.42705563, -0.025408724), (-0.9038684, -0.42705563, -0.025408724), (-0.90310335, -0.42901585, -0.018703463), (-0.98927516, -0.07451029, 0.1256303), (-0.7818811, 0.4407014, 0.44095844), (-0.80901974, 0.5038673, 0.30266276), (-0.98927516, -0.07451029, 0.1256303), (-0.9763484, -0.09840041, 0.1925129), (-0.98927516, -0.07451029, 0.1256303), (-0.90310335, -0.42901585, -0.018703463), (-0.98927516, -0.07451029, 0.1256303), (-0.9763484, -0.09840041, 0.1925129), (-0.7818811, 0.4407014, 0.44095844), (-0.90310335, -0.42901585, -0.018703463), (-0.9017901, -0.4319955, -0.012433875), (-0.9763484, -0.09840041, 0.1925129), (-0.7470042, 0.35232535, 0.56378317), (-0.7818811, 0.4407014, 0.44095844), (-0.9763484, -0.09840041, 0.1925129), (-0.9763484, -0.09840041, 0.1925129), (-0.95607406, -0.19714755, 0.21692204), (-0.7470042, 0.35232535, 0.56378317), (-0.95607406, -0.19714755, 0.21692204), (-0.9763484, -0.09840041, 0.1925129), (-0.9017901, -0.4319955, -0.012433875), (-0.83565474, 0.065215304, 0.54536974), (-0.7470042, 0.35232535, 0.56378317), (-0.95607406, -0.19714755, 0.21692204), (-0.9017901, -0.4319955, -0.012433875), (-0.9102202, -0.4132033, 0.02760672), (-0.95607406, -0.19714755, 0.21692204), (-0.9102202, -0.4132033, 0.02760672), (-0.9017901, -0.4319955, -0.012433875), (-0.8494196, -0.52264154, -0.073022455), (-0.8494196, -0.52264154, -0.073022455), (-0.8527068, -0.51547956, -0.084687866), (-0.9102202, -0.4132033, 0.02760672), (-0.83565474, 0.065215304, 0.54536974), (-0.95607406, -0.19714755, 0.21692204), (-0.9102202, -0.4132033, 0.02760672), (-0.92215925, -0.37779695, 0.08301732), (-0.9102202, -0.4132033, 0.02760672), (-0.8527068, -0.51547956, -0.084687866), (-0.9102202, -0.4132033, 0.02760672), (-0.92215925, -0.37779695, 0.08301732), (-0.83565474, 0.065215304, 0.54536974), (-0.8527068, -0.51547956, -0.084687866), (-0.8555576, -0.50852275, -0.097086586), (-0.92215925, -0.37779695, 0.08301732), (-0.79225725, -0.020967498, 0.6098269), (-0.83565474, 0.065215304, 0.54536974), (-0.92215925, -0.37779695, 0.08301732), (-0.91099995, -0.40265617, 0.089146055), (-0.92215925, -0.37779695, 0.08301732), (-0.8555576, -0.50852275, -0.097086586), (-0.92215925, -0.37779695, 0.08301732), (-0.91099995, -0.40265617, 0.089146055), (-0.79225725, -0.020967498, 0.6098269), (-0.8555576, -0.50852275, -0.097086586), (-0.86144125, -0.49699003, -0.10449938), (-0.91099995, -0.40265617, 0.089146055), (-0.740052, -0.12510067, 0.6608123), (-0.79225725, -0.020967498, 0.6098269), (-0.91099995, -0.40265617, 0.089146055), (-0.9009221, -0.42266354, 0.09846253), (-0.91099995, -0.40265617, 0.089146055), (-0.86144125, -0.49699003, -0.10449938), (-0.91099995, -0.40265617, 0.089146055), (-0.9009221, -0.42266354, 0.09846253), (-0.740052, -0.12510067, 0.6608123), (-0.86144125, -0.49699003, -0.10449938), (-0.85715127, -0.49600393, -0.13882282), (-0.9009221, -0.42266354, 0.09846253), (-0.6843554, -0.2339734, 0.6905898), (-0.740052, -0.12510067, 0.6608123), (-0.9009221, -0.42266354, 0.09846253), (-0.8901892, -0.44362035, 0.10375135), (-0.9009221, -0.42266354, 0.09846253), (-0.85715127, -0.49600393, -0.13882282), (-0.9009221, -0.42266354, 0.09846253), (-0.8901892, -0.44362035, 0.10375135), (-0.6843554, -0.2339734, 0.6905898), (-0.85715127, -0.49600393, -0.13882282), (-0.86342907, -0.4782016, -0.1606665), (-0.8901892, -0.44362035, 0.10375135), (-0.6264144, -0.34571615, 0.6986311), (-0.6843554, -0.2339734, 0.6905898), (-0.8901892, -0.44362035, 0.10375135), (-0.87901324, -0.46512562, 0.10485212), (-0.8901892, -0.44362035, 0.10375135), (-0.86342907, -0.4782016, -0.1606665), (-0.8901892, -0.44362035, 0.10375135), (-0.87901324, -0.46512562, 0.10485212), (-0.6264144, -0.34571615, 0.6986311), (-0.86342907, -0.4782016, -0.1606665), (-0.873704, -0.45834088, -0.16298778), (-0.87901324, -0.46512562, 0.10485212), (-0.56809014, -0.45639303, 0.6848204), (-0.6264144, -0.34571615, 0.6986311), (-0.87901324, -0.46512562, 0.10485212), (-0.86784685, -0.48629615, 0.101773955), (-0.87901324, -0.46512562, 0.10485212), (-0.873704, -0.45834088, -0.16298778), (-0.87901324, -0.46512562, 0.10485212), (-0.86784685, -0.48629615, 0.101773955), (-0.56809014, -0.45639303, 0.6848204), (-0.873704, -0.45834088, -0.16298778), (-0.88417566, -0.4383832, -0.1614119), (-0.86784685, -0.48629615, 0.101773955), (-0.5187644, -0.5588776, 0.64694625), (-0.56809014, -0.45639303, 0.6848204), (-0.86784685, -0.48629615, 0.101773955), (-0.86781484, -0.49201238, 0.06943634), (-0.86784685, -0.48629615, 0.101773955), (-0.88417566, -0.4383832, -0.1614119), (-0.86784685, -0.48629615, 0.101773955), (-0.86781484, -0.49201238, 0.06943634), (-0.5187644, -0.5588776, 0.64694625), (-0.88417566, -0.4383832, -0.1614119), (-0.8944293, -0.41913745, -0.15594898), (-0.86781484, -0.49201238, 0.06943634), (-0.5187644, -0.5588776, 0.64694625), (-0.69632274, -0.6163947, 0.36768508), (-0.17638776, -0.6282887, 0.75772077), (-0.69632274, -0.6163947, 0.36768508), (-0.5187644, -0.5588776, 0.64694625), (-0.86781484, -0.49201238, 0.06943634), (-0.1718991, -0.7443789, 0.6452524), (-0.17638776, -0.6282887, 0.75772077), (-0.69632274, -0.6163947, 0.36768508), (-0.87637335, -0.48163247, 0.000080414495), (-0.86781484, -0.49201238, 0.06943634), (-0.8944293, -0.41913745, -0.15594898), (-0.86781484, -0.49201238, 0.06943634), (-0.87637335, -0.48163247, 0.000080414495), (-0.69632274, -0.6163947, 0.36768508), (-0.8944293, -0.41913745, -0.15594898), (-0.9042524, -0.40098324, -0.14676507), (-0.87637335, -0.48163247, 0.000080414495), (-0.69632274, -0.6163947, 0.36768508), (-0.68186486, -0.6730942, 0.28636456), (-0.1718991, -0.7443789, 0.6452524), (-0.68186486, -0.6730942, 0.28636456), (-0.69632274, -0.6163947, 0.36768508), (-0.87637335, -0.48163247, 0.000080414495), (-0.119285844, -0.8367144, 0.53449035), (-0.1718991, -0.7443789, 0.6452524), (-0.68186486, -0.6730942, 0.28636456), (-0.87364715, -0.48654196, -0.00420644), (-0.87637335, -0.48163247, 0.000080414495), (-0.9042524, -0.40098324, -0.14676507), (-0.87637335, -0.48163247, 0.000080414495), (-0.87364715, -0.48654196, -0.00420644), (-0.68186486, -0.6730942, 0.28636456), (-0.9042524, -0.40098324, -0.14676507), (-0.91431206, -0.37946352, -0.14156666), (-0.87364715, -0.48654196, -0.00420644), (-0.68186486, -0.6730942, 0.28636456), (-0.6628527, -0.71351963, 0.22697182), (-0.119285844, -0.8367144, 0.53449035), (-0.6628527, -0.71351963, 0.22697182), (-0.68186486, -0.6730942, 0.28636456), (-0.87364715, -0.48654196, -0.00420644), (-0.0755671, -0.91052246, 0.4064957), (-0.119285844, -0.8367144, 0.53449035), (-0.6628527, -0.71351963, 0.22697182), (-0.8712868, -0.49068487, -0.009368929), (-0.87364715, -0.48654196, -0.00420644), (-0.91431206, -0.37946352, -0.14156666), (-0.87364715, -0.48654196, -0.00420644), (-0.8712868, -0.49068487, -0.009368929), (-0.6628527, -0.71351963, 0.22697182), (-0.91431206, -0.37946352, -0.14156666), (-0.9100942, -0.40639722, -0.08105493), (-0.8712868, -0.49068487, -0.009368929), (-0.6628527, -0.71351963, 0.22697182), (-0.64258254, -0.74793684, 0.16636768), (-0.0755671, -0.91052246, 0.4064957), (-0.64258254, -0.74793684, 0.16636768), (-0.6628527, -0.71351963, 0.22697182), (-0.8712868, -0.49068487, -0.009368929), (-0.042759538, -0.96296996, 0.26619637), (-0.0755671, -0.91052246, 0.4064957), (-0.64258254, -0.74793684, 0.16636768), (-0.8693458, -0.49396706, -0.015315925), (-0.8712868, -0.49068487, -0.009368929), (-0.9100942, -0.40639722, -0.08105493), (-0.8712868, -0.49068487, -0.009368929), (-0.8693458, -0.49396706, -0.015315925), (-0.64258254, -0.74793684, 0.16636768), (-0.9100942, -0.40639722, -0.08105493), (-0.89976525, -0.43309268, -0.053417347), (-0.8693458, -0.49396706, -0.015315925), (-0.64258254, -0.74793684, 0.16636768), (-0.627269, -0.7723574, 0.09998886), (-0.042759538, -0.96296996, 0.26619637), (-0.627269, -0.7723574, 0.09998886), (-0.64258254, -0.74793684, 0.16636768), (-0.8693458, -0.49396706, -0.015315925), (-0.02145706, -0.99289834, 0.1170152), (-0.042759538, -0.96296996, 0.26619637), (-0.627269, -0.7723574, 0.09998886), (-0.86789584, -0.49626786, -0.021796316), (-0.8693458, -0.49396706, -0.015315925), (-0.89976525, -0.43309268, -0.053417347), (-0.8693458, -0.49396706, -0.015315925), (-0.86789584, -0.49626786, -0.021796316), (-0.627269, -0.7723574, 0.09998886), (-0.89976525, -0.43309268, -0.053417347), (-0.90127724, -0.43062955, -0.047515307), (-0.86789584, -0.49626786, -0.021796316), (-0.627269, -0.7723574, 0.09998886), (-0.6174065, -0.7860946, 0.029402284), (-0.02145706, -0.99289834, 0.1170152), (-0.6174065, -0.7860946, 0.029402284), (-0.627269, -0.7723574, 0.09998886), (-0.86789584, -0.49626786, -0.021796316), (-0.012191082, -0.9992811, -0.035900623), (-0.02145706, -0.99289834, 0.1170152), (-0.6174065, -0.7860946, 0.029402284), (-0.8669738, -0.4975275, -0.0286861), (-0.86789584, -0.49626786, -0.021796316), (-0.90127724, -0.43062955, -0.047515307), (-0.86789584, -0.49626786, -0.021796316), (-0.8669738, -0.4975275, -0.0286861), (-0.6174065, -0.7860946, 0.029402284), (-0.90127724, -0.43062955, -0.047515307), (-0.9022988, -0.42913496, -0.041232113), (-0.8669738, -0.4975275, -0.0286861), (-0.6174065, -0.7860946, 0.029402284), (-0.61322653, -0.7887471, -0.042793524), (-0.012191082, -0.9992811, -0.035900623), (-0.61322653, -0.7887471, -0.042793524), (-0.6174065, -0.7860946, 0.029402284), (-0.8669738, -0.4975275, -0.0286861), (-0.01541435, -0.9819478, -0.18852367), (-0.012191082, -0.9992811, -0.035900623), (-0.61322653, -0.7887471, -0.042793524), (-0.86660904, -0.49770898, -0.03570202), (-0.8669738, -0.4975275, -0.0286861), (-0.9022988, -0.42913496, -0.041232113), (-0.8669738, -0.4975275, -0.0286861), (-0.86660904, -0.49770898, -0.03570202), (-0.61322653, -0.7887471, -0.042793524), (-0.9022988, -0.42913496, -0.041232113), (-0.90281504, -0.4286268, -0.034700237), (-0.86660904, -0.49770898, -0.03570202), (-0.61322653, -0.7887471, -0.042793524), (-0.61495936, -0.780151, -0.11484578), (-0.01541435, -0.9819478, -0.18852367), (-0.61495936, -0.780151, -0.11484578), (-0.61322653, -0.7887471, -0.042793524), (-0.86660904, -0.49770898, -0.03570202), (-0.030804943, -0.9414946, -0.33561736), (-0.01541435, -0.9819478, -0.18852367), (-0.61495936, -0.780151, -0.11484578), (-0.8668174, -0.49679384, -0.042703863), (-0.86660904, -0.49770898, -0.03570202), (-0.90281504, -0.4286268, -0.034700237), (-0.86660904, -0.49770898, -0.03570202), (-0.8668174, -0.49679384, -0.042703863), (-0.61495936, -0.780151, -0.11484578), (-0.90281504, -0.4286268, -0.034700237), (-0.902799, -0.42913872, -0.028181456), (-0.8668174, -0.49679384, -0.042703863), (-0.61495936, -0.780151, -0.11484578), (-0.6224138, -0.7607161, -0.18415248), (-0.030804943, -0.9414946, -0.33561736), (-0.6224138, -0.7607161, -0.18415248), (-0.61495936, -0.780151, -0.11484578), (-0.8668174, -0.49679384, -0.042703863), (-0.058175407, -0.87899244, -0.47327363), (-0.030804943, -0.9414946, -0.33561736), (-0.6224138, -0.7607161, -0.18415248), (-0.8675819, -0.49483377, -0.049409352), (-0.8668174, -0.49679384, -0.042703863), (-0.902799, -0.42913872, -0.028181456), (-0.8668174, -0.49679384, -0.042703863), (-0.8675819, -0.49483377, -0.049409352), (-0.6224138, -0.7607161, -0.18415248), (-0.902799, -0.42913872, -0.028181456), (-0.9022572, -0.43064648, -0.0218079), (-0.8675819, -0.49483377, -0.049409352), (-0.6224138, -0.7607161, -0.18415248), (-0.63553727, -0.7308221, -0.24898118), (-0.058175407, -0.87899244, -0.47327363), (-0.63553727, -0.7308221, -0.24898118), (-0.6224138, -0.7607161, -0.18415248), (-0.8675819, -0.49483377, -0.049409352), (-0.09590715, -0.7968837, -0.5964714), (-0.058175407, -0.87899244, -0.47327363), (-0.63553727, -0.7308221, -0.24898118), (-0.8688956, -0.49185413, -0.055678714), (-0.8675819, -0.49483377, -0.049409352), (-0.9022572, -0.43064648, -0.0218079), (-0.8675819, -0.49483377, -0.049409352), (-0.8688956, -0.49185413, -0.055678714), (-0.63553727, -0.7308221, -0.24898118), (-0.9022572, -0.43064648, -0.0218079), (-0.9012055, -0.43310252, -0.015839936), (-0.8688956, -0.49185413, -0.055678714), (-0.63553727, -0.7308221, -0.24898118), (-0.650719, -0.6929444, -0.31047198), (-0.09590715, -0.7968837, -0.5964714), (-0.650719, -0.6929444, -0.31047198), (-0.63553727, -0.7308221, -0.24898118), (-0.8688956, -0.49185413, -0.055678714), (-0.14389342, -0.69694334, -0.7025417), (-0.09590715, -0.7968837, -0.5964714), (-0.650719, -0.6929444, -0.31047198), (-0.870697, -0.4879892, -0.061264828), (-0.8688956, -0.49185413, -0.055678714), (-0.9012055, -0.43310252, -0.015839936), (-0.8688956, -0.49185413, -0.055678714), (-0.870697, -0.4879892, -0.061264828), (-0.650719, -0.6929444, -0.31047198), (-0.9012055, -0.43310252, -0.015839936), (-0.8996711, -0.43644482, -0.010393273), (-0.870697, -0.4879892, -0.061264828), (-0.650719, -0.6929444, -0.31047198), (-0.6666378, -0.64816475, -0.3680716), (-0.14389342, -0.69694334, -0.7025417), (-0.6666378, -0.64816475, -0.3680716), (-0.650719, -0.6929444, -0.31047198), (-0.870697, -0.4879892, -0.061264828), (-0.20109145, -0.5824559, -0.7875961), (-0.14389342, -0.69694334, -0.7025417), (-0.6666378, -0.64816475, -0.3680716), (-0.8729572, -0.483305, -0.066046014), (-0.870697, -0.4879892, -0.061264828), (-0.8996711, -0.43644482, -0.010393273), (-0.870697, -0.4879892, -0.061264828), (-0.8729572, -0.483305, -0.066046014), (-0.6666378, -0.64816475, -0.3680716), (-0.8996711, -0.43644482, -0.010393273), (-0.90736735, -0.41994372, 0.01821987), (-0.8729572, -0.483305, -0.066046014), (-0.6666378, -0.64816475, -0.3680716), (-0.6953104, -0.5928388, -0.40630722), (-0.20109145, -0.5824559, -0.7875961), (-0.6953104, -0.5928388, -0.40630722), (-0.6666378, -0.64816475, -0.3680716), (-0.8729572, -0.483305, -0.066046014), (-0.26432425, -0.45703363, -0.84926623), (-0.20109145, -0.5824559, -0.7875961), (-0.6953104, -0.5928388, -0.40630722), (-0.8755784, -0.47800115, -0.06983882), (-0.8729572, -0.483305, -0.066046014), (-0.90736735, -0.41994372, 0.01821987), (-0.8729572, -0.483305, -0.066046014), (-0.8755784, -0.47800115, -0.06983882), (-0.6953104, -0.5928388, -0.40630722), (-0.90736735, -0.41994372, 0.01821987), (-0.9046961, -0.42448598, 0.036562126), (-0.8755784, -0.47800115, -0.06983882), (-0.6953104, -0.5928388, -0.40630722), (-0.73335785, -0.53032756, -0.42536908), (-0.26432425, -0.45703363, -0.84926623), (-0.73335785, -0.53032756, -0.42536908), (-0.6953104, -0.5928388, -0.40630722), (-0.8755784, -0.47800115, -0.06983882), (-0.3319846, -0.32368505, -0.88601035), (-0.26432425, -0.45703363, -0.84926623), (-0.73335785, -0.53032756, -0.42536908), (-0.878513, -0.4721767, -0.072554104), (-0.8755784, -0.47800115, -0.06983882), (-0.9046961, -0.42448598, 0.036562126), (-0.8755784, -0.47800115, -0.06983882), (-0.878513, -0.4721767, -0.072554104), (-0.73335785, -0.53032756, -0.42536908), (-0.9046961, -0.42448598, 0.036562126), (-0.89880586, -0.43640688, 0.04119615), (-0.878513, -0.4721767, -0.072554104), (-0.73335785, -0.53032756, -0.42536908), (-0.7654033, -0.46764237, -0.44211838), (-0.3319846, -0.32368505, -0.88601035), (-0.7654033, -0.46764237, -0.44211838), (-0.73335785, -0.53032756, -0.42536908), (-0.878513, -0.4721767, -0.072554104), (-0.40264648, -0.18762104, -0.8959209), (-0.3319846, -0.32368505, -0.88601035), (-0.7654033, -0.46764237, -0.44211838), (-0.88163775, -0.46607366, -0.07409657), (-0.878513, -0.4721767, -0.072554104), (-0.89880586, -0.43640688, 0.04119615), (-0.878513, -0.4721767, -0.072554104), (-0.88163775, -0.46607366, -0.07409657), (-0.7654033, -0.46764237, -0.44211838), (-0.89880586, -0.43640688, 0.04119615), (-0.8936302, -0.44522294, 0.05658346), (-0.88163775, -0.46607366, -0.07409657), (-0.8848926, -0.459812, -0.07441902), (-0.88163775, -0.46607366, -0.07409657), (-0.8936302, -0.44522294, 0.05658346), (-0.7654033, -0.46764237, -0.44211838), (-0.7988086, -0.40334103, -0.44634172), (-0.40264648, -0.18762104, -0.8959209), (-0.7988086, -0.40334103, -0.44634172), (-0.7654033, -0.46764237, -0.44211838), (-0.88163775, -0.46607366, -0.07409657), (-0.88163775, -0.46607366, -0.07409657), (-0.8848926, -0.459812, -0.07441902), (-0.7988086, -0.40334103, -0.44634172), (-0.47360703, -0.052738853, -0.8791558), (-0.40264648, -0.18762104, -0.8959209), (-0.7988086, -0.40334103, -0.44634172), (-0.8322971, -0.33973393, -0.4380211), (-0.7988086, -0.40334103, -0.44634172), (-0.8848926, -0.459812, -0.07441902), (-0.7988086, -0.40334103, -0.44634172), (-0.8322971, -0.33973393, -0.4380211), (-0.47360703, -0.052738853, -0.8791558), (-0.8848926, -0.459812, -0.07441902), (-0.88814384, -0.45364597, -0.0735249), (-0.8322971, -0.33973393, -0.4380211), (-0.5431596, 0.077298336, -0.8360638), (-0.47360703, -0.052738853, -0.8791558), (-0.8322971, -0.33973393, -0.4380211), (-0.86510706, -0.27842265, -0.417218), (-0.8322971, -0.33973393, -0.4380211), (-0.88814384, -0.45364597, -0.0735249), (-0.8322971, -0.33973393, -0.4380211), (-0.86510706, -0.27842265, -0.417218), (-0.5431596, 0.077298336, -0.8360638), (-0.88814384, -0.45364597, -0.0735249), (-0.89132637, -0.44770196, -0.07141606), (-0.86510706, -0.27842265, -0.417218), (-0.60831994, 0.19791837, -0.76861906), (-0.5431596, 0.077298336, -0.8360638), (-0.86510706, -0.27842265, -0.417218), (-0.89557284, -0.21794614, -0.38787737), (-0.86510706, -0.27842265, -0.417218), (-0.89132637, -0.44770196, -0.07141606), (-0.86510706, -0.27842265, -0.417218), (-0.89557284, -0.21794614, -0.38787737), (-0.60831994, 0.19791837, -0.76861906), (-0.89132637, -0.44770196, -0.07141606), (-0.8943121, -0.44221684, -0.06819306), (-0.89557284, -0.21794614, -0.38787737), (-0.66883737, 0.3064546, -0.6773051), (-0.60831994, 0.19791837, -0.76861906), (-0.89557284, -0.21794614, -0.38787737), (-0.89557284, -0.21794614, -0.38787737), (-0.92296237, -0.16421981, -0.3480985), (-0.66883737, 0.3064546, -0.6773051), (-0.92296237, -0.16421981, -0.3480985), (-0.89557284, -0.21794614, -0.38787737), (-0.8943121, -0.44221684, -0.06819306), (-0.72068375, 0.39809754, -0.5675679), (-0.66883737, 0.3064546, -0.6773051), (-0.92296237, -0.16421981, -0.3480985), (-0.8943121, -0.44221684, -0.06819306), (-0.8970386, -0.43730757, -0.063906685), (-0.92296237, -0.16421981, -0.3480985), (-0.8970386, -0.43730757, -0.063906685), (-0.8943121, -0.44221684, -0.06819306), (-0.86722565, -0.4965815, 0.03642324), (-0.86722565, -0.4965815, 0.03642324), (-0.8605742, -0.50836754, 0.031218367), (-0.8970386, -0.43730757, -0.063906685), (-0.92296237, -0.16421981, -0.3480985), (-0.94884676, -0.12124764, -0.29152846), (-0.72068375, 0.39809754, -0.5675679), (-0.94884676, -0.12124764, -0.29152846), (-0.92296237, -0.16421981, -0.3480985), (-0.8970386, -0.43730757, -0.063906685), (-0.76449645, 0.4722228, -0.43880635), (-0.72068375, 0.39809754, -0.5675679), (-0.94884676, -0.12124764, -0.29152846), (-0.8993985, -0.43316466, -0.058743525), (-0.8970386, -0.43730757, -0.063906685), (-0.8605742, -0.50836754, 0.031218367), (-0.8970386, -0.43730757, -0.063906685), (-0.8993985, -0.43316466, -0.058743525), (-0.94884676, -0.12124764, -0.29152846), (-0.8605742, -0.50836754, 0.031218367), (-0.85592985, -0.5167145, 0.019759502), (-0.8993985, -0.43316466, -0.058743525), (-0.90134, -0.42988217, -0.052796856), (-0.8993985, -0.43316466, -0.058743525), (-0.85592985, -0.5167145, 0.019759502), (-0.94884676, -0.12124764, -0.29152846), (-0.968674, -0.08162823, -0.23453689), (-0.76449645, 0.4722228, -0.43880635), (-0.968674, -0.08162823, -0.23453689), (-0.94884676, -0.12124764, -0.29152846), (-0.8993985, -0.43316466, -0.058743525), (-0.8993985, -0.43316466, -0.058743525), (-0.90134, -0.42988217, -0.052796856), (-0.968674, -0.08162823, -0.23453689), (-0.7973697, 0.52417177, -0.2990744), (-0.76449645, 0.4722228, -0.43880635), (-0.968674, -0.08162823, -0.23453689), (-0.98441046, -0.06853071, -0.16198677), (-0.968674, -0.08162823, -0.23453689), (-0.90134, -0.42988217, -0.052796856), (-0.968674, -0.08162823, -0.23453689), (-0.98441046, -0.06853071, -0.16198677), (-0.7973697, 0.52417177, -0.2990744), (-0.48612666, -0.85766095, 0.1676262), (-0.4708787, -0.8791997, 0.07267273), (-0.848424, -0.52896637, -0.019268444), (-0.50863, -0.82172465, 0.25702983), (-0.48612666, -0.85766095, 0.1676262), (-0.84925693, -0.52795464, -0.0051694284), (-0.848424, -0.52896637, -0.019268444), (-0.84925693, -0.52795464, -0.0051694284), (-0.48612666, -0.85766095, 0.1676262), (-0.5416008, -0.7709326, 0.33515924), (-0.50863, -0.82172465, 0.25702983), (-0.85249513, -0.5226818, 0.0074750436), (-0.84925693, -0.52795464, -0.0051694284), (-0.85249513, -0.5226818, 0.0074750436), (-0.50863, -0.82172465, 0.25702983), (-0.85249513, -0.5226818, 0.0074750436), (-0.8559298, -0.5167144, 0.019760013), (-0.5416008, -0.7709326, 0.33515924), (-0.58055013, -0.7089446, 0.40044865), (-0.5416008, -0.7709326, 0.33515924), (-0.8559298, -0.5167144, 0.019760013), (-0.8559298, -0.5167144, 0.019760013), (-0.8605742, -0.50836766, 0.03121817), (-0.58055013, -0.7089446, 0.40044865), (-0.611466, -0.64049685, 0.46462166), (-0.58055013, -0.7089446, 0.40044865), (-0.8605742, -0.50836766, 0.03121817), (-0.6906519, -0.57220453, 0.44224647), (-0.611466, -0.64049685, 0.46462166), (-0.8672255, -0.49658164, 0.036423963), (-0.8605742, -0.50836766, 0.03121817), (-0.8672255, -0.49658164, 0.036423963), (-0.611466, -0.64049685, 0.46462166), (-0.62503314, -0.47193936, 0.6217773), (-0.6906519, -0.57220453, 0.44224647), (-0.87167794, -0.48777044, 0.047516253), (-0.8672255, -0.49658164, 0.036423963), (-0.87167794, -0.48777044, 0.047516253), (-0.6906519, -0.57220453, 0.44224647), (-0.87167794, -0.48777044, 0.047516253), (-0.877506, -0.47539407, 0.06311825), (-0.62503314, -0.47193936, 0.6217773), (-0.70481974, -0.36735815, 0.6068584), (-0.62503314, -0.47193936, 0.6217773), (-0.877506, -0.47539407, 0.06311825), (-0.87167794, -0.48777044, 0.047516253), (-0.8672255, -0.49658164, 0.036423963), (-0.894312, -0.44221693, -0.068193026), (-0.877506, -0.47539407, 0.06311825), (-0.88558376, -0.4600149, 0.06424807), (-0.70481974, -0.36735815, 0.6068584), (-0.765837, -0.27308705, 0.58216584), (-0.70481974, -0.36735815, 0.6068584), (-0.88558376, -0.4600149, 0.06424807), (-0.877506, -0.47539407, 0.06311825), (-0.87167794, -0.48777044, 0.047516253), (-0.8913265, -0.44770196, -0.0714159), (-0.894312, -0.44221693, -0.068193026), (-0.8913265, -0.44770196, -0.0714159), (-0.87167794, -0.48777044, 0.047516253), (-0.8913265, -0.44770196, -0.0714159), (-0.8881438, -0.4536461, -0.07352546), (-0.877506, -0.47539407, 0.06311825), (-0.88558376, -0.4600149, 0.06424807), (-0.877506, -0.47539407, 0.06311825), (-0.8881438, -0.4536461, -0.07352546), (-0.88558376, -0.4600149, 0.06424807), (-0.89363045, -0.44522223, 0.05658455), (-0.765837, -0.27308705, 0.58216584), (-0.83313644, -0.21061976, 0.5113932), (-0.765837, -0.27308705, 0.58216584), (-0.89363045, -0.44522223, 0.05658455), (-0.89363045, -0.44522223, 0.05658455), (-0.8988058, -0.43640694, 0.041196506), (-0.83313644, -0.21061976, 0.5113932), (-0.87479234, -0.13460934, 0.4654232), (-0.83313644, -0.21061976, 0.5113932), (-0.8988058, -0.43640694, 0.041196506), (-0.89363045, -0.44522223, 0.05658455), (-0.88558376, -0.4600149, 0.06424807), (-0.88489264, -0.45981172, -0.07441945), (-0.8881438, -0.4536461, -0.07352546), (-0.88489264, -0.45981172, -0.07441945), (-0.88558376, -0.4600149, 0.06424807), (-0.91307783, -0.068837814, 0.4019331), (-0.87479234, -0.13460934, 0.4654232), (-0.90469617, -0.42448568, 0.036562223), (-0.8988058, -0.43640694, 0.041196506), (-0.90469617, -0.42448568, 0.036562223), (-0.87479234, -0.13460934, 0.4654232), (-0.90469617, -0.42448568, 0.036562223), (-0.9106906, -0.4119629, 0.030483536), (-0.91307783, -0.068837814, 0.4019331), (-0.94468874, -0.015787873, 0.3275883), (-0.91307783, -0.068837814, 0.4019331), (-0.9106906, -0.4119629, 0.030483536), (-0.9106906, -0.4119629, 0.030483536), (-0.91470253, -0.40369633, 0.018670226), (-0.94468874, -0.015787873, 0.3275883), (-0.96506214, 0.052480433, 0.2567116), (-0.94468874, -0.015787873, 0.3275883), (-0.91470253, -0.40369633, 0.018670226), (-0.98181057, 0.09148335, 0.16636953), (-0.96506214, 0.052480433, 0.2567116), (-0.9169546, -0.39895958, 0.00507528), (-0.91470253, -0.40369633, 0.018670226), (-0.9169546, -0.39895958, 0.00507528), (-0.96506214, 0.052480433, 0.2567116), (-0.9908557, 0.1151907, 0.070257716), (-0.98181057, 0.09148335, 0.16636953), (-0.9187305, -0.39479852, -0.008267798), (-0.9169546, -0.39895958, 0.00507528), (-0.9187305, -0.39479852, -0.008267798), (-0.98181057, 0.09148335, 0.16636953), (-0.9187305, -0.39479852, -0.008267798), (-0.91802746, -0.395877, -0.02251601), (-0.9908557, 0.1151907, 0.070257716), (-0.9916961, 0.12533316, -0.028815212), (-0.9908557, 0.1151907, 0.070257716), (-0.91802746, -0.395877, -0.02251601), (-0.9187305, -0.39479852, -0.008267798), (-0.9169546, -0.39895958, 0.00507528), (-0.86889565, -0.49185404, -0.055678587), (-0.91802746, -0.395877, -0.02251601), (-0.9172537, -0.3967619, -0.035009693), (-0.9916961, 0.12533316, -0.028815212), (-0.9844121, 0.119918354, -0.12865606), (-0.9916961, 0.12533316, -0.028815212), (-0.9172537, -0.3967619, -0.035009693), (-0.91802746, -0.395877, -0.02251601), (-0.9187305, -0.39479852, -0.008267798), (-0.86758196, -0.49483368, -0.04940919), (-0.86889565, -0.49185404, -0.055678587), (-0.86758196, -0.49483368, -0.04940919), (-0.9187305, -0.39479852, -0.008267798), (-0.86758196, -0.49483368, -0.04940919), (-0.8668174, -0.49679378, -0.042703748), (-0.91802746, -0.395877, -0.02251601), (-0.9172537, -0.3967619, -0.035009693), (-0.91802746, -0.395877, -0.02251601), (-0.8668174, -0.49679378, -0.042703748), (-0.9172537, -0.3967619, -0.035009693), (-0.91832197, -0.392828, -0.04869252), (-0.9844121, 0.119918354, -0.12865606), (-0.9697276, 0.09807555, -0.22362825), (-0.9844121, 0.119918354, -0.12865606), (-0.91832197, -0.392828, -0.04869252), (-0.91832197, -0.392828, -0.04869252), (-0.9171166, -0.39364487, -0.062777326), (-0.9697276, 0.09807555, -0.22362825), (-0.94771653, 0.06188426, -0.31305557), (-0.9697276, 0.09807555, -0.22362825), (-0.9171166, -0.39364487, -0.062777326), (-0.91832197, -0.392828, -0.04869252), (-0.9172537, -0.3967619, -0.035009693), (-0.8666091, -0.49770892, -0.035702206), (-0.8668174, -0.49679378, -0.042703748), (-0.8666091, -0.49770892, -0.035702206), (-0.9172537, -0.3967619, -0.035009693), (-0.92018837, 0.008248307, -0.39138904), (-0.94771653, 0.06188426, -0.31305557), (-0.91387933, -0.3989189, -0.07542213), (-0.9171166, -0.39364487, -0.062777326), (-0.91387933, -0.3989189, -0.07542213), (-0.94771653, 0.06188426, -0.31305557), (-0.91387933, -0.3989189, -0.07542213), (-0.91020703, -0.40476227, -0.08769661), (-0.92018837, 0.008248307, -0.39138904), (-0.88930285, -0.06158058, -0.4531538), (-0.92018837, 0.008248307, -0.39138904), (-0.91020703, -0.40476227, -0.08769661), (-0.91020703, -0.40476227, -0.08769661), (-0.90532494, -0.41298506, -0.099146836), (-0.88930285, -0.06158058, -0.4531538), (-0.87988967, -0.16013896, -0.44738093), (-0.88930285, -0.06158058, -0.4531538), (-0.90532494, -0.41298506, -0.099146836), (-0.90532494, -0.41298506, -0.099146836), (-0.90234876, -0.4146176, -0.11772483), (-0.87988967, -0.16013896, -0.44738093), (-0.7620468, -0.1251168, -0.63531935), (-0.87988967, -0.16013896, -0.44738093), (-0.90234876, -0.4146176, -0.11772483), (-0.90234876, -0.4146176, -0.11772483), (-0.89442945, -0.4191374, -0.15594861), (-0.7620468, -0.1251168, -0.63531935), (-0.7190158, -0.24698748, -0.64962566), (-0.7620468, -0.1251168, -0.63531935), (-0.89442945, -0.4191374, -0.15594861), (-0.89442945, -0.4191374, -0.15594861), (-0.8841759, -0.43838298, -0.16141088), (-0.7190158, -0.24698748, -0.64962566), (-0.6678283, -0.34443423, -0.6598261), (-0.7190158, -0.24698748, -0.64962566), (-0.8841759, -0.43838298, -0.16141088), (-0.8841759, -0.43838298, -0.16141088), (-0.87370396, -0.45834082, -0.16298838), (-0.6678283, -0.34443423, -0.6598261), (-0.6171468, -0.44214717, -0.650873), (-0.6678283, -0.34443423, -0.6598261), (-0.87370396, -0.45834082, -0.16298838), (-0.87370396, -0.45834082, -0.16298838), (-0.8634289, -0.47820163, -0.1606665), (-0.6171468, -0.44214717, -0.650873), (-0.57903045, -0.5450416, -0.60634434), (-0.6171468, -0.44214717, -0.650873), (-0.8634289, -0.47820163, -0.1606665), (-0.8634289, -0.47820163, -0.1606665), (-0.85715127, -0.49600416, -0.1388226), (-0.57903045, -0.5450416, -0.60634434), (-0.58186436, -0.62700033, -0.51798135), (-0.57903045, -0.5450416, -0.60634434), (-0.85715127, -0.49600416, -0.1388226), (-0.85715127, -0.49600416, -0.1388226), (-0.8614415, -0.49698976, -0.10449808), (-0.58186436, -0.62700033, -0.51798135), (-0.5546672, -0.69534224, -0.45699397), (-0.58186436, -0.62700033, -0.51798135), (-0.8614415, -0.49698976, -0.10449808), (-0.8614415, -0.49698976, -0.10449808), (-0.85555863, -0.50852126, -0.09708589), (-0.5546672, -0.69534224, -0.45699397), (-0.51569027, -0.7607691, -0.39407358), (-0.5546672, -0.69534224, -0.45699397), (-0.85555863, -0.50852126, -0.09708589), (-0.85555863, -0.50852126, -0.09708589), (-0.8527065, -0.51548016, -0.08468788), (-0.51569027, -0.7607691, -0.39407358), (-0.49123058, -0.81307656, -0.31240842), (-0.51569027, -0.7607691, -0.39407358), (-0.8527065, -0.51548016, -0.08468788), (-0.47485396, -0.85149914, -0.22240292), (-0.49123058, -0.81307656, -0.31240842), (-0.8494197, -0.5226414, -0.07302209), (-0.8527065, -0.51548016, -0.08468788), (-0.8494197, -0.5226414, -0.07302209), (-0.49123058, -0.81307656, -0.31240842), (-0.4664079, -0.87550473, -0.12631384), (-0.47485396, -0.85149914, -0.22240292), (-0.8478302, -0.5268982, -0.05968614), (-0.8494197, -0.5226414, -0.07302209), (-0.8478302, -0.5268982, -0.05968614), (-0.47485396, -0.85149914, -0.22240292), (-0.8478302, -0.5268982, -0.05968614), (-0.84917307, -0.52615416, -0.04546273), (-0.4664079, -0.87550473, -0.12631384), (-0.46455836, -0.88512474, -0.027201444), (-0.4664079, -0.87550473, -0.12631384), (-0.84917307, -0.52615416, -0.04546273), (-0.8478302, -0.5268982, -0.05968614), (-0.8494197, -0.5226414, -0.07302209), (-0.9017901, -0.43199557, -0.012434005), (-0.84917307, -0.52615416, -0.04546273), (-0.85021126, -0.5254077, -0.032979075), (-0.46455836, -0.88512474, -0.027201444), (-0.4708787, -0.8791997, 0.07267273), (-0.46455836, -0.88512474, -0.027201444), (-0.85021126, -0.5254077, -0.032979075), (-0.85021126, -0.5254077, -0.032979075), (-0.848424, -0.52896637, -0.019268444), (-0.4708787, -0.8791997, 0.07267273), (-0.84917307, -0.52615416, -0.04546273), (-0.8478302, -0.5268982, -0.05968614), (-0.90310335, -0.42901585, -0.018703558), (-0.9017901, -0.43199557, -0.012434005), (-0.90310335, -0.42901585, -0.018703558), (-0.8478302, -0.5268982, -0.05968614), (-0.85021126, -0.5254077, -0.032979075), (-0.84917307, -0.52615416, -0.04546273), (-0.9038684, -0.4270555, -0.025408735), (-0.90310335, -0.42901585, -0.018703558), (-0.9038684, -0.4270555, -0.025408735), (-0.84917307, -0.52615416, -0.04546273), (-0.848424, -0.52896637, -0.019268444), (-0.85021126, -0.5254077, -0.032979075), (-0.90407616, -0.42614076, -0.03241043), (-0.9038684, -0.4270555, -0.025408735), (-0.90407616, -0.42614076, -0.03241043), (-0.85021126, -0.5254077, -0.032979075), (-0.90407616, -0.42614076, -0.03241043), (-0.903712, -0.42632192, -0.039426707), (-0.848424, -0.52896637, -0.019268444), (-0.84925693, -0.52795464, -0.0051694284), (-0.848424, -0.52896637, -0.019268444), (-0.903712, -0.42632192, -0.039426707), (-0.90407616, -0.42614076, -0.03241043), (-0.9038684, -0.4270555, -0.025408735), (-0.9967522, -0.06076421, 0.05284761), (-0.903712, -0.42632192, -0.039426707), (-0.90278935, -0.42758188, -0.046316132), (-0.84925693, -0.52795464, -0.0051694284), (-0.85249513, -0.5226818, 0.0074750436), (-0.84925693, -0.52795464, -0.0051694284), (-0.90278935, -0.42758188, -0.046316132), (-0.903712, -0.42632192, -0.039426707), (-0.90407616, -0.42614076, -0.03241043), (-0.99845487, -0.052146897, -0.019203292), (-0.9967522, -0.06076421, 0.05284761), (-0.99845487, -0.052146897, -0.019203292), (-0.90407616, -0.42614076, -0.03241043), (-0.90278935, -0.42758188, -0.046316132), (-0.903712, -0.42632192, -0.039426707), (-0.99430466, -0.054812856, -0.091399774), (-0.99845487, -0.052146897, -0.019203292), (-0.99430466, -0.054812856, -0.091399774), (-0.903712, -0.42632192, -0.039426707), (-0.90278935, -0.42758188, -0.046316132), (-0.90134, -0.42988235, -0.0527967), (-0.85249513, -0.5226818, 0.0074750436), (-0.8559298, -0.5167144, 0.019760013), (-0.85249513, -0.5226818, 0.0074750436), (-0.90134, -0.42988235, -0.0527967), (-0.99430466, -0.054812856, -0.091399774), (-0.99845487, -0.052146897, -0.019203292), (-0.8277865, 0.56103176, 0.0035878543), (-0.8246505, 0.5436454, 0.15620877), (-0.8277865, 0.56103176, 0.0035878543), (-0.99845487, -0.052146897, -0.019203292), (-0.99845487, -0.052146897, -0.019203292), (-0.9967522, -0.06076421, 0.05284761), (-0.8246505, 0.5436454, 0.15620877), (-0.8277865, 0.56103176, 0.0035878543), (-0.8186094, 0.55459833, -0.14933006), (-0.99430466, -0.054812856, -0.091399774), (-0.8090211, 0.5038662, 0.30266088), (-0.8246505, 0.5436454, 0.15620877), (-0.9967522, -0.06076421, 0.05284761), (-0.9844107, -0.06853361, -0.16198413), (-0.99430466, -0.054812856, -0.091399774), (-0.8186094, 0.55459833, -0.14933006), (-0.99430466, -0.054812856, -0.091399774), (-0.9844107, -0.06853361, -0.16198413), (-0.90278935, -0.42758188, -0.046316132), (-0.90134, -0.42988235, -0.0527967), (-0.90278935, -0.42758188, -0.046316132), (-0.9844107, -0.06853361, -0.16198413), (-0.8186094, 0.55459833, -0.14933006), (-0.79736924, 0.5241742, -0.2990717), (-0.9844107, -0.06853361, -0.16198413), (-0.9967522, -0.06076421, 0.05284761), (-0.9892749, -0.07452029, 0.12562603), (-0.8090211, 0.5038662, 0.30266088), (-0.9892749, -0.07452029, 0.12562603), (-0.9967522, -0.06076421, 0.05284761), (-0.9038684, -0.4270555, -0.025408735), (-0.9038684, -0.4270555, -0.025408735), (-0.90310335, -0.42901585, -0.018703558), (-0.9892749, -0.07452029, 0.12562603), (-0.78188396, 0.4406951, 0.44095957), (-0.8090211, 0.5038662, 0.30266088), (-0.9892749, -0.07452029, 0.12562603), (-0.97634834, -0.09840388, 0.1925112), (-0.9892749, -0.07452029, 0.12562603), (-0.90310335, -0.42901585, -0.018703558), (-0.9892749, -0.07452029, 0.12562603), (-0.97634834, -0.09840388, 0.1925112), (-0.78188396, 0.4406951, 0.44095957), (-0.90310335, -0.42901585, -0.018703558), (-0.9017901, -0.43199557, -0.012434005), (-0.97634834, -0.09840388, 0.1925112), (-0.7470021, 0.35232642, 0.56378543), (-0.78188396, 0.4406951, 0.44095957), (-0.97634834, -0.09840388, 0.1925112), (-0.97634834, -0.09840388, 0.1925112), (-0.95607394, -0.19714843, 0.2169218), (-0.7470021, 0.35232642, 0.56378543), (-0.95607394, -0.19714843, 0.2169218), (-0.97634834, -0.09840388, 0.1925112), (-0.9017901, -0.43199557, -0.012434005), (-0.8356536, 0.06521811, 0.5453712), (-0.7470021, 0.35232642, 0.56378543), (-0.95607394, -0.19714843, 0.2169218), (-0.9017901, -0.43199557, -0.012434005), (-0.9102204, -0.41320315, 0.02760722), (-0.95607394, -0.19714843, 0.2169218), (-0.9102204, -0.41320315, 0.02760722), (-0.9017901, -0.43199557, -0.012434005), (-0.8494197, -0.5226414, -0.07302209), (-0.8494197, -0.5226414, -0.07302209), (-0.8527065, -0.51548016, -0.08468788), (-0.9102204, -0.41320315, 0.02760722), (-0.8356536, 0.06521811, 0.5453712), (-0.95607394, -0.19714843, 0.2169218), (-0.9102204, -0.41320315, 0.02760722), (-0.9221595, -0.3777962, 0.083017685), (-0.9102204, -0.41320315, 0.02760722), (-0.8527065, -0.51548016, -0.08468788), (-0.9102204, -0.41320315, 0.02760722), (-0.9221595, -0.3777962, 0.083017685), (-0.8356536, 0.06521811, 0.5453712), (-0.8527065, -0.51548016, -0.08468788), (-0.85555863, -0.50852126, -0.09708589), (-0.9221595, -0.3777962, 0.083017685), (-0.79225713, -0.02096553, 0.6098272), (-0.8356536, 0.06521811, 0.5453712), (-0.9221595, -0.3777962, 0.083017685), (-0.911, -0.40265653, 0.0891457), (-0.9221595, -0.3777962, 0.083017685), (-0.85555863, -0.50852126, -0.09708589), (-0.9221595, -0.3777962, 0.083017685), (-0.911, -0.40265653, 0.0891457), (-0.79225713, -0.02096553, 0.6098272), (-0.85555863, -0.50852126, -0.09708589), (-0.8614415, -0.49698976, -0.10449808), (-0.911, -0.40265653, 0.0891457), (-0.74005246, -0.12510218, 0.6608115), (-0.79225713, -0.02096553, 0.6098272), (-0.911, -0.40265653, 0.0891457), (-0.9009221, -0.4226637, 0.09846253), (-0.911, -0.40265653, 0.0891457), (-0.8614415, -0.49698976, -0.10449808), (-0.911, -0.40265653, 0.0891457), (-0.9009221, -0.4226637, 0.09846253), (-0.74005246, -0.12510218, 0.6608115), (-0.8614415, -0.49698976, -0.10449808), (-0.85715127, -0.49600416, -0.1388226), (-0.9009221, -0.4226637, 0.09846253), (-0.6843578, -0.23397796, 0.6905858), (-0.74005246, -0.12510218, 0.6608115), (-0.9009221, -0.4226637, 0.09846253), (-0.890189, -0.4436207, 0.103751846), (-0.9009221, -0.4226637, 0.09846253), (-0.85715127, -0.49600416, -0.1388226), (-0.9009221, -0.4226637, 0.09846253), (-0.890189, -0.4436207, 0.103751846), (-0.6843578, -0.23397796, 0.6905858), (-0.85715127, -0.49600416, -0.1388226), (-0.8634289, -0.47820163, -0.1606665), (-0.890189, -0.4436207, 0.103751846), (-0.6264127, -0.34571284, 0.69863427), (-0.6843578, -0.23397796, 0.6905858), (-0.890189, -0.4436207, 0.103751846), (-0.8790136, -0.46512488, 0.10485268), (-0.890189, -0.4436207, 0.103751846), (-0.8634289, -0.47820163, -0.1606665), (-0.890189, -0.4436207, 0.103751846), (-0.8790136, -0.46512488, 0.10485268), (-0.6264127, -0.34571284, 0.69863427), (-0.8634289, -0.47820163, -0.1606665), (-0.87370396, -0.45834082, -0.16298838), (-0.8790136, -0.46512488, 0.10485268), (-0.568089, -0.45639053, 0.6848231), (-0.6264127, -0.34571284, 0.69863427), (-0.8790136, -0.46512488, 0.10485268), (-0.86784685, -0.4862964, 0.10177292), (-0.8790136, -0.46512488, 0.10485268), (-0.87370396, -0.45834082, -0.16298838), (-0.8790136, -0.46512488, 0.10485268), (-0.86784685, -0.4862964, 0.10177292), (-0.568089, -0.45639053, 0.6848231), (-0.87370396, -0.45834082, -0.16298838), (-0.8841759, -0.43838298, -0.16141088), (-0.86784685, -0.4862964, 0.10177292), (-0.5187661, -0.55888104, 0.6469418), (-0.568089, -0.45639053, 0.6848231), (-0.86784685, -0.4862964, 0.10177292), (-0.867815, -0.4920121, 0.069436006), (-0.86784685, -0.4862964, 0.10177292), (-0.8841759, -0.43838298, -0.16141088), (-0.86784685, -0.4862964, 0.10177292), (-0.867815, -0.4920121, 0.069436006), (-0.5187661, -0.55888104, 0.6469418), (-0.8841759, -0.43838298, -0.16141088), (-0.89442945, -0.4191374, -0.15594861), (-0.867815, -0.4920121, 0.069436006), (-0.5187661, -0.55888104, 0.6469418), (-0.6963141, -0.6163982, 0.3676955), (-0.17639153, -0.62829256, 0.7577167), (-0.6963141, -0.6163982, 0.3676955), (-0.5187661, -0.55888104, 0.6469418), (-0.867815, -0.4920121, 0.069436006), (-0.17188983, -0.74437666, 0.6452576), (-0.17639153, -0.62829256, 0.7577167), (-0.6963141, -0.6163982, 0.3676955), (-0.8763734, -0.4816323, 0.00007995869), (-0.867815, -0.4920121, 0.069436006), (-0.89442945, -0.4191374, -0.15594861), (-0.867815, -0.4920121, 0.069436006), (-0.8763734, -0.4816323, 0.00007995869), (-0.6963141, -0.6163982, 0.3676955), (-0.89442945, -0.4191374, -0.15594861), (-0.90234876, -0.4146176, -0.11772483), (-0.8763734, -0.4816323, 0.00007995869), (-0.6963141, -0.6163982, 0.3676955), (-0.68186, -0.6730962, 0.2863712), (-0.17188983, -0.74437666, 0.6452576), (-0.68186, -0.6730962, 0.2863712), (-0.6963141, -0.6163982, 0.3676955), (-0.8763734, -0.4816323, 0.00007995869), (-0.119274765, -0.83671147, 0.5344974), (-0.17188983, -0.74437666, 0.6452576), (-0.68186, -0.6730962, 0.2863712), (-0.8736473, -0.48654178, -0.004206499), (-0.8763734, -0.4816323, 0.00007995869), (-0.90234876, -0.4146176, -0.11772483), (-0.8763734, -0.4816323, 0.00007995869), (-0.8736473, -0.48654178, -0.004206499), (-0.68186, -0.6730962, 0.2863712), (-0.90234876, -0.4146176, -0.11772483), (-0.90532494, -0.41298506, -0.099146836), (-0.8736473, -0.48654178, -0.004206499), (-0.68186, -0.6730962, 0.2863712), (-0.6628508, -0.7135209, 0.22697333), (-0.119274765, -0.83671147, 0.5344974), (-0.6628508, -0.7135209, 0.22697333), (-0.68186, -0.6730962, 0.2863712), (-0.8736473, -0.48654178, -0.004206499), (-0.07556282, -0.91052324, 0.40649474), (-0.119274765, -0.83671147, 0.5344974), (-0.6628508, -0.7135209, 0.22697333), (-0.87128687, -0.49068475, -0.0093690315), (-0.8736473, -0.48654178, -0.004206499), (-0.90532494, -0.41298506, -0.099146836), (-0.8736473, -0.48654178, -0.004206499), (-0.87128687, -0.49068475, -0.0093690315), (-0.6628508, -0.7135209, 0.22697333), (-0.90532494, -0.41298506, -0.099146836), (-0.91020703, -0.40476227, -0.08769661), (-0.87128687, -0.49068475, -0.0093690315), (-0.6628508, -0.7135209, 0.22697333), (-0.64258176, -0.7479376, 0.16636723), (-0.07556282, -0.91052324, 0.40649474), (-0.64258176, -0.7479376, 0.16636723), (-0.6628508, -0.7135209, 0.22697333), (-0.87128687, -0.49068475, -0.0093690315), (-0.04275005, -0.96296954, 0.2661994), (-0.07556282, -0.91052324, 0.40649474), (-0.64258176, -0.7479376, 0.16636723), (-0.86934566, -0.49396726, -0.015315868), (-0.87128687, -0.49068475, -0.0093690315), (-0.91020703, -0.40476227, -0.08769661), (-0.87128687, -0.49068475, -0.0093690315), (-0.86934566, -0.49396726, -0.015315868), (-0.64258176, -0.7479376, 0.16636723), (-0.91020703, -0.40476227, -0.08769661), (-0.91387933, -0.3989189, -0.07542213), (-0.86934566, -0.49396726, -0.015315868), (-0.64258176, -0.7479376, 0.16636723), (-0.6272734, -0.7723543, 0.09998563), (-0.04275005, -0.96296954, 0.2661994), (-0.6272734, -0.7723543, 0.09998563), (-0.64258176, -0.7479376, 0.16636723), (-0.86934566, -0.49396726, -0.015315868), (-0.021468537, -0.99289846, 0.11701254), (-0.04275005, -0.96296954, 0.2661994), (-0.6272734, -0.7723543, 0.09998563), (-0.86789584, -0.49626786, -0.0217965), (-0.86934566, -0.49396726, -0.015315868), (-0.91387933, -0.3989189, -0.07542213), (-0.86934566, -0.49396726, -0.015315868), (-0.86789584, -0.49626786, -0.0217965), (-0.6272734, -0.7723543, 0.09998563), (-0.91387933, -0.3989189, -0.07542213), (-0.9171166, -0.39364487, -0.062777326), (-0.86789584, -0.49626786, -0.0217965), (-0.6272734, -0.7723543, 0.09998563), (-0.61740947, -0.78609234, 0.029401988), (-0.021468537, -0.99289846, 0.11701254), (-0.61740947, -0.78609234, 0.029401988), (-0.6272734, -0.7723543, 0.09998563), (-0.86789584, -0.49626786, -0.0217965), (-0.012187634, -0.9992811, -0.03589885), (-0.021468537, -0.99289846, 0.11701254), (-0.61740947, -0.78609234, 0.029401988), (-0.8669737, -0.49752757, -0.028685894), (-0.86789584, -0.49626786, -0.0217965), (-0.9171166, -0.39364487, -0.062777326), (-0.86789584, -0.49626786, -0.0217965), (-0.8669737, -0.49752757, -0.028685894), (-0.61740947, -0.78609234, 0.029401988), (-0.9171166, -0.39364487, -0.062777326), (-0.91832197, -0.392828, -0.04869252), (-0.8669737, -0.49752757, -0.028685894), (-0.8666091, -0.49770892, -0.035702206), (-0.8669737, -0.49752757, -0.028685894), (-0.91832197, -0.392828, -0.04869252), (-0.61740947, -0.78609234, 0.029401988), (-0.61322886, -0.78874546, -0.042793088), (-0.012187634, -0.9992811, -0.03589885), (-0.61322886, -0.78874546, -0.042793088), (-0.61740947, -0.78609234, 0.029401988), (-0.8669737, -0.49752757, -0.028685894), (-0.8669737, -0.49752757, -0.028685894), (-0.8666091, -0.49770892, -0.035702206), (-0.61322886, -0.78874546, -0.042793088), (-0.0154191675, -0.98194754, -0.18852419), (-0.012187634, -0.9992811, -0.03589885), (-0.61322886, -0.78874546, -0.042793088), (-0.6149661, -0.7801457, -0.11484506), (-0.61322886, -0.78874546, -0.042793088), (-0.8666091, -0.49770892, -0.035702206), (-0.61322886, -0.78874546, -0.042793088), (-0.6149661, -0.7801457, -0.11484506), (-0.0154191675, -0.98194754, -0.18852419), (-0.8666091, -0.49770892, -0.035702206), (-0.8668174, -0.49679378, -0.042703748), (-0.6149661, -0.7801457, -0.11484506), (-0.030817945, -0.94149435, -0.335617), (-0.0154191675, -0.98194754, -0.18852419), (-0.6149661, -0.7801457, -0.11484506), (-0.62241054, -0.7607186, -0.18415362), (-0.6149661, -0.7801457, -0.11484506), (-0.8668174, -0.49679378, -0.042703748), (-0.6149661, -0.7801457, -0.11484506), (-0.62241054, -0.7607186, -0.18415362), (-0.030817945, -0.94149435, -0.335617), (-0.8668174, -0.49679378, -0.042703748), (-0.86758196, -0.49483368, -0.04940919), (-0.62241054, -0.7607186, -0.18415362), (-0.058182836, -0.87899053, -0.47327656), (-0.030817945, -0.94149435, -0.335617), (-0.62241054, -0.7607186, -0.18415362), (-0.63552475, -0.7308306, -0.24898794), (-0.62241054, -0.7607186, -0.18415362), (-0.86758196, -0.49483368, -0.04940919), (-0.62241054, -0.7607186, -0.18415362), (-0.63552475, -0.7308306, -0.24898794), (-0.058182836, -0.87899053, -0.47327656), (-0.86758196, -0.49483368, -0.04940919), (-0.86889565, -0.49185404, -0.055678587), (-0.63552475, -0.7308306, -0.24898794), (-0.095873274, -0.7968852, -0.596475), (-0.058182836, -0.87899053, -0.47327656), (-0.63552475, -0.7308306, -0.24898794), (-0.63552475, -0.7308306, -0.24898794), (-0.650712, -0.6929495, -0.31047553), (-0.095873274, -0.7968852, -0.596475), (-0.650712, -0.6929495, -0.31047553), (-0.63552475, -0.7308306, -0.24898794), (-0.86889565, -0.49185404, -0.055678587), (-0.14388154, -0.6969428, -0.7025446), (-0.095873274, -0.7968852, -0.596475), (-0.650712, -0.6929495, -0.31047553), (-0.86889565, -0.49185404, -0.055678587), (-0.870697, -0.48798922, -0.0612649), (-0.650712, -0.6929495, -0.31047553), (-0.870697, -0.48798922, -0.0612649), (-0.86889565, -0.49185404, -0.055678587), (-0.9169546, -0.39895958, 0.00507528), (-0.9169546, -0.39895958, 0.00507528), (-0.91470253, -0.40369633, 0.018670226), (-0.870697, -0.48798922, -0.0612649), (-0.650712, -0.6929495, -0.31047553), (-0.6666417, -0.64816195, -0.36806917), (-0.14388154, -0.6969428, -0.7025446), (-0.6666417, -0.64816195, -0.36806917), (-0.650712, -0.6929495, -0.31047553), (-0.870697, -0.48798922, -0.0612649), (-0.201089, -0.5824519, -0.7875997), (-0.14388154, -0.6969428, -0.7025446), (-0.6666417, -0.64816195, -0.36806917), (-0.8729573, -0.4833049, -0.06604593), (-0.870697, -0.48798922, -0.0612649), (-0.91470253, -0.40369633, 0.018670226), (-0.870697, -0.48798922, -0.0612649), (-0.8729573, -0.4833049, -0.06604593), (-0.6666417, -0.64816195, -0.36806917), (-0.91470253, -0.40369633, 0.018670226), (-0.9106906, -0.4119629, 0.030483536), (-0.8729573, -0.4833049, -0.06604593), (-0.6666417, -0.64816195, -0.36806917), (-0.6953083, -0.5928396, -0.40630993), (-0.201089, -0.5824519, -0.7875997), (-0.6953083, -0.5928396, -0.40630993), (-0.6666417, -0.64816195, -0.36806917), (-0.8729573, -0.4833049, -0.06604593), (-0.26430517, -0.45703048, -0.8492738), (-0.201089, -0.5824519, -0.7875997), (-0.6953083, -0.5928396, -0.40630993), (-0.8755785, -0.47800103, -0.069838576), (-0.8729573, -0.4833049, -0.06604593), (-0.9106906, -0.4119629, 0.030483536), (-0.8729573, -0.4833049, -0.06604593), (-0.8755785, -0.47800103, -0.069838576), (-0.6953083, -0.5928396, -0.40630993), (-0.9106906, -0.4119629, 0.030483536), (-0.90469617, -0.42448568, 0.036562223), (-0.8755785, -0.47800103, -0.069838576), (-0.6953083, -0.5928396, -0.40630993), (-0.7333634, -0.53032535, -0.42536247), (-0.26430517, -0.45703048, -0.8492738), (-0.7333634, -0.53032535, -0.42536247), (-0.6953083, -0.5928396, -0.40630993), (-0.8755785, -0.47800103, -0.069838576), (-0.332004, -0.3236921, -0.88600045), (-0.26430517, -0.45703048, -0.8492738), (-0.7333634, -0.53032535, -0.42536247), (-0.8785131, -0.47217652, -0.07255424), (-0.8755785, -0.47800103, -0.069838576), (-0.90469617, -0.42448568, 0.036562223), (-0.8755785, -0.47800103, -0.069838576), (-0.8785131, -0.47217652, -0.07255424), (-0.7333634, -0.53032535, -0.42536247), (-0.90469617, -0.42448568, 0.036562223), (-0.8988058, -0.43640694, 0.041196506), (-0.8785131, -0.47217652, -0.07255424), (-0.7333634, -0.53032535, -0.42536247), (-0.76540416, -0.46764246, -0.44211683), (-0.332004, -0.3236921, -0.88600045), (-0.76540416, -0.46764246, -0.44211683), (-0.7333634, -0.53032535, -0.42536247), (-0.8785131, -0.47217652, -0.07255424), (-0.4026568, -0.18762851, -0.8959146), (-0.332004, -0.3236921, -0.88600045), (-0.76540416, -0.46764246, -0.44211683), (-0.88163763, -0.46607393, -0.07409705), (-0.8785131, -0.47217652, -0.07255424), (-0.8988058, -0.43640694, 0.041196506), (-0.8785131, -0.47217652, -0.07255424), (-0.88163763, -0.46607393, -0.07409705), (-0.76540416, -0.46764246, -0.44211683), (-0.8988058, -0.43640694, 0.041196506), (-0.89363045, -0.44522223, 0.05658455), (-0.88163763, -0.46607393, -0.07409705), (-0.88489264, -0.45981172, -0.07441945), (-0.88163763, -0.46607393, -0.07409705), (-0.89363045, -0.44522223, 0.05658455), (-0.76540416, -0.46764246, -0.44211683), (-0.79880863, -0.4033411, -0.44634163), (-0.4026568, -0.18762851, -0.8959146), (-0.79880863, -0.4033411, -0.44634163), (-0.76540416, -0.46764246, -0.44211683), (-0.88163763, -0.46607393, -0.07409705), (-0.88163763, -0.46607393, -0.07409705), (-0.88489264, -0.45981172, -0.07441945), (-0.79880863, -0.4033411, -0.44634163), (-0.47362337, -0.052745774, -0.87914675), (-0.4026568, -0.18762851, -0.8959146), (-0.79880863, -0.4033411, -0.44634163), (-0.8322976, -0.3397344, -0.43801963), (-0.79880863, -0.4033411, -0.44634163), (-0.88489264, -0.45981172, -0.07441945), (-0.79880863, -0.4033411, -0.44634163), (-0.8322976, -0.3397344, -0.43801963), (-0.47362337, -0.052745774, -0.87914675), (-0.88489264, -0.45981172, -0.07441945), (-0.8881438, -0.4536461, -0.07352546), (-0.8322976, -0.3397344, -0.43801963), (-0.54315907, 0.07729584, -0.8360644), (-0.47362337, -0.052745774, -0.87914675), (-0.8322976, -0.3397344, -0.43801963), (-0.8651054, -0.27842134, -0.41722226), (-0.8322976, -0.3397344, -0.43801963), (-0.8881438, -0.4536461, -0.07352546), (-0.8322976, -0.3397344, -0.43801963), (-0.8651054, -0.27842134, -0.41722226), (-0.54315907, 0.07729584, -0.8360644), (-0.8881438, -0.4536461, -0.07352546), (-0.8913265, -0.44770196, -0.0714159), (-0.8651054, -0.27842134, -0.41722226), (-0.6083199, 0.19791427, -0.7686203), (-0.54315907, 0.07729584, -0.8360644), (-0.8651054, -0.27842134, -0.41722226), (-0.895573, -0.21795006, -0.3878749), (-0.8651054, -0.27842134, -0.41722226), (-0.8913265, -0.44770196, -0.0714159), (-0.8651054, -0.27842134, -0.41722226), (-0.895573, -0.21795006, -0.3878749), (-0.6083199, 0.19791427, -0.7686203), (-0.8913265, -0.44770196, -0.0714159), (-0.894312, -0.44221693, -0.068193026), (-0.895573, -0.21795006, -0.3878749), (-0.6688401, 0.30645245, -0.6773034), (-0.6083199, 0.19791427, -0.7686203), (-0.895573, -0.21795006, -0.3878749), (-0.895573, -0.21795006, -0.3878749), (-0.9229634, -0.16422535, -0.34809318), (-0.6688401, 0.30645245, -0.6773034), (-0.9229634, -0.16422535, -0.34809318), (-0.895573, -0.21795006, -0.3878749), (-0.894312, -0.44221693, -0.068193026), (-0.7206834, 0.39810362, -0.56756413), (-0.6688401, 0.30645245, -0.6773034), (-0.9229634, -0.16422535, -0.34809318), (-0.894312, -0.44221693, -0.068193026), (-0.89703846, -0.43730778, -0.06390648), (-0.9229634, -0.16422535, -0.34809318), (-0.89703846, -0.43730778, -0.06390648), (-0.894312, -0.44221693, -0.068193026), (-0.8672255, -0.49658164, 0.036423963), (-0.8672255, -0.49658164, 0.036423963), (-0.8605742, -0.50836766, 0.03121817), (-0.89703846, -0.43730778, -0.06390648), (-0.9229634, -0.16422535, -0.34809318), (-0.9488467, -0.12124513, -0.29152983), (-0.7206834, 0.39810362, -0.56756413), (-0.9488467, -0.12124513, -0.29152983), (-0.9229634, -0.16422535, -0.34809318), (-0.89703846, -0.43730778, -0.06390648), (-0.76448524, 0.47223485, -0.43881288), (-0.7206834, 0.39810362, -0.56756413), (-0.9488467, -0.12124513, -0.29152983), (-0.8993984, -0.43316486, -0.058743432), (-0.89703846, -0.43730778, -0.06390648), (-0.8605742, -0.50836766, 0.03121817), (-0.89703846, -0.43730778, -0.06390648), (-0.8993984, -0.43316486, -0.058743432), (-0.9488467, -0.12124513, -0.29152983), (-0.8605742, -0.50836766, 0.03121817), (-0.8559298, -0.5167144, 0.019760013), (-0.8993984, -0.43316486, -0.058743432), (-0.90134, -0.42988235, -0.0527967), (-0.8993984, -0.43316486, -0.058743432), (-0.8559298, -0.5167144, 0.019760013), (-0.9488467, -0.12124513, -0.29152983), (-0.968674, -0.081625625, -0.23453778), (-0.76448524, 0.47223485, -0.43881288), (-0.968674, -0.081625625, -0.23453778), (-0.9488467, -0.12124513, -0.29152983), (-0.8993984, -0.43316486, -0.058743432), (-0.8993984, -0.43316486, -0.058743432), (-0.90134, -0.42988235, -0.0527967), (-0.968674, -0.081625625, -0.23453778), (-0.79736924, 0.5241742, -0.2990717), (-0.76448524, 0.47223485, -0.43881288), (-0.968674, -0.081625625, -0.23453778), (-0.9844107, -0.06853361, -0.16198413), (-0.968674, -0.081625625, -0.23453778), (-0.90134, -0.42988235, -0.0527967), (-0.968674, -0.081625625, -0.23453778), (-0.9844107, -0.06853361, -0.16198413), (-0.79736924, 0.5241742, -0.2990717), (-0.486125, -0.8576618, 0.1676274), (-0.4708761, -0.87920094, 0.07267333), (-0.84842414, -0.5289661, -0.01926844), (-0.5086295, -0.8217249, 0.25703004), (-0.486125, -0.8576618, 0.1676274), (-0.8492569, -0.52795464, -0.005169531), (-0.84842414, -0.5289661, -0.01926844), (-0.8492569, -0.52795464, -0.005169531), (-0.486125, -0.8576618, 0.1676274), (-0.5416008, -0.7709326, 0.33515924), (-0.5086295, -0.8217249, 0.25703004), (-0.8524954, -0.5226815, 0.0074749915), (-0.8492569, -0.52795464, -0.005169531), (-0.8524954, -0.5226815, 0.0074749915), (-0.5086295, -0.8217249, 0.25703004), (-0.8524954, -0.5226815, 0.0074749915), (-0.85592985, -0.5167144, 0.019759713), (-0.5416008, -0.7709326, 0.33515924), (-0.58055186, -0.708945, 0.40044567), (-0.5416008, -0.7709326, 0.33515924), (-0.85592985, -0.5167144, 0.019759713), (-0.85592985, -0.5167144, 0.019759713), (-0.8605742, -0.50836766, 0.03121817), (-0.58055186, -0.708945, 0.40044567), (-0.611466, -0.64049685, 0.46462166), (-0.58055186, -0.708945, 0.40044567), (-0.8605742, -0.50836766, 0.03121817), (-0.6906565, -0.5722047, 0.44223925), (-0.611466, -0.64049685, 0.46462166), (-0.8672255, -0.49658173, 0.03642361), (-0.8605742, -0.50836766, 0.03121817), (-0.8672255, -0.49658173, 0.03642361), (-0.611466, -0.64049685, 0.46462166), (-0.62503564, -0.47193953, 0.6217746), (-0.6906565, -0.5722047, 0.44223925), (-0.87167794, -0.48777044, 0.047516253), (-0.8672255, -0.49658173, 0.03642361), (-0.87167794, -0.48777044, 0.047516253), (-0.6906565, -0.5722047, 0.44223925), (-0.87167794, -0.48777044, 0.047516253), (-0.8775061, -0.4753938, 0.06311869), (-0.62503564, -0.47193953, 0.6217746), (-0.7048186, -0.3673549, 0.60686165), (-0.62503564, -0.47193953, 0.6217746), (-0.8775061, -0.4753938, 0.06311869), (-0.87167794, -0.48777044, 0.047516253), (-0.8672255, -0.49658173, 0.03642361), (-0.894312, -0.4422169, -0.06819285), (-0.8775061, -0.4753938, 0.06311869), (-0.8855839, -0.46001458, 0.0642477), (-0.7048186, -0.3673549, 0.60686165), (-0.7658371, -0.27308708, 0.58216584), (-0.7048186, -0.3673549, 0.60686165), (-0.8855839, -0.46001458, 0.0642477), (-0.8775061, -0.4753938, 0.06311869), (-0.87167794, -0.48777044, 0.047516253), (-0.8913264, -0.44770202, -0.07141608), (-0.894312, -0.4422169, -0.06819285), (-0.8913264, -0.44770202, -0.07141608), (-0.87167794, -0.48777044, 0.047516253), (-0.8913264, -0.44770202, -0.07141608), (-0.88814384, -0.453646, -0.07352478), (-0.8775061, -0.4753938, 0.06311869), (-0.8855839, -0.46001458, 0.0642477), (-0.8775061, -0.4753938, 0.06311869), (-0.88814384, -0.453646, -0.07352478), (-0.8855839, -0.46001458, 0.0642477), (-0.8936302, -0.44522294, 0.05658366), (-0.7658371, -0.27308708, 0.58216584), (-0.8331392, -0.21062444, 0.5113868), (-0.7658371, -0.27308708, 0.58216584), (-0.8936302, -0.44522294, 0.05658366), (-0.8936302, -0.44522294, 0.05658366), (-0.89880586, -0.43640676, 0.041196227), (-0.8331392, -0.21062444, 0.5113868), (-0.87479377, -0.1346115, 0.46541983), (-0.8331392, -0.21062444, 0.5113868), (-0.89880586, -0.43640676, 0.041196227), (-0.8936302, -0.44522294, 0.05658366), (-0.8855839, -0.46001458, 0.0642477), (-0.8848926, -0.459812, -0.0744191), (-0.88814384, -0.453646, -0.07352478), (-0.8848926, -0.459812, -0.0744191), (-0.8855839, -0.46001458, 0.0642477), (-0.91307825, -0.06884158, 0.40193182), (-0.87479377, -0.1346115, 0.46541983), (-0.9046961, -0.42448583, 0.03656196), (-0.89880586, -0.43640676, 0.041196227), (-0.9046961, -0.42448583, 0.03656196), (-0.87479377, -0.1346115, 0.46541983), (-0.9046961, -0.42448583, 0.03656196), (-0.9106906, -0.4119629, 0.030483536), (-0.91307825, -0.06884158, 0.40193182), (-0.94468874, -0.015787873, 0.3275883), (-0.91307825, -0.06884158, 0.40193182), (-0.9106906, -0.4119629, 0.030483536), (-0.9106906, -0.4119629, 0.030483536), (-0.9147029, -0.4036957, 0.018670337), (-0.94468874, -0.015787873, 0.3275883), (-0.965061, 0.052489243, 0.2567141), (-0.94468874, -0.015787873, 0.3275883), (-0.9147029, -0.4036957, 0.018670337), (-0.98180985, 0.09148766, 0.16637135), (-0.965061, 0.052489243, 0.2567141), (-0.9169547, -0.39895916, 0.0050753523), (-0.9147029, -0.4036957, 0.018670337), (-0.9169547, -0.39895916, 0.0050753523), (-0.965061, 0.052489243, 0.2567141), (-0.9908559, 0.11518952, 0.07025787), (-0.98180985, 0.09148766, 0.16637135), (-0.91873026, -0.39479923, -0.008267773), (-0.9169547, -0.39895916, 0.0050753523), (-0.91873026, -0.39479923, -0.008267773), (-0.98180985, 0.09148766, 0.16637135), (-0.91873026, -0.39479923, -0.008267773), (-0.91802746, -0.395877, -0.02251601), (-0.9908559, 0.11518952, 0.07025787), (-0.9916962, 0.12533347, -0.028815236), (-0.9908559, 0.11518952, 0.07025787), (-0.91802746, -0.395877, -0.02251601), (-0.91873026, -0.39479923, -0.008267773), (-0.9169547, -0.39895916, 0.0050753523), (-0.86889577, -0.4918538, -0.05567851), (-0.91802746, -0.395877, -0.02251601), (-0.9172537, -0.39676213, -0.03500971), (-0.9916962, 0.12533347, -0.028815236), (-0.9844121, 0.1199195, -0.12865593), (-0.9916962, 0.12533347, -0.028815236), (-0.9172537, -0.39676213, -0.03500971), (-0.91802746, -0.395877, -0.02251601), (-0.91873026, -0.39479923, -0.008267773), (-0.86758196, -0.49483368, -0.04940919), (-0.86889577, -0.4918538, -0.05567851), (-0.86758196, -0.49483368, -0.04940919), (-0.91873026, -0.39479923, -0.008267773), (-0.86758196, -0.49483368, -0.04940919), (-0.86681736, -0.49679393, -0.042703755), (-0.91802746, -0.395877, -0.02251601), (-0.9172537, -0.39676213, -0.03500971), (-0.91802746, -0.395877, -0.02251601), (-0.86681736, -0.49679393, -0.042703755), (-0.9172537, -0.39676213, -0.03500971), (-0.91832215, -0.39282763, -0.04869248), (-0.9844121, 0.1199195, -0.12865593), (-0.9697279, 0.09807525, -0.22362716), (-0.9844121, 0.1199195, -0.12865593), (-0.91832215, -0.39282763, -0.04869248), (-0.91832215, -0.39282763, -0.04869248), (-0.91711664, -0.39364484, -0.06277759), (-0.9697279, 0.09807525, -0.22362716), (-0.94771385, 0.061893955, -0.31306157), (-0.9697279, 0.09807525, -0.22362716), (-0.91711664, -0.39364484, -0.06277759), (-0.91832215, -0.39282763, -0.04869248), (-0.9172537, -0.39676213, -0.03500971), (-0.8666091, -0.49770895, -0.035702214), (-0.86681736, -0.49679393, -0.042703755), (-0.8666091, -0.49770895, -0.035702214), (-0.9172537, -0.39676213, -0.03500971), (-0.92018884, 0.008250187, -0.39138782), (-0.94771385, 0.061893955, -0.31306157), (-0.91387933, -0.3989189, -0.07542213), (-0.91711664, -0.39364484, -0.06277759), (-0.91387933, -0.3989189, -0.07542213), (-0.94771385, 0.061893955, -0.31306157), (-0.91387933, -0.3989189, -0.07542213), (-0.9102074, -0.40476155, -0.08769654), (-0.92018884, 0.008250187, -0.39138782), (-0.8893049, -0.061585564, -0.45314905), (-0.92018884, 0.008250187, -0.39138782), (-0.9102074, -0.40476155, -0.08769654), (-0.9102074, -0.40476155, -0.08769654), (-0.9053251, -0.41298455, -0.099147454), (-0.8893049, -0.061585564, -0.45314905), (-0.8798899, -0.16014262, -0.44737914), (-0.8893049, -0.061585564, -0.45314905), (-0.9053251, -0.41298455, -0.099147454), (-0.9053251, -0.41298455, -0.099147454), (-0.90234876, -0.4146175, -0.117724985), (-0.8798899, -0.16014262, -0.44737914), (-0.76205224, -0.12512226, -0.6353116), (-0.8798899, -0.16014262, -0.44737914), (-0.90234876, -0.4146175, -0.117724985), (-0.90234876, -0.4146175, -0.117724985), (-0.89442945, -0.4191374, -0.1559486), (-0.76205224, -0.12512226, -0.6353116), (-0.7190175, -0.24699, -0.649623), (-0.76205224, -0.12512226, -0.6353116), (-0.89442945, -0.4191374, -0.1559486), (-0.89442945, -0.4191374, -0.1559486), (-0.8841756, -0.43838325, -0.16141143), (-0.7190175, -0.24699, -0.649623), (-0.6678283, -0.34443423, -0.6598261), (-0.7190175, -0.24699, -0.649623), (-0.8841756, -0.43838325, -0.16141143), (-0.8841756, -0.43838325, -0.16141143), (-0.87370396, -0.45834082, -0.16298838), (-0.6678283, -0.34443423, -0.6598261), (-0.6171468, -0.44214717, -0.650873), (-0.6678283, -0.34443423, -0.6598261), (-0.87370396, -0.45834082, -0.16298838), (-0.87370396, -0.45834082, -0.16298838), (-0.8634289, -0.47820163, -0.1606665), (-0.6171468, -0.44214717, -0.650873), (-0.5790337, -0.54504037, -0.6063423), (-0.6171468, -0.44214717, -0.650873), (-0.8634289, -0.47820163, -0.1606665), (-0.8634289, -0.47820163, -0.1606665), (-0.8571514, -0.49600387, -0.13882297), (-0.5790337, -0.54504037, -0.6063423), (-0.58187044, -0.62699705, -0.5179785), (-0.5790337, -0.54504037, -0.6063423), (-0.8571514, -0.49600387, -0.13882297), (-0.8571514, -0.49600387, -0.13882297), (-0.86144125, -0.49698994, -0.104498975), (-0.58187044, -0.62699705, -0.5179785), (-0.554664, -0.6953441, -0.45699522), (-0.58187044, -0.62699705, -0.5179785), (-0.86144125, -0.49698994, -0.104498975), (-0.86144125, -0.49698994, -0.104498975), (-0.855558, -0.50852215, -0.097086504), (-0.554664, -0.6953441, -0.45699522), (-0.51568675, -0.760771, -0.3940745), (-0.554664, -0.6953441, -0.45699522), (-0.855558, -0.50852215, -0.097086504), (-0.855558, -0.50852215, -0.097086504), (-0.85270655, -0.5154801, -0.08468803), (-0.51568675, -0.760771, -0.3940745), (-0.49123058, -0.81307656, -0.31240842), (-0.51568675, -0.760771, -0.3940745), (-0.85270655, -0.5154801, -0.08468803), (-0.47485116, -0.85150075, -0.22240235), (-0.49123058, -0.81307656, -0.31240842), (-0.8494195, -0.52264184, -0.0730222), (-0.85270655, -0.5154801, -0.08468803), (-0.8494195, -0.52264184, -0.0730222), (-0.49123058, -0.81307656, -0.31240842), (-0.46640792, -0.8755048, -0.12631384), (-0.47485116, -0.85150075, -0.22240235), (-0.84783006, -0.52689826, -0.05968608), (-0.8494195, -0.52264184, -0.0730222), (-0.84783006, -0.52689826, -0.05968608), (-0.47485116, -0.85150075, -0.22240235), (-0.84783006, -0.52689826, -0.05968608), (-0.8491734, -0.5261538, -0.04546269), (-0.46640792, -0.8755048, -0.12631384), (-0.46455866, -0.8851245, -0.027201423), (-0.46640792, -0.8755048, -0.12631384), (-0.8491734, -0.5261538, -0.04546269), (-0.84783006, -0.52689826, -0.05968608), (-0.8494195, -0.52264184, -0.0730222), (-0.90179, -0.43199566, -0.01243398), (-0.8491734, -0.5261538, -0.04546269), (-0.85021126, -0.5254077, -0.032979075), (-0.46455866, -0.8851245, -0.027201423), (-0.4708761, -0.87920094, 0.07267333), (-0.46455866, -0.8851245, -0.027201423), (-0.85021126, -0.5254077, -0.032979075), (-0.85021126, -0.5254077, -0.032979075), (-0.84842414, -0.5289661, -0.01926844), (-0.4708761, -0.87920094, 0.07267333), (-0.8491734, -0.5261538, -0.04546269), (-0.84783006, -0.52689826, -0.05968608), (-0.90310335, -0.42901585, -0.018703558), (-0.90179, -0.43199566, -0.01243398), (-0.90310335, -0.42901585, -0.018703558), (-0.84783006, -0.52689826, -0.05968608), (-0.85021126, -0.5254077, -0.032979075), (-0.8491734, -0.5261538, -0.04546269), (-0.90386844, -0.42705548, -0.025408752), (-0.90310335, -0.42901585, -0.018703558), (-0.90386844, -0.42705548, -0.025408752), (-0.8491734, -0.5261538, -0.04546269), (-0.84842414, -0.5289661, -0.01926844), (-0.85021126, -0.5254077, -0.032979075), (-0.90407616, -0.42614076, -0.03241043), (-0.90386844, -0.42705548, -0.025408752), (-0.90407616, -0.42614076, -0.03241043), (-0.85021126, -0.5254077, -0.032979075), (-0.90407616, -0.42614076, -0.03241043), (-0.903712, -0.42632192, -0.039426707), (-0.84842414, -0.5289661, -0.01926844), (-0.8492569, -0.52795464, -0.005169531), (-0.84842414, -0.5289661, -0.01926844), (-0.903712, -0.42632192, -0.039426707), (-0.90407616, -0.42614076, -0.03241043), (-0.90386844, -0.42705548, -0.025408752), (-0.9967522, -0.06076421, 0.05284761), (-0.903712, -0.42632192, -0.039426707), (-0.90278935, -0.42758188, -0.046316132), (-0.8492569, -0.52795464, -0.005169531), (-0.8524954, -0.5226815, 0.0074749915), (-0.8492569, -0.52795464, -0.005169531), (-0.90278935, -0.42758188, -0.046316132), (-0.903712, -0.42632192, -0.039426707), (-0.90407616, -0.42614076, -0.03241043), (-0.99845487, -0.052146897, -0.019203292), (-0.9967522, -0.06076421, 0.05284761), (-0.99845487, -0.052146897, -0.019203292), (-0.90407616, -0.42614076, -0.03241043), (-0.90278935, -0.42758188, -0.046316132), (-0.903712, -0.42632192, -0.039426707), (-0.99430466, -0.054812856, -0.091399774), (-0.99845487, -0.052146897, -0.019203292), (-0.99430466, -0.054812856, -0.091399774), (-0.903712, -0.42632192, -0.039426707), (-0.90278935, -0.42758188, -0.046316132), (-0.90134, -0.42988235, -0.0527967), (-0.8524954, -0.5226815, 0.0074749915), (-0.85592985, -0.5167144, 0.019759713), (-0.8524954, -0.5226815, 0.0074749915), (-0.90134, -0.42988235, -0.0527967), (-0.99430466, -0.054812856, -0.091399774), (-0.99845487, -0.052146897, -0.019203292), (-0.8277865, 0.56103176, 0.0035878543), (-0.8246505, 0.5436454, 0.15620877), (-0.8277865, 0.56103176, 0.0035878543), (-0.99845487, -0.052146897, -0.019203292), (-0.99845487, -0.052146897, -0.019203292), (-0.9967522, -0.06076421, 0.05284761), (-0.8246505, 0.5436454, 0.15620877), (-0.8277865, 0.56103176, 0.0035878543), (-0.8186117, 0.55459505, -0.14932932), (-0.99430466, -0.054812856, -0.091399774), (-0.8090227, 0.50386345, 0.30266118), (-0.8246505, 0.5436454, 0.15620877), (-0.9967522, -0.06076421, 0.05284761), (-0.9844107, -0.06853361, -0.16198413), (-0.99430466, -0.054812856, -0.091399774), (-0.8186117, 0.55459505, -0.14932932), (-0.99430466, -0.054812856, -0.091399774), (-0.9844107, -0.06853361, -0.16198413), (-0.90278935, -0.42758188, -0.046316132), (-0.90134, -0.42988235, -0.0527967), (-0.90278935, -0.42758188, -0.046316132), (-0.9844107, -0.06853361, -0.16198413), (-0.8186117, 0.55459505, -0.14932932), (-0.79736996, 0.52417266, -0.2990721), (-0.9844107, -0.06853361, -0.16198413), (-0.9967522, -0.06076421, 0.05284761), (-0.98927504, -0.07451708, 0.12562752), (-0.8090227, 0.50386345, 0.30266118), (-0.98927504, -0.07451708, 0.12562752), (-0.9967522, -0.06076421, 0.05284761), (-0.90386844, -0.42705548, -0.025408752), (-0.90386844, -0.42705548, -0.025408752), (-0.90310335, -0.42901585, -0.018703558), (-0.98927504, -0.07451708, 0.12562752), (-0.781884, 0.44069523, 0.44095954), (-0.8090227, 0.50386345, 0.30266118), (-0.98927504, -0.07451708, 0.12562752), (-0.97634846, -0.09839814, 0.19251403), (-0.98927504, -0.07451708, 0.12562752), (-0.90310335, -0.42901585, -0.018703558), (-0.98927504, -0.07451708, 0.12562752), (-0.97634846, -0.09839814, 0.19251403), (-0.781884, 0.44069523, 0.44095954), (-0.90310335, -0.42901585, -0.018703558), (-0.90179, -0.43199566, -0.01243398), (-0.97634846, -0.09839814, 0.19251403), (-0.7470003, 0.35233024, 0.56378543), (-0.781884, 0.44069523, 0.44095954), (-0.97634846, -0.09839814, 0.19251403), (-0.97634846, -0.09839814, 0.19251403), (-0.95607394, -0.19714843, 0.2169218), (-0.7470003, 0.35233024, 0.56378543), (-0.95607394, -0.19714843, 0.2169218), (-0.97634846, -0.09839814, 0.19251403), (-0.90179, -0.43199566, -0.01243398), (-0.8356536, 0.06521811, 0.5453712), (-0.7470003, 0.35233024, 0.56378543), (-0.95607394, -0.19714843, 0.2169218), (-0.90179, -0.43199566, -0.01243398), (-0.9102204, -0.41320315, 0.02760722), (-0.95607394, -0.19714843, 0.2169218), (-0.9102204, -0.41320315, 0.02760722), (-0.90179, -0.43199566, -0.01243398), (-0.8494195, -0.52264184, -0.0730222), (-0.8494195, -0.52264184, -0.0730222), (-0.85270655, -0.5154801, -0.08468803), (-0.9102204, -0.41320315, 0.02760722), (-0.8356536, 0.06521811, 0.5453712), (-0.95607394, -0.19714843, 0.2169218), (-0.9102204, -0.41320315, 0.02760722), (-0.9221595, -0.3777962, 0.083017685), (-0.9102204, -0.41320315, 0.02760722), (-0.85270655, -0.5154801, -0.08468803), (-0.9102204, -0.41320315, 0.02760722), (-0.9221595, -0.3777962, 0.083017685), (-0.8356536, 0.06521811, 0.5453712), (-0.85270655, -0.5154801, -0.08468803), (-0.855558, -0.50852215, -0.097086504), (-0.9221595, -0.3777962, 0.083017685), (-0.79225713, -0.02096553, 0.6098272), (-0.8356536, 0.06521811, 0.5453712), (-0.9221595, -0.3777962, 0.083017685), (-0.911, -0.40265653, 0.0891457), (-0.9221595, -0.3777962, 0.083017685), (-0.855558, -0.50852215, -0.097086504), (-0.9221595, -0.3777962, 0.083017685), (-0.911, -0.40265653, 0.0891457), (-0.79225713, -0.02096553, 0.6098272), (-0.855558, -0.50852215, -0.097086504), (-0.86144125, -0.49698994, -0.104498975), (-0.911, -0.40265653, 0.0891457), (-0.74005246, -0.12510218, 0.6608115), (-0.79225713, -0.02096553, 0.6098272), (-0.911, -0.40265653, 0.0891457), (-0.9009221, -0.4226637, 0.09846253), (-0.911, -0.40265653, 0.0891457), (-0.86144125, -0.49698994, -0.104498975), (-0.911, -0.40265653, 0.0891457), (-0.9009221, -0.4226637, 0.09846253), (-0.74005246, -0.12510218, 0.6608115), (-0.86144125, -0.49698994, -0.104498975), (-0.8571514, -0.49600387, -0.13882297), (-0.9009221, -0.4226637, 0.09846253), (-0.6843563, -0.23397423, 0.69058853), (-0.74005246, -0.12510218, 0.6608115), (-0.9009221, -0.4226637, 0.09846253), (-0.8901891, -0.44362038, 0.10375132), (-0.9009221, -0.4226637, 0.09846253), (-0.8571514, -0.49600387, -0.13882297), (-0.9009221, -0.4226637, 0.09846253), (-0.8901891, -0.44362038, 0.10375132), (-0.6843563, -0.23397423, 0.69058853), (-0.8571514, -0.49600387, -0.13882297), (-0.8634289, -0.47820163, -0.1606665), (-0.8901891, -0.44362038, 0.10375132), (-0.6264144, -0.34571615, 0.6986311), (-0.6843563, -0.23397423, 0.69058853), (-0.8901891, -0.44362038, 0.10375132), (-0.8790132, -0.46512562, 0.10485213), (-0.8901891, -0.44362038, 0.10375132), (-0.8634289, -0.47820163, -0.1606665), (-0.8901891, -0.44362038, 0.10375132), (-0.8790132, -0.46512562, 0.10485213), (-0.6264144, -0.34571615, 0.6986311), (-0.8634289, -0.47820163, -0.1606665), (-0.87370396, -0.45834082, -0.16298838), (-0.8790132, -0.46512562, 0.10485213), (-0.56809074, -0.4563932, 0.68481976), (-0.6264144, -0.34571615, 0.6986311), (-0.8790132, -0.46512562, 0.10485213), (-0.86784685, -0.48629615, 0.101773955), (-0.8790132, -0.46512562, 0.10485213), (-0.87370396, -0.45834082, -0.16298838), (-0.8790132, -0.46512562, 0.10485213), (-0.86784685, -0.48629615, 0.101773955), (-0.56809074, -0.4563932, 0.68481976), (-0.87370396, -0.45834082, -0.16298838), (-0.8841756, -0.43838325, -0.16141143), (-0.86784685, -0.48629615, 0.101773955), (-0.5187651, -0.5588777, 0.64694554), (-0.56809074, -0.4563932, 0.68481976), (-0.86784685, -0.48629615, 0.101773955), (-0.86781484, -0.4920123, 0.06943679), (-0.86784685, -0.48629615, 0.101773955), (-0.8841756, -0.43838325, -0.16141143), (-0.86784685, -0.48629615, 0.101773955), (-0.86781484, -0.4920123, 0.06943679), (-0.5187651, -0.5588777, 0.64694554), (-0.8841756, -0.43838325, -0.16141143), (-0.89442945, -0.4191374, -0.1559486), (-0.86781484, -0.4920123, 0.06943679), (-0.5187651, -0.5588777, 0.64694554), (-0.69632226, -0.6163947, 0.36768603), (-0.17638111, -0.6282855, 0.75772494), (-0.69632226, -0.6163947, 0.36768603), (-0.5187651, -0.5588777, 0.64694554), (-0.86781484, -0.4920123, 0.06943679), (-0.17189421, -0.7443787, 0.6452541), (-0.17638111, -0.6282855, 0.75772494), (-0.69632226, -0.6163947, 0.36768603), (-0.8763734, -0.48163235, 0.000080047415), (-0.86781484, -0.4920123, 0.06943679), (-0.89442945, -0.4191374, -0.1559486), (-0.86781484, -0.4920123, 0.06943679), (-0.8763734, -0.48163235, 0.000080047415), (-0.69632226, -0.6163947, 0.36768603), (-0.89442945, -0.4191374, -0.1559486), (-0.90234876, -0.4146175, -0.117724985), (-0.8763734, -0.48163235, 0.000080047415), (-0.69632226, -0.6163947, 0.36768603), (-0.6818668, -0.6730931, 0.28636217), (-0.17189421, -0.7443787, 0.6452541), (-0.6818668, -0.6730931, 0.28636217), (-0.69632226, -0.6163947, 0.36768603), (-0.8763734, -0.48163235, 0.000080047415), (-0.11927834, -0.8367143, 0.53449214), (-0.17189421, -0.7443787, 0.6452541), (-0.6818668, -0.6730931, 0.28636217), (-0.8736473, -0.48654175, -0.0042066574), (-0.8763734, -0.48163235, 0.000080047415), (-0.90234876, -0.4146175, -0.117724985), (-0.8763734, -0.48163235, 0.000080047415), (-0.8736473, -0.48654175, -0.0042066574), (-0.6818668, -0.6730931, 0.28636217), (-0.90234876, -0.4146175, -0.117724985), (-0.9053251, -0.41298455, -0.099147454), (-0.8736473, -0.48654175, -0.0042066574), (-0.6818668, -0.6730931, 0.28636217), (-0.66285425, -0.71351856, 0.22697014), (-0.11927834, -0.8367143, 0.53449214), (-0.66285425, -0.71351856, 0.22697014), (-0.6818668, -0.6730931, 0.28636217), (-0.8736473, -0.48654175, -0.0042066574), (-0.07555407, -0.91052186, 0.4064991), (-0.11927834, -0.8367143, 0.53449214), (-0.66285425, -0.71351856, 0.22697014), (-0.87128687, -0.49068475, -0.0093690315), (-0.8736473, -0.48654175, -0.0042066574), (-0.9053251, -0.41298455, -0.099147454), (-0.8736473, -0.48654175, -0.0042066574), (-0.87128687, -0.49068475, -0.0093690315), (-0.66285425, -0.71351856, 0.22697014), (-0.9053251, -0.41298455, -0.099147454), (-0.9102074, -0.40476155, -0.08769654), (-0.87128687, -0.49068475, -0.0093690315), (-0.66285425, -0.71351856, 0.22697014), (-0.6425848, -0.74793535, 0.16636606), (-0.07555407, -0.91052186, 0.4064991), (-0.6425848, -0.74793535, 0.16636606), (-0.66285425, -0.71351856, 0.22697014), (-0.87128687, -0.49068475, -0.0093690315), (-0.04275005, -0.96296954, 0.2661994), (-0.07555407, -0.91052186, 0.4064991), (-0.6425848, -0.74793535, 0.16636606), (-0.86934584, -0.4939669, -0.015316005), (-0.87128687, -0.49068475, -0.0093690315), (-0.9102074, -0.40476155, -0.08769654), (-0.87128687, -0.49068475, -0.0093690315), (-0.86934584, -0.4939669, -0.015316005), (-0.6425848, -0.74793535, 0.16636606), (-0.9102074, -0.40476155, -0.08769654), (-0.91387933, -0.3989189, -0.07542213), (-0.86934584, -0.4939669, -0.015316005), (-0.6425848, -0.74793535, 0.16636606), (-0.62727505, -0.772353, 0.09998463), (-0.04275005, -0.96296954, 0.2661994), (-0.62727505, -0.772353, 0.09998463), (-0.6425848, -0.74793535, 0.16636606), (-0.86934584, -0.4939669, -0.015316005), (-0.021470334, -0.9928985, 0.11701192), (-0.04275005, -0.96296954, 0.2661994), (-0.62727505, -0.772353, 0.09998463), (-0.86789584, -0.4962679, -0.021796487), (-0.86934584, -0.4939669, -0.015316005), (-0.91387933, -0.3989189, -0.07542213), (-0.86934584, -0.4939669, -0.015316005), (-0.86789584, -0.4962679, -0.021796487), (-0.62727505, -0.772353, 0.09998463), (-0.91387933, -0.3989189, -0.07542213), (-0.91711664, -0.39364484, -0.06277759), (-0.86789584, -0.4962679, -0.021796487), (-0.62727505, -0.772353, 0.09998463), (-0.61740947, -0.78609234, 0.029401988), (-0.021470334, -0.9928985, 0.11701192), (-0.61740947, -0.78609234, 0.029401988), (-0.62727505, -0.772353, 0.09998463), (-0.86789584, -0.4962679, -0.021796487), (-0.012187634, -0.9992811, -0.03589885), (-0.021470334, -0.9928985, 0.11701192), (-0.61740947, -0.78609234, 0.029401988), (-0.8669739, -0.49752748, -0.028685916), (-0.86789584, -0.4962679, -0.021796487), (-0.91711664, -0.39364484, -0.06277759), (-0.86789584, -0.4962679, -0.021796487), (-0.8669739, -0.49752748, -0.028685916), (-0.61740947, -0.78609234, 0.029401988), (-0.91711664, -0.39364484, -0.06277759), (-0.91832215, -0.39282763, -0.04869248), (-0.8669739, -0.49752748, -0.028685916), (-0.8666091, -0.49770895, -0.035702214), (-0.8669739, -0.49752748, -0.028685916), (-0.91832215, -0.39282763, -0.04869248), (-0.61740947, -0.78609234, 0.029401988), (-0.6132291, -0.7887452, -0.042793103), (-0.012187634, -0.9992811, -0.03589885), (-0.6132291, -0.7887452, -0.042793103), (-0.61740947, -0.78609234, 0.029401988), (-0.8669739, -0.49752748, -0.028685916), (-0.8669739, -0.49752748, -0.028685916), (-0.8666091, -0.49770895, -0.035702214), (-0.6132291, -0.7887452, -0.042793103), (-0.015421142, -0.9819474, -0.18852423), (-0.012187634, -0.9992811, -0.03589885), (-0.6132291, -0.7887452, -0.042793103), (-0.6149661, -0.78014576, -0.11484506), (-0.6132291, -0.7887452, -0.042793103), (-0.8666091, -0.49770895, -0.035702214), (-0.6132291, -0.7887452, -0.042793103), (-0.6149661, -0.78014576, -0.11484506), (-0.015421142, -0.9819474, -0.18852423), (-0.8666091, -0.49770895, -0.035702214), (-0.86681736, -0.49679393, -0.042703755), (-0.6149661, -0.78014576, -0.11484506), (-0.03081155, -0.94149476, -0.33561647), (-0.015421142, -0.9819474, -0.18852423), (-0.6149661, -0.78014576, -0.11484506), (-0.6224115, -0.76071805, -0.18415202), (-0.6149661, -0.78014576, -0.11484506), (-0.86681736, -0.49679393, -0.042703755), (-0.6149661, -0.78014576, -0.11484506), (-0.6224115, -0.76071805, -0.18415202), (-0.03081155, -0.94149476, -0.33561647), (-0.86681736, -0.49679393, -0.042703755), (-0.86758196, -0.49483368, -0.04940919), (-0.6224115, -0.76071805, -0.18415202), (-0.05816687, -0.8789913, -0.47327676), (-0.03081155, -0.94149476, -0.33561647), (-0.6224115, -0.76071805, -0.18415202), (-0.6355339, -0.73082453, -0.24898218), (-0.6224115, -0.76071805, -0.18415202), (-0.86758196, -0.49483368, -0.04940919), (-0.6224115, -0.76071805, -0.18415202), (-0.6355339, -0.73082453, -0.24898218), (-0.05816687, -0.8789913, -0.47327676), (-0.86758196, -0.49483368, -0.04940919), (-0.86889577, -0.4918538, -0.05567851), (-0.6355339, -0.73082453, -0.24898218), (-0.09588706, -0.7968834, -0.59647524), (-0.05816687, -0.8789913, -0.47327676), (-0.6355339, -0.73082453, -0.24898218), (-0.6355339, -0.73082453, -0.24898218), (-0.65072185, -0.6929429, -0.31046954), (-0.09588706, -0.7968834, -0.59647524), (-0.65072185, -0.6929429, -0.31046954), (-0.6355339, -0.73082453, -0.24898218), (-0.86889577, -0.4918538, -0.05567851), (-0.14388591, -0.6969419, -0.70254457), (-0.09588706, -0.7968834, -0.59647524), (-0.65072185, -0.6929429, -0.31046954), (-0.86889577, -0.4918538, -0.05567851), (-0.87069714, -0.48798898, -0.061264664), (-0.65072185, -0.6929429, -0.31046954), (-0.87069714, -0.48798898, -0.061264664), (-0.86889577, -0.4918538, -0.05567851), (-0.9169547, -0.39895916, 0.0050753523), (-0.9169547, -0.39895916, 0.0050753523), (-0.9147029, -0.4036957, 0.018670337), (-0.87069714, -0.48798898, -0.061264664), (-0.65072185, -0.6929429, -0.31046954), (-0.66664094, -0.64816344, -0.36806825), (-0.14388591, -0.6969419, -0.70254457), (-0.66664094, -0.64816344, -0.36806825), (-0.65072185, -0.6929429, -0.31046954), (-0.87069714, -0.48798898, -0.061264664), (-0.2010879, -0.58245504, -0.7875975), (-0.14388591, -0.6969419, -0.70254457), (-0.66664094, -0.64816344, -0.36806825), (-0.8729572, -0.483305, -0.066045955), (-0.87069714, -0.48798898, -0.061264664), (-0.9147029, -0.4036957, 0.018670337), (-0.87069714, -0.48798898, -0.061264664), (-0.8729572, -0.483305, -0.066045955), (-0.66664094, -0.64816344, -0.36806825), (-0.9147029, -0.4036957, 0.018670337), (-0.9106906, -0.4119629, 0.030483536), (-0.8729572, -0.483305, -0.066045955), (-0.66664094, -0.64816344, -0.36806825), (-0.6953129, -0.59283763, -0.40630478), (-0.2010879, -0.58245504, -0.7875975), (-0.6953129, -0.59283763, -0.40630478), (-0.66664094, -0.64816344, -0.36806825), (-0.8729572, -0.483305, -0.066045955), (-0.26432374, -0.4570324, -0.849267), (-0.2010879, -0.58245504, -0.7875975), (-0.6953129, -0.59283763, -0.40630478), (-0.8755785, -0.47800103, -0.069838576), (-0.8729572, -0.483305, -0.066045955), (-0.9106906, -0.4119629, 0.030483536), (-0.8729572, -0.483305, -0.066045955), (-0.8755785, -0.47800103, -0.069838576), (-0.6953129, -0.59283763, -0.40630478), (-0.9106906, -0.4119629, 0.030483536), (-0.9046961, -0.42448583, 0.03656196), (-0.8755785, -0.47800103, -0.069838576), (-0.6953129, -0.59283763, -0.40630478), (-0.73335826, -0.5303278, -0.42536825), (-0.26432374, -0.4570324, -0.849267), (-0.73335826, -0.5303278, -0.42536825), (-0.6953129, -0.59283763, -0.40630478), (-0.8755785, -0.47800103, -0.069838576), (-0.3319808, -0.32368404, -0.88601214), (-0.26432374, -0.4570324, -0.849267), (-0.73335826, -0.5303278, -0.42536825), (-0.878513, -0.47217673, -0.072554156), (-0.8755785, -0.47800103, -0.069838576), (-0.9046961, -0.42448583, 0.03656196), (-0.8755785, -0.47800103, -0.069838576), (-0.878513, -0.47217673, -0.072554156), (-0.73335826, -0.5303278, -0.42536825), (-0.9046961, -0.42448583, 0.03656196), (-0.89880586, -0.43640676, 0.041196227), (-0.878513, -0.47217673, -0.072554156), (-0.73335826, -0.5303278, -0.42536825), (-0.76540416, -0.46764243, -0.44211683), (-0.3319808, -0.32368404, -0.88601214), (-0.76540416, -0.46764243, -0.44211683), (-0.73335826, -0.5303278, -0.42536825), (-0.878513, -0.47217673, -0.072554156), (-0.40264648, -0.18762109, -0.8959209), (-0.3319808, -0.32368404, -0.88601214), (-0.76540416, -0.46764243, -0.44211683), (-0.88163775, -0.46607366, -0.07409656), (-0.878513, -0.47217673, -0.072554156), (-0.89880586, -0.43640676, 0.041196227), (-0.878513, -0.47217673, -0.072554156), (-0.88163775, -0.46607366, -0.07409656), (-0.76540416, -0.46764243, -0.44211683), (-0.89880586, -0.43640676, 0.041196227), (-0.8936302, -0.44522294, 0.05658366), (-0.88163775, -0.46607366, -0.07409656), (-0.8848926, -0.459812, -0.0744191), (-0.88163775, -0.46607366, -0.07409656), (-0.8936302, -0.44522294, 0.05658366), (-0.76540416, -0.46764243, -0.44211683), (-0.79880846, -0.403341, -0.44634196), (-0.40264648, -0.18762109, -0.8959209), (-0.79880846, -0.403341, -0.44634196), (-0.76540416, -0.46764243, -0.44211683), (-0.88163775, -0.46607366, -0.07409656), (-0.88163775, -0.46607366, -0.07409656), (-0.8848926, -0.459812, -0.0744191), (-0.79880846, -0.403341, -0.44634196), (-0.47360632, -0.052738536, -0.8791563), (-0.40264648, -0.18762109, -0.8959209), (-0.79880846, -0.403341, -0.44634196), (-0.8322976, -0.3397344, -0.43801963), (-0.79880846, -0.403341, -0.44634196), (-0.8848926, -0.459812, -0.0744191), (-0.79880846, -0.403341, -0.44634196), (-0.8322976, -0.3397344, -0.43801963), (-0.47360632, -0.052738536, -0.8791563), (-0.8848926, -0.459812, -0.0744191), (-0.88814384, -0.453646, -0.07352478), (-0.8322976, -0.3397344, -0.43801963), (-0.5431603, 0.07729862, -0.8360633), (-0.47360632, -0.052738536, -0.8791563), (-0.8322976, -0.3397344, -0.43801963), (-0.8651067, -0.2784222, -0.4172187), (-0.8322976, -0.3397344, -0.43801963), (-0.88814384, -0.453646, -0.07352478), (-0.8322976, -0.3397344, -0.43801963), (-0.8651067, -0.2784222, -0.4172187), (-0.5431603, 0.07729862, -0.8360633), (-0.88814384, -0.453646, -0.07352478), (-0.8913264, -0.44770202, -0.07141608), (-0.8651067, -0.2784222, -0.4172187), (-0.60831606, 0.19791956, -0.7686219), (-0.5431603, 0.07729862, -0.8360633), (-0.8651067, -0.2784222, -0.4172187), (-0.89557266, -0.21794723, -0.38787705), (-0.8651067, -0.2784222, -0.4172187), (-0.8913264, -0.44770202, -0.07141608), (-0.8651067, -0.2784222, -0.4172187), (-0.89557266, -0.21794723, -0.38787705), (-0.60831606, 0.19791956, -0.7686219), (-0.8913264, -0.44770202, -0.07141608), (-0.894312, -0.4422169, -0.06819285), (-0.89557266, -0.21794723, -0.38787705), (-0.6688368, 0.30645663, -0.67730474), (-0.60831606, 0.19791956, -0.7686219), (-0.89557266, -0.21794723, -0.38787705), (-0.89557266, -0.21794723, -0.38787705), (-0.9229631, -0.16422321, -0.3480948), (-0.6688368, 0.30645663, -0.67730474), (-0.9229631, -0.16422321, -0.3480948), (-0.89557266, -0.21794723, -0.38787705), (-0.894312, -0.4422169, -0.06819285), (-0.7206737, 0.39811054, -0.5675715), (-0.6688368, 0.30645663, -0.67730474), (-0.9229631, -0.16422321, -0.3480948), (-0.894312, -0.4422169, -0.06819285), (-0.89703846, -0.43730778, -0.06390648), (-0.9229631, -0.16422321, -0.3480948), (-0.89703846, -0.43730778, -0.06390648), (-0.894312, -0.4422169, -0.06819285), (-0.8672255, -0.49658173, 0.03642361), (-0.8672255, -0.49658173, 0.03642361), (-0.8605742, -0.50836766, 0.03121817), (-0.89703846, -0.43730778, -0.06390648), (-0.9229631, -0.16422321, -0.3480948), (-0.94884664, -0.12125014, -0.29152802), (-0.7206737, 0.39811054, -0.5675715), (-0.94884664, -0.12125014, -0.29152802), (-0.9229631, -0.16422321, -0.3480948), (-0.89703846, -0.43730778, -0.06390648), (-0.7644816, 0.4722408, -0.4388126), (-0.7206737, 0.39811054, -0.5675715), (-0.94884664, -0.12125014, -0.29152802), (-0.8993984, -0.43316486, -0.058743432), (-0.89703846, -0.43730778, -0.06390648), (-0.8605742, -0.50836766, 0.03121817), (-0.89703846, -0.43730778, -0.06390648), (-0.8993984, -0.43316486, -0.058743432), (-0.94884664, -0.12125014, -0.29152802), (-0.8605742, -0.50836766, 0.03121817), (-0.85592985, -0.5167144, 0.019759713), (-0.8993984, -0.43316486, -0.058743432), (-0.90134, -0.42988235, -0.0527967), (-0.8993984, -0.43316486, -0.058743432), (-0.85592985, -0.5167144, 0.019759713), (-0.94884664, -0.12125014, -0.29152802), (-0.9686744, -0.08163181, -0.23453392), (-0.7644816, 0.4722408, -0.4388126), (-0.9686744, -0.08163181, -0.23453392), (-0.94884664, -0.12125014, -0.29152802), (-0.8993984, -0.43316486, -0.058743432), (-0.8993984, -0.43316486, -0.058743432), (-0.90134, -0.42988235, -0.0527967), (-0.9686744, -0.08163181, -0.23453392), (-0.79736996, 0.52417266, -0.2990721), (-0.7644816, 0.4722408, -0.4388126), (-0.9686744, -0.08163181, -0.23453392), (-0.9844107, -0.06853361, -0.16198413), (-0.9686744, -0.08163181, -0.23453392), (-0.90134, -0.42988235, -0.0527967), (-0.9686744, -0.08163181, -0.23453392), (-0.9844107, -0.06853361, -0.16198413), (-0.79736996, 0.52417266, -0.2990721), (-0.57131654, -0.81269795, -0.11454014), (-0.640454, -0.74912626, -0.16920006), (-0.005529802, -0.9394115, -0.34274694), (-0.058697227, -0.87783027, -0.47536162), (-0.005529802, -0.9394115, -0.34274694), (-0.640454, -0.74912626, -0.16920006), (-0.640454, -0.74912626, -0.16920006), (-0.66058046, -0.7139091, -0.23230866), (-0.058697227, -0.87783027, -0.47536162), (-0.095948346, -0.79583573, -0.5978623), (-0.058697227, -0.87783027, -0.47536162), (-0.66058046, -0.7139091, -0.23230866), (-0.640454, -0.74912626, -0.16920006), (-0.57131654, -0.81269795, -0.11454014), (-0.85212904, -0.521306, -0.046001945), (-0.66058046, -0.7139091, -0.23230866), (-0.66989917, -0.6814125, -0.29480872), (-0.095948346, -0.79583573, -0.5978623), (-0.14355755, -0.69602156, -0.70352346), (-0.095948346, -0.79583573, -0.5978623), (-0.66989917, -0.6814125, -0.29480872), (-0.66058046, -0.7139091, -0.23230866), (-0.640454, -0.74912626, -0.16920006), (-0.86758196, -0.4948337, -0.049409173), (-0.85212904, -0.521306, -0.046001945), (-0.86758196, -0.4948337, -0.049409173), (-0.640454, -0.74912626, -0.16920006), (-0.66989917, -0.6814125, -0.29480872), (-0.66058046, -0.7139091, -0.23230866), (-0.8688957, -0.4918539, -0.055678487), (-0.86758196, -0.4948337, -0.049409173), (-0.8688957, -0.4918539, -0.055678487), (-0.66058046, -0.7139091, -0.23230866), (-0.66989917, -0.6814125, -0.29480872), (-0.67285156, -0.6450562, -0.36217865), (-0.14355755, -0.69602156, -0.70352346), (-0.2009778, -0.58201534, -0.78795063), (-0.14355755, -0.69602156, -0.70352346), (-0.67285156, -0.6450562, -0.36217865), (-0.8688957, -0.4918539, -0.055678487), (-0.87069714, -0.48798892, -0.061264466), (-0.66989917, -0.6814125, -0.29480872), (-0.67285156, -0.6450562, -0.36217865), (-0.66989917, -0.6814125, -0.29480872), (-0.87069714, -0.48798892, -0.061264466), (-0.67285156, -0.6450562, -0.36217865), (-0.69531184, -0.59283686, -0.40630767), (-0.2009778, -0.58201534, -0.78795063), (-0.2643184, -0.45703167, -0.84926903), (-0.2009778, -0.58201534, -0.78795063), (-0.69531184, -0.59283686, -0.40630767), (-0.87069714, -0.48798892, -0.061264466), (-0.8729572, -0.48330492, -0.06604583), (-0.67285156, -0.6450562, -0.36217865), (-0.69531184, -0.59283686, -0.40630767), (-0.67285156, -0.6450562, -0.36217865), (-0.8729572, -0.48330492, -0.06604583), (-0.69531184, -0.59283686, -0.40630767), (-0.7333555, -0.5303278, -0.4253729), (-0.2643184, -0.45703167, -0.84926903), (-0.33197546, -0.32368365, -0.88601434), (-0.2643184, -0.45703167, -0.84926903), (-0.7333555, -0.5303278, -0.4253729), (-0.8729572, -0.48330492, -0.06604583), (-0.8755785, -0.47800094, -0.06983861), (-0.69531184, -0.59283686, -0.40630767), (-0.7333555, -0.5303278, -0.4253729), (-0.69531184, -0.59283686, -0.40630767), (-0.8755785, -0.47800094, -0.06983861), (-0.7333555, -0.5303278, -0.4253729), (-0.76540166, -0.46764266, -0.44212088), (-0.33197546, -0.32368365, -0.88601434), (-0.40264276, -0.18761918, -0.895923), (-0.33197546, -0.32368365, -0.88601434), (-0.76540166, -0.46764266, -0.44212088), (-0.8755785, -0.47800094, -0.06983861), (-0.878513, -0.47217682, -0.0725544), (-0.7333555, -0.5303278, -0.4253729), (-0.76540166, -0.46764266, -0.44212088), (-0.7333555, -0.5303278, -0.4253729), (-0.878513, -0.47217682, -0.0725544), (-0.76540166, -0.46764266, -0.44212088), (-0.7988089, -0.40334073, -0.4463414), (-0.40264276, -0.18761918, -0.895923), (-0.47360682, -0.052736975, -0.8791562), (-0.40264276, -0.18761918, -0.895923), (-0.7988089, -0.40334073, -0.4463414), (-0.878513, -0.47217682, -0.0725544), (-0.8816378, -0.46607363, -0.074096516), (-0.76540166, -0.46764266, -0.44212088), (-0.7988089, -0.40334073, -0.4463414), (-0.76540166, -0.46764266, -0.44212088), (-0.8816378, -0.46607363, -0.074096516), (-0.7988089, -0.40334073, -0.4463414), (-0.8322962, -0.33973256, -0.43802395), (-0.47360682, -0.052736975, -0.8791562), (-0.5424826, 0.076901846, -0.8365398), (-0.47360682, -0.052736975, -0.8791562), (-0.8322962, -0.33973256, -0.43802395), (-0.8816378, -0.46607363, -0.074096516), (-0.8848925, -0.45981196, -0.074419305), (-0.7988089, -0.40334073, -0.4463414), (-0.8322962, -0.33973256, -0.43802395), (-0.7988089, -0.40334073, -0.4463414), (-0.8848925, -0.45981196, -0.074419305), (-0.8322962, -0.33973256, -0.43802395), (-0.86410373, -0.27405837, -0.4221574), (-0.5424826, 0.076901846, -0.8365398), (-0.608309, 0.19792295, -0.76862663), (-0.5424826, 0.076901846, -0.8365398), (-0.86410373, -0.27405837, -0.4221574), (-0.8848925, -0.45981196, -0.074419305), (-0.88814384, -0.453646, -0.07352496), (-0.8322962, -0.33973256, -0.43802395), (-0.86410373, -0.27405837, -0.4221574), (-0.8322962, -0.33973256, -0.43802395), (-0.88814384, -0.453646, -0.07352496), (-0.86410373, -0.27405837, -0.4221574), (-0.8928785, -0.21060732, -0.3980108), (-0.608309, 0.19792295, -0.76862663), (-0.6688644, 0.30572307, -0.6776089), (-0.608309, 0.19792295, -0.76862663), (-0.8928785, -0.21060732, -0.3980108), (-0.88814384, -0.453646, -0.07352496), (-0.89132637, -0.4477021, -0.071416155), (-0.86410373, -0.27405837, -0.4221574), (-0.8928785, -0.21060732, -0.3980108), (-0.86410373, -0.27405837, -0.4221574), (-0.89132637, -0.4477021, -0.071416155), (-0.8928785, -0.21060732, -0.3980108), (-0.9229633, -0.16422158, -0.34809476), (-0.6688644, 0.30572307, -0.6776089), (-0.721201, 0.39820305, -0.56683636), (-0.6688644, 0.30572307, -0.6776089), (-0.9229633, -0.16422158, -0.34809476), (-0.89132637, -0.4477021, -0.071416155), (-0.89431196, -0.44221708, -0.0681926), (-0.8928785, -0.21060732, -0.3980108), (-0.9229633, -0.16422158, -0.34809476), (-0.8928785, -0.21060732, -0.3980108), (-0.89431196, -0.44221708, -0.0681926), (-0.9229633, -0.16422158, -0.34809476), (-0.94882804, -0.1273735, -0.28896606), (-0.721201, 0.39820305, -0.56683636), (-0.7644895, 0.47223052, -0.43880984), (-0.721201, 0.39820305, -0.56683636), (-0.94882804, -0.1273735, -0.28896606), (-0.89431196, -0.44221708, -0.0681926), (-0.89703834, -0.43730804, -0.06390594), (-0.9229633, -0.16422158, -0.34809476), (-0.94882804, -0.1273735, -0.28896606), (-0.9229633, -0.16422158, -0.34809476), (-0.89703834, -0.43730804, -0.06390594), (-0.94882804, -0.1273735, -0.28896606), (-0.96912736, -0.0929749, -0.22835942), (-0.7644895, 0.47223052, -0.43880984), (-0.79722774, 0.52471054, -0.29850775), (-0.7644895, 0.47223052, -0.43880984), (-0.96912736, -0.0929749, -0.22835942), (-0.89703834, -0.43730804, -0.06390594), (-0.89939845, -0.43316483, -0.058743373), (-0.94882804, -0.1273735, -0.28896606), (-0.96912736, -0.0929749, -0.22835942), (-0.94882804, -0.1273735, -0.28896606), (-0.89939845, -0.43316483, -0.058743373), (-0.96912736, -0.0929749, -0.22835942), (-0.9844107, -0.06853425, -0.16198386), (-0.79722774, 0.52471054, -0.29850775), (-0.8186159, 0.554589, -0.14932874), (-0.79722774, 0.52471054, -0.29850775), (-0.9844107, -0.06853425, -0.16198386), (-0.89939845, -0.43316483, -0.058743373), (-0.90133995, -0.4298824, -0.052796762), (-0.96912736, -0.0929749, -0.22835942), (-0.9844107, -0.06853425, -0.16198386), (-0.96912736, -0.0929749, -0.22835942), (-0.90133995, -0.4298824, -0.052796762), (-0.9844107, -0.06853425, -0.16198386), (-0.9943045, -0.0548187, -0.091398515), (-0.8186159, 0.554589, -0.14932874), (-0.8277919, 0.5610237, 0.0035874676), (-0.8186159, 0.554589, -0.14932874), (-0.9943045, -0.0548187, -0.091398515), (-0.90133995, -0.4298824, -0.052796762), (-0.9027894, -0.42758182, -0.04631603), (-0.9844107, -0.06853425, -0.16198386), (-0.9943045, -0.0548187, -0.091398515), (-0.9844107, -0.06853425, -0.16198386), (-0.9027894, -0.42758182, -0.04631603), (-0.9943045, -0.0548187, -0.091398515), (-0.9984545, -0.052152485, -0.019203516), (-0.8277919, 0.5610237, 0.0035874676), (-0.8246572, 0.5436349, 0.15621032), (-0.8277919, 0.5610237, 0.0035874676), (-0.9984545, -0.052152485, -0.019203516), (-0.9027894, -0.42758182, -0.04631603), (-0.9037119, -0.42632198, -0.03942665), (-0.9943045, -0.0548187, -0.091398515), (-0.9984545, -0.052152485, -0.019203516), (-0.9943045, -0.0548187, -0.091398515), (-0.9037119, -0.42632198, -0.03942665), (-0.9984545, -0.052152485, -0.019203516), (-0.9967522, -0.06076469, 0.05284768), (-0.8246572, 0.5436349, 0.15621032), (-0.80901927, 0.50386935, 0.30266082), (-0.8246572, 0.5436349, 0.15621032), (-0.9967522, -0.06076469, 0.05284768), (-0.9037119, -0.42632198, -0.03942665), (-0.9040763, -0.42614055, -0.03241042), (-0.9984545, -0.052152485, -0.019203516), (-0.9967522, -0.06076469, 0.05284768), (-0.9984545, -0.052152485, -0.019203516), (-0.9040763, -0.42614055, -0.03241042), (-0.9967522, -0.06076469, 0.05284768), (-0.98927534, -0.074512854, 0.12562792), (-0.80901927, 0.50386935, 0.30266082), (-0.7818847, 0.44069496, 0.44095847), (-0.80901927, 0.50386935, 0.30266082), (-0.98927534, -0.074512854, 0.12562792), (-0.9040763, -0.42614055, -0.03241042), (-0.9038685, -0.4270554, -0.025408885), (-0.9967522, -0.06076469, 0.05284768), (-0.98927534, -0.074512854, 0.12562792), (-0.9967522, -0.06076469, 0.05284768), (-0.9038685, -0.4270554, -0.025408885), (-0.98927534, -0.074512854, 0.12562792), (-0.9763483, -0.098401524, 0.19251303), (-0.7818847, 0.44069496, 0.44095847), (-0.746998, 0.3523334, 0.5637865), (-0.7818847, 0.44069496, 0.44095847), (-0.9763483, -0.098401524, 0.19251303), (-0.9038685, -0.4270554, -0.025408885), (-0.90310335, -0.42901587, -0.01870353), (-0.98927534, -0.074512854, 0.12562792), (-0.9763483, -0.098401524, 0.19251303), (-0.98927534, -0.074512854, 0.12562792), (-0.90310335, -0.42901587, -0.01870353), (-0.9763483, -0.098401524, 0.19251303), (-0.9560745, -0.19714661, 0.21692117), (-0.746998, 0.3523334, 0.5637865), (-0.83565164, 0.06522265, 0.5453737), (-0.746998, 0.3523334, 0.5637865), (-0.9560745, -0.19714661, 0.21692117), (-0.90310335, -0.42901587, -0.01870353), (-0.90179, -0.43199563, -0.012433962), (-0.9763483, -0.098401524, 0.19251303), (-0.9560745, -0.19714661, 0.21692117), (-0.9763483, -0.098401524, 0.19251303), (-0.90179, -0.43199563, -0.012433962), (-0.90179, -0.43199563, -0.012433962), (-0.9102202, -0.41320357, 0.027606597), (-0.9560745, -0.19714661, 0.21692117), (-0.83565164, 0.06522265, 0.5453737), (-0.9560745, -0.19714661, 0.21692117), (-0.9102202, -0.41320357, 0.027606597), (-0.9102202, -0.41320357, 0.027606597), (-0.9221591, -0.37779745, 0.08301656), (-0.83565164, 0.06522265, 0.5453737), (-0.79225767, -0.020969756, 0.6098263), (-0.83565164, 0.06522265, 0.5453737), (-0.9221591, -0.37779745, 0.08301656), (-0.9221591, -0.37779745, 0.08301656), (-0.9109998, -0.40265682, 0.089145675), (-0.79225767, -0.020969756, 0.6098263), (-0.7400544, -0.12510523, 0.6608086), (-0.79225767, -0.020969756, 0.6098263), (-0.9109998, -0.40265682, 0.089145675), (-0.9109998, -0.40265682, 0.089145675), (-0.90092236, -0.42266294, 0.09846395), (-0.7400544, -0.12510523, 0.6608086), (-0.6843546, -0.2339729, 0.69059074), (-0.7400544, -0.12510523, 0.6608086), (-0.90092236, -0.42266294, 0.09846395), (-0.90092236, -0.42266294, 0.09846395), (-0.8901891, -0.44362038, 0.10375103), (-0.6843546, -0.2339729, 0.69059074), (-0.6264118, -0.34571514, 0.6986339), (-0.6843546, -0.2339729, 0.69059074), (-0.8901891, -0.44362038, 0.10375103), (-0.8901891, -0.44362038, 0.10375103), (-0.8790135, -0.46512547, 0.10485164), (-0.6264118, -0.34571514, 0.6986339), (-0.5680867, -0.4563923, 0.6848238), (-0.6264118, -0.34571514, 0.6986339), (-0.8790135, -0.46512547, 0.10485164), (-0.8790135, -0.46512547, 0.10485164), (-0.8678467, -0.4862965, 0.101773664), (-0.5680867, -0.4563923, 0.6848238), (-0.518763, -0.5588772, 0.64694756), (-0.5680867, -0.4563923, 0.6848238), (-0.8678467, -0.4862965, 0.101773664), (-0.518763, -0.5588772, 0.64694756), (-0.6989558, -0.6148779, 0.36522058), (-0.1768765, -0.62891865, 0.75708395), (-0.17207041, -0.7453148, 0.6441256), (-0.1768765, -0.62891865, 0.75708395), (-0.6989558, -0.6148779, 0.36522058), (-0.8678467, -0.4862965, 0.101773664), (-0.86781484, -0.49201232, 0.0694367), (-0.518763, -0.5588772, 0.64694756), (-0.6989558, -0.6148779, 0.36522058), (-0.518763, -0.5588772, 0.64694756), (-0.86781484, -0.49201232, 0.0694367), (-0.6989558, -0.6148779, 0.36522058), (-0.69522226, -0.66482687, 0.27326038), (-0.17207041, -0.7453148, 0.6441256), (-0.119115815, -0.83769256, 0.5329941), (-0.17207041, -0.7453148, 0.6441256), (-0.69522226, -0.66482687, 0.27326038), (-0.86781484, -0.49201232, 0.0694367), (-0.8763734, -0.4816324, 0.000080314734), (-0.6989558, -0.6148779, 0.36522058), (-0.69522226, -0.66482687, 0.27326038), (-0.6989558, -0.6148779, 0.36522058), (-0.8763734, -0.4816324, 0.000080314734), (-0.69522226, -0.66482687, 0.27326038), (-0.6861723, -0.6972541, 0.20737484), (-0.119115815, -0.83769256, 0.5329941), (-0.07496026, -0.91153014, 0.40434393), (-0.119115815, -0.83769256, 0.5329941), (-0.6861723, -0.6972541, 0.20737484), (-0.8763734, -0.4816324, 0.000080314734), (-0.87364733, -0.4865416, -0.0042066984), (-0.69522226, -0.66482687, 0.27326038), (-0.6861723, -0.6972541, 0.20737484), (-0.69522226, -0.66482687, 0.27326038), (-0.87364733, -0.4865416, -0.0042066984), (-0.6861723, -0.6972541, 0.20737484), (-0.6673998, -0.7291352, 0.1514573), (-0.07496026, -0.91153014, 0.40434393), (-0.06147802, -0.96338326, 0.26098487), (-0.07496026, -0.91153014, 0.40434393), (-0.6673998, -0.7291352, 0.1514573), (-0.87364733, -0.4865416, -0.0042066984), (-0.8712869, -0.4906847, -0.009369304), (-0.6861723, -0.6972541, 0.20737484), (-0.6673998, -0.7291352, 0.1514573), (-0.6861723, -0.6972541, 0.20737484), (-0.8712869, -0.4906847, -0.009369304), (-0.6673998, -0.7291352, 0.1514573), (-0.68989676, -0.7196063, 0.078800075), (-0.06147802, -0.96338326, 0.26098487), (-0.5340328, -0.84406084, 0.048686087), (-0.06147802, -0.96338326, 0.26098487), (-0.68989676, -0.7196063, 0.078800075), (-0.68989676, -0.7196063, 0.078800075), (-0.6673998, -0.7291352, 0.1514573), (-0.86934584, -0.49396697, -0.015315907), (-0.8712869, -0.4906847, -0.009369304), (-0.86934584, -0.49396697, -0.015315907), (-0.6673998, -0.7291352, 0.1514573), (-0.5340328, -0.84406084, 0.048686087), (-0.68989676, -0.7196063, 0.078800075), (-0.86044, -0.5091561, -0.020080313), (-0.86934584, -0.49396697, -0.015315907), (-0.86044, -0.5091561, -0.020080313), (-0.68989676, -0.7196063, 0.078800075), (-0.86044, -0.5091561, -0.020080313), (-0.8468507, -0.5313382, -0.02288382), (-0.5340328, -0.84406084, 0.048686087), (-0.54325527, -0.8386194, -0.039891057), (-0.5340328, -0.84406084, 0.048686087), (-0.8468507, -0.5313382, -0.02288382), (-0.86044, -0.5091561, -0.020080313), (-0.86934584, -0.49396697, -0.015315907), (-0.91387945, -0.3989184, -0.07542202), (-0.8468507, -0.5313382, -0.02288382), (-0.8472414, -0.5298736, -0.03763229), (-0.54325527, -0.8386194, -0.039891057), (-0.57131654, -0.81269795, -0.11454014), (-0.54325527, -0.8386194, -0.039891057), (-0.8472414, -0.5298736, -0.03763229), (-0.8472414, -0.5298736, -0.03763229), (-0.85212904, -0.521306, -0.046001945), (-0.57131654, -0.81269795, -0.11454014), (-0.8468507, -0.5313382, -0.02288382), (-0.86044, -0.5091561, -0.020080313), (-0.9171166, -0.39364487, -0.06277738), (-0.91387945, -0.3989184, -0.07542202), (-0.9171166, -0.39364487, -0.06277738), (-0.86044, -0.5091561, -0.020080313), (-0.8472414, -0.5298736, -0.03763229), (-0.8468507, -0.5313382, -0.02288382), (-0.918322, -0.39282787, -0.04869246), (-0.9171166, -0.39364487, -0.06277738), (-0.918322, -0.39282787, -0.04869246), (-0.8468507, -0.5313382, -0.02288382), (-0.85212904, -0.521306, -0.046001945), (-0.8472414, -0.5298736, -0.03763229), (-0.9172537, -0.39676222, -0.03500983), (-0.918322, -0.39282787, -0.04869246), (-0.9172537, -0.39676222, -0.03500983), (-0.8472414, -0.5298736, -0.03763229), (-0.9172537, -0.39676222, -0.03500983), (-0.91802746, -0.3958773, -0.02251578), (-0.85212904, -0.521306, -0.046001945), (-0.86758196, -0.4948337, -0.049409173), (-0.85212904, -0.521306, -0.046001945), (-0.91802746, -0.3958773, -0.02251578), (-0.9172537, -0.39676222, -0.03500983), (-0.918322, -0.39282787, -0.04869246), (-0.9844115, 0.119922005, -0.12865752), (-0.91802746, -0.3958773, -0.02251578), (-0.9172537, -0.39676222, -0.03500983), (-0.99169636, 0.12533209, -0.028814191), (-0.9844115, 0.119922005, -0.12865752), (-0.99169636, 0.12533209, -0.028814191), (-0.9172537, -0.39676222, -0.03500983), (-0.99169636, 0.12533209, -0.028814191), (-0.99085563, 0.11519169, 0.07025762), (-0.91802746, -0.3958773, -0.02251578), (-0.91802746, -0.3958773, -0.02251578), (-0.91873044, -0.3947989, -0.00826792), (-0.86758196, -0.4948337, -0.049409173), (-0.91873044, -0.3947989, -0.00826792), (-0.91802746, -0.3958773, -0.02251578), (-0.99085563, 0.11519169, 0.07025762), (-0.8688957, -0.4918539, -0.055678487), (-0.86758196, -0.4948337, -0.049409173), (-0.91873044, -0.3947989, -0.00826792), (-0.9697285, 0.098072134, -0.22362599), (-0.9844115, 0.119922005, -0.12865752), (-0.918322, -0.39282787, -0.04869246), (-0.918322, -0.39282787, -0.04869246), (-0.9171166, -0.39364487, -0.06277738), (-0.9697285, 0.098072134, -0.22362599), (-0.9477172, 0.06188537, -0.3130536), (-0.9697285, 0.098072134, -0.22362599), (-0.9171166, -0.39364487, -0.06277738), (-0.9171166, -0.39364487, -0.06277738), (-0.91387945, -0.3989184, -0.07542202), (-0.9477172, 0.06188537, -0.3130536), (-0.9201878, 0.00825176, -0.3913902), (-0.9477172, 0.06188537, -0.3130536), (-0.91387945, -0.3989184, -0.07542202), (-0.91387945, -0.3989184, -0.07542202), (-0.9102074, -0.4047613, -0.08769731), (-0.9201878, 0.00825176, -0.3913902), (-0.9102074, -0.4047613, -0.08769731), (-0.91387945, -0.3989184, -0.07542202), (-0.86934584, -0.49396697, -0.015315907), (-0.86934584, -0.49396697, -0.015315907), (-0.8712869, -0.4906847, -0.009369304), (-0.9102074, -0.4047613, -0.08769731), (-0.8893035, -0.061580732, -0.4531524), (-0.9201878, 0.00825176, -0.3913902), (-0.9102074, -0.4047613, -0.08769731), (-0.9053251, -0.41298473, -0.099146746), (-0.9102074, -0.4047613, -0.08769731), (-0.8712869, -0.4906847, -0.009369304), (-0.9102074, -0.4047613, -0.08769731), (-0.9053251, -0.41298473, -0.099146746), (-0.8893035, -0.061580732, -0.4531524), (-0.8712869, -0.4906847, -0.009369304), (-0.87364733, -0.4865416, -0.0042066984), (-0.9053251, -0.41298473, -0.099146746), (-0.87989086, -0.16013916, -0.4473787), (-0.8893035, -0.061580732, -0.4531524), (-0.9053251, -0.41298473, -0.099146746), (-0.9023489, -0.41461718, -0.117725044), (-0.9053251, -0.41298473, -0.099146746), (-0.87364733, -0.4865416, -0.0042066984), (-0.9053251, -0.41298473, -0.099146746), (-0.9023489, -0.41461718, -0.117725044), (-0.87989086, -0.16013916, -0.4473787), (-0.87364733, -0.4865416, -0.0042066984), (-0.8763734, -0.4816324, 0.000080314734), (-0.9023489, -0.41461718, -0.117725044), (-0.76205313, -0.12512407, -0.6353102), (-0.87989086, -0.16013916, -0.4473787), (-0.9023489, -0.41461718, -0.117725044), (-0.89442945, -0.41913694, -0.15595002), (-0.9023489, -0.41461718, -0.117725044), (-0.8763734, -0.4816324, 0.000080314734), (-0.9023489, -0.41461718, -0.117725044), (-0.89442945, -0.41913694, -0.15595002), (-0.76205313, -0.12512407, -0.6353102), (-0.8763734, -0.4816324, 0.000080314734), (-0.86781484, -0.49201232, 0.0694367), (-0.89442945, -0.41913694, -0.15595002), (-0.71901864, -0.2469913, -0.649621), (-0.76205313, -0.12512407, -0.6353102), (-0.89442945, -0.41913694, -0.15595002), (-0.8841754, -0.4383835, -0.16141218), (-0.89442945, -0.41913694, -0.15595002), (-0.86781484, -0.49201232, 0.0694367), (-0.89442945, -0.41913694, -0.15595002), (-0.8841754, -0.4383835, -0.16141218), (-0.71901864, -0.2469913, -0.649621), (-0.86781484, -0.49201232, 0.0694367), (-0.8678467, -0.4862965, 0.101773664), (-0.8841754, -0.4383835, -0.16141218), (-0.667827, -0.34443432, -0.6598273), (-0.71901864, -0.2469913, -0.649621), (-0.8841754, -0.4383835, -0.16141218), (-0.87370396, -0.4583407, -0.16298819), (-0.8841754, -0.4383835, -0.16141218), (-0.8678467, -0.4862965, 0.101773664), (-0.8841754, -0.4383835, -0.16141218), (-0.87370396, -0.4583407, -0.16298819), (-0.667827, -0.34443432, -0.6598273), (-0.8678467, -0.4862965, 0.101773664), (-0.8790135, -0.46512547, 0.10485164), (-0.87370396, -0.4583407, -0.16298819), (-0.6171475, -0.44214633, -0.65087295), (-0.667827, -0.34443432, -0.6598273), (-0.87370396, -0.4583407, -0.16298819), (-0.86342925, -0.47820142, -0.1606661), (-0.87370396, -0.4583407, -0.16298819), (-0.8790135, -0.46512547, 0.10485164), (-0.87370396, -0.4583407, -0.16298819), (-0.86342925, -0.47820142, -0.1606661), (-0.6171475, -0.44214633, -0.65087295), (-0.8790135, -0.46512547, 0.10485164), (-0.8901891, -0.44362038, 0.10375103), (-0.86342925, -0.47820142, -0.1606661), (-0.57903177, -0.54503965, -0.6063449), (-0.6171475, -0.44214633, -0.65087295), (-0.86342925, -0.47820142, -0.1606661), (-0.8571515, -0.4960037, -0.1388225), (-0.86342925, -0.47820142, -0.1606661), (-0.8901891, -0.44362038, 0.10375103), (-0.86342925, -0.47820142, -0.1606661), (-0.8571515, -0.4960037, -0.1388225), (-0.57903177, -0.54503965, -0.6063449), (-0.8901891, -0.44362038, 0.10375103), (-0.90092236, -0.42266294, 0.09846395), (-0.8571515, -0.4960037, -0.1388225), (-0.5818707, -0.62699693, -0.51797813), (-0.57903177, -0.54503965, -0.6063449), (-0.8571515, -0.4960037, -0.1388225), (-0.86144114, -0.49699008, -0.104499385), (-0.8571515, -0.4960037, -0.1388225), (-0.90092236, -0.42266294, 0.09846395), (-0.8571515, -0.4960037, -0.1388225), (-0.86144114, -0.49699008, -0.104499385), (-0.5818707, -0.62699693, -0.51797813), (-0.90092236, -0.42266294, 0.09846395), (-0.9109998, -0.40265682, 0.089145675), (-0.86144114, -0.49699008, -0.104499385), (-0.55466413, -0.69534445, -0.4569943), (-0.5818707, -0.62699693, -0.51797813), (-0.86144114, -0.49699008, -0.104499385), (-0.8555578, -0.5085227, -0.097086266), (-0.86144114, -0.49699008, -0.104499385), (-0.9109998, -0.40265682, 0.089145675), (-0.86144114, -0.49699008, -0.104499385), (-0.8555578, -0.5085227, -0.097086266), (-0.55466413, -0.69534445, -0.4569943), (-0.9109998, -0.40265682, 0.089145675), (-0.9221591, -0.37779745, 0.08301656), (-0.8555578, -0.5085227, -0.097086266), (-0.51567966, -0.76077384, -0.3940782), (-0.55466413, -0.69534445, -0.4569943), (-0.8555578, -0.5085227, -0.097086266), (-0.8527067, -0.51547986, -0.08468789), (-0.8555578, -0.5085227, -0.097086266), (-0.9221591, -0.37779745, 0.08301656), (-0.8555578, -0.5085227, -0.097086266), (-0.8527067, -0.51547986, -0.08468789), (-0.51567966, -0.76077384, -0.3940782), (-0.9221591, -0.37779745, 0.08301656), (-0.9102202, -0.41320357, 0.027606597), (-0.8527067, -0.51547986, -0.08468789), (-0.49122152, -0.8130811, -0.31241122), (-0.51567966, -0.76077384, -0.3940782), (-0.8527067, -0.51547986, -0.08468789), (-0.84941983, -0.52264124, -0.073021755), (-0.8527067, -0.51547986, -0.08468789), (-0.9102202, -0.41320357, 0.027606597), (-0.8527067, -0.51547986, -0.08468789), (-0.84941983, -0.52264124, -0.073021755), (-0.49122152, -0.8130811, -0.31241122), (-0.9102202, -0.41320357, 0.027606597), (-0.90179, -0.43199563, -0.012433962), (-0.84941983, -0.52264124, -0.073021755), (-0.4748519, -0.8515007, -0.22240159), (-0.49122152, -0.8130811, -0.31241122), (-0.84941983, -0.52264124, -0.073021755), (-0.8478305, -0.52689767, -0.059685968), (-0.84941983, -0.52264124, -0.073021755), (-0.90179, -0.43199563, -0.012433962), (-0.84941983, -0.52264124, -0.073021755), (-0.8478305, -0.52689767, -0.059685968), (-0.4748519, -0.8515007, -0.22240159), (-0.46641022, -0.87550324, -0.12631585), (-0.4748519, -0.8515007, -0.22240159), (-0.8478305, -0.52689767, -0.059685968), (-0.90179, -0.43199563, -0.012433962), (-0.90310335, -0.42901587, -0.01870353), (-0.8478305, -0.52689767, -0.059685968), (-0.8478305, -0.52689767, -0.059685968), (-0.84917337, -0.5261538, -0.045462806), (-0.46641022, -0.87550324, -0.12631585), (-0.84917337, -0.5261538, -0.045462806), (-0.8478305, -0.52689767, -0.059685968), (-0.90310335, -0.42901587, -0.01870353), (-0.46455428, -0.8851268, -0.027199453), (-0.46641022, -0.87550324, -0.12631585), (-0.84917337, -0.5261538, -0.045462806), (-0.90310335, -0.42901587, -0.01870353), (-0.9038685, -0.4270554, -0.025408885), (-0.84917337, -0.5261538, -0.045462806), (-0.84917337, -0.5261538, -0.045462806), (-0.85021144, -0.52540755, -0.03297868), (-0.46455428, -0.8851268, -0.027199453), (-0.85021144, -0.52540755, -0.03297868), (-0.84917337, -0.5261538, -0.045462806), (-0.9038685, -0.4270554, -0.025408885), (-0.9038685, -0.4270554, -0.025408885), (-0.9040763, -0.42614055, -0.03241042), (-0.85021144, -0.52540755, -0.03297868), (-0.47086948, -0.87920433, 0.072676666), (-0.46455428, -0.8851268, -0.027199453), (-0.85021144, -0.52540755, -0.03297868), (-0.8484244, -0.5289659, -0.01926873), (-0.85021144, -0.52540755, -0.03297868), (-0.9040763, -0.42614055, -0.03241042), (-0.85021144, -0.52540755, -0.03297868), (-0.8484244, -0.5289659, -0.01926873), (-0.47086948, -0.87920433, 0.072676666), (-0.9040763, -0.42614055, -0.03241042), (-0.9037119, -0.42632198, -0.03942665), (-0.8484244, -0.5289659, -0.01926873), (-0.84925705, -0.52795446, -0.005169834), (-0.8484244, -0.5289659, -0.01926873), (-0.9037119, -0.42632198, -0.03942665), (-0.9037119, -0.42632198, -0.03942665), (-0.9027894, -0.42758182, -0.04631603), (-0.84925705, -0.52795446, -0.005169834), (-0.48613083, -0.8576596, 0.16762178), (-0.47086948, -0.87920433, 0.072676666), (-0.8484244, -0.5289659, -0.01926873), (-0.8484244, -0.5289659, -0.01926873), (-0.84925705, -0.52795446, -0.005169834), (-0.48613083, -0.8576596, 0.16762178), (-0.5086297, -0.8217246, 0.2570302), (-0.48613083, -0.8576596, 0.16762178), (-0.84925705, -0.52795446, -0.005169834), (-0.8524952, -0.52268165, 0.007475443), (-0.84925705, -0.52795446, -0.005169834), (-0.9027894, -0.42758182, -0.04631603), (-0.84925705, -0.52795446, -0.005169834), (-0.8524952, -0.52268165, 0.007475443), (-0.5086297, -0.8217246, 0.2570302), (-0.9027894, -0.42758182, -0.04631603), (-0.90133995, -0.4298824, -0.052796762), (-0.8524952, -0.52268165, 0.007475443), (-0.5415996, -0.7709329, 0.33516014), (-0.5086297, -0.8217246, 0.2570302), (-0.8524952, -0.52268165, 0.007475443), (-0.85592985, -0.5167143, 0.0197596), (-0.8524952, -0.52268165, 0.007475443), (-0.90133995, -0.4298824, -0.052796762), (-0.8524952, -0.52268165, 0.007475443), (-0.85592985, -0.5167143, 0.0197596), (-0.5415996, -0.7709329, 0.33516014), (-0.90133995, -0.4298824, -0.052796762), (-0.89939845, -0.43316483, -0.058743373), (-0.85592985, -0.5167143, 0.0197596), (-0.58054847, -0.70894486, 0.40045065), (-0.5415996, -0.7709329, 0.33516014), (-0.85592985, -0.5167143, 0.0197596), (-0.8605742, -0.50836754, 0.031218307), (-0.85592985, -0.5167143, 0.0197596), (-0.89939845, -0.43316483, -0.058743373), (-0.85592985, -0.5167143, 0.0197596), (-0.8605742, -0.50836754, 0.031218307), (-0.58054847, -0.70894486, 0.40045065), (-0.89939845, -0.43316483, -0.058743373), (-0.89703834, -0.43730804, -0.06390594), (-0.8605742, -0.50836754, 0.031218307), (-0.6114628, -0.6404972, 0.46462524), (-0.58054847, -0.70894486, 0.40045065), (-0.8605742, -0.50836754, 0.031218307), (-0.8672257, -0.49658132, 0.036422744), (-0.8605742, -0.50836754, 0.031218307), (-0.89703834, -0.43730804, -0.06390594), (-0.8605742, -0.50836754, 0.031218307), (-0.8672257, -0.49658132, 0.036422744), (-0.6114628, -0.6404972, 0.46462524), (-0.89703834, -0.43730804, -0.06390594), (-0.89431196, -0.44221708, -0.0681926), (-0.8672257, -0.49658132, 0.036422744), (-0.69065404, -0.57220614, 0.44224095), (-0.6114628, -0.6404972, 0.46462524), (-0.8672257, -0.49658132, 0.036422744), (-0.8716779, -0.48777044, 0.04751562), (-0.8672257, -0.49658132, 0.036422744), (-0.89431196, -0.44221708, -0.0681926), (-0.8672257, -0.49658132, 0.036422744), (-0.8716779, -0.48777044, 0.04751562), (-0.69065404, -0.57220614, 0.44224095), (-0.6250327, -0.4719396, 0.62177736), (-0.69065404, -0.57220614, 0.44224095), (-0.8716779, -0.48777044, 0.04751562), (-0.89431196, -0.44221708, -0.0681926), (-0.89132637, -0.4477021, -0.071416155), (-0.8716779, -0.48777044, 0.04751562), (-0.8716779, -0.48777044, 0.04751562), (-0.877506, -0.47539395, 0.06311892), (-0.6250327, -0.4719396, 0.62177736), (-0.877506, -0.47539395, 0.06311892), (-0.8716779, -0.48777044, 0.04751562), (-0.89132637, -0.4477021, -0.071416155), (-0.70481986, -0.36735743, 0.6068587), (-0.6250327, -0.4719396, 0.62177736), (-0.877506, -0.47539395, 0.06311892), (-0.89132637, -0.4477021, -0.071416155), (-0.88814384, -0.453646, -0.07352496), (-0.877506, -0.47539395, 0.06311892), (-0.877506, -0.47539395, 0.06311892), (-0.8855838, -0.46001452, 0.06424842), (-0.70481986, -0.36735743, 0.6068587), (-0.8855838, -0.46001452, 0.06424842), (-0.877506, -0.47539395, 0.06311892), (-0.88814384, -0.453646, -0.07352496), (-0.88814384, -0.453646, -0.07352496), (-0.8848925, -0.45981196, -0.074419305), (-0.8855838, -0.46001452, 0.06424842), (-0.7658353, -0.27308097, 0.5821712), (-0.70481986, -0.36735743, 0.6068587), (-0.8855838, -0.46001452, 0.06424842), (-0.89363045, -0.44522244, 0.056583893), (-0.8855838, -0.46001452, 0.06424842), (-0.8848925, -0.45981196, -0.074419305), (-0.8855838, -0.46001452, 0.06424842), (-0.89363045, -0.44522244, 0.056583893), (-0.7658353, -0.27308097, 0.5821712), (-0.8848925, -0.45981196, -0.074419305), (-0.8816378, -0.46607363, -0.074096516), (-0.89363045, -0.44522244, 0.056583893), (-0.8988057, -0.43640712, 0.04119623), (-0.89363045, -0.44522244, 0.056583893), (-0.8816378, -0.46607363, -0.074096516), (-0.8816378, -0.46607363, -0.074096516), (-0.878513, -0.47217682, -0.0725544), (-0.8988057, -0.43640712, 0.04119623), (-0.8331386, -0.21062371, 0.51138824), (-0.7658353, -0.27308097, 0.5821712), (-0.89363045, -0.44522244, 0.056583893), (-0.89363045, -0.44522244, 0.056583893), (-0.8988057, -0.43640712, 0.04119623), (-0.8331386, -0.21062371, 0.51138824), (-0.8747937, -0.13461174, 0.46541983), (-0.8331386, -0.21062371, 0.51138824), (-0.8988057, -0.43640712, 0.04119623), (-0.9046963, -0.4244855, 0.03656194), (-0.8988057, -0.43640712, 0.04119623), (-0.878513, -0.47217682, -0.0725544), (-0.8988057, -0.43640712, 0.04119623), (-0.9046963, -0.4244855, 0.03656194), (-0.8747937, -0.13461174, 0.46541983), (-0.878513, -0.47217682, -0.0725544), (-0.8755785, -0.47800094, -0.06983861), (-0.9046963, -0.4244855, 0.03656194), (-0.913078, -0.06883855, 0.40193263), (-0.8747937, -0.13461174, 0.46541983), (-0.9046963, -0.4244855, 0.03656194), (-0.91069067, -0.41196293, 0.030483415), (-0.9046963, -0.4244855, 0.03656194), (-0.8755785, -0.47800094, -0.06983861), (-0.9046963, -0.4244855, 0.03656194), (-0.91069067, -0.41196293, 0.030483415), (-0.913078, -0.06883855, 0.40193263), (-0.8755785, -0.47800094, -0.06983861), (-0.8729572, -0.48330492, -0.06604583), (-0.91069067, -0.41196293, 0.030483415), (-0.9446897, -0.015791843, 0.3275853), (-0.913078, -0.06883855, 0.40193263), (-0.91069067, -0.41196293, 0.030483415), (-0.91470283, -0.40369555, 0.018670611), (-0.91069067, -0.41196293, 0.030483415), (-0.8729572, -0.48330492, -0.06604583), (-0.91069067, -0.41196293, 0.030483415), (-0.91470283, -0.40369555, 0.018670611), (-0.9446897, -0.015791843, 0.3275853), (-0.8729572, -0.48330492, -0.06604583), (-0.87069714, -0.48798892, -0.061264466), (-0.91470283, -0.40369555, 0.018670611), (-0.9650619, 0.05248116, 0.25671265), (-0.9446897, -0.015791843, 0.3275853), (-0.91470283, -0.40369555, 0.018670611), (-0.9169549, -0.39895886, 0.0050755735), (-0.91470283, -0.40369555, 0.018670611), (-0.87069714, -0.48798892, -0.061264466), (-0.91470283, -0.40369555, 0.018670611), (-0.9169549, -0.39895886, 0.0050755735), (-0.9650619, 0.05248116, 0.25671265), (-0.87069714, -0.48798892, -0.061264466), (-0.8688957, -0.4918539, -0.055678487), (-0.9169549, -0.39895886, 0.0050755735), (-0.91873044, -0.3947989, -0.00826792), (-0.9169549, -0.39895886, 0.0050755735), (-0.8688957, -0.4918539, -0.055678487), (-0.9818092, 0.09149541, 0.16637129), (-0.9650619, 0.05248116, 0.25671265), (-0.9169549, -0.39895886, 0.0050755735), (-0.9169549, -0.39895886, 0.0050755735), (-0.91873044, -0.3947989, -0.00826792), (-0.9818092, 0.09149541, 0.16637129), (-0.99085563, 0.11519169, 0.07025762), (-0.9818092, 0.09149541, 0.16637129), (-0.91873044, -0.3947989, -0.00826792), (-0.5713104, -0.81270236, -0.114540026), (-0.640452, -0.74912757, -0.16920121), (-0.005534629, -0.9394121, -0.34274548), (-0.05870929, -0.8778301, -0.4753604), (-0.005534629, -0.9394121, -0.34274548), (-0.640452, -0.74912757, -0.16920121), (-0.640452, -0.74912757, -0.16920121), (-0.6605831, -0.7139065, -0.23230894), (-0.05870929, -0.8778301, -0.4753604), (-0.09597148, -0.7958361, -0.59785825), (-0.05870929, -0.8778301, -0.4753604), (-0.6605831, -0.7139065, -0.23230894), (-0.640452, -0.74912757, -0.16920121), (-0.5713104, -0.81270236, -0.114540026), (-0.8521287, -0.5213066, -0.046001874), (-0.6605831, -0.7139065, -0.23230894), (-0.6698936, -0.6814157, -0.2948139), (-0.09597148, -0.7958361, -0.59785825), (-0.14357042, -0.69602305, -0.70351934), (-0.09597148, -0.7958361, -0.59785825), (-0.6698936, -0.6814157, -0.2948139), (-0.6605831, -0.7139065, -0.23230894), (-0.640452, -0.74912757, -0.16920121), (-0.86758196, -0.4948337, -0.049409367), (-0.8521287, -0.5213066, -0.046001874), (-0.86758196, -0.4948337, -0.049409367), (-0.640452, -0.74912757, -0.16920121), (-0.6698936, -0.6814157, -0.2948139), (-0.6605831, -0.7139065, -0.23230894), (-0.8688955, -0.49185428, -0.055678792), (-0.86758196, -0.4948337, -0.049409367), (-0.8688955, -0.49185428, -0.055678792), (-0.6605831, -0.7139065, -0.23230894), (-0.6698936, -0.6814157, -0.2948139), (-0.6728461, -0.64505863, -0.36218458), (-0.14357042, -0.69602305, -0.70351934), (-0.20097907, -0.5820172, -0.787949), (-0.14357042, -0.69602305, -0.70351934), (-0.6728461, -0.64505863, -0.36218458), (-0.8688955, -0.49185428, -0.055678792), (-0.870697, -0.4879892, -0.06126475), (-0.6698936, -0.6814157, -0.2948139), (-0.6728461, -0.64505863, -0.36218458), (-0.6698936, -0.6814157, -0.2948139), (-0.870697, -0.4879892, -0.06126475), (-0.6728461, -0.64505863, -0.36218458), (-0.6953061, -0.5928398, -0.40631318), (-0.20097907, -0.5820172, -0.787949), (-0.26431492, -0.45703197, -0.8492699), (-0.20097907, -0.5820172, -0.787949), (-0.6953061, -0.5928398, -0.40631318), (-0.870697, -0.4879892, -0.06126475), (-0.8729573, -0.48330495, -0.06604581), (-0.6728461, -0.64505863, -0.36218458), (-0.6953061, -0.5928398, -0.40631318), (-0.6728461, -0.64505863, -0.36218458), (-0.8729573, -0.48330495, -0.06604581), (-0.6953061, -0.5928398, -0.40631318), (-0.7333544, -0.5303278, -0.425375), (-0.26431492, -0.45703197, -0.8492699), (-0.33197784, -0.32368374, -0.8860133), (-0.26431492, -0.45703197, -0.8492699), (-0.7333544, -0.5303278, -0.425375), (-0.8729573, -0.48330495, -0.06604581), (-0.8755784, -0.47800115, -0.06983881), (-0.6953061, -0.5928398, -0.40631318), (-0.7333544, -0.5303278, -0.425375), (-0.6953061, -0.5928398, -0.40631318), (-0.8755784, -0.47800115, -0.06983881), (-0.7333544, -0.5303278, -0.425375), (-0.7654008, -0.46764228, -0.44212246), (-0.33197784, -0.32368374, -0.8860133), (-0.40264267, -0.1876191, -0.8959231), (-0.33197784, -0.32368374, -0.8860133), (-0.7654008, -0.46764228, -0.44212246), (-0.8755784, -0.47800115, -0.06983881), (-0.87851304, -0.47217676, -0.07255425), (-0.7333544, -0.5303278, -0.425375), (-0.7654008, -0.46764228, -0.44212246), (-0.7333544, -0.5303278, -0.425375), (-0.87851304, -0.47217676, -0.07255425), (-0.7654008, -0.46764228, -0.44212246), (-0.79880905, -0.40334082, -0.44634095), (-0.40264267, -0.1876191, -0.8959231), (-0.47360715, -0.05273695, -0.8791559), (-0.40264267, -0.1876191, -0.8959231), (-0.79880905, -0.40334082, -0.44634095), (-0.87851304, -0.47217676, -0.07255425), (-0.8816378, -0.4660736, -0.0740965), (-0.7654008, -0.46764228, -0.44212246), (-0.79880905, -0.40334082, -0.44634095), (-0.7654008, -0.46764228, -0.44212246), (-0.8816378, -0.4660736, -0.0740965), (-0.79880905, -0.40334082, -0.44634095), (-0.832296, -0.33973226, -0.4380244), (-0.47360715, -0.05273695, -0.8791559), (-0.54248446, 0.07690142, -0.8365386), (-0.47360715, -0.05273695, -0.8791559), (-0.832296, -0.33973226, -0.4380244), (-0.8816378, -0.4660736, -0.0740965), (-0.8848926, -0.459812, -0.0744192), (-0.79880905, -0.40334082, -0.44634095), (-0.832296, -0.33973226, -0.4380244), (-0.79880905, -0.40334082, -0.44634095), (-0.8848926, -0.459812, -0.0744192), (-0.832296, -0.33973226, -0.4380244), (-0.86410385, -0.27405787, -0.42215747), (-0.54248446, 0.07690142, -0.8365386), (-0.60831034, 0.1979227, -0.7686255), (-0.54248446, 0.07690142, -0.8365386), (-0.86410385, -0.27405787, -0.42215747), (-0.8848926, -0.459812, -0.0744192), (-0.88814384, -0.453646, -0.073525086), (-0.832296, -0.33973226, -0.4380244), (-0.86410385, -0.27405787, -0.42215747), (-0.832296, -0.33973226, -0.4380244), (-0.88814384, -0.453646, -0.073525086), (-0.86410385, -0.27405787, -0.42215747), (-0.8928787, -0.21060628, -0.39801097), (-0.60831034, 0.1979227, -0.7686255), (-0.66886955, 0.30571628, -0.677607), (-0.60831034, 0.1979227, -0.7686255), (-0.8928787, -0.21060628, -0.39801097), (-0.88814384, -0.453646, -0.073525086), (-0.89132637, -0.44770205, -0.071416095), (-0.86410385, -0.27405787, -0.42215747), (-0.8928787, -0.21060628, -0.39801097), (-0.86410385, -0.27405787, -0.42215747), (-0.89132637, -0.44770205, -0.071416095), (-0.8928787, -0.21060628, -0.39801097), (-0.9229629, -0.16422011, -0.34809673), (-0.66886955, 0.30571628, -0.677607), (-0.7212105, 0.3981922, -0.5668319), (-0.66886955, 0.30571628, -0.677607), (-0.9229629, -0.16422011, -0.34809673), (-0.89132637, -0.44770205, -0.071416095), (-0.894312, -0.4422169, -0.068192855), (-0.8928787, -0.21060628, -0.39801097), (-0.9229629, -0.16422011, -0.34809673), (-0.8928787, -0.21060628, -0.39801097), (-0.894312, -0.4422169, -0.068192855), (-0.9229629, -0.16422011, -0.34809673), (-0.94882774, -0.1273691, -0.28896904), (-0.7212105, 0.3981922, -0.5668319), (-0.76449674, 0.47222126, -0.43880728), (-0.7212105, 0.3981922, -0.5668319), (-0.94882774, -0.1273691, -0.28896904), (-0.894312, -0.4422169, -0.068192855), (-0.89703846, -0.43730772, -0.06390641), (-0.9229629, -0.16422011, -0.34809673), (-0.94882774, -0.1273691, -0.28896904), (-0.9229629, -0.16422011, -0.34809673), (-0.89703846, -0.43730772, -0.06390641), (-0.94882774, -0.1273691, -0.28896904), (-0.9691272, -0.09297251, -0.22836119), (-0.76449674, 0.47222126, -0.43880728), (-0.79722965, 0.52470726, -0.2985085), (-0.76449674, 0.47222126, -0.43880728), (-0.9691272, -0.09297251, -0.22836119), (-0.89703846, -0.43730772, -0.06390641), (-0.8993985, -0.4331647, -0.058743402), (-0.94882774, -0.1273691, -0.28896904), (-0.9691272, -0.09297251, -0.22836119), (-0.94882774, -0.1273691, -0.28896904), (-0.8993985, -0.4331647, -0.058743402), (-0.9691272, -0.09297251, -0.22836119), (-0.9844104, -0.06853116, -0.16198656), (-0.79722965, 0.52470726, -0.2985085), (-0.81860816, 0.5546001, -0.14933012), (-0.79722965, 0.52470726, -0.2985085), (-0.9844104, -0.06853116, -0.16198656), (-0.8993985, -0.4331647, -0.058743402), (-0.90134, -0.42988226, -0.052796844), (-0.9691272, -0.09297251, -0.22836119), (-0.9844104, -0.06853116, -0.16198656), (-0.9691272, -0.09297251, -0.22836119), (-0.90134, -0.42988226, -0.052796844), (-0.9844104, -0.06853116, -0.16198656), (-0.99430484, -0.054811247, -0.09139929), (-0.81860816, 0.5546001, -0.14933012), (-0.827791, 0.5610252, 0.0035881246), (-0.81860816, 0.5546001, -0.14933012), (-0.99430484, -0.054811247, -0.09139929), (-0.90134, -0.42988226, -0.052796844), (-0.9027894, -0.42758173, -0.046316404), (-0.9844104, -0.06853116, -0.16198656), (-0.99430484, -0.054811247, -0.09139929), (-0.9844104, -0.06853116, -0.16198656), (-0.9027894, -0.42758173, -0.046316404), (-0.99430484, -0.054811247, -0.09139929), (-0.998455, -0.052144583, -0.019203063), (-0.827791, 0.5610252, 0.0035881246), (-0.8246525, 0.5436422, 0.15620972), (-0.827791, 0.5610252, 0.0035881246), (-0.998455, -0.052144583, -0.019203063), (-0.9027894, -0.42758173, -0.046316404), (-0.903712, -0.42632186, -0.03942654), (-0.99430484, -0.054811247, -0.09139929), (-0.998455, -0.052144583, -0.019203063), (-0.99430484, -0.054811247, -0.09139929), (-0.903712, -0.42632186, -0.03942654), (-0.998455, -0.052144583, -0.019203063), (-0.99675274, -0.060753323, 0.05284919), (-0.8246525, 0.5436422, 0.15620972), (-0.80901796, 0.5038701, 0.30266288), (-0.8246525, 0.5436422, 0.15620972), (-0.99675274, -0.060753323, 0.05284919), (-0.903712, -0.42632186, -0.03942654), (-0.9040762, -0.42614064, -0.032410618), (-0.998455, -0.052144583, -0.019203063), (-0.99675274, -0.060753323, 0.05284919), (-0.998455, -0.052144583, -0.019203063), (-0.9040762, -0.42614064, -0.032410618), (-0.99675274, -0.060753323, 0.05284919), (-0.9892751, -0.07451159, 0.1256298), (-0.80901796, 0.5038701, 0.30266288), (-0.7818814, 0.44070017, 0.44095904), (-0.80901796, 0.5038701, 0.30266288), (-0.9892751, -0.07451159, 0.1256298), (-0.9040762, -0.42614064, -0.032410618), (-0.9038684, -0.42705563, -0.025408749), (-0.99675274, -0.060753323, 0.05284919), (-0.9892751, -0.07451159, 0.1256298), (-0.99675274, -0.060753323, 0.05284919), (-0.9038684, -0.42705563, -0.025408749), (-0.9892751, -0.07451159, 0.1256298), (-0.9763484, -0.09840212, 0.19251227), (-0.7818814, 0.44070017, 0.44095904), (-0.7469989, 0.3523329, 0.5637857), (-0.7818814, 0.44070017, 0.44095904), (-0.9763484, -0.09840212, 0.19251227), (-0.9038684, -0.42705563, -0.025408749), (-0.9031033, -0.42901593, -0.018703472), (-0.9892751, -0.07451159, 0.1256298), (-0.9763484, -0.09840212, 0.19251227), (-0.9892751, -0.07451159, 0.1256298), (-0.9031033, -0.42901593, -0.018703472), (-0.9763484, -0.09840212, 0.19251227), (-0.9560744, -0.1971472, 0.21692087), (-0.7469989, 0.3523329, 0.5637857), (-0.83565366, 0.0652174, 0.5453711), (-0.7469989, 0.3523329, 0.5637857), (-0.9560744, -0.1971472, 0.21692087), (-0.9031033, -0.42901593, -0.018703472), (-0.9017901, -0.4319955, -0.012433888), (-0.9763484, -0.09840212, 0.19251227), (-0.9560744, -0.1971472, 0.21692087), (-0.9763484, -0.09840212, 0.19251227), (-0.9017901, -0.4319955, -0.012433888), (-0.9017901, -0.4319955, -0.012433888), (-0.9102201, -0.4132037, 0.027606424), (-0.9560744, -0.1971472, 0.21692087), (-0.83565366, 0.0652174, 0.5453711), (-0.9560744, -0.1971472, 0.21692087), (-0.9102201, -0.4132037, 0.027606424), (-0.9102201, -0.4132037, 0.027606424), (-0.9221588, -0.37779817, 0.08301623), (-0.83565366, 0.0652174, 0.5453711), (-0.7922587, -0.020973152, 0.60982484), (-0.83565366, 0.0652174, 0.5453711), (-0.9221588, -0.37779817, 0.08301623), (-0.9221588, -0.37779817, 0.08301623), (-0.91099983, -0.40265653, 0.08914603), (-0.7922587, -0.020973152, 0.60982484), (-0.74005324, -0.1251017, 0.66081077), (-0.7922587, -0.020973152, 0.60982484), (-0.91099983, -0.40265653, 0.08914603), (-0.91099983, -0.40265653, 0.08914603), (-0.9009224, -0.42266285, 0.09846309), (-0.74005324, -0.1251017, 0.66081077), (-0.68435365, -0.2339715, 0.6905921), (-0.74005324, -0.1251017, 0.66081077), (-0.9009224, -0.42266285, 0.09846309), (-0.9009224, -0.42266285, 0.09846309), (-0.8901891, -0.44362038, 0.10375133), (-0.68435365, -0.2339715, 0.6905921), (-0.62641174, -0.34571505, 0.698634), (-0.68435365, -0.2339715, 0.6905921), (-0.8901891, -0.44362038, 0.10375133), (-0.8901891, -0.44362038, 0.10375133), (-0.87901336, -0.4651254, 0.10485188), (-0.62641174, -0.34571505, 0.698634), (-0.56808627, -0.45639178, 0.6848246), (-0.62641174, -0.34571505, 0.698634), (-0.87901336, -0.4651254, 0.10485188), (-0.87901336, -0.4651254, 0.10485188), (-0.8678468, -0.48629647, 0.10177331), (-0.56808627, -0.45639178, 0.6848246), (-0.5187626, -0.55887866, 0.6469467), (-0.56808627, -0.45639178, 0.6848246), (-0.8678468, -0.48629647, 0.10177331), (-0.5187626, -0.55887866, 0.6469467), (-0.69895166, -0.6148797, 0.36522555), (-0.17688258, -0.62892157, 0.7570802), (-0.1720775, -0.74531454, 0.6441238), (-0.17688258, -0.62892157, 0.7570802), (-0.69895166, -0.6148797, 0.36522555), (-0.8678468, -0.48629647, 0.10177331), (-0.86781484, -0.49201238, 0.06943625), (-0.5187626, -0.55887866, 0.6469467), (-0.69895166, -0.6148797, 0.36522555), (-0.5187626, -0.55887866, 0.6469467), (-0.86781484, -0.49201238, 0.06943625), (-0.69895166, -0.6148797, 0.36522555), (-0.6952188, -0.66482913, 0.27326393), (-0.1720775, -0.74531454, 0.6441238), (-0.119127564, -0.837692, 0.53299224), (-0.1720775, -0.74531454, 0.6441238), (-0.6952188, -0.66482913, 0.27326393), (-0.86781484, -0.49201238, 0.06943625), (-0.8763733, -0.4816326, 0.00008057331), (-0.69895166, -0.6148797, 0.36522555), (-0.6952188, -0.66482913, 0.27326393), (-0.69895166, -0.6148797, 0.36522555), (-0.8763733, -0.4816326, 0.00008057331), (-0.6952188, -0.66482913, 0.27326393), (-0.6861682, -0.6972566, 0.2073799), (-0.119127564, -0.837692, 0.53299224), (-0.0749713, -0.9115293, 0.40434346), (-0.119127564, -0.837692, 0.53299224), (-0.6861682, -0.6972566, 0.2073799), (-0.8763733, -0.4816326, 0.00008057331), (-0.8736472, -0.4865419, -0.004206398), (-0.6952188, -0.66482913, 0.27326393), (-0.6861682, -0.6972566, 0.2073799), (-0.6952188, -0.66482913, 0.27326393), (-0.8736472, -0.4865419, -0.004206398), (-0.6861682, -0.6972566, 0.2073799), (-0.66739744, -0.7291369, 0.15145983), (-0.0749713, -0.9115293, 0.40434346), (-0.061488334, -0.96338356, 0.2609817), (-0.0749713, -0.9115293, 0.40434346), (-0.66739744, -0.7291369, 0.15145983), (-0.8736472, -0.4865419, -0.004206398), (-0.8712868, -0.49068484, -0.009369051), (-0.6861682, -0.6972566, 0.2073799), (-0.66739744, -0.7291369, 0.15145983), (-0.6861682, -0.6972566, 0.2073799), (-0.8712868, -0.49068484, -0.009369051), (-0.66739744, -0.7291369, 0.15145983), (-0.68989545, -0.7196073, 0.078800626), (-0.061488334, -0.96338356, 0.2609817), (-0.5340299, -0.8440626, 0.048686814), (-0.061488334, -0.96338356, 0.2609817), (-0.68989545, -0.7196073, 0.078800626), (-0.68989545, -0.7196073, 0.078800626), (-0.66739744, -0.7291369, 0.15145983), (-0.8693457, -0.4939671, -0.015315825), (-0.8712868, -0.49068484, -0.009369051), (-0.8693457, -0.4939671, -0.015315825), (-0.66739744, -0.7291369, 0.15145983), (-0.5340299, -0.8440626, 0.048686814), (-0.68989545, -0.7196073, 0.078800626), (-0.86043984, -0.5091564, -0.020080015), (-0.8693457, -0.4939671, -0.015315825), (-0.86043984, -0.5091564, -0.020080015), (-0.68989545, -0.7196073, 0.078800626), (-0.86043984, -0.5091564, -0.020080015), (-0.8468503, -0.531339, -0.022883825), (-0.5340299, -0.8440626, 0.048686814), (-0.5432587, -0.83861715, -0.03989233), (-0.5340299, -0.8440626, 0.048686814), (-0.8468503, -0.531339, -0.022883825), (-0.86043984, -0.5091564, -0.020080015), (-0.8693457, -0.4939671, -0.015315825), (-0.91387945, -0.39891833, -0.075422354), (-0.8468503, -0.531339, -0.022883825), (-0.8472412, -0.5298738, -0.037632264), (-0.5432587, -0.83861715, -0.03989233), (-0.5713104, -0.81270236, -0.114540026), (-0.5432587, -0.83861715, -0.03989233), (-0.8472412, -0.5298738, -0.037632264), (-0.8472412, -0.5298738, -0.037632264), (-0.8521287, -0.5213066, -0.046001874), (-0.5713104, -0.81270236, -0.114540026), (-0.8468503, -0.531339, -0.022883825), (-0.86043984, -0.5091564, -0.020080015), (-0.91711664, -0.39364466, -0.062777676), (-0.91387945, -0.39891833, -0.075422354), (-0.91711664, -0.39364466, -0.062777676), (-0.86043984, -0.5091564, -0.020080015), (-0.8472412, -0.5298738, -0.037632264), (-0.8468503, -0.531339, -0.022883825), (-0.918322, -0.39282814, -0.04869215), (-0.91711664, -0.39364466, -0.062777676), (-0.918322, -0.39282814, -0.04869215), (-0.8468503, -0.531339, -0.022883825), (-0.8521287, -0.5213066, -0.046001874), (-0.8472412, -0.5298738, -0.037632264), (-0.91725373, -0.39676204, -0.035009682), (-0.918322, -0.39282814, -0.04869215), (-0.91725373, -0.39676204, -0.035009682), (-0.8472412, -0.5298738, -0.037632264), (-0.91725373, -0.39676204, -0.035009682), (-0.9180274, -0.3958773, -0.022516161), (-0.8521287, -0.5213066, -0.046001874), (-0.86758196, -0.4948337, -0.049409367), (-0.8521287, -0.5213066, -0.046001874), (-0.9180274, -0.3958773, -0.022516161), (-0.91725373, -0.39676204, -0.035009682), (-0.918322, -0.39282814, -0.04869215), (-0.98441344, 0.1199103, -0.12865381), (-0.9180274, -0.3958773, -0.022516161), (-0.91725373, -0.39676204, -0.035009682), (-0.991696, 0.12533465, -0.028816056), (-0.98441344, 0.1199103, -0.12865381), (-0.991696, 0.12533465, -0.028816056), (-0.91725373, -0.39676204, -0.035009682), (-0.991696, 0.12533465, -0.028816056), (-0.99085695, 0.115181595, 0.070256166), (-0.9180274, -0.3958773, -0.022516161), (-0.9180274, -0.3958773, -0.022516161), (-0.9187305, -0.3947988, -0.008267662), (-0.86758196, -0.4948337, -0.049409367), (-0.9187305, -0.3947988, -0.008267662), (-0.9180274, -0.3958773, -0.022516161), (-0.99085695, 0.115181595, 0.070256166), (-0.8688955, -0.49185428, -0.055678792), (-0.86758196, -0.4948337, -0.049409367), (-0.9187305, -0.3947988, -0.008267662), (-0.9697297, 0.098066375, -0.22362348), (-0.98441344, 0.1199103, -0.12865381), (-0.918322, -0.39282814, -0.04869215), (-0.918322, -0.39282814, -0.04869215), (-0.91711664, -0.39364466, -0.062777676), (-0.9697297, 0.098066375, -0.22362348), (-0.94771546, 0.06188946, -0.31305784), (-0.9697297, 0.098066375, -0.22362348), (-0.91711664, -0.39364466, -0.062777676), (-0.91711664, -0.39364466, -0.062777676), (-0.91387945, -0.39891833, -0.075422354), (-0.94771546, 0.06188946, -0.31305784), (-0.92018825, 0.008253138, -0.3913891), (-0.94771546, 0.06188946, -0.31305784), (-0.91387945, -0.39891833, -0.075422354), (-0.91387945, -0.39891833, -0.075422354), (-0.9102074, -0.40476137, -0.087697215), (-0.92018825, 0.008253138, -0.3913891), (-0.9102074, -0.40476137, -0.087697215), (-0.91387945, -0.39891833, -0.075422354), (-0.8693457, -0.4939671, -0.015315825), (-0.8693457, -0.4939671, -0.015315825), (-0.8712868, -0.49068484, -0.009369051), (-0.9102074, -0.40476137, -0.087697215), (-0.8876679, -0.0570912, -0.45693144), (-0.92018825, 0.008253138, -0.3913891), (-0.9102074, -0.40476137, -0.087697215), (-0.9053251, -0.41298464, -0.09914702), (-0.9102074, -0.40476137, -0.087697215), (-0.8712868, -0.49068484, -0.009369051), (-0.9102074, -0.40476137, -0.087697215), (-0.9053251, -0.41298464, -0.09914702), (-0.8876679, -0.0570912, -0.45693144), (-0.8712868, -0.49068484, -0.009369051), (-0.8736472, -0.4865419, -0.004206398), (-0.9053251, -0.41298464, -0.09914702), (-0.8745215, -0.15324582, -0.46013916), (-0.8876679, -0.0570912, -0.45693144), (-0.9053251, -0.41298464, -0.09914702), (-0.90119034, -0.4184973, -0.11276531), (-0.9053251, -0.41298464, -0.09914702), (-0.8736472, -0.4865419, -0.004206398), (-0.9053251, -0.41298464, -0.09914702), (-0.90119034, -0.4184973, -0.11276531), (-0.8745215, -0.15324582, -0.46013916), (-0.8736472, -0.4865419, -0.004206398), (-0.8763733, -0.4816326, 0.00008057331), (-0.90119034, -0.4184973, -0.11276531), (-0.7255659, -0.09093671, -0.6821177), (-0.8745215, -0.15324582, -0.46013916), (-0.90119034, -0.4184973, -0.11276531), (-0.89376545, -0.4276058, -0.13541299), (-0.90119034, -0.4184973, -0.11276531), (-0.8763733, -0.4816326, 0.00008057331), (-0.90119034, -0.4184973, -0.11276531), (-0.89376545, -0.4276058, -0.13541299), (-0.7255659, -0.09093671, -0.6821177), (-0.6793927, -0.22039092, -0.69989526), (-0.7255659, -0.09093671, -0.6821177), (-0.89376545, -0.4276058, -0.13541299), (-0.8763733, -0.4816326, 0.00008057331), (-0.86781484, -0.49201238, 0.06943625), (-0.89376545, -0.4276058, -0.13541299), (-0.89376545, -0.4276058, -0.13541299), (-0.8860387, -0.44473296, -0.13095011), (-0.6793927, -0.22039092, -0.69989526), (-0.8860387, -0.44473296, -0.13095011), (-0.89376545, -0.4276058, -0.13541299), (-0.86781484, -0.49201238, 0.06943625), (-0.6223336, -0.32701796, -0.7111682), (-0.6793927, -0.22039092, -0.69989526), (-0.8860387, -0.44473296, -0.13095011), (-0.86781484, -0.49201238, 0.06943625), (-0.8678468, -0.48629647, 0.10177331), (-0.8860387, -0.44473296, -0.13095011), (-0.8860387, -0.44473296, -0.13095011), (-0.87798, -0.46011543, -0.1320798), (-0.6223336, -0.32701796, -0.7111682), (-0.87798, -0.46011543, -0.1320798), (-0.8860387, -0.44473296, -0.13095011), (-0.8678468, -0.48629647, 0.10177331), (-0.8678468, -0.48629647, 0.10177331), (-0.87901336, -0.4651254, 0.10485188), (-0.87798, -0.46011543, -0.1320798), (-0.56634843, -0.4326679, -0.70146126), (-0.6223336, -0.32701796, -0.7111682), (-0.87798, -0.46011543, -0.1320798), (-0.8695631, -0.47501907, -0.13497095), (-0.87798, -0.46011543, -0.1320798), (-0.87901336, -0.4651254, 0.10485188), (-0.87798, -0.46011543, -0.1320798), (-0.8695631, -0.47501907, -0.13497095), (-0.56634843, -0.4326679, -0.70146126), (-0.87901336, -0.4651254, 0.10485188), (-0.8901891, -0.44362038, 0.10375133), (-0.8695631, -0.47501907, -0.13497095), (-0.86109483, -0.4920896, -0.12791994), (-0.8695631, -0.47501907, -0.13497095), (-0.8901891, -0.44362038, 0.10375133), (-0.8901891, -0.44362038, 0.10375133), (-0.9009224, -0.42266285, 0.09846309), (-0.86109483, -0.4920896, -0.12791994), (-0.54297286, -0.54312444, -0.64046586), (-0.56634843, -0.4326679, -0.70146126), (-0.8695631, -0.47501907, -0.13497095), (-0.8695631, -0.47501907, -0.13497095), (-0.86109483, -0.4920896, -0.12791994), (-0.54297286, -0.54312444, -0.64046586), (-0.5779249, -0.62673265, -0.52269393), (-0.54297286, -0.54312444, -0.64046586), (-0.86109483, -0.4920896, -0.12791994), (-0.8614411, -0.4969902, -0.104499415), (-0.86109483, -0.4920896, -0.12791994), (-0.9009224, -0.42266285, 0.09846309), (-0.86109483, -0.4920896, -0.12791994), (-0.8614411, -0.4969902, -0.104499415), (-0.5779249, -0.62673265, -0.52269393), (-0.9009224, -0.42266285, 0.09846309), (-0.91099983, -0.40265653, 0.08914603), (-0.8614411, -0.4969902, -0.104499415), (-0.5546551, -0.6953472, -0.4570011), (-0.5779249, -0.62673265, -0.52269393), (-0.8614411, -0.4969902, -0.104499415), (-0.8555576, -0.50852275, -0.09708648), (-0.8614411, -0.4969902, -0.104499415), (-0.91099983, -0.40265653, 0.08914603), (-0.8614411, -0.4969902, -0.104499415), (-0.8555576, -0.50852275, -0.09708648), (-0.5546551, -0.6953472, -0.4570011), (-0.91099983, -0.40265653, 0.08914603), (-0.9221588, -0.37779817, 0.08301623), (-0.8555576, -0.50852275, -0.09708648), (-0.5156739, -0.7607764, -0.39408106), (-0.5546551, -0.6953472, -0.4570011), (-0.8555576, -0.50852275, -0.09708648), (-0.8527069, -0.5154794, -0.08468775), (-0.8555576, -0.50852275, -0.09708648), (-0.9221588, -0.37779817, 0.08301623), (-0.8555576, -0.50852275, -0.09708648), (-0.8527069, -0.5154794, -0.08468775), (-0.5156739, -0.7607764, -0.39408106), (-0.9221588, -0.37779817, 0.08301623), (-0.9102201, -0.4132037, 0.027606424), (-0.8527069, -0.5154794, -0.08468775), (-0.49123093, -0.81307596, -0.31240946), (-0.5156739, -0.7607764, -0.39408106), (-0.8527069, -0.5154794, -0.08468775), (-0.8494198, -0.52264124, -0.07302236), (-0.8527069, -0.5154794, -0.08468775), (-0.9102201, -0.4132037, 0.027606424), (-0.8527069, -0.5154794, -0.08468775), (-0.8494198, -0.52264124, -0.07302236), (-0.49123093, -0.81307596, -0.31240946), (-0.9102201, -0.4132037, 0.027606424), (-0.9017901, -0.4319955, -0.012433888), (-0.8494198, -0.52264124, -0.07302236), (-0.47485414, -0.85149914, -0.22240214), (-0.49123093, -0.81307596, -0.31240946), (-0.8494198, -0.52264124, -0.07302236), (-0.8478301, -0.52689815, -0.059685946), (-0.8494198, -0.52264124, -0.07302236), (-0.9017901, -0.4319955, -0.012433888), (-0.8494198, -0.52264124, -0.07302236), (-0.8478301, -0.52689815, -0.059685946), (-0.47485414, -0.85149914, -0.22240214), (-0.4664084, -0.8755046, -0.12631279), (-0.47485414, -0.85149914, -0.22240214), (-0.8478301, -0.52689815, -0.059685946), (-0.9017901, -0.4319955, -0.012433888), (-0.9031033, -0.42901593, -0.018703472), (-0.8478301, -0.52689815, -0.059685946), (-0.8478301, -0.52689815, -0.059685946), (-0.8491735, -0.52615356, -0.0454625), (-0.4664084, -0.8755046, -0.12631279), (-0.8491735, -0.52615356, -0.0454625), (-0.8478301, -0.52689815, -0.059685946), (-0.9031033, -0.42901593, -0.018703472), (-0.46455494, -0.88512653, -0.027200993), (-0.4664084, -0.8755046, -0.12631279), (-0.8491735, -0.52615356, -0.0454625), (-0.9031033, -0.42901593, -0.018703472), (-0.9038684, -0.42705563, -0.025408749), (-0.8491735, -0.52615356, -0.0454625), (-0.8491735, -0.52615356, -0.0454625), (-0.8502115, -0.5254074, -0.032979023), (-0.46455494, -0.88512653, -0.027200993), (-0.8502115, -0.5254074, -0.032979023), (-0.8491735, -0.52615356, -0.0454625), (-0.9038684, -0.42705563, -0.025408749), (-0.9038684, -0.42705563, -0.025408749), (-0.9040762, -0.42614064, -0.032410618), (-0.8502115, -0.5254074, -0.032979023), (-0.47087795, -0.87920004, 0.07267256), (-0.46455494, -0.88512653, -0.027200993), (-0.8502115, -0.5254074, -0.032979023), (-0.84842443, -0.5289659, -0.019268924), (-0.8502115, -0.5254074, -0.032979023), (-0.9040762, -0.42614064, -0.032410618), (-0.8502115, -0.5254074, -0.032979023), (-0.84842443, -0.5289659, -0.019268924), (-0.47087795, -0.87920004, 0.07267256), (-0.9040762, -0.42614064, -0.032410618), (-0.903712, -0.42632186, -0.03942654), (-0.84842443, -0.5289659, -0.019268924), (-0.8492568, -0.5279547, -0.005169197), (-0.84842443, -0.5289659, -0.019268924), (-0.903712, -0.42632186, -0.03942654), (-0.903712, -0.42632186, -0.03942654), (-0.9027894, -0.42758173, -0.046316404), (-0.8492568, -0.5279547, -0.005169197), (-0.48613375, -0.85765755, 0.16762297), (-0.47087795, -0.87920004, 0.07267256), (-0.84842443, -0.5289659, -0.019268924), (-0.84842443, -0.5289659, -0.019268924), (-0.8492568, -0.5279547, -0.005169197), (-0.48613375, -0.85765755, 0.16762297), (-0.5086289, -0.8217246, 0.25703183), (-0.48613375, -0.85765755, 0.16762297), (-0.8492568, -0.5279547, -0.005169197), (-0.8524951, -0.522682, 0.0074755787), (-0.8492568, -0.5279547, -0.005169197), (-0.9027894, -0.42758173, -0.046316404), (-0.8492568, -0.5279547, -0.005169197), (-0.8524951, -0.522682, 0.0074755787), (-0.5086289, -0.8217246, 0.25703183), (-0.9027894, -0.42758173, -0.046316404), (-0.90134, -0.42988226, -0.052796844), (-0.8524951, -0.522682, 0.0074755787), (-0.54159904, -0.77093405, 0.33515877), (-0.5086289, -0.8217246, 0.25703183), (-0.8524951, -0.522682, 0.0074755787), (-0.8559298, -0.5167145, 0.01975969), (-0.8524951, -0.522682, 0.0074755787), (-0.90134, -0.42988226, -0.052796844), (-0.8524951, -0.522682, 0.0074755787), (-0.8559298, -0.5167145, 0.01975969), (-0.54159904, -0.77093405, 0.33515877), (-0.90134, -0.42988226, -0.052796844), (-0.8993985, -0.4331647, -0.058743402), (-0.8559298, -0.5167145, 0.01975969), (-0.5805452, -0.7089453, 0.40045482), (-0.54159904, -0.77093405, 0.33515877), (-0.8559298, -0.5167145, 0.01975969), (-0.8605742, -0.50836754, 0.031218255), (-0.8559298, -0.5167145, 0.01975969), (-0.8993985, -0.4331647, -0.058743402), (-0.8559298, -0.5167145, 0.01975969), (-0.8605742, -0.50836754, 0.031218255), (-0.5805452, -0.7089453, 0.40045482), (-0.8993985, -0.4331647, -0.058743402), (-0.89703846, -0.43730772, -0.06390641), (-0.8605742, -0.50836754, 0.031218255), (-0.6114656, -0.64049554, 0.46462402), (-0.5805452, -0.7089453, 0.40045482), (-0.8605742, -0.50836754, 0.031218255), (-0.8672257, -0.49658126, 0.036422767), (-0.8605742, -0.50836754, 0.031218255), (-0.89703846, -0.43730772, -0.06390641), (-0.8605742, -0.50836754, 0.031218255), (-0.8672257, -0.49658126, 0.036422767), (-0.6114656, -0.64049554, 0.46462402), (-0.89703846, -0.43730772, -0.06390641), (-0.894312, -0.4422169, -0.068192855), (-0.8672257, -0.49658126, 0.036422767), (-0.690658, -0.5722055, 0.4422357), (-0.6114656, -0.64049554, 0.46462402), (-0.8672257, -0.49658126, 0.036422767), (-0.87167794, -0.48777032, 0.047515377), (-0.8672257, -0.49658126, 0.036422767), (-0.894312, -0.4422169, -0.068192855), (-0.8672257, -0.49658126, 0.036422767), (-0.87167794, -0.48777032, 0.047515377), (-0.690658, -0.5722055, 0.4422357), (-0.6250342, -0.47194082, 0.621775), (-0.690658, -0.5722055, 0.4422357), (-0.87167794, -0.48777032, 0.047515377), (-0.894312, -0.4422169, -0.068192855), (-0.89132637, -0.44770205, -0.071416095), (-0.87167794, -0.48777032, 0.047515377), (-0.87167794, -0.48777032, 0.047515377), (-0.87750596, -0.47539398, 0.06311876), (-0.6250342, -0.47194082, 0.621775), (-0.87750596, -0.47539398, 0.06311876), (-0.87167794, -0.48777032, 0.047515377), (-0.89132637, -0.44770205, -0.071416095), (-0.70481986, -0.3673574, 0.60685873), (-0.6250342, -0.47194082, 0.621775), (-0.87750596, -0.47539398, 0.06311876), (-0.89132637, -0.44770205, -0.071416095), (-0.88814384, -0.453646, -0.073525086), (-0.87750596, -0.47539398, 0.06311876), (-0.87750596, -0.47539398, 0.06311876), (-0.88558394, -0.46001458, 0.06424822), (-0.70481986, -0.3673574, 0.60685873), (-0.88558394, -0.46001458, 0.06424822), (-0.87750596, -0.47539398, 0.06311876), (-0.88814384, -0.453646, -0.073525086), (-0.88814384, -0.453646, -0.073525086), (-0.8848926, -0.459812, -0.0744192), (-0.88558394, -0.46001458, 0.06424822), (-0.7658345, -0.27308086, 0.5821721), (-0.70481986, -0.3673574, 0.60685873), (-0.88558394, -0.46001458, 0.06424822), (-0.89363045, -0.4452225, 0.056583736), (-0.88558394, -0.46001458, 0.06424822), (-0.8848926, -0.459812, -0.0744192), (-0.88558394, -0.46001458, 0.06424822), (-0.89363045, -0.4452225, 0.056583736), (-0.7658345, -0.27308086, 0.5821721), (-0.8848926, -0.459812, -0.0744192), (-0.8816378, -0.4660736, -0.0740965), (-0.89363045, -0.4452225, 0.056583736), (-0.8988057, -0.4364074, 0.041195776), (-0.89363045, -0.4452225, 0.056583736), (-0.8816378, -0.4660736, -0.0740965), (-0.8816378, -0.4660736, -0.0740965), (-0.87851304, -0.47217676, -0.07255425), (-0.8988057, -0.4364074, 0.041195776), (-0.8331377, -0.21062197, 0.51139015), (-0.7658345, -0.27308086, 0.5821721), (-0.89363045, -0.4452225, 0.056583736), (-0.89363045, -0.4452225, 0.056583736), (-0.8988057, -0.4364074, 0.041195776), (-0.8331377, -0.21062197, 0.51139015), (-0.8747949, -0.13461833, 0.46541592), (-0.8331377, -0.21062197, 0.51139015), (-0.8988057, -0.4364074, 0.041195776), (-0.9046962, -0.42448568, 0.036562115), (-0.8988057, -0.4364074, 0.041195776), (-0.87851304, -0.47217676, -0.07255425), (-0.8988057, -0.4364074, 0.041195776), (-0.9046962, -0.42448568, 0.036562115), (-0.8747949, -0.13461833, 0.46541592), (-0.87851304, -0.47217676, -0.07255425), (-0.8755784, -0.47800115, -0.06983881), (-0.9046962, -0.42448568, 0.036562115), (-0.913077, -0.06883498, 0.40193558), (-0.8747949, -0.13461833, 0.46541592), (-0.9046962, -0.42448568, 0.036562115), (-0.9106909, -0.41196227, 0.03048356), (-0.9046962, -0.42448568, 0.036562115), (-0.8755784, -0.47800115, -0.06983881), (-0.9046962, -0.42448568, 0.036562115), (-0.9106909, -0.41196227, 0.03048356), (-0.913077, -0.06883498, 0.40193558), (-0.8755784, -0.47800115, -0.06983881), (-0.8729573, -0.48330495, -0.06604581), (-0.9106909, -0.41196227, 0.03048356), (-0.9446886, -0.015787246, 0.32758883), (-0.913077, -0.06883498, 0.40193558), (-0.9106909, -0.41196227, 0.03048356), (-0.9147027, -0.40369612, 0.01867069), (-0.9106909, -0.41196227, 0.03048356), (-0.8729573, -0.48330495, -0.06604581), (-0.9106909, -0.41196227, 0.03048356), (-0.9147027, -0.40369612, 0.01867069), (-0.9446886, -0.015787246, 0.32758883), (-0.8729573, -0.48330495, -0.06604581), (-0.870697, -0.4879892, -0.06126475), (-0.9147027, -0.40369612, 0.01867069), (-0.9650624, 0.052479077, 0.25671136), (-0.9446886, -0.015787246, 0.32758883), (-0.9147027, -0.40369612, 0.01867069), (-0.916955, -0.3989586, 0.0050757313), (-0.9147027, -0.40369612, 0.01867069), (-0.870697, -0.4879892, -0.06126475), (-0.9147027, -0.40369612, 0.01867069), (-0.916955, -0.3989586, 0.0050757313), (-0.9650624, 0.052479077, 0.25671136), (-0.870697, -0.4879892, -0.06126475), (-0.8688955, -0.49185428, -0.055678792), (-0.916955, -0.3989586, 0.0050757313), (-0.9187305, -0.3947988, -0.008267662), (-0.916955, -0.3989586, 0.0050757313), (-0.8688955, -0.49185428, -0.055678792), (-0.98181015, 0.0914891, 0.1663691), (-0.9650624, 0.052479077, 0.25671136), (-0.916955, -0.3989586, 0.0050757313), (-0.916955, -0.3989586, 0.0050757313), (-0.9187305, -0.3947988, -0.008267662), (-0.98181015, 0.0914891, 0.1663691), (-0.99085695, 0.115181595, 0.070256166), (-0.98181015, 0.0914891, 0.1663691), (-0.9187305, -0.3947988, -0.008267662), (-0.57131505, -0.81269914, -0.11454007), (-0.64045006, -0.7491295, -0.16920094), (-0.0055362377, -0.9394123, -0.34274504), (-0.058700666, -0.87782896, -0.4753637), (-0.0055362377, -0.9394123, -0.34274504), (-0.64045006, -0.7491295, -0.16920094), (-0.64045006, -0.7491295, -0.16920094), (-0.6605795, -0.7139094, -0.23231055), (-0.058700666, -0.87782896, -0.4753637), (-0.09595118, -0.7958357, -0.597862), (-0.058700666, -0.87782896, -0.4753637), (-0.6605795, -0.7139094, -0.23231055), (-0.64045006, -0.7491295, -0.16920094), (-0.57131505, -0.81269914, -0.11454007), (-0.8521288, -0.5213065, -0.046001792), (-0.6605795, -0.7139094, -0.23231055), (-0.66989523, -0.68141484, -0.2948122), (-0.09595118, -0.7958357, -0.597862), (-0.14356151, -0.69602174, -0.70352244), (-0.09595118, -0.7958357, -0.597862), (-0.66989523, -0.68141484, -0.2948122), (-0.6605795, -0.7139094, -0.23231055), (-0.64045006, -0.7491295, -0.16920094), (-0.86758196, -0.49483365, -0.0494092), (-0.8521288, -0.5213065, -0.046001792), (-0.86758196, -0.49483365, -0.0494092), (-0.64045006, -0.7491295, -0.16920094), (-0.66989523, -0.68141484, -0.2948122), (-0.6605795, -0.7139094, -0.23231055), (-0.86889565, -0.49185395, -0.055678587), (-0.86758196, -0.49483365, -0.0494092), (-0.86889565, -0.49185395, -0.055678587), (-0.6605795, -0.7139094, -0.23231055), (-0.66989523, -0.68141484, -0.2948122), (-0.6728492, -0.64505726, -0.36218122), (-0.14356151, -0.69602174, -0.70352244), (-0.20097552, -0.58201635, -0.7879504), (-0.14356151, -0.69602174, -0.70352244), (-0.6728492, -0.64505726, -0.36218122), (-0.86889565, -0.49185395, -0.055678587), (-0.8706972, -0.487989, -0.061264593), (-0.66989523, -0.68141484, -0.2948122), (-0.6728492, -0.64505726, -0.36218122), (-0.66989523, -0.68141484, -0.2948122), (-0.8706972, -0.487989, -0.061264593), (-0.6728492, -0.64505726, -0.36218122), (-0.6953086, -0.5928386, -0.40631074), (-0.20097552, -0.58201635, -0.7879504), (-0.2643144, -0.4570308, -0.84927076), (-0.20097552, -0.58201635, -0.7879504), (-0.6953086, -0.5928386, -0.40631074), (-0.8706972, -0.487989, -0.061264593), (-0.8729572, -0.4833049, -0.06604575), (-0.6728492, -0.64505726, -0.36218122), (-0.6953086, -0.5928386, -0.40631074), (-0.6728492, -0.64505726, -0.36218122), (-0.8729572, -0.4833049, -0.06604575), (-0.6953086, -0.5928386, -0.40631074), (-0.73335475, -0.530328, -0.42537415), (-0.2643144, -0.4570308, -0.84927076), (-0.33197403, -0.32368273, -0.8860151), (-0.2643144, -0.4570308, -0.84927076), (-0.73335475, -0.530328, -0.42537415), (-0.8729572, -0.4833049, -0.06604575), (-0.8755785, -0.478001, -0.06983857), (-0.6953086, -0.5928386, -0.40631074), (-0.73335475, -0.530328, -0.42537415), (-0.6953086, -0.5928386, -0.40631074), (-0.8755785, -0.478001, -0.06983857), (-0.73335475, -0.530328, -0.42537415), (-0.7654017, -0.46764237, -0.4421209), (-0.33197403, -0.32368273, -0.8860151), (-0.40264264, -0.18761915, -0.8959231), (-0.33197403, -0.32368273, -0.8860151), (-0.7654017, -0.46764237, -0.4421209), (-0.8755785, -0.478001, -0.06983857), (-0.87851304, -0.4721768, -0.072554305), (-0.73335475, -0.530328, -0.42537415), (-0.7654017, -0.46764237, -0.4421209), (-0.73335475, -0.530328, -0.42537415), (-0.87851304, -0.4721768, -0.072554305), (-0.7654017, -0.46764237, -0.4421209), (-0.79880893, -0.4033408, -0.44634128), (-0.40264264, -0.18761915, -0.8959231), (-0.4736064, -0.052736618, -0.8791563), (-0.40264264, -0.18761915, -0.8959231), (-0.79880893, -0.4033408, -0.44634128), (-0.87851304, -0.4721768, -0.072554305), (-0.8816378, -0.4660736, -0.07409649), (-0.7654017, -0.46764237, -0.4421209), (-0.79880893, -0.4033408, -0.44634128), (-0.7654017, -0.46764237, -0.4421209), (-0.8816378, -0.4660736, -0.07409649), (-0.79880893, -0.4033408, -0.44634128), (-0.8322966, -0.33973277, -0.43802294), (-0.4736064, -0.052736618, -0.8791563), (-0.5424827, 0.076902695, -0.8365396), (-0.4736064, -0.052736618, -0.8791563), (-0.8322966, -0.33973277, -0.43802294), (-0.8816378, -0.4660736, -0.07409649), (-0.8848926, -0.459812, -0.07441928), (-0.79880893, -0.4033408, -0.44634128), (-0.8322966, -0.33973277, -0.43802294), (-0.79880893, -0.4033408, -0.44634128), (-0.8848926, -0.459812, -0.07441928), (-0.8322966, -0.33973277, -0.43802294), (-0.86410373, -0.27405837, -0.4221574), (-0.5424827, 0.076902695, -0.8365396), (-0.6083083, 0.19792196, -0.7686273), (-0.5424827, 0.076902695, -0.8365396), (-0.86410373, -0.27405837, -0.4221574), (-0.8848926, -0.459812, -0.07441928), (-0.88814384, -0.453646, -0.07352496), (-0.8322966, -0.33973277, -0.43802294), (-0.86410373, -0.27405837, -0.4221574), (-0.8322966, -0.33973277, -0.43802294), (-0.88814384, -0.453646, -0.07352496), (-0.86410373, -0.27405837, -0.4221574), (-0.89287955, -0.21060935, -0.39800733), (-0.6083083, 0.19792196, -0.7686273), (-0.6688752, 0.30571386, -0.6776024), (-0.6083083, 0.19792196, -0.7686273), (-0.89287955, -0.21060935, -0.39800733), (-0.88814384, -0.453646, -0.07352496), (-0.89132637, -0.4477021, -0.07141612), (-0.86410373, -0.27405837, -0.4221574), (-0.89287955, -0.21060935, -0.39800733), (-0.86410373, -0.27405837, -0.4221574), (-0.89132637, -0.4477021, -0.07141612), (-0.89287955, -0.21060935, -0.39800733), (-0.92296344, -0.16422257, -0.34809402), (-0.6688752, 0.30571386, -0.6776024), (-0.7212017, 0.39820412, -0.5668347), (-0.6688752, 0.30571386, -0.6776024), (-0.92296344, -0.16422257, -0.34809402), (-0.89132637, -0.4477021, -0.07141612), (-0.894312, -0.44221696, -0.068192646), (-0.89287955, -0.21060935, -0.39800733), (-0.92296344, -0.16422257, -0.34809402), (-0.89287955, -0.21060935, -0.39800733), (-0.894312, -0.44221696, -0.068192646), (-0.92296344, -0.16422257, -0.34809402), (-0.9488276, -0.12737009, -0.288969), (-0.7212017, 0.39820412, -0.5668347), (-0.764482, 0.47223926, -0.43881366), (-0.7212017, 0.39820412, -0.5668347), (-0.9488276, -0.12737009, -0.288969), (-0.894312, -0.44221696, -0.068192646), (-0.8970384, -0.43730792, -0.0639062), (-0.92296344, -0.16422257, -0.34809402), (-0.9488276, -0.12737009, -0.288969), (-0.92296344, -0.16422257, -0.34809402), (-0.8970384, -0.43730792, -0.0639062), (-0.9488276, -0.12737009, -0.288969), (-0.96912724, -0.092973046, -0.2283601), (-0.764482, 0.47223926, -0.43881366), (-0.7972279, 0.5247103, -0.29850778), (-0.764482, 0.47223926, -0.43881366), (-0.96912724, -0.092973046, -0.2283601), (-0.8970384, -0.43730792, -0.0639062), (-0.8993984, -0.43316492, -0.058743306), (-0.9488276, -0.12737009, -0.288969), (-0.96912724, -0.092973046, -0.2283601), (-0.9488276, -0.12737009, -0.288969), (-0.8993984, -0.43316492, -0.058743306), (-0.96912724, -0.092973046, -0.2283601), (-0.98441064, -0.06853406, -0.16198392), (-0.7972279, 0.5247103, -0.29850778), (-0.81861204, 0.5545945, -0.14932944), (-0.7972279, 0.5247103, -0.29850778), (-0.98441064, -0.06853406, -0.16198392), (-0.8993984, -0.43316492, -0.058743306), (-0.90133995, -0.42988244, -0.052796688), (-0.96912724, -0.092973046, -0.2283601), (-0.98441064, -0.06853406, -0.16198392), (-0.96912724, -0.092973046, -0.2283601), (-0.90133995, -0.42988244, -0.052796688), (-0.98441064, -0.06853406, -0.16198392), (-0.9943046, -0.05481309, -0.09139995), (-0.81861204, 0.5545945, -0.14932944), (-0.827511, 0.5614425, 0.00281673), (-0.81861204, 0.5545945, -0.14932944), (-0.9943046, -0.05481309, -0.09139995), (-0.90133995, -0.42988244, -0.052796688), (-0.9027894, -0.42758176, -0.04631618), (-0.98441064, -0.06853406, -0.16198392), (-0.9943046, -0.05481309, -0.09139995), (-0.98441064, -0.06853406, -0.16198392), (-0.9027894, -0.42758176, -0.04631618), (-0.9943046, -0.05481309, -0.09139995), (-0.99879915, -0.045704965, -0.017649684), (-0.827511, 0.5614425, 0.00281673), (-0.82464963, 0.5436468, 0.15620854), (-0.827511, 0.5614425, 0.00281673), (-0.99879915, -0.045704965, -0.017649684), (-0.9027894, -0.42758176, -0.04631618), (-0.9037119, -0.426322, -0.03942671), (-0.9943046, -0.05481309, -0.09139995), (-0.99879915, -0.045704965, -0.017649684), (-0.9943046, -0.05481309, -0.09139995), (-0.9037119, -0.426322, -0.03942671), (-0.99879915, -0.045704965, -0.017649684), (-0.997362, -0.047962423, 0.054485627), (-0.82464963, 0.5436468, 0.15620854), (-0.80937195, 0.5037228, 0.30196095), (-0.82464963, 0.5436468, 0.15620854), (-0.997362, -0.047962423, 0.054485627), (-0.9037119, -0.426322, -0.03942671), (-0.9040762, -0.4261407, -0.032410428), (-0.99879915, -0.045704965, -0.017649684), (-0.997362, -0.047962423, 0.054485627), (-0.99879915, -0.045704965, -0.017649684), (-0.9040762, -0.4261407, -0.032410428), (-0.997362, -0.047962423, 0.054485627), (-0.9892749, -0.07451834, 0.12562701), (-0.80937195, 0.5037228, 0.30196095), (-0.7818844, 0.440694, 0.44096017), (-0.80937195, 0.5037228, 0.30196095), (-0.9892749, -0.07451834, 0.12562701), (-0.9040762, -0.4261407, -0.032410428), (-0.9038684, -0.42705545, -0.025408776), (-0.997362, -0.047962423, 0.054485627), (-0.9892749, -0.07451834, 0.12562701), (-0.997362, -0.047962423, 0.054485627), (-0.9038684, -0.42705545, -0.025408776), (-0.9892749, -0.07451834, 0.12562701), (-0.97634834, -0.0983998, 0.19251338), (-0.7818844, 0.440694, 0.44096017), (-0.7469949, 0.35233775, 0.5637879), (-0.7818844, 0.440694, 0.44096017), (-0.97634834, -0.0983998, 0.19251338), (-0.9038684, -0.42705545, -0.025408776), (-0.9031033, -0.42901593, -0.018703569), (-0.9892749, -0.07451834, 0.12562701), (-0.97634834, -0.0983998, 0.19251338), (-0.9892749, -0.07451834, 0.12562701), (-0.9031033, -0.42901593, -0.018703569), (-0.97634834, -0.0983998, 0.19251338), (-0.95607436, -0.19714813, 0.21692058), (-0.7469949, 0.35233775, 0.5637879), (-0.8356525, 0.06522024, 0.54537255), (-0.7469949, 0.35233775, 0.5637879), (-0.95607436, -0.19714813, 0.21692058), (-0.9031033, -0.42901593, -0.018703569), (-0.90179, -0.43199566, -0.012433993), (-0.97634834, -0.0983998, 0.19251338), (-0.95607436, -0.19714813, 0.21692058), (-0.97634834, -0.0983998, 0.19251338), (-0.90179, -0.43199566, -0.012433993), (-0.90179, -0.43199566, -0.012433993), (-0.91022027, -0.41320354, 0.027606927), (-0.95607436, -0.19714813, 0.21692058), (-0.8356525, 0.06522024, 0.54537255), (-0.95607436, -0.19714813, 0.21692058), (-0.91022027, -0.41320354, 0.027606927), (-0.91022027, -0.41320354, 0.027606927), (-0.9221591, -0.37779742, 0.083016604), (-0.8356525, 0.06522024, 0.54537255), (-0.79225856, -0.020971209, 0.6098251), (-0.8356525, 0.06522024, 0.54537255), (-0.9221591, -0.37779742, 0.083016604), (-0.9221591, -0.37779742, 0.083016604), (-0.9109998, -0.40265682, 0.08914566), (-0.79225856, -0.020971209, 0.6098251), (-0.7400537, -0.12510322, 0.66080993), (-0.79225856, -0.020971209, 0.6098251), (-0.9109998, -0.40265682, 0.08914566), (-0.9109998, -0.40265682, 0.08914566), (-0.9009224, -0.42266297, 0.09846307), (-0.7400537, -0.12510322, 0.66080993), (-0.6843545, -0.23397233, 0.690591), (-0.7400537, -0.12510322, 0.66080993), (-0.9009224, -0.42266297, 0.09846307), (-0.9009224, -0.42266297, 0.09846307), (-0.8901891, -0.4436204, 0.10375132), (-0.6843545, -0.23397233, 0.690591), (-0.62641174, -0.34571505, 0.698634), (-0.6843545, -0.23397233, 0.690591), (-0.8901891, -0.4436204, 0.10375132), (-0.8901891, -0.4436204, 0.10375132), (-0.8790134, -0.46512544, 0.104851924), (-0.62641174, -0.34571505, 0.698634), (-0.5680869, -0.456392, 0.6848238), (-0.62641174, -0.34571505, 0.698634), (-0.8790134, -0.46512544, 0.104851924), (-0.8790134, -0.46512544, 0.104851924), (-0.8678467, -0.48629642, 0.10177332), (-0.5680869, -0.456392, 0.6848238), (-0.51876336, -0.5588788, 0.64694595), (-0.5680869, -0.456392, 0.6848238), (-0.8678467, -0.48629642, 0.10177332), (-0.51876336, -0.5588788, 0.64694595), (-0.6989514, -0.6148794, 0.36522615), (-0.17687508, -0.6289178, 0.757085), (-0.17207363, -0.7453148, 0.64412475), (-0.17687508, -0.6289178, 0.757085), (-0.6989514, -0.6148794, 0.36522615), (-0.8678467, -0.48629642, 0.10177332), (-0.86781484, -0.4920123, 0.06943671), (-0.51876336, -0.5588788, 0.64694595), (-0.6989514, -0.6148794, 0.36522615), (-0.51876336, -0.5588788, 0.64694595), (-0.86781484, -0.4920123, 0.06943671), (-0.6989514, -0.6148794, 0.36522615), (-0.6952211, -0.664828, 0.2732608), (-0.17207363, -0.7453148, 0.64412475), (-0.11912113, -0.8376923, 0.5329932), (-0.17207363, -0.7453148, 0.64412475), (-0.6952211, -0.664828, 0.2732608), (-0.86781484, -0.4920123, 0.06943671), (-0.87637335, -0.48163244, 0.000080206206), (-0.6989514, -0.6148794, 0.36522615), (-0.6952211, -0.664828, 0.2732608), (-0.6989514, -0.6148794, 0.36522615), (-0.87637335, -0.48163244, 0.000080206206), (-0.6952211, -0.664828, 0.2732608), (-0.6861688, -0.6972562, 0.2073793), (-0.11912113, -0.8376923, 0.5329932), (-0.07495841, -0.9115289, 0.40434688), (-0.11912113, -0.8376923, 0.5329932), (-0.6861688, -0.6972562, 0.2073793), (-0.87637335, -0.48163244, 0.000080206206), (-0.8736473, -0.4865417, -0.0042066188), (-0.6952211, -0.664828, 0.2732608), (-0.6861688, -0.6972562, 0.2073793), (-0.6952211, -0.664828, 0.2732608), (-0.8736473, -0.4865417, -0.0042066188), (-0.6861688, -0.6972562, 0.2073793), (-0.667399, -0.72913593, 0.15145844), (-0.07495841, -0.9115289, 0.40434688), (-0.06148391, -0.9633835, 0.2609827), (-0.07495841, -0.9115289, 0.40434688), (-0.667399, -0.72913593, 0.15145844), (-0.8736473, -0.4865417, -0.0042066188), (-0.87128687, -0.49068472, -0.00936915), (-0.6861688, -0.6972562, 0.2073793), (-0.667399, -0.72913593, 0.15145844), (-0.6861688, -0.6972562, 0.2073793), (-0.87128687, -0.49068472, -0.00936915), (-0.667399, -0.72913593, 0.15145844), (-0.6898965, -0.7196066, 0.07879882), (-0.06148391, -0.9633835, 0.2609827), (-0.5340298, -0.84406275, 0.048686836), (-0.06148391, -0.9633835, 0.2609827), (-0.6898965, -0.7196066, 0.07879882), (-0.6898965, -0.7196066, 0.07879882), (-0.667399, -0.72913593, 0.15145844), (-0.86934584, -0.49396697, -0.015315907), (-0.87128687, -0.49068472, -0.00936915), (-0.86934584, -0.49396697, -0.015315907), (-0.667399, -0.72913593, 0.15145844), (-0.5340298, -0.84406275, 0.048686836), (-0.6898965, -0.7196066, 0.07879882), (-0.86043984, -0.5091564, -0.02008022), (-0.86934584, -0.49396697, -0.015315907), (-0.86043984, -0.5091564, -0.02008022), (-0.6898965, -0.7196066, 0.07879882), (-0.86043984, -0.5091564, -0.02008022), (-0.84685045, -0.5313387, -0.022883635), (-0.5340298, -0.84406275, 0.048686836), (-0.5432572, -0.8386182, -0.039891582), (-0.5340298, -0.84406275, 0.048686836), (-0.84685045, -0.5313387, -0.022883635), (-0.86043984, -0.5091564, -0.02008022), (-0.86934584, -0.49396697, -0.015315907), (-0.9138793, -0.39891896, -0.07542198), (-0.84685045, -0.5313387, -0.022883635), (-0.8472414, -0.52987367, -0.037632518), (-0.5432572, -0.8386182, -0.039891582), (-0.57131505, -0.81269914, -0.11454007), (-0.5432572, -0.8386182, -0.039891582), (-0.8472414, -0.52987367, -0.037632518), (-0.8472414, -0.52987367, -0.037632518), (-0.8521288, -0.5213065, -0.046001792), (-0.57131505, -0.81269914, -0.11454007), (-0.84685045, -0.5313387, -0.022883635), (-0.86043984, -0.5091564, -0.02008022), (-0.9171164, -0.39364514, -0.0627774), (-0.9138793, -0.39891896, -0.07542198), (-0.9171164, -0.39364514, -0.0627774), (-0.86043984, -0.5091564, -0.02008022), (-0.8472414, -0.52987367, -0.037632518), (-0.84685045, -0.5313387, -0.022883635), (-0.918322, -0.39282784, -0.048692472), (-0.9171164, -0.39364514, -0.0627774), (-0.918322, -0.39282784, -0.048692472), (-0.84685045, -0.5313387, -0.022883635), (-0.8521288, -0.5213065, -0.046001792), (-0.8472414, -0.52987367, -0.037632518), (-0.9172537, -0.3967619, -0.035009705), (-0.918322, -0.39282784, -0.048692472), (-0.9172537, -0.3967619, -0.035009705), (-0.8472414, -0.52987367, -0.037632518), (-0.9172537, -0.3967619, -0.035009705), (-0.9180275, -0.39587718, -0.022516012), (-0.8521288, -0.5213065, -0.046001792), (-0.86758196, -0.49483365, -0.0494092), (-0.8521288, -0.5213065, -0.046001792), (-0.9180275, -0.39587718, -0.022516012), (-0.9172537, -0.3967619, -0.035009705), (-0.918322, -0.39282784, -0.048692472), (-0.98441184, 0.11992023, -0.12865624), (-0.9180275, -0.39587718, -0.022516012), (-0.9172537, -0.3967619, -0.035009705), (-0.99169606, 0.12533447, -0.02881521), (-0.98441184, 0.11992023, -0.12865624), (-0.99169606, 0.12533447, -0.02881521), (-0.9172537, -0.3967619, -0.035009705), (-0.99169606, 0.12533447, -0.02881521), (-0.990856, 0.115187705, 0.070257716), (-0.9180275, -0.39587718, -0.022516012), (-0.9180275, -0.39587718, -0.022516012), (-0.91873044, -0.3947988, -0.0082677305), (-0.86758196, -0.49483365, -0.0494092), (-0.91873044, -0.3947988, -0.0082677305), (-0.9180275, -0.39587718, -0.022516012), (-0.990856, 0.115187705, 0.070257716), (-0.86889565, -0.49185395, -0.055678587), (-0.86758196, -0.49483365, -0.0494092), (-0.91873044, -0.3947988, -0.0082677305), (-0.9697273, 0.09807916, -0.22362852), (-0.98441184, 0.11992023, -0.12865624), (-0.918322, -0.39282784, -0.048692472), (-0.918322, -0.39282784, -0.048692472), (-0.9171164, -0.39364514, -0.0627774), (-0.9697273, 0.09807916, -0.22362852), (-0.94771373, 0.061894927, -0.313062), (-0.9697273, 0.09807916, -0.22362852), (-0.9171164, -0.39364514, -0.0627774), (-0.9171164, -0.39364514, -0.0627774), (-0.9138793, -0.39891896, -0.07542198), (-0.94771373, 0.061894927, -0.313062), (-0.9201884, 0.008252036, -0.3913889), (-0.94771373, 0.061894927, -0.313062), (-0.9138793, -0.39891896, -0.07542198), (-0.9138793, -0.39891896, -0.07542198), (-0.9102073, -0.40476176, -0.08769663), (-0.9201884, 0.008252036, -0.3913889), (-0.9102073, -0.40476176, -0.08769663), (-0.9138793, -0.39891896, -0.07542198), (-0.86934584, -0.49396697, -0.015315907), (-0.86934584, -0.49396697, -0.015315907), (-0.87128687, -0.49068472, -0.00936915), (-0.9102073, -0.40476176, -0.08769663), (-0.8876713, -0.05709691, -0.45692426), (-0.9201884, 0.008252036, -0.3913889), (-0.9102073, -0.40476176, -0.08769663), (-0.9053251, -0.4129847, -0.09914691), (-0.9102073, -0.40476176, -0.08769663), (-0.87128687, -0.49068472, -0.00936915), (-0.9102073, -0.40476176, -0.08769663), (-0.9053251, -0.4129847, -0.09914691), (-0.8876713, -0.05709691, -0.45692426), (-0.87128687, -0.49068472, -0.00936915), (-0.8736473, -0.4865417, -0.0042066188), (-0.9053251, -0.4129847, -0.09914691), (-0.87452215, -0.15324634, -0.46013778), (-0.8876713, -0.05709691, -0.45692426), (-0.9053251, -0.4129847, -0.09914691), (-0.90119034, -0.4184972, -0.11276581), (-0.9053251, -0.4129847, -0.09914691), (-0.8736473, -0.4865417, -0.0042066188), (-0.9053251, -0.4129847, -0.09914691), (-0.90119034, -0.4184972, -0.11276581), (-0.87452215, -0.15324634, -0.46013778), (-0.8736473, -0.4865417, -0.0042066188), (-0.87637335, -0.48163244, 0.000080206206), (-0.90119034, -0.4184972, -0.11276581), (-0.7255644, -0.09093497, -0.68211967), (-0.87452215, -0.15324634, -0.46013778), (-0.90119034, -0.4184972, -0.11276581), (-0.89376545, -0.42760572, -0.13541292), (-0.90119034, -0.4184972, -0.11276581), (-0.87637335, -0.48163244, 0.000080206206), (-0.90119034, -0.4184972, -0.11276581), (-0.89376545, -0.42760572, -0.13541292), (-0.7255644, -0.09093497, -0.68211967), (-0.6793925, -0.2203907, -0.6998956), (-0.7255644, -0.09093497, -0.68211967), (-0.89376545, -0.42760572, -0.13541292), (-0.87637335, -0.48163244, 0.000080206206), (-0.86781484, -0.4920123, 0.06943671), (-0.89376545, -0.42760572, -0.13541292), (-0.89376545, -0.42760572, -0.13541292), (-0.88603884, -0.44473305, -0.13094978), (-0.6793925, -0.2203907, -0.6998956), (-0.88603884, -0.44473305, -0.13094978), (-0.89376545, -0.42760572, -0.13541292), (-0.86781484, -0.4920123, 0.06943671), (-0.6223338, -0.32701805, -0.71116793), (-0.6793925, -0.2203907, -0.6998956), (-0.88603884, -0.44473305, -0.13094978), (-0.86781484, -0.4920123, 0.06943671), (-0.8678467, -0.48629642, 0.10177332), (-0.88603884, -0.44473305, -0.13094978), (-0.88603884, -0.44473305, -0.13094978), (-0.8779799, -0.46011537, -0.13208024), (-0.6223338, -0.32701805, -0.71116793), (-0.8779799, -0.46011537, -0.13208024), (-0.88603884, -0.44473305, -0.13094978), (-0.8678467, -0.48629642, 0.10177332), (-0.8678467, -0.48629642, 0.10177332), (-0.8790134, -0.46512544, 0.104851924), (-0.8779799, -0.46011537, -0.13208024), (-0.56634814, -0.4326675, -0.7014618), (-0.6223338, -0.32701805, -0.71116793), (-0.8779799, -0.46011537, -0.13208024), (-0.8695629, -0.47501907, -0.1349711), (-0.8779799, -0.46011537, -0.13208024), (-0.8790134, -0.46512544, 0.104851924), (-0.8779799, -0.46011537, -0.13208024), (-0.8695629, -0.47501907, -0.1349711), (-0.56634814, -0.4326675, -0.7014618), (-0.8790134, -0.46512544, 0.104851924), (-0.8901891, -0.4436204, 0.10375132), (-0.8695629, -0.47501907, -0.1349711), (-0.86109483, -0.4920896, -0.12792009), (-0.8695629, -0.47501907, -0.1349711), (-0.8901891, -0.4436204, 0.10375132), (-0.8901891, -0.4436204, 0.10375132), (-0.9009224, -0.42266297, 0.09846307), (-0.86109483, -0.4920896, -0.12792009), (-0.54297215, -0.5431246, -0.6404662), (-0.56634814, -0.4326675, -0.7014618), (-0.8695629, -0.47501907, -0.1349711), (-0.8695629, -0.47501907, -0.1349711), (-0.86109483, -0.4920896, -0.12792009), (-0.54297215, -0.5431246, -0.6404662), (-0.5779222, -0.62673455, -0.5226947), (-0.54297215, -0.5431246, -0.6404662), (-0.86109483, -0.4920896, -0.12792009), (-0.86144114, -0.49699014, -0.10449903), (-0.86109483, -0.4920896, -0.12792009), (-0.9009224, -0.42266297, 0.09846307), (-0.86109483, -0.4920896, -0.12792009), (-0.86144114, -0.49699014, -0.10449903), (-0.5779222, -0.62673455, -0.5226947), (-0.9009224, -0.42266297, 0.09846307), (-0.9109998, -0.40265682, 0.08914566), (-0.86144114, -0.49699014, -0.10449903), (-0.55466133, -0.6953453, -0.4569967), (-0.5779222, -0.62673455, -0.5226947), (-0.86144114, -0.49699014, -0.10449903), (-0.855558, -0.50852215, -0.09708639), (-0.86144114, -0.49699014, -0.10449903), (-0.9109998, -0.40265682, 0.08914566), (-0.86144114, -0.49699014, -0.10449903), (-0.855558, -0.50852215, -0.09708639), (-0.55466133, -0.6953453, -0.4569967), (-0.9109998, -0.40265682, 0.08914566), (-0.9221591, -0.37779742, 0.083016604), (-0.855558, -0.50852215, -0.09708639), (-0.51568305, -0.7607721, -0.39407736), (-0.55466133, -0.6953453, -0.4569967), (-0.855558, -0.50852215, -0.09708639), (-0.8527066, -0.5154799, -0.08468791), (-0.855558, -0.50852215, -0.09708639), (-0.9221591, -0.37779742, 0.083016604), (-0.855558, -0.50852215, -0.09708639), (-0.8527066, -0.5154799, -0.08468791), (-0.51568305, -0.7607721, -0.39407736), (-0.9221591, -0.37779742, 0.083016604), (-0.91022027, -0.41320354, 0.027606927), (-0.8527066, -0.5154799, -0.08468791), (-0.4912278, -0.8130779, -0.31240913), (-0.51568305, -0.7607721, -0.39407736), (-0.8527066, -0.5154799, -0.08468791), (-0.84941965, -0.5226416, -0.073022105), (-0.8527066, -0.5154799, -0.08468791), (-0.91022027, -0.41320354, 0.027606927), (-0.8527066, -0.5154799, -0.08468791), (-0.84941965, -0.5226416, -0.073022105), (-0.4912278, -0.8130779, -0.31240913), (-0.91022027, -0.41320354, 0.027606927), (-0.90179, -0.43199566, -0.012433993), (-0.84941965, -0.5226416, -0.073022105), (-0.4748535, -0.85149956, -0.22240253), (-0.4912278, -0.8130779, -0.31240913), (-0.84941965, -0.5226416, -0.073022105), (-0.84783006, -0.52689826, -0.059686057), (-0.84941965, -0.5226416, -0.073022105), (-0.90179, -0.43199566, -0.012433993), (-0.84941965, -0.5226416, -0.073022105), (-0.84783006, -0.52689826, -0.059686057), (-0.4748535, -0.85149956, -0.22240253), (-0.46640664, -0.87550545, -0.12631382), (-0.4748535, -0.85149956, -0.22240253), (-0.84783006, -0.52689826, -0.059686057), (-0.90179, -0.43199566, -0.012433993), (-0.9031033, -0.42901593, -0.018703569), (-0.84783006, -0.52689826, -0.059686057), (-0.84783006, -0.52689826, -0.059686057), (-0.8491734, -0.5261538, -0.04546267), (-0.46640664, -0.87550545, -0.12631382), (-0.8491734, -0.5261538, -0.04546267), (-0.84783006, -0.52689826, -0.059686057), (-0.9031033, -0.42901593, -0.018703569), (-0.46456134, -0.885123, -0.027202522), (-0.46640664, -0.87550545, -0.12631382), (-0.8491734, -0.5261538, -0.04546267), (-0.9031033, -0.42901593, -0.018703569), (-0.9038684, -0.42705545, -0.025408776), (-0.8491734, -0.5261538, -0.04546267), (-0.8491734, -0.5261538, -0.04546267), (-0.8502113, -0.5254077, -0.032979198), (-0.46456134, -0.885123, -0.027202522), (-0.8502113, -0.5254077, -0.032979198), (-0.8491734, -0.5261538, -0.04546267), (-0.9038684, -0.42705545, -0.025408776), (-0.9038684, -0.42705545, -0.025408776), (-0.9040762, -0.4261407, -0.032410428), (-0.8502113, -0.5254077, -0.032979198), (-0.47087643, -0.8792009, 0.07267293), (-0.46456134, -0.885123, -0.027202522), (-0.8502113, -0.5254077, -0.032979198), (-0.8484239, -0.52896667, -0.019268243), (-0.8502113, -0.5254077, -0.032979198), (-0.9040762, -0.4261407, -0.032410428), (-0.8502113, -0.5254077, -0.032979198), (-0.8484239, -0.52896667, -0.019268243), (-0.47087643, -0.8792009, 0.07267293), (-0.9040762, -0.4261407, -0.032410428), (-0.9037119, -0.426322, -0.03942671), (-0.8484239, -0.52896667, -0.019268243), (-0.8492568, -0.52795476, -0.005169406), (-0.8484239, -0.52896667, -0.019268243), (-0.9037119, -0.426322, -0.03942671), (-0.9037119, -0.426322, -0.03942671), (-0.9027894, -0.42758176, -0.04631618), (-0.8492568, -0.52795476, -0.005169406), (-0.4861261, -0.8576611, 0.16762769), (-0.47087643, -0.8792009, 0.07267293), (-0.8484239, -0.52896667, -0.019268243), (-0.8484239, -0.52896667, -0.019268243), (-0.8492568, -0.52795476, -0.005169406), (-0.4861261, -0.8576611, 0.16762769), (-0.50862944, -0.8217248, 0.25703034), (-0.4861261, -0.8576611, 0.16762769), (-0.8492568, -0.52795476, -0.005169406), (-0.85249513, -0.5226818, 0.0074753673), (-0.8492568, -0.52795476, -0.005169406), (-0.9027894, -0.42758176, -0.04631618), (-0.8492568, -0.52795476, -0.005169406), (-0.85249513, -0.5226818, 0.0074753673), (-0.50862944, -0.8217248, 0.25703034), (-0.9027894, -0.42758176, -0.04631618), (-0.90133995, -0.42988244, -0.052796688), (-0.85249513, -0.5226818, 0.0074753673), (-0.54159755, -0.7709336, 0.33516178), (-0.50862944, -0.8217248, 0.25703034), (-0.85249513, -0.5226818, 0.0074753673), (-0.85592985, -0.51671445, 0.019759905), (-0.85249513, -0.5226818, 0.0074753673), (-0.90133995, -0.42988244, -0.052796688), (-0.85249513, -0.5226818, 0.0074753673), (-0.85592985, -0.51671445, 0.019759905), (-0.54159755, -0.7709336, 0.33516178), (-0.90133995, -0.42988244, -0.052796688), (-0.8993984, -0.43316492, -0.058743306), (-0.85592985, -0.51671445, 0.019759905), (-0.5805478, -0.70894563, 0.40045044), (-0.54159755, -0.7709336, 0.33516178), (-0.85592985, -0.51671445, 0.019759905), (-0.8605741, -0.50836766, 0.031218052), (-0.85592985, -0.51671445, 0.019759905), (-0.8993984, -0.43316492, -0.058743306), (-0.85592985, -0.51671445, 0.019759905), (-0.8605741, -0.50836766, 0.031218052), (-0.5805478, -0.70894563, 0.40045044), (-0.8993984, -0.43316492, -0.058743306), (-0.8970384, -0.43730792, -0.0639062), (-0.8605741, -0.50836766, 0.031218052), (-0.6520176, -0.6432236, 0.4014182), (-0.5805478, -0.70894563, 0.40045044), (-0.8605741, -0.50836766, 0.031218052), (-0.86355513, -0.5022531, 0.044881616), (-0.8605741, -0.50836766, 0.031218052), (-0.8970384, -0.43730792, -0.0639062), (-0.8605741, -0.50836766, 0.031218052), (-0.86355513, -0.5022531, 0.044881616), (-0.6520176, -0.6432236, 0.4014182), (-0.8970384, -0.43730792, -0.0639062), (-0.894312, -0.44221696, -0.068192646), (-0.86355513, -0.5022531, 0.044881616), (-0.52943903, -0.56385833, 0.633844), (-0.6520176, -0.6432236, 0.4014182), (-0.86355513, -0.5022531, 0.044881616), (-0.8681514, -0.49166885, 0.0676378), (-0.86355513, -0.5022531, 0.044881616), (-0.894312, -0.44221696, -0.068192646), (-0.86355513, -0.5022531, 0.044881616), (-0.8681514, -0.49166885, 0.0676378), (-0.52943903, -0.56385833, 0.633844), (-0.6102423, -0.45247173, 0.65028745), (-0.52943903, -0.56385833, 0.633844), (-0.8681514, -0.49166885, 0.0676378), (-0.894312, -0.44221696, -0.068192646), (-0.89132637, -0.4477021, -0.07141612), (-0.8681514, -0.49166885, 0.0676378), (-0.8681514, -0.49166885, 0.0676378), (-0.8775076, -0.47539166, 0.063111946), (-0.6102423, -0.45247173, 0.65028745), (-0.8775076, -0.47539166, 0.063111946), (-0.8681514, -0.49166885, 0.0676378), (-0.89132637, -0.4477021, -0.07141612), (-0.6657421, -0.3450316, 0.6616197), (-0.6102423, -0.45247173, 0.65028745), (-0.8775076, -0.47539166, 0.063111946), (-0.89132637, -0.4477021, -0.07141612), (-0.88814384, -0.453646, -0.07352496), (-0.8775076, -0.47539166, 0.063111946), (-0.8775076, -0.47539166, 0.063111946), (-0.8855827, -0.46001777, 0.06424143), (-0.6657421, -0.3450316, 0.6616197), (-0.8855827, -0.46001777, 0.06424143), (-0.8775076, -0.47539166, 0.063111946), (-0.88814384, -0.453646, -0.07352496), (-0.88814384, -0.453646, -0.07352496), (-0.8848926, -0.459812, -0.07441928), (-0.8855827, -0.46001777, 0.06424143), (-0.7197863, -0.23836844, 0.6519879), (-0.6657421, -0.3450316, 0.6616197), (-0.8855827, -0.46001777, 0.06424143), (-0.8931675, -0.4446806, 0.067164), (-0.8855827, -0.46001777, 0.06424143), (-0.8848926, -0.459812, -0.07441928), (-0.8855827, -0.46001777, 0.06424143), (-0.8931675, -0.4446806, 0.067164), (-0.7197863, -0.23836844, 0.6519879), (-0.8848926, -0.459812, -0.07441928), (-0.8816378, -0.4660736, -0.07409649), (-0.8931675, -0.4446806, 0.067164), (-0.90189844, -0.42774627, 0.06010329), (-0.8931675, -0.4446806, 0.067164), (-0.8816378, -0.4660736, -0.07409649), (-0.8816378, -0.4660736, -0.07409649), (-0.87851304, -0.4721768, -0.072554305), (-0.90189844, -0.42774627, 0.06010329), (-0.7932712, -0.1540603, 0.58905536), (-0.7197863, -0.23836844, 0.6519879), (-0.8931675, -0.4446806, 0.067164), (-0.8931675, -0.4446806, 0.067164), (-0.90189844, -0.42774627, 0.06010329), (-0.7932712, -0.1540603, 0.58905536), (-0.87458104, -0.13110559, 0.46681833), (-0.7932712, -0.1540603, 0.58905536), (-0.90189844, -0.42774627, 0.06010329), (-0.9046963, -0.4244856, 0.036561955), (-0.90189844, -0.42774627, 0.06010329), (-0.87851304, -0.4721768, -0.072554305), (-0.90189844, -0.42774627, 0.06010329), (-0.9046963, -0.4244856, 0.036561955), (-0.87458104, -0.13110559, 0.46681833), (-0.87851304, -0.4721768, -0.072554305), (-0.8755785, -0.478001, -0.06983857), (-0.9046963, -0.4244856, 0.036561955), (-0.91355675, -0.07069068, 0.40052098), (-0.87458104, -0.13110559, 0.46681833), (-0.9046963, -0.4244856, 0.036561955), (-0.91034096, -0.41283062, 0.029157333), (-0.9046963, -0.4244856, 0.036561955), (-0.8755785, -0.478001, -0.06983857), (-0.9046963, -0.4244856, 0.036561955), (-0.91034096, -0.41283062, 0.029157333), (-0.91355675, -0.07069068, 0.40052098), (-0.8755785, -0.478001, -0.06983857), (-0.8729572, -0.4833049, -0.06604575), (-0.91034096, -0.41283062, 0.029157333), (-0.9411315, 0.00068566465, 0.33804023), (-0.91355675, -0.07069068, 0.40052098), (-0.91034096, -0.41283062, 0.029157333), (-0.91366625, -0.40612045, 0.016740723), (-0.91034096, -0.41283062, 0.029157333), (-0.8729572, -0.4833049, -0.06604575), (-0.91034096, -0.41283062, 0.029157333), (-0.91366625, -0.40612045, 0.016740723), (-0.9411315, 0.00068566465, 0.33804023), (-0.8729572, -0.4833049, -0.06604575), (-0.8706972, -0.487989, -0.061264593), (-0.91366625, -0.40612045, 0.016740723), (-0.96510595, 0.0532375, 0.25639093), (-0.9411315, 0.00068566465, 0.33804023), (-0.91366625, -0.40612045, 0.016740723), (-0.9169547, -0.39895907, 0.005075584), (-0.91366625, -0.40612045, 0.016740723), (-0.8706972, -0.487989, -0.061264593), (-0.91366625, -0.40612045, 0.016740723), (-0.9169547, -0.39895907, 0.005075584), (-0.96510595, 0.0532375, 0.25639093), (-0.8706972, -0.487989, -0.061264593), (-0.86889565, -0.49185395, -0.055678587), (-0.9169547, -0.39895907, 0.005075584), (-0.91873044, -0.3947988, -0.0082677305), (-0.9169547, -0.39895907, 0.005075584), (-0.86889565, -0.49185395, -0.055678587), (-0.9818098, 0.091489255, 0.16637063), (-0.96510595, 0.0532375, 0.25639093), (-0.9169547, -0.39895907, 0.005075584), (-0.9169547, -0.39895907, 0.005075584), (-0.91873044, -0.3947988, -0.0082677305), (-0.9818098, 0.091489255, 0.16637063), (-0.990856, 0.115187705, 0.070257716), (-0.9818098, 0.091489255, 0.16637063), (-0.91873044, -0.3947988, -0.0082677305), (-0.51876354, -0.5588788, 0.64694583), (-0.6963166, -0.61639714, 0.36769256), (-0.17639297, -0.62829334, 0.7577157), (-0.17189041, -0.7443783, 0.64525545), (-0.17639297, -0.62829334, 0.7577157), (-0.6963166, -0.61639714, 0.36769256), (-0.6963166, -0.61639714, 0.36769256), (-0.6818607, -0.67309654, 0.2863687), (-0.17189041, -0.7443783, 0.64525545), (-0.11928836, -0.8367139, 0.53449064), (-0.17189041, -0.7443783, 0.64525545), (-0.6818607, -0.67309654, 0.2863687), (-0.6818607, -0.67309654, 0.2863687), (-0.66285044, -0.7135213, 0.22697294), (-0.11928836, -0.8367139, 0.53449064), (-0.07556895, -0.91052234, 0.4064952), (-0.11928836, -0.8367139, 0.53449064), (-0.66285044, -0.7135213, 0.22697294), (-0.66285044, -0.7135213, 0.22697294), (-0.6425801, -0.7479383, 0.16637044), (-0.07556895, -0.91052234, 0.4064952), (-0.04275005, -0.96296954, 0.2661994), (-0.07556895, -0.91052234, 0.4064952), (-0.6425801, -0.7479383, 0.16637044), (-0.6425801, -0.7479383, 0.16637044), (-0.62727076, -0.77235603, 0.09998866), (-0.04275005, -0.96296954, 0.2661994), (-0.021444896, -0.99289864, 0.11701529), (-0.04275005, -0.96296954, 0.2661994), (-0.62727076, -0.77235603, 0.09998866), (-0.8356516, 0.06522217, 0.54537374), (-0.7470012, 0.35232857, 0.5637854), (-0.9560765, -0.19713767, 0.21692048), (-0.62727076, -0.77235603, 0.09998866), (-0.6174037, -0.7860968, 0.029402187), (-0.021444896, -0.99289864, 0.11701529), (-0.012187411, -0.99928105, -0.03590134), (-0.021444896, -0.99289864, 0.11701529), (-0.6174037, -0.7860968, 0.029402187), (-0.9763483, -0.09840558, 0.19251089), (-0.9560765, -0.19713767, 0.21692048), (-0.7470012, 0.35232857, 0.5637854), (-0.7470012, 0.35232857, 0.5637854), (-0.7818844, 0.44069627, 0.44095793), (-0.9763483, -0.09840558, 0.19251089), (-0.6174037, -0.7860968, 0.029402187), (-0.61322075, -0.7887516, -0.042793475), (-0.012187411, -0.99928105, -0.03590134), (-0.015395072, -0.98194844, -0.18852201), (-0.012187411, -0.99928105, -0.03590134), (-0.61322075, -0.7887516, -0.042793475), (-0.98927486, -0.07451577, 0.12562959), (-0.9763483, -0.09840558, 0.19251089), (-0.7818844, 0.44069627, 0.44095793), (-0.7818844, 0.44069627, 0.44095793), (-0.8090116, 0.50387937, 0.30266458), (-0.98927486, -0.07451577, 0.12562959), (-0.61322075, -0.7887516, -0.042793475), (-0.61495394, -0.7801552, -0.11484566), (-0.015395072, -0.98194844, -0.18852201), (-0.030804992, -0.9414935, -0.33562034), (-0.015395072, -0.98194844, -0.18852201), (-0.61495394, -0.7801552, -0.11484566), (-0.99675316, -0.060745217, 0.052849982), (-0.98927486, -0.07451577, 0.12562959), (-0.8090116, 0.50387937, 0.30266458), (-0.8090116, 0.50387937, 0.30266458), (-0.82464296, 0.5436569, 0.15620892), (-0.99675316, -0.060745217, 0.052849982), (-0.61495394, -0.7801552, -0.11484566), (-0.6224151, -0.7607144, -0.18415488), (-0.030804992, -0.9414935, -0.33562034), (-0.058194377, -0.8789916, -0.47327286), (-0.030804992, -0.9414935, -0.33562034), (-0.6224151, -0.7607144, -0.18415488), (-0.9984549, -0.0521445, -0.019204201), (-0.99675316, -0.060745217, 0.052849982), (-0.82464296, 0.5436569, 0.15620892), (-0.82464296, 0.5436569, 0.15620892), (-0.82779235, 0.5610232, 0.0035899328), (-0.9984549, -0.0521445, -0.019204201), (-0.6224151, -0.7607144, -0.18415488), (-0.6355288, -0.73082745, -0.2489871), (-0.058194377, -0.8789916, -0.47327286), (-0.09590227, -0.7968868, -0.59646815), (-0.058194377, -0.8789916, -0.47327286), (-0.6355288, -0.73082745, -0.2489871), (-0.9943047, -0.054818366, -0.0913961), (-0.9984549, -0.0521445, -0.019204201), (-0.82779235, 0.5610232, 0.0035899328), (-0.82779235, 0.5610232, 0.0035899328), (-0.81860197, 0.5546094, -0.14932925), (-0.9943047, -0.054818366, -0.0913961), (-0.6355288, -0.73082745, -0.2489871), (-0.65071183, -0.69295, -0.31047484), (-0.09590227, -0.7968868, -0.59646815), (-0.14388081, -0.69694525, -0.70254236), (-0.09590227, -0.7968868, -0.59646815), (-0.65071183, -0.69295, -0.31047484), (-0.98441046, -0.06852709, -0.16198847), (-0.9943047, -0.054818366, -0.0913961), (-0.81860197, 0.5546094, -0.14932925), (-0.81860197, 0.5546094, -0.14932925), (-0.797367, 0.52417654, -0.2990733), (-0.98441046, -0.06852709, -0.16198847), (-0.65071183, -0.69295, -0.31047484), (-0.66664004, -0.6481637, -0.3680694), (-0.14388081, -0.69694525, -0.70254236), (-0.2010886, -0.58244944, -0.7876015), (-0.14388081, -0.69694525, -0.70254236), (-0.66664004, -0.6481637, -0.3680694), (-0.9686735, -0.08162209, -0.23454131), (-0.98441046, -0.06852709, -0.16198847), (-0.797367, 0.52417654, -0.2990733), (-0.797367, 0.52417654, -0.2990733), (-0.76450396, 0.47221202, -0.43880475), (-0.9686735, -0.08162209, -0.23454131), (-0.66664004, -0.6481637, -0.3680694), (-0.6953089, -0.59283864, -0.40631014), (-0.2010886, -0.58244944, -0.7876015), (-0.26430514, -0.45703062, -0.8492737), (-0.2010886, -0.58244944, -0.7876015), (-0.6953089, -0.59283864, -0.40631014), (-0.9488462, -0.121243685, -0.29153186), (-0.9686735, -0.08162209, -0.23454131), (-0.76450396, 0.47221202, -0.43880475), (-0.76450396, 0.47221202, -0.43880475), (-0.72070783, 0.39807287, -0.56755465), (-0.9488462, -0.121243685, -0.29153186), (-0.6953089, -0.59283864, -0.40631014), (-0.7333642, -0.5303248, -0.42536157), (-0.26430514, -0.45703062, -0.8492737), (-0.33200783, -0.3236939, -0.8859983), (-0.26430514, -0.45703062, -0.8492737), (-0.7333642, -0.5303248, -0.42536157), (-0.9229638, -0.16422586, -0.34809157), (-0.9488462, -0.121243685, -0.29153186), (-0.72070783, 0.39807287, -0.56755465), (-0.72070783, 0.39807287, -0.56755465), (-0.6688414, 0.30644873, -0.6773037), (-0.9229638, -0.16422586, -0.34809157), (-0.7333642, -0.5303248, -0.42536157), (-0.7654032, -0.46764258, -0.44211832), (-0.33200783, -0.3236939, -0.8859983), (-0.402657, -0.18762858, -0.89591455), (-0.33200783, -0.3236939, -0.8859983), (-0.7654032, -0.46764258, -0.44211832), (-0.8955738, -0.21795109, -0.3878723), (-0.9229638, -0.16422586, -0.34809157), (-0.6688414, 0.30644873, -0.6773037), (-0.6688414, 0.30644873, -0.6773037), (-0.6083219, 0.19791593, -0.7686181), (-0.8955738, -0.21795109, -0.3878723), (-0.7654032, -0.46764258, -0.44211832), (-0.7988086, -0.403341, -0.44634163), (-0.402657, -0.18762858, -0.89591455), (-0.4736236, -0.052746452, -0.87914646), (-0.402657, -0.18762858, -0.89591455), (-0.7988086, -0.403341, -0.44634163), (-0.86510587, -0.27842295, -0.41722), (-0.8955738, -0.21795109, -0.3878723), (-0.6083219, 0.19791593, -0.7686181), (-0.6083219, 0.19791593, -0.7686181), (-0.5431591, 0.07729391, -0.83606446), (-0.86510587, -0.27842295, -0.41722), (-0.5431591, 0.07729391, -0.83606446), (-0.4736236, -0.052746452, -0.87914646), (-0.8322973, -0.33973458, -0.4380201), (-0.8322973, -0.33973458, -0.4380201), (-0.86510587, -0.27842295, -0.41722), (-0.5431591, 0.07729391, -0.83606446), (-0.7988086, -0.403341, -0.44634163), (-0.8322973, -0.33973458, -0.4380201), (-0.4736236, -0.052746452, -0.87914646), (-0.8955738, -0.21795109, -0.3878723), (-0.86510587, -0.27842295, -0.41722), (-0.8913264, -0.447702, -0.07141594), (-0.86510587, -0.27842295, -0.41722), (-0.8322973, -0.33973458, -0.4380201), (-0.8881438, -0.45364606, -0.07352562), (-0.8881438, -0.45364606, -0.07352562), (-0.8913264, -0.447702, -0.07141594), (-0.86510587, -0.27842295, -0.41722), (-0.8322973, -0.33973458, -0.4380201), (-0.7988086, -0.403341, -0.44634163), (-0.8848927, -0.45981175, -0.074419364), (-0.8848927, -0.45981175, -0.074419364), (-0.8881438, -0.45364606, -0.07352562), (-0.8322973, -0.33973458, -0.4380201), (-0.8913264, -0.447702, -0.07141594), (-0.8943121, -0.4422168, -0.06819307), (-0.8955738, -0.21795109, -0.3878723), (-0.9229638, -0.16422586, -0.34809157), (-0.8955738, -0.21795109, -0.3878723), (-0.8943121, -0.4422168, -0.06819307), (-0.8913264, -0.447702, -0.07141594), (-0.8881438, -0.45364606, -0.07352562), (-0.8838339, -0.46779108, 0.003062228), (-0.8943121, -0.4422168, -0.06819307), (-0.89703864, -0.43730733, -0.06390701), (-0.9229638, -0.16422586, -0.34809157), (-0.9488462, -0.121243685, -0.29153186), (-0.9229638, -0.16422586, -0.34809157), (-0.89703864, -0.43730733, -0.06390701), (-0.8943121, -0.4422168, -0.06819307), (-0.8913264, -0.447702, -0.07141594), (-0.88085157, -0.4733902, 0.001475869), (-0.8838339, -0.46779108, 0.003062228), (-0.88085157, -0.4733902, 0.001475869), (-0.8913264, -0.447702, -0.07141594), (-0.89703864, -0.43730733, -0.06390701), (-0.8943121, -0.4422168, -0.06819307), (-0.8779934, -0.47867146, -0.0011933183), (-0.88085157, -0.4733902, 0.001475869), (-0.8779934, -0.47867146, -0.0011933183), (-0.8943121, -0.4422168, -0.06819307), (-0.89703864, -0.43730733, -0.06390701), (-0.8993985, -0.43316463, -0.05874378), (-0.9488462, -0.121243685, -0.29153186), (-0.9686735, -0.08162209, -0.23454131), (-0.9488462, -0.121243685, -0.29153186), (-0.8993985, -0.43316463, -0.05874378), (-0.8779934, -0.47867146, -0.0011933183), (-0.8753767, -0.48341733, -0.004851837), (-0.89703864, -0.43730733, -0.06390701), (-0.8993985, -0.43316463, -0.05874378), (-0.89703864, -0.43730733, -0.06390701), (-0.8753767, -0.48341733, -0.004851837), (-0.8993985, -0.43316463, -0.05874378), (-0.90134, -0.42988235, -0.052796777), (-0.9686735, -0.08162209, -0.23454131), (-0.98441046, -0.06852709, -0.16198847), (-0.9686735, -0.08162209, -0.23454131), (-0.90134, -0.42988235, -0.052796777), (-0.8753767, -0.48341733, -0.004851837), (-0.87305105, -0.4875382, -0.009412497), (-0.8993985, -0.43316463, -0.05874378), (-0.90134, -0.42988235, -0.052796777), (-0.8993985, -0.43316463, -0.05874378), (-0.87305105, -0.4875382, -0.009412497), (-0.90134, -0.42988235, -0.052796777), (-0.9027892, -0.4275822, -0.04631613), (-0.98441046, -0.06852709, -0.16198847), (-0.9943047, -0.054818366, -0.0913961), (-0.98441046, -0.06852709, -0.16198847), (-0.9027892, -0.4275822, -0.04631613), (-0.87305105, -0.4875382, -0.009412497), (-0.8711153, -0.49085855, -0.014702675), (-0.90134, -0.42988235, -0.052796777), (-0.9027892, -0.4275822, -0.04631613), (-0.90134, -0.42988235, -0.052796777), (-0.8711153, -0.49085855, -0.014702675), (-0.9027892, -0.4275822, -0.04631613), (-0.90371174, -0.42632234, -0.039426196), (-0.9943047, -0.054818366, -0.0913961), (-0.9984549, -0.0521445, -0.019204201), (-0.9943047, -0.054818366, -0.0913961), (-0.90371174, -0.42632234, -0.039426196), (-0.8711153, -0.49085855, -0.014702675), (-0.8696028, -0.49332184, -0.020604895), (-0.9027892, -0.4275822, -0.04631613), (-0.90371174, -0.42632234, -0.039426196), (-0.9027892, -0.4275822, -0.04631613), (-0.8696028, -0.49332184, -0.020604895), (-0.90371174, -0.42632234, -0.039426196), (-0.9040761, -0.42614084, -0.032411072), (-0.9984549, -0.0521445, -0.019204201), (-0.99675316, -0.060745217, 0.052849982), (-0.9984549, -0.0521445, -0.019204201), (-0.9040761, -0.42614084, -0.032411072), (-0.8696028, -0.49332184, -0.020604895), (-0.86858153, -0.49481624, -0.02688831), (-0.90371174, -0.42632234, -0.039426196), (-0.9040761, -0.42614084, -0.032411072), (-0.90371174, -0.42632234, -0.039426196), (-0.86858153, -0.49481624, -0.02688831), (-0.9040761, -0.42614084, -0.032411072), (-0.903868, -0.4270563, -0.025408803), (-0.99675316, -0.060745217, 0.052849982), (-0.98927486, -0.07451577, 0.12562959), (-0.99675316, -0.060745217, 0.052849982), (-0.903868, -0.4270563, -0.025408803), (-0.86858153, -0.49481624, -0.02688831), (-0.8680652, -0.4953243, -0.033419758), (-0.9040761, -0.42614084, -0.032411072), (-0.903868, -0.4270563, -0.025408803), (-0.9040761, -0.42614084, -0.032411072), (-0.8680652, -0.4953243, -0.033419758), (-0.903868, -0.4270563, -0.025408803), (-0.9031033, -0.4290161, -0.018703414), (-0.98927486, -0.07451577, 0.12562959), (-0.9763483, -0.09840558, 0.19251089), (-0.98927486, -0.07451577, 0.12562959), (-0.9031033, -0.4290161, -0.018703414), (-0.8680652, -0.4953243, -0.033419758), (-0.86808175, -0.49481222, -0.039938644), (-0.903868, -0.4270563, -0.025408803), (-0.9031033, -0.4290161, -0.018703414), (-0.903868, -0.4270563, -0.025408803), (-0.86808175, -0.49481222, -0.039938644), (-0.9031033, -0.4290161, -0.018703414), (-0.90179014, -0.4319954, -0.012433991), (-0.9763483, -0.09840558, 0.19251089), (-0.9560765, -0.19713767, 0.21692048), (-0.9763483, -0.09840558, 0.19251089), (-0.90179014, -0.4319954, -0.012433991), (-0.86808175, -0.49481222, -0.039938644), (-0.868623, -0.49330446, -0.046311945), (-0.9031033, -0.4290161, -0.018703414), (-0.90179014, -0.4319954, -0.012433991), (-0.9031033, -0.4290161, -0.018703414), (-0.868623, -0.49330446, -0.046311945), (-0.90179014, -0.4319954, -0.012433991), (-0.91021836, -0.4132079, 0.027599614), (-0.9560765, -0.19713767, 0.21692048), (-0.8356516, 0.06522217, 0.54537374), (-0.9560765, -0.19713767, 0.21692048), (-0.91021836, -0.4132079, 0.027599614), (-0.868623, -0.49330446, -0.046311945), (-0.8696753, -0.4908481, -0.05228005), (-0.90179014, -0.4319954, -0.012433991), (-0.91021836, -0.4132079, 0.027599614), (-0.90179014, -0.4319954, -0.012433991), (-0.8696753, -0.4908481, -0.05228005), (-0.91021836, -0.4132079, 0.027599614), (-0.9221559, -0.37780717, 0.08300741), (-0.8356516, 0.06522217, 0.54537374), (-0.7922582, -0.020975078, 0.60982543), (-0.8356516, 0.06522217, 0.54537374), (-0.9221559, -0.37780717, 0.08300741), (-0.8696753, -0.4908481, -0.05228005), (-0.8712089, -0.48750663, -0.05772673), (-0.91021836, -0.4132079, 0.027599614), (-0.9221559, -0.37780717, 0.08300741), (-0.91021836, -0.4132079, 0.027599614), (-0.8712089, -0.48750663, -0.05772673), (-0.9221559, -0.37780717, 0.08300741), (-0.91099983, -0.4026564, 0.08914622), (-0.7922582, -0.020975078, 0.60982543), (-0.7400533, -0.12510422, 0.66081023), (-0.7922582, -0.020975078, 0.60982543), (-0.91099983, -0.4026564, 0.08914622), (-0.8712089, -0.48750663, -0.05772673), (-0.860357, -0.5023486, -0.08620753), (-0.9221559, -0.37780717, 0.08300741), (-0.91099983, -0.4026564, 0.08914622), (-0.9221559, -0.37780717, 0.08300741), (-0.860357, -0.5023486, -0.08620753), (-0.91099983, -0.4026564, 0.08914622), (-0.9009222, -0.42266375, 0.09846237), (-0.7400533, -0.12510422, 0.66081023), (-0.68435466, -0.23397303, 0.69059056), (-0.7400533, -0.12510422, 0.66081023), (-0.9009222, -0.42266375, 0.09846237), (-0.860357, -0.5023486, -0.08620753), (-0.8614436, -0.49698758, -0.10449092), (-0.91099983, -0.4026564, 0.08914622), (-0.9009222, -0.42266375, 0.09846237), (-0.91099983, -0.4026564, 0.08914622), (-0.8614436, -0.49698758, -0.10449092), (-0.9009222, -0.42266375, 0.09846237), (-0.89018923, -0.44362032, 0.10375137), (-0.68435466, -0.23397303, 0.69059056), (-0.626413, -0.34571302, 0.6986339), (-0.68435466, -0.23397303, 0.69059056), (-0.89018923, -0.44362032, 0.10375137), (-0.8614436, -0.49698758, -0.10449092), (-0.85715127, -0.4960041, -0.13882236), (-0.9009222, -0.42266375, 0.09846237), (-0.89018923, -0.44362032, 0.10375137), (-0.9009222, -0.42266375, 0.09846237), (-0.85715127, -0.4960041, -0.13882236), (-0.89018923, -0.44362032, 0.10375137), (-0.8790135, -0.46512526, 0.10485128), (-0.626413, -0.34571302, 0.6986339), (-0.5680902, -0.4563937, 0.68481994), (-0.626413, -0.34571302, 0.6986339), (-0.8790135, -0.46512526, 0.10485128), (-0.85715127, -0.4960041, -0.13882236), (-0.863429, -0.4782016, -0.16066623), (-0.89018923, -0.44362032, 0.10375137), (-0.8790135, -0.46512526, 0.10485128), (-0.89018923, -0.44362032, 0.10375137), (-0.863429, -0.4782016, -0.16066623), (-0.8790135, -0.46512526, 0.10485128), (-0.8678467, -0.48629642, 0.10177325), (-0.5680902, -0.4563937, 0.68481994), (-0.51876354, -0.5588788, 0.64694583), (-0.5680902, -0.4563937, 0.68481994), (-0.8678467, -0.48629642, 0.10177325), (-0.863429, -0.4782016, -0.16066623), (-0.87370354, -0.45834115, -0.16298924), (-0.8790135, -0.46512526, 0.10485128), (-0.8678467, -0.48629642, 0.10177325), (-0.8790135, -0.46512526, 0.10485128), (-0.87370354, -0.45834115, -0.16298924), (-0.8678467, -0.48629642, 0.10177325), (-0.867815, -0.49201208, 0.069436), (-0.51876354, -0.5588788, 0.64694583), (-0.6963166, -0.61639714, 0.36769256), (-0.51876354, -0.5588788, 0.64694583), (-0.867815, -0.49201208, 0.069436), (-0.87370354, -0.45834115, -0.16298924), (-0.88417614, -0.43838242, -0.16141133), (-0.8678467, -0.48629642, 0.10177325), (-0.867815, -0.49201208, 0.069436), (-0.8678467, -0.48629642, 0.10177325), (-0.88417614, -0.43838242, -0.16141133), (-0.867815, -0.49201208, 0.069436), (-0.8763734, -0.48163232, 0.00008020033), (-0.6963166, -0.61639714, 0.36769256), (-0.6818607, -0.67309654, 0.2863687), (-0.6963166, -0.61639714, 0.36769256), (-0.8763734, -0.48163232, 0.00008020033), (-0.88417614, -0.43838242, -0.16141133), (-0.89442927, -0.41913745, -0.15594955), (-0.867815, -0.49201208, 0.069436), (-0.8763734, -0.48163232, 0.00008020033), (-0.867815, -0.49201208, 0.069436), (-0.89442927, -0.41913745, -0.15594955), (-0.8763734, -0.48163232, 0.00008020033), (-0.87364715, -0.48654193, -0.0042066723), (-0.6818607, -0.67309654, 0.2863687), (-0.66285044, -0.7135213, 0.22697294), (-0.6818607, -0.67309654, 0.2863687), (-0.87364715, -0.48654193, -0.0042066723), (-0.89442927, -0.41913745, -0.15594955), (-0.9042523, -0.40098312, -0.14676657), (-0.8763734, -0.48163232, 0.00008020033), (-0.87364715, -0.48654193, -0.0042066723), (-0.8763734, -0.48163232, 0.00008020033), (-0.9042523, -0.40098312, -0.14676657), (-0.87364715, -0.48654193, -0.0042066723), (-0.87128687, -0.4906848, -0.0093688555), (-0.66285044, -0.7135213, 0.22697294), (-0.6425801, -0.7479383, 0.16637044), (-0.66285044, -0.7135213, 0.22697294), (-0.87128687, -0.4906848, -0.0093688555), (-0.9042523, -0.40098312, -0.14676657), (-0.9143113, -0.37947023, -0.1415533), (-0.87364715, -0.48654193, -0.0042066723), (-0.87128687, -0.4906848, -0.0093688555), (-0.87364715, -0.48654193, -0.0042066723), (-0.9143113, -0.37947023, -0.1415533), (-0.87128687, -0.4906848, -0.0093688555), (-0.86934566, -0.49396726, -0.015315868), (-0.6425801, -0.7479383, 0.16637044), (-0.62727076, -0.77235603, 0.09998866), (-0.6425801, -0.7479383, 0.16637044), (-0.86934566, -0.49396726, -0.015315868), (-0.9143113, -0.37947023, -0.1415533), (-0.9100917, -0.4064038, -0.08105104), (-0.87128687, -0.4906848, -0.0093688555), (-0.86934566, -0.49396726, -0.015315868), (-0.87128687, -0.4906848, -0.0093688555), (-0.9100917, -0.4064038, -0.08105104), (-0.86934566, -0.49396726, -0.015315868), (-0.86789596, -0.49626774, -0.021796107), (-0.62727076, -0.77235603, 0.09998866), (-0.6174037, -0.7860968, 0.029402187), (-0.62727076, -0.77235603, 0.09998866), (-0.86789596, -0.49626774, -0.021796107), (-0.9100917, -0.4064038, -0.08105104), (-0.89976525, -0.43309268, -0.053417563), (-0.86934566, -0.49396726, -0.015315868), (-0.86789596, -0.49626774, -0.021796107), (-0.86934566, -0.49396726, -0.015315868), (-0.89976525, -0.43309268, -0.053417563), (-0.86789596, -0.49626774, -0.021796107), (-0.86697394, -0.4975272, -0.028686272), (-0.6174037, -0.7860968, 0.029402187), (-0.61322075, -0.7887516, -0.042793475), (-0.6174037, -0.7860968, 0.029402187), (-0.86697394, -0.4975272, -0.028686272), (-0.89976525, -0.43309268, -0.053417563), (-0.90127724, -0.43062955, -0.0475151), (-0.86789596, -0.49626774, -0.021796107), (-0.86697394, -0.4975272, -0.028686272), (-0.86789596, -0.49626774, -0.021796107), (-0.90127724, -0.43062955, -0.0475151), (-0.86697394, -0.4975272, -0.028686272), (-0.86660933, -0.4977086, -0.03570181), (-0.61322075, -0.7887516, -0.042793475), (-0.61495394, -0.7801552, -0.11484566), (-0.61322075, -0.7887516, -0.042793475), (-0.86660933, -0.4977086, -0.03570181), (-0.90127724, -0.43062955, -0.0475151), (-0.9022986, -0.4291356, -0.04123169), (-0.86697394, -0.4975272, -0.028686272), (-0.86660933, -0.4977086, -0.03570181), (-0.86697394, -0.4975272, -0.028686272), (-0.9022986, -0.4291356, -0.04123169), (-0.86660933, -0.4977086, -0.03570181), (-0.8668179, -0.4967929, -0.04270385), (-0.61495394, -0.7801552, -0.11484566), (-0.6224151, -0.7607144, -0.18415488), (-0.61495394, -0.7801552, -0.11484566), (-0.8668179, -0.4967929, -0.04270385), (-0.9022986, -0.4291356, -0.04123169), (-0.90281487, -0.42862725, -0.034700364), (-0.86660933, -0.4977086, -0.03570181), (-0.8668179, -0.4967929, -0.04270385), (-0.86660933, -0.4977086, -0.03570181), (-0.90281487, -0.42862725, -0.034700364), (-0.8668179, -0.4967929, -0.04270385), (-0.8675821, -0.49483344, -0.049409267), (-0.6224151, -0.7607144, -0.18415488), (-0.6355288, -0.73082745, -0.2489871), (-0.6224151, -0.7607144, -0.18415488), (-0.8675821, -0.49483344, -0.049409267), (-0.90281487, -0.42862725, -0.034700364), (-0.9027988, -0.4291391, -0.028181529), (-0.8668179, -0.4967929, -0.04270385), (-0.8675821, -0.49483344, -0.049409267), (-0.8668179, -0.4967929, -0.04270385), (-0.9027988, -0.4291391, -0.028181529), (-0.8675821, -0.49483344, -0.049409267), (-0.86889553, -0.49185416, -0.05567888), (-0.6355288, -0.73082745, -0.2489871), (-0.65071183, -0.69295, -0.31047484), (-0.6355288, -0.73082745, -0.2489871), (-0.86889553, -0.49185416, -0.05567888), (-0.9027988, -0.4291391, -0.028181529), (-0.90225726, -0.4306463, -0.021808166), (-0.8675821, -0.49483344, -0.049409267), (-0.86889553, -0.49185416, -0.05567888), (-0.8675821, -0.49483344, -0.049409267), (-0.90225726, -0.4306463, -0.021808166), (-0.86889553, -0.49185416, -0.05567888), (-0.87069684, -0.48798952, -0.06126491), (-0.65071183, -0.69295, -0.31047484), (-0.66664004, -0.6481637, -0.3680694), (-0.65071183, -0.69295, -0.31047484), (-0.87069684, -0.48798952, -0.06126491), (-0.90225726, -0.4306463, -0.021808166), (-0.9012054, -0.43310264, -0.015840001), (-0.86889553, -0.49185416, -0.05567888), (-0.87069684, -0.48798952, -0.06126491), (-0.86889553, -0.49185416, -0.05567888), (-0.9012054, -0.43310264, -0.015840001), (-0.87069684, -0.48798952, -0.06126491), (-0.87295735, -0.48330468, -0.06604559), (-0.66664004, -0.6481637, -0.3680694), (-0.6953089, -0.59283864, -0.40631014), (-0.66664004, -0.6481637, -0.3680694), (-0.87295735, -0.48330468, -0.06604559), (-0.9012054, -0.43310264, -0.015840001), (-0.89967084, -0.4364452, -0.010393253), (-0.87069684, -0.48798952, -0.06126491), (-0.87295735, -0.48330468, -0.06604559), (-0.87069684, -0.48798952, -0.06126491), (-0.89967084, -0.4364452, -0.010393253), (-0.87295735, -0.48330468, -0.06604559), (-0.8755784, -0.47800115, -0.069839045), (-0.6953089, -0.59283864, -0.40631014), (-0.7333642, -0.5303248, -0.42536157), (-0.6953089, -0.59283864, -0.40631014), (-0.8755784, -0.47800115, -0.069839045), (-0.89967084, -0.4364452, -0.010393253), (-0.8977103, -0.44054955, -0.005696157), (-0.87295735, -0.48330468, -0.06604559), (-0.8755784, -0.47800115, -0.069839045), (-0.87295735, -0.48330468, -0.06604559), (-0.8977103, -0.44054955, -0.005696157), (-0.8755784, -0.47800115, -0.069839045), (-0.87851316, -0.47217646, -0.07255403), (-0.7333642, -0.5303248, -0.42536157), (-0.7654032, -0.46764258, -0.44211832), (-0.7333642, -0.5303248, -0.42536157), (-0.87851316, -0.47217646, -0.07255403), (-0.8977103, -0.44054955, -0.005696157), (-0.89536816, -0.44532293, -0.0018334512), (-0.8755784, -0.47800115, -0.069839045), (-0.87851316, -0.47217646, -0.07255403), (-0.8755784, -0.47800115, -0.069839045), (-0.89536816, -0.44532293, -0.0018334512), (-0.87851316, -0.47217646, -0.07255403), (-0.8816376, -0.466074, -0.07409714), (-0.7654032, -0.46764258, -0.44211832), (-0.7988086, -0.403341, -0.44634163), (-0.7654032, -0.46764258, -0.44211832), (-0.8816376, -0.466074, -0.07409714), (-0.8816376, -0.466074, -0.07409714), (-0.8848927, -0.45981175, -0.074419364), (-0.7988086, -0.403341, -0.44634163), (-0.8816376, -0.466074, -0.07409714), (-0.87851316, -0.47217646, -0.07255403), (-0.89273524, -0.45058042, 0.0010267592), (-0.89536816, -0.44532293, -0.0018334512), (-0.89273524, -0.45058042, 0.0010267592), (-0.87851316, -0.47217646, -0.07255403), (-0.8848927, -0.45981175, -0.074419364), (-0.8816376, -0.466074, -0.07409714), (-0.88986826, -0.4562089, 0.00283984), (-0.89273524, -0.45058042, 0.0010267592), (-0.88986826, -0.4562089, 0.00283984), (-0.8816376, -0.466074, -0.07409714), (-0.88986826, -0.4562089, 0.00283984), (-0.8868803, -0.46198595, 0.0035176557), (-0.8848927, -0.45981175, -0.074419364), (-0.8881438, -0.45364606, -0.07352562), (-0.8848927, -0.45981175, -0.074419364), (-0.8868803, -0.46198595, 0.0035176557), (-0.8868803, -0.46198595, 0.0035176557), (-0.8838339, -0.46779108, 0.003062228), (-0.8881438, -0.45364606, -0.07352562), (-0.88986826, -0.4562089, 0.00283984), (-0.89273524, -0.45058042, 0.0010267592), (-0.8706122, -0.26846668, 0.41226208), (-0.8868803, -0.46198595, 0.0035176557), (-0.88986826, -0.4562089, 0.00283984), (-0.8344958, -0.33927047, 0.4341801), (-0.8706122, -0.26846668, 0.41226208), (-0.8344958, -0.33927047, 0.4341801), (-0.88986826, -0.4562089, 0.00283984), (-0.8838339, -0.46779108, 0.003062228), (-0.8868803, -0.46198595, 0.0035176557), (-0.79690146, -0.4119446, 0.44187078), (-0.8344958, -0.33927047, 0.4341801), (-0.79690146, -0.4119446, 0.44187078), (-0.8868803, -0.46198595, 0.0035176557), (-0.90281606, -0.19895503, 0.3812352), (-0.8706122, -0.26846668, 0.41226208), (-0.89273524, -0.45058042, 0.0010267592), (-0.89273524, -0.45058042, 0.0010267592), (-0.89536816, -0.44532293, -0.0018334512), (-0.90281606, -0.19895503, 0.3812352), (-0.8344958, -0.33927047, 0.4341801), (-0.8706122, -0.26846668, 0.41226208), (-0.5449487, 0.062902436, 0.8361066), (-0.5449487, 0.062902436, 0.8361066), (-0.47557008, -0.073018506, 0.8766422), (-0.8344958, -0.33927047, 0.4341801), (-0.79690146, -0.4119446, 0.44187078), (-0.8344958, -0.33927047, 0.4341801), (-0.47557008, -0.073018506, 0.8766422), (-0.60876286, 0.1905847, 0.77012026), (-0.5449487, 0.062902436, 0.8361066), (-0.8706122, -0.26846668, 0.41226208), (-0.8706122, -0.26846668, 0.41226208), (-0.90281606, -0.19895503, 0.3812352), (-0.60876286, 0.1905847, 0.77012026), (-0.47557008, -0.073018506, 0.8766422), (-0.40335056, -0.21248439, 0.89003307), (-0.79690146, -0.4119446, 0.44187078), (-0.66628987, 0.30697656, 0.6795759), (-0.60876286, 0.1905847, 0.77012026), (-0.90281606, -0.19895503, 0.3812352), (-0.75866485, -0.4846922, 0.43531743), (-0.79690146, -0.4119446, 0.44187078), (-0.40335056, -0.21248439, 0.89003307), (-0.79690146, -0.4119446, 0.44187078), (-0.75866485, -0.4846922, 0.43531743), (-0.8838339, -0.46779108, 0.003062228), (-0.40335056, -0.21248439, 0.89003307), (-0.33014655, -0.35167667, 0.8759719), (-0.75866485, -0.4846922, 0.43531743), (-0.88085157, -0.4733902, 0.001475869), (-0.8838339, -0.46779108, 0.003062228), (-0.75866485, -0.4846922, 0.43531743), (-0.72127104, -0.55487984, 0.41457987), (-0.75866485, -0.4846922, 0.43531743), (-0.33014655, -0.35167667, 0.8759719), (-0.75866485, -0.4846922, 0.43531743), (-0.72127104, -0.55487984, 0.41457987), (-0.88085157, -0.4733902, 0.001475869), (-0.33014655, -0.35167667, 0.8759719), (-0.25853524, -0.48595813, 0.8348678), (-0.72127104, -0.55487984, 0.41457987), (-0.8779934, -0.47867146, -0.0011933183), (-0.88085157, -0.4733902, 0.001475869), (-0.72127104, -0.55487984, 0.41457987), (-0.6855319, -0.6208056, 0.38032407), (-0.72127104, -0.55487984, 0.41457987), (-0.25853524, -0.48595813, 0.8348678), (-0.72127104, -0.55487984, 0.41457987), (-0.6855319, -0.6208056, 0.38032407), (-0.8779934, -0.47867146, -0.0011933183), (-0.25853524, -0.48595813, 0.8348678), (-0.19023524, -0.612244, 0.76744246), (-0.6855319, -0.6208056, 0.38032407), (-0.8753767, -0.48341733, -0.004851837), (-0.8779934, -0.47867146, -0.0011933183), (-0.6855319, -0.6208056, 0.38032407), (-0.6460299, -0.6828229, 0.341172), (-0.6855319, -0.6208056, 0.38032407), (-0.19023524, -0.612244, 0.76744246), (-0.6855319, -0.6208056, 0.38032407), (-0.6460299, -0.6828229, 0.341172), (-0.8753767, -0.48341733, -0.004851837), (-0.19023524, -0.612244, 0.76744246), (-0.12801263, -0.72453445, 0.67724633), (-0.6460299, -0.6828229, 0.341172), (-0.87305105, -0.4875382, -0.009412497), (-0.8753767, -0.48341733, -0.004851837), (-0.6460299, -0.6828229, 0.341172), (-0.62009037, -0.73329395, 0.27886906), (-0.6460299, -0.6828229, 0.341172), (-0.12801263, -0.72453445, 0.67724633), (-0.6460299, -0.6828229, 0.341172), (-0.62009037, -0.73329395, 0.27886906), (-0.87305105, -0.4875382, -0.009412497), (-0.12801263, -0.72453445, 0.67724633), (-0.0720211, -0.8223743, 0.56437004), (-0.62009037, -0.73329395, 0.27886906), (-0.8711153, -0.49085855, -0.014702675), (-0.87305105, -0.4875382, -0.009412497), (-0.62009037, -0.73329395, 0.27886906), (-0.5811095, -0.7831986, 0.22116022), (-0.62009037, -0.73329395, 0.27886906), (-0.0720211, -0.8223743, 0.56437004), (-0.62009037, -0.73329395, 0.27886906), (-0.5811095, -0.7831986, 0.22116022), (-0.8711153, -0.49085855, -0.014702675), (-0.0720211, -0.8223743, 0.56437004), (-0.0275135, -0.89943343, 0.43619093), (-0.5811095, -0.7831986, 0.22116022), (-0.8696028, -0.49332184, -0.020604895), (-0.8711153, -0.49085855, -0.014702675), (-0.5811095, -0.7831986, 0.22116022), (-0.5710438, -0.80921394, 0.13813753), (-0.5811095, -0.7831986, 0.22116022), (-0.0275135, -0.89943343, 0.43619093), (-0.5811095, -0.7831986, 0.22116022), (-0.5710438, -0.80921394, 0.13813753), (-0.8696028, -0.49332184, -0.020604895), (-0.0275135, -0.89943343, 0.43619093), (0.0075259334, -0.95648515, 0.29168406), (-0.5710438, -0.80921394, 0.13813753), (-0.86858153, -0.49481624, -0.02688831), (-0.8696028, -0.49332184, -0.020604895), (-0.5710438, -0.80921394, 0.13813753), (-0.568801, -0.8206172, 0.055251885), (-0.5710438, -0.80921394, 0.13813753), (0.0075259334, -0.95648515, 0.29168406), (-0.5710438, -0.80921394, 0.13813753), (-0.568801, -0.8206172, 0.055251885), (-0.86858153, -0.49481624, -0.02688831), (0.0075259334, -0.95648515, 0.29168406), (0.030911999, -0.9895565, 0.14079209), (-0.568801, -0.8206172, 0.055251885), (-0.8680652, -0.4953243, -0.033419758), (-0.86858153, -0.49481624, -0.02688831), (-0.568801, -0.8206172, 0.055251885), (-0.56268615, -0.82623696, -0.026776431), (-0.568801, -0.8206172, 0.055251885), (0.030911999, -0.9895565, 0.14079209), (-0.568801, -0.8206172, 0.055251885), (-0.56268615, -0.82623696, -0.026776431), (-0.8680652, -0.4953243, -0.033419758), (0.030911999, -0.9895565, 0.14079209), (0.041917346, -0.9989859, -0.016433733), (-0.56268615, -0.82623696, -0.026776431), (-0.86808175, -0.49481222, -0.039938644), (-0.8680652, -0.4953243, -0.033419758), (-0.56268615, -0.82623696, -0.026776431), (-0.5632986, -0.81907934, -0.108645625), (-0.56268615, -0.82623696, -0.026776431), (0.041917346, -0.9989859, -0.016433733), (-0.56268615, -0.82623696, -0.026776431), (-0.5632986, -0.81907934, -0.108645625), (-0.86808175, -0.49481222, -0.039938644), (0.041917346, -0.9989859, -0.016433733), (0.040112868, -0.98404324, -0.17334914), (-0.5632986, -0.81907934, -0.108645625), (-0.868623, -0.49330446, -0.046311945), (-0.86808175, -0.49481222, -0.039938644), (-0.5632986, -0.81907934, -0.108645625), (-0.57046276, -0.7994248, -0.18839368), (-0.5632986, -0.81907934, -0.108645625), (0.040112868, -0.98404324, -0.17334914), (-0.5632986, -0.81907934, -0.108645625), (-0.57046276, -0.7994248, -0.18839368), (-0.868623, -0.49330446, -0.046311945), (0.040112868, -0.98404324, -0.17334914), (0.02571425, -0.9451277, -0.32568774), (-0.57046276, -0.7994248, -0.18839368), (-0.8696753, -0.4908481, -0.05228005), (-0.868623, -0.49330446, -0.046311945), (-0.57046276, -0.7994248, -0.18839368), (-0.5840606, -0.76790124, -0.26306075), (-0.57046276, -0.7994248, -0.18839368), (0.02571425, -0.9451277, -0.32568774), (-0.57046276, -0.7994248, -0.18839368), (-0.5840606, -0.76790124, -0.26306075), (-0.8696753, -0.4908481, -0.05228005), (0.02571425, -0.9451277, -0.32568774), (-0.0009845553, -0.88355494, -0.46832663), (-0.5840606, -0.76790124, -0.26306075), (-0.8712089, -0.48750663, -0.05772673), (-0.8696753, -0.4908481, -0.05228005), (-0.5840606, -0.76790124, -0.26306075), (-0.60155505, -0.7252656, -0.33484513), (-0.5840606, -0.76790124, -0.26306075), (-0.0009845553, -0.88355494, -0.46832663), (-0.5840606, -0.76790124, -0.26306075), (-0.60155505, -0.7252656, -0.33484513), (-0.8712089, -0.48750663, -0.05772673), (-0.0009845553, -0.88355494, -0.46832663), (-0.008493935, -0.7916554, -0.6109088), (-0.60155505, -0.7252656, -0.33484513), (-0.860357, -0.5023486, -0.08620753), (-0.8712089, -0.48750663, -0.05772673), (-0.60155505, -0.7252656, -0.33484513), (-0.5877872, -0.6864032, -0.42820188), (-0.60155505, -0.7252656, -0.33484513), (-0.008493935, -0.7916554, -0.6109088), (-0.60155505, -0.7252656, -0.33484513), (-0.5877872, -0.6864032, -0.42820188), (-0.860357, -0.5023486, -0.08620753), (-0.8614436, -0.49698758, -0.10449092), (-0.860357, -0.5023486, -0.08620753), (-0.5877872, -0.6864032, -0.42820188), (-0.5877872, -0.6864032, -0.42820188), (-0.5846608, -0.6266104, -0.5152972), (-0.8614436, -0.49698758, -0.10449092), (-0.85715127, -0.4960041, -0.13882236), (-0.8614436, -0.49698758, -0.10449092), (-0.5846608, -0.6266104, -0.5152972), (-0.5846608, -0.6266104, -0.5152972), (-0.5790265, -0.545042, -0.6063478), (-0.85715127, -0.4960041, -0.13882236), (-0.863429, -0.4782016, -0.16066623), (-0.85715127, -0.4960041, -0.13882236), (-0.5790265, -0.545042, -0.6063478), (-0.5790265, -0.545042, -0.6063478), (-0.6171421, -0.44214782, -0.65087724), (-0.863429, -0.4782016, -0.16066623), (-0.87370354, -0.45834115, -0.16298924), (-0.863429, -0.4782016, -0.16066623), (-0.6171421, -0.44214782, -0.65087724), (-0.6171421, -0.44214782, -0.65087724), (-0.667828, -0.34443405, -0.65982646), (-0.87370354, -0.45834115, -0.16298924), (-0.88417614, -0.43838242, -0.16141133), (-0.87370354, -0.45834115, -0.16298924), (-0.667828, -0.34443405, -0.65982646), (-0.667828, -0.34443405, -0.65982646), (-0.7190178, -0.24698663, -0.6496238), (-0.88417614, -0.43838242, -0.16141133), (-0.89442927, -0.41913745, -0.15594955), (-0.88417614, -0.43838242, -0.16141133), (-0.7190178, -0.24698663, -0.6496238), (-0.7190178, -0.24698663, -0.6496238), (-0.76918733, -0.1530411, -0.62042665), (-0.89442927, -0.41913745, -0.15594955), (-0.9042523, -0.40098312, -0.14676657), (-0.89442927, -0.41913745, -0.15594955), (-0.76918733, -0.1530411, -0.62042665), (-0.76918733, -0.1530411, -0.62042665), (-0.81602615, -0.06398372, -0.57446265), (-0.9042523, -0.40098312, -0.14676657), (-0.9143113, -0.37947023, -0.1415533), (-0.9042523, -0.40098312, -0.14676657), (-0.81602615, -0.06398372, -0.57446265), (-0.81602615, -0.06398372, -0.57446265), (-0.8614921, 0.030262288, -0.50686854), (-0.9143113, -0.37947023, -0.1415533), (-0.9100917, -0.4064038, -0.08105104), (-0.9143113, -0.37947023, -0.1415533), (-0.8614921, 0.030262288, -0.50686854), (-0.8614921, 0.030262288, -0.50686854), (-0.9526337, -0.121228285, -0.2789136), (-0.9100917, -0.4064038, -0.08105104), (-0.8614921, 0.030262288, -0.50686854), (-0.68074083, 0.42224324, -0.5985839), (-0.9526337, -0.121228285, -0.2789136), (-0.89976525, -0.43309268, -0.053417563), (-0.9100917, -0.4064038, -0.08105104), (-0.9526337, -0.121228285, -0.2789136), (-0.95964944, -0.020671155, -0.2804385), (-0.9526337, -0.121228285, -0.2789136), (-0.68074083, 0.42224324, -0.5985839), (-0.9526337, -0.121228285, -0.2789136), (-0.95964944, -0.020671155, -0.2804385), (-0.89976525, -0.43309268, -0.053417563), (-0.68074083, 0.42224324, -0.5985839), (-0.7262085, 0.50618786, -0.46518287), (-0.95964944, -0.020671155, -0.2804385), (-0.90127724, -0.43062955, -0.0475151), (-0.89976525, -0.43309268, -0.053417563), (-0.95964944, -0.020671155, -0.2804385), (-0.9802399, -0.00015061277, -0.1978123), (-0.95964944, -0.020671155, -0.2804385), (-0.7262085, 0.50618786, -0.46518287), (-0.95964944, -0.020671155, -0.2804385), (-0.9802399, -0.00015061277, -0.1978123), (-0.90127724, -0.43062955, -0.0475151), (-0.7262085, 0.50618786, -0.46518287), (-0.76170814, 0.5629915, -0.32068893), (-0.9802399, -0.00015061277, -0.1978123), (-0.9022986, -0.4291356, -0.04123169), (-0.90127724, -0.43062955, -0.0475151), (-0.9802399, -0.00015061277, -0.1978123), (-0.9933099, 0.0056030746, -0.115343526), (-0.9802399, -0.00015061277, -0.1978123), (-0.76170814, 0.5629915, -0.32068893), (-0.9802399, -0.00015061277, -0.1978123), (-0.9933099, 0.0056030746, -0.115343526), (-0.9022986, -0.4291356, -0.04123169), (-0.76170814, 0.5629915, -0.32068893), (-0.78457445, 0.5963358, -0.16978398), (-0.9933099, 0.0056030746, -0.115343526), (-0.90281487, -0.42862725, -0.034700364), (-0.9022986, -0.4291356, -0.04123169), (-0.9933099, 0.0056030746, -0.115343526), (-0.99938184, 0.011243007, -0.033311274), (-0.9933099, 0.0056030746, -0.115343526), (-0.78457445, 0.5963358, -0.16978398), (-0.9933099, 0.0056030746, -0.115343526), (-0.99938184, 0.011243007, -0.033311274), (-0.90281487, -0.42862725, -0.034700364), (-0.78457445, 0.5963358, -0.16978398), (-0.79551446, 0.6058044, -0.012556951), (-0.99938184, 0.011243007, -0.033311274), (-0.9027988, -0.4291391, -0.028181529), (-0.90281487, -0.42862725, -0.034700364), (-0.99938184, 0.011243007, -0.033311274), (-0.99881214, 0.004067517, 0.0485579), (-0.99938184, 0.011243007, -0.033311274), (-0.79551446, 0.6058044, -0.012556951), (-0.99938184, 0.011243007, -0.033311274), (-0.99881214, 0.004067517, 0.0485579), (-0.9027988, -0.4291391, -0.028181529), (-0.79551446, 0.6058044, -0.012556951), (-0.7937818, 0.59082216, 0.1443592), (-0.99881214, 0.004067517, 0.0485579), (-0.90225726, -0.4306463, -0.021808166), (-0.9027988, -0.4291391, -0.028181529), (-0.99881214, 0.004067517, 0.0485579), (-0.9916122, -0.015569965, 0.12830837), (-0.99881214, 0.004067517, 0.0485579), (-0.7937818, 0.59082216, 0.1443592), (-0.99881214, 0.004067517, 0.0485579), (-0.9916122, -0.015569965, 0.12830837), (-0.90225726, -0.4306463, -0.021808166), (-0.7937818, 0.59082216, 0.1443592), (-0.7789469, 0.5518092, 0.29790676), (-0.9916122, -0.015569965, 0.12830837), (-0.9012054, -0.43310264, -0.015840001), (-0.90225726, -0.4306463, -0.021808166), (-0.9916122, -0.015569965, 0.12830837), (-0.97667885, -0.024443803, 0.21330999), (-0.9916122, -0.015569965, 0.12830837), (-0.7789469, 0.5518092, 0.29790676), (-0.9916122, -0.015569965, 0.12830837), (-0.97667885, -0.024443803, 0.21330999), (-0.9012054, -0.43310264, -0.015840001), (-0.7789469, 0.5518092, 0.29790676), (-0.75271416, 0.49031332, 0.43933383), (-0.97667885, -0.024443803, 0.21330999), (-0.89967084, -0.4364452, -0.010393253), (-0.9012054, -0.43310264, -0.015840001), (-0.97667885, -0.024443803, 0.21330999), (-0.9571318, -0.07955867, 0.27851236), (-0.97667885, -0.024443803, 0.21330999), (-0.75271416, 0.49031332, 0.43933383), (-0.97667885, -0.024443803, 0.21330999), (-0.9571318, -0.07955867, 0.27851236), (-0.89967084, -0.4364452, -0.010393253), (-0.75271416, 0.49031332, 0.43933383), (-0.7143544, 0.4061303, 0.5698738), (-0.9571318, -0.07955867, 0.27851236), (-0.8977103, -0.44054955, -0.005696157), (-0.89967084, -0.4364452, -0.010393253), (-0.9571318, -0.07955867, 0.27851236), (-0.93218166, -0.13400924, 0.33627215), (-0.9571318, -0.07955867, 0.27851236), (-0.7143544, 0.4061303, 0.5698738), (-0.9571318, -0.07955867, 0.27851236), (-0.93218166, -0.13400924, 0.33627215), (-0.8977103, -0.44054955, -0.005696157), (-0.7143544, 0.4061303, 0.5698738), (-0.66628987, 0.30697656, 0.6795759), (-0.93218166, -0.13400924, 0.33627215), (-0.89536816, -0.44532293, -0.0018334512), (-0.8977103, -0.44054955, -0.005696157), (-0.93218166, -0.13400924, 0.33627215), (-0.90281606, -0.19895503, 0.3812352), (-0.93218166, -0.13400924, 0.33627215), (-0.66628987, 0.30697656, 0.6795759), (-0.93218166, -0.13400924, 0.33627215), (-0.90281606, -0.19895503, 0.3812352), (-0.89536816, -0.44532293, -0.0018334512), (-0.5187626, -0.5588754, 0.6469496), (-0.6963247, -0.6163936, 0.36768305), (-0.17638253, -0.6282863, 0.7577239), (-0.17189482, -0.7443804, 0.645252), (-0.17638253, -0.6282863, 0.7577239), (-0.6963247, -0.6163936, 0.36768305), (-0.6963247, -0.6163936, 0.36768305), (-0.68186754, -0.6730935, 0.28635967), (-0.17189482, -0.7443804, 0.645252), (-0.11929189, -0.8367167, 0.53448546), (-0.17189482, -0.7443804, 0.645252), (-0.68186754, -0.6730935, 0.28635967), (-0.68186754, -0.6730935, 0.28635967), (-0.66285396, -0.71351904, 0.22696975), (-0.11929189, -0.8367167, 0.53448546), (-0.075560175, -0.9105212, 0.40649965), (-0.11929189, -0.8367167, 0.53448546), (-0.66285396, -0.71351904, 0.22696975), (-0.66285396, -0.71351904, 0.22696975), (-0.64258313, -0.747936, 0.16636927), (-0.075560175, -0.9105212, 0.40649965), (-0.04275005, -0.96296954, 0.2661994), (-0.075560175, -0.9105212, 0.40649965), (-0.64258313, -0.747936, 0.16636927), (-0.64258313, -0.747936, 0.16636927), (-0.6272724, -0.7723548, 0.09998765), (-0.04275005, -0.96296954, 0.2661994), (-0.021446615, -0.9928986, 0.11701468), (-0.04275005, -0.96296954, 0.2661994), (-0.6272724, -0.7723548, 0.09998765), (-0.83565074, 0.06522584, 0.54537475), (-0.7469968, 0.35233694, 0.5637858), (-0.9560768, -0.19713701, 0.21691978), (-0.6272724, -0.7723548, 0.09998765), (-0.6174037, -0.7860968, 0.029402187), (-0.021446615, -0.9928986, 0.11701468), (-0.012187411, -0.99928105, -0.03590134), (-0.021446615, -0.9928986, 0.11701468), (-0.6174037, -0.7860968, 0.029402187), (-0.9763483, -0.09839983, 0.19251367), (-0.9560768, -0.19713701, 0.21691978), (-0.7469968, 0.35233694, 0.5637858), (-0.7469968, 0.35233694, 0.5637858), (-0.7818843, 0.44069618, 0.44095784), (-0.9763483, -0.09839983, 0.19251367), (-0.6174037, -0.7860968, 0.029402187), (-0.61322105, -0.7887514, -0.042793494), (-0.012187411, -0.99928105, -0.03590134), (-0.015397046, -0.9819484, -0.18852206), (-0.012187411, -0.99928105, -0.03590134), (-0.61322105, -0.7887514, -0.042793494), (-0.9892749, -0.07451258, 0.12563108), (-0.9763483, -0.09839983, 0.19251367), (-0.7818843, 0.44069618, 0.44095784), (-0.7818843, 0.44069618, 0.44095784), (-0.8090131, 0.5038766, 0.30266482), (-0.9892749, -0.07451258, 0.12563108), (-0.61322105, -0.7887514, -0.042793494), (-0.614954, -0.7801552, -0.11484567), (-0.015397046, -0.9819484, -0.18852206), (-0.030798597, -0.94149405, -0.33561984), (-0.015397046, -0.9819484, -0.18852206), (-0.614954, -0.7801552, -0.11484567), (-0.99675316, -0.060745217, 0.052849982), (-0.9892749, -0.07451258, 0.12563108), (-0.8090131, 0.5038766, 0.30266482), (-0.8090131, 0.5038766, 0.30266482), (-0.82464296, 0.5436569, 0.15620892), (-0.99675316, -0.060745217, 0.052849982), (-0.614954, -0.7801552, -0.11484567), (-0.62241614, -0.76071393, -0.18415329), (-0.030798597, -0.94149405, -0.33561984), (-0.058178406, -0.8789926, -0.47327313), (-0.030798597, -0.94149405, -0.33561984), (-0.62241614, -0.76071393, -0.18415329), (-0.9984549, -0.0521445, -0.019204201), (-0.99675316, -0.060745217, 0.052849982), (-0.82464296, 0.5436569, 0.15620892), (-0.82464296, 0.5436569, 0.15620892), (-0.82779235, 0.5610232, 0.0035899328), (-0.9984549, -0.0521445, -0.019204201), (-0.62241614, -0.76071393, -0.18415329), (-0.635538, -0.7308214, -0.24898133), (-0.058178406, -0.8789926, -0.47327313), (-0.095916115, -0.796885, -0.5964684), (-0.058178406, -0.8789926, -0.47327313), (-0.635538, -0.7308214, -0.24898133), (-0.9943047, -0.054818366, -0.0913961), (-0.9984549, -0.0521445, -0.019204201), (-0.82779235, 0.5610232, 0.0035899328), (-0.82779235, 0.5610232, 0.0035899328), (-0.8186043, 0.5546062, -0.14932849), (-0.9943047, -0.054818366, -0.0913961), (-0.635538, -0.7308214, -0.24898133), (-0.6507216, -0.6929434, -0.3104688), (-0.095916115, -0.796885, -0.5964684), (-0.14388517, -0.6969443, -0.7025423), (-0.095916115, -0.796885, -0.5964684), (-0.6507216, -0.6929434, -0.3104688), (-0.98441046, -0.06852709, -0.16198847), (-0.9943047, -0.054818366, -0.0913961), (-0.8186043, 0.5546062, -0.14932849), (-0.8186043, 0.5546062, -0.14932849), (-0.7972261, 0.52471256, -0.2985086), (-0.98441046, -0.06852709, -0.16198847), (-0.6507216, -0.6929434, -0.3104688), (-0.66663915, -0.6481651, -0.3680685), (-0.14388517, -0.6969443, -0.7025423), (-0.20108747, -0.58245265, -0.78759944), (-0.14388517, -0.6969443, -0.7025423), (-0.66663915, -0.6481651, -0.3680685), (-0.96912706, -0.092970066, -0.22836268), (-0.98441046, -0.06852709, -0.16198847), (-0.7972261, 0.52471256, -0.2985086), (-0.7972261, 0.52471256, -0.2985086), (-0.7645004, 0.4722181, -0.43880448), (-0.96912706, -0.092970066, -0.22836268), (-0.66663915, -0.6481651, -0.3680685), (-0.6953135, -0.59283674, -0.40630502), (-0.20108747, -0.58245265, -0.78759944), (-0.2643237, -0.45703253, -0.8492669), (-0.20108747, -0.58245265, -0.78759944), (-0.6953135, -0.59283674, -0.40630502), (-0.948827, -0.12737063, -0.28897065), (-0.96912706, -0.092970066, -0.22836268), (-0.7645004, 0.4722181, -0.43880448), (-0.7645004, 0.4722181, -0.43880448), (-0.7212268, 0.39817134, -0.56682575), (-0.948827, -0.12737063, -0.28897065), (-0.6953135, -0.59283674, -0.40630502), (-0.73335916, -0.5303272, -0.42536736), (-0.2643237, -0.45703253, -0.8492669), (-0.3319846, -0.3236858, -0.88600993), (-0.2643237, -0.45703253, -0.8492669), (-0.73335916, -0.5303272, -0.42536736), (-0.9229637, -0.16422373, -0.34809318), (-0.948827, -0.12737063, -0.28897065), (-0.7212268, 0.39817134, -0.56682575), (-0.7212268, 0.39817134, -0.56682575), (-0.668876, 0.30570877, -0.677604), (-0.9229637, -0.16422373, -0.34809318), (-0.73335916, -0.5303272, -0.42536736), (-0.7654032, -0.46764258, -0.44211832), (-0.3319846, -0.3236858, -0.88600993), (-0.40264672, -0.18762116, -0.8959208), (-0.3319846, -0.3236858, -0.88600993), (-0.7654032, -0.46764258, -0.44211832), (-0.89288276, -0.21061489, -0.3979971), (-0.9229637, -0.16422373, -0.34809318), (-0.668876, 0.30570877, -0.677604), (-0.668876, 0.30570877, -0.677604), (-0.6083182, 0.19792116, -0.7686198), (-0.89288276, -0.21061489, -0.3979971), (-0.7654032, -0.46764258, -0.44211832), (-0.7988085, -0.40334097, -0.44634205), (-0.40264672, -0.18762116, -0.8959208), (-0.47360662, -0.05273924, -0.8791561), (-0.40264672, -0.18762116, -0.8959208), (-0.7988085, -0.40334097, -0.44634205), (-0.8641074, -0.27406538, -0.42214522), (-0.89288276, -0.21061489, -0.3979971), (-0.6083182, 0.19792116, -0.7686198), (-0.6083182, 0.19792116, -0.7686198), (-0.54248327, 0.076899014, -0.8365396), (-0.8641074, -0.27406538, -0.42214522), (-0.54248327, 0.076899014, -0.8365396), (-0.47360662, -0.05273924, -0.8791561), (-0.8322973, -0.33973458, -0.43802014), (-0.8322973, -0.33973458, -0.43802014), (-0.8641074, -0.27406538, -0.42214522), (-0.54248327, 0.076899014, -0.8365396), (-0.7988085, -0.40334097, -0.44634205), (-0.8322973, -0.33973458, -0.43802014), (-0.47360662, -0.05273924, -0.8791561), (-0.89288276, -0.21061489, -0.3979971), (-0.8641074, -0.27406538, -0.42214522), (-0.89132637, -0.447702, -0.07141611), (-0.8641074, -0.27406538, -0.42214522), (-0.8322973, -0.33973458, -0.43802014), (-0.88814384, -0.453646, -0.07352494), (-0.88814384, -0.453646, -0.07352494), (-0.89132637, -0.447702, -0.07141611), (-0.8641074, -0.27406538, -0.42214522), (-0.8322973, -0.33973458, -0.43802014), (-0.7988085, -0.40334097, -0.44634205), (-0.8848926, -0.459812, -0.07441903), (-0.8848926, -0.459812, -0.07441903), (-0.88814384, -0.453646, -0.07352494), (-0.8322973, -0.33973458, -0.43802014), (-0.89132637, -0.447702, -0.07141611), (-0.8943121, -0.4422168, -0.06819289), (-0.89288276, -0.21061489, -0.3979971), (-0.9229637, -0.16422373, -0.34809318), (-0.89288276, -0.21061489, -0.3979971), (-0.8943121, -0.4422168, -0.06819289), (-0.89132637, -0.447702, -0.07141611), (-0.88814384, -0.453646, -0.07352494), (-0.8838339, -0.46779108, 0.0030621167), (-0.8943121, -0.4422168, -0.06819289), (-0.89703864, -0.43730733, -0.06390701), (-0.9229637, -0.16422373, -0.34809318), (-0.948827, -0.12737063, -0.28897065), (-0.9229637, -0.16422373, -0.34809318), (-0.89703864, -0.43730733, -0.06390701), (-0.8943121, -0.4422168, -0.06819289), (-0.89132637, -0.447702, -0.07141611), (-0.8808518, -0.4733901, 0.0014757366), (-0.8838339, -0.46779108, 0.0030621167), (-0.8808518, -0.4733901, 0.0014757366), (-0.89132637, -0.447702, -0.07141611), (-0.89703864, -0.43730733, -0.06390701), (-0.8943121, -0.4422168, -0.06819289), (-0.87799335, -0.4786715, -0.0011932516), (-0.8808518, -0.4733901, 0.0014757366), (-0.87799335, -0.4786715, -0.0011932516), (-0.8943121, -0.4422168, -0.06819289), (-0.89703864, -0.43730733, -0.06390701), (-0.8993985, -0.43316463, -0.05874378), (-0.948827, -0.12737063, -0.28897065), (-0.96912706, -0.092970066, -0.22836268), (-0.948827, -0.12737063, -0.28897065), (-0.8993985, -0.43316463, -0.05874378), (-0.87799335, -0.4786715, -0.0011932516), (-0.8753765, -0.48341745, -0.004851755), (-0.89703864, -0.43730733, -0.06390701), (-0.8993985, -0.43316463, -0.05874378), (-0.89703864, -0.43730733, -0.06390701), (-0.8753765, -0.48341745, -0.004851755), (-0.8993985, -0.43316463, -0.05874378), (-0.90134, -0.42988235, -0.052796777), (-0.96912706, -0.092970066, -0.22836268), (-0.98441046, -0.06852709, -0.16198847), (-0.96912706, -0.092970066, -0.22836268), (-0.90134, -0.42988235, -0.052796777), (-0.8753765, -0.48341745, -0.004851755), (-0.87305105, -0.4875382, -0.009412497), (-0.8993985, -0.43316463, -0.05874378), (-0.90134, -0.42988235, -0.052796777), (-0.8993985, -0.43316463, -0.05874378), (-0.87305105, -0.4875382, -0.009412497), (-0.90134, -0.42988235, -0.052796777), (-0.9027892, -0.4275822, -0.04631613), (-0.98441046, -0.06852709, -0.16198847), (-0.9943047, -0.054818366, -0.0913961), (-0.98441046, -0.06852709, -0.16198847), (-0.9027892, -0.4275822, -0.04631613), (-0.87305105, -0.4875382, -0.009412497), (-0.8711153, -0.49085855, -0.014702675), (-0.90134, -0.42988235, -0.052796777), (-0.9027892, -0.4275822, -0.04631613), (-0.90134, -0.42988235, -0.052796777), (-0.8711153, -0.49085855, -0.014702675), (-0.9027892, -0.4275822, -0.04631613), (-0.90371174, -0.42632234, -0.039426196), (-0.9943047, -0.054818366, -0.0913961), (-0.9984549, -0.0521445, -0.019204201), (-0.9943047, -0.054818366, -0.0913961), (-0.90371174, -0.42632234, -0.039426196), (-0.8711153, -0.49085855, -0.014702675), (-0.8696028, -0.49332184, -0.020604895), (-0.9027892, -0.4275822, -0.04631613), (-0.90371174, -0.42632234, -0.039426196), (-0.9027892, -0.4275822, -0.04631613), (-0.8696028, -0.49332184, -0.020604895), (-0.90371174, -0.42632234, -0.039426196), (-0.9040761, -0.42614084, -0.032411072), (-0.9984549, -0.0521445, -0.019204201), (-0.99675316, -0.060745217, 0.052849982), (-0.9984549, -0.0521445, -0.019204201), (-0.9040761, -0.42614084, -0.032411072), (-0.8696028, -0.49332184, -0.020604895), (-0.86858153, -0.49481624, -0.02688831), (-0.90371174, -0.42632234, -0.039426196), (-0.9040761, -0.42614084, -0.032411072), (-0.90371174, -0.42632234, -0.039426196), (-0.86858153, -0.49481624, -0.02688831), (-0.9040761, -0.42614084, -0.032411072), (-0.903868, -0.42705628, -0.025408821), (-0.99675316, -0.060745217, 0.052849982), (-0.9892749, -0.07451258, 0.12563108), (-0.99675316, -0.060745217, 0.052849982), (-0.903868, -0.42705628, -0.025408821), (-0.86858153, -0.49481624, -0.02688831), (-0.8680652, -0.4953243, -0.033419758), (-0.9040761, -0.42614084, -0.032411072), (-0.903868, -0.42705628, -0.025408821), (-0.9040761, -0.42614084, -0.032411072), (-0.8680652, -0.4953243, -0.033419758), (-0.903868, -0.42705628, -0.025408821), (-0.9031033, -0.4290161, -0.018703414), (-0.9892749, -0.07451258, 0.12563108), (-0.9763483, -0.09839983, 0.19251367), (-0.9892749, -0.07451258, 0.12563108), (-0.9031033, -0.4290161, -0.018703414), (-0.8680652, -0.4953243, -0.033419758), (-0.8680818, -0.4948121, -0.03993862), (-0.903868, -0.42705628, -0.025408821), (-0.9031033, -0.4290161, -0.018703414), (-0.903868, -0.42705628, -0.025408821), (-0.8680818, -0.4948121, -0.03993862), (-0.9031033, -0.4290161, -0.018703414), (-0.90179014, -0.43199545, -0.012433964), (-0.9763483, -0.09839983, 0.19251367), (-0.9560768, -0.19713701, 0.21691978), (-0.9763483, -0.09839983, 0.19251367), (-0.90179014, -0.43199545, -0.012433964), (-0.8680818, -0.4948121, -0.03993862), (-0.8686231, -0.4933045, -0.04631194), (-0.9031033, -0.4290161, -0.018703414), (-0.90179014, -0.43199545, -0.012433964), (-0.9031033, -0.4290161, -0.018703414), (-0.8686231, -0.4933045, -0.04631194), (-0.90179014, -0.43199545, -0.012433964), (-0.91021836, -0.41320795, 0.027599402), (-0.9560768, -0.19713701, 0.21691978), (-0.83565074, 0.06522584, 0.54537475), (-0.9560768, -0.19713701, 0.21691978), (-0.91021836, -0.41320795, 0.027599402), (-0.8686231, -0.4933045, -0.04631194), (-0.8696753, -0.4908481, -0.05228005), (-0.90179014, -0.43199545, -0.012433964), (-0.91021836, -0.41320795, 0.027599402), (-0.90179014, -0.43199545, -0.012433964), (-0.8696753, -0.4908481, -0.05228005), (-0.91021836, -0.41320795, 0.027599402), (-0.92215574, -0.37780792, 0.0830064), (-0.83565074, 0.06522584, 0.54537475), (-0.79225904, -0.020978663, 0.6098243), (-0.83565074, 0.06522584, 0.54537475), (-0.92215574, -0.37780792, 0.0830064), (-0.8696753, -0.4908481, -0.05228005), (-0.8712089, -0.48750663, -0.05772673), (-0.91021836, -0.41320795, 0.027599402), (-0.92215574, -0.37780792, 0.0830064), (-0.91021836, -0.41320795, 0.027599402), (-0.8712089, -0.48750663, -0.05772673), (-0.92215574, -0.37780792, 0.0830064), (-0.9109996, -0.4026572, 0.08914547), (-0.79225904, -0.020978663, 0.6098243), (-0.74005437, -0.12510794, 0.6608083), (-0.79225904, -0.020978663, 0.6098243), (-0.9109996, -0.4026572, 0.08914547), (-0.8712089, -0.48750663, -0.05772673), (-0.86035687, -0.50234896, -0.08620781), (-0.92215574, -0.37780792, 0.0830064), (-0.9109996, -0.4026572, 0.08914547), (-0.92215574, -0.37780792, 0.0830064), (-0.86035687, -0.50234896, -0.08620781), (-0.9109996, -0.4026572, 0.08914547), (-0.9009222, -0.42266375, 0.09846237), (-0.74005437, -0.12510794, 0.6608083), (-0.6843562, -0.23397675, 0.6905878), (-0.74005437, -0.12510794, 0.6608083), (-0.9009222, -0.42266375, 0.09846237), (-0.86035687, -0.50234896, -0.08620781), (-0.86144334, -0.4969879, -0.10449158), (-0.9109996, -0.4026572, 0.08914547), (-0.9009222, -0.42266375, 0.09846237), (-0.9109996, -0.4026572, 0.08914547), (-0.86144334, -0.4969879, -0.10449158), (-0.9009222, -0.42266375, 0.09846237), (-0.89018893, -0.44362062, 0.10375189), (-0.6843562, -0.23397675, 0.6905878), (-0.6264147, -0.34571633, 0.6986308), (-0.6843562, -0.23397675, 0.6905878), (-0.89018893, -0.44362062, 0.10375189), (-0.86144334, -0.4969879, -0.10449158), (-0.8571514, -0.49600384, -0.13882273), (-0.9009222, -0.42266375, 0.09846237), (-0.89018893, -0.44362062, 0.10375189), (-0.9009222, -0.42266375, 0.09846237), (-0.8571514, -0.49600384, -0.13882273), (-0.89018893, -0.44362062, 0.10375189), (-0.8790134, -0.46512526, 0.104852855), (-0.6264147, -0.34571633, 0.6986308), (-0.56808835, -0.456391, 0.68482333), (-0.6264147, -0.34571633, 0.6986308), (-0.8790134, -0.46512526, 0.104852855), (-0.8571514, -0.49600384, -0.13882273), (-0.863429, -0.4782016, -0.16066623), (-0.89018893, -0.44362062, 0.10375189), (-0.8790134, -0.46512526, 0.104852855), (-0.89018893, -0.44362062, 0.10375189), (-0.863429, -0.4782016, -0.16066623), (-0.8790134, -0.46512526, 0.104852855), (-0.86784685, -0.4862962, 0.10177428), (-0.56808835, -0.456391, 0.68482333), (-0.5187626, -0.5588754, 0.6469496), (-0.56808835, -0.456391, 0.68482333), (-0.86784685, -0.4862962, 0.10177428), (-0.863429, -0.4782016, -0.16066623), (-0.8737039, -0.4583408, -0.16298836), (-0.8790134, -0.46512526, 0.104852855), (-0.86784685, -0.4862962, 0.10177428), (-0.8790134, -0.46512526, 0.104852855), (-0.8737039, -0.4583408, -0.16298836), (-0.86784685, -0.4862962, 0.10177428), (-0.86781484, -0.49201226, 0.069436796), (-0.5187626, -0.5588754, 0.6469496), (-0.6963247, -0.6163936, 0.36768305), (-0.5187626, -0.5588754, 0.6469496), (-0.86781484, -0.49201226, 0.069436796), (-0.8737039, -0.4583408, -0.16298836), (-0.8841757, -0.43838322, -0.1614115), (-0.86784685, -0.4862962, 0.10177428), (-0.86781484, -0.49201226, 0.069436796), (-0.86784685, -0.4862962, 0.10177428), (-0.8841757, -0.43838322, -0.1614115), (-0.86781484, -0.49201226, 0.069436796), (-0.8763734, -0.48163238, 0.00008028905), (-0.6963247, -0.6163936, 0.36768305), (-0.68186754, -0.6730935, 0.28635967), (-0.6963247, -0.6163936, 0.36768305), (-0.8763734, -0.48163238, 0.00008028905), (-0.8841757, -0.43838322, -0.1614115), (-0.89442927, -0.41913745, -0.15594955), (-0.86781484, -0.49201226, 0.069436796), (-0.8763734, -0.48163238, 0.00008028905), (-0.86781484, -0.49201226, 0.069436796), (-0.89442927, -0.41913745, -0.15594955), (-0.8763734, -0.48163238, 0.00008028905), (-0.87364715, -0.48654193, -0.0042068325), (-0.68186754, -0.6730935, 0.28635967), (-0.66285396, -0.71351904, 0.22696975), (-0.68186754, -0.6730935, 0.28635967), (-0.87364715, -0.48654193, -0.0042068325), (-0.89442927, -0.41913745, -0.15594955), (-0.9042526, -0.40098304, -0.1467653), (-0.8763734, -0.48163238, 0.00008028905), (-0.87364715, -0.48654193, -0.0042068325), (-0.8763734, -0.48163238, 0.00008028905), (-0.9042526, -0.40098304, -0.1467653), (-0.87364715, -0.48654193, -0.0042068325), (-0.87128687, -0.4906848, -0.009368854), (-0.66285396, -0.71351904, 0.22696975), (-0.64258313, -0.747936, 0.16636927), (-0.66285396, -0.71351904, 0.22696975), (-0.87128687, -0.4906848, -0.009368854), (-0.9042526, -0.40098304, -0.1467653), (-0.91431093, -0.3794707, -0.14155382), (-0.87364715, -0.48654193, -0.0042068325), (-0.87128687, -0.4906848, -0.009368854), (-0.87364715, -0.48654193, -0.0042068325), (-0.91431093, -0.3794707, -0.14155382), (-0.87128687, -0.4906848, -0.009368854), (-0.86934584, -0.4939669, -0.015316005), (-0.64258313, -0.747936, 0.16636927), (-0.6272724, -0.7723548, 0.09998765), (-0.64258313, -0.747936, 0.16636927), (-0.86934584, -0.4939669, -0.015316005), (-0.91431093, -0.3794707, -0.14155382), (-0.91009176, -0.40640345, -0.081050985), (-0.87128687, -0.4906848, -0.009368854), (-0.86934584, -0.4939669, -0.015316005), (-0.87128687, -0.4906848, -0.009368854), (-0.91009176, -0.40640345, -0.081050985), (-0.86934584, -0.4939669, -0.015316005), (-0.8678959, -0.49626777, -0.021796092), (-0.6272724, -0.7723548, 0.09998765), (-0.6174037, -0.7860968, 0.029402187), (-0.6272724, -0.7723548, 0.09998765), (-0.8678959, -0.49626777, -0.021796092), (-0.91009176, -0.40640345, -0.081050985), (-0.89976525, -0.4330927, -0.05341738), (-0.86934584, -0.4939669, -0.015316005), (-0.8678959, -0.49626777, -0.021796092), (-0.86934584, -0.4939669, -0.015316005), (-0.89976525, -0.4330927, -0.05341738), (-0.8678959, -0.49626777, -0.021796092), (-0.86697406, -0.4975271, -0.028686292), (-0.6174037, -0.7860968, 0.029402187), (-0.61322105, -0.7887514, -0.042793494), (-0.6174037, -0.7860968, 0.029402187), (-0.86697406, -0.4975271, -0.028686292), (-0.89976525, -0.4330927, -0.05341738), (-0.9012771, -0.4306298, -0.04751511), (-0.8678959, -0.49626777, -0.021796092), (-0.86697406, -0.4975271, -0.028686292), (-0.8678959, -0.49626777, -0.021796092), (-0.9012771, -0.4306298, -0.04751511), (-0.86697406, -0.4975271, -0.028686292), (-0.8666093, -0.49770856, -0.03570181), (-0.61322105, -0.7887514, -0.042793494), (-0.614954, -0.7801552, -0.11484567), (-0.61322105, -0.7887514, -0.042793494), (-0.8666093, -0.49770856, -0.03570181), (-0.9012771, -0.4306298, -0.04751511), (-0.9022985, -0.4291357, -0.04123169), (-0.86697406, -0.4975271, -0.028686292), (-0.8666093, -0.49770856, -0.03570181), (-0.86697406, -0.4975271, -0.028686292), (-0.9022985, -0.4291357, -0.04123169), (-0.8666093, -0.49770856, -0.03570181), (-0.86681783, -0.49679303, -0.042703856), (-0.614954, -0.7801552, -0.11484567), (-0.62241614, -0.76071393, -0.18415329), (-0.614954, -0.7801552, -0.11484567), (-0.86681783, -0.49679303, -0.042703856), (-0.9022985, -0.4291357, -0.04123169), (-0.90281487, -0.42862725, -0.034700368), (-0.8666093, -0.49770856, -0.03570181), (-0.86681783, -0.49679303, -0.042703856), (-0.8666093, -0.49770856, -0.03570181), (-0.90281487, -0.42862725, -0.034700368), (-0.86681783, -0.49679303, -0.042703856), (-0.8675821, -0.49483344, -0.049409267), (-0.62241614, -0.76071393, -0.18415329), (-0.635538, -0.7308214, -0.24898133), (-0.62241614, -0.76071393, -0.18415329), (-0.8675821, -0.49483344, -0.049409267), (-0.90281487, -0.42862725, -0.034700368), (-0.9027988, -0.4291391, -0.028181529), (-0.86681783, -0.49679303, -0.042703856), (-0.8675821, -0.49483344, -0.049409267), (-0.86681783, -0.49679303, -0.042703856), (-0.9027988, -0.4291391, -0.028181529), (-0.8675821, -0.49483344, -0.049409267), (-0.86889565, -0.49185395, -0.055678803), (-0.635538, -0.7308214, -0.24898133), (-0.6507216, -0.6929434, -0.3104688), (-0.635538, -0.7308214, -0.24898133), (-0.86889565, -0.49185395, -0.055678803), (-0.9027988, -0.4291391, -0.028181529), (-0.90225726, -0.43064648, -0.021808138), (-0.8675821, -0.49483344, -0.049409267), (-0.86889565, -0.49185395, -0.055678803), (-0.8675821, -0.49483344, -0.049409267), (-0.90225726, -0.43064648, -0.021808138), (-0.86889565, -0.49185395, -0.055678803), (-0.87069696, -0.4879893, -0.061264668), (-0.6507216, -0.6929434, -0.3104688), (-0.66663915, -0.6481651, -0.3680685), (-0.6507216, -0.6929434, -0.3104688), (-0.87069696, -0.4879893, -0.061264668), (-0.90225726, -0.43064648, -0.021808138), (-0.9012055, -0.4331025, -0.015839916), (-0.86889565, -0.49185395, -0.055678803), (-0.87069696, -0.4879893, -0.061264668), (-0.86889565, -0.49185395, -0.055678803), (-0.9012055, -0.4331025, -0.015839916), (-0.87069696, -0.4879893, -0.061264668), (-0.87295735, -0.48330483, -0.06604561), (-0.66663915, -0.6481651, -0.3680685), (-0.6953135, -0.59283674, -0.40630502), (-0.66663915, -0.6481651, -0.3680685), (-0.87295735, -0.48330483, -0.06604561), (-0.9012055, -0.4331025, -0.015839916), (-0.899671, -0.4364449, -0.010393189), (-0.87069696, -0.4879893, -0.061264668), (-0.87295735, -0.48330483, -0.06604561), (-0.87069696, -0.4879893, -0.061264668), (-0.899671, -0.4364449, -0.010393189), (-0.87295735, -0.48330483, -0.06604561), (-0.8755784, -0.47800115, -0.069839045), (-0.6953135, -0.59283674, -0.40630502), (-0.73335916, -0.5303272, -0.42536736), (-0.6953135, -0.59283674, -0.40630502), (-0.8755784, -0.47800115, -0.069839045), (-0.899671, -0.4364449, -0.010393189), (-0.8977103, -0.44054955, -0.005696157), (-0.87295735, -0.48330483, -0.06604561), (-0.8755784, -0.47800115, -0.069839045), (-0.87295735, -0.48330483, -0.06604561), (-0.8977103, -0.44054955, -0.005696157), (-0.8755784, -0.47800115, -0.069839045), (-0.8785131, -0.47217667, -0.072553955), (-0.73335916, -0.5303272, -0.42536736), (-0.7654032, -0.46764258, -0.44211832), (-0.73335916, -0.5303272, -0.42536736), (-0.8785131, -0.47217667, -0.072553955), (-0.8977103, -0.44054955, -0.005696157), (-0.8953683, -0.44532278, -0.001833371), (-0.8755784, -0.47800115, -0.069839045), (-0.8785131, -0.47217667, -0.072553955), (-0.8755784, -0.47800115, -0.069839045), (-0.8953683, -0.44532278, -0.001833371), (-0.8785131, -0.47217667, -0.072553955), (-0.88163775, -0.46607372, -0.07409665), (-0.7654032, -0.46764258, -0.44211832), (-0.7988085, -0.40334097, -0.44634205), (-0.7654032, -0.46764258, -0.44211832), (-0.88163775, -0.46607372, -0.07409665), (-0.88163775, -0.46607372, -0.07409665), (-0.8848926, -0.459812, -0.07441903), (-0.7988085, -0.40334097, -0.44634205), (-0.88163775, -0.46607372, -0.07409665), (-0.8785131, -0.47217667, -0.072553955), (-0.89273524, -0.45058042, 0.0010267629), (-0.8953683, -0.44532278, -0.001833371), (-0.89273524, -0.45058042, 0.0010267629), (-0.8785131, -0.47217667, -0.072553955), (-0.8848926, -0.459812, -0.07441903), (-0.88163775, -0.46607372, -0.07409665), (-0.889868, -0.45620918, 0.0028394398), (-0.89273524, -0.45058042, 0.0010267629), (-0.889868, -0.45620918, 0.0028394398), (-0.88163775, -0.46607372, -0.07409665), (-0.889868, -0.45620918, 0.0028394398), (-0.8868804, -0.4619859, 0.003517504), (-0.8848926, -0.459812, -0.07441903), (-0.88814384, -0.453646, -0.07352494), (-0.8848926, -0.459812, -0.07441903), (-0.8868804, -0.4619859, 0.003517504), (-0.8868804, -0.4619859, 0.003517504), (-0.8838339, -0.46779108, 0.0030621167), (-0.88814384, -0.453646, -0.07352494), (-0.889868, -0.45620918, 0.0028394398), (-0.89273524, -0.45058042, 0.0010267629), (-0.87061447, -0.26847398, 0.41225278), (-0.8868804, -0.4619859, 0.003517504), (-0.889868, -0.45620918, 0.0028394398), (-0.8344958, -0.33927047, 0.4341801), (-0.87061447, -0.26847398, 0.41225278), (-0.8344958, -0.33927047, 0.4341801), (-0.889868, -0.45620918, 0.0028394398), (-0.8838339, -0.46779108, 0.0030621167), (-0.8868804, -0.4619859, 0.003517504), (-0.79690164, -0.4119447, 0.44187057), (-0.8344958, -0.33927047, 0.4341801), (-0.79690164, -0.4119447, 0.44187057), (-0.8868804, -0.4619859, 0.003517504), (-0.902818, -0.19895819, 0.38122892), (-0.87061447, -0.26847398, 0.41225278), (-0.89273524, -0.45058042, 0.0010267629), (-0.89273524, -0.45058042, 0.0010267629), (-0.8953683, -0.44532278, -0.001833371), (-0.902818, -0.19895819, 0.38122892), (-0.8344958, -0.33927047, 0.4341801), (-0.87061447, -0.26847398, 0.41225278), (-0.5449514, 0.062896766, 0.8361053), (-0.5449514, 0.062896766, 0.8361053), (-0.47556686, -0.07301259, 0.8766445), (-0.8344958, -0.33927047, 0.4341801), (-0.79690164, -0.4119447, 0.44187057), (-0.8344958, -0.33927047, 0.4341801), (-0.47556686, -0.07301259, 0.8766445), (-0.60875654, 0.19059138, 0.77012366), (-0.5449514, 0.062896766, 0.8361053), (-0.87061447, -0.26847398, 0.41225278), (-0.87061447, -0.26847398, 0.41225278), (-0.902818, -0.19895819, 0.38122892), (-0.60875654, 0.19059138, 0.77012366), (-0.47556686, -0.07301259, 0.8766445), (-0.40334862, -0.21248855, 0.89003295), (-0.79690164, -0.4119447, 0.44187057), (-0.66628397, 0.30698404, 0.67957824), (-0.60875654, 0.19059138, 0.77012366), (-0.902818, -0.19895819, 0.38122892), (-0.75866973, -0.48469403, 0.4353068), (-0.79690164, -0.4119447, 0.44187057), (-0.40334862, -0.21248855, 0.89003295), (-0.79690164, -0.4119447, 0.44187057), (-0.75866973, -0.48469403, 0.4353068), (-0.8838339, -0.46779108, 0.0030621167), (-0.40334862, -0.21248855, 0.89003295), (-0.33013695, -0.35167143, 0.8759776), (-0.75866973, -0.48469403, 0.4353068), (-0.8808518, -0.4733901, 0.0014757366), (-0.8838339, -0.46779108, 0.0030621167), (-0.75866973, -0.48469403, 0.4353068), (-0.7212753, -0.55487597, 0.41457757), (-0.75866973, -0.48469403, 0.4353068), (-0.33013695, -0.35167143, 0.8759776), (-0.75866973, -0.48469403, 0.4353068), (-0.7212753, -0.55487597, 0.41457757), (-0.8808518, -0.4733901, 0.0014757366), (-0.33013695, -0.35167143, 0.8759776), (-0.25854537, -0.48595938, 0.83486396), (-0.7212753, -0.55487597, 0.41457757), (-0.87799335, -0.4786715, -0.0011932516), (-0.8808518, -0.4733901, 0.0014757366), (-0.7212753, -0.55487597, 0.41457757), (-0.6855319, -0.6208057, 0.3803241), (-0.7212753, -0.55487597, 0.41457757), (-0.25854537, -0.48595938, 0.83486396), (-0.7212753, -0.55487597, 0.41457757), (-0.6855319, -0.6208057, 0.3803241), (-0.87799335, -0.4786715, -0.0011932516), (-0.25854537, -0.48595938, 0.83486396), (-0.19025373, -0.6122503, 0.76743275), (-0.6855319, -0.6208057, 0.3803241), (-0.8753765, -0.48341745, -0.004851755), (-0.87799335, -0.4786715, -0.0011932516), (-0.6855319, -0.6208057, 0.3803241), (-0.6460351, -0.68282187, 0.34116402), (-0.6855319, -0.6208057, 0.3803241), (-0.19025373, -0.6122503, 0.76743275), (-0.6855319, -0.6208057, 0.3803241), (-0.6460351, -0.68282187, 0.34116402), (-0.8753765, -0.48341745, -0.004851755), (-0.19025373, -0.6122503, 0.76743275), (-0.1280051, -0.72453177, 0.6772506), (-0.6460351, -0.68282187, 0.34116402), (-0.87305105, -0.4875382, -0.009412497), (-0.8753765, -0.48341745, -0.004851755), (-0.6460351, -0.68282187, 0.34116402), (-0.62009305, -0.73329216, 0.27886775), (-0.6460351, -0.68282187, 0.34116402), (-0.1280051, -0.72453177, 0.6772506), (-0.6460351, -0.68282187, 0.34116402), (-0.62009305, -0.73329216, 0.27886775), (-0.87305105, -0.4875382, -0.009412497), (-0.1280051, -0.72453177, 0.6772506), (-0.07200919, -0.82237273, 0.5643738), (-0.62009305, -0.73329216, 0.27886775), (-0.8711153, -0.49085855, -0.014702675), (-0.87305105, -0.4875382, -0.009412497), (-0.62009305, -0.73329216, 0.27886775), (-0.5811121, -0.7831972, 0.22115792), (-0.62009305, -0.73329216, 0.27886775), (-0.07200919, -0.82237273, 0.5643738), (-0.62009305, -0.73329216, 0.27886775), (-0.5811121, -0.7831972, 0.22115792), (-0.8711153, -0.49085855, -0.014702675), (-0.07200919, -0.82237273, 0.5643738), (-0.027504265, -0.8994326, 0.43619323), (-0.5811121, -0.7831972, 0.22115792), (-0.8696028, -0.49332184, -0.020604895), (-0.8711153, -0.49085855, -0.014702675), (-0.5811121, -0.7831972, 0.22115792), (-0.57104564, -0.80921257, 0.13813727), (-0.5811121, -0.7831972, 0.22115792), (-0.027504265, -0.8994326, 0.43619323), (-0.5811121, -0.7831972, 0.22115792), (-0.57104564, -0.80921257, 0.13813727), (-0.8696028, -0.49332184, -0.020604895), (-0.027504265, -0.8994326, 0.43619323), (0.007531462, -0.9564846, 0.29168552), (-0.57104564, -0.80921257, 0.13813727), (-0.86858153, -0.49481624, -0.02688831), (-0.8696028, -0.49332184, -0.020604895), (-0.57104564, -0.80921257, 0.13813727), (-0.568801, -0.8206172, 0.055251885), (-0.57104564, -0.80921257, 0.13813727), (0.007531462, -0.9564846, 0.29168552), (-0.57104564, -0.80921257, 0.13813727), (-0.568801, -0.8206172, 0.055251885), (-0.86858153, -0.49481624, -0.02688831), (0.007531462, -0.9564846, 0.29168552), (0.030911999, -0.9895565, 0.14079209), (-0.568801, -0.8206172, 0.055251885), (-0.8680652, -0.4953243, -0.033419758), (-0.86858153, -0.49481624, -0.02688831), (-0.568801, -0.8206172, 0.055251885), (-0.56268615, -0.82623696, -0.026776431), (-0.568801, -0.8206172, 0.055251885), (0.030911999, -0.9895565, 0.14079209), (-0.568801, -0.8206172, 0.055251885), (-0.56268615, -0.82623696, -0.026776431), (-0.8680652, -0.4953243, -0.033419758), (0.030911999, -0.9895565, 0.14079209), (0.041917346, -0.9989859, -0.016433733), (-0.56268615, -0.82623696, -0.026776431), (-0.8680818, -0.4948121, -0.03993862), (-0.8680652, -0.4953243, -0.033419758), (-0.56268615, -0.82623696, -0.026776431), (-0.5632986, -0.81907934, -0.108645625), (-0.56268615, -0.82623696, -0.026776431), (0.041917346, -0.9989859, -0.016433733), (-0.56268615, -0.82623696, -0.026776431), (-0.5632986, -0.81907934, -0.108645625), (-0.8680818, -0.4948121, -0.03993862), (0.041917346, -0.9989859, -0.016433733), (0.040115524, -0.9840431, -0.17334887), (-0.5632986, -0.81907934, -0.108645625), (-0.8686231, -0.4933045, -0.04631194), (-0.8680818, -0.4948121, -0.03993862), (-0.5632986, -0.81907934, -0.108645625), (-0.57046276, -0.7994248, -0.18839368), (-0.5632986, -0.81907934, -0.108645625), (0.040115524, -0.9840431, -0.17334887), (-0.5632986, -0.81907934, -0.108645625), (-0.57046276, -0.7994248, -0.18839368), (-0.8686231, -0.4933045, -0.04631194), (0.040115524, -0.9840431, -0.17334887), (0.025717981, -0.94512755, -0.3256878), (-0.57046276, -0.7994248, -0.18839368), (-0.8696753, -0.4908481, -0.05228005), (-0.8686231, -0.4933045, -0.04631194), (-0.57046276, -0.7994248, -0.18839368), (-0.58405685, -0.7679036, -0.26306206), (-0.57046276, -0.7994248, -0.18839368), (0.025717981, -0.94512755, -0.3256878), (-0.57046276, -0.7994248, -0.18839368), (-0.58405685, -0.7679036, -0.26306206), (-0.8696753, -0.4908481, -0.05228005), (0.025717981, -0.94512755, -0.3256878), (-0.0009806469, -0.8835554, -0.46832585), (-0.58405685, -0.7679036, -0.26306206), (-0.8712089, -0.48750663, -0.05772673), (-0.8696753, -0.4908481, -0.05228005), (-0.58405685, -0.7679036, -0.26306206), (-0.6015475, -0.72526973, -0.33484998), (-0.58405685, -0.7679036, -0.26306206), (-0.0009806469, -0.8835554, -0.46832585), (-0.58405685, -0.7679036, -0.26306206), (-0.6015475, -0.72526973, -0.33484998), (-0.8712089, -0.48750663, -0.05772673), (-0.0009806469, -0.8835554, -0.46832585), (-0.008497153, -0.7916565, -0.6109074), (-0.6015475, -0.72526973, -0.33484998), (-0.86035687, -0.50234896, -0.08620781), (-0.8712089, -0.48750663, -0.05772673), (-0.6015475, -0.72526973, -0.33484998), (-0.58777815, -0.6864067, -0.42820883), (-0.6015475, -0.72526973, -0.33484998), (-0.008497153, -0.7916565, -0.6109074), (-0.6015475, -0.72526973, -0.33484998), (-0.58777815, -0.6864067, -0.42820883), (-0.86035687, -0.50234896, -0.08620781), (-0.86144334, -0.4969879, -0.10449158), (-0.86035687, -0.50234896, -0.08620781), (-0.58777815, -0.6864067, -0.42820883), (-0.58777815, -0.6864067, -0.42820883), (-0.58466226, -0.62660825, -0.5152984), (-0.86144334, -0.4969879, -0.10449158), (-0.8571514, -0.49600384, -0.13882273), (-0.86144334, -0.4969879, -0.10449158), (-0.58466226, -0.62660825, -0.5152984), (-0.58466226, -0.62660825, -0.5152984), (-0.57902974, -0.5450407, -0.6063458), (-0.8571514, -0.49600384, -0.13882273), (-0.863429, -0.4782016, -0.16066623), (-0.8571514, -0.49600384, -0.13882273), (-0.57902974, -0.5450407, -0.6063458), (-0.57902974, -0.5450407, -0.6063458), (-0.6171459, -0.44214657, -0.6508743), (-0.863429, -0.4782016, -0.16066623), (-0.8737039, -0.4583408, -0.16298836), (-0.863429, -0.4782016, -0.16066623), (-0.6171459, -0.44214657, -0.6508743), (-0.6171459, -0.44214657, -0.6508743), (-0.667828, -0.34443405, -0.65982646), (-0.8737039, -0.4583408, -0.16298836), (-0.8841757, -0.43838322, -0.1614115), (-0.8737039, -0.4583408, -0.16298836), (-0.667828, -0.34443405, -0.65982646), (-0.667828, -0.34443405, -0.65982646), (-0.71901625, -0.24698941, -0.6496245), (-0.8841757, -0.43838322, -0.1614115), (-0.89442927, -0.41913745, -0.15594955), (-0.8841757, -0.43838322, -0.1614115), (-0.71901625, -0.24698941, -0.6496245), (-0.71901625, -0.24698941, -0.6496245), (-0.7691945, -0.15304527, -0.62041694), (-0.89442927, -0.41913745, -0.15594955), (-0.9042526, -0.40098304, -0.1467653), (-0.89442927, -0.41913745, -0.15594955), (-0.7691945, -0.15304527, -0.62041694), (-0.7691945, -0.15304527, -0.62041694), (-0.8160239, -0.063982904, -0.5744661), (-0.9042526, -0.40098304, -0.1467653), (-0.91431093, -0.3794707, -0.14155382), (-0.9042526, -0.40098304, -0.1467653), (-0.8160239, -0.063982904, -0.5744661), (-0.8160239, -0.063982904, -0.5744661), (-0.86149025, 0.030263674, -0.50687146), (-0.91431093, -0.3794707, -0.14155382), (-0.91009176, -0.40640345, -0.081050985), (-0.91431093, -0.3794707, -0.14155382), (-0.86149025, 0.030263674, -0.50687146), (-0.86149025, 0.030263674, -0.50687146), (-0.952635, -0.121226154, -0.27891004), (-0.91009176, -0.40640345, -0.081050985), (-0.86149025, 0.030263674, -0.50687146), (-0.68073255, 0.42225435, -0.5985854), (-0.952635, -0.121226154, -0.27891004), (-0.89976525, -0.4330927, -0.05341738), (-0.91009176, -0.40640345, -0.081050985), (-0.952635, -0.121226154, -0.27891004), (-0.9596482, -0.02066093, -0.28044334), (-0.952635, -0.121226154, -0.27891004), (-0.68073255, 0.42225435, -0.5985854), (-0.952635, -0.121226154, -0.27891004), (-0.9596482, -0.02066093, -0.28044334), (-0.89976525, -0.4330927, -0.05341738), (-0.68073255, 0.42225435, -0.5985854), (-0.72619647, 0.5062004, -0.46518824), (-0.9596482, -0.02066093, -0.28044334), (-0.9012771, -0.4306298, -0.04751511), (-0.89976525, -0.4330927, -0.05341738), (-0.9596482, -0.02066093, -0.28044334), (-0.9802393, -0.0001432292, -0.19781591), (-0.9596482, -0.02066093, -0.28044334), (-0.72619647, 0.5062004, -0.46518824), (-0.9596482, -0.02066093, -0.28044334), (-0.9802393, -0.0001432292, -0.19781591), (-0.9012771, -0.4306298, -0.04751511), (-0.72619647, 0.5062004, -0.46518824), (-0.761707, 0.56299335, -0.3206885), (-0.9802393, -0.0001432292, -0.19781591), (-0.9022985, -0.4291357, -0.04123169), (-0.9012771, -0.4306298, -0.04751511), (-0.9802393, -0.0001432292, -0.19781591), (-0.9933098, 0.005607711, -0.115344316), (-0.9802393, -0.0001432292, -0.19781591), (-0.761707, 0.56299335, -0.3206885), (-0.9802393, -0.0001432292, -0.19781591), (-0.9933098, 0.005607711, -0.115344316), (-0.9022985, -0.4291357, -0.04123169), (-0.761707, 0.56299335, -0.3206885), (-0.7845754, 0.5963347, -0.16978331), (-0.9933098, 0.005607711, -0.115344316), (-0.90281487, -0.42862725, -0.034700368), (-0.9022985, -0.4291357, -0.04123169), (-0.9933098, 0.005607711, -0.115344316), (-0.99938184, 0.011243007, -0.033311274), (-0.9933098, 0.005607711, -0.115344316), (-0.7845754, 0.5963347, -0.16978331), (-0.9933098, 0.005607711, -0.115344316), (-0.99938184, 0.011243007, -0.033311274), (-0.90281487, -0.42862725, -0.034700368), (-0.7845754, 0.5963347, -0.16978331), (-0.79551446, 0.6058044, -0.012556951), (-0.99938184, 0.011243007, -0.033311274), (-0.9027988, -0.4291391, -0.028181529), (-0.90281487, -0.42862725, -0.034700368), (-0.99938184, 0.011243007, -0.033311274), (-0.99881214, 0.004067517, 0.0485579), (-0.99938184, 0.011243007, -0.033311274), (-0.79551446, 0.6058044, -0.012556951), (-0.99938184, 0.011243007, -0.033311274), (-0.99881214, 0.004067517, 0.0485579), (-0.9027988, -0.4291391, -0.028181529), (-0.79551446, 0.6058044, -0.012556951), (-0.7937818, 0.59082216, 0.1443592), (-0.99881214, 0.004067517, 0.0485579), (-0.90225726, -0.43064648, -0.021808138), (-0.9027988, -0.4291391, -0.028181529), (-0.99881214, 0.004067517, 0.0485579), (-0.99161196, -0.015565707, 0.12830997), (-0.99881214, 0.004067517, 0.0485579), (-0.7937818, 0.59082216, 0.1443592), (-0.99881214, 0.004067517, 0.0485579), (-0.99161196, -0.015565707, 0.12830997), (-0.90225726, -0.43064648, -0.021808138), (-0.7937818, 0.59082216, 0.1443592), (-0.7789483, 0.5518068, 0.29790735), (-0.99161196, -0.015565707, 0.12830997), (-0.9012055, -0.4331025, -0.015839916), (-0.90225726, -0.43064648, -0.021808138), (-0.99161196, -0.015565707, 0.12830997), (-0.9766785, -0.02444141, 0.21331158), (-0.99161196, -0.015565707, 0.12830997), (-0.7789483, 0.5518068, 0.29790735), (-0.99161196, -0.015565707, 0.12830997), (-0.9766785, -0.02444141, 0.21331158), (-0.9012055, -0.4331025, -0.015839916), (-0.7789483, 0.5518068, 0.29790735), (-0.75271416, 0.49031338, 0.4393338), (-0.9766785, -0.02444141, 0.21331158), (-0.899671, -0.4364449, -0.010393189), (-0.9012055, -0.4331025, -0.015839916), (-0.9766785, -0.02444141, 0.21331158), (-0.95713234, -0.07955976, 0.27851054), (-0.9766785, -0.02444141, 0.21331158), (-0.75271416, 0.49031338, 0.4393338), (-0.9766785, -0.02444141, 0.21331158), (-0.95713234, -0.07955976, 0.27851054), (-0.899671, -0.4364449, -0.010393189), (-0.75271416, 0.49031338, 0.4393338), (-0.714355, 0.4061297, 0.5698734), (-0.95713234, -0.07955976, 0.27851054), (-0.8977103, -0.44054955, -0.005696157), (-0.899671, -0.4364449, -0.010393189), (-0.95713234, -0.07955976, 0.27851054), (-0.9321822, -0.1340147, 0.33626834), (-0.95713234, -0.07955976, 0.27851054), (-0.714355, 0.4061297, 0.5698734), (-0.95713234, -0.07955976, 0.27851054), (-0.9321822, -0.1340147, 0.33626834), (-0.8977103, -0.44054955, -0.005696157), (-0.714355, 0.4061297, 0.5698734), (-0.66628397, 0.30698404, 0.67957824), (-0.9321822, -0.1340147, 0.33626834), (-0.8953683, -0.44532278, -0.001833371), (-0.8977103, -0.44054955, -0.005696157), (-0.9321822, -0.1340147, 0.33626834), (-0.902818, -0.19895819, 0.38122892), (-0.9321822, -0.1340147, 0.33626834), (-0.66628397, 0.30698404, 0.67957824), (-0.9321822, -0.1340147, 0.33626834), (-0.902818, -0.19895819, 0.38122892), (-0.8953683, -0.44532278, -0.001833371), (-0.8860669, -0.4623026, -0.034084175), (-0.8860669, -0.4623026, -0.034084175), (-0.8860669, -0.4623026, -0.034084175), (-0.8860669, -0.4623026, -0.034084175), (-0.8860669, -0.4623026, -0.034084175), (-0.8860669, -0.4623026, -0.034084175), (-0.8860669, -0.4623026, -0.034084175), (-0.8860669, -0.4623026, -0.034084175), (-0.8860669, -0.4623026, -0.034084175), (-0.8860669, -0.4623026, -0.034084175), (-0.8860669, -0.4623026, -0.034084175), (-0.8860669, -0.4623026, -0.034084175), (-0.8860669, -0.4623026, -0.034084175), (-0.8860669, -0.4623026, -0.034084175), (-0.8860669, -0.4623026, -0.034084175), (-0.8860669, -0.4623026, -0.034084175), (-0.8860669, -0.4623026, -0.034084175), (-0.8860669, -0.4623026, -0.034084175), (-0.8860669, -0.4623026, -0.034084175), (-0.8860669, -0.4623026, -0.034084175), (-0.8860669, -0.4623026, -0.034084175), (-0.8860669, -0.4623026, -0.034084175), (-0.8860669, -0.4623026, -0.034084175), (-0.8860669, -0.4623026, -0.034084175), (-0.8860669, -0.4623026, -0.034084175), (-0.8860669, -0.4623026, -0.034084175), (-0.8860669, -0.4623026, -0.034084175), (-0.8860669, -0.4623026, -0.034084175), (-0.8860669, -0.4623026, -0.034084175), (-0.8860669, -0.4623026, -0.034084175), (-0.8860669, -0.4623026, -0.034084175), (-0.8860669, -0.4623026, -0.034084175), (-0.8860669, -0.4623026, -0.034084175), (-0.8860669, -0.4623026, -0.034084175), (-0.8860669, -0.4623026, -0.034084175), (-0.8860669, -0.4623026, -0.034084175), (-0.8860669, -0.4623026, -0.034084175), (-0.8860669, -0.4623026, -0.034084175), (-0.8860669, -0.4623026, -0.034084175), (-0.8860669, -0.4623026, -0.034084175), (-0.8860669, -0.4623026, -0.034084175), (-0.8860669, -0.4623026, -0.034084175), (-0.8860669, -0.4623026, -0.034084175), (-0.8860669, -0.4623026, -0.034084175), (-0.8860669, -0.4623026, -0.034084175), (-0.8860669, -0.4623026, -0.034084175), (-0.8860669, -0.4623026, -0.034084175), (-0.8860669, -0.4623026, -0.034084175), (-0.8860669, -0.4623026, -0.034084175), (-0.8860669, -0.4623026, -0.034084175), (-0.8860669, -0.4623026, -0.034084175), (-0.8860669, -0.4623026, -0.034084175), (-0.8860669, -0.4623026, -0.034084175), (-0.8860669, -0.4623026, -0.034084175), (-0.8860669, -0.4623026, -0.034084175), (-0.8860669, -0.4623026, -0.034084175), (-0.8860669, -0.4623026, -0.034084175), (-0.8860669, -0.4623026, -0.034084175), (-0.8860669, -0.4623026, -0.034084175), (-0.8860669, -0.4623026, -0.034084175), (-0.8860669, -0.4623026, -0.034084175), (-0.8860669, -0.4623026, -0.034084175), (-0.8860669, -0.4623026, -0.034084175), (-0.8860669, -0.4623026, -0.034084175), (-0.8860669, -0.4623026, -0.034084175), (-0.8860669, -0.4623026, -0.034084175), (-0.8860669, -0.4623026, -0.034084175), (-0.8860669, -0.4623026, -0.034084175), (-0.8860669, -0.4623026, -0.034084175), (-0.8860669, -0.4623026, -0.034084175), (-0.8860669, -0.4623026, -0.034084175), (-0.8860669, -0.4623026, -0.034084175), (-0.8860669, -0.4623026, -0.034084175), (-0.8860669, -0.4623026, -0.034084175), (-0.8860669, -0.4623026, -0.034084175), (-0.8860669, -0.4623026, -0.034084175), (-0.8860669, -0.4623026, -0.034084175), (-0.8860669, -0.4623026, -0.034084175), (-0.8860669, -0.4623026, -0.034084175), (-0.8860669, -0.4623026, -0.034084175), (-0.8860669, -0.4623026, -0.034084175), (-0.8860669, -0.4623026, -0.034084175), (-0.8860669, -0.4623026, -0.034084175), (-0.8860669, -0.4623026, -0.034084175), (-0.8860669, -0.4623026, -0.034084175), (-0.8860669, -0.4623026, -0.034084175), (-0.8860669, -0.4623026, -0.034084175), (-0.8860669, -0.4623026, -0.034084175), (-0.8860669, -0.4623026, -0.034084175), (-0.8860669, -0.4623026, -0.034084175), (-0.8860669, -0.4623026, -0.034084175), (-0.8860669, -0.4623026, -0.034084175), (-0.8860669, -0.4623026, -0.034084175), (-0.8860669, -0.4623026, -0.034084175), (-0.8860669, -0.4623026, -0.034084175), (-0.8860669, -0.4623026, -0.034084175), (-0.8860669, -0.4623026, -0.034084175), (-0.8860669, -0.4623026, -0.034084175), (-0.8860669, -0.4623026, -0.034084175), (-0.8860669, -0.4623026, -0.034084175), (-0.8860669, -0.4623026, -0.034084175), (-0.8860669, -0.4623026, -0.034084175), (-0.8860669, -0.4623026, -0.034084175), (-0.8860669, -0.4623026, -0.034084175), (-0.8860669, -0.4623026, -0.034084175), (-0.8860669, -0.4623026, -0.034084175), (-0.8860669, -0.4623026, -0.034084175), (-0.8860669, -0.4623026, -0.034084175), (-0.8860669, -0.4623026, -0.034084175), (-0.8860669, -0.4623026, -0.034084175), (-0.8860669, -0.4623026, -0.034084175), (-0.8860669, -0.4623026, -0.034084175), (-0.8860669, -0.4623026, -0.034084175), (-0.8860669, -0.4623026, -0.034084175), (-0.8860669, -0.4623026, -0.034084175), (-0.8860669, -0.4623026, -0.034084175), (-0.8860669, -0.4623026, -0.034084175), (-0.8860669, -0.4623026, -0.034084175), (-0.8860669, -0.4623026, -0.034084175), (-0.8860669, -0.4623026, -0.034084175), (-0.8860669, -0.4623026, -0.034084175), (-0.8860669, -0.4623026, -0.034084175), (-0.8860669, -0.4623026, -0.034084175), (-0.8860669, -0.4623026, -0.034084175), (-0.8860669, -0.4623026, -0.034084175), (-0.8860669, -0.4623026, -0.034084175), (-0.8860669, -0.4623026, -0.034084175), (-0.8860669, -0.4623026, -0.034084175), (-0.8860669, -0.4623026, -0.034084175), (-0.8860669, -0.4623026, -0.034084175), (-0.8860669, -0.4623026, -0.034084175), (-0.8860669, -0.4623026, -0.034084175), (-0.8860669, -0.4623026, -0.034084175), (-0.8860669, -0.4623026, -0.034084175), (-0.8860669, -0.4623026, -0.034084175), (-0.8860669, -0.4623026, -0.034084175), (-0.8860669, -0.4623026, -0.034084175), (-0.8860669, -0.4623026, -0.034084175), (-0.8860669, -0.4623026, -0.034084175), (-0.8860669, -0.4623026, -0.034084175), (-0.8860669, -0.4623026, -0.034084175), (-0.8860669, -0.4623026, -0.034084175), (-0.8860669, -0.4623026, -0.034084175), (-0.8860669, -0.4623026, -0.034084175), (-0.8860669, -0.4623026, -0.034084175), (-0.8860669, -0.4623026, -0.034084175), (-0.8860669, -0.4623026, -0.034084175), (-0.8860669, -0.4623026, -0.034084175), (-0.8860669, -0.4623026, -0.034084175), (-0.8860669, -0.4623026, -0.034084175), (-0.8860669, -0.4623026, -0.034084175), (-0.8860669, -0.4623026, -0.034084175), (-0.8860669, -0.4623026, -0.034084175), (-0.8860669, -0.4623026, -0.034084175), (-0.8860669, -0.4623026, -0.034084175), (-0.8860669, -0.4623026, -0.034084175), (-0.8860669, -0.4623026, -0.034084175), (-0.8860669, -0.4623026, -0.034084175), (-0.8860669, -0.4623026, -0.034084175), (-0.8860669, -0.4623026, -0.034084175), (-0.8860669, -0.4623026, -0.034084175), (-0.8860669, -0.4623026, -0.034084175), (-0.8860669, -0.4623026, -0.034084175), (-0.8860669, -0.4623026, -0.034084175), (-0.8860669, -0.4623026, -0.034084175), (-0.8860669, -0.4623026, -0.034084175), (-0.8860669, -0.4623026, -0.034084175), (-0.8860669, -0.4623026, -0.034084175), (-0.8860669, -0.4623026, -0.034084175), (-0.8860669, -0.4623026, -0.034084175), (-0.8860669, -0.4623026, -0.034084175), (-0.8860669, -0.4623026, -0.034084175), (-0.8860669, -0.4623026, -0.034084175), (-0.8860669, -0.4623026, -0.034084175), (-0.8860669, -0.4623026, -0.034084175), (-0.8860669, -0.4623026, -0.034084175), (-0.8860669, -0.4623026, -0.034084175), (-0.8860669, -0.4623026, -0.034084175), (-0.8860669, -0.4623026, -0.034084175), (-0.8860669, -0.4623026, -0.034084175), (-0.8860669, -0.4623026, -0.034084175), (-0.8860669, -0.4623026, -0.034084175), (-0.8860669, -0.4623026, -0.034084175), (-0.8860669, -0.4623026, -0.034084175), (-0.8860669, -0.4623026, -0.034084175), (-0.8860669, -0.4623026, -0.034084175), (-0.8860669, -0.4623026, -0.034084175), (-0.8860669, -0.4623026, -0.034084175), (-0.8860669, -0.4623026, -0.034084175), (-0.8860669, -0.4623026, -0.034084175), (-0.8860669, -0.4623026, -0.034084175), (-0.8860669, -0.4623026, -0.034084175), (-0.8860669, -0.4623026, -0.034084175), (-0.8860669, -0.4623026, -0.034084175), (-0.8860669, -0.4623026, -0.034084175), (-0.8860669, -0.4623026, -0.034084175), (-0.8860669, -0.4623026, -0.034084175), (-0.8860669, -0.4623026, -0.034084175), (-0.8860669, -0.4623026, -0.034084175), (-0.8860669, -0.4623026, -0.034084175), (-0.8860669, -0.4623026, -0.034084175), (-0.8860669, -0.4623026, -0.034084175), (-0.8860669, -0.4623026, -0.034084175), (-0.8860669, -0.4623026, -0.034084175), (-0.8860669, -0.4623026, -0.034084175), (-0.8860669, -0.4623026, -0.034084175), (-0.8860669, -0.4623026, -0.034084175), (-0.8860669, -0.4623026, -0.034084175), (-0.8860669, -0.4623026, -0.034084175), (-0.8860669, -0.4623026, -0.034084175), (-0.8860669, -0.4623026, -0.034084175), (-0.8860669, -0.4623026, -0.034084175), (-0.8860669, -0.4623026, -0.034084175), (-0.8860669, -0.4623026, -0.034084175), (-0.8860669, -0.4623026, -0.034084175), (-0.8860669, -0.4623026, -0.034084175), (-0.8860669, -0.4623026, -0.034084175), (-0.8860669, -0.4623026, -0.034084175), (-0.8860669, -0.4623026, -0.034084175), (-0.8860669, -0.4623026, -0.034084175), (-0.8860669, -0.4623026, -0.034084175), (-0.8860669, -0.4623026, -0.034084175), (-0.8860669, -0.4623026, -0.034084175), (-0.8860669, -0.4623026, -0.034084175), (-0.8860669, -0.4623026, -0.034084175), (-0.8860669, -0.4623026, -0.034084175), (-0.8860669, -0.4623026, -0.034084175), (-0.8860669, -0.4623026, -0.034084175), (-0.8860669, -0.4623026, -0.034084175), (-0.8860669, -0.4623026, -0.034084175), (-0.8860669, -0.4623026, -0.034084175), (-0.8860669, -0.4623026, -0.034084175), (-0.8860669, -0.4623026, -0.034084175), (-0.8860669, -0.4623026, -0.034084175), (-0.8860669, -0.4623026, -0.034084175), (-0.8860669, -0.4623026, -0.034084175), (-0.8860669, -0.4623026, -0.034084175), (-0.8860669, -0.4623026, -0.034084175), (-0.8860669, -0.4623026, -0.034084175), (-0.8860669, -0.4623026, -0.034084175), (-0.8860669, -0.4623026, -0.034084175), (-0.8860669, -0.4623026, -0.034084175), (-0.8860669, -0.4623026, -0.034084175), (-0.8860669, -0.4623026, -0.034084175), (-0.8860669, -0.4623026, -0.034084175), (-0.8860669, -0.4623026, -0.034084175), (-0.8860669, -0.4623026, -0.034084175), (-0.8860669, -0.4623026, -0.034084175), (-0.8860669, -0.4623026, -0.034084175), (-0.8860669, -0.4623026, -0.034084175), (-0.8860669, -0.4623026, -0.034084175), (-0.8860669, -0.4623026, -0.034084175), (-0.8860669, -0.4623026, -0.034084175), (-0.8860669, -0.4623026, -0.034084175), (-0.8860669, -0.4623026, -0.034084175), (-0.8860669, -0.4623026, -0.034084175), (-0.8860669, -0.4623026, -0.034084175), (-0.8860669, -0.4623026, -0.034084175), (-0.8860669, -0.4623026, -0.034084175), (-0.8860669, -0.4623026, -0.034084175), (-0.8860669, -0.4623026, -0.034084175), (-0.8860669, -0.4623026, -0.034084175), (-0.8860669, -0.4623026, -0.034084175), (-0.8860669, -0.4623026, -0.034084175), (-0.8860669, -0.4623026, -0.034084175), (-0.8860669, -0.4623026, -0.034084175), (-0.8860669, -0.4623026, -0.034084175), (-0.8860669, -0.4623026, -0.034084175), (-0.8860669, -0.4623026, -0.034084175), (-0.8860669, -0.4623026, -0.034084175), (-0.8860669, -0.4623026, -0.034084175), (-0.8860669, -0.4623026, -0.034084175), (-0.8860669, -0.4623026, -0.034084175), (-0.8860669, -0.4623026, -0.034084175), (-0.8860669, -0.4623026, -0.034084175), (-0.8860669, -0.4623026, -0.034084175), (-0.8860669, -0.4623026, -0.034084175), (-0.8860669, -0.4623026, -0.034084175), (-0.8860669, -0.4623026, -0.034084175), (-0.8860669, -0.4623026, -0.034084175), (-0.8860669, -0.4623026, -0.034084175), (-0.8860669, -0.4623026, -0.034084175), (-0.8860669, -0.4623026, -0.034084175), (-0.8860669, -0.4623026, -0.034084175), (-0.8860669, -0.4623026, -0.034084175), (-0.8860669, -0.4623026, -0.034084175), (-0.8860669, -0.4623026, -0.034084175), (-0.8860669, -0.4623026, -0.034084175), (-0.8860669, -0.4623026, -0.034084175), (-0.8860669, -0.4623026, -0.034084175), (-0.8860669, -0.4623026, -0.034084175), (-0.8860669, -0.4623026, -0.034084175), (-0.8860669, -0.4623026, -0.034084175), (-0.8860669, -0.4623026, -0.034084175), (-0.8860669, -0.4623026, -0.034084175), (-0.8860669, -0.4623026, -0.034084175), (-0.8860669, -0.4623026, -0.034084175), (-0.8860669, -0.4623026, -0.034084175), (-0.8860669, -0.4623026, -0.034084175), (-0.8860669, -0.4623026, -0.034084175), (-0.8860669, -0.4623026, -0.034084175), (-0.8860669, -0.4623026, -0.034084175), (-0.8860669, -0.4623026, -0.034084175), (-0.8860669, -0.4623026, -0.034084175), (-0.8860669, -0.4623026, -0.034084175), (-0.8860669, -0.4623026, -0.034084175), (-0.8860669, -0.4623026, -0.034084175), (-0.8860669, -0.4623026, -0.034084175), (-0.8860669, -0.4623026, -0.034084175), (-0.8860669, -0.4623026, -0.034084175), (-0.8860669, -0.4623026, -0.034084175), (-0.8860669, -0.4623026, -0.034084175), (-0.8860669, -0.4623026, -0.034084175), (-0.8860669, -0.4623026, -0.034084175), (-0.8860669, -0.4623026, -0.034084175), (-0.8860669, -0.4623026, -0.034084175), (-0.8860669, -0.4623026, -0.034084175), (-0.8860669, -0.4623026, -0.034084175), (-0.8860669, -0.4623026, -0.034084175), (-0.8860669, -0.4623026, -0.034084175), (-0.8860669, -0.4623026, -0.034084175), (-0.8860669, -0.4623026, -0.034084175), (-0.8860669, -0.4623026, -0.034084175), (-0.8860669, -0.4623026, -0.034084175), (-0.8860669, -0.4623026, -0.034084175), (-0.8860669, -0.4623026, -0.034084175), (-0.8860669, -0.4623026, -0.034084175), (-0.8860669, -0.4623026, -0.034084175), (-0.8860669, -0.4623026, -0.034084175), (-0.8860669, -0.4623026, -0.034084175), (-0.8860669, -0.4623026, -0.034084175), (-0.8860669, -0.4623026, -0.034084175), (-0.8860669, -0.4623026, -0.034084175), (-0.8860669, -0.4623026, -0.034084175), (-0.8860669, -0.4623026, -0.034084175), (-0.8860669, -0.4623026, -0.034084175), (-0.8860669, -0.4623026, -0.034084175), (-0.8860669, -0.4623026, -0.034084175), (-0.8860669, -0.4623026, -0.034084175), (-0.8860669, -0.4623026, -0.034084175), (-0.8860669, -0.4623026, -0.034084175), (-0.8860669, -0.4623026, -0.034084175), (-0.8860669, -0.4623026, -0.034084175), (-0.8860669, -0.4623026, -0.034084175), (-0.8860669, -0.4623026, -0.034084175), (-0.8860669, -0.4623026, -0.034084175), (-0.8860669, -0.4623026, -0.034084175), (-0.8860669, -0.4623026, -0.034084175), (-0.8860669, -0.4623026, -0.034084175), (-0.8860669, -0.4623026, -0.034084175), (-0.8860669, -0.4623026, -0.034084175), (-0.8860669, -0.4623026, -0.034084175), (-0.8860669, -0.4623026, -0.034084175), (-0.8860669, -0.4623026, -0.034084175), (-0.8860669, -0.4623026, -0.034084175), (-0.8860669, -0.4623026, -0.034084175), (-0.8860669, -0.4623026, -0.034084175), (-0.8860669, -0.4623026, -0.034084175), (-0.8860669, -0.4623026, -0.034084175), (-0.8860669, -0.4623026, -0.034084175), (-0.8860669, -0.4623026, -0.034084175), (-0.8860669, -0.4623026, -0.034084175), (-0.8860669, -0.4623026, -0.034084175), (-0.8860669, -0.4623026, -0.034084175), (-0.8860669, -0.4623026, -0.034084175), (-0.8860669, -0.4623026, -0.034084175), (-0.8860669, -0.4623026, -0.034084175), (-0.8860669, -0.4623026, -0.034084175), (-0.8860669, -0.4623026, -0.034084175), (-0.8860669, -0.4623026, -0.034084175), (-0.8860669, -0.4623026, -0.034084175), (-0.8860669, -0.4623026, -0.034084175), (-0.8860669, -0.4623026, -0.034084175), (-0.8860669, -0.4623026, -0.034084175), (-0.8860669, -0.4623026, -0.034084175), (-0.8860669, -0.4623026, -0.034084175), (-0.8860669, -0.4623026, -0.034084175), (-0.8860669, -0.4623026, -0.034084175), (-0.8860669, -0.4623026, -0.034084175), (-0.8860669, -0.4623026, -0.034084175), (-0.8860669, -0.4623026, -0.034084175), (-0.8860669, -0.4623026, -0.034084175), (-0.8860669, -0.4623026, -0.034084175), (-0.8860669, -0.4623026, -0.034084175), (-0.8860669, -0.4623026, -0.034084175), (-0.8860669, -0.4623026, -0.034084175), (-0.8860669, -0.4623026, -0.034084175), (-0.8860669, -0.4623026, -0.034084175), (-0.8860669, -0.4623026, -0.034084175), (-0.8860669, -0.4623026, -0.034084175), (-0.8860669, -0.4623026, -0.034084175), (-0.8860669, -0.4623026, -0.034084175), (-0.8860669, -0.4623026, -0.034084175), (-0.8860669, -0.4623026, -0.034084175), (-0.8860669, -0.4623026, -0.034084175), (-0.8860669, -0.4623026, -0.034084175), (-0.8860669, -0.4623026, -0.034084175), (-0.8860669, -0.4623026, -0.034084175), (-0.8860669, -0.4623026, -0.034084175), (-0.8860669, -0.4623026, -0.034084175), (-0.8860669, -0.4623026, -0.034084175), (-0.8860669, -0.4623026, -0.034084175), (-0.8860669, -0.4623026, -0.034084175), (-0.8860669, -0.4623026, -0.034084175), (-0.8860669, -0.4623026, -0.034084175), (-0.8860669, -0.4623026, -0.034084175), (-0.8860669, -0.4623026, -0.034084175), (-0.8860669, -0.4623026, -0.034084175), (-0.8860669, -0.4623026, -0.034084175), (-0.8860669, -0.4623026, -0.034084175), (-0.8860669, -0.4623026, -0.034084175), (-0.8860669, -0.4623026, -0.034084175), (-0.8860669, -0.4623026, -0.034084175), (-0.8860669, -0.4623026, -0.034084175), (-0.8860669, -0.4623026, -0.034084175), (-0.8860669, -0.4623026, -0.034084175), (-0.8860669, -0.4623026, -0.034084175), (-0.8860669, -0.4623026, -0.034084175), (-0.8860669, -0.4623026, -0.034084175), (-0.8860669, -0.4623026, -0.034084175), (-0.8860669, -0.4623026, -0.034084175), (-0.8860669, -0.4623026, -0.034084175), (-0.8860669, -0.4623026, -0.034084175), (-0.8860669, -0.4623026, -0.034084175), (-0.8860669, -0.4623026, -0.034084175), (-0.8860669, -0.4623026, -0.034084175), (-0.8860669, -0.4623026, -0.034084175), (-0.8860669, -0.4623026, -0.034084175), (-0.8860669, -0.4623026, -0.034084175), (-0.8860669, -0.4623026, -0.034084175), (-0.8860669, -0.4623026, -0.034084175), (-0.8860669, -0.4623026, -0.034084175), (-0.8860669, -0.4623026, -0.034084175), (-0.8860669, -0.4623026, -0.034084175), (-0.8860669, -0.4623026, -0.034084175), (-0.8860669, -0.4623026, -0.034084175), (-0.8860669, -0.4623026, -0.034084175), (-0.8860669, -0.4623026, -0.034084175), (-0.8860669, -0.4623026, -0.034084175), (-0.8860669, -0.4623026, -0.034084175), (-0.8860669, -0.4623026, -0.034084175), (-0.8860669, -0.4623026, -0.034084175), (-0.8860669, -0.4623026, -0.034084175), (-0.8860669, -0.4623026, -0.034084175), (-0.8860669, -0.4623026, -0.034084175), (-0.8860669, -0.4623026, -0.034084175), (-0.8860669, -0.4623026, -0.034084175), (-0.8860669, -0.4623026, -0.034084175), (-0.8860669, -0.4623026, -0.034084175), (-0.8860669, -0.4623026, -0.034084175), (-0.8860669, -0.4623026, -0.034084175), (-0.8860669, -0.4623026, -0.034084175), (-0.8860669, -0.4623026, -0.034084175), (-0.8860669, -0.4623026, -0.034084175), (-0.8860669, -0.4623026, -0.034084175), (-0.8860669, -0.4623026, -0.034084175), (-0.8860669, -0.4623026, -0.034084175), (-0.8860669, -0.4623026, -0.034084175), (-0.8860669, -0.4623026, -0.034084175), (-0.8860669, -0.4623026, -0.034084175), (-0.8860669, -0.4623026, -0.034084175), (-0.8860669, -0.4623026, -0.034084175), (-0.8860669, -0.4623026, -0.034084175), (-0.8860669, -0.4623026, -0.034084175), (-0.8860669, -0.4623026, -0.034084175), (-0.8860669, -0.4623026, -0.034084175), (-0.8860669, -0.4623026, -0.034084175), (-0.8860669, -0.4623026, -0.034084175), (-0.8860669, -0.4623026, -0.034084175), (-0.8860669, -0.4623026, -0.034084175), (-0.8860669, -0.4623026, -0.034084175), (-0.8860669, -0.4623026, -0.034084175), (-0.8860669, -0.4623026, -0.034084175), (-0.8860669, -0.4623026, -0.034084175), (-0.8860669, -0.4623026, -0.034084175), (-0.8860669, -0.4623026, -0.034084175), (-0.8860669, -0.4623026, -0.034084175), (-0.8860669, -0.4623026, -0.034084175), (-0.8860669, -0.4623026, -0.034084175), (-0.8860669, -0.4623026, -0.034084175), (-0.8860669, -0.4623026, -0.034084175), (-0.8860669, -0.4623026, -0.034084175), (-0.8860669, -0.4623026, -0.034084175), (-0.8860669, -0.4623026, -0.034084175), (-0.8860669, -0.4623026, -0.034084175), (-0.8860669, -0.4623026, -0.034084175), (-0.8860669, -0.4623026, -0.034084175), (-0.8860669, -0.4623026, -0.034084175), (-0.8860669, -0.4623026, -0.034084175), (-0.8860669, -0.4623026, -0.034084175), (-0.8860669, -0.4623026, -0.034084175), (-0.8860669, -0.4623026, -0.034084175), (-0.8860669, -0.4623026, -0.034084175), (-0.8860669, -0.4623026, -0.034084175), (-0.8860669, -0.4623026, -0.034084175), (-0.8860669, -0.4623026, -0.034084175), (-0.8860669, -0.4623026, -0.034084175), (-0.8860669, -0.4623026, -0.034084175), (-0.8860669, -0.4623026, -0.034084175), (-0.8860669, -0.4623026, -0.034084175), (-0.8860669, -0.4623026, -0.034084175), (-0.8860669, -0.4623026, -0.034084175), (-0.8860669, -0.4623026, -0.034084175), (-0.8860669, -0.4623026, -0.034084175), (-0.8860669, -0.4623026, -0.034084175), (-0.8860669, -0.4623026, -0.034084175), (-0.8860669, -0.4623026, -0.034084175), (-0.8860669, -0.4623026, -0.034084175), (-0.8860669, -0.4623026, -0.034084175), (-0.8860669, -0.4623026, -0.034084175), (-0.8860669, -0.4623026, -0.034084175), (-0.8860669, -0.4623026, -0.034084175), (-0.8860669, -0.4623026, -0.034084175), (-0.8860669, -0.4623026, -0.034084175), (-0.8860669, -0.4623026, -0.034084175), (-0.8860669, -0.4623026, -0.034084175), (-0.8860669, -0.4623026, -0.034084175), (-0.8860669, -0.4623026, -0.034084175), (-0.8860669, -0.4623026, -0.034084175), (-0.8860669, -0.4623026, -0.034084175), (-0.8860669, -0.4623026, -0.034084175), (-0.8860669, -0.4623026, -0.034084175), (-0.8860669, -0.4623026, -0.034084175), (-0.8860669, -0.4623026, -0.034084175), (-0.8860669, -0.4623026, -0.034084175), (-0.8860669, -0.4623026, -0.034084175), (-0.8860669, -0.4623026, -0.034084175), (-0.8860669, -0.4623026, -0.034084175), (-0.8860669, -0.4623026, -0.034084175), (-0.8860669, -0.4623026, -0.034084175), (-0.8860669, -0.4623026, -0.034084175), (-0.8860669, -0.4623026, -0.034084175), (-0.8860669, -0.4623026, -0.034084175), (-0.8860669, -0.4623026, -0.034084175), (-0.8860669, -0.4623026, -0.034084175), (-0.8860669, -0.4623026, -0.034084175), (-0.8860669, -0.4623026, -0.034084175), (-0.8860669, -0.4623026, -0.034084175), (-0.8860669, -0.4623026, -0.034084175), (-0.8860669, -0.4623026, -0.034084175), (-0.8860669, -0.4623026, -0.034084175), (-0.8860669, -0.4623026, -0.034084175), (-0.8860669, -0.4623026, -0.034084175), (-0.8860669, -0.4623026, -0.034084175), (-0.8860669, -0.4623026, -0.034084175), (-0.8860669, -0.4623026, -0.034084175), (-0.8860669, -0.4623026, -0.034084175), (-0.8860669, -0.4623026, -0.034084175), (-0.8860669, -0.4623026, -0.034084175), (-0.8860669, -0.4623026, -0.034084175), (-0.8860669, -0.4623026, -0.034084175), (-0.8860669, -0.4623026, -0.034084175), (-0.8860669, -0.4623026, -0.034084175), (-0.8860669, -0.4623026, -0.034084175), (-0.8860669, -0.4623026, -0.034084175), (-0.8860669, -0.4623026, -0.034084175), (-0.8860669, -0.4623026, -0.034084175), (-0.8860669, -0.4623026, -0.034084175), (-0.8860669, -0.4623026, -0.034084175), (-0.8860669, -0.4623026, -0.034084175), (-0.8860669, -0.4623026, -0.034084175), (-0.8860669, -0.4623026, -0.034084175), (-0.8860669, -0.4623026, -0.034084175), (-0.8860669, -0.4623026, -0.034084175), (-0.8860669, -0.4623026, -0.034084175), (-0.8860669, -0.4623026, -0.034084175), (-0.8860669, -0.4623026, -0.034084175), (-0.8860669, -0.4623026, -0.034084175), (-0.8860669, -0.4623026, -0.034084175), (-0.8860669, -0.4623026, -0.034084175), (-0.8860669, -0.4623026, -0.034084175), (-0.8860669, -0.4623026, -0.034084175), (-0.8860669, -0.4623026, -0.034084175), (-0.8860669, -0.4623026, -0.034084175), (-0.8860669, -0.4623026, -0.034084175), (-0.8860669, -0.4623026, -0.034084175), (-0.8860669, -0.4623026, -0.034084175), (-0.8860669, -0.4623026, -0.034084175), (-0.8860669, -0.4623026, -0.034084175), (-0.8860669, -0.4623026, -0.034084175), (-0.8860669, -0.4623026, -0.034084175), (-0.8860669, -0.4623026, -0.034084175), (-0.8860669, -0.4623026, -0.034084175), (-0.8860669, -0.4623026, -0.034084175), (-0.8860669, -0.4623026, -0.034084175), (-0.8860669, -0.4623026, -0.034084175), (-0.8860669, -0.4623026, -0.034084175), (-0.8860669, -0.4623026, -0.034084175), (-0.8860669, -0.4623026, -0.034084175), (-0.8860669, -0.4623026, -0.034084175), (-0.8860669, -0.4623026, -0.034084175), (-0.8860669, -0.4623026, -0.034084175), (-0.8860669, -0.4623026, -0.034084175), (-0.8860669, -0.4623026, -0.034084175), (-0.8860669, -0.4623026, -0.034084175), (-0.8860669, -0.4623026, -0.034084175), (-0.8860669, -0.4623026, -0.034084175), (-0.8860669, -0.4623026, -0.034084175), (-0.8860669, -0.4623026, -0.034084175), (-0.8860669, -0.4623026, -0.034084175), (-0.8860669, -0.4623026, -0.034084175), (-0.8860669, -0.4623026, -0.034084175), (-0.8860669, -0.4623026, -0.034084175), (-0.8860669, -0.4623026, -0.034084175), (-0.8860669, -0.4623026, -0.034084175), (-0.8860669, -0.4623026, -0.034084175), (-0.8860669, -0.4623026, -0.034084175), (-0.8860669, -0.4623026, -0.034084175), (-0.8860669, -0.4623026, -0.034084175), (-0.8860669, -0.4623026, -0.034084175), (-0.8860669, -0.4623026, -0.034084175), (-0.8860669, -0.4623026, -0.034084175), (-0.8860669, -0.4623026, -0.034084175), (-0.8860669, -0.4623026, -0.034084175), (-0.8860669, -0.4623026, -0.034084175), (-0.8860669, -0.4623026, -0.034084175), (-0.8860669, -0.4623026, -0.034084175), (-0.8860669, -0.4623026, -0.034084175), (-0.8860669, -0.4623026, -0.034084175), (-0.8860669, -0.4623026, -0.034084175), (-0.8860669, -0.4623026, -0.034084175), (-0.8860669, -0.4623026, -0.034084175), (-0.8860669, -0.4623026, -0.034084175), (-0.8860669, -0.4623026, -0.034084175), (-0.8860669, -0.4623026, -0.034084175), (-0.8860669, -0.4623026, -0.034084175), (-0.8860669, -0.4623026, -0.034084175), (-0.8860669, -0.4623026, -0.034084175), (-0.8860669, -0.4623026, -0.034084175), (-0.8860669, -0.4623026, -0.034084175), (-0.8860669, -0.4623026, -0.034084175), (-0.8860669, -0.4623026, -0.034084175), (-0.8860669, -0.4623026, -0.034084175), (-0.8860669, -0.4623026, -0.034084175), (-0.8860669, -0.4623026, -0.034084175), (-0.8860669, -0.4623026, -0.034084175), (-0.8860669, -0.4623026, -0.034084175), (-0.8860669, -0.4623026, -0.034084175), (-0.8860669, -0.4623026, -0.034084175), (-0.8860669, -0.4623026, -0.034084175), (-0.8860669, -0.4623026, -0.034084175), (-0.8860669, -0.4623026, -0.034084175), (-0.8860669, -0.4623026, -0.034084175), (-0.8860669, -0.4623026, -0.034084175), (-0.8860669, -0.4623026, -0.034084175), (-0.8860669, -0.4623026, -0.034084175), (-0.8860669, -0.4623026, -0.034084175), (-0.8860669, -0.4623026, -0.034084175), (-0.8860669, -0.4623026, -0.034084175), (-0.8860669, -0.4623026, -0.034084175), (-0.8860669, -0.4623026, -0.034084175), (-0.8860669, -0.4623026, -0.034084175), (-0.8860669, -0.4623026, -0.034084175), (-0.8860669, -0.4623026, -0.034084175), (-0.8860669, -0.4623026, -0.034084175), (-0.8860669, -0.4623026, -0.034084175), (-0.8860669, -0.4623026, -0.034084175), (-0.8860669, -0.4623026, -0.034084175), (-0.8860669, -0.4623026, -0.034084175), (-0.8860669, -0.4623026, -0.034084175), (-0.8860669, -0.4623026, -0.034084175), (-0.8860669, -0.4623026, -0.034084175), (-0.8860669, -0.4623026, -0.034084175), (-0.8860669, -0.4623026, -0.034084175), (-0.8860669, -0.4623026, -0.034084175), (-0.8860669, -0.4623026, -0.034084175), (-0.8860669, -0.4623026, -0.034084175), (-0.8860669, -0.4623026, -0.034084175), (-0.8860669, -0.4623026, -0.034084175), (-0.8860669, -0.4623026, -0.034084175), (-0.8860669, -0.4623026, -0.034084175), (-0.8860669, -0.4623026, -0.034084175), (-0.8860669, -0.4623026, -0.034084175), (-0.8860669, -0.4623026, -0.034084175), (-0.8860669, -0.4623026, -0.034084175), (-0.8860669, -0.4623026, -0.034084175), (-0.8860669, -0.4623026, -0.034084175), (-0.8860669, -0.4623026, -0.034084175), (-0.8860669, -0.4623026, -0.034084175), (-0.8860669, -0.4623026, -0.034084175), (-0.8860669, -0.4623026, -0.034084175), (-0.8860669, -0.4623026, -0.034084175), (-0.8860669, -0.4623026, -0.034084175), (-0.8860669, -0.4623026, -0.034084175), (-0.8860669, -0.4623026, -0.034084175), (-0.8860669, -0.4623026, -0.034084175), (-0.8860669, -0.4623026, -0.034084175), (-0.8860669, -0.4623026, -0.034084175), (-0.8860669, -0.4623026, -0.034084175), (-0.8860669, -0.4623026, -0.034084175), (-0.8860669, -0.4623026, -0.034084175), (-0.8860669, -0.4623026, -0.034084175), (-0.8860669, -0.4623026, -0.034084175), (-0.8860669, -0.4623026, -0.034084175), (-0.8860669, -0.4623026, -0.034084175), (-0.8860669, -0.4623026, -0.034084175), (-0.8860669, -0.4623026, -0.034084175), (-0.8860669, -0.4623026, -0.034084175), (-0.8860669, -0.4623026, -0.034084175), (-0.8860669, -0.4623026, -0.034084175), (-0.8860669, -0.4623026, -0.034084175), (-0.8860669, -0.4623026, -0.034084175), (-0.8860669, -0.4623026, -0.034084175), (-0.8860669, -0.4623026, -0.034084175), (-0.8860669, -0.4623026, -0.034084175), (-0.8860669, -0.4623026, -0.034084175), (-0.8860669, -0.4623026, -0.034084175), (-0.8860669, -0.4623026, -0.034084175), (-0.8860669, -0.4623026, -0.034084175), (-0.8860669, -0.4623026, -0.034084175), (-0.8860669, -0.4623026, -0.034084175), (-0.8860669, -0.4623026, -0.034084175), (-0.8860669, -0.4623026, -0.034084175), (-0.8860669, -0.4623026, -0.034084175), (-0.8860669, -0.4623026, -0.034084175), (-0.8860669, -0.4623026, -0.034084175), (-0.8860669, -0.4623026, -0.034084175), (-0.8860669, -0.4623026, -0.034084175), (-0.8860669, -0.4623026, -0.034084175), (-0.8860669, -0.4623026, -0.034084175), (-0.8860669, -0.4623026, -0.034084175), (-0.8860669, -0.4623026, -0.034084175), (-0.8860669, -0.4623026, -0.034084175), (-0.8860669, -0.4623026, -0.034084175), (-0.8860669, -0.4623026, -0.034084175), (-0.8860669, -0.4623026, -0.034084175), (-0.8860669, -0.4623026, -0.034084175), (-0.8860669, -0.4623026, -0.034084175), (-0.8860669, -0.4623026, -0.034084175), (-0.8860669, -0.4623026, -0.034084175), (-0.8860669, -0.4623026, -0.034084175), (-0.8860669, -0.4623026, -0.034084175), (-0.8860669, -0.4623026, -0.034084175), (-0.8860669, -0.4623026, -0.034084175), (-0.8860669, -0.4623026, -0.034084175), (-0.8860669, -0.4623026, -0.034084175), (-0.8860669, -0.4623026, -0.034084175), (-0.8860669, -0.4623026, -0.034084175), (-0.8860669, -0.4623026, -0.034084175), (-0.8860669, -0.4623026, -0.034084175), (-0.8860669, -0.4623026, -0.034084175), (-0.8860669, -0.4623026, -0.034084175), (-0.8860669, -0.4623026, -0.034084175), (-0.8860669, -0.4623026, -0.034084175), (-0.8860669, -0.4623026, -0.034084175), (-0.8860669, -0.4623026, -0.034084175), (-0.8860669, -0.4623026, -0.034084175), (-0.8860669, -0.4623026, -0.034084175), (-0.8860669, -0.4623026, -0.034084175), (-0.8860669, -0.4623026, -0.034084175), (-0.8860669, -0.4623026, -0.034084175), (-0.8860669, -0.4623026, -0.034084175), (-0.8860669, -0.4623026, -0.034084175), (-0.8860669, -0.4623026, -0.034084175), (-0.8860669, -0.4623026, -0.034084175), (-0.8860669, -0.4623026, -0.034084175), (-0.8860669, -0.4623026, -0.034084175), (-0.8860669, -0.4623026, -0.034084175), (-0.8860669, -0.4623026, -0.034084175), (-0.8860669, -0.4623026, -0.034084175), (-0.8860669, -0.4623026, -0.034084175), (-0.8860669, -0.4623026, -0.034084175), (-0.8860669, -0.4623026, -0.034084175), (-0.8860669, -0.4623026, -0.034084175), (-0.8860669, -0.4623026, -0.034084175), (-0.8860669, -0.4623026, -0.034084175), (-0.8860669, -0.4623026, -0.034084175), (-0.8860669, -0.4623026, -0.034084175), (-0.8860669, -0.4623026, -0.034084175), (-0.8860669, -0.4623026, -0.034084175), (-0.8860669, -0.4623026, -0.034084175), (-0.8860669, -0.4623026, -0.034084175), (-0.8860669, -0.4623026, -0.034084175), (-0.8860669, -0.4623026, -0.034084175), (-0.8860669, -0.4623026, -0.034084175), (-0.8860669, -0.4623026, -0.034084175), (-0.8860669, -0.4623026, -0.034084175), (-0.8860669, -0.4623026, -0.034084175), (-0.8860669, -0.4623026, -0.034084175), (-0.8860669, -0.4623026, -0.034084175), (-0.8860669, -0.4623026, -0.034084175), (-0.8860669, -0.4623026, -0.034084175), (-0.8860669, -0.4623026, -0.034084175), (-0.8860669, -0.4623026, -0.034084175), (-0.8860669, -0.4623026, -0.034084175), (-0.8860669, -0.4623026, -0.034084175), (-0.8860669, -0.4623026, -0.034084175), (-0.8860669, -0.4623026, -0.034084175), (-0.8860669, -0.4623026, -0.034084175), (-0.8860669, -0.4623026, -0.034084175), (-0.8860669, -0.4623026, -0.034084175), (-0.8860669, -0.4623026, -0.034084175), (-0.8860669, -0.4623026, -0.034084175), (-0.8860669, -0.4623026, -0.034084175), (-0.8860669, -0.4623026, -0.034084175), (-0.8860669, -0.4623026, -0.034084175), (-0.8860669, -0.4623026, -0.034084175), (-0.8860669, -0.4623026, -0.034084175), (-0.8860669, -0.4623026, -0.034084175), (-0.8860669, -0.4623026, -0.034084175), (-0.8860669, -0.4623026, -0.034084175), (-0.8860669, -0.4623026, -0.034084175), (-0.8860669, -0.4623026, -0.034084175), (-0.8860669, -0.4623026, -0.034084175), (-0.8860669, -0.4623026, -0.034084175), (-0.8860669, -0.4623026, -0.034084175), (-0.8860669, -0.4623026, -0.034084175), (-0.8860669, -0.4623026, -0.034084175), (-0.8860669, -0.4623026, -0.034084175), (-0.8860669, -0.4623026, -0.034084175), (-0.8860669, -0.4623026, -0.034084175), (-0.8860669, -0.4623026, -0.034084175), (-0.8860669, -0.4623026, -0.034084175), (-0.8860669, -0.4623026, -0.034084175), (-0.8860669, -0.4623026, -0.034084175), (-0.8860669, -0.4623026, -0.034084175), (-0.8860669, -0.4623026, -0.034084175), (-0.8860669, -0.4623026, -0.034084175), (-0.8860669, -0.4623026, -0.034084175), (-0.8860669, -0.4623026, -0.034084175), (-0.8860669, -0.4623026, -0.034084175), (-0.8860669, -0.4623026, -0.034084175), (-0.8860669, -0.4623026, -0.034084175), (-0.8860669, -0.4623026, -0.034084175), (-0.8860669, -0.4623026, -0.034084175), (-0.8860669, -0.4623026, -0.034084175), (-0.8860669, -0.4623026, -0.034084175), (-0.8860669, -0.4623026, -0.034084175), (-0.8860669, -0.4623026, -0.034084175), (-0.8860669, -0.4623026, -0.034084175), (-0.8860669, -0.4623026, -0.034084175), (-0.8860669, -0.4623026, -0.034084175), (-0.8860669, -0.4623026, -0.034084175), (-0.8860669, -0.4623026, -0.034084175), (-0.8860669, -0.4623026, -0.034084175), (-0.8860669, -0.4623026, -0.034084175), (-0.8860669, -0.4623026, -0.034084175), (-0.8860669, -0.4623026, -0.034084175), (-0.8860669, -0.4623026, -0.034084175), (-0.8860669, -0.4623026, -0.034084175), (-0.8860669, -0.4623026, -0.034084175), (-0.8860669, -0.4623026, -0.034084175), (-0.8860669, -0.4623026, -0.034084175), (-0.8860669, -0.4623026, -0.034084175), (-0.8860669, -0.4623026, -0.034084175), (-0.8860669, -0.4623026, -0.034084175), (-0.8860669, -0.4623026, -0.034084175), (-0.8860669, -0.4623026, -0.034084175), (-0.8860669, -0.4623026, -0.034084175), (-0.8860669, -0.4623026, -0.034084175), (-0.8860669, -0.4623026, -0.034084175), (-0.8860669, -0.4623026, -0.034084175), (-0.8860669, -0.4623026, -0.034084175), (-0.8860669, -0.4623026, -0.034084175), (-0.8860669, -0.4623026, -0.034084175), (-0.8860669, -0.4623026, -0.034084175), (-0.8860669, -0.4623026, -0.034084175), (-0.8860669, -0.4623026, -0.034084175), (-0.8860669, -0.4623026, -0.034084175), (-0.8860669, -0.4623026, -0.034084175), (-0.8860669, -0.4623026, -0.034084175), (-0.8860669, -0.4623026, -0.034084175), (-0.8860669, -0.4623026, -0.034084175), (-0.8860669, -0.4623026, -0.034084175), (-0.8860669, -0.4623026, -0.034084175), (-0.8860669, -0.4623026, -0.034084175), (-0.8860669, -0.4623026, -0.034084175), (-0.8860669, -0.4623026, -0.034084175), (-0.8860669, -0.4623026, -0.034084175), (-0.8860669, -0.4623026, -0.034084175), (-0.8860669, -0.4623026, -0.034084175), (-0.8860669, -0.4623026, -0.034084175), (-0.8860669, -0.4623026, -0.034084175), (-0.8860669, -0.4623026, -0.034084175), (-0.8860669, -0.4623026, -0.034084175), (-0.8860669, -0.4623026, -0.034084175), (-0.8860669, -0.4623026, -0.034084175), (-0.8860669, -0.4623026, -0.034084175), (-0.8860669, -0.4623026, -0.034084175), (-0.8860669, -0.4623026, -0.034084175), (-0.8860669, -0.4623026, -0.034084175), (-0.8860669, -0.4623026, -0.034084175), (-0.8860669, -0.4623026, -0.034084175), (-0.8860669, -0.4623026, -0.034084175), (-0.8860669, -0.4623026, -0.034084175), (-0.8860669, -0.4623026, -0.034084175), (-0.8860669, -0.4623026, -0.034084175), (-0.8860669, -0.4623026, -0.034084175), (-0.8860669, -0.4623026, -0.034084175), (-0.8860669, -0.4623026, -0.034084175), (-0.8860669, -0.4623026, -0.034084175), (-0.8860669, -0.4623026, -0.034084175), (-0.8860669, -0.4623026, -0.034084175), (-0.8860669, -0.4623026, -0.034084175), (-0.8860669, -0.4623026, -0.034084175), (-0.8860669, -0.4623026, -0.034084175), (-0.8860669, -0.4623026, -0.034084175), (-0.8860669, -0.4623026, -0.034084175), (-0.8860669, -0.4623026, -0.034084175), (-0.8860669, -0.4623026, -0.034084175), (-0.8860669, -0.4623026, -0.034084175), (-0.8860669, -0.4623026, -0.034084175), (-0.8860669, -0.4623026, -0.034084175), (-0.8860669, -0.4623026, -0.034084175), (-0.8860669, -0.4623026, -0.034084175), (-0.8860669, -0.4623026, -0.034084175), (-0.8860669, -0.4623026, -0.034084175), (-0.8860669, -0.4623026, -0.034084175), (-0.8860669, -0.4623026, -0.034084175), (-0.8860669, -0.4623026, -0.034084175), (-0.8860669, -0.4623026, -0.034084175), (-0.8860669, -0.4623026, -0.034084175), (-0.8860669, -0.4623026, -0.034084175), (-0.8860669, -0.4623026, -0.034084175), (-0.8860669, -0.4623026, -0.034084175), (-0.8860669, -0.4623026, -0.034084175), (-0.8860669, -0.4623026, -0.034084175), (-0.8860669, -0.4623026, -0.034084175), (-0.8860669, -0.4623026, -0.034084175), (-0.8860669, -0.4623026, -0.034084175), (-0.8860669, -0.4623026, -0.034084175), (-0.8860669, -0.4623026, -0.034084175), (-0.8860669, -0.4623026, -0.034084175), (-0.8860669, -0.4623026, -0.034084175), (-0.8860669, -0.4623026, -0.034084175), (-0.8860669, -0.4623026, -0.034084175), (-0.8860669, -0.4623026, -0.034084175), (-0.8860669, -0.4623026, -0.034084175), (-0.8860669, -0.4623026, -0.034084175), (-0.8860669, -0.4623026, -0.034084175), (-0.8860669, -0.4623026, -0.034084175), (-0.8860669, -0.4623026, -0.034084175), (-0.8860669, -0.4623026, -0.034084175), (-0.8860669, -0.4623026, -0.034084175), (-0.8860669, -0.4623026, -0.034084175), (-0.8860669, -0.4623026, -0.034084175), (-0.8860669, -0.4623026, -0.034084175), (-0.8860669, -0.4623026, -0.034084175), (-0.8860669, -0.4623026, -0.034084175), (-0.8860669, -0.4623026, -0.034084175), (-0.8860669, -0.4623026, -0.034084175), (-0.8860669, -0.4623026, -0.034084175), (-0.8860669, -0.4623026, -0.034084175), (-0.8860669, -0.4623026, -0.034084175), (-0.8860669, -0.4623026, -0.034084175), (-0.8860669, -0.4623026, -0.034084175), (-0.8860669, -0.4623026, -0.034084175), (-0.8860669, -0.4623026, -0.034084175), (-0.8860669, -0.4623026, -0.034084175), (-0.8860669, -0.4623026, -0.034084175), (-0.8860669, -0.4623026, -0.034084175), (-0.8860669, -0.4623026, -0.034084175), (-0.8860669, -0.4623026, -0.034084175), (-0.8860669, -0.4623026, -0.034084175), (-0.8860669, -0.4623026, -0.034084175), (-0.8860669, -0.4623026, -0.034084175), (-0.8860669, -0.4623026, -0.034084175), (-0.8860669, -0.4623026, -0.034084175), (-0.8860669, -0.4623026, -0.034084175), (-0.8860669, -0.4623026, -0.034084175), (-0.8860669, -0.4623026, -0.034084175), (-0.8860669, -0.4623026, -0.034084175), (-0.8860669, -0.4623026, -0.034084175), (-0.8860669, -0.4623026, -0.034084175), (-0.8860669, -0.4623026, -0.034084175), (-0.8860669, -0.4623026, -0.034084175), (-0.8860669, -0.4623026, -0.034084175), (-0.8860669, -0.4623026, -0.034084175), (-0.8860669, -0.4623026, -0.034084175), (-0.8860669, -0.4623026, -0.034084175), (-0.8860669, -0.4623026, -0.034084175), (-0.8860669, -0.4623026, -0.034084175)] (
        interpolation = "faceVarying"
    )
    point3f[] points = [(-0.43121356, 0.32827237, 0.9397189), (0.28909603, 0.7040919, 0.96742696), (0.69292164, -0.06917445, 0.95764244), (-0.027387945, -0.44499394, 0.9299344), (-0.7007648, -1.4296035, 0.8977433), (-0.7001733, -1.4289957, 0.8741143), (-0.7684357, -1.4646113, 0.8714884), (-0.76902723, -1.4652191, 0.89511746), (-0.74521613, -1.4407524, -0.055748798), (-0.67695373, -1.405137, -0.053122964), (-0.66534394, -1.3932074, -0.5167415), (-0.73360634, -1.428823, -0.51936734), (0.2772379, -0.90148157, -0.47548175), (0.18692482, -0.94860214, -0.4789558), (0.17556529, -0.9602744, -0.02533082), (0.26587838, -0.9131538, -0.021856762), (0.1523457, -0.98413324, 0.90190643), (0.24265878, -0.9370127, 0.9053805), (0.25401834, -0.9253404, 0.45175534), (0.16370523, -0.972461, 0.44828132), (-0.6885635, -1.4170663, 0.4104956), (-0.7568259, -1.4526819, 0.4078698), (0.24194214, -0.93774915, 0.9340062), (1.5449845, -0.25789103, 0.98413014), (1.545576, -0.25728312, 0.9605011), (0.24253365, -0.93714124, 0.9103772), (1.545701, -0.25715455, 0.9555043), (1.592607, -0.2089573, -0.91760236), (0.28956473, -0.88881546, -0.9677261), (0.28897282, -0.88942355, -0.9440973), (1.5920151, -0.20956542, -0.89397335), (0.28884768, -0.8895521, -0.9391003), (1.59189, -0.209694, -0.8889766), (1.5689206, -0.2332957, 0.02826709), (0.26575324, -0.9132824, -0.016860021), (1.5687956, -0.23342428, 0.03326387), (0.2656281, -0.91341096, -0.011863241), (1.5686704, -0.23355284, 0.03826065), (1.5802802, -0.22162342, -0.42535788), (1.5804054, -0.22149485, -0.43035468), (0.27736303, -0.901353, -0.48047858), (1.5805304, -0.22136627, -0.43535146), (0.27748817, -0.90122443, -0.48547542), (1.5570606, -0.24548227, 0.5018792), (1.5571858, -0.2453537, 0.49688247), (0.25414345, -0.92521185, 0.44675854), (1.5573108, -0.24522513, 0.4918857), (0.2542686, -0.9250833, 0.4417618), (0.15162912, -0.9848697, 0.93053216), (0.15222058, -0.9842618, 0.90690315), (-0.7000482, -1.4288671, 0.86911744), (0.19925171, -0.935936, -0.97120017), (-0.65314215, -1.3806697, -1.0039892), (-0.6537342, -1.3812779, -0.98036015), (0.19865975, -0.9365441, -0.94757134), (-0.6538593, -1.3814065, -0.9753634), (0.19853461, -0.9366727, -0.9425744), (-0.6768286, -1.4050082, -0.05811974), (0.17544016, -0.96040297, -0.020334078), (-0.6770789, -1.4052653, -0.04812618), (0.17531502, -0.96053153, -0.015337298), (-0.6654691, -1.3933359, -0.51174474), (0.18704996, -0.9484736, -0.48395264), (0.18717508, -0.94834495, -0.48894948), (-0.66521883, -1.3930788, -0.5217383), (-0.6886887, -1.4171947, 0.4154924), (0.16383037, -0.9723324, 0.44328448), (0.1639555, -0.97220385, 0.43828776), (-0.6884384, -1.4169376, 0.4054988), (-0.6475148, -1.371917, -0.97496015), (-0.6937037, -1.4193776, 0.86952055), (-0.69209063, -1.420613, 0.86952907), (-0.64590174, -1.3731525, -0.97495157), (-0.64298224, -1.3786528, -0.97502), (-0.6891712, -1.4261134, 0.8694607), (-0.7214046, -1.4162855, -1.006615), (-0.72199655, -1.4168936, -0.982986), (0.27522326, -0.8978793, -0.4719651), (0.27533603, -0.8980034, -0.47321627), (0.27562058, -0.898446, -0.47461033), (0.27515787, -0.8978668, -0.47043765), (0.26404858, -0.9092819, -0.026806213), (0.27607924, -0.8992689, -0.47537053), (0.26472387, -0.9109369, -0.021912057), (0.26408774, -0.9095614, -0.02403285), (0.26403752, -0.90937304, -0.025280066), (0.26430276, -0.9100754, -0.022650927), (0.28683305, -0.8859499, -0.9355838), (0.28694582, -0.88607395, -0.9368349), (0.28723037, -0.8865166, -0.938229), (0.28676766, -0.88593733, -0.93405634), (0.27565837, -0.89735246, -0.49042478), (0.28768903, -0.8873395, -0.9389891), (0.27636316, -0.899065, -0.48551744), (0.27569753, -0.89763194, -0.48765147), (0.2756473, -0.8974436, -0.48889863), (0.2758953, -0.8981079, -0.48633844), (0.17372428, -0.9564937, -0.028754128), (0.17377464, -0.95668197, -0.027506907), (0.17398968, -0.957196, -0.026124984), (0.1737355, -0.9564025, -0.030280272), (0.18484479, -0.94498736, -0.4739117), (0.1744107, -0.9580575, -0.025386117), (0.18579629, -0.9464463, -0.47885913), (0.18502295, -0.945124, -0.47669032), (0.18491003, -0.945, -0.4754391), (0.18528676, -0.945532, -0.47801447), (0.18533407, -0.9445642, -0.4923726), (0.18538442, -0.9447525, -0.49112546), (0.18559948, -0.94526654, -0.48974356), (0.18534529, -0.944473, -0.49389884), (0.19645458, -0.9330579, -0.9375304), (0.1860205, -0.9461281, -0.48900467), (0.19740608, -0.9345169, -0.9424777), (0.19663274, -0.9331945, -0.9403089), (0.19651982, -0.93307054, -0.9390578), (0.19689655, -0.9336026, -0.94163316), (0.25200367, -0.9217382, 0.45527202), (0.25211644, -0.92186224, 0.45402083), (0.252401, -0.92230487, 0.45262676), (0.25193828, -0.92172563, 0.45679948), (0.240829, -0.93314075, 0.90043104), (0.25285965, -0.9231278, 0.45186663), (0.24153379, -0.93485326, 0.9053382), (0.24086814, -0.93342024, 0.9032043), (0.24081793, -0.9332319, 0.90195704), (0.24106593, -0.9338961, 0.9045174), (0.26361346, -0.90980875, -0.00834655), (0.26372623, -0.9099328, -0.009597723), (0.2640108, -0.9103754, -0.010991752), (0.26354808, -0.9097962, -0.0068190936), (0.25243878, -0.9212113, 0.43681234), (0.26446944, -0.9111983, -0.011751932), (0.25311407, -0.92286634, 0.4417065), (0.25247794, -0.9214908, 0.4395857), (0.25242773, -0.92130244, 0.4383385), (0.25269297, -0.9220048, 0.4409676), (0.15050471, -0.9803525, 0.898483), (0.15055506, -0.9805408, 0.89973027), (0.1507701, -0.98105484, 0.9011122), (0.15051591, -0.9802613, 0.896957), (0.1616252, -0.9688462, 0.45332548), (0.15119112, -0.98191637, 0.9018511), (0.1625767, -0.97030514, 0.448378), (0.16180336, -0.9689828, 0.45054677), (0.16169044, -0.96885884, 0.45179793), (0.16206717, -0.96939087, 0.44922262), (0.1621145, -0.9684231, 0.43486443), (0.16216485, -0.96861136, 0.4361117), (0.16237989, -0.9691254, 0.43749365), (0.1621257, -0.9683319, 0.43333837), (0.173235, -0.95691675, -0.01029315), (0.16280091, -0.969987, 0.43823245), (0.1741865, -0.95837575, -0.015240596), (0.17341316, -0.95705336, -0.013071781), (0.17330024, -0.9569294, -0.0118206125), (0.17367697, -0.9574614, -0.014395952), (1.5670909, -0.22942387, 0.023317676), (1.5782002, -0.21800874, -0.42031375), (1.5438713, -0.25328273, 0.9505549), (1.5549806, -0.24186759, 0.5069234), (1.5554811, -0.2413533, 0.48693627), (1.5665904, -0.22993816, 0.043304797), (1.58981, -0.2060793, -0.8839324), (1.5787007, -0.21749444, -0.44030088), (1.5676136, -0.23077218, 0.028021334), (1.5789592, -0.21911418, -0.42504844), (1.5557396, -0.24297304, 0.5021887), (1.5560038, -0.2427016, 0.49163994), (1.5673494, -0.2310436, 0.038570095), (1.590569, -0.20718476, -0.888667), (-0.6786584, -1.4011363, -0.06306916), (-0.66754913, -1.3897212, -0.5067006), (-0.701878, -1.4249952, 0.86416805), (-0.6907687, -1.41358, 0.42053652), (-0.6902682, -1.4130657, 0.40054938), (-0.6791589, -1.4016505, -0.043082032), (-0.65593934, -1.3777918, -0.9703192), (-0.66704863, -1.3892069, -0.52668774), (-0.6781358, -1.4024848, -0.0583655), (-0.7013554, -1.4263436, 0.8688716), (-0.6897456, -1.4144142, 0.40525302), (-0.666526, -1.3905554, -0.5219841), (1.5670798, -0.22951503, 0.024843821), (1.56713, -0.22970325, 0.026091041), (1.5672414, -0.22998817, 0.02705934), (1.5782655, -0.21802133, -0.42184114), (1.5783783, -0.21814525, -0.42309237), (1.5785384, -0.21838017, -0.42406726), (1.5438602, -0.2533739, 0.9520809), (1.5439104, -0.2535621, 0.9533282), (1.5441723, -0.25417173, 0.9547922), (1.555046, -0.24188018, 0.5053959), (1.5551587, -0.2420041, 0.5041447), (1.5553188, -0.24223903, 0.5031699), (1.55547, -0.24144447, 0.48846236), (1.5555202, -0.24163267, 0.48970965), (1.5556316, -0.2419176, 0.49067795), (1.5666558, -0.22995076, 0.04177734), (1.5667685, -0.23007467, 0.040526167), (1.5669286, -0.2303096, 0.03955129), (1.5898753, -0.20609191, -0.8854597), (1.5899881, -0.20621583, -0.886711), (1.5901482, -0.20645075, -0.8876859), (1.5786896, -0.21758561, -0.43877465), (1.5787398, -0.21777381, -0.4375275), (1.5790017, -0.21838346, -0.4360635), (1.5447236, -0.25528288, 0.95552796), (1.579553, -0.2194946, -0.4353278), (-0.6786696, -1.4012275, -0.061543006), (-0.6786193, -1.4014157, -0.06029579), (-0.67850786, -1.4017007, -0.05932749), (-0.6674838, -1.3897338, -0.50822806), (-0.667371, -1.3898578, -0.5094792), (-0.6670355, -1.3903917, -0.5109577), (-0.70188916, -1.4250863, 0.8656941), (-0.70183885, -1.4252746, 0.8669414), (-0.70172745, -1.4255595, 0.86790967), (-0.6907034, -1.4135926, 0.41900906), (-0.69059056, -1.4137166, 0.4177579), (-0.6902551, -1.4142506, 0.4162794), (-0.69027936, -1.4131569, 0.40207553), (-0.69022906, -1.4133452, 0.40332276), (-0.69011766, -1.4136301, 0.40429106), (-0.6790936, -1.4016632, -0.04460949), (-0.67898077, -1.4017872, -0.045860663), (-0.6786453, -1.4023212, -0.047339164), (-0.655874, -1.3778043, -0.9718466), (-0.6557612, -1.3779284, -0.97309786), (-0.6554257, -1.3784623, -0.9745763), (-0.6670598, -1.389298, -0.52516156), (-0.66700953, -1.3894863, -0.5239144), (-0.6668981, -1.3897712, -0.52294606), (-0.66644657, -1.3914642, -0.511721), (-0.68966615, -1.4153231, 0.41551608), (-0.67805636, -1.4033936, -0.048102498), (-0.6548368, -1.3795348, -0.9753397), (0.6852863, 1.5284283, -0.8956183), (-1.6287256, 0.32109994, -0.984631), (0.27649197, 1.2960489, 0.5975158), (-1.6664737, 0.28231266, 0.5227761), (-1.6874362, 0.32245287, 0.523284), (0.2555294, 1.3361892, 0.5980237), (0.30436543, 1.3246897, -0.51556593), (0.28340286, 1.36483, -0.515058), (-1.6386002, 0.3109535, -0.5903056), (-1.6595628, 0.3510937, -0.58979774), (-1.6763483, 0.27216622, 0.9171015), (0.63766366, 1.4794946, 1.0061141), (0.8446467, 1.0831527, 1.001099), (-1.4693651, -0.1241758, 0.91208637), (-0.9922156, -1.0378468, 0.9005252), (1.3217963, 0.16948165, 0.9895379), (0.59709895, 0.0022841184, 0.9545845), (0.623499, -0.048267942, 0.9539448), (0.003936754, -0.37152255, 0.93011224), (-0.022463227, -0.32097048, 0.9307519), (0.6254123, -0.04752328, 0.95486516), (0.6252397, -0.04883827, 0.95466405), (0.62465936, -0.047407724, 0.9542878), (0.5987794, 0.0031220317, 0.9553331), (0.5980025, 0.0048400466, 0.9571883), (0.59727407, 0.004657545, 0.95607686), (0.59691036, 0.00499137, 0.95760965), (0.59767115, 0.00485402, 0.9597431), (-0.025147282, -0.32006708, 0.93322337), (-0.024909189, -0.32079473, 0.93212205), (-0.025320558, -0.3211594, 0.9336357), (-0.025291113, -0.3204001, 0.9357739), (0.0023573332, -0.37259775, 0.9307037), (0.0026972985, -0.37365708, 0.93145317), (0.0015584646, -0.37252444, 0.93156964), (-0.024283199, -0.32196078, 0.9315088), (0.28793854, 1.3694904, -0.6961803), (-1.6550273, 0.3557542, -0.77092004), (0.30809185, 1.3800055, -0.69540507), (0.3035563, 1.3753449, -0.51428276), (0.27568287, 1.346704, 0.598799), (0.25099385, 1.3315285, 0.779146), (0.2711472, 1.3420436, 0.77992123), (-1.6919719, 0.3177924, 0.7044063), (0.0021787705, -0.37381655, 0.9329694), (0.00316977, -0.37429008, 0.93253726), (0.0024573014, -0.37407392, 0.9350877), (-0.024664849, -0.31926644, 0.9337008), (-0.024056569, -0.3187879, 0.93584627), (-0.023616776, -0.31848466, 0.9337472), (0.5959118, 0.0046786033, 0.9596945), (-0.024170067, -0.3196995, 0.9317134), (-0.024286574, -0.31902677, 0.9328409), (-0.023364678, -0.31883854, 0.93199325), (0.5955701, 0.0045329155, 0.95710564), (0.5961082, 0.0040627443, 0.95543337), (0.5988037, 0.004334465, 0.9576402), (0.59928423, 0.003618515, 0.95975167), (0.5995608, 0.0032785141, 0.9571733), (0.62589633, -0.04733976, 0.95910686), (0.59877187, 0.0040735807, 0.95630306), (0.59791684, 0.003782395, 0.9552254), (0.6256217, -0.046922952, 0.95570034), (0.6257741, -0.046859857, 0.9569982), (0.6259747, -0.048982438, 0.9558267), (0.62604094, -0.04769643, 0.95610785), (0.6261853, -0.04861898, 0.9569633), (0.6260729, -0.049099248, 0.95906603), (0.6255526, -0.05012407, 0.9569087), (0.62483835, -0.050711464, 0.9589936), (0.62449664, -0.050857153, 0.95640475), (0.0048699826, -0.374178, 0.93514544), (0.62514186, -0.05022072, 0.95565206), (0.62433845, -0.0499835, 0.9546067), (0.005284244, -0.37373075, 0.9317569), (0.00492768, -0.37296206, 0.9306003), (0.003940141, -0.37351394, 0.93086326), (0.0049229506, -0.37412354, 0.93303025), (0.004511355, -0.3741705, 0.93214315), (0.003664292, -0.37447804, 0.9351075), (0.00371726, -0.37442362, 0.9329923), (0.0012485322, -0.37273085, 0.935092), (0.0013015004, -0.37267643, 0.9329768), (-0.025114533, -0.32215953, 0.935733), (-0.02483794, -0.32249954, 0.93315464), (0.59696066, 0.0037658403, 0.9549944), (-0.022932881, -0.31959787, 0.9310672), (-0.023650896, -0.32090414, 0.9309809), (0.0025496525, -0.37199146, 0.9303572), (0.0036599783, -0.3723971, 0.9302218), (0.8201934, 0.5664423, 0.9720856), (0.89996123, 0.41369882, 0.97015285), (0.74052554, 0.33051378, 0.9640199), (0.6607577, 0.48325726, 0.96595263), (0.24931064, 1.3838574, 0.78045034), (0.2862553, 1.4218192, -0.69487596), (0.90187436, 0.4144434, 0.97107327), (0.90170205, 0.41312847, 0.9708721), (0.9011215, 0.41455895, 0.9704959), (0.8218739, 0.56728023, 0.97283435), (0.82109684, 0.56899816, 0.9746895), (0.8203686, 0.56881577, 0.973578), (0.8200047, 0.56914955, 0.9751108), (0.8207656, 0.5690122, 0.97724426), (0.65807366, 0.48416063, 0.96842414), (0.6583118, 0.48343292, 0.96732277), (0.65790045, 0.48306838, 0.96883655), (0.65792984, 0.48382762, 0.9709747), (0.7389461, 0.32943854, 0.9646115), (0.73928607, 0.32837912, 0.9653608), (0.7381473, 0.32951188, 0.9654773), (0.65893775, 0.482267, 0.96670955), (0.2661019, 1.4113042, -0.69565123), (-1.6768638, 0.39756808, -0.7703909), (0.22915724, 1.3733424, 0.7796751), (-1.7138085, 0.35960627, 0.70493543), (0.7387676, 0.3282198, 0.96687716), (0.73975855, 0.32774615, 0.96644497), (0.7390461, 0.32796237, 0.96899533), (0.65855616, 0.48496127, 0.9689016), (0.65916437, 0.4854398, 0.97104704), (0.6596042, 0.48574308, 0.96894795), (0.81900626, 0.5688368, 0.9771957), (0.6590509, 0.48452824, 0.9669143), (0.6589344, 0.48520103, 0.96804166), (0.65985626, 0.4853892, 0.9671941), (0.81866455, 0.56869113, 0.9746068), (0.81920266, 0.568221, 0.97293454), (0.82189804, 0.5684926, 0.9751413), (0.8223786, 0.5677767, 0.97725284), (0.8226552, 0.56743664, 0.97467446), (0.90235853, 0.4146269, 0.975315), (0.8218663, 0.56823176, 0.9738043), (0.8210114, 0.56794065, 0.97272664), (0.9020839, 0.4150437, 0.97190833), (0.9022363, 0.41510686, 0.97320634), (0.902437, 0.41298428, 0.9720347), (0.9025032, 0.41427034, 0.9723159), (0.9026476, 0.4133477, 0.97317135), (0.902535, 0.41286743, 0.9752741), (0.9020148, 0.41184264, 0.97311676), (0.9013006, 0.4112553, 0.9752017), (0.9009589, 0.4111096, 0.97261286), (0.7414587, 0.3278583, 0.9690531), (0.90160406, 0.41174597, 0.9718602), (0.9008007, 0.4119832, 0.9708148), (0.741873, 0.32830554, 0.9656645), (0.7415165, 0.32907417, 0.96450806), (0.7405288, 0.32852232, 0.9647711), (0.7415117, 0.32791272, 0.9669379), (0.7411002, 0.32786575, 0.9660508), (0.7402531, 0.32755822, 0.9690152), (0.740306, 0.32761264, 0.9669), (0.7378373, 0.32930538, 0.9689996), (0.73789024, 0.32935983, 0.96688443), (0.65810645, 0.4820682, 0.9709338), (0.6583831, 0.48172817, 0.9683555), (0.82005507, 0.567924, 0.97249556), (0.6602881, 0.48462984, 0.96626806), (0.6595701, 0.4833236, 0.96618176), (0.7391384, 0.3300448, 0.9642649), (0.7402488, 0.32963923, 0.96412945), (0.84860003, 1.076319, 0.99101573), (1.3183435, 0.1768296, 0.97963405), (-0.9956683, -1.0304989, 0.89062136), (-1.4654119, -0.13100941, 0.9020031), (-1.4687926, -0.12479801, 0.905636), (0.84521955, 1.0825306, 0.9946487), (0.8457727, 1.0815856, 0.9930817), (-1.4682392, -0.12574276, 0.904069), (1.3215463, 0.17043534, 0.9831076), (-0.9924658, -1.0368934, 0.89409494), (-0.9929411, -1.0358684, 0.89255273), (1.3210708, 0.17146005, 0.9815654), (-1.4665489, -0.1288485, 0.90225244), (0.84746295, 1.07848, 0.9912651), (-1.4674915, -0.12709302, 0.9029412), (0.8465206, 1.0802356, 0.9919539), (1.3194695, 0.17465727, 0.9798286), (-0.9945424, -1.0326712, 0.8908159), (1.3203787, 0.17286745, 0.9804725), (-0.99363345, -1.034461, 0.8914598), (-1.4691511, -0.124258466, 0.9076421), (0.8448608, 1.08307, 0.9966548), (-1.4693152, -0.12412438, 0.91008765), (0.84469676, 1.0832042, 0.9991003), (1.3218046, 0.16979295, 0.9850987), (-0.99220717, -1.0375355, 0.89608604), (1.3218464, 0.16953309, 0.98753923), (-0.9921655, -1.0377953, 0.89852655), (0.1967203, -0.9107879, 0.8501792), (0.19650064, -0.9159908, 0.85003984), (0.23995219, -0.87134296, -0.8851307), (0.24017188, -0.86614, -0.88499135), (0.17613763, -0.9266151, 0.8492565), (0.17174141, -0.92382056, 0.84921837), (0.21519294, -0.8791727, -0.8859522), (0.2195892, -0.88196725, -0.885914), (0.16699192, -0.914726, 0.8493334), (0.16721159, -0.90952307, 0.8494728), (0.21066315, -0.8648752, -0.8856977), (0.21044345, -0.87007815, -0.88583714), (0.18757455, -0.8988988, 0.8502561), (0.19197083, -0.90169334, 0.8502943), (0.23542236, -0.8570455, -0.88487625), (0.23102616, -0.8542509, -0.88491446), (0.2812611, -0.8964318, -0.9394672), (0.23507217, -0.94389236, 0.9050134), (0.2322266, -0.93835354, 0.9050846), (0.2784155, -0.890893, -0.93939596), (0.23213467, -0.93632436, 0.9051346), (0.27832356, -0.8888638, -0.9393461), (0.29336238, -0.8810174, -0.9387676), (0.24717347, -0.92847794, 0.90571314), (0.2487865, -0.9297135, 0.9057216), (0.2949754, -0.88225293, -0.9387589), (0.2978948, -0.8877532, -0.93882734), (0.2517059, -0.93521374, 0.90565324), (0.23328461, -0.93498194, 0.90519786), (0.2794735, -0.8875214, -0.9392827), (0.29160306, -0.88119286, -0.93881613), (0.24541417, -0.9286534, 0.90566444), (-0.6625536, -1.3797635, -0.9755387), (-0.70874256, -1.427224, 0.8689421), (-0.7075924, -1.4258815, 0.8690053), (-0.66140354, -1.378421, -0.9754753), (-0.6492741, -1.3720925, -0.9750087), (-0.695463, -1.419553, 0.8694719), (0.19203395, -0.9429858, -0.94289947), (0.14584504, -0.9904463, 0.9015811), (0.14299949, -0.9849075, 0.90165234), (0.18918839, -0.93744695, -0.94282824), (0.14290752, -0.9828784, 0.90170234), (0.18909644, -0.93541783, -0.94277835), (0.20413524, -0.92757136, -0.9421999), (0.15794633, -0.9750319, 0.90228087), (0.15955937, -0.97626746, 0.90228933), (0.20574827, -0.9288069, -0.94219124), (0.20866771, -0.93430716, -0.94225967), (0.1624788, -0.9817677, 0.90222096), (0.1440575, -0.9815359, 0.9017656), (0.1902464, -0.93407536, -0.942715), (0.20237595, -0.92774683, -0.9422484), (0.15618704, -0.9752074, 0.90223217), (0.19514708, -0.90582234, 0.8502676), (0.23859863, -0.8611745, -0.88490295), (0.23796616, -0.87615585, -0.8853043), (0.19451465, -0.9208037, 0.8498663), (0.23445337, -0.87999815, -0.88549113), (0.19100179, -0.924646, 0.8496794), (0.22983746, -0.88240653, -0.8856687), (0.18638587, -0.9270544, 0.84950185), (0.22467516, -0.88309044, -0.88581556), (0.18122363, -0.92773825, 0.849355), (0.21201661, -0.8750436, -0.8859255), (0.16856508, -0.91969144, 0.8492451), (0.21264914, -0.8600623, -0.88552415), (0.16919759, -0.9047102, 0.8496464), (0.21616197, -0.85622, -0.88533735), (0.17271039, -0.9008679, 0.8498332), (0.2207779, -0.8538117, -0.8851598), (0.17732632, -0.89845955, 0.85001075), (0.22594012, -0.8531278, -0.8850129), (0.1824886, -0.89777565, 0.8501576), (0.1825615, -0.9305158, 0.81955904), (0.18329267, -0.92976457, 0.7903614), (0.18608697, -0.92479086, 0.7905594), (0.18535581, -0.9255422, 0.819757), (0.19014184, -0.92147607, 0.7907462), (0.18941067, -0.9222274, 0.8199438), (0.17874578, -0.8996543, 0.79102236), (0.17801462, -0.9004056, 0.82021993), (0.2123808, -0.93081254, -0.8343177), (0.21311197, -0.9300612, -0.8635155), (0.23098624, -0.92073536, -0.86282796), (0.23025507, -0.9214867, -0.8336301), (0.22394253, -0.88799554, -0.8329263), (0.2246737, -0.8872442, -0.86212426), (0.227468, -0.8822706, -0.8619263), (0.22673684, -0.88302183, -0.8327283), (0.23152287, -0.8789558, -0.86173946), (0.2307917, -0.8797071, -0.8325415), (0.22012681, -0.85713404, -0.8614633), (0.21939565, -0.8578853, -0.8322654), (0.8560578, 1.1203264, 0.021937), (0.853447, 1.1250079, 0.025784057), (0.85464823, 1.1258905, 0.025569877), (0.8572693, 1.1211524, 0.021696137), (-0.65961605, -1.3873314, -0.9756598), (-0.70580494, -1.4347919, 0.86882085), (-0.70865047, -1.4292531, 0.8688921), (-0.6624616, -1.3817925, -0.97558856), (0.18887399, -0.9640069, 0.8188553), (0.18960515, -0.9632556, 0.7896578), (0.18646558, -0.95578516, 0.7897713), (0.18573442, -0.9565364, 0.8189689), (0.18214886, -0.9432428, 0.78998595), (0.1814177, -0.9439941, 0.8191835), (0.18194951, -0.9360582, 0.79016584), (0.18121836, -0.9368095, 0.8193634), (0.22784658, -0.9132649, -0.86271435), (0.22711541, -0.9140161, -0.8335165), (0.22352989, -0.9007225, -0.8624997), (0.22279873, -0.90147376, -0.8333017), (0.22333054, -0.8935379, -0.8623198), (0.22259937, -0.8942892, -0.8331219), (1.3589761, 0.20719895, -0.4885843), (1.3563508, 0.21194465, -0.4847041), (1.352235, 0.20983317, -0.4849157), (1.354856, 0.20509517, -0.48878944), (1.3508818, 0.20932116, -0.48525527), (1.3534609, 0.2046231, -0.48910362), (1.358009, 0.21364847, -0.55092), (1.360443, 0.20870623, -0.5471624), (1.3563205, 0.2066, -0.54727197), (1.3538903, 0.2115342, -0.55102336), (1.354912, 0.2061142, -0.5470528), (1.3525227, 0.21100721, -0.5507787), (1.335193, 0.24424717, -0.494674), (1.337092, 0.24039143, -0.49174243), (1.3358184, 0.23982365, -0.49163738), (1.333862, 0.24368677, -0.494578), (1.3311027, 0.17855811, 0.62449694), (1.3284774, 0.18330383, 0.62837714), (1.3243614, 0.18119235, 0.62816554), (1.3269825, 0.17645434, 0.6242918), (1.3230084, 0.18068033, 0.62782604), (1.3255874, 0.17598227, 0.6239778), (1.3301356, 0.18500763, 0.5621613), (1.3325696, 0.1800654, 0.5659188), (1.328447, 0.17795916, 0.5658093), (1.3260169, 0.18289337, 0.5620579), (1.3270386, 0.17747337, 0.5660285), (1.3246493, 0.18236637, 0.56230253), (1.309803, 0.22366016, 0.56647044), (1.3124282, 0.21891443, 0.5625903), (1.3083386, 0.21674469, 0.56248623), (1.3057176, 0.22148265, 0.56636), (1.3071272, 0.21591863, 0.56272703), (1.3045163, 0.2206001, 0.5665742), (1.3073196, 0.21560635, 0.61840725), (1.3092185, 0.2117506, 0.62133884), (1.307945, 0.21118283, 0.62144387), (1.3059884, 0.21504593, 0.6185033), (1.1272874, 0.6508486, -0.48297057), (1.124662, 0.65559435, -0.47909036), (1.1205462, 0.6534828, -0.479302), (1.1231673, 0.6487448, -0.48317572), (1.1191931, 0.65297085, -0.47964153), (1.1217722, 0.64827275, -0.4834899), (1.1263202, 0.65729815, -0.54530627), (1.1287543, 0.65235585, -0.54154867), (1.1246318, 0.65024966, -0.5416582), (1.1222017, 0.65518385, -0.5454096), (1.1232233, 0.6497639, -0.5414391), (1.120834, 0.6546569, -0.54516494), (1.1035043, 0.6878968, -0.48906028), (1.1054033, 0.6840411, -0.48612872), (1.1041297, 0.6834733, -0.48602366), (1.1022196, 0.6873517, -0.48897228), (1.106697, 0.68537027, -0.5377873), (1.1046487, 0.68907267, -0.5347602), (1.1033708, 0.6885345, -0.5349402), (1.105431, 0.68481034, -0.5379851), (1.099414, 0.62220776, 0.6301107), (1.0967886, 0.6269535, 0.6339909), (1.0926727, 0.624842, 0.6337793), (1.0952938, 0.62010396, 0.6299055), (1.0913197, 0.62433004, 0.6334398), (1.0938987, 0.61963195, 0.62959146), (1.0984468, 0.62865734, 0.5677751), (1.1008809, 0.62371504, 0.57153255), (1.0967582, 0.6216088, 0.571423), (1.0943282, 0.626543, 0.5676716), (1.0953499, 0.621123, 0.5716422), (1.0929606, 0.6260161, 0.5679162), (1.0756309, 0.659256, 0.624021), (1.0775298, 0.6554002, 0.6269525), (1.0762563, 0.6548325, 0.6270576), (1.0743462, 0.65871084, 0.62410897), (1.0788234, 0.65672946, 0.57529396), (1.0767753, 0.66043186, 0.57832104), (1.0754973, 0.65989363, 0.57814103), (1.0776248, 0.65619385, 0.5751147), (0.8940824, 1.0974017, -0.4773201), (0.8914571, 1.1021475, -0.4734399), (0.88734114, 1.1000359, -0.47365153), (0.88996226, 1.0952979, -0.47752526), (0.88598806, 1.099524, -0.47399107), (0.88856715, 1.0948259, -0.4778394), (0.8931152, 1.1038512, -0.5396558), (0.8955493, 1.098909, -0.5358982), (0.89142674, 1.0968027, -0.53600776), (0.8889966, 1.1017369, -0.53975916), (0.8900183, 1.0963169, -0.53578866), (0.88762903, 1.10121, -0.5395145), (0.87029934, 1.1344498, -0.4834098), (0.8721983, 1.1305941, -0.48047823), (0.8709247, 1.1300265, -0.48037317), (0.8690146, 1.1339047, -0.48332182), (0.8734919, 1.1319233, -0.53213686), (0.87144375, 1.1356258, -0.5291097), (0.8701657, 1.1350875, -0.5292897), (0.8722932, 1.1313878, -0.532316), (0.8860127, 1.1041416, -0.48081297), (0.8880608, 1.1004393, -0.48384017), (0.8868802, 1.0996947, -0.4837547), (0.88482004, 1.1034188, -0.48070982), (0.866209, 1.0687609, 0.63576114), (0.8635836, 1.0735066, 0.63964134), (0.85946774, 1.0713952, 0.63942975), (0.8620888, 1.0666571, 0.635556), (0.8581146, 1.0708832, 0.63909024), (0.8606937, 1.066185, 0.6352419), (0.8652418, 1.0752105, 0.57342553), (0.86767584, 1.0702682, 0.577183), (0.8635533, 1.0681618, 0.57707345), (0.8611232, 1.0730962, 0.57332206), (0.8621448, 1.0676762, 0.5772927), (0.8597556, 1.0725691, 0.5735667), (0.8424259, 1.1058091, 0.62967145), (0.8443248, 1.1019533, 0.632603), (0.84305125, 1.1013856, 0.6327081), (0.84114116, 1.105264, 0.62975943), (0.8456185, 1.1032826, 0.5809444), (0.8435703, 1.106985, 0.5839715), (0.8422923, 1.1064467, 0.5837915), (0.8444198, 1.102747, 0.58076525), (0.8581392, 1.0755008, 0.6322683), (0.86018735, 1.0717984, 0.6292412), (0.85900676, 1.0710539, 0.6293266), (0.85694665, 1.0747781, 0.63237137), (1.3449271, 0.19276309, 0.07244265), (1.3423017, 0.19750881, 0.07632282), (1.3381859, 0.19539732, 0.07611122), (1.3408068, 0.19065931, 0.07223748), (1.3368328, 0.1948853, 0.075771704), (1.3393649, 0.19018243, 0.07190159), (1.3439599, 0.19921261, 0.010107019), (1.346394, 0.19427037, 0.013864525), (1.3422714, 0.19216414, 0.01375496), (1.3398412, 0.19709834, 0.010003608), (1.340815, 0.19167247, 0.013993343), (1.3384737, 0.19657135, 0.010248254), (1.3236274, 0.23786512, 0.014416152), (1.3262527, 0.23311941, 0.010535983), (1.322163, 0.23094967, 0.010431945), (1.3195419, 0.23568767, 0.014305686), (1.3209516, 0.23012361, 0.010672809), (1.3183408, 0.23480508, 0.014519865), (1.321144, 0.22981131, 0.06635297), (1.3230429, 0.22595558, 0.06928449), (1.3217694, 0.22538786, 0.0693896), (1.3198593, 0.22926618, 0.06644097), (1.3243365, 0.22728482, 0.017625889), (1.3222884, 0.23098722, 0.020652974), (1.3210104, 0.23044893, 0.020473), (1.3231379, 0.22674918, 0.017446734), (1.3368573, 0.19950306, 0.068949774), (1.3389055, 0.19580065, 0.06592269), (1.3377249, 0.19505619, 0.06600809), (1.3356647, 0.19878024, 0.06905292), (1.1132383, 0.63641274, 0.07805638), (1.110613, 0.64115846, 0.081936546), (1.1064972, 0.63904697, 0.08172494), (1.1091182, 0.63430893, 0.077851206), (1.105144, 0.638535, 0.081385426), (1.1076761, 0.6338321, 0.07751531), (1.1122712, 0.6428623, 0.015720746), (1.1147052, 0.63792, 0.01947825), (1.1105827, 0.6358138, 0.019368686), (1.1081526, 0.64074796, 0.015617333), (1.1091262, 0.63532215, 0.019607069), (1.1067849, 0.64022106, 0.01586198), (1.0919386, 0.68151474, 0.020029876), (1.094564, 0.676769, 0.016149709), (1.0904742, 0.6745993, 0.016045671), (1.0878532, 0.6793373, 0.019919412), (1.0892628, 0.6737732, 0.016286533), (1.086652, 0.6784547, 0.02013359), (1.0894552, 0.67346096, 0.0719667), (1.0913543, 0.6696052, 0.07489822), (1.0901488, 0.6690627, 0.07498943), (1.0881705, 0.6729158, 0.07205469), (1.0926478, 0.67093444, 0.023239614), (1.0905997, 0.67463684, 0.0262667), (1.0893216, 0.6740986, 0.026086727), (1.0914491, 0.67039883, 0.02306046), (1.1051686, 0.6431527, 0.0745635), (1.1072167, 0.6394503, 0.07153642), (1.1060362, 0.6387058, 0.07162181), (1.1040355, 0.6424717, 0.07465296), (0.8800333, 1.0829659, 0.08370684), (0.877408, 1.0877116, 0.08758701), (0.8732921, 1.0856001, 0.08737541), (0.8759132, 1.080862, 0.08350167), (0.871939, 1.0850881, 0.087035894), (0.8744711, 1.0803852, 0.08316578), (0.87906617, 1.0894154, 0.02137121), (0.88150024, 1.0844731, 0.025128717), (0.8773777, 1.0823668, 0.02501915), (0.87494755, 1.0873011, 0.0212678), (0.87592125, 1.0818752, 0.025257535), (0.8735799, 1.0867741, 0.021512445), (0.8562503, 1.1200141, 0.07761716), (0.85814923, 1.1161582, 0.08054868), (0.8569437, 1.1156157, 0.0806399), (0.85496557, 1.1194689, 0.07770516), (0.85944283, 1.1174875, 0.02889008), (0.8573947, 1.12119, 0.031917166), (0.85611665, 1.1206517, 0.03173719), (0.8582441, 1.116952, 0.028710926), (0.87515616, 1.0871793, 0.031486813), (0.8732572, 1.091035, 0.028555363), (0.8721308, 1.090361, 0.028374456), (0.87398225, 1.0864418, 0.031304315), (0.8719636, 1.0897058, 0.080213964), (0.87401175, 1.0860034, 0.07718688), (0.87283117, 1.0852588, 0.07727228), (0.8708305, 1.0890248, 0.08030342), (0.16983424, -0.90709287, 0.819843), (0.17056541, -0.9063416, 0.7906454), (0.16348654, -0.91576624, 0.8194608), (0.1642177, -0.915015, 0.7902633), (0.16077678, -0.92846304, 0.8190663), (0.16150793, -0.9277118, 0.7898687), (0.161179, -0.9429574, 0.81870335), (0.16191016, -0.94220614, 0.78950584), (0.16466586, -0.95826155, 0.8183969), (0.16539702, -0.9575103, 0.78919935), (0.17099972, -0.9733327, 0.8181677), (0.17173088, -0.97258145, 0.7889702), (0.21121527, -0.8645726, -0.8326423), (0.21194644, -0.86382127, -0.86184025), (0.20486757, -0.87324595, -0.83302456), (0.20559873, -0.8724947, -0.8622224), (0.20215778, -0.88594276, -0.83341914), (0.20288894, -0.8851915, -0.86261696), (0.20256004, -0.9004371, -0.833782), (0.2032912, -0.89968586, -0.8629798), (0.20604688, -0.91574126, -0.8340885), (0.20677805, -0.91499, -0.8632863), (1.3347332, 0.23962153, -0.49109927), (1.3328253, 0.24357064, -0.49415177), (1.3372276, 0.23534235, -0.48910153), (1.3318714, 0.24701722, -0.4981363), (1.3068599, 0.21098071, 0.62198204), (1.3049519, 0.2149298, 0.61892956), (1.3093541, 0.20670153, 0.62397975), (1.303998, 0.21837638, 0.614945), (1.1030445, 0.68327117, -0.48548555), (1.1011367, 0.6872204, -0.48853803), (1.1055388, 0.678992, -0.48348778), (1.1023111, 0.68842703, -0.5354343), (1.1043743, 0.6846375, -0.5385865), (1.1073072, 0.68054444, -0.5404403), (1.0751711, 0.65463036, 0.6275958), (1.0732633, 0.6585795, 0.62454337), (1.0776654, 0.65035117, 0.62959343), (0.8698395, 1.1298243, -0.47983506), (0.8679317, 1.1337734, -0.48288757), (0.8723338, 1.125545, -0.47783732), (0.8819745, 1.1070846, -0.4780709), (0.88403964, 1.1026331, -0.48017913), (0.88615817, 1.0988725, -0.48332912), (0.8419661, 1.1011834, 0.63324624), (0.8400583, 1.1051326, 0.6301938), (0.8444604, 1.0969043, 0.63524395), (0.85410106, 1.0784438, 0.63501036), (0.8561662, 1.0739924, 0.63290215), (0.8582847, 1.0702317, 0.62975216), (1.3206842, 0.22518569, 0.06992772), (1.3187764, 0.22913489, 0.066875264), (1.3231785, 0.2209065, 0.071925424), (1.3328192, 0.20244592, 0.07169183), (1.3348843, 0.19799455, 0.06958366), (1.3370028, 0.19423398, 0.066433646), (1.0889955, 0.66883534, 0.07554145), (1.0870876, 0.6727845, 0.072488986), (1.0913742, 0.66452855, 0.077617824), (1.0929146, 0.66508687, 0.077053614), (1.0936373, 0.6599079, 0.07901271), (1.0937538, 0.66551304, 0.0770562), (1.09521, 0.66059273, 0.07834088), (1.096082, 0.65518105, 0.079450496), (1.0960467, 0.66102356, 0.07834212), (1.0975999, 0.65598273, 0.078739785), (1.0985589, 0.65048367, 0.07889345), (1.0984341, 0.6564184, 0.07874063), (1.1000127, 0.6513962, 0.07822451), (1.1010425, 0.6460149, 0.07738356), (1.1008444, 0.6518367, 0.07822587), (1.1031955, 0.64164424, 0.075197384), (1.1053141, 0.63788354, 0.07204737), (1.1023751, 0.6469712, 0.07682438), (1.1032045, 0.64741635, 0.07682721), (0.85579044, 1.1153884, 0.08119191), (0.8538827, 1.1193376, 0.078139454), (0.85816914, 1.1110816, 0.08326829), (0.85970956, 1.11164, 0.082704075), (0.8604323, 1.106461, 0.08466317), (0.86054873, 1.1120661, 0.08270667), (0.8620049, 1.1071458, 0.08399135), (0.8628769, 1.1017342, 0.08510096), (0.86284167, 1.1075766, 0.08399258), (0.8643948, 1.1025358, 0.08439025), (0.8653539, 1.0970367, 0.08454391), (0.86522907, 1.1029716, 0.08439109), (0.8668076, 1.0979493, 0.08387498), (0.86783755, 1.092568, 0.08303403), (0.86763936, 1.0983897, 0.083876334), (0.8699906, 1.0881974, 0.08084785), (0.87210906, 1.0844367, 0.077697836), (0.8691702, 1.0935243, 0.08247485), (0.8699995, 1.0939693, 0.082477674), (0.8713203, 1.0895636, 0.027746893), (0.87328345, 1.0856434, 0.030801482), (0.8692737, 1.0940437, 0.025683291), (0.8705755, 1.0949683, 0.026356839), (0.866863, 1.0985874, 0.024282739), (0.87140334, 1.0954119, 0.026418373), (0.8682802, 1.0994624, 0.025069565), (0.8644109, 1.1033103, 0.023844657), (0.8691104, 1.0999013, 0.025132453), (0.86589026, 1.1040725, 0.024670662), (0.8619413, 1.1080116, 0.024401985), (0.866723, 1.1045065, 0.024733948), (0.86347747, 1.1086589, 0.025185931), (0.8596053, 1.1125573, 0.025917554), (0.8643127, 1.1090882, 0.025248699), (0.85712016, 1.1167548, 0.028090931), (0.85505706, 1.1205442, 0.0312431), (0.86111486, 1.113084, 0.026586065), (0.8619526, 1.1135087, 0.026647361), (1.3612754, 0.20314361, -0.49335265), (1.3571515, 0.20104645, -0.49355003), (1.3631842, 0.1998906, -0.49885204), (1.3556869, 0.20060937, -0.4938392), (1.3590572, 0.1977987, -0.49904048), (1.3646382, 0.19755161, -0.5049254), (1.3575739, 0.19739354, -0.49927574), (1.3605088, 0.19546364, -0.5051039), (1.3656002, 0.1961836, -0.5113809), (1.3590112, 0.1950813, -0.5052796), (1.3614693, 0.19409783, -0.5115488), (1.3660334, 0.1958433, -0.51802653), (1.3599622, 0.19372898, -0.51166123), (1.3619018, 0.19375806, -0.5181837), (1.3659328, 0.19652528, -0.52465945), (1.3603905, 0.19339249, -0.5182309), (1.3618013, 0.19443895, -0.52480567), (1.365293, 0.1982245, -0.5310761), (1.360291, 0.19406675, -0.52478796), (1.3611625, 0.19613542, -0.5312118), (1.3641417, 0.2008744, -0.53708625), (1.3596586, 0.19574648, -0.53113115), (1.3600131, 0.19878091, -0.53721225), (1.3625062, 0.20440821, -0.5424998), (1.3585204, 0.19836609, -0.53707254), (1.3583802, 0.202309, -0.54261696), (1.3569036, 0.20185952, -0.5424242), (1.3552829, 0.21907626, -0.5536727), (1.3511688, 0.21695316, -0.55377156), (1.3523439, 0.22483082, -0.555321), (1.3497629, 0.21635987, -0.5534694), (1.3482345, 0.2226983, -0.5554172), (1.3492837, 0.23073374, -0.55583173), (1.3468575, 0.22204857, -0.55509883), (1.3451794, 0.22859153, -0.55592716), (1.3461943, 0.2366065, -0.55517197), (1.3438324, 0.22788396, -0.55560374), (1.3420949, 0.23445474, -0.5552684), (1.3431691, 0.24227257, -0.5533792), (1.3407782, 0.23368958, -0.55495155), (1.3390747, 0.24011147, -0.5534785), (1.3403018, 0.24755527, -0.5504909), (1.3377875, 0.23929085, -0.55317926), (1.336212, 0.24538553, -0.55059505), (1.3376764, 0.25230098, -0.54661083), (1.3349531, 0.24451305, -0.5503241), (1.333591, 0.25012347, -0.5467212), (1.3323898, 0.24924093, -0.5465071), (1.3353771, 0.25635627, -0.54184246), (1.3312955, 0.25417227, -0.5419607), (1.3334683, 0.25960934, -0.53634304), (1.3300848, 0.2532135, -0.5417745), (1.3293898, 0.25742, -0.5364703), (1.3282385, 0.25648752, -0.5363541), (1.3320143, 0.26194832, -0.53026974), (1.3279382, 0.25975507, -0.5304069), (1.3310523, 0.26331633, -0.5238143), (1.3267604, 0.2587415, -0.53033406), (1.3269777, 0.26112086, -0.5239619), (1.3306191, 0.26365662, -0.51716846), (1.3258094, 0.26009387, -0.5239525), (1.3265452, 0.26146066, -0.517327), (1.3307197, 0.26297465, -0.5105358), (1.3253812, 0.2604303, -0.5173827), (1.3266457, 0.26077974, -0.51070505), (1.3313595, 0.26127544, -0.5041191), (1.3254807, 0.25975612, -0.51082575), (1.3272845, 0.25908327, -0.50429887), (1.3325108, 0.25862554, -0.49810883), (1.3261131, 0.2580763, -0.50448257), (1.3284339, 0.2564378, -0.49829856), (1.3272911, 0.25551403, -0.49851978), (1.3341464, 0.25509167, -0.49269533), (1.3300668, 0.25290972, -0.4928938), (1.3362095, 0.2507937, -0.48803267), (1.3288682, 0.25196335, -0.4931894), (1.3321265, 0.2486187, -0.48823872), (1.3308908, 0.24764982, -0.48864207), (1.3386436, 0.24585146, -0.4842752), (1.3345566, 0.2436845, -0.48448738), (1.3413696, 0.24042366, -0.4815224), (1.3332331, 0.24269679, -0.48501176), (1.3372782, 0.23826559, -0.48173916), (1.3443086, 0.2346691, -0.4798741), (1.3359164, 0.23735408, -0.4823022), (1.3402125, 0.2325204, -0.48009357), (1.3473688, 0.22876613, -0.47936338), (1.3388094, 0.2316897, -0.48067978), (1.3432676, 0.22662713, -0.47958362), (1.3504583, 0.22289339, -0.48002312), (1.3418216, 0.22587943, -0.480177), (1.346352, 0.22076397, -0.48024234), (1.3534836, 0.21722731, -0.48181593), (1.3448625, 0.2200988, -0.48082638), (1.3493723, 0.21510722, -0.48203218), (1.3478403, 0.21452162, -0.4825911), (1.3335835, 0.24760032, -0.49831158), (1.3323076, 0.25035718, -0.502535), (1.3305799, 0.24980764, -0.50241095), (1.3314093, 0.25242448, -0.5072238), (1.3296708, 0.25190002, -0.5071568), (1.3309102, 0.25375015, -0.51222986), (1.3291656, 0.25324178, -0.5122235), (1.3308316, 0.25428224, -0.5174044), (1.3290861, 0.25378036, -0.517461), (1.3311696, 0.2540167, -0.52258915), (1.3294282, 0.25351158, -0.5227088), (1.3319201, 0.25294945, -0.5276254), (1.3301879, 0.25243136, -0.5278061), (1.3330545, 0.2511247, -0.5323634), (1.3314766, 0.2505998, -0.53256845), (1.3345437, 0.24858679, -0.5366538), (1.3328432, 0.24801579, -0.5369443), (1.3363374, 0.24542308, -0.54037386), (1.334718, 0.24482295, -0.54068553), (1.3383856, 0.24172062, -0.54340106), (1.3367318, 0.24106616, -0.5437734), (1.3406225, 0.23759934, -0.54565436), (1.3389959, 0.23689485, -0.54605407), (1.3429826, 0.233179, -0.5470529), (1.3413848, 0.23242073, -0.54746974), (1.345393, 0.22859728, -0.54756767), (1.3438243, 0.22778343, -0.5479906), (1.3477803, 0.22399214, -0.54716915), (1.3462406, 0.22312234, -0.54758734), (1.3500732, 0.21950272, -0.5458833), (1.3485614, 0.2185783, -0.5462858), (1.3522, 0.21526815, -0.54373574), (1.350714, 0.21429238, -0.5441122), (1.3540989, 0.21141241, -0.54080427), (1.3526777, 0.21043254, -0.54112065), (1.3557085, 0.20805928, -0.53716666), (1.3542651, 0.20699595, -0.53746337), (1.3569845, 0.2053024, -0.53294325), (1.3556498, 0.20431143, -0.53315413), (1.3578827, 0.2032351, -0.52825445), (1.3564657, 0.20211312, -0.5284428), (1.3583817, 0.20190945, -0.52324843), (1.3569709, 0.20077138, -0.5233761), (1.3584604, 0.2013773, -0.5180738), (1.3570504, 0.2002328, -0.5181386), (1.3581223, 0.2016429, -0.5128891), (1.3567083, 0.20050158, -0.5128909), (1.3573718, 0.20271015, -0.50785285), (1.3559487, 0.20158179, -0.5077935), (1.3562375, 0.20453489, -0.5031148), (1.3548954, 0.20353605, -0.5030222), (1.3547484, 0.20707269, -0.4988244), (1.3532933, 0.20599736, -0.4986553), (1.3529545, 0.2102365, -0.49510434), (1.3521235, 0.20975702, -0.49508956), (1.3512963, 0.20899253, -0.49478257), (1.3509064, 0.21393892, -0.49207714), (1.3500711, 0.2134672, -0.4920561), (1.3491502, 0.21267764, -0.49163368), (1.3486694, 0.21806024, -0.4898239), (1.3478295, 0.21759707, -0.4897981), (1.3468683, 0.21688178, -0.48933512), (1.3463093, 0.2224806, -0.48842525), (1.3454643, 0.22202674, -0.4883965), (1.3444607, 0.22139108, -0.48790836), (1.343899, 0.22706224, -0.48791057), (1.343049, 0.22661799, -0.4878807), (1.3420019, 0.22606485, -0.4873832), (1.3415116, 0.23166744, -0.48830903), (1.3406566, 0.23123284, -0.48828), (1.3395666, 0.23076265, -0.48778978), (1.3392187, 0.23615693, -0.48959497), (1.338359, 0.23573174, -0.48956865), (1.333402, 0.17450278, 0.61972857), (1.3292781, 0.17240562, 0.6195312), (1.3353108, 0.17124976, 0.6142292), (1.3278134, 0.17196853, 0.619242), (1.3311838, 0.16915788, 0.61404073), (1.3367648, 0.16891079, 0.60815585), (1.3297005, 0.1687527, 0.61380553), (1.3326353, 0.1668228, 0.60797733), (1.3377268, 0.16754277, 0.6017005), (1.3311378, 0.16644046, 0.60780174), (1.3335959, 0.16545701, 0.60153246), (1.33816, 0.16720247, 0.5950547), (1.3320888, 0.16508815, 0.60142004), (1.3340284, 0.16511722, 0.59489757), (1.3380593, 0.16788444, 0.58842176), (1.3325171, 0.16475166, 0.5948503), (1.3339278, 0.16579813, 0.5882756), (1.3374196, 0.16958366, 0.58200526), (1.3324175, 0.16542591, 0.5882933), (1.3332891, 0.1674946, 0.5818695), (1.3362682, 0.17223357, 0.57599497), (1.3317851, 0.16710566, 0.58195007), (1.3321396, 0.17014007, 0.575869), (1.3346328, 0.17576739, 0.5705815), (1.3306469, 0.16972525, 0.57600856), (1.3305068, 0.17366816, 0.5704643), (1.3290302, 0.17321868, 0.57065696), (1.3274095, 0.19043544, 0.55940855), (1.3232954, 0.18831234, 0.55930966), (1.3244705, 0.19619, 0.55776024), (1.3218894, 0.18771903, 0.55961186), (1.3203611, 0.19405746, 0.5576641), (1.3214103, 0.20209292, 0.5572495), (1.318984, 0.19340774, 0.55798244), (1.3173059, 0.1999507, 0.5571541), (1.3183209, 0.20796566, 0.55790925), (1.3159589, 0.19924313, 0.55747753), (1.3142215, 0.2058139, 0.55781287), (1.3152956, 0.21363173, 0.5597021), (1.3129047, 0.20504874, 0.5581297), (1.3112012, 0.21147065, 0.5596027), (1.3099141, 0.21065003, 0.559902), (1.3075037, 0.22771543, 0.5712388), (1.3034221, 0.22553143, 0.57112056), (1.3055949, 0.2309685, 0.5767382), (1.3022113, 0.22457266, 0.57130677), (1.3015163, 0.22877917, 0.576611), (1.3041409, 0.23330748, 0.5828115), (1.3003243, 0.22778855, 0.5767433), (1.3000648, 0.23111424, 0.58267444), (1.3031788, 0.2346755, 0.5892669), (1.298887, 0.23010068, 0.58274716), (1.2991043, 0.23248003, 0.58911926), (1.3027456, 0.2350158, 0.59591275), (1.297936, 0.23145305, 0.58912873), (1.2986717, 0.23281983, 0.59575427), (1.3028463, 0.23433383, 0.6025455), (1.2975076, 0.23178948, 0.5956986), (1.2987723, 0.23213892, 0.6023762), (1.303486, 0.2326346, 0.6089622), (1.2976072, 0.23111528, 0.6022555), (1.299411, 0.23044245, 0.60878235), (1.3046374, 0.2299847, 0.6149724), (1.2982397, 0.22943549, 0.6085987), (1.3005605, 0.22779697, 0.6147827), (1.2994176, 0.22687319, 0.61456144), (1.306273, 0.22645083, 0.62038594), (1.3021933, 0.22426888, 0.62018746), (1.308336, 0.22215287, 0.6250486), (1.3009946, 0.22332251, 0.6198918), (1.3042531, 0.21997789, 0.6248425), (1.3030173, 0.21900898, 0.62443924), (1.3107702, 0.21721064, 0.62880605), (1.3066832, 0.21504366, 0.62859386), (1.3134961, 0.21178283, 0.63155884), (1.3053596, 0.21405596, 0.6280696), (1.3094047, 0.20962477, 0.6313421), (1.3164352, 0.20602827, 0.63320714), (1.308043, 0.20871325, 0.6307791), (1.312339, 0.20387957, 0.6329877), (1.3194954, 0.20012529, 0.6337179), (1.310936, 0.20304887, 0.63240147), (1.3153942, 0.19798629, 0.63349766), (1.3225849, 0.19425255, 0.63305813), (1.313948, 0.1972386, 0.63290423), (1.3184786, 0.19212314, 0.6328389), (1.32561, 0.18858647, 0.63126534), (1.3169891, 0.19145796, 0.6322548), (1.3214989, 0.1864664, 0.63104904), (1.3199668, 0.1858808, 0.6304902), (1.3057101, 0.21895948, 0.6147697), (1.3044341, 0.22171636, 0.6105463), (1.3027065, 0.22116682, 0.6106704), (1.3035358, 0.22378364, 0.6058575), (1.3017974, 0.2232592, 0.6059244), (1.3030368, 0.22510931, 0.6008515), (1.3012922, 0.22460094, 0.60085773), (1.3029583, 0.2256414, 0.5956769), (1.3012127, 0.22513953, 0.5956203), (1.3032962, 0.22537586, 0.5904921), (1.3015548, 0.22487074, 0.5903725), (1.3040468, 0.22430861, 0.58545583), (1.3023144, 0.22379053, 0.5852751), (1.305181, 0.22248387, 0.58071774), (1.303603, 0.22195897, 0.5805129), (1.3066703, 0.21994597, 0.57642734), (1.3049698, 0.21937495, 0.57613695), (1.308464, 0.21678226, 0.5727073), (1.3068445, 0.21618211, 0.5723958), (1.3105122, 0.21307978, 0.5696802), (1.3088584, 0.21242532, 0.5693078), (1.3127491, 0.2089585, 0.567427), (1.3111225, 0.20825402, 0.5670272), (1.3151093, 0.20453817, 0.56602836), (1.3135113, 0.20377989, 0.56561154), (1.3175195, 0.19995646, 0.56551355), (1.3159509, 0.19914259, 0.5650906), (1.319907, 0.1953513, 0.56591207), (1.3183672, 0.1944815, 0.5654939), (1.3221998, 0.19086188, 0.567198), (1.320688, 0.18993746, 0.5667954), (1.3243265, 0.18662733, 0.5693455), (1.3228406, 0.18565156, 0.5689691), (1.3262255, 0.1827716, 0.57227695), (1.3248043, 0.18179171, 0.5719606), (1.3278351, 0.17941844, 0.57591456), (1.3263917, 0.17835511, 0.57561785), (1.329111, 0.17666158, 0.58013797), (1.3277764, 0.1756706, 0.57992715), (1.3300092, 0.17459428, 0.58482677), (1.3285923, 0.1734723, 0.5846384), (1.3305084, 0.17326863, 0.5898328), (1.3290975, 0.17213055, 0.5897051), (1.3305869, 0.17273648, 0.5950074), (1.329177, 0.17159197, 0.5949427), (1.330249, 0.17300206, 0.6001921), (1.3288349, 0.17186075, 0.6001904), (1.3294984, 0.17406933, 0.6052284), (1.3280752, 0.17294097, 0.6052878), (1.328364, 0.17589405, 0.60996646), (1.327022, 0.17489521, 0.61005914), (1.326875, 0.17843185, 0.61425686), (1.3254199, 0.17735654, 0.61442596), (1.3250811, 0.18159568, 0.617977), (1.3242501, 0.1811162, 0.6179917), (1.3234228, 0.1803517, 0.6182987), (1.323033, 0.18529809, 0.6210041), (1.3221977, 0.18482637, 0.62102515), (1.3212768, 0.18403682, 0.6214475), (1.320796, 0.18941942, 0.6232573), (1.3199561, 0.18895623, 0.62328315), (1.3189949, 0.18824095, 0.62374616), (1.3184359, 0.19383976, 0.62465596), (1.317591, 0.19338591, 0.62468475), (1.3165872, 0.19275026, 0.6251729), (1.3160256, 0.19842142, 0.6251707), (1.3151757, 0.19797716, 0.6252005), (1.3141285, 0.19742402, 0.625698), (1.3136382, 0.20302662, 0.62477225), (1.3127832, 0.202592, 0.6248012), (1.3116931, 0.20212181, 0.62529147), (1.3113453, 0.20751609, 0.6234863), (1.3104855, 0.2070909, 0.6235126), (1.1295867, 0.64679325, -0.48773894), (1.1254628, 0.64469606, -0.48793632), (1.1314955, 0.64354014, -0.49323833), (1.1239982, 0.644259, -0.4882255), (1.1273685, 0.6414483, -0.49342674), (1.1329495, 0.64120126, -0.49931163), (1.1258851, 0.6410431, -0.49366203), (1.1288201, 0.63911325, -0.49949017), (1.1339115, 0.6398333, -0.50576717), (1.1273224, 0.63873094, -0.49966586), (1.1297805, 0.63774747, -0.5059351), (1.1343448, 0.63949287, -0.51241285), (1.1282735, 0.63737863, -0.5060475), (1.130213, 0.63740766, -0.51256996), (1.1342441, 0.6401749, -0.51904577), (1.1287018, 0.6370421, -0.51261723), (1.1301125, 0.6380886, -0.5191919), (1.1336043, 0.64187413, -0.5254623), (1.1286023, 0.6377164, -0.5191742), (1.1294738, 0.63978505, -0.52559805), (1.132453, 0.644524, -0.53147256), (1.1279699, 0.63939613, -0.52551746), (1.1283244, 0.64243054, -0.5315985), (1.1308174, 0.6480579, -0.53688604), (1.1268317, 0.6420157, -0.53145885), (1.1266915, 0.64595866, -0.5370032), (1.1252148, 0.6455091, -0.53681046), (1.1235942, 0.6627259, -0.5480589), (1.11948, 0.66060275, -0.5481578), (1.1206552, 0.6684805, -0.5497073), (1.1180742, 0.66000944, -0.5478557), (1.1165458, 0.6663479, -0.54980344), (1.117595, 0.6743834, -0.550218), (1.1151688, 0.66569823, -0.5494851), (1.1134907, 0.6722412, -0.5503134), (1.1145055, 0.6802562, -0.5495583), (1.1121436, 0.67153364, -0.54999), (1.1104063, 0.67810434, -0.54965466), (1.1114804, 0.6859222, -0.54776543), (1.1090895, 0.67733926, -0.5493378), (1.107386, 0.6837611, -0.5478648), (1.108613, 0.69120485, -0.54487723), (1.1060989, 0.6829404, -0.5475655), (1.1045233, 0.6890351, -0.5449813), (1.1059877, 0.69595057, -0.54099715), (1.1032643, 0.6881627, -0.54471034), (1.1019022, 0.69377315, -0.54110754), (1.1007011, 0.6928905, -0.5408934), (1.1036884, 0.70000595, -0.5362287), (1.0996068, 0.69782186, -0.536347), (1.1017796, 0.703259, -0.53072935), (1.0983961, 0.6968631, -0.53616077), (1.0977011, 0.7010696, -0.53085655), (1.0965499, 0.70013714, -0.5307404), (1.1003256, 0.70559794, -0.524656), (1.0962495, 0.7034047, -0.52479315), (1.0993636, 0.7069659, -0.5182006), (1.0950718, 0.70239115, -0.5247203), (1.095289, 0.7047705, -0.51834816), (1.0989304, 0.7073063, -0.5115548), (1.0941206, 0.7037435, -0.51833874), (1.0948565, 0.70511025, -0.51171327), (1.0990311, 0.70662427, -0.50492203), (1.0936924, 0.70408, -0.51176894), (1.094957, 0.7044294, -0.5050913), (1.0996708, 0.70492506, -0.49850535), (1.093792, 0.70340574, -0.505212), (1.0955957, 0.7027329, -0.49868515), (1.1008221, 0.7022752, -0.49249512), (1.0944244, 0.70172596, -0.49886882), (1.0967451, 0.7000874, -0.4926848), (1.0956024, 0.6991636, -0.49290606), (1.1024576, 0.6987413, -0.48708162), (1.0983781, 0.6965593, -0.48728004), (1.1045208, 0.69444335, -0.48241895), (1.0971794, 0.695613, -0.48757568), (1.1004378, 0.6922684, -0.482625), (1.0992022, 0.6912995, -0.48302835), (1.1069548, 0.68950105, -0.47866145), (1.1028678, 0.6873342, -0.47887364), (1.1096809, 0.68407327, -0.4759087), (1.1015444, 0.68634635, -0.479398), (1.1055895, 0.6819152, -0.47612542), (1.1126199, 0.6783187, -0.4742604), (1.1042277, 0.6810037, -0.47668844), (1.1085237, 0.67617005, -0.47447985), (1.1156801, 0.6724158, -0.47374964), (1.1071206, 0.6753394, -0.47506607), (1.111579, 0.67027676, -0.47396988), (1.1187695, 0.666543, -0.47440937), (1.1101328, 0.6695291, -0.47456333), (1.1146634, 0.66441363, -0.47462863), (1.1217948, 0.660877, -0.47620222), (1.1131738, 0.6637484, -0.47521266), (1.1176835, 0.6587568, -0.47641847), (1.1161516, 0.65817124, -0.47697738), (1.1018947, 0.6912499, -0.49269786), (1.1006709, 0.6907451, -0.49264094), (1.1006188, 0.69400686, -0.49692127), (1.0994381, 0.69068134, -0.49223793), (1.0993882, 0.6935165, -0.4968865), (1.0997206, 0.6960741, -0.50161004), (1.0981264, 0.69351524, -0.4965793), (1.0984854, 0.69559455, -0.5015999), (1.0992215, 0.6973998, -0.5066161), (1.0972031, 0.69564027, -0.5013991), (1.0979836, 0.6969272, -0.5066321), (1.0991429, 0.6979319, -0.51179063), (1.0966488, 0.6970275, -0.506538), (1.0979047, 0.6974621, -0.5118337), (1.0994809, 0.69766635, -0.5169754), (1.0965055, 0.69761324, -0.5118649), (1.0982444, 0.6971951, -0.5170457), (1.1002315, 0.69659907, -0.5220117), (1.0969158, 0.6973019, -0.5172011), (1.0989989, 0.6961223, -0.5221082), (1.1013658, 0.6947744, -0.52674973), (1.0977283, 0.69617987, -0.52237034), (1.1001391, 0.694288, -0.5268712), (1.102855, 0.6922365, -0.53104013), (1.0988942, 0.6943042, -0.52724075), (1.1016362, 0.6917368, -0.5311841), (1.100425, 0.69169545, -0.53165096), (1.1089338, 0.681249, -0.5400406), (1.1112939, 0.6768286, -0.5414392), (1.109696, 0.6760704, -0.54185605), (1.1137042, 0.67224693, -0.5419539), (1.1121355, 0.6714331, -0.54237694), (1.1160916, 0.66764176, -0.5415554), (1.114552, 0.66677195, -0.54197365), (1.1183845, 0.66315234, -0.5402696), (1.1168727, 0.662228, -0.5406721), (1.1205113, 0.6589178, -0.538122), (1.1190252, 0.65794206, -0.53849846), (1.1224102, 0.6550621, -0.5351905), (1.1209891, 0.6540821, -0.53550696), (1.1240197, 0.65170896, -0.5315529), (1.1225764, 0.6506456, -0.5318496), (1.1252958, 0.648952, -0.5273295), (1.1239612, 0.647961, -0.52754045), (1.126194, 0.6468847, -0.52264076), (1.124777, 0.6457628, -0.5228291), (1.1266931, 0.6455591, -0.51763475), (1.1252822, 0.64442104, -0.5177624), (1.1267717, 0.645027, -0.51246005), (1.1253617, 0.64388245, -0.51252484), (1.1264336, 0.64529246, -0.5072754), (1.1250196, 0.6441512, -0.50727713), (1.1256831, 0.64635974, -0.5022391), (1.12426, 0.6452315, -0.5021798), (1.1245488, 0.6481845, -0.49750108), (1.1232066, 0.6471857, -0.49740848), (1.1230596, 0.6507224, -0.49321067), (1.1216046, 0.64964706, -0.49304157), (1.1212658, 0.65388614, -0.48949063), (1.1204348, 0.6534067, -0.48947582), (1.1196077, 0.6526422, -0.48916885), (1.1192176, 0.6575886, -0.48646343), (1.1183823, 0.65711683, -0.4864424), (1.1174614, 0.65632737, -0.48601994), (1.1169807, 0.66170985, -0.4842102), (1.1161407, 0.6612468, -0.48418438), (1.1151795, 0.66053146, -0.48372138), (1.1146206, 0.66613024, -0.48281154), (1.1137756, 0.66567636, -0.48278278), (1.112772, 0.66504073, -0.48229462), (1.1122103, 0.6707119, -0.48229685), (1.1113603, 0.67026764, -0.482267), (1.1103132, 0.6697145, -0.48176953), (1.1098229, 0.6753171, -0.48269528), (1.1089679, 0.6748825, -0.48266628), (1.1078779, 0.67441225, -0.48217604), (1.10753, 0.67980653, -0.48398125), (1.1066703, 0.6793813, -0.4839549), (1.1017133, 0.6181524, 0.6253423), (1.0975894, 0.61605525, 0.62514496), (1.1036221, 0.61489934, 0.61984295), (1.0961248, 0.61561817, 0.62485576), (1.099495, 0.6128075, 0.6196544), (1.1050761, 0.6125604, 0.6137696), (1.0980117, 0.6124023, 0.6194192), (1.1009465, 0.61047244, 0.6135911), (1.1060381, 0.6111924, 0.6073142), (1.099449, 0.61009014, 0.6134154), (1.1019071, 0.60910666, 0.60714614), (1.1064713, 0.61085206, 0.60066843), (1.1004001, 0.60873777, 0.6070337), (1.1023396, 0.60876685, 0.6005113), (1.1063706, 0.6115341, 0.5940355), (1.1008284, 0.6084013, 0.60046405), (1.1022391, 0.6094478, 0.59388936), (1.1057309, 0.6132333, 0.58761895), (1.1007289, 0.60907555, 0.593907), (1.1016004, 0.6111442, 0.58748317), (1.1045796, 0.6158832, 0.5816087), (1.1000963, 0.6107553, 0.5875638), (1.1004509, 0.6137897, 0.58148277), (1.102944, 0.619417, 0.5761952), (1.0989583, 0.6133749, 0.5816223), (1.0988181, 0.61731786, 0.576078), (1.0973414, 0.6168683, 0.57627064), (1.0957208, 0.6340851, 0.5650223), (1.0916066, 0.63196194, 0.5649234), (1.0927818, 0.63983965, 0.563374), (1.0902008, 0.63136864, 0.5652256), (1.0886724, 0.63770705, 0.56327784), (1.0897216, 0.6457426, 0.56286323), (1.0872953, 0.6370574, 0.5635961), (1.0856172, 0.64360034, 0.56276786), (1.0866321, 0.6516154, 0.563523), (1.0842701, 0.6428928, 0.5630912), (1.0825328, 0.64946353, 0.56342655), (1.0836068, 0.6572814, 0.5653158), (1.081216, 0.6486984, 0.5637435), (1.0795126, 0.6551203, 0.5652164), (1.0807396, 0.66256404, 0.56820405), (1.0782255, 0.6542996, 0.56551576), (1.0766499, 0.6603943, 0.5681), (1.0781143, 0.66730976, 0.5720842), (1.0753909, 0.6595218, 0.5683709), (1.0740288, 0.66513234, 0.57197374), (1.0728277, 0.6642497, 0.5721879), (1.075815, 0.6713651, 0.57685256), (1.0717334, 0.669181, 0.57673424), (1.0739062, 0.6746182, 0.5823519), (1.0705227, 0.6682223, 0.57692045), (1.0698277, 0.6724288, 0.5822247), (1.0686764, 0.6714963, 0.5823407), (1.0724522, 0.6769571, 0.5884252), (1.0683761, 0.67476386, 0.5882882), (1.0714902, 0.6783251, 0.59488064), (1.0671983, 0.6737503, 0.5883609), (1.0674156, 0.67612964, 0.594733), (1.0710568, 0.67866546, 0.6015265), (1.0662472, 0.67510265, 0.5947425), (1.0669831, 0.67646945, 0.60136795), (1.0711576, 0.6779834, 0.60815924), (1.0658189, 0.6754392, 0.60131234), (1.0670836, 0.6757885, 0.6079899), (1.0717974, 0.6762842, 0.61457586), (1.0659186, 0.67476493, 0.6078692), (1.0677223, 0.6740921, 0.6143961), (1.0729487, 0.67363435, 0.62058616), (1.066551, 0.6730851, 0.61421245), (1.0688717, 0.6714466, 0.62039644), (1.067729, 0.6705228, 0.6201751), (1.0745842, 0.6701005, 0.6259996), (1.0705047, 0.6679185, 0.6258012), (1.0766473, 0.66580254, 0.6306623), (1.0693059, 0.66697216, 0.62550557), (1.0725644, 0.6636275, 0.63045627), (1.0713288, 0.6626587, 0.6300529), (1.0790814, 0.66086024, 0.6344198), (1.0749944, 0.6586933, 0.6342076), (1.0818075, 0.65543246, 0.6371726), (1.073671, 0.65770555, 0.6336832), (1.077716, 0.65327436, 0.6369558), (1.0847465, 0.6496779, 0.6388209), (1.0763543, 0.6523629, 0.6363928), (1.0806502, 0.64752924, 0.6386014), (1.0878067, 0.6437749, 0.6393316), (1.0792471, 0.64669853, 0.6380152), (1.0837054, 0.64163595, 0.63911134), (1.0908961, 0.63790214, 0.6386719), (1.0822593, 0.6408883, 0.638518), (1.0867898, 0.63577276, 0.63845265), (1.0939213, 0.6322361, 0.636879), (1.0853003, 0.6351076, 0.6378685), (1.0898101, 0.630116, 0.6366628), (1.0882782, 0.62953043, 0.63610387), (1.0740213, 0.66260904, 0.6203834), (1.0727975, 0.66210425, 0.6204403), (1.0727453, 0.66536605, 0.61616), (1.0715647, 0.6620405, 0.6208433), (1.0715148, 0.6648757, 0.6161947), (1.0718471, 0.6674333, 0.6114712), (1.070253, 0.66487443, 0.616502), (1.070612, 0.66695374, 0.61148137), (1.0713481, 0.668759, 0.6064652), (1.0693297, 0.66699946, 0.6116822), (1.0701102, 0.6682864, 0.6064492), (1.0712695, 0.6692911, 0.6012906), (1.0687753, 0.6683867, 0.60654324), (1.0700313, 0.6688212, 0.6012475), (1.0716075, 0.66902554, 0.5961059), (1.0686321, 0.6689724, 0.6012164), (1.070371, 0.6685543, 0.59603554), (1.072358, 0.66795826, 0.5910696), (1.0690423, 0.66866106, 0.59588015), (1.0711255, 0.6674814, 0.590973), (1.0734923, 0.6661335, 0.5863315), (1.0698549, 0.667539, 0.59071094), (1.0722657, 0.6656472, 0.5862101), (1.0749815, 0.6635957, 0.5820411), (1.0710208, 0.66566336, 0.5858405), (1.0737627, 0.663096, 0.5818972), (1.0725516, 0.66305465, 0.5814304), (1.0744376, 0.6597862, 0.577647), (1.0810604, 0.65260816, 0.5730407), (1.0798734, 0.652051, 0.5728497), (1.0834205, 0.6481878, 0.57164204), (1.0825686, 0.64775634, 0.57154804), (1.0858308, 0.6436061, 0.5711273), (1.0765009, 0.6559967, 0.5744948), (1.0788002, 0.65176034, 0.5721786), (1.081322, 0.64725345, 0.57080585), (1.084984, 0.64316505, 0.57103217), (1.0837916, 0.6425523, 0.57024854), (1.0882182, 0.63900095, 0.5715258), (1.0873764, 0.6385503, 0.5714315), (1.0862435, 0.6378293, 0.57068664), (1.0905111, 0.6345115, 0.5728117), (1.0893736, 0.6338596, 0.5726195), (1.0885148, 0.6331583, 0.5719432), (1.0926378, 0.630277, 0.5749592), (1.0915115, 0.6296029, 0.57477826), (1.0945368, 0.6264212, 0.5778907), (1.0934204, 0.625727, 0.5777251), (1.090701, 0.6288056, 0.57415074), (1.0926641, 0.62488526, 0.5772053), (1.0961463, 0.62306815, 0.5815283), (1.0946426, 0.62193584, 0.58120024), (1.0974224, 0.6203112, 0.5857517), (1.0960877, 0.6193202, 0.5855409), (1.0983206, 0.6182439, 0.5904405), (1.0969036, 0.61712193, 0.59025216), (1.0988196, 0.6169182, 0.5954465), (1.0974088, 0.6157802, 0.59531885), (1.0988982, 0.6163861, 0.60062116), (1.0974883, 0.61524165, 0.60055643), (1.0985602, 0.61665165, 0.6058059), (1.0971462, 0.6155104, 0.60580415), (1.0978097, 0.61771894, 0.6108421), (1.0963864, 0.6165906, 0.61090153), (1.0966754, 0.6195437, 0.6155802), (1.0953332, 0.6185449, 0.6156728), (1.0951862, 0.6220815, 0.6198706), (1.0937312, 0.6210062, 0.6200397), (1.0933924, 0.62524533, 0.62359077), (1.0925614, 0.6247658, 0.62360543), (1.0917343, 0.6240013, 0.62391245), (1.0913442, 0.62894773, 0.62661785), (1.0905089, 0.628476, 0.6266389), (1.089588, 0.6276865, 0.62706125), (1.0891073, 0.63306904, 0.628871), (1.0882673, 0.6326059, 0.6288969), (1.0873061, 0.63189065, 0.62935984), (1.0867472, 0.6374894, 0.6302697), (1.0859022, 0.63703555, 0.6302985), (1.0848986, 0.63639987, 0.6307866), (1.0843369, 0.64207107, 0.6307844), (1.0834869, 0.64162683, 0.63081425), (1.0824398, 0.6410737, 0.6313117), (1.0819495, 0.64667624, 0.63038594), (1.0810945, 0.6462416, 0.63041496), (1.0800043, 0.64577144, 0.6309052), (1.0796566, 0.6511657, 0.6291), (1.0787969, 0.6507405, 0.6291263), (0.8963817, 1.0933464, -0.48208848), (0.89225775, 1.0912491, -0.48228583), (0.8982905, 1.0900933, -0.48758787), (0.89079314, 1.0908121, -0.48257503), (0.8941635, 1.0880014, -0.48777628), (0.89974445, 1.0877544, -0.49366117), (0.89268017, 1.0875962, -0.48801154), (0.89561504, 1.0856663, -0.4938397), (0.9007065, 1.0863863, -0.5001167), (0.8941175, 1.0852841, -0.4940154), (0.89657557, 1.0843005, -0.5002846), (0.9011398, 1.086046, -0.5067624), (0.8950685, 1.0839317, -0.500397), (0.89700806, 1.0839608, -0.5069195), (0.90103906, 1.086728, -0.51339525), (0.89549685, 1.0835952, -0.50696677), (0.8969075, 1.0846417, -0.51354146), (0.90039927, 1.0884273, -0.51981187), (0.89539725, 1.0842694, -0.51352376), (0.89626884, 1.0863382, -0.5199476), (0.89924794, 1.0910771, -0.52582204), (0.89476484, 1.0859493, -0.519867), (0.89511937, 1.0889837, -0.52594805), (0.8976124, 1.0946109, -0.5312356), (0.89362663, 1.0885688, -0.5258084), (0.89348644, 1.0925118, -0.53135276), (0.8920098, 1.0920622, -0.53116), (0.8903892, 1.1092789, -0.54240847), (0.88627505, 1.1071558, -0.54250735), (0.88745016, 1.1150336, -0.54405683), (0.88486916, 1.1065626, -0.5422052), (0.8833408, 1.1129011, -0.544153), (0.88439, 1.1209365, -0.5445675), (0.8819638, 1.1122513, -0.5438346), (0.8802856, 1.1187943, -0.54466295), (0.8813005, 1.1268092, -0.5439078), (0.8789386, 1.1180867, -0.54433954), (0.8772012, 1.1246574, -0.5440042), (0.8782753, 1.1324754, -0.542115), (0.8758844, 1.1238923, -0.54368734), (0.874181, 1.1303142, -0.54221433), (0.875408, 1.137758, -0.5392268), (0.87289387, 1.1294935, -0.54191506), (0.87131834, 1.1355883, -0.53933084), (0.8727827, 1.1425037, -0.5353467), (0.8700594, 1.1347158, -0.5390599), (0.8686973, 1.1403263, -0.535457), (0.8674961, 1.1394436, -0.5352429), (0.8704834, 1.146559, -0.53057826), (0.8664018, 1.144375, -0.5306965), (0.86857456, 1.1498121, -0.5250789), (0.86519104, 1.1434162, -0.5305103), (0.8644961, 1.1476227, -0.5252061), (0.86334485, 1.1466902, -0.5250899), (0.8671206, 1.152151, -0.51900554), (0.8630445, 1.1499578, -0.5191427), (0.86615855, 1.153519, -0.5125501), (0.8618668, 1.1489443, -0.51906985), (0.862084, 1.1513236, -0.5126977), (0.8657253, 1.1538595, -0.5059043), (0.86091566, 1.1502966, -0.5126883), (0.8616515, 1.1516633, -0.5060628), (0.865826, 1.1531774, -0.49927157), (0.8604874, 1.1506331, -0.5061185), (0.86175203, 1.1509825, -0.49944085), (0.86646575, 1.1514782, -0.4928549), (0.86058694, 1.1499588, -0.49956155), (0.8623907, 1.149286, -0.4930347), (0.86761713, 1.1488283, -0.48684466), (0.86121935, 1.1482791, -0.49321836), (0.8635402, 1.1466405, -0.48703435), (0.8623974, 1.1457167, -0.4872556), (0.8692527, 1.1452944, -0.48143116), (0.86517304, 1.1431124, -0.48162958), (0.8713158, 1.1409965, -0.4767685), (0.8639744, 1.142166, -0.48192522), (0.86723274, 1.1388215, -0.47697452), (0.86599714, 1.1378525, -0.4773779), (0.87374985, 1.1360542, -0.473011), (0.8696629, 1.1338872, -0.47322318), (0.8764759, 1.1306263, -0.47025824), (0.86833936, 1.1328995, -0.47374755), (0.8723844, 1.1284684, -0.47047496), (0.8794149, 1.1248717, -0.4686099), (0.87102264, 1.1275568, -0.47103798), (0.8753187, 1.1227231, -0.4688294), (0.8824751, 1.1189688, -0.46809918), (0.8739156, 1.1218926, -0.46941558), (0.87837386, 1.1168299, -0.46831942), (0.88556457, 1.1130961, -0.4687589), (0.8769278, 1.1160822, -0.46891287), (0.8814583, 1.1109667, -0.46897814), (0.8885898, 1.10743, -0.47055176), (0.8799688, 1.1103015, -0.4695622), (0.88447857, 1.1053098, -0.470768), (0.88294655, 1.1047244, -0.47132692), (0.8686898, 1.1378031, -0.48704737), (0.8674659, 1.1372982, -0.48699045), (0.86741376, 1.14056, -0.49127078), (0.86623305, 1.1372344, -0.48658746), (0.8661833, 1.1400696, -0.49123603), (0.8665156, 1.1426272, -0.49595958), (0.86492145, 1.1400683, -0.49092883), (0.86528033, 1.1421477, -0.49594942), (0.86601645, 1.143953, -0.50096565), (0.8639982, 1.1421933, -0.49574864), (0.86477864, 1.1434803, -0.5009816), (0.8659379, 1.144485, -0.5061402), (0.86344373, 1.1435807, -0.5008875), (0.86469966, 1.1440152, -0.50618327), (0.86627585, 1.1442195, -0.51132494), (0.86330056, 1.1441664, -0.50621444), (0.86503947, 1.1437482, -0.5113952), (0.8670265, 1.1431521, -0.51636124), (0.86371076, 1.1438551, -0.5115506), (0.86579394, 1.1426754, -0.51645774), (0.8681608, 1.1413275, -0.52109927), (0.8645233, 1.142733, -0.5167199), (0.8669342, 1.1408411, -0.52122074), (0.8696499, 1.1387897, -0.5253897), (0.8656893, 1.1408573, -0.5215903), (0.8684311, 1.1382899, -0.5255336), (0.86722, 1.1382486, -0.5260005), (0.8691061, 1.1349801, -0.52978384), (0.8757288, 1.1278021, -0.53439015), (0.8745419, 1.127245, -0.5345811), (0.87808895, 1.1233817, -0.5357887), (0.8772371, 1.1229502, -0.5358828), (0.88049924, 1.1188, -0.53630346), (0.87116927, 1.1311907, -0.53293604), (0.87346864, 1.1269543, -0.5352522), (0.87599033, 1.1224474, -0.5366249), (0.8796524, 1.118359, -0.5363986), (0.87846005, 1.1177462, -0.5371823), (0.88288665, 1.1141949, -0.53590494), (0.8820448, 1.1137443, -0.53599924), (0.880912, 1.1130232, -0.53674424), (0.8851796, 1.1097053, -0.53461915), (0.884042, 1.1090535, -0.5348113), (0.88318324, 1.1083523, -0.5354876), (0.8873063, 1.1054709, -0.53247154), (0.8861799, 1.1047968, -0.5326525), (0.8892052, 1.1016152, -0.52954006), (0.88808876, 1.1009209, -0.5297057), (0.88536936, 1.1039995, -0.5332801), (0.8873325, 1.1000792, -0.53022546), (0.8908148, 1.0982621, -0.52590245), (0.8896126, 1.0974743, -0.5260735), (0.89209074, 1.0955051, -0.52167904), (0.8909895, 1.0947788, -0.52180356), (0.8889842, 1.0966383, -0.52649266), (0.892989, 1.0934378, -0.51699024), (0.8918924, 1.0927007, -0.5170901), (0.8934881, 1.0921121, -0.5119843), (0.89239407, 1.0913682, -0.512058), (0.8935666, 1.09158, -0.5068096), (0.8902874, 1.0937555, -0.5221863), (0.89121073, 1.0916305, -0.5173665), (0.8917208, 1.09022, -0.5122293), (0.89247304, 1.0908332, -0.5068562), (0.8917972, 1.0895995, -0.5069049), (0.89322865, 1.0918455, -0.50162494), (0.8921333, 1.0911002, -0.5016444), (0.89145374, 1.0899457, -0.5015662), (0.8924781, 1.0929129, -0.49658865), (0.8913788, 1.092173, -0.49658176), (0.8906856, 1.0910908, -0.49639526), (0.8913438, 1.0947376, -0.4918506), (0.8902386, 1.0940073, -0.49181888), (0.88951963, 1.0929666, -0.4915248), (0.8898546, 1.0972755, -0.4875602), (0.8887416, 1.0965585, -0.48750597), (0.88798887, 1.0955753, -0.4871146), (0.8837757, 1.1082629, -0.4785597), (0.88293576, 1.1077998, -0.47853392), (0.8814156, 1.1126833, -0.47716108), (0.88057065, 1.1122295, -0.4771323), (0.87956697, 1.1115938, -0.47664416), (0.8790053, 1.117265, -0.4766464), (0.87815535, 1.1168207, -0.47661653), (0.8771082, 1.1162676, -0.47611907), (0.8766179, 1.1218702, -0.47704482), (0.87576294, 1.1214355, -0.47701582), (0.87467283, 1.1209654, -0.47652557), (0.874325, 1.1263597, -0.4783308), (0.87346524, 1.1259345, -0.47830445), (0.8685082, 1.0647055, 0.63099277), (0.86438435, 1.0626084, 0.6307954), (0.87041706, 1.0614525, 0.6254934), (0.86291975, 1.0621712, 0.6305062), (0.86629003, 1.0593606, 0.62530494), (0.871871, 1.0591135, 0.61942005), (0.8648067, 1.0589554, 0.6250697), (0.8677416, 1.0570256, 0.61924154), (0.87283313, 1.0577455, 0.6129647), (0.866244, 1.0566432, 0.6190659), (0.8687021, 1.0556598, 0.6127966), (0.87326634, 1.0574051, 0.6063189), (0.8671951, 1.0552908, 0.6126842), (0.8691346, 1.0553199, 0.6061618), (0.87316567, 1.0580871, 0.59968597), (0.8676234, 1.0549544, 0.6061145), (0.8690341, 1.0560008, 0.5995398), (0.8725259, 1.0597864, 0.5932694), (0.86752385, 1.0556287, 0.59955746), (0.8683954, 1.0576973, 0.5931336), (0.8713745, 1.0624362, 0.5872592), (0.8668914, 1.0573084, 0.5932143), (0.8672459, 1.0603428, 0.5871332), (0.869739, 1.0659702, 0.5818457), (0.86575323, 1.0599279, 0.58727276), (0.865613, 1.063871, 0.58172846), (0.8641364, 1.0634214, 0.5819211), (0.8625158, 1.0806382, 0.57067275), (0.85840166, 1.0785149, 0.57057387), (0.8595767, 1.0863928, 0.56902444), (0.85699576, 1.0779217, 0.57087606), (0.8554674, 1.0842602, 0.5689283), (0.85651654, 1.0922956, 0.5685137), (0.85409033, 1.0836104, 0.56924665), (0.8524122, 1.0901535, 0.5684183), (0.8534271, 1.0981684, 0.56917346), (0.85106516, 1.089446, 0.5687417), (0.8493278, 1.0960166, 0.569077), (0.8504019, 1.1038345, 0.5709663), (0.848011, 1.0952516, 0.56939393), (0.8463075, 1.1016734, 0.5708669), (0.84753454, 1.1091172, 0.5738545), (0.8450204, 1.1008527, 0.5711662), (0.8434449, 1.1069474, 0.57375044), (0.84490925, 1.1138629, 0.57773465), (0.8421859, 1.1060749, 0.5740214), (0.8408238, 1.1116855, 0.5776242), (0.8396226, 1.1108029, 0.57783836), (0.84260994, 1.1179183, 0.582503), (0.83852834, 1.1157341, 0.5823847), (0.84070116, 1.1211712, 0.5880024), (0.83731765, 1.1147754, 0.5825709), (0.83662266, 1.1189818, 0.5878752), (0.8354714, 1.1180494, 0.5879912), (0.8392472, 1.1235101, 0.5940757), (0.83517104, 1.121317, 0.59393865), (0.8382851, 1.1248782, 0.6005311), (0.8339933, 1.1203034, 0.59401137), (0.8342106, 1.1226827, 0.60038346), (0.8378519, 1.1252186, 0.60717696), (0.83304226, 1.1216557, 0.60039294), (0.8337781, 1.1230226, 0.6070184), (0.8379526, 1.1245365, 0.6138097), (0.83261395, 1.1219922, 0.6069628), (0.8338786, 1.1223416, 0.61364037), (0.83859235, 1.1228373, 0.6202264), (0.83271354, 1.121318, 0.61351967), (0.83451724, 1.1206452, 0.62004656), (0.8397437, 1.1201874, 0.6262366), (0.8333459, 1.1196382, 0.6198629), (0.8356667, 1.1179997, 0.6260469), (0.834524, 1.1170759, 0.6258256), (0.8413792, 1.1166536, 0.6316501), (0.8372996, 1.1144716, 0.63145167), (0.8434423, 1.1123556, 0.6363128), (0.83610094, 1.1135253, 0.631156), (0.83935934, 1.1101806, 0.6361067), (0.8381237, 1.1092118, 0.6357034), (0.8458764, 1.1074133, 0.64007026), (0.8417895, 1.1052464, 0.63985807), (0.8486025, 1.1019856, 0.64282304), (0.8404659, 1.1042587, 0.63933367), (0.84451103, 1.0998275, 0.6426063), (0.8515415, 1.0962309, 0.64447135), (0.84314924, 1.098916, 0.64204323), (0.8474453, 1.0940822, 0.6442519), (0.8546017, 1.0903281, 0.6449821), (0.84604216, 1.0932517, 0.6436657), (0.85050046, 1.088189, 0.6447618), (0.8576911, 1.0844554, 0.64432234), (0.84905434, 1.0874413, 0.64416844), (0.8535849, 1.0823259, 0.6441031), (0.86071634, 1.0787892, 0.6425295), (0.85209537, 1.0816606, 0.643519), (0.8566052, 1.0766691, 0.64231324), (0.8550731, 1.0760835, 0.6417543), (0.8408163, 1.1091622, 0.62603384), (0.8395925, 1.1086574, 0.62609076), (0.83954036, 1.1119192, 0.62181044), (0.8383596, 1.1085936, 0.6264938), (0.8383098, 1.1114287, 0.62184525), (0.8386422, 1.1139864, 0.61712164), (0.83704805, 1.1114275, 0.6221525), (0.83740693, 1.1135068, 0.6171318), (0.838143, 1.1153121, 0.6121157), (0.8361247, 1.1135525, 0.61733264), (0.8369052, 1.1148394, 0.61209965), (0.8380645, 1.1158441, 0.60694104), (0.83557034, 1.1149398, 0.6121937), (0.83682626, 1.1153743, 0.60689795), (0.83840245, 1.1155787, 0.60175633), (0.83542717, 1.1155255, 0.60686684), (0.837166, 1.1151074, 0.60168606), (0.83915305, 1.1145114, 0.59672004), (0.8358373, 1.1152142, 0.6015306), (0.8379205, 1.1140345, 0.5966235), (0.8402873, 1.1126866, 0.59198195), (0.8366499, 1.1140921, 0.5963614), (0.8390607, 1.1122003, 0.59186053), (0.8417765, 1.1101488, 0.58769155), (0.8378158, 1.1122165, 0.591491), (0.8405577, 1.1096492, 0.58754766), (0.8393466, 1.1096077, 0.58708084), (0.84123266, 1.1063392, 0.58329743), (0.8478554, 1.0991613, 0.5786912), (0.8466684, 1.0986041, 0.57850015), (0.85021555, 1.0947409, 0.5772925), (0.8493636, 1.0943094, 0.5771985), (0.8526258, 1.0901592, 0.57677776), (0.8432958, 1.1025498, 0.58014524), (0.8455952, 1.0983135, 0.57782906), (0.84811693, 1.0938066, 0.5764563), (0.851779, 1.0897182, 0.5766826), (0.8505866, 1.0891054, 0.575899), (0.8550132, 1.085554, 0.5771763), (0.85417134, 1.0851034, 0.577082), (0.85303855, 1.0843824, 0.5763371), (0.8573061, 1.0810646, 0.5784622), (0.85616857, 1.0804126, 0.57826996), (0.85530984, 1.0797114, 0.5775937), (0.8594329, 1.07683, 0.5806097), (0.85830647, 1.076156, 0.5804288), (0.86133176, 1.0729743, 0.58354115), (0.86021537, 1.07228, 0.5833756), (0.85749596, 1.0753586, 0.5798012), (0.8594591, 1.0714384, 0.58285576), (0.8629413, 1.0696212, 0.58717877), (0.8617392, 1.0688335, 0.58700776), (0.8642173, 1.0668643, 0.5914022), (0.863116, 1.0661379, 0.59127766), (0.86111075, 1.0679976, 0.5865886), (0.8651155, 1.064797, 0.596091), (0.8640189, 1.0640599, 0.5959912), (0.86561465, 1.0634713, 0.601097), (0.8645206, 1.0627273, 0.60102326), (0.8656932, 1.0629393, 0.6062716), (0.862414, 1.0651146, 0.590895), (0.86333734, 1.0629896, 0.5957148), (0.8638473, 1.0615792, 0.60085195), (0.86459965, 1.0621924, 0.606225), (0.8639238, 1.0609586, 0.6061764), (0.86535525, 1.0632048, 0.61145633), (0.86425984, 1.0624593, 0.61143684), (0.86358035, 1.0613048, 0.61151505), (0.86460465, 1.064272, 0.6164926), (0.86350536, 1.0635321, 0.6164995), (0.86281216, 1.0624499, 0.61668605), (0.8634703, 1.0660968, 0.62123066), (0.8623651, 1.0653664, 0.6212624), (0.8616462, 1.0643257, 0.62155646), (0.8619812, 1.0686346, 0.62552106), (0.86086816, 1.0679176, 0.6255753), (0.8601154, 1.0669345, 0.62596667), (0.8559023, 1.079622, 0.6345215), (0.8550623, 1.079159, 0.63454735), (0.85354215, 1.0840424, 0.63592017), (0.8526972, 1.0835887, 0.63594896), (0.8516935, 1.082953, 0.63643706), (0.85113186, 1.0886241, 0.63643485), (0.8502819, 1.08818, 0.6364647), (0.8492348, 1.0876268, 0.6369622), (0.84874445, 1.0932293, 0.6360364), (0.84788954, 1.0927947, 0.6360654), (0.8467994, 1.0923246, 0.6365557), (0.8464515, 1.0977188, 0.6347505), (0.8455918, 1.0972936, 0.63477683), (1.3472264, 0.18870775, 0.06767429), (1.3431025, 0.1866106, 0.0674769), (1.3491352, 0.18545474, 0.06217489), (1.3415244, 0.18616875, 0.06714462), (1.3450081, 0.18336286, 0.061986413), (1.3505892, 0.18311575, 0.056101535), (1.3434082, 0.18295829, 0.061717015), (1.3464596, 0.18102778, 0.055923026), (1.3515512, 0.18174775, 0.049646154), (1.3448431, 0.18064992, 0.05572314), (1.3474202, 0.17966199, 0.049478117), (1.3519845, 0.18140735, 0.04300036), (1.3462747, 0.17927307, 0.049406905), (1.3453058, 0.17946316, 0.04927888), (1.3478527, 0.1793222, 0.04284324), (1.3518838, 0.18208942, 0.036367506), (1.3467051, 0.17893493, 0.04280454), (1.3456669, 0.17916854, 0.04278455), (1.3477522, 0.1800031, 0.03622128), (1.351244, 0.18378869, 0.029950937), (1.3466051, 0.1796125, 0.036215026), (1.3456308, 0.17979702, 0.036304027), (1.3471135, 0.18169957, 0.029815122), (1.3500926, 0.18643855, 0.023940708), (1.3454895, 0.181314, 0.029914217), (1.3459641, 0.18434505, 0.023814755), (1.3484571, 0.18997236, 0.018527187), (1.3443532, 0.18392923, 0.02398259), (1.3443311, 0.1878732, 0.018410008), (1.342739, 0.18741684, 0.018639797), (1.3412338, 0.2046404, 0.0073542576), (1.3371197, 0.20251726, 0.0072553866), (1.3382949, 0.21039502, 0.0057059717), (1.3357139, 0.20192401, 0.0075575816), (1.3341855, 0.20826244, 0.0056098048), (1.3352346, 0.2162979, 0.00519522), (1.3328085, 0.20761272, 0.00592814), (1.3311303, 0.21415567, 0.0050998433), (1.3321452, 0.22217064, 0.005854975), (1.3297833, 0.2134481, 0.0054232045), (1.3280458, 0.22001888, 0.005758565), (1.3291199, 0.22783677, 0.0076477733), (1.3267292, 0.21925372, 0.00607544), (1.3250257, 0.22567563, 0.0075484216), (1.3237386, 0.22485495, 0.007847738), (1.321328, 0.24192041, 0.019184513), (1.3172464, 0.23973635, 0.01906626), (1.3194193, 0.24517348, 0.024683911), (1.3160357, 0.23877764, 0.019252477), (1.3153408, 0.2429841, 0.024556668), (1.3179653, 0.24751236, 0.030757189), (1.3141487, 0.24199353, 0.02468898), (1.3138891, 0.24531922, 0.030620135), (1.3170033, 0.24888048, 0.037212647), (1.3127114, 0.24430566, 0.030692857), (1.3129287, 0.24668501, 0.037064966), (1.3165699, 0.24922088, 0.04385844), (1.3117603, 0.24565803, 0.03707448), (1.3124962, 0.24702479, 0.043699916), (1.3166707, 0.2485388, 0.050491218), (1.311332, 0.24599451, 0.043644257), (1.3125967, 0.2463439, 0.05032188), (1.3173105, 0.24683958, 0.056907866), (1.3114316, 0.24532026, 0.050201207), (1.3132354, 0.24464743, 0.056728035), (1.3184618, 0.24418966, 0.0629181), (1.312064, 0.24364047, 0.056544423), (1.3143848, 0.24200195, 0.062728405), (1.3132421, 0.24107815, 0.06250714), (1.3200973, 0.24065581, 0.068331614), (1.3160177, 0.23847386, 0.06813315), (1.3221605, 0.23635785, 0.07299428), (1.3148191, 0.23752749, 0.067837544), (1.3180774, 0.23418285, 0.0727882), (1.3168418, 0.23321402, 0.07238493), (1.3245945, 0.2314156, 0.07675178), (1.3205075, 0.22924864, 0.07653955), (1.3273206, 0.2259878, 0.07950455), (1.3191841, 0.22826093, 0.07601521), (1.3232291, 0.22382975, 0.079287775), (1.3302596, 0.22023314, 0.08115283), (1.3218673, 0.22291829, 0.07872474), (1.3261634, 0.21808454, 0.080933355), (1.3333198, 0.21433027, 0.081663586), (1.3247603, 0.21725385, 0.08034718), (1.3292185, 0.21219127, 0.08144332), (1.3364092, 0.20845753, 0.08100382), (1.3277725, 0.21144357, 0.08084994), (1.3323029, 0.20632811, 0.0807846), (1.3394345, 0.20279145, 0.079211034), (1.3308134, 0.20566294, 0.080200516), (1.3353232, 0.20067132, 0.078994736), (1.3337913, 0.20008577, 0.07843583), (1.3195344, 0.23316446, 0.06271539), (1.3183106, 0.2326596, 0.0627723), (1.3182584, 0.23592144, 0.05849199), (1.3170778, 0.23259582, 0.06317527), (1.3170279, 0.23543105, 0.05852677), (1.3173603, 0.23798862, 0.053803157), (1.3157661, 0.23542976, 0.058833938), (1.316125, 0.23750912, 0.053813327), (1.3168612, 0.23931433, 0.048797194), (1.3148428, 0.23755471, 0.054014094), (1.3156233, 0.23884168, 0.048781175), (1.3167826, 0.23984638, 0.04362255), (1.3142884, 0.23894206, 0.048875205), (1.3155444, 0.23937659, 0.04357945), (1.3171206, 0.23958088, 0.03843781), (1.3141452, 0.23952773, 0.043548305), (1.3158841, 0.23910964, 0.03836758), (1.3178711, 0.23851359, 0.033401567), (1.3145555, 0.23921637, 0.03821214), (1.3166386, 0.23803681, 0.033304956), (1.3190055, 0.23668885, 0.028663415), (1.3153679, 0.23809433, 0.03304288), (1.3177788, 0.23620252, 0.028542047), (1.3204945, 0.23415105, 0.024373017), (1.3165339, 0.23621872, 0.028172467), (1.3192757, 0.23365135, 0.02422917), (1.3180647, 0.23360996, 0.02376229), (1.3199508, 0.23034154, 0.01997891), (1.3265735, 0.22316355, 0.015372675), (1.3253865, 0.22260639, 0.015181654), (1.3289336, 0.21874315, 0.013974014), (1.3280817, 0.2183117, 0.01387997), (1.3313439, 0.21416144, 0.013459261), (1.322014, 0.22655204, 0.01682674), (1.3243133, 0.2223157, 0.014510571), (1.326835, 0.21780881, 0.013137793), (1.330497, 0.2137204, 0.01336418), (1.3293047, 0.21310763, 0.012580469), (1.3337313, 0.20955628, 0.013857768), (1.3328894, 0.2091056, 0.013763481), (1.3317567, 0.20838459, 0.013018544), (1.3360242, 0.20506682, 0.015143687), (1.3348867, 0.20441493, 0.014951468), (1.3340279, 0.20371369, 0.01427519), (1.338151, 0.2008323, 0.017291171), (1.3370246, 0.20015821, 0.017110264), (1.3400499, 0.19697657, 0.02022262), (1.3389335, 0.19628237, 0.020057054), (1.3362141, 0.19936089, 0.016482702), (1.3381772, 0.19544068, 0.019537292), (1.3416594, 0.19362342, 0.023860276), (1.3404573, 0.19283578, 0.023689257), (1.3429353, 0.19086654, 0.028083678), (1.3418341, 0.19014028, 0.027959198), (1.3398288, 0.19199973, 0.023270126), (1.3438336, 0.18879926, 0.032772508), (1.3427371, 0.18806215, 0.03267264), (1.3443327, 0.18747355, 0.03777847), (1.3432387, 0.18672952, 0.037704792), (1.3444113, 0.18694146, 0.042953115), (1.341132, 0.18911687, 0.027576461), (1.3420554, 0.18699187, 0.032396253), (1.3425654, 0.18558145, 0.037533466), (1.3433177, 0.18619467, 0.042906515), (1.3426418, 0.18496093, 0.042857844), (1.3440733, 0.187207, 0.048137855), (1.342978, 0.18646157, 0.048118383), (1.3422984, 0.18530707, 0.04819653), (1.3433228, 0.1882743, 0.053174097), (1.3422234, 0.18753444, 0.05318097), (1.3415302, 0.18645225, 0.053367518), (1.3421885, 0.19009903, 0.057912175), (1.3410832, 0.18936872, 0.05794392), (1.3403643, 0.18832791, 0.058237933), (1.3406993, 0.19263683, 0.062202573), (1.3395863, 0.19191991, 0.0622568), (1.3388336, 0.19093663, 0.06264813), (1.3346204, 0.20362434, 0.07120299), (1.3337804, 0.20316121, 0.071228825), (1.3322603, 0.20804474, 0.072601646), (1.3314153, 0.2075909, 0.07263043), (1.3304117, 0.20695518, 0.0731186), (1.32985, 0.2126264, 0.07311641), (1.329, 0.21218213, 0.07314621), (1.3279529, 0.211629, 0.073643684), (1.3274626, 0.2172316, 0.0727179), (1.3266076, 0.21679698, 0.07274692), (1.3255175, 0.21632679, 0.07323719), (1.3251697, 0.22172107, 0.07143198), (1.32431, 0.22129588, 0.071458295), (1.1155376, 0.63235736, 0.073288016), (1.1114137, 0.6302602, 0.07309063), (1.1174464, 0.6291043, 0.067788616), (1.1098356, 0.62981844, 0.07275834), (1.1133194, 0.6270125, 0.06760014), (1.1189004, 0.6267654, 0.06171526), (1.1117195, 0.6266079, 0.06733074), (1.114771, 0.6246774, 0.06153675), (1.1198624, 0.6253974, 0.05525988), (1.1131544, 0.6242995, 0.061336864), (1.1157315, 0.62331164, 0.055091847), (1.1202958, 0.62505704, 0.04861409), (1.114586, 0.6229227, 0.05502063), (1.1136171, 0.6231128, 0.054892607), (1.116164, 0.62297183, 0.048456967), (1.120195, 0.6257391, 0.041981235), (1.1150163, 0.6225845, 0.048418265), (1.1139781, 0.6228182, 0.048398275), (1.1160635, 0.62365276, 0.041835006), (1.1195552, 0.6274383, 0.035564665), (1.1149163, 0.6232621, 0.04182875), (1.113942, 0.6234467, 0.041917752), (1.1154248, 0.62534916, 0.035428848), (1.1184039, 0.63008815, 0.029554434), (1.1138008, 0.62496364, 0.035527945), (1.1142753, 0.62799466, 0.02942848), (1.1167684, 0.633622, 0.024140915), (1.1126645, 0.62757885, 0.029596316), (1.1126424, 0.63152283, 0.024023734), (1.1110502, 0.6310665, 0.024253523), (1.1095451, 0.6482901, 0.012967984), (1.105431, 0.6461669, 0.012869113), (1.1066061, 0.6540446, 0.011319698), (1.1040251, 0.6455736, 0.013171308), (1.1024967, 0.65191203, 0.01122353), (1.1035459, 0.6599476, 0.010808947), (1.1011198, 0.6512624, 0.011541867), (1.0994416, 0.6578053, 0.01071357), (1.1004565, 0.66582036, 0.011468702), (1.0980946, 0.65709776, 0.011036931), (1.0963571, 0.6636685, 0.011372291), (1.0974313, 0.6714864, 0.013261499), (1.0950404, 0.66290337, 0.011689167), (1.0933369, 0.6693253, 0.013162147), (1.0920498, 0.6685046, 0.013461465), (1.0896393, 0.68557006, 0.024798239), (1.0855577, 0.68338597, 0.024679987), (1.0877305, 0.68882316, 0.030297639), (1.084347, 0.6824273, 0.024866203), (1.083652, 0.68663377, 0.030170394), (1.0862765, 0.69116205, 0.03637092), (1.08246, 0.68564314, 0.030302705), (1.0822004, 0.68896884, 0.03623386), (1.0853145, 0.6925301, 0.042826373), (1.0810227, 0.68795526, 0.036306582), (1.0812399, 0.6903346, 0.04267869), (1.0848813, 0.69287044, 0.049472164), (1.0800716, 0.68930763, 0.042688206), (1.0808074, 0.6906744, 0.049313642), (1.084982, 0.6921884, 0.056104943), (1.0796434, 0.68964416, 0.049257983), (1.080908, 0.6899935, 0.055935606), (1.0856217, 0.6904892, 0.06252159), (1.0797429, 0.6889699, 0.055814933), (1.0815467, 0.6882971, 0.062341765), (1.086773, 0.6878393, 0.06853182), (1.0803753, 0.6872901, 0.06215815), (1.0826961, 0.6856516, 0.068342134), (1.0815533, 0.6847278, 0.06812086), (1.0884086, 0.6843055, 0.07394534), (1.084329, 0.6821235, 0.073746875), (1.0904717, 0.6800075, 0.078608006), (1.0831304, 0.68117714, 0.073451266), (1.0863887, 0.6778325, 0.07840193), (1.0851531, 0.6768637, 0.07799866), (1.0929058, 0.6750652, 0.082365505), (1.0888188, 0.6728983, 0.08215328), (1.0956318, 0.66963744, 0.08511827), (1.0874953, 0.6719105, 0.08162893), (1.0915405, 0.66747934, 0.084901504), (1.0985708, 0.66388285, 0.086766556), (1.0901786, 0.66656786, 0.084338464), (1.0944747, 0.6617342, 0.086547084), (1.101631, 0.6579799, 0.08727731), (1.0930716, 0.6609035, 0.08596091), (1.0975298, 0.65584093, 0.08705705), (1.1047205, 0.6521071, 0.08661755), (1.0960838, 0.65509325, 0.08646367), (1.1006142, 0.64997774, 0.086398326), (1.1077458, 0.6464411, 0.084824756), (1.0991248, 0.64931256, 0.08581424), (1.1036345, 0.64432096, 0.084608465), (1.1021025, 0.6437354, 0.08404955), (1.0878457, 0.676814, 0.06832912), (1.0866219, 0.6763092, 0.068386026), (1.0865698, 0.67957103, 0.06410571), (1.085389, 0.67624545, 0.068789), (1.0853392, 0.67908067, 0.0641405), (1.0856715, 0.6816383, 0.059416883), (1.0840774, 0.6790794, 0.06444766), (1.0844363, 0.6811587, 0.059427053), (1.0851724, 0.68296397, 0.05441092), (1.0831541, 0.68120444, 0.05962782), (1.0839345, 0.68249136, 0.0543949), (1.0850939, 0.68349606, 0.049236275), (1.0825998, 0.6825917, 0.05448893), (1.0838556, 0.6830262, 0.049193177), (1.0854318, 0.6832305, 0.044051535), (1.0824565, 0.68317735, 0.04916203), (1.0841954, 0.6827593, 0.04398131), (1.0861824, 0.68216324, 0.039015297), (1.0828667, 0.6828661, 0.043825865), (1.0849499, 0.6816864, 0.038918685), (1.0873168, 0.6803385, 0.03427714), (1.0836792, 0.681744, 0.038656607), (1.0860901, 0.6798521, 0.034155775), (1.0888059, 0.67780066, 0.029986741), (1.0848452, 0.67986834, 0.033786193), (1.0875871, 0.677301, 0.029842896), (1.086376, 0.6772596, 0.029376017), (1.0882621, 0.6739912, 0.025592636), (1.0948848, 0.66681314, 0.0209864), (1.0936978, 0.66625595, 0.020795379), (1.0972449, 0.6623928, 0.01958774), (1.096393, 0.6619613, 0.019493695), (1.0996552, 0.6578111, 0.019072987), (1.0903252, 0.67020166, 0.022440465), (1.0926247, 0.6659653, 0.020124296), (1.0951463, 0.66145843, 0.018751519), (1.0988083, 0.65737003, 0.018977907), (1.097616, 0.6567573, 0.018194197), (1.1020426, 0.65320593, 0.019471494), (1.1012007, 0.65275526, 0.019377207), (1.100068, 0.6520343, 0.01863227), (1.1043354, 0.64871645, 0.020757414), (1.1031979, 0.64806455, 0.020565193), (1.1023391, 0.6473633, 0.019888917), (1.1064622, 0.64448196, 0.022904899), (1.1053358, 0.6438079, 0.022723991), (1.1083611, 0.6406262, 0.025836347), (1.1072447, 0.639932, 0.02567078), (1.1045253, 0.64301056, 0.022096429), (1.1064885, 0.63909024, 0.025151018), (1.1099707, 0.63727313, 0.029474003), (1.1087686, 0.6364854, 0.029302983), (1.1112467, 0.6345162, 0.033697404), (1.1101453, 0.6337899, 0.033572923), (1.1081401, 0.6356494, 0.028883852), (1.112145, 0.63244885, 0.038386233), (1.1110483, 0.6317118, 0.038286366), (1.1126441, 0.6311232, 0.043392196), (1.11155, 0.6303792, 0.043318518), (1.1127226, 0.6305911, 0.04856684), (1.1094434, 0.6327665, 0.033190187), (1.1103667, 0.63064146, 0.03800998), (1.1108767, 0.62923104, 0.04314719), (1.111629, 0.6298443, 0.04852024), (1.1109531, 0.62861055, 0.04847157), (1.1123846, 0.63085663, 0.05375158), (1.1112893, 0.6301112, 0.05373211), (1.1106097, 0.6289567, 0.053810257), (1.111634, 0.6319239, 0.058787823), (1.1105348, 0.6311841, 0.058794696), (1.1098416, 0.63010186, 0.058981244), (1.1104997, 0.63374865, 0.0635259), (1.1093946, 0.6330183, 0.06355765), (1.1086756, 0.6319775, 0.06385166), (1.1090106, 0.6362865, 0.0678163), (1.1078975, 0.6355695, 0.06787052), (1.1071448, 0.6345863, 0.06826186), (0.8823326, 1.0789105, 0.07893848), (0.8782087, 1.0768133, 0.07874109), (0.88424146, 1.0756575, 0.073439084), (0.8766306, 1.0763716, 0.07840881), (0.88011444, 1.0735656, 0.07325061), (0.8856954, 1.0733185, 0.06736573), (0.87851447, 1.073161, 0.07298121), (0.881566, 1.0712305, 0.06718721), (0.8866575, 1.0719504, 0.060910344), (0.87994945, 1.0708526, 0.06698733), (0.8825265, 1.0698647, 0.06074231), (0.88709074, 1.0716101, 0.054264553), (0.881381, 1.0694758, 0.060671095), (0.88041204, 1.0696659, 0.060543075), (0.882959, 1.0695249, 0.05410743), (0.88699, 1.0722921, 0.0476317), (0.8818114, 1.0691377, 0.05406873), (0.8807731, 1.0693712, 0.05404874), (0.88285846, 1.0702058, 0.04748547), (0.8863502, 1.0739914, 0.04121513), (0.8817113, 1.0698152, 0.047479216), (0.880737, 1.0699998, 0.047568217), (0.88221973, 1.0719023, 0.041079313), (0.8851989, 1.0766412, 0.0352049), (0.88059574, 1.0715168, 0.04117841), (0.8810703, 1.0745478, 0.035078947), (0.88356334, 1.0801752, 0.02979138), (0.87945944, 1.074132, 0.035246782), (0.8794374, 1.078076, 0.0296742), (0.8778453, 1.0776196, 0.02990399), (0.87634015, 1.0948431, 0.018618448), (0.872226, 1.0927199, 0.018519579), (0.8734011, 1.1005977, 0.016970163), (0.8708201, 1.0921267, 0.018821772), (0.8692917, 1.0984652, 0.016873997), (0.87034094, 1.1065006, 0.016459411), (0.86791474, 1.0978154, 0.017192332), (0.86623657, 1.1043584, 0.016364034), (0.86725146, 1.1123734, 0.017119166), (0.8648895, 1.1036508, 0.016687395), (0.86315215, 1.1102216, 0.017022755), (0.8642262, 1.1180395, 0.018911963), (0.86183536, 1.1094564, 0.017339632), (0.8601319, 1.1158783, 0.018812614), (0.86135894, 1.1233221, 0.021800173), (0.8588448, 1.1150577, 0.01911193), (0.8587336, 1.1280679, 0.025680343), (0.85643435, 1.1321232, 0.030448705), (0.85235274, 1.1299391, 0.030330451), (0.8545255, 1.1353762, 0.0359481), (0.851142, 1.1289804, 0.030516667), (0.85044706, 1.1331868, 0.035820857), (0.8530716, 1.1377151, 0.042021383), (0.84925497, 1.1321962, 0.03595317), (0.84899545, 1.135522, 0.041884325), (0.8521095, 1.1390831, 0.04847684), (0.84781766, 1.1345084, 0.041957047), (0.8480349, 1.1368877, 0.048329156), (0.8516762, 1.1394236, 0.055122633), (0.8468666, 1.1358607, 0.04833867), (0.8476024, 1.1372275, 0.054964107), (0.85177696, 1.1387415, 0.061755408), (0.84643835, 1.1361972, 0.054908447), (0.847703, 1.1365466, 0.06158607), (0.846576, 1.1355845, 0.061474442), (0.8524167, 1.1370423, 0.06817206), (0.84834164, 1.1348501, 0.067992225), (0.8552036, 1.1308585, 0.079595804), (0.8535681, 1.1343924, 0.07418229), (0.8494911, 1.1322047, 0.073992595), (0.851124, 1.1286765, 0.07939734), (0.8483483, 1.1312809, 0.07377133), (0.8572667, 1.1265606, 0.08425847), (0.84992534, 1.1277303, 0.079101734), (0.8531837, 1.1243856, 0.08405239), (0.8519481, 1.1234168, 0.08364912), (0.8597008, 1.1216183, 0.08801597), (0.8556138, 1.1194514, 0.087803744), (0.8624268, 1.1161906, 0.09076874), (0.8542903, 1.1184636, 0.0872794), (0.8583354, 1.1140325, 0.090551965), (0.86536586, 1.1104358, 0.09241702), (0.8569736, 1.113121, 0.08998893), (0.86126965, 1.1082872, 0.092197545), (0.868426, 1.1045331, 0.09292778), (0.8598665, 1.1074567, 0.09161137), (0.8643248, 1.102394, 0.09270751), (0.8715155, 1.0986603, 0.09226801), (0.8628787, 1.1016463, 0.09211413), (0.8674092, 1.0965309, 0.09204879), (0.87454075, 1.0929942, 0.090475224), (0.86591977, 1.0958656, 0.091464706), (0.8704295, 1.0908741, 0.09025893), (0.86889744, 1.0902885, 0.08970002), (0.8471703, 1.1338432, 0.06780861), (0.8546407, 1.1233672, 0.07397958), (0.85341686, 1.1228623, 0.07403649), (0.8533647, 1.1261241, 0.06975618), (0.852184, 1.1227986, 0.07443946), (0.8521342, 1.1256337, 0.06979096), (0.8524665, 1.1281914, 0.06506735), (0.8508724, 1.1256325, 0.070098124), (0.8512313, 1.1277118, 0.06507752), (0.8519674, 1.1295171, 0.060061384), (0.8499491, 1.1277574, 0.065278284), (0.8507296, 1.1290444, 0.06004537), (0.85188884, 1.1300491, 0.05488674), (0.8493947, 1.1291448, 0.060139395), (0.8506506, 1.1295793, 0.05484364), (0.8522268, 1.1297836, 0.049702004), (0.8492515, 1.1297305, 0.0548125), (0.85099036, 1.1293124, 0.049631774), (0.8529774, 1.1287162, 0.04466576), (0.8496617, 1.1294192, 0.04947633), (0.8517449, 1.1282395, 0.04456915), (0.8541117, 1.1268916, 0.039927606), (0.85047424, 1.1282971, 0.04430707), (0.8528851, 1.1264052, 0.03980624), (0.85560083, 1.1243538, 0.035637207), (0.8516402, 1.1264215, 0.039436657), (0.85438204, 1.1238542, 0.035493363), (0.85317093, 1.1238127, 0.035026483), (0.8767657, 1.0838262, 0.035124466), (0.87565774, 1.0831144, 0.03497786), (0.8780417, 1.0810692, 0.03934787), (0.87492675, 1.0821536, 0.034499347), (0.87694037, 1.0803429, 0.039223388), (0.8789399, 1.079002, 0.044036698), (0.87623835, 1.0793196, 0.038840655), (0.8778433, 1.0782648, 0.04393683), (0.87943906, 1.0776763, 0.04904266), (0.8771617, 1.0771946, 0.043660447), (0.878345, 1.0769323, 0.048968982), (0.87951756, 1.0771443, 0.054217305), (0.8776717, 1.0757842, 0.04879766), (0.878424, 1.0763974, 0.054170705), (0.8791796, 1.0774097, 0.059402045), (0.87774813, 1.0751636, 0.054122034), (0.87808424, 1.0766643, 0.059382576), (0.878429, 1.078477, 0.06443828), (0.8774047, 1.0755098, 0.059460726), (0.87732977, 1.0777371, 0.06444516), (0.8772947, 1.0803018, 0.06917637), (0.8766365, 1.0766549, 0.06463171), (0.87618953, 1.0795714, 0.06920811), (0.87580556, 1.0828396, 0.07346676), (0.8754705, 1.0785307, 0.06950212), (0.8746925, 1.0821226, 0.07352099), (0.8739398, 1.0811394, 0.07391233), (1.095878, 0.69841754, -0.5174571), (1.096688, 0.69726574, -0.5228921), (1.0979122, 0.6952965, -0.52800566), (1.0995194, 0.69255763, -0.53263587), (1.1014552, 0.68914324, -0.53665054), (1.1063958, 0.68042195, -0.5413009), (1.1036656, 0.6851476, -0.53991735), (1.1088549, 0.6758164, -0.54275817), (1.1060797, 0.6806999, -0.54234904), (1.111366, 0.67104286, -0.5432944), (1.1086267, 0.6759294, -0.5438585), (1.1138535, 0.6662448, -0.5428793), (1.1112279, 0.67098486, -0.544414), (1.1162424, 0.6615673, -0.5415395), (1.1138045, 0.6660149, -0.543984), (1.1184583, 0.65715545, -0.53930193), (1.1162789, 0.6611699, -0.54259616), (1.1204367, 0.6531382, -0.5362478), (1.118574, 0.6566, -0.54027855), (1.1221137, 0.6496446, -0.5324578), (1.1206235, 0.6524389, -0.537115), (1.1234431, 0.6467722, -0.52805763), (1.1223605, 0.6488202, -0.5331893), (1.1243789, 0.64461833, -0.5231723), (1.1237376, 0.6458449, -0.5286314), (1.1248989, 0.6432372, -0.5179566), (1.1247069, 0.6436139, -0.523571), (1.1249808, 0.6426828, -0.51256526), (1.1252456, 0.6421832, -0.5181687), (1.1246287, 0.6429594, -0.5071634), (1.1253303, 0.64160895, -0.51258415), (1.1238467, 0.6440714, -0.50191617), (1.1249655, 0.64189553, -0.50698876), (1.1226648, 0.64597255, -0.49697956), (1.1241555, 0.64304733, -0.50155365), (1.1211133, 0.64861673, -0.49250954), (1.1229314, 0.64501655, -0.49644017), (1.1213243, 0.6477555, -0.49181), (1.1193885, 0.65116984, -0.48779535), (1.117178, 0.6551655, -0.4845285), (1.1147639, 0.6596132, -0.4820968), (1.1122168, 0.66438365, -0.4805873), (1.1096157, 0.6693282, -0.4800318), (1.1070392, 0.67429817, -0.48046187), (1.1045647, 0.6791432, -0.48184967), (1.1022695, 0.6837131, -0.4841673), (1.1002201, 0.6878742, -0.4873309), (1.0984831, 0.6914929, -0.49125662), (1.0971061, 0.6944682, -0.49581456), (1.0961367, 0.6966992, -0.50087476), (1.0955981, 0.6981299, -0.50627726), (1.0955836, 0.6972479, -0.49393845), (1.0955133, 0.6987041, -0.5118617), (1.0945034, 0.69973403, -0.49957734), (1.0939032, 0.7013282, -0.5055974), (1.0938088, 0.70196813, -0.5118204), (1.0942152, 0.7016488, -0.5180555), (1.0935566, 0.7023822, -0.50538546), (1.0951178, 0.7003653, -0.5241121), (1.0934592, 0.703042, -0.5118015), (1.0938783, 0.7027127, -0.5182302), (1.0964819, 0.6981709, -0.52981013), (1.0948089, 0.70138943, -0.5244746), (1.0941755, 0.7007385, -0.49917847), (1.0952892, 0.69817525, -0.49336463), (1.0968713, 0.69475687, -0.488128), (1.0971181, 0.6939324, -0.48885942), (1.0990537, 0.6899, -0.4844849), (1.1013374, 0.6852631, -0.4809595), (1.103895, 0.6801707, -0.47837684), (1.1066524, 0.67477167, -0.4768305), (1.1095235, 0.6692335, -0.47635126), (1.1124221, 0.66372365, -0.4769703), (1.1152604, 0.65840775, -0.4786522), (1.1183501, 0.6530197, -0.48039803), (1.1179504, 0.6534515, -0.48136202), (1.1208897, 0.64842904, -0.48415127), (1.1204137, 0.648999, -0.48500237), (1.1231139, 0.6445062, -0.48876387), (1.1225708, 0.64519423, -0.48947605), (1.1249603, 0.64135945, -0.49408355), (1.1243618, 0.6421421, -0.49463573), (1.1263667, 0.639097, -0.49995843), (1.1257257, 0.6399478, -0.5003338), (1.1272974, 0.63777363, -0.50620294), (1.1266284, 0.6386643, -0.50639033), (1.1277164, 0.6374444, -0.51263154), (1.1270349, 0.63834494, -0.5126254), (1.127619, 0.63810414, -0.5190477), (1.1269404, 0.63898486, -0.5188484), (1.1270002, 0.63974786, -0.5252546), (1.1263402, 0.64057904, -0.5248686), (1.1258864, 0.64231116, -0.53106844), (1.12526, 0.64306515, -0.5305074), (1.1243044, 0.6457295, -0.53630507), (1.1237255, 0.64638066, -0.5355865), (1.1223087, 0.6498871, -0.54081535), (1.1217898, 0.6504131, -0.53996104), (1.1199541, 0.65466785, -0.54445004), (1.1195062, 0.65505004, -0.5434863), (1.1173172, 0.6599183, -0.5471129), (1.1169486, 0.66014236, -0.54606897), (1.1144742, 0.66548485, -0.5487072), (1.1141912, 0.6655414, -0.54761535), (1.111514, 0.67119485, -0.54920137), (1.1113201, 0.6710796, -0.5480946), (1.1085255, 0.6768757, -0.54856306), (1.1084214, 0.6765895, -0.5474756), (1.1055992, 0.6823566, -0.546829), (1.1055832, 0.6819054, -0.5457936), (1.1028255, 0.6874666, -0.544035), (1.1028931, 0.6868616, -0.5430838), (1.100286, 0.6920573, -0.5402818), (1.10043, 0.6913141, -0.5394435), (1.0980618, 0.69598013, -0.5356692), (1.0982728, 0.69511884, -0.5349698), (1.0962154, 0.6991269, -0.5303495), (1.0680046, 0.66977674, 0.59562415), (1.0688146, 0.66862494, 0.5901891), (1.0700388, 0.6666557, 0.58507556), (1.0716459, 0.66391677, 0.5804454), (1.0735818, 0.66050243, 0.57643074), (1.0757922, 0.6565068, 0.5731639), (1.0782063, 0.652059, 0.5707321), (1.0807533, 0.6472886, 0.5692227), (1.0750197, 0.65822077, 0.5699975), (1.0833545, 0.64234406, 0.56866723), (1.0777098, 0.6532645, 0.5672877), (1.080548, 0.6479486, 0.5656057), (1.085931, 0.6373741, 0.5690973), (1.0884055, 0.6325291, 0.570485), (1.0834466, 0.6424387, 0.56498665), (1.0907006, 0.6279592, 0.5728027), (1.0942403, 0.6210038, 0.58062345), (1.0927501, 0.6237981, 0.5759663), (1.0955697, 0.61813134, 0.58502364), (1.0944871, 0.62017936, 0.579892), (1.0965055, 0.6159775, 0.5899089), (1.095864, 0.617204, 0.58444995), (1.0970255, 0.6145963, 0.5951246), (1.0968335, 0.614973, 0.58951026), (1.0971074, 0.6140419, 0.600516), (1.097372, 0.6135424, 0.5949126), (1.0967553, 0.6143186, 0.6059179), (1.0974568, 0.61296815, 0.6004971), (1.0959733, 0.6154306, 0.61116505), (1.0970922, 0.6132547, 0.60609245), (1.0947914, 0.6173317, 0.61610156), (1.0962821, 0.6144065, 0.61152756), (1.0932399, 0.61997586, 0.62057173), (1.095058, 0.61637574, 0.6166409), (1.0934508, 0.61911464, 0.62127125), (1.091515, 0.622529, 0.6252859), (1.0893046, 0.6265247, 0.62855273), (1.0868905, 0.6309724, 0.6309845), (1.0843434, 0.63574284, 0.6324939), (1.0817423, 0.6406874, 0.6330494), (1.0791657, 0.6456573, 0.6326194), (1.0766913, 0.6505024, 0.63123155), (1.074396, 0.6550723, 0.62891394), (1.0723467, 0.6592334, 0.62575036), (1.0706097, 0.66285205, 0.6218246), (1.0692326, 0.6658274, 0.61726665), (1.0682633, 0.6680584, 0.61220646), (1.0677247, 0.6694891, 0.606804), (1.0677102, 0.6686071, 0.61914283), (1.0676398, 0.6700633, 0.6012196), (1.06663, 0.67109317, 0.613504), (1.0660298, 0.6726874, 0.60748386), (1.0659353, 0.6733273, 0.6012609), (1.0663418, 0.67300797, 0.5950257), (1.0656832, 0.67374134, 0.6076958), (1.0672444, 0.6717245, 0.5889692), (1.0655857, 0.6744011, 0.60127974), (1.0660049, 0.67407185, 0.5948511), (1.0686085, 0.6695301, 0.58327115), (1.0669355, 0.67274857, 0.5886066), (1.0663021, 0.6720977, 0.6139028), (1.0674157, 0.66953444, 0.6197166), (1.0689979, 0.666116, 0.6249532), (1.0692446, 0.66529155, 0.6242218), (1.0711803, 0.6612592, 0.62859637), (1.0734639, 0.6566223, 0.63212174), (1.0760216, 0.65152985, 0.6347044), (1.078779, 0.64613086, 0.63625073), (1.08165, 0.6405927, 0.63673), (1.0845487, 0.6350828, 0.63611096), (1.087387, 0.6297669, 0.63442904), (1.0904768, 0.6243789, 0.6326832), (1.090077, 0.62481064, 0.63171923), (1.0930163, 0.6197882, 0.62893), (1.0925401, 0.6203581, 0.6280789), (1.0952405, 0.6158654, 0.6243174), (1.0946974, 0.61655337, 0.62360513), (1.0970869, 0.61271864, 0.6189977), (1.0964882, 0.6135013, 0.6184455), (1.0984933, 0.6104561, 0.6131228), (1.0978523, 0.6113069, 0.6127475), (1.099424, 0.6091328, 0.6068783), (1.098755, 0.61002344, 0.60669094), (1.099843, 0.6088036, 0.60044974), (1.0991614, 0.60970414, 0.6004558), (1.0997456, 0.60946333, 0.5940336), (1.099067, 0.61034405, 0.5942328), (1.0991268, 0.611107, 0.5878266), (1.0984668, 0.61193824, 0.58821267), (1.098013, 0.6136703, 0.58201283), (1.0973866, 0.61442435, 0.58257383), (1.0964309, 0.6170887, 0.5767762), (1.095852, 0.61773986, 0.5774948), (1.0944352, 0.6212462, 0.5722659), (1.0939164, 0.6217723, 0.57312024), (1.0920807, 0.62602705, 0.5686312), (1.0916327, 0.6264092, 0.569595), (1.0894437, 0.63127744, 0.5659684), (1.0890752, 0.63150156, 0.5670123), (1.0866008, 0.636844, 0.5643739), (1.0863178, 0.6369006, 0.5654659), (1.0836406, 0.642554, 0.56387985), (1.080652, 0.6482349, 0.56451803), (1.0777256, 0.6537158, 0.5662523), (1.0749521, 0.6588258, 0.56904614), (1.0724125, 0.6634165, 0.5727995), (1.0725565, 0.6626733, 0.5736378), (1.0701884, 0.6673393, 0.577412), (1.0703994, 0.66647804, 0.57811147), (1.068342, 0.67048603, 0.5827317), (0.86267304, 1.1449707, -0.51180667), (0.8634831, 1.1438189, -0.51724166), (0.8647072, 1.1418496, -0.5223552), (0.86631435, 1.1391107, -0.5269854), (0.8682502, 1.1356963, -0.5310001), (0.87046057, 1.1317006, -0.5342669), (0.8728747, 1.1272529, -0.5366986), (0.8754217, 1.1224825, -0.53820807), (0.8696881, 1.1334146, -0.5374333), (0.8780229, 1.117538, -0.5387635), (0.87237823, 1.1284585, -0.54014313), (0.87521654, 1.1231425, -0.5418251), (0.8805994, 1.112568, -0.53833354), (0.8830739, 1.107723, -0.5369457), (0.87811506, 1.1176326, -0.5424441), (0.88536906, 1.1031531, -0.5346281), (0.88741845, 1.098992, -0.5314645), (0.88915545, 1.0953733, -0.52753884), (0.8905325, 1.0923979, -0.5229809), (0.8915019, 1.0901669, -0.51792055), (0.8920405, 1.0887363, -0.5125182), (0.892055, 1.0896182, -0.5248569), (0.8921253, 1.0881621, -0.5069336), (0.8931352, 1.0871321, -0.51921815), (0.89373535, 1.085538, -0.51319796), (0.8917605, 1.0884486, -0.5013383), (0.89095056, 1.0896004, -0.4959032), (0.8938299, 1.0848981, -0.50697494), (0.8897264, 1.0915697, -0.4907897), (0.8881193, 1.0943086, -0.48615953), (0.8861834, 1.0977229, -0.48214486), (0.883973, 1.1017187, -0.47887805), (0.8815589, 1.1061664, -0.47644633), (0.87901187, 1.1109368, -0.47493684), (0.87641066, 1.1158813, -0.47438133), (0.8738342, 1.1208513, -0.4748114), (0.87135965, 1.1256963, -0.4761992), (0.8690645, 1.1302662, -0.47851682), (0.8670151, 1.1344273, -0.48168042), (0.86527807, 1.138046, -0.48560613), (0.8639011, 1.1410214, -0.4901641), (0.8629317, 1.1432523, -0.4952243), (0.8623931, 1.144683, -0.5006268), (0.8623786, 1.143801, -0.488288), (0.86230826, 1.1452572, -0.5062112), (0.8612984, 1.1462871, -0.49392685), (0.8606982, 1.1478813, -0.49994695), (0.8606037, 1.1485212, -0.5061699), (0.8610102, 1.1482018, -0.51240504), (0.8603517, 1.1489353, -0.49973497), (0.8619128, 1.1469184, -0.5184616), (0.86025417, 1.1495951, -0.506151), (0.8606733, 1.1492658, -0.51257974), (0.8632769, 1.144724, -0.52415967), (0.8616039, 1.1479425, -0.51882416), (0.8609705, 1.1472915, -0.49352798), (0.86208415, 1.1447284, -0.48771417), (0.8636663, 1.14131, -0.48247755), (0.8639131, 1.1404854, -0.48320895), (0.8658487, 1.136453, -0.47883442), (0.8681324, 1.1318161, -0.475309), (0.87069, 1.1267238, -0.47272637), (0.8734475, 1.1213248, -0.47118005), (0.8763185, 1.1157867, -0.4707008), (0.8792171, 1.1102767, -0.47131982), (0.88205534, 1.1049608, -0.47300175), (0.8851452, 1.0995728, -0.47474757), (0.8847455, 1.1000046, -0.47571155), (0.8876847, 1.0949821, -0.4785008), (0.8872086, 1.0955521, -0.4793519), (0.8899089, 1.0910593, -0.4831134), (0.8893658, 1.0917473, -0.4838256), (0.89175534, 1.0879126, -0.4884331), (0.8911567, 1.0886952, -0.48898524), (0.8931618, 1.0856501, -0.49430797), (0.8925208, 1.0865009, -0.49468333), (0.8940924, 1.0843267, -0.5005525), (0.8934234, 1.0852175, -0.5007399), (0.89451146, 1.0839975, -0.5069811), (0.894414, 1.0846573, -0.5133972), (0.8937952, 1.086301, -0.51960415), (0.8926815, 1.0888642, -0.525418), (0.8910994, 1.0922825, -0.5306546), (0.8905205, 1.0929338, -0.529936), (0.8891037, 1.0964402, -0.5351649), (0.88858485, 1.0969663, -0.5343105), (0.88674915, 1.1012208, -0.5387996), (0.88630116, 1.1016032, -0.53783584), (0.8841122, 1.1064714, -0.5414624), (0.8837436, 1.1066955, -0.5404185), (0.8812692, 1.1120379, -0.5430567), (0.88098615, 1.1120945, -0.5419649), (0.878309, 1.1177479, -0.5435509), (0.87532043, 1.1234288, -0.5429126), (0.87239414, 1.1289097, -0.54117846), (0.8696205, 1.1340197, -0.53838456), (0.8670809, 1.1386105, -0.53463125), (0.867225, 1.1378672, -0.53379303), (0.8648568, 1.1425333, -0.53001875), (0.8650678, 1.1416719, -0.52931935), (0.86301035, 1.1456801, -0.52469903), (0.8347996, 1.1163298, 0.6012746), (0.8356096, 1.115178, 0.59583956), (0.8368337, 1.1132089, 0.5907261), (0.8384409, 1.1104698, 0.58609587), (0.84037673, 1.1070555, 0.5820812), (0.8425872, 1.1030599, 0.5788144), (0.8450013, 1.0986122, 0.57638264), (0.8475483, 1.0938417, 0.5748732), (0.8418147, 1.1047739, 0.57564795), (0.85014945, 1.0888971, 0.5743177), (0.8445048, 1.0998176, 0.57293814), (0.8473431, 1.0945016, 0.57125616), (0.852726, 1.0839272, 0.57474774), (0.85520047, 1.0790821, 0.57613546), (0.85024166, 1.0889919, 0.5706371), (0.8574956, 1.0745124, 0.5784532), (0.859545, 1.0703511, 0.58161676), (0.86128205, 1.0667324, 0.58554244), (0.8626591, 1.0637572, 0.5901004), (0.86362845, 1.0615261, 0.5951607), (0.86416703, 1.0600955, 0.60056305), (0.8641816, 1.0609775, 0.5882243), (0.86425185, 1.0595212, 0.6061476), (0.86526173, 1.0584913, 0.5938631), (0.86586195, 1.0568972, 0.59988326), (0.8638871, 1.0598078, 0.6117429), (0.8630771, 1.0609596, 0.6171781), (0.8659564, 1.0562572, 0.6061063), (0.86185294, 1.0629288, 0.6222914), (0.8602458, 1.0656677, 0.6269217), (0.85831, 1.069082, 0.6309364), (0.85609955, 1.0730778, 0.6342032), (0.85368544, 1.0775255, 0.63663495), (0.8511384, 1.0822959, 0.6381444), (0.8485372, 1.0872405, 0.6386999), (0.84596074, 1.0922104, 0.63826984), (0.84348625, 1.0970556, 0.636882), (0.84119105, 1.1016253, 0.6345644), (0.83914167, 1.1057866, 0.6314008), (0.83740467, 1.1094053, 0.6274751), (0.8360276, 1.1123805, 0.6229172), (0.8350583, 1.1146115, 0.6178569), (0.8345196, 1.1160421, 0.6124545), (0.8345052, 1.1151602, 0.6247933), (0.8344348, 1.1166165, 0.60687006), (0.833425, 1.1176462, 0.61915445), (0.83282477, 1.1192405, 0.6131343), (0.8327303, 1.1198804, 0.60691136), (0.83313674, 1.1195611, 0.6006762), (0.8324782, 1.1202945, 0.6133463), (0.8340394, 1.1182775, 0.59461963), (0.8323808, 1.1209543, 0.60693026), (0.83279985, 1.1206249, 0.60050154), (0.83540344, 1.1160831, 0.5889216), (0.8337305, 1.1193017, 0.59425706), (0.83309704, 1.1186508, 0.61955327), (0.83421075, 1.1160876, 0.62536705), (0.83579284, 1.1126691, 0.63060373), (0.83603966, 1.1118447, 0.6298723), (0.8379753, 1.1078123, 0.6342468), (0.84025896, 1.1031754, 0.6377722), (0.84281653, 1.098083, 0.6403549), (0.845574, 1.0926839, 0.6419012), (0.84844506, 1.0871458, 0.6423805), (0.85134363, 1.081636, 0.6417614), (0.85418195, 1.0763199, 0.6400795), (0.85727173, 1.0709319, 0.6383337), (0.856872, 1.0713638, 0.6373697), (0.8598113, 1.0663413, 0.63458043), (0.8593352, 1.0669112, 0.63372934), (0.86203545, 1.0624185, 0.62996787), (0.8614924, 1.0631065, 0.6292556), (0.8638819, 1.0592717, 0.62464815), (0.8632833, 1.0600544, 0.624096), (0.8652883, 1.0570092, 0.6187733), (0.8646474, 1.05786, 0.61839795), (0.8662189, 1.055686, 0.61252874), (0.86555, 1.0565766, 0.6123414), (0.86663806, 1.0553566, 0.6061002), (0.8665406, 1.0560164, 0.59968406), (0.8659218, 1.0576601, 0.5934771), (0.8648081, 1.0602233, 0.5876633), (0.86322594, 1.0636418, 0.58242667), (0.86264706, 1.0642929, 0.58314526), (0.86123025, 1.0677993, 0.5779164), (0.8607114, 1.0683254, 0.5787707), (0.85887575, 1.0725801, 0.57428163), (0.85842776, 1.0729623, 0.57524544), (0.8562387, 1.0778306, 0.57161885), (0.8558701, 1.0780547, 0.5726628), (0.85339576, 1.083397, 0.5700244), (0.8531127, 1.0834537, 0.5711164), (0.85043555, 1.0891072, 0.5695303), (0.847447, 1.0947881, 0.5701685), (0.8445207, 1.1002688, 0.57190275), (0.84174705, 1.1053789, 0.5746966), (0.83920753, 1.1099696, 0.57844996), (0.83935153, 1.1092263, 0.57928824), (0.8369833, 1.1138924, 0.5830625), (0.8371944, 1.1130311, 0.58376193), (0.8351369, 1.1170392, 0.5883822), (1.3446399, 0.18166237, 0.030158596), (1.3435261, 0.18422562, 0.024344811), (1.34458, 0.18089943, 0.036564793), (1.3419441, 0.18764396, 0.019108146), (1.3439798, 0.18249358, 0.030544639), (1.3428997, 0.18497968, 0.02490583), (1.3399484, 0.19180155, 0.014597849), (1.3413651, 0.18829523, 0.01982681), (1.3375938, 0.19658235, 0.010963155), (1.3394295, 0.19232762, 0.015452213), (1.3349568, 0.20183285, 0.008300358), (1.3371458, 0.19696456, 0.011926901), (1.3321139, 0.20739931, 0.006705904), (1.3345883, 0.20205694, 0.009344246), (1.3291537, 0.21310933, 0.0062118536), (1.3318309, 0.20745596, 0.007797858), (1.3261651, 0.21879026, 0.0068500396), (1.3289597, 0.21299405, 0.0073186406), (1.3232388, 0.22427109, 0.008584281), (1.3260611, 0.21850394, 0.007937654), (1.3204652, 0.22938117, 0.011378099), (1.3232229, 0.2238199, 0.009619623), (1.3179256, 0.23397188, 0.015131451), (1.3205328, 0.2287761, 0.012329428), (1.3157015, 0.23789467, 0.019743994), (1.3180696, 0.23322865, 0.015969755), (1.313855, 0.24104144, 0.02506373), (1.3159125, 0.23703337, 0.020443443), (1.3124486, 0.24330392, 0.030938579), (1.3141216, 0.24008547, 0.025603112), (1.311518, 0.24462716, 0.037183043), (1.3127575, 0.24227984, 0.031301145), (1.3110988, 0.24495651, 0.04361171), (1.3118548, 0.24356326, 0.03735771), (1.3111963, 0.24429666, 0.05002778), (1.3114483, 0.24388263, 0.04359283), (1.3118151, 0.24265303, 0.05623478), (1.3115429, 0.2432427, 0.049815807), (1.3129289, 0.24008977, 0.062048566), (1.3121431, 0.24164854, 0.055835962), (1.314511, 0.23667139, 0.06728523), (1.3132232, 0.23916245, 0.06147477), (1.3147578, 0.23584689, 0.066553794), (1.3166934, 0.2318145, 0.07092831), (1.318977, 0.22717762, 0.074453704), (1.3215346, 0.2220852, 0.07703635), (1.3242921, 0.21668616, 0.07858274), (1.3271632, 0.21114802, 0.079061955), (1.3300617, 0.20563819, 0.078442946), (1.3359898, 0.19493422, 0.0750152), (1.3329, 0.20032223, 0.07676098), (1.3385293, 0.19034351, 0.07126193), (1.3355901, 0.19536602, 0.07405117), (1.3407536, 0.18642066, 0.066649385), (1.3380532, 0.19091347, 0.07041085), (1.3426, 0.18327396, 0.061329644), (1.3402104, 0.18710877, 0.06593708), (1.3440064, 0.18101147, 0.055454798), (1.3420013, 0.18405665, 0.06077749), (1.3433654, 0.18186228, 0.055079456), (1.3442681, 0.18057887, 0.04902289), (1.340571, 0.18693107, 0.05897294), (1.3446746, 0.18025945, 0.04278777), (1.3417952, 0.18496186, 0.053859543), (1.3426052, 0.1838101, 0.048424408), (1.34297, 0.18352342, 0.042829074), (1.3428851, 0.18409777, 0.037244555), (1.3423465, 0.18552838, 0.031842176), (1.3389639, 0.18967, 0.06360322), (1.3370281, 0.1930843, 0.06761786), (1.3348176, 0.19708008, 0.07088472), (1.3324035, 0.20152774, 0.07331649), (1.3298565, 0.20629816, 0.0748259), (1.3272554, 0.21124272, 0.07538139), (1.3246789, 0.21621265, 0.07495135), (1.3222044, 0.22105777, 0.07356353), (1.3199091, 0.22562765, 0.071245946), (1.3178598, 0.22978878, 0.0680823), (1.3161228, 0.23340745, 0.064156584), (1.3147458, 0.23638274, 0.059598677), (1.3137764, 0.23861374, 0.054538425), (1.3132378, 0.24004436, 0.049135968), (1.3131529, 0.2406187, 0.043551527), (1.3135177, 0.24033202, 0.037956115), (1.3143277, 0.23918027, 0.032521058), (1.3155519, 0.23721105, 0.027407585), (1.3171589, 0.23447213, 0.022777377), (1.3190949, 0.23105772, 0.018762736), (1.3213053, 0.22706205, 0.015495886), (1.3237194, 0.22261438, 0.013064114), (1.3262664, 0.21784392, 0.011554704), (1.3288676, 0.21289934, 0.010999206), (1.3314441, 0.20792942, 0.011429251), (1.3339186, 0.20308436, 0.012816991), (1.3362137, 0.1985146, 0.0151346605), (1.3382632, 0.19435334, 0.018298296), (1.3400002, 0.19073473, 0.022223946), (1.3413771, 0.18775938, 0.026781924), (1.1129512, 0.625312, 0.035772324), (1.1118374, 0.62787527, 0.029958539), (1.1128913, 0.62454903, 0.04217852), (1.1102554, 0.63129365, 0.024721874), (1.1122911, 0.6261432, 0.036158364), (1.111211, 0.6286293, 0.030519556), (1.1082597, 0.6354512, 0.020211576), (1.1096765, 0.63194484, 0.025440536), (1.105905, 0.640232, 0.01657688), (1.1077408, 0.63597727, 0.02106594), (1.1032681, 0.6454824, 0.013914084), (1.1054571, 0.64061415, 0.017540626), (1.1004251, 0.65104896, 0.01231963), (1.1028996, 0.64570653, 0.014957972), (1.0974649, 0.65675896, 0.01182558), (1.1001421, 0.6511056, 0.013411584), (1.0944765, 0.6624399, 0.012463765), (1.097271, 0.6566437, 0.012932367), (1.0915501, 0.66792077, 0.014198008), (1.0943724, 0.6621536, 0.0135513805), (1.0887765, 0.6730308, 0.016991824), (1.0915341, 0.6674695, 0.01523335), (1.086237, 0.6776215, 0.020745177), (1.0888441, 0.67242575, 0.017943155), (1.0840127, 0.6815443, 0.02535772), (1.086381, 0.6768783, 0.02158348), (1.0821663, 0.684691, 0.030677456), (1.0842237, 0.680683, 0.026057169), (1.0807599, 0.68695354, 0.036552306), (1.0824329, 0.6837351, 0.031216837), (1.0798292, 0.6882768, 0.042796772), (1.0810688, 0.6859295, 0.03691487), (1.0794102, 0.6886061, 0.049225435), (1.0801661, 0.68721294, 0.042971436), (1.0795076, 0.6879463, 0.055641506), (1.0797596, 0.6875323, 0.049206555), (1.0801264, 0.68630266, 0.061848506), (1.0798541, 0.6868924, 0.055429533), (1.0812402, 0.6837394, 0.06766229), (1.0804543, 0.68529814, 0.06144969), (1.0828222, 0.680321, 0.072898954), (1.0815345, 0.6828121, 0.0670885), (1.0830691, 0.6794965, 0.072167516), (1.0850047, 0.6754641, 0.076542035), (1.0872884, 0.67082727, 0.080067426), (1.0898459, 0.6657348, 0.08265008), (1.0926033, 0.66033584, 0.08419647), (1.0954745, 0.6547977, 0.084675685), (1.098373, 0.64928776, 0.08405667), (1.1043011, 0.6385839, 0.080628924), (1.1012113, 0.64397186, 0.0823747), (1.1068406, 0.6339932, 0.07687565), (1.1039014, 0.6390156, 0.0796649), (1.1090648, 0.6300704, 0.07226311), (1.1063645, 0.6345631, 0.07602457), (1.1109113, 0.6269236, 0.06694337), (1.1085217, 0.63075835, 0.07155081), (1.1123177, 0.6246611, 0.061068524), (1.1103126, 0.6277063, 0.066391215), (1.1116767, 0.6255119, 0.060693182), (1.1125793, 0.6242284, 0.054636616), (1.1088823, 0.6305807, 0.06458667), (1.1129858, 0.6239091, 0.048401497), (1.1101065, 0.6286115, 0.05947327), (1.1109165, 0.6274597, 0.054038133), (1.1112813, 0.6271731, 0.0484428), (1.1111964, 0.62774736, 0.04285828), (1.1106578, 0.629178, 0.0374559), (1.1072752, 0.6333196, 0.06921695), (1.1053393, 0.63673395, 0.07323159), (1.1031289, 0.64072967, 0.07649844), (1.1007148, 0.64517736, 0.078930214), (1.0981678, 0.6499478, 0.08043962), (1.0955666, 0.6548924, 0.08099512), (1.0929902, 0.6598623, 0.08056507), (1.0905156, 0.66470736, 0.07917726), (1.0882205, 0.66927725, 0.07685967), (1.086171, 0.6734384, 0.07369603), (1.084434, 0.677057, 0.06977031), (1.083057, 0.6800324, 0.065212406), (1.0820876, 0.6822634, 0.060152154), (1.081549, 0.68369406, 0.054749697), (1.0814642, 0.6842683, 0.049165253), (1.081829, 0.6839817, 0.043569844), (1.082639, 0.6828299, 0.038134784), (1.0838631, 0.6808607, 0.033021312), (1.0854703, 0.67812175, 0.028391102), (1.0874062, 0.67470735, 0.024376463), (1.0896165, 0.67071176, 0.021109613), (1.0920306, 0.666264, 0.01867784), (1.0945777, 0.6614936, 0.01716843), (1.0971788, 0.656549, 0.016612932), (1.0997554, 0.6515791, 0.017042978), (1.1022298, 0.64673406, 0.018430717), (1.104525, 0.6421642, 0.020748386), (1.1065744, 0.638003, 0.023912024), (1.1083114, 0.63438433, 0.027837671), (1.1096884, 0.631409, 0.03239565), (0.87974614, 1.0718651, 0.041422788), (0.8786324, 1.0744283, 0.035609003), (0.8796863, 1.0711021, 0.047828984), (0.87705034, 1.0778468, 0.030372338), (0.87908614, 1.0726963, 0.04180883), (0.8780059, 1.0751824, 0.03617002), (0.8750546, 1.0820043, 0.02586204), (0.8764714, 1.0784979, 0.031091003), (0.8727001, 1.0867851, 0.022227345), (0.8745358, 1.0825304, 0.026716404), (0.87006307, 1.0920355, 0.01956455), (0.8722521, 1.0871673, 0.02319109), (0.86722016, 1.097602, 0.017970094), (0.86969453, 1.0922596, 0.020608436), (0.86425996, 1.1033121, 0.017476045), (0.8669371, 1.0976586, 0.01906205), (0.8612714, 1.108993, 0.018114232), (0.864066, 1.1031969, 0.018582832), (0.8583451, 1.1144738, 0.019848473), (0.8611675, 1.1087066, 0.019201845), (0.85557145, 1.1195838, 0.02264229), (0.8583292, 1.1140226, 0.020883815), (0.8530319, 1.1241746, 0.026395643), (0.85563904, 1.1189789, 0.02359362), (0.8508077, 1.1280974, 0.031008186), (0.85317594, 1.1234313, 0.027233945), (0.8489613, 1.1312442, 0.03632792), (0.8510187, 1.127236, 0.031707633), (0.84755486, 1.1335067, 0.04220277), (0.84922785, 1.1302881, 0.036867302), (0.84662426, 1.1348299, 0.048447236), (0.84786373, 1.1324825, 0.042565335), (0.8462051, 1.1351593, 0.0548759), (0.84696114, 1.133766, 0.0486219), (0.84630257, 1.1344994, 0.06129197), (0.84655464, 1.1340854, 0.05485702), (0.8469214, 1.1328558, 0.06749897), (0.84664917, 1.1334455, 0.06108), (0.8480351, 1.1302925, 0.07331276), (0.8472493, 1.1318512, 0.06710015), (0.8496172, 1.1268741, 0.07854942), (0.84832954, 1.1293652, 0.07273896), (0.84986407, 1.1260496, 0.077817984), (0.85179967, 1.1220173, 0.0821925), (0.85408336, 1.1173804, 0.085717894), (0.85664093, 1.112288, 0.08830055), (0.85939837, 1.1068889, 0.08984693), (0.86226946, 1.1013508, 0.09032615), (0.86516804, 1.0958409, 0.089707136), (0.87109613, 1.0851369, 0.08627939), (0.8680063, 1.0905249, 0.08802517), (0.87363565, 1.0805463, 0.08252612), (0.8706964, 1.0855688, 0.08531536), (0.8758598, 1.0766234, 0.077913575), (0.8731595, 1.0811162, 0.08167504), (0.8777063, 1.0734767, 0.07259384), (0.87531674, 1.0773115, 0.07720127), (0.8791127, 1.0712142, 0.06671899), (0.8771076, 1.0742594, 0.07204168), (0.87847173, 1.072065, 0.06634365), (0.8793743, 1.0707816, 0.06028708), (0.87567735, 1.0771338, 0.07023713), (0.8797808, 1.0704622, 0.05405196), (0.87690145, 1.0751646, 0.06512373), (0.8777115, 1.0740128, 0.0596886), (0.87807626, 1.0737262, 0.054093264), (0.87799144, 1.0743005, 0.048508745), (0.87745285, 1.075731, 0.043106366), (0.8740702, 1.0798727, 0.07486741), (0.8721343, 1.083287, 0.07888205), (0.86992395, 1.0872828, 0.08214891), (0.86750984, 1.0917305, 0.08458068), (0.8649628, 1.0965009, 0.08609009), (0.8623616, 1.1014454, 0.08664558), (0.8597851, 1.1064154, 0.08621554), (0.8573106, 1.1112605, 0.08482773), (0.8550154, 1.1158303, 0.082510136), (0.85296607, 1.1199915, 0.07934649), (0.851229, 1.1236103, 0.075420775), (0.849852, 1.1265855, 0.07086287), (0.8488827, 1.1288165, 0.06580262), (0.848344, 1.1302471, 0.060400162), (0.8482592, 1.1308215, 0.05481572), (0.848624, 1.1305348, 0.04922031), (0.849434, 1.129383, 0.04378525), (0.8506581, 1.1274137, 0.038671777), (0.8522653, 1.1246748, 0.03404157), (0.85420114, 1.1212605, 0.030026928), (0.8564115, 1.1172647, 0.026760079), (0.8588256, 1.1128172, 0.024328306), (0.86137265, 1.1080467, 0.022818895), (0.86397386, 1.1031021, 0.022263398), (0.8665503, 1.0981321, 0.022693442), (0.8690249, 1.0932871, 0.024081182), (0.87132, 1.0887173, 0.026398852), (0.8733694, 1.0845561, 0.029562488), (0.8751064, 1.0809374, 0.033488136), (0.87648344, 1.077962, 0.038046114), (1.3500389, 0.20937006, -0.48601177), (1.3525784, 0.20477937, -0.489765), (1.3548026, 0.20085663, -0.49437758), (1.356649, 0.19770981, -0.4996973), (1.3580555, 0.19544733, -0.50557214), (1.32856, 0.25110725, -0.49374175), (1.3589861, 0.19412398, -0.5118167), (1.326978, 0.25452563, -0.49897838), (1.3594052, 0.19379479, -0.5182453), (1.3258642, 0.25708887, -0.50479215), (1.3593078, 0.19445449, -0.5246614), (1.3252454, 0.25873262, -0.51099914), (1.358689, 0.19609822, -0.53086835), (1.325148, 0.2593923, -0.5174152), (1.3575752, 0.19866148, -0.5366822), (1.325567, 0.25906312, -0.5238439), (1.355993, 0.20207992, -0.5419188), (1.3264977, 0.25773978, -0.53008837), (1.3539975, 0.20623739, -0.5464291), (1.3279041, 0.25547728, -0.53596324), (1.3516428, 0.21101819, -0.5500638), (1.3297505, 0.25233048, -0.54128295), (1.3490058, 0.2162687, -0.5527266), (1.3319747, 0.24840763, -0.54589546), (1.3461629, 0.22183521, -0.55432093), (1.3345143, 0.24381703, -0.54964876), (1.3432027, 0.22754519, -0.5548151), (1.3372879, 0.23870693, -0.55244267), (1.3402143, 0.23322606, -0.5541768), (1.3372719, 0.23825575, -0.5514073), (1.3401102, 0.2329398, -0.55308926), (1.3430088, 0.22742991, -0.5537083), (1.3345819, 0.24321194, -0.5486975), (1.3403155, 0.23227976, -0.5494723), (1.3321187, 0.24766451, -0.5450572), (1.3377684, 0.23705024, -0.5479628), (1.3353543, 0.24149801, -0.54553103), (1.3299615, 0.25146922, -0.5405835), (1.333144, 0.24549358, -0.5422642), (1.3281707, 0.2545213, -0.5354239), (1.3312081, 0.24890798, -0.5382496), (1.3268065, 0.2567157, -0.5297258), (1.3296009, 0.2516469, -0.5336194), (1.3259039, 0.25799912, -0.52366924), (1.3283768, 0.25361612, -0.52850586), (1.3254974, 0.25831848, -0.5174341), (1.3275667, 0.25476786, -0.5230708), (1.3255919, 0.25767866, -0.51121116), (1.3272021, 0.25505444, -0.51747537), (1.3261921, 0.25608438, -0.505191), (1.3272868, 0.2544802, -0.51189095), (1.3272723, 0.2535983, -0.49955216), (1.3278254, 0.25304958, -0.5064885), (1.3288068, 0.2502828, -0.49447316), (1.3287948, 0.25081858, -0.5014283), (1.3307425, 0.24625036, -0.49009863), (1.3301718, 0.24784325, -0.49687034), (1.3330262, 0.24161348, -0.48657322), (1.3319088, 0.24422464, -0.49294463), (1.3355837, 0.23652104, -0.48399055), (1.3339581, 0.24006349, -0.48978102), (1.3383411, 0.23112206, -0.48244423), (1.3362534, 0.23549351, -0.4874634), (1.3412123, 0.22558387, -0.48196498), (1.338728, 0.2306485, -0.48607558), (1.3441108, 0.22007404, -0.48258403), (1.3413044, 0.22567858, -0.48564553), (1.3469491, 0.21475808, -0.48426595), (1.3439056, 0.220734, -0.48620105), (1.3496392, 0.20980182, -0.48697576), (1.3464526, 0.2159636, -0.48771054), (1.3521023, 0.20534933, -0.4906161), (1.3488667, 0.21151583, -0.49014226), (1.3542595, 0.20154461, -0.4950898), (1.3510771, 0.20752025, -0.49340907), (1.3560504, 0.19849251, -0.50024945), (1.3530129, 0.20410585, -0.4974237), (1.3574145, 0.19629814, -0.50594753), (1.3546201, 0.20136693, -0.5020539), (1.3583171, 0.19501461, -0.5120041), (1.3558443, 0.1993977, -0.5071674), (1.3587236, 0.1946953, -0.51823914), (1.3566543, 0.19824596, -0.51260245), (1.3586291, 0.19533518, -0.52446216), (1.357019, 0.19795938, -0.51819783), (1.3580289, 0.19692944, -0.5304823), (1.3569342, 0.19853362, -0.5237824), (1.3569487, 0.19941553, -0.53612113), (1.3563956, 0.19996424, -0.52918476), (1.3554142, 0.20273109, -0.5412002), (1.3554262, 0.20219524, -0.53424513), (1.3534786, 0.20676348, -0.5455747), (1.3540492, 0.20517059, -0.53880304), (1.3511949, 0.21140036, -0.54910004), (1.3523121, 0.2087893, -0.54272866), (1.3486373, 0.21649279, -0.55168265), (1.3502629, 0.21295033, -0.5458923), (1.3458799, 0.22189176, -0.5532291), (1.3479676, 0.21752031, -0.5482099), (1.3454932, 0.22236528, -0.54959774), (1.3429166, 0.2273352, -0.5500277), (1.3479311, 0.21791767, -0.5471532), (1.3455422, 0.22259514, -0.548493), (1.3430548, 0.2273932, -0.5489082), (1.350147, 0.21350576, -0.5449157), (1.3405435, 0.23216681, -0.5483719), (1.3380846, 0.23677231, -0.54691464), (1.335754, 0.24106619, -0.5445669), (1.33362, 0.24492373, -0.5414131), (1.3317511, 0.24821998, -0.5375373), (1.3301996, 0.2508642, -0.5330672), (1.3290178, 0.25276533, -0.52813065), (1.3282357, 0.25387725, -0.5228834), (1.3278836, 0.25415394, -0.5174815), (1.3279655, 0.25359952, -0.51209015), (1.3284855, 0.25221837, -0.50687456), (1.3294213, 0.25006452, -0.5019893), (1.3307507, 0.24719213, -0.49758896), (1.352802, 0.20496711, -0.49812326), (1.3543535, 0.2023229, -0.5025933), (1.3555354, 0.20042178, -0.5075299), (1.3563174, 0.19930986, -0.51277715), (1.3566695, 0.19903316, -0.518179), (1.3565876, 0.19958758, -0.52357036), (1.3560677, 0.20096873, -0.52878606), (1.3551319, 0.20312257, -0.5336713), (1.3538024, 0.20599502, -0.5380716), (1.3521254, 0.20948854, -0.54186153), (1.3221655, 0.18072924, 0.6270695), (1.324705, 0.17613854, 0.6233162), (1.3269291, 0.1722158, 0.61870366), (1.3287756, 0.16906899, 0.61338395), (1.3301821, 0.16680649, 0.6075091), (1.3006866, 0.22246641, 0.6193395), (1.3311127, 0.16548315, 0.6012646), (1.2991045, 0.2258848, 0.6141029), (1.3315318, 0.16515397, 0.594836), (1.2979908, 0.22844805, 0.60828906), (1.3314344, 0.16581365, 0.58841985), (1.2973719, 0.23009178, 0.6020821), (1.3308156, 0.16745739, 0.5822129), (1.2972745, 0.23075147, 0.59566605), (1.3297018, 0.17002065, 0.5763991), (1.2976936, 0.23042229, 0.58923733), (1.3281196, 0.17343909, 0.57116246), (1.2986242, 0.22909895, 0.5829929), (1.326124, 0.17759657, 0.5666522), (1.3000306, 0.22683646, 0.57711804), (1.3237695, 0.18237737, 0.5630175), (1.3018771, 0.22368965, 0.5717983), (1.3211324, 0.18762787, 0.56035465), (1.3041012, 0.2197668, 0.56718576), (1.3182894, 0.19319439, 0.5587602), (1.3066407, 0.21517621, 0.56343246), (1.3153293, 0.19890435, 0.55826616), (1.3094144, 0.21006611, 0.56063855), (1.3123407, 0.20458524, 0.55890435), (1.3093985, 0.20961492, 0.56167394), (1.3122368, 0.20429896, 0.55999196), (1.3151354, 0.19878908, 0.55937296), (1.3067085, 0.21457112, 0.56438375), (1.3124421, 0.20363894, 0.563609), (1.3042452, 0.21902367, 0.56802404), (1.309895, 0.2084094, 0.56511843), (1.3074808, 0.21285717, 0.5675502), (1.302088, 0.22282839, 0.5724977), (1.3052706, 0.21685275, 0.570817), (1.3002971, 0.22588049, 0.5776574), (1.3033346, 0.22026715, 0.57483166), (1.298933, 0.22807486, 0.5833554), (1.3017275, 0.22300607, 0.5794619), (1.2980305, 0.22935829, 0.58941203), (1.3005034, 0.2249753, 0.5845754), (1.297624, 0.22967765, 0.59564716), (1.2996933, 0.22612704, 0.5900104), (1.2977184, 0.22903782, 0.6018701), (1.2993286, 0.22641362, 0.59560585), (1.2983187, 0.22744356, 0.60789025), (1.2994134, 0.22583938, 0.60119027), (1.2993989, 0.22495747, 0.6135291), (1.299952, 0.22440876, 0.6065928), (1.3009334, 0.22164197, 0.6186081), (1.3009213, 0.22217776, 0.611653), (1.302869, 0.21760952, 0.6229826), (1.3022984, 0.21920241, 0.61621094), (1.3051527, 0.21297264, 0.62650806), (1.3040354, 0.2155838, 0.6201366), (1.3077103, 0.20788021, 0.62909067), (1.3060848, 0.21142267, 0.62330025), (1.3104677, 0.20248124, 0.63063705), (1.30838, 0.20685269, 0.62561786), (1.3133388, 0.19694304, 0.6311163), (1.3108544, 0.20200767, 0.62700564), (1.3162373, 0.1914332, 0.6304972), (1.313431, 0.19703774, 0.62743574), (1.3190756, 0.18611725, 0.6288153), (1.3160322, 0.19209318, 0.6268802), (1.3217658, 0.181161, 0.6261055), (1.3185792, 0.18732277, 0.6253708), (1.3242289, 0.17670849, 0.62246513), (1.3209933, 0.18287499, 0.622939), (1.3263861, 0.17290379, 0.6179914), (1.3232037, 0.17887942, 0.6196722), (1.328177, 0.16985168, 0.61283183), (1.3251395, 0.17546502, 0.61565757), (1.3295411, 0.1676573, 0.60713375), (1.3267467, 0.17272611, 0.61102724), (1.3304437, 0.16637379, 0.6010772), (1.3279709, 0.17075688, 0.6059139), (1.3308501, 0.16605447, 0.5948421), (1.3287808, 0.16960512, 0.6004787), (1.3307557, 0.16669434, 0.5886191), (1.3291456, 0.16931856, 0.5948834), (1.3301555, 0.16828862, 0.5825989), (1.3290608, 0.1698928, 0.58929884), (1.3290752, 0.1707747, 0.5769601), (1.3285222, 0.1713234, 0.5838965), (1.3275408, 0.17409027, 0.5718811), (1.3275528, 0.17355442, 0.57883626), (1.3256052, 0.17812264, 0.5675065), (1.3261758, 0.17652975, 0.57427824), (1.3233215, 0.18275952, 0.56398124), (1.3244387, 0.18014847, 0.57035255), (1.3207638, 0.18785197, 0.56139857), (1.3223894, 0.18430951, 0.567189), (1.3180064, 0.19325094, 0.5598522), (1.3200942, 0.18887949, 0.5648713), (1.3176197, 0.19372444, 0.56348354), (1.3150432, 0.19869438, 0.56305355), (1.3200577, 0.18927684, 0.56592804), (1.3176688, 0.1939543, 0.5645883), (1.3151814, 0.19875236, 0.5641731), (1.3222735, 0.18486494, 0.56816554), (1.3126701, 0.20352599, 0.5647094), (1.3102112, 0.20813148, 0.56616664), (1.3078805, 0.21242535, 0.5685142), (1.3057466, 0.21628289, 0.57166815), (1.3038777, 0.21957916, 0.575544), (1.3023261, 0.22222337, 0.580014), (1.3011444, 0.22412449, 0.5849506), (1.3003623, 0.22523642, 0.59019786), (1.3000102, 0.22551312, 0.5955998), (1.3000921, 0.22495869, 0.6009911), (1.300612, 0.22357754, 0.6062067), (1.3015479, 0.2214237, 0.6110919), (1.3028773, 0.2185513, 0.6154923), (1.3249286, 0.17632627, 0.614958), (1.3264802, 0.17368206, 0.6104878), (1.327662, 0.17178096, 0.6055513), (1.3284439, 0.17066903, 0.6003041), (1.3287961, 0.17039232, 0.5949023), (1.3287143, 0.17094675, 0.5895109), (1.3281943, 0.17232789, 0.5842952), (1.3272583, 0.17448173, 0.5794099), (1.3259289, 0.1773542, 0.5750097), (1.324252, 0.1808477, 0.57121974), (1.3361607, 0.24137273, -0.48944116), (1.3339353, 0.24584496, -0.4922487), (1.3323402, 0.2492225, -0.49659422), (1.3443862, 0.22769424, -0.5177491), (1.3307451, 0.2526001, -0.5009397), (1.3383859, 0.2369006, -0.4866335), (1.3299727, 0.25447568, -0.5062989), (1.3409733, 0.23187311, -0.4857024), (1.3292003, 0.25635126, -0.5116581), (1.3293437, 0.2564986, -0.5173846), (1.3461975, 0.2218695, -0.485829), (1.3435605, 0.2268457, -0.48477122), (1.3294871, 0.25664598, -0.5231112), (1.3488344, 0.2168933, -0.48688668), (1.330529, 0.25504732, -0.5285143), (1.3512032, 0.21256842, -0.4898056), (1.331571, 0.25344867, -0.53391755), (1.3333857, 0.25029683, -0.5383456), (1.3553869, 0.20509169, -0.49715263), (1.353572, 0.20824352, -0.4927245), (1.3352005, 0.24714503, -0.5427737), (1.3572016, 0.2019399, -0.5015807), (1.3375692, 0.24282014, -0.5456927), (1.3582435, 0.20034124, -0.5069839), (1.339938, 0.23849525, -0.5486115), (1.3425751, 0.23351906, -0.54966927), (1.3452121, 0.2285428, -0.550727), (1.3594289, 0.19888993, -0.51811355), (1.3592855, 0.19874258, -0.51238704), (1.3595723, 0.19903728, -0.5238402), (1.3477993, 0.22351544, -0.5497958), (1.3587998, 0.20091286, -0.5291993), (1.3503865, 0.21848807, -0.5488647), (1.3526119, 0.21401583, -0.54605716), (1.3548373, 0.20954359, -0.5432495), (1.3564323, 0.206166, -0.538904), (1.3580273, 0.20278846, -0.53455853), (1.3082873, 0.2127319, 0.6236401), (1.3060619, 0.21720414, 0.62083256), (1.3044667, 0.22058168, 0.616487), (1.3165128, 0.19905342, 0.59533215), (1.3028717, 0.22395927, 0.6121415), (1.3105125, 0.20825976, 0.62644774), (1.3020992, 0.22583486, 0.6067823), (1.3130997, 0.20323229, 0.6273788), (1.3013269, 0.22771044, 0.60142314), (1.3014703, 0.22785778, 0.5956966), (1.318324, 0.19322866, 0.6272523), (1.3156871, 0.19820486, 0.62831), (1.3016137, 0.22800514, 0.5899701), (1.320961, 0.18825246, 0.6261946), (1.3026556, 0.22640648, 0.58456695), (1.3233298, 0.18392758, 0.62327564), (1.3036975, 0.22480783, 0.57916373), (1.3055123, 0.221656, 0.57473564), (1.3275133, 0.17645085, 0.6159286), (1.3256986, 0.1796027, 0.62035674), (1.307327, 0.2185042, 0.57030755), (1.3293282, 0.17329906, 0.61150056), (1.3096958, 0.2141793, 0.56738865), (1.3303701, 0.1717004, 0.60609734), (1.3120646, 0.20985442, 0.5644697), (1.3147017, 0.20487823, 0.563412), (1.3173387, 0.19990197, 0.5623544), (1.3315554, 0.1702491, 0.5949677), (1.331412, 0.17010175, 0.60069424), (1.3316988, 0.17039645, 0.58924115), (1.3199259, 0.1948746, 0.5632854), (1.3309264, 0.17227204, 0.5838819), (1.3225131, 0.18984723, 0.56421655), (1.3247384, 0.18537499, 0.5670242), (1.3269638, 0.18090275, 0.5698317), (1.3285589, 0.17752516, 0.57417727), (1.330154, 0.17414762, 0.5785227), (1.1044719, 0.6850224, -0.4838274), (1.1022465, 0.6894946, -0.486635), (1.1006515, 0.69287217, -0.4909805), (1.1126975, 0.6713439, -0.5121353), (1.0990564, 0.6962497, -0.495326), (1.1066972, 0.6805502, -0.4810198), (1.098284, 0.69812536, -0.50068516), (1.1092845, 0.67552274, -0.48008868), (1.0975115, 0.70000094, -0.5060443), (1.0976549, 0.7001483, -0.5117709), (1.1145087, 0.6655191, -0.48021525), (1.1118717, 0.67049533, -0.4791575), (1.0977983, 0.7002956, -0.51749754), (1.1171458, 0.6605429, -0.48127294), (1.0988402, 0.698697, -0.5229006), (1.1195145, 0.65621805, -0.4841919), (1.0998822, 0.6970983, -0.5283038), (1.101697, 0.6939465, -0.5327319), (1.1236981, 0.64874136, -0.4915389), (1.1218833, 0.65189314, -0.4871108), (1.1035118, 0.69079465, -0.53716), (1.1255128, 0.64558953, -0.49596697), (1.1058806, 0.6864698, -0.54007894), (1.1265548, 0.6439909, -0.5013702), (1.1082493, 0.68214494, -0.54299784), (1.1108863, 0.67716867, -0.5440555), (1.1135234, 0.67219245, -0.54511327), (1.1277401, 0.64253956, -0.5124998), (1.1275967, 0.6423922, -0.5067733), (1.1278836, 0.6426869, -0.51822644), (1.1161106, 0.66716504, -0.5441821), (1.1271111, 0.6445625, -0.5235856), (1.1186978, 0.6621376, -0.543251), (1.1209232, 0.65766543, -0.5404434), (1.1231486, 0.65319324, -0.5376358), (1.1247436, 0.6498156, -0.53329027), (1.1263387, 0.64643806, -0.52894485), (1.0765985, 0.65638155, 0.6292538), (1.0743731, 0.66085374, 0.62644625), (1.072778, 0.66423136, 0.6221008), (1.0848241, 0.64270306, 0.6009459), (1.071183, 0.6676089, 0.61775523), (1.0788238, 0.6519094, 0.6320615), (1.0704105, 0.6694845, 0.61239606), (1.081411, 0.64688194, 0.63299257), (1.0696381, 0.6713601, 0.6070369), (1.0697815, 0.6715074, 0.6013104), (1.0866354, 0.6368783, 0.63286597), (1.0839983, 0.6418545, 0.63392377), (1.069925, 0.67165476, 0.59558386), (1.0892724, 0.63190204, 0.6318083), (1.0709668, 0.6700561, 0.59018064), (1.0916411, 0.6275772, 0.6288894), (1.0720087, 0.66845745, 0.5847775), (1.0738236, 0.6653057, 0.5803494), (1.0958246, 0.6201005, 0.62154233), (1.0940099, 0.62325233, 0.6259705), (1.0756384, 0.66215384, 0.57592124), (1.0976394, 0.61694866, 0.61711425), (1.0780071, 0.6578289, 0.5730024), (1.0986813, 0.61535, 0.6117111), (1.0803759, 0.65350413, 0.57008344), (1.0830129, 0.64852786, 0.56902575), (1.08565, 0.64355165, 0.56796813), (1.0998667, 0.6138987, 0.6005814), (1.0997233, 0.61375135, 0.6063079), (1.1000102, 0.61404604, 0.5948549), (1.0882372, 0.6385242, 0.56889915), (1.0992377, 0.6159217, 0.58949566), (1.0908244, 0.6334968, 0.56983024), (1.0930498, 0.6290246, 0.5726379), (1.095275, 0.62455237, 0.5754455), (1.0968702, 0.6211748, 0.57979095), (1.0984652, 0.61779726, 0.5841364), (0.8712669, 1.1315756, -0.47817695), (0.86904156, 1.1360477, -0.48098454), (0.8674465, 1.1394253, -0.48533005), (0.8794925, 1.117897, -0.50648487), (0.8658514, 1.1428028, -0.48967555), (0.87349224, 1.1271033, -0.4753693), (0.865079, 1.1446784, -0.49503472), (0.8760795, 1.1220758, -0.47443822), (0.86430657, 1.146554, -0.50039387), (0.86445, 1.1467013, -0.50612044), (0.8813037, 1.1120722, -0.4745648), (0.8786667, 1.1170485, -0.47350705), (0.8645933, 1.1468487, -0.5118471), (0.88394076, 1.107096, -0.47562248), (0.8656353, 1.14525, -0.5172501), (0.8863095, 1.1027712, -0.47854143), (0.8666772, 1.1436514, -0.52265334), (0.868492, 1.1404996, -0.5270814), (0.8904931, 1.0952945, -0.48588845), (0.88867825, 1.0984462, -0.4814603), (0.8703068, 1.1373477, -0.5315095), (0.8923079, 1.0921426, -0.4903165), (0.8726756, 1.1330229, -0.5344285), (0.8933498, 1.090544, -0.4957197), (0.87504435, 1.128698, -0.5373474), (0.8776814, 1.1237217, -0.53840506), (0.88031834, 1.1187456, -0.5394628), (0.8945351, 1.0890927, -0.50684935), (0.8943917, 1.0889454, -0.50112283), (0.89467853, 1.0892401, -0.512576), (0.8829056, 1.1137182, -0.5385316), (0.8939061, 1.0911156, -0.5179351), (0.8854928, 1.1086907, -0.5376005), (0.88771814, 1.1042185, -0.53479296), (0.8899435, 1.0997463, -0.53198534), (0.8915386, 1.0963688, -0.5276398), (0.8931337, 1.0929911, -0.5232943), (0.84339345, 1.1029347, 0.6349043), (0.8411681, 1.1074069, 0.6320967), (0.839573, 1.1107844, 0.62775123), (0.8516191, 1.0892562, 0.60659635), (0.83797795, 1.1141621, 0.6234057), (0.84561884, 1.0984625, 0.63771194), (0.8372055, 1.1160376, 0.6180465), (0.8482061, 1.093435, 0.638643), (0.8364331, 1.1179131, 0.61268735), (0.8365765, 1.1180605, 0.60696083), (0.85343033, 1.0834314, 0.6385165), (0.8507933, 1.0884076, 0.6395742), (0.83671993, 1.1182078, 0.6012343), (0.8560673, 1.0784552, 0.63745874), (0.8377619, 1.1166092, 0.5958311), (0.8584361, 1.0741303, 0.63453984), (0.83880377, 1.1150106, 0.59042794), (0.84061855, 1.1118587, 0.58599985), (0.86261964, 1.0666536, 0.6271928), (0.86080486, 1.0698055, 0.63162094), (0.84243333, 1.108707, 0.5815717), (0.8644344, 1.0635017, 0.62276477), (0.84480214, 1.104382, 0.57865286), (0.86547637, 1.0619031, 0.61736155), (0.8471709, 1.1000571, 0.5757339), (0.8498079, 1.095081, 0.5746762), (0.8524449, 1.0901047, 0.5736186), (0.86666167, 1.0604519, 0.60623187), (0.86651826, 1.0603045, 0.6119584), (0.8668051, 1.0605992, 0.60050535), (0.85503215, 1.0850773, 0.5745496), (0.86603266, 1.0624747, 0.5951461), (0.85761935, 1.08005, 0.57548076), (0.85984474, 1.0755777, 0.5782884), (0.8620701, 1.0711055, 0.58109593), (0.86366516, 1.0677279, 0.58544147), (0.86526024, 1.0643504, 0.5897869), (1.3221116, 0.22693692, 0.071585804), (1.3198862, 0.23140912, 0.06877824), (1.3182912, 0.23478666, 0.064432725), (1.3303372, 0.2132584, 0.04327784), (1.316696, 0.23816425, 0.06008721), (1.3243369, 0.22246474, 0.074393444), (1.3159236, 0.24003983, 0.05472806), (1.3269242, 0.21743727, 0.075324535), (1.3151512, 0.24191542, 0.049368836), (1.3152946, 0.24206276, 0.043642316), (1.3321484, 0.20743364, 0.07519796), (1.3295114, 0.21240984, 0.07625571), (1.315438, 0.24221012, 0.037915796), (1.3347853, 0.20245744, 0.07414028), (1.3164799, 0.24061146, 0.03251261), (1.3371542, 0.19813256, 0.07122132), (1.3175219, 0.23901281, 0.027109424), (1.3193367, 0.23586096, 0.022681369), (1.3413378, 0.19065583, 0.06387431), (1.339523, 0.19380766, 0.068302445), (1.3211515, 0.23270918, 0.018253237), (1.3431525, 0.18750404, 0.05944626), (1.3235202, 0.22838429, 0.015334358), (1.3441944, 0.18590538, 0.054043073), (1.325889, 0.2240594, 0.012415404), (1.328526, 0.2190832, 0.011357728), (1.331163, 0.21410695, 0.010300053), (1.3453798, 0.18445408, 0.042913366), (1.3452364, 0.18430673, 0.048639882), (1.3455232, 0.18460143, 0.037186846), (1.3337502, 0.20907958, 0.011231148), (1.3447508, 0.18647702, 0.03182762), (1.3363374, 0.20405221, 0.012162244), (1.3385628, 0.19957997, 0.014969883), (1.3407881, 0.19510773, 0.017777447), (1.3423833, 0.19173014, 0.022122959), (1.3439783, 0.1883526, 0.026468394), (1.0904229, 0.6705865, 0.077199526), (1.0881975, 0.6750587, 0.07439196), (1.0866024, 0.67843634, 0.07004645), (1.0986484, 0.65690804, 0.048891567), (1.0850073, 0.6818139, 0.06570094), (1.0926481, 0.66611433, 0.080007166), (1.084235, 0.6836895, 0.06034179), (1.0952355, 0.6610869, 0.080938265), (1.0834625, 0.68556505, 0.05498256), (1.0836059, 0.6857124, 0.04925604), (1.1004597, 0.6510833, 0.08081168), (1.0978227, 0.6560595, 0.08186943), (1.0837493, 0.68585974, 0.043529525), (1.1030967, 0.646107, 0.079754), (1.0847912, 0.6842611, 0.03812634), (1.1054654, 0.64178216, 0.07683505), (1.0858332, 0.6826624, 0.03272315), (1.0876479, 0.6795106, 0.028295096), (1.1096491, 0.6343055, 0.06948804), (1.1078342, 0.6374573, 0.073916174), (1.0894628, 0.6763588, 0.023866963), (1.1114638, 0.63115364, 0.06505998), (1.0918314, 0.6720339, 0.020948084), (1.1125058, 0.629555, 0.0596568), (1.0942003, 0.6677091, 0.018029131), (1.0968373, 0.66273284, 0.016971454), (1.0994743, 0.6577566, 0.015913779), (1.1136911, 0.6281037, 0.04852709), (1.1135477, 0.62795633, 0.05425361), (1.1138345, 0.628251, 0.04280057), (1.1020615, 0.65272915, 0.016844872), (1.113062, 0.63012666, 0.037441347), (1.1046487, 0.6477018, 0.01777597), (1.1068741, 0.6432296, 0.02058361), (1.1090995, 0.63875735, 0.023391172), (1.1106945, 0.6353798, 0.027736686), (1.1122897, 0.63200223, 0.03208212), (0.85721785, 1.1171397, 0.082849994), (0.8549925, 1.1216118, 0.08004243), (0.8533974, 1.1249894, 0.075696915), (0.86544347, 1.1034611, 0.05454203), (0.8518023, 1.1283671, 0.0713514), (0.8594432, 1.1126674, 0.085657634), (0.85102993, 1.1302426, 0.06599225), (0.86203045, 1.10764, 0.086588725), (0.85025746, 1.1321181, 0.060633026), (0.85040087, 1.1322654, 0.054906506), (0.8672547, 1.0976363, 0.08646215), (0.86461765, 1.1026126, 0.0875199), (0.8505443, 1.1324128, 0.04917999), (0.8698917, 1.0926602, 0.08540447), (0.8515862, 1.1308142, 0.043776803), (0.87226045, 1.0883353, 0.08248551), (0.8526281, 1.1292156, 0.038373616), (0.85444295, 1.1260637, 0.03394556), (0.876444, 1.0808586, 0.0751385), (0.8746292, 1.0840105, 0.079566635), (0.85625774, 1.1229119, 0.029517429), (0.8782588, 1.0777067, 0.07071045), (0.8586265, 1.118587, 0.026598549), (0.8793007, 1.0761081, 0.06530726), (0.86099523, 1.1142621, 0.023679595), (0.86363226, 1.109286, 0.022621918), (0.8662693, 1.1043097, 0.021564245), (0.8804861, 1.0746568, 0.054177556), (0.88034266, 1.0745095, 0.059904076), (0.8806294, 1.0748042, 0.048451036), (0.8688565, 1.0992823, 0.022495339), (0.87985706, 1.0766797, 0.04309181), (0.8714437, 1.094255, 0.023426434), (0.8736691, 1.0897827, 0.026234074), (0.8758944, 1.0853105, 0.029041639), (0.8774895, 1.0819329, 0.03338715), (0.87908465, 1.0785553, 0.037732586)]
}

