#usda 1.0
(
    defaultPrim = "SM_Lift_Text_4_RobotGarage"
    upAxis = "Z"
)

def Mesh "SM_Lift_Text_4_RobotGarage"
{
    int[] faceVertexCounts = [3, 3, 3, 3, 3, 3, 3, 3, 3, 3, 3, 3, 3, 3, 3, 3, 3, 3, 3, 3, 3, 3, 3, 3, 3, 3, 3, 3, 3, 3, 3, 3, 3, 3, 3, 3, 3, 3, 3, 3, 3, 3, 3, 3, 3, 3, 3, 3, 3, 3, 3, 3, 3, 3, 3, 3, 3, 3, 3, 3, 3, 3, 3, 3, 3, 3, 3, 3, 3, 3, 3, 3, 3, 3, 3, 3, 3, 3, 3, 3, 3, 3, 3, 3, 3, 3, 3, 3, 3, 3, 3, 3, 3, 3, 3, 3, 3, 3, 3, 3, 3, 3, 3, 3, 3, 3, 3, 3, 3, 3, 3, 3, 3, 3, 3, 3, 3, 3, 3, 3, 3, 3, 3, 3, 3, 3, 3, 3, 3, 3, 3, 3, 3, 3, 3, 3, 3, 3, 3, 3, 3, 3, 3, 3, 3, 3, 3, 3, 3, 3, 3, 3, 3, 3, 3, 3, 3, 3, 3, 3, 3, 3, 3, 3, 3, 3, 3, 3, 3, 3, 3, 3, 3, 3, 3, 3, 3, 3, 3, 3, 3, 3, 3, 3, 3, 3, 3, 3, 3, 3, 3, 3, 3, 3, 3, 3, 3, 3, 3, 3, 3, 3, 3, 3, 3, 3, 3, 3, 3, 3, 3, 3, 3, 3, 3, 3, 3, 3, 3, 3, 3, 3, 3, 3, 3, 3, 3, 3, 3, 3, 3, 3, 3, 3, 3, 3, 3, 3, 3, 3, 3, 3, 3, 3, 3, 3, 3, 3, 3, 3, 3, 3, 3, 3, 3, 3, 3, 3, 3, 3, 3, 3, 3, 3, 3, 3, 3, 3, 3, 3, 3, 3, 3, 3, 3, 3, 3, 3, 3, 3, 3, 3, 3, 3, 3, 3, 3, 3, 3, 3, 3, 3, 3, 3, 3, 3, 3, 3, 3, 3, 3, 3, 3, 3, 3, 3, 3, 3, 3, 3, 3, 3, 3, 3, 3, 3, 3, 3, 3, 3, 3, 3, 3, 3, 3, 3, 3, 3, 3, 3, 3, 3, 3, 3, 3, 3, 3, 3, 3, 3, 3, 3, 3, 3, 3, 3, 3, 3, 3, 3, 3, 3, 3, 3, 3, 3, 3, 3, 3, 3, 3, 3, 3, 3, 3, 3, 3, 3, 3, 3, 3, 3, 3, 3, 3, 3, 3, 3, 3, 3, 3, 3, 3, 3, 3, 3, 3, 3, 3, 3, 3, 3, 3, 3, 3, 3, 3, 3, 3, 3, 3, 3, 3, 3, 3, 3, 3, 3, 3, 3, 3, 3, 3, 3, 3, 3, 3, 3, 3, 3, 3, 3, 3, 3, 3, 3, 3, 3, 3, 3, 3, 3, 3, 3, 3, 3, 3, 3, 3, 3, 3, 3, 3, 3, 3, 3, 3, 3, 3, 3, 3, 3, 3, 3, 3, 3, 3, 3, 3, 3, 3, 3, 3, 3, 3, 3, 3, 3, 3, 3, 3, 3, 3, 3, 3, 3, 3, 3, 3, 3, 3, 3, 3, 3, 3, 3, 3, 3, 3, 3, 3, 3, 3, 3, 3, 3, 3, 3, 3, 3, 3, 3, 3, 3, 3, 3, 3, 3, 3, 3, 3, 3, 3, 3, 3, 3, 3, 3, 3, 3, 3, 3, 3, 3, 3, 3, 3, 3, 3, 3, 3, 3, 3, 3, 3, 3, 3, 3, 3, 3, 3, 3, 3, 3, 3, 3, 3, 3, 3, 3, 3, 3, 3, 3, 3, 3, 3, 3, 3, 3, 3, 3, 3, 3, 3, 3, 3, 3, 3, 3, 3, 3, 3, 3, 3, 3, 3, 3, 3, 3, 3, 3, 3, 3, 3, 3, 3, 3, 3, 3, 3, 3, 3, 3, 3, 3, 3, 3, 3, 3, 3, 3, 3, 3, 3, 3, 3, 3, 3, 3, 3, 3, 3, 3, 3, 3, 3, 3, 3, 3, 3, 3, 3, 3, 3, 3, 3, 3, 3, 3, 3, 3, 3, 3, 3, 3, 3, 3, 3, 3, 3, 3, 3, 3, 3, 3, 3, 3, 3, 3, 3, 3, 3, 3, 3, 3, 3, 3, 3, 3, 3, 3, 3, 3, 3, 3, 3, 3, 3, 3, 3, 3, 3, 3, 3, 3, 3, 3, 3, 3, 3, 3, 3, 3, 3, 3, 3, 3, 3, 3, 3, 3, 3, 3, 3, 3, 3, 3, 3, 3, 3, 3, 3, 3, 3, 3, 3, 3, 3, 3, 3, 3, 3, 3, 3, 3, 3, 3, 3, 3, 3, 3, 3, 3, 3, 3, 3, 3, 3, 3, 3, 3, 3, 3, 3, 3, 3, 3, 3, 3, 3, 3, 3, 3, 3, 3, 3, 3, 3, 3, 3, 3, 3, 3, 3, 3, 3, 3, 3, 3, 3, 3, 3, 3, 3, 3, 3, 3, 3, 3, 3, 3, 3, 3, 3, 3, 3, 3, 3, 3, 3, 3, 3, 3, 3, 3, 3, 3, 3, 3, 3, 3, 3, 3, 3, 3, 3, 3, 3, 3, 3, 3, 3, 3, 3, 3, 3, 3, 3, 3, 3, 3, 3, 3, 3, 3, 3, 3, 3, 3, 3, 3, 3, 3, 3, 3, 3, 3, 3, 3, 3, 3, 3, 3, 3, 3, 3, 3, 3, 3, 3, 3, 3, 3, 3, 3, 3, 3, 3, 3, 3, 3, 3, 3, 3, 3, 3, 3, 3, 3, 3, 3, 3, 3, 3, 3, 3, 3, 3, 3, 3, 3, 3, 3, 3, 3, 3, 3, 3, 3, 3, 3, 3, 3, 3, 3, 3, 3, 3, 3, 3, 3, 3, 3, 3, 3, 3, 3, 3, 3, 3, 3, 3, 3, 3, 3, 3, 3, 3, 3, 3, 3, 3, 3, 3, 3, 3, 3, 3, 3, 3, 3, 3, 3, 3, 3, 3, 3, 3, 3, 3, 3, 3, 3, 3, 3, 3, 3, 3, 3, 3, 3, 3, 3, 3, 3, 3, 3, 3, 3, 3, 3, 3, 3, 3, 3, 3, 3, 3, 3, 3, 3, 3, 3, 3, 3, 3, 3, 3, 3, 3, 3, 3, 3, 3, 3, 3, 3, 3, 3, 3, 3, 3, 3, 3, 3, 3, 3, 3, 3, 3, 3, 3, 3, 3, 3, 3, 3, 3, 3, 3, 3, 3, 3, 3, 3, 3, 3, 3, 3, 3, 3, 3, 3, 3, 3, 3, 3, 3, 3, 3, 3, 3, 3, 3, 3, 3, 3, 3, 3, 3, 3, 3, 3, 3, 3, 3, 3, 3, 3, 3, 3, 3, 3, 3, 3, 3, 3, 3, 3, 3, 3, 3, 3, 3, 3, 3, 3, 3, 3, 3, 3, 3, 3, 3, 3, 3, 3, 3, 3, 3, 3, 3, 3, 3, 3, 3, 3, 3, 3, 3, 3, 3, 3, 3, 3, 3, 3, 3, 3, 3, 3, 3, 3, 3, 3, 3, 3, 3, 3, 3, 3, 3, 3, 3, 3, 3, 3, 3, 3, 3, 3, 3, 3, 3, 3, 3, 3, 3, 3, 3, 3, 3, 3, 3, 3, 3, 3, 3, 3, 3, 3, 3, 3, 3, 3, 3, 3, 3, 3, 3, 3, 3, 3, 3, 3, 3, 3, 3, 3, 3, 3, 3, 3, 3, 3, 3, 3, 3, 3, 3, 3, 3, 3, 3, 3, 3, 3, 3, 3, 3, 3, 3, 3, 3, 3, 3, 3, 3, 3, 3, 3, 3, 3, 3, 3, 3, 3, 3, 3, 3, 3, 3, 3, 3, 3, 3, 3, 3, 3, 3, 3, 3, 3, 3, 3, 3, 3, 3, 3, 3, 3, 3, 3, 3, 3, 3, 3, 3, 3, 3, 3, 3, 3, 3, 3, 3, 3, 3, 3, 3, 3, 3, 3, 3, 3, 3, 3, 3, 3, 3, 3, 3, 3, 3, 3, 3, 3, 3, 3, 3, 3, 3, 3, 3, 3, 3, 3, 3, 3, 3, 3, 3, 3, 3, 3, 3, 3, 3, 3, 3, 3, 3, 3, 3, 3, 3, 3, 3, 3, 3, 3, 3, 3, 3, 3, 3, 3, 3, 3, 3, 3, 3, 3, 3, 3, 3, 3, 3, 3, 3, 3, 3, 3, 3, 3, 3, 3, 3, 3, 3, 3, 3, 3, 3, 3, 3, 3, 3, 3, 3, 3, 3, 3, 3, 3, 3, 3, 3, 3, 3, 3, 3, 3, 3, 3, 3, 3, 3, 3, 3, 3, 3, 3, 3, 3, 3, 3, 3, 3, 3, 3, 3, 3, 3, 3, 3, 3, 3, 3, 3, 3, 3, 3, 3, 3, 3, 3, 3, 3, 3, 3, 3, 3, 3, 3, 3, 3, 3, 3, 3, 3, 3, 3, 3, 3, 3, 3, 3, 3, 3, 3, 3, 3, 3, 3, 3, 3, 3, 3, 3, 3, 3, 3, 3, 3, 3, 3, 3, 3, 3, 3, 3, 3, 3, 3, 3, 3, 3, 3, 3, 3, 3, 3, 3, 3, 3, 3, 3, 3, 3, 3, 3, 3, 3, 3, 3, 3, 3, 3, 3, 3, 3, 3, 3, 3, 3, 3, 3, 3, 3, 3, 3, 3, 3, 3, 3, 3, 3, 3, 3, 3, 3, 3, 3, 3, 3, 3, 3, 3, 3, 3, 3, 3, 3, 3, 3, 3, 3, 3, 3, 3, 3, 3, 3, 3, 3, 3, 3, 3, 3, 3, 3, 3, 3, 3, 3, 3, 3, 3, 3, 3, 3, 3, 3, 3, 3, 3, 3, 3, 3, 3, 3, 3, 3, 3, 3, 3, 3, 3, 3, 3, 3, 3, 3, 3, 3, 3, 3, 3, 3, 3, 3, 3, 3, 3, 3, 3, 3, 3, 3, 3, 3, 3, 3, 3, 3, 3, 3, 3, 3, 3, 3, 3, 3, 3, 3, 3, 3, 3, 3, 3, 3, 3, 3, 3, 3, 3, 3, 3, 3, 3, 3, 3, 3, 3, 3, 3, 3, 3, 3, 3, 3, 3, 3, 3, 3, 3, 3, 3, 3, 3, 3, 3, 3, 3, 3, 3, 3, 3, 3, 3, 3, 3, 3, 3, 3, 3, 3, 3, 3, 3, 3, 3, 3, 3, 3, 3, 3, 3, 3, 3, 3, 3, 3, 3, 3, 3, 3, 3, 3, 3, 3, 3, 3, 3, 3, 3, 3, 3, 3, 3, 3, 3, 3, 3, 3, 3, 3, 3, 3, 3, 3, 3, 3, 3, 3, 3, 3, 3, 3, 3, 3, 3, 3, 3, 3, 3, 3, 3, 3, 3, 3, 3, 3, 3, 3, 3, 3, 3, 3, 3, 3, 3, 3, 3, 3, 3, 3, 3, 3, 3, 3, 3, 3, 3, 3, 3, 3, 3, 3, 3, 3, 3, 3, 3, 3, 3, 3, 3, 3, 3, 3, 3, 3, 3, 3, 3, 3, 3, 3, 3, 3, 3, 3, 3, 3, 3, 3, 3, 3, 3, 3, 3, 3, 3, 3, 3, 3, 3, 3, 3, 3, 3, 3, 3, 3, 3, 3, 3, 3, 3, 3, 3, 3, 3, 3, 3, 3, 3, 3, 3, 3, 3, 3, 3, 3, 3, 3, 3, 3, 3, 3, 3, 3, 3, 3, 3, 3, 3, 3, 3, 3, 3, 3, 3, 3, 3, 3, 3, 3, 3, 3, 3, 3, 3, 3, 3, 3, 3, 3, 3, 3, 3, 3, 3, 3, 3, 3, 3, 3, 3, 3, 3, 3, 3, 3, 3, 3, 3, 3, 3, 3, 3, 3, 3, 3, 3, 3, 3, 3, 3, 3, 3, 3, 3, 3, 3, 3, 3, 3, 3, 3, 3, 3, 3, 3, 3, 3, 3, 3, 3, 3, 3, 3, 3, 3, 3, 3, 3, 3, 3, 3, 3, 3, 3, 3, 3, 3, 3, 3, 3, 3, 3, 3, 3, 3, 3, 3, 3, 3, 3, 3, 3, 3, 3, 3, 3, 3, 3, 3, 3, 3, 3, 3, 3, 3, 3, 3, 3, 3, 3, 3, 3, 3, 3, 3, 3, 3, 3, 3, 3, 3, 3, 3, 3, 3, 3, 3, 3, 3, 3, 3, 3, 3, 3, 3, 3, 3, 3, 3, 3, 3, 3, 3, 3, 3, 3, 3, 3, 3, 3, 3, 3, 3, 3, 3, 3, 3, 3, 3, 3, 3, 3, 3, 3, 3, 3, 3, 3, 3, 3, 3, 3, 3, 3, 3, 3, 3, 3, 3, 3, 3, 3, 3, 3, 3, 3, 3, 3, 3, 3, 3, 3, 3, 3, 3, 3, 3, 3, 3, 3, 3, 3, 3, 3, 3, 3, 3, 3, 3, 3, 3, 3, 3, 3, 3, 3, 3, 3, 3, 3, 3, 3, 3, 3, 3, 3, 3, 3, 3, 3, 3, 3, 3, 3, 3, 3, 3, 3, 3, 3, 3, 3, 3, 3, 3, 3, 3, 3, 3, 3, 3, 3, 3, 3, 3, 3, 3, 3, 3, 3, 3, 3, 3, 3, 3, 3, 3, 3, 3, 3, 3, 3, 3, 3, 3, 3, 3, 3, 3, 3, 3, 3, 3, 3, 3, 3, 3, 3, 3, 3, 3, 3, 3, 3, 3, 3, 3, 3, 3, 3, 3, 3, 3, 3, 3, 3, 3, 3, 3, 3, 3, 3, 3, 3, 3, 3, 3, 3, 3, 3, 3, 3, 3, 3, 3, 3, 3, 3, 3, 3, 3, 3, 3, 3, 3, 3, 3, 3, 3, 3, 3, 3, 3, 3, 3, 3, 3, 3, 3, 3, 3, 3, 3, 3, 3, 3, 3, 3, 3, 3, 3, 3, 3, 3, 3, 3, 3, 3, 3, 3, 3, 3, 3, 3, 3, 3, 3, 3, 3, 3, 3, 3, 3, 3, 3, 3, 3, 3, 3, 3, 3, 3, 3, 3, 3, 3, 3, 3, 3, 3, 3, 3, 3, 3, 3, 3, 3, 3, 3, 3, 3, 3, 3, 3, 3, 3, 3, 3, 3, 3, 3, 3, 3, 3, 3, 3, 3, 3, 3, 3, 3, 3, 3, 3, 3, 3, 3, 3, 3, 3, 3, 3, 3, 3, 3, 3, 3, 3, 3, 3, 3, 3, 3, 3, 3, 3, 3, 3, 3, 3, 3, 3, 3, 3, 3, 3, 3, 3, 3, 3, 3, 3, 3, 3, 3, 3, 3, 3, 3, 3, 3, 3, 3, 3, 3, 3, 3, 3, 3, 3, 3, 3, 3, 3, 3, 3, 3, 3, 3, 3, 3, 3, 3, 3, 3, 3, 3, 3, 3, 3, 3, 3, 3, 3, 3, 3, 3, 3, 3, 3, 3, 3, 3, 3, 3, 3, 3, 3, 3, 3, 3, 3, 3, 3, 3, 3, 3, 3, 3, 3, 3, 3, 3, 3, 3, 3, 3, 3, 3, 3, 3, 3, 3, 3, 3, 3, 3, 3, 3, 3, 3, 3, 3, 3, 3, 3, 3, 3, 3, 3, 3, 3, 3, 3, 3, 3, 3, 3, 3, 3, 3, 3, 3, 3, 3, 3, 3, 3, 3, 3, 3, 3, 3, 3, 3, 3, 3, 3, 3, 3, 3, 3, 3, 3, 3, 3, 3, 3, 3, 3, 3, 3, 3, 3, 3, 3, 3, 3, 3, 3, 3, 3, 3, 3, 3, 3, 3, 3, 3, 3, 3, 3, 3, 3, 3, 3, 3, 3, 3, 3, 3, 3, 3, 3, 3, 3, 3, 3, 3, 3, 3, 3, 3, 3, 3, 3, 3, 3, 3, 3, 3, 3, 3, 3, 3, 3, 3, 3, 3, 3, 3, 3, 3, 3, 3, 3, 3, 3, 3, 3, 3, 3, 3, 3, 3, 3, 3, 3, 3, 3, 3, 3, 3, 3, 3, 3, 3, 3, 3, 3, 3, 3, 3, 3, 3, 3, 3, 3, 3, 3, 3, 3, 3, 3, 3, 3, 3, 3, 3, 3, 3, 3, 3, 3, 3, 3, 3, 3, 3, 3, 3, 3, 3, 3, 3, 3, 3, 3, 3, 3, 3, 3, 3, 3, 3, 3, 3, 3, 3, 3, 3, 3, 3, 3, 3, 3, 3, 3, 3, 3, 3, 3, 3, 3, 3, 3, 3, 3, 3, 3, 3, 3, 3, 3, 3, 3, 3, 3, 3, 3, 3, 3, 3, 3, 3, 3, 3, 3, 3, 3, 3, 3, 3, 3, 3, 3, 3, 3, 3, 3, 3, 3, 3, 3, 3, 3, 3, 3, 3, 3, 3, 3, 3, 3, 3, 3, 3, 3, 3, 3, 3, 3, 3, 3, 3, 3, 3, 3, 3, 3, 3, 3, 3, 3, 3, 3, 3, 3, 3, 3, 3, 3, 3, 3, 3, 3, 3, 3, 3, 3, 3, 3, 3, 3, 3, 3, 3, 3, 3, 3, 3, 3, 3, 3, 3, 3, 3, 3, 3, 3, 3, 3, 3, 3, 3, 3, 3, 3, 3, 3, 3, 3, 3, 3, 3, 3, 3, 3, 3, 3, 3, 3, 3, 3, 3, 3, 3, 3, 3, 3, 3, 3, 3, 3, 3, 3, 3, 3, 3, 3, 3, 3, 3, 3, 3, 3, 3, 3, 3, 3, 3, 3, 3, 3, 3, 3, 3, 3, 3, 3, 3, 3, 3, 3, 3, 3, 3, 3, 3, 3, 3, 3, 3, 3, 3, 3, 3, 3, 3, 3, 3, 3, 3, 3, 3, 3, 3, 3, 3, 3, 3, 3, 3, 3, 3, 3, 3, 3, 3, 3, 3, 3, 3, 3, 3, 3, 3, 3, 3, 3, 3, 3, 3, 3, 3, 3, 3, 3, 3, 3, 3, 3, 3, 3, 3, 3, 3, 3, 3, 3, 3, 3, 3, 3, 3, 3, 3, 3, 3, 3, 3, 3, 3, 3, 3, 3, 3, 3, 3, 3, 3, 3, 3, 3, 3, 3, 3, 3, 3, 3, 3, 3, 3, 3, 3, 3, 3, 3, 3, 3, 3, 3, 3, 3, 3, 3, 3, 3, 3, 3, 3, 3, 3, 3, 3, 3, 3, 3, 3, 3, 3, 3, 3, 3, 3, 3, 3, 3, 3, 3, 3, 3, 3, 3, 3, 3, 3, 3, 3, 3, 3, 3, 3, 3, 3, 3, 3, 3, 3, 3, 3, 3, 3, 3, 3, 3, 3, 3, 3, 3, 3, 3, 3, 3, 3, 3, 3, 3, 3, 3, 3, 3, 3, 3, 3, 3, 3, 3, 3, 3, 3, 3, 3, 3, 3, 3, 3, 3, 3, 3, 3, 3, 3, 3, 3, 3, 3, 3, 3, 3, 3, 3, 3, 3, 3, 3, 3, 3, 3, 3, 3, 3, 3, 3, 3, 3, 3, 3, 3, 3, 3, 3, 3, 3, 3, 3, 3, 3, 3, 3, 3, 3, 3, 3, 3, 3, 3, 3, 3, 3, 3, 3, 3, 3, 3, 3, 3, 3, 3, 3, 3, 3, 3, 3, 3, 3, 3, 3, 3, 3, 3, 3, 3, 3, 3, 3, 3, 3, 3, 3, 3, 3, 3, 3, 3, 3, 3, 3, 3, 3, 3, 3, 3, 3, 3, 3, 3, 3, 3, 3, 3, 3, 3, 3, 3, 3, 3, 3, 3, 3, 3, 3, 3, 3, 3, 3, 3, 3, 3, 3, 3, 3, 3, 3, 3, 3, 3, 3, 3, 3, 3, 3, 3, 3, 3, 3, 3, 3, 3, 3, 3, 3, 3, 3, 3, 3, 3, 3, 3, 3, 3, 3, 3, 3, 3, 3, 3, 3, 3, 3, 3, 3, 3, 3, 3, 3, 3, 3, 3, 3, 3, 3, 3, 3, 3, 3, 3, 3, 3, 3, 3, 3, 3, 3, 3, 3, 3, 3, 3, 3, 3, 3, 3, 3, 3, 3, 3, 3, 3, 3, 3, 3, 3, 3, 3, 3, 3, 3, 3, 3, 3, 3, 3, 3, 3, 3, 3, 3, 3, 3, 3, 3, 3, 3, 3, 3, 3, 3, 3, 3, 3, 3, 3, 3, 3, 3, 3, 3, 3, 3, 3, 3, 3, 3, 3, 3, 3, 3, 3, 3, 3, 3, 3, 3, 3, 3, 3, 3, 3, 3, 3, 3, 3, 3, 3, 3, 3, 3, 3, 3, 3, 3, 3, 3, 3, 3, 3, 3, 3, 3, 3, 3, 3, 3, 3, 3, 3, 3, 3, 3, 3, 3, 3, 3, 3, 3, 3, 3, 3, 3, 3, 3, 3, 3, 3, 3, 3, 3, 3, 3, 3, 3, 3, 3, 3, 3, 3, 3, 3, 3, 3, 3, 3, 3, 3, 3, 3, 3, 3, 3, 3, 3, 3, 3, 3, 3, 3, 3, 3, 3, 3, 3, 3, 3, 3, 3, 3, 3, 3, 3, 3, 3, 3, 3, 3, 3, 3, 3, 3, 3, 3, 3, 3, 3, 3, 3, 3, 3, 3, 3, 3, 3, 3, 3, 3, 3, 3, 3, 3, 3, 3, 3, 3, 3, 3, 3, 3, 3, 3, 3, 3, 3, 3, 3, 3, 3, 3, 3, 3, 3, 3, 3, 3, 3, 3, 3, 3, 3, 3, 3, 3, 3, 3, 3, 3, 3, 3, 3, 3, 3, 3, 3, 3, 3, 3, 3, 3, 3, 3, 3, 3, 3, 3, 3, 3, 3, 3, 3, 3, 3, 3, 3, 3, 3, 3, 3, 3, 3, 3, 3, 3, 3, 3, 3, 3, 3, 3, 3, 3, 3, 3, 3, 3, 3, 3, 3, 3, 3, 3, 3, 3, 3, 3, 3, 3, 3, 3, 3, 3, 3, 3, 3, 3, 3, 3, 3, 3, 3, 3, 3, 3, 3, 3, 3, 3, 3, 3, 3, 3, 3, 3, 3, 3, 3, 3, 3, 3, 3, 3, 3, 3, 3, 3, 3, 3, 3, 3, 3, 3, 3, 3, 3, 3, 3, 3, 3, 3, 3, 3, 3, 3, 3, 3, 3, 3, 3, 3, 3, 3, 3, 3, 3, 3, 3, 3, 3, 3, 3, 3, 3, 3, 3, 3, 3, 3, 3, 3, 3, 3, 3, 3, 3, 3, 3, 3, 3, 3, 3, 3, 3, 3, 3, 3, 3, 3, 3, 3, 3, 3, 3, 3, 3, 3, 3, 3, 3, 3, 3, 3, 3, 3, 3, 3, 3, 3, 3, 3, 3, 3, 3, 3, 3, 3, 3, 3, 3, 3, 3, 3, 3, 3, 3, 3, 3, 3, 3, 3, 3, 3, 3, 3, 3, 3, 3, 3, 3, 3, 3, 3, 3, 3, 3, 3, 3, 3, 3, 3, 3, 3, 3, 3, 3, 3, 3, 3, 3, 3, 3, 3, 3, 3, 3, 3, 3, 3, 3, 3, 3, 3, 3, 3, 3, 3, 3, 3, 3, 3, 3, 3, 3, 3, 3, 3, 3, 3, 3, 3, 3, 3, 3, 3, 3, 3, 3, 3, 3, 3, 3, 3, 3, 3, 3, 3, 3, 3, 3, 3, 3, 3, 3, 3, 3, 3, 3, 3, 3, 3, 3, 3, 3, 3, 3, 3, 3, 3, 3, 3, 3, 3, 3, 3, 3, 3, 3, 3, 3, 3, 3, 3, 3, 3, 3, 3, 3, 3, 3, 3, 3, 3, 3, 3, 3, 3, 3, 3, 3, 3, 3, 3, 3, 3, 3, 3, 3, 3, 3, 3, 3, 3, 3, 3, 3, 3, 3, 3, 3, 3, 3, 3, 3, 3, 3, 3, 3, 3, 3, 3, 3, 3, 3, 3, 3, 3, 3, 3, 3, 3, 3, 3, 3, 3, 3, 3, 3, 3, 3, 3, 3, 3, 3, 3, 3, 3, 3, 3, 3, 3, 3, 3, 3, 3, 3, 3, 3, 3, 3, 3, 3, 3, 3, 3, 3, 3, 3, 3, 3, 3, 3, 3, 3, 3, 3, 3, 3, 3, 3, 3, 3, 3, 3, 3, 3, 3, 3, 3, 3, 3, 3, 3, 3, 3, 3, 3, 3, 3, 3, 3, 3, 3, 3, 3, 3, 3, 3, 3, 3, 3]
    int[] faceVertexIndices = [0, 1, 2, 2, 3, 0, 4, 5, 6, 5, 7, 6, 5, 8, 7, 8, 9, 7, 9, 10, 7, 9, 11, 10, 11, 12, 10, 12, 13, 10, 12, 14, 13, 14, 15, 13, 14, 16, 15, 16, 17, 15, 17, 18, 15, 17, 19, 18, 19, 20, 18, 20, 21, 18, 20, 22, 21, 22, 23, 21, 22, 24, 23, 24, 25, 23, 25, 26, 23, 25, 27, 26, 27, 28, 26, 28, 29, 26, 28, 30, 29, 30, 31, 29, 30, 32, 31, 32, 33, 31, 32, 34, 33, 34, 35, 33, 35, 36, 33, 35, 37, 36, 37, 38, 36, 37, 39, 38, 39, 40, 38, 39, 41, 40, 41, 42, 40, 41, 43, 42, 43, 44, 42, 43, 45, 44, 43, 46, 45, 46, 47, 45, 46, 48, 47, 48, 49, 47, 48, 50, 49, 50, 51, 49, 50, 52, 51, 52, 53, 51, 53, 54, 51, 53, 55, 54, 55, 56, 54, 55, 57, 56, 57, 58, 56, 57, 59, 58, 59, 60, 58, 59, 61, 60, 61, 62, 60, 61, 63, 62, 63, 64, 62, 64, 65, 62, 64, 66, 65, 66, 67, 65, 67, 68, 65, 67, 69, 68, 69, 70, 68, 70, 71, 68, 70, 72, 71, 72, 73, 71, 73, 74, 71, 73, 75, 74, 75, 76, 74, 76, 77, 74, 76, 78, 77, 78, 79, 77, 79, 80, 77, 79, 81, 80, 81, 82, 80, 82, 83, 80, 82, 84, 83, 84, 85, 83, 85, 86, 83, 86, 87, 83, 86, 88, 87, 88, 89, 87, 89, 90, 87, 91, 92, 93, 94, 91, 93, 94, 93, 95, 94, 95, 96, 94, 96, 97, 94, 97, 98, 99, 94, 98, 99, 98, 100, 101, 99, 100, 101, 100, 102, 101, 102, 103, 104, 101, 103, 104, 103, 105, 106, 104, 105, 107, 106, 105, 107, 105, 108, 109, 107, 108, 110, 109, 108, 111, 110, 108, 112, 111, 108, 113, 112, 108, 108, 105, 114, 115, 108, 114, 115, 114, 116, 115, 116, 117, 118, 115, 117, 118, 117, 119, 120, 118, 119, 120, 119, 121, 120, 121, 122, 123, 120, 122, 123, 122, 124, 123, 124, 125, 126, 123, 125, 126, 125, 127, 126, 127, 128, 129, 126, 128, 129, 128, 130, 129, 130, 131, 132, 129, 131, 132, 131, 133, 132, 133, 134, 132, 134, 135, 136, 132, 135, 136, 135, 137, 138, 136, 137, 138, 137, 139, 138, 139, 140, 141, 138, 140, 141, 140, 142, 143, 141, 142, 143, 142, 144, 145, 143, 144, 146, 145, 144, 147, 146, 144, 148, 147, 144, 148, 149, 147, 148, 150, 151, 148, 151, 113, 148, 113, 149, 113, 152, 149, 113, 153, 152, 113, 154, 153, 113, 155, 154, 113, 108, 155, 156, 157, 158, 157, 159, 158, 159, 160, 158, 159, 161, 160, 161, 162, 160, 162, 163, 160, 163, 164, 160, 163, 165, 164, 165, 166, 164, 166, 167, 164, 166, 168, 167, 168, 169, 167, 169, 170, 167, 169, 171, 170, 171, 172, 170, 172, 173, 170, 172, 174, 173, 174, 175, 173, 174, 176, 175, 176, 177, 175, 177, 178, 175, 177, 179, 178, 179, 180, 178, 179, 181, 180, 181, 182, 180, 181, 183, 182, 183, 184, 182, 183, 185, 184, 185, 186, 184, 185, 187, 186, 187, 188, 186, 187, 189, 188, 189, 190, 188, 190, 191, 188, 190, 192, 191, 192, 193, 191, 192, 194, 193, 194, 195, 193, 195, 196, 193, 195, 197, 196, 197, 198, 196, 197, 199, 198, 199, 200, 198, 200, 201, 198, 200, 202, 201, 202, 203, 201, 202, 204, 203, 204, 205, 203, 205, 206, 203, 205, 207, 206, 207, 208, 206, 207, 209, 208, 209, 210, 208, 209, 211, 210, 211, 212, 210, 212, 213, 210, 212, 214, 213, 214, 215, 213, 215, 216, 213, 215, 217, 216, 217, 218, 216, 217, 219, 218, 219, 220, 218, 220, 221, 218, 220, 222, 221, 222, 223, 221, 223, 224, 221, 223, 225, 224, 225, 226, 224, 225, 227, 226, 227, 228, 226, 228, 229, 226, 228, 230, 229, 230, 231, 229, 231, 232, 229, 231, 233, 232, 233, 234, 232, 233, 235, 234, 235, 236, 234, 235, 237, 236, 237, 238, 236, 238, 239, 236, 238, 240, 239, 240, 241, 239, 240, 242, 241, 242, 243, 241, 242, 244, 243, 244, 245, 243, 244, 246, 245, 246, 247, 245, 247, 248, 245, 247, 249, 248, 249, 250, 248, 250, 251, 248, 250, 252, 251, 252, 253, 251, 252, 254, 253, 254, 255, 253, 254, 256, 255, 256, 257, 255, 257, 258, 255, 257, 259, 258, 259, 260, 258, 259, 261, 260, 261, 262, 260, 262, 263, 260, 262, 264, 263, 264, 265, 263, 265, 266, 263, 267, 268, 269, 267, 270, 268, 267, 271, 270, 271, 272, 270, 271, 273, 272, 271, 274, 273, 274, 275, 273, 274, 276, 275, 276, 277, 275, 276, 278, 277, 276, 279, 278, 279, 280, 278, 279, 281, 280, 281, 282, 280, 281, 283, 282, 283, 284, 282, 283, 285, 284, 285, 286, 284, 285, 287, 286, 285, 288, 287, 285, 289, 288, 289, 290, 288, 289, 291, 290, 289, 292, 291, 289, 293, 292, 293, 294, 292, 293, 295, 294, 293, 296, 295, 296, 297, 295, 297, 298, 295, 297, 299, 298, 299, 300, 298, 300, 301, 298, 301, 302, 298, 301, 303, 302, 304, 302, 303, 304, 303, 305, 306, 304, 305, 307, 306, 305, 307, 305, 308, 306, 309, 304, 310, 307, 308, 306, 311, 309, 310, 308, 312, 313, 310, 312, 313, 312, 314, 315, 313, 314, 311, 316, 309, 316, 317, 309, 318, 315, 314, 318, 314, 319, 320, 318, 319, 316, 321, 317, 322, 320, 319, 322, 319, 323, 324, 322, 323, 325, 324, 323, 325, 323, 326, 327, 325, 326, 328, 327, 326, 328, 326, 329, 330, 328, 329, 331, 330, 329, 332, 331, 329, 332, 329, 333, 334, 332, 333, 335, 334, 333, 335, 333, 336, 337, 335, 336, 338, 337, 336, 339, 338, 336, 339, 336, 340, 341, 339, 340, 342, 341, 340, 343, 342, 340, 344, 343, 340, 345, 344, 340, 346, 345, 340, 296, 346, 340, 296, 340, 347, 296, 347, 348, 296, 348, 349, 296, 349, 350, 296, 350, 351, 296, 351, 352, 296, 352, 297, 353, 354, 355, 353, 355, 356, 357, 353, 356, 358, 357, 356, 358, 356, 359, 360, 358, 359, 360, 359, 361, 362, 360, 361, 363, 362, 361, 363, 361, 364, 365, 363, 364, 365, 364, 366, 367, 365, 366, 367, 366, 368, 367, 368, 369, 370, 367, 369, 371, 370, 369, 371, 369, 372, 373, 371, 372, 374, 373, 372, 374, 372, 375, 376, 374, 375, 377, 376, 375, 378, 377, 375, 378, 375, 379, 380, 378, 379, 381, 380, 379, 381, 379, 382, 383, 381, 382, 383, 382, 384, 385, 383, 384, 386, 385, 384, 387, 386, 384, 388, 387, 384, 388, 384, 389, 390, 387, 388, 390, 388, 391, 388, 389, 392, 393, 390, 391, 389, 394, 392, 394, 395, 392, 393, 391, 396, 395, 397, 392, 398, 393, 396, 397, 399, 392, 397, 400, 399, 401, 398, 396, 401, 396, 402, 400, 403, 399, 404, 401, 402, 400, 405, 403, 406, 404, 402, 405, 407, 403, 406, 402, 408, 407, 409, 403, 410, 406, 408, 407, 411, 409, 412, 410, 408, 411, 413, 409, 412, 408, 414, 413, 415, 409, 416, 412, 414, 413, 417, 415, 418, 416, 414, 417, 419, 415, 418, 414, 420, 419, 421, 415, 422, 418, 420, 419, 423, 421, 424, 422, 420, 423, 425, 421, 424, 420, 426, 425, 427, 421, 428, 424, 426, 425, 429, 427, 428, 426, 430, 429, 430, 427, 429, 428, 430, 431, 432, 433, 434, 431, 433, 435, 434, 433, 435, 433, 436, 437, 435, 436, 437, 436, 438, 439, 437, 438, 440, 439, 438, 441, 440, 438, 442, 441, 438, 443, 442, 438, 444, 443, 438, 444, 438, 445, 446, 444, 445, 447, 446, 445, 447, 445, 448, 449, 447, 448, 449, 448, 450, 449, 450, 451, 452, 449, 451, 452, 451, 453, 454, 455, 452, 454, 452, 456, 452, 453, 456, 453, 457, 456, 453, 458, 457, 458, 459, 457, 457, 460, 456, 457, 461, 460, 462, 463, 464, 462, 464, 465, 466, 462, 465, 465, 467, 468, 465, 468, 469, 465, 469, 470, 465, 470, 471, 465, 471, 472, 465, 472, 473, 465, 473, 474, 475, 466, 465, 475, 465, 474, 475, 474, 476, 475, 476, 477, 475, 477, 478, 475, 478, 479, 475, 479, 480, 481, 475, 480, 482, 481, 480, 482, 480, 483, 484, 482, 483, 484, 483, 485, 486, 484, 485, 486, 485, 487, 488, 486, 487, 488, 487, 489, 490, 488, 489, 491, 490, 489, 491, 489, 492, 493, 491, 492, 494, 493, 492, 495, 494, 492, 495, 492, 496, 497, 495, 496, 498, 497, 496, 498, 496, 499, 500, 498, 499, 501, 500, 499, 502, 501, 499, 502, 499, 503, 504, 502, 503, 505, 504, 503, 505, 503, 506, 505, 506, 507, 508, 505, 507, 509, 508, 507, 509, 507, 510, 511, 509, 510, 512, 511, 510, 512, 510, 513, 514, 512, 513, 515, 514, 513, 516, 515, 513, 516, 513, 517, 518, 516, 517, 519, 518, 517, 519, 517, 520, 521, 519, 520, 521, 520, 522, 523, 521, 522, 524, 523, 522, 524, 522, 467, 525, 524, 467, 526, 525, 467, 527, 526, 467, 528, 527, 467, 529, 528, 467, 530, 529, 467, 465, 530, 467, 531, 532, 533, 534, 531, 533, 534, 533, 535, 536, 534, 535, 536, 535, 537, 536, 537, 538, 538, 537, 539, 538, 539, 540, 536, 538, 541, 542, 536, 541, 542, 541, 543, 544, 542, 543, 544, 543, 545, 546, 544, 545, 546, 545, 547, 548, 546, 547, 549, 548, 547, 549, 547, 550, 551, 549, 550, 552, 551, 550, 552, 550, 553, 554, 552, 553, 554, 553, 555, 556, 554, 555, 557, 556, 555, 557, 555, 558, 559, 557, 558, 560, 559, 558, 560, 558, 561, 562, 560, 561, 563, 562, 561, 563, 561, 564, 565, 563, 564, 566, 565, 564, 566, 564, 567, 568, 566, 567, 569, 568, 567, 570, 569, 567, 570, 567, 571, 572, 570, 571, 572, 571, 573, 572, 573, 574, 575, 572, 574, 576, 575, 574, 576, 574, 577, 576, 577, 578, 579, 576, 578, 579, 578, 580, 579, 580, 581, 582, 579, 581, 582, 581, 540, 581, 583, 540, 583, 584, 540, 584, 585, 540, 585, 538, 540, 582, 540, 586, 582, 586, 587, 588, 582, 587, 588, 587, 589, 590, 588, 589, 590, 589, 591, 590, 591, 592, 590, 592, 593, 594, 590, 593, 594, 593, 595, 594, 595, 596, 597, 594, 596, 597, 596, 598, 599, 597, 598, 599, 598, 600, 599, 600, 601, 602, 599, 601, 602, 601, 603, 602, 603, 604, 605, 602, 604, 605, 604, 606, 607, 605, 606, 607, 606, 608, 607, 608, 609, 610, 607, 609, 610, 609, 611, 612, 610, 611, 612, 611, 613, 614, 612, 613, 615, 616, 617, 615, 617, 618, 618, 619, 620, 615, 618, 620, 621, 622, 615, 623, 621, 615, 624, 623, 615, 625, 624, 615, 626, 625, 615, 626, 615, 620, 626, 620, 627, 626, 627, 628, 626, 629, 625, 626, 630, 629, 626, 631, 630, 626, 632, 631, 626, 633, 632, 626, 634, 633, 626, 635, 634, 626, 636, 635, 626, 637, 636, 626, 638, 637, 639, 638, 626, 626, 640, 639, 641, 642, 643, 641, 643, 644, 645, 641, 644, 646, 645, 644, 647, 646, 644, 647, 644, 648, 649, 648, 643, 647, 648, 649, 650, 649, 643, 647, 649, 651, 652, 653, 654, 652, 655, 653, 652, 656, 655, 655, 657, 653, 658, 659, 657, 660, 658, 657, 661, 662, 660, 663, 664, 661, 665, 663, 661, 665, 666, 663, 665, 661, 660, 667, 668, 669, 667, 669, 665, 670, 671, 667, 672, 670, 667, 672, 667, 665, 673, 674, 672, 675, 673, 672, 675, 672, 665, 676, 677, 675, 678, 676, 675, 678, 675, 665, 679, 678, 665, 680, 679, 665, 681, 680, 665, 682, 681, 665, 683, 682, 665, 684, 683, 665, 684, 665, 660, 685, 684, 660, 686, 685, 660, 687, 686, 660, 688, 687, 660, 688, 660, 657, 655, 688, 657, 655, 689, 690, 690, 691, 692, 655, 690, 692, 692, 693, 694, 692, 694, 695, 694, 696, 695, 655, 692, 695, 695, 697, 698, 698, 699, 700, 698, 700, 701, 700, 702, 701, 695, 698, 701, 701, 703, 704, 704, 705, 706, 701, 704, 706, 706, 707, 708, 701, 706, 709, 706, 708, 709, 708, 710, 709, 695, 701, 709, 709, 711, 712, 709, 712, 713, 713, 714, 715, 713, 715, 716, 715, 717, 716, 709, 713, 716, 716, 718, 719, 719, 720, 721, 716, 719, 721, 721, 722, 723, 716, 721, 724, 721, 723, 724, 723, 725, 724, 709, 716, 724, 724, 726, 727, 724, 728, 726, 724, 729, 728, 724, 730, 729, 724, 731, 730, 724, 727, 732, 724, 688, 731, 724, 733, 688, 688, 734, 731, 709, 724, 732, 735, 734, 688, 655, 735, 688, 709, 732, 736, 655, 737, 735, 709, 736, 738, 655, 739, 737, 709, 738, 740, 655, 741, 739, 709, 740, 742, 655, 743, 741, 709, 742, 744, 655, 745, 743, 709, 744, 746, 655, 747, 745, 709, 746, 748, 655, 749, 747, 709, 748, 750, 655, 695, 749, 695, 709, 750, 695, 751, 749, 695, 750, 752, 695, 753, 751, 695, 752, 754, 695, 754, 753, 755, 756, 757, 757, 758, 755, 755, 759, 756, 757, 760, 758, 759, 761, 756, 760, 762, 758, 761, 763, 756, 761, 764, 763, 760, 765, 762, 760, 766, 765, 766, 767, 765, 764, 768, 763, 768, 769, 763, 766, 770, 767, 768, 771, 769, 766, 772, 770, 772, 773, 770, 771, 774, 769, 771, 775, 774, 772, 776, 773, 772, 777, 776, 775, 778, 774, 778, 779, 774, 778, 780, 779, 777, 781, 776, 780, 782, 779, 777, 783, 781, 782, 784, 779, 783, 785, 781, 782, 786, 784, 786, 787, 784, 783, 788, 785, 786, 789, 787, 783, 790, 788, 789, 791, 787, 790, 792, 788, 791, 793, 787, 791, 794, 793, 790, 795, 792, 794, 796, 793, 795, 797, 792, 796, 798, 793, 796, 799, 798, 795, 800, 797, 799, 801, 798, 795, 802, 800, 801, 803, 798, 801, 804, 803, 802, 805, 800, 804, 806, 803, 806, 807, 803, 802, 808, 805, 807, 809, 803, 808, 810, 805, 807, 811, 809, 808, 812, 810, 811, 813, 809, 808, 814, 812, 813, 815, 809, 813, 816, 815, 814, 817, 812, 814, 818, 817, 816, 819, 815, 818, 820, 817, 819, 821, 815, 819, 822, 821, 818, 823, 820, 818, 824, 823, 822, 825, 821, 824, 826, 823, 827, 821, 825, 827, 825, 828, 824, 829, 826, 824, 830, 829, 827, 828, 831, 830, 831, 829, 830, 827, 831, 832, 833, 834, 834, 835, 832, 832, 836, 833, 834, 837, 835, 836, 838, 833, 837, 839, 835, 838, 840, 833, 838, 841, 840, 837, 842, 839, 837, 843, 842, 843, 844, 842, 841, 845, 840, 845, 846, 840, 843, 847, 844, 845, 848, 846, 843, 849, 847, 849, 850, 847, 848, 851, 846, 848, 852, 851, 849, 853, 850, 849, 854, 853, 852, 855, 851, 855, 856, 851, 855, 857, 856, 854, 858, 853, 857, 859, 856, 854, 860, 858, 859, 861, 856, 860, 862, 858, 859, 863, 861, 863, 864, 861, 860, 865, 862, 863, 866, 864, 860, 867, 865, 866, 868, 864, 867, 869, 865, 868, 870, 864, 868, 871, 870, 867, 872, 869, 871, 873, 870, 872, 874, 869, 873, 875, 870, 873, 876, 875, 872, 877, 874, 876, 878, 875, 872, 879, 877, 878, 880, 875, 878, 881, 880, 879, 882, 877, 881, 883, 880, 883, 884, 880, 879, 885, 882, 884, 886, 880, 885, 887, 882, 884, 888, 886, 885, 889, 887, 888, 890, 886, 885, 891, 889, 890, 892, 886, 890, 893, 892, 891, 894, 889, 891, 895, 894, 893, 896, 892, 895, 897, 894, 896, 898, 892, 896, 899, 898, 895, 900, 897, 895, 901, 900, 899, 902, 898, 901, 903, 900, 904, 898, 902, 904, 902, 905, 901, 906, 903, 901, 907, 906, 904, 905, 908, 907, 908, 906, 907, 904, 908, 909, 910, 911, 911, 912, 909, 909, 913, 910, 911, 914, 912, 913, 915, 910, 914, 916, 912, 915, 917, 910, 915, 918, 917, 914, 919, 916, 914, 920, 919, 920, 921, 919, 918, 922, 917, 922, 923, 917, 920, 924, 921, 922, 925, 923, 920, 926, 924, 926, 927, 924, 925, 928, 923, 925, 929, 928, 926, 930, 927, 926, 931, 930, 929, 932, 928, 932, 933, 928, 932, 934, 933, 931, 935, 930, 934, 936, 933, 931, 937, 935, 936, 938, 933, 937, 939, 935, 936, 940, 938, 940, 941, 938, 937, 942, 939, 940, 943, 941, 937, 944, 942, 943, 945, 941, 944, 946, 942, 945, 947, 941, 945, 948, 947, 944, 949, 946, 948, 950, 947, 949, 951, 946, 950, 952, 947, 950, 953, 952, 949, 954, 951, 953, 955, 952, 949, 956, 954, 955, 957, 952, 955, 958, 957, 956, 959, 954, 958, 960, 957, 960, 961, 957, 956, 962, 959, 961, 963, 957, 962, 964, 959, 961, 965, 963, 962, 966, 964, 965, 967, 963, 962, 968, 966, 967, 969, 963, 967, 970, 969, 968, 971, 966, 968, 972, 971, 970, 973, 969, 972, 974, 971, 973, 975, 969, 973, 976, 975, 972, 977, 974, 972, 978, 977, 976, 979, 975, 978, 980, 977, 981, 975, 979, 981, 979, 982, 978, 983, 980, 978, 984, 983, 981, 982, 985, 984, 985, 983, 984, 981, 985, 986, 489, 987, 987, 988, 492, 492, 986, 987, 989, 990, 991, 991, 493, 989, 923, 992, 993, 925, 994, 995, 995, 996, 997, 997, 925, 995, 802, 795, 998, 814, 808, 999, 644, 643, 1000, 130, 128, 1001, 135, 134, 1002, 875, 1003, 870, 517, 513, 1004, 466, 475, 1005, 962, 956, 1006, 952, 1007, 947, 538, 585, 1008, 611, 609, 1009, 658, 1010, 659, 733, 1011, 688, 15, 1012, 13, 10, 1013, 7, 13, 1014, 10, 783, 1015, 790, 795, 790, 1016, 808, 802, 1017, 818, 814, 1018, 787, 1019, 784, 793, 1020, 787, 779, 1021, 774, 774, 1022, 769, 1000, 1023, 644, 1024, 1000, 643, 643, 648, 1024, 1023, 1024, 648, 648, 644, 1023, 131, 130, 1025, 860, 1026, 867, 872, 867, 1027, 879, 872, 1028, 885, 879, 1029, 891, 885, 1030, 470, 1031, 471, 472, 471, 1032, 480, 479, 1033, 492, 489, 986, 530, 1034, 529, 529, 1035, 528, 528, 1036, 527, 978, 972, 1037, 941, 1038, 938, 928, 992, 923, 923, 1039, 917, 431, 1040, 432, 431, 434, 1041, 255, 1042, 253, 253, 1043, 251, 251, 1044, 248, 248, 1045, 245, 167, 1046, 164, 158, 160, 1047, 303, 301, 1048, 332, 1049, 331, 331, 1050, 330, 330, 1051, 328, 294, 1052, 292, 1053, 1054, 615, 619, 618, 1055, 632, 1056, 631, 531, 1057, 532, 591, 589, 1058, 729, 1059, 728, 736, 732, 1060, 738, 736, 1061, 740, 738, 1062, 749, 1063, 747, 747, 1064, 745, 687, 688, 1011, 681, 1065, 680, 1066, 677, 1067, 675, 1068, 673, 666, 1069, 663, 355, 354, 1070, 364, 1071, 366, 368, 366, 1072, 369, 368, 1073, 6, 7, 1074, 798, 1075, 793, 106, 1076, 104, 91, 1077, 92, 93, 92, 1077, 870, 1078, 864, 487, 485, 1079, 485, 483, 1080, 910, 917, 1081, 956, 949, 1082, 968, 962, 1083, 947, 1084, 941, 437, 1085, 435, 175, 1086, 173, 272, 1087, 270, 628, 627, 1088, 628, 1089, 626, 640, 626, 1089, 570, 1090, 569, 559, 1091, 557, 557, 1092, 556, 753, 1093, 751, 743, 1094, 741, 1095, 1096, 4, 4, 6, 1095, 1096, 1097, 1098, 1098, 4, 1096, 1097, 1099, 5, 5, 1098, 1097, 1100, 5, 1099, 1099, 1101, 8, 8, 1100, 1099, 1102, 8, 1101, 1101, 1103, 9, 9, 1102, 1101, 1104, 9, 1103, 1103, 1105, 11, 11, 1104, 1103, 1105, 1106, 12, 12, 11, 1105, 1106, 1107, 14, 14, 12, 1106, 1107, 1108, 16, 16, 14, 1107, 1108, 1109, 17, 17, 16, 1108, 1109, 1110, 19, 19, 17, 1109, 1110, 1111, 20, 20, 19, 1110, 1111, 1112, 22, 22, 20, 1111, 1112, 1113, 24, 24, 22, 1112, 1113, 1114, 25, 25, 24, 1113, 1114, 1115, 27, 27, 25, 1114, 1115, 1116, 28, 28, 27, 1115, 1116, 1117, 30, 30, 28, 1116, 1117, 1118, 32, 32, 30, 1117, 1118, 1119, 34, 34, 32, 1118, 1119, 1120, 35, 35, 34, 1119, 1120, 1121, 37, 37, 35, 1120, 1121, 1122, 39, 39, 37, 1121, 1122, 1123, 41, 41, 39, 1122, 1123, 1124, 43, 43, 41, 1123, 1124, 1125, 46, 46, 43, 1124, 1125, 1126, 48, 48, 46, 1125, 1126, 1127, 50, 50, 48, 1126, 1127, 1128, 52, 52, 50, 1127, 1128, 1129, 53, 53, 52, 1128, 1129, 1130, 55, 55, 53, 1129, 1130, 1131, 57, 57, 55, 1130, 1131, 1132, 59, 59, 57, 1131, 1132, 1133, 61, 61, 59, 1132, 1133, 1134, 63, 63, 61, 1133, 1134, 1135, 64, 64, 63, 1134, 1135, 1136, 66, 66, 64, 1135, 1136, 1137, 67, 67, 66, 1136, 1137, 1138, 69, 69, 67, 1137, 1138, 1139, 70, 70, 69, 1138, 1139, 1140, 72, 72, 70, 1139, 1140, 1141, 73, 73, 72, 1140, 1141, 1142, 75, 75, 73, 1141, 1142, 1143, 76, 76, 75, 1142, 1143, 1144, 78, 78, 76, 1143, 1144, 1145, 79, 79, 78, 1144, 1145, 1146, 81, 81, 79, 1145, 1146, 1147, 82, 82, 81, 1146, 1147, 1148, 84, 84, 82, 1147, 1148, 1149, 85, 85, 84, 1148, 1149, 1150, 86, 86, 85, 1149, 1150, 1151, 88, 88, 86, 1150, 1151, 1152, 89, 89, 88, 1151, 1152, 1153, 1154, 1154, 89, 1152, 1153, 1155, 1156, 1156, 1154, 1153, 90, 1156, 1155, 1155, 1157, 1158, 1158, 90, 1155, 87, 1158, 1157, 1157, 1159, 1160, 1160, 87, 1157, 83, 1160, 1159, 1159, 1161, 1162, 1162, 83, 1159, 80, 1162, 1161, 1161, 1163, 1164, 1164, 80, 1161, 77, 1164, 1163, 1163, 1165, 1166, 1166, 77, 1163, 74, 1166, 1165, 1165, 1167, 1168, 1168, 74, 1165, 71, 1168, 1167, 1167, 1169, 1170, 1170, 71, 1167, 68, 1170, 1169, 1169, 1171, 1172, 1172, 68, 1169, 65, 1172, 1171, 1171, 1173, 1174, 1174, 65, 1171, 62, 1174, 1173, 1173, 1175, 1176, 1176, 62, 1173, 60, 1176, 1175, 1175, 1177, 58, 58, 60, 1175, 1177, 1178, 56, 56, 58, 1177, 1178, 1179, 54, 54, 56, 1178, 1179, 1180, 51, 51, 54, 1179, 1180, 1181, 49, 49, 51, 1180, 1181, 1182, 47, 47, 49, 1181, 1182, 1183, 45, 45, 47, 1182, 1183, 1184, 44, 44, 45, 1183, 1184, 1185, 42, 42, 44, 1184, 1185, 1186, 40, 40, 42, 1185, 1186, 1187, 38, 38, 40, 1186, 1187, 1188, 36, 36, 38, 1187, 1188, 1189, 33, 33, 36, 1188, 31, 33, 1189, 1189, 1190, 1191, 1191, 31, 1189, 29, 1191, 1190, 1190, 1192, 1193, 1193, 29, 1190, 26, 1193, 1192, 1192, 1194, 1195, 1195, 26, 1192, 23, 1195, 1194, 1194, 1196, 1197, 1197, 23, 1194, 21, 1197, 1196, 1196, 1198, 1199, 1199, 21, 1196, 18, 1199, 1198, 1198, 1200, 1201, 1201, 18, 1198, 15, 1201, 1200, 1200, 1202, 1012, 1012, 15, 1200, 13, 1012, 1202, 1202, 1203, 1014, 1014, 13, 1202, 10, 1014, 1203, 1203, 1204, 1013, 1013, 10, 1203, 7, 1013, 1204, 1204, 1205, 1074, 1074, 7, 1204, 1205, 1095, 6, 6, 1074, 1205, 756, 1206, 1207, 1207, 1208, 1209, 1209, 756, 1207, 757, 1209, 1208, 1208, 1210, 1211, 1211, 757, 1208, 760, 1211, 1210, 1210, 1212, 1213, 1213, 760, 1210, 766, 1213, 1212, 1212, 1214, 1215, 1215, 766, 1212, 772, 1215, 1214, 1214, 1216, 1217, 1217, 772, 1214, 777, 1217, 1216, 1216, 1218, 1219, 1219, 777, 1216, 783, 1219, 1218, 1218, 1220, 1015, 1015, 783, 1218, 790, 1015, 1220, 1220, 1221, 1016, 1016, 790, 1220, 795, 1016, 1221, 1221, 1222, 998, 998, 795, 1221, 802, 998, 1222, 1222, 1223, 1017, 1017, 802, 1222, 808, 1017, 1223, 1223, 1224, 999, 999, 808, 1223, 814, 999, 1224, 1224, 1225, 1018, 1018, 814, 1224, 818, 1018, 1225, 1225, 1226, 1227, 1227, 818, 1225, 824, 1227, 1226, 1226, 1228, 1229, 1229, 824, 1226, 830, 1229, 1228, 1228, 1230, 1231, 1231, 830, 1228, 827, 1231, 1230, 1230, 1232, 1233, 1233, 827, 1230, 821, 1233, 1232, 1232, 1234, 1235, 1235, 821, 1232, 815, 1235, 1234, 1234, 1236, 1237, 1237, 815, 1234, 809, 1237, 1236, 1236, 1238, 1239, 1239, 809, 1236, 803, 1239, 1238, 1238, 1240, 1241, 1241, 803, 1238, 798, 1241, 1240, 1240, 1242, 1075, 1075, 798, 1240, 793, 1075, 1242, 1242, 1243, 1020, 1020, 793, 1242, 787, 1020, 1243, 1243, 1244, 1019, 1019, 787, 1243, 784, 1019, 1244, 1244, 1245, 1246, 1246, 784, 1244, 779, 1246, 1245, 1245, 1247, 1021, 1021, 779, 1245, 774, 1021, 1247, 1247, 1248, 1022, 1022, 774, 1247, 769, 1022, 1248, 1248, 1249, 1250, 1250, 769, 1248, 1249, 1207, 763, 763, 1250, 1249, 1206, 763, 1207, 1251, 755, 1252, 1252, 1253, 759, 759, 1251, 1252, 1254, 759, 1253, 1253, 1255, 761, 761, 1254, 1253, 1256, 761, 1255, 1255, 1257, 764, 764, 1256, 1255, 1258, 764, 1257, 1257, 1259, 768, 768, 1258, 1257, 1260, 768, 1259, 1259, 1261, 771, 771, 1260, 1259, 1262, 771, 1261, 1261, 1263, 775, 775, 1262, 1261, 1264, 775, 1263, 1263, 1265, 778, 778, 1264, 1263, 1265, 1266, 780, 780, 778, 1265, 1266, 1267, 782, 782, 780, 1266, 1267, 1268, 786, 786, 782, 1267, 1268, 1269, 789, 789, 786, 1268, 1269, 1270, 791, 791, 789, 1269, 1270, 1271, 794, 794, 791, 1270, 1271, 1272, 796, 796, 794, 1271, 1272, 1273, 799, 799, 796, 1272, 1273, 1274, 801, 801, 799, 1273, 1274, 1275, 804, 804, 801, 1274, 1275, 1276, 806, 806, 804, 1275, 1276, 1277, 807, 807, 806, 1276, 1277, 1278, 811, 811, 807, 1277, 1278, 1279, 813, 813, 811, 1278, 1279, 1280, 816, 816, 813, 1279, 1280, 1281, 819, 819, 816, 1280, 1281, 1282, 822, 822, 819, 1281, 1282, 1283, 825, 825, 822, 1282, 1283, 1284, 828, 828, 825, 1283, 1284, 1285, 831, 831, 828, 1284, 1285, 1286, 829, 829, 831, 1285, 1286, 1287, 826, 826, 829, 1286, 1287, 1288, 823, 823, 826, 1287, 1288, 1289, 820, 820, 823, 1288, 1289, 1290, 817, 817, 820, 1289, 1290, 1291, 812, 812, 817, 1290, 1291, 1292, 810, 810, 812, 1291, 1292, 1293, 1294, 1294, 810, 1292, 805, 1294, 1293, 1293, 1295, 1296, 1296, 805, 1293, 800, 1296, 1295, 1295, 1297, 1298, 1298, 800, 1295, 797, 1298, 1297, 1297, 1299, 1300, 1300, 797, 1297, 792, 1300, 1299, 1299, 1301, 1302, 1302, 792, 1299, 788, 1302, 1301, 1301, 1303, 1304, 1304, 788, 1301, 785, 1304, 1303, 1303, 1305, 1306, 1306, 785, 1303, 781, 1306, 1305, 1305, 1307, 1308, 1308, 781, 1305, 776, 1308, 1307, 1307, 1309, 1310, 1310, 776, 1307, 773, 1310, 1309, 1309, 1311, 1312, 1312, 773, 1309, 770, 1312, 1311, 1311, 1313, 1314, 1314, 770, 1311, 767, 1314, 1313, 1313, 1315, 765, 765, 767, 1313, 1315, 1316, 1317, 1317, 765, 1315, 762, 1317, 1316, 1316, 1318, 1319, 1319, 762, 1316, 758, 1319, 1318, 1318, 1252, 1320, 1320, 758, 1318, 755, 1320, 1252, 1321, 1322, 646, 646, 1323, 1321, 1322, 1324, 645, 645, 646, 1322, 1324, 1325, 1326, 1326, 645, 1324, 1325, 1327, 642, 642, 1326, 1325, 1327, 1328, 650, 650, 642, 1327, 1328, 1329, 649, 649, 650, 1328, 1329, 1330, 651, 651, 649, 1329, 1330, 1321, 1323, 1323, 651, 1330, 1331, 1332, 1024, 1024, 1023, 1331, 1332, 1333, 1000, 1000, 1024, 1332, 1333, 1331, 1023, 1023, 1000, 1333, 1334, 1335, 3, 3, 2, 1334, 1335, 1336, 0, 0, 3, 1335, 1336, 1337, 1, 1, 0, 1336, 1337, 1334, 2, 2, 1, 1337, 1338, 108, 1339, 1339, 1340, 155, 155, 1338, 1339, 1341, 155, 1340, 1340, 1342, 154, 154, 1341, 1340, 1342, 1343, 153, 153, 154, 1342, 1343, 1344, 152, 152, 153, 1343, 1344, 1345, 149, 149, 152, 1344, 1345, 1346, 147, 147, 149, 1345, 1346, 1347, 146, 146, 147, 1346, 1347, 1348, 145, 145, 146, 1347, 1349, 145, 1348, 1348, 1350, 143, 143, 1349, 1348, 141, 143, 1350, 1350, 1351, 141, 138, 141, 1351, 1351, 1352, 138, 136, 138, 1352, 1352, 1353, 136, 132, 136, 1353, 1353, 1354, 132, 129, 132, 1354, 1354, 1355, 129, 126, 129, 1355, 1355, 1356, 126, 123, 126, 1356, 1356, 1357, 123, 120, 123, 1357, 1357, 1358, 120, 118, 120, 1358, 1358, 1359, 118, 115, 118, 1359, 1359, 1339, 115, 108, 115, 1339, 1360, 1361, 1362, 1362, 113, 1360, 112, 1362, 1361, 1361, 1363, 111, 111, 112, 1361, 1363, 1364, 110, 110, 111, 1363, 109, 110, 1364, 1364, 1365, 109, 107, 109, 1365, 1365, 1366, 107, 106, 107, 1366, 1366, 1367, 1076, 1076, 106, 1366, 104, 1076, 1367, 1367, 1368, 1369, 1369, 104, 1367, 101, 1369, 1368, 1368, 1370, 99, 99, 101, 1368, 1370, 1371, 94, 94, 99, 1370, 1371, 1372, 91, 91, 94, 1371, 1372, 1373, 1077, 1077, 91, 1372, 1373, 1374, 93, 93, 1077, 1373, 1374, 1375, 95, 95, 93, 1374, 1375, 1376, 96, 96, 95, 1375, 1377, 96, 1376, 1376, 1378, 97, 97, 1377, 1376, 1379, 97, 1378, 1378, 1380, 98, 98, 1379, 1378, 100, 98, 1380, 1380, 1381, 100, 1381, 1382, 102, 102, 100, 1381, 1383, 102, 1382, 1382, 1384, 103, 103, 1383, 1382, 1385, 103, 1384, 1384, 1386, 1385, 1386, 1384, 114, 114, 1385, 1386, 1384, 1387, 116, 116, 114, 1384, 1387, 1388, 1389, 1389, 116, 1387, 117, 1389, 1388, 1388, 1390, 1391, 1391, 117, 1388, 119, 1391, 1390, 1390, 1392, 1393, 1393, 119, 1390, 121, 1393, 1392, 1392, 1394, 1395, 1395, 121, 1392, 122, 1395, 1394, 1394, 1396, 1397, 1397, 122, 1394, 124, 1397, 1396, 1396, 1398, 1399, 1399, 124, 1396, 125, 1399, 1398, 1398, 1400, 1401, 1401, 125, 1398, 127, 1401, 1400, 1400, 1402, 1403, 1403, 127, 1400, 128, 1403, 1402, 1402, 1404, 1001, 1001, 128, 1402, 130, 1001, 1404, 1404, 1405, 1025, 1025, 130, 1404, 131, 1025, 1405, 1405, 1406, 1407, 1407, 131, 1405, 133, 1407, 1406, 1406, 1408, 1409, 1409, 133, 1406, 134, 1409, 1408, 1408, 1410, 1002, 1002, 134, 1408, 135, 1002, 1410, 1410, 1411, 1412, 1412, 135, 1410, 137, 1412, 1411, 1411, 1413, 1414, 1414, 137, 1411, 1413, 1415, 139, 139, 1414, 1413, 1415, 1416, 140, 140, 139, 1415, 1416, 1417, 142, 142, 140, 1416, 1417, 1418, 144, 144, 142, 1417, 1418, 1419, 148, 148, 144, 1418, 1419, 1420, 150, 150, 148, 1419, 1420, 1421, 151, 151, 150, 1420, 1421, 1360, 113, 113, 151, 1421, 833, 1422, 1423, 1423, 1424, 1425, 1425, 833, 1423, 834, 1425, 1424, 1424, 1426, 1427, 1427, 834, 1424, 837, 1427, 1426, 1426, 1428, 1429, 1429, 837, 1426, 843, 1429, 1428, 1428, 1430, 1431, 1431, 843, 1428, 849, 1431, 1430, 1430, 1432, 1433, 1433, 849, 1430, 854, 1433, 1432, 1432, 1434, 1435, 1435, 854, 1432, 860, 1435, 1434, 1434, 1436, 1026, 1026, 860, 1434, 867, 1026, 1436, 1436, 1437, 1027, 1027, 867, 1436, 872, 1027, 1437, 1437, 1438, 1028, 1028, 872, 1437, 879, 1028, 1438, 1438, 1439, 1029, 1029, 879, 1438, 885, 1029, 1439, 1439, 1440, 1030, 1030, 885, 1439, 891, 1030, 1440, 1440, 1441, 1442, 1442, 891, 1440, 895, 1442, 1441, 1441, 1443, 1444, 1444, 895, 1441, 901, 1444, 1443, 1443, 1445, 1446, 1446, 901, 1443, 907, 1446, 1445, 1445, 1447, 1448, 1448, 907, 1445, 904, 1448, 1447, 1447, 1449, 1450, 1450, 904, 1447, 898, 1450, 1449, 1449, 1451, 1452, 1452, 898, 1449, 892, 1452, 1451, 1451, 1453, 1454, 1454, 892, 1451, 886, 1454, 1453, 1453, 1455, 1456, 1456, 886, 1453, 880, 1456, 1455, 1455, 1457, 1458, 1458, 880, 1455, 875, 1458, 1457, 1457, 1459, 1003, 1003, 875, 1457, 870, 1003, 1459, 1459, 1460, 1078, 1078, 870, 1459, 864, 1078, 1460, 1460, 1461, 1462, 1462, 864, 1460, 861, 1462, 1461, 1461, 1463, 1464, 1464, 861, 1461, 856, 1464, 1463, 1463, 1465, 1466, 1466, 856, 1463, 851, 1466, 1465, 1465, 1467, 1468, 1468, 851, 1465, 846, 1468, 1467, 1467, 1469, 1470, 1470, 846, 1467, 1469, 1423, 840, 840, 1470, 1469, 1422, 840, 1423, 1471, 832, 1472, 1472, 1473, 836, 836, 1471, 1472, 1474, 836, 1473, 1473, 1475, 838, 838, 1474, 1473, 1476, 838, 1475, 1475, 1477, 841, 841, 1476, 1475, 1478, 841, 1477, 1477, 1479, 845, 845, 1478, 1477, 1480, 845, 1479, 1479, 1481, 848, 848, 1480, 1479, 1482, 848, 1481, 1481, 1483, 852, 852, 1482, 1481, 1484, 852, 1483, 1483, 1485, 855, 855, 1484, 1483, 1485, 1486, 857, 857, 855, 1485, 1486, 1487, 859, 859, 857, 1486, 1487, 1488, 863, 863, 859, 1487, 1488, 1489, 866, 866, 863, 1488, 1489, 1490, 868, 868, 866, 1489, 1490, 1491, 871, 871, 868, 1490, 1491, 1492, 873, 873, 871, 1491, 1492, 1493, 876, 876, 873, 1492, 1493, 1494, 878, 878, 876, 1493, 1494, 1495, 881, 881, 878, 1494, 1495, 1496, 883, 883, 881, 1495, 1496, 1497, 884, 884, 883, 1496, 1497, 1498, 888, 888, 884, 1497, 1498, 1499, 890, 890, 888, 1498, 1499, 1500, 893, 893, 890, 1499, 1500, 1501, 896, 896, 893, 1500, 1501, 1502, 899, 899, 896, 1501, 1502, 1503, 902, 902, 899, 1502, 1503, 1504, 905, 905, 902, 1503, 1504, 1505, 908, 908, 905, 1504, 1505, 1506, 906, 906, 908, 1505, 1506, 1507, 903, 903, 906, 1506, 1507, 1508, 900, 900, 903, 1507, 1508, 1509, 897, 897, 900, 1508, 1509, 1510, 894, 894, 897, 1509, 1510, 1511, 889, 889, 894, 1510, 1511, 1512, 887, 887, 889, 1511, 1512, 1513, 1514, 1514, 887, 1512, 882, 1514, 1513, 1513, 1515, 1516, 1516, 882, 1513, 877, 1516, 1515, 1515, 1517, 1518, 1518, 877, 1515, 874, 1518, 1517, 1517, 1519, 1520, 1520, 874, 1517, 869, 1520, 1519, 1519, 1521, 1522, 1522, 869, 1519, 865, 1522, 1521, 1521, 1523, 1524, 1524, 865, 1521, 862, 1524, 1523, 1523, 1525, 1526, 1526, 862, 1523, 858, 1526, 1525, 1525, 1527, 1528, 1528, 858, 1525, 853, 1528, 1527, 1527, 1529, 1530, 1530, 853, 1527, 850, 1530, 1529, 1529, 1531, 1532, 1532, 850, 1529, 847, 1532, 1531, 1531, 1533, 1534, 1534, 847, 1531, 844, 1534, 1533, 1533, 1535, 842, 842, 844, 1533, 1535, 1536, 1537, 1537, 842, 1535, 839, 1537, 1536, 1536, 1538, 1539, 1539, 839, 1536, 835, 1539, 1538, 1538, 1472, 1540, 1540, 835, 1538, 832, 1540, 1472, 1541, 467, 1542, 1542, 1543, 468, 468, 1541, 1542, 1544, 468, 1543, 1543, 1545, 469, 469, 1544, 1543, 1546, 469, 1545, 1545, 1547, 470, 470, 1546, 1545, 1031, 470, 1547, 1547, 1548, 471, 471, 1031, 1547, 1032, 471, 1548, 1548, 1549, 472, 472, 1032, 1548, 1550, 472, 1549, 1549, 1551, 473, 473, 1550, 1549, 1552, 473, 1551, 1551, 1553, 474, 474, 1552, 1551, 1554, 474, 1553, 1553, 1555, 476, 476, 1554, 1553, 1556, 476, 1555, 1555, 1557, 477, 477, 1556, 1555, 1558, 477, 1557, 1557, 1559, 478, 478, 1558, 1557, 1560, 478, 1559, 1559, 1561, 479, 479, 1560, 1559, 1033, 479, 1561, 1561, 1562, 480, 480, 1033, 1561, 1563, 480, 1562, 1562, 1564, 483, 483, 1563, 1562, 1080, 483, 1564, 1564, 1565, 485, 485, 1080, 1564, 1079, 485, 1565, 1565, 1566, 487, 487, 1079, 1565, 1566, 987, 1567, 1567, 487, 1566, 489, 1567, 987, 1568, 492, 988, 988, 1569, 496, 496, 1568, 988, 1570, 496, 1569, 1569, 1571, 499, 499, 1570, 1569, 1572, 499, 1571, 1571, 1573, 503, 503, 1572, 1571, 1574, 503, 1573, 1573, 1575, 506, 506, 1574, 1573, 507, 506, 1575, 1575, 1576, 1577, 1577, 507, 1575, 510, 1577, 1576, 1576, 1578, 1579, 1579, 510, 1576, 513, 1579, 1578, 1578, 1580, 1004, 1004, 513, 1578, 517, 1004, 1580, 1580, 1581, 1582, 1582, 517, 1580, 520, 1582, 1581, 1581, 1583, 1584, 1584, 520, 1581, 522, 1584, 1583, 1583, 1585, 1586, 1586, 522, 1583, 1585, 1542, 1586, 467, 1586, 1542, 1587, 1588, 530, 530, 1589, 1587, 1034, 530, 1588, 1588, 1590, 529, 529, 1034, 1588, 1035, 529, 1590, 1590, 1591, 528, 528, 1035, 1590, 1036, 528, 1591, 1591, 1592, 527, 527, 1036, 1591, 526, 527, 1592, 1592, 1593, 526, 525, 526, 1593, 1593, 1594, 525, 524, 525, 1594, 1594, 1595, 524, 1595, 1596, 523, 523, 524, 1595, 1596, 1597, 1598, 1598, 523, 1596, 1597, 1599, 521, 521, 1598, 1597, 1599, 1600, 1601, 1601, 521, 1599, 1600, 1602, 519, 519, 1601, 1600, 1602, 1603, 518, 518, 519, 1602, 1603, 1604, 516, 516, 518, 1603, 1604, 1605, 515, 515, 516, 1604, 1605, 1606, 514, 514, 515, 1605, 1606, 1607, 512, 512, 514, 1606, 1607, 1608, 511, 511, 512, 1607, 1608, 1609, 509, 509, 511, 1608, 1609, 1610, 508, 508, 509, 1609, 1610, 1611, 505, 505, 508, 1610, 1611, 1612, 504, 504, 505, 1611, 1612, 1613, 502, 502, 504, 1612, 1613, 1614, 501, 501, 502, 1613, 1614, 1615, 500, 500, 501, 1614, 1615, 1616, 498, 498, 500, 1615, 1616, 1617, 497, 497, 498, 1616, 1617, 1618, 495, 495, 497, 1617, 1618, 1619, 494, 494, 495, 1618, 1619, 989, 493, 493, 494, 1619, 990, 1620, 491, 491, 991, 990, 1620, 1621, 490, 490, 491, 1620, 1621, 1622, 488, 488, 490, 1621, 1622, 1623, 1624, 1624, 488, 1622, 1623, 1625, 486, 486, 1624, 1623, 1625, 1626, 1627, 1627, 486, 1625, 1626, 1628, 484, 484, 1627, 1626, 1628, 1629, 1630, 1630, 484, 1628, 1629, 1631, 482, 482, 1630, 1629, 1631, 1632, 481, 481, 482, 1631, 1632, 1633, 1005, 1005, 481, 1632, 1633, 1634, 466, 466, 1005, 1633, 1634, 1635, 462, 462, 466, 1634, 1635, 1636, 463, 463, 462, 1635, 1636, 1637, 464, 464, 463, 1636, 1637, 1587, 1589, 1589, 464, 1637, 910, 1081, 1638, 1638, 1639, 1640, 1640, 910, 1638, 911, 1640, 1639, 1639, 1641, 1642, 1642, 911, 1639, 914, 1642, 1641, 1641, 1643, 1644, 1644, 914, 1641, 920, 1644, 1643, 1643, 1645, 1646, 1646, 920, 1643, 926, 1646, 1645, 1645, 1647, 1648, 1648, 926, 1645, 931, 1648, 1647, 1647, 1649, 1650, 1650, 931, 1647, 937, 1650, 1649, 1649, 1651, 1652, 1652, 937, 1649, 944, 1652, 1651, 1651, 1653, 1654, 1654, 944, 1651, 949, 1654, 1653, 1653, 1655, 1082, 1082, 949, 1653, 956, 1082, 1655, 1655, 1656, 1006, 1006, 956, 1655, 962, 1006, 1656, 1656, 1657, 1083, 1083, 962, 1656, 968, 1083, 1657, 1657, 1658, 1659, 1659, 968, 1657, 972, 1659, 1658, 1658, 1660, 1037, 1037, 972, 1658, 978, 1037, 1660, 1660, 1661, 1662, 1662, 978, 1660, 984, 1662, 1661, 1661, 1663, 1664, 1664, 984, 1661, 981, 1664, 1663, 1663, 1665, 1666, 1666, 981, 1663, 975, 1666, 1665, 1665, 1667, 1668, 1668, 975, 1665, 969, 1668, 1667, 1667, 1669, 1670, 1670, 969, 1667, 963, 1670, 1669, 1669, 1671, 1672, 1672, 963, 1669, 957, 1672, 1671, 1671, 1673, 1674, 1674, 957, 1671, 952, 1674, 1673, 1673, 1675, 1007, 1007, 952, 1673, 947, 1007, 1675, 1675, 1676, 1084, 1084, 947, 1675, 941, 1084, 1676, 1676, 1677, 1038, 1038, 941, 1676, 938, 1038, 1677, 1677, 1678, 1679, 1679, 938, 1677, 933, 1679, 1678, 1678, 1680, 1681, 1681, 933, 1678, 1680, 993, 928, 928, 1681, 1680, 992, 928, 993, 993, 1682, 1039, 1039, 923, 993, 1682, 1638, 917, 917, 1039, 1682, 1081, 917, 1638, 1683, 909, 1684, 1684, 1685, 913, 913, 1683, 1684, 1686, 913, 1685, 1685, 1687, 915, 915, 1686, 1685, 1688, 915, 1687, 1687, 1689, 918, 918, 1688, 1687, 1690, 918, 1689, 1689, 995, 922, 922, 1690, 1689, 994, 922, 995, 929, 997, 996, 996, 1691, 1692, 1692, 929, 996, 932, 1692, 1691, 1691, 1693, 934, 934, 932, 1691, 1693, 1694, 936, 936, 934, 1693, 1694, 1695, 940, 940, 936, 1694, 1695, 1696, 943, 943, 940, 1695, 1696, 1697, 945, 945, 943, 1696, 1697, 1698, 948, 948, 945, 1697, 1698, 1699, 950, 950, 948, 1698, 1699, 1700, 953, 953, 950, 1699, 1700, 1701, 955, 955, 953, 1700, 1701, 1702, 958, 958, 955, 1701, 1702, 1703, 960, 960, 958, 1702, 1703, 1704, 961, 961, 960, 1703, 1704, 1705, 965, 965, 961, 1704, 1705, 1706, 967, 967, 965, 1705, 1706, 1707, 970, 970, 967, 1706, 1707, 1708, 973, 973, 970, 1707, 1708, 1709, 976, 976, 973, 1708, 1709, 1710, 979, 979, 976, 1709, 1710, 1711, 982, 982, 979, 1710, 1711, 1712, 985, 985, 982, 1711, 1712, 1713, 983, 983, 985, 1712, 1713, 1714, 980, 980, 983, 1713, 1714, 1715, 977, 977, 980, 1714, 1715, 1716, 974, 974, 977, 1715, 1716, 1717, 971, 971, 974, 1716, 1717, 1718, 966, 966, 971, 1717, 1718, 1719, 964, 964, 966, 1718, 1719, 1720, 1721, 1721, 964, 1719, 959, 1721, 1720, 1720, 1722, 1723, 1723, 959, 1720, 954, 1723, 1722, 1722, 1724, 1725, 1725, 954, 1722, 951, 1725, 1724, 1724, 1726, 1727, 1727, 951, 1724, 946, 1727, 1726, 1726, 1728, 1729, 1729, 946, 1726, 942, 1729, 1728, 1728, 1730, 1731, 1731, 942, 1728, 939, 1731, 1730, 1730, 1732, 1733, 1733, 939, 1730, 935, 1733, 1732, 1732, 1734, 1735, 1735, 935, 1732, 930, 1735, 1734, 1734, 1736, 1737, 1737, 930, 1734, 927, 1737, 1736, 1736, 1738, 1739, 1739, 927, 1736, 924, 1739, 1738, 1738, 1740, 1741, 1741, 924, 1738, 921, 1741, 1740, 1740, 1742, 919, 919, 921, 1740, 1742, 1743, 1744, 1744, 919, 1742, 916, 1744, 1743, 1743, 1745, 1746, 1746, 916, 1743, 912, 1746, 1745, 1745, 1684, 1747, 1747, 912, 1745, 909, 1747, 1684, 1748, 1749, 1750, 1750, 457, 1748, 1749, 1751, 460, 460, 1750, 1749, 1751, 1752, 456, 456, 460, 1751, 1752, 1753, 454, 454, 456, 1752, 1753, 1754, 455, 455, 454, 1753, 1754, 1755, 452, 452, 455, 1754, 1755, 1756, 1757, 1757, 452, 1755, 449, 1757, 1756, 1756, 1758, 1759, 1759, 449, 1756, 447, 1759, 1758, 1758, 1760, 446, 446, 447, 1758, 1760, 1761, 444, 444, 446, 1760, 1761, 1762, 443, 443, 444, 1761, 442, 443, 1762, 1762, 1763, 442, 1764, 442, 1763, 1763, 1765, 441, 441, 1764, 1763, 1765, 1766, 440, 440, 441, 1765, 1766, 1767, 439, 439, 440, 1766, 1767, 1768, 437, 437, 439, 1767, 1768, 1769, 1085, 1085, 437, 1768, 435, 1085, 1769, 1769, 1770, 1771, 1771, 435, 1769, 434, 1771, 1770, 1770, 1772, 1041, 1041, 434, 1770, 431, 1041, 1772, 1772, 1773, 431, 1773, 1774, 1040, 1040, 431, 1773, 432, 1040, 1774, 1774, 1775, 433, 433, 432, 1774, 436, 433, 1775, 1775, 1776, 436, 438, 436, 1776, 1776, 1777, 438, 445, 438, 1777, 1777, 1778, 445, 448, 445, 1778, 1778, 1779, 448, 450, 448, 1779, 1779, 1780, 1781, 1781, 450, 1779, 451, 1781, 1780, 1780, 1782, 453, 453, 451, 1780, 1782, 1783, 458, 458, 453, 1782, 1783, 1784, 459, 459, 458, 1783, 1784, 1748, 457, 457, 459, 1784, 1785, 1786, 156, 156, 158, 1785, 1786, 1787, 1788, 1788, 156, 1786, 1787, 1789, 157, 157, 1788, 1787, 1789, 1790, 159, 159, 157, 1789, 1790, 1791, 161, 161, 159, 1790, 1791, 1792, 162, 162, 161, 1791, 1792, 1793, 163, 163, 162, 1792, 1793, 1794, 165, 165, 163, 1793, 1794, 1795, 166, 166, 165, 1794, 1795, 1796, 168, 168, 166, 1795, 1796, 1797, 169, 169, 168, 1796, 1797, 1798, 171, 171, 169, 1797, 1798, 1799, 172, 172, 171, 1798, 1799, 1800, 174, 174, 172, 1799, 1800, 1801, 176, 176, 174, 1800, 1801, 1802, 177, 177, 176, 1801, 1802, 1803, 179, 179, 177, 1802, 1803, 1804, 181, 181, 179, 1803, 1804, 1805, 183, 183, 181, 1804, 1805, 1806, 1807, 1807, 183, 1805, 185, 1807, 1806, 1806, 1808, 1809, 1809, 185, 1806, 1808, 1810, 187, 187, 1809, 1808, 1810, 1811, 189, 189, 187, 1810, 1811, 1812, 190, 190, 189, 1811, 1812, 1813, 192, 192, 190, 1812, 1813, 1814, 194, 194, 192, 1813, 1814, 1815, 195, 195, 194, 1814, 1815, 1816, 197, 197, 195, 1815, 1816, 1817, 199, 199, 197, 1816, 1817, 1818, 200, 200, 199, 1817, 1818, 1819, 202, 202, 200, 1818, 1819, 1820, 204, 204, 202, 1819, 1820, 1821, 205, 205, 204, 1820, 1821, 1822, 207, 207, 205, 1821, 1822, 1823, 209, 209, 207, 1822, 1823, 1824, 211, 211, 209, 1823, 1824, 1825, 212, 212, 211, 1824, 1825, 1826, 214, 214, 212, 1825, 1826, 1827, 215, 215, 214, 1826, 1827, 1828, 217, 217, 215, 1827, 1828, 1829, 219, 219, 217, 1828, 1829, 1830, 220, 220, 219, 1829, 1830, 1831, 222, 222, 220, 1830, 1831, 1832, 223, 223, 222, 1831, 1832, 1833, 225, 225, 223, 1832, 1833, 1834, 227, 227, 225, 1833, 1834, 1835, 228, 228, 227, 1834, 1835, 1836, 230, 230, 228, 1835, 1836, 1837, 231, 231, 230, 1836, 1837, 1838, 233, 233, 231, 1837, 1838, 1839, 235, 235, 233, 1838, 1839, 1840, 237, 237, 235, 1839, 1840, 1841, 238, 238, 237, 1840, 1841, 1842, 240, 240, 238, 1841, 1842, 1843, 242, 242, 240, 1842, 1843, 1844, 244, 244, 242, 1843, 1844, 1845, 246, 246, 244, 1844, 1845, 1846, 247, 247, 246, 1845, 1846, 1847, 249, 249, 247, 1846, 1847, 1848, 250, 250, 249, 1847, 1848, 1849, 252, 252, 250, 1848, 1849, 1850, 254, 254, 252, 1849, 1850, 1851, 256, 256, 254, 1850, 1851, 1852, 257, 257, 256, 1851, 1852, 1853, 259, 259, 257, 1852, 1854, 259, 1853, 1853, 1855, 261, 261, 1854, 1853, 1856, 261, 1855, 1855, 1857, 262, 262, 1856, 1855, 1858, 262, 1857, 1857, 1859, 264, 264, 1858, 1857, 1859, 1860, 265, 265, 264, 1859, 1860, 1861, 266, 266, 265, 1860, 1861, 1862, 263, 263, 266, 1861, 1862, 1863, 260, 260, 263, 1862, 258, 260, 1863, 1863, 1864, 258, 1864, 1865, 255, 255, 258, 1864, 1042, 255, 1865, 1865, 1866, 253, 253, 1042, 1865, 1043, 253, 1866, 1866, 1867, 251, 251, 1043, 1866, 1044, 251, 1867, 1867, 1868, 248, 248, 1044, 1867, 1045, 248, 1868, 1868, 1869, 245, 245, 1045, 1868, 1870, 245, 1869, 1869, 1871, 243, 243, 1870, 1869, 1871, 1872, 241, 241, 243, 1871, 1872, 1873, 239, 239, 241, 1872, 1873, 1874, 236, 236, 239, 1873, 234, 236, 1874, 1874, 1875, 232, 232, 234, 1874, 1875, 1876, 229, 229, 232, 1875, 1876, 1877, 226, 226, 229, 1876, 1877, 1878, 224, 224, 226, 1877, 1878, 1879, 221, 221, 224, 1878, 1879, 1880, 218, 218, 221, 1879, 1880, 1881, 216, 216, 218, 1880, 1881, 1882, 213, 213, 216, 1881, 1882, 1883, 210, 210, 213, 1882, 1883, 1884, 208, 208, 210, 1883, 1884, 1885, 206, 206, 208, 1884, 1885, 1886, 203, 203, 206, 1885, 1886, 1887, 201, 201, 203, 1886, 1887, 1888, 198, 198, 201, 1887, 1888, 1889, 196, 196, 198, 1888, 1889, 1890, 193, 193, 196, 1889, 1890, 1891, 191, 191, 193, 1890, 188, 191, 1891, 1891, 1892, 186, 186, 188, 1891, 184, 186, 1892, 1892, 1893, 182, 182, 184, 1892, 1893, 1894, 180, 180, 182, 1893, 1894, 1895, 178, 178, 180, 1894, 1895, 1896, 1897, 1897, 178, 1895, 175, 1897, 1896, 1896, 1898, 1086, 1086, 175, 1896, 173, 1086, 1898, 1898, 1899, 1900, 1900, 173, 1898, 170, 1900, 1899, 1899, 1901, 1902, 1902, 170, 1899, 167, 1902, 1901, 1901, 1903, 1046, 1046, 167, 1901, 164, 1046, 1903, 1903, 1904, 1905, 1905, 164, 1903, 160, 1905, 1904, 1904, 1906, 1047, 1047, 160, 1904, 1906, 1785, 158, 158, 1047, 1906, 1907, 1908, 348, 348, 347, 1907, 1908, 1909, 348, 349, 348, 1909, 1909, 1910, 1911, 1911, 349, 1909, 350, 1911, 1910, 1910, 1912, 1913, 1913, 350, 1910, 351, 1913, 1912, 1912, 1914, 351, 352, 351, 1914, 1914, 1915, 352, 1915, 1916, 299, 299, 352, 1915, 300, 299, 1916, 1916, 1917, 300, 301, 300, 1917, 1917, 1918, 301, 1048, 301, 1918, 303, 1048, 1918, 1918, 1919, 303, 305, 303, 1919, 1919, 1920, 305, 308, 305, 1920, 1920, 1921, 308, 312, 308, 1921, 1921, 1922, 312, 314, 312, 1922, 1922, 1923, 319, 319, 314, 1922, 1923, 1924, 323, 323, 319, 1923, 1924, 1925, 326, 326, 323, 1924, 1925, 1926, 329, 329, 326, 1925, 333, 329, 1926, 1926, 1927, 333, 336, 333, 1927, 1927, 1928, 336, 340, 336, 1928, 1928, 1907, 340, 347, 340, 1907, 1929, 296, 1930, 1930, 1931, 1929, 346, 1929, 1931, 1931, 1932, 1933, 1933, 346, 1931, 345, 1933, 1932, 1932, 1934, 344, 344, 345, 1932, 1934, 1935, 1936, 1936, 344, 1934, 343, 1936, 1935, 1935, 1937, 1938, 1938, 343, 1935, 342, 1938, 1937, 1937, 1939, 1940, 1940, 342, 1937, 341, 1940, 1939, 1939, 1941, 1942, 1942, 341, 1939, 339, 1942, 1941, 1941, 1943, 339, 338, 339, 1943, 1943, 1944, 338, 337, 338, 1944, 1944, 1945, 337, 335, 337, 1945, 1945, 1946, 335, 334, 335, 1946, 1946, 1947, 334, 1947, 1948, 332, 332, 334, 1947, 1049, 332, 1948, 1948, 1949, 331, 331, 1049, 1948, 1050, 331, 1949, 1949, 1950, 330, 330, 1050, 1949, 1051, 330, 1950, 1950, 1951, 328, 328, 1051, 1950, 1952, 328, 1951, 1951, 1953, 327, 327, 1952, 1951, 1954, 327, 1953, 1953, 1955, 325, 325, 1954, 1953, 1956, 325, 1955, 1955, 1957, 324, 324, 1956, 1955, 322, 324, 1957, 1957, 1958, 322, 320, 322, 1958, 1958, 1959, 320, 318, 320, 1959, 1959, 1960, 318, 315, 318, 1960, 1960, 1961, 315, 313, 315, 1961, 1961, 1962, 313, 310, 313, 1962, 1962, 1963, 310, 1964, 310, 1963, 1963, 1965, 307, 307, 1964, 1963, 311, 307, 1965, 316, 311, 1965, 1965, 1966, 316, 1967, 316, 1966, 1966, 1968, 1967, 1968, 1969, 1970, 1970, 1967, 1968, 321, 1970, 1969, 1969, 1971, 321, 317, 321, 1971, 1971, 1972, 317, 309, 317, 1972, 1972, 1973, 309, 304, 309, 1973, 1973, 1974, 1975, 1975, 304, 1973, 302, 1975, 1974, 1974, 1976, 1977, 1977, 302, 1974, 298, 1977, 1976, 1976, 1978, 295, 295, 298, 1976, 1978, 1979, 1980, 1980, 295, 1978, 294, 1980, 1979, 1979, 1981, 1052, 1052, 294, 1979, 292, 1052, 1981, 1981, 1982, 291, 291, 292, 1981, 1982, 1983, 291, 290, 291, 1983, 1983, 1984, 290, 288, 290, 1984, 1984, 1985, 288, 1985, 1986, 287, 287, 288, 1985, 1987, 287, 1986, 1986, 1988, 286, 286, 1987, 1986, 1989, 286, 1988, 1988, 1990, 284, 284, 1989, 1988, 1991, 284, 1990, 1990, 1992, 282, 282, 1991, 1990, 1992, 1993, 280, 280, 282, 1992, 1993, 1994, 278, 278, 280, 1993, 1994, 1995, 277, 277, 278, 1994, 1995, 1996, 275, 275, 277, 1995, 1997, 275, 1996, 1996, 1998, 273, 273, 1997, 1996, 1999, 273, 1998, 1998, 2000, 272, 272, 1999, 1998, 1087, 272, 2000, 2000, 2001, 270, 270, 1087, 2000, 2002, 270, 2001, 2001, 2003, 268, 268, 2002, 2001, 2004, 268, 2003, 2003, 2005, 269, 269, 2004, 2003, 2006, 269, 2005, 2005, 2007, 267, 267, 2006, 2005, 2007, 2008, 271, 271, 267, 2007, 2008, 2009, 274, 274, 271, 2008, 276, 274, 2009, 2009, 2010, 276, 279, 276, 2010, 2010, 2011, 279, 2011, 2012, 281, 281, 279, 2011, 283, 281, 2012, 2012, 2013, 283, 285, 283, 2013, 2013, 2014, 285, 289, 285, 2014, 2014, 2015, 289, 293, 289, 2015, 2015, 2016, 293, 2016, 1930, 2017, 2017, 293, 2016, 296, 2017, 1930, 1053, 622, 2018, 2018, 2019, 1054, 1054, 1053, 2018, 615, 1054, 2019, 2019, 2020, 2021, 2021, 615, 2019, 616, 2021, 2020, 2020, 2022, 617, 617, 616, 2020, 2022, 2023, 617, 618, 617, 2023, 2023, 2024, 1055, 1055, 618, 2023, 619, 1055, 2024, 2024, 2025, 619, 2026, 619, 2025, 620, 2026, 2025, 2025, 2027, 620, 627, 620, 2027, 2027, 2028, 627, 1088, 627, 2028, 2028, 2029, 628, 628, 1088, 2028, 1089, 628, 2029, 2029, 2030, 640, 640, 1089, 2029, 2030, 2031, 639, 639, 640, 2030, 2031, 2032, 638, 638, 639, 2031, 2032, 2033, 637, 637, 638, 2032, 2033, 2034, 636, 636, 637, 2033, 2034, 2035, 635, 635, 636, 2034, 2035, 2036, 634, 634, 635, 2035, 2036, 2037, 633, 633, 634, 2036, 2037, 2038, 2039, 2039, 633, 2037, 632, 2039, 2038, 2038, 2040, 1056, 1056, 632, 2038, 631, 1056, 2040, 2040, 2041, 630, 630, 631, 2040, 2041, 2042, 629, 629, 630, 2041, 2042, 2043, 625, 625, 629, 2042, 624, 625, 2043, 2043, 2044, 624, 623, 624, 2044, 2044, 2045, 623, 621, 623, 2045, 2045, 2018, 621, 622, 621, 2018, 2046, 2047, 573, 573, 571, 2046, 2047, 2048, 573, 574, 573, 2048, 2048, 2049, 2050, 2050, 574, 2048, 577, 2050, 2049, 2049, 2051, 2052, 2052, 577, 2049, 578, 2052, 2051, 2051, 2053, 578, 580, 578, 2053, 2053, 2054, 580, 2054, 2055, 583, 583, 580, 2054, 584, 583, 2055, 2055, 2056, 584, 585, 584, 2056, 2056, 2057, 585, 1008, 585, 2057, 538, 1008, 2057, 2057, 2058, 538, 541, 538, 2058, 2058, 2059, 541, 543, 541, 2059, 2059, 2060, 543, 545, 543, 2060, 2060, 2061, 545, 547, 545, 2061, 2061, 2062, 550, 550, 547, 2061, 2062, 2063, 553, 553, 550, 2062, 2063, 2064, 555, 555, 553, 2063, 2064, 2065, 558, 558, 555, 2064, 561, 558, 2065, 2065, 2066, 561, 564, 561, 2066, 2066, 2067, 564, 567, 564, 2067, 2067, 2046, 567, 571, 567, 2046, 2068, 2069, 2070, 2070, 582, 2068, 579, 2070, 2069, 2069, 2071, 2072, 2072, 579, 2069, 576, 2072, 2071, 2071, 2073, 575, 575, 576, 2071, 2073, 2074, 2075, 2075, 575, 2073, 572, 2075, 2074, 2074, 2076, 2077, 2077, 572, 2074, 570, 2077, 2076, 2076, 2078, 1090, 1090, 570, 2076, 569, 1090, 2078, 2078, 2079, 568, 568, 569, 2078, 2079, 2080, 568, 566, 568, 2080, 2080, 2081, 566, 2082, 566, 2081, 565, 2082, 2081, 2081, 2083, 565, 563, 565, 2083, 2083, 2084, 563, 2085, 563, 2084, 2084, 2086, 562, 562, 2085, 2084, 2086, 2087, 2088, 2088, 562, 2086, 560, 2088, 2087, 2087, 2089, 2090, 2090, 560, 2087, 2089, 2091, 559, 559, 2090, 2089, 1091, 559, 2091, 2091, 2092, 557, 557, 1091, 2091, 1092, 557, 2092, 2092, 2093, 556, 556, 1092, 2092, 2094, 556, 2093, 2093, 2095, 2094, 554, 2094, 2095, 2095, 2096, 2097, 2097, 554, 2095, 552, 2097, 2096, 2096, 2098, 551, 551, 552, 2096, 2098, 2099, 551, 549, 551, 2099, 2099, 2100, 549, 548, 549, 2100, 2100, 2101, 548, 546, 548, 2101, 2101, 2102, 546, 544, 546, 2102, 2102, 2103, 544, 2104, 544, 2103, 2103, 2105, 542, 542, 2104, 2103, 536, 542, 2105, 534, 536, 2105, 2105, 2106, 534, 2107, 534, 2106, 531, 2107, 2106, 2106, 2108, 531, 2108, 2109, 1057, 1057, 531, 2108, 532, 1057, 2109, 2109, 2110, 533, 533, 532, 2109, 2110, 2111, 535, 535, 533, 2110, 2111, 2112, 2113, 2113, 535, 2111, 537, 2113, 2112, 2112, 2114, 2115, 2115, 537, 2112, 539, 2115, 2114, 2114, 2116, 2117, 2117, 539, 2114, 540, 2117, 2116, 2116, 2118, 586, 586, 540, 2116, 2118, 2119, 587, 587, 586, 2118, 2120, 587, 2119, 2119, 2121, 589, 589, 2120, 2119, 1058, 589, 2121, 2121, 2122, 591, 591, 1058, 2121, 2123, 591, 2122, 2122, 2124, 592, 592, 2123, 2122, 2124, 2125, 593, 593, 592, 2124, 2125, 2126, 593, 2127, 593, 2126, 2126, 2128, 595, 595, 2127, 2126, 2129, 595, 2128, 2128, 2130, 596, 596, 2129, 2128, 2131, 596, 2130, 2130, 2132, 598, 598, 2131, 2130, 2133, 598, 2132, 2132, 2134, 600, 600, 2133, 2132, 2134, 2135, 601, 601, 600, 2134, 2135, 2136, 603, 603, 601, 2135, 2136, 2137, 604, 604, 603, 2136, 2137, 2138, 606, 606, 604, 2137, 2139, 606, 2138, 2138, 2140, 608, 608, 2139, 2138, 2141, 608, 2140, 2140, 2142, 2141, 609, 2141, 2142, 2142, 2143, 1009, 1009, 609, 2142, 611, 1009, 2143, 2143, 2144, 2145, 2145, 611, 2143, 613, 2145, 2144, 2144, 2146, 614, 614, 613, 2144, 2146, 2147, 2148, 2148, 614, 2146, 612, 2148, 2147, 2147, 2149, 612, 610, 612, 2149, 2149, 2150, 610, 607, 610, 2150, 2150, 2151, 605, 605, 607, 2150, 2151, 2152, 602, 602, 605, 2151, 2152, 2153, 2154, 2154, 602, 2152, 599, 2154, 2153, 2153, 2155, 599, 597, 599, 2155, 2155, 2156, 597, 594, 597, 2156, 2156, 2157, 590, 590, 594, 2156, 2157, 2158, 588, 588, 590, 2157, 2158, 2068, 588, 582, 588, 2068, 735, 2159, 2160, 2160, 2161, 2162, 2162, 735, 2160, 734, 2162, 2161, 2161, 2163, 2164, 2164, 734, 2161, 731, 2164, 2163, 2163, 2165, 2166, 2166, 731, 2163, 730, 2166, 2165, 2165, 2167, 2168, 2168, 730, 2165, 729, 2168, 2167, 2167, 2169, 1059, 1059, 729, 2167, 728, 1059, 2169, 2169, 2170, 2171, 2171, 728, 2169, 726, 2171, 2170, 2170, 2172, 2173, 2173, 726, 2170, 727, 2173, 2172, 2172, 2174, 2175, 2175, 727, 2172, 732, 2175, 2174, 2174, 2176, 1060, 1060, 732, 2174, 736, 1060, 2176, 2176, 2177, 1061, 1061, 736, 2176, 738, 1061, 2177, 2177, 2178, 1062, 1062, 738, 2177, 740, 1062, 2178, 2178, 2179, 2180, 2180, 740, 2178, 742, 2180, 2179, 2179, 2181, 2182, 2182, 742, 2179, 744, 2182, 2181, 2181, 2183, 746, 746, 744, 2181, 2184, 746, 2183, 2183, 2185, 748, 748, 2184, 2183, 2186, 748, 2185, 2185, 2187, 750, 750, 2186, 2185, 2188, 750, 2187, 2187, 2189, 752, 752, 2188, 2187, 2190, 752, 2189, 2189, 2191, 754, 754, 2190, 2189, 2192, 754, 2191, 2191, 2193, 2192, 753, 2192, 2193, 2193, 2194, 1093, 1093, 753, 2193, 751, 1093, 2194, 2194, 2195, 2196, 2196, 751, 2194, 749, 2196, 2195, 2195, 2197, 1063, 1063, 749, 2195, 747, 1063, 2197, 2197, 2198, 1064, 1064, 747, 2197, 745, 1064, 2198, 2198, 2199, 2200, 2200, 745, 2198, 743, 2200, 2199, 2199, 2201, 1094, 1094, 743, 2199, 741, 1094, 2201, 2201, 2202, 2203, 2203, 741, 2201, 739, 2203, 2202, 2202, 2204, 2205, 2205, 739, 2202, 2204, 2160, 737, 737, 2205, 2204, 2159, 737, 2160, 2206, 664, 2207, 2207, 2208, 2206, 661, 2206, 2208, 2208, 2209, 661, 2210, 661, 2209, 2209, 2211, 662, 662, 2210, 2209, 2211, 2212, 2213, 2213, 662, 2211, 660, 2213, 2212, 2212, 2214, 660, 2214, 2215, 658, 658, 660, 2214, 1010, 658, 2215, 2215, 2216, 659, 659, 1010, 2215, 2217, 659, 2216, 2216, 2218, 657, 657, 2217, 2216, 2219, 657, 2218, 2218, 2220, 653, 653, 2219, 2218, 2220, 2221, 654, 654, 653, 2220, 2221, 2222, 652, 652, 654, 2221, 2222, 2223, 656, 656, 652, 2222, 2223, 2224, 2225, 2225, 656, 2223, 2224, 2226, 689, 689, 2225, 2224, 2226, 2227, 690, 690, 689, 2226, 2227, 2228, 691, 691, 690, 2227, 2228, 2229, 692, 692, 691, 2228, 2229, 2230, 693, 693, 692, 2229, 2230, 2231, 694, 694, 693, 2230, 2231, 2232, 696, 696, 694, 2231, 2232, 2233, 695, 695, 696, 2232, 2233, 2234, 697, 697, 695, 2233, 2234, 2235, 2236, 2236, 697, 2234, 2235, 2237, 698, 698, 2236, 2235, 2237, 2238, 2239, 2239, 698, 2237, 2238, 2240, 699, 699, 2239, 2238, 2240, 2241, 700, 700, 699, 2240, 2241, 2242, 702, 702, 700, 2241, 2242, 2243, 701, 701, 702, 2242, 2243, 2244, 703, 703, 701, 2243, 2244, 2245, 704, 704, 703, 2244, 2245, 2246, 705, 705, 704, 2245, 2246, 2247, 706, 706, 705, 2246, 2247, 2248, 707, 707, 706, 2247, 2248, 2249, 708, 708, 707, 2248, 2249, 2250, 710, 710, 708, 2249, 2250, 2251, 709, 709, 710, 2250, 2251, 2252, 711, 711, 709, 2251, 2252, 2253, 712, 712, 711, 2252, 2253, 2254, 713, 713, 712, 2253, 2254, 2255, 2256, 2256, 713, 2254, 2255, 2257, 714, 714, 2256, 2255, 2257, 2258, 715, 715, 714, 2257, 2258, 2259, 717, 717, 715, 2258, 2259, 2260, 716, 716, 717, 2259, 2260, 2261, 718, 718, 716, 2260, 2261, 2262, 719, 719, 718, 2261, 2262, 2263, 720, 720, 719, 2262, 2263, 2264, 721, 721, 720, 2263, 2264, 2265, 722, 722, 721, 2264, 2265, 2266, 723, 723, 722, 2265, 2266, 2267, 725, 725, 723, 2266, 2267, 2268, 724, 724, 725, 2267, 2268, 2269, 733, 733, 724, 2268, 2269, 2270, 1011, 1011, 733, 2269, 2270, 2271, 687, 687, 1011, 2270, 2271, 2272, 686, 686, 687, 2271, 2272, 2273, 2274, 2274, 686, 2272, 685, 2274, 2273, 2273, 2275, 684, 684, 685, 2273, 2276, 684, 2275, 2275, 2277, 683, 683, 2276, 2275, 2277, 2278, 682, 682, 683, 2277, 2278, 2279, 681, 681, 682, 2278, 1065, 681, 2279, 2279, 2280, 680, 680, 1065, 2279, 679, 680, 2280, 2280, 2281, 679, 678, 679, 2281, 2281, 2282, 678, 676, 678, 2282, 2282, 2283, 677, 677, 676, 2282, 1067, 677, 2283, 2283, 2284, 1066, 1066, 1067, 2283, 2284, 2285, 675, 675, 1066, 2284, 1068, 675, 2285, 2285, 2286, 673, 673, 1068, 2285, 2287, 673, 2286, 2286, 2288, 674, 674, 2287, 2286, 2289, 674, 2288, 2288, 2290, 672, 672, 2289, 2288, 2291, 672, 2290, 2290, 2292, 670, 670, 2291, 2290, 2292, 2293, 671, 671, 670, 2292, 2293, 2294, 667, 667, 671, 2293, 2294, 2295, 668, 668, 667, 2294, 2295, 2296, 669, 669, 668, 2295, 2296, 2297, 2298, 2298, 669, 2296, 665, 2298, 2297, 2297, 2299, 2300, 2300, 665, 2297, 666, 2300, 2299, 2299, 2301, 1069, 1069, 666, 2299, 663, 1069, 2301, 2301, 2207, 2302, 2302, 663, 2301, 664, 2302, 2207, 1070, 354, 2303, 2303, 2304, 355, 355, 1070, 2303, 2304, 2305, 356, 356, 355, 2304, 359, 356, 2305, 2305, 2306, 359, 361, 359, 2306, 2306, 2307, 361, 364, 361, 2307, 2307, 2308, 364, 1071, 364, 2308, 2308, 2309, 366, 366, 1071, 2308, 1072, 366, 2309, 2309, 2310, 368, 368, 1072, 2309, 1073, 368, 2310, 2310, 2311, 369, 369, 1073, 2310, 2312, 369, 2311, 2311, 2313, 372, 372, 2312, 2311, 2314, 372, 2313, 2313, 2315, 375, 375, 2314, 2313, 2316, 375, 2315, 2315, 2317, 379, 379, 2316, 2315, 2318, 379, 2317, 2317, 2319, 382, 382, 2318, 2317, 384, 382, 2319, 2319, 2320, 389, 389, 384, 2319, 2320, 2321, 394, 394, 389, 2320, 2321, 2322, 395, 395, 394, 2321, 2322, 2323, 397, 397, 395, 2322, 2323, 2324, 400, 400, 397, 2323, 2324, 2325, 405, 405, 400, 2324, 2325, 2326, 407, 407, 405, 2325, 2326, 2327, 411, 411, 407, 2326, 2327, 2328, 413, 413, 411, 2327, 2328, 2329, 417, 417, 413, 2328, 2329, 2330, 419, 419, 417, 2329, 2330, 2331, 423, 423, 419, 2330, 2331, 2332, 425, 425, 423, 2331, 2332, 2333, 429, 429, 425, 2332, 2333, 2334, 428, 428, 429, 2333, 2334, 2335, 424, 424, 428, 2334, 2335, 2336, 422, 422, 424, 2335, 2336, 2337, 418, 418, 422, 2336, 2337, 2338, 416, 416, 418, 2337, 2338, 2339, 412, 412, 416, 2338, 2339, 2340, 410, 410, 412, 2339, 2340, 2341, 406, 406, 410, 2340, 2341, 2342, 404, 404, 406, 2341, 2342, 2343, 401, 401, 404, 2342, 2343, 2344, 398, 398, 401, 2343, 2344, 2345, 393, 393, 398, 2344, 2345, 2346, 390, 390, 393, 2345, 2346, 2347, 387, 387, 390, 2346, 2347, 2348, 386, 386, 387, 2347, 2348, 2349, 385, 385, 386, 2348, 2349, 2350, 383, 383, 385, 2349, 2350, 2351, 381, 381, 383, 2350, 2351, 2352, 380, 380, 381, 2351, 2352, 2353, 378, 378, 380, 2352, 2353, 2354, 377, 377, 378, 2353, 2354, 2355, 376, 376, 377, 2354, 2355, 2356, 374, 374, 376, 2355, 2356, 2357, 373, 373, 374, 2356, 2357, 2358, 371, 371, 373, 2357, 2358, 2359, 370, 370, 371, 2358, 2359, 2360, 367, 367, 370, 2359, 2360, 2361, 365, 365, 367, 2360, 2361, 2362, 2363, 2363, 365, 2361, 2362, 2364, 363, 363, 2363, 2362, 2365, 363, 2364, 2364, 2366, 362, 362, 2365, 2364, 2367, 362, 2366, 2366, 2368, 360, 360, 2367, 2366, 2369, 360, 2368, 2368, 2370, 358, 358, 2369, 2368, 2371, 358, 2370, 2370, 2372, 357, 357, 2371, 2370, 2373, 357, 2372, 2372, 2374, 353, 353, 2373, 2372, 2374, 2303, 2375, 2375, 353, 2374, 354, 2375, 2303, 2376, 2377, 388, 388, 392, 2376, 391, 388, 2377, 2377, 2378, 2379, 2379, 391, 2377, 396, 2379, 2378, 2378, 2380, 2381, 2381, 396, 2378, 402, 2381, 2380, 2380, 2382, 2383, 2383, 402, 2380, 408, 2383, 2382, 2382, 2384, 408, 414, 408, 2384, 2384, 2385, 414, 420, 414, 2385, 2385, 2386, 420, 426, 420, 2386, 2386, 2387, 430, 430, 426, 2386, 427, 430, 2387, 2387, 2388, 427, 421, 427, 2388, 2388, 2389, 415, 415, 421, 2388, 2389, 2390, 415, 409, 415, 2390, 2390, 2391, 2392, 2392, 409, 2390, 403, 2392, 2391, 2391, 2393, 2394, 2394, 403, 2391, 2393, 2376, 399, 399, 2394, 2393, 392, 399, 2376, 80, 1164, 77, 824, 818, 1227, 830, 824, 1229, 784, 1246, 779, 97, 1379, 98, 128, 127, 1403, 856, 1466, 851, 861, 1464, 856, 851, 1468, 846, 467, 522, 1586, 530, 465, 1589, 949, 944, 1654, 972, 968, 1659, 984, 978, 1662, 157, 156, 1788, 164, 1905, 160, 351, 350, 1913, 328, 1952, 327, 310, 1964, 307, 307, 311, 306, 287, 1987, 286, 267, 269, 2006, 615, 622, 1053, 615, 2021, 616, 578, 577, 2052, 544, 2104, 542, 542, 536, 2395, 596, 595, 2129, 614, 2148, 612, 602, 2154, 599, 750, 2188, 752, 753, 754, 2192, 754, 752, 2190, 751, 2196, 749, 745, 2200, 743, 663, 2302, 664, 375, 372, 2314, 403, 2394, 399, 8, 5, 1100, 9, 8, 1102, 11, 9, 1104, 90, 89, 1154, 90, 1158, 87, 87, 1160, 83, 83, 1162, 80, 71, 1170, 68, 68, 1172, 65, 65, 1174, 62, 62, 1176, 60, 31, 1191, 29, 29, 1193, 26, 26, 1195, 23, 23, 1197, 21, 757, 756, 1209, 760, 757, 1211, 766, 760, 1213, 772, 766, 1215, 777, 772, 1217, 783, 777, 1219, 830, 1231, 827, 827, 1233, 821, 821, 1235, 815, 815, 1237, 809, 809, 1239, 803, 803, 1241, 798, 759, 755, 1251, 761, 759, 1254, 764, 761, 1256, 768, 764, 1258, 771, 768, 1260, 775, 771, 1262, 778, 775, 1264, 810, 1294, 805, 805, 1296, 800, 800, 1298, 797, 797, 1300, 792, 792, 1302, 788, 788, 1304, 785, 785, 1306, 781, 781, 1308, 776, 776, 1310, 773, 773, 1312, 770, 770, 1314, 767, 765, 1317, 762, 762, 1319, 758, 758, 1320, 755, 155, 1341, 154, 145, 1349, 143, 104, 1369, 101, 97, 96, 1377, 117, 116, 1389, 119, 117, 1391, 121, 119, 1393, 122, 121, 1395, 124, 122, 1397, 125, 124, 1399, 139, 137, 1414, 834, 833, 1425, 837, 834, 1427, 843, 837, 1429, 849, 843, 1431, 854, 849, 1433, 860, 854, 1435, 907, 1448, 904, 904, 1450, 898, 898, 1452, 892, 892, 1454, 886, 886, 1456, 880, 880, 1458, 875, 836, 832, 1471, 838, 836, 1474, 841, 838, 1476, 845, 841, 1478, 848, 845, 1480, 852, 848, 1482, 855, 852, 1484, 887, 1514, 882, 882, 1516, 877, 877, 1518, 874, 874, 1520, 869, 869, 1522, 865, 865, 1524, 862, 862, 1526, 858, 858, 1528, 853, 853, 1530, 850, 850, 1532, 847, 847, 1534, 844, 842, 1537, 839, 839, 1539, 835, 835, 1540, 832, 468, 467, 1541, 469, 468, 1544, 470, 469, 1546, 473, 472, 1550, 474, 473, 1552, 476, 474, 1554, 477, 476, 1556, 499, 496, 1570, 503, 499, 1572, 506, 503, 1574, 510, 507, 1577, 513, 510, 1579, 523, 1598, 521, 521, 1601, 519, 493, 991, 491, 488, 1624, 486, 486, 1627, 484, 484, 1630, 482, 911, 910, 1640, 914, 911, 1642, 920, 914, 1644, 926, 920, 1646, 931, 926, 1648, 937, 931, 1650, 984, 1664, 981, 981, 1666, 975, 975, 1668, 969, 969, 1670, 963, 963, 1672, 957, 957, 1674, 952, 913, 909, 1683, 915, 913, 1686, 918, 915, 1688, 922, 918, 1690, 925, 922, 994, 929, 925, 997, 932, 929, 1692, 964, 1721, 959, 959, 1723, 954, 954, 1725, 951, 951, 1727, 946, 946, 1729, 942, 942, 1731, 939, 939, 1733, 935, 935, 1735, 930, 930, 1737, 927, 927, 1739, 924, 924, 1741, 921, 919, 1744, 916, 916, 1746, 912, 912, 1747, 909, 452, 1757, 449, 185, 183, 1807, 187, 185, 1809, 261, 259, 1854, 262, 261, 1856, 178, 1897, 175, 346, 296, 1929, 346, 1933, 345, 344, 1936, 343, 343, 1938, 342, 327, 1954, 325, 325, 1956, 324, 321, 316, 1967, 302, 1977, 298, 295, 1980, 294, 286, 1989, 284, 284, 1991, 282, 275, 1997, 273, 270, 2002, 268, 268, 2004, 269, 296, 293, 2017, 633, 2039, 632, 579, 2072, 576, 575, 2075, 572, 572, 2077, 570, 566, 2082, 565, 563, 2085, 562, 554, 556, 2094, 554, 2097, 552, 540, 539, 2117, 589, 587, 2120, 598, 596, 2131, 600, 598, 2133, 608, 606, 2139, 609, 608, 2141, 613, 611, 2145, 588, 2396, 582, 735, 2162, 734, 734, 2164, 731, 742, 740, 2180, 744, 742, 2182, 748, 746, 2184, 750, 748, 2186, 741, 2203, 739, 739, 2205, 737, 737, 2159, 735, 664, 2206, 661, 661, 2210, 662, 662, 2213, 660, 659, 2217, 657, 657, 2219, 653, 698, 697, 2236, 699, 698, 2239, 714, 713, 2256, 677, 1066, 675, 674, 2289, 672, 672, 2291, 670, 669, 2298, 665, 665, 2300, 666, 365, 2363, 363, 363, 2365, 362, 362, 2367, 360, 360, 2369, 358, 358, 2371, 357, 357, 2373, 353, 353, 2375, 354, 756, 763, 1206, 769, 1250, 763, 114, 105, 1385, 105, 103, 1385, 103, 102, 1383, 520, 517, 1582, 1967, 1970, 321, 689, 655, 2225, 656, 2225, 655, 5, 4, 1098, 1154, 1156, 90, 77, 1166, 74, 74, 1168, 71, 21, 1199, 18, 18, 1201, 15, 646, 647, 1323, 645, 1326, 641, 642, 641, 1326, 651, 1323, 647, 108, 1338, 155, 113, 1362, 112, 127, 125, 1401, 133, 131, 1407, 134, 133, 1409, 137, 135, 1412, 833, 840, 1422, 846, 1470, 840, 895, 891, 1442, 901, 895, 1444, 907, 901, 1446, 864, 1462, 861, 477, 1558, 478, 479, 478, 1560, 483, 480, 1563, 489, 487, 1567, 496, 492, 1568, 522, 520, 1584, 481, 1005, 475, 464, 1589, 465, 937, 1652, 944, 938, 1679, 933, 933, 1681, 928, 460, 461, 1750, 457, 1750, 461, 449, 1759, 447, 442, 1764, 441, 435, 1771, 434, 451, 450, 1781, 264, 262, 1858, 245, 1870, 243, 173, 1900, 170, 170, 1902, 167, 350, 349, 1911, 299, 297, 352, 342, 1940, 341, 339, 341, 1942, 304, 1975, 302, 273, 1999, 272, 620, 619, 2026, 577, 574, 2050, 583, 581, 580, 579, 582, 2070, 562, 2088, 560, 559, 560, 2090, 534, 2107, 531, 535, 2113, 537, 539, 537, 2115, 592, 591, 2123, 593, 2127, 595, 730, 2168, 729, 731, 2166, 730, 728, 2171, 726, 726, 2173, 727, 732, 727, 2175, 686, 2274, 685, 684, 2276, 683, 673, 2287, 674, 372, 369, 2312, 379, 375, 2316, 382, 379, 2318, 396, 391, 2379, 402, 396, 2381, 408, 402, 2383, 409, 2392, 403]
    normal3f[] normals = [(-0.99999994, -0.00029885815, -0.000006904381), (-0.9999812, 0.0009129231, 0.006066178), (-0.99999994, -0.00029885815, -0.000006904381), (-0.99999994, -0.00029885815, -0.000006904381), (-0.9999804, -0.0015106288, -0.006079829), (-0.99999994, -0.00029885815, -0.000006904381), (-0.20443437, -0.95485026, 0.2155633), (-0.9998676, 0.011187471, 0.011821514), (-0.99989, 0.012037781, 0.008662219), (-0.9998676, 0.011187471, 0.011821514), (-0.99964905, 0.019962648, 0.017416397), (-0.99989, 0.012037781, 0.008662219), (-0.9998676, 0.011187471, 0.011821514), (-0.9997771, 0.016967231, 0.012570637), (-0.99964905, 0.019962648, 0.017416397), (-0.9997771, 0.016967231, 0.012570637), (-0.9998009, 0.0016445654, 0.019888815), (-0.99964905, 0.019962648, 0.017416397), (-0.9998009, 0.0016445654, 0.019888815), (-0.99974567, -0.0032263414, 0.022320472), (-0.99964905, 0.019962648, 0.017416397), (-0.9998009, 0.0016445654, 0.019888815), (-0.9991058, -0.03072027, 0.029049804), (-0.99974567, -0.0032263414, 0.022320472), (-0.9991058, -0.03072027, 0.029049804), (-0.9999663, -0.0058017243, -0.0058016004), (-0.99974567, -0.0032263414, 0.022320472), (-0.9999663, -0.0058017243, -0.0058016004), (-0.99996287, -0.0026052548, -0.0082172), (-0.99974567, -0.0032263414, 0.022320472), (-0.9999663, -0.0058017243, -0.0058016004), (-0.9999451, -0.00060698146, -0.010464649), (-0.99996287, -0.0026052548, -0.0082172), (-0.9999451, -0.00060698146, -0.010464649), (-0.9999644, -0.003963748, -0.0074512577), (-0.99996287, -0.0026052548, -0.0082172), (-0.9999451, -0.00060698146, -0.010464649), (-0.99998176, -0.0058197007, -0.0015998163), (-0.9999644, -0.003963748, -0.0074512577), (-0.99998176, -0.0058197007, -0.0015998163), (-0.9999432, -0.010007189, 0.0036954388), (-0.9999644, -0.003963748, -0.0074512577), (-0.9999432, -0.010007189, 0.0036954388), (-0.9998227, -0.016963927, -0.008183585), (-0.9999644, -0.003963748, -0.0074512577), (-0.9999432, -0.010007189, 0.0036954388), (-0.9998128, -0.018314356, 0.0062439525), (-0.9998227, -0.016963927, -0.008183585), (-0.9998128, -0.018314356, 0.0062439525), (-0.99956816, -0.022887483, -0.018429507), (-0.9998227, -0.016963927, -0.008183585), (-0.99956816, -0.022887483, -0.018429507), (-0.99965197, -0.022855211, -0.013176456), (-0.9998227, -0.016963927, -0.008183585), (-0.99956816, -0.022887483, -0.018429507), (-0.9997822, -0.020723527, -0.0024714381), (-0.99965197, -0.022855211, -0.013176456), (-0.9997822, -0.020723527, -0.0024714381), (-0.9998536, -0.015942812, 0.0062305415), (-0.99965197, -0.022855211, -0.013176456), (-0.9997822, -0.020723527, -0.0024714381), (-0.9998253, -0.018258665, 0.004019781), (-0.9998536, -0.015942812, 0.0062305415), (-0.9998253, -0.018258665, 0.004019781), (-0.99987686, -0.0130769145, 0.0086836135), (-0.9998536, -0.015942812, 0.0062305415), (-0.99987686, -0.0130769145, 0.0086836135), (-0.9998271, -0.011660962, 0.014490429), (-0.9998536, -0.015942812, 0.0062305415), (-0.99987686, -0.0130769145, 0.0086836135), (-0.99979675, -0.000498256, 0.020155909), (-0.9998271, -0.011660962, 0.014490429), (-0.99979675, -0.000498256, 0.020155909), (-0.9997216, -0.019795723, 0.012843), (-0.9998271, -0.011660962, 0.014490429), (-0.9997216, -0.019795723, 0.012843), (-0.9997504, -0.009983939, 0.019986574), (-0.9998271, -0.011660962, 0.014490429), (-0.9997216, -0.019795723, 0.012843), (-0.99988425, -0.0010167982, 0.015181347), (-0.9997504, -0.009983939, 0.019986574), (-0.99988425, -0.0010167982, 0.015181347), (-0.9997044, 0.015747055, 0.018523278), (-0.9997504, -0.009983939, 0.019986574), (-0.99988425, -0.0010167982, 0.015181347), (-0.9999794, 0.0063503063, -0.0009895861), (-0.9997044, 0.015747055, 0.018523278), (-0.9999794, 0.0063503063, -0.0009895861), (-0.99998647, 0.0048738676, -0.001813062), (-0.9997044, 0.015747055, 0.018523278), (-0.9999794, 0.0063503063, -0.0009895861), (-0.9999942, 0.0017353124, -0.0029185906), (-0.99998647, 0.0048738676, -0.001813062), (-0.9999942, 0.0017353124, -0.0029185906), (-0.9999661, -0.0019371673, -0.008004186), (-0.99998647, 0.0048738676, -0.001813062), (-0.9999661, -0.0019371673, -0.008004186), (-0.9999696, -0.002212153, -0.007490234), (-0.99998647, 0.0048738676, -0.001813062), (-0.9999661, -0.0019371673, -0.008004186), (-0.99997807, -0.0022192795, -0.0062575033), (-0.9999696, -0.002212153, -0.007490234), (-0.99997807, -0.0022192795, -0.0062575033), (-0.9999445, -0.009155695, -0.005229848), (-0.9999696, -0.002212153, -0.007490234), (-0.99997807, -0.0022192795, -0.0062575033), (-0.99998724, -0.00445563, -0.0023799941), (-0.9999445, -0.009155695, -0.005229848), (-0.99998724, -0.00445563, -0.0023799941), (-0.9999852, -0.005347434, -0.0010483324), (-0.9999445, -0.009155695, -0.005229848), (-0.99998724, -0.00445563, -0.0023799941), (-0.99999994, -0.00029887832, -0.0000069240664), (-0.9999852, -0.005347434, -0.0010483324), (-0.99999994, -0.00029887832, -0.0000069240664), (-0.99999994, -0.00029881517, -0.0000069303005), (-0.9999852, -0.005347434, -0.0010483324), (-0.99999994, -0.00029887832, -0.0000069240664), (-0.99999994, -0.0002988662, -0.000006906602), (-0.99999994, -0.00029881517, -0.0000069303005), (-0.99999994, -0.0002988662, -0.000006906602), (-0.99999994, -0.000298927, -0.0000069145312), (-0.99999994, -0.00029881517, -0.0000069303005), (-0.99999994, -0.0002988662, -0.000006906602), (-0.99999994, -0.0002988914, -0.0000068909576), (-0.99999994, -0.000298927, -0.0000069145312), (-0.99999994, -0.0002988662, -0.000006906602), (-0.9999929, 0.003699948, 0.00073753356), (-0.99999994, -0.0002988914, -0.0000068909576), (-0.9999929, 0.003699948, 0.00073753356), (-0.999989, 0.004279719, 0.001962008), (-0.99999994, -0.0002988914, -0.0000068909576), (-0.9999929, 0.003699948, 0.00073753356), (-0.99998564, 0.004299638, 0.0032305936), (-0.999989, 0.004279719, 0.001962008), (-0.99998564, 0.004299638, 0.0032305936), (-0.99999243, 0.0002809342, 0.0038891416), (-0.999989, 0.004279719, 0.001962008), (-0.99998564, 0.004299638, 0.0032305936), (-0.9999923, 0.00042675453, 0.0038953156), (-0.99999243, 0.0002809342, 0.0038891416), (-0.9999923, 0.00042675453, 0.0038953156), (-0.999991, 0.0038803092, 0.0017235321), (-0.99999243, 0.0002809342, 0.0038891416), (-0.9999923, 0.00042675453, 0.0038953156), (-0.99999243, 0.0008373199, 0.0038008597), (-0.999991, 0.0038803092, 0.0017235321), (-0.99999243, 0.0008373199, 0.0038008597), (-0.999999, 0.00024935533, 0.0013935947), (-0.999991, 0.0038803092, 0.0017235321), (-0.999999, 0.00024935533, 0.0013935947), (-0.99998766, 0.0029357728, -0.004024879), (-0.999991, 0.0038803092, 0.0017235321), (-0.999999, 0.00024935533, 0.0013935947), (-0.99997896, 0.0009642071, -0.0064332713), (-0.99998766, 0.0029357728, -0.004024879), (-0.99997896, 0.0009642071, -0.0064332713), (-0.999971, 0.0027291272, -0.007117656), (-0.99998766, 0.0029357728, -0.004024879), (-0.99997896, 0.0009642071, -0.0064332713), (-0.9999966, -0.0006938433, -0.0025461265), (-0.999971, 0.0027291272, -0.007117656), (-0.9999966, -0.0006938433, -0.0025461265), (-0.99920446, -0.027066067, 0.029290982), (-0.999971, 0.0027291272, -0.007117656), (-0.9999966, -0.0006938433, -0.0025461265), (-0.9992763, -0.018038891, 0.03349006), (-0.99920446, -0.027066067, 0.029290982), (-0.9992763, -0.018038891, 0.03349006), (-0.9995547, -0.0045701135, 0.029488156), (-0.99920446, -0.027066067, 0.029290982), (-0.9992763, -0.018038891, 0.03349006), (-0.99981046, 0.017618192, 0.008296386), (-0.9995547, -0.0045701135, 0.029488156), (-0.99981046, 0.017618192, 0.008296386), (-0.9998593, 0.015743846, 0.00580427), (-0.9995547, -0.0045701135, 0.029488156), (-0.99981046, 0.017618192, 0.008296386), (-0.99991786, 0.010729361, 0.007008273), (-0.9998593, 0.015743846, 0.00580427), (-0.99991786, 0.010729361, 0.007008273), (-0.99988073, 0.011233222, 0.010607853), (-0.9998593, 0.015743846, 0.00580427), (-0.99988073, 0.011233222, 0.010607853), (-0.999795, 0.020020517, -0.0030182118), (-0.9998593, 0.015743846, 0.00580427), (-0.99988073, 0.011233222, 0.010607853), (-0.9997201, 0.022790557, -0.006362097), (-0.999795, 0.020020517, -0.0030182118), (-0.9997201, 0.022790557, -0.006362097), (-0.9996091, 0.02530988, -0.011874234), (-0.999795, 0.020020517, -0.0030182118), (-0.9996091, 0.02530988, -0.011874234), (-0.9998119, 0.01934808, -0.001392122), (-0.999795, 0.020020517, -0.0030182118), (-0.9996091, 0.02530988, -0.011874234), (-0.99982995, 0.016942987, 0.0072891996), (-0.9998119, 0.01934808, -0.001392122), (-0.99982995, 0.016942987, 0.0072891996), (-0.99987954, 0.015525594, 0.000012364442), (-0.9998119, 0.01934808, -0.001392122), (-0.99987954, 0.015525594, 0.000012364442), (-0.99990344, 0.0138933305, -0.00029017057), (-0.9998119, 0.01934808, -0.001392122), (-0.99987954, 0.015525594, 0.000012364442), (-0.99979997, 0.018864095, 0.006652306), (-0.99990344, 0.0138933305, -0.00029017057), (-0.99979997, 0.018864095, 0.006652306), (-0.99995154, 0.009705443, -0.0017055093), (-0.99990344, 0.0138933305, -0.00029017057), (-0.99995154, 0.009705443, -0.0017055093), (-0.99992615, 0.00678639, -0.010081733), (-0.99990344, 0.0138933305, -0.00029017057), (-0.99995154, 0.009705443, -0.0017055093), (-0.9999115, 0.006893246, -0.011388548), (-0.99992615, 0.00678639, -0.010081733), (-0.9999115, 0.006893246, -0.011388548), (-0.99995047, 0.00914647, -0.003942909), (-0.99992615, 0.00678639, -0.010081733), (-0.99995047, 0.00914647, -0.003942909), (-0.9999097, 0.013425439, 0.00060019013), (-0.99992615, 0.00678639, -0.010081733), (-0.99995047, 0.00914647, -0.003942909), (-0.99995154, 0.008786099, -0.00443622), (-0.9999097, 0.013425439, 0.00060019013), (-0.99995154, 0.008786099, -0.00443622), (-0.9998633, 0.016517853, 0.0007305091), (-0.9999097, 0.013425439, 0.00060019013), (-0.9998633, 0.016517853, 0.0007305091), (-0.9997773, 0.020970585, 0.0023677843), (-0.9999097, 0.013425439, 0.00060019013), (-0.9998633, 0.016517853, 0.0007305091), (-0.9998134, 0.019114079, -0.002802474), (-0.9997773, 0.020970585, 0.0023677843), (-0.9998134, 0.019114079, -0.002802474), (-0.99983, 0.018275186, -0.002439198), (-0.9997773, 0.020970585, 0.0023677843), (-0.99983, 0.018275186, -0.002439198), (-0.99982595, 0.0077587776, -0.016970359), (-0.9997773, 0.020970585, 0.0023677843), (-0.99983, 0.018275186, -0.002439198), (-0.9997122, -0.0034976602, -0.023732118), (-0.99982595, 0.0077587776, -0.016970359), (-0.9997122, -0.0034976602, -0.023732118), (-0.9996202, -0.0023651617, -0.027458563), (-0.99982595, 0.0077587776, -0.016970359), (-0.9996202, -0.0023651617, -0.027458563), (-0.9997096, 0.018878246, -0.014985609), (-0.99982595, 0.0077587776, -0.016970359), (-0.9997096, 0.018878246, -0.014985609), (-0.9997768, 0.020920848, -0.0029712329), (-0.99982595, 0.0077587776, -0.016970359), (-0.9997096, 0.018878246, -0.014985609), (-0.99843997, 0.0557497, 0.0031098244), (-0.9997768, 0.020920848, -0.0029712329), (-0.99843997, 0.0557497, 0.0031098244), (-0.99810845, -0.05775143, -0.021081753), (-0.9997768, 0.020920848, -0.0029712329), (-0.99810845, -0.05775143, -0.021081753), (-0.9823927, -0.17837928, -0.055547312), (-0.9997768, 0.020920848, -0.0029712329), (-0.9999579, -0.0047683055, 0.007846922), (-0.9993856, 0.017107846, -0.030594157), (-0.9999641, -0.004417539, 0.0072305542), (-0.99997693, 0.000104829545, 0.0068000536), (-0.9999579, -0.0047683055, 0.007846922), (-0.9999641, -0.004417539, 0.0072305542), (-0.99997693, 0.000104829545, 0.0068000536), (-0.9999641, -0.004417539, 0.0072305542), (-0.9984812, 0.055092685, -0.000329911), (-0.99997693, 0.000104829545, 0.0068000536), (-0.9984812, 0.055092685, -0.000329911), (-0.9993453, 0.034110248, 0.0120604485), (-0.99997693, 0.000104829545, 0.0068000536), (-0.9993453, 0.034110248, 0.0120604485), (-0.9988834, -0.03656502, 0.029915987), (-0.99997693, 0.000104829545, 0.0068000536), (-0.9988834, -0.03656502, 0.029915987), (-0.99923545, -0.033740755, 0.01975018), (-0.99982977, 0.009333, -0.015922127), (-0.99997693, 0.000104829545, 0.0068000536), (-0.99923545, -0.033740755, 0.01975018), (-0.99982977, 0.009333, -0.015922127), (-0.99923545, -0.033740755, 0.01975018), (-0.9991054, 0.02652266, -0.032938264), (-0.9994309, 0.019456577, -0.027558671), (-0.99982977, 0.009333, -0.015922127), (-0.9991054, 0.02652266, -0.032938264), (-0.9994309, 0.019456577, -0.027558671), (-0.9991054, 0.02652266, -0.032938264), (-0.9991103, 0.021919489, -0.036029637), (-0.9994309, 0.019456577, -0.027558671), (-0.9991103, 0.021919489, -0.036029637), (-0.9999382, 0.006384956, -0.009108003), (-0.99998075, 0.0045151985, 0.0042824373), (-0.9994309, 0.019456577, -0.027558671), (-0.9999382, 0.006384956, -0.009108003), (-0.99998075, 0.0045151985, 0.0042824373), (-0.9999382, 0.006384956, -0.009108003), (-0.9999498, -0.010020618, 0.00022082884), (-0.9990432, -0.010758804, 0.042390723), (-0.99998075, 0.0045151985, 0.0042824373), (-0.9999498, -0.010020618, 0.00022082884), (-0.9991474, -0.017754318, 0.03727414), (-0.9990432, -0.010758804, 0.042390723), (-0.9999498, -0.010020618, 0.00022082884), (-0.9991474, -0.017754318, 0.03727414), (-0.9999498, -0.010020618, 0.00022082884), (-0.9999294, -0.011862291, 0.00075338123), (-0.9994511, 0.026505476, -0.019877564), (-0.9991474, -0.017754318, 0.03727414), (-0.9999294, -0.011862291, 0.00075338123), (-0.99943703, -0.026630282, 0.020412402), (-0.9994511, 0.026505476, -0.019877564), (-0.9999294, -0.011862291, 0.00075338123), (-0.9995276, 0.02973112, -0.007797634), (-0.99943703, -0.026630282, 0.020412402), (-0.9999294, -0.011862291, 0.00075338123), (-0.9998647, 0.012456597, -0.010742125), (-0.9995276, 0.02973112, -0.007797634), (-0.9999294, -0.011862291, 0.00075338123), (-0.9999856, -0.0053725704, -0.00021185036), (-0.9998647, 0.012456597, -0.010742125), (-0.9999294, -0.011862291, 0.00075338123), (-0.9999294, -0.011862291, 0.00075338123), (-0.9999498, -0.010020618, 0.00022082884), (-0.9998003, -0.010501227, -0.017002307), (-0.9996367, -0.01170778, 0.024281718), (-0.9999294, -0.011862291, 0.00075338123), (-0.9998003, -0.010501227, -0.017002307), (-0.9996367, -0.01170778, 0.024281718), (-0.9998003, -0.010501227, -0.017002307), (-0.9988365, -0.017365687, 0.044989243), (-0.9996367, -0.01170778, 0.024281718), (-0.9988365, -0.017365687, 0.044989243), (-0.999612, -0.016455535, 0.022479588), (-0.99961627, -0.0043614176, 0.027356692), (-0.9996367, -0.01170778, 0.024281718), (-0.999612, -0.016455535, 0.022479588), (-0.99961627, -0.0043614176, 0.027356692), (-0.999612, -0.016455535, 0.022479588), (-0.9997723, -0.0056014117, 0.020594329), (-0.99973136, -0.010104756, 0.020858115), (-0.99961627, -0.0043614176, 0.027356692), (-0.9997723, -0.0056014117, 0.020594329), (-0.99973136, -0.010104756, 0.020858115), (-0.9997723, -0.0056014117, 0.020594329), (-0.9997586, -0.0046711904, 0.021471044), (-0.99973136, -0.010104756, 0.020858115), (-0.9997586, -0.0046711904, 0.021471044), (-0.9996117, -0.021459691, 0.017777363), (-0.99961257, -0.023395404, 0.015077446), (-0.99973136, -0.010104756, 0.020858115), (-0.9996117, -0.021459691, 0.017777363), (-0.99961257, -0.023395404, 0.015077446), (-0.9996117, -0.021459691, 0.017777363), (-0.9993341, -0.031153478, 0.018998256), (-0.99961257, -0.023395404, 0.015077446), (-0.9993341, -0.031153478, 0.018998256), (-0.99984926, -0.013324013, 0.01113731), (-0.99998355, -0.00056175527, 0.005723556), (-0.99961257, -0.023395404, 0.015077446), (-0.99984926, -0.013324013, 0.01113731), (-0.99998355, -0.00056175527, 0.005723556), (-0.99984926, -0.013324013, 0.01113731), (-0.9999337, -0.007718274, 0.008545038), (-0.99998355, -0.00056175527, 0.005723556), (-0.9999337, -0.007718274, 0.008545038), (-0.9997176, -0.007310381, -0.022615356), (-0.99999464, 0.0024750817, 0.002139076), (-0.99998355, -0.00056175527, 0.005723556), (-0.9997176, -0.007310381, -0.022615356), (-0.99999464, 0.0024750817, 0.002139076), (-0.9997176, -0.007310381, -0.022615356), (-0.99990183, -0.0054818513, -0.012899577), (-0.99999464, 0.0024750817, 0.002139076), (-0.99990183, -0.0054818513, -0.012899577), (-0.99968463, -0.008880854, -0.023491228), (-0.99994874, 0.00942136, 0.0037135202), (-0.99999464, 0.0024750817, 0.002139076), (-0.99968463, -0.008880854, -0.023491228), (-0.99994874, 0.00942136, 0.0037135202), (-0.99968463, -0.008880854, -0.023491228), (-0.9997983, 0.019580185, -0.0044698697), (-0.99994874, 0.00942136, 0.0037135202), (-0.9997983, 0.019580185, -0.0044698697), (-0.99994904, 0.0032190562, 0.009578068), (-0.99994874, 0.00942136, 0.0037135202), (-0.99994904, 0.0032190562, 0.009578068), (-0.99979746, 0.01833318, -0.008301896), (-0.9995473, 0.027325746, -0.012590306), (-0.99994874, 0.00942136, 0.0037135202), (-0.99979746, 0.01833318, -0.008301896), (-0.9995473, 0.027325746, -0.012590306), (-0.99979746, 0.01833318, -0.008301896), (-0.9997561, 0.019648807, 0.010085786), (-0.999245, 0.0026021178, 0.03876584), (-0.9995473, 0.027325746, -0.012590306), (-0.9997561, 0.019648807, 0.010085786), (-0.999245, 0.0026021178, 0.03876584), (-0.9997561, 0.019648807, 0.010085786), (-0.99848896, -0.010846874, 0.053872608), (-0.999245, 0.0026021178, 0.03876584), (-0.99848896, -0.010846874, 0.053872608), (-0.99970984, 0.000994592, 0.024070734), (-0.9996039, 0.00066965376, -0.028137907), (-0.999245, 0.0026021178, 0.03876584), (-0.99970984, 0.000994592, 0.024070734), (-0.9996039, 0.00066965376, -0.028137907), (-0.99970984, 0.000994592, 0.024070734), (-0.99848825, -0.006984807, -0.05452087), (-0.9994527, -0.013585142, -0.03016328), (-0.9996039, 0.00066965376, -0.028137907), (-0.99848825, -0.006984807, -0.05452087), (-0.9994527, -0.013585142, -0.03016328), (-0.99848825, -0.006984807, -0.05452087), (-0.9999749, -0.0041180286, 0.0057777306), (-0.9993646, -0.0074368175, 0.03485718), (-0.9994527, -0.013585142, -0.03016328), (-0.9999749, -0.0041180286, 0.0057777306), (-0.00029870388, 0.9999203, -0.012622818), (-0.9993646, -0.0074368175, 0.03485718), (-0.9999749, -0.0041180286, 0.0057777306), (-0.9999806, 0.000005011649, 0.0062282328), (-0.00029870388, 0.9999203, -0.012622818), (-0.9999749, -0.0041180286, 0.0057777306), (-0.9999974, -0.0014410012, 0.0018096301), (-0.9999806, 0.000005011649, 0.0062282328), (-0.9999749, -0.0041180286, 0.0057777306), (-0.9999974, -0.0014410012, 0.0018096301), (-0.9999864, 0.000069705544, 0.005222491), (-0.9999806, 0.000005011649, 0.0062282328), (-0.9999974, -0.0014410012, 0.0018096301), (-0.99999076, -0.0013634585, 0.0040838895), (-0.9999978, -0.002032258, 0.0007138752), (-0.9999974, -0.0014410012, 0.0018096301), (-0.9999978, -0.002032258, 0.0007138752), (-0.9999856, -0.0053725704, -0.00021185036), (-0.9999974, -0.0014410012, 0.0018096301), (-0.9999856, -0.0053725704, -0.00021185036), (-0.9999864, 0.000069705544, 0.005222491), (-0.9999856, -0.0053725704, -0.00021185036), (-0.9999559, -0.0012052561, 0.009322851), (-0.9999864, 0.000069705544, 0.005222491), (-0.9999856, -0.0053725704, -0.00021185036), (-0.99995595, 0.009387249, -0.00019144252), (-0.9999559, -0.0012052561, 0.009322851), (-0.9999856, -0.0053725704, -0.00021185036), (-0.99929124, 0.03761119, -0.0015814512), (-0.99995595, 0.009387249, -0.00019144252), (-0.9999856, -0.0053725704, -0.00021185036), (-0.9842008, 0.16040777, -0.07495552), (-0.99929124, 0.03761119, -0.0015814512), (-0.9999856, -0.0053725704, -0.00021185036), (-0.9999294, -0.011862291, 0.00075338123), (-0.9842008, 0.16040777, -0.07495552), (-0.21875015, -0.9618096, 0.16453223), (-0.99987346, -0.010180192, -0.01222606), (-0.9996468, -0.026382366, 0.0032154662), (-0.99987346, -0.010180192, -0.01222606), (-0.9995155, -0.02887655, 0.011618476), (-0.9996468, -0.026382366, 0.0032154662), (-0.9995155, -0.02887655, 0.011618476), (-0.9999172, -0.00635455, 0.011189237), (-0.9996468, -0.026382366, 0.0032154662), (-0.9995155, -0.02887655, 0.011618476), (-0.9999417, -0.009720942, 0.004711224), (-0.9999172, -0.00635455, 0.011189237), (-0.9999417, -0.009720942, 0.004711224), (-0.9998235, 0.01403415, -0.012491057), (-0.9999172, -0.00635455, 0.011189237), (-0.9998235, 0.01403415, -0.012491057), (-0.99992865, 0.009683608, -0.007002079), (-0.9999172, -0.00635455, 0.011189237), (-0.99992865, 0.009683608, -0.007002079), (-0.9997393, 0.020192474, 0.010663581), (-0.9999172, -0.00635455, 0.011189237), (-0.99992865, 0.009683608, -0.007002079), (-0.9999981, 0.0014765556, 0.0012729972), (-0.9997393, 0.020192474, 0.010663581), (-0.9999981, 0.0014765556, 0.0012729972), (-0.99996674, -0.004653309, 0.0066922763), (-0.9997393, 0.020192474, 0.010663581), (-0.99996674, -0.004653309, 0.0066922763), (-0.9999268, -0.00041841596, -0.012091281), (-0.9997393, 0.020192474, 0.010663581), (-0.99996674, -0.004653309, 0.0066922763), (-0.99996674, -0.007565462, -0.0030747047), (-0.9999268, -0.00041841596, -0.012091281), (-0.99996674, -0.007565462, -0.0030747047), (-0.9997271, 0.0015209891, -0.023316693), (-0.9999268, -0.00041841596, -0.012091281), (-0.9997271, 0.0015209891, -0.023316693), (-0.9999766, -0.006835508, -0.00052995095), (-0.9999268, -0.00041841596, -0.012091281), (-0.9997271, 0.0015209891, -0.023316693), (-0.9999179, -0.011077136, 0.006452076), (-0.9999766, -0.006835508, -0.00052995095), (-0.9999179, -0.011077136, 0.006452076), (-0.99993265, -0.009913991, 0.0060331393), (-0.9999766, -0.006835508, -0.00052995095), (-0.99993265, -0.009913991, 0.0060331393), (-0.99982923, -0.008389494, -0.016469928), (-0.9999766, -0.006835508, -0.00052995095), (-0.99993265, -0.009913991, 0.0060331393), (-0.9996886, -0.010800603, -0.022496285), (-0.99982923, -0.008389494, -0.016469928), (-0.9996886, -0.010800603, -0.022496285), (-0.99994254, -0.0089641, 0.005893114), (-0.99982923, -0.008389494, -0.016469928), (-0.9996886, -0.010800603, -0.022496285), (-0.99982315, -0.018809266, 0.000108816566), (-0.99994254, -0.0089641, 0.005893114), (-0.99982315, -0.018809266, 0.000108816566), (-0.99948674, -0.0015549839, 0.031999625), (-0.99994254, -0.0089641, 0.005893114), (-0.99948674, -0.0015549839, 0.031999625), (-0.99946475, 0.003957344, 0.03247321), (-0.99994254, -0.0089641, 0.005893114), (-0.99948674, -0.0015549839, 0.031999625), (-0.9999777, 0.0014910013, 0.0065083625), (-0.99946475, 0.003957344, 0.03247321), (-0.9999777, 0.0014910013, 0.0065083625), (-0.99997556, -0.0021193302, -0.00666783), (-0.99946475, 0.003957344, 0.03247321), (-0.9999777, 0.0014910013, 0.0065083625), (-0.99925685, -0.0052479487, -0.038188983), (-0.99997556, -0.0021193302, -0.00666783), (-0.99925685, -0.0052479487, -0.038188983), (-0.9991598, -0.00021818111, -0.040985364), (-0.99997556, -0.0021193302, -0.00666783), (-0.99925685, -0.0052479487, -0.038188983), (-0.99930745, 0.008227517, -0.0362895), (-0.9991598, -0.00021818111, -0.040985364), (-0.99930745, 0.008227517, -0.0362895), (-0.9997688, 0.01935727, -0.009363765), (-0.9991598, -0.00021818111, -0.040985364), (-0.99930745, 0.008227517, -0.0362895), (-0.9995219, 0.028755637, 0.01136029), (-0.9997688, 0.01935727, -0.009363765), (-0.9995219, 0.028755637, 0.01136029), (-0.9995148, 0.025113096, 0.018427799), (-0.9997688, 0.01935727, -0.009363765), (-0.9995219, 0.028755637, 0.01136029), (-0.99947405, 0.02110038, 0.024623483), (-0.9995148, 0.025113096, 0.018427799), (-0.99947405, 0.02110038, 0.024623483), (-0.9999501, 0.0028869195, 0.00955913), (-0.9995148, 0.025113096, 0.018427799), (-0.99947405, 0.02110038, 0.024623483), (-0.9998227, 0.0047739325, 0.018220523), (-0.9999501, 0.0028869195, 0.00955913), (-0.9998227, 0.0047739325, 0.018220523), (-0.9999693, -0.0078078415, -0.0007143762), (-0.9999501, 0.0028869195, 0.00955913), (-0.9999693, -0.0078078415, -0.0007143762), (-0.9999132, -0.010671804, -0.0077278134), (-0.9999501, 0.0028869195, 0.00955913), (-0.9999693, -0.0078078415, -0.0007143762), (-0.9998161, -0.013954402, -0.01315076), (-0.9999132, -0.010671804, -0.0077278134), (-0.9998161, -0.013954402, -0.01315076), (-0.99999106, 0.0028669252, 0.003120225), (-0.9999132, -0.010671804, -0.0077278134), (-0.9998161, -0.013954402, -0.01315076), (-0.9998451, 0.014434378, 0.010082279), (-0.99999106, 0.0028669252, 0.003120225), (-0.9998451, 0.014434378, 0.010082279), (-0.9999141, 0.00698778, 0.011090908), (-0.99999106, 0.0028669252, 0.003120225), (-0.9999141, 0.00698778, 0.011090908), (-0.9999703, -0.0037586126, 0.0067284196), (-0.99999106, 0.0028669252, 0.003120225), (-0.9999141, 0.00698778, 0.011090908), (-0.99996024, -0.008008775, 0.003929979), (-0.9999703, -0.0037586126, 0.0067284196), (-0.99996024, -0.008008775, 0.003929979), (-0.99994993, -0.0099946335, 0.00053377013), (-0.9999703, -0.0037586126, 0.0067284196), (-0.99996024, -0.008008775, 0.003929979), (-0.99983495, -0.018039782, -0.002205662), (-0.99994993, -0.0099946335, 0.00053377013), (-0.99983495, -0.018039782, -0.002205662), (-0.999999, -0.00068654935, 0.0012841079), (-0.99994993, -0.0099946335, 0.00053377013), (-0.999999, -0.00068654935, 0.0012841079), (-0.9999803, 0.0052211285, 0.003496585), (-0.99994993, -0.0099946335, 0.00053377013), (-0.999999, -0.00068654935, 0.0012841079), (-0.9999768, 0.004878128, 0.0047538416), (-0.9999803, 0.0052211285, 0.003496585), (-0.9999768, 0.004878128, 0.0047538416), (-0.99998397, -0.0052031167, 0.002273093), (-0.9999803, 0.0052211285, 0.003496585), (-0.9999768, 0.004878128, 0.0047538416), (-0.999947, -0.009947487, 0.0026760586), (-0.99998397, -0.0052031167, 0.002273093), (-0.999947, -0.009947487, 0.0026760586), (-0.99999905, -0.00043552506, 0.001350284), (-0.99998397, -0.0052031167, 0.002273093), (-0.99999905, -0.00043552506, 0.001350284), (-0.9999843, 0.005157639, 0.0022294777), (-0.99998397, -0.0052031167, 0.002273093), (-0.99999905, -0.00043552506, 0.001350284), (-0.9999805, 0.0051710205, 0.0035217213), (-0.9999843, 0.005157639, 0.0022294777), (-0.9999805, 0.0051710205, 0.0035217213), (-0.9999924, -0.00024180618, 0.00392371), (-0.9999843, 0.005157639, 0.0022294777), (-0.9999805, 0.0051710205, 0.0035217213), (-0.9999798, -0.0057299007, 0.0027689463), (-0.9999924, -0.00024180618, 0.00392371), (-0.9999798, -0.0057299007, 0.0027689463), (-0.9999978, -0.00012445726, 0.0021359832), (-0.9999924, -0.00024180618, 0.00392371), (-0.9999798, -0.0057299007, 0.0027689463), (-0.99999994, -0.00029886278, -0.000006861013), (-0.9999978, -0.00012445726, 0.0021359832), (-0.99999994, -0.00029886278, -0.000006861013), (-0.999937, 0.010878057, 0.0027802177), (-0.9999978, -0.00012445726, 0.0021359832), (-0.999937, 0.010878057, 0.0027802177), (-0.9999814, 0.004840205, 0.003700332), (-0.9999978, -0.00012445726, 0.0021359832), (-0.999937, 0.010878057, 0.0027802177), (-0.9999746, 0.0012499401, 0.007023518), (-0.9999814, 0.004840205, 0.003700332), (-0.9999746, 0.0012499401, 0.007023518), (-0.9999841, -0.0047030356, 0.003125966), (-0.9999814, 0.004840205, 0.003700332), (-0.9999841, -0.0047030356, 0.003125966), (-0.99998814, 0.003862713, -0.0029774639), (-0.9999814, 0.004840205, 0.003700332), (-0.9999841, -0.0047030356, 0.003125966), (-0.9999855, -0.003030717, -0.0044492055), (-0.99998814, 0.003862713, -0.0029774639), (-0.9999855, -0.003030717, -0.0044492055), (-0.9999167, 0.008529932, -0.009697697), (-0.99998814, 0.003862713, -0.0029774639), (-0.9999855, -0.003030717, -0.0044492055), (-0.99993086, 0.0060843853, -0.01007139), (-0.9999167, 0.008529932, -0.009697697), (-0.99993086, 0.0060843853, -0.01007139), (-0.9999298, 0.0071120644, -0.009477141), (-0.9999167, 0.008529932, -0.009697697), (-0.9999298, 0.0071120644, -0.009477141), (-0.9999556, -0.009223171, 0.0019508325), (-0.9999167, 0.008529932, -0.009697697), (-0.9999298, 0.0071120644, -0.009477141), (-0.9999799, -0.0034781322, -0.0052972557), (-0.9999556, -0.009223171, 0.0019508325), (-0.9999799, -0.0034781322, -0.0052972557), (-0.9999769, -0.0055566025, 0.003932047), (-0.9999556, -0.009223171, 0.0019508325), (-0.9999769, -0.0055566025, 0.003932047), (-0.9999611, -0.0024059142, 0.008502779), (-0.9999556, -0.009223171, 0.0019508325), (-0.9999769, -0.0055566025, 0.003932047), (-0.9999508, -0.0006240263, 0.009906911), (-0.9999611, -0.0024059142, 0.008502779), (-0.9999508, -0.0006240263, 0.009906911), (-0.9999084, -0.008080959, 0.010865535), (-0.9999611, -0.0024059142, 0.008502779), (-0.9999508, -0.0006240263, 0.009906911), (-0.99966556, -0.0191094, 0.017424967), (-0.9999084, -0.008080959, 0.010865535), (-0.99966556, -0.0191094, 0.017424967), (-0.99999994, -0.0002988678, -0.0000068875347), (-0.9999084, -0.008080959, 0.010865535), (-0.99999994, -0.0002988678, -0.0000068875347), (-0.9999567, 0.006562749, -0.0066102827), (-0.9999084, -0.008080959, 0.010865535), (-0.99999994, -0.0002988678, -0.0000068875347), (-0.99983674, 0.010033378, -0.015028257), (-0.9999567, 0.006562749, -0.0066102827), (-0.99983674, 0.010033378, -0.015028257), (-0.99996173, 0.008272164, -0.0028804783), (-0.9999567, 0.006562749, -0.0066102827), (-0.99996173, 0.008272164, -0.0028804783), (-0.9999611, 0.002502189, 0.008459873), (-0.9999567, 0.006562749, -0.0066102827), (-0.99996173, 0.008272164, -0.0028804783), (-0.9999146, -0.0017360321, 0.012961746), (-0.9999611, 0.002502189, 0.008459873), (-0.9999146, -0.0017360321, 0.012961746), (-0.9999725, -0.0012289105, 0.0073040896), (-0.9999611, 0.002502189, 0.008459873), (-0.9999146, -0.0017360321, 0.012961746), (-0.9999768, -0.0024337757, 0.0063624186), (-0.9999725, -0.0012289105, 0.0073040896), (-0.9999768, -0.0024337757, 0.0063624186), (-0.9999006, 0.0044895825, -0.013369935), (-0.9999725, -0.0012289105, 0.0073040896), (-0.9999768, -0.0024337757, 0.0063624186), (-0.9998544, 0.0046362244, -0.016423708), (-0.9999006, 0.0044895825, -0.013369935), (-0.9998544, 0.0046362244, -0.016423708), (-0.999975, 0.0042256434, -0.0056818533), (-0.9999006, 0.0044895825, -0.013369935), (-0.999975, 0.0042256434, -0.0056818533), (-0.9999999, -0.00062710035, 0.000027596792), (-0.9999006, 0.0044895825, -0.013369935), (-0.999975, 0.0042256434, -0.0056818533), (-0.9999637, -0.0064223977, 0.0056100553), (-0.9999999, -0.00062710035, 0.000027596792), (-0.9999637, -0.0064223977, 0.0056100553), (-0.9999591, -0.0073568383, 0.0052724355), (-0.9999999, -0.00062710035, 0.000027596792), (-0.9999637, -0.0064223977, 0.0056100553), (-0.9999347, -0.0056443745, 0.009944347), (-0.9999591, -0.0073568383, 0.0052724355), (-0.9999347, -0.0056443745, 0.009944347), (-0.9999674, -0.0030361235, 0.0074839126), (-0.9999591, -0.0073568383, 0.0052724355), (-0.9999347, -0.0056443745, 0.009944347), (-0.9999938, -0.0012020416, -0.0033055583), (-0.9999674, -0.0030361235, 0.0074839126), (-0.9999938, -0.0012020416, -0.0033055583), (-0.9999988, 0.0010943981, 0.0010590185), (-0.9999674, -0.0030361235, 0.0074839126), (-0.9999938, -0.0012020416, -0.0033055583), (-0.9999408, -0.0030585225, -0.010443064), (-0.9999988, 0.0010943981, 0.0010590185), (-0.9999408, -0.0030585225, -0.010443064), (-0.9999179, 0.0059332857, 0.011361948), (-0.9999988, 0.0010943981, 0.0010590185), (-0.9999179, 0.0059332857, 0.011361948), (-0.9998959, 0.007736071, 0.012188854), (-0.9999988, 0.0010943981, 0.0010590185), (-0.9999179, 0.0059332857, 0.011361948), (-0.999926, 0.007835459, 0.009319144), (-0.9998959, 0.007736071, 0.012188854), (-0.999926, 0.007835459, 0.009319144), (-0.9999848, 0.005328464, -0.001433612), (-0.9998959, 0.007736071, 0.012188854), (-0.9999848, 0.005328464, -0.001433612), (-0.99988335, -0.00065060257, -0.015262402), (-0.9998959, 0.007736071, 0.012188854), (-0.9999848, 0.005328464, -0.001433612), (-0.9998829, -0.0041263737, -0.014744037), (-0.99988335, -0.00065060257, -0.015262402), (-0.9998829, -0.0041263737, -0.014744037), (-0.99998575, 0.0005094986, 0.0053264652), (-0.99988335, -0.00065060257, -0.015262402), (-0.9998829, -0.0041263737, -0.014744037), (-0.9998044, 0.007232972, 0.018408816), (-0.99998575, 0.0005094986, 0.0053264652), (-0.9998044, 0.007232972, 0.018408816), (-0.9998603, -0.0054635527, -0.015800977), (-0.99998575, 0.0005094986, 0.0053264652), (-0.9998044, 0.007232972, 0.018408816), (-0.9999115, 0.0040743607, -0.012666408), (-0.9998603, -0.0054635527, -0.015800977), (-0.9999115, 0.0040743607, -0.012666408), (-0.9999697, -0.005799473, -0.0051998654), (-0.9998603, -0.0054635527, -0.015800977), (-0.9999697, -0.005799473, -0.0051998654), (-0.9998183, -0.004941117, 0.018411942), (-0.9998603, -0.0054635527, -0.015800977), (-0.9999697, -0.005799473, -0.0051998654), (-0.99925715, -0.0018020004, 0.038495988), (-0.9998183, -0.004941117, 0.018411942), (-0.99925715, -0.0018020004, 0.038495988), (-0.9999286, -0.008672339, 0.008231406), (-0.9998183, -0.004941117, 0.018411942), (-0.99925715, -0.0018020004, 0.038495988), (-0.9995972, -0.027623825, -0.006520435), (-0.9999286, -0.008672339, 0.008231406), (-0.9995972, -0.027623825, -0.006520435), (-0.9996689, -0.002469543, -0.025613122), (-0.9999286, -0.008672339, 0.008231406), (-0.9996689, -0.002469543, -0.025613122), (-0.99999875, -0.000037011847, 0.0016045035), (-0.9999286, -0.008672339, 0.008231406), (-0.9996689, -0.002469543, -0.025613122), (-0.9999995, -0.0008922044, 0.0004913814), (-0.99999875, -0.000037011847, 0.0016045035), (-0.9999995, -0.0008922044, 0.0004913814), (-0.99999994, -0.00029881494, -0.0000069120556), (-0.99999875, -0.000037011847, 0.0016045035), (-0.99999994, -0.00029881494, -0.0000069120556), (-0.99999994, -0.00029887102, -0.000006916922), (-0.99999875, -0.000037011847, 0.0016045035), (-0.00029870388, 0.9999203, -0.012622818), (-0.99970263, 0.009264408, -0.022559984), (-0.9920107, 0.12477706, 0.018588563), (-0.00029870388, 0.9999203, -0.012622818), (-0.99936354, -0.01700424, -0.03135957), (-0.99970263, 0.009264408, -0.022559984), (-0.00029870388, 0.9999203, -0.012622818), (-0.9999856, 0.002383609, -0.0048271297), (-0.99936354, -0.01700424, -0.03135957), (-0.9999856, 0.002383609, -0.0048271297), (-0.99998385, 0.003508583, 0.004494668), (-0.99936354, -0.01700424, -0.03135957), (-0.9999856, 0.002383609, -0.0048271297), (-0.9999269, 0.008606644, -0.008493174), (-0.99998385, 0.003508583, 0.004494668), (-0.9999856, 0.002383609, -0.0048271297), (-0.9997241, 0.0006526872, -0.023482513), (-0.9999269, 0.008606644, -0.008493174), (-0.9997241, 0.0006526872, -0.023482513), (-0.9999109, 0.00012706341, -0.013351239), (-0.9999269, 0.008606644, -0.008493174), (-0.9997241, 0.0006526872, -0.023482513), (-0.9999691, 0.0061414973, -0.0049238065), (-0.9999109, 0.00012706341, -0.013351239), (-0.9999691, 0.0061414973, -0.0049238065), (-0.99993, 0.00632551, 0.0100011295), (-0.9999109, 0.00012706341, -0.013351239), (-0.9999691, 0.0061414973, -0.0049238065), (-0.9998532, 0.011262493, -0.012921642), (-0.99993, 0.00632551, 0.0100011295), (-0.9999691, 0.0061414973, -0.0049238065), (-0.9998699, 0.009799678, 0.012820093), (-0.9998532, 0.011262493, -0.012921642), (-0.9998699, 0.009799678, 0.012820093), (-0.99855196, 0.0071517015, 0.053318977), (-0.9998532, 0.011262493, -0.012921642), (-0.9998699, 0.009799678, 0.012820093), (-0.9985188, 0.009001323, 0.053658117), (-0.99855196, 0.0071517015, 0.053318977), (-0.9985188, 0.009001323, 0.053658117), (-0.9995187, 0.017487595, 0.02562635), (-0.99855196, 0.0071517015, 0.053318977), (-0.9985188, 0.009001323, 0.053658117), (-0.9996577, 0.0256074, -0.005380661), (-0.9995187, 0.017487595, 0.02562635), (-0.9996577, 0.0256074, -0.005380661), (-0.9993825, 0.028986441, -0.019861957), (-0.9995187, 0.017487595, 0.02562635), (-0.9996577, 0.0256074, -0.005380661), (-0.99957854, 0.021352923, -0.019668788), (-0.9993825, 0.028986441, -0.019861957), (-0.99957854, 0.021352923, -0.019668788), (-0.9990726, 0.02753437, -0.03310503), (-0.9993825, 0.028986441, -0.019861957), (-0.99957854, 0.021352923, -0.019668788), (-0.99984205, 0.013894198, -0.011082429), (-0.9990726, 0.02753437, -0.03310503), (-0.99957854, 0.021352923, -0.019668788), (-0.99998695, 0.0051045176, -0.00029523138), (-0.99984205, 0.013894198, -0.011082429), (-0.99957854, 0.021352923, -0.019668788), (-0.999999, -0.00048719873, -0.0013497092), (-0.99998695, 0.0051045176, -0.00029523138), (-0.999999, -0.00048719873, -0.0013497092), (-0.9997183, 0.02225272, -0.008253086), (-0.99998695, 0.0051045176, -0.00029523138), (-0.999999, -0.00048719873, -0.0013497092), (-0.99997103, -0.0029955986, -0.0070036487), (-0.9997183, 0.02225272, -0.008253086), (-0.999999, -0.00048719873, -0.0013497092), (-0.99893254, -0.043664627, 0.015074966), (-0.99997103, -0.0029955986, -0.0070036487), (-0.999999, -0.00048719873, -0.0013497092), (-0.9998622, -0.013818095, 0.009212412), (-0.99893254, -0.043664627, 0.015074966), (-0.9998622, -0.013818095, 0.009212412), (-0.99961615, 0.009335568, 0.026086926), (-0.99893254, -0.043664627, 0.015074966), (-0.9998622, -0.013818095, 0.009212412), (-0.99995095, -0.006871029, -0.0071279486), (-0.99961615, 0.009335568, 0.026086926), (-0.9998622, -0.013818095, 0.009212412), (-0.99983835, 0.012198691, -0.013212847), (-0.99995095, -0.006871029, -0.0071279486), (-0.99983835, 0.012198691, -0.013212847), (-0.9999411, -0.0064689894, 0.008713274), (-0.99995095, -0.006871029, -0.0071279486), (-0.9999411, -0.0064689894, 0.008713274), (-0.9999778, 0.0007800602, 0.006608965), (-0.99995095, -0.006871029, -0.0071279486), (-0.9999411, -0.0064689894, 0.008713274), (-0.99901056, 0.017401071, 0.040928356), (-0.9999778, 0.0007800602, 0.006608965), (-0.99901056, 0.017401071, 0.040928356), (-0.9995301, 0.016916178, 0.025565496), (-0.9999778, 0.0007800602, 0.006608965), (-0.9995301, 0.016916178, 0.025565496), (-0.99955785, 0.024312953, 0.017118156), (-0.9999778, 0.0007800602, 0.006608965), (-0.99955785, 0.024312953, 0.017118156), (-0.99960667, 0.024739187, 0.013213355), (-0.9999778, 0.0007800602, 0.006608965), (-0.99955785, 0.024312953, 0.017118156), (-0.99995494, 0.0036775935, 0.008752179), (-0.99960667, 0.024739187, 0.013213355), (-0.99755865, -0.06901326, -0.0106853405), (-0.99960667, 0.024739187, 0.013213355), (-0.99995494, 0.0036775935, 0.008752179), (-0.99755865, -0.06901326, -0.0106853405), (-0.99995494, 0.0036775935, 0.008752179), (-0.99625045, -0.07712288, 0.039207302), (-0.9998144, 0.019234234, 0.0011779926), (-0.99755865, -0.06901326, -0.0106853405), (-0.99625045, -0.07712288, 0.039207302), (-0.9924952, 0.018487323, 0.120877996), (-0.9998144, 0.019234234, 0.0011779926), (-0.99625045, -0.07712288, 0.039207302), (-0.9924952, 0.018487323, 0.120877996), (-0.99625045, -0.07712288, 0.039207302), (-0.00029870388, 0.9999203, -0.012622818), (-0.9998144, 0.019234234, 0.0011779926), (-0.9957292, 0.08773511, -0.028739797), (-0.99755865, -0.06901326, -0.0106853405), (-0.9999772, -0.0065481327, -0.0017158883), (-0.9924952, 0.018487323, 0.120877996), (-0.00029870388, 0.9999203, -0.012622818), (-0.9998144, 0.019234234, 0.0011779926), (-0.9983788, -0.048899848, 0.029132633), (-0.9957292, 0.08773511, -0.028739797), (-0.9999772, -0.0065481327, -0.0017158883), (-0.00029870388, 0.9999203, -0.012622818), (-0.9991873, -0.0056151077, -0.0399174), (-0.9996098, 0.0085852565, -0.026579821), (-0.9999772, -0.0065481327, -0.0017158883), (-0.9991873, -0.0056151077, -0.0399174), (-0.9996098, 0.0085852565, -0.026579821), (-0.9991873, -0.0056151077, -0.0399174), (-0.99982446, 0.01855883, -0.002557918), (-0.00029870388, 0.9999203, -0.012622818), (-0.9996098, 0.0085852565, -0.026579821), (-0.99982446, 0.01855883, -0.002557918), (-0.9983788, -0.048899848, 0.029132633), (-0.998637, 0.05214015, 0.0023416413), (-0.9957292, 0.08773511, -0.028739797), (-0.998637, 0.05214015, 0.0023416413), (-0.9995972, 0.02650456, -0.010143855), (-0.9957292, 0.08773511, -0.028739797), (-0.999719, 0.016379675, 0.017139724), (-0.00029870388, 0.9999203, -0.012622818), (-0.99982446, 0.01855883, -0.002557918), (-0.999719, 0.016379675, 0.017139724), (-0.99982446, 0.01855883, -0.002557918), (-0.99982363, 0.0039899247, 0.01835673), (-0.00029870388, 0.9999203, -0.012622818), (-0.999719, 0.016379675, 0.017139724), (-0.99982363, 0.0039899247, 0.01835673), (-0.998637, 0.05214015, 0.0023416413), (-0.98748654, 0.15769218, -0.0018756737), (-0.9995972, 0.02650456, -0.010143855), (-0.9994883, -0.00665086, -0.03128965), (-0.00029870388, 0.9999203, -0.012622818), (-0.99982363, 0.0039899247, 0.01835673), (-0.9994883, -0.00665086, -0.03128965), (-0.99982363, 0.0039899247, 0.01835673), (-0.9995964, -0.018775988, -0.021320552), (-0.9991732, -0.025189284, -0.031913936), (-0.9994883, -0.00665086, -0.03128965), (-0.9995964, -0.018775988, -0.021320552), (-0.99951404, -0.030355582, 0.007079704), (-0.9991732, -0.025189284, -0.031913936), (-0.9995964, -0.018775988, -0.021320552), (-0.99951404, -0.030355582, 0.007079704), (-0.9995964, -0.018775988, -0.021320552), (-0.99983495, -0.018030204, 0.0022413565), (-0.9997009, -0.021394668, 0.011853488), (-0.99951404, -0.030355582, 0.007079704), (-0.99983495, -0.018030204, 0.0022413565), (-0.9999247, 0.0006125509, -0.012260407), (-0.9997009, -0.021394668, 0.011853488), (-0.99983495, -0.018030204, 0.0022413565), (-0.9999247, 0.0006125509, -0.012260407), (-0.99983495, -0.018030204, 0.0022413565), (-0.99985075, 0.005596821, -0.016346278), (-0.9998072, -0.00023187602, -0.019634278), (-0.9999247, 0.0006125509, -0.012260407), (-0.99985075, 0.005596821, -0.016346278), (-0.99988675, 0.0023364953, -0.014867142), (-0.9998072, -0.00023187602, -0.019634278), (-0.99985075, 0.005596821, -0.016346278), (-0.9998293, -0.012157824, -0.013911797), (-0.99988675, 0.0023364953, -0.014867142), (-0.99985075, 0.005596821, -0.016346278), (-0.9998293, -0.012157824, -0.013911797), (-0.99985075, 0.005596821, -0.016346278), (-0.99984246, -0.017088892, -0.0048066084), (-0.9993682, -0.035539664, -0.00049605675), (-0.9998293, -0.012157824, -0.013911797), (-0.99984246, -0.017088892, -0.0048066084), (-0.99999344, -0.0036410356, 0.0001256573), (-0.9993682, -0.035539664, -0.00049605675), (-0.99984246, -0.017088892, -0.0048066084), (-0.99999344, -0.0036410356, 0.0001256573), (-0.99984246, -0.017088892, -0.0048066084), (-0.9999897, -0.0040742126, -0.0020119697), (-0.9999952, -0.0031266846, 0.00025738426), (-0.99999344, -0.0036410356, 0.0001256573), (-0.9999897, -0.0040742126, -0.0020119697), (-0.99999726, 0.00050375203, 0.0023000464), (-0.9999952, -0.0031266846, 0.00025738426), (-0.9999897, -0.0040742126, -0.0020119697), (-0.99997425, -0.003200426, -0.006440575), (-0.99999726, 0.00050375203, 0.0023000464), (-0.9999897, -0.0040742126, -0.0020119697), (-0.99997425, -0.003200426, -0.006440575), (-0.9999897, -0.0040742126, -0.0020119697), (-0.9996866, 0.025029402, 0.00048126624), (-0.9991202, -0.0039048844, 0.041757587), (-0.99997425, -0.003200426, -0.006440575), (-0.9996866, 0.025029402, 0.00048126624), (-0.99829185, 0.041237414, 0.04138619), (-0.9991202, -0.0039048844, 0.041757587), (-0.9996866, 0.025029402, 0.00048126624), (-0.9975334, 0.053119406, -0.045886382), (-0.99829185, 0.041237414, 0.04138619), (-0.9996866, 0.025029402, 0.00048126624), (-0.99983615, 0.013835496, -0.011683964), (-0.9975334, 0.053119406, -0.045886382), (-0.9996866, 0.025029402, 0.00048126624), (-0.99870515, -0.014241687, 0.04883857), (-0.99983615, 0.013835496, -0.011683964), (-0.9996866, 0.025029402, 0.00048126624), (-0.9987418, 0.04800312, -0.0145109985), (-0.99870515, -0.014241687, 0.04883857), (-0.9996866, 0.025029402, 0.00048126624), (-0.99983835, 0.012198691, -0.013212847), (-0.9987418, 0.04800312, -0.0145109985), (-0.9996866, 0.025029402, 0.00048126624), (-0.99983835, 0.012198691, -0.013212847), (-0.9996866, 0.025029402, 0.00048126624), (-0.15691936, -0.86846083, 0.47026813), (-0.99983835, 0.012198691, -0.013212847), (-0.15691936, -0.86846083, 0.47026813), (-0.1427816, -0.92915785, 0.34099743), (-0.99983835, 0.012198691, -0.013212847), (-0.1427816, -0.92915785, 0.34099743), (-0.9996201, -0.011504774, 0.025049672), (-0.99983835, 0.012198691, -0.013212847), (-0.9996201, -0.011504774, 0.025049672), (-0.99964327, 0.026637545, -0.0019441807), (-0.99983835, 0.012198691, -0.013212847), (-0.99964327, 0.026637545, -0.0019441807), (-0.99915045, -0.005434848, 0.040851668), (-0.99983835, 0.012198691, -0.013212847), (-0.99915045, -0.005434848, 0.040851668), (-0.00029870388, 0.9999203, -0.012622818), (-0.99983835, 0.012198691, -0.013212847), (-0.00029870388, 0.9999203, -0.012622818), (-0.9999411, -0.0064689894, 0.008713274), (-0.9997415, -0.010070563, 0.020391027), (-0.9909351, -0.13428977, -0.0037513343), (-0.06507409, 0.97033554, 0.23283957), (-0.9997415, -0.010070563, 0.020391027), (-0.06507409, 0.97033554, 0.23283957), (-0.99966353, -0.0022971404, 0.025835764), (-0.99976456, -0.00054119213, 0.021695005), (-0.9997415, -0.010070563, 0.020391027), (-0.99966353, -0.0022971404, 0.025835764), (-0.9997771, -0.012865549, 0.016741293), (-0.99976456, -0.00054119213, 0.021695005), (-0.99966353, -0.0022971404, 0.025835764), (-0.9997771, -0.012865549, 0.016741293), (-0.99966353, -0.0022971404, 0.025835764), (-0.9996298, -0.024375394, 0.012093453), (-0.9992843, -0.03780449, 0.00130104), (-0.9997771, -0.012865549, 0.016741293), (-0.9996298, -0.024375394, 0.012093453), (-0.9992843, -0.03780449, 0.00130104), (-0.9996298, -0.024375394, 0.012093453), (-0.9993484, -0.03321313, 0.01413119), (-0.99936575, -0.032395102, 0.014789637), (-0.9992843, -0.03780449, 0.00130104), (-0.9993484, -0.03321313, 0.01413119), (-0.9991206, -0.031815857, 0.027308438), (-0.99936575, -0.032395102, 0.014789637), (-0.9993484, -0.03321313, 0.01413119), (-0.9991206, -0.031815857, 0.027308438), (-0.9993484, -0.03321313, 0.01413119), (-0.9993426, -0.026651174, 0.024578938), (-0.9996206, -0.021009402, 0.017813355), (-0.9991206, -0.031815857, 0.027308438), (-0.9993426, -0.026651174, 0.024578938), (-0.9996206, -0.021009402, 0.017813355), (-0.9993426, -0.026651174, 0.024578938), (-0.999821, 0.0016459031, -0.018847965), (-0.99998623, 0.0052462737, 0.00031384785), (-0.9996206, -0.021009402, 0.017813355), (-0.999821, 0.0016459031, -0.018847965), (-0.99998623, 0.0052462737, 0.00031384785), (-0.999821, 0.0016459031, -0.018847965), (-0.99971175, 0.016463129, -0.017480183), (-0.99998623, 0.0052462737, 0.00031384785), (-0.99971175, 0.016463129, -0.017480183), (-0.99979556, 0.0063194716, 0.019208442), (-0.9998031, 0.00669327, 0.018682003), (-0.99998623, 0.0052462737, 0.00031384785), (-0.99979556, 0.0063194716, 0.019208442), (-0.9998896, 0.014272143, -0.004141129), (-0.9998031, 0.00669327, 0.018682003), (-0.99979556, 0.0063194716, 0.019208442), (-0.9998896, 0.014272143, -0.004141129), (-0.99979556, 0.0063194716, 0.019208442), (-0.99992645, 0.011003756, -0.0051126634), (-0.99986434, 0.011915579, -0.011376525), (-0.9998896, 0.014272143, -0.004141129), (-0.99992645, 0.011003756, -0.0051126634), (-0.999985, 0.005468708, 0.0004797269), (-0.99986434, 0.011915579, -0.011376525), (-0.99992645, 0.011003756, -0.0051126634), (-0.999985, 0.005468708, 0.0004797269), (-0.99992645, 0.011003756, -0.0051126634), (-0.9999747, 0.0015480284, 0.006944799), (-0.9999839, 0.0032949843, 0.004622746), (-0.999985, 0.005468708, 0.0004797269), (-0.9999747, 0.0015480284, 0.006944799), (-0.99979615, -0.015289576, 0.013191363), (-0.9999839, 0.0032949843, 0.004622746), (-0.9999747, 0.0015480284, 0.006944799), (-0.99990904, 0.009344692, 0.009727592), (-0.99979615, -0.015289576, 0.013191363), (-0.9999747, 0.0015480284, 0.006944799), (-0.99990904, 0.009344692, 0.009727592), (-0.9999747, 0.0015480284, 0.006944799), (-0.9999627, 0.004828444, 0.0071720197), (-0.9997783, 0.020762755, 0.0035034104), (-0.99990904, 0.009344692, 0.009727592), (-0.9999627, 0.004828444, 0.0071720197), (-0.9999016, -0.012532965, 0.006321167), (-0.9997783, 0.020762755, 0.0035034104), (-0.9999627, 0.004828444, 0.0071720197), (-0.9999016, -0.012532965, 0.006321167), (-0.9999627, 0.004828444, 0.0071720197), (-0.99965906, -0.025782185, 0.0041388837), (-0.99991816, -0.012611457, -0.0021751588), (-0.9999016, -0.012532965, 0.006321167), (-0.99965906, -0.025782185, 0.0041388837), (-0.99991816, -0.012611457, -0.0021751588), (-0.99965906, -0.025782185, 0.0041388837), (-0.999997, 0.0014180762, -0.002007175), (-0.9999703, -0.00094217743, -0.0076593254), (-0.99991816, -0.012611457, -0.0021751588), (-0.999997, 0.0014180762, -0.002007175), (-0.9999711, -0.00035626447, -0.0075992667), (-0.9999703, -0.00094217743, -0.0076593254), (-0.999997, 0.0014180762, -0.002007175), (-0.99998176, 0.0030576745, -0.0052052746), (-0.9999711, -0.00035626447, -0.0075992667), (-0.999997, 0.0014180762, -0.002007175), (-0.9999819, 0.006012353, -0.00027962856), (-0.99998176, 0.0030576745, -0.0052052746), (-0.999997, 0.0014180762, -0.002007175), (-0.9999819, 0.006012353, -0.00027962856), (-0.999997, 0.0014180762, -0.002007175), (-0.99998856, 0.0045763277, 0.0014518062), (-0.99992335, 0.012300044, 0.0014977125), (-0.99998176, 0.0030576745, -0.0052052746), (-0.9999819, 0.006012353, -0.00027962856), (-0.99992335, 0.012300044, 0.0014977125), (-0.9999819, 0.006012353, -0.00027962856), (-0.9999539, 0.008678923, 0.004118024), (-0.9999819, 0.006012353, -0.00027962856), (-0.99998856, 0.0045763277, 0.0014518062), (-0.9999869, 0.004828898, 0.0017228163), (-0.9999319, -0.011039813, 0.0038115322), (-0.99992335, 0.012300044, 0.0014977125), (-0.9999539, 0.008678923, 0.004118024), (-0.99998856, 0.0045763277, 0.0014518062), (-0.9999549, 0.0071158702, 0.006295841), (-0.9999869, 0.004828898, 0.0017228163), (-0.9999549, 0.0071158702, 0.006295841), (-0.9999901, 0.00032447197, 0.004463629), (-0.9999869, 0.004828898, 0.0017228163), (-0.9999319, -0.011039813, 0.0038115322), (-0.9999539, 0.008678923, 0.004118024), (-0.9998744, -0.014627003, 0.00611442), (-0.9999901, 0.00032447197, 0.004463629), (-0.9999695, 0.007757348, -0.00097514916), (-0.9999869, 0.004828898, 0.0017228163), (-0.9996826, -0.025119297, 0.0019699878), (-0.9999319, -0.011039813, 0.0038115322), (-0.9998744, -0.014627003, 0.00611442), (-0.9999695, 0.007757348, -0.00097514916), (-0.99992347, 0.0112599125, -0.0051442576), (-0.9999869, 0.004828898, 0.0017228163), (-0.9999695, 0.007757348, -0.00097514916), (-0.999985, 0.0018682102, -0.005154207), (-0.99992347, 0.0112599125, -0.0051442576), (-0.99987984, 0.0037816805, 0.015037704), (-0.9996826, -0.025119297, 0.0019699878), (-0.9998744, -0.014627003, 0.00611442), (-0.99987984, 0.0037816805, 0.015037704), (-0.9998744, -0.014627003, 0.00611442), (-0.9999847, -0.00042273084, 0.0055221166), (-0.999985, 0.0018682102, -0.005154207), (-0.99998164, 0.00033395927, -0.0060622278), (-0.99992347, 0.0112599125, -0.0051442576), (-0.9997189, 0.017697204, 0.0157766), (-0.99987984, 0.0037816805, 0.015037704), (-0.9999847, -0.00042273084, 0.0055221166), (-0.999985, 0.0018682102, -0.005154207), (-0.9999804, -0.0029793337, -0.0055127675), (-0.99998164, 0.00033395927, -0.0060622278), (-0.9998531, -0.014166564, -0.009660383), (-0.9997189, 0.017697204, 0.0157766), (-0.9999847, -0.00042273084, 0.0055221166), (-0.9999804, -0.0029793337, -0.0055127675), (-0.9999794, -0.003470099, -0.005410116), (-0.99998164, 0.00033395927, -0.0060622278), (-0.9998531, -0.014166564, -0.009660383), (-0.9999847, -0.00042273084, 0.0055221166), (-0.99993587, -0.0063733016, -0.009371431), (-0.9999794, -0.003470099, -0.005410116), (-0.99982023, -0.015204902, 0.011333045), (-0.99998164, 0.00033395927, -0.0060622278), (-0.9999753, 0.0051293406, -0.0048082783), (-0.9998531, -0.014166564, -0.009660383), (-0.99993587, -0.0063733016, -0.009371431), (-0.9999794, -0.003470099, -0.005410116), (-0.9999778, -0.0045785923, -0.0048333546), (-0.99982023, -0.015204902, 0.011333045), (-0.99994725, -0.002905218, -0.009860918), (-0.9999753, 0.0051293406, -0.0048082783), (-0.99993587, -0.0063733016, -0.009371431), (-0.9999778, -0.0045785923, -0.0048333546), (-0.99922717, -0.023833351, 0.031257693), (-0.99982023, -0.015204902, 0.011333045), (-0.99994725, -0.002905218, -0.009860918), (-0.99993587, -0.0063733016, -0.009371431), (-0.9999942, -0.0023778637, -0.0024663787), (-0.99922717, -0.023833351, 0.031257693), (-0.9999488, -0.0044559035, 0.009090899), (-0.99982023, -0.015204902, 0.011333045), (-0.9999284, -0.010125485, -0.0063783843), (-0.99994725, -0.002905218, -0.009860918), (-0.9999942, -0.0023778637, -0.0024663787), (-0.99922717, -0.023833351, 0.031257693), (-0.9999883, 0.0039568935, 0.0027863935), (-0.9999488, -0.0044559035, 0.009090899), (-0.99999857, -0.0016481339, 0.00060328725), (-0.9999284, -0.010125485, -0.0063783843), (-0.9999942, -0.0023778637, -0.0024663787), (-0.9999883, 0.0039568935, 0.0027863935), (-0.9996425, 0.017080138, -0.020574057), (-0.9999488, -0.0044559035, 0.009090899), (-0.99999857, -0.0016481339, 0.00060328725), (-0.9999942, -0.0023778637, -0.0024663787), (-0.99997723, -0.0045539965, 0.0049777227), (-0.9996425, 0.017080138, -0.020574057), (-0.9999782, 0.0060583227, 0.0026484411), (-0.9999488, -0.0044559035, 0.009090899), (-0.00029870388, 0.9999203, -0.012622818), (-0.99999857, -0.0016481339, 0.00060328725), (-0.99997723, -0.0045539965, 0.0049777227), (-0.9996425, 0.017080138, -0.020574057), (-0.99994946, -0.00013752765, 0.0100533115), (-0.9999782, 0.0060583227, 0.0026484411), (-0.9998355, -0.0057417913, 0.017208442), (-0.00029870388, 0.9999203, -0.012622818), (-0.99997723, -0.0045539965, 0.0049777227), (-0.99994946, -0.00013752765, 0.0100533115), (-0.9999572, 0.0013876044, 0.009149985), (-0.9999782, 0.0060583227, 0.0026484411), (-0.9998355, -0.0057417913, 0.017208442), (-0.99997723, -0.0045539965, 0.0049777227), (-0.9999349, -0.007352156, -0.008727172), (-0.9999572, 0.0013876044, 0.009149985), (-0.99990666, 0.0063323164, 0.012108947), (-0.9999782, 0.0060583227, 0.0026484411), (-0.99992806, 0.00032557565, -0.011996745), (-0.9998355, -0.0057417913, 0.017208442), (-0.9999349, -0.007352156, -0.008727172), (-0.9999572, 0.0013876044, 0.009149985), (-0.9998856, 0.01209724, 0.009075219), (-0.99990666, 0.0063323164, 0.012108947), (-0.99992806, 0.00032557565, -0.011996745), (-0.9999349, -0.007352156, -0.008727172), (-0.99992335, 0.007951558, -0.009501918), (-0.9998856, 0.01209724, 0.009075219), (-0.99992335, 0.007951558, -0.009501918), (-0.99990666, 0.0063323164, 0.012108947), (-0.9998856, 0.01209724, 0.009075219), (-0.99992806, 0.00032557565, -0.011996745), (-0.99992335, 0.007951558, -0.009501918), (-0.99920857, 0.0021150296, 0.039723482), (-0.9924518, -0.028163105, -0.1193581), (-0.9999455, 0.00012539951, 0.010450622), (-0.99941856, 0.034077007, 0.0011644736), (-0.99920857, 0.0021150296, 0.039723482), (-0.9999455, 0.00012539951, 0.010450622), (-0.9997852, 0.014307732, -0.01499814), (-0.99941856, 0.034077007, 0.0011644736), (-0.9999455, 0.00012539951, 0.010450622), (-0.9997852, 0.014307732, -0.01499814), (-0.9999455, 0.00012539951, 0.010450622), (-0.999843, -0.013454304, 0.011532718), (-0.999353, -0.01829478, 0.030969677), (-0.9997852, 0.014307732, -0.01499814), (-0.999843, -0.013454304, 0.011532718), (-0.999353, -0.01829478, 0.030969677), (-0.999843, -0.013454304, 0.011532718), (-0.99997336, -0.0046151998, 0.005654277), (-0.9992096, -0.0128111495, 0.037633624), (-0.999353, -0.01829478, 0.030969677), (-0.99997336, -0.0046151998, 0.005654277), (-0.9996664, 0.016884325, -0.019546667), (-0.9992096, -0.0128111495, 0.037633624), (-0.99997336, -0.0046151998, 0.005654277), (-0.9996413, 0.011680592, -0.024104904), (-0.9996664, 0.016884325, -0.019546667), (-0.99997336, -0.0046151998, 0.005654277), (-0.99957985, -0.0277495, 0.008384237), (-0.9996413, 0.011680592, -0.024104904), (-0.99997336, -0.0046151998, 0.005654277), (-0.9999716, -0.0064342404, 0.0039259507), (-0.99957985, -0.0277495, 0.008384237), (-0.99997336, -0.0046151998, 0.005654277), (-0.9999875, -0.0042221644, -0.0026736094), (-0.9999716, -0.0064342404, 0.0039259507), (-0.99997336, -0.0046151998, 0.005654277), (-0.9999875, -0.0042221644, -0.0026736094), (-0.99997336, -0.0046151998, 0.005654277), (-0.99997544, 0.004637772, -0.0052549657), (-0.99982166, 0.01883432, -0.0013807883), (-0.9999875, -0.0042221644, -0.0026736094), (-0.99997544, 0.004637772, -0.0052549657), (-0.9989835, 0.042011317, -0.016344367), (-0.99982166, 0.01883432, -0.0013807883), (-0.99997544, 0.004637772, -0.0052549657), (-0.9989835, 0.042011317, -0.016344367), (-0.99997544, 0.004637772, -0.0052549657), (-0.9988043, 0.04430128, -0.020673383), (-0.9998547, 0.00073006615, -0.017033186), (-0.9989835, 0.042011317, -0.016344367), (-0.9988043, 0.04430128, -0.020673383), (-0.9998547, 0.00073006615, -0.017033186), (-0.9988043, 0.04430128, -0.020673383), (-0.9996973, 0.017329091, -0.01746496), (-0.9998547, 0.00073006615, -0.017033186), (-0.9996973, 0.017329091, -0.01746496), (-0.9998068, -0.009826315, -0.017022694), (-0.9998642, -0.008343189, -0.014210795), (-0.9998547, 0.00073006615, -0.017033186), (-0.9998068, -0.009826315, -0.017022694), (-0.9998642, -0.008343189, -0.014210795), (-0.9998068, -0.009826315, -0.017022694), (-0.9999941, 0.0008469452, -0.0033318258), (-0.99996114, -0.008173808, -0.003320298), (-0.14841881, -0.011102851, -0.9888623), (-0.9998642, -0.008343189, -0.014210795), (-0.99996114, -0.008173808, -0.003320298), (-0.9998642, -0.008343189, -0.014210795), (-0.9999997, 0.00060804555, 0.00063306326), (-0.9998642, -0.008343189, -0.014210795), (-0.9999941, 0.0008469452, -0.0033318258), (-0.9999997, 0.00060804555, 0.00063306326), (-0.9999941, 0.0008469452, -0.0033318258), (-0.99988884, 0.01035887, 0.010734309), (-0.9999997, 0.00060804555, 0.00063306326), (-0.9999941, 0.0008469452, -0.0033318258), (-0.99995345, 0.0067364103, 0.00690738), (-0.99988884, 0.01035887, 0.010734309), (-0.99995345, 0.0067364103, 0.00690738), (-0.00029870388, 0.9999203, -0.012622818), (-0.99988884, 0.01035887, 0.010734309), (-0.99988884, 0.01035887, 0.010734309), (-0.9998428, 0.01111658, 0.013815632), (-0.9999997, 0.00060804555, 0.00063306326), (-0.99988884, 0.01035887, 0.010734309), (-0.9994536, -0.027356243, -0.018552855), (-0.9998428, 0.01111658, 0.013815632), (-0.9998306, -0.0018018893, 0.01831959), (-0.00029870388, 0.9999203, -0.012622818), (-0.9996866, 0.0038002315, 0.024744231), (-0.9998306, -0.0018018893, 0.01831959), (-0.9996866, 0.0038002315, 0.024744231), (-0.9998353, 0.0023847588, 0.017992888), (-0.99995404, -0.008383534, 0.004660008), (-0.9998306, -0.0018018893, 0.01831959), (-0.9998353, 0.0023847588, 0.017992888), (-0.9998353, 0.0023847588, 0.017992888), (-0.9993688, 0.03404146, -0.010159654), (-0.14336279, 0.97004, 0.19613633), (-0.9998353, 0.0023847588, 0.017992888), (-0.14336279, 0.97004, 0.19613633), (-0.00029870388, 0.9999203, -0.012622818), (-0.9998353, 0.0023847588, 0.017992888), (-0.00029870388, 0.9999203, -0.012622818), (-0.00029870388, 0.9999203, -0.012622818), (-0.9998353, 0.0023847588, 0.017992888), (-0.00029870388, 0.9999203, -0.012622818), (-0.99634975, -0.085127, 0.0063852677), (-0.9998353, 0.0023847588, 0.017992888), (-0.99634975, -0.085127, 0.0063852677), (-0.00029870388, 0.9999203, -0.012622818), (-0.9998353, 0.0023847588, 0.017992888), (-0.00029870388, 0.9999203, -0.012622818), (-0.14257748, 0.14269547, 0.97944355), (-0.9998353, 0.0023847588, 0.017992888), (-0.14257748, 0.14269547, 0.97944355), (-0.16321315, 0.034463745, 0.9859888), (-0.99568075, -0.021439653, -0.09033403), (-0.99995404, -0.008383534, 0.004660008), (-0.9998353, 0.0023847588, 0.017992888), (-0.99568075, -0.021439653, -0.09033403), (-0.9998353, 0.0023847588, 0.017992888), (-0.16321315, 0.034463745, 0.9859888), (-0.99568075, -0.021439653, -0.09033403), (-0.16321315, 0.034463745, 0.9859888), (-0.14273956, -0.10487059, 0.98418885), (-0.99568075, -0.021439653, -0.09033403), (-0.14273956, -0.10487059, 0.98418885), (-0.00029870388, 0.9999203, -0.012622818), (-0.99568075, -0.021439653, -0.09033403), (-0.00029870388, 0.9999203, -0.012622818), (-0.99963945, 0.023599187, -0.012818945), (-0.99568075, -0.021439653, -0.09033403), (-0.99963945, 0.023599187, -0.012818945), (-0.99955815, 0.027637012, -0.010948958), (-0.99568075, -0.021439653, -0.09033403), (-0.99955815, 0.027637012, -0.010948958), (-0.99999374, -0.0009616384, 0.0034188156), (-0.99981004, -0.01364498, 0.013917169), (-0.99568075, -0.021439653, -0.09033403), (-0.99999374, -0.0009616384, 0.0034188156), (-0.9998251, 0.016428579, 0.008932915), (-0.99981004, -0.01364498, 0.013917169), (-0.99999374, -0.0009616384, 0.0034188156), (-0.9998251, 0.016428579, 0.008932915), (-0.99999374, -0.0009616384, 0.0034188156), (-0.9999048, 0.013110734, -0.004320549), (-0.9998313, 0.016522082, 0.0080317445), (-0.9998251, 0.016428579, 0.008932915), (-0.9999048, 0.013110734, -0.004320549), (-0.9998313, 0.016522082, 0.0080317445), (-0.9999048, 0.013110734, -0.004320549), (-0.999784, 0.019842472, 0.0061934623), (-0.99957716, 0.020254653, -0.020866433), (-0.9998313, 0.016522082, 0.0080317445), (-0.999784, 0.019842472, 0.0061934623), (-0.99957716, 0.020254653, -0.020866433), (-0.999784, 0.019842472, 0.0061934623), (-0.9994044, 0.014427621, -0.031350825), (-0.99929124, 0.007574193, -0.036875147), (-0.99957716, 0.020254653, -0.020866433), (-0.9994044, 0.014427621, -0.031350825), (-0.99929124, 0.007574193, -0.036875147), (-0.9994044, 0.014427621, -0.031350825), (-0.99969923, -0.0040382408, 0.024190627), (-0.99876297, -0.020937834, 0.045104403), (-0.99929124, 0.007574193, -0.036875147), (-0.99969923, -0.0040382408, 0.024190627), (-0.99986184, 0.014831104, 0.007505936), (-0.99876297, -0.020937834, 0.045104403), (-0.99969923, -0.0040382408, 0.024190627), (-0.99986184, 0.014831104, 0.007505936), (-0.99969923, -0.0040382408, 0.024190627), (-0.9999366, 0.0004327821, -0.011254773), (-0.9988219, 0.026800515, -0.04045311), (-0.99986184, 0.014831104, 0.007505936), (-0.9999366, 0.0004327821, -0.011254773), (-0.9998745, 0.010151653, -0.012167757), (-0.9988219, 0.026800515, -0.04045311), (-0.9999366, 0.0004327821, -0.011254773), (-0.9994132, -0.03424322, 0.0008062389), (-0.9998745, 0.010151653, -0.012167757), (-0.9999366, 0.0004327821, -0.011254773), (-0.9994132, -0.03424322, 0.0008062389), (-0.9999366, 0.0004327821, -0.011254773), (-0.9990756, -0.042965595, -0.0014033339), (-0.99910796, -0.040065058, -0.013343664), (-0.9994132, -0.03424322, 0.0008062389), (-0.9990756, -0.042965595, -0.0014033339), (-0.99967265, -0.018267555, -0.017917322), (-0.99910796, -0.040065058, -0.013343664), (-0.9990756, -0.042965595, -0.0014033339), (-0.99967265, -0.018267555, -0.017917322), (-0.9990756, -0.042965595, -0.0014033339), (-0.99973863, -0.0035487846, -0.022585785), (-0.999627, -0.0012173405, -0.027287824), (-0.99967265, -0.018267555, -0.017917322), (-0.99973863, -0.0035487846, -0.022585785), (-0.9996197, -0.015818825, -0.02259191), (-0.999627, -0.0012173405, -0.027287824), (-0.99973863, -0.0035487846, -0.022585785), (-0.9998152, -0.0027674797, -0.019024333), (-0.9996197, -0.015818825, -0.02259191), (-0.99973863, -0.0035487846, -0.022585785), (-0.9998152, -0.0027674797, -0.019024333), (-0.99973863, -0.0035487846, -0.022585785), (-0.9997896, 0.015536017, -0.013393414), (-0.9998711, -0.0016793893, -0.015971834), (-0.9998152, -0.0027674797, -0.019024333), (-0.9997896, 0.015536017, -0.013393414), (-0.999949, -0.0010487417, -0.0100498), (-0.9998711, -0.0016793893, -0.015971834), (-0.9997896, 0.015536017, -0.013393414), (-0.999949, -0.0010487417, -0.0100498), (-0.9997896, 0.015536017, -0.013393414), (-0.9999612, -0.008793331, 0.0005651333), (-0.999949, -0.0010487417, -0.0100498), (-0.9999612, -0.008793331, 0.0005651333), (-0.99984646, -0.0057699145, -0.01654947), (-0.9996429, 0.008884619, -0.025203658), (-0.999949, -0.0010487417, -0.0100498), (-0.99984646, -0.0057699145, -0.01654947), (-0.99971884, 0.013242561, -0.019669112), (-0.9996429, 0.008884619, -0.025203658), (-0.99984646, -0.0057699145, -0.01654947), (-0.99971884, 0.013242561, -0.019669112), (-0.99984646, -0.0057699145, -0.01654947), (-0.9997856, 0.017188903, -0.011547487), (-0.9998341, -0.0049970173, -0.017520577), (-0.99971884, 0.013242561, -0.019669112), (-0.9997856, 0.017188903, -0.011547487), (-0.99992496, 0.011567526, -0.004041046), (-0.9998341, -0.0049970173, -0.017520577), (-0.9997856, 0.017188903, -0.011547487), (-0.99992496, 0.011567526, -0.004041046), (-0.9997856, 0.017188903, -0.011547487), (-0.999892, 0.014531703, -0.0022367984), (-0.99985445, 0.016025955, 0.00586631), (-0.99992496, 0.011567526, -0.004041046), (-0.999892, 0.014531703, -0.0022367984), (-0.99981475, 0.019027231, 0.0029086487), (-0.99985445, 0.016025955, 0.00586631), (-0.999892, 0.014531703, -0.0022367984), (-0.9999102, 0.00026149233, -0.013406058), (-0.99981475, 0.019027231, 0.0029086487), (-0.999892, 0.014531703, -0.0022367984), (-0.9999102, 0.00026149233, -0.013406058), (-0.999892, 0.014531703, -0.0022367984), (-0.9997454, -0.012086981, -0.0190544), (-0.9989556, -0.022446755, -0.03979894), (-0.9999102, 0.00026149233, -0.013406058), (-0.9997454, -0.012086981, -0.0190544), (-0.99986255, -0.015257155, -0.0065093217), (-0.9989556, -0.022446755, -0.03979894), (-0.9997454, -0.012086981, -0.0190544), (-0.99986255, -0.015257155, -0.0065093217), (-0.9997454, -0.012086981, -0.0190544), (-0.99989194, -0.0029374573, 0.0144121405), (-0.9998841, -0.002333738, 0.015050147), (-0.99986255, -0.015257155, -0.0065093217), (-0.99989194, -0.0029374573, 0.0144121405), (-0.9998841, -0.002333738, 0.015050147), (-0.99989194, -0.0029374573, 0.0144121405), (-0.999984, 0.005623842, -0.00059998565), (-0.9995433, 0.007378222, 0.02930369), (-0.9998841, -0.002333738, 0.015050147), (-0.999984, 0.005623842, -0.00059998565), (-0.99968195, 0.01762263, -0.01804207), (-0.9995433, 0.007378222, 0.02930369), (-0.999984, 0.005623842, -0.00059998565), (-0.99968195, 0.01762263, -0.01804207), (-0.999984, 0.005623842, -0.00059998565), (-0.9993688, 0.03404146, -0.010159654), (-0.00029870388, 0.9999203, -0.012622818), (-0.99968195, 0.01762263, -0.01804207), (-0.9993688, 0.03404146, -0.010159654), (-0.00029870388, 0.9999203, -0.012622818), (-0.00029870388, 0.9999203, -0.012622818), (-0.9993688, 0.03404146, -0.010159654), (-0.99906164, 0.038379658, -0.020070957), (-0.00029870388, 0.9999203, -0.012622818), (-0.9993688, 0.03404146, -0.010159654), (-0.9997441, 0.022486351, -0.002458122), (-0.99906164, 0.038379658, -0.020070957), (-0.9993688, 0.03404146, -0.010159654), (-0.9997932, -0.008646143, 0.01841357), (-0.9997441, 0.022486351, -0.002458122), (-0.9993688, 0.03404146, -0.010159654), (-0.9989027, 0.045797147, 0.009795252), (-0.9997932, -0.008646143, 0.01841357), (-0.9993688, 0.03404146, -0.010159654), (-0.9998353, 0.0023847588, 0.017992888), (-0.9989027, 0.045797147, 0.009795252), (-0.9993688, 0.03404146, -0.010159654), (-0.99998444, 0.001447412, -0.0053909654), (-0.9939552, 0.109780535, 0.0010892749), (-0.9999536, 0.0032221114, -0.009085963), (-0.9991801, -0.040486276, 0.00010590672), (-0.99998444, 0.001447412, -0.0053909654), (-0.9999536, 0.0032221114, -0.009085963), (-0.9991801, -0.040486276, 0.00010590672), (-0.9999536, 0.0032221114, -0.009085963), (-0.99863845, -0.049089544, 0.017654898), (-0.99999624, 0.00024343927, 0.0027309929), (-0.9991801, -0.040486276, 0.00010590672), (-0.99863845, -0.049089544, 0.017654898), (-0.99999624, 0.00024343927, 0.0027309929), (-0.99863845, -0.049089544, 0.017654898), (-0.99913865, 0.04040353, 0.009461509), (-0.99999624, 0.00024343927, 0.0027309929), (-0.99913865, 0.04040353, 0.009461509), (-0.99993056, 0.006645417, 0.009740145), (-0.99993056, 0.006645417, 0.009740145), (-0.99913865, 0.04040353, 0.009461509), (-0.99994975, -0.0084216, 0.0054489165), (-0.99993056, 0.006645417, 0.009740145), (-0.99994975, -0.0084216, 0.0054489165), (-0.9999048, -0.010745869, -0.00865853), (-0.99999624, 0.00024343927, 0.0027309929), (-0.99993056, 0.006645417, 0.009740145), (-0.9991518, 0.0072246427, -0.04054146), (-0.9995217, -0.027895214, -0.01335281), (-0.99999624, 0.00024343927, 0.0027309929), (-0.9991518, 0.0072246427, -0.04054146), (-0.9995217, -0.027895214, -0.01335281), (-0.9991518, 0.0072246427, -0.04054146), (-0.00029870388, 0.9999203, -0.012622818), (-0.99996746, -0.0030387973, 0.007478793), (-0.9995217, -0.027895214, -0.01335281), (-0.00029870388, 0.9999203, -0.012622818), (-0.99996746, -0.0030387973, 0.007478793), (-0.00029870388, 0.9999203, -0.012622818), (-0.99881655, -0.007466965, -0.048060782), (-0.99954927, 0.00035220347, -0.03002203), (-0.99996746, -0.0030387973, 0.007478793), (-0.99881655, -0.007466965, -0.048060782), (-0.99954927, 0.00035220347, -0.03002203), (-0.99881655, -0.007466965, -0.048060782), (-0.9999082, 0.0050826785, -0.012563881), (-0.00029870388, 0.9999203, -0.012622818), (-0.99954927, 0.00035220347, -0.03002203), (-0.9999082, 0.0050826785, -0.012563881), (-0.9999548, 0.0071953037, 0.0062202835), (-0.00029870388, 0.9999203, -0.012622818), (-0.9999082, 0.0050826785, -0.012563881), (-0.9999548, 0.0071953037, 0.0062202835), (-0.9999082, 0.0050826785, -0.012563881), (-0.99977124, -0.0058750706, -0.020566842), (-0.15998636, -0.9870021, 0.015214133), (-0.9999548, 0.0071953037, 0.0062202835), (-0.99977124, -0.0058750706, -0.020566842), (-0.99924165, -0.025263447, -0.029631205), (-0.15998636, -0.9870021, 0.015214133), (-0.99977124, -0.0058750706, -0.020566842), (-0.99924165, -0.025263447, -0.029631205), (-0.99977124, -0.0058750706, -0.020566842), (-0.99937904, -0.03485418, -0.0051668794), (-0.99941564, -0.033647455, -0.006026488), (-0.99924165, -0.025263447, -0.029631205), (-0.99937904, -0.03485418, -0.0051668794), (-0.99941564, -0.033647455, -0.006026488), (-0.99937904, -0.03485418, -0.0051668794), (-0.9996348, -0.026088618, -0.007059604), (-0.99930197, -0.037350994, 0.0008318001), (-0.99941564, -0.033647455, -0.006026488), (-0.9996348, -0.026088618, -0.007059604), (-0.99972713, -0.023352893, 0.0006533644), (-0.99930197, -0.037350994, 0.0008318001), (-0.9996348, -0.026088618, -0.007059604), (-0.99972713, -0.023352893, 0.0006533644), (-0.9996348, -0.026088618, -0.007059604), (-0.99993765, 0.0041103414, -0.010389761), (-0.9999811, 0.0043891384, -0.00430067), (-0.99972713, -0.023352893, 0.0006533644), (-0.99993765, 0.0041103414, -0.010389761), (-0.999891, 0.014496719, 0.0028356872), (-0.9999811, 0.0043891384, -0.00430067), (-0.99993765, 0.0041103414, -0.010389761), (-0.999891, 0.014496719, 0.0028356872), (-0.99993765, 0.0041103414, -0.010389761), (-0.9998996, -0.009973205, -0.010066301), (-0.9998242, -0.015189037, -0.010999738), (-0.999891, 0.014496719, 0.0028356872), (-0.9998996, -0.009973205, -0.010066301), (-0.99983275, -0.016669733, -0.007530694), (-0.9998242, -0.015189037, -0.010999738), (-0.9998996, -0.009973205, -0.010066301), (-0.99983275, -0.016669733, -0.007530694), (-0.9998996, -0.009973205, -0.010066301), (-0.9999778, -0.0055548083, -0.003670242), (-0.9999902, -0.004065015, 0.0017573562), (-0.99983275, -0.016669733, -0.007530694), (-0.9999778, -0.0055548083, -0.003670242), (-0.999737, -0.017525965, -0.014793057), (-0.9999902, -0.004065015, 0.0017573562), (-0.9999778, -0.0055548083, -0.003670242), (-0.999737, -0.017525965, -0.014793057), (-0.9999778, -0.0055548083, -0.003670242), (-0.99995947, -0.0004316461, 0.00899981), (-0.00029870388, 0.9999203, -0.012622818), (-0.999737, -0.017525965, -0.014793057), (-0.99995947, -0.0004316461, 0.00899981), (-0.997415, 0.033485662, 0.063577384), (-0.00029870388, 0.9999203, -0.012622818), (-0.99995947, -0.0004316461, 0.00899981), (-0.9989211, 0.037730716, 0.027077023), (-0.997415, 0.033485662, 0.063577384), (-0.99995947, -0.0004316461, 0.00899981), (-0.9989211, 0.037730716, 0.027077023), (-0.99995947, -0.0004316461, 0.00899981), (-0.99904776, 0.038779456, -0.019991873), (-0.9994259, 0.02998349, -0.0157769), (-0.9989211, 0.037730716, 0.027077023), (-0.99904776, 0.038779456, -0.019991873), (-0.9994259, 0.02998349, -0.0157769), (-0.99904776, 0.038779456, -0.019991873), (-0.14472896, -0.92775166, 0.34399205), (-0.9994259, 0.02998349, -0.0157769), (-0.14472896, -0.92775166, 0.34399205), (-0.99990815, 0.013070022, -0.0036034335), (-0.00029870388, 0.9999203, -0.012622818), (-0.9994259, 0.02998349, -0.0157769), (-0.99990815, 0.013070022, -0.0036034335), (-0.9996607, 0.021298235, 0.015000883), (-0.00029870388, 0.9999203, -0.012622818), (-0.99990815, 0.013070022, -0.0036034335), (-0.9996607, 0.021298235, 0.015000883), (-0.99990815, 0.013070022, -0.0036034335), (-0.9994153, 0.030135665, -0.01615648), (-0.9996607, 0.021298235, 0.015000883), (-0.9994153, 0.030135665, -0.01615648), (-0.9993334, 0.03230818, -0.017001845), (-0.99950796, 0.031116378, -0.00395396), (-0.9996607, 0.021298235, 0.015000883), (-0.9993334, 0.03230818, -0.017001845), (-0.99950796, 0.031116378, -0.00395396), (-0.9993334, 0.03230818, -0.017001845), (-0.9895176, 0.024824603, -0.14226234), (-0.99950796, 0.031116378, -0.00395396), (-0.9895176, 0.024824603, -0.14226234), (-0.9999878, 0.004940267, -0.00039846092), (-0.9997887, -0.0044244644, -0.020074302), (-0.99950796, 0.031116378, -0.00395396), (-0.9999878, 0.004940267, -0.00039846092), (-0.9997887, -0.0044244644, -0.020074302), (-0.9999878, 0.004940267, -0.00039846092), (-0.9999048, -0.010745869, -0.00865853), (-0.9999878, 0.004940267, -0.00039846092), (-0.99924237, 0.03826933, 0.0070917564), (-0.9999048, -0.010745869, -0.00865853), (-0.99924237, 0.03826933, 0.0070917564), (-0.99882793, 0.048160605, 0.0048315125), (-0.9999048, -0.010745869, -0.00865853), (-0.99882793, 0.048160605, 0.0048315125), (-0.99965096, -0.02167297, 0.015111821), (-0.9999048, -0.010745869, -0.00865853), (-0.99965096, -0.02167297, 0.015111821), (-0.99993056, 0.006645417, 0.009740145), (-0.9999048, -0.010745869, -0.00865853), (-0.9997887, -0.0044244644, -0.020074302), (-0.9999048, -0.010745869, -0.00865853), (-0.99991816, 0.010346342, -0.0075373463), (-0.9997887, -0.0044244644, -0.020074302), (-0.99991816, 0.010346342, -0.0075373463), (-0.999856, 0.016869511, 0.0018847068), (-0.9997594, -0.020362644, 0.008162319), (-0.9997887, -0.0044244644, -0.020074302), (-0.999856, 0.016869511, 0.0018847068), (-0.9997594, -0.020362644, 0.008162319), (-0.999856, 0.016869511, 0.0018847068), (-0.9999845, -0.003783432, 0.004101113), (-0.9997112, -0.01610986, 0.017830947), (-0.9997594, -0.020362644, 0.008162319), (-0.9999845, -0.003783432, 0.004101113), (-0.9997112, -0.01610986, 0.017830947), (-0.9999845, -0.003783432, 0.004101113), (-0.99972105, 0.0017903318, 0.023553003), (-0.9997112, -0.01610986, 0.017830947), (-0.99972105, 0.0017903318, 0.023553003), (-0.997883, -0.050812196, 0.04059372), (-0.9997112, -0.01610986, 0.017830947), (-0.997883, -0.050812196, 0.04059372), (-0.9999709, 0.0017904486, -0.007415121), (-0.9993817, 0.02822525, -0.020969566), (-0.9997112, -0.01610986, 0.017830947), (-0.9999709, 0.0017904486, -0.007415121), (-0.9993817, 0.02822525, -0.020969566), (-0.9999709, 0.0017904486, -0.007415121), (-0.99789405, 0.0454035, -0.04632494), (-0.9993817, 0.02822525, -0.020969566), (-0.99789405, 0.0454035, -0.04632494), (-0.99928105, 0.037068844, -0.007959056), (-0.99929553, 0.03274114, 0.018342758), (-0.9993817, 0.02822525, -0.020969566), (-0.99928105, 0.037068844, -0.007959056), (-0.99929553, 0.03274114, 0.018342758), (-0.99928105, 0.037068844, -0.007959056), (-0.9990171, 0.027498743, 0.03476662), (-0.9998068, 0.016561044, 0.010593031), (-0.99929553, 0.03274114, 0.018342758), (-0.9990171, 0.027498743, 0.03476662), (-0.9998068, 0.016561044, 0.010593031), (-0.9990171, 0.027498743, 0.03476662), (-0.99900854, 0.0149352765, 0.04194001), (-0.9998068, 0.016561044, 0.010593031), (-0.99900854, 0.0149352765, 0.04194001), (-0.999659, 0.004109403, -0.025788892), (-0.9999659, 0.0007360431, -0.008228767), (-0.9998068, 0.016561044, 0.010593031), (-0.999659, 0.004109403, -0.025788892), (-0.9999659, 0.0007360431, -0.008228767), (-0.999659, 0.004109403, -0.025788892), (-0.00029870388, 0.9999203, -0.012622818), (-0.9999659, 0.0007360431, -0.008228767), (-0.00029870388, 0.9999203, -0.012622818), (-0.9999917, 0.0028238583, 0.0029207922), (-0.99993306, 0.011400257, 0.0019691638), (-0.9999659, 0.0007360431, -0.008228767), (-0.9999917, 0.0028238583, 0.0029207922), (-0.99993306, 0.011400257, 0.0019691638), (-0.9999917, 0.0028238583, 0.0029207922), (-0.999451, 0.011256211, -0.031162273), (-0.99962187, 0.026011849, -0.008925449), (-0.99993306, 0.011400257, 0.0019691638), (-0.999451, 0.011256211, -0.031162273), (-0.99962187, 0.026011849, -0.008925449), (-0.999451, 0.011256211, -0.031162273), (-0.9993401, 0.034842037, -0.010263831), (-0.99962187, 0.026011849, -0.008925449), (-0.9993401, 0.034842037, -0.010263831), (-0.99985534, 0.01513653, -0.007771447), (-0.99968565, -0.004378351, -0.024686325), (-0.99962187, 0.026011849, -0.008925449), (-0.99985534, 0.01513653, -0.007771447), (-0.99968565, -0.004378351, -0.024686325), (-0.99985534, 0.01513653, -0.007771447), (-0.99963194, -0.0005464351, -0.027124383), (-0.99548286, 0.09485285, 0.0041139144), (-0.99968565, -0.004378351, -0.024686325), (-0.99963194, -0.0005464351, -0.027124383), (-0.99548286, 0.09485285, 0.0041139144), (-0.99963194, -0.0005464351, -0.027124383), (-0.9963366, 0.08548386, 0.0024498692), (-0.00029870388, 0.9999203, -0.012622818), (-0.99548286, 0.09485285, 0.0041139144), (-0.9963366, 0.08548386, 0.0024498692), (-0.9991295, 0.007506803, -0.041037545), (-0.15088403, 0.986099, 0.069589995), (-0.14948912, 0.9762707, 0.15668048), (-0.9991295, 0.007506803, -0.041037545), (-0.14948912, 0.9762707, 0.15668048), (-0.9994772, -0.03232056, -0.00096330215), (-0.9994772, -0.03232056, -0.00096330215), (-0.083137654, 0.93879104, -0.33430466), (-0.99954575, -0.030140009, 0.00025642663), (-0.9991295, 0.007506803, -0.041037545), (-0.9994772, -0.03232056, -0.00096330215), (-0.99954575, -0.030140009, 0.00025642663), (-0.9996686, -0.011167172, 0.023196813), (-0.99464715, 0.032833647, -0.09797525), (-0.9991295, 0.007506803, -0.041037545), (-0.00029870388, 0.9999203, -0.012622818), (-0.9996686, -0.011167172, 0.023196813), (-0.9991295, 0.007506803, -0.041037545), (-0.14310771, -0.9390129, 0.31269), (-0.00029870388, 0.9999203, -0.012622818), (-0.9991295, 0.007506803, -0.041037545), (-0.99881285, 0.041023374, -0.026268989), (-0.14310771, -0.9390129, 0.31269), (-0.9991295, 0.007506803, -0.041037545), (-0.9999977, -0.0019508974, -0.00094792095), (-0.99881285, 0.041023374, -0.026268989), (-0.9991295, 0.007506803, -0.041037545), (-0.9999977, -0.0019508974, -0.00094792095), (-0.9991295, 0.007506803, -0.041037545), (-0.99954575, -0.030140009, 0.00025642663), (-0.9999977, -0.0019508974, -0.00094792095), (-0.99954575, -0.030140009, 0.00025642663), (-0.12922089, 0.7296257, -0.67152685), (-0.9999977, -0.0019508974, -0.00094792095), (-0.12922089, 0.7296257, -0.67152685), (-0.059863046, 0.55462116, -0.8299468), (-0.9999977, -0.0019508974, -0.00094792095), (-0.13318087, -0.52238274, 0.84224653), (-0.99881285, 0.041023374, -0.026268989), (-0.9999977, -0.0019508974, -0.00094792095), (-0.14412303, -0.36035073, 0.921616), (-0.13318087, -0.52238274, 0.84224653), (-0.9999977, -0.0019508974, -0.00094792095), (-0.979721, -0.028526323, -0.19832553), (-0.14412303, -0.36035073, 0.921616), (-0.9999977, -0.0019508974, -0.00094792095), (-0.9602801, 0.04905481, 0.27469218), (-0.979721, -0.028526323, -0.19832553), (-0.9999977, -0.0019508974, -0.00094792095), (-0.14749861, -0.07001695, 0.9865809), (-0.9602801, 0.04905481, 0.27469218), (-0.9999977, -0.0019508974, -0.00094792095), (-0.14389035, -0.0059190355, 0.98957604), (-0.14749861, -0.07001695, 0.9865809), (-0.9999977, -0.0019508974, -0.00094792095), (-0.13535932, 0.004314892, 0.99078715), (-0.14389035, -0.0059190355, 0.98957604), (-0.9999977, -0.0019508974, -0.00094792095), (-0.14562666, 0.009459382, 0.9892944), (-0.13535932, 0.004314892, 0.99078715), (-0.9999977, -0.0019508974, -0.00094792095), (-0.9999511, 0.0058944407, -0.007941463), (-0.14562666, 0.009459382, 0.9892944), (-0.9999977, -0.0019508974, -0.00094792095), (-0.9999148, 0.0029603625, 0.012713655), (-0.9999511, 0.0058944407, -0.007941463), (-0.9997906, -0.004486582, 0.01996696), (-0.9999148, 0.0029603625, 0.012713655), (-0.9999977, -0.0019508974, -0.00094792095), (-0.9999977, -0.0019508974, -0.00094792095), (-0.9996737, -0.025541471, 0.00031171643), (-0.9997906, -0.004486582, 0.01996696), (-0.99942064, -0.0085850535, 0.03293558), (-0.99989694, 0.009053089, -0.011148465), (-0.9998454, -0.008631904, -0.015328319), (-0.99942064, -0.0085850535, 0.03293558), (-0.9998454, -0.008631904, -0.015328319), (-0.99998605, -0.00034732008, -0.005275109), (-0.9998924, -0.009054039, 0.011551096), (-0.99942064, -0.0085850535, 0.03293558), (-0.99998605, -0.00034732008, -0.005275109), (-0.9999875, -0.0049312026, -0.0009227783), (-0.9998924, -0.009054039, 0.011551096), (-0.99998605, -0.00034732008, -0.005275109), (-0.9995592, -0.007257535, -0.028787183), (-0.9999875, -0.0049312026, -0.0009227783), (-0.99998605, -0.00034732008, -0.005275109), (-0.9995592, -0.007257535, -0.028787183), (-0.99998605, -0.00034732008, -0.005275109), (-0.9990712, 0.0037330438, 0.04292983), (-0.99976486, 0.019203607, 0.010079631), (-0.9990712, 0.0037330438, 0.04292983), (-0.9998454, -0.008631904, -0.015328319), (-0.9995592, -0.007257535, -0.028787183), (-0.9990712, 0.0037330438, 0.04292983), (-0.99976486, 0.019203607, 0.010079631), (-0.00029870388, 0.9999203, -0.012622818), (-0.99976486, 0.019203607, 0.010079631), (-0.9998454, -0.008631904, -0.015328319), (-0.9995592, -0.007257535, -0.028787183), (-0.99976486, 0.019203607, 0.010079631), (-0.00029870388, 0.9999203, -0.012622818), (-0.9998168, -0.0076597775, -0.017541781), (-0.99961394, -0.005362315, -0.027264126), (-0.14648224, 0.009443551, 0.9891683), (-0.9998168, -0.0076597775, -0.017541781), (-0.99997514, -0.006690711, -0.0022711863), (-0.99961394, -0.005362315, -0.027264126), (-0.9998168, -0.0076597775, -0.017541781), (-0.00029870388, 0.9999203, -0.012622818), (-0.99997514, -0.006690711, -0.0022711863), (-0.99997514, -0.006690711, -0.0022711863), (-0.9999542, 0.0062435525, 0.00725104), (-0.99961394, -0.005362315, -0.027264126), (-0.12956639, -0.4235005, 0.8965824), (-0.1482066, -0.2314189, 0.9614989), (-0.9999542, 0.0062435525, 0.00725104), (-0.99989057, 0.0048946086, 0.013966929), (-0.12956639, -0.4235005, 0.8965824), (-0.9999542, 0.0062435525, 0.00725104), (-0.9996131, 0.021680122, -0.017422816), (-0.110392004, -0.6946587, 0.71081847), (-0.99989057, 0.0048946086, 0.013966929), (-0.9978914, 0.05857369, -0.02796047), (-0.17671758, -0.9827129, 0.055193555), (-0.9996131, 0.021680122, -0.017422816), (-0.99996966, -0.0023144498, -0.0074362154), (-0.9978914, 0.05857369, -0.02796047), (-0.9996131, 0.021680122, -0.017422816), (-0.99996966, -0.0023144498, -0.0074362154), (-0.17549369, -0.9834841, -0.04428474), (-0.9978914, 0.05857369, -0.02796047), (-0.99996966, -0.0023144498, -0.0074362154), (-0.9996131, 0.021680122, -0.017422816), (-0.99989057, 0.0048946086, 0.013966929), (-0.995665, -0.069280684, -0.062060528), (-0.14802071, -0.98189616, -0.118194126), (-0.13825119, -0.9866925, -0.08558363), (-0.995665, -0.069280684, -0.062060528), (-0.13825119, -0.9866925, -0.08558363), (-0.99996966, -0.0023144498, -0.0074362154), (-0.13068928, -0.91061556, -0.39204556), (-0.14687586, -0.9408612, -0.3052992), (-0.995665, -0.069280684, -0.062060528), (-0.9991824, 0.03751868, 0.015063817), (-0.13068928, -0.91061556, -0.39204556), (-0.995665, -0.069280684, -0.062060528), (-0.9991824, 0.03751868, 0.015063817), (-0.995665, -0.069280684, -0.062060528), (-0.99996966, -0.0023144498, -0.0074362154), (-0.11757179, -0.20452964, -0.9717739), (-0.14360702, -0.52917796, -0.8362702), (-0.9991824, 0.03751868, 0.015063817), (-0.99898756, -0.043591022, -0.011121664), (-0.11757179, -0.20452964, -0.9717739), (-0.9991824, 0.03751868, 0.015063817), (-0.99898756, -0.043591022, -0.011121664), (-0.9991824, 0.03751868, 0.015063817), (-0.99996966, -0.0023144498, -0.0074362154), (-0.99646294, 0.083182596, -0.011926572), (-0.97587997, -0.2173782, -0.020129902), (-0.99898756, -0.043591022, -0.011121664), (-0.9976746, -0.058502268, -0.034970105), (-0.99646294, 0.083182596, -0.011926572), (-0.99898756, -0.043591022, -0.011121664), (-0.9976746, -0.058502268, -0.034970105), (-0.99898756, -0.043591022, -0.011121664), (-0.99996966, -0.0023144498, -0.0074362154), (-0.00029870388, 0.9999203, -0.012622818), (-0.9976746, -0.058502268, -0.034970105), (-0.99996966, -0.0023144498, -0.0074362154), (-0.9992011, -0.013213084, 0.037716124), (-0.00029870388, 0.9999203, -0.012622818), (-0.99996966, -0.0023144498, -0.0074362154), (-0.9998805, -0.01544142, 0.00084721827), (-0.9992011, -0.013213084, 0.037716124), (-0.99996966, -0.0023144498, -0.0074362154), (-0.00029870388, 0.9999203, -0.012622818), (-0.9998805, -0.01544142, 0.00084721827), (-0.99996966, -0.0023144498, -0.0074362154), (-0.00029870388, 0.9999203, -0.012622818), (-0.00029870388, 0.9999203, -0.012622818), (-0.99996966, -0.0023144498, -0.0074362154), (-0.9999363, -0.01125071, -0.0009806686), (-0.00029870388, 0.9999203, -0.012622818), (-0.99996966, -0.0023144498, -0.0074362154), (-0.9999363, -0.01125071, -0.0009806686), (-0.99996966, -0.0023144498, -0.0074362154), (-0.99989057, 0.0048946086, 0.013966929), (-0.99995893, 0.008967209, -0.0013967042), (-0.9999363, -0.01125071, -0.0009806686), (-0.99989057, 0.0048946086, 0.013966929), (-0.99794793, -0.04859258, -0.041697703), (-0.99995893, 0.008967209, -0.0013967042), (-0.99989057, 0.0048946086, 0.013966929), (-0.9993073, 0.012126351, 0.035184808), (-0.99794793, -0.04859258, -0.041697703), (-0.99989057, 0.0048946086, 0.013966929), (-0.9994723, 0.017210364, 0.027548753), (-0.9993073, 0.012126351, 0.035184808), (-0.99989057, 0.0048946086, 0.013966929), (-0.9994723, 0.017210364, 0.027548753), (-0.99989057, 0.0048946086, 0.013966929), (-0.9999542, 0.0062435525, 0.00725104), (-0.99997514, -0.006690711, -0.0022711863), (-0.9994723, 0.017210364, 0.027548753), (-0.9999542, 0.0062435525, 0.00725104), (-0.99997514, -0.006690711, -0.0022711863), (-0.08332965, 0.7374477, 0.6702441), (-0.14069416, 0.7557732, 0.6395405), (-0.14069416, 0.7557732, 0.6395405), (-0.14023118, 0.8327817, 0.5355464), (-0.9997205, -0.023644818, -0.00015313232), (-0.99997514, -0.006690711, -0.0022711863), (-0.14069416, 0.7557732, 0.6395405), (-0.9997205, -0.023644818, -0.00015313232), (-0.9997205, -0.023644818, -0.00015313232), (-0.1462296, 0.9496386, 0.27713478), (-0.14618471, 0.9784033, 0.14614126), (-0.9997205, -0.023644818, -0.00015313232), (-0.14618471, 0.9784033, 0.14614126), (-0.9999771, -0.0011382173, 0.006677022), (-0.14618471, 0.9784033, 0.14614126), (-0.14015546, 0.9899464, 0.019040978), (-0.9999771, -0.0011382173, 0.006677022), (-0.99997514, -0.006690711, -0.0022711863), (-0.9997205, -0.023644818, -0.00015313232), (-0.9999771, -0.0011382173, 0.006677022), (-0.9999771, -0.0011382173, 0.006677022), (-0.15675317, 0.96835965, -0.19418608), (-0.99475384, 0.0897839, -0.049028), (-0.99475384, 0.0897839, -0.049028), (-0.11455013, 0.719691, -0.6847797), (-0.14450534, 0.6591673, -0.73798156), (-0.99475384, 0.0897839, -0.049028), (-0.14450534, 0.6591673, -0.73798156), (-0.9999297, 0.008023498, -0.008734161), (-0.14450534, 0.6591673, -0.73798156), (-0.14791332, 0.58235526, -0.7993648), (-0.9999297, 0.008023498, -0.008734161), (-0.9999771, -0.0011382173, 0.006677022), (-0.99475384, 0.0897839, -0.049028), (-0.9999297, 0.008023498, -0.008734161), (-0.9999297, 0.008023498, -0.008734161), (-0.13028964, 0.35160798, -0.92703646), (-0.13465735, 0.24033637, -0.9613043), (-0.13465735, 0.24033637, -0.9613043), (-0.14653571, 0.15287556, -0.9773211), (-0.9195926, 0.008727649, -0.39277655), (-0.9999297, 0.008023498, -0.008734161), (-0.13465735, 0.24033637, -0.9613043), (-0.9195926, 0.008727649, -0.39277655), (-0.9195926, 0.008727649, -0.39277655), (-0.14566328, 0.011230747, -0.9892705), (-0.1353599, -0.063391946, -0.98876655), (-0.9999297, 0.008023498, -0.008734161), (-0.9195926, 0.008727649, -0.39277655), (-0.9999684, -0.002540353, 0.007540808), (-0.9195926, 0.008727649, -0.39277655), (-0.1353599, -0.063391946, -0.98876655), (-0.9999684, -0.002540353, 0.007540808), (-0.1353599, -0.063391946, -0.98876655), (-0.13440035, -0.15532078, -0.97867876), (-0.9999684, -0.002540353, 0.007540808), (-0.9999771, -0.0011382173, 0.006677022), (-0.9999297, 0.008023498, -0.008734161), (-0.9999684, -0.002540353, 0.007540808), (-0.9999684, -0.002540353, 0.007540808), (-0.13730368, -0.30257332, -0.9431846), (-0.14447813, -0.4226359, -0.8947095), (-0.9999684, -0.002540353, 0.007540808), (-0.14447813, -0.4226359, -0.8947095), (-0.99625516, -0.047116164, -0.072496496), (-0.99625516, -0.047116164, -0.072496496), (-0.12364483, -0.6790363, -0.7236171), (-0.14569755, -0.74282867, -0.65343535), (-0.99625516, -0.047116164, -0.072496496), (-0.14569755, -0.74282867, -0.65343535), (-0.99984723, -0.012850208, -0.011850236), (-0.14569755, -0.74282867, -0.65343535), (-0.14570615, -0.8286661, -0.54044646), (-0.99984723, -0.012850208, -0.011850236), (-0.9999684, -0.002540353, 0.007540808), (-0.99625516, -0.047116164, -0.072496496), (-0.99984723, -0.012850208, -0.011850236), (-0.99984723, -0.012850208, -0.011850236), (-0.14566368, -0.95083016, -0.27332053), (-0.14561334, -0.9799081, -0.13629703), (-0.14561334, -0.9799081, -0.13629703), (-0.14557055, -0.98929465, -0.010275309), (-0.9999449, -0.008709539, -0.005859297), (-0.99984723, -0.012850208, -0.011850236), (-0.14561334, -0.9799081, -0.13629703), (-0.9999449, -0.008709539, -0.005859297), (-0.9999449, -0.008709539, -0.005859297), (-0.13534671, -0.95772576, 0.25385588), (-0.13442259, -0.90458804, 0.40453807), (-0.99984723, -0.012850208, -0.011850236), (-0.9999449, -0.008709539, -0.005859297), (-0.9999501, 0.009804204, 0.0019073067), (-0.9999449, -0.008709539, -0.005859297), (-0.13442259, -0.90458804, 0.40453807), (-0.9999501, 0.009804204, 0.0019073067), (-0.13442259, -0.90458804, 0.40453807), (-0.14023934, -0.84057796, 0.5232225), (-0.9999501, 0.009804204, 0.0019073067), (-0.9999684, -0.002540353, 0.007540808), (-0.99984723, -0.012850208, -0.011850236), (-0.9999501, 0.009804204, 0.0019073067), (-0.9999501, 0.009804204, 0.0019073067), (-0.9996674, 0.018868912, -0.01757876), (-0.9983926, 0.05538834, 0.012017266), (-0.9999501, 0.009804204, 0.0019073067), (-0.9998799, 0.009491782, -0.012255435), (-0.9996674, 0.018868912, -0.01757876), (-0.9999501, 0.009804204, 0.0019073067), (-0.999776, 0.02036313, 0.0057739303), (-0.9998799, 0.009491782, -0.012255435), (-0.9999501, 0.009804204, 0.0019073067), (-0.99928254, 0.012799125, 0.035647206), (-0.999776, 0.02036313, 0.0057739303), (-0.9999501, 0.009804204, 0.0019073067), (-0.9996482, 0.01724204, 0.020160902), (-0.99928254, 0.012799125, 0.035647206), (-0.9999501, 0.009804204, 0.0019073067), (-0.9983926, 0.05538834, 0.012017266), (-0.9942749, 0.09892878, 0.040380523), (-0.9999501, 0.009804204, 0.0019073067), (-0.9994723, 0.017210364, 0.027548753), (-0.9996482, 0.01724204, 0.020160902), (-0.9999501, 0.009804204, 0.0019073067), (-0.13579294, -0.73959196, 0.65921474), (-0.9994723, 0.017210364, 0.027548753), (-0.9994723, 0.017210364, 0.027548753), (-0.9975133, 0.0054401336, -0.07026894), (-0.9996482, 0.01724204, 0.020160902), (-0.9999684, -0.002540353, 0.007540808), (-0.9999501, 0.009804204, 0.0019073067), (-0.9942749, 0.09892878, 0.040380523), (-0.99967813, 0.0020007617, -0.025291447), (-0.9975133, 0.0054401336, -0.07026894), (-0.9994723, 0.017210364, 0.027548753), (-0.99997514, -0.006690711, -0.0022711863), (-0.99967813, 0.0020007617, -0.025291447), (-0.9994723, 0.017210364, 0.027548753), (-0.9999684, -0.002540353, 0.007540808), (-0.9942749, 0.09892878, 0.040380523), (-0.9993717, 0.031107789, 0.016990855), (-0.99997514, -0.006690711, -0.0022711863), (-0.14353876, -0.06967337, -0.9871891), (-0.99967813, 0.0020007617, -0.025291447), (-0.9999684, -0.002540353, 0.007540808), (-0.9993717, 0.031107789, 0.016990855), (-0.99941105, 0.029739242, 0.017127844), (-0.99997514, -0.006690711, -0.0022711863), (-0.9984451, -0.0041718227, 0.055587623), (-0.14353876, -0.06967337, -0.9871891), (-0.9999684, -0.002540353, 0.007540808), (-0.99941105, 0.029739242, 0.017127844), (-0.9993518, 0.03200181, 0.016489523), (-0.99997514, -0.006690711, -0.0022711863), (-0.99837095, 0.0068513732, 0.056645337), (-0.9984451, -0.0041718227, 0.055587623), (-0.9999684, -0.002540353, 0.007540808), (-0.9993518, 0.03200181, 0.016489523), (-0.9992559, -0.022047568, 0.0316505), (-0.99997514, -0.006690711, -0.0022711863), (-0.99927694, 0.016939482, 0.034040503), (-0.99837095, 0.0068513732, 0.056645337), (-0.9999684, -0.002540353, 0.007540808), (-0.9992559, -0.022047568, 0.0316505), (-0.9998095, -0.017018124, 0.009559769), (-0.99997514, -0.006690711, -0.0022711863), (-0.9968279, 0.07066703, 0.03661007), (-0.99927694, 0.016939482, 0.034040503), (-0.9999684, -0.002540353, 0.007540808), (-0.9998095, -0.017018124, 0.009559769), (-0.9992828, 0.03583479, -0.012237955), (-0.99997514, -0.006690711, -0.0022711863), (-0.99605167, 0.084624365, 0.026832677), (-0.9968279, 0.07066703, 0.03661007), (-0.9999684, -0.002540353, 0.007540808), (-0.9992828, 0.03583479, -0.012237955), (-0.99985206, 0.0039013568, 0.016753163), (-0.99997514, -0.006690711, -0.0022711863), (-0.9998293, -0.00037756536, 0.018472413), (-0.99605167, 0.084624365, 0.026832677), (-0.9999684, -0.002540353, 0.007540808), (-0.99985206, 0.0039013568, 0.016753163), (-0.99749744, -0.0317805, 0.06315933), (-0.99997514, -0.006690711, -0.0022711863), (-0.9999771, -0.0011382173, 0.006677022), (-0.9998293, -0.00037756536, 0.018472413), (-0.9999771, -0.0011382173, 0.006677022), (-0.9999684, -0.002540353, 0.007540808), (-0.99749744, -0.0317805, 0.06315933), (-0.9999771, -0.0011382173, 0.006677022), (-0.9998815, -0.01219613, -0.009404143), (-0.9998293, -0.00037756536, 0.018472413), (-0.9999771, -0.0011382173, 0.006677022), (-0.99749744, -0.0317805, 0.06315933), (-0.99488366, -0.024064604, 0.098119676), (-0.9999771, -0.0011382173, 0.006677022), (-0.9997963, -0.018059311, -0.009013426), (-0.9998815, -0.01219613, -0.009404143), (-0.9999771, -0.0011382173, 0.006677022), (-0.99488366, -0.024064604, 0.098119676), (-0.99849516, -0.019418035, 0.05128708), (-0.9999771, -0.0011382173, 0.006677022), (-0.99849516, -0.019418035, 0.05128708), (-0.9997963, -0.018059311, -0.009013426), (-0.99990326, -0.013655544, 0.0026464243), (-0.99970376, 0.020298576, -0.0134352045), (-0.9991566, -0.039999712, 0.00928808), (-0.9991566, -0.039999712, 0.00928808), (-0.999756, -0.021874644, 0.0031006767), (-0.99990326, -0.013655544, 0.0026464243), (-0.99990326, -0.013655544, 0.0026464243), (-0.9995039, 0.030757325, 0.0067806463), (-0.99970376, 0.020298576, -0.0134352045), (-0.9991566, -0.039999712, 0.00928808), (-0.9998699, -0.01567797, 0.003825285), (-0.999756, -0.021874644, 0.0031006767), (-0.9995039, 0.030757325, 0.0067806463), (-0.9992454, 0.02574228, -0.029084), (-0.99970376, 0.020298576, -0.0134352045), (-0.9998699, -0.01567797, 0.003825285), (-0.9996867, -0.025032151, 0.0000658511), (-0.999756, -0.021874644, 0.0031006767), (-0.9992454, 0.02574228, -0.029084), (-0.9996624, 0.006918916, -0.025049444), (-0.99970376, 0.020298576, -0.0134352045), (-0.9992454, 0.02574228, -0.029084), (-0.9998548, -0.014896565, -0.008275932), (-0.9996624, 0.006918916, -0.025049444), (-0.9998699, -0.01567797, 0.003825285), (-0.999973, 0.005532605, 0.0048385486), (-0.9996867, -0.025032151, 0.0000658511), (-0.9998699, -0.01567797, 0.003825285), (-0.9998591, 0.016788982, 0.00004804313), (-0.999973, 0.005532605, 0.0048385486), (-0.9998591, 0.016788982, 0.00004804313), (-0.9995086, 0.03039654, -0.007662169), (-0.999973, 0.005532605, 0.0048385486), (-0.9998548, -0.014896565, -0.008275932), (-0.99958587, -0.027739352, 0.0076634786), (-0.9996624, 0.006918916, -0.025049444), (-0.99958587, -0.027739352, 0.0076634786), (-0.9997313, -0.022987228, -0.0030139345), (-0.9996624, 0.006918916, -0.025049444), (-0.9998591, 0.016788982, 0.00004804313), (-0.9999949, -0.00082291226, -0.0030917197), (-0.9995086, 0.03039654, -0.007662169), (-0.99958587, -0.027739352, 0.0076634786), (-0.9997486, -0.020718373, -0.008578724), (-0.9997313, -0.022987228, -0.0030139345), (-0.9998591, 0.016788982, 0.00004804313), (-0.9999952, 0.0031272268, 0.000012660064), (-0.9999949, -0.00082291226, -0.0030917197), (-0.9999952, 0.0031272268, 0.000012660064), (-0.99999994, -0.00029884733, -0.000006874361), (-0.9999949, -0.00082291226, -0.0030917197), (-0.9997486, -0.020718373, -0.008578724), (-0.99926066, -0.011577548, -0.036663953), (-0.9997313, -0.022987228, -0.0030139345), (-0.9997486, -0.020718373, -0.008578724), (-0.9981846, -0.020074517, -0.05678638), (-0.99926066, -0.011577548, -0.036663953), (-0.9999952, 0.0031272268, 0.000012660064), (-0.99999994, -0.00029886872, -0.000006914697), (-0.99999994, -0.00029884733, -0.000006874361), (-0.9999952, 0.0031272268, 0.000012660064), (-0.99999994, -0.00029886703, -0.000006927007), (-0.99999994, -0.00029886872, -0.000006914697), (-0.9981846, -0.020074517, -0.05678638), (-0.9991812, 0.0033261084, -0.040323287), (-0.99926066, -0.011577548, -0.036663953), (-0.9991812, 0.0033261084, -0.040323287), (-0.9999052, 0.012689806, 0.0053476393), (-0.99926066, -0.011577548, -0.036663953), (-0.9991812, 0.0033261084, -0.040323287), (-0.9998512, 0.013011858, 0.011332308), (-0.9999052, 0.012689806, 0.0053476393), (-0.99999994, -0.00029886703, -0.000006927007), (-0.99999994, -0.000298858, -0.0000069277557), (-0.99999994, -0.00029886872, -0.000006914697), (-0.9998512, 0.013011858, 0.011332308), (-0.9998562, 0.012248047, 0.01173677), (-0.9999052, 0.012689806, 0.0053476393), (-0.99999994, -0.00029886703, -0.000006927007), (-0.99982893, -0.009936201, -0.015607337), (-0.99999994, -0.000298858, -0.0000069277557), (-0.9998562, 0.012248047, 0.01173677), (-0.9998139, 0.012987, 0.0142649915), (-0.9999052, 0.012689806, 0.0053476393), (-0.99982893, -0.009936201, -0.015607337), (-0.99999994, -0.000298858, -0.0000068899813), (-0.99999994, -0.000298858, -0.0000069277557), (-0.9998562, 0.012248047, 0.01173677), (-0.9998685, 0.012505785, 0.010330275), (-0.9998139, 0.012987, 0.0142649915), (-0.9998685, 0.012505785, 0.010330275), (-0.99990547, 0.0013577654, -0.013683073), (-0.9998139, 0.012987, 0.0142649915), (-0.99982893, -0.009936201, -0.015607337), (-0.9996467, -0.006406887, -0.025795912), (-0.99999994, -0.000298858, -0.0000068899813), (-0.9998685, 0.012505785, 0.010330275), (-0.9998189, 0.00048149948, -0.019023942), (-0.99990547, 0.0013577654, -0.013683073), (-0.99982893, -0.009936201, -0.015607337), (-0.9991227, 0.01088746, -0.040441412), (-0.9996467, -0.006406887, -0.025795912), (-0.9998189, 0.00048149948, -0.019023942), (-0.9998786, 0.0014695798, -0.015512679), (-0.99990547, 0.0013577654, -0.013683073), (-0.9991227, 0.01088746, -0.040441412), (-0.9996354, 0.02494059, -0.010351228), (-0.9996467, -0.006406887, -0.025795912), (-0.9998786, 0.0014695798, -0.015512679), (-0.9998246, 0.017973276, 0.005268733), (-0.99990547, 0.0013577654, -0.013683073), (-0.9998786, 0.0014695798, -0.015512679), (-0.9998686, 0.011341392, 0.011587963), (-0.9998246, 0.017973276, 0.005268733), (-0.9991227, 0.01088746, -0.040441412), (-0.99884087, 0.043828975, -0.019897573), (-0.9996354, 0.02494059, -0.010351228), (-0.9998686, 0.011341392, 0.011587963), (-0.9998098, 0.019342275, 0.002523276), (-0.9998246, 0.017973276, 0.005268733), (-0.99884087, 0.043828975, -0.019897573), (-0.9994362, 0.031424858, -0.011825603), (-0.9996354, 0.02494059, -0.010351228), (-0.9998098, 0.019342275, 0.002523276), (-0.9996391, 0.026620297, -0.0036339096), (-0.9998246, 0.017973276, 0.005268733), (-0.9998098, 0.019342275, 0.002523276), (-0.9997509, 0.013343883, -0.017891496), (-0.9996391, 0.026620297, -0.0036339096), (-0.99884087, 0.043828975, -0.019897573), (-0.9995939, 0.028084923, -0.0048239906), (-0.9994362, 0.031424858, -0.011825603), (-0.9997509, 0.013343883, -0.017891496), (-0.9997077, 0.020231936, -0.013244418), (-0.9996391, 0.026620297, -0.0036339096), (-0.99884087, 0.043828975, -0.019897573), (-0.9991123, 0.041941915, 0.0039342092), (-0.9995939, 0.028084923, -0.0048239906), (-0.9997077, 0.020231936, -0.013244418), (-0.9997892, 0.006427952, -0.01950169), (-0.9996391, 0.026620297, -0.0036339096), (-0.9997077, 0.020231936, -0.013244418), (-0.9997281, -0.00007802043, -0.02332016), (-0.9997892, 0.006427952, -0.01950169), (-0.9991123, 0.041941915, 0.0039342092), (-0.9995699, 0.022986922, -0.018214786), (-0.9995939, 0.028084923, -0.0048239906), (-0.9997281, -0.00007802043, -0.02332016), (-0.9996607, 0.007443227, -0.024964867), (-0.9997892, 0.006427952, -0.01950169), (-0.9996607, 0.007443227, -0.024964867), (-0.9997925, -0.0021984684, -0.0202519), (-0.9997892, 0.006427952, -0.01950169), (-0.9991123, 0.041941915, 0.0039342092), (-0.9998762, 0.0055953404, -0.0147064775), (-0.9995699, 0.022986922, -0.018214786), (-0.9997925, -0.0021984684, -0.0202519), (-0.99978834, -0.0060447943, -0.019666309), (-0.9997892, 0.006427952, -0.01950169), (-0.9998762, 0.0055953404, -0.0147064775), (-0.9991861, 0.003843916, -0.040153444), (-0.9995699, 0.022986922, -0.018214786), (-0.9997925, -0.0021984684, -0.0202519), (-0.9997818, -0.006810279, -0.019747814), (-0.99978834, -0.0060447943, -0.019666309), (-0.9998762, 0.0055953404, -0.0147064775), (-0.99994385, -0.010578233, 0.00068871793), (-0.9991861, 0.003843916, -0.040153444), (-0.9997818, -0.006810279, -0.019747814), (-0.9997947, -0.0003167503, -0.02025993), (-0.99978834, -0.0060447943, -0.019666309), (-0.9998762, 0.0055953404, -0.0147064775), (-0.999921, -0.009857254, -0.0078033702), (-0.99994385, -0.010578233, 0.00068871793), (-0.9997947, -0.0003167503, -0.02025993), (-0.99974453, 0.005795628, -0.021848125), (-0.99978834, -0.0060447943, -0.019666309), (-0.9997947, -0.0003167503, -0.02025993), (-0.9997399, 0.0055168928, -0.022134505), (-0.99974453, 0.005795628, -0.021848125), (-0.999921, -0.009857254, -0.0078033702), (-0.99994284, -0.0096038515, -0.0047068135), (-0.99994385, -0.010578233, 0.00068871793), (-0.999921, -0.009857254, -0.0078033702), (-0.9999866, -0.00513784, 0.0006436041), (-0.99994284, -0.0096038515, -0.0047068135), (-0.9997399, 0.0055168928, -0.022134505), (-0.99971724, 0.0072098994, -0.02266271), (-0.99974453, 0.005795628, -0.021848125), (-0.9999866, -0.00513784, 0.0006436041), (-0.9998569, -0.008540022, 0.014605204), (-0.99994284, -0.0096038515, -0.0047068135), (-0.99971724, 0.0072098994, -0.02266271), (-0.9997986, -0.012022238, -0.016073985), (-0.99974453, 0.005795628, -0.021848125), (-0.99971724, 0.0072098994, -0.02266271), (-0.9997396, -0.015292428, -0.016937668), (-0.9997986, -0.012022238, -0.016073985), (-0.9999866, -0.00513784, 0.0006436041), (-0.99999994, -0.00029884066, -0.0000068612917), (-0.9998569, -0.008540022, 0.014605204), (-0.9999866, -0.00513784, 0.0006436041), (-0.9999331, 0.00975517, -0.0062264046), (-0.99999994, -0.00029884066, -0.0000068612917), (-0.9997396, -0.015292428, -0.016937668), (-0.9997475, -0.018490372, -0.012771133), (-0.9997986, -0.012022238, -0.016073985), (-0.9999331, 0.00975517, -0.0062264046), (-0.99999994, -0.0002988542, -0.0000069005355), (-0.99999994, -0.00029884066, -0.0000068612917), (-0.99935293, -0.0353062, 0.0068707364), (-0.9997986, -0.012022238, -0.016073985), (-0.9997475, -0.018490372, -0.012771133), (-0.99935293, -0.0353062, 0.0068707364), (-0.9997475, -0.018490372, -0.012771133), (-0.999886, -0.013511841, -0.0067414665), (-0.9999331, 0.00975517, -0.0062264046), (-0.9996264, 0.02383667, -0.013377036), (-0.99999994, -0.0002988542, -0.0000069005355), (-0.9999331, 0.00975517, -0.0062264046), (-0.9999747, -0.0051029115, 0.0049605505), (-0.9996264, 0.02383667, -0.013377036), (-0.99935293, -0.0353062, 0.0068707364), (-0.999886, -0.013511841, -0.0067414665), (-0.99947554, -0.028886806, 0.014644273), (-0.9999747, -0.0051029115, 0.0049605505), (-0.99947554, -0.028886806, 0.014644273), (-0.9996264, 0.02383667, -0.013377036), (-0.9999747, -0.0051029115, 0.0049605505), (-0.99935293, -0.0353062, 0.0068707364), (-0.99947554, -0.028886806, 0.014644273), (-0.9996672, -0.025734002, 0.0018087125), (-0.9998664, 0.009998065, -0.01293719), (-0.99971986, -0.0236139, -0.0016551898), (-0.99971986, -0.0236139, -0.0016551898), (-0.9999877, -0.0030946948, -0.0038759583), (-0.9996672, -0.025734002, 0.0018087125), (-0.9996672, -0.025734002, 0.0018087125), (-0.9996871, 0.025001153, -0.0009035851), (-0.9998664, 0.009998065, -0.01293719), (-0.99971986, -0.0236139, -0.0016551898), (-0.9999556, -0.0031378039, 0.008893809), (-0.9999877, -0.0030946948, -0.0038759583), (-0.9996871, 0.025001153, -0.0009035851), (-0.9995897, 0.01721172, -0.022899957), (-0.9998664, 0.009998065, -0.01293719), (-0.9999556, -0.0031378039, 0.008893809), (-0.99948764, -0.028542379, 0.014484284), (-0.9999877, -0.0030946948, -0.0038759583), (-0.9995897, 0.01721172, -0.022899957), (-0.9997763, -0.0026474542, -0.020983627), (-0.9998664, 0.009998065, -0.01293719), (-0.9995897, 0.01721172, -0.022899957), (-0.9995633, -0.028654993, -0.0072317305), (-0.9997763, -0.0026474542, -0.020983627), (-0.9999556, -0.0031378039, 0.008893809), (-0.99981695, 0.0059400294, 0.018186545), (-0.99948764, -0.028542379, 0.014484284), (-0.9999556, -0.0031378039, 0.008893809), (-0.9997312, 0.020913504, 0.010016338), (-0.99981695, 0.0059400294, 0.018186545), (-0.9997312, 0.020913504, 0.010016338), (-0.9988858, 0.046737283, 0.00654264), (-0.99981695, 0.0059400294, 0.018186545), (-0.9995633, -0.028654993, -0.0072317305), (-0.9996772, -0.025288532, -0.002472816), (-0.9997763, -0.0026474542, -0.020983627), (-0.9996772, -0.025288532, -0.002472816), (-0.9997299, -0.022499034, -0.005840718), (-0.9997763, -0.0026474542, -0.020983627), (-0.9997312, 0.020913504, 0.010016338), (-0.99999845, -0.0004393721, 0.0017430605), (-0.9988858, 0.046737283, 0.00654264), (-0.9996772, -0.025288532, -0.002472816), (-0.999706, -0.021325056, -0.011552212), (-0.9997299, -0.022499034, -0.005840718), (-0.9997312, 0.020913504, 0.010016338), (-0.99996513, -0.008360459, -0.000062613915), (-0.99999845, -0.0004393721, 0.0017430605), (-0.99996513, -0.008360459, -0.000062613915), (-0.9999536, -0.009343907, 0.0023340515), (-0.99999845, -0.0004393721, 0.0017430605), (-0.999706, -0.021325056, -0.011552212), (-0.9995555, -0.016299529, -0.024963036), (-0.9997299, -0.022499034, -0.005840718), (-0.999706, -0.021325056, -0.011552212), (-0.9989204, -0.024761004, -0.039307144), (-0.9995555, -0.016299529, -0.024963036), (-0.99996513, -0.008360459, -0.000062613915), (-0.9999827, -0.005876787, -0.00006039689), (-0.9999536, -0.009343907, 0.0023340515), (-0.99996513, -0.008360459, -0.000062613915), (-0.9999832, -0.005535698, -0.0017432157), (-0.9999827, -0.005876787, -0.00006039689), (-0.9989204, -0.024761004, -0.039307144), (-0.9995472, -0.005555567, -0.02957219), (-0.9995555, -0.016299529, -0.024963036), (-0.9995472, -0.005555567, -0.02957219), (-0.99997437, 0.0071645156, 0.000039941064), (-0.9995555, -0.016299529, -0.024963036), (-0.9995472, -0.005555567, -0.02957219), (-0.99993867, 0.0059124376, -0.00937136), (-0.99997437, 0.0071645156, 0.000039941064), (-0.9999832, -0.005535698, -0.0017432157), (-0.9999875, -0.004735278, -0.0016782098), (-0.9999827, -0.005876787, -0.00006039689), (-0.99993867, 0.0059124376, -0.00937136), (-0.99993426, 0.011377147, 0.0014759247), (-0.99997437, 0.0071645156, 0.000039941064), (-0.9999832, -0.005535698, -0.0017432157), (-0.99990153, -0.0074017383, -0.011921439), (-0.9999875, -0.004735278, -0.0016782098), (-0.99993426, 0.011377147, 0.0014759247), (-0.999926, 0.012161314, 0.00044402966), (-0.99997437, 0.0071645156, 0.000039941064), (-0.99990153, -0.0074017383, -0.011921439), (-0.9999601, 0.0028529193, 0.008463071), (-0.9999875, -0.004735278, -0.0016782098), (-0.99993426, 0.011377147, 0.0014759247), (-0.9999339, 0.0107254395, -0.0041548177), (-0.999926, 0.012161314, 0.00044402966), (-0.9999339, 0.0107254395, -0.0041548177), (-0.99991274, 0.006664623, -0.011409207), (-0.999926, 0.012161314, 0.00044402966), (-0.99990153, -0.0074017383, -0.011921439), (-0.999792, 0.003584466, -0.020080777), (-0.9999601, 0.0028529193, 0.008463071), (-0.9999339, 0.0107254395, -0.0041548177), (-0.99991125, 0.0062978663, -0.011740796), (-0.99991274, 0.006664623, -0.011409207), (-0.99990153, -0.0074017383, -0.011921439), (-0.99969864, 0.011254868, -0.021820815), (-0.999792, 0.003584466, -0.020080777), (-0.99991125, 0.0062978663, -0.011740796), (-0.99992317, 0.0075146435, -0.009865472), (-0.99991274, 0.006664623, -0.011409207), (-0.99969864, 0.011254868, -0.021820815), (-0.9996203, 0.027552102, -0.00038859952), (-0.999792, 0.003584466, -0.020080777), (-0.99992317, 0.0075146435, -0.009865472), (-0.9998712, 0.016032282, -0.0007533087), (-0.99991274, 0.006664623, -0.011409207), (-0.99992317, 0.0075146435, -0.009865472), (-0.9999425, 0.0107239485, 0.00026446013), (-0.9998712, 0.016032282, -0.0007533087), (-0.99969864, 0.011254868, -0.021820815), (-0.99981564, 0.016678924, -0.0095108375), (-0.9996203, 0.027552102, -0.00038859952), (-0.9999425, 0.0107239485, 0.00026446013), (-0.9998215, 0.018837567, -0.001464305), (-0.9998712, 0.016032282, -0.0007533087), (-0.99981564, 0.016678924, -0.0095108375), (-0.99978745, 0.0085106725, -0.018781018), (-0.9996203, 0.027552102, -0.00038859952), (-0.9998215, 0.018837567, -0.001464305), (-0.99979824, 0.017730528, -0.009452729), (-0.9998712, 0.016032282, -0.0007533087), (-0.9998215, 0.018837567, -0.001464305), (-0.9998318, 0.0043241316, -0.017825715), (-0.99979824, 0.017730528, -0.009452729), (-0.99981564, 0.016678924, -0.0095108375), (-0.99990815, 0.009802513, -0.009371607), (-0.99978745, 0.0085106725, -0.018781018), (-0.9998318, 0.0043241316, -0.017825715), (-0.9997515, 0.01102801, -0.019378217), (-0.99979824, 0.017730528, -0.009452729), (-0.99981564, 0.016678924, -0.0095108375), (-0.999834, 0.016188785, 0.008360203), (-0.99990815, 0.009802513, -0.009371607), (-0.9997515, 0.01102801, -0.019378217), (-0.99971145, 0.012982035, -0.020216148), (-0.99979824, 0.017730528, -0.009452729), (-0.9997515, 0.01102801, -0.019378217), (-0.9996958, 0.009742449, -0.022659432), (-0.99971145, 0.012982035, -0.020216148), (-0.999834, 0.016188785, 0.008360203), (-0.9998447, 0.013085569, -0.01181027), (-0.99990815, 0.009802513, -0.009371607), (-0.9996958, 0.009742449, -0.022659432), (-0.9996476, 0.014044453, -0.022528516), (-0.99971145, 0.012982035, -0.020216148), (-0.9996476, 0.014044453, -0.022528516), (-0.99974746, 0.008590507, -0.020764275), (-0.99971145, 0.012982035, -0.020216148), (-0.999834, 0.016188785, 0.008360203), (-0.9995927, 0.0014890307, -0.028502328), (-0.9998447, 0.013085569, -0.01181027), (-0.99974746, 0.008590507, -0.020764275), (-0.9997987, 0.00565225, -0.019251516), (-0.99971145, 0.012982035, -0.020216148), (-0.9995927, 0.0014890307, -0.028502328), (-0.9989243, -0.005410622, -0.04605593), (-0.9998447, 0.013085569, -0.01181027), (-0.99974746, 0.008590507, -0.020764275), (-0.9997333, 0.0099947695, -0.020817632), (-0.9997987, 0.00565225, -0.019251516), (-0.9995927, 0.0014890307, -0.028502328), (-0.9999143, -0.010532511, -0.0077895517), (-0.9989243, -0.005410622, -0.04605593), (-0.9997333, 0.0099947695, -0.020817632), (-0.99984115, -0.000074893105, -0.017824193), (-0.9997987, 0.00565225, -0.019251516), (-0.9995927, 0.0014890307, -0.028502328), (-0.999967, -0.0081000915, 0.00063046697), (-0.9999143, -0.010532511, -0.0077895517), (-0.99984115, -0.000074893105, -0.017824193), (-0.9998262, -0.008647329, -0.016520988), (-0.9997987, 0.00565225, -0.019251516), (-0.99984115, -0.000074893105, -0.017824193), (-0.9997764, -0.010908477, -0.018112937), (-0.9998262, -0.008647329, -0.016520988), (-0.999967, -0.0081000915, 0.00063046697), (-0.99988747, -0.008636699, 0.012268383), (-0.9999143, -0.010532511, -0.0077895517), (-0.999967, -0.0081000915, 0.00063046697), (-0.9999884, -0.0046488605, -0.0012800276), (-0.99988747, -0.008636699, 0.012268383), (-0.9997764, -0.010908477, -0.018112937), (-0.99984586, -0.0034341135, -0.017219795), (-0.9998262, -0.008647329, -0.016520988), (-0.9999884, -0.0046488605, -0.0012800276), (-0.9999562, 0.0015163167, -0.009238998), (-0.99988747, -0.008636699, 0.012268383), (-0.99984586, -0.0034341135, -0.017219795), (-0.9998278, -0.00045150483, -0.018554807), (-0.9998262, -0.008647329, -0.016520988), (-0.99984586, -0.0034341135, -0.017219795), (-0.9999252, -0.003964723, -0.011573632), (-0.9998278, -0.00045150483, -0.018554807), (-0.9999884, -0.0046488605, -0.0012800276), (-0.9999576, -0.009152448, -0.0010391801), (-0.9999562, 0.0015163167, -0.009238998), (-0.9999884, -0.0046488605, -0.0012800276), (-0.99998933, -0.0013489425, -0.0044067944), (-0.9999576, -0.009152448, -0.0010391801), (-0.9999252, -0.003964723, -0.011573632), (-0.9997608, -0.0021752852, -0.021764858), (-0.9998278, -0.00045150483, -0.018554807), (-0.99998933, -0.0013489425, -0.0044067944), (-0.9999324, -0.011294811, 0.0027740444), (-0.9999576, -0.009152448, -0.0010391801), (-0.9996648, -0.02489105, -0.0071282554), (-0.9998278, -0.00045150483, -0.018554807), (-0.9997608, -0.0021752852, -0.021764858), (-0.9996648, -0.02489105, -0.0071282554), (-0.9997608, -0.0021752852, -0.021764858), (-0.9996097, -0.020982446, -0.018447388), (-0.99998933, -0.0013489425, -0.0044067944), (-0.9996882, 0.01820543, -0.017090814), (-0.9999324, -0.011294811, 0.0027740444), (-0.99998933, -0.0013489425, -0.0044067944), (-0.9999025, -0.013723976, 0.0025996356), (-0.9996882, 0.01820543, -0.017090814), (-0.9996648, -0.02489105, -0.0071282554), (-0.9996097, -0.020982446, -0.018447388), (-0.99944395, -0.03277158, 0.006159853), (-0.9999025, -0.013723976, 0.0025996356), (-0.99944395, -0.03277158, 0.006159853), (-0.9996882, 0.01820543, -0.017090814), (-0.9999025, -0.013723976, 0.0025996356), (-0.9996648, -0.02489105, -0.0071282554), (-0.99944395, -0.03277158, 0.006159853), (-0.99985576, -0.016793357, -0.0025732883), (-0.99966985, 0.014553418, -0.021173818), (-0.9997291, -0.02315275, 0.0023939589), (-0.9997291, -0.02315275, 0.0023939589), (-0.99996823, -0.0077772643, 0.0017581964), (-0.99985576, -0.016793357, -0.0025732883), (-0.99985576, -0.016793357, -0.0025732883), (-0.9997953, 0.01845252, -0.008295226), (-0.99966985, 0.014553418, -0.021173818), (-0.9997291, -0.02315275, 0.0023939589), (-0.99985206, -0.01524514, 0.007964401), (-0.99996823, -0.0077772643, 0.0017581964), (-0.9997953, 0.01845252, -0.008295226), (-0.99952054, 0.012800627, -0.028196588), (-0.99966985, 0.014553418, -0.021173818), (-0.99985206, -0.01524514, 0.007964401), (-0.9995239, -0.030388566, 0.005338318), (-0.99996823, -0.0077772643, 0.0017581964), (-0.99952054, 0.012800627, -0.028196588), (-0.9997209, -0.004144094, -0.02326312), (-0.99966985, 0.014553418, -0.021173818), (-0.99952054, 0.012800627, -0.028196588), (-0.9996144, -0.02423021, -0.013563127), (-0.9997209, -0.004144094, -0.02326312), (-0.99985206, -0.01524514, 0.007964401), (-0.9998448, -0.009806569, 0.014635077), (-0.9995239, -0.030388566, 0.005338318), (-0.99985206, -0.01524514, 0.007964401), (-0.9998358, 0.01711293, 0.0059619453), (-0.9998448, -0.009806569, 0.014635077), (-0.9998358, 0.01711293, 0.0059619453), (-0.9988971, 0.046915818, 0.0018574639), (-0.9998448, -0.009806569, 0.014635077), (-0.9996144, -0.02423021, -0.013563127), (-0.99972653, -0.022342531, -0.006919386), (-0.9997209, -0.004144094, -0.02326312), (-0.99972653, -0.022342531, -0.006919386), (-0.99981236, -0.017842397, -0.0075460738), (-0.9997209, -0.004144094, -0.02326312), (-0.9998358, 0.01711293, 0.0059619453), (-0.9999808, 0.0053949836, -0.0030727529), (-0.9988971, 0.046915818, 0.0018574639), (-0.99972653, -0.022342531, -0.006919386), (-0.99983996, -0.016191583, -0.007615582), (-0.99981236, -0.017842397, -0.0075460738), (-0.9998358, 0.01711293, 0.0059619453), (-0.99996567, -0.0066895103, -0.0049096188), (-0.9999808, 0.0053949836, -0.0030727529), (-0.99996567, -0.0066895103, -0.0049096188), (-0.9998707, -0.013095218, -0.009331034), (-0.9999808, 0.0053949836, -0.0030727529), (-0.99983996, -0.016191583, -0.007615582), (-0.99982136, -0.012414134, -0.014254522), (-0.99981236, -0.017842397, -0.0075460738), (-0.99983996, -0.016191583, -0.007615582), (-0.9992932, -0.022294901, -0.030265667), (-0.99982136, -0.012414134, -0.014254522), (-0.99996567, -0.0066895103, -0.0049096188), (-0.9999988, -0.0010843939, 0.0010689433), (-0.9998707, -0.013095218, -0.009331034), (-0.99996567, -0.0066895103, -0.0049096188), (-0.99994975, 0.008939538, 0.004556835), (-0.9999988, -0.0010843939, 0.0010689433), (-0.9992932, -0.022294901, -0.030265667), (-0.99968415, 0.00037620196, -0.025127893), (-0.99982136, -0.012414134, -0.014254522), (-0.99968415, 0.00037620196, -0.025127893), (-0.9999143, 0.009772806, -0.00871792), (-0.99982136, -0.012414134, -0.014254522), (-0.99968415, 0.00037620196, -0.025127893), (-0.00029870388, 0.9999203, -0.012622818), (-0.9999143, 0.009772806, -0.00871792), (-0.99994975, 0.008939538, 0.004556835), (-0.99994284, 0.010543594, 0.001782044), (-0.9999988, -0.0010843939, 0.0010689433), (-0.00029870388, 0.9999203, -0.012622818), (-0.99987763, 0.011232336, -0.010892773), (-0.9999143, 0.009772806, -0.00871792), (-0.99994975, 0.008939538, 0.004556835), (-0.99975044, -0.0072775814, -0.02112566), (-0.99994284, 0.010543594, 0.001782044), (-0.99987763, 0.011232336, -0.010892773), (-0.99992347, 0.0078996215, -0.009521108), (-0.9999143, 0.009772806, -0.00871792), (-0.99975044, -0.0072775814, -0.02112566), (-0.99998647, 0.003337218, -0.0039920094), (-0.99994284, 0.010543594, 0.001782044), (-0.99987763, 0.011232336, -0.010892773), (-0.999934, 0.0049118907, -0.0103811035), (-0.99992347, 0.0078996215, -0.009521108), (-0.999934, 0.0049118907, -0.0103811035), (-0.99995106, 0.0086905835, -0.0047361166), (-0.99992347, 0.0078996215, -0.009521108), (-0.99975044, -0.0072775814, -0.02112566), (-0.9993411, -0.0068052853, -0.035654396), (-0.99998647, 0.003337218, -0.0039920094), (-0.999934, 0.0049118907, -0.0103811035), (-0.99992156, 0.01117938, -0.0056561586), (-0.99995106, 0.0086905835, -0.0047361166), (-0.99975044, -0.0072775814, -0.02112566), (-0.998895, 0.011692617, -0.045519598), (-0.9993411, -0.0068052853, -0.035654396), (-0.99992156, 0.01117938, -0.0056561586), (-0.999897, 0.013459728, 0.0050009293), (-0.99995106, 0.0086905835, -0.0047361166), (-0.998895, 0.011692617, -0.045519598), (-0.9996212, 0.024667997, -0.0122048855), (-0.9993411, -0.0068052853, -0.035654396), (-0.999897, 0.013459728, 0.0050009293), (-0.9998084, 0.019079883, 0.0043845563), (-0.99995106, 0.0086905835, -0.0047361166), (-0.999897, 0.013459728, 0.0050009293), (-0.99997157, 0.0056721936, -0.0049905735), (-0.9998084, 0.019079883, 0.0043845563), (-0.998895, 0.011692617, -0.045519598), (-0.99879175, 0.04864074, -0.0070191864), (-0.9996212, 0.024667997, -0.0122048855), (-0.99997157, 0.0056721936, -0.0049905735), (-0.99956936, 0.028991206, 0.0045682755), (-0.9998084, 0.019079883, 0.0043845563), (-0.99879175, 0.04864074, -0.0070191864), (-0.99946016, 0.03264701, -0.0036877424), (-0.9996212, 0.024667997, -0.0122048855), (-0.99956936, 0.028991206, 0.0045682755), (-0.99989444, 0.0064623915, -0.013021584), (-0.9998084, 0.019079883, 0.0043845563), (-0.99956936, 0.028991206, 0.0045682755), (-0.99983114, 0.0043457043, -0.017853478), (-0.99989444, 0.0064623915, -0.013021584), (-0.99879175, 0.04864074, -0.0070191864), (-0.9997026, 0.023741635, -0.0055794283), (-0.99946016, 0.03264701, -0.0036877424), (-0.99983114, 0.0043457043, -0.017853478), (-0.99954844, -0.014431914, -0.026355768), (-0.99989444, 0.0064623915, -0.013021584), (-0.99879175, 0.04864074, -0.0070191864), (-0.9998118, 0.016935352, -0.009471731), (-0.9997026, 0.023741635, -0.0055794283), (-0.99954844, -0.014431914, -0.026355768), (-0.9997887, 0.012510111, -0.016314838), (-0.99989444, 0.0064623915, -0.013021584), (-0.99954844, -0.014431914, -0.026355768), (-0.9998791, 0.012029581, -0.009862438), (-0.9997887, 0.012510111, -0.016314838), (-0.9998118, 0.016935352, -0.009471731), (-0.999307, 0.0071431645, -0.03653188), (-0.9997026, 0.023741635, -0.0055794283), (-0.9998791, 0.012029581, -0.009862438), (-0.9999125, 0.010100894, -0.00855091), (-0.9997887, 0.012510111, -0.016314838), (-0.9999125, 0.010100894, -0.00855091), (-0.9995946, 0.023015343, -0.016760094), (-0.9997887, 0.012510111, -0.016314838), (-0.9998118, 0.016935352, -0.009471731), (-0.999745, -0.0014417238, -0.022539478), (-0.999307, 0.0071431645, -0.03653188), (-0.9995946, 0.023015343, -0.016760094), (-0.9997104, 0.011378694, -0.02120672), (-0.9997887, 0.012510111, -0.016314838), (-0.999745, -0.0014417238, -0.022539478), (-0.9995095, -0.002238076, -0.031236926), (-0.999307, 0.0071431645, -0.03653188), (-0.9995946, 0.023015343, -0.016760094), (-0.9996789, 0.0018278421, -0.025277099), (-0.9997104, 0.011378694, -0.02120672), (-0.999745, -0.0014417238, -0.022539478), (-0.9998896, -0.012305074, 0.008333276), (-0.9995095, -0.002238076, -0.031236926), (-0.9996789, 0.0018278421, -0.025277099), (-0.99976444, -0.0008268051, -0.021688), (-0.9997104, 0.011378694, -0.02120672), (-0.999745, -0.0014417238, -0.022539478), (-0.99980503, -0.012763999, 0.015068551), (-0.9998896, -0.012305074, 0.008333276), (-0.99976444, -0.0008268051, -0.021688), (-0.99984974, -0.005406445, -0.01647738), (-0.9997104, 0.011378694, -0.02120672), (-0.99976444, -0.0008268051, -0.021688), (-0.99982333, 0.006044837, -0.017798884), (-0.99984974, -0.005406445, -0.01647738), (-0.99980503, -0.012763999, 0.015068551), (-0.9998144, -0.011700394, 0.015306092), (-0.9998896, -0.012305074, 0.008333276), (-0.99980503, -0.012763999, 0.015068551), (-0.9999872, -0.0050528725, 0.00025999616), (-0.9998144, -0.011700394, 0.015306092), (-0.99982333, 0.006044837, -0.017798884), (-0.9998951, -0.0075698253, -0.012350388), (-0.99984974, -0.005406445, -0.01647738), (-0.9999872, -0.0050528725, 0.00025999616), (-0.99997747, -0.006167412, -0.0026600244), (-0.9998144, -0.011700394, 0.015306092), (-0.9998951, -0.0075698253, -0.012350388), (-0.99990207, -0.0038523718, -0.01346169), (-0.99984974, -0.005406445, -0.01647738), (-0.9998951, -0.0075698253, -0.012350388), (-0.99992526, -0.0041806656, -0.011487019), (-0.99990207, -0.0038523718, -0.01346169), (-0.9999872, -0.0050528725, 0.00025999616), (-0.9999824, -0.0017880714, -0.005663012), (-0.99997747, -0.006167412, -0.0026600244), (-0.9999872, -0.0050528725, 0.00025999616), (-0.9998609, 0.0113485465, -0.01223174), (-0.9999824, -0.0017880714, -0.005663012), (-0.99992526, -0.0041806656, -0.011487019), (-0.99987376, -0.000807366, -0.01587335), (-0.99990207, -0.0038523718, -0.01346169), (-0.9998609, 0.0113485465, -0.01223174), (-0.9999953, -0.0025461412, -0.0017716807), (-0.9999824, -0.0017880714, -0.005663012), (-0.9995212, -0.030513348, 0.005131298), (-0.99990207, -0.0038523718, -0.01346169), (-0.99987376, -0.000807366, -0.01587335), (-0.9995212, -0.030513348, 0.005131298), (-0.99987376, -0.000807366, -0.01587335), (-0.9997065, -0.023534186, -0.005747814), (-0.9998609, 0.0113485465, -0.01223174), (-0.9995261, 0.025822802, -0.01675536), (-0.9999953, -0.0025461412, -0.0017716807), (-0.9998609, 0.0113485465, -0.01223174), (-0.999953, -0.007959478, 0.0055392394), (-0.9995261, 0.025822802, -0.01675536), (-0.9995212, -0.030513348, 0.005131298), (-0.9997065, -0.023534186, -0.005747814), (-0.9992545, -0.034916796, 0.016469667), (-0.999953, -0.007959478, 0.0055392394), (-0.9992545, -0.034916796, 0.016469667), (-0.9995261, 0.025822802, -0.01675536), (-0.999953, -0.007959478, 0.0055392394), (-0.9995212, -0.030513348, 0.005131298), (-0.9992545, -0.034916796, 0.016469667), (0.038834557, -0.9425967, -0.3316677), (-0.99969923, -0.0040382408, 0.024190627), (-0.07122543, -0.92487967, -0.37353003), (-0.07122543, -0.92487967, -0.37353003), (-0.11615666, -0.7365567, -0.6663271), (-0.9999366, 0.0004327821, -0.011254773), (-0.9999366, 0.0004327821, -0.011254773), (0.038834557, -0.9425967, -0.3316677), (-0.07122543, -0.92487967, -0.37353003), (-0.11474719, 0.8190016, 0.5622006), (-0.11464376, 0.92186576, 0.37016255), (-0.101647064, 0.89077973, 0.4429214), (-0.101647064, 0.89077973, 0.4429214), (-0.9988219, 0.026800515, -0.04045311), (-0.11474719, 0.8190016, 0.5622006), (-0.99981236, -0.017842397, -0.0075460738), (-0.0091545405, 0.78815055, 0.61541444), (-0.106536925, 0.8484663, 0.5184158), (-0.99983996, -0.016191583, -0.007615582), (-0.091822036, -0.94439876, -0.31572112), (-0.116208844, -0.9387839, -0.3243154), (-0.116208844, -0.9387839, -0.3243154), (-0.1035818, -0.98343915, -0.1487222), (-0.11229397, -0.9746145, -0.1936923), (-0.11229397, -0.9746145, -0.1936923), (-0.99983996, -0.016191583, -0.007615582), (-0.116208844, -0.9387839, -0.3243154), (-0.9991123, 0.041941915, 0.0039342092), (-0.99884087, 0.043828975, -0.019897573), (-0.029048271, -0.85577226, 0.51653653), (-0.999921, -0.009857254, -0.0078033702), (-0.9998762, 0.0055953404, -0.0147064775), (-0.029811777, -0.99691534, 0.07260191), (-0.99998605, -0.00034732008, -0.005275109), (-0.9998454, -0.008631904, -0.015328319), (-0.00029870388, 0.9999203, -0.012622818), (-0.99990183, -0.0054818513, -0.012899577), (-0.9997176, -0.007310381, -0.022615356), (-0.018793147, 0.54484874, 0.8383237), (-0.99979746, 0.01833318, -0.008301896), (-0.99994904, 0.0032190562, 0.009578068), (-0.018582752, 0.9665634, 0.25575352), (-0.99979824, 0.017730528, -0.009452729), (-0.0834754, 0.7141865, -0.6949601), (-0.9998712, 0.016032282, -0.0007533087), (-0.9997454, -0.012086981, -0.0190544), (-0.999892, 0.014531703, -0.0022367984), (-0.03163909, 0.35426146, -0.93461114), (-0.99995404, -0.008383534, 0.004660008), (-0.99568075, -0.021439653, -0.09033403), (-0.000019514086, 0.04236283, 0.9991023), (-0.999745, -0.0014417238, -0.022539478), (-0.9998118, 0.016935352, -0.009471731), (-0.030418618, -0.95528287, 0.29412487), (-0.99989444, 0.0064623915, -0.013021584), (-0.0811309, 0.71038646, -0.69912016), (-0.9998084, 0.019079883, 0.0043845563), (-0.99993056, 0.006645417, 0.009740145), (-0.99965096, -0.02167297, 0.015111821), (-0.008226742, 0.29031682, -0.95689535), (-0.99963194, -0.0005464351, -0.027124383), (-0.99985534, 0.01513653, -0.007771447), (-0.075102136, 0.6814741, -0.7279786), (-0.12956639, -0.4235005, 0.8965824), (-0.05675866, -0.660888, 0.7483351), (-0.1482066, -0.2314189, 0.9614989), (-0.13579294, -0.73959196, 0.65921474), (-0.00029870388, 0.9999203, -0.012622818), (-0.9994723, 0.017210364, 0.027548753), (-0.9999644, -0.003963748, -0.0074512577), (-0.079516776, -0.77384955, -0.6283582), (-0.99996287, -0.0026052548, -0.0082172), (-0.99974567, -0.0032263414, 0.022320472), (-0.08034831, -0.60804135, -0.789829), (-0.99964905, 0.019962648, 0.017416397), (-0.99996287, -0.0026052548, -0.0082172), (-0.07807993, -0.63526005, -0.7683412), (-0.99974567, -0.0032263414, 0.022320472), (-0.99982893, -0.009936201, -0.015607337), (-0.034605477, -0.49137193, 0.8702622), (-0.9991227, 0.01088746, -0.040441412), (-0.99884087, 0.043828975, -0.019897573), (-0.9991227, 0.01088746, -0.040441412), (-0.08552359, -0.8090967, 0.58141917), (-0.9998762, 0.0055953404, -0.0147064775), (-0.9991123, 0.041941915, 0.0039342092), (-0.028891362, -0.95868987, 0.28298238), (-0.9999866, -0.00513784, 0.0006436041), (-0.999921, -0.009857254, -0.0078033702), (-0.029142698, -0.9834767, -0.17867367), (-0.99990547, 0.0013577654, -0.013683073), (-0.081941545, 0.9617101, -0.26153243), (-0.9998139, 0.012987, 0.0142649915), (-0.9998246, 0.017973276, 0.005268733), (-0.082141526, 0.86413586, -0.49650994), (-0.99990547, 0.0013577654, -0.013683073), (-0.9999052, 0.012689806, 0.0053476393), (-0.07981513, 0.97588927, 0.20314941), (-0.99926066, -0.011577548, -0.036663953), (-0.99926066, -0.011577548, -0.036663953), (-0.08315496, 0.89214635, 0.44402748), (-0.9997313, -0.022987228, -0.0030139345), (-0.00029870388, 0.9999203, -0.012622818), (0.000091692855, -0.32854378, 0.94448876), (-0.99998605, -0.00034732008, -0.005275109), (0.00011437685, -0.3613578, -0.9324273), (-0.00029870388, 0.9999203, -0.012622818), (-0.9998454, -0.008631904, -0.015328319), (-0.9998454, -0.008631904, -0.015328319), (-0.9990712, 0.0037330438, 0.04292983), (0.00011437685, -0.3613578, -0.9324273), (0.000091692855, -0.32854378, 0.94448876), (0.00011437685, -0.3613578, -0.9324273), (-0.9990712, 0.0037330438, 0.04292983), (-0.9990712, 0.0037330438, 0.04292983), (-0.99998605, -0.00034732008, -0.005275109), (0.000091692855, -0.32854378, 0.94448876), (-0.99968463, -0.008880854, -0.023491228), (-0.99990183, -0.0054818513, -0.012899577), (-0.01789704, 0.67316854, 0.73927253), (-0.99990153, -0.0074017383, -0.011921439), (-0.033954293, -0.49563754, 0.8678655), (-0.99969864, 0.011254868, -0.021820815), (-0.99981564, 0.016678924, -0.0095108375), (-0.99969864, 0.011254868, -0.021820815), (-0.081804305, -0.8000501, 0.59432995), (-0.999834, 0.016188785, 0.008360203), (-0.99981564, 0.016678924, -0.0095108375), (-0.028654668, -0.8574425, 0.5137813), (-0.9995927, 0.0014890307, -0.028502328), (-0.999834, 0.016188785, 0.008360203), (-0.030179957, -0.95582414, 0.29238582), (-0.999967, -0.0081000915, 0.00063046697), (-0.9995927, 0.0014890307, -0.028502328), (-0.027176058, -0.99828625, 0.051828366), (-0.00029870388, 0.9999203, -0.012622818), (-0.008512577, 0.5614293, 0.82748103), (-0.99634975, -0.085127, 0.0063852677), (-0.00029870388, 0.9999203, -0.012622818), (-0.99634975, -0.085127, 0.0063852677), (-0.013513927, 0.30414632, 0.9525295), (-0.99999374, -0.0009616384, 0.0034188156), (-0.99955815, 0.027637012, -0.010948958), (0.033404257, -0.55424523, 0.831683), (-0.9999366, 0.0004327821, -0.011254773), (-0.99969923, -0.0040382408, 0.024190627), (0.038834557, -0.9425967, -0.3316677), (-0.9989027, 0.045797147, 0.009795252), (-0.055531923, -0.3397418, -0.938878), (-0.9997932, -0.008646143, 0.01841357), (-0.9997932, -0.008646143, 0.01841357), (-0.0567294, -0.44331938, -0.8945669), (-0.9997441, 0.022486351, -0.002458122), (-0.9997441, 0.022486351, -0.002458122), (-0.056799524, -0.56219554, -0.82505155), (-0.99906164, 0.038379658, -0.020070957), (-0.9998609, 0.0113485465, -0.01223174), (-0.9999872, -0.0050528725, 0.00025999616), (-0.028811067, -0.9038448, -0.42688942), (-0.99995106, 0.0086905835, -0.0047361166), (-0.08180727, 0.96162814, -0.26187572), (-0.99992347, 0.0078996215, -0.009521108), (-0.99982136, -0.012414134, -0.014254522), (-0.0091545405, 0.78815055, 0.61541444), (-0.99981236, -0.017842397, -0.0075460738), (-0.99981236, -0.017842397, -0.0075460738), (-0.0800834, 0.8718423, 0.4831952), (-0.9997209, -0.004144094, -0.02326312), (-0.99920857, 0.0021150296, 0.039723482), (-0.03645514, 0.10297702, 0.99401546), (-0.9924518, -0.028163105, -0.1193581), (-0.99920857, 0.0021150296, 0.039723482), (-0.99941856, 0.034077007, 0.0011644736), (-0.07382615, -0.9636961, 0.25659215), (-0.9998603, -0.0054635527, -0.015800977), (-0.05182776, 0.9984298, -0.021258151), (-0.99998575, 0.0005094986, 0.0053264652), (-0.99998575, 0.0005094986, 0.0053264652), (-0.05101898, 0.9984847, 0.020630881), (-0.99988335, -0.00065060257, -0.015262402), (-0.99988335, -0.00065060257, -0.015262402), (-0.050465062, 0.99236315, 0.112555414), (-0.9998959, 0.007736071, 0.012188854), (-0.9998959, 0.007736071, 0.012188854), (-0.048930507, 0.97568333, 0.21365388), (-0.9999988, 0.0010943981, 0.0010590185), (-0.9999268, -0.00041841596, -0.012091281), (-0.07762205, -0.6718813, -0.7365801), (-0.9997393, 0.020192474, 0.010663581), (-0.9996468, -0.026382366, 0.0032154662), (-0.9999172, -0.00635455, 0.011189237), (-0.06366476, -0.46260002, -0.88427836), (-0.99995494, 0.0036775935, 0.008752179), (-0.99955785, 0.024312953, 0.017118156), (-0.010789327, 0.34155333, -0.93980056), (-0.9998293, -0.012157824, -0.013911797), (-0.06151616, 0.22320025, -0.97282964), (-0.99988675, 0.0023364953, -0.014867142), (-0.99988675, 0.0023364953, -0.014867142), (-0.06137952, 0.0043131416, -0.99810517), (-0.9998072, -0.00023187602, -0.019634278), (-0.9998072, -0.00023187602, -0.019634278), (-0.06225453, -0.2394645, -0.9689071), (-0.9999247, 0.0006125509, -0.012260407), (-0.99961615, 0.009335568, 0.026086926), (-0.068746604, -0.033266023, 0.9970794), (-0.99893254, -0.043664627, 0.015074966), (0.2792094, -0.3136802, 0.90755004), (0.20490028, -0.3533182, 0.9127882), (-0.9991295, 0.007506803, -0.041037545), (-0.083137654, 0.93879104, -0.33430466), (-0.9994772, -0.03232056, -0.00096330215), (-0.019339396, 0.9396986, -0.34145662), (-0.9602801, 0.04905481, 0.27469218), (-0.08361513, -0.27717382, 0.95717466), (-0.979721, -0.028526323, -0.19832553), (-0.99998444, 0.001447412, -0.0053909654), (-0.017687744, -0.99979043, -0.010307887), (-0.9939552, 0.109780535, 0.0010892749), (-0.99972105, 0.0017903318, 0.023553003), (-0.9999845, -0.003783432, 0.004101113), (0.07193476, 0.5902019, 0.80404425), (-0.999776, 0.02036313, 0.0057739303), (-0.0778703, 0.9171697, -0.39081472), (-0.9998799, 0.009491782, -0.012255435), (-0.9993717, 0.031107789, 0.016990855), (-0.9942749, 0.09892878, 0.040380523), (-0.030309334, 0.9528829, 0.3018205), (-0.99941105, 0.029739242, 0.017127844), (-0.9993717, 0.031107789, 0.016990855), (-0.029303806, 0.8385906, 0.54397357), (-0.9993518, 0.03200181, 0.016489523), (-0.99941105, 0.029739242, 0.017127844), (-0.032152306, 0.66543055, 0.74576706), (-0.9998293, -0.00037756536, 0.018472413), (-0.07892638, -0.93998885, -0.33195138), (-0.99605167, 0.084624365, 0.026832677), (-0.99605167, 0.084624365, 0.026832677), (-0.080531836, -0.81694245, -0.57106894), (-0.9968279, 0.07066703, 0.03661007), (-0.9993073, 0.012126351, 0.035184808), (-0.9994723, 0.017210364, 0.027548753), (-0.00029870388, 0.9999203, -0.012622818), (-0.9998805, -0.01544142, 0.00084721827), (-0.05002085, 0.94440794, 0.32494873), (-0.9992011, -0.013213084, 0.037716124), (0.0705426, 0.99480504, 0.07339519), (-0.97587997, -0.2173782, -0.020129902), (0.1872166, 0.981869, 0.029721342), (-0.99898756, -0.043591022, -0.011121664), (-0.061781626, 0.18302388, -0.9811654), (-0.11757179, -0.20452964, -0.9717739), (-0.17549369, -0.9834841, -0.04428474), (-0.067199215, -0.9974396, -0.024464121), (-0.9978914, 0.05857369, -0.02796047), (-0.06507409, 0.97033554, 0.23283957), (-0.9909351, -0.13428977, -0.0037513343), (0.34792262, 0.9357221, 0.05808553), (-0.9993426, -0.026651174, 0.024578938), (-0.0030097086, 0.9980465, -0.062402237), (-0.999821, 0.0016459031, -0.018847965), (-0.99971175, 0.016463129, -0.017480183), (-0.999821, 0.0016459031, -0.018847965), (-0.008619186, 0.9751349, 0.22144462), (-0.99979556, 0.0063194716, 0.019208442), (-0.99971175, 0.016463129, -0.017480183), (0.031078976, 0.99433523, 0.101644926), (-0.99989, 0.012037781, 0.008662219), (-0.99964905, 0.019962648, 0.017416397), (-0.06683956, -0.39891386, -0.9145492), (-0.9996391, 0.026620297, -0.0036339096), (-0.09349196, 0.607397, -0.7888778), (-0.9998246, 0.017973276, 0.005268733), (-0.9990432, -0.010758804, 0.042390723), (-0.067362934, -0.5137699, -0.8552793), (-0.99998075, 0.0045151985, 0.0042824373), (-0.9999579, -0.0047683055, 0.007846922), (-0.07032345, -0.9974716, -0.010258724), (-0.9993856, 0.017107846, -0.030594157), (-0.9999641, -0.004417539, 0.0072305542), (-0.9993856, 0.017107846, -0.030594157), (-0.07032345, -0.9974716, -0.010258724), (-0.9998712, 0.016032282, -0.0007533087), (-0.08129463, 0.86310977, -0.49843037), (-0.99991274, 0.006664623, -0.011409207), (-0.9994044, 0.014427621, -0.031350825), (-0.999784, 0.019842472, 0.0061934623), (0.034070436, -0.9736792, 0.2253624), (-0.999784, 0.019842472, 0.0061934623), (-0.9999048, 0.013110734, -0.004320549), (0.031882852, -0.8963854, 0.44212756), (-0.99966985, 0.014553418, -0.021173818), (-0.9997209, -0.004144094, -0.02326312), (-0.011239872, 0.6491749, 0.76055604), (-0.9998118, 0.016935352, -0.009471731), (-0.99879175, 0.04864074, -0.0070191864), (-0.029590528, -0.85351783, 0.5202229), (-0.99980503, -0.012763999, 0.015068551), (-0.999745, -0.0014417238, -0.022539478), (-0.027176233, -0.99828625, 0.051828288), (-0.9998084, 0.019079883, 0.0043845563), (-0.08129493, 0.86311036, -0.4984293), (-0.99995106, 0.0086905835, -0.0047361166), (-0.999353, -0.01829478, 0.030969677), (-0.05995564, -0.9901558, -0.12647916), (-0.9997852, 0.014307732, -0.01499814), (-0.99994254, -0.0089641, 0.005893114), (-0.07705812, -0.96743953, -0.24108659), (-0.99982923, -0.008389494, -0.016469928), (-0.99998385, 0.003508583, 0.004494668), (-0.058950413, 0.95011795, -0.3062692), (-0.99936354, -0.01700424, -0.03135957), (-0.059863046, 0.55462116, -0.8299468), (-0.12922089, 0.7296257, -0.67152685), (-0.0026589648, 0.614458, -0.788945), (-0.059863046, 0.55462116, -0.8299468), (-0.096350245, 0.13115156, 0.9866692), (-0.9999977, -0.0019508974, -0.00094792095), (-0.9996737, -0.025541471, 0.00031171643), (-0.9999977, -0.0019508974, -0.00094792095), (-0.096350245, 0.13115156, 0.9866692), (-0.9989211, 0.037730716, 0.027077023), (-0.06530362, 0.9882702, -0.13804848), (-0.997415, 0.033485662, 0.063577384), (-0.9999811, 0.0043891384, -0.00430067), (-0.058662336, -0.2640993, -0.96270996), (-0.99972713, -0.023352893, 0.0006533644), (-0.99972713, -0.023352893, 0.0006533644), (-0.06246156, -0.47348353, -0.8785853), (-0.99930197, -0.037350994, 0.0008318001), (-0.9997963, -0.018059311, -0.009013426), (-0.07935604, -0.988209, 0.1309419), (-0.9998815, -0.01219613, -0.009404143), (-0.99927694, 0.016939482, 0.034040503), (-0.08155071, -0.45633253, -0.8860645), (-0.99837095, 0.0068513732, 0.056645337), (-0.20443435, -0.9548503, 0.21556334), (-0.28098106, -0.9290154, 0.24079038), (-0.20443437, -0.95485026, 0.2155633), (-0.20443437, -0.95485026, 0.2155633), (-0.99989, 0.012037781, 0.008662219), (-0.20443435, -0.9548503, 0.21556334), (-0.28098106, -0.9290154, 0.24079038), (-0.05557257, 0.44671637, 0.8929481), (-0.00014933014, 0.47959256, 0.8774913), (-0.00014933014, 0.47959256, 0.8774913), (-0.20443437, -0.95485026, 0.2155633), (-0.28098106, -0.9290154, 0.24079038), (-0.05557257, 0.44671637, 0.8929481), (-0.13110328, 0.46292892, 0.8766463), (-0.9998676, 0.011187471, 0.011821514), (-0.9998676, 0.011187471, 0.011821514), (-0.00014933014, 0.47959256, 0.8774913), (-0.05557257, 0.44671637, 0.8929481), (-0.08506409, 0.49359798, 0.86552024), (-0.9998676, 0.011187471, 0.011821514), (-0.13110328, 0.46292892, 0.8766463), (-0.13110328, 0.46292892, 0.8766463), (-0.13807832, 0.5756861, 0.80592793), (-0.9997771, 0.016967231, 0.012570637), (-0.9997771, 0.016967231, 0.012570637), (-0.08506409, 0.49359798, 0.86552024), (-0.13110328, 0.46292892, 0.8766463), (-0.08888033, 0.6099841, 0.7874133), (-0.9997771, 0.016967231, 0.012570637), (-0.13807832, 0.5756861, 0.80592793), (-0.13807832, 0.5756861, 0.80592793), (-0.12674105, 0.70361656, 0.6991855), (-0.9998009, 0.0016445654, 0.019888815), (-0.9998009, 0.0016445654, 0.019888815), (-0.08888033, 0.6099841, 0.7874133), (-0.13807832, 0.5756861, 0.80592793), (-0.0951461, 0.7189078, 0.688563), (-0.9998009, 0.0016445654, 0.019888815), (-0.12674105, 0.70361656, 0.6991855), (-0.12674105, 0.70361656, 0.6991855), (-0.13693993, 0.8082725, 0.5726632), (-0.9991058, -0.03072027, 0.029049804), (-0.9991058, -0.03072027, 0.029049804), (-0.0951461, 0.7189078, 0.688563), (-0.12674105, 0.70361656, 0.6991855), (-0.13693993, 0.8082725, 0.5726632), (-0.14983651, 0.8699538, 0.46981856), (-0.9999663, -0.0058017243, -0.0058016004), (-0.9999663, -0.0058017243, -0.0058016004), (-0.9991058, -0.03072027, 0.029049804), (-0.13693993, 0.8082725, 0.5726632), (-0.14983651, 0.8699538, 0.46981856), (-0.14610982, 0.9204692, 0.3624752), (-0.9999451, -0.00060698146, -0.010464649), (-0.9999451, -0.00060698146, -0.010464649), (-0.9999663, -0.0058017243, -0.0058016004), (-0.14983651, 0.8699538, 0.46981856), (-0.14610982, 0.9204692, 0.3624752), (-0.14609651, 0.95524997, 0.25720286), (-0.99998176, -0.0058197007, -0.0015998163), (-0.99998176, -0.0058197007, -0.0015998163), (-0.9999451, -0.00060698146, -0.010464649), (-0.14610982, 0.9204692, 0.3624752), (-0.14609651, 0.95524997, 0.25720286), (-0.14298142, 0.9767155, 0.15994751), (-0.9999432, -0.010007189, 0.0036954388), (-0.9999432, -0.010007189, 0.0036954388), (-0.99998176, -0.0058197007, -0.0015998163), (-0.14609651, 0.95524997, 0.25720286), (-0.14298142, 0.9767155, 0.15994751), (-0.14196832, 0.98842335, 0.05351834), (-0.9998128, -0.018314356, 0.0062439525), (-0.9998128, -0.018314356, 0.0062439525), (-0.9999432, -0.010007189, 0.0036954388), (-0.14298142, 0.9767155, 0.15994751), (-0.14196832, 0.98842335, 0.05351834), (-0.14968899, 0.98828006, -0.029931331), (-0.99956816, -0.022887483, -0.018429507), (-0.99956816, -0.022887483, -0.018429507), (-0.9998128, -0.018314356, 0.0062439525), (-0.14196832, 0.98842335, 0.05351834), (-0.14968899, 0.98828006, -0.029931331), (-0.14608407, 0.98106194, -0.12718874), (-0.9997822, -0.020723527, -0.0024714381), (-0.9997822, -0.020723527, -0.0024714381), (-0.99956816, -0.022887483, -0.018429507), (-0.14968899, 0.98828006, -0.029931331), (-0.14608407, 0.98106194, -0.12718874), (-0.14610864, 0.9610573, -0.23456635), (-0.9998253, -0.018258665, 0.004019781), (-0.9998253, -0.018258665, 0.004019781), (-0.9997822, -0.020723527, -0.0024714381), (-0.14608407, 0.98106194, -0.12718874), (-0.14610864, 0.9610573, -0.23456635), (-0.14612424, 0.9265144, -0.34672612), (-0.99987686, -0.0130769145, 0.0086836135), (-0.99987686, -0.0130769145, 0.0086836135), (-0.9998253, -0.018258665, 0.004019781), (-0.14610864, 0.9610573, -0.23456635), (-0.14612424, 0.9265144, -0.34672612), (-0.13898489, 0.8817368, -0.45080328), (-0.99979675, -0.000498256, 0.020155909), (-0.99979675, -0.000498256, 0.020155909), (-0.99987686, -0.0130769145, 0.0086836135), (-0.14612424, 0.9265144, -0.34672612), (-0.13898489, 0.8817368, -0.45080328), (-0.13389017, 0.80596083, -0.5766287), (-0.9997216, -0.019795723, 0.012843), (-0.9997216, -0.019795723, 0.012843), (-0.99979675, -0.000498256, 0.020155909), (-0.13898489, 0.8817368, -0.45080328), (-0.13389017, 0.80596083, -0.5766287), (-0.14978746, 0.73682284, -0.6592843), (-0.99988425, -0.0010167982, 0.015181347), (-0.99988425, -0.0010167982, 0.015181347), (-0.9997216, -0.019795723, 0.012843), (-0.13389017, 0.80596083, -0.5766287), (-0.14978746, 0.73682284, -0.6592843), (-0.14793871, 0.64643973, -0.748485), (-0.9999794, 0.0063503063, -0.0009895861), (-0.9999794, 0.0063503063, -0.0009895861), (-0.99988425, -0.0010167982, 0.015181347), (-0.14978746, 0.73682284, -0.6592843), (-0.14793871, 0.64643973, -0.748485), (-0.14976108, 0.55134004, -0.8207288), (-0.9999942, 0.0017353124, -0.0029185906), (-0.9999942, 0.0017353124, -0.0029185906), (-0.9999794, 0.0063503063, -0.0009895861), (-0.14793871, 0.64643973, -0.748485), (-0.14976108, 0.55134004, -0.8207288), (-0.1459794, 0.4426281, -0.8847433), (-0.9999661, -0.0019371673, -0.008004186), (-0.9999661, -0.0019371673, -0.008004186), (-0.9999942, 0.0017353124, -0.0029185906), (-0.14976108, 0.55134004, -0.8207288), (-0.1459794, 0.4426281, -0.8847433), (-0.14591457, 0.33545157, -0.93068856), (-0.99997807, -0.0022192795, -0.0062575033), (-0.99997807, -0.0022192795, -0.0062575033), (-0.9999661, -0.0019371673, -0.008004186), (-0.1459794, 0.4426281, -0.8847433), (-0.14591457, 0.33545157, -0.93068856), (-0.14584975, 0.23273642, -0.96154135), (-0.99998724, -0.00445563, -0.0023799941), (-0.99998724, -0.00445563, -0.0023799941), (-0.99997807, -0.0022192795, -0.0062575033), (-0.14591457, 0.33545157, -0.93068856), (-0.14584975, 0.23273642, -0.96154135), (-0.14578879, 0.1376004, -0.97969985), (-0.99999994, -0.00029887832, -0.0000069240664), (-0.99999994, -0.00029887832, -0.0000069240664), (-0.99998724, -0.00445563, -0.0023799941), (-0.14584975, 0.23273642, -0.96154135), (-0.14578879, 0.1376004, -0.97969985), (-0.14573559, 0.051725008, -0.9879705), (-0.99999994, -0.0002988662, -0.000006906602), (-0.99999994, -0.0002988662, -0.000006906602), (-0.99999994, -0.00029887832, -0.0000069240664), (-0.14578879, 0.1376004, -0.97969985), (-0.14573559, 0.051725008, -0.9879705), (-0.1405487, -0.019745778, -0.989877), (-0.9999929, 0.003699948, 0.00073753356), (-0.9999929, 0.003699948, 0.00073753356), (-0.99999994, -0.0002988662, -0.000006906602), (-0.14573559, 0.051725008, -0.9879705), (-0.1405487, -0.019745778, -0.989877), (-0.13703859, -0.11665828, -0.98367244), (-0.99998564, 0.004299638, 0.0032305936), (-0.99998564, 0.004299638, 0.0032305936), (-0.9999929, 0.003699948, 0.00073753356), (-0.1405487, -0.019745778, -0.989877), (-0.13703859, -0.11665828, -0.98367244), (-0.14433871, -0.1918078, -0.9707606), (-0.9999923, 0.00042675453, 0.0038953156), (-0.9999923, 0.00042675453, 0.0038953156), (-0.99998564, 0.004299638, 0.0032305936), (-0.13703859, -0.11665828, -0.98367244), (-0.14433871, -0.1918078, -0.9707606), (-0.13707636, -0.3088034, -0.9411963), (-0.99999243, 0.0008373199, 0.0038008597), (-0.99999243, 0.0008373199, 0.0038008597), (-0.9999923, 0.00042675453, 0.0038953156), (-0.14433871, -0.1918078, -0.9707606), (-0.13707636, -0.3088034, -0.9411963), (-0.14945735, -0.4015444, -0.9035622), (-0.999999, 0.00024935533, 0.0013935947), (-0.999999, 0.00024935533, 0.0013935947), (-0.99999243, 0.0008373199, 0.0038008597), (-0.13707636, -0.3088034, -0.9411963), (-0.14945735, -0.4015444, -0.9035622), (-0.14047058, -0.5037986, -0.8523234), (-0.99997896, 0.0009642071, -0.0064332713), (-0.99997896, 0.0009642071, -0.0064332713), (-0.999999, 0.00024935533, 0.0013935947), (-0.14945735, -0.4015444, -0.9035622), (-0.14047058, -0.5037986, -0.8523234), (-0.1371494, -0.61873573, -0.77353483), (-0.9999966, -0.0006938433, -0.0025461265), (-0.9999966, -0.0006938433, -0.0025461265), (-0.99997896, 0.0009642071, -0.0064332713), (-0.14047058, -0.5037986, -0.8523234), (-0.1371494, -0.61873573, -0.77353483), (-0.14937423, -0.69702786, -0.7013127), (-0.9992763, -0.018038891, 0.03349006), (-0.9992763, -0.018038891, 0.03349006), (-0.9999966, -0.0006938433, -0.0025461265), (-0.1371494, -0.61873573, -0.77353483), (-0.14937423, -0.69702786, -0.7013127), (-0.14561136, -0.77679425, -0.6126892), (-0.99981046, 0.017618192, 0.008296386), (-0.99981046, 0.017618192, 0.008296386), (-0.9992763, -0.018038891, 0.03349006), (-0.14937423, -0.69702786, -0.7013127), (-0.14561136, -0.77679425, -0.6126892), (-0.14560491, -0.8453304, -0.5140192), (-0.99991786, 0.010729361, 0.007008273), (-0.99991786, 0.010729361, 0.007008273), (-0.99981046, 0.017618192, 0.008296386), (-0.14561136, -0.77679425, -0.6126892), (-0.14560491, -0.8453304, -0.5140192), (-0.14558905, -0.90236485, -0.4056374), (-0.99988073, 0.011233222, 0.010607853), (-0.99988073, 0.011233222, 0.010607853), (-0.99991786, 0.010729361, 0.007008273), (-0.14560491, -0.8453304, -0.5140192), (-0.14558905, -0.90236485, -0.4056374), (-0.14249077, -0.94439054, -0.29634932), (-0.9997201, 0.022790557, -0.006362097), (-0.9997201, 0.022790557, -0.006362097), (-0.99988073, 0.011233222, 0.010607853), (-0.14558905, -0.90236485, -0.4056374), (-0.14249077, -0.94439054, -0.29634932), (-0.13650376, -0.97422105, -0.17961109), (-0.9996091, 0.02530988, -0.011874234), (-0.9996091, 0.02530988, -0.011874234), (-0.9997201, 0.022790557, -0.006362097), (-0.14249077, -0.94439054, -0.29634932), (-0.13650376, -0.97422105, -0.17961109), (-0.13424487, -0.98813975, -0.074553534), (-0.99982995, 0.016942987, 0.0072891996), (-0.99982995, 0.016942987, 0.0072891996), (-0.9996091, 0.02530988, -0.011874234), (-0.13650376, -0.97422105, -0.17961109), (-0.13424487, -0.98813975, -0.074553534), (-0.131872, -0.99108356, 0.019058056), (-0.99987954, 0.015525594, 0.000012364442), (-0.99987954, 0.015525594, 0.000012364442), (-0.99982995, 0.016942987, 0.0072891996), (-0.13424487, -0.98813975, -0.074553534), (-0.131872, -0.99108356, 0.019058056), (-0.13933425, -0.98480207, 0.103687316), (-0.99979997, 0.018864095, 0.006652306), (-0.99979997, 0.018864095, 0.006652306), (-0.99987954, 0.015525594, 0.000012364442), (-0.131872, -0.99108356, 0.019058056), (-0.13933425, -0.98480207, 0.103687316), (-0.14730243, -0.97199047, 0.18313025), (-0.99995154, 0.009705443, -0.0017055093), (-0.99995154, 0.009705443, -0.0017055093), (-0.99979997, 0.018864095, 0.006652306), (-0.13933425, -0.98480207, 0.103687316), (-0.14730243, -0.97199047, 0.18313025), (-0.14404911, -0.9563881, 0.2541099), (-0.9999115, 0.006893246, -0.011388548), (-0.9999115, 0.006893246, -0.011388548), (-0.99995154, 0.009705443, -0.0017055093), (-0.14730243, -0.97199047, 0.18313025), (-0.14404911, -0.9563881, 0.2541099), (-0.13691542, -0.91898, 0.3697704), (-0.99995047, 0.00914647, -0.003942909), (-0.99995047, 0.00914647, -0.003942909), (-0.9999115, 0.006893246, -0.011388548), (-0.14404911, -0.9563881, 0.2541099), (-0.13691542, -0.91898, 0.3697704), (-0.14405543, -0.88812387, 0.43644464), (-0.99995154, 0.008786099, -0.00443622), (-0.99995154, 0.008786099, -0.00443622), (-0.99995047, 0.00914647, -0.003942909), (-0.13691542, -0.91898, 0.3697704), (-0.14405543, -0.88812387, 0.43644464), (-0.13701993, -0.8235249, 0.5504839), (-0.9998633, 0.016517853, 0.0007305091), (-0.9998633, 0.016517853, 0.0007305091), (-0.99995154, 0.008786099, -0.00443622), (-0.14405543, -0.88812387, 0.43644464), (-0.13701993, -0.8235249, 0.5504839), (-0.14931315, -0.76913077, 0.6214044), (-0.9998134, 0.019114079, -0.002802474), (-0.9998134, 0.019114079, -0.002802474), (-0.9998633, 0.016517853, 0.0007305091), (-0.13701993, -0.8235249, 0.5504839), (-0.14931315, -0.76913077, 0.6214044), (-0.14561085, -0.6940664, 0.7050314), (-0.99983, 0.018275186, -0.002439198), (-0.99983, 0.018275186, -0.002439198), (-0.9998134, 0.019114079, -0.002802474), (-0.14931315, -0.76913077, 0.6214044), (-0.14561085, -0.6940664, 0.7050314), (-0.14252661, -0.61931294, 0.7720996), (-0.9997122, -0.0034976602, -0.023732118), (-0.9997122, -0.0034976602, -0.023732118), (-0.99983, 0.018275186, -0.002439198), (-0.14561085, -0.6940664, 0.7050314), (-0.14252661, -0.61931294, 0.7720996), (-0.13659026, -0.5342081, 0.834245), (-0.9996202, -0.0023651617, -0.027458563), (-0.9996202, -0.0023651617, -0.027458563), (-0.9997122, -0.0034976602, -0.023732118), (-0.14252661, -0.61931294, 0.7720996), (-0.13659026, -0.5342081, 0.834245), (-0.13962108, -0.44923642, 0.8824357), (-0.9997096, 0.018878246, -0.014985609), (-0.9997096, 0.018878246, -0.014985609), (-0.9996202, -0.0023651617, -0.027458563), (-0.13659026, -0.5342081, 0.834245), (-0.13962108, -0.44923642, 0.8824357), (-0.15642421, -0.3588122, 0.92020947), (-0.99843997, 0.0557497, 0.0031098244), (-0.99843997, 0.0557497, 0.0031098244), (-0.9997096, 0.018878246, -0.014985609), (-0.13962108, -0.44923642, 0.8824357), (-0.15642421, -0.3588122, 0.92020947), (-0.14948271, -0.34777886, 0.92558354), (-0.99810845, -0.05775143, -0.021081753), (-0.99810845, -0.05775143, -0.021081753), (-0.99843997, 0.0557497, 0.0031098244), (-0.15642421, -0.3588122, 0.92020947), (-0.14948271, -0.34777886, 0.92558354), (0.050611224, 0.9624453, 0.26671654), (-0.00029870388, 0.9999203, -0.012622818), (-0.00029870388, 0.9999203, -0.012622818), (-0.99810845, -0.05775143, -0.021081753), (-0.14948271, -0.34777886, 0.92558354), (0.050611224, 0.9624453, 0.26671654), (0.19577435, 0.9584101, 0.2076599), (0.05061123, 0.9624453, 0.26671657), (0.05061123, 0.9624453, 0.26671657), (-0.00029870388, 0.9999203, -0.012622818), (0.050611224, 0.9624453, 0.26671654), (-0.9823927, -0.17837928, -0.055547312), (0.05061123, 0.9624453, 0.26671657), (0.19577435, 0.9584101, 0.2076599), (0.19577435, 0.9584101, 0.2076599), (-0.12919515, 0.3663005, -0.92148393), (-0.13607872, 0.32492572, -0.9358985), (-0.13607872, 0.32492572, -0.9358985), (-0.9823927, -0.17837928, -0.055547312), (0.19577435, 0.9584101, 0.2076599), (-0.9997768, 0.020920848, -0.0029712329), (-0.13607872, 0.32492572, -0.9358985), (-0.12919515, 0.3663005, -0.92148393), (-0.12919515, 0.3663005, -0.92148393), (-0.1438308, 0.5430466, -0.8272927), (-0.14916997, 0.4561363, -0.8773187), (-0.14916997, 0.4561363, -0.8773187), (-0.9997768, 0.020920848, -0.0029712329), (-0.12919515, 0.3663005, -0.92148393), (-0.99982595, 0.0077587776, -0.016970359), (-0.14916997, 0.4561363, -0.8773187), (-0.1438308, 0.5430466, -0.8272927), (-0.1438308, 0.5430466, -0.8272927), (-0.10841969, 0.74660146, -0.65637755), (-0.14466098, 0.620552, -0.7707064), (-0.14466098, 0.620552, -0.7707064), (-0.99982595, 0.0077587776, -0.016970359), (-0.1438308, 0.5430466, -0.8272927), (-0.9997773, 0.020970585, 0.0023677843), (-0.14466098, 0.620552, -0.7707064), (-0.10841969, 0.74660146, -0.65637755), (-0.10841969, 0.74660146, -0.65637755), (-0.05698819, 0.8985365, -0.4351834), (-0.0814425, 0.861402, -0.50135195), (-0.0814425, 0.861402, -0.50135195), (-0.9997773, 0.020970585, 0.0023677843), (-0.10841969, 0.74660146, -0.65637755), (-0.9999097, 0.013425439, 0.00060019013), (-0.0814425, 0.861402, -0.50135195), (-0.05698819, 0.8985365, -0.4351834), (-0.05698819, 0.8985365, -0.4351834), (-0.058491327, 0.9713912, -0.23016952), (-0.08100258, 0.9495635, -0.30293193), (-0.08100258, 0.9495635, -0.30293193), (-0.9999097, 0.013425439, 0.00060019013), (-0.05698819, 0.8985365, -0.4351834), (-0.99992615, 0.00678639, -0.010081733), (-0.08100258, 0.9495635, -0.30293193), (-0.058491327, 0.9713912, -0.23016952), (-0.058491327, 0.9713912, -0.23016952), (-0.097757556, 0.9915257, -0.085558854), (-0.08270768, 0.9924772, -0.090270065), (-0.08270768, 0.9924772, -0.090270065), (-0.99992615, 0.00678639, -0.010081733), (-0.058491327, 0.9713912, -0.23016952), (-0.99990344, 0.0138933305, -0.00029017057), (-0.08270768, 0.9924772, -0.090270065), (-0.097757556, 0.9915257, -0.085558854), (-0.097757556, 0.9915257, -0.085558854), (-0.12826513, 0.98850775, 0.080003895), (-0.13841258, 0.9902057, -0.018290415), (-0.13841258, 0.9902057, -0.018290415), (-0.99990344, 0.0138933305, -0.00029017057), (-0.097757556, 0.9915257, -0.085558854), (-0.9998119, 0.01934808, -0.001392122), (-0.13841258, 0.9902057, -0.018290415), (-0.12826513, 0.98850775, 0.080003895), (-0.12826513, 0.98850775, 0.080003895), (-0.13173866, 0.9467876, 0.29366368), (-0.13324603, 0.9784777, 0.15756619), (-0.13324603, 0.9784777, 0.15756619), (-0.9998119, 0.01934808, -0.001392122), (-0.12826513, 0.98850775, 0.080003895), (-0.999795, 0.020020517, -0.0030182118), (-0.13324603, 0.9784777, 0.15756619), (-0.13173866, 0.9467876, 0.29366368), (-0.13173866, 0.9467876, 0.29366368), (-0.13228427, 0.84117234, 0.5243378), (-0.13987762, 0.8961231, 0.42118627), (-0.13987762, 0.8961231, 0.42118627), (-0.999795, 0.020020517, -0.0030182118), (-0.13173866, 0.9467876, 0.29366368), (-0.9998593, 0.015743846, 0.00580427), (-0.13987762, 0.8961231, 0.42118627), (-0.13228427, 0.84117234, 0.5243378), (-0.13228427, 0.84117234, 0.5243378), (-0.1438631, 0.7004841, 0.6990175), (-0.14435124, 0.7672922, 0.6248404), (-0.14435124, 0.7672922, 0.6248404), (-0.9998593, 0.015743846, 0.00580427), (-0.13228427, 0.84117234, 0.5243378), (-0.9995547, -0.0045701135, 0.029488156), (-0.14435124, 0.7672922, 0.6248404), (-0.1438631, 0.7004841, 0.6990175), (-0.1438631, 0.7004841, 0.6990175), (-0.13245627, 0.53681105, 0.8332402), (-0.99920446, -0.027066067, 0.029290982), (-0.99920446, -0.027066067, 0.029290982), (-0.9995547, -0.0045701135, 0.029488156), (-0.1438631, 0.7004841, 0.6990175), (-0.13245627, 0.53681105, 0.8332402), (-0.14191331, 0.39958674, 0.905644), (-0.999971, 0.0027291272, -0.007117656), (-0.999971, 0.0027291272, -0.007117656), (-0.99920446, -0.027066067, 0.029290982), (-0.13245627, 0.53681105, 0.8332402), (-0.14191331, 0.39958674, 0.905644), (-0.14956364, 0.28337717, 0.9472741), (-0.99998766, 0.0029357728, -0.004024879), (-0.99998766, 0.0029357728, -0.004024879), (-0.999971, 0.0027291272, -0.007117656), (-0.14191331, 0.39958674, 0.905644), (-0.14956364, 0.28337717, 0.9472741), (-0.14579885, 0.1976873, 0.96936184), (-0.999991, 0.0038803092, 0.0017235321), (-0.999991, 0.0038803092, 0.0017235321), (-0.99998766, 0.0029357728, -0.004024879), (-0.14956364, 0.28337717, 0.9472741), (-0.14579885, 0.1976873, 0.96936184), (-0.14574046, 0.12202919, 0.9817681), (-0.99999243, 0.0002809342, 0.0038891416), (-0.99999243, 0.0002809342, 0.0038891416), (-0.999991, 0.0038803092, 0.0017235321), (-0.14579885, 0.1976873, 0.96936184), (-0.14574046, 0.12202919, 0.9817681), (-0.14570287, 0.058070496, 0.98762274), (-0.999989, 0.004279719, 0.001962008), (-0.999989, 0.004279719, 0.001962008), (-0.99999243, 0.0002809342, 0.0038891416), (-0.14574046, 0.12202919, 0.9817681), (-0.14570287, 0.058070496, 0.98762274), (-0.14567442, 0.0028756757, 0.9893285), (-0.99999994, -0.0002988914, -0.0000068909576), (-0.99999994, -0.0002988914, -0.0000068909576), (-0.999989, 0.004279719, 0.001962008), (-0.14570287, 0.058070496, 0.98762274), (-0.14567442, 0.0028756757, 0.9893285), (-0.14567398, -0.05820456, 0.987619), (-0.99999994, -0.000298927, -0.0000069145312), (-0.99999994, -0.000298927, -0.0000069145312), (-0.99999994, -0.0002988914, -0.0000068909576), (-0.14567442, 0.0028756757, 0.9893285), (-0.14567398, -0.05820456, 0.987619), (-0.14568187, -0.13011958, 0.9807373), (-0.99999994, -0.00029881517, -0.0000069303005), (-0.99999994, -0.00029881517, -0.0000069303005), (-0.99999994, -0.000298927, -0.0000069145312), (-0.14567398, -0.05820456, 0.987619), (-0.14568187, -0.13011958, 0.9807373), (-0.14061841, -0.2238339, 0.96442986), (-0.9999852, -0.005347434, -0.0010483324), (-0.9999852, -0.005347434, -0.0010483324), (-0.99999994, -0.00029881517, -0.0000069303005), (-0.14568187, -0.13011958, 0.9807373), (-0.14061841, -0.2238339, 0.96442986), (-0.13222118, -0.30801967, 0.9421474), (-0.9999445, -0.009155695, -0.005229848), (-0.9999445, -0.009155695, -0.005229848), (-0.9999852, -0.005347434, -0.0010483324), (-0.14061841, -0.2238339, 0.96442986), (-0.13222118, -0.30801967, 0.9421474), (-0.14526868, -0.4431564, 0.8845957), (-0.9999696, -0.002212153, -0.007490234), (-0.9999696, -0.002212153, -0.007490234), (-0.9999445, -0.009155695, -0.005229848), (-0.13222118, -0.30801967, 0.9421474), (-0.14526868, -0.4431564, 0.8845957), (-0.15149173, -0.628385, 0.76300895), (-0.99998647, 0.0048738676, -0.001813062), (-0.99998647, 0.0048738676, -0.001813062), (-0.9999696, -0.002212153, -0.007490234), (-0.14526868, -0.4431564, 0.8845957), (-0.9997044, 0.015747055, 0.018523278), (-0.99998647, 0.0048738676, -0.001813062), (-0.15149173, -0.628385, 0.76300895), (-0.15149173, -0.628385, 0.76300895), (-0.13185745, -0.7814149, 0.6099217), (-0.14608969, -0.69747454, 0.70156044), (-0.14608969, -0.69747454, 0.70156044), (-0.9997044, 0.015747055, 0.018523278), (-0.15149173, -0.628385, 0.76300895), (-0.9997504, -0.009983939, 0.019986574), (-0.14608969, -0.69747454, 0.70156044), (-0.13185745, -0.7814149, 0.6099217), (-0.13185745, -0.7814149, 0.6099217), (-0.13591827, -0.9050088, 0.40309468), (-0.13353418, -0.8495847, 0.51026917), (-0.13353418, -0.8495847, 0.51026917), (-0.9997504, -0.009983939, 0.019986574), (-0.13185745, -0.7814149, 0.6099217), (-0.9998271, -0.011660962, 0.014490429), (-0.13353418, -0.8495847, 0.51026917), (-0.13591827, -0.9050088, 0.40309468), (-0.13591827, -0.9050088, 0.40309468), (-0.1386754, -0.9776196, 0.15820569), (-0.14960101, -0.9505887, 0.2720307), (-0.14960101, -0.9505887, 0.2720307), (-0.9998271, -0.011660962, 0.014490429), (-0.13591827, -0.9050088, 0.40309468), (-0.9998536, -0.015942812, 0.0062305415), (-0.14960101, -0.9505887, 0.2720307), (-0.1386754, -0.9776196, 0.15820569), (-0.1386754, -0.9776196, 0.15820569), (-0.10520206, -0.99178123, -0.072818644), (-0.13873139, -0.98768413, 0.072344646), (-0.13873139, -0.98768413, 0.072344646), (-0.9998536, -0.015942812, 0.0062305415), (-0.1386754, -0.9776196, 0.15820569), (-0.99965197, -0.022855211, -0.013176456), (-0.13873139, -0.98768413, 0.072344646), (-0.10520206, -0.99178123, -0.072818644), (-0.10520206, -0.99178123, -0.072818644), (-0.054883372, -0.94233125, -0.33015114), (-0.08424649, -0.95567, -0.28213027), (-0.08424649, -0.95567, -0.28213027), (-0.99965197, -0.022855211, -0.013176456), (-0.10520206, -0.99178123, -0.072818644), (-0.9998227, -0.016963927, -0.008183585), (-0.08424649, -0.95567, -0.28213027), (-0.054883372, -0.94233125, -0.33015114), (-0.054883372, -0.94233125, -0.33015114), (-0.05558982, -0.8555052, -0.51480156), (-0.08026836, -0.88580805, -0.45705706), (-0.08026836, -0.88580805, -0.45705706), (-0.9998227, -0.016963927, -0.008183585), (-0.054883372, -0.94233125, -0.33015114), (-0.9999644, -0.003963748, -0.0074512577), (-0.08026836, -0.88580805, -0.45705706), (-0.05558982, -0.8555052, -0.51480156), (-0.05558982, -0.8555052, -0.51480156), (-0.05462091, -0.73639435, -0.6743441), (-0.079516776, -0.77384955, -0.6283582), (-0.079516776, -0.77384955, -0.6283582), (-0.9999644, -0.003963748, -0.0074512577), (-0.05558982, -0.8555052, -0.51480156), (-0.99996287, -0.0026052548, -0.0082172), (-0.079516776, -0.77384955, -0.6283582), (-0.05462091, -0.73639435, -0.6743441), (-0.05462091, -0.73639435, -0.6743441), (-0.053232808, -0.5878577, -0.80721104), (-0.07807993, -0.63526005, -0.7683412), (-0.07807993, -0.63526005, -0.7683412), (-0.99996287, -0.0026052548, -0.0082172), (-0.05462091, -0.73639435, -0.6743441), (-0.99974567, -0.0032263414, 0.022320472), (-0.07807993, -0.63526005, -0.7683412), (-0.053232808, -0.5878577, -0.80721104), (-0.053232808, -0.5878577, -0.80721104), (-0.06861797, -0.5266848, -0.8472868), (-0.08034831, -0.60804135, -0.789829), (-0.08034831, -0.60804135, -0.789829), (-0.99974567, -0.0032263414, 0.022320472), (-0.053232808, -0.5878577, -0.80721104), (-0.99964905, 0.019962648, 0.017416397), (-0.08034831, -0.60804135, -0.789829), (-0.06861797, -0.5266848, -0.8472868), (-0.06861797, -0.5266848, -0.8472868), (-0.053438593, -0.4952375, -0.8671125), (-0.06683956, -0.39891386, -0.9145492), (-0.06683956, -0.39891386, -0.9145492), (-0.99964905, 0.019962648, 0.017416397), (-0.06861797, -0.5266848, -0.8472868), (-0.053438593, -0.4952375, -0.8671125), (-0.20443435, -0.9548503, 0.21556334), (-0.99989, 0.012037781, 0.008662219), (-0.99989, 0.012037781, 0.008662219), (-0.06683956, -0.39891386, -0.9145492), (-0.053438593, -0.4952375, -0.8671125), (-0.99970376, 0.020298576, -0.0134352045), (-0.011325917, 0.6699045, 0.74236095), (-0.13259271, 0.60396886, 0.78590125), (-0.13259271, 0.60396886, 0.78590125), (-0.14822812, 0.41355437, 0.8983325), (-0.16668832, 0.48831397, 0.8566005), (-0.16668832, 0.48831397, 0.8566005), (-0.99970376, 0.020298576, -0.0134352045), (-0.13259271, 0.60396886, 0.78590125), (-0.9991566, -0.039999712, 0.00928808), (-0.16668832, 0.48831397, 0.8566005), (-0.14822812, 0.41355437, 0.8983325), (-0.14822812, 0.41355437, 0.8983325), (-0.13767338, 0.18973754, 0.9721347), (-0.15014915, 0.25710428, 0.95464796), (-0.15014915, 0.25710428, 0.95464796), (-0.9991566, -0.039999712, 0.00928808), (-0.14822812, 0.41355437, 0.8983325), (-0.9998699, -0.01567797, 0.003825285), (-0.15014915, 0.25710428, 0.95464796), (-0.13767338, 0.18973754, 0.9721347), (-0.13767338, 0.18973754, 0.9721347), (-0.13323921, 0.04299586, 0.9901508), (-0.1368502, 0.09342035, 0.9861769), (-0.1368502, 0.09342035, 0.9861769), (-0.9998699, -0.01567797, 0.003825285), (-0.13767338, 0.18973754, 0.9721347), (-0.9998591, 0.016788982, 0.00004804313), (-0.1368502, 0.09342035, 0.9861769), (-0.13323921, 0.04299586, 0.9901508), (-0.13323921, 0.04299586, 0.9901508), (-0.13575822, -0.1185336, 0.9836257), (-0.14420299, -0.054238033, 0.9880606), (-0.14420299, -0.054238033, 0.9880606), (-0.9998591, 0.016788982, 0.00004804313), (-0.13323921, 0.04299586, 0.9901508), (-0.9999952, 0.0031272268, 0.000012660064), (-0.14420299, -0.054238033, 0.9880606), (-0.13575822, -0.1185336, 0.9836257), (-0.13575822, -0.1185336, 0.9836257), (-0.13574307, -0.29722595, 0.94510883), (-0.13885142, -0.21128175, 0.96751255), (-0.13885142, -0.21128175, 0.96751255), (-0.9999952, 0.0031272268, 0.000012660064), (-0.13575822, -0.1185336, 0.9836257), (-0.99999994, -0.00029886703, -0.000006927007), (-0.13885142, -0.21128175, 0.96751255), (-0.13574307, -0.29722595, 0.94510883), (-0.13574307, -0.29722595, 0.94510883), (-0.08044358, -0.47003397, 0.8789749), (-0.1436769, -0.4400579, 0.8864006), (-0.1436769, -0.4400579, 0.8864006), (-0.99999994, -0.00029886703, -0.000006927007), (-0.13574307, -0.29722595, 0.94510883), (-0.99982893, -0.009936201, -0.015607337), (-0.1436769, -0.4400579, 0.8864006), (-0.08044358, -0.47003397, 0.8789749), (-0.08044358, -0.47003397, 0.8789749), (-0.027947558, -0.60501474, 0.79572374), (-0.034605477, -0.49137193, 0.8702622), (-0.034605477, -0.49137193, 0.8702622), (-0.99982893, -0.009936201, -0.015607337), (-0.08044358, -0.47003397, 0.8789749), (-0.9991227, 0.01088746, -0.040441412), (-0.034605477, -0.49137193, 0.8702622), (-0.027947558, -0.60501474, 0.79572374), (-0.027947558, -0.60501474, 0.79572374), (-0.02434105, -0.78672004, 0.61683), (-0.08552359, -0.8090967, 0.58141917), (-0.08552359, -0.8090967, 0.58141917), (-0.9991227, 0.01088746, -0.040441412), (-0.027947558, -0.60501474, 0.79572374), (-0.99884087, 0.043828975, -0.019897573), (-0.08552359, -0.8090967, 0.58141917), (-0.02434105, -0.78672004, 0.61683), (-0.02434105, -0.78672004, 0.61683), (-0.02439348, -0.9164681, 0.3993636), (-0.029048271, -0.85577226, 0.51653653), (-0.029048271, -0.85577226, 0.51653653), (-0.99884087, 0.043828975, -0.019897573), (-0.02434105, -0.78672004, 0.61683), (-0.9991123, 0.041941915, 0.0039342092), (-0.029048271, -0.85577226, 0.51653653), (-0.02439348, -0.9164681, 0.3993636), (-0.02439348, -0.9164681, 0.3993636), (-0.024129104, -0.98574907, 0.16648258), (-0.028891362, -0.95868987, 0.28298238), (-0.028891362, -0.95868987, 0.28298238), (-0.9991123, 0.041941915, 0.0039342092), (-0.02439348, -0.9164681, 0.3993636), (-0.9998762, 0.0055953404, -0.0147064775), (-0.028891362, -0.95868987, 0.28298238), (-0.024129104, -0.98574907, 0.16648258), (-0.024129104, -0.98574907, 0.16648258), (-0.02520483, -0.99815696, -0.055203006), (-0.029811777, -0.99691534, 0.07260191), (-0.029811777, -0.99691534, 0.07260191), (-0.9998762, 0.0055953404, -0.0147064775), (-0.024129104, -0.98574907, 0.16648258), (-0.999921, -0.009857254, -0.0078033702), (-0.029811777, -0.99691534, 0.07260191), (-0.02520483, -0.99815696, -0.055203006), (-0.02520483, -0.99815696, -0.055203006), (-0.024643667, -0.9515581, -0.30648), (-0.029142698, -0.9834767, -0.17867367), (-0.029142698, -0.9834767, -0.17867367), (-0.999921, -0.009857254, -0.0078033702), (-0.02520483, -0.99815696, -0.055203006), (-0.9999866, -0.00513784, 0.0006436041), (-0.029142698, -0.9834767, -0.17867367), (-0.024643667, -0.9515581, -0.30648), (-0.024643667, -0.9515581, -0.30648), (-0.024796132, -0.8440717, -0.5356569), (-0.02946108, -0.90598005, -0.42229423), (-0.02946108, -0.90598005, -0.42229423), (-0.9999866, -0.00513784, 0.0006436041), (-0.024643667, -0.9515581, -0.30648), (-0.9999331, 0.00975517, -0.0062264046), (-0.02946108, -0.90598005, -0.42229423), (-0.024796132, -0.8440717, -0.5356569), (-0.024796132, -0.8440717, -0.5356569), (-0.08163694, -0.6429444, -0.76154965), (-0.029914899, -0.7758231, -0.630241), (-0.029914899, -0.7758231, -0.630241), (-0.9999331, 0.00975517, -0.0062264046), (-0.024796132, -0.8440717, -0.5356569), (-0.9999747, -0.0051029115, 0.0049605505), (-0.029914899, -0.7758231, -0.630241), (-0.08163694, -0.6429444, -0.76154965), (-0.08163694, -0.6429444, -0.76154965), (-0.13693921, -0.398139, -0.9070463), (-0.130393, -0.51597077, -0.8466238), (-0.130393, -0.51597077, -0.8466238), (-0.9999747, -0.0051029115, 0.0049605505), (-0.08163694, -0.6429444, -0.76154965), (-0.99935293, -0.0353062, 0.0068707364), (-0.130393, -0.51597077, -0.8466238), (-0.13693921, -0.398139, -0.9070463), (-0.13693921, -0.398139, -0.9070463), (-0.13503133, -0.18456635, -0.97349983), (-0.14715795, -0.29886225, -0.9428817), (-0.14715795, -0.29886225, -0.9428817), (-0.99935293, -0.0353062, 0.0068707364), (-0.13693921, -0.398139, -0.9070463), (-0.9997986, -0.012022238, -0.016073985), (-0.14715795, -0.29886225, -0.9428817), (-0.13503133, -0.18456635, -0.97349983), (-0.13503133, -0.18456635, -0.97349983), (-0.12900823, -0.04305898, -0.99070823), (-0.13414304, -0.11516977, -0.98424673), (-0.13414304, -0.11516977, -0.98424673), (-0.9997986, -0.012022238, -0.016073985), (-0.13503133, -0.18456635, -0.97349983), (-0.99974453, 0.005795628, -0.021848125), (-0.13414304, -0.11516977, -0.98424673), (-0.12900823, -0.04305898, -0.99070823), (-0.12900823, -0.04305898, -0.99070823), (-0.13406506, 0.11061315, -0.9847799), (-0.14297877, 0.032668278, -0.9891865), (-0.14297877, 0.032668278, -0.9891865), (-0.99974453, 0.005795628, -0.021848125), (-0.12900823, -0.04305898, -0.99070823), (-0.99978834, -0.0060447943, -0.019666309), (-0.14297877, 0.032668278, -0.9891865), (-0.13406506, 0.11061315, -0.9847799), (-0.13406506, 0.11061315, -0.9847799), (-0.13896796, 0.28651223, -0.9479445), (-0.14442886, 0.19706343, -0.969694), (-0.14442886, 0.19706343, -0.969694), (-0.99978834, -0.0060447943, -0.019666309), (-0.13406506, 0.11061315, -0.9847799), (-0.9997892, 0.006427952, -0.01950169), (-0.14442886, 0.19706343, -0.969694), (-0.13896796, 0.28651223, -0.9479445), (-0.13896796, 0.28651223, -0.9479445), (-0.11386034, 0.555452, -0.8237166), (-0.15162624, 0.39311284, -0.9069023), (-0.15162624, 0.39311284, -0.9069023), (-0.9997892, 0.006427952, -0.01950169), (-0.13896796, 0.28651223, -0.9479445), (-0.9996391, 0.026620297, -0.0036339096), (-0.15162624, 0.39311284, -0.9069023), (-0.11386034, 0.555452, -0.8237166), (-0.11386034, 0.555452, -0.8237166), (-0.057907015, 0.77587086, -0.6282286), (-0.09349196, 0.607397, -0.7888778), (-0.09349196, 0.607397, -0.7888778), (-0.9996391, 0.026620297, -0.0036339096), (-0.11386034, 0.555452, -0.8237166), (-0.9998246, 0.017973276, 0.005268733), (-0.09349196, 0.607397, -0.7888778), (-0.057907015, 0.77587086, -0.6282286), (-0.057907015, 0.77587086, -0.6282286), (-0.05800364, 0.90878546, -0.4132127), (-0.082141526, 0.86413586, -0.49650994), (-0.082141526, 0.86413586, -0.49650994), (-0.9998246, 0.017973276, 0.005268733), (-0.057907015, 0.77587086, -0.6282286), (-0.99990547, 0.0013577654, -0.013683073), (-0.082141526, 0.86413586, -0.49650994), (-0.05800364, 0.90878546, -0.4132127), (-0.05800364, 0.90878546, -0.4132127), (-0.057405088, 0.98308796, -0.17390436), (-0.081941545, 0.9617101, -0.26153243), (-0.081941545, 0.9617101, -0.26153243), (-0.99990547, 0.0013577654, -0.013683073), (-0.05800364, 0.90878546, -0.4132127), (-0.9998139, 0.012987, 0.0142649915), (-0.081941545, 0.9617101, -0.26153243), (-0.057405088, 0.98308796, -0.17390436), (-0.057405088, 0.98308796, -0.17390436), (-0.057539638, 0.99641997, 0.061939277), (-0.07950299, 0.99662524, -0.020430824), (-0.07950299, 0.99662524, -0.020430824), (-0.9998139, 0.012987, 0.0142649915), (-0.057405088, 0.98308796, -0.17390436), (-0.9999052, 0.012689806, 0.0053476393), (-0.07950299, 0.99662524, -0.020430824), (-0.057539638, 0.99641997, 0.061939277), (-0.057539638, 0.99641997, 0.061939277), (-0.058713872, 0.95265263, 0.29833823), (-0.07981513, 0.97588927, 0.20314941), (-0.07981513, 0.97588927, 0.20314941), (-0.9999052, 0.012689806, 0.0053476393), (-0.057539638, 0.99641997, 0.061939277), (-0.99926066, -0.011577548, -0.036663953), (-0.07981513, 0.97588927, 0.20314941), (-0.058713872, 0.95265263, 0.29833823), (-0.058713872, 0.95265263, 0.29833823), (-0.057971194, 0.85437673, 0.5164104), (-0.08315496, 0.89214635, 0.44402748), (-0.08315496, 0.89214635, 0.44402748), (-0.99926066, -0.011577548, -0.036663953), (-0.058713872, 0.95265263, 0.29833823), (-0.9997313, -0.022987228, -0.0030139345), (-0.08315496, 0.89214635, 0.44402748), (-0.057971194, 0.85437673, 0.5164104), (-0.057971194, 0.85437673, 0.5164104), (-0.088091314, 0.87841386, 0.4697118), (-0.065030195, 0.8575171, 0.5103287), (-0.065030195, 0.8575171, 0.5103287), (-0.9997313, -0.022987228, -0.0030139345), (-0.057971194, 0.85437673, 0.5164104), (-0.088091314, 0.87841386, 0.4697118), (-0.13259271, 0.60396886, 0.78590125), (-0.9996624, 0.006918916, -0.025049444), (-0.9996624, 0.006918916, -0.025049444), (-0.065030195, 0.8575171, 0.5103287), (-0.088091314, 0.87841386, 0.4697118), (-0.011325917, 0.6699045, 0.74236095), (-0.9996624, 0.006918916, -0.025049444), (-0.13259271, 0.60396886, 0.78590125), (-0.08213617, -0.53874385, -0.83845615), (-0.99990326, -0.013655544, 0.0026464243), (-0.10773134, -0.51625574, -0.84963167), (-0.10773134, -0.51625574, -0.84963167), (-0.13638304, -0.6650863, -0.734207), (-0.9995039, 0.030757325, 0.0067806463), (-0.9995039, 0.030757325, 0.0067806463), (-0.08213617, -0.53874385, -0.83845615), (-0.10773134, -0.51625574, -0.84963167), (-0.09971172, -0.7191036, -0.6877119), (-0.9995039, 0.030757325, 0.0067806463), (-0.13638304, -0.6650863, -0.734207), (-0.13638304, -0.6650863, -0.734207), (-0.13363706, -0.7925377, -0.5950001), (-0.9992454, 0.02574228, -0.029084), (-0.9992454, 0.02574228, -0.029084), (-0.09971172, -0.7191036, -0.6877119), (-0.13638304, -0.6650863, -0.734207), (-0.090575956, -0.8151744, -0.57208985), (-0.9992454, 0.02574228, -0.029084), (-0.13363706, -0.7925377, -0.5950001), (-0.13363706, -0.7925377, -0.5950001), (-0.13242872, -0.883294, -0.4497272), (-0.9998548, -0.014896565, -0.008275932), (-0.9998548, -0.014896565, -0.008275932), (-0.090575956, -0.8151744, -0.57208985), (-0.13363706, -0.7925377, -0.5950001), (-0.08762505, -0.9073283, -0.41119024), (-0.9998548, -0.014896565, -0.008275932), (-0.13242872, -0.883294, -0.4497272), (-0.13242872, -0.883294, -0.4497272), (-0.138535, -0.9350399, -0.32635644), (-0.99958587, -0.027739352, 0.0076634786), (-0.99958587, -0.027739352, 0.0076634786), (-0.08762505, -0.9073283, -0.41119024), (-0.13242872, -0.883294, -0.4497272), (-0.09046212, -0.95030785, -0.29787874), (-0.99958587, -0.027739352, 0.0076634786), (-0.138535, -0.9350399, -0.32635644), (-0.138535, -0.9350399, -0.32635644), (-0.13846876, -0.970265, -0.1985258), (-0.9997486, -0.020718373, -0.008578724), (-0.9997486, -0.020718373, -0.008578724), (-0.09046212, -0.95030785, -0.29787874), (-0.138535, -0.9350399, -0.32635644), (-0.09039436, -0.981598, -0.16820864), (-0.9997486, -0.020718373, -0.008578724), (-0.13846876, -0.970265, -0.1985258), (-0.13846876, -0.970265, -0.1985258), (-0.13149226, -0.9866927, -0.09564142), (-0.9981846, -0.020074517, -0.05678638), (-0.9981846, -0.020074517, -0.05678638), (-0.09039436, -0.981598, -0.16820864), (-0.13846876, -0.970265, -0.1985258), (-0.088153124, -0.9924825, -0.084898524), (-0.9981846, -0.020074517, -0.05678638), (-0.13149226, -0.9866927, -0.09564142), (-0.13149226, -0.9866927, -0.09564142), (-0.13998118, -0.9898381, 0.025018156), (-0.9991812, 0.0033261084, -0.040323287), (-0.9991812, 0.0033261084, -0.040323287), (-0.088153124, -0.9924825, -0.084898524), (-0.13149226, -0.9866927, -0.09564142), (-0.13998118, -0.9898381, 0.025018156), (-0.1412835, -0.9804742, 0.13678281), (-0.9998512, 0.013011858, 0.011332308), (-0.9998512, 0.013011858, 0.011332308), (-0.9991812, 0.0033261084, -0.040323287), (-0.13998118, -0.9898381, 0.025018156), (-0.1412835, -0.9804742, 0.13678281), (-0.14928453, -0.96111435, 0.23232177), (-0.9998562, 0.012248047, 0.01173677), (-0.9998562, 0.012248047, 0.01173677), (-0.9998512, 0.013011858, 0.011332308), (-0.1412835, -0.9804742, 0.13678281), (-0.14928453, -0.96111435, 0.23232177), (-0.14556766, -0.92695504, 0.34578082), (-0.9998685, 0.012505785, 0.010330275), (-0.9998685, 0.012505785, 0.010330275), (-0.9998562, 0.012248047, 0.01173677), (-0.14928453, -0.96111435, 0.23232177), (-0.14556766, -0.92695504, 0.34578082), (-0.1425298, -0.88163036, 0.44990376), (-0.9998189, 0.00048149948, -0.019023942), (-0.9998189, 0.00048149948, -0.019023942), (-0.9998685, 0.012505785, 0.010330275), (-0.14556766, -0.92695504, 0.34578082), (-0.1425298, -0.88163036, 0.44990376), (-0.13957322, -0.815921, 0.56106365), (-0.9998786, 0.0014695798, -0.015512679), (-0.9998786, 0.0014695798, -0.015512679), (-0.9998189, 0.00048149948, -0.019023942), (-0.1425298, -0.88163036, 0.44990376), (-0.13957322, -0.815921, 0.56106365), (-0.14561003, -0.74756473, 0.6480313), (-0.9998686, 0.011341392, 0.011587963), (-0.9998686, 0.011341392, 0.011587963), (-0.9998786, 0.0014695798, -0.015512679), (-0.13957322, -0.815921, 0.56106365), (-0.14561003, -0.74756473, 0.6480313), (-0.14034249, -0.6779007, 0.7216333), (-0.9998098, 0.019342275, 0.002523276), (-0.9998098, 0.019342275, 0.002523276), (-0.9998686, 0.011341392, 0.011587963), (-0.14561003, -0.74756473, 0.6480313), (-0.14034249, -0.6779007, 0.7216333), (-0.135189, -0.5788016, 0.8041845), (-0.9997509, 0.013343883, -0.017891496), (-0.9997509, 0.013343883, -0.017891496), (-0.9998098, 0.019342275, 0.002523276), (-0.14034249, -0.6779007, 0.7216333), (-0.135189, -0.5788016, 0.8041845), (-0.1456993, -0.48817345, 0.86049896), (-0.9997077, 0.020231936, -0.013244418), (-0.9997077, 0.020231936, -0.013244418), (-0.9997509, 0.013343883, -0.017891496), (-0.135189, -0.5788016, 0.8041845), (-0.1456993, -0.48817345, 0.86049896), (-0.14761686, -0.38027433, 0.91301745), (-0.9997281, -0.00007802043, -0.02332016), (-0.9997281, -0.00007802043, -0.02332016), (-0.9997077, 0.020231936, -0.013244418), (-0.1456993, -0.48817345, 0.86049896), (-0.14761686, -0.38027433, 0.91301745), (-0.14946315, -0.27854964, 0.9487207), (-0.9996607, 0.007443227, -0.024964867), (-0.9996607, 0.007443227, -0.024964867), (-0.9997281, -0.00007802043, -0.02332016), (-0.14761686, -0.38027433, 0.91301745), (-0.14946315, -0.27854964, 0.9487207), (-0.14043817, -0.1772597, 0.97409254), (-0.9997925, -0.0021984684, -0.0202519), (-0.9997925, -0.0021984684, -0.0202519), (-0.9996607, 0.007443227, -0.024964867), (-0.14946315, -0.27854964, 0.9487207), (-0.14043817, -0.1772597, 0.97409254), (-0.13012311, -0.06694932, 0.9892349), (-0.9997818, -0.006810279, -0.019747814), (-0.9997818, -0.006810279, -0.019747814), (-0.9997925, -0.0021984684, -0.0202519), (-0.14043817, -0.1772597, 0.97409254), (-0.13012311, -0.06694932, 0.9892349), (-0.13724187, 0.03900182, 0.98976946), (-0.9997947, -0.0003167503, -0.02025993), (-0.9997947, -0.0003167503, -0.02025993), (-0.9997818, -0.006810279, -0.019747814), (-0.13012311, -0.06694932, 0.9892349), (-0.13724187, 0.03900182, 0.98976946), (-0.14958481, 0.12086027, 0.9813345), (-0.9997399, 0.0055168928, -0.022134505), (-0.9997399, 0.0055168928, -0.022134505), (-0.9997947, -0.0003167503, -0.02025993), (-0.13724187, 0.03900182, 0.98976946), (-0.14958481, 0.12086027, 0.9813345), (-0.14588434, 0.22746977, 0.96279556), (-0.99971724, 0.0072098994, -0.02266271), (-0.99971724, 0.0072098994, -0.02266271), (-0.9997399, 0.0055168928, -0.022134505), (-0.14958481, 0.12086027, 0.9813345), (-0.14588434, 0.22746977, 0.96279556), (-0.14070019, 0.32623154, 0.9347601), (-0.9997396, -0.015292428, -0.016937668), (-0.9997396, -0.015292428, -0.016937668), (-0.99971724, 0.0072098994, -0.02266271), (-0.14588434, 0.22746977, 0.96279556), (-0.14070019, 0.32623154, 0.9347601), (-0.13553625, 0.4498174, 0.88277644), (-0.9997475, -0.018490372, -0.012771133), (-0.9997475, -0.018490372, -0.012771133), (-0.9997396, -0.015292428, -0.016937668), (-0.14070019, 0.32623154, 0.9347601), (-0.13553625, 0.4498174, 0.88277644), (-0.14293814, 0.5383844, 0.83048844), (-0.999886, -0.013511841, -0.0067414665), (-0.999886, -0.013511841, -0.0067414665), (-0.9997475, -0.018490372, -0.012771133), (-0.13553625, 0.4498174, 0.88277644), (-0.14293814, 0.5383844, 0.83048844), (-0.14000106, 0.6391275, 0.7562513), (-0.99947554, -0.028886806, 0.014644273), (-0.99947554, -0.028886806, 0.014644273), (-0.999886, -0.013511841, -0.0067414665), (-0.14293814, 0.5383844, 0.83048844), (-0.14000106, 0.6391275, 0.7562513), (-0.14603809, 0.7158938, 0.6827658), (-0.9996264, 0.02383667, -0.013377036), (-0.9996264, 0.02383667, -0.013377036), (-0.99947554, -0.028886806, 0.014644273), (-0.14000106, 0.6391275, 0.7562513), (-0.14603809, 0.7158938, 0.6827658), (-0.146082, 0.78970623, 0.5958391), (-0.99999994, -0.0002988542, -0.0000069005355), (-0.99999994, -0.0002988542, -0.0000069005355), (-0.9996264, 0.02383667, -0.013377036), (-0.14603809, 0.7158938, 0.6827658), (-0.146082, 0.78970623, 0.5958391), (-0.14611073, 0.8554849, 0.49678683), (-0.99999994, -0.00029884066, -0.0000068612917), (-0.99999994, -0.00029884066, -0.0000068612917), (-0.99999994, -0.0002988542, -0.0000069005355), (-0.146082, 0.78970623, 0.5958391), (-0.14611073, 0.8554849, 0.49678683), (-0.1430527, 0.90764964, 0.3945985), (-0.9998569, -0.008540022, 0.014605204), (-0.9998569, -0.008540022, 0.014605204), (-0.99999994, -0.00029884066, -0.0000068612917), (-0.14611073, 0.8554849, 0.49678683), (-0.1430527, 0.90764964, 0.3945985), (-0.13487272, 0.9494084, 0.2836075), (-0.99994284, -0.0096038515, -0.0047068135), (-0.99994284, -0.0096038515, -0.0047068135), (-0.9998569, -0.008540022, 0.014605204), (-0.1430527, 0.90764964, 0.3945985), (-0.13487272, 0.9494084, 0.2836075), (-0.13766189, 0.9776394, 0.15896742), (-0.99994385, -0.010578233, 0.00068871793), (-0.99994385, -0.010578233, 0.00068871793), (-0.99994284, -0.0096038515, -0.0047068135), (-0.13487272, 0.9494084, 0.2836075), (-0.13766189, 0.9776394, 0.15896742), (-0.124962136, 0.9888262, 0.081286065), (-0.9991861, 0.003843916, -0.040153444), (-0.9991861, 0.003843916, -0.040153444), (-0.99994385, -0.010578233, 0.00068871793), (-0.13766189, 0.9776394, 0.15896742), (-0.124962136, 0.9888262, 0.081286065), (-0.1121593, 0.9921426, -0.055438753), (-0.11994343, 0.99277866, 0.0020821462), (-0.11994343, 0.99277866, 0.0020821462), (-0.9991861, 0.003843916, -0.040153444), (-0.124962136, 0.9888262, 0.081286065), (-0.9995699, 0.022986922, -0.018214786), (-0.11994343, 0.99277866, 0.0020821462), (-0.1121593, 0.9921426, -0.055438753), (-0.1121593, 0.9921426, -0.055438753), (-0.10710659, 0.97616917, -0.18873842), (-0.123875804, 0.9861383, -0.110390484), (-0.123875804, 0.9861383, -0.110390484), (-0.9995699, 0.022986922, -0.018214786), (-0.1121593, 0.9921426, -0.055438753), (-0.9995939, 0.028084923, -0.0048239906), (-0.123875804, 0.9861383, -0.110390484), (-0.10710659, 0.97616917, -0.18873842), (-0.10710659, 0.97616917, -0.18873842), (-0.10703186, 0.94041264, -0.3227513), (-0.120241575, 0.9563372, -0.2663853), (-0.120241575, 0.9563372, -0.2663853), (-0.9995939, 0.028084923, -0.0048239906), (-0.10710659, 0.97616917, -0.18873842), (-0.9994362, 0.031424858, -0.011825603), (-0.120241575, 0.9563372, -0.2663853), (-0.10703186, 0.94041264, -0.3227513), (-0.10703186, 0.94041264, -0.3227513), (-0.10608645, 0.87554014, -0.47135463), (-0.11807347, 0.9096367, -0.3982711), (-0.11807347, 0.9096367, -0.3982711), (-0.9994362, 0.031424858, -0.011825603), (-0.10703186, 0.94041264, -0.3227513), (-0.9996354, 0.02494059, -0.010351228), (-0.11807347, 0.9096367, -0.3982711), (-0.10608645, 0.87554014, -0.47135463), (-0.10608645, 0.87554014, -0.47135463), (-0.10894037, 0.7883331, -0.6055269), (-0.12373815, 0.844018, -0.52184534), (-0.12373815, 0.844018, -0.52184534), (-0.9996354, 0.02494059, -0.010351228), (-0.10608645, 0.87554014, -0.47135463), (-0.9996467, -0.006406887, -0.025795912), (-0.12373815, 0.844018, -0.52184534), (-0.10894037, 0.7883331, -0.6055269), (-0.10894037, 0.7883331, -0.6055269), (-0.115096666, 0.6796549, -0.724446), (-0.124957435, 0.7278252, -0.67428195), (-0.124957435, 0.7278252, -0.67428195), (-0.9996467, -0.006406887, -0.025795912), (-0.10894037, 0.7883331, -0.6055269), (-0.99999994, -0.000298858, -0.0000068899813), (-0.124957435, 0.7278252, -0.67428195), (-0.115096666, 0.6796549, -0.724446), (-0.115096666, 0.6796549, -0.724446), (-0.11159627, 0.5450946, -0.830914), (-0.12537454, 0.6111375, -0.781532), (-0.12537454, 0.6111375, -0.781532), (-0.99999994, -0.000298858, -0.0000068899813), (-0.115096666, 0.6796549, -0.724446), (-0.99999994, -0.000298858, -0.0000069277557), (-0.12537454, 0.6111375, -0.781532), (-0.11159627, 0.5450946, -0.830914), (-0.11159627, 0.5450946, -0.830914), (-0.108490616, 0.42289615, -0.8996603), (-0.12615973, 0.47768816, -0.8694238), (-0.12615973, 0.47768816, -0.8694238), (-0.99999994, -0.000298858, -0.0000069277557), (-0.11159627, 0.5450946, -0.830914), (-0.99999994, -0.00029886872, -0.000006914697), (-0.12615973, 0.47768816, -0.8694238), (-0.108490616, 0.42289615, -0.8996603), (-0.108490616, 0.42289615, -0.8996603), (-0.10707479, 0.28439128, -0.95271015), (-0.119898535, 0.35444483, -0.9273582), (-0.119898535, 0.35444483, -0.9273582), (-0.99999994, -0.00029886872, -0.000006914697), (-0.108490616, 0.42289615, -0.8996603), (-0.99999994, -0.00029884733, -0.000006874361), (-0.119898535, 0.35444483, -0.9273582), (-0.10707479, 0.28439128, -0.95271015), (-0.10707479, 0.28439128, -0.95271015), (-0.11164773, 0.14722559, -0.9827815), (-0.12489906, 0.234438, -0.9640742), (-0.12489906, 0.234438, -0.9640742), (-0.99999994, -0.00029884733, -0.000006874361), (-0.10707479, 0.28439128, -0.95271015), (-0.9999949, -0.00082291226, -0.0030917197), (-0.12489906, 0.234438, -0.9640742), (-0.11164773, 0.14722559, -0.9827815), (-0.11164773, 0.14722559, -0.9827815), (-0.13656451, 0.0069742827, -0.9906066), (-0.12783197, 0.07342173, -0.98907447), (-0.12783197, 0.07342173, -0.98907447), (-0.9999949, -0.00082291226, -0.0030917197), (-0.11164773, 0.14722559, -0.9827815), (-0.9995086, 0.03039654, -0.007662169), (-0.12783197, 0.07342173, -0.98907447), (-0.13656451, 0.0069742827, -0.9906066), (-0.13656451, 0.0069742827, -0.9906066), (-0.12378458, -0.052499235, -0.9909195), (-0.999973, 0.005532605, 0.0048385486), (-0.999973, 0.005532605, 0.0048385486), (-0.9995086, 0.03039654, -0.007662169), (-0.13656451, 0.0069742827, -0.9906066), (-0.12378458, -0.052499235, -0.9909195), (-0.11383814, -0.18991563, -0.9751784), (-0.11714729, -0.12838139, -0.9847816), (-0.11714729, -0.12838139, -0.9847816), (-0.999973, 0.005532605, 0.0048385486), (-0.12378458, -0.052499235, -0.9909195), (-0.9996867, -0.025032151, 0.0000658511), (-0.11714729, -0.12838139, -0.9847816), (-0.11383814, -0.18991563, -0.9751784), (-0.11383814, -0.18991563, -0.9751784), (-0.10812242, -0.3192737, -0.94147426), (-0.12680878, -0.24748889, -0.96055657), (-0.12680878, -0.24748889, -0.96055657), (-0.9996867, -0.025032151, 0.0000658511), (-0.11383814, -0.18991563, -0.9751784), (-0.999756, -0.021874644, 0.0031006767), (-0.12680878, -0.24748889, -0.96055657), (-0.10812242, -0.3192737, -0.94147426), (-0.10812242, -0.3192737, -0.94147426), (-0.10773134, -0.51625574, -0.84963167), (-0.120007396, -0.4051237, -0.9063516), (-0.120007396, -0.4051237, -0.9063516), (-0.999756, -0.021874644, 0.0031006767), (-0.10812242, -0.3192737, -0.94147426), (-0.99990326, -0.013655544, 0.0026464243), (-0.120007396, -0.4051237, -0.9063516), (-0.10773134, -0.51625574, -0.84963167), (-0.07015054, 0.3861902, 0.91974777), (-0.1457412, 0.37834716, 0.91411877), (-0.9999875, -0.0049312026, -0.0009227783), (-0.9999875, -0.0049312026, -0.0009227783), (-0.00012327988, 0.39143297, 0.9202067), (-0.07015054, 0.3861902, 0.91974777), (-0.1457412, 0.37834716, 0.91411877), (-0.060635764, 0.35120878, -0.9343318), (-0.9998924, -0.009054039, 0.011551096), (-0.9998924, -0.009054039, 0.011551096), (-0.9999875, -0.0049312026, -0.0009227783), (-0.1457412, 0.37834716, 0.91411877), (-0.060635764, 0.35120878, -0.9343318), (-0.00009747529, 0.3477367, -0.9375922), (-0.060635764, 0.35120872, -0.9343318), (-0.060635764, 0.35120872, -0.9343318), (-0.9998924, -0.009054039, 0.011551096), (-0.060635764, 0.35120878, -0.9343318), (-0.00009747529, 0.3477367, -0.9375922), (-0.14553311, -0.32515955, 0.9343937), (-0.99989694, 0.009053089, -0.011148465), (-0.99989694, 0.009053089, -0.011148465), (-0.060635764, 0.35120872, -0.9343318), (-0.00009747529, 0.3477367, -0.9375922), (-0.14553311, -0.32515955, 0.9343937), (-0.1453217, -0.98930573, 0.012487274), (-0.00029870388, 0.9999203, -0.012622818), (-0.00029870388, 0.9999203, -0.012622818), (-0.99989694, 0.009053089, -0.011148465), (-0.14553311, -0.32515955, 0.9343937), (-0.1453217, -0.98930573, 0.012487274), (-0.14549898, -0.36124882, -0.9210479), (-0.99976486, 0.019203607, 0.010079631), (-0.99976486, 0.019203607, 0.010079631), (-0.00029870388, 0.9999203, -0.012622818), (-0.1453217, -0.98930573, 0.012487274), (-0.14549898, -0.36124882, -0.9210479), (-0.07068134, -0.9974191, -0.0126290275), (-0.00029870388, 0.9999203, -0.012622818), (-0.00029870388, 0.9999203, -0.012622818), (-0.99976486, 0.019203607, 0.010079631), (-0.14549898, -0.36124882, -0.9210479), (-0.07068134, -0.9974191, -0.0126290275), (-0.07015054, 0.3861902, 0.91974777), (-0.00012327988, 0.39143297, 0.9202067), (-0.00012327988, 0.39143297, 0.9202067), (-0.00029870388, 0.9999203, -0.012622818), (-0.07068134, -0.9974191, -0.0126290275), (0.00011437686, -0.36135784, -0.9324273), (-0.00029870388, 0.9999203, -0.012622818), (0.00011437685, -0.3613578, -0.9324273), (0.00011437685, -0.3613578, -0.9324273), (0.000091692855, -0.32854378, 0.94448876), (0.00011437686, -0.36135784, -0.9324273), (-0.00029870388, 0.9999203, -0.012622818), (0.00009169287, -0.3285438, 0.9444888), (-0.00029870388, 0.9999203, -0.012622818), (-0.00029870388, 0.9999203, -0.012622818), (0.00011437685, -0.3613578, -0.9324273), (-0.00029870388, 0.9999203, -0.012622818), (0.00009169287, -0.3285438, 0.9444888), (0.00011437686, -0.36135784, -0.9324273), (0.000091692855, -0.32854378, 0.94448876), (0.000091692855, -0.32854378, 0.94448876), (-0.00029870388, 0.9999203, -0.012622818), (0.00009169287, -0.3285438, 0.9444888), (-0.13780668, -0.013530863, -0.99036676), (-0.15118709, -0.012522878, -0.98842585), (-0.9999804, -0.0015106288, -0.006079829), (-0.9999804, -0.0015106288, -0.006079829), (-0.99999994, -0.00029885815, -0.000006904381), (-0.13780668, -0.013530863, -0.99036676), (-0.15118709, -0.012522878, -0.98842585), (-0.13783488, 0.013448233, 0.990364), (-0.99999994, -0.00029885815, -0.000006904381), (-0.99999994, -0.00029885815, -0.000006904381), (-0.9999804, -0.0015106288, -0.006079829), (-0.15118709, -0.012522878, -0.98842585), (-0.13783488, 0.013448233, 0.990364), (-0.1512114, 0.012432511, 0.9884232), (-0.9999812, 0.0009129231, 0.006066178), (-0.9999812, 0.0009129231, 0.006066178), (-0.99999994, -0.00029885815, -0.000006904381), (-0.13783488, 0.013448233, 0.990364), (-0.1512114, 0.012432511, 0.9884232), (-0.13780668, -0.013530863, -0.99036676), (-0.99999994, -0.00029885815, -0.000006904381), (-0.99999994, -0.00029885815, -0.000006904381), (-0.9999812, 0.0009129231, 0.006066178), (-0.1512114, 0.012432511, 0.9884232), (-0.020341525, 0.97220546, -0.23324406), (-0.9999294, -0.011862291, 0.00075338123), (-0.13811378, 0.9363317, -0.32281208), (-0.13811378, 0.9363317, -0.32281208), (-0.15602101, 0.9809599, -0.115651496), (-0.9842008, 0.16040777, -0.07495552), (-0.9842008, 0.16040777, -0.07495552), (-0.020341525, 0.97220546, -0.23324406), (-0.13811378, 0.9363317, -0.32281208), (-0.10094047, 0.99218434, -0.0733581), (-0.9842008, 0.16040777, -0.07495552), (-0.15602101, 0.9809599, -0.115651496), (-0.15602101, 0.9809599, -0.115651496), (-0.16244768, 0.98628443, -0.029220728), (-0.99929124, 0.03761119, -0.0015814512), (-0.99929124, 0.03761119, -0.0015814512), (-0.10094047, 0.99218434, -0.0733581), (-0.15602101, 0.9809599, -0.115651496), (-0.16244768, 0.98628443, -0.029220728), (-0.14591657, 0.98901767, -0.023503827), (-0.99995595, 0.009387249, -0.00019144252), (-0.99995595, 0.009387249, -0.00019144252), (-0.99929124, 0.03761119, -0.0015814512), (-0.16244768, 0.98628443, -0.029220728), (-0.14591657, 0.98901767, -0.023503827), (-0.13673724, 0.9905687, -0.008763882), (-0.9999559, -0.0012052561, 0.009322851), (-0.9999559, -0.0012052561, 0.009322851), (-0.99995595, 0.009387249, -0.00019144252), (-0.14591657, 0.98901767, -0.023503827), (-0.13673724, 0.9905687, -0.008763882), (-0.13777341, 0.01615838, 0.990332), (-0.9999864, 0.000069705544, 0.005222491), (-0.9999864, 0.000069705544, 0.005222491), (-0.9999559, -0.0012052561, 0.009322851), (-0.13673724, 0.9905687, -0.008763882), (-0.13777341, 0.01615838, 0.990332), (-0.00029870388, 0.9999203, -0.012622818), (-0.9999806, 0.000005011649, 0.0062282328), (-0.9999806, 0.000005011649, 0.0062282328), (-0.9999864, 0.000069705544, 0.005222491), (-0.13777341, 0.01615838, 0.990332), (-0.00029870388, 0.9999203, -0.012622818), (-0.14546311, -0.9892972, 0.011468792), (-0.00029870388, 0.9999203, -0.012622818), (-0.00029870388, 0.9999203, -0.012622818), (-0.9999806, 0.000005011649, 0.0062282328), (-0.00029870388, 0.9999203, -0.012622818), (-0.14546311, -0.9892972, 0.011468792), (-0.13246496, -0.99115235, 0.008375458), (-0.9993646, -0.0074368175, 0.03485718), (-0.9993646, -0.0074368175, 0.03485718), (-0.00029870388, 0.9999203, -0.012622818), (-0.14546311, -0.9892972, 0.011468792), (-0.09712636, -0.9951327, 0.016657058), (-0.9993646, -0.0074368175, 0.03485718), (-0.13246496, -0.99115235, 0.008375458), (-0.13246496, -0.99115235, 0.008375458), (-0.14481555, -0.9889724, -0.03101843), (-0.9994527, -0.013585142, -0.03016328), (-0.9994527, -0.013585142, -0.03016328), (-0.09712636, -0.9951327, 0.016657058), (-0.13246496, -0.99115235, 0.008375458), (-0.9996039, 0.00066965376, -0.028137907), (-0.9994527, -0.013585142, -0.03016328), (-0.14481555, -0.9889724, -0.03101843), (-0.14481555, -0.9889724, -0.03101843), (-0.13614765, -0.98577327, -0.098564), (-0.9996039, 0.00066965376, -0.028137907), (-0.999245, 0.0026021178, 0.03876584), (-0.9996039, 0.00066965376, -0.028137907), (-0.13614765, -0.98577327, -0.098564), (-0.13614765, -0.98577327, -0.098564), (-0.14575228, -0.934319, -0.32527572), (-0.999245, 0.0026021178, 0.03876584), (-0.9995473, 0.027325746, -0.012590306), (-0.999245, 0.0026021178, 0.03876584), (-0.14575228, -0.934319, -0.32527572), (-0.14575228, -0.934319, -0.32527572), (-0.14681849, -0.7972967, -0.5854591), (-0.9995473, 0.027325746, -0.012590306), (-0.99994874, 0.00942136, 0.0037135202), (-0.9995473, 0.027325746, -0.012590306), (-0.14681849, -0.7972967, -0.5854591), (-0.14681849, -0.7972967, -0.5854591), (-0.14518271, -0.5560485, -0.81837153), (-0.99994874, 0.00942136, 0.0037135202), (-0.99999464, 0.0024750817, 0.002139076), (-0.99994874, 0.00942136, 0.0037135202), (-0.14518271, -0.5560485, -0.81837153), (-0.14518271, -0.5560485, -0.81837153), (-0.14724694, -0.2696409, -0.9516366), (-0.99999464, 0.0024750817, 0.002139076), (-0.99998355, -0.00056175527, 0.005723556), (-0.99999464, 0.0024750817, 0.002139076), (-0.14724694, -0.2696409, -0.9516366), (-0.14724694, -0.2696409, -0.9516366), (-0.14251138, -0.016001744, -0.98966384), (-0.99998355, -0.00056175527, 0.005723556), (-0.99961257, -0.023395404, 0.015077446), (-0.99998355, -0.00056175527, 0.005723556), (-0.14251138, -0.016001744, -0.98966384), (-0.14251138, -0.016001744, -0.98966384), (-0.14048682, 0.22588965, -0.96396965), (-0.99961257, -0.023395404, 0.015077446), (-0.99973136, -0.010104756, 0.020858115), (-0.99961257, -0.023395404, 0.015077446), (-0.14048682, 0.22588965, -0.96396965), (-0.14048682, 0.22588965, -0.96396965), (-0.14626479, 0.45963392, -0.87598145), (-0.99973136, -0.010104756, 0.020858115), (-0.99961627, -0.0043614176, 0.027356692), (-0.99973136, -0.010104756, 0.020858115), (-0.14626479, 0.45963392, -0.87598145), (-0.14626479, 0.45963392, -0.87598145), (-0.14970769, 0.7411583, -0.65442497), (-0.99961627, -0.0043614176, 0.027356692), (-0.9996367, -0.01170778, 0.024281718), (-0.99961627, -0.0043614176, 0.027356692), (-0.14970769, 0.7411583, -0.65442497), (-0.14970769, 0.7411583, -0.65442497), (-0.13811378, 0.9363317, -0.32281208), (-0.9996367, -0.01170778, 0.024281718), (-0.9999294, -0.011862291, 0.00075338123), (-0.9996367, -0.01170778, 0.024281718), (-0.13811378, 0.9363317, -0.32281208), (-0.13661331, 0.012463669, 0.99054605), (-0.09445163, -0.9946481, -0.04188383), (-0.05299045, -0.9945814, -0.08944165), (-0.05299045, -0.9945814, -0.08944165), (-0.9999856, -0.0053725704, -0.00021185036), (-0.13661331, 0.012463669, 0.99054605), (-0.9998647, 0.012456597, -0.010742125), (-0.05299045, -0.9945814, -0.08944165), (-0.09445163, -0.9946481, -0.04188383), (-0.09445163, -0.9946481, -0.04188383), (-0.13735585, -0.9843578, -0.110332504), (-0.9995276, 0.02973112, -0.007797634), (-0.9995276, 0.02973112, -0.007797634), (-0.9998647, 0.012456597, -0.010742125), (-0.09445163, -0.9946481, -0.04188383), (-0.13735585, -0.9843578, -0.110332504), (-0.14962694, -0.9458566, -0.2880405), (-0.99943703, -0.026630282, 0.020412402), (-0.99943703, -0.026630282, 0.020412402), (-0.9995276, 0.02973112, -0.007797634), (-0.13735585, -0.9843578, -0.110332504), (-0.9994511, 0.026505476, -0.019877564), (-0.99943703, -0.026630282, 0.020412402), (-0.14962694, -0.9458566, -0.2880405), (-0.14962694, -0.9458566, -0.2880405), (-0.15654603, -0.83577347, -0.5262852), (-0.9994511, 0.026505476, -0.019877564), (-0.9991474, -0.017754318, 0.03727414), (-0.9994511, 0.026505476, -0.019877564), (-0.15654603, -0.83577347, -0.5262852), (-0.15654603, -0.83577347, -0.5262852), (-0.11231613, -0.63645166, -0.76309526), (-0.9991474, -0.017754318, 0.03727414), (-0.9990432, -0.010758804, 0.042390723), (-0.9991474, -0.017754318, 0.03727414), (-0.11231613, -0.63645166, -0.76309526), (-0.11231613, -0.63645166, -0.76309526), (-0.095877826, -0.57889, -0.80974925), (-0.067362934, -0.5137699, -0.8552793), (-0.067362934, -0.5137699, -0.8552793), (-0.9990432, -0.010758804, 0.042390723), (-0.11231613, -0.63645166, -0.76309526), (-0.99998075, 0.0045151985, 0.0042824373), (-0.067362934, -0.5137699, -0.8552793), (-0.095877826, -0.57889, -0.80974925), (-0.095877826, -0.57889, -0.80974925), (-0.14598098, -0.5901003, -0.79402214), (-0.14281587, -0.5836324, -0.7993604), (-0.14281587, -0.5836324, -0.7993604), (-0.99998075, 0.0045151985, 0.0042824373), (-0.095877826, -0.57889, -0.80974925), (-0.9994309, 0.019456577, -0.027558671), (-0.14281587, -0.5836324, -0.7993604), (-0.14598098, -0.5901003, -0.79402214), (-0.14598098, -0.5901003, -0.79402214), (-0.14934528, -0.5600262, -0.81490296), (-0.99982977, 0.009333, -0.015922127), (-0.99982977, 0.009333, -0.015922127), (-0.9994309, 0.019456577, -0.027558671), (-0.14598098, -0.5901003, -0.79402214), (-0.14934528, -0.5600262, -0.81490296), (-0.14544705, -0.5587789, -0.81646264), (-0.99997693, 0.000104829545, 0.0068000536), (-0.99997693, 0.000104829545, 0.0068000536), (-0.99982977, 0.009333, -0.015922127), (-0.14934528, -0.5600262, -0.81490296), (-0.14544705, -0.5587789, -0.81646264), (-0.10699035, -0.9412652, -0.32027012), (-0.9999579, -0.0047683055, 0.007846922), (-0.9999579, -0.0047683055, 0.007846922), (-0.99997693, 0.000104829545, 0.0068000536), (-0.14544705, -0.5587789, -0.81646264), (-0.10699035, -0.9412652, -0.32027012), (-0.069943875, 0.55757564, 0.82717437), (-0.07032345, -0.9974716, -0.010258724), (-0.07032345, -0.9974716, -0.010258724), (-0.9999579, -0.0047683055, 0.007846922), (-0.10699035, -0.9412652, -0.32027012), (-0.069943875, 0.55757564, 0.82717437), (-0.1457837, 0.53384995, 0.8329175), (-0.9999641, -0.004417539, 0.0072305542), (-0.9999641, -0.004417539, 0.0072305542), (-0.07032345, -0.9974716, -0.010258724), (-0.069943875, 0.55757564, 0.82717437), (-0.1457837, 0.53384995, 0.8329175), (-0.15516861, 0.55774426, 0.81537974), (-0.9984812, 0.055092685, -0.000329911), (-0.9984812, 0.055092685, -0.000329911), (-0.9999641, -0.004417539, 0.0072305542), (-0.1457837, 0.53384995, 0.8329175), (-0.15516861, 0.55774426, 0.81537974), (-0.13961734, 0.56666905, 0.8120304), (-0.9993453, 0.034110248, 0.0120604485), (-0.9993453, 0.034110248, 0.0120604485), (-0.9984812, 0.055092685, -0.000329911), (-0.15516861, 0.55774426, 0.81537974), (-0.09914026, 0.56782854, 0.81715477), (-0.9993453, 0.034110248, 0.0120604485), (-0.13961734, 0.56666905, 0.8120304), (-0.13961734, 0.56666905, 0.8120304), (-0.11146843, 0.6236814, 0.77369004), (-0.9988834, -0.03656502, 0.029915987), (-0.9988834, -0.03656502, 0.029915987), (-0.09914026, 0.56782854, 0.81715477), (-0.13961734, 0.56666905, 0.8120304), (0.012331655, 0.66715854, 0.74481374), (-0.9988834, -0.03656502, 0.029915987), (-0.11146843, 0.6236814, 0.77369004), (-0.11146843, 0.6236814, 0.77369004), (-0.1599254, 0.6370265, 0.75406975), (-0.99923545, -0.033740755, 0.01975018), (-0.99923545, -0.033740755, 0.01975018), (0.012331655, 0.66715854, 0.74481374), (-0.11146843, 0.6236814, 0.77369004), (-0.9991054, 0.02652266, -0.032938264), (-0.99923545, -0.033740755, 0.01975018), (-0.1599254, 0.6370265, 0.75406975), (-0.1599254, 0.6370265, 0.75406975), (-0.13526091, 0.76141304, 0.63399905), (-0.9991054, 0.02652266, -0.032938264), (-0.13526091, 0.76141304, 0.63399905), (-0.14426039, 0.8262919, 0.5444544), (-0.9991103, 0.021919489, -0.036029637), (-0.9991103, 0.021919489, -0.036029637), (-0.9991054, 0.02652266, -0.032938264), (-0.13526091, 0.76141304, 0.63399905), (0.054593492, 0.9796198, 0.19329964), (-0.9991103, 0.021919489, -0.036029637), (-0.14426039, 0.8262919, 0.5444544), (-0.14426039, 0.8262919, 0.5444544), (-0.00029870388, 0.9999203, -0.012622818), (-0.9999382, 0.006384956, -0.009108003), (-0.9999382, 0.006384956, -0.009108003), (0.054593492, 0.9796198, 0.19329964), (-0.14426039, 0.8262919, 0.5444544), (-0.21909605, 0.4155199, 0.8828024), (-0.9999382, 0.006384956, -0.009108003), (-0.00029870388, 0.9999203, -0.012622818), (-0.00029870388, 0.9999203, -0.012622818), (0.12759702, -0.7640336, 0.63243306), (-0.21909605, 0.4155199, 0.8828024), (0.12759702, -0.7640336, 0.63243306), (-0.00029870388, 0.9999203, -0.012622818), (-0.9998003, -0.010501227, -0.017002307), (-0.9998003, -0.010501227, -0.017002307), (-0.21909605, 0.4155199, 0.8828024), (0.12759702, -0.7640336, 0.63243306), (-0.00029870388, 0.9999203, -0.012622818), (-0.12127204, -0.9107506, 0.39474875), (-0.9988365, -0.017365687, 0.044989243), (-0.9988365, -0.017365687, 0.044989243), (-0.9998003, -0.010501227, -0.017002307), (-0.00029870388, 0.9999203, -0.012622818), (-0.12127204, -0.9107506, 0.39474875), (-0.11038674, -0.87802744, 0.46570653), (-0.1207165, -0.90634423, 0.40492922), (-0.1207165, -0.90634423, 0.40492922), (-0.9988365, -0.017365687, 0.044989243), (-0.12127204, -0.9107506, 0.39474875), (-0.999612, -0.016455535, 0.022479588), (-0.1207165, -0.90634423, 0.40492922), (-0.11038674, -0.87802744, 0.46570653), (-0.11038674, -0.87802744, 0.46570653), (-0.10023976, -0.76920336, 0.63109285), (-0.11942057, -0.8261962, 0.5505804), (-0.11942057, -0.8261962, 0.5505804), (-0.999612, -0.016455535, 0.022479588), (-0.11038674, -0.87802744, 0.46570653), (-0.9997723, -0.0056014117, 0.020594329), (-0.11942057, -0.8261962, 0.5505804), (-0.10023976, -0.76920336, 0.63109285), (-0.10023976, -0.76920336, 0.63109285), (-0.10529999, -0.6025369, 0.7911139), (-0.11444256, -0.6608531, 0.7417386), (-0.11444256, -0.6608531, 0.7417386), (-0.9997723, -0.0056014117, 0.020594329), (-0.10023976, -0.76920336, 0.63109285), (-0.9997586, -0.0046711904, 0.021471044), (-0.11444256, -0.6608531, 0.7417386), (-0.10529999, -0.6025369, 0.7911139), (-0.10529999, -0.6025369, 0.7911139), (-0.1059903, -0.4077222, 0.90693367), (-0.12078428, -0.48252386, 0.8675148), (-0.12078428, -0.48252386, 0.8675148), (-0.9997586, -0.0046711904, 0.021471044), (-0.10529999, -0.6025369, 0.7911139), (-0.9996117, -0.021459691, 0.017777363), (-0.12078428, -0.48252386, 0.8675148), (-0.1059903, -0.4077222, 0.90693367), (-0.1059903, -0.4077222, 0.90693367), (-0.10579426, -0.19823869, 0.9744276), (-0.119029246, -0.28940177, 0.9497783), (-0.119029246, -0.28940177, 0.9497783), (-0.9996117, -0.021459691, 0.017777363), (-0.1059903, -0.4077222, 0.90693367), (-0.9993341, -0.031153478, 0.018998256), (-0.119029246, -0.28940177, 0.9497783), (-0.10579426, -0.19823869, 0.9744276), (-0.10579426, -0.19823869, 0.9744276), (-0.06891363, -0.01060979, 0.9975663), (-0.12344944, -0.07504747, 0.98950905), (-0.12344944, -0.07504747, 0.98950905), (-0.9993341, -0.031153478, 0.018998256), (-0.10579426, -0.19823869, 0.9744276), (-0.99984926, -0.013324013, 0.01113731), (-0.12344944, -0.07504747, 0.98950905), (-0.06891363, -0.01060979, 0.9975663), (-0.06891363, -0.01060979, 0.9975663), (-0.0056140954, 0.21280026, 0.9770796), (-0.015514172, 0.220253, 0.9753195), (-0.015514172, 0.220253, 0.9753195), (-0.99984926, -0.013324013, 0.01113731), (-0.06891363, -0.01060979, 0.9975663), (-0.9999337, -0.007718274, 0.008545038), (-0.015514172, 0.220253, 0.9753195), (-0.0056140954, 0.21280026, 0.9770796), (-0.0056140954, 0.21280026, 0.9770796), (-0.0065630493, 0.37733775, 0.92605245), (-0.017655706, 0.38893712, 0.9210952), (-0.017655706, 0.38893712, 0.9210952), (-0.9999337, -0.007718274, 0.008545038), (-0.0056140954, 0.21280026, 0.9770796), (-0.9997176, -0.007310381, -0.022615356), (-0.017655706, 0.38893712, 0.9210952), (-0.0065630493, 0.37733775, 0.92605245), (-0.0065630493, 0.37733775, 0.92605245), (-0.007230143, 0.53151995, 0.8470149), (-0.018793147, 0.54484874, 0.8383237), (-0.018793147, 0.54484874, 0.8383237), (-0.9997176, -0.007310381, -0.022615356), (-0.0065630493, 0.37733775, 0.92605245), (-0.99990183, -0.0054818513, -0.012899577), (-0.018793147, 0.54484874, 0.8383237), (-0.007230143, 0.53151995, 0.8470149), (-0.007230143, 0.53151995, 0.8470149), (-0.0066850693, 0.66411656, 0.7475992), (-0.01789704, 0.67316854, 0.73927253), (-0.01789704, 0.67316854, 0.73927253), (-0.99990183, -0.0054818513, -0.012899577), (-0.007230143, 0.53151995, 0.8470149), (-0.99968463, -0.008880854, -0.023491228), (-0.01789704, 0.67316854, 0.73927253), (-0.0066850693, 0.66411656, 0.7475992), (-0.0066850693, 0.66411656, 0.7475992), (-0.006353963, 0.7907098, 0.6121582), (-0.017795624, 0.797588, 0.60294014), (-0.017795624, 0.797588, 0.60294014), (-0.99968463, -0.008880854, -0.023491228), (-0.0066850693, 0.66411656, 0.7475992), (-0.9997983, 0.019580185, -0.0044698697), (-0.017795624, 0.797588, 0.60294014), (-0.006353963, 0.7907098, 0.6121582), (-0.006353963, 0.7907098, 0.6121582), (-0.0065002954, 0.8946079, 0.4468049), (-0.018177252, 0.90014833, 0.43520403), (-0.018177252, 0.90014833, 0.43520403), (-0.9997983, 0.019580185, -0.0044698697), (-0.006353963, 0.7907098, 0.6121582), (-0.99994904, 0.0032190562, 0.009578068), (-0.018177252, 0.90014833, 0.43520403), (-0.0065002954, 0.8946079, 0.4468049), (-0.0065002954, 0.8946079, 0.4468049), (-0.0058840876, 0.9629331, 0.26967633), (-0.018582752, 0.9665634, 0.25575352), (-0.018582752, 0.9665634, 0.25575352), (-0.99994904, 0.0032190562, 0.009578068), (-0.0065002954, 0.8946079, 0.4468049), (-0.99979746, 0.01833318, -0.008301896), (-0.018582752, 0.9665634, 0.25575352), (-0.0058840876, 0.9629331, 0.26967633), (-0.0058840876, 0.9629331, 0.26967633), (-0.069027215, 0.982107, 0.17521818), (-0.018303469, 0.9937575, 0.11005001), (-0.018303469, 0.9937575, 0.11005001), (-0.99979746, 0.01833318, -0.008301896), (-0.0058840876, 0.9629331, 0.26967633), (-0.9997561, 0.019648807, 0.010085786), (-0.018303469, 0.9937575, 0.11005001), (-0.069027215, 0.982107, 0.17521818), (-0.069027215, 0.982107, 0.17521818), (-0.104623936, 0.99082744, 0.08552741), (-0.11851052, 0.98096466, 0.15383054), (-0.11851052, 0.98096466, 0.15383054), (-0.9997561, 0.019648807, 0.010085786), (-0.069027215, 0.982107, 0.17521818), (-0.104623936, 0.99082744, 0.08552741), (-0.14646478, 0.985645, 0.08397711), (-0.99848896, -0.010846874, 0.053872608), (-0.99848896, -0.010846874, 0.053872608), (-0.11851052, 0.98096466, 0.15383054), (-0.104623936, 0.99082744, 0.08552741), (-0.14646478, 0.985645, 0.08397711), (-0.13691097, 0.9898332, 0.038543846), (-0.99970984, 0.000994592, 0.024070734), (-0.99970984, 0.000994592, 0.024070734), (-0.99848896, -0.010846874, 0.053872608), (-0.14646478, 0.985645, 0.08397711), (-0.13691097, 0.9898332, 0.038543846), (-0.13996062, 0.9901502, 0.0037117277), (-0.99848825, -0.006984807, -0.05452087), (-0.99848825, -0.006984807, -0.05452087), (-0.99970984, 0.000994592, 0.024070734), (-0.13691097, 0.9898332, 0.038543846), (-0.13996062, 0.9901502, 0.0037117277), (-0.1356838, 0.99070024, -0.010153154), (-0.9999749, -0.0041180286, 0.0057777306), (-0.9999749, -0.0041180286, 0.0057777306), (-0.99848825, -0.006984807, -0.05452087), (-0.13996062, 0.9901502, 0.0037117277), (-0.1356838, 0.99070024, -0.010153154), (-0.13781159, -0.013530496, -0.9903661), (-0.9999974, -0.0014410012, 0.0018096301), (-0.9999974, -0.0014410012, 0.0018096301), (-0.9999749, -0.0041180286, 0.0057777306), (-0.1356838, 0.99070024, -0.010153154), (-0.13781159, -0.013530496, -0.9903661), (-0.15118709, -0.012522905, -0.98842585), (-0.99999076, -0.0013634585, 0.0040838895), (-0.99999076, -0.0013634585, 0.0040838895), (-0.9999974, -0.0014410012, 0.0018096301), (-0.13781159, -0.013530496, -0.9903661), (-0.15118709, -0.012522905, -0.98842585), (-0.14119503, 0.011668613, 0.9899131), (-0.9999978, -0.002032258, 0.0007138752), (-0.9999978, -0.002032258, 0.0007138752), (-0.99999076, -0.0013634585, 0.0040838895), (-0.15118709, -0.012522905, -0.98842585), (-0.14119503, 0.011668613, 0.9899131), (-0.13661331, 0.012463669, 0.99054605), (-0.9999856, -0.0053725704, -0.00021185036), (-0.9999856, -0.0053725704, -0.00021185036), (-0.9999978, -0.002032258, 0.0007138752), (-0.14119503, 0.011668613, 0.9899131), (-0.9998664, 0.009998065, -0.01293719), (-0.011280406, 0.6589733, 0.75208175), (-0.1265801, 0.6002501, 0.78973246), (-0.1265801, 0.6002501, 0.78973246), (-0.13515423, 0.41989642, 0.89745224), (-0.15323128, 0.48657578, 0.8600954), (-0.15323128, 0.48657578, 0.8600954), (-0.9998664, 0.009998065, -0.01293719), (-0.1265801, 0.6002501, 0.78973246), (-0.99971986, -0.0236139, -0.0016551898), (-0.15323128, 0.48657578, 0.8600954), (-0.13515423, 0.41989642, 0.89745224), (-0.13515423, 0.41989642, 0.89745224), (-0.14108387, 0.18995307, 0.9716034), (-0.14355916, 0.27879474, 0.94956005), (-0.14355916, 0.27879474, 0.94956005), (-0.99971986, -0.0236139, -0.0016551898), (-0.13515423, 0.41989642, 0.89745224), (-0.9999556, -0.0031378039, 0.008893809), (-0.14355916, 0.27879474, 0.94956005), (-0.14108387, 0.18995307, 0.9716034), (-0.14108387, 0.18995307, 0.9716034), (-0.13346338, 0.037401777, 0.99034774), (-0.14151959, 0.09155304, 0.98569286), (-0.14151959, 0.09155304, 0.98569286), (-0.9999556, -0.0031378039, 0.008893809), (-0.14108387, 0.18995307, 0.9716034), (-0.9997312, 0.020913504, 0.010016338), (-0.14151959, 0.09155304, 0.98569286), (-0.13346338, 0.037401777, 0.99034774), (-0.13346338, 0.037401777, 0.99034774), (-0.1331335, -0.11244913, 0.98469824), (-0.14229734, -0.053258915, 0.98839015), (-0.14229734, -0.053258915, 0.98839015), (-0.9997312, 0.020913504, 0.010016338), (-0.13346338, 0.037401777, 0.99034774), (-0.99996513, -0.008360459, -0.000062613915), (-0.14229734, -0.053258915, 0.98839015), (-0.1331335, -0.11244913, 0.98469824), (-0.1331335, -0.11244913, 0.98469824), (-0.13330065, -0.29094097, 0.94740933), (-0.14236994, -0.23322004, 0.96194565), (-0.14236994, -0.23322004, 0.96194565), (-0.99996513, -0.008360459, -0.000062613915), (-0.1331335, -0.11244913, 0.98469824), (-0.9999832, -0.005535698, -0.0017432157), (-0.14236994, -0.23322004, 0.96194565), (-0.13330065, -0.29094097, 0.94740933), (-0.13330065, -0.29094097, 0.94740933), (-0.08821474, -0.47694516, 0.87449497), (-0.14525202, -0.4280438, 0.8920092), (-0.14525202, -0.4280438, 0.8920092), (-0.9999832, -0.005535698, -0.0017432157), (-0.13330065, -0.29094097, 0.94740933), (-0.99990153, -0.0074017383, -0.011921439), (-0.14525202, -0.4280438, 0.8920092), (-0.08821474, -0.47694516, 0.87449497), (-0.08821474, -0.47694516, 0.87449497), (-0.02743984, -0.60874975, 0.7928876), (-0.033954293, -0.49563754, 0.8678655), (-0.033954293, -0.49563754, 0.8678655), (-0.99990153, -0.0074017383, -0.011921439), (-0.08821474, -0.47694516, 0.87449497), (-0.99969864, 0.011254868, -0.021820815), (-0.033954293, -0.49563754, 0.8678655), (-0.02743984, -0.60874975, 0.7928876), (-0.02743984, -0.60874975, 0.7928876), (-0.024942024, -0.78371894, 0.6206147), (-0.081804305, -0.8000501, 0.59432995), (-0.081804305, -0.8000501, 0.59432995), (-0.99969864, 0.011254868, -0.021820815), (-0.02743984, -0.60874975, 0.7928876), (-0.99981564, 0.016678924, -0.0095108375), (-0.081804305, -0.8000501, 0.59432995), (-0.024942024, -0.78371894, 0.6206147), (-0.024942024, -0.78371894, 0.6206147), (-0.024187937, -0.91670835, 0.39882424), (-0.028654668, -0.8574425, 0.5137813), (-0.028654668, -0.8574425, 0.5137813), (-0.99981564, 0.016678924, -0.0095108375), (-0.024942024, -0.78371894, 0.6206147), (-0.999834, 0.016188785, 0.008360203), (-0.028654668, -0.8574425, 0.5137813), (-0.024187937, -0.91670835, 0.39882424), (-0.024187937, -0.91670835, 0.39882424), (-0.02492895, -0.9848609, 0.17154475), (-0.030179957, -0.95582414, 0.29238582), (-0.030179957, -0.95582414, 0.29238582), (-0.999834, 0.016188785, 0.008360203), (-0.024187937, -0.91670835, 0.39882424), (-0.9995927, 0.0014890307, -0.028502328), (-0.030179957, -0.95582414, 0.29238582), (-0.02492895, -0.9848609, 0.17154475), (-0.02492895, -0.9848609, 0.17154475), (-0.023447385, -0.99736667, -0.06863071), (-0.027176058, -0.99828625, 0.051828366), (-0.027176058, -0.99828625, 0.051828366), (-0.9995927, 0.0014890307, -0.028502328), (-0.02492895, -0.9848609, 0.17154475), (-0.999967, -0.0081000915, 0.00063046697), (-0.027176058, -0.99828625, 0.051828366), (-0.023447385, -0.99736667, -0.06863071), (-0.023447385, -0.99736667, -0.06863071), (-0.024721153, -0.9515121, -0.30661643), (-0.029317116, -0.9837233, -0.17728238), (-0.029317116, -0.9837233, -0.17728238), (-0.999967, -0.0081000915, 0.00063046697), (-0.023447385, -0.99736667, -0.06863071), (-0.9999884, -0.0046488605, -0.0012800276), (-0.029317116, -0.9837233, -0.17728238), (-0.024721153, -0.9515121, -0.30661643), (-0.024721153, -0.9515121, -0.30661643), (-0.025557507, -0.84700996, -0.53096235), (-0.030650876, -0.90984476, -0.4138154), (-0.030650876, -0.90984476, -0.4138154), (-0.9999884, -0.0046488605, -0.0012800276), (-0.024721153, -0.9515121, -0.30661643), (-0.99998933, -0.0013489425, -0.0044067944), (-0.030650876, -0.90984476, -0.4138154), (-0.025557507, -0.84700996, -0.53096235), (-0.025557507, -0.84700996, -0.53096235), (-0.08693488, -0.6482295, -0.7564661), (-0.030510481, -0.77852756, -0.6268685), (-0.030510481, -0.77852756, -0.6268685), (-0.99998933, -0.0013489425, -0.0044067944), (-0.025557507, -0.84700996, -0.53096235), (-0.9999025, -0.013723976, 0.0025996356), (-0.030510481, -0.77852756, -0.6268685), (-0.08693488, -0.6482295, -0.7564661), (-0.08693488, -0.6482295, -0.7564661), (-0.13662542, -0.37916034, -0.915189), (-0.14109595, -0.52051204, -0.84211594), (-0.14109595, -0.52051204, -0.84211594), (-0.9999025, -0.013723976, 0.0025996356), (-0.08693488, -0.6482295, -0.7564661), (-0.9996648, -0.02489105, -0.0071282554), (-0.14109595, -0.52051204, -0.84211594), (-0.13662542, -0.37916034, -0.915189), (-0.13662542, -0.37916034, -0.915189), (-0.12154127, -0.19703828, -0.97283286), (-0.13321985, -0.2848797, -0.9492608), (-0.13321985, -0.2848797, -0.9492608), (-0.9996648, -0.02489105, -0.0071282554), (-0.13662542, -0.37916034, -0.915189), (-0.9998278, -0.00045150483, -0.018554807), (-0.13321985, -0.2848797, -0.9492608), (-0.12154127, -0.19703828, -0.97283286), (-0.12154127, -0.19703828, -0.97283286), (-0.12901182, -0.043057464, -0.9907079), (-0.13118641, -0.12105932, -0.9839384), (-0.13118641, -0.12105932, -0.9839384), (-0.9998278, -0.00045150483, -0.018554807), (-0.12154127, -0.19703828, -0.97283286), (-0.9998262, -0.008647329, -0.016520988), (-0.13118641, -0.12105932, -0.9839384), (-0.12901182, -0.043057464, -0.9907079), (-0.12901182, -0.043057464, -0.9907079), (-0.13406195, 0.110610664, -0.98478055), (-0.14297755, 0.03267383, -0.9891865), (-0.14297755, 0.03267383, -0.9891865), (-0.9998262, -0.008647329, -0.016520988), (-0.12901182, -0.043057464, -0.9907079), (-0.9997987, 0.00565225, -0.019251516), (-0.14297755, 0.03267383, -0.9891865), (-0.13406195, 0.110610664, -0.98478055), (-0.13406195, 0.110610664, -0.98478055), (-0.12663545, 0.29978484, -0.9455647), (-0.14270777, 0.20710455, -0.9678545), (-0.14270777, 0.20710455, -0.9678545), (-0.9997987, 0.00565225, -0.019251516), (-0.13406195, 0.110610664, -0.98478055), (-0.99971145, 0.012982035, -0.020216148), (-0.14270777, 0.20710455, -0.9678545), (-0.12663545, 0.29978484, -0.9455647), (-0.12663545, 0.29978484, -0.9455647), (-0.09857408, 0.5444663, -0.8329703), (-0.13018067, 0.39442378, -0.90966094), (-0.13018067, 0.39442378, -0.90966094), (-0.99971145, 0.012982035, -0.020216148), (-0.12663545, 0.29978484, -0.9455647), (-0.99979824, 0.017730528, -0.009452729), (-0.13018067, 0.39442378, -0.90966094), (-0.09857408, 0.5444663, -0.8329703), (-0.09857408, 0.5444663, -0.8329703), (-0.05803461, 0.77770305, -0.62594736), (-0.0834754, 0.7141865, -0.6949601), (-0.0834754, 0.7141865, -0.6949601), (-0.99979824, 0.017730528, -0.009452729), (-0.09857408, 0.5444663, -0.8329703), (-0.9998712, 0.016032282, -0.0007533087), (-0.0834754, 0.7141865, -0.6949601), (-0.05803461, 0.77770305, -0.62594736), (-0.05803461, 0.77770305, -0.62594736), (-0.059050616, 0.9097534, -0.41092804), (-0.08129463, 0.86310977, -0.49843037), (-0.08129463, 0.86310977, -0.49843037), (-0.9998712, 0.016032282, -0.0007533087), (-0.05803461, 0.77770305, -0.62594736), (-0.99991274, 0.006664623, -0.011409207), (-0.08129463, 0.86310977, -0.49843037), (-0.059050616, 0.9097534, -0.41092804), (-0.059050616, 0.9097534, -0.41092804), (-0.056262653, 0.9826754, -0.17658935), (-0.083651155, 0.9627808, -0.25701326), (-0.083651155, 0.9627808, -0.25701326), (-0.99991274, 0.006664623, -0.011409207), (-0.059050616, 0.9097534, -0.41092804), (-0.999926, 0.012161314, 0.00044402966), (-0.083651155, 0.9627808, -0.25701326), (-0.056262653, 0.9826754, -0.17658935), (-0.056262653, 0.9826754, -0.17658935), (-0.056473307, 0.99662685, 0.059546243), (-0.077702686, 0.9966575, -0.025221128), (-0.077702686, 0.9966575, -0.025221128), (-0.999926, 0.012161314, 0.00044402966), (-0.056262653, 0.9826754, -0.17658935), (-0.99997437, 0.0071645156, 0.000039941064), (-0.077702686, 0.9966575, -0.025221128), (-0.056473307, 0.99662685, 0.059546243), (-0.056473307, 0.99662685, 0.059546243), (-0.05650967, 0.9545822, 0.2925398), (-0.078110255, 0.97689784, 0.19892113), (-0.078110255, 0.97689784, 0.19892113), (-0.99997437, 0.0071645156, 0.000039941064), (-0.056473307, 0.99662685, 0.059546243), (-0.9995555, -0.016299529, -0.024963036), (-0.078110255, 0.97689784, 0.19892113), (-0.05650967, 0.9545822, 0.2925398), (-0.05650967, 0.9545822, 0.2925398), (-0.05797182, 0.8543699, 0.5164218), (-0.07993781, 0.8961952, 0.43639907), (-0.07993781, 0.8961952, 0.43639907), (-0.9995555, -0.016299529, -0.024963036), (-0.05650967, 0.9545822, 0.2925398), (-0.9997299, -0.022499034, -0.005840718), (-0.07993781, 0.8961952, 0.43639907), (-0.05797182, 0.8543699, 0.5164218), (-0.05797182, 0.8543699, 0.5164218), (-0.0880929, 0.8784108, 0.46971703), (-0.06503101, 0.8575075, 0.51034486), (-0.06503101, 0.8575075, 0.51034486), (-0.9997299, -0.022499034, -0.005840718), (-0.05797182, 0.8543699, 0.5164218), (-0.0880929, 0.8784108, 0.46971703), (-0.1265801, 0.6002501, 0.78973246), (-0.9997763, -0.0026474542, -0.020983627), (-0.9997763, -0.0026474542, -0.020983627), (-0.06503101, 0.8575075, 0.51034486), (-0.0880929, 0.8784108, 0.46971703), (-0.011280406, 0.6589733, 0.75208175), (-0.9997763, -0.0026474542, -0.020983627), (-0.1265801, 0.6002501, 0.78973246), (-0.056428596, -0.56653, -0.8221069), (-0.9996672, -0.025734002, 0.0018087125), (-0.103237264, -0.5203295, -0.8477023), (-0.103237264, -0.5203295, -0.8477023), (-0.14345443, -0.66122776, -0.7363415), (-0.9996871, 0.025001153, -0.0009035851), (-0.9996871, 0.025001153, -0.0009035851), (-0.056428596, -0.56653, -0.8221069), (-0.103237264, -0.5203295, -0.8477023), (-0.10214223, -0.70930624, -0.69746083), (-0.9996871, 0.025001153, -0.0009035851), (-0.14345443, -0.66122776, -0.7363415), (-0.14345443, -0.66122776, -0.7363415), (-0.13709089, -0.7941052, -0.5921175), (-0.9995897, 0.01721172, -0.022899957), (-0.9995897, 0.01721172, -0.022899957), (-0.10214223, -0.70930624, -0.69746083), (-0.14345443, -0.66122776, -0.7363415), (-0.08872962, -0.8213081, -0.5635425), (-0.9995897, 0.01721172, -0.022899957), (-0.13709089, -0.7941052, -0.5921175), (-0.13709089, -0.7941052, -0.5921175), (-0.1374219, -0.8809817, -0.45275426), (-0.9995633, -0.028654993, -0.0072317305), (-0.9995633, -0.028654993, -0.0072317305), (-0.08872962, -0.8213081, -0.5635425), (-0.13709089, -0.7941052, -0.5921175), (-0.089703165, -0.90241116, -0.42143512), (-0.9995633, -0.028654993, -0.0072317305), (-0.1374219, -0.8809817, -0.45275426), (-0.1374219, -0.8809817, -0.45275426), (-0.14353442, -0.934368, -0.32612023), (-0.9996772, -0.025288532, -0.002472816), (-0.9996772, -0.025288532, -0.002472816), (-0.089703165, -0.90241116, -0.42143512), (-0.1374219, -0.8809817, -0.45275426), (-0.10454603, -0.9489925, -0.2974616), (-0.9996772, -0.025288532, -0.002472816), (-0.14353442, -0.934368, -0.32612023), (-0.14353442, -0.934368, -0.32612023), (-0.13846856, -0.9702652, -0.1985242), (-0.999706, -0.021325056, -0.011552212), (-0.999706, -0.021325056, -0.011552212), (-0.10454603, -0.9489925, -0.2974616), (-0.14353442, -0.934368, -0.32612023), (-0.090392165, -0.9815987, -0.1682063), (-0.999706, -0.021325056, -0.011552212), (-0.13846856, -0.9702652, -0.1985242), (-0.13846856, -0.9702652, -0.1985242), (-0.13603322, -0.9861336, -0.09505533), (-0.9989204, -0.024761004, -0.039307144), (-0.9989204, -0.024761004, -0.039307144), (-0.090392165, -0.9815987, -0.1682063), (-0.13846856, -0.9702652, -0.1985242), (-0.09866958, -0.99171484, -0.08225509), (-0.9989204, -0.024761004, -0.039307144), (-0.13603322, -0.9861336, -0.09505533), (-0.13603322, -0.9861336, -0.09505533), (-0.14006147, -0.9899485, 0.019617315), (-0.9995472, -0.005555567, -0.02957219), (-0.9995472, -0.005555567, -0.02957219), (-0.09866958, -0.99171484, -0.08225509), (-0.13603322, -0.9861336, -0.09505533), (-0.14006147, -0.9899485, 0.019617315), (-0.13688971, -0.9805561, 0.14060915), (-0.99993867, 0.0059124376, -0.00937136), (-0.99993867, 0.0059124376, -0.00937136), (-0.9995472, -0.005555567, -0.02957219), (-0.14006147, -0.9899485, 0.019617315), (-0.13688971, -0.9805561, 0.14060915), (-0.1440977, -0.96391785, 0.22382633), (-0.99993426, 0.011377147, 0.0014759247), (-0.99993426, 0.011377147, 0.0014759247), (-0.99993867, 0.0059124376, -0.00937136), (-0.13688971, -0.9805561, 0.14060915), (-0.1440977, -0.96391785, 0.22382633), (-0.1370114, -0.9236209, 0.3579838), (-0.9999339, 0.0107254395, -0.0041548177), (-0.9999339, 0.0107254395, -0.0041548177), (-0.99993426, 0.011377147, 0.0014759247), (-0.1440977, -0.96391785, 0.22382633), (-0.1370114, -0.9236209, 0.3579838), (-0.14626384, -0.88274574, 0.4465054), (-0.99991125, 0.0062978663, -0.011740796), (-0.99991125, 0.0062978663, -0.011740796), (-0.9999339, 0.0107254395, -0.0041548177), (-0.1370114, -0.9236209, 0.3579838), (-0.14626384, -0.88274574, 0.4465054), (-0.1343613, -0.82164097, 0.5539434), (-0.99992317, 0.0075146435, -0.009865472), (-0.99992317, 0.0075146435, -0.009865472), (-0.99991125, 0.0062978663, -0.011740796), (-0.14626384, -0.88274574, 0.4465054), (-0.1343613, -0.82164097, 0.5539434), (-0.13714914, -0.74032855, 0.65810627), (-0.9999425, 0.0107239485, 0.00026446013), (-0.9999425, 0.0107239485, 0.00026446013), (-0.99992317, 0.0075146435, -0.009865472), (-0.1343613, -0.82164097, 0.5539434), (-0.13714914, -0.74032855, 0.65810627), (-0.14410226, -0.67998755, 0.71892387), (-0.9998215, 0.018837567, -0.001464305), (-0.9998215, 0.018837567, -0.001464305), (-0.9999425, 0.0107239485, 0.00026446013), (-0.13714914, -0.74032855, 0.65810627), (-0.14410226, -0.67998755, 0.71892387), (-0.13222688, -0.5830335, 0.8016159), (-0.9998318, 0.0043241316, -0.017825715), (-0.9998318, 0.0043241316, -0.017825715), (-0.9998215, 0.018837567, -0.001464305), (-0.14410226, -0.67998755, 0.71892387), (-0.13222688, -0.5830335, 0.8016159), (-0.13666658, -0.4887972, 0.8616262), (-0.9997515, 0.01102801, -0.019378217), (-0.9997515, 0.01102801, -0.019378217), (-0.9998318, 0.0043241316, -0.017825715), (-0.13222688, -0.5830335, 0.8016159), (-0.13666658, -0.4887972, 0.8616262), (-0.13669725, -0.3839987, 0.91315883), (-0.9996958, 0.009742449, -0.022659432), (-0.9996958, 0.009742449, -0.022659432), (-0.9997515, 0.01102801, -0.019378217), (-0.13666658, -0.4887972, 0.8616262), (-0.13669725, -0.3839987, 0.91315883), (-0.14162797, -0.267591, 0.95306695), (-0.9996476, 0.014044453, -0.022528516), (-0.9996476, 0.014044453, -0.022528516), (-0.9996958, 0.009742449, -0.022659432), (-0.13669725, -0.3839987, 0.91315883), (-0.14162797, -0.267591, 0.95306695), (-0.1441826, -0.1804232, 0.972964), (-0.99974746, 0.008590507, -0.020764275), (-0.99974746, 0.008590507, -0.020764275), (-0.9996476, 0.014044453, -0.022528516), (-0.14162797, -0.267591, 0.95306695), (-0.1441826, -0.1804232, 0.972964), (-0.13540284, -0.058645066, 0.98905355), (-0.9997333, 0.0099947695, -0.020817632), (-0.9997333, 0.0099947695, -0.020817632), (-0.99974746, 0.008590507, -0.020764275), (-0.1441826, -0.1804232, 0.972964), (-0.13540284, -0.058645066, 0.98905355), (-0.14052732, 0.019374093, 0.98988724), (-0.99984115, -0.000074893105, -0.017824193), (-0.99984115, -0.000074893105, -0.017824193), (-0.9997333, 0.0099947695, -0.020817632), (-0.13540284, -0.058645066, 0.98905355), (-0.14052732, 0.019374093, 0.98988724), (-0.13721128, 0.13593085, 0.9811707), (-0.9997764, -0.010908477, -0.018112937), (-0.9997764, -0.010908477, -0.018112937), (-0.99984115, -0.000074893105, -0.017824193), (-0.14052732, 0.019374093, 0.98988724), (-0.13721128, 0.13593085, 0.9811707), (-0.1496316, 0.22409391, 0.96301216), (-0.99984586, -0.0034341135, -0.017219795), (-0.99984586, -0.0034341135, -0.017219795), (-0.9997764, -0.010908477, -0.018112937), (-0.13721128, 0.13593085, 0.9811707), (-0.1496316, 0.22409391, 0.96301216), (-0.14070067, 0.3262345, 0.9347591), (-0.9999252, -0.003964723, -0.011573632), (-0.9999252, -0.003964723, -0.011573632), (-0.99984586, -0.0034341135, -0.017219795), (-0.1496316, 0.22409391, 0.96301216), (-0.14070067, 0.3262345, 0.9347591), (-0.13033023, 0.44199583, 0.8874987), (-0.9997608, -0.0021752852, -0.021764858), (-0.9997608, -0.0021752852, -0.021764858), (-0.9999252, -0.003964723, -0.011573632), (-0.14070067, 0.3262345, 0.9347591), (-0.13033023, 0.44199583, 0.8874987), (-0.132594, 0.5468798, 0.8266446), (-0.9996097, -0.020982446, -0.018447388), (-0.9996097, -0.020982446, -0.018447388), (-0.9997608, -0.0021752852, -0.021764858), (-0.13033023, 0.44199583, 0.8874987), (-0.132594, 0.5468798, 0.8266446), (-0.14000064, 0.6391346, 0.7562452), (-0.99944395, -0.03277158, 0.006159853), (-0.99944395, -0.03277158, 0.006159853), (-0.9996097, -0.020982446, -0.018447388), (-0.132594, 0.5468798, 0.8266446), (-0.14000064, 0.6391346, 0.7562452), (-0.14603609, 0.71589494, 0.6827649), (-0.9996882, 0.01820543, -0.017090814), (-0.9996882, 0.01820543, -0.017090814), (-0.99944395, -0.03277158, 0.006159853), (-0.14000064, 0.6391346, 0.7562452), (-0.14603609, 0.71589494, 0.6827649), (-0.14084506, 0.7848503, 0.60346735), (-0.9999324, -0.011294811, 0.0027740444), (-0.9999324, -0.011294811, 0.0027740444), (-0.9996882, 0.01820543, -0.017090814), (-0.14603609, 0.71589494, 0.6827649), (-0.14084506, 0.7848503, 0.60346735), (-0.13566786, 0.8613226, 0.48960996), (-0.9999576, -0.009152448, -0.0010391801), (-0.9999576, -0.009152448, -0.0010391801), (-0.9999324, -0.011294811, 0.0027740444), (-0.14084506, 0.7848503, 0.60346735), (-0.13566786, 0.8613226, 0.48960996), (-0.14612323, 0.909265, 0.38972455), (-0.9999562, 0.0015163167, -0.009238998), (-0.9999562, 0.0015163167, -0.009238998), (-0.9999576, -0.009152448, -0.0010391801), (-0.13566786, 0.8613226, 0.48960996), (-0.14612323, 0.909265, 0.38972455), (-0.14303668, 0.94799674, 0.28432864), (-0.99988747, -0.008636699, 0.012268383), (-0.99988747, -0.008636699, 0.012268383), (-0.9999562, 0.0015163167, -0.009238998), (-0.14612323, 0.909265, 0.38972455), (-0.14303668, 0.94799674, 0.28432864), (-0.13484782, 0.97535515, 0.17463851), (-0.9999143, -0.010532511, -0.0077895517), (-0.9999143, -0.010532511, -0.0077895517), (-0.99988747, -0.008636699, 0.012268383), (-0.14303668, 0.94799674, 0.28432864), (-0.13484782, 0.97535515, 0.17463851), (-0.11268185, 0.9911272, 0.070495725), (-0.9989243, -0.005410622, -0.04605593), (-0.9989243, -0.005410622, -0.04605593), (-0.9999143, -0.010532511, -0.0077895517), (-0.13484782, 0.97535515, 0.17463851), (-0.11268185, 0.9911272, 0.070495725), (-0.11215916, 0.99214256, -0.055438634), (-0.11253853, 0.9935904, -0.010640897), (-0.11253853, 0.9935904, -0.010640897), (-0.9989243, -0.005410622, -0.04605593), (-0.11268185, 0.9911272, 0.070495725), (-0.9998447, 0.013085569, -0.01181027), (-0.11253853, 0.9935904, -0.010640897), (-0.11215916, 0.99214256, -0.055438634), (-0.11215916, 0.99214256, -0.055438634), (-0.10817569, 0.9760402, -0.1887952), (-0.12421111, 0.98577756, -0.11320053), (-0.12421111, 0.98577756, -0.11320053), (-0.9998447, 0.013085569, -0.01181027), (-0.11215916, 0.99214256, -0.055438634), (-0.99990815, 0.009802513, -0.009371607), (-0.12421111, 0.98577756, -0.11320053), (-0.10817569, 0.9760402, -0.1887952), (-0.10817569, 0.9760402, -0.1887952), (-0.11130654, 0.93802285, -0.32821327), (-0.121543296, 0.95681447, -0.26407105), (-0.121543296, 0.95681447, -0.26407105), (-0.99990815, 0.009802513, -0.009371607), (-0.10817569, 0.9760402, -0.1887952), (-0.99978745, 0.0085106725, -0.018781018), (-0.121543296, 0.95681447, -0.26407105), (-0.11130654, 0.93802285, -0.32821327), (-0.11130654, 0.93802285, -0.32821327), (-0.11087881, 0.8779899, -0.4656607), (-0.12528753, 0.90986603, -0.39553368), (-0.12528753, 0.90986603, -0.39553368), (-0.99978745, 0.0085106725, -0.018781018), (-0.11130654, 0.93802285, -0.32821327), (-0.9996203, 0.027552102, -0.00038859952), (-0.12528753, 0.90986603, -0.39553368), (-0.11087881, 0.8779899, -0.4656607), (-0.11087881, 0.8779899, -0.4656607), (-0.1143019, 0.78712267, -0.60611314), (-0.12463067, 0.83812916, -0.53104293), (-0.12463067, 0.83812916, -0.53104293), (-0.9996203, 0.027552102, -0.00038859952), (-0.11087881, 0.8779899, -0.4656607), (-0.999792, 0.003584466, -0.020080777), (-0.12463067, 0.83812916, -0.53104293), (-0.1143019, 0.78712267, -0.60611314), (-0.1143019, 0.78712267, -0.60611314), (-0.11645735, 0.6759713, -0.7276678), (-0.13008201, 0.74015605, -0.6597331), (-0.13008201, 0.74015605, -0.6597331), (-0.999792, 0.003584466, -0.020080777), (-0.1143019, 0.78712267, -0.60611314), (-0.9999601, 0.0028529193, 0.008463071), (-0.13008201, 0.74015605, -0.6597331), (-0.11645735, 0.6759713, -0.7276678), (-0.11645735, 0.6759713, -0.7276678), (-0.12136499, 0.5444859, -0.82994324), (-0.12782778, 0.6034141, -0.7871159), (-0.12782778, 0.6034141, -0.7871159), (-0.9999601, 0.0028529193, 0.008463071), (-0.11645735, 0.6759713, -0.7276678), (-0.9999875, -0.004735278, -0.0016782098), (-0.12782778, 0.6034141, -0.7871159), (-0.12136499, 0.5444859, -0.82994324), (-0.12136499, 0.5444859, -0.82994324), (-0.1140826, 0.42805293, -0.8965244), (-0.13351502, 0.47722834, -0.8685774), (-0.13351502, 0.47722834, -0.8685774), (-0.9999875, -0.004735278, -0.0016782098), (-0.12136499, 0.5444859, -0.82994324), (-0.9999827, -0.005876787, -0.00006039689), (-0.13351502, 0.47722834, -0.8685774), (-0.1140826, 0.42805293, -0.8965244), (-0.1140826, 0.42805293, -0.8965244), (-0.10707769, 0.28439087, -0.95271), (-0.119903505, 0.35443887, -0.9273598), (-0.119903505, 0.35443887, -0.9273598), (-0.9999827, -0.005876787, -0.00006039689), (-0.1140826, 0.42805293, -0.8965244), (-0.9999536, -0.009343907, 0.0023340515), (-0.119903505, 0.35443887, -0.9273598), (-0.10707769, 0.28439087, -0.95271), (-0.10707769, 0.28439087, -0.95271), (-0.10752046, 0.15961848, -0.9813059), (-0.12679622, 0.22533019, -0.9659964), (-0.12679622, 0.22533019, -0.9659964), (-0.9999536, -0.009343907, 0.0023340515), (-0.10707769, 0.28439087, -0.95271), (-0.99999845, -0.0004393721, 0.0017430605), (-0.12679622, 0.22533019, -0.9659964), (-0.10752046, 0.15961848, -0.9813059), (-0.10752046, 0.15961848, -0.9813059), (-0.12139982, -0.0076878276, -0.9925739), (-0.11631103, 0.092988186, -0.9888504), (-0.11631103, 0.092988186, -0.9888504), (-0.99999845, -0.0004393721, 0.0017430605), (-0.10752046, 0.15961848, -0.9813059), (-0.9988858, 0.046737283, 0.00654264), (-0.11631103, 0.092988186, -0.9888504), (-0.12139982, -0.0076878276, -0.9925739), (-0.12139982, -0.0076878276, -0.9925739), (-0.12171554, -0.04080889, -0.9917258), (-0.99981695, 0.0059400294, 0.018186545), (-0.99981695, 0.0059400294, 0.018186545), (-0.9988858, 0.046737283, 0.00654264), (-0.12139982, -0.0076878276, -0.9925739), (-0.12171554, -0.04080889, -0.9917258), (-0.10996724, -0.19582632, -0.97445333), (-0.11147655, -0.12650335, -0.98568255), (-0.11147655, -0.12650335, -0.98568255), (-0.99981695, 0.0059400294, 0.018186545), (-0.12171554, -0.04080889, -0.9917258), (-0.99948764, -0.028542379, 0.014484284), (-0.11147655, -0.12650335, -0.98568255), (-0.10996724, -0.19582632, -0.97445333), (-0.10996724, -0.19582632, -0.97445333), (-0.10812052, -0.31928113, -0.9414721), (-0.12804261, -0.24547412, -0.96090984), (-0.12804261, -0.24547412, -0.96090984), (-0.99948764, -0.028542379, 0.014484284), (-0.10996724, -0.19582632, -0.97445333), (-0.9999877, -0.0030946948, -0.0038759583), (-0.12804261, -0.24547412, -0.96090984), (-0.10812052, -0.31928113, -0.9414721), (-0.10812052, -0.31928113, -0.9414721), (-0.103237264, -0.5203295, -0.8477023), (-0.11739129, -0.39890984, -0.90944505), (-0.11739129, -0.39890984, -0.90944505), (-0.9999877, -0.0030946948, -0.0038759583), (-0.10812052, -0.31928113, -0.9414721), (-0.9996672, -0.025734002, 0.0018087125), (-0.11739129, -0.39890984, -0.90944505), (-0.103237264, -0.5203295, -0.8477023), (-0.12494374, 0.9786366, 0.16327733), (-0.9993688, 0.03404146, -0.010159654), (-0.12893827, 0.9915321, -0.015463442), (-0.12893827, 0.9915321, -0.015463442), (-0.15555285, 0.92104995, 0.35703003), (-0.14336279, 0.97004, 0.19613633), (-0.14336279, 0.97004, 0.19613633), (-0.12494374, 0.9786366, 0.16327733), (-0.12893827, 0.9915321, -0.015463442), (-0.11533514, 0.8874123, 0.44631544), (-0.14336279, 0.97004, 0.19613633), (-0.15555285, 0.92104995, 0.35703003), (-0.15555285, 0.92104995, 0.35703003), (-0.15166073, 0.7569264, 0.6356583), (-0.00029870388, 0.9999203, -0.012622818), (-0.00029870388, 0.9999203, -0.012622818), (-0.11533514, 0.8874123, 0.44631544), (-0.15555285, 0.92104995, 0.35703003), (-0.11418736, 0.7197137, 0.6848165), (-0.00029870388, 0.9999203, -0.012622818), (-0.15166073, 0.7569264, 0.6356583), (-0.15166073, 0.7569264, 0.6356583), (-0.11616685, 0.5897203, 0.79920924), (-0.00029870388, 0.9999203, -0.012622818), (-0.00029870388, 0.9999203, -0.012622818), (-0.11418736, 0.7197137, 0.6848165), (-0.15166073, 0.7569264, 0.6356583), (-0.008512577, 0.5614293, 0.82748103), (-0.00029870388, 0.9999203, -0.012622818), (-0.11616685, 0.5897203, 0.79920924), (-0.11616685, 0.5897203, 0.79920924), (-0.11660575, 0.46774784, 0.8761365), (-0.99634975, -0.085127, 0.0063852677), (-0.99634975, -0.085127, 0.0063852677), (-0.008512577, 0.5614293, 0.82748103), (-0.11616685, 0.5897203, 0.79920924), (-0.013513927, 0.30414632, 0.9525295), (-0.99634975, -0.085127, 0.0063852677), (-0.11660575, 0.46774784, 0.8761365), (-0.11660575, 0.46774784, 0.8761365), (-0.14773948, 0.2038512, 0.9677902), (-0.00029870388, 0.9999203, -0.012622818), (-0.00029870388, 0.9999203, -0.012622818), (-0.013513927, 0.30414632, 0.9525295), (-0.11660575, 0.46774784, 0.8761365), (-0.10596697, 0.17989098, 0.9779624), (-0.00029870388, 0.9999203, -0.012622818), (-0.14773948, 0.2038512, 0.9677902), (-0.14773948, 0.2038512, 0.9677902), (-0.15275821, 0.066105075, 0.98605025), (-0.14257748, 0.14269547, 0.97944355), (-0.14257748, 0.14269547, 0.97944355), (-0.10596697, 0.17989098, 0.9779624), (-0.14773948, 0.2038512, 0.9677902), (-0.12372547, 0.03179772, 0.991807), (-0.14257748, 0.14269547, 0.97944355), (-0.15275821, 0.066105075, 0.98605025), (-0.15275821, 0.066105075, 0.98605025), (-0.14926201, -0.04014776, 0.9879823), (-0.16321315, 0.034463745, 0.9859888), (-0.16321315, 0.034463745, 0.9859888), (-0.12372547, 0.03179772, 0.991807), (-0.15275821, 0.066105075, 0.98605025), (-0.12305744, -0.068222046, 0.9900518), (-0.16321315, 0.034463745, 0.9859888), (-0.14926201, -0.04014776, 0.9879823), (-0.14926201, -0.04014776, 0.9879823), (-0.15396729, -0.18335967, 0.97091365), (-0.14273956, -0.10487059, 0.98418885), (-0.14273956, -0.10487059, 0.98418885), (-0.12305744, -0.068222046, 0.9900518), (-0.14926201, -0.04014776, 0.9879823), (-0.121668026, -0.21501413, 0.96900254), (-0.14273956, -0.10487059, 0.98418885), (-0.15396729, -0.18335967, 0.97091365), (-0.15396729, -0.18335967, 0.97091365), (-0.12323935, -0.38171557, 0.91602695), (-0.00029870388, 0.9999203, -0.012622818), (-0.00029870388, 0.9999203, -0.012622818), (-0.121668026, -0.21501413, 0.96900254), (-0.15396729, -0.18335967, 0.97091365), (-0.009499566, -0.42207584, 0.9065108), (-0.00029870388, 0.9999203, -0.012622818), (-0.12323935, -0.38171557, 0.91602695), (-0.12323935, -0.38171557, 0.91602695), (-0.11641632, -0.6075969, 0.78566754), (-0.99963945, 0.023599187, -0.012818945), (-0.99963945, 0.023599187, -0.012818945), (-0.009499566, -0.42207584, 0.9065108), (-0.12323935, -0.38171557, 0.91602695), (-0.013650282, -0.66727287, 0.7446883), (-0.99963945, 0.023599187, -0.012818945), (-0.11641632, -0.6075969, 0.78566754), (-0.11641632, -0.6075969, 0.78566754), (-0.11436629, -0.6982702, 0.70663935), (-0.99955815, 0.027637012, -0.010948958), (-0.99955815, 0.027637012, -0.010948958), (-0.013650282, -0.66727287, 0.7446883), (-0.11641632, -0.6075969, 0.78566754), (0.033404257, -0.55424523, 0.831683), (-0.99955815, 0.027637012, -0.010948958), (-0.11436629, -0.6982702, 0.70663935), (-0.11436629, -0.6982702, 0.70663935), (-0.11512124, -0.85792077, 0.5007188), (-0.99999374, -0.0009616384, 0.0034188156), (-0.99999374, -0.0009616384, 0.0034188156), (0.033404257, -0.55424523, 0.831683), (-0.11436629, -0.6982702, 0.70663935), (0.029946247, -0.7595871, 0.649716), (-0.99999374, -0.0009616384, 0.0034188156), (-0.11512124, -0.85792077, 0.5007188), (-0.11512124, -0.85792077, 0.5007188), (-0.112498134, -0.9560283, 0.27083963), (-0.9999048, 0.013110734, -0.004320549), (-0.9999048, 0.013110734, -0.004320549), (0.029946247, -0.7595871, 0.649716), (-0.11512124, -0.85792077, 0.5007188), (0.031882852, -0.8963854, 0.44212756), (-0.9999048, 0.013110734, -0.004320549), (-0.112498134, -0.9560283, 0.27083963), (-0.112498134, -0.9560283, 0.27083963), (-0.104028665, -0.9924395, 0.06512957), (-0.999784, 0.019842472, 0.0061934623), (-0.999784, 0.019842472, 0.0061934623), (0.031882852, -0.8963854, 0.44212756), (-0.112498134, -0.9560283, 0.27083963), (0.034070436, -0.9736792, 0.2253624), (-0.999784, 0.019842472, 0.0061934623), (-0.104028665, -0.9924395, 0.06512957), (-0.104028665, -0.9924395, 0.06512957), (-0.075424545, -0.95709056, -0.2798017), (-0.9994044, 0.014427621, -0.031350825), (-0.9994044, 0.014427621, -0.031350825), (0.034070436, -0.9736792, 0.2253624), (-0.104028665, -0.9924395, 0.06512957), (-0.075424545, -0.95709056, -0.2798017), (-0.07122543, -0.92487967, -0.37353003), (-0.062616125, -0.9707469, -0.23179686), (-0.062616125, -0.9707469, -0.23179686), (-0.9994044, 0.014427621, -0.031350825), (-0.075424545, -0.95709056, -0.2798017), (-0.99969923, -0.0040382408, 0.024190627), (-0.062616125, -0.9707469, -0.23179686), (-0.07122543, -0.92487967, -0.37353003), (0.029039968, -0.83356714, -0.5516544), (-0.9999366, 0.0004327821, -0.011254773), (-0.11615666, -0.7365567, -0.6663271), (-0.11615666, -0.7365567, -0.6663271), (-0.15541992, -0.4254307, -0.8915456), (-0.9990756, -0.042965595, -0.0014033339), (-0.9990756, -0.042965595, -0.0014033339), (0.029039968, -0.83356714, -0.5516544), (-0.11615666, -0.7365567, -0.6663271), (-0.11250835, -0.3786455, -0.9186781), (-0.9990756, -0.042965595, -0.0014033339), (-0.15541992, -0.4254307, -0.8915456), (-0.15541992, -0.4254307, -0.8915456), (-0.14502549, -0.22336444, -0.96388584), (-0.99973863, -0.0035487846, -0.022585785), (-0.99973863, -0.0035487846, -0.022585785), (-0.11250835, -0.3786455, -0.9186781), (-0.15541992, -0.4254307, -0.8915456), (-0.0990304, -0.17589056, -0.9794159), (-0.99973863, -0.0035487846, -0.022585785), (-0.14502549, -0.22336444, -0.96388584), (-0.14502549, -0.22336444, -0.96388584), (-0.14839898, -0.083277345, -0.985415), (-0.9997896, 0.015536017, -0.013393414), (-0.9997896, 0.015536017, -0.013393414), (-0.0990304, -0.17589056, -0.9794159), (-0.14502549, -0.22336444, -0.96388584), (-0.12309252, -0.05204036, -0.9910298), (-0.9997896, 0.015536017, -0.013393414), (-0.14839898, -0.083277345, -0.985415), (-0.14839898, -0.083277345, -0.985415), (-0.15172745, 0.05248429, -0.98702794), (-0.9999612, -0.008793331, 0.0005651333), (-0.9999612, -0.008793331, 0.0005651333), (-0.12309252, -0.05204036, -0.9910298), (-0.14839898, -0.083277345, -0.985415), (-0.99984646, -0.0057699145, -0.01654947), (-0.9999612, -0.008793331, 0.0005651333), (-0.15172745, 0.05248429, -0.98702794), (-0.15172745, 0.05248429, -0.98702794), (-0.11970263, 0.16627754, -0.9787866), (-0.1346371, 0.113811046, -0.9843374), (-0.1346371, 0.113811046, -0.9843374), (-0.99984646, -0.0057699145, -0.01654947), (-0.15172745, 0.05248429, -0.98702794), (-0.9997856, 0.017188903, -0.011547487), (-0.1346371, 0.113811046, -0.9843374), (-0.11970263, 0.16627754, -0.9787866), (-0.11970263, 0.16627754, -0.9787866), (-0.075803146, 0.2958483, -0.9522225), (-0.13108991, 0.2681901, -0.9544053), (-0.13108991, 0.2681901, -0.9544053), (-0.9997856, 0.017188903, -0.011547487), (-0.11970263, 0.16627754, -0.9787866), (-0.999892, 0.014531703, -0.0022367984), (-0.13108991, 0.2681901, -0.9544053), (-0.075803146, 0.2958483, -0.9522225), (-0.075803146, 0.2958483, -0.9522225), (-0.025970332, 0.46750018, -0.8836115), (-0.03163909, 0.35426146, -0.93461114), (-0.03163909, 0.35426146, -0.93461114), (-0.999892, 0.014531703, -0.0022367984), (-0.075803146, 0.2958483, -0.9522225), (-0.9997454, -0.012086981, -0.0190544), (-0.03163909, 0.35426146, -0.93461114), (-0.025970332, 0.46750018, -0.8836115), (-0.025970332, 0.46750018, -0.8836115), (-0.024903264, 0.6581085, -0.75251126), (-0.029707558, 0.55543697, -0.8310278), (-0.029707558, 0.55543697, -0.8310278), (-0.9997454, -0.012086981, -0.0190544), (-0.025970332, 0.46750018, -0.8836115), (-0.99989194, -0.0029374573, 0.0144121405), (-0.029707558, 0.55543697, -0.8310278), (-0.024903264, 0.6581085, -0.75251126), (-0.024903264, 0.6581085, -0.75251126), (-0.014119905, 0.80887675, -0.58780867), (-0.027710462, 0.74705416, -0.6641855), (-0.027710462, 0.74705416, -0.6641855), (-0.99989194, -0.0029374573, 0.0144121405), (-0.024903264, 0.6581085, -0.75251126), (-0.999984, 0.005623842, -0.00059998565), (-0.027710462, 0.74705416, -0.6641855), (-0.014119905, 0.80887675, -0.58780867), (-0.014119905, 0.80887675, -0.58780867), (0.0017110116, 0.97519875, -0.22132437), (-0.10333549, 0.97295284, -0.20660247), (-0.10333549, 0.97295284, -0.20660247), (-0.999984, 0.005623842, -0.00059998565), (-0.014119905, 0.80887675, -0.58780867), (0.0017110116, 0.97519875, -0.22132437), (-0.12893827, 0.9915321, -0.015463442), (-0.10333549, 0.97295284, -0.20660247), (-0.9993688, 0.03404146, -0.010159654), (-0.10333549, 0.97295284, -0.20660247), (-0.12893827, 0.9915321, -0.015463442), (-0.00029870388, 0.9999203, -0.012622818), (-0.13601053, -0.61228156, -0.7788533), (-0.9989027, 0.045797147, 0.009795252), (-0.9989027, 0.045797147, 0.009795252), (-0.078017466, -0.11424453, 0.9903845), (-0.00029870388, 0.9999203, -0.012622818), (-0.055531923, -0.3397418, -0.938878), (-0.9989027, 0.045797147, 0.009795252), (-0.13601053, -0.61228156, -0.7788533), (-0.13601053, -0.61228156, -0.7788533), (-0.13919072, -0.70785904, -0.69250387), (-0.9997932, -0.008646143, 0.01841357), (-0.9997932, -0.008646143, 0.01841357), (-0.055531923, -0.3397418, -0.938878), (-0.13601053, -0.61228156, -0.7788533), (-0.0567294, -0.44331938, -0.8945669), (-0.9997932, -0.008646143, 0.01841357), (-0.13919072, -0.70785904, -0.69250387), (-0.13919072, -0.70785904, -0.69250387), (-0.14055184, -0.7972065, -0.5871175), (-0.9997441, 0.022486351, -0.002458122), (-0.9997441, 0.022486351, -0.002458122), (-0.0567294, -0.44331938, -0.8945669), (-0.13919072, -0.70785904, -0.69250387), (-0.056799524, -0.56219554, -0.82505155), (-0.9997441, 0.022486351, -0.002458122), (-0.14055184, -0.7972065, -0.5871175), (-0.14055184, -0.7972065, -0.5871175), (-0.15381451, -0.9118938, -0.38051414), (-0.99906164, 0.038379658, -0.020070957), (-0.99906164, 0.038379658, -0.020070957), (-0.056799524, -0.56219554, -0.82505155), (-0.14055184, -0.7972065, -0.5871175), (-0.00029870388, 0.9999203, -0.012622818), (-0.99906164, 0.038379658, -0.020070957), (-0.15381451, -0.9118938, -0.38051414), (-0.15381451, -0.9118938, -0.38051414), (-0.1303616, -0.96483654, -0.22824626), (-0.00029870388, 0.9999203, -0.012622818), (-0.00029870388, 0.9999203, -0.012622818), (-0.00029870388, 0.9999203, -0.012622818), (-0.1303616, -0.96483654, -0.22824626), (-0.1303616, -0.96483654, -0.22824626), (-0.13059592, -0.9855527, -0.10784528), (-0.00029870388, 0.9999203, -0.012622818), (-0.99968195, 0.01762263, -0.01804207), (-0.00029870388, 0.9999203, -0.012622818), (-0.13059592, -0.9855527, -0.10784528), (-0.13059592, -0.9855527, -0.10784528), (-0.13943449, -0.98928565, 0.043268573), (-0.99968195, 0.01762263, -0.01804207), (-0.13943449, -0.98928565, 0.043268573), (-0.12429125, -0.9865669, 0.106006965), (-0.9995433, 0.007378222, 0.02930369), (-0.9995433, 0.007378222, 0.02930369), (-0.99968195, 0.01762263, -0.01804207), (-0.13943449, -0.98928565, 0.043268573), (-0.12429125, -0.9865669, 0.106006965), (-0.11108856, -0.93919915, 0.32490647), (-0.10624222, -0.9652617, 0.23871008), (-0.10624222, -0.9652617, 0.23871008), (-0.9995433, 0.007378222, 0.02930369), (-0.12429125, -0.9865669, 0.106006965), (-0.11108856, -0.93919915, 0.32490647), (-0.14090519, -0.927688, 0.3457466), (-0.9998841, -0.002333738, 0.015050147), (-0.9998841, -0.002333738, 0.015050147), (-0.10624222, -0.9652617, 0.23871008), (-0.11108856, -0.93919915, 0.32490647), (-0.14090519, -0.927688, 0.3457466), (-0.11986379, -0.8320915, 0.5415315), (-0.12339392, -0.8831023, 0.4526635), (-0.12339392, -0.8831023, 0.4526635), (-0.9998841, -0.002333738, 0.015050147), (-0.14090519, -0.927688, 0.3457466), (-0.11986379, -0.8320915, 0.5415315), (-0.15469661, -0.79388946, 0.58805484), (-0.99986255, -0.015257155, -0.0065093217), (-0.99986255, -0.015257155, -0.0065093217), (-0.12339392, -0.8831023, 0.4526635), (-0.11986379, -0.8320915, 0.5415315), (-0.15469661, -0.79388946, 0.58805484), (-0.13657586, -0.7092363, 0.69161475), (-0.9989556, -0.022446755, -0.03979894), (-0.9989556, -0.022446755, -0.03979894), (-0.99986255, -0.015257155, -0.0065093217), (-0.15469661, -0.79388946, 0.58805484), (-0.13657586, -0.7092363, 0.69161475), (-0.13662146, -0.6251344, 0.768467), (-0.9999102, 0.00026149233, -0.013406058), (-0.9999102, 0.00026149233, -0.013406058), (-0.9989556, -0.022446755, -0.03979894), (-0.13657586, -0.7092363, 0.69161475), (-0.13662146, -0.6251344, 0.768467), (-0.1397057, -0.5207168, 0.8422211), (-0.99981475, 0.019027231, 0.0029086487), (-0.99981475, 0.019027231, 0.0029086487), (-0.9999102, 0.00026149233, -0.013406058), (-0.13662146, -0.6251344, 0.768467), (-0.1397057, -0.5207168, 0.8422211), (-0.14572468, -0.41823795, 0.89657193), (-0.99985445, 0.016025955, 0.00586631), (-0.99985445, 0.016025955, 0.00586631), (-0.99981475, 0.019027231, 0.0029086487), (-0.1397057, -0.5207168, 0.8422211), (-0.14572468, -0.41823795, 0.89657193), (-0.14037132, -0.32261828, 0.93606275), (-0.99992496, 0.011567526, -0.004041046), (-0.99992496, 0.011567526, -0.004041046), (-0.99985445, 0.016025955, 0.00586631), (-0.14572468, -0.41823795, 0.89657193), (-0.14037132, -0.32261828, 0.93606275), (-0.13732342, -0.20476808, 0.96912974), (-0.9998341, -0.0049970173, -0.017520577), (-0.9998341, -0.0049970173, -0.017520577), (-0.99992496, 0.011567526, -0.004041046), (-0.14037132, -0.32261828, 0.93606275), (-0.13732342, -0.20476808, 0.96912974), (-0.14406861, -0.13756768, 0.97995895), (-0.99971884, 0.013242561, -0.019669112), (-0.99971884, 0.013242561, -0.019669112), (-0.9998341, -0.0049970173, -0.017520577), (-0.13732342, -0.20476808, 0.96912974), (-0.14406861, -0.13756768, 0.97995895), (-0.13537893, -0.03950447, 0.990006), (-0.9996429, 0.008884619, -0.025203658), (-0.9996429, 0.008884619, -0.025203658), (-0.99971884, 0.013242561, -0.019669112), (-0.14406861, -0.13756768, 0.97995895), (-0.13537893, -0.03950447, 0.990006), (-0.14571187, 0.023701116, 0.9890432), (-0.999949, -0.0010487417, -0.0100498), (-0.999949, -0.0010487417, -0.0100498), (-0.9996429, 0.008884619, -0.025203658), (-0.13537893, -0.03950447, 0.990006), (-0.14571187, 0.023701116, 0.9890432), (-0.14575416, 0.098144144, 0.9844407), (-0.9998711, -0.0016793893, -0.015971834), (-0.9998711, -0.0016793893, -0.015971834), (-0.999949, -0.0010487417, -0.0100498), (-0.14571187, 0.023701116, 0.9890432), (-0.14575416, 0.098144144, 0.9844407), (-0.14065509, 0.17392612, 0.9746619), (-0.9998152, -0.0027674797, -0.019024333), (-0.9998152, -0.0027674797, -0.019024333), (-0.9998711, -0.0016793893, -0.015971834), (-0.14575416, 0.098144144, 0.9844407), (-0.14065509, 0.17392612, 0.9746619), (-0.13722362, 0.2875695, 0.9478785), (-0.9996197, -0.015818825, -0.02259191), (-0.9996197, -0.015818825, -0.02259191), (-0.9998152, -0.0027674797, -0.019024333), (-0.14065509, 0.17392612, 0.9746619), (-0.13722362, 0.2875695, 0.9478785), (-0.14969765, 0.37296268, 0.9156907), (-0.999627, -0.0012173405, -0.027287824), (-0.999627, -0.0012173405, -0.027287824), (-0.9996197, -0.015818825, -0.02259191), (-0.13722362, 0.2875695, 0.9478785), (-0.14969765, 0.37296268, 0.9156907), (-0.13890953, 0.4712682, 0.87098247), (-0.99967265, -0.018267555, -0.017917322), (-0.99967265, -0.018267555, -0.017917322), (-0.999627, -0.0012173405, -0.027287824), (-0.14969765, 0.37296268, 0.9156907), (-0.13890953, 0.4712682, 0.87098247), (-0.12496323, 0.58984154, 0.79779154), (-0.99910796, -0.040065058, -0.013343664), (-0.99910796, -0.040065058, -0.013343664), (-0.99967265, -0.018267555, -0.017917322), (-0.13890953, 0.4712682, 0.87098247), (-0.12496323, 0.58984154, 0.79779154), (-0.13377108, 0.69616616, 0.705307), (-0.9994132, -0.03424322, 0.0008062389), (-0.9994132, -0.03424322, 0.0008062389), (-0.99910796, -0.040065058, -0.013343664), (-0.12496323, 0.58984154, 0.79779154), (-0.13377108, 0.69616616, 0.705307), (-0.14462765, 0.7528099, 0.64215267), (-0.9998745, 0.010151653, -0.012167757), (-0.9998745, 0.010151653, -0.012167757), (-0.9994132, -0.03424322, 0.0008062389), (-0.13377108, 0.69616616, 0.705307), (-0.14462765, 0.7528099, 0.64215267), (-0.11474719, 0.8190016, 0.5622006), (-0.9988219, 0.026800515, -0.04045311), (-0.9988219, 0.026800515, -0.04045311), (-0.9998745, 0.010151653, -0.012167757), (-0.14462765, 0.7528099, 0.64215267), (-0.11464376, 0.92186576, 0.37016255), (-0.16263568, 0.9283623, 0.3342054), (-0.99986184, 0.014831104, 0.007505936), (-0.99986184, 0.014831104, 0.007505936), (-0.101647064, 0.89077973, 0.4429214), (-0.11464376, 0.92186576, 0.37016255), (-0.16263568, 0.9283623, 0.3342054), (-0.14012727, 0.97277576, 0.1845858), (-0.99876297, -0.020937834, 0.045104403), (-0.99876297, -0.020937834, 0.045104403), (-0.99986184, 0.014831104, 0.007505936), (-0.16263568, 0.9283623, 0.3342054), (-0.14012727, 0.97277576, 0.1845858), (-0.12439673, 0.9852181, 0.11777489), (-0.99929124, 0.007574193, -0.036875147), (-0.99929124, 0.007574193, -0.036875147), (-0.99876297, -0.020937834, 0.045104403), (-0.14012727, 0.97277576, 0.1845858), (-0.12439673, 0.9852181, 0.11777489), (-0.11378601, 0.98923194, -0.09204885), (-0.10747814, 0.99418545, -0.006622896), (-0.10747814, 0.99418545, -0.006622896), (-0.99929124, 0.007574193, -0.036875147), (-0.12439673, 0.9852181, 0.11777489), (-0.11378601, 0.98923194, -0.09204885), (-0.1419223, 0.9855963, -0.091967195), (-0.99957716, 0.020254653, -0.020866433), (-0.99957716, 0.020254653, -0.020866433), (-0.10747814, 0.99418545, -0.006622896), (-0.11378601, 0.98923194, -0.09204885), (-0.1419223, 0.9855963, -0.091967195), (-0.112881355, 0.93715096, -0.3301605), (-0.11938454, 0.96973413, -0.2129857), (-0.11938454, 0.96973413, -0.2129857), (-0.99957716, 0.020254653, -0.020866433), (-0.1419223, 0.9855963, -0.091967195), (-0.112881355, 0.93715096, -0.3301605), (-0.145374, 0.9191822, -0.36601996), (-0.9998313, 0.016522082, 0.0080317445), (-0.9998313, 0.016522082, 0.0080317445), (-0.11938454, 0.96973413, -0.2129857), (-0.112881355, 0.93715096, -0.3301605), (-0.145374, 0.9191822, -0.36601996), (-0.12974054, 0.83085644, -0.5411517), (-0.13257217, 0.8761134, -0.46351907), (-0.13257217, 0.8761134, -0.46351907), (-0.9998313, 0.016522082, 0.0080317445), (-0.145374, 0.9191822, -0.36601996), (-0.12974054, 0.83085644, -0.5411517), (-0.1607775, 0.78222984, -0.6018863), (-0.9998251, 0.016428579, 0.008932915), (-0.9998251, 0.016428579, 0.008932915), (-0.13257217, 0.8761134, -0.46351907), (-0.12974054, 0.83085644, -0.5411517), (-0.1607775, 0.78222984, -0.6018863), (-0.097604156, 0.77738035, -0.62141234), (-0.99981004, -0.01364498, 0.013917169), (-0.99981004, -0.01364498, 0.013917169), (-0.9998251, 0.016428579, 0.008932915), (-0.1607775, 0.78222984, -0.6018863), (-0.097604156, 0.77738035, -0.62141234), (-0.06999149, 0.027736243, 0.9971619), (-0.000019514086, 0.04236283, 0.9991023), (-0.000019514086, 0.04236283, 0.9991023), (-0.99981004, -0.01364498, 0.013917169), (-0.097604156, 0.77738035, -0.62141234), (-0.06999149, 0.027736243, 0.9971619), (-0.00029870388, 0.9999203, -0.012622818), (-0.99995404, -0.008383534, 0.004660008), (-0.99995404, -0.008383534, 0.004660008), (-0.000019514086, 0.04236283, 0.9991023), (-0.06999149, 0.027736243, 0.9971619), (-0.00029870388, 0.9999203, -0.012622818), (-0.13780953, -0.0135305915, -0.99036634), (-0.9998306, -0.0018018893, 0.01831959), (-0.9998306, -0.0018018893, 0.01831959), (-0.99995404, -0.008383534, 0.004660008), (-0.00029870388, 0.9999203, -0.012622818), (-0.13780953, -0.0135305915, -0.99036634), (-0.15118626, -0.01252288, -0.98842597), (-0.00029870388, 0.9999203, -0.012622818), (-0.00029870388, 0.9999203, -0.012622818), (-0.9998306, -0.0018018893, 0.01831959), (-0.13780953, -0.0135305915, -0.99036634), (-0.15118626, -0.01252288, -0.98842597), (-0.17131095, -0.18728039, 0.96725315), (-0.9996866, 0.0038002315, 0.024744231), (-0.9996866, 0.0038002315, 0.024744231), (-0.00029870388, 0.9999203, -0.012622818), (-0.15118626, -0.01252288, -0.98842597), (-0.17131095, -0.18728039, 0.96725315), (-0.00029870388, 0.9999203, -0.012622818), (-0.078017466, -0.11424453, 0.9903845), (-0.078017466, -0.11424453, 0.9903845), (-0.9996866, 0.0038002315, 0.024744231), (-0.17131095, -0.18728039, 0.96725315), (-0.99966985, 0.014553418, -0.021173818), (-0.011239872, 0.6491749, 0.76055604), (-0.12910923, 0.60833704, 0.78310734), (-0.12910923, 0.60833704, 0.78310734), (-0.15049791, 0.40313768, 0.90267956), (-0.163338, 0.50239235, 0.84907174), (-0.163338, 0.50239235, 0.84907174), (-0.99966985, 0.014553418, -0.021173818), (-0.12910923, 0.60833704, 0.78310734), (-0.9997291, -0.02315275, 0.0023939589), (-0.163338, 0.50239235, 0.84907174), (-0.15049791, 0.40313768, 0.90267956), (-0.15049791, 0.40313768, 0.90267956), (-0.13144337, 0.19023132, 0.9729002), (-0.1431749, 0.26320305, 0.95405716), (-0.1431749, 0.26320305, 0.95405716), (-0.9997291, -0.02315275, 0.0023939589), (-0.15049791, 0.40313768, 0.90267956), (-0.99985206, -0.01524514, 0.007964401), (-0.1431749, 0.26320305, 0.95405716), (-0.13144337, 0.19023132, 0.9729002), (-0.13144337, 0.19023132, 0.9729002), (-0.12787236, 0.043096058, 0.99085397), (-0.13444494, 0.09428993, 0.98642486), (-0.13444494, 0.09428993, 0.98642486), (-0.99985206, -0.01524514, 0.007964401), (-0.13144337, 0.19023132, 0.9729002), (-0.9998358, 0.01711293, 0.0059619453), (-0.13444494, 0.09428993, 0.98642486), (-0.12787236, 0.043096058, 0.99085397), (-0.12787236, 0.043096058, 0.99085397), (-0.12881318, -0.11262235, 0.98525304), (-0.1417239, -0.06307954, 0.9878944), (-0.1417239, -0.06307954, 0.9878944), (-0.9998358, 0.01711293, 0.0059619453), (-0.12787236, 0.043096058, 0.99085397), (-0.99996567, -0.0066895103, -0.0049096188), (-0.1417239, -0.06307954, 0.9878944), (-0.12881318, -0.11262235, 0.98525304), (-0.12881318, -0.11262235, 0.98525304), (-0.13329999, -0.29094386, 0.94740844), (-0.1370394, -0.22311558, 0.9651113), (-0.1370394, -0.22311558, 0.9651113), (-0.99996567, -0.0066895103, -0.0049096188), (-0.12881318, -0.11262235, 0.98525304), (-0.99994975, 0.008939538, 0.004556835), (-0.1370394, -0.22311558, 0.9651113), (-0.13329999, -0.29094386, 0.94740844), (-0.13329999, -0.29094386, 0.94740844), (-0.08973372, -0.46798536, 0.87916875), (-0.1470535, -0.41598168, 0.8974043), (-0.1470535, -0.41598168, 0.8974043), (-0.99994975, 0.008939538, 0.004556835), (-0.13329999, -0.29094386, 0.94740844), (-0.99975044, -0.0072775814, -0.02112566), (-0.1470535, -0.41598168, 0.8974043), (-0.08973372, -0.46798536, 0.87916875), (-0.08973372, -0.46798536, 0.87916875), (-0.027400235, -0.6083015, 0.79323304), (-0.033792753, -0.49668425, 0.8672732), (-0.033792753, -0.49668425, 0.8672732), (-0.99975044, -0.0072775814, -0.02112566), (-0.08973372, -0.46798536, 0.87916875), (-0.998895, 0.011692617, -0.045519598), (-0.033792753, -0.49668425, 0.8672732), (-0.027400235, -0.6083015, 0.79323304), (-0.027400235, -0.6083015, 0.79323304), (-0.023989271, -0.788261, 0.61487335), (-0.08247814, -0.8076908, 0.58380896), (-0.08247814, -0.8076908, 0.58380896), (-0.998895, 0.011692617, -0.045519598), (-0.027400235, -0.6083015, 0.79323304), (-0.99879175, 0.04864074, -0.0070191864), (-0.08247814, -0.8076908, 0.58380896), (-0.023989271, -0.788261, 0.61487335), (-0.023989271, -0.788261, 0.61487335), (-0.024835978, -0.9144317, 0.40397757), (-0.029590528, -0.85351783, 0.5202229), (-0.029590528, -0.85351783, 0.5202229), (-0.99879175, 0.04864074, -0.0070191864), (-0.023989271, -0.788261, 0.61487335), (-0.9998118, 0.016935352, -0.009471731), (-0.029590528, -0.85351783, 0.5202229), (-0.024835978, -0.9144317, 0.40397757), (-0.024835978, -0.9144317, 0.40397757), (-0.025019016, -0.9849186, 0.17120019), (-0.030418618, -0.95528287, 0.29412487), (-0.030418618, -0.95528287, 0.29412487), (-0.9998118, 0.016935352, -0.009471731), (-0.024835978, -0.9144317, 0.40397757), (-0.999745, -0.0014417238, -0.022539478), (-0.030418618, -0.95528287, 0.29412487), (-0.025019016, -0.9849186, 0.17120019), (-0.025019016, -0.9849186, 0.17120019), (-0.023447867, -0.99736655, -0.06863101), (-0.027176233, -0.99828625, 0.051828288), (-0.027176233, -0.99828625, 0.051828288), (-0.999745, -0.0014417238, -0.022539478), (-0.025019016, -0.9849186, 0.17120019), (-0.99980503, -0.012763999, 0.015068551), (-0.027176233, -0.99828625, 0.051828288), (-0.023447867, -0.99736655, -0.06863101), (-0.023447867, -0.99736655, -0.06863101), (-0.025403025, -0.95328665, -0.30099717), (-0.030306026, -0.9850889, -0.1693562), (-0.030306026, -0.9850889, -0.1693562), (-0.99980503, -0.012763999, 0.015068551), (-0.023447867, -0.99736655, -0.06863101), (-0.9999872, -0.0050528725, 0.00025999616), (-0.030306026, -0.9850889, -0.1693562), (-0.025403025, -0.95328665, -0.30099717), (-0.025403025, -0.95328665, -0.30099717), (-0.02439023, -0.8426046, -0.53798014), (-0.028811067, -0.9038448, -0.42688942), (-0.028811067, -0.9038448, -0.42688942), (-0.9999872, -0.0050528725, 0.00025999616), (-0.025403025, -0.95328665, -0.30099717), (-0.9998609, 0.0113485465, -0.01223174), (-0.028811067, -0.9038448, -0.42688942), (-0.02439023, -0.8426046, -0.53798014), (-0.02439023, -0.8426046, -0.53798014), (-0.085341305, -0.6486697, -0.7562703), (-0.02991558, -0.77581584, -0.6302498), (-0.02991558, -0.77581584, -0.6302498), (-0.9998609, 0.0113485465, -0.01223174), (-0.02439023, -0.8426046, -0.53798014), (-0.999953, -0.007959478, 0.0055392394), (-0.02991558, -0.77581584, -0.6302498), (-0.085341305, -0.6486697, -0.7562703), (-0.085341305, -0.6486697, -0.7562703), (-0.13223422, -0.37913477, -0.9158444), (-0.13720107, -0.51412386, -0.84667146), (-0.13720107, -0.51412386, -0.84667146), (-0.999953, -0.007959478, 0.0055392394), (-0.085341305, -0.6486697, -0.7562703), (-0.9995212, -0.030513348, 0.005131298), (-0.13720107, -0.51412386, -0.84667146), (-0.13223422, -0.37913477, -0.9158444), (-0.13223422, -0.37913477, -0.9158444), (-0.1303593, -0.20927212, -0.9691294), (-0.12881921, -0.29432595, -0.9469836), (-0.12881921, -0.29432595, -0.9469836), (-0.9995212, -0.030513348, 0.005131298), (-0.13223422, -0.37913477, -0.9158444), (-0.99990207, -0.0038523718, -0.01346169), (-0.12881921, -0.29432595, -0.9469836), (-0.1303593, -0.20927212, -0.9691294), (-0.1303593, -0.20927212, -0.9691294), (-0.13838242, -0.037220724, -0.9896793), (-0.14428134, -0.10993605, -0.9834109), (-0.14428134, -0.10993605, -0.9834109), (-0.99990207, -0.0038523718, -0.01346169), (-0.1303593, -0.20927212, -0.9691294), (-0.99984974, -0.005406445, -0.01647738), (-0.14428134, -0.10993605, -0.9834109), (-0.13838242, -0.037220724, -0.9896793), (-0.13838242, -0.037220724, -0.9896793), (-0.13488066, 0.122282855, -0.9832874), (-0.14434354, 0.023336472, -0.9892525), (-0.14434354, 0.023336472, -0.9892525), (-0.99984974, -0.005406445, -0.01647738), (-0.13838242, -0.037220724, -0.9896793), (-0.9997104, 0.011378694, -0.02120672), (-0.14434354, 0.023336472, -0.9892525), (-0.13488066, 0.122282855, -0.9832874), (-0.13488066, 0.122282855, -0.9832874), (-0.12741509, 0.28065282, -0.95131457), (-0.13279584, 0.20814037, -0.96904224), (-0.13279584, 0.20814037, -0.96904224), (-0.9997104, 0.011378694, -0.02120672), (-0.13488066, 0.122282855, -0.9832874), (-0.9997887, 0.012510111, -0.016314838), (-0.13279584, 0.20814037, -0.96904224), (-0.12741509, 0.28065282, -0.95131457), (-0.12741509, 0.28065282, -0.95131457), (-0.10853949, 0.5557883, -0.8242079), (-0.14421734, 0.39390114, -0.9077683), (-0.14421734, 0.39390114, -0.9077683), (-0.9997887, 0.012510111, -0.016314838), (-0.12741509, 0.28065282, -0.95131457), (-0.99989444, 0.0064623915, -0.013021584), (-0.14421734, 0.39390114, -0.9077683), (-0.10853949, 0.5557883, -0.8242079), (-0.10853949, 0.5557883, -0.8242079), (-0.05803471, 0.7777042, -0.62594587), (-0.0811309, 0.71038646, -0.69912016), (-0.0811309, 0.71038646, -0.69912016), (-0.99989444, 0.0064623915, -0.013021584), (-0.10853949, 0.5557883, -0.8242079), (-0.9998084, 0.019079883, 0.0043845563), (-0.0811309, 0.71038646, -0.69912016), (-0.05803471, 0.7777042, -0.62594587), (-0.05803471, 0.7777042, -0.62594587), (-0.057695318, 0.9081178, -0.4147209), (-0.08129493, 0.86311036, -0.4984293), (-0.08129493, 0.86311036, -0.4984293), (-0.9998084, 0.019079883, 0.0043845563), (-0.05803471, 0.7777042, -0.62594587), (-0.99995106, 0.0086905835, -0.0047361166), (-0.08129493, 0.86311036, -0.4984293), (-0.057695318, 0.9081178, -0.4147209), (-0.057695318, 0.9081178, -0.4147209), (-0.05963084, 0.9841554, -0.16698043), (-0.08180727, 0.96162814, -0.26187572), (-0.08180727, 0.96162814, -0.26187572), (-0.99995106, 0.0086905835, -0.0047361166), (-0.057695318, 0.9081178, -0.4147209), (-0.99992347, 0.0078996215, -0.009521108), (-0.08180727, 0.96162814, -0.26187572), (-0.05963084, 0.9841554, -0.16698043), (-0.05963084, 0.9841554, -0.16698043), (-0.058526717, 0.996755, 0.05526452), (-0.08238038, 0.9965193, -0.0127638), (-0.08238038, 0.9965193, -0.0127638), (-0.99992347, 0.0078996215, -0.009521108), (-0.05963084, 0.9841554, -0.16698043), (-0.9999143, 0.009772806, -0.00871792), (-0.08238038, 0.9965193, -0.0127638), (-0.058526717, 0.996755, 0.05526452), (-0.058526717, 0.996755, 0.05526452), (-0.08779886, 0.9958309, -0.024746178), (-0.085291535, 0.9725017, 0.21671617), (-0.085291535, 0.9725017, 0.21671617), (-0.9999143, 0.009772806, -0.00871792), (-0.058526717, 0.996755, 0.05526452), (-0.08779886, 0.9958309, -0.024746178), (-0.106536925, 0.8484663, 0.5184158), (-0.99982136, -0.012414134, -0.014254522), (-0.99982136, -0.012414134, -0.014254522), (-0.085291535, 0.9725017, 0.21671617), (-0.08779886, 0.9958309, -0.024746178), (-0.0091545405, 0.78815055, 0.61541444), (-0.99982136, -0.012414134, -0.014254522), (-0.106536925, 0.8484663, 0.5184158), (-0.106536925, 0.8484663, 0.5184158), (-0.07913455, 0.8862916, 0.45631668), (-0.0800834, 0.8718423, 0.4831952), (-0.0800834, 0.8718423, 0.4831952), (-0.99981236, -0.017842397, -0.0075460738), (-0.106536925, 0.8484663, 0.5184158), (-0.07913455, 0.8862916, 0.45631668), (-0.12910923, 0.60833704, 0.78310734), (-0.9997209, -0.004144094, -0.02326312), (-0.9997209, -0.004144094, -0.02326312), (-0.0800834, 0.8718423, 0.4831952), (-0.07913455, 0.8862916, 0.45631668), (-0.011239872, 0.6491749, 0.76055604), (-0.9997209, -0.004144094, -0.02326312), (-0.12910923, 0.60833704, 0.78310734), (-0.06275562, -0.5516848, -0.8316885), (-0.99985576, -0.016793357, -0.0025732883), (-0.10567078, -0.51958555, -0.84785885), (-0.10567078, -0.51958555, -0.84785885), (-0.13752778, -0.6624078, -0.7364116), (-0.9997953, 0.01845252, -0.008295226), (-0.9997953, 0.01845252, -0.008295226), (-0.06275562, -0.5516848, -0.8316885), (-0.10567078, -0.51958555, -0.84785885), (-0.087743476, -0.71146727, -0.6972199), (-0.9997953, 0.01845252, -0.008295226), (-0.13752778, -0.6624078, -0.7364116), (-0.13752778, -0.6624078, -0.7364116), (-0.13636874, -0.7953676, -0.5905879), (-0.99952054, 0.012800627, -0.028196588), (-0.99952054, 0.012800627, -0.028196588), (-0.087743476, -0.71146727, -0.6972199), (-0.13752778, -0.6624078, -0.7364116), (-0.08789837, -0.82403636, -0.55967677), (-0.99952054, 0.012800627, -0.028196588), (-0.13636874, -0.7953676, -0.5905879), (-0.13636874, -0.7953676, -0.5905879), (-0.13312194, -0.88799447, -0.4401643), (-0.9996144, -0.02423021, -0.013563127), (-0.9996144, -0.02423021, -0.013563127), (-0.08789837, -0.82403636, -0.55967677), (-0.13636874, -0.7953676, -0.5905879), (-0.089703955, -0.9024112, -0.4214349), (-0.9996144, -0.02423021, -0.013563127), (-0.13312194, -0.88799447, -0.4401643), (-0.13312194, -0.88799447, -0.4401643), (-0.116208844, -0.9387839, -0.3243154), (-0.99972653, -0.022342531, -0.006919386), (-0.99972653, -0.022342531, -0.006919386), (-0.089703955, -0.9024112, -0.4214349), (-0.13312194, -0.88799447, -0.4401643), (-0.091822036, -0.94439876, -0.31572112), (-0.99972653, -0.022342531, -0.006919386), (-0.116208844, -0.9387839, -0.3243154), (-0.9992932, -0.022294901, -0.030265667), (-0.11229397, -0.9746145, -0.1936923), (-0.1035818, -0.98343915, -0.1487222), (-0.1035818, -0.98343915, -0.1487222), (-0.11626343, -0.9931715, 0.009659264), (-0.12330704, -0.9888795, -0.083142705), (-0.12330704, -0.9888795, -0.083142705), (-0.9992932, -0.022294901, -0.030265667), (-0.1035818, -0.98343915, -0.1487222), (-0.99968415, 0.00037620196, -0.025127893), (-0.12330704, -0.9888795, -0.083142705), (-0.11626343, -0.9931715, 0.009659264), (-0.11626343, -0.9931715, 0.009659264), (-0.13186678, -0.98422897, 0.11791719), (-0.00029870388, 0.9999203, -0.012622818), (-0.00029870388, 0.9999203, -0.012622818), (-0.99968415, 0.00037620196, -0.025127893), (-0.11626343, -0.9931715, 0.009659264), (-0.13186678, -0.98422897, 0.11791719), (-0.14133498, -0.9594174, 0.24401358), (-0.99987763, 0.011232336, -0.010892773), (-0.99987763, 0.011232336, -0.010892773), (-0.00029870388, 0.9999203, -0.012622818), (-0.13186678, -0.98422897, 0.11791719), (-0.14133498, -0.9594174, 0.24401358), (-0.1421971, -0.9327881, 0.33118942), (-0.999934, 0.0049118907, -0.0103811035), (-0.999934, 0.0049118907, -0.0103811035), (-0.99987763, 0.011232336, -0.010892773), (-0.14133498, -0.9594174, 0.24401358), (-0.1421971, -0.9327881, 0.33118942), (-0.13335854, -0.873039, 0.4690614), (-0.99992156, 0.01117938, -0.0056561586), (-0.99992156, 0.01117938, -0.0056561586), (-0.999934, 0.0049118907, -0.0103811035), (-0.1421971, -0.9327881, 0.33118942), (-0.13335854, -0.873039, 0.4690614), (-0.14406702, -0.82526994, 0.5460533), (-0.999897, 0.013459728, 0.0050009293), (-0.999897, 0.013459728, 0.0050009293), (-0.99992156, 0.01117938, -0.0056561586), (-0.13335854, -0.873039, 0.4690614), (-0.14406702, -0.82526994, 0.5460533), (-0.1371494, -0.7403282, 0.6581065), (-0.99997157, 0.0056721936, -0.0049905735), (-0.99997157, 0.0056721936, -0.0049905735), (-0.999897, 0.013459728, 0.0050009293), (-0.14406702, -0.82526994, 0.5460533), (-0.1371494, -0.7403282, 0.6581065), (-0.14934394, -0.67300206, 0.72440636), (-0.99956936, 0.028991206, 0.0045682755), (-0.99956936, 0.028991206, 0.0045682755), (-0.99997157, 0.0056721936, -0.0049905735), (-0.1371494, -0.7403282, 0.6581065), (-0.14934394, -0.67300206, 0.72440636), (-0.14261627, -0.58945376, 0.795113), (-0.99983114, 0.0043457043, -0.017853478), (-0.99983114, 0.0043457043, -0.017853478), (-0.99956936, 0.028991206, 0.0045682755), (-0.14934394, -0.67300206, 0.72440636), (-0.14261627, -0.58945376, 0.795113), (-0.13666587, -0.4887991, 0.86162525), (-0.99954844, -0.014431914, -0.026355768), (-0.99954844, -0.014431914, -0.026355768), (-0.99983114, 0.0043457043, -0.017853478), (-0.14261627, -0.58945376, 0.795113), (-0.13666587, -0.4887991, 0.86162525), (-0.14158832, -0.37587008, 0.9157917), (-0.9998791, 0.012029581, -0.009862438), (-0.9998791, 0.012029581, -0.009862438), (-0.99954844, -0.014431914, -0.026355768), (-0.13666587, -0.4887991, 0.86162525), (-0.14158832, -0.37587008, 0.9157917), (-0.14419378, -0.2873245, 0.9469176), (-0.9999125, 0.010100894, -0.00855091), (-0.9999125, 0.010100894, -0.00855091), (-0.9998791, 0.012029581, -0.009862438), (-0.14158832, -0.37587008, 0.9157917), (-0.14419378, -0.2873245, 0.9469176), (-0.13731599, -0.15706694, 0.97799516), (-0.9995946, 0.023015343, -0.016760094), (-0.9995946, 0.023015343, -0.016760094), (-0.9999125, 0.010100894, -0.00855091), (-0.14419378, -0.2873245, 0.9469176), (-0.13731599, -0.15706694, 0.97799516), (-0.14416575, -0.07826819, 0.9864534), (-0.9996789, 0.0018278421, -0.025277099), (-0.9996789, 0.0018278421, -0.025277099), (-0.9995946, 0.023015343, -0.016760094), (-0.13731599, -0.15706694, 0.97799516), (-0.14416575, -0.07826819, 0.9864534), (-0.13532801, 0.03584793, 0.99015224), (-0.99976444, -0.0008268051, -0.021688), (-0.99976444, -0.0008268051, -0.021688), (-0.9996789, 0.0018278421, -0.025277099), (-0.14416575, -0.07826819, 0.9864534), (-0.13532801, 0.03584793, 0.99015224), (-0.14582509, 0.12410947, 0.98149484), (-0.99982333, 0.006044837, -0.017798884), (-0.99982333, 0.006044837, -0.017798884), (-0.99976444, -0.0008268051, -0.021688), (-0.13532801, 0.03584793, 0.99015224), (-0.14582509, 0.12410947, 0.98149484), (-0.14588197, 0.22746001, 0.96279824), (-0.9998951, -0.0075698253, -0.012350388), (-0.9998951, -0.0075698253, -0.012350388), (-0.99982333, 0.006044837, -0.017798884), (-0.14582509, 0.12410947, 0.98149484), (-0.14588197, 0.22746001, 0.96279824), (-0.14593458, 0.3344723, 0.9310378), (-0.99992526, -0.0041806656, -0.011487019), (-0.99992526, -0.0041806656, -0.011487019), (-0.9998951, -0.0075698253, -0.012350388), (-0.14588197, 0.22746001, 0.96279824), (-0.14593458, 0.3344723, 0.9310378), (-0.1459777, 0.44098184, 0.88556504), (-0.99987376, -0.000807366, -0.01587335), (-0.99987376, -0.000807366, -0.01587335), (-0.99992526, -0.0041806656, -0.011487019), (-0.14593458, 0.3344723, 0.9310378), (-0.1459777, 0.44098184, 0.88556504), (-0.14293785, 0.53838533, 0.8304879), (-0.9997065, -0.023534186, -0.005747814), (-0.9997065, -0.023534186, -0.005747814), (-0.99987376, -0.000807366, -0.01587335), (-0.1459777, 0.44098184, 0.88556504), (-0.14293785, 0.53838533, 0.8304879), (-0.14000109, 0.6391349, 0.75624496), (-0.9992545, -0.034916796, 0.016469667), (-0.9992545, -0.034916796, 0.016469667), (-0.9997065, -0.023534186, -0.005747814), (-0.14293785, 0.53838533, 0.8304879), (-0.14000109, 0.6391349, 0.75624496), (-0.14603591, 0.7158963, 0.6827635), (-0.9995261, 0.025822802, -0.01675536), (-0.9995261, 0.025822802, -0.01675536), (-0.9992545, -0.034916796, 0.016469667), (-0.14000109, 0.6391349, 0.75624496), (-0.14603591, 0.7158963, 0.6827635), (-0.14608026, 0.7897074, 0.5958379), (-0.9999953, -0.0025461412, -0.0017716807), (-0.9999953, -0.0025461412, -0.0017716807), (-0.9995261, 0.025822802, -0.01675536), (-0.14603591, 0.7158963, 0.6827635), (-0.14608026, 0.7897074, 0.5958379), (-0.14611042, 0.85548335, 0.49678978), (-0.9999824, -0.0017880714, -0.005663012), (-0.9999824, -0.0017880714, -0.005663012), (-0.9999953, -0.0025461412, -0.0017716807), (-0.14608026, 0.7897074, 0.5958379), (-0.14611042, 0.85548335, 0.49678978), (-0.14612356, 0.909265, 0.38972464), (-0.99997747, -0.006167412, -0.0026600244), (-0.99997747, -0.006167412, -0.0026600244), (-0.9999824, -0.0017880714, -0.005663012), (-0.14611042, 0.85548335, 0.49678978), (-0.14612356, 0.909265, 0.38972464), (-0.14303651, 0.94799644, 0.28432977), (-0.9998144, -0.011700394, 0.015306092), (-0.9998144, -0.011700394, 0.015306092), (-0.99997747, -0.006167412, -0.0026600244), (-0.14612356, 0.909265, 0.38972464), (-0.14303651, 0.94799644, 0.28432977), (-0.13707192, 0.975722, 0.17081574), (-0.9998896, -0.012305074, 0.008333276), (-0.9998896, -0.012305074, 0.008333276), (-0.9998144, -0.011700394, 0.015306092), (-0.14303651, 0.94799644, 0.28432977), (-0.13707192, 0.975722, 0.17081574), (-0.12254118, 0.99020773, 0.06687644), (-0.9995095, -0.002238076, -0.031236926), (-0.9995095, -0.002238076, -0.031236926), (-0.9998896, -0.012305074, 0.008333276), (-0.13707192, 0.975722, 0.17081574), (-0.12254118, 0.99020773, 0.06687644), (-0.11455183, 0.99216515, -0.049863912), (-0.12135247, 0.9926084, -0.0014411754), (-0.12135247, 0.9926084, -0.0014411754), (-0.9995095, -0.002238076, -0.031236926), (-0.12254118, 0.99020773, 0.06687644), (-0.999307, 0.0071431645, -0.03653188), (-0.12135247, 0.9926084, -0.0014411754), (-0.11455183, 0.99216515, -0.049863912), (-0.11455183, 0.99216515, -0.049863912), (-0.11147258, 0.9757151, -0.18855736), (-0.12183048, 0.9845134, -0.1260584), (-0.12183048, 0.9845134, -0.1260584), (-0.999307, 0.0071431645, -0.03653188), (-0.11455183, 0.99216515, -0.049863912), (-0.9997026, 0.023741635, -0.0055794283), (-0.12183048, 0.9845134, -0.1260584), (-0.11147258, 0.9757151, -0.18855736), (-0.11147258, 0.9757151, -0.18855736), (-0.111306496, 0.93802243, -0.32821456), (-0.12544192, 0.9582758, -0.25685012), (-0.12544192, 0.9582758, -0.25685012), (-0.9997026, 0.023741635, -0.0055794283), (-0.11147258, 0.9757151, -0.18855736), (-0.99946016, 0.03264701, -0.0036877424), (-0.12544192, 0.9582758, -0.25685012), (-0.111306496, 0.93802243, -0.32821456), (-0.111306496, 0.93802243, -0.32821456), (-0.111685365, 0.87786466, -0.46570382), (-0.12550433, 0.90884864, -0.39779773), (-0.12550433, 0.90884864, -0.39779773), (-0.99946016, 0.03264701, -0.0036877424), (-0.111306496, 0.93802243, -0.32821456), (-0.9996212, 0.024667997, -0.0122048855), (-0.12550433, 0.90884864, -0.39779773), (-0.111685365, 0.87786466, -0.46570382), (-0.111685365, 0.87786466, -0.46570382), (-0.114303134, 0.7871223, -0.6061133), (-0.12562451, 0.83900166, -0.5294286), (-0.12562451, 0.83900166, -0.5294286), (-0.9996212, 0.024667997, -0.0122048855), (-0.111685365, 0.87786466, -0.46570382), (-0.9993411, -0.0068052853, -0.035654396), (-0.12562451, 0.83900166, -0.5294286), (-0.114303134, 0.7871223, -0.6061133), (-0.114303134, 0.7871223, -0.6061133), (-0.11551059, 0.6806619, -0.723434), (-0.1315791, 0.73576355, -0.6643335), (-0.1315791, 0.73576355, -0.6643335), (-0.9993411, -0.0068052853, -0.035654396), (-0.114303134, 0.7871223, -0.6061133), (-0.99998647, 0.003337218, -0.0039920094), (-0.1315791, 0.73576355, -0.6643335), (-0.11551059, 0.6806619, -0.723434), (-0.11551059, 0.6806619, -0.723434), (-0.11079064, 0.54523796, -0.83092785), (-0.12418209, 0.6118098, -0.78119624), (-0.12418209, 0.6118098, -0.78119624), (-0.99998647, 0.003337218, -0.0039920094), (-0.11551059, 0.6806619, -0.723434), (-0.99994284, 0.010543594, 0.001782044), (-0.12418209, 0.6118098, -0.78119624), (-0.11079064, 0.54523796, -0.83092785), (-0.11079064, 0.54523796, -0.83092785), (-0.11268926, 0.4117279, -0.9043126), (-0.123424836, 0.48368832, -0.8664942), (-0.123424836, 0.48368832, -0.8664942), (-0.99994284, 0.010543594, 0.001782044), (-0.11079064, 0.54523796, -0.83092785), (-0.9999988, -0.0010843939, 0.0010689433), (-0.123424836, 0.48368832, -0.8664942), (-0.11268926, 0.4117279, -0.9043126), (-0.11268926, 0.4117279, -0.9043126), (-0.11753451, 0.2958233, -0.9479843), (-0.12943043, 0.34745508, -0.928721), (-0.12943043, 0.34745508, -0.928721), (-0.9999988, -0.0010843939, 0.0010689433), (-0.11268926, 0.4117279, -0.9043126), (-0.9998707, -0.013095218, -0.009331034), (-0.12943043, 0.34745508, -0.928721), (-0.11753451, 0.2958233, -0.9479843), (-0.11753451, 0.2958233, -0.9479843), (-0.11180469, 0.15345778, -0.9818098), (-0.12578994, 0.2235122, -0.96655023), (-0.12578994, 0.2235122, -0.96655023), (-0.9998707, -0.013095218, -0.009331034), (-0.11753451, 0.2958233, -0.9479843), (-0.9999808, 0.0053949836, -0.0030727529), (-0.12578994, 0.2235122, -0.96655023), (-0.11180469, 0.15345778, -0.9818098), (-0.11180469, 0.15345778, -0.9818098), (-0.12705615, -0.0013522095, -0.9918946), (-0.12375552, 0.09302233, -0.98794305), (-0.12375552, 0.09302233, -0.98794305), (-0.9999808, 0.0053949836, -0.0030727529), (-0.11180469, 0.15345778, -0.9818098), (-0.9988971, 0.046915818, 0.0018574639), (-0.12375552, 0.09302233, -0.98794305), (-0.12705615, -0.0013522095, -0.9918946), (-0.12705615, -0.0013522095, -0.9918946), (-0.12729958, -0.04890821, -0.99065775), (-0.9998448, -0.009806569, 0.014635077), (-0.9998448, -0.009806569, 0.014635077), (-0.9988971, 0.046915818, 0.0018574639), (-0.12705615, -0.0013522095, -0.9918946), (-0.12729958, -0.04890821, -0.99065775), (-0.10959829, -0.17858456, -0.97780156), (-0.12107355, -0.133245, -0.98366004), (-0.12107355, -0.133245, -0.98366004), (-0.9998448, -0.009806569, 0.014635077), (-0.12729958, -0.04890821, -0.99065775), (-0.9995239, -0.030388566, 0.005338318), (-0.12107355, -0.133245, -0.98366004), (-0.10959829, -0.17858456, -0.97780156), (-0.10959829, -0.17858456, -0.97780156), (-0.09744243, -0.3295389, -0.93910015), (-0.117275745, -0.23927733, -0.96384275), (-0.117275745, -0.23927733, -0.96384275), (-0.9995239, -0.030388566, 0.005338318), (-0.10959829, -0.17858456, -0.97780156), (-0.99996823, -0.0077772643, 0.0017581964), (-0.117275745, -0.23927733, -0.96384275), (-0.09744243, -0.3295389, -0.93910015), (-0.09744243, -0.3295389, -0.93910015), (-0.10567078, -0.51958555, -0.84785885), (-0.120010294, -0.40512463, -0.9063508), (-0.120010294, -0.40512463, -0.9063508), (-0.99996823, -0.0077772643, 0.0017581964), (-0.09744243, -0.3295389, -0.93910015), (-0.99985576, -0.016793357, -0.0025732883), (-0.120010294, -0.40512463, -0.9063508), (-0.10567078, -0.51958555, -0.84785885), (-0.06832756, -0.00825842, 0.99762875), (-0.1302438, 0.84926176, -0.5116552), (-0.06832755, -0.00825842, 0.99762875), (-0.06832755, -0.00825842, 0.99762875), (-0.99988884, 0.01035887, 0.010734309), (-0.06832756, -0.00825842, 0.99762875), (-0.1302438, 0.84926176, -0.5116552), (-0.15120712, 0.41092756, -0.8990412), (-0.9998428, 0.01111658, 0.013815632), (-0.9998428, 0.01111658, 0.013815632), (-0.06832755, -0.00825842, 0.99762875), (-0.1302438, 0.84926176, -0.5116552), (-0.15120712, 0.41092756, -0.8990412), (-0.00029870388, 0.9999203, -0.012622818), (-0.9999997, 0.00060804555, 0.00063306326), (-0.9999997, 0.00060804555, 0.00063306326), (-0.9998428, 0.01111658, 0.013815632), (-0.15120712, 0.41092756, -0.8990412), (-0.00029870388, 0.9999203, -0.012622818), (-0.14841883, -0.011102851, -0.9888623), (-0.99996114, -0.008173808, -0.003320298), (-0.99996114, -0.008173808, -0.003320298), (-0.9999997, 0.00060804555, 0.00063306326), (-0.00029870388, 0.9999203, -0.012622818), (-0.14841883, -0.011102851, -0.9888623), (-0.00029870388, 0.9999203, -0.012622818), (-0.14841881, -0.011102851, -0.9888623), (-0.14841881, -0.011102851, -0.9888623), (-0.99996114, -0.008173808, -0.003320298), (-0.14841883, -0.011102851, -0.9888623), (-0.00029870388, 0.9999203, -0.012622818), (-0.12026813, -0.0073807836, -0.99271405), (-0.9998642, -0.008343189, -0.014210795), (-0.9998642, -0.008343189, -0.014210795), (-0.14841881, -0.011102851, -0.9888623), (-0.00029870388, 0.9999203, -0.012622818), (-0.12026813, -0.0073807836, -0.99271405), (-0.09649599, 0.0002140228, -0.99533343), (-0.121012434, -0.015356739, -0.9925322), (-0.121012434, -0.015356739, -0.9925322), (-0.9998642, -0.008343189, -0.014210795), (-0.12026813, -0.0073807836, -0.99271405), (-0.9998547, 0.00073006615, -0.017033186), (-0.121012434, -0.015356739, -0.9925322), (-0.09649599, 0.0002140228, -0.99533343), (-0.09649599, 0.0002140228, -0.99533343), (-0.08820093, -0.016322311, -0.99596894), (-0.073828615, 0.12516508, -0.9893853), (-0.073828615, 0.12516508, -0.9893853), (-0.9998547, 0.00073006615, -0.017033186), (-0.09649599, 0.0002140228, -0.99533343), (-0.9989835, 0.042011317, -0.016344367), (-0.073828615, 0.12516508, -0.9893853), (-0.08820093, -0.016322311, -0.99596894), (-0.08820093, -0.016322311, -0.99596894), (-0.123365246, -0.12917404, -0.9839183), (-0.99982166, 0.01883432, -0.0013807883), (-0.99982166, 0.01883432, -0.0013807883), (-0.9989835, 0.042011317, -0.016344367), (-0.08820093, -0.016322311, -0.99596894), (-0.123365246, -0.12917404, -0.9839183), (-0.14080195, -0.24593651, -0.95900476), (-0.9999875, -0.0042221644, -0.0026736094), (-0.9999875, -0.0042221644, -0.0026736094), (-0.99982166, 0.01883432, -0.0013807883), (-0.123365246, -0.12917404, -0.9839183), (-0.14080195, -0.24593651, -0.95900476), (-0.13877247, -0.44116876, -0.88662976), (-0.9999716, -0.0064342404, 0.0039259507), (-0.9999716, -0.0064342404, 0.0039259507), (-0.9999875, -0.0042221644, -0.0026736094), (-0.14080195, -0.24593651, -0.95900476), (-0.99957985, -0.0277495, 0.008384237), (-0.9999716, -0.0064342404, 0.0039259507), (-0.13877247, -0.44116876, -0.88662976), (-0.13877247, -0.44116876, -0.88662976), (-0.11717018, -0.59228516, -0.7971634), (-0.99957985, -0.0277495, 0.008384237), (-0.0807048, -0.36120212, -0.9289886), (-0.99957985, -0.0277495, 0.008384237), (-0.11717018, -0.59228516, -0.7971634), (-0.11717018, -0.59228516, -0.7971634), (-0.14288743, -0.865459, -0.48017076), (-0.9996413, 0.011680592, -0.024104904), (-0.9996413, 0.011680592, -0.024104904), (-0.0807048, -0.36120212, -0.9289886), (-0.11717018, -0.59228516, -0.7971634), (-0.14288743, -0.865459, -0.48017076), (-0.14012735, -0.9449739, -0.29561564), (-0.9996664, 0.016884325, -0.019546667), (-0.9996664, 0.016884325, -0.019546667), (-0.9996413, 0.011680592, -0.024104904), (-0.14288743, -0.865459, -0.48017076), (-0.14012735, -0.9449739, -0.29561564), (-0.14432722, -0.9825447, -0.117369056), (-0.9992096, -0.0128111495, 0.037633624), (-0.9992096, -0.0128111495, 0.037633624), (-0.9996664, 0.016884325, -0.019546667), (-0.14012735, -0.9449739, -0.29561564), (-0.14432722, -0.9825447, -0.117369056), (-0.09130241, -0.98946446, -0.11235619), (-0.999353, -0.01829478, 0.030969677), (-0.999353, -0.01829478, 0.030969677), (-0.9992096, -0.0128111495, 0.037633624), (-0.14432722, -0.9825447, -0.117369056), (-0.09130241, -0.98946446, -0.11235619), (-0.04116706, -0.9991324, -0.006302406), (-0.05995564, -0.9901558, -0.12647916), (-0.05995564, -0.9901558, -0.12647916), (-0.999353, -0.01829478, 0.030969677), (-0.09130241, -0.98946446, -0.11235619), (-0.9997852, 0.014307732, -0.01499814), (-0.05995564, -0.9901558, -0.12647916), (-0.04116706, -0.9991324, -0.006302406), (-0.04116706, -0.9991324, -0.006302406), (-0.048942927, -0.97680825, 0.2084474), (-0.0686083, -0.9970511, -0.034379844), (-0.0686083, -0.9970511, -0.034379844), (-0.9997852, 0.014307732, -0.01499814), (-0.04116706, -0.9991324, -0.006302406), (-0.99941856, 0.034077007, 0.0011644736), (-0.0686083, -0.9970511, -0.034379844), (-0.048942927, -0.97680825, 0.2084474), (-0.048942927, -0.97680825, 0.2084474), (-0.058490098, -0.90773064, 0.41545656), (-0.07382615, -0.9636961, 0.25659215), (-0.07382615, -0.9636961, 0.25659215), (-0.99941856, 0.034077007, 0.0011644736), (-0.048942927, -0.97680825, 0.2084474), (-0.99920857, 0.0021150296, 0.039723482), (-0.07382615, -0.9636961, 0.25659215), (-0.058490098, -0.90773064, 0.41545656), (-0.058490098, -0.90773064, 0.41545656), (-0.036455143, 0.10297701, 0.99401546), (-0.99920857, 0.0021150296, 0.039723482), (-0.036455143, 0.10297701, 0.99401546), (0.17790443, 0.21149595, 0.96105134), (-0.03645514, 0.10297702, 0.99401546), (-0.03645514, 0.10297702, 0.99401546), (-0.99920857, 0.0021150296, 0.039723482), (-0.036455143, 0.10297701, 0.99401546), (-0.9924518, -0.028163105, -0.1193581), (-0.03645514, 0.10297702, 0.99401546), (0.17790443, 0.21149595, 0.96105134), (0.17790443, 0.21149595, 0.96105134), (-0.1469316, 0.98297685, -0.11030781), (-0.9999455, 0.00012539951, 0.010450622), (-0.9999455, 0.00012539951, 0.010450622), (-0.9924518, -0.028163105, -0.1193581), (0.17790443, 0.21149595, 0.96105134), (-0.999843, -0.013454304, 0.011532718), (-0.9999455, 0.00012539951, 0.010450622), (-0.1469316, 0.98297685, -0.11030781), (-0.1469316, 0.98297685, -0.11030781), (-0.15201536, 0.9370518, 0.31436503), (-0.999843, -0.013454304, 0.011532718), (-0.99997336, -0.0046151998, 0.005654277), (-0.999843, -0.013454304, 0.011532718), (-0.15201536, 0.9370518, 0.31436503), (-0.15201536, 0.9370518, 0.31436503), (-0.1574137, 0.5814449, 0.7982123), (-0.99997336, -0.0046151998, 0.005654277), (-0.99997544, 0.004637772, -0.0052549657), (-0.99997336, -0.0046151998, 0.005654277), (-0.1574137, 0.5814449, 0.7982123), (-0.1574137, 0.5814449, 0.7982123), (-0.1334504, 0.14321893, 0.9806525), (-0.99997544, 0.004637772, -0.0052549657), (-0.9988043, 0.04430128, -0.020673383), (-0.99997544, 0.004637772, -0.0052549657), (-0.1334504, 0.14321893, 0.9806525), (-0.1334504, 0.14321893, 0.9806525), (-0.083247505, 0.07425466, 0.99375856), (-0.9988043, 0.04430128, -0.020673383), (-0.9996973, 0.017329091, -0.01746496), (-0.9988043, 0.04430128, -0.020673383), (-0.083247505, 0.07425466, 0.99375856), (-0.083247505, 0.07425466, 0.99375856), (-0.124558374, 0.029578093, 0.99177134), (-0.022740686, 0.1641598, 0.9861716), (-0.022740686, 0.1641598, 0.9861716), (-0.9996973, 0.017329091, -0.01746496), (-0.083247505, 0.07425466, 0.99375856), (-0.9998068, -0.009826315, -0.017022694), (-0.022740686, 0.1641598, 0.9861716), (-0.124558374, 0.029578093, 0.99177134), (-0.124558374, 0.029578093, 0.99177134), (-0.00029870388, 0.9999203, -0.012622818), (-0.9999941, 0.0008469452, -0.0033318258), (-0.9999941, 0.0008469452, -0.0033318258), (-0.9998068, -0.009826315, -0.017022694), (-0.124558374, 0.029578093, 0.99177134), (-0.00029870388, 0.9999203, -0.012622818), (-0.14562516, 0.0124447625, 0.98926157), (-0.99995345, 0.0067364103, 0.00690738), (-0.99995345, 0.0067364103, 0.00690738), (-0.9999941, 0.0008469452, -0.0033318258), (-0.00029870388, 0.9999203, -0.012622818), (-0.14562516, 0.0124447625, 0.98926157), (-0.14591305, 0.9892186, -0.01248927), (-0.00029870388, 0.9999203, -0.012622818), (-0.00029870388, 0.9999203, -0.012622818), (-0.99995345, 0.0067364103, 0.00690738), (-0.14562516, 0.0124447625, 0.98926157), (-0.14591305, 0.9892186, -0.01248927), (-0.06832756, -0.00825842, 0.99762875), (-0.99988884, 0.01035887, 0.010734309), (-0.99988884, 0.01035887, 0.010734309), (-0.00029870388, 0.9999203, -0.012622818), (-0.14591305, 0.9892186, -0.01248927), (-0.21875015, -0.9618096, 0.16453221), (-0.27688077, -0.9507027, 0.13964789), (-0.21875015, -0.9618096, 0.16453223), (-0.21875015, -0.9618096, 0.16453223), (-0.9996468, -0.026382366, 0.0032154662), (-0.21875015, -0.9618096, 0.16453221), (-0.27688077, -0.9507027, 0.13964789), (-0.04770324, 0.41526765, 0.90844774), (-0.0001382323, 0.44200468, 0.8970127), (-0.0001382323, 0.44200468, 0.8970127), (-0.21875015, -0.9618096, 0.16453223), (-0.27688077, -0.9507027, 0.13964789), (-0.04770324, 0.41526765, 0.90844774), (-0.14965731, 0.40879476, 0.90027195), (-0.99987346, -0.010180192, -0.01222606), (-0.99987346, -0.010180192, -0.01222606), (-0.0001382323, 0.44200468, 0.8970127), (-0.04770324, 0.41526765, 0.90844774), (-0.14965731, 0.40879476, 0.90027195), (-0.14290564, 0.49821618, 0.8551951), (-0.9995155, -0.02887655, 0.011618476), (-0.9995155, -0.02887655, 0.011618476), (-0.99987346, -0.010180192, -0.01222606), (-0.14965731, 0.40879476, 0.90027195), (-0.14290564, 0.49821618, 0.8551951), (-0.13475618, 0.588226, 0.7973902), (-0.9999417, -0.009720942, 0.004711224), (-0.9999417, -0.009720942, 0.004711224), (-0.9995155, -0.02887655, 0.011618476), (-0.14290564, 0.49821618, 0.8551951), (-0.13475618, 0.588226, 0.7973902), (-0.13558231, 0.6815206, 0.7191295), (-0.9998235, 0.01403415, -0.012491057), (-0.9998235, 0.01403415, -0.012491057), (-0.9999417, -0.009720942, 0.004711224), (-0.13475618, 0.588226, 0.7973902), (-0.13558231, 0.6815206, 0.7191295), (-0.14602089, 0.74622124, 0.6494858), (-0.99992865, 0.009683608, -0.007002079), (-0.99992865, 0.009683608, -0.007002079), (-0.9998235, 0.01403415, -0.012491057), (-0.13558231, 0.6815206, 0.7191295), (-0.14602089, 0.74622124, 0.6494858), (-0.1460625, 0.81283575, 0.56388277), (-0.9999981, 0.0014765556, 0.0012729972), (-0.9999981, 0.0014765556, 0.0012729972), (-0.99992865, 0.009683608, -0.007002079), (-0.14602089, 0.74622124, 0.6494858), (-0.1460625, 0.81283575, 0.56388277), (-0.14299624, 0.869665, 0.47247747), (-0.99996674, -0.004653309, 0.0066922763), (-0.99996674, -0.004653309, 0.0066922763), (-0.9999981, 0.0014765556, 0.0012729972), (-0.1460625, 0.81283575, 0.56388277), (-0.14299624, 0.869665, 0.47247747), (-0.1400748, 0.9206366, 0.36442733), (-0.99996674, -0.007565462, -0.0030747047), (-0.99996674, -0.007565462, -0.0030747047), (-0.99996674, -0.004653309, 0.0066922763), (-0.14299624, 0.869665, 0.47247747), (-0.1400748, 0.9206366, 0.36442733), (-0.14605021, 0.9502313, 0.2751906), (-0.9997271, 0.0015209891, -0.023316693), (-0.9997271, 0.0015209891, -0.023316693), (-0.99996674, -0.007565462, -0.0030747047), (-0.1400748, 0.9206366, 0.36442733), (-0.14605021, 0.9502313, 0.2751906), (-0.1479426, 0.9714788, 0.18531574), (-0.9999179, -0.011077136, 0.006452076), (-0.9999179, -0.011077136, 0.006452076), (-0.9997271, 0.0015209891, -0.023316693), (-0.14605021, 0.9502313, 0.2751906), (-0.1479426, 0.9714788, 0.18531574), (-0.14969839, 0.98227704, 0.112793274), (-0.99993265, -0.009913991, 0.0060331393), (-0.99993265, -0.009913991, 0.0060331393), (-0.9999179, -0.011077136, 0.006452076), (-0.1479426, 0.9714788, 0.18531574), (-0.14969839, 0.98227704, 0.112793274), (-0.14598516, 0.98848486, 0.039824575), (-0.9996886, -0.010800603, -0.022496285), (-0.9996886, -0.010800603, -0.022496285), (-0.99993265, -0.009913991, 0.0060331393), (-0.14969839, 0.98227704, 0.112793274), (-0.14598516, 0.98848486, 0.039824575), (-0.14596783, 0.989165, -0.015681757), (-0.99982315, -0.018809266, 0.000108816566), (-0.99982315, -0.018809266, 0.000108816566), (-0.9996886, -0.010800603, -0.022496285), (-0.14598516, 0.98848486, 0.039824575), (-0.14596783, 0.989165, -0.015681757), (-0.1407888, 0.98801017, -0.06335952), (-0.99948674, -0.0015549839, 0.031999625), (-0.99948674, -0.0015549839, 0.031999625), (-0.99982315, -0.018809266, 0.000108816566), (-0.14596783, 0.989165, -0.015681757), (-0.1407888, 0.98801017, -0.06335952), (-0.13733327, 0.9799777, -0.14416386), (-0.9999777, 0.0014910013, 0.0065083625), (-0.9999777, 0.0014910013, 0.0065083625), (-0.99948674, -0.0015549839, 0.031999625), (-0.1407888, 0.98801017, -0.06335952), (-0.13733327, 0.9799777, -0.14416386), (-0.15558933, 0.9670974, -0.20128286), (-0.99925685, -0.0052479487, -0.038188983), (-0.99925685, -0.0052479487, -0.038188983), (-0.9999777, 0.0014910013, 0.0065083625), (-0.13733327, 0.9799777, -0.14416386), (-0.15558933, 0.9670974, -0.20128286), (-0.13674362, 0.95982593, -0.2450212), (-0.99930745, 0.008227517, -0.0362895), (-0.99930745, 0.008227517, -0.0362895), (-0.99925685, -0.0052479487, -0.038188983), (-0.15558933, 0.9670974, -0.20128286), (-0.13674362, 0.95982593, -0.2450212), (-0.12970255, 0.92069376, -0.36810374), (-0.1298041, 0.93409336, -0.33259687), (-0.1298041, 0.93409336, -0.33259687), (-0.99930745, 0.008227517, -0.0362895), (-0.13674362, 0.95982593, -0.2450212), (-0.9995219, 0.028755637, 0.01136029), (-0.1298041, 0.93409336, -0.33259687), (-0.12970255, 0.92069376, -0.36810374), (-0.12970255, 0.92069376, -0.36810374), (-0.12338328, 0.86842304, -0.48022726), (-0.13350037, 0.89212155, -0.43162134), (-0.13350037, 0.89212155, -0.43162134), (-0.9995219, 0.028755637, 0.01136029), (-0.12970255, 0.92069376, -0.36810374), (-0.12338328, 0.86842304, -0.48022726), (-0.1429377, 0.82958454, -0.5397763), (-0.99947405, 0.02110038, 0.024623483), (-0.99947405, 0.02110038, 0.024623483), (-0.13350037, 0.89212155, -0.43162134), (-0.12338328, 0.86842304, -0.48022726), (-0.1429377, 0.82958454, -0.5397763), (-0.13693894, 0.7780504, -0.613095), (-0.9998227, 0.0047739325, 0.018220523), (-0.9998227, 0.0047739325, 0.018220523), (-0.99947405, 0.02110038, 0.024623483), (-0.1429377, 0.82958454, -0.5397763), (-0.13693894, 0.7780504, -0.613095), (-0.1399041, 0.71737176, -0.6824989), (-0.9999693, -0.0078078415, -0.0007143762), (-0.9999693, -0.0078078415, -0.0007143762), (-0.9998227, 0.0047739325, 0.018220523), (-0.13693894, 0.7780504, -0.613095), (-0.1399041, 0.71737176, -0.6824989), (-0.14593516, 0.65767175, -0.7390337), (-0.9998161, -0.013954402, -0.01315076), (-0.9998161, -0.013954402, -0.01315076), (-0.9999693, -0.0078078415, -0.0007143762), (-0.1399041, 0.71737176, -0.6824989), (-0.14593516, 0.65767175, -0.7390337), (-0.13633992, 0.60473645, -0.7846689), (-0.9998451, 0.014434378, 0.010082279), (-0.9998451, 0.014434378, 0.010082279), (-0.9998161, -0.013954402, -0.01315076), (-0.14593516, 0.65767175, -0.7390337), (-0.13633992, 0.60473645, -0.7846689), (-0.124092706, 0.5096652, -0.8513769), (-0.9999141, 0.00698778, 0.011090908), (-0.9999141, 0.00698778, 0.011090908), (-0.9998451, 0.014434378, 0.010082279), (-0.13633992, 0.60473645, -0.7846689), (-0.124092706, 0.5096652, -0.8513769), (-0.14170231, 0.4397859, -0.8868534), (-0.99996024, -0.008008775, 0.003929979), (-0.99996024, -0.008008775, 0.003929979), (-0.9999141, 0.00698778, 0.011090908), (-0.124092706, 0.5096652, -0.8513769), (-0.14170231, 0.4397859, -0.8868534), (-0.14954379, 0.38095313, -0.91242063), (-0.99983495, -0.018039782, -0.002205662), (-0.99983495, -0.018039782, -0.002205662), (-0.99996024, -0.008008775, 0.003929979), (-0.14170231, 0.4397859, -0.8868534), (-0.14954379, 0.38095313, -0.91242063), (-0.14051937, 0.31702095, -0.9379511), (-0.999999, -0.00068654935, 0.0012841079), (-0.999999, -0.00068654935, 0.0012841079), (-0.99983495, -0.018039782, -0.002205662), (-0.14954379, 0.38095313, -0.91242063), (-0.14051937, 0.31702095, -0.9379511), (-0.13727428, 0.22563663, -0.9644916), (-0.9999768, 0.004878128, 0.0047538416), (-0.9999768, 0.004878128, 0.0047538416), (-0.999999, -0.00068654935, 0.0012841079), (-0.14051937, 0.31702095, -0.9379511), (-0.13727428, 0.22563663, -0.9644916), (-0.14945729, 0.17201912, -0.9736899), (-0.999947, -0.009947487, 0.0026760586), (-0.999947, -0.009947487, 0.0026760586), (-0.9999768, 0.004878128, 0.0047538416), (-0.13727428, 0.22563663, -0.9644916), (-0.14945729, 0.17201912, -0.9736899), (-0.14041938, 0.11089689, -0.983862), (-0.99999905, -0.00043552506, 0.001350284), (-0.99999905, -0.00043552506, 0.001350284), (-0.999947, -0.009947487, 0.0026760586), (-0.14945729, 0.17201912, -0.9736899), (-0.14041938, 0.11089689, -0.983862), (-0.13722154, 0.026308818, -0.990191), (-0.9999805, 0.0051710205, 0.0035217213), (-0.9999805, 0.0051710205, 0.0035217213), (-0.99999905, -0.00043552506, 0.001350284), (-0.14041938, 0.11089689, -0.983862), (-0.13722154, 0.026308818, -0.990191), (-0.14944167, -0.01743133, -0.988617), (-0.9999798, -0.0057299007, 0.0027689463), (-0.9999798, -0.0057299007, 0.0027689463), (-0.9999805, 0.0051710205, 0.0035217213), (-0.13722154, 0.026308818, -0.990191), (-0.14944167, -0.01743133, -0.988617), (-0.14042783, -0.071705654, -0.987491), (-0.99999994, -0.00029886278, -0.000006861013), (-0.99999994, -0.00029886278, -0.000006861013), (-0.9999798, -0.0057299007, 0.0027689463), (-0.14944167, -0.01743133, -0.988617), (-0.14042783, -0.071705654, -0.987491), (-0.13221155, -0.14606573, -0.9804004), (-0.999937, 0.010878057, 0.0027802177), (-0.999937, 0.010878057, 0.0027802177), (-0.99999994, -0.00029886278, -0.000006861013), (-0.14042783, -0.071705654, -0.987491), (-0.13221155, -0.14606573, -0.9804004), (-0.14143425, -0.21259576, -0.96685034), (-0.9999746, 0.0012499401, 0.007023518), (-0.9999746, 0.0012499401, 0.007023518), (-0.999937, 0.010878057, 0.0027802177), (-0.13221155, -0.14606573, -0.9804004), (-0.14143425, -0.21259576, -0.96685034), (-0.14933574, -0.26233467, -0.95335174), (-0.9999841, -0.0047030356, 0.003125966), (-0.9999841, -0.0047030356, 0.003125966), (-0.9999746, 0.0012499401, 0.007023518), (-0.14143425, -0.21259576, -0.96685034), (-0.14933574, -0.26233467, -0.95335174), (-0.14558418, -0.32785887, -0.93344194), (-0.9999855, -0.003030717, -0.0044492055), (-0.9999855, -0.003030717, -0.0044492055), (-0.9999841, -0.0047030356, 0.003125966), (-0.14933574, -0.26233467, -0.95335174), (-0.14558418, -0.32785887, -0.93344194), (-0.14030631, -0.37992314, -0.91431534), (-0.99993086, 0.0060843853, -0.01007139), (-0.99993086, 0.0060843853, -0.01007139), (-0.9999855, -0.003030717, -0.0044492055), (-0.14558418, -0.32785887, -0.93344194), (-0.14030631, -0.37992314, -0.91431534), (-0.13701086, -0.46449426, -0.8749132), (-0.9999298, 0.0071120644, -0.009477141), (-0.9999298, 0.0071120644, -0.009477141), (-0.99993086, 0.0060843853, -0.01007139), (-0.14030631, -0.37992314, -0.91431534), (-0.13701086, -0.46449426, -0.8749132), (-0.1441184, -0.50986254, -0.84809786), (-0.9999799, -0.0034781322, -0.0052972557), (-0.9999799, -0.0034781322, -0.0052972557), (-0.9999298, 0.0071120644, -0.009477141), (-0.13701086, -0.46449426, -0.8749132), (-0.1441184, -0.50986254, -0.84809786), (-0.13397041, -0.59985894, -0.7888101), (-0.9999769, -0.0055566025, 0.003932047), (-0.9999769, -0.0055566025, 0.003932047), (-0.9999799, -0.0034781322, -0.0052972557), (-0.1441184, -0.50986254, -0.84809786), (-0.13397041, -0.59985894, -0.7888101), (-0.14311747, -0.6623357, -0.73541063), (-0.9999508, -0.0006240263, 0.009906911), (-0.9999508, -0.0006240263, 0.009906911), (-0.9999769, -0.0055566025, 0.003932047), (-0.13397041, -0.59985894, -0.7888101), (-0.14311747, -0.6623357, -0.73541063), (-0.14552651, -0.7240167, -0.6742565), (-0.99966556, -0.0191094, 0.017424967), (-0.99966556, -0.0191094, 0.017424967), (-0.9999508, -0.0006240263, 0.009906911), (-0.14311747, -0.6623357, -0.73541063), (-0.14552651, -0.7240167, -0.6742565), (-0.14550547, -0.7813388, -0.6069086), (-0.99999994, -0.0002988678, -0.0000068875347), (-0.99999994, -0.0002988678, -0.0000068875347), (-0.99966556, -0.0191094, 0.017424967), (-0.14552651, -0.7240167, -0.6742565), (-0.14550547, -0.7813388, -0.6069086), (-0.14241062, -0.8286611, -0.54133177), (-0.99983674, 0.010033378, -0.015028257), (-0.99983674, 0.010033378, -0.015028257), (-0.99999994, -0.0002988678, -0.0000068875347), (-0.14550547, -0.7813388, -0.6069086), (-0.14241062, -0.8286611, -0.54133177), (-0.13422957, -0.87292105, -0.46903253), (-0.99996173, 0.008272164, -0.0028804783), (-0.99996173, 0.008272164, -0.0028804783), (-0.99983674, 0.010033378, -0.015028257), (-0.14241062, -0.8286611, -0.54133177), (-0.13422957, -0.87292105, -0.46903253), (-0.13502875, -0.9137621, -0.38315275), (-0.9999146, -0.0017360321, 0.012961746), (-0.9999146, -0.0017360321, 0.012961746), (-0.99996173, 0.008272164, -0.0028804783), (-0.13422957, -0.87292105, -0.46903253), (-0.13502875, -0.9137621, -0.38315275), (-0.14543496, -0.9370015, -0.31761125), (-0.9999768, -0.0024337757, 0.0063624186), (-0.9999768, -0.0024337757, 0.0063624186), (-0.9999146, -0.0017360321, 0.012961746), (-0.13502875, -0.9137621, -0.38315275), (-0.14543496, -0.9370015, -0.31761125), (-0.14234692, -0.9578645, -0.2494652), (-0.9998544, 0.0046362244, -0.016423708), (-0.9998544, 0.0046362244, -0.016423708), (-0.9999768, -0.0024337757, 0.0063624186), (-0.14543496, -0.9370015, -0.31761125), (-0.14234692, -0.9578645, -0.2494652), (-0.13939224, -0.97596824, -0.16749863), (-0.999975, 0.0042256434, -0.0056818533), (-0.999975, 0.0042256434, -0.0056818533), (-0.9998544, 0.0046362244, -0.016423708), (-0.14234692, -0.9578645, -0.2494652), (-0.13939224, -0.97596824, -0.16749863), (-0.14539713, -0.9839199, -0.10373764), (-0.9999637, -0.0064223977, 0.0056100553), (-0.9999637, -0.0064223977, 0.0056100553), (-0.999975, 0.0042256434, -0.0056818533), (-0.13939224, -0.97596824, -0.16749863), (-0.14539713, -0.9839199, -0.10373764), (-0.14538684, -0.9886194, -0.038658686), (-0.9999347, -0.0056443745, 0.009944347), (-0.9999347, -0.0056443745, 0.009944347), (-0.9999637, -0.0064223977, 0.0056100553), (-0.14539713, -0.9839199, -0.10373764), (-0.14538684, -0.9886194, -0.038658686), (-0.14537802, -0.9892252, 0.017290168), (-0.9999938, -0.0012020416, -0.0033055583), (-0.9999938, -0.0012020416, -0.0033055583), (-0.9999347, -0.0056443745, 0.009944347), (-0.14538684, -0.9886194, -0.038658686), (-0.14537802, -0.9892252, 0.017290168), (-0.14724974, -0.98593485, 0.07905689), (-0.9999408, -0.0030585225, -0.010443064), (-0.9999408, -0.0030585225, -0.010443064), (-0.9999938, -0.0012020416, -0.0033055583), (-0.14537802, -0.9892252, 0.017290168), (-0.14724974, -0.98593485, 0.07905689), (-0.14910018, -0.98091346, 0.124811426), (-0.9999179, 0.0059332857, 0.011361948), (-0.9999179, 0.0059332857, 0.011361948), (-0.9999408, -0.0030585225, -0.010443064), (-0.14724974, -0.98593485, 0.07905689), (-0.14910018, -0.98091346, 0.124811426), (-0.14537348, -0.9725521, 0.18168406), (-0.999926, 0.007835459, 0.009319144), (-0.999926, 0.007835459, 0.009319144), (-0.9999179, 0.0059332857, 0.011361948), (-0.14910018, -0.98091346, 0.124811426), (-0.14537348, -0.9725521, 0.18168406), (-0.14537597, -0.9614353, 0.23346968), (-0.9999848, 0.005328464, -0.001433612), (-0.9999848, 0.005328464, -0.001433612), (-0.999926, 0.007835459, 0.009319144), (-0.14537348, -0.9725521, 0.18168406), (-0.14537597, -0.9614353, 0.23346968), (-0.14537895, -0.9478203, 0.28372833), (-0.9998829, -0.0041263737, -0.014744037), (-0.9998829, -0.0041263737, -0.014744037), (-0.9999848, 0.005328464, -0.001433612), (-0.14537597, -0.9614353, 0.23346968), (-0.14537895, -0.9478203, 0.28372833), (-0.14538155, -0.9319686, 0.33211282), (-0.9998044, 0.007232972, 0.018408816), (-0.9998044, 0.007232972, 0.018408816), (-0.9998829, -0.0041263737, -0.014744037), (-0.14537895, -0.9478203, 0.28372833), (-0.14538155, -0.9319686, 0.33211282), (-0.1401581, -0.92017937, 0.3655486), (-0.9999115, 0.0040743607, -0.012666408), (-0.9999115, 0.0040743607, -0.012666408), (-0.9998044, 0.007232972, 0.018408816), (-0.14538155, -0.9319686, 0.33211282), (-0.1401581, -0.92017937, 0.3655486), (-0.13864009, -0.88837904, 0.43767753), (-0.9999697, -0.005799473, -0.0051998654), (-0.9999697, -0.005799473, -0.0051998654), (-0.9999115, 0.0040743607, -0.012666408), (-0.1401581, -0.92017937, 0.3655486), (-0.13864009, -0.88837904, 0.43767753), (-0.13486524, -0.8607149, 0.49089858), (-0.99925715, -0.0018020004, 0.038495988), (-0.99925715, -0.0018020004, 0.038495988), (-0.9999697, -0.005799473, -0.0051998654), (-0.13864009, -0.88837904, 0.43767753), (-0.10487908, -0.85554284, 0.50699806), (-0.99925715, -0.0018020004, 0.038495988), (-0.13486524, -0.8607149, 0.49089858), (-0.13486524, -0.8607149, 0.49089858), (-0.13345855, -0.8029796, 0.5808724), (-0.9995972, -0.027623825, -0.006520435), (-0.9995972, -0.027623825, -0.006520435), (-0.10487908, -0.85554284, 0.50699806), (-0.13486524, -0.8607149, 0.49089858), (-0.088434294, -0.7840776, 0.61433035), (-0.9995972, -0.027623825, -0.006520435), (-0.13345855, -0.8029796, 0.5808724), (-0.13345855, -0.8029796, 0.5808724), (-0.005171666, 0.013631311, 0.9998938), (-0.9996689, -0.002469543, -0.025613122), (-0.9996689, -0.002469543, -0.025613122), (-0.088434294, -0.7840776, 0.61433035), (-0.13345855, -0.8029796, 0.5808724), (0.1251749, 0.03676889, 0.99145323), (-0.9996689, -0.002469543, -0.025613122), (-0.005171666, 0.013631311, 0.9998938), (-0.005171666, 0.013631311, 0.9998938), (-0.14591286, 0.98921865, -0.012489271), (-0.9999995, -0.0008922044, 0.0004913814), (-0.9999995, -0.0008922044, 0.0004913814), (0.1251749, 0.03676889, 0.99145323), (-0.005171666, 0.013631311, 0.9998938), (-0.14591286, 0.98921865, -0.012489271), (-0.14591289, 0.98921865, -0.012489271), (-0.99999994, -0.00029881494, -0.0000069120556), (-0.99999994, -0.00029881494, -0.0000069120556), (-0.9999995, -0.0008922044, 0.0004913814), (-0.14591286, 0.98921865, -0.012489271), (-0.14591289, 0.98921865, -0.012489271), (-0.14532189, -0.9893057, 0.012487273), (-0.99999994, -0.00029887102, -0.000006916922), (-0.99999994, -0.00029887102, -0.000006916922), (-0.99999994, -0.00029881494, -0.0000069120556), (-0.14591289, 0.98921865, -0.012489271), (-0.14532189, -0.9893057, 0.012487273), (-0.00029870388, 0.9999203, -0.012622818), (-0.99999875, -0.000037011847, 0.0016045035), (-0.99999875, -0.000037011847, 0.0016045035), (-0.99999994, -0.00029887102, -0.000006916922), (-0.14532189, -0.9893057, 0.012487273), (-0.00029870388, 0.9999203, -0.012622818), (-0.20677891, 0.3301307, -0.9210084), (-0.9999286, -0.008672339, 0.008231406), (-0.9999286, -0.008672339, 0.008231406), (-0.99999875, -0.000037011847, 0.0016045035), (-0.00029870388, 0.9999203, -0.012622818), (-0.9998183, -0.004941117, 0.018411942), (-0.9999286, -0.008672339, 0.008231406), (-0.20677891, 0.3301307, -0.9210084), (-0.20677891, 0.3301307, -0.9210084), (-0.14999853, 0.8190462, -0.5537723), (-0.9998183, -0.004941117, 0.018411942), (-0.14999853, 0.8190462, -0.5537723), (-0.14180289, 0.9327467, -0.33147496), (-0.9998603, -0.0054635527, -0.015800977), (-0.9998603, -0.0054635527, -0.015800977), (-0.9998183, -0.004941117, 0.018411942), (-0.14999853, 0.8190462, -0.5537723), (-0.05182776, 0.9984298, -0.021258151), (-0.9998603, -0.0054635527, -0.015800977), (-0.14180289, 0.9327467, -0.33147496), (-0.14180289, 0.9327467, -0.33147496), (-0.1430665, 0.9518752, -0.27104527), (-0.99998575, 0.0005094986, 0.0053264652), (-0.99998575, 0.0005094986, 0.0053264652), (-0.05182776, 0.9984298, -0.021258151), (-0.14180289, 0.9327467, -0.33147496), (-0.05101898, 0.9984847, 0.020630881), (-0.99998575, 0.0005094986, 0.0053264652), (-0.1430665, 0.9518752, -0.27104527), (-0.1430665, 0.9518752, -0.27104527), (-0.14320327, 0.9735362, -0.17810172), (-0.99988335, -0.00065060257, -0.015262402), (-0.99988335, -0.00065060257, -0.015262402), (-0.05101898, 0.9984847, 0.020630881), (-0.1430665, 0.9518752, -0.27104527), (-0.050465062, 0.99236315, 0.112555414), (-0.99988335, -0.00065060257, -0.015262402), (-0.14320327, 0.9735362, -0.17810172), (-0.14320327, 0.9735362, -0.17810172), (-0.13754961, 0.98709434, -0.082005136), (-0.9998959, 0.007736071, 0.012188854), (-0.9998959, 0.007736071, 0.012188854), (-0.050465062, 0.99236315, 0.112555414), (-0.14320327, 0.9735362, -0.17810172), (-0.048930507, 0.97568333, 0.21365388), (-0.9998959, 0.007736071, 0.012188854), (-0.13754961, 0.98709434, -0.082005136), (-0.13754961, 0.98709434, -0.082005136), (-0.13361719, 0.9907051, 0.025497003), (-0.9999988, 0.0010943981, 0.0010590185), (-0.9999988, 0.0010943981, 0.0010590185), (-0.048930507, 0.97568333, 0.21365388), (-0.13754961, 0.98709434, -0.082005136), (-0.048026573, 0.9470038, 0.3176118), (-0.9999988, 0.0010943981, 0.0010590185), (-0.13361719, 0.9907051, 0.025497003), (-0.13361719, 0.9907051, 0.025497003), (-0.15407589, 0.9875985, 0.030168394), (-0.9999674, -0.0030361235, 0.0074839126), (-0.9999674, -0.0030361235, 0.0074839126), (-0.048026573, 0.9470038, 0.3176118), (-0.13361719, 0.9907051, 0.025497003), (-0.15407589, 0.9875985, 0.030168394), (-0.13492735, 0.9843376, 0.11346392), (-0.9999591, -0.0073568383, 0.0052724355), (-0.9999591, -0.0073568383, 0.0052724355), (-0.9999674, -0.0030361235, 0.0074839126), (-0.15407589, 0.9875985, 0.030168394), (-0.13492735, 0.9843376, 0.11346392), (-0.14501555, 0.9613547, 0.234025), (-0.9999999, -0.00062710035, 0.000027596792), (-0.9999999, -0.00062710035, 0.000027596792), (-0.9999591, -0.0073568383, 0.0052724355), (-0.13492735, 0.9843376, 0.11346392), (-0.14501555, 0.9613547, 0.234025), (-0.15768307, 0.90259105, 0.40058136), (-0.9999006, 0.0044895825, -0.013369935), (-0.9999006, 0.0044895825, -0.013369935), (-0.9999999, -0.00062710035, 0.000027596792), (-0.14501555, 0.9613547, 0.234025), (-0.9999725, -0.0012289105, 0.0073040896), (-0.9999006, 0.0044895825, -0.013369935), (-0.15768307, 0.90259105, 0.40058136), (-0.15768307, 0.90259105, 0.40058136), (-0.14615501, 0.8295707, 0.53893507), (-0.9999611, 0.002502189, 0.008459873), (-0.9999611, 0.002502189, 0.008459873), (-0.9999725, -0.0012289105, 0.0073040896), (-0.15768307, 0.90259105, 0.40058136), (-0.14615501, 0.8295707, 0.53893507), (-0.14607719, 0.73635626, 0.6606368), (-0.9999567, 0.006562749, -0.0066102827), (-0.9999567, 0.006562749, -0.0066102827), (-0.9999611, 0.002502189, 0.008459873), (-0.14615501, 0.8295707, 0.53893507), (-0.14607719, 0.73635626, 0.6606368), (-0.14607428, 0.646718, 0.7486109), (-0.9999084, -0.008080959, 0.010865535), (-0.9999084, -0.008080959, 0.010865535), (-0.9999567, 0.006562749, -0.0066102827), (-0.14607719, 0.73635626, 0.6606368), (-0.14607428, 0.646718, 0.7486109), (-0.13886167, 0.5299511, 0.83658195), (-0.9999611, -0.0024059142, 0.008502779), (-0.9999611, -0.0024059142, 0.008502779), (-0.9999084, -0.008080959, 0.010865535), (-0.14607428, 0.646718, 0.7486109), (-0.13886167, 0.5299511, 0.83658195), (-0.1289432, 0.44033274, 0.88852733), (-0.9999556, -0.009223171, 0.0019508325), (-0.9999556, -0.009223171, 0.0019508325), (-0.9999611, -0.0024059142, 0.008502779), (-0.13886167, 0.5299511, 0.83658195), (-0.1289432, 0.44033274, 0.88852733), (-0.14180748, 0.33579862, 0.9311981), (-0.9999167, 0.008529932, -0.009697697), (-0.9999167, 0.008529932, -0.009697697), (-0.9999556, -0.009223171, 0.0019508325), (-0.1289432, 0.44033274, 0.88852733), (-0.14180748, 0.33579862, 0.9311981), (-0.14953905, 0.2272336, 0.9622905), (-0.99998814, 0.003862713, -0.0029774639), (-0.99998814, 0.003862713, -0.0029774639), (-0.9999167, 0.008529932, -0.009697697), (-0.14180748, 0.33579862, 0.9311981), (-0.14953905, 0.2272336, 0.9622905), (-0.14577727, 0.14401747, 0.97877884), (-0.9999814, 0.004840205, 0.003700332), (-0.9999814, 0.004840205, 0.003700332), (-0.99998814, 0.003862713, -0.0029774639), (-0.14953905, 0.2272336, 0.9622905), (-0.14577727, 0.14401747, 0.97877884), (-0.14572814, 0.06810179, 0.986978), (-0.9999978, -0.00012445726, 0.0021359832), (-0.9999978, -0.00012445726, 0.0021359832), (-0.9999814, 0.004840205, 0.003700332), (-0.14577727, 0.14401747, 0.97877884), (-0.14572814, 0.06810179, 0.986978), (-0.14569944, 0.0012210394, 0.9893282), (-0.9999924, -0.00024180618, 0.00392371), (-0.9999924, -0.00024180618, 0.00392371), (-0.9999978, -0.00012445726, 0.0021359832), (-0.14572814, 0.06810179, 0.986978), (-0.14569944, 0.0012210394, 0.9893282), (-0.14569864, -0.0725627, 0.9866644), (-0.9999843, 0.005157639, 0.0022294777), (-0.9999843, 0.005157639, 0.0022294777), (-0.9999924, -0.00024180618, 0.00392371), (-0.14569944, 0.0012210394, 0.9893282), (-0.14569864, -0.0725627, 0.9866644), (-0.14570624, -0.15660281, 0.97685486), (-0.99998397, -0.0052031167, 0.002273093), (-0.99998397, -0.0052031167, 0.002273093), (-0.9999843, 0.005157639, 0.0022294777), (-0.14569864, -0.0725627, 0.9866644), (-0.14570624, -0.15660281, 0.97685486), (-0.14571641, -0.25123033, 0.9568962), (-0.9999803, 0.0052211285, 0.003496585), (-0.9999803, 0.0052211285, 0.003496585), (-0.99998397, -0.0052031167, 0.002273093), (-0.14570624, -0.15660281, 0.97685486), (-0.14571641, -0.25123033, 0.9568962), (-0.1457272, -0.35526705, 0.9233358), (-0.99994993, -0.0099946335, 0.00053377013), (-0.99994993, -0.0099946335, 0.00053377013), (-0.9999803, 0.0052211285, 0.003496585), (-0.14571641, -0.25123033, 0.9568962), (-0.1457272, -0.35526705, 0.9233358), (-0.14573868, -0.46563238, 0.8728956), (-0.9999703, -0.0037586126, 0.0067284196), (-0.9999703, -0.0037586126, 0.0067284196), (-0.99994993, -0.0099946335, 0.00053377013), (-0.1457272, -0.35526705, 0.9233358), (-0.14573868, -0.46563238, 0.8728956), (-0.1564409, -0.5928589, 0.7899649), (-0.99999106, 0.0028669252, 0.003120225), (-0.99999106, 0.0028669252, 0.003120225), (-0.9999703, -0.0037586126, 0.0067284196), (-0.14573868, -0.46563238, 0.8728956), (-0.1564409, -0.5928589, 0.7899649), (-0.16983148, -0.7358258, 0.65552855), (-0.9999132, -0.010671804, -0.0077278134), (-0.9999132, -0.010671804, -0.0077278134), (-0.99999106, 0.0028669252, 0.003120225), (-0.1564409, -0.5928589, 0.7899649), (-0.9999501, 0.0028869195, 0.00955913), (-0.9999132, -0.010671804, -0.0077278134), (-0.16983148, -0.7358258, 0.65552855), (-0.16983148, -0.7358258, 0.65552855), (-0.16358829, -0.85871524, 0.48564103), (-0.9995148, 0.025113096, 0.018427799), (-0.9995148, 0.025113096, 0.018427799), (-0.9999501, 0.0028869195, 0.00955913), (-0.16983148, -0.7358258, 0.65552855), (-0.9997688, 0.01935727, -0.009363765), (-0.9995148, 0.025113096, 0.018427799), (-0.16358829, -0.85871524, 0.48564103), (-0.16358829, -0.85871524, 0.48564103), (-0.1410637, -0.9370727, 0.31936818), (-0.9991598, -0.00021818111, -0.040985364), (-0.9991598, -0.00021818111, -0.040985364), (-0.9997688, 0.01935727, -0.009363765), (-0.16358829, -0.85871524, 0.48564103), (-0.1410637, -0.9370727, 0.31936818), (-0.13702363, -0.96863, 0.20731756), (-0.99997556, -0.0021193302, -0.00666783), (-0.99997556, -0.0021193302, -0.00666783), (-0.9991598, -0.00021818111, -0.040985364), (-0.1410637, -0.9370727, 0.31936818), (-0.13702363, -0.96863, 0.20731756), (-0.1270475, -0.9912234, 0.03654028), (-0.99946475, 0.003957344, 0.03247321), (-0.99946475, 0.003957344, 0.03247321), (-0.99997556, -0.0021193302, -0.00666783), (-0.13702363, -0.96863, 0.20731756), (-0.1270475, -0.9912234, 0.03654028), (-0.091029055, -0.9926162, -0.080169074), (-0.119315065, -0.992187, 0.03645342), (-0.119315065, -0.992187, 0.03645342), (-0.99946475, 0.003957344, 0.03247321), (-0.1270475, -0.9912234, 0.03654028), (-0.99994254, -0.0089641, 0.005893114), (-0.119315065, -0.992187, 0.03645342), (-0.091029055, -0.9926162, -0.080169074), (-0.091029055, -0.9926162, -0.080169074), (-0.055228572, -0.9520634, -0.30087426), (-0.07705812, -0.96743953, -0.24108659), (-0.07705812, -0.96743953, -0.24108659), (-0.99994254, -0.0089641, 0.005893114), (-0.091029055, -0.9926162, -0.080169074), (-0.99982923, -0.008389494, -0.016469928), (-0.07705812, -0.96743953, -0.24108659), (-0.055228572, -0.9520634, -0.30087426), (-0.055228572, -0.9520634, -0.30087426), (-0.055212338, -0.87833947, -0.4748384), (-0.08167808, -0.9028205, -0.42218927), (-0.08167808, -0.9028205, -0.42218927), (-0.99982923, -0.008389494, -0.016469928), (-0.055228572, -0.9520634, -0.30087426), (-0.9999766, -0.006835508, -0.00052995095), (-0.08167808, -0.9028205, -0.42218927), (-0.055212338, -0.87833947, -0.4748384), (-0.055212338, -0.87833947, -0.4748384), (-0.054162804, -0.7678565, -0.6383282), (-0.080340095, -0.8026577, -0.5910042), (-0.080340095, -0.8026577, -0.5910042), (-0.9999766, -0.006835508, -0.00052995095), (-0.055212338, -0.87833947, -0.4748384), (-0.9999268, -0.00041841596, -0.012091281), (-0.080340095, -0.8026577, -0.5910042), (-0.054162804, -0.7678565, -0.6383282), (-0.054162804, -0.7678565, -0.6383282), (-0.05470467, -0.6249778, -0.7787235), (-0.07762205, -0.6718813, -0.7365801), (-0.07762205, -0.6718813, -0.7365801), (-0.9999268, -0.00041841596, -0.012091281), (-0.054162804, -0.7678565, -0.6383282), (-0.9997393, 0.020192474, 0.010663581), (-0.07762205, -0.6718813, -0.7365801), (-0.05470467, -0.6249778, -0.7787235), (-0.05470467, -0.6249778, -0.7787235), (-0.05900217, -0.4615891, -0.88512963), (-0.08278147, -0.6420522, -0.7621787), (-0.08278147, -0.6420522, -0.7621787), (-0.9997393, 0.020192474, 0.010663581), (-0.05470467, -0.6249778, -0.7787235), (-0.9999172, -0.00635455, 0.011189237), (-0.08278147, -0.6420522, -0.7621787), (-0.05900217, -0.4615891, -0.88512963), (-0.05900217, -0.4615891, -0.88512963), (-0.055348154, -0.5536441, -0.830912), (-0.06366476, -0.46260002, -0.88427836), (-0.06366476, -0.46260002, -0.88427836), (-0.9999172, -0.00635455, 0.011189237), (-0.05900217, -0.4615891, -0.88512963), (-0.055348154, -0.5536441, -0.830912), (-0.21875015, -0.9618096, 0.16453221), (-0.9996468, -0.026382366, 0.0032154662), (-0.9996468, -0.026382366, 0.0032154662), (-0.06366476, -0.46260002, -0.88427836), (-0.055348154, -0.5536441, -0.830912), (-0.15131865, -0.8279797, 0.5399559), (-0.11941817, -0.92394423, 0.36340967), (-0.1427816, -0.92915785, 0.34099743), (-0.1427816, -0.92915785, 0.34099743), (-0.15691936, -0.86846083, 0.47026813), (-0.15131865, -0.8279797, 0.5399559), (-0.11941817, -0.92394423, 0.36340967), (-0.08879569, -0.9580316, 0.27256376), (-0.1427816, -0.92915785, 0.34099743), (-0.9996201, -0.011504774, 0.025049672), (-0.1427816, -0.92915785, 0.34099743), (-0.08879569, -0.9580316, 0.27256376), (-0.08879569, -0.9580316, 0.27256376), (-0.015351327, -0.94293344, 0.33262762), (-0.02477854, -0.9211883, 0.3883274), (-0.02477854, -0.9211883, 0.3883274), (-0.9996201, -0.011504774, 0.025049672), (-0.08879569, -0.9580316, 0.27256376), (-0.99964327, 0.026637545, -0.0019441807), (-0.02477854, -0.9211883, 0.3883274), (-0.015351327, -0.94293344, 0.33262762), (-0.015351327, -0.94293344, 0.33262762), (-0.064313546, -0.938281, 0.33984223), (-0.01786633, -0.92363393, 0.38285923), (-0.01786633, -0.92363393, 0.38285923), (-0.99964327, 0.026637545, -0.0019441807), (-0.015351327, -0.94293344, 0.33262762), (-0.99915045, -0.005434848, 0.040851668), (-0.01786633, -0.92363393, 0.38285923), (-0.064313546, -0.938281, 0.33984223), (-0.064313546, -0.938281, 0.33984223), (-0.12616748, -0.96494883, 0.23012108), (-0.99915045, -0.005434848, 0.040851668), (-0.00029870388, 0.9999203, -0.012622818), (-0.99915045, -0.005434848, 0.040851668), (-0.12616748, -0.96494883, 0.23012108), (-0.12616748, -0.96494883, 0.23012108), (0.012296337, -0.2939772, -0.95573336), (-0.00029870388, 0.9999203, -0.012622818), (0.012296337, -0.2939772, -0.95573336), (-0.16417894, 0.031058937, -0.9859416), (-0.99901056, 0.017401071, 0.040928356), (-0.99901056, 0.017401071, 0.040928356), (-0.00029870388, 0.9999203, -0.012622818), (0.012296337, -0.2939772, -0.95573336), (-0.9995301, 0.016916178, 0.025565496), (-0.99901056, 0.017401071, 0.040928356), (-0.16417894, 0.031058937, -0.9859416), (-0.16417894, 0.031058937, -0.9859416), (-0.14398599, 0.07350441, -0.986846), (-0.9995301, 0.016916178, 0.025565496), (-0.99955785, 0.024312953, 0.017118156), (-0.9995301, 0.016916178, 0.025565496), (-0.14398599, 0.07350441, -0.986846), (-0.14398599, 0.07350441, -0.986846), (-0.1111846, 0.19192252, -0.97509176), (-0.99955785, 0.024312953, 0.017118156), (-0.010789327, 0.34155333, -0.93980056), (-0.99955785, 0.024312953, 0.017118156), (-0.1111846, 0.19192252, -0.97509176), (-0.99995494, 0.0036775935, 0.008752179), (-0.010789327, 0.34155333, -0.93980056), (-0.1111846, 0.19192252, -0.97509176), (-0.1111846, 0.19192252, -0.97509176), (-0.14472063, 0.5508637, -0.82195204), (-0.99995494, 0.0036775935, 0.008752179), (-0.99625045, -0.07712288, 0.039207302), (-0.99995494, 0.0036775935, 0.008752179), (-0.14472063, 0.5508637, -0.82195204), (-0.14472063, 0.5508637, -0.82195204), (-0.13746251, 0.7683182, -0.62513304), (-0.99625045, -0.07712288, 0.039207302), (-0.00029870388, 0.9999203, -0.012622818), (-0.99625045, -0.07712288, 0.039207302), (-0.13746251, 0.7683182, -0.62513304), (-0.13746251, 0.7683182, -0.62513304), (-0.1453491, 0.88261694, -0.44705817), (-0.00029870388, 0.9999203, -0.012622818), (-0.9991873, -0.0056151077, -0.0399174), (-0.00029870388, 0.9999203, -0.012622818), (-0.1453491, 0.88261694, -0.44705817), (-0.1453491, 0.88261694, -0.44705817), (-0.15752812, 0.97433263, -0.16081318), (-0.9991873, -0.0056151077, -0.0399174), (-0.99982446, 0.01855883, -0.002557918), (-0.9991873, -0.0056151077, -0.0399174), (-0.15752812, 0.97433263, -0.16081318), (-0.15752812, 0.97433263, -0.16081318), (-0.12860829, 0.9817775, 0.13990313), (-0.99982363, 0.0039899247, 0.01835673), (-0.99982363, 0.0039899247, 0.01835673), (-0.99982446, 0.01855883, -0.002557918), (-0.15752812, 0.97433263, -0.16081318), (-0.12860829, 0.9817775, 0.13990313), (-0.13006131, 0.8830375, 0.45091993), (-0.9995964, -0.018775988, -0.021320552), (-0.9995964, -0.018775988, -0.021320552), (-0.99982363, 0.0039899247, 0.01835673), (-0.12860829, 0.9817775, 0.13990313), (-0.13006131, 0.8830375, 0.45091993), (-0.13967267, 0.66211486, 0.7362713), (-0.99983495, -0.018030204, 0.0022413565), (-0.99983495, -0.018030204, 0.0022413565), (-0.9995964, -0.018775988, -0.021320552), (-0.13006131, 0.8830375, 0.45091993), (-0.13967267, 0.66211486, 0.7362713), (-0.14511043, 0.3705848, 0.91739297), (-0.99985075, 0.005596821, -0.016346278), (-0.99985075, 0.005596821, -0.016346278), (-0.99983495, -0.018030204, 0.0022413565), (-0.13967267, 0.66211486, 0.7362713), (-0.99984246, -0.017088892, -0.0048066084), (-0.99985075, 0.005596821, -0.016346278), (-0.14511043, 0.3705848, 0.91739297), (-0.14511043, 0.3705848, 0.91739297), (-0.14570525, -0.022213388, 0.9890787), (-0.99984246, -0.017088892, -0.0048066084), (-0.9999897, -0.0040742126, -0.0020119697), (-0.99984246, -0.017088892, -0.0048066084), (-0.14570525, -0.022213388, 0.9890787), (-0.14570525, -0.022213388, 0.9890787), (-0.15278856, -0.4899232, 0.8582721), (-0.9999897, -0.0040742126, -0.0020119697), (-0.9996866, 0.025029402, 0.00048126624), (-0.9999897, -0.0040742126, -0.0020119697), (-0.15278856, -0.4899232, 0.8582721), (-0.15278856, -0.4899232, 0.8582721), (-0.15131865, -0.8279797, 0.5399559), (-0.9996866, 0.025029402, 0.00048126624), (-0.15691936, -0.86846083, 0.47026813), (-0.9996866, 0.025029402, 0.00048126624), (-0.15131865, -0.8279797, 0.5399559), (-0.17194606, 0.9146813, -0.3657768), (-0.99983835, 0.012198691, -0.013212847), (-0.1623429, 0.66530776, -0.72870463), (-0.1623429, 0.66530776, -0.72870463), (-0.1357349, 0.94026893, -0.31220254), (-0.17194606, 0.9146813, -0.3657768), (-0.9987418, 0.04800312, -0.0145109985), (-0.17194606, 0.9146813, -0.3657768), (-0.1357349, 0.94026893, -0.31220254), (-0.1357349, 0.94026893, -0.31220254), (-0.13552377, 0.95565546, -0.26144964), (-0.1281634, 0.9590587, -0.2525483), (-0.1281634, 0.9590587, -0.2525483), (-0.9987418, 0.04800312, -0.0145109985), (-0.1357349, 0.94026893, -0.31220254), (-0.99870515, -0.014241687, 0.04883857), (-0.1281634, 0.9590587, -0.2525483), (-0.13552377, 0.95565546, -0.26144964), (-0.13552377, 0.95565546, -0.26144964), (-0.13085392, 0.9748913, -0.1801785), (-0.99983615, 0.013835496, -0.011683964), (-0.99983615, 0.013835496, -0.011683964), (-0.99870515, -0.014241687, 0.04883857), (-0.13552377, 0.95565546, -0.26144964), (-0.13085392, 0.9748913, -0.1801785), (-0.12019205, 0.9684248, -0.21842009), (-0.12471062, 0.9687343, -0.21447898), (-0.12471062, 0.9687343, -0.21447898), (-0.99983615, 0.013835496, -0.011683964), (-0.13085392, 0.9748913, -0.1801785), (-0.9975334, 0.053119406, -0.045886382), (-0.12471062, 0.9687343, -0.21447898), (-0.12019205, 0.9684248, -0.21842009), (-0.12019205, 0.9684248, -0.21842009), (-0.0907657, 0.97196615, -0.21689509), (-0.13136911, 0.9624805, -0.23743099), (-0.13136911, 0.9624805, -0.23743099), (-0.9975334, 0.053119406, -0.045886382), (-0.12019205, 0.9684248, -0.21842009), (-0.99829185, 0.041237414, 0.04138619), (-0.13136911, 0.9624805, -0.23743099), (-0.0907657, 0.97196615, -0.21689509), (-0.0907657, 0.97196615, -0.21689509), (-0.047705702, 0.94167733, -0.3331186), (-0.078098424, 0.9510949, -0.29886314), (-0.078098424, 0.9510949, -0.29886314), (-0.99829185, 0.041237414, 0.04138619), (-0.0907657, 0.97196615, -0.21689509), (-0.9991202, -0.0039048844, 0.041757587), (-0.078098424, 0.9510949, -0.29886314), (-0.047705702, 0.94167733, -0.3331186), (-0.047705702, 0.94167733, -0.3331186), (-0.05719218, 0.8497528, -0.52407014), (-0.06618506, 0.9253733, -0.37323427), (-0.06618506, 0.9253733, -0.37323427), (-0.9991202, -0.0039048844, 0.041757587), (-0.047705702, 0.94167733, -0.3331186), (-0.99997425, -0.003200426, -0.006440575), (-0.06618506, 0.9253733, -0.37323427), (-0.05719218, 0.8497528, -0.52407014), (-0.05719218, 0.8497528, -0.52407014), (-0.13779116, 0.79532224, -0.59031874), (-0.99997425, -0.003200426, -0.006440575), (-0.99999726, 0.00050375203, 0.0023000464), (-0.99997425, -0.003200426, -0.006440575), (-0.13779116, 0.79532224, -0.59031874), (-0.13779116, 0.79532224, -0.59031874), (-0.13337465, 0.63946605, -0.75716203), (-0.99999726, 0.00050375203, 0.0023000464), (-0.9999952, -0.0031266846, 0.00025738426), (-0.99999726, 0.00050375203, 0.0023000464), (-0.13337465, 0.63946605, -0.75716203), (-0.13337465, 0.63946605, -0.75716203), (-0.13126488, 0.42836452, -0.894021), (-0.9999952, -0.0031266846, 0.00025738426), (-0.99999344, -0.0036410356, 0.0001256573), (-0.9999952, -0.0031266846, 0.00025738426), (-0.13126488, 0.42836452, -0.894021), (-0.13126488, 0.42836452, -0.894021), (-0.13764991, 0.21675545, -0.96647274), (-0.99999344, -0.0036410356, 0.0001256573), (-0.9993682, -0.035539664, -0.00049605675), (-0.99999344, -0.0036410356, 0.0001256573), (-0.13764991, 0.21675545, -0.96647274), (-0.13764991, 0.21675545, -0.96647274), (-0.14560723, -0.00032806856, -0.98934245), (-0.9993682, -0.035539664, -0.00049605675), (-0.14560723, -0.00032806856, -0.98934245), (-0.13098931, -0.077250704, -0.9883695), (-0.9998293, -0.012157824, -0.013911797), (-0.9998293, -0.012157824, -0.013911797), (-0.9993682, -0.035539664, -0.00049605675), (-0.14560723, -0.00032806856, -0.98934245), (-0.06151616, 0.22320025, -0.97282964), (-0.9998293, -0.012157824, -0.013911797), (-0.13098931, -0.077250704, -0.9883695), (-0.13098931, -0.077250704, -0.9883695), (-0.13361026, -0.28631908, -0.9487728), (-0.99988675, 0.0023364953, -0.014867142), (-0.99988675, 0.0023364953, -0.014867142), (-0.06151616, 0.22320025, -0.97282964), (-0.13098931, -0.077250704, -0.9883695), (-0.06137952, 0.0043131416, -0.99810517), (-0.99988675, 0.0023364953, -0.014867142), (-0.13361026, -0.28631908, -0.9487728), (-0.13361026, -0.28631908, -0.9487728), (-0.13099776, -0.5136358, -0.84794927), (-0.9998072, -0.00023187602, -0.019634278), (-0.9998072, -0.00023187602, -0.019634278), (-0.06137952, 0.0043131416, -0.99810517), (-0.13361026, -0.28631908, -0.9487728), (-0.06225453, -0.2394645, -0.9689071), (-0.9998072, -0.00023187602, -0.019634278), (-0.13099776, -0.5136358, -0.84794927), (-0.13099776, -0.5136358, -0.84794927), (-0.1270889, -0.7045766, -0.69815487), (-0.9999247, 0.0006125509, -0.012260407), (-0.9999247, 0.0006125509, -0.012260407), (-0.06225453, -0.2394645, -0.9689071), (-0.13099776, -0.5136358, -0.84794927), (-0.060974453, -0.48233745, -0.87386096), (-0.9999247, 0.0006125509, -0.012260407), (-0.1270889, -0.7045766, -0.69815487), (-0.1270889, -0.7045766, -0.69815487), (-0.13251473, -0.90102553, -0.41302902), (-0.9997009, -0.021394668, 0.011853488), (-0.9997009, -0.021394668, 0.011853488), (-0.060974453, -0.48233745, -0.87386096), (-0.1270889, -0.7045766, -0.69815487), (-0.11195154, -0.9059862, -0.4082353), (-0.9997009, -0.021394668, 0.011853488), (-0.13251473, -0.90102553, -0.41302902), (-0.13251473, -0.90102553, -0.41302902), (-0.12852326, -0.9714932, -0.19920525), (-0.99951404, -0.030355582, 0.007079704), (-0.99951404, -0.030355582, 0.007079704), (-0.11195154, -0.9059862, -0.4082353), (-0.13251473, -0.90102553, -0.41302902), (-0.109170616, -0.9767753, -0.18436895), (-0.99951404, -0.030355582, 0.007079704), (-0.12852326, -0.9714932, -0.19920525), (-0.12852326, -0.9714932, -0.19920525), (-0.14622463, -0.9880881, -0.047962703), (-0.9991732, -0.025189284, -0.031913936), (-0.9991732, -0.025189284, -0.031913936), (-0.109170616, -0.9767753, -0.18436895), (-0.12852326, -0.9714932, -0.19920525), (-0.9994883, -0.00665086, -0.03128965), (-0.9991732, -0.025189284, -0.031913936), (-0.14622463, -0.9880881, -0.047962703), (-0.14622463, -0.9880881, -0.047962703), (-0.13931388, -0.9873811, 0.07530064), (-0.9994883, -0.00665086, -0.03128965), (-0.00029870388, 0.9999203, -0.012622818), (-0.9994883, -0.00665086, -0.03128965), (-0.13931388, -0.9873811, 0.07530064), (-0.13931388, -0.9873811, 0.07530064), (-0.13067558, -0.9694403, 0.20762843), (-0.00029870388, 0.9999203, -0.012622818), (-0.999719, 0.016379675, 0.017139724), (-0.00029870388, 0.9999203, -0.012622818), (-0.13067558, -0.9694403, 0.20762843), (-0.13067558, -0.9694403, 0.20762843), (-0.13053529, -0.93870705, 0.31904516), (-0.999719, 0.016379675, 0.017139724), (-0.00029870388, 0.9999203, -0.012622818), (-0.999719, 0.016379675, 0.017139724), (-0.13053529, -0.93870705, 0.31904516), (-0.13053529, -0.93870705, 0.31904516), (-0.13239536, -0.89419967, 0.42764288), (-0.00029870388, 0.9999203, -0.012622818), (-0.9996098, 0.0085852565, -0.026579821), (-0.00029870388, 0.9999203, -0.012622818), (-0.13239536, -0.89419967, 0.42764288), (-0.13239536, -0.89419967, 0.42764288), (-0.1355047, -0.84045184, 0.5246706), (-0.9996098, 0.0085852565, -0.026579821), (-0.9999772, -0.0065481327, -0.0017158883), (-0.9996098, 0.0085852565, -0.026579821), (-0.1355047, -0.84045184, 0.5246706), (-0.1355047, -0.84045184, 0.5246706), (-0.1438958, -0.88494974, 0.4428972), (-0.9999772, -0.0065481327, -0.0017158883), (-0.042641684, -0.956512, 0.2885596), (-0.9999772, -0.0065481327, -0.0017158883), (-0.1438958, -0.88494974, 0.4428972), (-0.1438958, -0.88494974, 0.4428972), (-0.037711076, -0.9989959, -0.02418726), (-0.9924952, 0.018487323, 0.120877996), (-0.9924952, 0.018487323, 0.120877996), (-0.042641684, -0.956512, 0.2885596), (-0.1438958, -0.88494974, 0.4428972), (-0.9983788, -0.048899848, 0.029132633), (-0.9924952, 0.018487323, 0.120877996), (-0.037711076, -0.9989959, -0.02418726), (-0.998637, 0.05214015, 0.0023416413), (-0.9983788, -0.048899848, 0.029132633), (-0.037711076, -0.9989959, -0.02418726), (-0.037711076, -0.9989959, -0.02418726), (-0.12288858, -0.2779443, -0.9527043), (-0.998637, 0.05214015, 0.0023416413), (-0.08987806, -0.9951513, -0.039947603), (-0.998637, 0.05214015, 0.0023416413), (-0.12288858, -0.2779443, -0.9527043), (-0.12288858, -0.2779443, -0.9527043), (0.05011964, -0.9985891, 0.01754925), (-0.08987806, -0.9951513, -0.039947603), (0.05011964, -0.9985891, 0.01754925), (0.18897578, -0.97914046, 0.07464677), (0.05011963, -0.99858904, 0.01754925), (0.05011963, -0.99858904, 0.01754925), (-0.08987806, -0.9951513, -0.039947603), (0.05011964, -0.9985891, 0.01754925), (-0.98748654, 0.15769218, -0.0018756737), (0.05011963, -0.99858904, 0.01754925), (0.18897578, -0.97914046, 0.07464677), (0.18897578, -0.97914046, 0.07464677), (-0.14107743, 0.33276787, 0.9323963), (-0.98748654, 0.15769218, -0.0018756737), (-0.9995972, 0.02650456, -0.010143855), (-0.98748654, 0.15769218, -0.0018756737), (-0.14107743, 0.33276787, 0.9323963), (-0.14107743, 0.33276787, 0.9323963), (-0.13825284, 0.22143747, 0.96532464), (-0.9995972, 0.02650456, -0.010143855), (-0.9957292, 0.08773511, -0.028739797), (-0.9995972, 0.02650456, -0.010143855), (-0.13825284, 0.22143747, 0.96532464), (-0.13825284, 0.22143747, 0.96532464), (-0.11092622, 0.040414784, 0.99300665), (-0.9957292, 0.08773511, -0.028739797), (-0.99755865, -0.06901326, -0.0106853405), (-0.9957292, 0.08773511, -0.028739797), (-0.11092622, 0.040414784, 0.99300665), (-0.11092622, 0.040414784, 0.99300665), (-0.08975737, 0.0036826234, 0.9959569), (-0.0689414, -0.09841433, 0.9927546), (-0.0689414, -0.09841433, 0.9927546), (-0.99755865, -0.06901326, -0.0106853405), (-0.11092622, 0.040414784, 0.99300665), (-0.99960667, 0.024739187, 0.013213355), (-0.0689414, -0.09841433, 0.9927546), (-0.08975737, 0.0036826234, 0.9959569), (-0.08975737, 0.0036826234, 0.9959569), (-0.1465327, 0.00869135, 0.98916763), (-0.1354865, 0.027119821, 0.99040794), (-0.1354865, 0.027119821, 0.99040794), (-0.99960667, 0.024739187, 0.013213355), (-0.08975737, 0.0036826234, 0.9959569), (-0.9999778, 0.0007800602, 0.006608965), (-0.1354865, 0.027119821, 0.99040794), (-0.1465327, 0.00869135, 0.98916763), (-0.1465327, 0.00869135, 0.98916763), (-0.124176815, 0.0017793749, 0.99225855), (-0.99995095, -0.006871029, -0.0071279486), (-0.99995095, -0.006871029, -0.0071279486), (-0.9999778, 0.0007800602, 0.006608965), (-0.1465327, 0.00869135, 0.98916763), (-0.124176815, 0.0017793749, 0.99225855), (-0.08759543, 0.034488726, 0.9955589), (-0.116258815, 0.06754305, 0.9909197), (-0.116258815, 0.06754305, 0.9909197), (-0.99995095, -0.006871029, -0.0071279486), (-0.124176815, 0.0017793749, 0.99225855), (-0.99961615, 0.009335568, 0.026086926), (-0.116258815, 0.06754305, 0.9909197), (-0.08759543, 0.034488726, 0.9955589), (-0.08759543, 0.034488726, 0.9955589), (-0.09319193, 0.24343114, 0.96543074), (-0.068746604, -0.033266023, 0.9970794), (-0.068746604, -0.033266023, 0.9970794), (-0.99961615, 0.009335568, 0.026086926), (-0.08759543, 0.034488726, 0.9955589), (-0.99893254, -0.043664627, 0.015074966), (-0.068746604, -0.033266023, 0.9970794), (-0.09319193, 0.24343114, 0.96543074), (-0.09319193, 0.24343114, 0.96543074), (-0.13444719, 0.337439, 0.9316968), (-0.99997103, -0.0029955986, -0.0070036487), (-0.99997103, -0.0029955986, -0.0070036487), (-0.99893254, -0.043664627, 0.015074966), (-0.09319193, 0.24343114, 0.96543074), (-0.13444719, 0.337439, 0.9316968), (-0.14167485, 0.54679304, 0.8251943), (-0.99997103, -0.0029955986, -0.0070036487), (-0.9997183, 0.02225272, -0.008253086), (-0.99997103, -0.0029955986, -0.0070036487), (-0.14167485, 0.54679304, 0.8251943), (-0.14167485, 0.54679304, 0.8251943), (-0.13983919, 0.7266179, 0.67266005), (-0.9997183, 0.02225272, -0.008253086), (-0.99998695, 0.0051045176, -0.00029523138), (-0.9997183, 0.02225272, -0.008253086), (-0.13983919, 0.7266179, 0.67266005), (-0.13983919, 0.7266179, 0.67266005), (-0.14567791, 0.86386126, 0.48220506), (-0.99998695, 0.0051045176, -0.00029523138), (-0.14567791, 0.86386126, 0.48220506), (-0.13718535, 0.8709088, 0.47190893), (-0.99984205, 0.013894198, -0.011082429), (-0.99984205, 0.013894198, -0.011082429), (-0.99998695, 0.0051045176, -0.00029523138), (-0.14567791, 0.86386126, 0.48220506), (-0.058314677, 0.67191476, 0.7383292), (-0.99984205, 0.013894198, -0.011082429), (-0.13718535, 0.8709088, 0.47190893), (-0.13718535, 0.8709088, 0.47190893), (-0.1394068, 0.9681283, 0.20807089), (-0.9990726, 0.02753437, -0.03310503), (-0.9990726, 0.02753437, -0.03310503), (-0.058314677, 0.67191476, 0.7383292), (-0.13718535, 0.8709088, 0.47190893), (-0.100143045, 0.9726581, 0.20954153), (-0.9990726, 0.02753437, -0.03310503), (-0.1394068, 0.9681283, 0.20807089), (-0.1394068, 0.9681283, 0.20807089), (-0.13805832, 0.986055, 0.092927754), (-0.9993825, 0.028986441, -0.019861957), (-0.9993825, 0.028986441, -0.019861957), (-0.100143045, 0.9726581, 0.20954153), (-0.1394068, 0.9681283, 0.20807089), (-0.09745125, 0.9922237, 0.077430815), (-0.9993825, 0.028986441, -0.019861957), (-0.13805832, 0.986055, 0.092927754), (-0.13805832, 0.986055, 0.092927754), (-0.16358262, 0.9856327, 0.04205819), (-0.9995187, 0.017487595, 0.02562635), (-0.9995187, 0.017487595, 0.02562635), (-0.09745125, 0.9922237, 0.077430815), (-0.13805832, 0.986055, 0.092927754), (-0.16358262, 0.9856327, 0.04205819), (-0.14594252, 0.98897386, -0.025132962), (-0.99855196, 0.0071517015, 0.053318977), (-0.99855196, 0.0071517015, 0.053318977), (-0.9995187, 0.017487595, 0.02562635), (-0.16358262, 0.9856327, 0.04205819), (-0.14594252, 0.98897386, -0.025132962), (-0.14596869, 0.9863034, -0.07680361), (-0.9998532, 0.011262493, -0.012921642), (-0.9998532, 0.011262493, -0.012921642), (-0.99855196, 0.0071517015, 0.053318977), (-0.14594252, 0.98897386, -0.025132962), (-0.14596869, 0.9863034, -0.07680361), (-0.1347098, 0.9801614, -0.14538513), (-0.99993, 0.00632551, 0.0100011295), (-0.99993, 0.00632551, 0.0100011295), (-0.9998532, 0.011262493, -0.012921642), (-0.14596869, 0.9863034, -0.07680361), (-0.1347098, 0.9801614, -0.14538513), (-0.11132788, 0.95384634, -0.2788969), (-0.9999109, 0.00012706341, -0.013351239), (-0.9999109, 0.00012706341, -0.013351239), (-0.99993, 0.00632551, 0.0100011295), (-0.1347098, 0.9801614, -0.14538513), (-0.087523535, 0.9488856, -0.30324212), (-0.9999109, 0.00012706341, -0.013351239), (-0.11132788, 0.95384634, -0.2788969), (-0.11132788, 0.95384634, -0.2788969), (-0.11701233, 0.92938745, -0.35006738), (-0.9999269, 0.008606644, -0.008493174), (-0.9999269, 0.008606644, -0.008493174), (-0.087523535, 0.9488856, -0.30324212), (-0.11132788, 0.95384634, -0.2788969), (-0.05912329, 0.9932021, -0.10027017), (-0.9999269, 0.008606644, -0.008493174), (-0.11701233, 0.92938745, -0.35006738), (-0.11701233, 0.92938745, -0.35006738), (-0.12713528, 0.8303271, -0.5425804), (-0.99998385, 0.003508583, 0.004494668), (-0.99998385, 0.003508583, 0.004494668), (-0.05912329, 0.9932021, -0.10027017), (-0.11701233, 0.92938745, -0.35006738), (-0.058950413, 0.95011795, -0.3062692), (-0.99998385, 0.003508583, 0.004494668), (-0.12713528, 0.8303271, -0.5425804), (-0.12713528, 0.8303271, -0.5425804), (-0.14090848, 0.60906345, -0.78050417), (-0.99936354, -0.01700424, -0.03135957), (-0.99936354, -0.01700424, -0.03135957), (-0.058950413, 0.95011795, -0.3062692), (-0.12713528, 0.8303271, -0.5425804), (-0.11264734, 0.6068406, -0.78680056), (-0.99936354, -0.01700424, -0.03135957), (-0.14090848, 0.60906345, -0.78050417), (-0.14090848, 0.60906345, -0.78050417), (-0.13294537, 0.42828304, -0.8938116), (-0.99970263, 0.009264408, -0.022559984), (-0.99970263, 0.009264408, -0.022559984), (-0.11264734, 0.6068406, -0.78680056), (-0.14090848, 0.60906345, -0.78050417), (-0.09244761, 0.40814653, -0.90822345), (-0.99970263, 0.009264408, -0.022559984), (-0.13294537, 0.42828304, -0.8938116), (-0.13294537, 0.42828304, -0.8938116), (0.057566017, -0.99224037, -0.11020595), (-0.9920107, 0.12477706, 0.018588563), (-0.9920107, 0.12477706, 0.018588563), (-0.09244761, 0.40814653, -0.90822345), (-0.13294537, 0.42828304, -0.8938116), (0.1871114, -0.9808756, -0.053594083), (-0.9920107, 0.12477706, 0.018588563), (0.057566017, -0.99224037, -0.11020595), (0.057566017, -0.99224037, -0.11020595), (-0.08349894, -0.9821077, -0.1687969), (-0.00029870388, 0.9999203, -0.012622818), (-0.00029870388, 0.9999203, -0.012622818), (0.1871114, -0.9808756, -0.053594083), (0.057566017, -0.99224037, -0.11020595), (-0.08349894, -0.9821077, -0.1687969), (-0.14159156, -0.632341, 0.7616408), (-0.9999856, 0.002383609, -0.0048271297), (-0.9999856, 0.002383609, -0.0048271297), (-0.00029870388, 0.9999203, -0.012622818), (-0.08349894, -0.9821077, -0.1687969), (-0.14159156, -0.632341, 0.7616408), (-0.14654388, -0.8519497, 0.5026993), (-0.9997241, 0.0006526872, -0.023482513), (-0.9997241, 0.0006526872, -0.023482513), (-0.9999856, 0.002383609, -0.0048271297), (-0.14159156, -0.632341, 0.7616408), (-0.9999691, 0.0061414973, -0.0049238065), (-0.9997241, 0.0006526872, -0.023482513), (-0.14654388, -0.8519497, 0.5026993), (-0.14654388, -0.8519497, 0.5026993), (-0.14299783, -0.96437836, 0.22254467), (-0.9999691, 0.0061414973, -0.0049238065), (-0.9998699, 0.009799678, 0.012820093), (-0.9999691, 0.0061414973, -0.0049238065), (-0.14299783, -0.96437836, 0.22254467), (-0.14299783, -0.96437836, 0.22254467), (-0.15036304, -0.9867914, 0.060281105), (-0.9998699, 0.009799678, 0.012820093), (-0.15036304, -0.9867914, 0.060281105), (-0.16361755, -0.9775835, -0.13251345), (-0.9985188, 0.009001323, 0.053658117), (-0.9985188, 0.009001323, 0.053658117), (-0.9998699, 0.009799678, 0.012820093), (-0.15036304, -0.9867914, 0.060281105), (-0.9996577, 0.0256074, -0.005380661), (-0.9985188, 0.009001323, 0.053658117), (-0.16361755, -0.9775835, -0.13251345), (-0.16361755, -0.9775835, -0.13251345), (-0.14190082, -0.932318, -0.33263722), (-0.9996577, 0.0256074, -0.005380661), (-0.99957854, 0.021352923, -0.019668788), (-0.9996577, 0.0256074, -0.005380661), (-0.14190082, -0.932318, -0.33263722), (-0.14190082, -0.932318, -0.33263722), (-0.15625894, -0.7003844, -0.69645166), (-0.99957854, 0.021352923, -0.019668788), (-0.999999, -0.00048719873, -0.0013497092), (-0.99957854, 0.021352923, -0.019668788), (-0.15625894, -0.7003844, -0.69645166), (-0.15625894, -0.7003844, -0.69645166), (-0.14439312, -0.35035807, -0.9254188), (-0.999999, -0.00048719873, -0.0013497092), (-0.9998622, -0.013818095, 0.009212412), (-0.999999, -0.00048719873, -0.0013497092), (-0.14439312, -0.35035807, -0.9254188), (-0.14439312, -0.35035807, -0.9254188), (-0.14119725, -0.0045826174, -0.9899709), (-0.9998622, -0.013818095, 0.009212412), (-0.14119725, -0.0045826174, -0.9899709), (-0.1623429, 0.66530776, -0.72870463), (-0.14988543, 0.06275363, -0.98670983), (-0.14988543, 0.06275363, -0.98670983), (-0.9998622, -0.013818095, 0.009212412), (-0.14119725, -0.0045826174, -0.9899709), (-0.99983835, 0.012198691, -0.013212847), (-0.14988543, 0.06275363, -0.98670983), (-0.1623429, 0.66530776, -0.72870463), (0.2792094, -0.3136802, 0.90755004), (-0.99464715, 0.032833647, -0.09797525), (0.2049003, -0.35331824, 0.9127882), (0.2049003, -0.35331824, 0.9127882), (0.09404951, -0.30291185, 0.9483666), (0.20490028, -0.3533182, 0.9127882), (0.20490028, -0.3533182, 0.9127882), (0.2792094, -0.3136802, 0.90755004), (0.2049003, -0.35331824, 0.9127882), (-0.9991295, 0.007506803, -0.041037545), (0.20490028, -0.3533182, 0.9127882), (0.09404951, -0.30291185, 0.9483666), (0.09404951, -0.30291185, 0.9483666), (-0.100210264, 0.9418744, 0.32067233), (-0.06962012, 0.80587995, 0.58797157), (-0.06962012, 0.80587995, 0.58797157), (-0.9991295, 0.007506803, -0.041037545), (0.09404951, -0.30291185, 0.9483666), (-0.15088403, 0.986099, 0.069589995), (-0.06962012, 0.80587995, 0.58797157), (-0.100210264, 0.9418744, 0.32067233), (-0.100210264, 0.9418744, 0.32067233), (-0.13711815, 0.97643155, 0.16667363), (-0.14948912, 0.9762707, 0.15668048), (-0.14948912, 0.9762707, 0.15668048), (-0.15088403, 0.986099, 0.069589995), (-0.100210264, 0.9418744, 0.32067233), (-0.13711815, 0.97643155, 0.16667363), (-0.10782073, 0.9918669, 0.06763722), (-0.14948912, 0.9762707, 0.15668048), (-0.9994772, -0.03232056, -0.00096330215), (-0.14948912, 0.9762707, 0.15668048), (-0.10782073, 0.9918669, 0.06763722), (-0.10782073, 0.9918669, 0.06763722), (-0.059650928, 0.93637866, -0.34588575), (-0.019339396, 0.9396986, -0.34145662), (-0.019339396, 0.9396986, -0.34145662), (-0.9994772, -0.03232056, -0.00096330215), (-0.10782073, 0.9918669, 0.06763722), (-0.083137654, 0.93879104, -0.33430466), (-0.019339396, 0.9396986, -0.34145662), (-0.059650928, 0.93637866, -0.34588575), (-0.059650928, 0.93637866, -0.34588575), (-0.097023666, 0.7929443, -0.6015197), (-0.083137654, 0.93879104, -0.33430466), (0.0035555533, 0.57343614, -0.81924254), (-0.083137654, 0.93879104, -0.33430466), (-0.097023666, 0.7929443, -0.6015197), (-0.99954575, -0.030140009, 0.00025642663), (0.0035555533, 0.57343614, -0.81924254), (-0.097023666, 0.7929443, -0.6015197), (-0.097023666, 0.7929443, -0.6015197), (-0.14338377, 0.707354, -0.6921643), (-0.99954575, -0.030140009, 0.00025642663), (-0.12922089, 0.7296257, -0.67152685), (-0.99954575, -0.030140009, 0.00025642663), (-0.14338377, 0.707354, -0.6921643), (-0.14338377, 0.707354, -0.6921643), (-0.08780387, 0.60987407, -0.78761923), (-0.12922089, 0.7296257, -0.67152685), (-0.0026589648, 0.614458, -0.788945), (-0.12922089, 0.7296257, -0.67152685), (-0.08780387, 0.60987407, -0.78761923), (-0.08780387, 0.60987407, -0.78761923), (-0.124632396, 0.106836714, 0.9864344), (-0.059863046, 0.55462116, -0.8299468), (-0.059863046, 0.55462116, -0.8299468), (-0.0026589648, 0.614458, -0.788945), (-0.08780387, 0.60987407, -0.78761923), (-0.096350245, 0.13115156, 0.9866692), (-0.059863046, 0.55462116, -0.8299468), (-0.124632396, 0.106836714, 0.9864344), (-0.124632396, 0.106836714, 0.9864344), (-0.14591308, 0.98921865, -0.012489271), (-0.9996737, -0.025541471, 0.00031171643), (-0.9996737, -0.025541471, 0.00031171643), (-0.096350245, 0.13115156, 0.9866692), (-0.124632396, 0.106836714, 0.9864344), (-0.14591308, 0.98921865, -0.012489271), (-0.14560245, -0.012531789, -0.98926383), (-0.9997906, -0.004486582, 0.01996696), (-0.9997906, -0.004486582, 0.01996696), (-0.9996737, -0.025541471, 0.00031171643), (-0.14591308, 0.98921865, -0.012489271), (-0.14560245, -0.012531789, -0.98926383), (-0.14560245, -0.012531789, -0.98926383), (-0.9999148, 0.0029603625, 0.012713655), (-0.9999148, 0.0029603625, 0.012713655), (-0.9997906, -0.004486582, 0.01996696), (-0.14560245, -0.012531789, -0.98926383), (-0.14560245, -0.012531789, -0.98926383), (-0.14562681, 0.01244476, 0.9892614), (-0.9999511, 0.0058944407, -0.007941463), (-0.9999511, 0.0058944407, -0.007941463), (-0.9999148, 0.0029603625, 0.012713655), (-0.14560245, -0.012531789, -0.98926383), (-0.14562681, 0.01244476, 0.9892614), (-0.14319123, 0.006972915, 0.9896706), (-0.14562666, 0.009459382, 0.9892944), (-0.14562666, 0.009459382, 0.9892944), (-0.9999511, 0.0058944407, -0.007941463), (-0.14562681, 0.01244476, 0.9892614), (-0.14319123, 0.006972915, 0.9896706), (-0.1368186, 0.00745861, 0.9905681), (-0.13535932, 0.004314892, 0.99078715), (-0.13535932, 0.004314892, 0.99078715), (-0.14562666, 0.009459382, 0.9892944), (-0.14319123, 0.006972915, 0.9896706), (-0.1368186, 0.00745861, 0.9905681), (-0.14943382, -0.024094127, 0.9884782), (-0.14389035, -0.0059190355, 0.98957604), (-0.14389035, -0.0059190355, 0.98957604), (-0.13535932, 0.004314892, 0.99078715), (-0.1368186, 0.00745861, 0.9905681), (-0.14943382, -0.024094127, 0.9884782), (-0.12799034, -0.07684706, 0.98879373), (-0.14749861, -0.07001695, 0.9865809), (-0.14749861, -0.07001695, 0.9865809), (-0.14389035, -0.0059190355, 0.98957604), (-0.14943382, -0.024094127, 0.9884782), (-0.12799034, -0.07684706, 0.98879373), (-0.09993774, -0.14520758, 0.984341), (-0.12507431, -0.047345355, 0.99101716), (-0.12507431, -0.047345355, 0.99101716), (-0.14749861, -0.07001695, 0.9865809), (-0.12799034, -0.07684706, 0.98879373), (-0.9602801, 0.04905481, 0.27469218), (-0.12507431, -0.047345355, 0.99101716), (-0.09993774, -0.14520758, 0.984341), (-0.09993774, -0.14520758, 0.984341), (-0.095806636, -0.24673359, 0.9643359), (-0.08361513, -0.27717382, 0.95717466), (-0.08361513, -0.27717382, 0.95717466), (-0.9602801, 0.04905481, 0.27469218), (-0.09993774, -0.14520758, 0.984341), (-0.979721, -0.028526323, -0.19832553), (-0.08361513, -0.27717382, 0.95717466), (-0.095806636, -0.24673359, 0.9643359), (-0.095806636, -0.24673359, 0.9643359), (-0.133386, -0.39602378, 0.90850073), (-0.14412303, -0.36035073, 0.921616), (-0.14412303, -0.36035073, 0.921616), (-0.979721, -0.028526323, -0.19832553), (-0.095806636, -0.24673359, 0.9643359), (-0.133386, -0.39602378, 0.90850073), (-0.14448306, -0.62440294, 0.76762336), (-0.13318087, -0.52238274, 0.84224653), (-0.13318087, -0.52238274, 0.84224653), (-0.14412303, -0.36035073, 0.921616), (-0.133386, -0.39602378, 0.90850073), (-0.14448306, -0.62440294, 0.76762336), (-0.15731823, -0.86130947, 0.48311183), (-0.99881285, 0.041023374, -0.026268989), (-0.99881285, 0.041023374, -0.026268989), (-0.13318087, -0.52238274, 0.84224653), (-0.14448306, -0.62440294, 0.76762336), (-0.14310771, -0.9390129, 0.31269), (-0.99881285, 0.041023374, -0.026268989), (-0.15731823, -0.86130947, 0.48311183), (-0.15731823, -0.86130947, 0.48311183), (-0.15120952, -0.9765653, 0.15315314), (-0.14310771, -0.9390129, 0.31269), (-0.00029870388, 0.9999203, -0.012622818), (-0.14310771, -0.9390129, 0.31269), (-0.15120952, -0.9765653, 0.15315314), (-0.15120952, -0.9765653, 0.15315314), (-0.14730655, -0.9752867, -0.1646715), (-0.00029870388, 0.9999203, -0.012622818), (-0.9996686, -0.011167172, 0.023196813), (-0.00029870388, 0.9999203, -0.012622818), (-0.14730655, -0.9752867, -0.1646715), (-0.14730655, -0.9752867, -0.1646715), (0.2049003, -0.35331824, 0.9127882), (-0.9996686, -0.011167172, 0.023196813), (-0.99464715, 0.032833647, -0.09797525), (-0.9996686, -0.011167172, 0.023196813), (0.2049003, -0.35331824, 0.9127882), (-0.15388381, -0.82801825, 0.5391711), (-0.11830476, -0.9240674, 0.36346057), (-0.14472896, -0.92775166, 0.34399205), (-0.14472896, -0.92775166, 0.34399205), (-0.99904776, 0.038779456, -0.019991873), (-0.15388381, -0.82801825, 0.5391711), (-0.11830476, -0.9240674, 0.36346057), (-0.09083322, -0.9556005, 0.28031588), (-0.14472896, -0.92775166, 0.34399205), (-0.99990815, 0.013070022, -0.0036034335), (-0.14472896, -0.92775166, 0.34399205), (-0.09083322, -0.9556005, 0.28031588), (-0.09083322, -0.9556005, 0.28031588), (-0.014773911, -0.94428253, 0.32880428), (-0.023851262, -0.92373085, 0.38229892), (-0.023851262, -0.92373085, 0.38229892), (-0.99990815, 0.013070022, -0.0036034335), (-0.09083322, -0.9556005, 0.28031588), (-0.9994153, 0.030135665, -0.01615648), (-0.023851262, -0.92373085, 0.38229892), (-0.014773911, -0.94428253, 0.32880428), (-0.014773911, -0.94428253, 0.32880428), (-0.06296478, -0.9390657, 0.3379217), (-0.017550793, -0.9246373, 0.38044423), (-0.017550793, -0.9246373, 0.38044423), (-0.9994153, 0.030135665, -0.01615648), (-0.014773911, -0.94428253, 0.32880428), (-0.9993334, 0.03230818, -0.017001845), (-0.017550793, -0.9246373, 0.38044423), (-0.06296478, -0.9390657, 0.3379217), (-0.06296478, -0.9390657, 0.3379217), (-0.12394965, -0.964558, 0.23294765), (-0.9993334, 0.03230818, -0.017001845), (-0.9895176, 0.024824603, -0.14226234), (-0.9993334, 0.03230818, -0.017001845), (-0.12394965, -0.964558, 0.23294765), (-0.12394965, -0.964558, 0.23294765), (0.017483788, -0.28958753, -0.9569919), (-0.9895176, 0.024824603, -0.14226234), (0.017483788, -0.28958753, -0.9569919), (-0.15594892, 0.028352723, -0.98735815), (-0.99924237, 0.03826933, 0.0070917564), (-0.99924237, 0.03826933, 0.0070917564), (-0.9895176, 0.024824603, -0.14226234), (0.017483788, -0.28958753, -0.9569919), (-0.99882793, 0.048160605, 0.0048315125), (-0.99924237, 0.03826933, 0.0070917564), (-0.15594892, 0.028352723, -0.98735815), (-0.15594892, 0.028352723, -0.98735815), (-0.13681726, 0.07587699, -0.9876861), (-0.99882793, 0.048160605, 0.0048315125), (-0.99965096, -0.02167297, 0.015111821), (-0.99882793, 0.048160605, 0.0048315125), (-0.13681726, 0.07587699, -0.9876861), (-0.13681726, 0.07587699, -0.9876861), (-0.10422023, 0.2649989, -0.95859987), (-0.99965096, -0.02167297, 0.015111821), (-0.008226742, 0.29031682, -0.95689535), (-0.99965096, -0.02167297, 0.015111821), (-0.10422023, 0.2649989, -0.95859987), (-0.99993056, 0.006645417, 0.009740145), (-0.008226742, 0.29031682, -0.95689535), (-0.10422023, 0.2649989, -0.95859987), (-0.10422023, 0.2649989, -0.95859987), (-0.14431411, 0.5544335, -0.81962), (-0.99993056, 0.006645417, 0.009740145), (-0.9991518, 0.0072246427, -0.04054146), (-0.99993056, 0.006645417, 0.009740145), (-0.14431411, 0.5544335, -0.81962), (-0.14431411, 0.5544335, -0.81962), (-0.13696592, 0.76428866, -0.6301613), (-0.9991518, 0.0072246427, -0.04054146), (-0.00029870388, 0.9999203, -0.012622818), (-0.9991518, 0.0072246427, -0.04054146), (-0.13696592, 0.76428866, -0.6301613), (-0.13696592, 0.76428866, -0.6301613), (-0.14304587, 0.8858134, -0.44144377), (-0.00029870388, 0.9999203, -0.012622818), (-0.99881655, -0.007466965, -0.048060782), (-0.00029870388, 0.9999203, -0.012622818), (-0.14304587, 0.8858134, -0.44144377), (-0.14304587, 0.8858134, -0.44144377), (-0.15384029, 0.9742959, -0.16456208), (-0.99881655, -0.007466965, -0.048060782), (-0.9999082, 0.0050826785, -0.012563881), (-0.99881655, -0.007466965, -0.048060782), (-0.15384029, 0.9742959, -0.16456208), (-0.15384029, 0.9742959, -0.16456208), (-0.12866339, 0.98181695, 0.1395754), (-0.99977124, -0.0058750706, -0.020566842), (-0.99977124, -0.0058750706, -0.020566842), (-0.9999082, 0.0050826785, -0.012563881), (-0.15384029, 0.9742959, -0.16456208), (-0.12866339, 0.98181695, 0.1395754), (-0.13008906, 0.8828905, 0.45119968), (-0.99937904, -0.03485418, -0.0051668794), (-0.99937904, -0.03485418, -0.0051668794), (-0.99977124, -0.0058750706, -0.020566842), (-0.12866339, 0.98181695, 0.1395754), (-0.13008906, 0.8828905, 0.45119968), (-0.1415606, 0.66461986, 0.73364913), (-0.9996348, -0.026088618, -0.007059604), (-0.9996348, -0.026088618, -0.007059604), (-0.99937904, -0.03485418, -0.0051668794), (-0.13008906, 0.8828905, 0.45119968), (-0.1415606, 0.66461986, 0.73364913), (-0.14778762, 0.36004737, 0.9211541), (-0.99993765, 0.0041103414, -0.010389761), (-0.99993765, 0.0041103414, -0.010389761), (-0.9996348, -0.026088618, -0.007059604), (-0.1415606, 0.66461986, 0.73364913), (-0.9998996, -0.009973205, -0.010066301), (-0.99993765, 0.0041103414, -0.010389761), (-0.14778762, 0.36004737, 0.9211541), (-0.14778762, 0.36004737, 0.9211541), (-0.14651568, -0.01710366, 0.9890605), (-0.9998996, -0.009973205, -0.010066301), (-0.9999778, -0.0055548083, -0.003670242), (-0.9998996, -0.009973205, -0.010066301), (-0.14651568, -0.01710366, 0.9890605), (-0.14651568, -0.01710366, 0.9890605), (-0.1575724, -0.49711767, 0.8532556), (-0.9999778, -0.0055548083, -0.003670242), (-0.99995947, -0.0004316461, 0.00899981), (-0.9999778, -0.0055548083, -0.003670242), (-0.1575724, -0.49711767, 0.8532556), (-0.1575724, -0.49711767, 0.8532556), (-0.15388381, -0.82801825, 0.5391711), (-0.99995947, -0.0004316461, 0.00899981), (-0.99904776, 0.038779456, -0.019991873), (-0.99995947, -0.0004316461, 0.00899981), (-0.15388381, -0.82801825, 0.5391711), (-0.076382324, 0.5796537, -0.81127524), (-0.093279466, 0.9291423, -0.35776192), (-0.112362154, 0.9140659, -0.3896901), (-0.112362154, 0.9140659, -0.3896901), (-0.9997887, -0.0044244644, -0.020074302), (-0.076382324, 0.5796537, -0.81127524), (-0.99950796, 0.031116378, -0.00395396), (-0.112362154, 0.9140659, -0.3896901), (-0.093279466, 0.9291423, -0.35776192), (-0.093279466, 0.9291423, -0.35776192), (-0.13168049, 0.9566102, -0.25991756), (-0.1279493, 0.9612869, -0.2440422), (-0.1279493, 0.9612869, -0.2440422), (-0.99950796, 0.031116378, -0.00395396), (-0.093279466, 0.9291423, -0.35776192), (-0.9996607, 0.021298235, 0.015000883), (-0.1279493, 0.9612869, -0.2440422), (-0.13168049, 0.9566102, -0.25991756), (-0.13168049, 0.9566102, -0.25991756), (-0.12535033, 0.97696227, -0.17271957), (-0.00029870388, 0.9999203, -0.012622818), (-0.00029870388, 0.9999203, -0.012622818), (-0.9996607, 0.021298235, 0.015000883), (-0.13168049, 0.9566102, -0.25991756), (-0.12535033, 0.97696227, -0.17271957), (-0.118964754, 0.9657121, -0.23075482), (-0.11691811, 0.9697888, -0.21410233), (-0.11691811, 0.9697888, -0.21410233), (-0.00029870388, 0.9999203, -0.012622818), (-0.12535033, 0.97696227, -0.17271957), (-0.9994259, 0.02998349, -0.0157769), (-0.11691811, 0.9697888, -0.21410233), (-0.118964754, 0.9657121, -0.23075482), (-0.118964754, 0.9657121, -0.23075482), (-0.091592915, 0.97337973, -0.21010122), (-0.1368442, 0.9646541, -0.22520244), (-0.1368442, 0.9646541, -0.22520244), (-0.9994259, 0.02998349, -0.0157769), (-0.118964754, 0.9657121, -0.23075482), (-0.9989211, 0.037730716, 0.027077023), (-0.1368442, 0.9646541, -0.22520244), (-0.091592915, 0.97337973, -0.21010122), (-0.091592915, 0.97337973, -0.21010122), (-0.092631236, 0.94074404, -0.32622093), (-0.06530362, 0.9882702, -0.13804848), (-0.06530362, 0.9882702, -0.13804848), (-0.9989211, 0.037730716, 0.027077023), (-0.091592915, 0.97337973, -0.21010122), (-0.997415, 0.033485662, 0.063577384), (-0.06530362, 0.9882702, -0.13804848), (-0.092631236, 0.94074404, -0.32622093), (-0.092631236, 0.94074404, -0.32622093), (-0.13081488, 0.8910803, -0.4345843), (-0.00029870388, 0.9999203, -0.012622818), (-0.00029870388, 0.9999203, -0.012622818), (-0.997415, 0.033485662, 0.063577384), (-0.092631236, 0.94074404, -0.32622093), (-0.13081488, 0.8910803, -0.4345843), (-0.13666312, 0.8042303, -0.5783916), (-0.00029870388, 0.9999203, -0.012622818), (-0.999737, -0.017525965, -0.014793057), (-0.00029870388, 0.9999203, -0.012622818), (-0.13666312, 0.8042303, -0.5783916), (-0.13666312, 0.8042303, -0.5783916), (-0.11843951, 0.6512957, -0.7495239), (-0.999737, -0.017525965, -0.014793057), (-0.10822973, 0.66500676, -0.7389536), (-0.999737, -0.017525965, -0.014793057), (-0.11843951, 0.6512957, -0.7495239), (-0.9999902, -0.004065015, 0.0017573562), (-0.10822973, 0.66500676, -0.7389536), (-0.11843951, 0.6512957, -0.7495239), (-0.11843951, 0.6512957, -0.7495239), (-0.13874124, 0.4234595, -0.89522797), (-0.9999902, -0.004065015, 0.0017573562), (-0.99983275, -0.016669733, -0.007530694), (-0.9999902, -0.004065015, 0.0017573562), (-0.13874124, 0.4234595, -0.89522797), (-0.13874124, 0.4234595, -0.89522797), (-0.121590436, 0.20397383, -0.9713962), (-0.99983275, -0.016669733, -0.007530694), (-0.093260765, 0.1653454, -0.98181635), (-0.99983275, -0.016669733, -0.007530694), (-0.121590436, 0.20397383, -0.9713962), (-0.121590436, 0.20397383, -0.9713962), (-0.082909584, 0.08891895, -0.9925822), (-0.9998242, -0.015189037, -0.010999738), (-0.9998242, -0.015189037, -0.010999738), (-0.093260765, 0.1653454, -0.98181635), (-0.121590436, 0.20397383, -0.9713962), (-0.082909584, 0.08891895, -0.9925822), (-0.06006668, -0.20897445, -0.9760747), (-0.06359431, -0.117656045, -0.99101603), (-0.06359431, -0.117656045, -0.99101603), (-0.9998242, -0.015189037, -0.010999738), (-0.082909584, 0.08891895, -0.9925822), (-0.999891, 0.014496719, 0.0028356872), (-0.06359431, -0.117656045, -0.99101603), (-0.06006668, -0.20897445, -0.9760747), (-0.06006668, -0.20897445, -0.9760747), (-0.051805563, -0.49436975, -0.86770666), (-0.07508089, -0.318371, -0.9449883), (-0.07508089, -0.318371, -0.9449883), (-0.999891, 0.014496719, 0.0028356872), (-0.06006668, -0.20897445, -0.9760747), (-0.051805563, -0.49436975, -0.86770666), (-0.12628177, -0.5214712, -0.84387255), (-0.9999811, 0.0043891384, -0.00430067), (-0.9999811, 0.0043891384, -0.00430067), (-0.07508089, -0.318371, -0.9449883), (-0.051805563, -0.49436975, -0.86770666), (-0.058662336, -0.2640993, -0.96270996), (-0.9999811, 0.0043891384, -0.00430067), (-0.12628177, -0.5214712, -0.84387255), (-0.12628177, -0.5214712, -0.84387255), (-0.14003536, -0.6985681, -0.70170707), (-0.99972713, -0.023352893, 0.0006533644), (-0.99972713, -0.023352893, 0.0006533644), (-0.058662336, -0.2640993, -0.96270996), (-0.12628177, -0.5214712, -0.84387255), (-0.06246156, -0.47348353, -0.8785853), (-0.99972713, -0.023352893, 0.0006533644), (-0.14003536, -0.6985681, -0.70170707), (-0.14003536, -0.6985681, -0.70170707), (-0.1377133, -0.88371575, -0.4473047), (-0.99930197, -0.037350994, 0.0008318001), (-0.99930197, -0.037350994, 0.0008318001), (-0.06246156, -0.47348353, -0.8785853), (-0.14003536, -0.6985681, -0.70170707), (-0.12952536, -0.9331984, -0.33520743), (-0.99930197, -0.037350994, 0.0008318001), (-0.1377133, -0.88371575, -0.4473047), (-0.1377133, -0.88371575, -0.4473047), (-0.11181863, -0.9734615, -0.19967295), (-0.12952536, -0.9331984, -0.33520743), (-0.99941564, -0.033647455, -0.006026488), (-0.12952536, -0.9331984, -0.33520743), (-0.11181863, -0.9734615, -0.19967295), (-0.11181863, -0.9734615, -0.19967295), (-0.12849867, -0.99168414, -0.0071327765), (-0.122024685, -0.9874317, -0.100442134), (-0.122024685, -0.9874317, -0.100442134), (-0.99941564, -0.033647455, -0.006026488), (-0.11181863, -0.9734615, -0.19967295), (-0.99924165, -0.025263447, -0.029631205), (-0.122024685, -0.9874317, -0.100442134), (-0.12849867, -0.99168414, -0.0071327765), (-0.12849867, -0.99168414, -0.0071327765), (-0.14708664, -0.98566884, 0.082598954), (-0.15998636, -0.9870021, 0.015214133), (-0.15998636, -0.9870021, 0.015214133), (-0.99924165, -0.025263447, -0.029631205), (-0.12849867, -0.99168414, -0.0071327765), (-0.14708664, -0.98566884, 0.082598954), (-0.13751814, -0.9718213, 0.19144772), (-0.15998636, -0.9870021, 0.015214133), (-0.9999548, 0.0071953037, 0.0062202835), (-0.15998636, -0.9870021, 0.015214133), (-0.13751814, -0.9718213, 0.19144772), (-0.13751814, -0.9718213, 0.19144772), (-0.13245939, -0.9357965, 0.32671005), (-0.9999548, 0.0071953037, 0.0062202835), (-0.00029870388, 0.9999203, -0.012622818), (-0.9999548, 0.0071953037, 0.0062202835), (-0.13245939, -0.9357965, 0.32671005), (-0.13245939, -0.9357965, 0.32671005), (-0.13452663, -0.8964837, 0.4221606), (-0.00029870388, 0.9999203, -0.012622818), (-0.99954927, 0.00035220347, -0.03002203), (-0.00029870388, 0.9999203, -0.012622818), (-0.13452663, -0.8964837, 0.4221606), (-0.13452663, -0.8964837, 0.4221606), (-0.13505556, -0.8375993, 0.5293275), (-0.99954927, 0.00035220347, -0.03002203), (-0.99996746, -0.0030387973, 0.007478793), (-0.99954927, 0.00035220347, -0.03002203), (-0.13505556, -0.8375993, 0.5293275), (-0.13505556, -0.8375993, 0.5293275), (-0.14992869, -0.8858058, 0.43916923), (-0.99996746, -0.0030387973, 0.007478793), (-0.04483706, -0.9619903, 0.26937777), (-0.99996746, -0.0030387973, 0.007478793), (-0.14992869, -0.8858058, 0.43916923), (-0.14992869, -0.8858058, 0.43916923), (-0.13162999, -0.9735015, 0.18699887), (-0.9995217, -0.027895214, -0.01335281), (-0.9995217, -0.027895214, -0.01335281), (-0.04483706, -0.9619903, 0.26937777), (-0.14992869, -0.8858058, 0.43916923), (-0.99999624, 0.00024343927, 0.0027309929), (-0.9995217, -0.027895214, -0.01335281), (-0.13162999, -0.9735015, 0.18699887), (-0.9991801, -0.040486276, 0.00010590672), (-0.99999624, 0.00024343927, 0.0027309929), (-0.13162999, -0.9735015, 0.18699887), (-0.13162999, -0.9735015, 0.18699887), (-0.106879845, -0.20219383, -0.97349596), (-0.9991801, -0.040486276, 0.00010590672), (0.01881665, 0.047433097, -0.9986972), (-0.9991801, -0.040486276, 0.00010590672), (-0.106879845, -0.20219383, -0.97349596), (-0.99998444, 0.001447412, -0.0053909654), (0.01881665, 0.047433097, -0.9986972), (-0.106879845, -0.20219383, -0.97349596), (-0.106879845, -0.20219383, -0.97349596), (-0.017687736, -0.99979043, -0.010307883), (-0.99998444, 0.001447412, -0.0053909654), (-0.017687736, -0.99979043, -0.010307883), (0.18897596, -0.9791404, 0.074646965), (-0.017687744, -0.99979043, -0.010307887), (-0.017687744, -0.99979043, -0.010307887), (-0.99998444, 0.001447412, -0.0053909654), (-0.017687736, -0.99979043, -0.010307883), (-0.9939552, 0.109780535, 0.0010892749), (-0.017687744, -0.99979043, -0.010307887), (0.18897596, -0.9791404, 0.074646965), (0.18897596, -0.9791404, 0.074646965), (-0.12778004, 0.31551063, 0.9402794), (-0.9999536, 0.0032221114, -0.009085963), (-0.9999536, 0.0032221114, -0.009085963), (-0.9939552, 0.109780535, 0.0010892749), (0.18897596, -0.9791404, 0.074646965), (-0.12778004, 0.31551063, 0.9402794), (-0.0965914, 0.097315885, 0.9905553), (-0.99863845, -0.049089544, 0.017654898), (-0.99863845, -0.049089544, 0.017654898), (-0.9999536, 0.0032221114, -0.009085963), (-0.12778004, 0.31551063, 0.9402794), (-0.0965914, 0.097315885, 0.9905553), (-0.018222142, 0.23761994, 0.97118735), (-0.06861481, 0.17065515, 0.9829389), (-0.06861481, 0.17065515, 0.9829389), (-0.99863845, -0.049089544, 0.017654898), (-0.0965914, 0.097315885, 0.9905553), (-0.99913865, 0.04040353, 0.009461509), (-0.06861481, 0.17065515, 0.9829389), (-0.018222142, 0.23761994, 0.97118735), (-0.018222142, 0.23761994, 0.97118735), (-0.08149013, 0.1115028, 0.99041736), (-0.025257198, 0.23073687, 0.9726883), (-0.025257198, 0.23073687, 0.9726883), (-0.99913865, 0.04040353, 0.009461509), (-0.018222142, 0.23761994, 0.97118735), (-0.99994975, -0.0084216, 0.0054489165), (-0.025257198, 0.23073687, 0.9726883), (-0.08149013, 0.1115028, 0.99041736), (-0.08149013, 0.1115028, 0.99041736), (-0.13254488, 0.007106228, 0.9911515), (-0.13427289, 0.0071673426, 0.9909185), (-0.13427289, 0.0071673426, 0.9909185), (-0.99994975, -0.0084216, 0.0054489165), (-0.08149013, 0.1115028, 0.99041736), (-0.9999048, -0.010745869, -0.00865853), (-0.13427289, 0.0071673426, 0.9909185), (-0.13254488, 0.007106228, 0.9911515), (-0.13254488, 0.007106228, 0.9911515), (-0.13965566, 0.014757761, 0.9900902), (-0.99991816, 0.010346342, -0.0075373463), (-0.99991816, 0.010346342, -0.0075373463), (-0.9999048, -0.010745869, -0.00865853), (-0.13254488, 0.007106228, 0.9911515), (-0.13965566, 0.014757761, 0.9900902), (-0.14010035, 0.087995045, 0.98621947), (-0.999856, 0.016869511, 0.0018847068), (-0.999856, 0.016869511, 0.0018847068), (-0.99991816, 0.010346342, -0.0075373463), (-0.13965566, 0.014757761, 0.9900902), (-0.10438971, 0.10964566, 0.98847395), (-0.999856, 0.016869511, 0.0018847068), (-0.14010035, 0.087995045, 0.98621947), (-0.14010035, 0.087995045, 0.98621947), (-0.11033023, 0.28985816, 0.950689), (-0.9999845, -0.003783432, 0.004101113), (-0.9999845, -0.003783432, 0.004101113), (-0.10438971, 0.10964566, 0.98847395), (-0.14010035, 0.087995045, 0.98621947), (0.07193476, 0.5902019, 0.80404425), (-0.9999845, -0.003783432, 0.004101113), (-0.11033023, 0.28985816, 0.950689), (-0.11033023, 0.28985816, 0.950689), (-0.10129807, 0.47962323, 0.87160784), (-0.99972105, 0.0017903318, 0.023553003), (-0.99972105, 0.0017903318, 0.023553003), (0.07193476, 0.5902019, 0.80404425), (-0.11033023, 0.28985816, 0.950689), (0.056405745, 0.71843904, 0.6932992), (-0.99972105, 0.0017903318, 0.023553003), (-0.10129807, 0.47962323, 0.87160784), (-0.10129807, 0.47962323, 0.87160784), (-0.14843735, 0.6092745, 0.7789423), (-0.997883, -0.050812196, 0.04059372), (-0.997883, -0.050812196, 0.04059372), (0.056405745, 0.71843904, 0.6932992), (-0.10129807, 0.47962323, 0.87160784), (-0.14843735, 0.6092745, 0.7789423), (-0.1418241, 0.7367227, 0.6611547), (-0.9999709, 0.0017904486, -0.007415121), (-0.9999709, 0.0017904486, -0.007415121), (-0.997883, -0.050812196, 0.04059372), (-0.14843735, 0.6092745, 0.7789423), (-0.1418241, 0.7367227, 0.6611547), (-0.08415008, 0.87107074, 0.48389536), (-0.9999709, 0.0017904486, -0.007415121), (0.008570026, 0.89348865, 0.4490042), (-0.9999709, 0.0017904486, -0.007415121), (-0.08415008, 0.87107074, 0.48389536), (-0.08415008, 0.87107074, 0.48389536), (-0.10482733, 0.96807295, 0.22769707), (-0.99789405, 0.0454035, -0.04632494), (-0.99789405, 0.0454035, -0.04632494), (0.008570026, 0.89348865, 0.4490042), (-0.08415008, 0.87107074, 0.48389536), (0.060967408, 0.9938346, -0.09260576), (-0.99789405, 0.0454035, -0.04632494), (-0.10482733, 0.96807295, 0.22769707), (-0.10482733, 0.96807295, 0.22769707), (-0.13837816, 0.9723524, 0.1881026), (-0.99928105, 0.037068844, -0.007959056), (-0.99928105, 0.037068844, -0.007959056), (0.060967408, 0.9938346, -0.09260576), (-0.10482733, 0.96807295, 0.22769707), (-0.0918552, 0.98305774, 0.1586196), (-0.99928105, 0.037068844, -0.007959056), (-0.13837816, 0.9723524, 0.1881026), (-0.13837816, 0.9723524, 0.1881026), (-0.1359206, 0.9857675, 0.09893456), (-0.9990171, 0.027498743, 0.03476662), (-0.9990171, 0.027498743, 0.03476662), (-0.0918552, 0.98305774, 0.1586196), (-0.13837816, 0.9723524, 0.1881026), (-0.100426584, 0.9905839, 0.09304898), (-0.9990171, 0.027498743, 0.03476662), (-0.1359206, 0.9857675, 0.09893456), (-0.1359206, 0.9857675, 0.09893456), (-0.14594044, 0.98894083, 0.026411872), (-0.99900854, 0.0149352765, 0.04194001), (-0.99900854, 0.0149352765, 0.04194001), (-0.100426584, 0.9905839, 0.09304898), (-0.1359206, 0.9857675, 0.09893456), (-0.14594044, 0.98894083, 0.026411872), (-0.14594243, 0.9889738, -0.025132988), (-0.999659, 0.004109403, -0.025788892), (-0.999659, 0.004109403, -0.025788892), (-0.99900854, 0.0149352765, 0.04194001), (-0.14594044, 0.98894083, 0.026411872), (-0.14594243, 0.9889738, -0.025132988), (-0.14596835, 0.9863035, -0.076802924), (-0.00029870388, 0.9999203, -0.012622818), (-0.00029870388, 0.9999203, -0.012622818), (-0.999659, 0.004109403, -0.025788892), (-0.14594243, 0.9889738, -0.025132988), (-0.14596835, 0.9863035, -0.076802924), (-0.14434496, 0.9764784, -0.16017026), (-0.9999917, 0.0028238583, 0.0029207922), (-0.9999917, 0.0028238583, 0.0029207922), (-0.00029870388, 0.9999203, -0.012622818), (-0.14596835, 0.9863035, -0.076802924), (-0.14434496, 0.9764784, -0.16017026), (-0.12549603, 0.94880164, -0.28987315), (-0.999451, 0.011256211, -0.031162273), (-0.999451, 0.011256211, -0.031162273), (-0.9999917, 0.0028238583, 0.0029207922), (-0.14434496, 0.9764784, -0.16017026), (-0.08188302, 0.94045323, -0.32991353), (-0.999451, 0.011256211, -0.031162273), (-0.12549603, 0.94880164, -0.28987315), (-0.12549603, 0.94880164, -0.28987315), (-0.10919198, 0.9163771, -0.38513666), (-0.9993401, 0.034842037, -0.010263831), (-0.9993401, 0.034842037, -0.010263831), (-0.08188302, 0.94045323, -0.32991353), (-0.12549603, 0.94880164, -0.28987315), (-0.10164169, 0.8286489, -0.5504633), (-0.9993401, 0.034842037, -0.010263831), (-0.10919198, 0.9163771, -0.38513666), (-0.10919198, 0.9163771, -0.38513666), (-0.07931933, 0.78499967, -0.61439735), (-0.10164169, 0.8286489, -0.5504633), (-0.99985534, 0.01513653, -0.007771447), (-0.10164169, 0.8286489, -0.5504633), (-0.07931933, 0.78499967, -0.61439735), (-0.07931933, 0.78499967, -0.61439735), (-0.05988554, 0.5708519, -0.81886613), (-0.075102136, 0.6814741, -0.7279786), (-0.075102136, 0.6814741, -0.7279786), (-0.99985534, 0.01513653, -0.007771447), (-0.07931933, 0.78499967, -0.61439735), (-0.99963194, -0.0005464351, -0.027124383), (-0.075102136, 0.6814741, -0.7279786), (-0.05988554, 0.5708519, -0.81886613), (-0.05988554, 0.5708519, -0.81886613), (-0.11401633, 0.41105795, -0.90445113), (-0.11630474, 0.4956338, -0.8607092), (-0.11630474, 0.4956338, -0.8607092), (-0.99963194, -0.0005464351, -0.027124383), (-0.05988554, 0.5708519, -0.81886613), (-0.9963366, 0.08548386, 0.0024498692), (-0.11630474, 0.4956338, -0.8607092), (-0.11401633, 0.41105795, -0.90445113), (-0.11401633, 0.41105795, -0.90445113), (0.077543326, -0.9734206, -0.21549833), (-0.00029870388, 0.9999203, -0.012622818), (-0.00029870388, 0.9999203, -0.012622818), (-0.9963366, 0.08548386, 0.0024498692), (-0.11401633, 0.41105795, -0.90445113), (0.077543326, -0.9734206, -0.21549833), (0.18123046, -0.96922743, -0.1665946), (0.07754332, -0.9734206, -0.21549833), (0.07754332, -0.9734206, -0.21549833), (-0.00029870388, 0.9999203, -0.012622818), (0.077543326, -0.9734206, -0.21549833), (-0.99548286, 0.09485285, 0.0041139144), (0.07754332, -0.9734206, -0.21549833), (0.18123046, -0.96922743, -0.1665946), (0.18123046, -0.96922743, -0.1665946), (-0.14887203, -0.5670988, 0.810084), (-0.99548286, 0.09485285, 0.0041139144), (-0.99968565, -0.004378351, -0.024686325), (-0.99548286, 0.09485285, 0.0041139144), (-0.14887203, -0.5670988, 0.810084), (-0.14887203, -0.5670988, 0.810084), (-0.14354025, -0.83421916, 0.53242344), (-0.99968565, -0.004378351, -0.024686325), (-0.99962187, 0.026011849, -0.008925449), (-0.99968565, -0.004378351, -0.024686325), (-0.14354025, -0.83421916, 0.53242344), (-0.14354025, -0.83421916, 0.53242344), (-0.14473633, -0.96108407, 0.23530598), (-0.99993306, 0.011400257, 0.0019691638), (-0.99993306, 0.011400257, 0.0019691638), (-0.99962187, 0.026011849, -0.008925449), (-0.14354025, -0.83421916, 0.53242344), (-0.14473633, -0.96108407, 0.23530598), (-0.0925071, -0.992478, -0.080186844), (-0.9999659, 0.0007360431, -0.008228767), (-0.9999659, 0.0007360431, -0.008228767), (-0.99993306, 0.011400257, 0.0019691638), (-0.14473633, -0.96108407, 0.23530598), (-0.0925071, -0.992478, -0.080186844), (-0.0785236, -0.99647504, 0.029521804), (-0.06415944, -0.99764067, -0.024430102), (-0.06415944, -0.99764067, -0.024430102), (-0.9999659, 0.0007360431, -0.008228767), (-0.0925071, -0.992478, -0.080186844), (-0.9998068, 0.016561044, 0.010593031), (-0.06415944, -0.99764067, -0.024430102), (-0.0785236, -0.99647504, 0.029521804), (-0.0785236, -0.99647504, 0.029521804), (-0.14526393, -0.94772494, -0.28410566), (-0.9998068, 0.016561044, 0.010593031), (-0.99929553, 0.03274114, 0.018342758), (-0.9998068, 0.016561044, 0.010593031), (-0.14526393, -0.94772494, -0.28410566), (-0.14526393, -0.94772494, -0.28410566), (-0.15102048, -0.7031344, -0.69483435), (-0.99929553, 0.03274114, 0.018342758), (-0.9993817, 0.02822525, -0.020969566), (-0.99929553, 0.03274114, 0.018342758), (-0.15102048, -0.7031344, -0.69483435), (-0.15102048, -0.7031344, -0.69483435), (-0.14012058, -0.32132375, -0.93654543), (-0.9997112, -0.01610986, 0.017830947), (-0.9997112, -0.01610986, 0.017830947), (-0.9993817, 0.02822525, -0.020969566), (-0.15102048, -0.7031344, -0.69483435), (-0.14012058, -0.32132375, -0.93654543), (-0.15640984, -0.010692545, -0.98763436), (-0.9997594, -0.020362644, 0.008162319), (-0.9997594, -0.020362644, 0.008162319), (-0.9997112, -0.01610986, 0.017830947), (-0.14012058, -0.32132375, -0.93654543), (-0.15640984, -0.010692545, -0.98763436), (-0.076382324, 0.5796537, -0.81127524), (-0.9997594, -0.020362644, 0.008162319), (-0.9997887, -0.0044244644, -0.020074302), (-0.9997594, -0.020362644, 0.008162319), (-0.076382324, 0.5796537, -0.81127524), (-0.99967813, 0.0020007617, -0.025291447), (-0.12159516, -0.026501184, -0.99222594), (-0.14787799, 0.02955225, -0.9885641), (-0.14787799, 0.02955225, -0.9885641), (-0.13344899, 0.1704862, -0.9762817), (-0.14961453, 0.08148534, -0.985381), (-0.14961453, 0.08148534, -0.985381), (-0.99967813, 0.0020007617, -0.025291447), (-0.14787799, 0.02955225, -0.9885641), (-0.9975133, 0.0054401336, -0.07026894), (-0.14961453, 0.08148534, -0.985381), (-0.13344899, 0.1704862, -0.9762817), (-0.13344899, 0.1704862, -0.9762817), (-0.10649734, 0.43625227, -0.89350015), (-0.14320025, 0.28306848, -0.94834906), (-0.14320025, 0.28306848, -0.94834906), (-0.9975133, 0.0054401336, -0.07026894), (-0.13344899, 0.1704862, -0.9762817), (-0.9996482, 0.01724204, 0.020160902), (-0.14320025, 0.28306848, -0.94834906), (-0.10649734, 0.43625227, -0.89350015), (-0.10649734, 0.43625227, -0.89350015), (-0.05818091, 0.6909392, -0.72056794), (-0.08665914, 0.6190753, -0.78053576), (-0.08665914, 0.6190753, -0.78053576), (-0.9996482, 0.01724204, 0.020160902), (-0.10649734, 0.43625227, -0.89350015), (-0.99928254, 0.012799125, 0.035647206), (-0.08665914, 0.6190753, -0.78053576), (-0.05818091, 0.6909392, -0.72056794), (-0.05818091, 0.6909392, -0.72056794), (-0.054444768, 0.8445749, -0.53266203), (-0.081737, 0.79747176, -0.59779435), (-0.081737, 0.79747176, -0.59779435), (-0.99928254, 0.012799125, 0.035647206), (-0.05818091, 0.6909392, -0.72056794), (-0.999776, 0.02036313, 0.0057739303), (-0.081737, 0.79747176, -0.59779435), (-0.054444768, 0.8445749, -0.53266203), (-0.054444768, 0.8445749, -0.53266203), (-0.05634942, 0.9532734, -0.29680762), (-0.0778703, 0.9171697, -0.39081472), (-0.0778703, 0.9171697, -0.39081472), (-0.999776, 0.02036313, 0.0057739303), (-0.054444768, 0.8445749, -0.53266203), (-0.9998799, 0.009491782, -0.012255435), (-0.0778703, 0.9171697, -0.39081472), (-0.05634942, 0.9532734, -0.29680762), (-0.05634942, 0.9532734, -0.29680762), (-0.058345687, 0.99722934, -0.04614589), (-0.07878799, 0.98722535, -0.13848674), (-0.07878799, 0.98722535, -0.13848674), (-0.9998799, 0.009491782, -0.012255435), (-0.05634942, 0.9532734, -0.29680762), (-0.9996674, 0.018868912, -0.01757876), (-0.07878799, 0.98722535, -0.13848674), (-0.058345687, 0.99722934, -0.04614589), (-0.058345687, 0.99722934, -0.04614589), (-0.027041271, 0.996045, -0.08463552), (-0.07952396, 0.9955938, -0.049687695), (-0.07952396, 0.9955938, -0.049687695), (-0.9996674, 0.018868912, -0.01757876), (-0.058345687, 0.99722934, -0.04614589), (-0.9983926, 0.05538834, 0.012017266), (-0.07952396, 0.9955938, -0.049687695), (-0.027041271, 0.996045, -0.08463552), (-0.027041271, 0.996045, -0.08463552), (-0.024556173, 0.9823522, 0.18542138), (-0.08097739, 0.9704871, 0.2271509), (-0.08097739, 0.9704871, 0.2271509), (-0.9983926, 0.05538834, 0.012017266), (-0.027041271, 0.996045, -0.08463552), (-0.9942749, 0.09892878, 0.040380523), (-0.08097739, 0.9704871, 0.2271509), (-0.024556173, 0.9823522, 0.18542138), (-0.024556173, 0.9823522, 0.18542138), (-0.02482214, 0.89938587, 0.43645063), (-0.030309334, 0.9528829, 0.3018205), (-0.030309334, 0.9528829, 0.3018205), (-0.9942749, 0.09892878, 0.040380523), (-0.024556173, 0.9823522, 0.18542138), (-0.9993717, 0.031107789, 0.016990855), (-0.030309334, 0.9528829, 0.3018205), (-0.02482214, 0.89938587, 0.43645063), (-0.02482214, 0.89938587, 0.43645063), (-0.025515608, 0.7548596, 0.65538996), (-0.029303806, 0.8385906, 0.54397357), (-0.029303806, 0.8385906, 0.54397357), (-0.9993717, 0.031107789, 0.016990855), (-0.02482214, 0.89938587, 0.43645063), (-0.99941105, 0.029739242, 0.017127844), (-0.029303806, 0.8385906, 0.54397357), (-0.025515608, 0.7548596, 0.65538996), (-0.025515608, 0.7548596, 0.65538996), (-0.08865499, 0.5012399, 0.86075485), (-0.032152306, 0.66543055, 0.74576706), (-0.032152306, 0.66543055, 0.74576706), (-0.99941105, 0.029739242, 0.017127844), (-0.025515608, 0.7548596, 0.65538996), (-0.9993518, 0.03200181, 0.016489523), (-0.032152306, 0.66543055, 0.74576706), (-0.08865499, 0.5012399, 0.86075485), (-0.08865499, 0.5012399, 0.86075485), (-0.13456903, 0.25088134, 0.95861864), (-0.13827218, 0.3289273, 0.9341775), (-0.13827218, 0.3289273, 0.9341775), (-0.9993518, 0.03200181, 0.016489523), (-0.08865499, 0.5012399, 0.86075485), (-0.9992559, -0.022047568, 0.0316505), (-0.13827218, 0.3289273, 0.9341775), (-0.13456903, 0.25088134, 0.95861864), (-0.13456903, 0.25088134, 0.95861864), (-0.13506334, 0.11708855, 0.98389447), (-0.13961612, 0.12782355, 0.98192084), (-0.13961612, 0.12782355, 0.98192084), (-0.9992559, -0.022047568, 0.0316505), (-0.13456903, 0.25088134, 0.95861864), (-0.9998095, -0.017018124, 0.009559769), (-0.13961612, 0.12782355, 0.98192084), (-0.13506334, 0.11708855, 0.98389447), (-0.13506334, 0.11708855, 0.98389447), (-0.14950202, -0.029426195, 0.9883235), (-0.9992828, 0.03583479, -0.012237955), (-0.9992828, 0.03583479, -0.012237955), (-0.9998095, -0.017018124, 0.009559769), (-0.13506334, 0.11708855, 0.98389447), (-0.10574361, -0.04957138, 0.99315715), (-0.9992828, 0.03583479, -0.012237955), (-0.14950202, -0.029426195, 0.9883235), (-0.14950202, -0.029426195, 0.9883235), (-0.1530622, -0.19155511, 0.96947336), (-0.99985206, 0.0039013568, 0.016753163), (-0.99985206, 0.0039013568, 0.016753163), (-0.10574361, -0.04957138, 0.99315715), (-0.14950202, -0.029426195, 0.9883235), (-0.114027366, -0.2474431, 0.96216935), (-0.99985206, 0.0039013568, 0.016753163), (-0.1530622, -0.19155511, 0.96947336), (-0.1530622, -0.19155511, 0.96947336), (-0.117637865, -0.36348468, 0.924143), (-0.99749744, -0.0317805, 0.06315933), (-0.99749744, -0.0317805, 0.06315933), (-0.114027366, -0.2474431, 0.96216935), (-0.1530622, -0.19155511, 0.96947336), (-0.0059733, -0.389549, 0.92098635), (-0.99749744, -0.0317805, 0.06315933), (-0.117637865, -0.36348468, 0.924143), (-0.117637865, -0.36348468, 0.924143), (-0.11250463, -0.59599286, 0.7950693), (-0.99488366, -0.024064604, 0.098119676), (-0.99488366, -0.024064604, 0.098119676), (-0.0059733, -0.389549, 0.92098635), (-0.117637865, -0.36348468, 0.924143), (-0.0131717855, -0.65423435, 0.75617725), (-0.99488366, -0.024064604, 0.098119676), (-0.11250463, -0.59599286, 0.7950693), (-0.11250463, -0.59599286, 0.7950693), (-0.1011874, -0.8380535, 0.5361225), (-0.99849516, -0.019418035, 0.05128708), (-0.99849516, -0.019418035, 0.05128708), (-0.0131717855, -0.65423435, 0.75617725), (-0.11250463, -0.59599286, 0.7950693), (-0.081467114, -0.82137847, 0.5645358), (-0.99849516, -0.019418035, 0.05128708), (-0.1011874, -0.8380535, 0.5361225), (-0.1011874, -0.8380535, 0.5361225), (-0.057011563, -0.95406044, 0.29414007), (-0.081467114, -0.82137847, 0.5645358), (-0.9997963, -0.018059311, -0.009013426), (-0.081467114, -0.82137847, 0.5645358), (-0.057011563, -0.95406044, 0.29414007), (-0.057011563, -0.95406044, 0.29414007), (-0.05618614, -0.99739045, 0.045336258), (-0.07935604, -0.988209, 0.1309419), (-0.07935604, -0.988209, 0.1309419), (-0.9997963, -0.018059311, -0.009013426), (-0.057011563, -0.95406044, 0.29414007), (-0.9998815, -0.01219613, -0.009404143), (-0.07935604, -0.988209, 0.1309419), (-0.05618614, -0.99739045, 0.045336258), (-0.05618614, -0.99739045, 0.045336258), (-0.055953372, -0.98085326, -0.18653716), (-0.07708464, -0.9914454, -0.10532783), (-0.07708464, -0.9914454, -0.10532783), (-0.9998815, -0.01219613, -0.009404143), (-0.05618614, -0.99739045, 0.045336258), (-0.9998293, -0.00037756536, 0.018472413), (-0.07708464, -0.9914454, -0.10532783), (-0.055953372, -0.98085326, -0.18653716), (-0.055953372, -0.98085326, -0.18653716), (-0.057055853, -0.9024707, -0.4269558), (-0.07892638, -0.93998885, -0.33195138), (-0.07892638, -0.93998885, -0.33195138), (-0.9998293, -0.00037756536, 0.018472413), (-0.055953372, -0.98085326, -0.18653716), (-0.99605167, 0.084624365, 0.026832677), (-0.07892638, -0.93998885, -0.33195138), (-0.057055853, -0.9024707, -0.4269558), (-0.057055853, -0.9024707, -0.4269558), (-0.05637748, -0.7635497, -0.64328337), (-0.080531836, -0.81694245, -0.57106894), (-0.080531836, -0.81694245, -0.57106894), (-0.99605167, 0.084624365, 0.026832677), (-0.057055853, -0.9024707, -0.4269558), (-0.9968279, 0.07066703, 0.03661007), (-0.080531836, -0.81694245, -0.57106894), (-0.05637748, -0.7635497, -0.64328337), (-0.05637748, -0.7635497, -0.64328337), (-0.059253834, -0.58046144, -0.812129), (-0.07780871, -0.652961, -0.75338435), (-0.07780871, -0.652961, -0.75338435), (-0.9968279, 0.07066703, 0.03661007), (-0.05637748, -0.7635497, -0.64328337), (-0.99927694, 0.016939482, 0.034040503), (-0.07780871, -0.652961, -0.75338435), (-0.059253834, -0.58046144, -0.812129), (-0.059253834, -0.58046144, -0.812129), (-0.094702855, -0.41294867, -0.90581715), (-0.08155071, -0.45633253, -0.8860645), (-0.08155071, -0.45633253, -0.8860645), (-0.99927694, 0.016939482, 0.034040503), (-0.059253834, -0.58046144, -0.812129), (-0.99837095, 0.0068513732, 0.056645337), (-0.08155071, -0.45633253, -0.8860645), (-0.094702855, -0.41294867, -0.90581715), (-0.094702855, -0.41294867, -0.90581715), (-0.12524842, -0.2925686, -0.94800663), (-0.13312086, -0.34916827, -0.9275561), (-0.13312086, -0.34916827, -0.9275561), (-0.99837095, 0.0068513732, 0.056645337), (-0.094702855, -0.41294867, -0.90581715), (-0.9984451, -0.0041718227, 0.055587623), (-0.13312086, -0.34916827, -0.9275561), (-0.12524842, -0.2925686, -0.94800663), (-0.12524842, -0.2925686, -0.94800663), (-0.14034705, -0.15264902, -0.9782643), (-0.13229935, -0.18511717, -0.97377026), (-0.13229935, -0.18511717, -0.97377026), (-0.9984451, -0.0041718227, 0.055587623), (-0.12524842, -0.2925686, -0.94800663), (-0.14034705, -0.15264902, -0.9782643), (-0.14787799, 0.02955225, -0.9885641), (-0.14353876, -0.06967337, -0.9871891), (-0.14353876, -0.06967337, -0.9871891), (-0.13229935, -0.18511717, -0.97377026), (-0.14034705, -0.15264902, -0.9782643), (-0.12159516, -0.026501184, -0.99222594), (-0.14353876, -0.06967337, -0.9871891), (-0.14787799, 0.02955225, -0.9885641), (-0.10613998, -0.9211929, 0.3743502), (-0.17671758, -0.9827129, 0.055193555), (-0.07154181, -0.93547505, 0.3460754), (-0.07154181, -0.93547505, 0.3460754), (-0.09796938, -0.8671881, 0.48824883), (-0.10613998, -0.9211929, 0.3743502), (-0.9996131, 0.021680122, -0.017422816), (-0.10613998, -0.9211929, 0.3743502), (-0.09796938, -0.8671881, 0.48824883), (-0.09796938, -0.8671881, 0.48824883), (-0.11486279, -0.7862531, 0.6071348), (-0.9996131, 0.021680122, -0.017422816), (-0.07927909, -0.77647936, 0.62513566), (-0.9996131, 0.021680122, -0.017422816), (-0.11486279, -0.7862531, 0.6071348), (-0.11486279, -0.7862531, 0.6071348), (-0.118557334, -0.67783284, 0.72559404), (-0.110392004, -0.6946587, 0.71081847), (-0.110392004, -0.6946587, 0.71081847), (-0.07927909, -0.77647936, 0.62513566), (-0.11486279, -0.7862531, 0.6071348), (-0.118557334, -0.67783284, 0.72559404), (-0.09785328, -0.4785735, 0.8725779), (-0.10444834, -0.57035714, 0.8147289), (-0.10444834, -0.57035714, 0.8147289), (-0.110392004, -0.6946587, 0.71081847), (-0.118557334, -0.67783284, 0.72559404), (-0.99989057, 0.0048946086, 0.013966929), (-0.10444834, -0.57035714, 0.8147289), (-0.09785328, -0.4785735, 0.8725779), (-0.09785328, -0.4785735, 0.8725779), (-0.14684081, -0.35223916, 0.92431897), (-0.99989057, 0.0048946086, 0.013966929), (-0.14684081, -0.35223916, 0.92431897), (-0.13507542, -0.37333986, 0.9178083), (-0.12956639, -0.4235005, 0.8965824), (-0.12956639, -0.4235005, 0.8965824), (-0.99989057, 0.0048946086, 0.013966929), (-0.14684081, -0.35223916, 0.92431897), (-0.05675866, -0.660888, 0.7483351), (-0.12956639, -0.4235005, 0.8965824), (-0.13507542, -0.37333986, 0.9178083), (-0.13507542, -0.37333986, 0.9178083), (-0.14316101, -0.13944028, 0.9798273), (-0.1482066, -0.2314189, 0.9614989), (-0.1482066, -0.2314189, 0.9614989), (-0.05675866, -0.660888, 0.7483351), (-0.13507542, -0.37333986, 0.9178083), (-0.11242412, -0.13496329, 0.98445207), (-0.1482066, -0.2314189, 0.9614989), (-0.14316101, -0.13944028, 0.9798273), (-0.14316101, -0.13944028, 0.9798273), (-0.1310452, -0.06527466, 0.9892252), (-0.9999542, 0.0062435525, 0.00725104), (-0.9999542, 0.0062435525, 0.00725104), (-0.11242412, -0.13496329, 0.98445207), (-0.14316101, -0.13944028, 0.9798273), (-0.0857841, -0.06102985, 0.9944428), (-0.9999542, 0.0062435525, 0.00725104), (-0.1310452, -0.06527466, 0.9892252), (-0.1310452, -0.06527466, 0.9892252), (-0.15570547, -0.023630448, 0.9875209), (-0.99961394, -0.005362315, -0.027264126), (-0.99961394, -0.005362315, -0.027264126), (-0.0857841, -0.06102985, 0.9944428), (-0.1310452, -0.06527466, 0.9892252), (-0.15570547, -0.023630448, 0.9875209), (-0.14564359, 0.012122524, 0.98926294), (-0.14648224, 0.009443551, 0.9891683), (-0.14648224, 0.009443551, 0.9891683), (-0.99961394, -0.005362315, -0.027264126), (-0.15570547, -0.023630448, 0.9875209), (-0.14564359, 0.012122524, 0.98926294), (-0.14564338, 0.0124447225, 0.9892589), (-0.9998168, -0.0076597775, -0.017541781), (-0.9998168, -0.0076597775, -0.017541781), (-0.14648224, 0.009443551, 0.9891683), (-0.14564359, 0.012122524, 0.98926294), (-0.14564338, 0.0124447225, 0.9892589), (-0.16231458, 0.11120302, -0.980453), (-0.00029870388, 0.9999203, -0.012622818), (-0.00029870388, 0.9999203, -0.012622818), (-0.9998168, -0.0076597775, -0.017541781), (-0.14564338, 0.0124447225, 0.9892589), (-0.16231458, 0.11120302, -0.980453), (-0.00029870388, 0.9999203, -0.012622818), (-0.07358729, 0.043453336, -0.99634176), (-0.07358729, 0.043453336, -0.99634176), (-0.00029870388, 0.9999203, -0.012622818), (-0.16231458, 0.11120302, -0.980453), (-0.00029870388, 0.9999203, -0.012622818), (-0.13553293, 0.7042993, 0.69684535), (-0.08332965, 0.7374477, 0.6702441), (-0.08332965, 0.7374477, 0.6702441), (-0.07358729, 0.043453336, -0.99634176), (-0.00029870388, 0.9999203, -0.012622818), (-0.13553293, 0.7042993, 0.69684535), (-0.14311354, 0.77676225, 0.613318), (-0.14069416, 0.7557732, 0.6395405), (-0.14069416, 0.7557732, 0.6395405), (-0.08332965, 0.7374477, 0.6702441), (-0.13553293, 0.7042993, 0.69684535), (-0.14311354, 0.77676225, 0.613318), (-0.14013283, 0.8597787, 0.49106354), (-0.14023118, 0.8327817, 0.5355464), (-0.14023118, 0.8327817, 0.5355464), (-0.14069416, 0.7557732, 0.6395405), (-0.14311354, 0.77676225, 0.613318), (-0.14013283, 0.8597787, 0.49106354), (-0.14623131, 0.91840357, 0.3676293), (-0.9997205, -0.023644818, -0.00015313232), (-0.9997205, -0.023644818, -0.00015313232), (-0.14023118, 0.8327817, 0.5355464), (-0.14013283, 0.8597787, 0.49106354), (-0.14623131, 0.91840357, 0.3676293), (-0.14623317, 0.9618181, 0.23134805), (-0.1462296, 0.9496386, 0.27713478), (-0.1462296, 0.9496386, 0.27713478), (-0.9997205, -0.023644818, -0.00015313232), (-0.14623131, 0.91840357, 0.3676293), (-0.14623317, 0.9618181, 0.23134805), (-0.1431058, 0.9845299, 0.101101734), (-0.14618471, 0.9784033, 0.14614126), (-0.14618471, 0.9784033, 0.14614126), (-0.1462296, 0.9496386, 0.27713478), (-0.14623317, 0.9618181, 0.23134805), (-0.1431058, 0.9845299, 0.101101734), (-0.13710557, 0.99022204, -0.025738418), (-0.14015546, 0.9899464, 0.019040978), (-0.14015546, 0.9899464, 0.019040978), (-0.14618471, 0.9784033, 0.14614126), (-0.1431058, 0.9845299, 0.101101734), (-0.13710557, 0.99022204, -0.025738418), (-0.14706011, 0.975727, -0.16226582), (-0.9999771, -0.0011382173, 0.006677022), (-0.9999771, -0.0011382173, 0.006677022), (-0.14015546, 0.9899464, 0.019040978), (-0.13710557, 0.99022204, -0.025738418), (-0.14706011, 0.975727, -0.16226582), (-0.14787526, 0.9647742, -0.21758623), (-0.15675317, 0.96835965, -0.19418608), (-0.15675317, 0.96835965, -0.19418608), (-0.9999771, -0.0011382173, 0.006677022), (-0.14706011, 0.975727, -0.16226582), (-0.14787526, 0.9647742, -0.21758623), (-0.12795809, 0.9025744, -0.41107947), (-0.12568536, 0.92660534, -0.35440904), (-0.12568536, 0.92660534, -0.35440904), (-0.15675317, 0.96835965, -0.19418608), (-0.14787526, 0.9647742, -0.21758623), (-0.12795809, 0.9025744, -0.41107947), (-0.1399828, 0.8907317, -0.4324374), (-0.99475384, 0.0897839, -0.049028), (-0.99475384, 0.0897839, -0.049028), (-0.12568536, 0.92660534, -0.35440904), (-0.12795809, 0.9025744, -0.41107947), (-0.1399828, 0.8907317, -0.4324374), (-0.10001634, 0.78208333, -0.61509544), (-0.10998414, 0.83105445, -0.5452083), (-0.10998414, 0.83105445, -0.5452083), (-0.99475384, 0.0897839, -0.049028), (-0.1399828, 0.8907317, -0.4324374), (-0.10001634, 0.78208333, -0.61509544), (-0.13760385, 0.7128901, -0.687643), (-0.11455013, 0.719691, -0.6847797), (-0.11455013, 0.719691, -0.6847797), (-0.10998414, 0.83105445, -0.5452083), (-0.10001634, 0.78208333, -0.61509544), (-0.13760385, 0.7128901, -0.687643), (-0.14975406, 0.63934857, -0.75419307), (-0.14450534, 0.6591673, -0.73798156), (-0.14450534, 0.6591673, -0.73798156), (-0.11455013, 0.719691, -0.6847797), (-0.13760385, 0.7128901, -0.687643), (-0.14975406, 0.63934857, -0.75419307), (-0.14073677, 0.5440483, -0.8271666), (-0.14791332, 0.58235526, -0.7993648), (-0.14791332, 0.58235526, -0.7993648), (-0.14450534, 0.6591673, -0.73798156), (-0.14975406, 0.63934857, -0.75419307), (-0.14073677, 0.5440483, -0.8271666), (-0.13033102, 0.42728916, -0.8946719), (-0.9999297, 0.008023498, -0.008734161), (-0.9999297, 0.008023498, -0.008734161), (-0.14791332, 0.58235526, -0.7993648), (-0.14073677, 0.5440483, -0.8271666), (-0.13033102, 0.42728916, -0.8946719), (-0.13253044, 0.3164345, -0.9393109), (-0.13028964, 0.35160798, -0.92703646), (-0.13028964, 0.35160798, -0.92703646), (-0.9999297, 0.008023498, -0.008734161), (-0.13033102, 0.42728916, -0.8946719), (-0.13253044, 0.3164345, -0.9393109), (-0.1417716, 0.21169506, -0.9669985), (-0.13465735, 0.24033637, -0.9613043), (-0.13465735, 0.24033637, -0.9613043), (-0.13028964, 0.35160798, -0.92703646), (-0.13253044, 0.3164345, -0.9393109), (-0.1417716, 0.21169506, -0.9669985), (-0.14947188, 0.13151915, -0.9799801), (-0.14653571, 0.15287556, -0.9773211), (-0.14653571, 0.15287556, -0.9773211), (-0.13465735, 0.24033637, -0.9613043), (-0.1417716, 0.21169506, -0.9669985), (-0.14947188, 0.13151915, -0.9799801), (-0.14572173, 0.047548614, -0.9881823), (-0.9195926, 0.008727649, -0.39277655), (-0.9195926, 0.008727649, -0.39277655), (-0.14653571, 0.15287556, -0.9773211), (-0.14947188, 0.13151915, -0.9799801), (-0.14572173, 0.047548614, -0.9881823), (-0.14082366, -0.010901132, -0.98997474), (-0.14566328, 0.011230747, -0.9892705), (-0.14566328, 0.011230747, -0.9892705), (-0.9195926, 0.008727649, -0.39277655), (-0.14572173, 0.047548614, -0.9881823), (-0.14082366, -0.010901132, -0.98997474), (-0.13222583, -0.09665885, -0.9864956), (-0.1353599, -0.063391946, -0.98876655), (-0.1353599, -0.063391946, -0.98876655), (-0.14566328, 0.011230747, -0.9892705), (-0.14082366, -0.010901132, -0.98997474), (-0.13222583, -0.09665885, -0.9864956), (-0.1414361, -0.17644988, -0.97409517), (-0.13440035, -0.15532078, -0.97867876), (-0.13440035, -0.15532078, -0.97867876), (-0.1353599, -0.063391946, -0.98876655), (-0.13222583, -0.09665885, -0.9864956), (-0.1414361, -0.17644988, -0.97409517), (-0.14423099, -0.23310027, -0.96169734), (-0.9999684, -0.002540353, 0.007540808), (-0.9999684, -0.002540353, 0.007540808), (-0.13440035, -0.15532078, -0.97867876), (-0.1414361, -0.17644988, -0.97409517), (-0.14423099, -0.23310027, -0.96169734), (-0.13704999, -0.3446888, -0.9286588), (-0.13730368, -0.30257332, -0.9431846), (-0.13730368, -0.30257332, -0.9431846), (-0.9999684, -0.002540353, 0.007540808), (-0.14423099, -0.23310027, -0.96169734), (-0.13704999, -0.3446888, -0.9286588), (-0.16070029, -0.4348602, -0.8860429), (-0.14447813, -0.4226359, -0.8947095), (-0.14447813, -0.4226359, -0.8947095), (-0.13730368, -0.30257332, -0.9431846), (-0.13704999, -0.3446888, -0.9286588), (-0.16070029, -0.4348602, -0.8860429), (-0.14946294, -0.43741405, -0.88675237), (-0.99625516, -0.047116164, -0.072496496), (-0.99625516, -0.047116164, -0.072496496), (-0.14447813, -0.4226359, -0.8947095), (-0.16070029, -0.4348602, -0.8860429), (-0.14946294, -0.43741405, -0.88675237), (-0.10559537, -0.62593055, -0.7726971), (-0.1124868, -0.55669206, -0.82306796), (-0.1124868, -0.55669206, -0.82306796), (-0.99625516, -0.047116164, -0.072496496), (-0.14946294, -0.43741405, -0.88675237), (-0.10559537, -0.62593055, -0.7726971), (-0.14567755, -0.6812311, -0.71742755), (-0.12364483, -0.6790363, -0.7236171), (-0.12364483, -0.6790363, -0.7236171), (-0.1124868, -0.55669206, -0.82306796), (-0.10559537, -0.62593055, -0.7726971), (-0.14567755, -0.6812311, -0.71742755), (-0.14569871, -0.7726668, -0.6178657), (-0.14569755, -0.74282867, -0.65343535), (-0.14569755, -0.74282867, -0.65343535), (-0.12364483, -0.6790363, -0.7236171), (-0.14567755, -0.6812311, -0.71742755), (-0.14569871, -0.7726668, -0.6178657), (-0.1457085, -0.854374, -0.49881268), (-0.14570615, -0.8286661, -0.54044646), (-0.14570615, -0.8286661, -0.54044646), (-0.14569755, -0.74282867, -0.65343535), (-0.14569871, -0.7726668, -0.6178657), (-0.1457085, -0.854374, -0.49881268), (-0.1456975, -0.9192485, -0.3657244), (-0.99984723, -0.012850208, -0.011850236), (-0.99984723, -0.012850208, -0.011850236), (-0.14570615, -0.8286661, -0.54044646), (-0.1457085, -0.854374, -0.49881268), (-0.1456975, -0.9192485, -0.3657244), (-0.14565875, -0.96289754, -0.227183), (-0.14566368, -0.95083016, -0.27332053), (-0.14566368, -0.95083016, -0.27332053), (-0.99984723, -0.012850208, -0.011850236), (-0.1456975, -0.9192485, -0.3657244), (-0.14565875, -0.96289754, -0.227183), (-0.14560668, -0.98502594, -0.092318825), (-0.14561334, -0.9799081, -0.13629703), (-0.14561334, -0.9799081, -0.13629703), (-0.14566368, -0.95083016, -0.27332053), (-0.14565875, -0.96289754, -0.227183), (-0.14560668, -0.98502594, -0.092318825), (-0.14559188, -0.98882943, 0.031927064), (-0.14557055, -0.98929465, -0.010275309), (-0.14557055, -0.98929465, -0.010275309), (-0.14561334, -0.9799081, -0.13629703), (-0.14560668, -0.98502594, -0.092318825), (-0.14559188, -0.98882943, 0.031927064), (-0.14041007, -0.9775797, 0.15691681), (-0.9999449, -0.008709539, -0.005859297), (-0.9999449, -0.008709539, -0.005859297), (-0.14557055, -0.98929465, -0.010275309), (-0.14559188, -0.98882943, 0.031927064), (-0.14041007, -0.9775797, 0.15691681), (-0.13224378, -0.9412914, 0.3106157), (-0.13534671, -0.95772576, 0.25385588), (-0.13534671, -0.95772576, 0.25385588), (-0.9999449, -0.008709539, -0.005859297), (-0.14041007, -0.9775797, 0.15691681), (-0.13224378, -0.9412914, 0.3106157), (-0.13848932, -0.8854393, 0.44364187), (-0.13442259, -0.90458804, 0.40453807), (-0.13442259, -0.90458804, 0.40453807), (-0.13534671, -0.95772576, 0.25385588), (-0.13224378, -0.9412914, 0.3106157), (-0.13848932, -0.8854393, 0.44364187), (-0.1402437, -0.81740975, 0.55872464), (-0.14023934, -0.84057796, 0.5232225), (-0.14023934, -0.84057796, 0.5232225), (-0.13442259, -0.90458804, 0.40453807), (-0.13848932, -0.8854393, 0.44364187), (-0.1402437, -0.81740975, 0.55872464), (-0.13663167, -0.7331929, 0.66615313), (-0.9999501, 0.009804204, 0.0019073067), (-0.9999501, 0.009804204, 0.0019073067), (-0.14023934, -0.84057796, 0.5232225), (-0.1402437, -0.81740975, 0.55872464), (-0.13663167, -0.7331929, 0.66615313), (-0.0879312, -0.7133682, 0.69525105), (-0.13579294, -0.73959196, 0.65921474), (-0.13579294, -0.73959196, 0.65921474), (-0.9999501, 0.009804204, 0.0019073067), (-0.13663167, -0.7331929, 0.66615313), (-0.0879312, -0.7133682, 0.69525105), (-0.060566425, -0.045238487, -0.99713856), (-0.00029870388, 0.9999203, -0.012622818), (-0.00029870388, 0.9999203, -0.012622818), (-0.13579294, -0.73959196, 0.65921474), (-0.0879312, -0.7133682, 0.69525105), (-0.060566425, -0.045238487, -0.99713856), (-0.12695004, 0.0012836276, -0.99190825), (-0.9993073, 0.012126351, 0.035184808), (-0.9993073, 0.012126351, 0.035184808), (-0.00029870388, 0.9999203, -0.012622818), (-0.060566425, -0.045238487, -0.99713856), (-0.12695004, 0.0012836276, -0.99190825), (-0.08792163, 0.19676329, -0.9765009), (-0.99794793, -0.04859258, -0.041697703), (-0.99794793, -0.04859258, -0.041697703), (-0.9993073, 0.012126351, 0.035184808), (-0.12695004, 0.0012836276, -0.99190825), (-0.08792163, 0.19676329, -0.9765009), (-0.104207546, 0.3316693, -0.9376227), (-0.05715297, 0.2834438, -0.9572843), (-0.05715297, 0.2834438, -0.9572843), (-0.99794793, -0.04859258, -0.041697703), (-0.08792163, 0.19676329, -0.9765009), (-0.99995893, 0.008967209, -0.0013967042), (-0.05715297, 0.2834438, -0.9572843), (-0.104207546, 0.3316693, -0.9376227), (-0.104207546, 0.3316693, -0.9376227), (-0.10676274, 0.6289284, -0.7700979), (-0.9999363, -0.01125071, -0.0009806686), (-0.9999363, -0.01125071, -0.0009806686), (-0.99995893, 0.008967209, -0.0013967042), (-0.104207546, 0.3316693, -0.9376227), (-0.011374399, 0.68556714, -0.7279206), (-0.9999363, -0.01125071, -0.0009806686), (-0.10676274, 0.6289284, -0.7700979), (-0.10676274, 0.6289284, -0.7700979), (-0.14543597, 0.87573266, -0.46037027), (-0.00029870388, 0.9999203, -0.012622818), (-0.00029870388, 0.9999203, -0.012622818), (-0.011374399, 0.68556714, -0.7279206), (-0.10676274, 0.6289284, -0.7700979), (-0.14543597, 0.87573266, -0.46037027), (-0.15485826, 0.9526027, -0.2618535), (-0.00029870388, 0.9999203, -0.012622818), (-0.00029870388, 0.9999203, -0.012622818), (-0.00029870388, 0.9999203, -0.012622818), (-0.14543597, 0.87573266, -0.46037027), (-0.15485826, 0.9526027, -0.2618535), (-0.1531841, 0.9880416, 0.017565364), (-0.9998805, -0.01544142, 0.00084721827), (-0.9998805, -0.01544142, 0.00084721827), (-0.00029870388, 0.9999203, -0.012622818), (-0.15485826, 0.9526027, -0.2618535), (-0.05002085, 0.94440794, 0.32494873), (-0.9998805, -0.01544142, 0.00084721827), (-0.1531841, 0.9880416, 0.017565364), (-0.1531841, 0.9880416, 0.017565364), (-0.1585173, 0.9842174, 0.07866568), (-0.9992011, -0.013213084, 0.037716124), (-0.9992011, -0.013213084, 0.037716124), (-0.05002085, 0.94440794, 0.32494873), (-0.1531841, 0.9880416, 0.017565364), (-0.00029870388, 0.9999203, -0.012622818), (-0.9992011, -0.013213084, 0.037716124), (-0.1585173, 0.9842174, 0.07866568), (-0.1585173, 0.9842174, 0.07866568), (-0.13899927, 0.952215, 0.27196667), (-0.00029870388, 0.9999203, -0.012622818), (-0.9976746, -0.058502268, -0.034970105), (-0.00029870388, 0.9999203, -0.012622818), (-0.13899927, 0.952215, 0.27196667), (-0.13899927, 0.952215, 0.27196667), (-0.15614845, 0.71717495, 0.67917436), (-0.9976746, -0.058502268, -0.034970105), (-0.99646294, 0.083182596, -0.011926572), (-0.9976746, -0.058502268, -0.034970105), (-0.15614845, 0.71717495, 0.67917436), (-0.15614845, 0.71717495, 0.67917436), (0.0705426, 0.99480504, 0.07339521), (-0.97587997, -0.2173782, -0.020129902), (-0.97587997, -0.2173782, -0.020129902), (-0.99646294, 0.083182596, -0.011926572), (-0.15614845, 0.71717495, 0.67917436), (0.1872166, 0.981869, 0.029721342), (-0.97587997, -0.2173782, -0.020129902), (0.0705426, 0.99480504, 0.07339521), (0.0705426, 0.99480504, 0.07339521), (-0.04246422, 0.99254704, 0.11422442), (0.0705426, 0.99480504, 0.07339519), (0.0705426, 0.99480504, 0.07339519), (0.1872166, 0.981869, 0.029721342), (0.0705426, 0.99480504, 0.07339521), (-0.04246422, 0.99254704, 0.11422442), (-0.13339959, -0.09489337, -0.98650897), (-0.99898756, -0.043591022, -0.011121664), (-0.99898756, -0.043591022, -0.011121664), (0.0705426, 0.99480504, 0.07339519), (-0.04246422, 0.99254704, 0.11422442), (-0.061781626, 0.18302388, -0.9811654), (-0.99898756, -0.043591022, -0.011121664), (-0.13339959, -0.09489337, -0.98650897), (-0.13339959, -0.09489337, -0.98650897), (-0.13298774, -0.33683074, -0.9321263), (-0.11757179, -0.20452964, -0.9717739), (-0.11757179, -0.20452964, -0.9717739), (-0.061781626, 0.18302388, -0.9811654), (-0.13339959, -0.09489337, -0.98650897), (-0.06427793, -0.054224588, -0.9964578), (-0.11757179, -0.20452964, -0.9717739), (-0.13298774, -0.33683074, -0.9321263), (-0.13298774, -0.33683074, -0.9321263), (-0.13120934, -0.6599393, -0.73977315), (-0.14360702, -0.52917796, -0.8362702), (-0.14360702, -0.52917796, -0.8362702), (-0.06427793, -0.054224588, -0.9964578), (-0.13298774, -0.33683074, -0.9321263), (-0.09757958, -0.666529, -0.7390653), (-0.14360702, -0.52917796, -0.8362702), (-0.13120934, -0.6599393, -0.73977315), (-0.13120934, -0.6599393, -0.73977315), (-0.1283974, -0.8219506, -0.5548977), (-0.9991824, 0.03751868, 0.015063817), (-0.9991824, 0.03751868, 0.015063817), (-0.09757958, -0.666529, -0.7390653), (-0.13120934, -0.6599393, -0.73977315), (-0.093362406, -0.8435436, -0.5288835), (-0.9991824, 0.03751868, 0.015063817), (-0.1283974, -0.8219506, -0.5548977), (-0.1283974, -0.8219506, -0.5548977), (-0.15349768, -0.90635264, -0.39365387), (-0.13068928, -0.91061556, -0.39204556), (-0.13068928, -0.91061556, -0.39204556), (-0.093362406, -0.8435436, -0.5288835), (-0.1283974, -0.8219506, -0.5548977), (-0.15349768, -0.90635264, -0.39365387), (-0.13645959, -0.95826674, -0.25120425), (-0.14687586, -0.9408612, -0.3052992), (-0.14687586, -0.9408612, -0.3052992), (-0.13068928, -0.91061556, -0.39204556), (-0.15349768, -0.90635264, -0.39365387), (-0.13645959, -0.95826674, -0.25120425), (-0.14142056, -0.97757703, -0.15602347), (-0.995665, -0.069280684, -0.062060528), (-0.995665, -0.069280684, -0.062060528), (-0.14687586, -0.9408612, -0.3052992), (-0.13645959, -0.95826674, -0.25120425), (-0.14142056, -0.97757703, -0.15602347), (-0.14369692, -0.98421067, -0.10334769), (-0.14802071, -0.98189616, -0.118194126), (-0.14802071, -0.98189616, -0.118194126), (-0.995665, -0.069280684, -0.062060528), (-0.14142056, -0.97757703, -0.15602347), (-0.14369692, -0.98421067, -0.10334769), (-0.108760044, -0.992983, -0.046434753), (-0.13825119, -0.9866925, -0.08558363), (-0.13825119, -0.9866925, -0.08558363), (-0.14802071, -0.98189616, -0.118194126), (-0.14369692, -0.98421067, -0.10334769), (-0.108760044, -0.992983, -0.046434753), (-0.1050162, -0.99381196, 0.03618412), (-0.1051008, -0.99440175, 0.010909938), (-0.1051008, -0.99440175, 0.010909938), (-0.13825119, -0.9866925, -0.08558363), (-0.108760044, -0.992983, -0.046434753), (-0.99996966, -0.0023144498, -0.0074362154), (-0.1051008, -0.99440175, 0.010909938), (-0.1050162, -0.99381196, 0.03618412), (-0.1050162, -0.99381196, 0.03618412), (-0.086163156, -0.9947939, 0.054415267), (-0.12335894, -0.9898089, 0.07113975), (-0.12335894, -0.9898089, 0.07113975), (-0.99996966, -0.0023144498, -0.0074362154), (-0.1050162, -0.99381196, 0.03618412), (-0.17549369, -0.9834841, -0.04428474), (-0.12335894, -0.9898089, 0.07113975), (-0.086163156, -0.9947939, 0.054415267), (-0.086163156, -0.9947939, 0.054415267), (-0.03096329, -0.9939766, 0.10512755), (-0.067199215, -0.9974396, -0.024464121), (-0.067199215, -0.9974396, -0.024464121), (-0.17549369, -0.9834841, -0.04428474), (-0.086163156, -0.9947939, 0.054415267), (-0.9978914, 0.05857369, -0.02796047), (-0.067199215, -0.9974396, -0.024464121), (-0.03096329, -0.9939766, 0.10512755), (-0.03096329, -0.9939766, 0.10512755), (-0.07154181, -0.93547505, 0.3460754), (-0.05342096, -0.9949345, 0.085157074), (-0.05342096, -0.9949345, 0.085157074), (-0.9978914, 0.05857369, -0.02796047), (-0.03096329, -0.9939766, 0.10512755), (-0.17671758, -0.9827129, 0.055193555), (-0.05342096, -0.9949345, 0.085157074), (-0.07154181, -0.93547505, 0.3460754), (0.34792262, 0.9357221, 0.05808553), (-0.9909351, -0.13428977, -0.0037513343), (0.15998171, 0.9767102, 0.14298001), (0.15998171, 0.9767102, 0.14298001), (-0.06507402, 0.9703356, 0.23283961), (-0.06507409, 0.97033554, 0.23283957), (-0.06507409, 0.97033554, 0.23283957), (0.34792262, 0.9357221, 0.05808553), (0.15998171, 0.9767102, 0.14298001), (-0.06507402, 0.9703356, 0.23283961), (-0.15179662, 0.565856, -0.81041026), (-0.99966353, -0.0022971404, 0.025835764), (-0.99966353, -0.0022971404, 0.025835764), (-0.06507409, 0.97033554, 0.23283957), (-0.06507402, 0.9703356, 0.23283961), (-0.9996298, -0.024375394, 0.012093453), (-0.99966353, -0.0022971404, 0.025835764), (-0.15179662, 0.565856, -0.81041026), (-0.15179662, 0.565856, -0.81041026), (-0.14181751, 0.7757932, -0.61484367), (-0.9996298, -0.024375394, 0.012093453), (-0.9993484, -0.03321313, 0.01413119), (-0.9996298, -0.024375394, 0.012093453), (-0.14181751, 0.7757932, -0.61484367), (-0.14181751, 0.7757932, -0.61484367), (-0.14548098, 0.93114525, -0.33437082), (-0.9993484, -0.03321313, 0.01413119), (-0.9993426, -0.026651174, 0.024578938), (-0.9993484, -0.03321313, 0.01413119), (-0.14548098, 0.93114525, -0.33437082), (-0.14548098, 0.93114525, -0.33437082), (-0.10139322, 0.991636, -0.0798605), (-0.9993426, -0.026651174, 0.024578938), (-0.0030097086, 0.9980465, -0.062402237), (-0.9993426, -0.026651174, 0.024578938), (-0.10139322, 0.991636, -0.0798605), (-0.10139322, 0.991636, -0.0798605), (-0.1109196, 0.9792499, 0.16960748), (-0.999821, 0.0016459031, -0.018847965), (-0.999821, 0.0016459031, -0.018847965), (-0.0030097086, 0.9980465, -0.062402237), (-0.10139322, 0.991636, -0.0798605), (-0.008619186, 0.9751349, 0.22144462), (-0.999821, 0.0016459031, -0.018847965), (-0.1109196, 0.9792499, 0.16960748), (-0.1109196, 0.9792499, 0.16960748), (-0.11371939, 0.9487068, 0.29499727), (-0.99971175, 0.016463129, -0.017480183), (-0.99971175, 0.016463129, -0.017480183), (-0.008619186, 0.9751349, 0.22144462), (-0.1109196, 0.9792499, 0.16960748), (0.031078976, 0.99433523, 0.101644926), (-0.99971175, 0.016463129, -0.017480183), (-0.11371939, 0.9487068, 0.29499727), (-0.11371939, 0.9487068, 0.29499727), (-0.108392425, 0.8467782, 0.52078575), (-0.99979556, 0.0063194716, 0.019208442), (-0.99979556, 0.0063194716, 0.019208442), (0.031078976, 0.99433523, 0.101644926), (-0.11371939, 0.9487068, 0.29499727), (0.02873999, 0.9303694, 0.36549523), (-0.99979556, 0.0063194716, 0.019208442), (-0.108392425, 0.8467782, 0.52078575), (-0.108392425, 0.8467782, 0.52078575), (-0.11240203, 0.70364904, 0.7016009), (-0.99992645, 0.011003756, -0.0051126634), (-0.99992645, 0.011003756, -0.0051126634), (0.02873999, 0.9303694, 0.36549523), (-0.108392425, 0.8467782, 0.52078575), (0.031742558, 0.8286355, 0.55888784), (-0.99992645, 0.011003756, -0.0051126634), (-0.11240203, 0.70364904, 0.7016009), (-0.11240203, 0.70364904, 0.7016009), (-0.11519552, 0.5137493, 0.85017157), (-0.9999747, 0.0015480284, 0.006944799), (-0.9999747, 0.0015480284, 0.006944799), (0.031742558, 0.8286355, 0.55888784), (-0.11240203, 0.70364904, 0.7016009), (0.03059263, 0.6546414, 0.7553203), (-0.9999747, 0.0015480284, 0.006944799), (-0.11519552, 0.5137493, 0.85017157), (-0.11519552, 0.5137493, 0.85017157), (-0.117449135, 0.3220298, 0.93941617), (-0.9999627, 0.004828444, 0.0071720197), (-0.9999627, 0.004828444, 0.0071720197), (0.03059263, 0.6546414, 0.7553203), (-0.11519552, 0.5137493, 0.85017157), (0.042951446, 0.54299355, 0.8386378), (-0.9999627, 0.004828444, 0.0071720197), (-0.117449135, 0.3220298, 0.93941617), (-0.117449135, 0.3220298, 0.93941617), (-0.22331297, -0.9744164, 0.025379961), (-0.99965906, -0.025782185, 0.0041388837), (-0.99965906, -0.025782185, 0.0041388837), (0.042951446, 0.54299355, 0.8386378), (-0.117449135, 0.3220298, 0.93941617), (-0.999997, 0.0014180762, -0.002007175), (-0.99965906, -0.025782185, 0.0041388837), (-0.22331297, -0.9744164, 0.025379961), (-0.22331297, -0.9744164, 0.025379961), (-0.1545222, -0.9873092, 0.036653765), (-0.99998856, 0.0045763277, 0.0014518062), (-0.99998856, 0.0045763277, 0.0014518062), (-0.999997, 0.0014180762, -0.002007175), (-0.22331297, -0.9744164, 0.025379961), (-0.1545222, -0.9873092, 0.036653765), (-0.14573386, 0.071995646, 0.9867008), (-0.9999549, 0.0071158702, 0.006295841), (-0.9999549, 0.0071158702, 0.006295841), (-0.99998856, 0.0045763277, 0.0014518062), (-0.1545222, -0.9873092, 0.036653765), (-0.14573386, 0.071995646, 0.9867008), (-0.14578307, 0.15033291, 0.9778279), (-0.9999901, 0.00032447197, 0.004463629), (-0.9999901, 0.00032447197, 0.004463629), (-0.9999549, 0.0071158702, 0.006295841), (-0.14573386, 0.071995646, 0.9867008), (-0.14578307, 0.15033291, 0.9778279), (-0.14585103, 0.24017176, 0.9597109), (-0.9999695, 0.007757348, -0.00097514916), (-0.9999695, 0.007757348, -0.00097514916), (-0.9999901, 0.00032447197, 0.004463629), (-0.14578307, 0.15033291, 0.9778279), (-0.14585103, 0.24017176, 0.9597109), (-0.14593484, 0.3412424, 0.9285778), (-0.999985, 0.0018682102, -0.005154207), (-0.999985, 0.0018682102, -0.005154207), (-0.9999695, 0.007757348, -0.00097514916), (-0.14585103, 0.24017176, 0.9597109), (-0.14593484, 0.3412424, 0.9285778), (-0.14602014, 0.45163622, 0.88017213), (-0.9999804, -0.0029793337, -0.0055127675), (-0.9999804, -0.0029793337, -0.0055127675), (-0.999985, 0.0018682102, -0.005154207), (-0.14593484, 0.3412424, 0.9285778), (-0.14602014, 0.45163622, 0.88017213), (-0.14610828, 0.5666714, 0.8108859), (-0.9999794, -0.003470099, -0.005410116), (-0.9999794, -0.003470099, -0.005410116), (-0.9999804, -0.0029793337, -0.0055127675), (-0.14602014, 0.45163622, 0.88017213), (-0.14610828, 0.5666714, 0.8108859), (-0.14611991, 0.6726273, 0.72541124), (-0.9999778, -0.0045785923, -0.0048333546), (-0.9999778, -0.0045785923, -0.0048333546), (-0.9999794, -0.003470099, -0.005410116), (-0.14610828, 0.5666714, 0.8108859), (-0.14611991, 0.6726273, 0.72541124), (-0.14307338, 0.75912505, 0.63502705), (-0.99922717, -0.023833351, 0.031257693), (-0.99922717, -0.023833351, 0.031257693), (-0.9999778, -0.0045785923, -0.0048333546), (-0.14611991, 0.6726273, 0.72541124), (-0.14307338, 0.75912505, 0.63502705), (-0.1401083, 0.84215665, 0.5207129), (-0.9999883, 0.0039568935, 0.0027863935), (-0.9999883, 0.0039568935, 0.0027863935), (-0.99922717, -0.023833351, 0.031257693), (-0.14307338, 0.75912505, 0.63502705), (-0.1401083, 0.84215665, 0.5207129), (-0.1461622, 0.9003895, 0.40979922), (-0.9996425, 0.017080138, -0.020574057), (-0.9996425, 0.017080138, -0.020574057), (-0.9999883, 0.0039568935, 0.0027863935), (-0.1401083, 0.84215665, 0.5207129), (-0.1461622, 0.9003895, 0.40979922), (-0.14082825, 0.9432146, 0.30085525), (-0.99994946, -0.00013752765, 0.0100533115), (-0.99994946, -0.00013752765, 0.0100533115), (-0.9996425, 0.017080138, -0.020574057), (-0.1461622, 0.9003895, 0.40979922), (-0.14082825, 0.9432146, 0.30085525), (-0.13576083, 0.9763656, 0.1681645), (-0.9999572, 0.0013876044, 0.009149985), (-0.9999572, 0.0013876044, 0.009149985), (-0.99994946, -0.00013752765, 0.0100533115), (-0.14082825, 0.9432146, 0.30085525), (-0.13576083, 0.9763656, 0.1681645), (-0.14073452, 0.98697937, 0.07788165), (-0.9998856, 0.01209724, 0.009075219), (-0.9998856, 0.01209724, 0.009075219), (-0.9999572, 0.0013876044, 0.009149985), (-0.13576083, 0.9763656, 0.1681645), (-0.14073452, 0.98697937, 0.07788165), (-0.13258277, 0.99065846, -0.031902358), (-0.99992806, 0.00032557565, -0.011996745), (-0.99992806, 0.00032557565, -0.011996745), (-0.9998856, 0.01209724, 0.009075219), (-0.14073452, 0.98697937, 0.07788165), (-0.13258277, 0.99065846, -0.031902358), (-0.14340337, 0.97870505, -0.14687409), (-0.9998355, -0.0057417913, 0.017208442), (-0.9998355, -0.0057417913, 0.017208442), (-0.99992806, 0.00032557565, -0.011996745), (-0.13258277, 0.99065846, -0.031902358), (-0.14340337, 0.97870505, -0.14687409), (-0.14772436, 0.96167266, -0.23100501), (-0.00029870388, 0.9999203, -0.012622818), (-0.00029870388, 0.9999203, -0.012622818), (-0.9998355, -0.0057417913, 0.017208442), (-0.14340337, 0.97870505, -0.14687409), (-0.14772436, 0.96167266, -0.23100501), (-0.1391376, 0.9150625, -0.3785516), (-0.99999857, -0.0016481339, 0.00060328725), (-0.99999857, -0.0016481339, 0.00060328725), (-0.00029870388, 0.9999203, -0.012622818), (-0.14772436, 0.96167266, -0.23100501), (-0.1391376, 0.9150625, -0.3785516), (-0.1528619, 0.870646, -0.46755618), (-0.9999284, -0.010125485, -0.0063783843), (-0.9999284, -0.010125485, -0.0063783843), (-0.99999857, -0.0016481339, 0.00060328725), (-0.1391376, 0.9150625, -0.3785516), (-0.1528619, 0.870646, -0.46755618), (-0.14609128, 0.8029229, -0.5779033), (-0.99994725, -0.002905218, -0.009860918), (-0.99994725, -0.002905218, -0.009860918), (-0.9999284, -0.010125485, -0.0063783843), (-0.1528619, 0.870646, -0.46755618), (-0.14609128, 0.8029229, -0.5779033), (-0.14604512, 0.7284129, -0.6693918), (-0.9999753, 0.0051293406, -0.0048082783), (-0.9999753, 0.0051293406, -0.0048082783), (-0.99994725, -0.002905218, -0.009860918), (-0.14609128, 0.8029229, -0.5779033), (-0.14604512, 0.7284129, -0.6693918), (-0.14603113, 0.6447382, -0.750325), (-0.9998531, -0.014166564, -0.009660383), (-0.9998531, -0.014166564, -0.009660383), (-0.9999753, 0.0051293406, -0.0048082783), (-0.14604512, 0.7284129, -0.6693918), (-0.14603113, 0.6447382, -0.750325), (-0.13883753, 0.55903107, -0.8174403), (-0.9997189, 0.017697204, 0.0157766), (-0.9997189, 0.017697204, 0.0157766), (-0.9998531, -0.014166564, -0.009660383), (-0.14603113, 0.6447382, -0.750325), (-0.13883753, 0.55903107, -0.8174403), (-0.13381869, 0.42914617, -0.8932672), (-0.99987984, 0.0037816805, 0.015037704), (-0.99987984, 0.0037816805, 0.015037704), (-0.9997189, 0.017697204, 0.0157766), (-0.13883753, 0.55903107, -0.8174403), (-0.13381869, 0.42914617, -0.8932672), (-0.14963137, 0.33965006, -0.9285733), (-0.9996826, -0.025119297, 0.0019699878), (-0.9996826, -0.025119297, 0.0019699878), (-0.99987984, 0.0037816805, 0.015037704), (-0.13381869, 0.42914617, -0.8932672), (-0.14963137, 0.33965006, -0.9285733), (-0.14585614, 0.23430997, -0.96115816), (-0.9999319, -0.011039813, 0.0038115322), (-0.9999319, -0.011039813, 0.0038115322), (-0.9996826, -0.025119297, 0.0019699878), (-0.14963137, 0.33965006, -0.9285733), (-0.14585614, 0.23430997, -0.96115816), (-0.14578962, 0.13898747, -0.97950387), (-0.99992335, 0.012300044, 0.0014977125), (-0.99992335, 0.012300044, 0.0014977125), (-0.9999319, -0.011039813, 0.0038115322), (-0.14585614, 0.23430997, -0.96115816), (-0.14578962, 0.13898747, -0.97950387), (-0.14573835, 0.052500118, -0.9879292), (-0.99998176, 0.0030576745, -0.0052052746), (-0.99998176, 0.0030576745, -0.0052052746), (-0.99992335, 0.012300044, 0.0014977125), (-0.14578962, 0.13898747, -0.97950387), (-0.14573835, 0.052500118, -0.9879292), (-0.14569472, -0.019769149, -0.98913205), (-0.9999711, -0.00035626447, -0.0075992667), (-0.9999711, -0.00035626447, -0.0075992667), (-0.99998176, 0.0030576745, -0.0052052746), (-0.14573835, 0.052500118, -0.9879292), (-0.14569472, -0.019769149, -0.98913205), (-0.14567693, -0.09514848, -0.9847462), (-0.9999703, -0.00094217743, -0.0076593254), (-0.9999703, -0.00094217743, -0.0076593254), (-0.9999711, -0.00035626447, -0.0075992667), (-0.14569472, -0.019769149, -0.98913205), (-0.14567693, -0.09514848, -0.9847462), (-0.14567482, -0.17282923, -0.97411954), (-0.99991816, -0.012611457, -0.0021751588), (-0.99991816, -0.012611457, -0.0021751588), (-0.9999703, -0.00094217743, -0.0076593254), (-0.14567693, -0.09514848, -0.9847462), (-0.14567482, -0.17282923, -0.97411954), (-0.14566538, -0.25597185, -0.95564646), (-0.9999016, -0.012532965, 0.006321167), (-0.9999016, -0.012532965, 0.006321167), (-0.99991816, -0.012611457, -0.0021751588), (-0.14567482, -0.17282923, -0.97411954), (-0.14566538, -0.25597185, -0.95564646), (-0.14263064, -0.33767593, -0.9303932), (-0.9997783, 0.020762755, 0.0035034104), (-0.9997783, 0.020762755, 0.0035034104), (-0.9999016, -0.012532965, 0.006321167), (-0.14566538, -0.25597185, -0.95564646), (-0.14263064, -0.33767593, -0.9303932), (-0.1395798, -0.43766904, -0.88823605), (-0.99990904, 0.009344692, 0.009727592), (-0.99990904, 0.009344692, 0.009727592), (-0.9997783, 0.020762755, 0.0035034104), (-0.14263064, -0.33767593, -0.9303932), (-0.1395798, -0.43766904, -0.88823605), (-0.14562273, -0.51973945, -0.8418224), (-0.99979615, -0.015289576, 0.013191363), (-0.99979615, -0.015289576, 0.013191363), (-0.99990904, 0.009344692, 0.009727592), (-0.1395798, -0.43766904, -0.88823605), (-0.14562273, -0.51973945, -0.8418224), (-0.14567994, -0.6224957, -0.76894516), (-0.9999839, 0.0032949843, 0.004622746), (-0.9999839, 0.0032949843, 0.004622746), (-0.99979615, -0.015289576, 0.013191363), (-0.14562273, -0.51973945, -0.8418224), (-0.14567994, -0.6224957, -0.76894516), (-0.14575778, -0.72171324, -0.67667174), (-0.999985, 0.005468708, 0.0004797269), (-0.999985, 0.005468708, 0.0004797269), (-0.9999839, 0.0032949843, 0.004622746), (-0.14567994, -0.6224957, -0.76894516), (-0.14575778, -0.72171324, -0.67667174), (-0.14266007, -0.81349254, -0.56380683), (-0.99986434, 0.011915579, -0.011376525), (-0.99986434, 0.011915579, -0.011376525), (-0.999985, 0.005468708, 0.0004797269), (-0.14575778, -0.72171324, -0.67667174), (-0.14266007, -0.81349254, -0.56380683), (-0.13664658, -0.8913114, -0.43231001), (-0.9998896, 0.014272143, -0.004141129), (-0.9998896, 0.014272143, -0.004141129), (-0.99986434, 0.011915579, -0.011376525), (-0.14266007, -0.81349254, -0.56380683), (-0.13664658, -0.8913114, -0.43231001), (-0.13962573, -0.944133, -0.29852566), (-0.9998031, 0.00669327, 0.018682003), (-0.9998031, 0.00669327, 0.018682003), (-0.9998896, 0.014272143, -0.004141129), (-0.13664658, -0.8913114, -0.43231001), (-0.13962573, -0.944133, -0.29852566), (-0.14555939, -0.9727913, -0.18024881), (-0.99998623, 0.0052462737, 0.00031384785), (-0.99998623, 0.0052462737, 0.00031384785), (-0.9998031, 0.00669327, 0.018682003), (-0.13962573, -0.944133, -0.29852566), (-0.14555939, -0.9727913, -0.18024881), (-0.12875965, -0.98743325, -0.091632254), (-0.9996206, -0.021009402, 0.017813355), (-0.9996206, -0.021009402, 0.017813355), (-0.99998623, 0.0052462737, 0.00031384785), (-0.14555939, -0.9727913, -0.18024881), (-0.12875965, -0.98743325, -0.091632254), (-0.116911724, -0.9917797, 0.052007504), (-0.11701221, -0.9930386, -0.013509157), (-0.11701221, -0.9930386, -0.013509157), (-0.9996206, -0.021009402, 0.017813355), (-0.12875965, -0.98743325, -0.091632254), (-0.116911724, -0.9917797, 0.052007504), (-0.1286295, -0.98129183, 0.14325105), (-0.9991206, -0.031815857, 0.027308438), (-0.9991206, -0.031815857, 0.027308438), (-0.11701221, -0.9930386, -0.013509157), (-0.116911724, -0.9917797, 0.052007504), (-0.09202085, -0.983974, 0.15273292), (-0.9991206, -0.031815857, 0.027308438), (-0.1286295, -0.98129183, 0.14325105), (-0.1286295, -0.98129183, 0.14325105), (-0.13803002, -0.94943523, 0.2819939), (-0.99936575, -0.032395102, 0.014789637), (-0.99936575, -0.032395102, 0.014789637), (-0.09202085, -0.983974, 0.15273292), (-0.1286295, -0.98129183, 0.14325105), (-0.10923275, -0.94873875, 0.29658565), (-0.99936575, -0.032395102, 0.014789637), (-0.13803002, -0.94943523, 0.2819939), (-0.13803002, -0.94943523, 0.2819939), (-0.12959363, -0.8833619, 0.45041913), (-0.9992843, -0.03780449, 0.00130104), (-0.9992843, -0.03780449, 0.00130104), (-0.10923275, -0.94873875, 0.29658565), (-0.13803002, -0.94943523, 0.2819939), (-0.09700891, -0.88314044, 0.4589687), (-0.9992843, -0.03780449, 0.00130104), (-0.12959363, -0.8833619, 0.45041913), (-0.12959363, -0.8833619, 0.45041913), (-0.12870118, -0.77209824, 0.6223346), (-0.9997771, -0.012865549, 0.016741293), (-0.9997771, -0.012865549, 0.016741293), (-0.09700891, -0.88314044, 0.4589687), (-0.12959363, -0.8833619, 0.45041913), (-0.09156451, -0.75607735, 0.64804566), (-0.9997771, -0.012865549, 0.016741293), (-0.12870118, -0.77209824, 0.6223346), (-0.12870118, -0.77209824, 0.6223346), (-0.13612692, -0.6544362, 0.7437627), (-0.99976456, -0.00054119213, 0.021695005), (-0.99976456, -0.00054119213, 0.021695005), (-0.09156451, -0.75607735, 0.64804566), (-0.12870118, -0.77209824, 0.6223346), (-0.09567189, -0.63469535, 0.76681733), (-0.99976456, -0.00054119213, 0.021695005), (-0.13612692, -0.6544362, 0.7437627), (-0.13612692, -0.6544362, 0.7437627), (-0.12581775, -0.5440907, 0.82953924), (-0.9997415, -0.010070563, 0.020391027), (-0.9997415, -0.010070563, 0.020391027), (-0.09567189, -0.63469535, 0.76681733), (-0.13612692, -0.6544362, 0.7437627), (-0.12581775, -0.5440907, 0.82953924), (0.15998171, 0.9767102, 0.14298001), (-0.12623686, -0.45150325, 0.8832946), (-0.12623686, -0.45150325, 0.8832946), (-0.9997415, -0.010070563, 0.020391027), (-0.12581775, -0.5440907, 0.82953924), (-0.9909351, -0.13428977, -0.0037513343), (-0.12623686, -0.45150325, 0.8832946), (0.15998171, 0.9767102, 0.14298001), (-0.2865246, 0.9580147, -0.010562652), (-0.27283558, 0.96195596, -0.014198703), (-0.9999819, 0.006012353, -0.00027962856), (-0.9999819, 0.006012353, -0.00027962856), (-0.9999869, 0.004828898, 0.0017228163), (-0.2865246, 0.9580147, -0.010562652), (-0.9999539, 0.008678923, 0.004118024), (-0.9999819, 0.006012353, -0.00027962856), (-0.27283558, 0.96195596, -0.014198703), (-0.27283558, 0.96195596, -0.014198703), (-0.02321079, -0.08367783, 0.9962225), (-0.028223073, 0.030767476, 0.99912804), (-0.028223073, 0.030767476, 0.99912804), (-0.9999539, 0.008678923, 0.004118024), (-0.27283558, 0.96195596, -0.014198703), (-0.9998744, -0.014627003, 0.00611442), (-0.028223073, 0.030767476, 0.99912804), (-0.02321079, -0.08367783, 0.9962225), (-0.02321079, -0.08367783, 0.9962225), (-0.022648297, -0.29806036, 0.9542783), (-0.027118655, -0.17541876, 0.9841204), (-0.027118655, -0.17541876, 0.9841204), (-0.9998744, -0.014627003, 0.00611442), (-0.02321079, -0.08367783, 0.9962225), (-0.9999847, -0.00042273084, 0.0055221166), (-0.027118655, -0.17541876, 0.9841204), (-0.022648297, -0.29806036, 0.9542783), (-0.022648297, -0.29806036, 0.9542783), (-0.06921267, -0.5207937, 0.8508722), (-0.023942312, -0.4257716, 0.9045139), (-0.023942312, -0.4257716, 0.9045139), (-0.9999847, -0.00042273084, 0.0055221166), (-0.022648297, -0.29806036, 0.9542783), (-0.99993587, -0.0063733016, -0.009371431), (-0.023942312, -0.4257716, 0.9045139), (-0.06921267, -0.5207937, 0.8508722), (-0.06921267, -0.5207937, 0.8508722), (-0.14655215, -0.7707971, 0.6199955), (-0.99993587, -0.0063733016, -0.009371431), (-0.9999942, -0.0023778637, -0.0024663787), (-0.99993587, -0.0063733016, -0.009371431), (-0.14655215, -0.7707971, 0.6199955), (-0.14655215, -0.7707971, 0.6199955), (-0.14450032, -0.90076244, 0.4095692), (-0.9999942, -0.0023778637, -0.0024663787), (-0.99997723, -0.0045539965, 0.0049777227), (-0.9999942, -0.0023778637, -0.0024663787), (-0.14450032, -0.90076244, 0.4095692), (-0.14450032, -0.90076244, 0.4095692), (-0.15282778, -0.9825073, 0.10641039), (-0.99997723, -0.0045539965, 0.0049777227), (-0.9999349, -0.007352156, -0.008727172), (-0.99997723, -0.0045539965, 0.0049777227), (-0.15282778, -0.9825073, 0.10641039), (-0.15282778, -0.9825073, 0.10641039), (-0.1331981, -0.98435754, -0.115319856), (-0.99992335, 0.007951558, -0.009501918), (-0.99992335, 0.007951558, -0.009501918), (-0.9999349, -0.007352156, -0.008727172), (-0.15282778, -0.9825073, 0.10641039), (-0.99990666, 0.0063323164, 0.012108947), (-0.99992335, 0.007951558, -0.009501918), (-0.1331981, -0.98435754, -0.115319856), (-0.1331981, -0.98435754, -0.115319856), (-0.14889984, -0.8732111, -0.4640379), (-0.99990666, 0.0063323164, 0.012108947), (-0.9999782, 0.0060583227, 0.0026484411), (-0.99990666, 0.0063323164, 0.012108947), (-0.14889984, -0.8732111, -0.4640379), (-0.14889984, -0.8732111, -0.4640379), (-0.10478614, -0.7444038, -0.6594566), (-0.9999488, -0.0044559035, 0.009090899), (-0.9999488, -0.0044559035, 0.009090899), (-0.9999782, 0.0060583227, 0.0026484411), (-0.14889984, -0.8732111, -0.4640379), (-0.10478614, -0.7444038, -0.6594566), (-0.113107085, -0.4880372, -0.86546326), (-0.9999488, -0.0044559035, 0.009090899), (-0.99982023, -0.015204902, 0.011333045), (-0.9999488, -0.0044559035, 0.009090899), (-0.113107085, -0.4880372, -0.86546326), (-0.113107085, -0.4880372, -0.86546326), (-0.05507144, -0.2111822, -0.9758941), (-0.07834041, -0.25747934, -0.9631029), (-0.07834041, -0.25747934, -0.9631029), (-0.99982023, -0.015204902, 0.011333045), (-0.113107085, -0.4880372, -0.86546326), (-0.99998164, 0.00033395927, -0.0060622278), (-0.07834041, -0.25747934, -0.9631029), (-0.05507144, -0.2111822, -0.9758941), (-0.05507144, -0.2111822, -0.9758941), (-0.07054391, -0.3444367, -0.93615544), (-0.0802285, -0.05903455, -0.9950268), (-0.0802285, -0.05903455, -0.9950268), (-0.99998164, 0.00033395927, -0.0060622278), (-0.05507144, -0.2111822, -0.9758941), (-0.07054391, -0.3444367, -0.93615544), (-0.2865246, 0.9580147, -0.010562652), (-0.99992347, 0.0112599125, -0.0051442576), (-0.99992347, 0.0112599125, -0.0051442576), (-0.0802285, -0.05903455, -0.9950268), (-0.07054391, -0.3444367, -0.93615544), (-0.9999869, 0.004828898, 0.0017228163), (-0.99992347, 0.0112599125, -0.0051442576), (-0.2865246, 0.9580147, -0.010562652), (-0.9997773, 0.020970585, 0.0023677843), (-0.0814425, 0.861402, -0.50135195), (-0.9999097, 0.013425439, 0.00060019013), (-0.9999331, 0.00975517, -0.0062264046), (-0.9999866, -0.00513784, 0.0006436041), (-0.02946108, -0.90598005, -0.42229423), (-0.9999747, -0.0051029115, 0.0049605505), (-0.9999331, 0.00975517, -0.0062264046), (-0.029914899, -0.7758231, -0.630241), (-0.9998139, 0.012987, 0.0142649915), (-0.07950299, 0.99662524, -0.020430824), (-0.9999052, 0.012689806, 0.0053476393), (-0.9988834, -0.03656502, 0.029915987), (0.012331655, 0.66715854, 0.74481374), (-0.99923545, -0.033740755, 0.01975018), (-0.9997176, -0.007310381, -0.022615356), (-0.9999337, -0.007718274, 0.008545038), (-0.017655706, 0.38893712, 0.9210952), (-0.99997437, 0.0071645156, 0.000039941064), (-0.078110255, 0.97689784, 0.19892113), (-0.9995555, -0.016299529, -0.024963036), (-0.999926, 0.012161314, 0.00044402966), (-0.077702686, 0.9966575, -0.025221128), (-0.99997437, 0.0071645156, 0.000039941064), (-0.9995555, -0.016299529, -0.024963036), (-0.07993781, 0.8961952, 0.43639907), (-0.9997299, -0.022499034, -0.005840718), (-0.9993688, 0.03404146, -0.010159654), (-0.999984, 0.005623842, -0.00059998565), (-0.10333549, 0.97295284, -0.20660247), (-0.9989027, 0.045797147, 0.009795252), (-0.9998353, 0.0023847588, 0.017992888), (-0.078017466, -0.11424453, 0.9903845), (-0.99879175, 0.04864074, -0.0070191864), (-0.998895, 0.011692617, -0.045519598), (-0.08247814, -0.8076908, 0.58380896), (-0.9999872, -0.0050528725, 0.00025999616), (-0.99980503, -0.012763999, 0.015068551), (-0.030306026, -0.9850889, -0.1693562), (-0.999953, -0.007959478, 0.0055392394), (-0.9998609, 0.0113485465, -0.01223174), (-0.02991558, -0.77581584, -0.6302498), (-0.99987346, -0.010180192, -0.01222606), (-0.21875015, -0.9618096, 0.16453223), (-0.0001382323, 0.44200468, 0.8970127), (-0.9997393, 0.020192474, 0.010663581), (-0.08278147, -0.6420522, -0.7621787), (-0.9999172, -0.00635455, 0.011189237), (-0.99915045, -0.005434848, 0.040851668), (-0.99964327, 0.026637545, -0.0019441807), (-0.01786633, -0.92363393, 0.38285923), (-0.9999247, 0.0006125509, -0.012260407), (-0.060974453, -0.48233745, -0.87386096), (-0.9997009, -0.021394668, 0.011853488), (-0.9999772, -0.0065481327, -0.0017158883), (-0.042641684, -0.956512, 0.2885596), (-0.9924952, 0.018487323, 0.120877996), (-0.9924952, 0.018487323, 0.120877996), (-0.9983788, -0.048899848, 0.029132633), (-0.9998144, 0.019234234, 0.0011779926), (-0.99984205, 0.013894198, -0.011082429), (-0.058314677, 0.67191476, 0.7383292), (-0.9990726, 0.02753437, -0.03310503), (-0.00029870388, 0.9999203, -0.012622818), (-0.9920107, 0.12477706, 0.018588563), (0.1871114, -0.9808756, -0.053594083), (-0.9991295, 0.007506803, -0.041037545), (-0.99464715, 0.032833647, -0.09797525), (0.2792094, -0.3136802, 0.90755004), (-0.9991295, 0.007506803, -0.041037545), (-0.06962012, 0.80587995, 0.58797157), (-0.15088403, 0.986099, 0.069589995), (-0.9993334, 0.03230818, -0.017001845), (-0.9994153, 0.030135665, -0.01615648), (-0.017550793, -0.9246373, 0.38044423), (-0.99996746, -0.0030387973, 0.007478793), (-0.04483706, -0.9619903, 0.26937777), (-0.9995217, -0.027895214, -0.01335281), (-0.9995217, -0.027895214, -0.01335281), (-0.99999624, 0.00024343927, 0.0027309929), (-0.98826706, -0.10841588, -0.10758382), (-0.99928105, 0.037068844, -0.007959056), (-0.99789405, 0.0454035, -0.04632494), (0.060967408, 0.9938346, -0.09260576), (-0.00029870388, 0.9999203, -0.012622818), (0.07754332, -0.9734206, -0.21549833), (-0.99548286, 0.09485285, 0.0041139144), (-0.9999659, 0.0007360431, -0.008228767), (-0.06415944, -0.99764067, -0.024430102), (-0.9998068, 0.016561044, 0.010593031), (-0.99749744, -0.0317805, 0.06315933), (-0.0059733, -0.389549, 0.92098635), (-0.99488366, -0.024064604, 0.098119676), (-0.9997963, -0.018059311, -0.009013426), (-0.99849516, -0.019418035, 0.05128708), (-0.081467114, -0.82137847, 0.5645358), (-0.99849516, -0.019418035, 0.05128708), (-0.99488366, -0.024064604, 0.098119676), (-0.0131717855, -0.65423435, 0.75617725), (-0.9998815, -0.01219613, -0.009404143), (-0.07708464, -0.9914454, -0.10532783), (-0.9998293, -0.00037756536, 0.018472413), (-0.9968279, 0.07066703, 0.03661007), (-0.07780871, -0.652961, -0.75338435), (-0.99927694, 0.016939482, 0.034040503), (-0.9978914, 0.05857369, -0.02796047), (-0.05342096, -0.9949345, 0.085157074), (-0.17671758, -0.9827129, 0.055193555), (-0.9999747, 0.0015480284, 0.006944799), (-0.99992645, 0.011003756, -0.0051126634), (0.031742558, 0.8286355, 0.55888784), (-0.99998164, 0.00033395927, -0.0060622278), (-0.0802285, -0.05903455, -0.9950268), (-0.99992347, 0.0112599125, -0.0051442576), (-0.9997771, 0.016967231, 0.012570637), (-0.9998676, 0.011187471, 0.011821514), (-0.08506409, 0.49359798, 0.86552024), (-0.9998009, 0.0016445654, 0.019888815), (-0.9997771, 0.016967231, 0.012570637), (-0.08888033, 0.6099841, 0.7874133), (-0.9991058, -0.03072027, 0.029049804), (-0.9998009, 0.0016445654, 0.019888815), (-0.0951461, 0.7189078, 0.688563), (-0.9823927, -0.17837928, -0.055547312), (-0.99810845, -0.05775143, -0.021081753), (-0.00029870388, 0.9999203, -0.012622818), (-0.9823927, -0.17837928, -0.055547312), (-0.13607872, 0.32492572, -0.9358985), (-0.9997768, 0.020920848, -0.0029712329), (-0.9997768, 0.020920848, -0.0029712329), (-0.14916997, 0.4561363, -0.8773187), (-0.99982595, 0.0077587776, -0.016970359), (-0.99982595, 0.0077587776, -0.016970359), (-0.14466098, 0.620552, -0.7707064), (-0.9997773, 0.020970585, 0.0023677843), (-0.99990344, 0.0138933305, -0.00029017057), (-0.13841258, 0.9902057, -0.018290415), (-0.9998119, 0.01934808, -0.001392122), (-0.9998119, 0.01934808, -0.001392122), (-0.13324603, 0.9784777, 0.15756619), (-0.999795, 0.020020517, -0.0030182118), (-0.999795, 0.020020517, -0.0030182118), (-0.13987762, 0.8961231, 0.42118627), (-0.9998593, 0.015743846, 0.00580427), (-0.9998593, 0.015743846, 0.00580427), (-0.14435124, 0.7672922, 0.6248404), (-0.9995547, -0.0045701135, 0.029488156), (-0.9997044, 0.015747055, 0.018523278), (-0.14608969, -0.69747454, 0.70156044), (-0.9997504, -0.009983939, 0.019986574), (-0.9997504, -0.009983939, 0.019986574), (-0.13353418, -0.8495847, 0.51026917), (-0.9998271, -0.011660962, 0.014490429), (-0.9998271, -0.011660962, 0.014490429), (-0.14960101, -0.9505887, 0.2720307), (-0.9998536, -0.015942812, 0.0062305415), (-0.9998536, -0.015942812, 0.0062305415), (-0.13873139, -0.98768413, 0.072344646), (-0.99965197, -0.022855211, -0.013176456), (-0.9991566, -0.039999712, 0.00928808), (-0.99970376, 0.020298576, -0.0134352045), (-0.16668832, 0.48831397, 0.8566005), (-0.9998699, -0.01567797, 0.003825285), (-0.9991566, -0.039999712, 0.00928808), (-0.15014915, 0.25710428, 0.95464796), (-0.9998591, 0.016788982, 0.00004804313), (-0.9998699, -0.01567797, 0.003825285), (-0.1368502, 0.09342035, 0.9861769), (-0.9999952, 0.0031272268, 0.000012660064), (-0.9998591, 0.016788982, 0.00004804313), (-0.14420299, -0.054238033, 0.9880606), (-0.99999994, -0.00029886703, -0.000006927007), (-0.9999952, 0.0031272268, 0.000012660064), (-0.13885142, -0.21128175, 0.96751255), (-0.99982893, -0.009936201, -0.015607337), (-0.99999994, -0.00029886703, -0.000006927007), (-0.1436769, -0.4400579, 0.8864006), (-0.9999747, -0.0051029115, 0.0049605505), (-0.130393, -0.51597077, -0.8466238), (-0.99935293, -0.0353062, 0.0068707364), (-0.99935293, -0.0353062, 0.0068707364), (-0.14715795, -0.29886225, -0.9428817), (-0.9997986, -0.012022238, -0.016073985), (-0.9997986, -0.012022238, -0.016073985), (-0.13414304, -0.11516977, -0.98424673), (-0.99974453, 0.005795628, -0.021848125), (-0.99974453, 0.005795628, -0.021848125), (-0.14297877, 0.032668278, -0.9891865), (-0.99978834, -0.0060447943, -0.019666309), (-0.99978834, -0.0060447943, -0.019666309), (-0.14442886, 0.19706343, -0.969694), (-0.9997892, 0.006427952, -0.01950169), (-0.9997892, 0.006427952, -0.01950169), (-0.15162624, 0.39311284, -0.9069023), (-0.9996391, 0.026620297, -0.0036339096), (-0.9995039, 0.030757325, 0.0067806463), (-0.99990326, -0.013655544, 0.0026464243), (-0.08213617, -0.53874385, -0.83845615), (-0.9992454, 0.02574228, -0.029084), (-0.9995039, 0.030757325, 0.0067806463), (-0.09971172, -0.7191036, -0.6877119), (-0.9998548, -0.014896565, -0.008275932), (-0.9992454, 0.02574228, -0.029084), (-0.090575956, -0.8151744, -0.57208985), (-0.99958587, -0.027739352, 0.0076634786), (-0.9998548, -0.014896565, -0.008275932), (-0.08762505, -0.9073283, -0.41119024), (-0.9997486, -0.020718373, -0.008578724), (-0.99958587, -0.027739352, 0.0076634786), (-0.09046212, -0.95030785, -0.29787874), (-0.9981846, -0.020074517, -0.05678638), (-0.9997486, -0.020718373, -0.008578724), (-0.09039436, -0.981598, -0.16820864), (-0.9991812, 0.0033261084, -0.040323287), (-0.9981846, -0.020074517, -0.05678638), (-0.088153124, -0.9924825, -0.084898524), (-0.9991861, 0.003843916, -0.040153444), (-0.11994343, 0.99277866, 0.0020821462), (-0.9995699, 0.022986922, -0.018214786), (-0.9995699, 0.022986922, -0.018214786), (-0.123875804, 0.9861383, -0.110390484), (-0.9995939, 0.028084923, -0.0048239906), (-0.9995939, 0.028084923, -0.0048239906), (-0.120241575, 0.9563372, -0.2663853), (-0.9994362, 0.031424858, -0.011825603), (-0.9994362, 0.031424858, -0.011825603), (-0.11807347, 0.9096367, -0.3982711), (-0.9996354, 0.02494059, -0.010351228), (-0.9996354, 0.02494059, -0.010351228), (-0.12373815, 0.844018, -0.52184534), (-0.9996467, -0.006406887, -0.025795912), (-0.9996467, -0.006406887, -0.025795912), (-0.124957435, 0.7278252, -0.67428195), (-0.99999994, -0.000298858, -0.0000068899813), (-0.99999994, -0.000298858, -0.0000068899813), (-0.12537454, 0.6111375, -0.781532), (-0.99999994, -0.000298858, -0.0000069277557), (-0.99999994, -0.000298858, -0.0000069277557), (-0.12615973, 0.47768816, -0.8694238), (-0.99999994, -0.00029886872, -0.000006914697), (-0.99999994, -0.00029886872, -0.000006914697), (-0.119898535, 0.35444483, -0.9273582), (-0.99999994, -0.00029884733, -0.000006874361), (-0.99999994, -0.00029884733, -0.000006874361), (-0.12489906, 0.234438, -0.9640742), (-0.9999949, -0.00082291226, -0.0030917197), (-0.9999949, -0.00082291226, -0.0030917197), (-0.12783197, 0.07342173, -0.98907447), (-0.9995086, 0.03039654, -0.007662169), (-0.999973, 0.005532605, 0.0048385486), (-0.11714729, -0.12838139, -0.9847816), (-0.9996867, -0.025032151, 0.0000658511), (-0.9996867, -0.025032151, 0.0000658511), (-0.12680878, -0.24748889, -0.96055657), (-0.999756, -0.021874644, 0.0031006767), (-0.999756, -0.021874644, 0.0031006767), (-0.120007396, -0.4051237, -0.9063516), (-0.99990326, -0.013655544, 0.0026464243), (-0.9842008, 0.16040777, -0.07495552), (-0.10094047, 0.99218434, -0.0733581), (-0.99929124, 0.03761119, -0.0015814512), (-0.9993646, -0.0074368175, 0.03485718), (-0.09712636, -0.9951327, 0.016657058), (-0.9994527, -0.013585142, -0.03016328), (-0.99998075, 0.0045151985, 0.0042824373), (-0.14281587, -0.5836324, -0.7993604), (-0.9994309, 0.019456577, -0.027558671), (-0.9988834, -0.03656502, 0.029915987), (-0.9993453, 0.034110248, 0.0120604485), (-0.09914026, 0.56782854, 0.81715477), (-0.999612, -0.016455535, 0.022479588), (-0.9988365, -0.017365687, 0.044989243), (-0.1207165, -0.90634423, 0.40492922), (-0.9997723, -0.0056014117, 0.020594329), (-0.999612, -0.016455535, 0.022479588), (-0.11942057, -0.8261962, 0.5505804), (-0.9997586, -0.0046711904, 0.021471044), (-0.9997723, -0.0056014117, 0.020594329), (-0.11444256, -0.6608531, 0.7417386), (-0.9996117, -0.021459691, 0.017777363), (-0.9997586, -0.0046711904, 0.021471044), (-0.12078428, -0.48252386, 0.8675148), (-0.9993341, -0.031153478, 0.018998256), (-0.9996117, -0.021459691, 0.017777363), (-0.119029246, -0.28940177, 0.9497783), (-0.99984926, -0.013324013, 0.01113731), (-0.9993341, -0.031153478, 0.018998256), (-0.12344944, -0.07504747, 0.98950905), (-0.99848896, -0.010846874, 0.053872608), (-0.9997561, 0.019648807, 0.010085786), (-0.11851052, 0.98096466, 0.15383054), (-0.99971986, -0.0236139, -0.0016551898), (-0.9998664, 0.009998065, -0.01293719), (-0.15323128, 0.48657578, 0.8600954), (-0.9999556, -0.0031378039, 0.008893809), (-0.99971986, -0.0236139, -0.0016551898), (-0.14355916, 0.27879474, 0.94956005), (-0.9997312, 0.020913504, 0.010016338), (-0.9999556, -0.0031378039, 0.008893809), (-0.14151959, 0.09155304, 0.98569286), (-0.99996513, -0.008360459, -0.000062613915), (-0.9997312, 0.020913504, 0.010016338), (-0.14229734, -0.053258915, 0.98839015), (-0.9999832, -0.005535698, -0.0017432157), (-0.99996513, -0.008360459, -0.000062613915), (-0.14236994, -0.23322004, 0.96194565), (-0.99990153, -0.0074017383, -0.011921439), (-0.9999832, -0.005535698, -0.0017432157), (-0.14525202, -0.4280438, 0.8920092), (-0.9999025, -0.013723976, 0.0025996356), (-0.14109595, -0.52051204, -0.84211594), (-0.9996648, -0.02489105, -0.0071282554), (-0.9996648, -0.02489105, -0.0071282554), (-0.13321985, -0.2848797, -0.9492608), (-0.9998278, -0.00045150483, -0.018554807), (-0.9998278, -0.00045150483, -0.018554807), (-0.13118641, -0.12105932, -0.9839384), (-0.9998262, -0.008647329, -0.016520988), (-0.9998262, -0.008647329, -0.016520988), (-0.14297755, 0.03267383, -0.9891865), (-0.9997987, 0.00565225, -0.019251516), (-0.9997987, 0.00565225, -0.019251516), (-0.14270777, 0.20710455, -0.9678545), (-0.99971145, 0.012982035, -0.020216148), (-0.99971145, 0.012982035, -0.020216148), (-0.13018067, 0.39442378, -0.90966094), (-0.99979824, 0.017730528, -0.009452729), (-0.9996871, 0.025001153, -0.0009035851), (-0.9996672, -0.025734002, 0.0018087125), (-0.056428596, -0.56653, -0.8221069), (-0.9995897, 0.01721172, -0.022899957), (-0.9996871, 0.025001153, -0.0009035851), (-0.10214223, -0.70930624, -0.69746083), (-0.9995633, -0.028654993, -0.0072317305), (-0.9995897, 0.01721172, -0.022899957), (-0.08872962, -0.8213081, -0.5635425), (-0.9996772, -0.025288532, -0.002472816), (-0.9995633, -0.028654993, -0.0072317305), (-0.089703165, -0.90241116, -0.42143512), (-0.999706, -0.021325056, -0.011552212), (-0.9996772, -0.025288532, -0.002472816), (-0.10454603, -0.9489925, -0.2974616), (-0.9989204, -0.024761004, -0.039307144), (-0.999706, -0.021325056, -0.011552212), (-0.090392165, -0.9815987, -0.1682063), (-0.9995472, -0.005555567, -0.02957219), (-0.9989204, -0.024761004, -0.039307144), (-0.09866958, -0.99171484, -0.08225509), (-0.9989243, -0.005410622, -0.04605593), (-0.11253853, 0.9935904, -0.010640897), (-0.9998447, 0.013085569, -0.01181027), (-0.9998447, 0.013085569, -0.01181027), (-0.12421111, 0.98577756, -0.11320053), (-0.99990815, 0.009802513, -0.009371607), (-0.99990815, 0.009802513, -0.009371607), (-0.121543296, 0.95681447, -0.26407105), (-0.99978745, 0.0085106725, -0.018781018), (-0.99978745, 0.0085106725, -0.018781018), (-0.12528753, 0.90986603, -0.39553368), (-0.9996203, 0.027552102, -0.00038859952), (-0.9996203, 0.027552102, -0.00038859952), (-0.12463067, 0.83812916, -0.53104293), (-0.999792, 0.003584466, -0.020080777), (-0.999792, 0.003584466, -0.020080777), (-0.13008201, 0.74015605, -0.6597331), (-0.9999601, 0.0028529193, 0.008463071), (-0.9999601, 0.0028529193, 0.008463071), (-0.12782778, 0.6034141, -0.7871159), (-0.9999875, -0.004735278, -0.0016782098), (-0.9999875, -0.004735278, -0.0016782098), (-0.13351502, 0.47722834, -0.8685774), (-0.9999827, -0.005876787, -0.00006039689), (-0.9999827, -0.005876787, -0.00006039689), (-0.119903505, 0.35443887, -0.9273598), (-0.9999536, -0.009343907, 0.0023340515), (-0.9999536, -0.009343907, 0.0023340515), (-0.12679622, 0.22533019, -0.9659964), (-0.99999845, -0.0004393721, 0.0017430605), (-0.99999845, -0.0004393721, 0.0017430605), (-0.11631103, 0.092988186, -0.9888504), (-0.9988858, 0.046737283, 0.00654264), (-0.99981695, 0.0059400294, 0.018186545), (-0.11147655, -0.12650335, -0.98568255), (-0.99948764, -0.028542379, 0.014484284), (-0.99948764, -0.028542379, 0.014484284), (-0.12804261, -0.24547412, -0.96090984), (-0.9999877, -0.0030946948, -0.0038759583), (-0.9999877, -0.0030946948, -0.0038759583), (-0.11739129, -0.39890984, -0.90944505), (-0.9996672, -0.025734002, 0.0018087125), (-0.14336279, 0.97004, 0.19613633), (-0.9993688, 0.03404146, -0.010159654), (-0.12494374, 0.9786366, 0.16327733), (-0.00029870388, 0.9999203, -0.012622818), (-0.14336279, 0.97004, 0.19613633), (-0.11533514, 0.8874123, 0.44631544), (-0.00029870388, 0.9999203, -0.012622818), (-0.00029870388, 0.9999203, -0.012622818), (-0.11418736, 0.7197137, 0.6848165), (-0.14257748, 0.14269547, 0.97944355), (-0.00029870388, 0.9999203, -0.012622818), (-0.10596697, 0.17989098, 0.9779624), (-0.16321315, 0.034463745, 0.9859888), (-0.14257748, 0.14269547, 0.97944355), (-0.12372547, 0.03179772, 0.991807), (-0.14273956, -0.10487059, 0.98418885), (-0.16321315, 0.034463745, 0.9859888), (-0.12305744, -0.068222046, 0.9900518), (-0.00029870388, 0.9999203, -0.012622818), (-0.14273956, -0.10487059, 0.98418885), (-0.121668026, -0.21501413, 0.96900254), (-0.99973863, -0.0035487846, -0.022585785), (-0.9990756, -0.042965595, -0.0014033339), (-0.11250835, -0.3786455, -0.9186781), (-0.9997896, 0.015536017, -0.013393414), (-0.99973863, -0.0035487846, -0.022585785), (-0.0990304, -0.17589056, -0.9794159), (-0.9999612, -0.008793331, 0.0005651333), (-0.9997896, 0.015536017, -0.013393414), (-0.12309252, -0.05204036, -0.9910298), (-0.9997856, 0.017188903, -0.011547487), (-0.99984646, -0.0057699145, -0.01654947), (-0.1346371, 0.113811046, -0.9843374), (-0.999892, 0.014531703, -0.0022367984), (-0.9997856, 0.017188903, -0.011547487), (-0.13108991, 0.2681901, -0.9544053), (-0.9995433, 0.007378222, 0.02930369), (-0.10624222, -0.9652617, 0.23871008), (-0.9998841, -0.002333738, 0.015050147), (-0.9998841, -0.002333738, 0.015050147), (-0.12339392, -0.8831023, 0.4526635), (-0.99986255, -0.015257155, -0.0065093217), (-0.9988219, 0.026800515, -0.04045311), (-0.101647064, 0.89077973, 0.4429214), (-0.99986184, 0.014831104, 0.007505936), (-0.99929124, 0.007574193, -0.036875147), (-0.10747814, 0.99418545, -0.006622896), (-0.99957716, 0.020254653, -0.020866433), (-0.99957716, 0.020254653, -0.020866433), (-0.11938454, 0.96973413, -0.2129857), (-0.9998313, 0.016522082, 0.0080317445), (-0.9998313, 0.016522082, 0.0080317445), (-0.13257217, 0.8761134, -0.46351907), (-0.9998251, 0.016428579, 0.008932915), (-0.9997291, -0.02315275, 0.0023939589), (-0.99966985, 0.014553418, -0.021173818), (-0.163338, 0.50239235, 0.84907174), (-0.99985206, -0.01524514, 0.007964401), (-0.9997291, -0.02315275, 0.0023939589), (-0.1431749, 0.26320305, 0.95405716), (-0.9998358, 0.01711293, 0.0059619453), (-0.99985206, -0.01524514, 0.007964401), (-0.13444494, 0.09428993, 0.98642486), (-0.99996567, -0.0066895103, -0.0049096188), (-0.9998358, 0.01711293, 0.0059619453), (-0.1417239, -0.06307954, 0.9878944), (-0.99994975, 0.008939538, 0.004556835), (-0.99996567, -0.0066895103, -0.0049096188), (-0.1370394, -0.22311558, 0.9651113), (-0.99975044, -0.0072775814, -0.02112566), (-0.99994975, 0.008939538, 0.004556835), (-0.1470535, -0.41598168, 0.8974043), (-0.999953, -0.007959478, 0.0055392394), (-0.13720107, -0.51412386, -0.84667146), (-0.9995212, -0.030513348, 0.005131298), (-0.9995212, -0.030513348, 0.005131298), (-0.12881921, -0.29432595, -0.9469836), (-0.99990207, -0.0038523718, -0.01346169), (-0.99990207, -0.0038523718, -0.01346169), (-0.14428134, -0.10993605, -0.9834109), (-0.99984974, -0.005406445, -0.01647738), (-0.99984974, -0.005406445, -0.01647738), (-0.14434354, 0.023336472, -0.9892525), (-0.9997104, 0.011378694, -0.02120672), (-0.9997104, 0.011378694, -0.02120672), (-0.13279584, 0.20814037, -0.96904224), (-0.9997887, 0.012510111, -0.016314838), (-0.9997887, 0.012510111, -0.016314838), (-0.14421734, 0.39390114, -0.9077683), (-0.99989444, 0.0064623915, -0.013021584), (-0.9997953, 0.01845252, -0.008295226), (-0.99985576, -0.016793357, -0.0025732883), (-0.06275562, -0.5516848, -0.8316885), (-0.99952054, 0.012800627, -0.028196588), (-0.9997953, 0.01845252, -0.008295226), (-0.087743476, -0.71146727, -0.6972199), (-0.9996144, -0.02423021, -0.013563127), (-0.99952054, 0.012800627, -0.028196588), (-0.08789837, -0.82403636, -0.55967677), (-0.99972653, -0.022342531, -0.006919386), (-0.9996144, -0.02423021, -0.013563127), (-0.089703955, -0.9024112, -0.4214349), (-0.99983996, -0.016191583, -0.007615582), (-0.99972653, -0.022342531, -0.006919386), (-0.091822036, -0.94439876, -0.31572112), (-0.9992932, -0.022294901, -0.030265667), (-0.99983996, -0.016191583, -0.007615582), (-0.11229397, -0.9746145, -0.1936923), (-0.99968415, 0.00037620196, -0.025127893), (-0.9992932, -0.022294901, -0.030265667), (-0.12330704, -0.9888795, -0.083142705), (-0.9995095, -0.002238076, -0.031236926), (-0.12135247, 0.9926084, -0.0014411754), (-0.999307, 0.0071431645, -0.03653188), (-0.999307, 0.0071431645, -0.03653188), (-0.12183048, 0.9845134, -0.1260584), (-0.9997026, 0.023741635, -0.0055794283), (-0.9997026, 0.023741635, -0.0055794283), (-0.12544192, 0.9582758, -0.25685012), (-0.99946016, 0.03264701, -0.0036877424), (-0.99946016, 0.03264701, -0.0036877424), (-0.12550433, 0.90884864, -0.39779773), (-0.9996212, 0.024667997, -0.0122048855), (-0.9996212, 0.024667997, -0.0122048855), (-0.12562451, 0.83900166, -0.5294286), (-0.9993411, -0.0068052853, -0.035654396), (-0.9993411, -0.0068052853, -0.035654396), (-0.1315791, 0.73576355, -0.6643335), (-0.99998647, 0.003337218, -0.0039920094), (-0.99998647, 0.003337218, -0.0039920094), (-0.12418209, 0.6118098, -0.78119624), (-0.99994284, 0.010543594, 0.001782044), (-0.99994284, 0.010543594, 0.001782044), (-0.123424836, 0.48368832, -0.8664942), (-0.9999988, -0.0010843939, 0.0010689433), (-0.9999988, -0.0010843939, 0.0010689433), (-0.12943043, 0.34745508, -0.928721), (-0.9998707, -0.013095218, -0.009331034), (-0.9998707, -0.013095218, -0.009331034), (-0.12578994, 0.2235122, -0.96655023), (-0.9999808, 0.0053949836, -0.0030727529), (-0.9999808, 0.0053949836, -0.0030727529), (-0.12375552, 0.09302233, -0.98794305), (-0.9988971, 0.046915818, 0.0018574639), (-0.9998448, -0.009806569, 0.014635077), (-0.12107355, -0.133245, -0.98366004), (-0.9995239, -0.030388566, 0.005338318), (-0.9995239, -0.030388566, 0.005338318), (-0.117275745, -0.23927733, -0.96384275), (-0.99996823, -0.0077772643, 0.0017581964), (-0.99996823, -0.0077772643, 0.0017581964), (-0.120010294, -0.40512463, -0.9063508), (-0.99985576, -0.016793357, -0.0025732883), (-0.9998642, -0.008343189, -0.014210795), (-0.121012434, -0.015356739, -0.9925322), (-0.9998547, 0.00073006615, -0.017033186), (-0.9995219, 0.028755637, 0.01136029), (-0.99930745, 0.008227517, -0.0362895), (-0.1298041, 0.93409336, -0.33259687), (-0.99947405, 0.02110038, 0.024623483), (-0.9995219, 0.028755637, 0.01136029), (-0.13350037, 0.89212155, -0.43162134), (-0.9995972, -0.027623825, -0.006520435), (-0.99925715, -0.0018020004, 0.038495988), (-0.10487908, -0.85554284, 0.50699806), (-0.9996689, -0.002469543, -0.025613122), (-0.9995972, -0.027623825, -0.006520435), (-0.088434294, -0.7840776, 0.61433035), (-0.99946475, 0.003957344, 0.03247321), (-0.119315065, -0.992187, 0.03645342), (-0.99994254, -0.0089641, 0.005893114), (-0.9987418, 0.04800312, -0.0145109985), (-0.99983835, 0.012198691, -0.013212847), (-0.17194606, 0.9146813, -0.3657768), (-0.9987418, 0.04800312, -0.0145109985), (-0.1281634, 0.9590587, -0.2525483), (-0.99870515, -0.014241687, 0.04883857), (-0.99983615, 0.013835496, -0.011683964), (-0.12471062, 0.9687343, -0.21447898), (-0.9975334, 0.053119406, -0.045886382), (-0.9975334, 0.053119406, -0.045886382), (-0.13136911, 0.9624805, -0.23743099), (-0.99829185, 0.041237414, 0.04138619), (-0.9997009, -0.021394668, 0.011853488), (-0.11195154, -0.9059862, -0.4082353), (-0.99951404, -0.030355582, 0.007079704), (-0.99951404, -0.030355582, 0.007079704), (-0.109170616, -0.9767753, -0.18436895), (-0.9991732, -0.025189284, -0.031913936), (-0.98748654, 0.15769218, -0.0018756737), (-0.998637, 0.05214015, 0.0023416413), (-0.08987806, -0.9951513, -0.039947603), (-0.99960667, 0.024739187, 0.013213355), (-0.1354865, 0.027119821, 0.99040794), (-0.9999778, 0.0007800602, 0.006608965), (-0.99995095, -0.006871029, -0.0071279486), (-0.116258815, 0.06754305, 0.9909197), (-0.99961615, 0.009335568, 0.026086926), (-0.9990726, 0.02753437, -0.03310503), (-0.100143045, 0.9726581, 0.20954153), (-0.9993825, 0.028986441, -0.019861957), (-0.9993825, 0.028986441, -0.019861957), (-0.09745125, 0.9922237, 0.077430815), (-0.9995187, 0.017487595, 0.02562635), (-0.9999109, 0.00012706341, -0.013351239), (-0.087523535, 0.9488856, -0.30324212), (-0.9999269, 0.008606644, -0.008493174), (-0.99936354, -0.01700424, -0.03135957), (-0.11264734, 0.6068406, -0.78680056), (-0.99970263, 0.009264408, -0.022559984), (-0.99970263, 0.009264408, -0.022559984), (-0.09244761, 0.40814653, -0.90822345), (-0.9920107, 0.12477706, 0.018588563), (-0.99983835, 0.012198691, -0.013212847), (-0.9998622, -0.013818095, 0.009212412), (-0.14988543, 0.06275363, -0.98670983), (-0.14749861, -0.07001695, 0.9865809), (-0.12507431, -0.047345355, 0.99101716), (-0.9602801, 0.04905481, 0.27469218), (-0.99950796, 0.031116378, -0.00395396), (-0.1279493, 0.9612869, -0.2440422), (-0.9996607, 0.021298235, 0.015000883), (-0.00029870388, 0.9999203, -0.012622818), (-0.11691811, 0.9697888, -0.21410233), (-0.9994259, 0.02998349, -0.0157769), (-0.9994259, 0.02998349, -0.0157769), (-0.1368442, 0.9646541, -0.22520244), (-0.9989211, 0.037730716, 0.027077023), (-0.999737, -0.017525965, -0.014793057), (-0.10822973, 0.66500676, -0.7389536), (-0.9999902, -0.004065015, 0.0017573562), (-0.99983275, -0.016669733, -0.007530694), (-0.093260765, 0.1653454, -0.98181635), (-0.9998242, -0.015189037, -0.010999738), (-0.99941564, -0.033647455, -0.006026488), (-0.99930197, -0.037350994, 0.0008318001), (-0.12952536, -0.9331984, -0.33520743), (-0.99941564, -0.033647455, -0.006026488), (-0.122024685, -0.9874317, -0.100442134), (-0.99924165, -0.025263447, -0.029631205), (-0.9999048, -0.010745869, -0.00865853), (-0.99994975, -0.0084216, 0.0054489165), (-0.13427289, 0.0071673426, 0.9909185), (-0.9999845, -0.003783432, 0.004101113), (-0.999856, 0.016869511, 0.0018847068), (-0.10438971, 0.10964566, 0.98847395), (-0.9990171, 0.027498743, 0.03476662), (-0.99928105, 0.037068844, -0.007959056), (-0.0918552, 0.98305774, 0.1586196), (-0.99900854, 0.0149352765, 0.04194001), (-0.9990171, 0.027498743, 0.03476662), (-0.100426584, 0.9905839, 0.09304898), (-0.9993401, 0.034842037, -0.010263831), (-0.999451, 0.011256211, -0.031162273), (-0.08188302, 0.94045323, -0.32991353), (-0.99985534, 0.01513653, -0.007771447), (-0.9993401, 0.034842037, -0.010263831), (-0.10164169, 0.8286489, -0.5504633), (-0.9963366, 0.08548386, 0.0024498692), (-0.99963194, -0.0005464351, -0.027124383), (-0.11630474, 0.4956338, -0.8607092), (-0.9997594, -0.020362644, 0.008162319), (0.9419935, -0.14586198, 0.3022792), (-0.9997887, -0.0044244644, -0.020074302), (-0.99967813, 0.0020007617, -0.025291447), (-0.14961453, 0.08148534, -0.985381), (-0.9975133, 0.0054401336, -0.07026894), (-0.9975133, 0.0054401336, -0.07026894), (-0.14320025, 0.28306848, -0.94834906), (-0.9996482, 0.01724204, 0.020160902), (-0.9992559, -0.022047568, 0.0316505), (-0.9993518, 0.03200181, 0.016489523), (-0.13827218, 0.3289273, 0.9341775), (-0.9998095, -0.017018124, 0.009559769), (-0.9992559, -0.022047568, 0.0316505), (-0.13961612, 0.12782355, 0.98192084), (-0.99985206, 0.0039013568, 0.016753163), (-0.9992828, 0.03583479, -0.012237955), (-0.10574361, -0.04957138, 0.99315715), (-0.99749744, -0.0317805, 0.06315933), (-0.99985206, 0.0039013568, 0.016753163), (-0.114027366, -0.2474431, 0.96216935), (-0.99837095, 0.0068513732, 0.056645337), (-0.13312086, -0.34916827, -0.9275561), (-0.9984451, -0.0041718227, 0.055587623), (-0.9984451, -0.0041718227, 0.055587623), (-0.13229935, -0.18511717, -0.97377026), (-0.14353876, -0.06967337, -0.9871891), (-0.14353876, -0.06967337, -0.9871891), (-0.12159516, -0.026501184, -0.99222594), (-0.99967813, 0.0020007617, -0.025291447), (-0.17671758, -0.9827129, 0.055193555), (-0.10613998, -0.9211929, 0.3743502), (-0.9996131, 0.021680122, -0.017422816), (-0.9996131, 0.021680122, -0.017422816), (-0.07927909, -0.77647936, 0.62513566), (-0.110392004, -0.6946587, 0.71081847), (-0.110392004, -0.6946587, 0.71081847), (-0.10444834, -0.57035714, 0.8147289), (-0.99989057, 0.0048946086, 0.013966929), (-0.1482066, -0.2314189, 0.9614989), (-0.11242412, -0.13496329, 0.98445207), (-0.9999542, 0.0062435525, 0.00725104), (-0.9999542, 0.0062435525, 0.00725104), (-0.0857841, -0.06102985, 0.9944428), (-0.99961394, -0.005362315, -0.027264126), (-0.99475384, 0.0897839, -0.049028), (-0.15675317, 0.96835965, -0.19418608), (-0.12568536, 0.92660534, -0.35440904), (-0.11455013, 0.719691, -0.6847797), (-0.99475384, 0.0897839, -0.049028), (-0.10998414, 0.83105445, -0.5452083), (-0.12364483, -0.6790363, -0.7236171), (-0.99625516, -0.047116164, -0.072496496), (-0.1124868, -0.55669206, -0.82306796), (-0.97587997, -0.2173782, -0.020129902), (0.0705426, 0.99480504, 0.07339519), (-0.99898756, -0.043591022, -0.011121664), (-0.14360702, -0.52917796, -0.8362702), (-0.09757958, -0.666529, -0.7390653), (-0.9991824, 0.03751868, 0.015063817), (-0.9991824, 0.03751868, 0.015063817), (-0.093362406, -0.8435436, -0.5288835), (-0.13068928, -0.91061556, -0.39204556), (-0.13825119, -0.9866925, -0.08558363), (-0.1051008, -0.99440175, 0.010909938), (-0.99996966, -0.0023144498, -0.0074362154), (-0.99996966, -0.0023144498, -0.0074362154), (-0.12335894, -0.9898089, 0.07113975), (-0.17549369, -0.9834841, -0.04428474), (-0.9996206, -0.021009402, 0.017813355), (-0.11701221, -0.9930386, -0.013509157), (-0.9991206, -0.031815857, 0.027308438), (-0.9991206, -0.031815857, 0.027308438), (-0.09202085, -0.983974, 0.15273292), (-0.99936575, -0.032395102, 0.014789637), (-0.99936575, -0.032395102, 0.014789637), (-0.10923275, -0.94873875, 0.29658565), (-0.9992843, -0.03780449, 0.00130104), (-0.9992843, -0.03780449, 0.00130104), (-0.09700891, -0.88314044, 0.4589687), (-0.9997771, -0.012865549, 0.016741293), (-0.9997771, -0.012865549, 0.016741293), (-0.09156451, -0.75607735, 0.64804566), (-0.99976456, -0.00054119213, 0.021695005), (-0.99976456, -0.00054119213, 0.021695005), (-0.09567189, -0.63469535, 0.76681733), (-0.9997415, -0.010070563, 0.020391027), (-0.9997415, -0.010070563, 0.020391027), (-0.12623686, -0.45150325, 0.8832946), (-0.9909351, -0.13428977, -0.0037513343), (-0.99970376, 0.020298576, -0.0134352045), (-0.9996624, 0.006918916, -0.025049444), (-0.011325917, 0.6699045, 0.74236095), (-0.9997313, -0.022987228, -0.0030139345), (-0.065030195, 0.8575171, 0.5103287), (-0.9996624, 0.006918916, -0.025049444), (-0.9998003, -0.010501227, -0.017002307), (-0.9999498, -0.010020618, 0.00022082884), (-0.21909605, 0.4155199, 0.8828024), (-0.9999498, -0.010020618, 0.00022082884), (-0.9999382, 0.006384956, -0.009108003), (-0.21909605, 0.4155199, 0.8828024), (-0.9999382, 0.006384956, -0.009108003), (-0.9991103, 0.021919489, -0.036029637), (0.054593492, 0.9796198, 0.19329964), (-0.99989194, -0.0029374573, 0.0144121405), (-0.9997454, -0.012086981, -0.0190544), (-0.029707558, 0.55543697, -0.8310278), (-0.08987806, -0.9951513, -0.039947603), (0.05011963, -0.99858904, 0.01754925), (-0.98748654, 0.15769218, -0.0018756737), (-0.08332965, 0.7374477, 0.6702441), (-0.99997514, -0.006690711, -0.0022711863), (-0.07358729, 0.043453336, -0.99634176), (-0.00029870388, 0.9999203, -0.012622818), (-0.07358729, 0.043453336, -0.99634176), (-0.99997514, -0.006690711, -0.0022711863), (-0.9998676, 0.011187471, 0.011821514), (-0.20443437, -0.95485026, 0.2155633), (-0.00014933014, 0.47959256, 0.8774913), (-0.00029870388, 0.9999203, -0.012622818), (0.05061123, 0.9624453, 0.26671657), (-0.9823927, -0.17837928, -0.055547312), (-0.9999097, 0.013425439, 0.00060019013), (-0.08100258, 0.9495635, -0.30293193), (-0.99992615, 0.00678639, -0.010081733), (-0.99992615, 0.00678639, -0.010081733), (-0.08270768, 0.9924772, -0.090270065), (-0.99990344, 0.0138933305, -0.00029017057), (-0.99965197, -0.022855211, -0.013176456), (-0.08424649, -0.95567, -0.28213027), (-0.9998227, -0.016963927, -0.008183585), (-0.9998227, -0.016963927, -0.008183585), (-0.08026836, -0.88580805, -0.45705706), (-0.9999644, -0.003963748, -0.0074512577), (-0.9999875, -0.0049312026, -0.0009227783), (-0.9995592, -0.007257535, -0.028787183), (-0.00012327988, 0.39143297, 0.9202067), (-0.9998924, -0.009054039, 0.011551096), (-0.060635764, 0.35120872, -0.9343318), (-0.99942064, -0.0085850535, 0.03293558), (-0.99989694, 0.009053089, -0.011148465), (-0.99942064, -0.0085850535, 0.03293558), (-0.060635764, 0.35120872, -0.9343318), (-0.00029870388, 0.9999203, -0.012622818), (-0.00012327988, 0.39143297, 0.9202067), (-0.9995592, -0.007257535, -0.028787183), (-0.9999294, -0.011862291, 0.00075338123), (-0.020341525, 0.97220546, -0.23324406), (-0.9842008, 0.16040777, -0.07495552), (-0.9999856, -0.0053725704, -0.00021185036), (-0.05299045, -0.9945814, -0.08944165), (-0.9998647, 0.012456597, -0.010742125), (-0.9999337, -0.007718274, 0.008545038), (-0.99984926, -0.013324013, 0.01113731), (-0.015514172, 0.220253, 0.9753195), (-0.9997983, 0.019580185, -0.0044698697), (-0.99968463, -0.008880854, -0.023491228), (-0.017795624, 0.797588, 0.60294014), (-0.99994904, 0.0032190562, 0.009578068), (-0.9997983, 0.019580185, -0.0044698697), (-0.018177252, 0.90014833, 0.43520403), (-0.9997561, 0.019648807, 0.010085786), (-0.99979746, 0.01833318, -0.008301896), (-0.018303469, 0.9937575, 0.11005001), (-0.9998664, 0.009998065, -0.01293719), (-0.9997763, -0.0026474542, -0.020983627), (-0.011280406, 0.6589733, 0.75208175), (-0.9997299, -0.022499034, -0.005840718), (-0.06503101, 0.8575075, 0.51034486), (-0.9997763, -0.0026474542, -0.020983627), (-0.9999884, -0.0046488605, -0.0012800276), (-0.999967, -0.0081000915, 0.00063046697), (-0.029317116, -0.9837233, -0.17728238), (-0.99998933, -0.0013489425, -0.0044067944), (-0.9999884, -0.0046488605, -0.0012800276), (-0.030650876, -0.90984476, -0.4138154), (-0.9999025, -0.013723976, 0.0025996356), (-0.99998933, -0.0013489425, -0.0044067944), (-0.030510481, -0.77852756, -0.6268685), (-0.99991274, 0.006664623, -0.011409207), (-0.083651155, 0.9627808, -0.25701326), (-0.999926, 0.012161314, 0.00044402966), (-0.00029870388, 0.9999203, -0.012622818), (-0.009499566, -0.42207584, 0.9065108), (-0.99963945, 0.023599187, -0.012818945), (-0.99955815, 0.027637012, -0.010948958), (-0.99963945, 0.023599187, -0.012818945), (-0.013650282, -0.66727287, 0.7446883), (-0.9999048, 0.013110734, -0.004320549), (-0.99999374, -0.0009616384, 0.0034188156), (0.029946247, -0.7595871, 0.649716), (-0.99969923, -0.0040382408, 0.024190627), (-0.9994044, 0.014427621, -0.031350825), (-0.062616125, -0.9707469, -0.23179686), (-0.9990756, -0.042965595, -0.0014033339), (-0.9999366, 0.0004327821, -0.011254773), (0.029039968, -0.83356714, -0.5516544), (-0.999984, 0.005623842, -0.00059998565), (-0.99989194, -0.0029374573, 0.0144121405), (-0.027710462, 0.74705416, -0.6641855), (-0.99981004, -0.01364498, 0.013917169), (-0.000019514086, 0.04236283, 0.9991023), (-0.99568075, -0.021439653, -0.09033403), (-0.9996866, 0.0038002315, 0.024744231), (-0.078017466, -0.11424453, 0.9903845), (-0.9998353, 0.0023847588, 0.017992888), (-0.99975044, -0.0072775814, -0.02112566), (-0.033792753, -0.49668425, 0.8672732), (-0.998895, 0.011692617, -0.045519598), (-0.99992347, 0.0078996215, -0.009521108), (-0.08238038, 0.9965193, -0.0127638), (-0.9999143, 0.009772806, -0.00871792), (-0.9999143, 0.009772806, -0.00871792), (-0.085291535, 0.9725017, 0.21671617), (-0.99982136, -0.012414134, -0.014254522), (-0.9998428, 0.01111658, 0.013815632), (-0.9994536, -0.027356243, -0.018552855), (-0.06832755, -0.00825842, 0.99762875), (-0.99988884, 0.01035887, 0.010734309), (-0.06832755, -0.00825842, 0.99762875), (-0.9994536, -0.027356243, -0.018552855), (-0.9998547, 0.00073006615, -0.017033186), (-0.073828615, 0.12516508, -0.9893853), (-0.9989835, 0.042011317, -0.016344367), (-0.99957985, -0.0277495, 0.008384237), (-0.0807048, -0.36120212, -0.9289886), (-0.9996413, 0.011680592, -0.024104904), (-0.9997852, 0.014307732, -0.01499814), (-0.0686083, -0.9970511, -0.034379844), (-0.99941856, 0.034077007, 0.0011644736), (-0.9998068, -0.009826315, -0.017022694), (-0.9996973, 0.017329091, -0.01746496), (-0.022740686, 0.1641598, 0.9861716), (-0.9999995, -0.0008922044, 0.0004913814), (-0.9996689, -0.002469543, -0.025613122), (0.1251749, 0.03676889, 0.99145323), (-0.9999988, 0.0010943981, 0.0010590185), (-0.048026573, 0.9470038, 0.3176118), (-0.9999674, -0.0030361235, 0.0074839126), (-0.99982923, -0.008389494, -0.016469928), (-0.08167808, -0.9028205, -0.42218927), (-0.9999766, -0.006835508, -0.00052995095), (-0.9999766, -0.006835508, -0.00052995095), (-0.080340095, -0.8026577, -0.5910042), (-0.9999268, -0.00041841596, -0.012091281), (-0.99964327, 0.026637545, -0.0019441807), (-0.9996201, -0.011504774, 0.025049672), (-0.02477854, -0.9211883, 0.3883274), (-0.99901056, 0.017401071, 0.040928356), (-0.9999411, -0.0064689894, 0.008713274), (-0.00029870388, 0.9999203, -0.012622818), (-0.99829185, 0.041237414, 0.04138619), (-0.078098424, 0.9510949, -0.29886314), (-0.9991202, -0.0039048844, 0.041757587), (-0.99997425, -0.003200426, -0.006440575), (-0.9991202, -0.0039048844, 0.041757587), (-0.06618506, 0.9253733, -0.37323427), (-0.99755865, -0.06901326, -0.0106853405), (-0.0689414, -0.09841433, 0.9927546), (-0.99960667, 0.024739187, 0.013213355), (-0.9999269, 0.008606644, -0.008493174), (-0.05912329, 0.9932021, -0.10027017), (-0.99998385, 0.003508583, 0.004494668), (-0.99954575, -0.030140009, 0.00025642663), (-0.083137654, 0.93879104, -0.33430466), (0.0035555533, 0.57343614, -0.81924254), (-0.9994153, 0.030135665, -0.01615648), (-0.99990815, 0.013070022, -0.0036034335), (-0.023851262, -0.92373085, 0.38229892), (-0.99924237, 0.03826933, 0.0070917564), (-0.9999878, 0.004940267, -0.00039846092), (-0.9895176, 0.024824603, -0.14226234), (-0.99950796, 0.031116378, -0.00395396), (-0.9997887, -0.0044244644, -0.020074302), (-0.112362154, 0.9140659, -0.3896901), (-0.9998242, -0.015189037, -0.010999738), (-0.06359431, -0.117656045, -0.99101603), (-0.999891, 0.014496719, 0.0028356872), (-0.9999811, 0.0043891384, -0.00430067), (-0.999891, 0.014496719, 0.0028356872), (-0.07508089, -0.318371, -0.9449883), (-0.9991801, -0.040486276, 0.00010590672), (0.01881665, 0.047433097, -0.9986972), (-0.99998444, 0.001447412, -0.0053909654), (-0.99863845, -0.049089544, 0.017654898), (-0.06861481, 0.17065515, 0.9829389), (-0.99913865, 0.04040353, 0.009461509), (-0.99994975, -0.0084216, 0.0054489165), (-0.99913865, 0.04040353, 0.009461509), (-0.025257198, 0.23073687, 0.9726883), (-0.997883, -0.050812196, 0.04059372), (-0.99972105, 0.0017903318, 0.023553003), (0.056405745, 0.71843904, 0.6932992), (-0.9999709, 0.0017904486, -0.007415121), (0.008570026, 0.89348865, 0.4490042), (-0.99789405, 0.0454035, -0.04632494), (-0.99928254, 0.012799125, 0.035647206), (-0.081737, 0.79747176, -0.59779435), (-0.999776, 0.02036313, 0.0057739303), (-0.9996482, 0.01724204, 0.020160902), (-0.08665914, 0.6190753, -0.78053576), (-0.99928254, 0.012799125, 0.035647206), (-0.9998799, 0.009491782, -0.012255435), (-0.07878799, 0.98722535, -0.13848674), (-0.9996674, 0.018868912, -0.01757876), (-0.9996674, 0.018868912, -0.01757876), (-0.07952396, 0.9955938, -0.049687695), (-0.9983926, 0.05538834, 0.012017266), (-0.9942749, 0.09892878, 0.040380523), (-0.9983926, 0.05538834, 0.012017266), (-0.08097739, 0.9704871, 0.2271509), (-0.99794793, -0.04859258, -0.041697703), (-0.05715297, 0.2834438, -0.9572843), (-0.99995893, 0.008967209, -0.0013967042), (-0.9999363, -0.01125071, -0.0009806686), (-0.011374399, 0.68556714, -0.7279206), (-0.00029870388, 0.9999203, -0.012622818), (-0.11757179, -0.20452964, -0.9717739), (-0.06427793, -0.054224588, -0.9964578), (-0.14360702, -0.52917796, -0.8362702), (-0.99992645, 0.011003756, -0.0051126634), (-0.99979556, 0.0063194716, 0.019208442), (0.02873999, 0.9303694, 0.36549523), (-0.9999627, 0.004828444, 0.0071720197), (-0.9999747, 0.0015480284, 0.006944799), (0.03059263, 0.6546414, 0.7553203), (-0.99965906, -0.025782185, 0.0041388837), (-0.9999627, 0.004828444, 0.0071720197), (0.042951446, 0.54299355, 0.8386378), (-0.9998744, -0.014627003, 0.00611442), (-0.9999539, 0.008678923, 0.004118024), (-0.028223073, 0.030767476, 0.99912804), (-0.9999847, -0.00042273084, 0.0055221166), (-0.9998744, -0.014627003, 0.00611442), (-0.027118655, -0.17541876, 0.9841204), (-0.99993587, -0.0063733016, -0.009371431), (-0.9999847, -0.00042273084, 0.0055221166), (-0.023942312, -0.4257716, 0.9045139), (-0.99982023, -0.015204902, 0.011333045), (-0.07834041, -0.25747934, -0.9631029), (-0.99998164, 0.00033395927, -0.0060622278)] (
        interpolation = "faceVarying"
    )
    point3f[] points = [(-0.0009258759, -0.013379981, -0.104129605), (-0.0009010087, 0.016758865, -0.10456606), (-0.00093483744, 0.016744472, -0.11014047), (-0.00089196174, -0.013394357, -0.109704), (-0.00084718113, 0.008240893, -0.17331356), (-0.0007890101, 0.0097677605, -0.17384696), (-0.00086627086, 0.006854769, -0.17871712), (-0.00089796947, 0.008315357, -0.1792796), (-0.00078947766, 0.011353055, -0.17475109), (-0.00076381344, 0.012684045, -0.17577927), (-0.0008475069, 0.009489809, -0.18018568), (-0.0008996884, 0.014018468, -0.17719127), (-0.0008998825, 0.014694261, -0.17833327), (-0.00086270523, 0.010365623, -0.18116236), (-0.00087747147, 0.015290427, -0.17952366), (-0.00084796513, 0.011072957, -0.1823522), (-0.0008775968, 0.015739504, -0.18080625), (-0.00087768177, 0.01605533, -0.1821747), (-0.00083114073, 0.011474067, -0.18360841), (-0.00091878674, 0.016251873, -0.18362875), (-0.00090030575, 0.016268844, -0.1851711), (-0.0007894901, 0.011628949, -0.18487757), (-0.00087768515, 0.016177366, -0.18693541), (-0.00078944064, 0.011503911, -0.18664171), (-0.0008775914, 0.015901536, -0.18859226), (-0.0008774482, 0.015458156, -0.19014326), (-0.00081161933, 0.011029227, -0.18842837), (-0.00087725575, 0.014847634, -0.19158974), (-0.0009334763, 0.014103116, -0.19295593), (-0.00078899896, 0.010103886, -0.19001412), (-0.00089930015, 0.013111611, -0.19416611), (-0.00089808245, 0.008969259, -0.19122142), (-0.0008763815, 0.012008973, -0.19531874), (-0.00091630785, 0.008145669, -0.19177984), (-0.00089857465, 0.0107338475, -0.19631694), (-0.0008755717, 0.0093419915, -0.19718197), (-0.000916027, 0.00721693, -0.19226718), (-0.0008751072, 0.007803388, -0.19787537), (-0.00089723396, 0.00616313, -0.19264238), (-0.00087460206, 0.006125622, -0.19840991), (-0.00087430427, 0.005003809, -0.19297162), (-0.00087405596, 0.0043075774, -0.19878513), (-0.0008739181, 0.003716235, -0.19317788), (-0.00087346905, 0.0023486398, -0.19899987), (-0.00087349705, 0.0023096777, -0.19329304), (-0.0008730405, 0.0007835758, -0.19331795), (-0.0008728414, 0.00024928217, -0.19905336), (-0.0008725586, -0.00083030085, -0.19325405), (-0.00089482893, -0.0017378816, -0.19898066), (-0.0008721178, -0.0023089268, -0.19310436), (-0.0008942788, -0.0035855297, -0.1986716), (-0.0008717176, -0.003653559, -0.19286802), (-0.0008937627, -0.005321436, -0.19830061), (-0.00089329504, -0.0069004414, -0.19768248), (-0.00089393725, -0.0048696855, -0.19255914), (-0.0008702787, -0.008373227, -0.19696985), (-0.000912097, -0.005936572, -0.19211696), (-0.00089245953, -0.009732623, -0.19611323), (-0.0008933463, -0.00686938, -0.19159772), (-0.0008921126, -0.010918243, -0.19503786), (-0.0007575603, -0.007890049, -0.19088884), (-0.0008692162, -0.011999481, -0.19389044), (-0.0008056079, -0.009061101, -0.18948792), (-0.00086895545, -0.012900686, -0.19264792), (-0.0008687456, -0.013633443, -0.19132178), (-0.0007830436, -0.009872586, -0.1878552), (-0.00086858653, -0.014198711, -0.18991047), (-0.0009095299, -0.014611131, -0.18841536), (-0.0008246542, -0.0101738265, -0.1860442), (-0.00090947194, -0.014842108, -0.18682735), (-0.00089098414, -0.014922341, -0.18514813), (-0.00082466425, -0.010181745, -0.18424894), (-0.00090949406, -0.014838517, -0.183793), (-0.0008684997, -0.0146603, -0.18251194), (-0.00084170874, -0.009848619, -0.18290494), (-0.00089117145, -0.014384363, -0.18130751), (-0.0008912725, -0.014073153, -0.1801571), (-0.00084190833, -0.009210043, -0.18162768), (-0.0008914282, -0.013576023, -0.17911258), (-0.00089158677, -0.013068998, -0.17809749), (-0.0008058669, -0.008397942, -0.18066901), (-0.0008917975, -0.012384761, -0.17720418), (-0.0008694408, -0.01165387, -0.17634651), (-0.00078388845, -0.007233844, -0.1797134), (-0.0008696992, -0.01080725, -0.17557196), (-0.0009110424, -0.009864103, -0.17485784), (-0.0009113629, -0.008806089, -0.1742276), (-0.00078432355, -0.005796211, -0.17894548), (-0.00087065983, -0.007635946, -0.1736838), (-0.00075821107, -0.0061222524, -0.17316973), (-0.00082651497, -0.0041262633, -0.17831905), (-0.0008698729, -0.012822807, -0.06316191), (-0.00075708394, -0.012582297, -0.0567839), (-0.00087155617, -0.0072639626, -0.059998497), (-0.0008717817, -0.0063331057, -0.06760279), (-0.0008718422, -0.0062924083, -0.060623776), (-0.00075924763, -0.005236786, -0.061378755), (-0.0008080572, -0.0038021551, -0.06238158), (-0.0009051252, -0.002803053, -0.063274905), (-0.0008946503, -0.0053563616, -0.06825238), (-0.0009296061, -0.0018262857, -0.06400826), (-0.0007855298, -0.0043015704, -0.06895097), (-0.0008600657, -0.0011515634, -0.06496769), (-0.00082838704, -0.00045701754, -0.06598205), (-0.00082764507, -0.002847351, -0.06999853), (-0.0007609568, 0.00063567783, -0.06798775), (-0.00085501804, -0.0019036065, -0.07084901), (-0.00091434916, -0.0011843236, -0.07161985), (-0.00086178747, 0.0046630073, -0.06723797), (-0.0008960358, -0.00062071334, -0.072561465), (-0.0008554627, -0.00035543172, -0.07347541), (-0.0009488391, -0.00019072172, -0.07458586), (-0.0008284373, -0.00006218572, -0.07582152), (-0.00091461284, -0.00016061265, -0.07773668), (-0.00089653867, 0.000901888, -0.065616675), (-0.0009362723, 0.005215018, -0.06621678), (-0.0007872344, 0.0012977355, -0.06441995), (-0.00078748557, 0.0020992188, -0.062733345), (-0.00089105824, 0.006008627, -0.065470725), (-0.0007877899, 0.0030856042, -0.06134261), (-0.0008757537, 0.0068988465, -0.065044925), (-0.0007621265, 0.004372248, -0.060303774), (-0.00076256396, 0.0058189877, -0.059573345), (-0.00091133633, 0.007896035, -0.0648091), (-0.0007891055, 0.0074365214, -0.059133105), (-0.0008632464, 0.00935551, -0.059070162), (-0.000899025, 0.009202328, -0.06480152), (-0.0008636721, 0.010784157, -0.05923578), (-0.0008892338, 0.01211127, -0.059622057), (-0.0008923623, 0.010364428, -0.06511978), (-0.00086442375, 0.013321355, -0.060213253), (-0.00088991714, 0.014428689, -0.060967576), (-0.0008926599, 0.011375407, -0.06578419), (-0.0008331278, 0.015310728, -0.061861422), (-0.000850265, 0.01600874, -0.06291538), (-0.00085040083, 0.01648964, -0.064060934), (-0.0009183502, 0.012090867, -0.06672258), (-0.00076582003, 0.016849652, -0.06546755), (-0.00089298293, 0.012505296, -0.06790598), (-0.0009013633, 0.01708066, -0.06714008), (-0.000919861, 0.017180637, -0.068255946), (-0.00095807656, 0.012599775, -0.06903157), (-0.0009198629, 0.017215429, -0.06948531), (-0.0007905897, 0.012660352, -0.07027766), (-0.00087879284, 0.017200788, -0.070826955), (-0.0008774244, 0.012644016, -0.07175992), (-0.00087741425, 0.012633377, -0.0727727), (-0.00089994504, 0.012584284, -0.0779281), (-0.0009351214, 0.017080024, -0.08355944), (-0.00093129656, 0.004148468, -0.07776562), (-0.00089224556, -0.013058803, -0.08312299), (-0.00086971896, -0.013004933, -0.07758909), (-0.0008748841, 0.004169722, -0.07291559), (-0.0008748992, 0.004192681, -0.0717108), (-0.00076200615, 0.0042023268, -0.07040363), (-0.00087495777, 0.004318942, -0.06867096), (-0.00086484523, 0.011458775, 0.08140676), (-0.00090117817, 0.013041242, 0.080889076), (-0.00081324443, 0.010359529, 0.07593063), (-0.0008788919, 0.014038552, 0.08040744), (-0.0009104292, 0.011743556, 0.0752706), (-0.00092022045, 0.014962249, 0.07983378), (-0.0009019956, 0.015815789, 0.079170845), (-0.00087963196, 0.016561447, 0.07838171), (-0.0008903775, 0.012843234, 0.07436008), (-0.0008798332, 0.017254438, 0.077526525), (-0.0008800081, 0.017861746, 0.07657804), (-0.000878735, 0.013676479, 0.073310375), (-0.0009212141, 0.018386815, 0.07553557), (-0.0008802704, 0.018789973, 0.07437939), (-0.00083375373, 0.0143093625, 0.07210506), (-0.0008803576, 0.019110715, 0.07312569), (-0.00090299145, 0.019318966, 0.071766354), (-0.0008657432, 0.014710777, 0.07075109), (-0.000880443, 0.019461628, 0.07030725), (-0.00079219474, 0.0148034375, 0.069402), (-0.0008804409, 0.019490417, 0.06874185), (-0.00088041875, 0.01944428, 0.06753113), (-0.0009015981, 0.01475201, 0.06764519), (-0.0009029691, 0.019369053, 0.06637682), (-0.0009015236, 0.0145278275, 0.06655912), (-0.00090289745, 0.019154076, 0.06529472), (-0.00087885937, 0.014273091, 0.06552501), (-0.00079337135, 0.01886467, 0.064046845), (-0.0008787346, 0.013877413, 0.0645666), (-0.00076709635, 0.018170595, 0.06219951), (-0.00090116233, 0.013385463, 0.06366997), (-0.00087972777, 0.017294396, 0.060505696), (-0.0008783881, 0.0127578, 0.06286332), (-0.0009205792, 0.016631657, 0.05953317), (-0.00092035095, 0.015888708, 0.05864486), (-0.000900751, 0.012045475, 0.062108546), (-0.0008790437, 0.015067722, 0.057843104), (-0.00087791414, 0.011204305, 0.061465245), (-0.000878776, 0.014188938, 0.0571068), (-0.00091955357, 0.013272291, 0.056396246), (-0.00087763125, 0.010270493, 0.060914718), (-0.0009192383, 0.0122299185, 0.055845503), (-0.0008773192, 0.009236588, 0.06046977), (-0.0009004344, 0.011142054, 0.055363465), (-0.0008775183, 0.010030818, 0.05491977), (-0.00087697845, 0.00810417, 0.06012966), (-0.0008997524, 0.008878737, 0.054540686), (-0.00087660924, 0.006874128, 0.059893325), (-0.0008993879, 0.0076645934, 0.054320175), (-0.0008764338, 0.0064210426, 0.05411824), (-0.0008762116, 0.0055467663, 0.059759628), (-0.0008986289, 0.005132544, 0.053981237), (-0.00087578566, 0.004121946, 0.059727643), (-0.00089823, 0.003797275, 0.05400554), (-0.00087532814, 0.0025900567, 0.05979766), (-0.0008752805, 0.0025632912, 0.054041345), (-0.00089750055, 0.0013535433, 0.054133467), (-0.0008749045, 0.0011687318, 0.059968054), (-0.000915626, 0.00017785102, 0.05434668), (-0.0008968115, -0.00096412847, 0.054644033), (-0.0008970942, -0.00014691471, 0.06022424), (-0.0008738965, -0.0020893393, 0.054968074), (-0.00091521593, -0.0013395897, 0.060627494), (-0.0008735726, -0.003182806, 0.055379435), (-0.00089583406, -0.0042619845, 0.055833578), (-0.0009302931, -0.0024176128, 0.061127134), (-0.0008955422, -0.005252388, 0.05642838), (-0.0008952572, -0.0062195016, 0.057009973), (-0.00087354647, -0.0034151997, 0.061673634), (-0.00092887954, -0.007069459, 0.057726514), (-0.0008732931, -0.0042788824, 0.062359285), (-0.00087219395, -0.007867497, 0.05848682), (-0.00087198213, -0.008595373, 0.059317287), (-0.00087307545, -0.0050247465, 0.06312706), (-0.0008717917, -0.009253445, 0.060218424), (-0.00091267505, -0.00985468, 0.061183855), (-0.0008728931, -0.005654122, 0.06395847), (-0.0008940484, -0.010384212, 0.062210556), (-0.000872746, -0.0061670565, 0.06485401), (-0.0008713548, -0.010786808, 0.06330549), (-0.0008726344, -0.006562474, 0.065812066), (-0.0008712578, -0.011137386, 0.06443682), (-0.00091223745, -0.011420927, 0.06561537), (-0.00089514896, -0.006808656, 0.06683727), (-0.00087113783, -0.011594337, 0.066849664), (-0.0009135788, -0.0069855265, 0.0679096), (-0.000871115, -0.011700304, 0.0681318), (-0.0008725016, -0.007087199, 0.069270775), (-0.000871117, -0.011724269, 0.069465026), (-0.00088443095, -0.006964527, 0.070420146), (-0.000871137, -0.011681892, 0.07052883), (-0.00089376007, -0.011565761, 0.07158671), (-0.00084439584, -0.0067372457, 0.07158307), (-0.00087122875, -0.0114234965, 0.0726441), (-0.0008713005, -0.011207432, 0.073695295), (-0.00084450754, -0.0063909227, 0.07278403), (-0.00087138993, -0.010933377, 0.07474241), (-0.0008954644, -0.0059155584, 0.07384726), (-0.00087149633, -0.010601251, 0.075785495), (-0.0008278838, -0.005396994, 0.074921206), (-0.00087162026, -0.010210674, 0.076825455), (-0.0008943275, -0.009811154, 0.077841975), (-0.00094272813, -0.0047395225, 0.07578163), (-0.00078508107, -0.00921981, 0.07895124), (-0.00089601084, -0.0041503184, 0.07661201), (-0.0008077076, -0.008273609, 0.08054324), (-0.00085926446, -0.0072252657, 0.081873834), (-0.00087473553, 0.00021852057, 0.07658885), (-0.0008761516, 0.004830702, 0.082081236), (-0.00087601604, 0.0046703955, 0.06938248), (-0.00087465905, 0.00012827259, 0.06943982), (-0.00087625085, 0.0049228068, 0.092396684), (-0.0007641326, 0.0076450743, 0.08854629), (-0.0008372455, 0.0059208423, 0.08777888), (-0.0008491977, 0.008915427, 0.08953827), (-0.0008921684, 0.006061724, 0.09304168), (-0.00088960485, 0.009881027, 0.09063065), (-0.0008327724, 0.010567981, 0.0919026), (-0.0008993994, 0.0067907632, 0.09381289), (-0.0009006726, 0.011058681, 0.09345766), (-0.0008995468, 0.0072608646, 0.094810784), (-0.0008781395, 0.011195863, 0.09446232), (-0.0008781792, 0.011303596, 0.09555169), (-0.0009402541, 0.007439066, 0.09596629), (-0.00087820116, 0.0113499835, 0.096733145), (-0.00084883394, 0.0075196894, 0.09726244), (-0.0007652886, 0.011293874, 0.09805231), (-0.00085892744, 0.0072671454, 0.09833063), (-0.0007652584, 0.011149297, 0.09990501), (-0.0008924384, 0.0068156417, 0.09950795), (-0.00084984105, 0.010790803, 0.10152866), (-0.00087794993, 0.010371826, 0.10265927), (-0.00088587735, 0.0098899035, 0.10365034), (-0.0009057684, 0.0060168067, 0.10025152), (-0.00087752874, 0.008916978, 0.10465047), (-0.00094667496, 0.007783821, 0.1053363), (-0.00087679905, 0.0064528165, 0.105600245), (-0.0008988528, 0.004803915, 0.10065006), (-0.00076344307, 0.0049396832, 0.10579019), (-0.00089841045, 0.0032013687, 0.1059357), (-0.0007889094, 0.0030895409, 0.100596316), (-0.00081039104, 0.00023419718, 0.10093446), (-0.0007608055, -0.0038871504, 0.10585871), (-0.00082913454, -0.0018109889, 0.1008624), (-0.0008739782, -0.0028738913, 0.100763574), (-0.0008735978, -0.004145838, 0.100668944), (-0.0008449865, -0.005552665, 0.10588448), (-0.00089583074, -0.005299753, 0.100249834), (-0.0008446208, -0.0067795427, 0.106007464), (-0.0008955662, -0.006169285, 0.09956831), (-0.00055624114, -0.008253066, 0.10141636), (-0.00087217824, -0.0088832, 0.10018945), (-0.00095340353, -0.006909202, 0.0985877), (-0.0008638506, -0.007826194, 0.106222875), (-0.00092102477, -0.009674166, 0.099276446), (-0.0009507209, -0.008910181, 0.10142632), (-0.0008951714, -0.0074424245, 0.09754714), (-0.0009128176, -0.010236433, 0.09838188), (-0.0008211766, -0.007731111, 0.09650379), (-0.0009280731, -0.010685539, 0.09744614), (-0.00088144036, -0.010082232, 0.101833254), (-0.0009013122, -0.009039222, 0.10651672), (-0.0009037761, -0.011008366, 0.0965041), (-0.0009077822, -0.007694522, 0.09530081), (-0.00090370537, -0.0112224445, 0.09551419), (-0.00093504915, -0.010229208, 0.10696018), (-0.0008939995, -0.011291016, 0.09439576), (-0.0009190778, -0.007373929, 0.094175026), (-0.0007845695, -0.011256566, 0.093028314), (-0.0008069838, -0.010946644, 0.09139963), (-0.0009080572, -0.006726803, 0.093223885), (-0.00087169406, -0.010264969, 0.089904554), (-0.0008719524, -0.00937405, 0.08875872), (-0.0009195388, -0.0057943566, 0.09257071), (-0.0008271145, -0.008270745, 0.087893575), (-0.000844425, -0.007003094, 0.087328985), (-0.0008085022, -0.005765077, 0.0870356), (-0.0008959326, -0.004773897, 0.09226519), (-0.000902529, -0.00451494, 0.08700148), (-0.0009029506, -0.0031126116, 0.08727955), (-0.00090283167, -0.003627944, 0.092390105), (-0.0009094687, -0.0018794358, 0.08784533), (-0.0009097966, -0.0008025901, 0.08874312), (-0.0009039031, 0.000015893933, 0.089849986), (-0.0009256003, -0.0026657344, 0.0929685), (-0.0009160037, 0.00058933056, 0.0912553), (-0.0007882367, 0.0010239418, 0.09260549), (-0.000762309, 0.0014137343, 0.094141185), (-0.00089792407, 0.001805764, 0.09589507), (-0.0007885759, 0.0020537002, 0.09714675), (-0.00076266815, 0.0025067644, 0.098865345), (-0.0009033458, -0.0019429715, 0.09391808), (-0.000943821, -0.0015274762, 0.09506448), (-0.00084624963, -0.0011068626, 0.096380815), (-0.00088646665, -0.0007833047, 0.097695015), (-0.00083540106, -0.00051001314, 0.09898034), (-0.001003765, -0.00033762635, 0.09997843), (-0.0007607326, -0.0062156813, 0.19607858), (-0.0007612469, -0.004514793, 0.19695127), (-0.00088249124, -0.0034801385, 0.19194019), (-0.0008654343, -0.0044980114, 0.19147377), (-0.0007864071, -0.0074647083, 0.19504157), (-0.0008084204, -0.008505742, 0.19382387), (-0.0009149329, -0.005294931, 0.19080509), (-0.0007597903, -0.0092822695, 0.19233997), (-0.00089625426, -0.005952989, 0.18987851), (-0.0007596243, -0.00979947, 0.19068557), (-0.000785582, -0.010083012, 0.18884322), (-0.0009088514, -0.006278084, 0.18879738), (-0.00087241817, -0.010074703, 0.1865048), (-0.00091459014, -0.0063629244, 0.18744075), (-0.00087247055, -0.0098663075, 0.18506368), (-0.00082845235, -0.0060639097, 0.18612738), (-0.00086048973, -0.0055107838, 0.18514925), (-0.000913621, -0.00952092, 0.18374255), (-0.00091376493, -0.009011414, 0.18254744), (-0.00086073077, -0.0046834187, 0.18424192), (-0.0008729019, -0.008340553, 0.1814812), (-0.0008731367, -0.0075324434, 0.18052574), (-0.00084608037, -0.0036872085, 0.18354276), (-0.00087341847, -0.0065705427, 0.17968424), (-0.00087367225, -0.005707912, 0.17910941), (-0.00091500155, -0.0047827135, 0.17860478), (-0.0008295123, -0.0024465693, 0.18307914), (-0.00087424245, -0.0037792143, 0.17821221), (-0.00087455823, -0.0027150307, 0.17789221), (-0.00087500433, -0.001338199, 0.18293148), (-0.0008748948, -0.0015833266, 0.17765841), (-0.0009163773, -0.00027793055, 0.18286727), (-0.0008752523, -0.00038365767, 0.17751116), (-0.00087563053, 0.00088333635, 0.17745104), (-0.0008760814, 0.0023912587, 0.17749017), (-0.0008988012, 0.002729058, 0.18296236), (-0.0008980686, -0.000061036524, 0.19762911), (-0.0008765033, 0.0037994343, 0.17764625), (-0.0008483631, 0.003965891, 0.18290341), (-0.00089888787, 0.0028006586, 0.19243559), (-0.00087689626, 0.005108326, 0.17791846), (-0.00087593956, 0.0014514013, 0.19760542), (-0.00087644486, 0.0031463841, 0.19743837), (-0.00086369267, 0.005252366, 0.18314181), (-0.0008769053, 0.004693586, 0.19715339), (-0.00089984026, 0.0063128616, 0.17832094), (-0.0008634313, 0.0041657905, 0.19234487), (-0.00087732077, 0.0060930173, 0.19675161), (-0.00093405455, 0.0074500744, 0.17877272), (-0.0008490728, 0.006323254, 0.18363565), (-0.00084886316, 0.0054280525, 0.19204147), (-0.00087790505, 0.008448323, 0.17942485), (-0.00087769143, 0.007345243, 0.19623458), (-0.0008781861, 0.009371873, 0.1801572), (-0.0008780177, 0.008451614, 0.19560334), (-0.0009098489, 0.0072804675, 0.18441065), (-0.0008492007, 0.006568723, 0.19153395), (-0.0008784355, 0.010187625, 0.18097886), (-0.00087830075, 0.009416072, 0.19485724), (-0.00087864825, 0.010879138, 0.18186122), (-0.000878543, 0.010246143, 0.19401206), (-0.0009003791, 0.007955875, 0.18526189), (-0.0009408577, 0.007268469, 0.19077806), (-0.00091987307, 0.01142086, 0.18281738), (-0.0009198058, 0.010957837, 0.19309406), (-0.0009015543, 0.011921589, 0.1837973), (-0.0008789088, 0.011514655, 0.19207937), (-0.0009005214, 0.00840915, 0.18626417), (-0.00088974816, 0.008067078, 0.18987098), (-0.000920116, 0.012185799, 0.18488322), (-0.0008790326, 0.011954007, 0.19098996), (-0.0009201966, 0.012428887, 0.18600781), (-0.0009017075, 0.01229521, 0.18982238), (-0.00086473604, 0.008649483, 0.18724564), (-0.00091902254, 0.008432808, 0.18894394), (-0.00090175774, 0.01252383, 0.18720886), (-0.00087916205, 0.012443418, 0.18855578), (-0.0009474631, 0.008511163, 0.18803036), (-0.00081454683, -0.011351889, 0.03626908), (-0.0008599382, -0.0075077363, 0.03573946), (-0.0008720675, -0.0077382606, 0.0346298), (-0.0009031373, -0.011722406, 0.03487723), (-0.0008425688, -0.011967086, 0.033346232), (-0.00088763016, -0.0077503826, 0.03357091), (-0.0008425339, -0.0120519195, 0.031951215), (-0.00091599295, -0.00731931, 0.032658827), (-0.0009223782, -0.012011863, 0.030891867), (-0.00093188585, -0.011678939, 0.029705804), (-0.0008645475, -0.01117538, 0.028656809), (-0.0008712263, -0.010396377, 0.027811725), (-0.00092311355, -0.009469044, 0.027321981), (-0.0008873973, -0.008377097, 0.02700224), (-0.0009214924, -0.0065602516, 0.032193083), (-0.00092858734, -0.0073320717, 0.026802743), (-0.00084427785, -0.006098733, 0.026857143), (-0.00093593507, -0.005535602, 0.03210074), (-0.0007600021, -0.0047484827, 0.026787069), (-0.0008448064, -0.004447614, 0.03193981), (-0.00089595414, -0.0033098108, 0.0320207), (-0.0008760948, 0.0059219836, 0.026609518), (-0.00093260343, 0.0059883916, 0.031871334), (-0.0008998562, 0.009934588, 0.023887534), (-0.0008760662, 0.005888065, 0.023922622), (-0.00091836916, 0.009998648, 0.026543511), (-0.0008773648, 0.010050728, 0.03182005), (-0.0008761941, 0.006039286, 0.03590167), (-0.00087740767, 0.010101606, 0.035850387), (-0.00090125424, 0.0145528745, 0.026468566), (-0.0007666546, 0.01740054, 0.03156731), (-0.00093572884, 0.017798379, -0.026654953), (-0.00089285313, -0.012340451, -0.026218498), (-0.00087031897, -0.012295666, -0.021404289), (-0.000721082, -0.007930487, -0.02161935), (-0.0009357738, 0.017825328, -0.021352626), (-0.00077324256, -0.008743565, -0.0155688785), (-0.00080697413, -0.0084688505, -0.017241243), (-0.0008071591, -0.0078203315, -0.018530747), (-0.00080746517, -0.006770525, -0.019634102), (-0.0009133855, -0.005590919, -0.02043553), (-0.0008082079, -0.004256846, -0.020860013), (-0.00076030835, -0.0026161242, -0.021156624), (-0.00078691944, -0.00075414544, -0.02121964), (-0.0008112375, 0.005891694, -0.021361938), (-0.0007874567, 0.0010407105, -0.021096028), (-0.0007618692, 0.0025963937, -0.02074762), (-0.00087514624, 0.003829486, -0.020174675), (-0.0008621898, 0.0048989975, -0.019216107), (-0.0008474664, 0.0056117172, -0.018202981), (-0.0008988775, 0.0076708985, -0.01987745), (-0.0008120237, 0.0084655145, -0.018894933), (-0.000862529, 0.0059846602, -0.017060194), (-0.00081231707, 0.00940721, -0.017164117), (-0.0008476334, 0.0061150594, -0.015790714), (-0.0007640749, 0.009850312, -0.015234025), (-0.00087580865, 0.005915413, -0.014570929), (-0.0008770079, 0.009901251, -0.013383893), (-0.0008756656, 0.0054100826, -0.013419198), (-0.0009180276, 0.009754443, -0.012340547), (-0.00076394755, 0.00932918, -0.011145918), (-0.000887319, 0.00461469, -0.012464426), (-0.0008992229, 0.008587517, -0.009538475), (-0.0008990294, 0.007921548, -0.0087432), (-0.0009326956, 0.0072158487, -0.00793228), (-0.0007622303, 0.003596135, -0.0116892075), (-0.00093244406, 0.0063581187, -0.007237458), (-0.00087570236, 0.005378038, -0.00668153), (-0.0007618086, 0.0021715248, -0.011102088), (-0.00089796726, 0.0043088538, -0.00620957), (-0.0008976245, 0.0031519409, -0.0057791537), (-0.00087466, 0.0018634821, -0.005528594), (-0.0007873453, 0.00043027633, -0.0107868), (-0.00087424606, 0.0004742371, -0.0053512505), (-0.00087379885, -0.001023989, -0.0052788965), (-0.00087365264, -0.0013877614, -0.010680611), (-0.0007603768, -0.0026293772, -0.010675528), (-0.0008959151, -0.0025788345, -0.0052819084), (-0.00089548324, -0.0040192325, -0.005474698), (-0.0008082476, -0.0043535857, -0.010925558), (-0.0008950796, -0.005365075, -0.0056819003), (-0.00087213115, -0.006585251, -0.006075462), (-0.0008722826, -0.005954761, -0.011411562), (-0.0008717932, -0.0077055325, -0.006545271), (-0.0009125402, -0.0087277675, -0.007109712), (-0.0009122626, -0.009640927, -0.007795585), (-0.0008437137, -0.0070846262, -0.012169087), (-0.0009120175, -0.010443256, -0.008560375), (-0.00080620794, -0.011209523, -0.009572868), (-0.00087167934, -0.007935172, -0.013081537), (-0.0008252749, -0.012132868, -0.011330291), (-0.00087151106, -0.008473159, -0.014157532), (-0.0008702826, -0.012609156, -0.013074248), (-0.00091933395, -0.012704975, -0.0143945785), (-0.0009025264, -0.012604479, -0.015412229), (-0.0009025923, -0.0123598045, -0.016451275), (-0.00085718377, -0.011892249, -0.017411495), (-0.0008254526, -0.011375227, -0.018408308), (-0.00082564796, -0.010700223, -0.019333059), (-0.00087104645, -0.009889251, -0.02018615), (-0.00087215746, -0.009932285, 0.14256231), (-0.0008440265, -0.009726564, 0.14749834), (-0.00089515984, -0.008628419, 0.14717917), (-0.0008138228, -0.008666404, 0.14218043), (-0.000881001, -0.0074228127, 0.14680642), (-0.0010081785, -0.008125966, 0.14188482), (-0.0008733774, -0.0059417016, 0.1465298), (-0.0008389817, -0.004660102, 0.14091459), (-0.0008092688, -0.0045740507, 0.14650032), (-0.0008967866, -0.0031699075, 0.14651784), (-0.00091990863, -0.005656529, 0.14014946), (-0.0008593308, -0.008362879, 0.14075625), (-0.0009588462, -0.0063847285, 0.13921426), (-0.0009288295, -0.009135429, 0.13989307), (-0.00090528297, -0.00692804, 0.1380994), (-0.0009286529, -0.00970631, 0.13901673), (-0.00085486623, -0.0072157388, 0.13709633), (-0.0008946411, -0.010153564, 0.13805355), (-0.00089453056, -0.010501228, 0.13711056), (-0.0008885061, -0.0071823373, 0.13592008), (-0.00088744407, -0.010732729, 0.13576755), (-0.00075894996, -0.0107578905, 0.13451682), (-0.00090215856, -0.006859493, 0.13476706), (-0.00075898564, -0.010598067, 0.13275649), (-0.0009084906, -0.0062143872, 0.1338151), (-0.00077703653, -0.009801603, 0.13066082), (-0.0008272282, -0.0088481065, 0.12935163), (-0.0008815517, -0.0052656983, 0.13314131), (-0.0008726919, -0.007817758, 0.12847671), (-0.0008086852, -0.0060956157, 0.12784919), (-0.0008818603, -0.0042263954, 0.1328635), (-0.00082241144, -0.004317197, 0.12758528), (-0.0008609436, -0.0026683155, 0.12786661), (-0.0008822017, -0.0030865262, 0.13297291), (-0.0008972056, -0.0013500589, 0.12845197), (-0.00086857815, -0.000022507715, 0.12964249), (-0.0009097068, -0.0021388645, 0.1335762), (-0.0009699579, 0.0007331092, 0.13078435), (-0.0008979852, 0.001176202, 0.13201408), (-0.0007886807, 0.0015718375, 0.1331865), (-0.0008972218, -0.0014358803, 0.1344766), (-0.0007627422, 0.0019261506, 0.13473241), (-0.00095541595, -0.0010307278, 0.13561921), (-0.00082975556, -0.00056720705, 0.13698308), (-0.0008983575, 0.00231818, 0.13648626), (-0.00081134867, 0.0025881038, 0.1377167), (-0.0009072704, -0.00028195264, 0.13829695), (-0.00085457513, -0.000006154715, 0.13956489), (-0.0007631015, 0.0030191804, 0.13945656), (-0.0009940105, 0.00017209373, 0.14056584), (-0.00076243666, 0.00074663974, 0.14152567), (-0.00087615266, 0.0034791378, 0.14072655), (-0.0008614449, -0.0013055077, 0.1414367), (-0.0008824782, -0.0023541534, 0.14134441), (-0.00096876116, -0.0035138181, 0.14126348), (-0.000917319, 0.003713547, 0.14650948), (-0.00081211445, 0.004949538, 0.14643046), (-0.00084834907, 0.004880191, 0.14131597), (-0.0008771826, 0.006797989, 0.14621855), (-0.0008994971, 0.00602605, 0.14105771), (-0.0007825116, 0.008167697, 0.14586043), (-0.00089350436, 0.009324445, 0.14533372), (-0.00094768323, 0.010255266, 0.14441322), (-0.0009124931, 0.007022548, 0.14049087), (-0.0008501783, 0.010960443, 0.1430081), (-0.0007656375, 0.011453829, 0.14166646), (-0.00091844273, 0.0076358053, 0.139491), (-0.00076570356, 0.011711737, 0.14006801), (-0.00094694964, 0.007944235, 0.13816458), (-0.00087864057, 0.011857132, 0.13839827), (-0.00087863475, 0.011862399, 0.13732435), (-0.0008492466, 0.007991119, 0.13664702), (-0.0008786126, 0.011816012, 0.1361429), (-0.0008785728, 0.011708278, 0.1350535), (-0.00090654544, 0.007800644, 0.13555081), (-0.00083333923, 0.011494765, 0.13387682), (-0.0009125566, 0.0073736734, 0.13451967), (-0.0007654074, 0.010902671, 0.13217212), (-0.0008598859, 0.009731267, 0.1304751), (-0.00090618466, 0.00663642, 0.13368598), (-0.0007907254, 0.008501506, 0.12936424), (-0.00090587063, 0.0056009055, 0.13303699), (-0.00079029374, 0.0070750015, 0.12860493), (-0.0009957104, 0.0061465357, 0.12817147), (-0.00087824935, 0.010848205, 0.12540169), (-0.0008501351, 0.011244087, 0.12449498), (-0.00090759946, 0.011611646, 0.12323216), (-0.00091739366, 0.01163812, 0.12184777), (-0.0008840055, 0.011331984, 0.120557815), (-0.0008781521, 0.010661469, 0.11940412), (-0.00089962315, 0.006873913, 0.12256733), (-0.000862353, 0.006443279, 0.123764135), (-0.0009235569, 0.0069841347, 0.12138692), (-0.0009234957, 0.0068050474, 0.12026204), (-0.0008486261, 0.0063124816, 0.11937768), (-0.00076402974, 0.006650784, 0.11668943), (-0.0009473581, 0.009764774, 0.118576154), (-0.000900147, 0.008737932, 0.11777625), (-0.00091768795, 0.0055909846, 0.118691236), (-0.0009619605, 0.0045224885, 0.11814747), (-0.00087595725, 0.0033571036, 0.1177161), (-0.00076263846, 0.0019764665, 0.117529035), (-0.0008750132, 0.00020382999, 0.11745275), (-0.0008972248, -0.0010308607, 0.11740227), (-0.0008968088, -0.0024238452, 0.117437825), (-0.0008737645, -0.0039736168, 0.11741542), (-0.0008718019, -0.010542184, 0.117498346), (-0.00087174587, -0.010608608, 0.112236515), (-0.0008782203, 0.011062438, 0.111962944), (-0.00087827205, 0.01112341, 0.11679292), (-0.0008045484, -0.01367403, -0.1432646), (-0.00086907874, -0.013761846, -0.13754825), (-0.00080800604, -0.0023246203, -0.13373823), (-0.0008483189, 0.0110258935, -0.12909421), (-0.0009346008, 0.016464734, -0.13229989), (-0.0008782037, 0.016504474, -0.12598573), (-0.0008048628, -0.013302334, -0.11382059), (-0.0007597225, -0.002201269, -0.12396806), (-0.0008713346, -0.00656409, -0.12237583), (-0.00087119883, -0.006724715, -0.13509974), (-0.0008692698, -0.013535798, -0.11964174), (-0.000878868, 0.011827831, 0.17259385), (-0.0008080854, -0.009141667, 0.17281415), (-0.000872989, -0.007849084, 0.17284223), (-0.0007646689, 0.0076061147, 0.16792837), (-0.0008788157, 0.011766252, 0.16771589), (-0.00075912895, -0.0110419225, 0.17270175), (-0.00087119354, -0.013841145, 0.17215942), (-0.0008715377, -0.012696571, 0.17246208), (-0.0008864588, -0.014863525, 0.17183276), (-0.0008819769, -0.017463244, 0.1694171), (-0.0008639876, -0.016333455, 0.1708227), (-0.00086972193, -0.018625587, 0.16615279), (-0.0008517846, -0.018231781, 0.16754586), (-0.0007827521, -0.018962791, 0.16335952), (-0.0008244901, -0.018832, 0.16491923), (-0.000910701, -0.018709226, 0.15852597), (-0.00089218986, -0.01885757, 0.15979138), (-0.0008921555, -0.019005038, 0.16118684), (-0.0008053236, -0.017999629, 0.1562525), (-0.00091076986, -0.018452525, 0.15740168), (-0.00075720757, -0.017055182, 0.15473767), (-0.00085758, -0.014503933, 0.15296632), (-0.0008253136, -0.015814662, 0.15362789), (-0.0007384649, -0.013053345, 0.15263444), (-0.000927412, -0.014332731, 0.15949778), (-0.00084300234, -0.013414718, 0.1588481), (-0.0008788833, -0.014822834, 0.16040076), (-0.00093398633, -0.015046664, 0.16149019), (-0.0008574416, -0.015191589, 0.16270196), (-0.0008425457, -0.015060898, 0.1639077), (-0.00086218497, -0.014758712, 0.16499354), (-0.0008771352, -0.014241976, 0.16619273), (-0.000906573, -0.013397741, 0.1669883), (-0.0008583048, -0.012412683, 0.16741113), (-0.0008875291, -0.011183515, 0.16756986), (-0.0009785498, -0.010077603, 0.16756776), (-0.0008092161, -0.0052409135, 0.16774598), (-0.00090076606, 0.009686079, 0.16641456), (-0.0008784047, 0.010440626, 0.1655547), (-0.0009196469, 0.01108293, 0.16467454), (-0.0008787253, 0.0115556745, 0.16372709), (-0.0008788208, 0.011897924, 0.1627331), (-0.00087887334, 0.012097953, 0.16168216), (-0.00091991446, 0.01209779, 0.15948847), (-0.0009199434, 0.01216993, 0.16057055), (-0.0007919151, 0.011815076, 0.15824851), (-0.00079167145, 0.011042857, 0.15639), (-0.00090078416, 0.010012964, 0.15488192), (-0.0009005392, 0.009210329, 0.1541549), (-0.0008999831, 0.007378956, 0.15286307), (-0.00087769475, 0.008344369, 0.15346368), (-0.000899654, 0.00628871, 0.15239543), (-0.00091776747, 0.0050860234, 0.15205157), (-0.00089889904, 0.0037756262, 0.15182912), (-0.0008758949, 0.0023636438, 0.15166907), (-0.0008754392, 0.0008396571, 0.15163414), (-0.0008976537, -0.00038695268, 0.1516589), (-0.0008969829, -0.002641126, 0.15206337), (-0.0009157831, -0.0015482452, 0.15181448), (-0.00089667056, -0.0036918458, 0.15231694), (-0.00089638715, -0.004650027, 0.15274163), (-0.0007605737, -0.0057602664, 0.15335406), (-0.00087299926, -0.007390491, 0.15450157), (-0.0008727624, -0.00820247, 0.15534489), (-0.0008724268, -0.009369143, 0.1572366), (-0.0008725718, -0.008861236, 0.15625603), (-0.0008723271, -0.009727777, 0.15828918), (-0.00087227224, -0.009937433, 0.15941672), (-0.0008722627, -0.009997162, 0.16062042), (-0.00087229547, -0.009912274, 0.16170001), (-0.00089494174, -0.009717204, 0.16272934), (-0.0009135387, -0.009333205, 0.16368975), (-0.00091389805, -0.008171105, 0.16546005), (-0.0009290967, -0.008811849, 0.16459301), (-0.0008283608, -0.0058373935, 0.1631007), (-0.00083422504, -0.0058909315, 0.1615698), (-0.0008736455, -0.0054546907, 0.16427982), (-0.0008456275, -0.0047815316, 0.1653272), (-0.0008289829, -0.0038294683, 0.16628157), (-0.0007615878, -0.0026807047, 0.16692875), (-0.0008453727, -0.0055157985, 0.16020511), (-0.0009141424, -0.007372277, 0.16626748), (-0.0007620322, -0.0012042272, 0.16738869), (-0.000788599, 0.0005041853, 0.16755876), (-0.00084554945, -0.004901593, 0.15922718), (-0.00078916835, 0.0024104184, 0.16750792), (-0.0008288877, -0.0039643343, 0.15833423), (-0.00078967644, 0.004117579, 0.16721737), (-0.0008098637, -0.002843273, 0.15773556), (-0.0008487578, 0.005661129, 0.16668156), (-0.00076192897, -0.0013151447, 0.1572509), (-0.0008490967, 0.006814431, 0.16584392), (-0.00089788047, 0.00024563, 0.15710844), (-0.00087754976, 0.007596581, 0.16487323), (-0.00081113994, 0.0014441011, 0.15701613), (-0.00083254004, 0.008131134, 0.16375314), (-0.0007893541, 0.0032724056, 0.1571097), (-0.0008777561, 0.00834121, 0.16251716), (-0.00078981626, 0.0048097055, 0.15750499), (-0.00088961073, 0.008269543, 0.16123128), (-0.0009180884, 0.006021575, 0.15801674), (-0.0008493825, 0.00790419, 0.16006716), (-0.0008491488, 0.007147208, 0.15899183), (-0.00068956334, -0.009297001, -0.16679312), (-0.0006899938, -0.007973595, -0.16170631), (-0.0007842359, -0.00647037, -0.16246583), (-0.00078387454, -0.007561204, -0.16758202), (-0.0008052471, -0.010815023, -0.1658064), (-0.00080704346, -0.0048733996, -0.16283019), (-0.00075652805, -0.011950939, -0.16462569), (-0.0007844, -0.0057914853, -0.16807348), (-0.000882185, -0.009139919, -0.16065675), (-0.00080464897, -0.012874391, -0.16330224), (-0.0008717678, -0.0040529906, -0.16830592), (-0.00080758997, -0.0030416145, -0.16295716), (-0.00075923756, -0.0027993827, -0.16830365), (-0.00075605727, -0.01359309, -0.16172671), (-0.0008418469, -0.009929257, -0.15939248), (-0.0007857709, -0.0012013246, -0.16821115), (-0.0007559183, -0.014094909, -0.16012584), (-0.0007857989, -0.0012321905, -0.16280495), (-0.00078624475, 0.0003753766, -0.16782492), (-0.0008566842, -0.010312611, -0.15814754), (-0.0007558455, -0.014376347, -0.15848352), (-0.00078671426, 0.001933006, -0.16724488), (-0.00078627025, 0.00033570005, -0.1624245), (-0.00092518004, -0.014487191, -0.1570119), (-0.0008699609, -0.010364527, -0.15679972), (-0.00090981385, -0.014418265, -0.1556614), (-0.0007871651, 0.0034232296, -0.16644473), (-0.00089142006, -0.014173951, -0.15439291), (-0.00078666315, 0.0016335364, -0.16169405), (-0.00085675606, -0.0101333605, -0.15550365), (-0.00078755966, 0.0047201533, -0.16545317), (-0.0008689459, -0.013844987, -0.15318751), (-0.0008250461, -0.009595848, -0.15427543), (-0.00078790286, 0.005842279, -0.16429406), (-0.0008690957, -0.013370242, -0.1520559), (-0.0008964122, 0.0026785005, -0.16083965), (-0.0009103364, -0.01277719, -0.15098517), (-0.0007881709, 0.006706555, -0.1628956), (-0.00087046047, -0.00877502, -0.15326373), (-0.0008695108, -0.012028278, -0.14999774), (-0.0009063407, 0.0034889807, -0.15958495), (-0.000869777, -0.011159136, -0.14906913), (-0.00076233334, 0.0073990826, -0.16136514), (-0.00078393513, -0.007708769, -0.15242335), (-0.00089264737, -0.010210239, -0.14821433), (-0.00078854116, 0.007873502, -0.1597633), (-0.00087038573, -0.009157062, -0.14754193), (-0.000896794, 0.003898988, -0.15836021), (-0.00075830333, -0.006306961, -0.15179956), (-0.0008707186, -0.008057091, -0.14697449), (-0.00076255767, 0.008072375, -0.1580128), (-0.0008936527, -0.0068848105, -0.14655207), (-0.0008714422, -0.005652998, -0.14622875), (-0.0008742607, 0.00402531, -0.15694252), (-0.0007848426, -0.004694708, -0.15144664), (-0.00089805963, 0.0080782985, -0.1559623), (-0.0008944144, -0.004348835, -0.14601858), (-0.0008980292, 0.007946297, -0.15465377), (-0.0008948273, -0.0029679341, -0.14597079), (-0.0008459899, 0.0038468472, -0.15566058), (-0.00078539737, -0.002840083, -0.15136892), (-0.00089523353, -0.0016059439, -0.14610039), (-0.00091641507, 0.007618726, -0.15342882), (-0.000874066, 0.0033166648, -0.15444985), (-0.00087303715, -0.00031418315, -0.14629355), (-0.00087523094, 0.0071646445, -0.15227959), (-0.00075987575, -0.0010502958, -0.15156718), (-0.0008733983, 0.0009022213, -0.14662941), (-0.00087506784, 0.006594053, -0.15119739), (-0.00087382924, 0.0024995087, -0.15337832), (-0.00089632237, 0.0020600585, -0.14706276), (-0.0008748651, 0.0058923387, -0.15018517), (-0.0008087098, 0.00045277062, -0.15202738), (-0.0008740538, 0.0031196126, -0.14768077), (-0.0008746224, 0.005058367, -0.14924188), (-0.00093001244, 0.0015835519, -0.15270324), (-0.000915408, 0.004132542, -0.14838587), (-0.00071618654, -0.007862938, -0.052238084), (-0.0007166248, -0.0065142815, -0.047110833), (-0.00084407744, -0.005043164, -0.04784173), (-0.0007850978, -0.0061148047, -0.05300535), (-0.00078414, -0.009361734, -0.051200572), (-0.00075988757, -0.003398089, -0.048274424), (-0.0007838113, -0.010488064, -0.05005516), (-0.00080795237, -0.004358595, -0.05348389), (-0.0008834086, -0.007693522, -0.046080083), (-0.000757485, -0.011427282, -0.048690487), (-0.0008955727, -0.002605491, -0.0537133), (-0.00076043565, -0.0015614628, -0.048396856), (-0.00078651117, -0.0013686783, -0.053755037), (-0.00075728056, -0.012146695, -0.047150068), (-0.00084307033, -0.008482861, -0.04481585), (-0.0007609428, 0.00025663336, -0.053604476), (-0.0007571416, -0.012648514, -0.04554916), (-0.00076097326, 0.00023424697, -0.048252653), (-0.0007874681, 0.001821772, -0.053248234), (-0.0008711978, -0.008842267, -0.043581422), (-0.00075706886, -0.012929951, -0.04390682), (-0.0007879376, 0.0033794034, -0.052668203), (-0.00078749005, 0.0017696394, -0.047813036), (-0.000869951, -0.013040778, -0.042435214), (-0.00085790385, -0.008910752, -0.042207155), (-0.0008925567, -0.012989222, -0.04108275), (-0.0007883884, 0.004869623, -0.051868062), (-0.0008926436, -0.012727554, -0.039816264), (-0.00078788644, 0.0030799299, -0.04711735), (-0.0008430397, -0.00867557, -0.04091463), (-0.000811118, 0.006174415, -0.050905447), (-0.0008927413, -0.012428828, -0.038600188), (-0.0008432009, -0.008163783, -0.03971009), (-0.0007630678, 0.0072763106, -0.049687587), (-0.0008929041, -0.011909477, -0.037486315), (-0.0008976238, 0.004085332, -0.04627337), (-0.0009115599, -0.011330793, -0.0364085), (-0.0007633438, 0.008168243, -0.048309393), (-0.0008584178, -0.007274223, -0.03860416), (-0.0008933079, -0.010606506, -0.03540055), (-0.00083015, 0.004956877, -0.045005575), (-0.0008935847, -0.009701673, -0.034504026), (-0.0007635567, 0.008845478, -0.04678846), (-0.0008074921, -0.006258725, -0.03787492), (-0.00089387083, -0.008763844, -0.033637688), (-0.0008120936, 0.009307069, -0.045198187), (-0.0009126635, -0.0077181044, -0.032952733), (-0.0008621582, 0.0053600576, -0.043743867), (-0.0007855798, -0.004866385, -0.03725342), (-0.00091299653, -0.0066166166, -0.032384515), (-0.0007637813, 0.00951877, -0.04343616), (-0.00091334915, -0.0054474995, -0.031946234), (-0.00089524727, -0.0042035813, -0.031667788), (-0.00083032553, 0.0054837395, -0.042397097), (-0.000786066, -0.0032483137, -0.03687), (-0.00089929736, 0.009572564, -0.041381493), (-0.0008956376, -0.002902442, -0.031441923), (-0.00091772276, 0.009375534, -0.040080436), (-0.0008734695, -0.0015219364, -0.031426147), (-0.00087542617, 0.0052482793, -0.041084606), (-0.0007866209, -0.0013936915, -0.03679225), (-0.0008964589, -0.0001542635, -0.03147597), (-0.00087657804, 0.009051247, -0.03885656), (-0.00086200837, 0.004769993, -0.03989685), (-0.0008968406, 0.0011287893, -0.03173253), (-0.00087645446, 0.00861104, -0.037702918), (-0.00080947747, 0.00036380312, -0.037001062), (-0.00087462185, 0.0023486172, -0.03205273), (-0.00089888065, 0.008067835, -0.0366041), (-0.0008468322, 0.0039653983, -0.038797654), (-0.0008975459, 0.003506455, -0.032486103), (-0.0008760886, 0.007338734, -0.035608504), (-0.0007615548, 0.0019305291, -0.037446085), (-0.00089786365, 0.004583049, -0.033076942), (-0.0008758459, 0.0065047625, -0.034665212), (-0.00089736586, 0.003034539, -0.03811999), (-0.0009166314, 0.0055789347, -0.03380919), (-0.0006913471, -0.0071879807, 0.00027387575), (-0.00073960365, -0.005840257, 0.0053961086), (-0.0007860197, -0.004361348, 0.0046011517), (-0.0007856584, -0.005452174, -0.00051502284), (-0.00075864024, -0.008716333, 0.0012927563), (-0.000760448, -0.002735459, 0.0042158994), (-0.00075831177, -0.009841913, 0.0024412966), (-0.000760136, -0.003658877, -0.0009822727), (-0.000883969, -0.0070308927, 0.006410246), (-0.0007580454, -0.010764654, 0.003799845), (-0.00089613325, -0.0019428632, -0.0012229804), (-0.0007870453, -0.0009172463, 0.004083829), (-0.0007870716, -0.00070605107, -0.0012647044), (-0.00075784104, -0.011484066, 0.0053402665), (-0.00084364373, -0.0077767065, 0.0076499037), (-0.00076150347, 0.0009192641, -0.0011141377), (-0.00078375003, -0.012009242, 0.0069187307), (-0.0007875829, 0.00087683235, 0.004262034), (-0.0007619788, 0.0025018037, -0.00076207914), (-0.00085846835, -0.0082035875, 0.008919432), (-0.0007576295, -0.012267322, 0.008583507), (-0.00081083004, 0.00403989, -0.0002080321), (-0.0007880506, 0.0024322697, 0.0046772873), (-0.00087051134, -0.01237815, 0.0100551145), (-0.0008265801, -0.008265637, 0.010275167), (-0.0008931172, -0.012326593, 0.011407583), (-0.0007628993, 0.005550147, 0.00062317005), (-0.00091167045, -0.012094759, 0.012680821), (-0.0007884528, 0.0037629968, 0.0053421534), (-0.00085853593, -0.00803964, 0.011607913), (-0.0007632935, 0.006846354, 0.0016174176), (-0.0008933151, -0.011720855, 0.01387419), (-0.0008719872, -0.0075016394, 0.012748458), (-0.0007636282, 0.007938939, 0.0028027387), (-0.00092732115, -0.0112971775, 0.015028773), (-0.00090786983, 0.0047744196, 0.006234685), (-0.0008936525, -0.010642529, 0.016065137), (-0.00078995485, 0.008815577, 0.0041713803), (-0.0008589783, -0.006611595, 0.0138861695), (-0.0008938684, -0.009943877, 0.017089775), (-0.0008984473, 0.00559841, 0.007496316), (-0.00089414493, -0.009039045, 0.0179863), (-0.0007641174, 0.009508108, 0.0057018693), (-0.0007857247, -0.005579443, 0.014612729), (-0.0008718559, -0.008081794, 0.01882715), (-0.00076426315, 0.009958411, 0.0073256856), (-0.000913224, -0.007055476, 0.019537587), (-0.00084778306, 0.0060482128, 0.008758056), (-0.0008447539, -0.004236847, 0.015224849), (-0.0009135569, -0.005953988, 0.020105815), (-0.0008127339, 0.010197065, 0.009021169), (-0.00089543656, -0.004775785, 0.020514872), (-0.00089580537, -0.0035500205, 0.020869736), (-0.00087604503, 0.006137689, 0.010046707), (-0.0007605769, -0.0025670386, 0.015612886), (-0.0009183281, 0.01021778, 0.011107338), (-0.000896199, -0.0022357318, 0.021000538), (-0.00091828336, 0.010038163, 0.012409894), (-0.0008966112, -0.00085891184, 0.021096205), (-0.0008759866, 0.005910908, 0.011405716), (-0.00078718085, -0.00073154585, 0.015661148), (-0.000874437, 0.000504848, 0.020982519), (-0.0008771384, 0.009713875, 0.013633767), (-0.00084762956, 0.0054453546, 0.012616795), (-0.00087482104, 0.0017948423, 0.020773444), (-0.0008770148, 0.009273669, 0.014787402), (-0.000810038, 0.0010264342, 0.015489272), (-0.0008751822, 0.0030112457, 0.020437602), (-0.00087685173, 0.008703079, 0.015869595), (-0.0008623252, 0.0045923544, 0.013696172), (-0.0008755209, 0.004155355, 0.019975267), (-0.000876649, 0.008001362, 0.01688182), (-0.000788163, 0.0025695986, 0.015024502), (-0.0008758377, 0.0052286386, 0.01938625), (-0.00087640627, 0.0071673905, 0.017825115), (-0.00093179644, 0.0036925734, 0.014363763), (-0.00091719197, 0.0062415632, 0.018681137), (-0.0011013261, 0.0049087573, -0.013325222), (0.0012978023, 0.0051580523, -0.013752805), (0.0012980468, 0.0043151206, -0.012667161), (0.0012966754, 0.008828029, -0.009378223), (0.0012965234, 0.009357646, -0.010288231), (-0.0011026207, 0.009172629, -0.010380408), (-0.0010977358, -0.007600106, 0.008143005), (0.0013014576, -0.0075787352, 0.008151325), (-0.0010964599, -0.01181794, 0.0058990964), (0.0013028127, -0.0120613985, 0.0059295553), (0.0013029424, -0.01254119, 0.007910158), (-0.0010963369, -0.012266971, 0.007525857), (-0.0010998442, 0.0033180376, -0.15908839), (-0.0010999568, 0.0036370838, -0.15660408), (-0.0010984835, -0.0018362704, -0.13306029), (-0.001103316, 0.012631906, -0.059415687), (-0.001104455, 0.016527552, -0.06306404), (-0.0010976662, -0.0067524016, -0.038650032), (-0.0010980337, -0.0061396663, -0.011952913), (-0.0011019232, 0.0070815044, -0.020897081), (-0.0011017268, 0.0057298373, 0.009174056), (-0.0010982266, -0.006089773, 0.0138402935), (-0.0010997552, -0.003910273, 0.14087366), (-0.0011036824, 0.009490046, 0.12964565), (-0.0010972132, -0.013151913, 0.17275096), (-0.0010991324, -0.006604011, 0.16727172), (-0.0011017749, 0.010300508, -0.18170802), (-0.0011012721, 0.0085767545, -0.17990552), (-0.0011015504, 0.009526196, -0.18071535), (-0.0010993928, 0.0018541225, -0.1611089), (-0.0010996609, 0.0027291423, -0.1601604), (-0.001099943, 0.003620813, -0.15789294), (-0.0010998836, 0.0033645628, -0.15540303), (-0.0010959915, -0.009662606, -0.15523855), (-0.0010961748, -0.009073752, -0.15417002), (-0.0010958789, -0.009981628, -0.1577212), (-0.001095952, -0.009709129, -0.15892395), (-0.0011019395, 0.009635204, -0.1290699), (-0.0010985731, -0.0017302929, -0.12466524), (-0.0011036852, 0.01388281, -0.06008628), (-0.0011006162, 0.0033005178, -0.04653223), (-0.0011008842, 0.0041755373, -0.045583755), (-0.0011010676, 0.004764433, -0.044511773), (-0.0011011664, 0.0050672083, -0.04331627), (-0.0011011802, 0.0050834785, -0.04202743), (-0.0010980003, -0.0060719587, -0.019733042), (-0.0010983212, -0.004985276, -0.020282585), (-0.0011012752, 0.0048624254, -0.018692126), (-0.0010965999, -0.010754727, -0.019859629), (-0.0010963813, -0.011507617, -0.01891577), (-0.0010962088, -0.012108655, -0.017889906), (-0.0011015071, 0.004911895, 0.012747041), (-0.0010977753, -0.0075535816, 0.011828407), (-0.0010978963, -0.007038457, 0.0070564956), (-0.001098138, -0.0069053024, 0.036313012), (-0.0010966335, -0.011924792, 0.035668008), (-0.0010988396, -0.0054298807, 0.07403719), (-0.0010986893, -0.005907659, 0.072962366), (-0.0010985652, -0.0062969564, 0.07184165), (-0.0010984786, -0.0065612034, 0.070720956), (-0.0011042982, 0.012840234, 0.07381411), (-0.001103726, 0.010890677, 0.07533236), (-0.0010993218, -0.004422689, 0.100282446), (-0.0010985439, -0.006714901, 0.08683601), (-0.0010981361, -0.008091099, 0.087339886), (-0.0010977796, -0.00930292, 0.088166066), (-0.0011024926, 0.006053922, 0.10604298), (-0.0011025346, 0.005773721, 0.12425859), (-0.0011040877, 0.01092942, 0.12604105), (-0.0011043526, 0.011923706, 0.12137409), (-0.0011016384, 0.0029197708, 0.11800694), (-0.0010978444, -0.010474073, 0.14824164), (-0.00110315, 0.007318944, 0.14651215), (-0.0010996022, -0.0049665077, 0.16443484), (-0.0010995518, -0.0050349454, 0.16009961), (-0.0010997434, -0.004372964, 0.15920304), (-0.0011000184, -0.003435062, 0.15842226), (-0.0011034284, 0.007862325, 0.1633137), (-0.0011033168, 0.007464078, 0.16437879), (-0.0010966588, -0.014783702, 0.16306296), (-0.001097313, -0.012349478, 0.15247396), (-0.0010972993, -0.0125460895, 0.15896909), (-0.0010967617, -0.014194, 0.15244423), (-0.0010953973, -0.019068275, 0.16581516), (-0.0011001936, -0.003755513, 0.1976803), (-0.001099446, -0.006035969, 0.18809502), (-0.0010994695, -0.005931396, 0.18698442), (-0.0010995651, -0.005588292, 0.18598056), (-0.0011009427, 0.0074598114, -0.1792876), (-0.0010964428, -0.008198797, -0.1532267), (-0.0010986387, -0.002761318, -0.070548914), (-0.0010956646, -0.013051297, -0.055913996), (-0.0010973982, -0.0076273563, -0.039593354), (-0.0011015508, 0.0057086893, -0.015429952), (-0.0011015381, 0.005694461, -0.01662514), (-0.0010981439, -0.0061876588, 0.006086242), (-0.0011016281, 0.005427061, 0.007978551), (-0.0011017406, 0.0057461075, 0.010462897), (-0.0010979588, -0.0069647282, 0.012896968), (-0.0010964758, -0.012390932, 0.03298388), (-0.0011047387, 0.014395974, 0.070279054), (-0.0011034192, 0.009534812, 0.08959777), (-0.0011035886, 0.00944702, 0.11791136), (-0.001103235, 0.008281307, 0.117148735), (-0.0011013553, 0.00164284, 0.13226184), (-0.0010982131, -0.008790503, 0.1287573), (-0.0010979131, -0.0098202, 0.12989475), (-0.0011034043, 0.007835477, 0.16098294), (-0.0011028427, 0.005837361, 0.16613649), (0.0012985397, 0.0065076603, -0.17895608), (0.0012981283, 0.007740993, -0.17273888), (0.0012978263, 0.0087590385, -0.17307305), (-0.0011013735, 0.008758321, -0.17307307), (0.0012974164, 0.0101443315, -0.17365827), (-0.0011018781, 0.010470439, -0.17408004), (0.0012969412, 0.011755092, -0.17457837), (-0.0011023224, 0.011977612, -0.17502157), (0.0012965521, 0.013082293, -0.17566627), (-0.00110268, 0.013200479, -0.1761212), (0.0012962118, 0.014252265, -0.1770215), (0.0012959997, 0.014988345, -0.17816855), (0.0012958294, 0.015586889, -0.17940046), (0.0012957007, 0.016047891, -0.18071714), (0.0012956138, 0.016371366, -0.1821187), (0.0012955684, 0.016557302, -0.18360502), (0.0012955648, 0.016605698, -0.18517613), (0.00129561, 0.0164963, -0.1869715), (0.0012957057, 0.016214753, -0.18866268), (0.0012958524, 0.015761051, -0.19024979), (0.0012960496, 0.015135198, -0.1917326), (0.0012962975, 0.0143372, -0.19311139), (0.0012965963, 0.013367046, -0.19438593), (0.0012969457, 0.0122247385, -0.1955563), (0.0012973407, 0.010927368, -0.19659276), (0.0012977757, 0.009492019, -0.19746551), (0.0012982507, 0.007918689, -0.19817455), (0.001298766, 0.006207379, -0.1987198), (0.0012993213, 0.0043580965, -0.19910145), (0.0012999167, 0.0023708309, -0.1993193), (0.0013005522, 0.00024558048, -0.19937345), (0.0013011524, -0.0017649587, -0.19926748), (0.0013017134, -0.0036480052, -0.1990019), (0.0013022351, -0.0054035583, -0.19857676), (0.0013027175, -0.00703162, -0.19799201), (0.0013031608, -0.008532186, -0.19724774), (0.001303565, -0.009905263, -0.19634384), (0.0013039298, -0.011150843, -0.19528034), (0.0013042492, -0.012246682, -0.19409359), (0.0013045166, -0.013170527, -0.19281983), (0.0013047317, -0.013922379, -0.1914591), (0.001304895, -0.014502238, -0.19001138), (0.0013050064, -0.014910103, -0.18847676), (0.0013050657, -0.015145974, -0.18685508), (0.0013050729, -0.015209853, -0.18514644), (0.0013050432, -0.015142259, -0.18376616), (0.0013049843, -0.014975239, -0.18245786), (0.0013048961, -0.014708791, -0.18122157), (0.0013047789, -0.014342913, -0.18005729), (0.0013046322, -0.013877609, -0.17896503), (0.0013044563, -0.013312878, -0.17794476), (0.0013042513, -0.0126487175, -0.17699645), (0.0013040161, -0.011882127, -0.17612232), (0.00130375, -0.011010104, -0.17532457), (0.001303453, -0.010032648, -0.17460318), (0.0013031248, -0.00894976, -0.17395814), (0.0013027657, -0.0077614393, -0.1733895), (0.0013023757, -0.0064676856, -0.17289716), (0.0013019547, -0.0050685015, -0.1724812), (-0.0010971949, -0.0052306294, -0.17277947), (0.0013015997, -0.0037386974, -0.17861828), (-0.0010977401, -0.0032737034, -0.17850235), (0.0013021164, -0.005455276, -0.1791665), (-0.0010971823, -0.0051332153, -0.17881474), (0.001302547, -0.006879325, -0.17988352), (-0.0010967074, -0.006708036, -0.17942165), (0.0013028913, -0.0080108475, -0.18076944), (-0.001096331, -0.007946543, -0.18032058), (0.0013031526, -0.008861418, -0.18180794), (-0.001096103, -0.008682006, -0.18153289), (0.0013033379, -0.009454194, -0.18296662), (-0.0010958989, -0.009338652, -0.18266237), (0.0013034474, -0.009791492, -0.18424231), (-0.0010957704, -0.00973982, -0.1839088), (0.0013034799, -0.009865485, -0.18574136), (-0.0010956458, -0.010125717, -0.18527003), (0.0013034084, -0.009585154, -0.1875177), (-0.001095698, -0.009907867, -0.1871435), (0.0013032141, -0.008898609, -0.18909274), (-0.0010958667, -0.009304828, -0.18881875), (0.001302897, -0.007805849, -0.19046643), (-0.001096154, -0.008309145, -0.19030906), (0.0013025769, -0.006714217, -0.19135387), (0.0013023096, -0.0058086375, -0.1918387), (0.0013020004, -0.0047651455, -0.19223922), (0.0013016496, -0.0035837423, -0.19255537), (0.0013012569, -0.0022644226, -0.19278727), (0.0013008224, -0.0008071936, -0.19293477), (0.001300346, 0.0007879477, -0.19299793), (0.0012998957, 0.0022946484, -0.19297335), (0.0012994814, 0.0036784746, -0.19286004), (0.001299103, 0.004939427, -0.19265804), (0.0012987609, 0.0060775033, -0.19236727), (0.0012984549, 0.0070927134, -0.19198783), (0.0012980681, 0.008369772, -0.19124115), (0.0012976642, 0.009692304, -0.18999308), (-0.0011015015, 0.009588404, -0.19049774), (0.0012973794, 0.010611451, -0.18852001), (-0.0011018176, 0.010612213, -0.18901284), (0.0012972117, 0.01113309, -0.1868306), (-0.0011020403, 0.011318576, -0.18734495), (0.0012971599, 0.011266061, -0.18508102), (-0.0011021122, 0.0115152905, -0.18543272), (0.0012971966, 0.011112577, -0.18375155), (-0.001102021, 0.011178798, -0.18406902), (0.0012973024, 0.010730565, -0.18254125), (-0.0011019325, 0.0108539155, -0.18282892), (0.0012974774, 0.010120022, -0.18145011), (0.0012977159, 0.0093000205, -0.18050086), (0.001298007, 0.008308703, -0.179739), (0.0012982573, 0.0074605285, -0.17928757), (-0.00109636, -0.0082966825, -0.16098075), (0.001302833, -0.008273226, -0.16096531), (0.0013024121, -0.0068432554, -0.16191468), (-0.0010966504, -0.0073011396, -0.16200897), (0.0013019836, -0.0053988174, -0.16238269), (-0.001097076, -0.005864219, -0.16256247), (0.0013014768, -0.0036977702, -0.16259694), (-0.0010975787, -0.0041765673, -0.16281433), (0.0013009388, -0.0018984673, -0.1625554), (-0.0010981365, -0.0023088634, -0.16287212), (0.0013004642, -0.0003176163, -0.16225408), (-0.0010986413, -0.00062559446, -0.16259538), (0.0013000626, 0.0010131168, -0.16169262), (-0.0010990764, 0.00081769447, -0.16208088), (0.0012997347, 0.0020914772, -0.16087948), (0.0012994878, 0.0028949657, -0.15990011), (0.0012993256, 0.0034123326, -0.15879725), (0.0012992481, 0.003643575, -0.15757088), (0.001299256, 0.0035877428, -0.15629643), (0.001299351, 0.0032429297, -0.15512486), (0.0012995332, 0.0026089454, -0.15407132), (-0.0010997232, 0.0028028707, -0.15431997), (0.001299802, 0.0016882544, -0.15314405), (-0.0010994755, 0.0019520082, -0.15335484), (0.0013001504, 0.0005055071, -0.15242703), (-0.0010991811, 0.00094369, -0.15236211), (0.0013005753, -0.00092697435, -0.15196216), (-0.0010987635, -0.00046672183, -0.15178184), (0.0013010766, -0.0026091877, -0.15174946), (-0.0010982649, -0.002140284, -0.15156613), (0.0013016176, -0.0044187666, -0.15179044), (-0.0010977087, -0.0040026796, -0.15150836), (0.0013020968, -0.006015014, -0.15208942), (-0.0010971985, -0.005704614, -0.15174875), (0.001302501, -0.0073542646, -0.15264696), (-0.0010967563, -0.0071730744, -0.15222856), (0.0013028292, -0.0084347, -0.15345468), (0.0013030762, -0.0092381295, -0.15442932), (0.0013032384, -0.009755458, -0.15552917), (0.001303316, -0.009986685, -0.15675429), (-0.0010958927, -0.009965357, -0.15643238), (0.0013033081, -0.009930857, -0.15802914), (0.0013032132, -0.009586072, -0.15920283), (0.0013030875, -0.009146764, -0.16001049), (-0.0010961124, -0.009147481, -0.1600105), (-0.0010957855, -0.01009154, -0.16649038), (0.0013032352, -0.009476627, -0.1671205), (0.0013037467, -0.011216522, -0.1659071), (-0.0010954203, -0.011338146, -0.16543207), (0.0013040801, -0.012360305, -0.16468525), (-0.001095104, -0.012424671, -0.16421369), (0.0013043482, -0.013290816, -0.16324869), (-0.0010948579, -0.013281741, -0.16275744), (0.0013045504, -0.014003933, -0.16165094), (-0.0010946761, -0.013926963, -0.16116787), (0.0013046846, -0.014491405, -0.15999906), (-0.001094561, -0.014349782, -0.15953617), (0.0013047508, -0.014752408, -0.15830378), (-0.0010945046, -0.0145769855, -0.15786327), (0.0013047581, -0.014806614, -0.15700516), (0.0013047232, -0.014721383, -0.15562654), (0.0013046484, -0.01450139, -0.15431853), (0.0013045338, -0.014146633, -0.15308115), (0.0013043794, -0.0136571145, -0.15191433), (0.0013041853, -0.013032832, -0.15081818), (0.0013039514, -0.012273786, -0.1497926), (0.0013036777, -0.011379978, -0.14883763), (0.0013033742, -0.010384337, -0.14798494), (0.0013030511, -0.009319801, -0.14726624), (0.0013027084, -0.008186366, -0.14668156), (0.0013023459, -0.006984034, -0.1462308), (0.0013019638, -0.005712803, -0.14591412), (0.0013015621, -0.004372674, -0.14573134), (0.0013011405, -0.0029636489, -0.14568256), (0.0013007242, -0.0015682898, -0.1457661), (0.0013003303, -0.00024517294, -0.14598054), (0.0012999588, 0.0010057027, -0.14632592), (0.0012996098, 0.0021843358, -0.14680217), (0.0012992834, 0.0032907294, -0.14740941), (0.0012989793, 0.0043248786, -0.14814751), (0.0012986979, 0.005286785, -0.14901651), (0.0012984481, 0.00614514, -0.1499874), (0.001298239, 0.006868639, -0.15103103), (0.0012980709, 0.0074572777, -0.15214749), (0.0012979434, 0.0079110535, -0.15333663), (0.0012978569, 0.008229982, -0.15459865), (0.001297811, 0.008414039, -0.15593338), (0.0012978155, 0.008442661, -0.15780167), (-0.0011013219, 0.008222417, -0.15733974), (0.0012978874, 0.008242896, -0.15959282), (-0.0011012682, 0.008083961, -0.15912318), (0.001298029, 0.0078082355, -0.1612801), (-0.0011011466, 0.0077154064, -0.1608029), (0.00129824, 0.007138685, -0.16286346), (-0.0011009662, 0.007148304, -0.16239347), (0.001298518, 0.0062420946, -0.16431302), (-0.0011007006, 0.006293261, -0.16383952), (0.0012988579, 0.005134179, -0.16556899), (-0.0011003786, 0.0052443733, -0.165095), (0.0012992588, 0.0038165122, -0.16662548), (-0.0011000078, 0.0040292013, -0.16619287), (0.0012997179, 0.002300461, -0.16748), (-0.0010995705, 0.0025864758, -0.16707967), (0.0013002006, 0.0006997495, -0.16810955), (-0.0010991017, 0.0010339343, -0.16778782), (0.0013006901, -0.00092876283, -0.16850245), (-0.0010986204, -0.0005668558, -0.16819859), (0.0013011862, -0.0025850758, -0.16865875), (-0.0010981357, -0.0021842541, -0.16837539), (0.001301631, -0.004074566, -0.16862516), (0.0013020815, -0.00558603, -0.16844366), (-0.0010972746, -0.0050677177, -0.16828567), (0.0013026327, -0.007440578, -0.16800678), (-0.0010967213, -0.0069290455, -0.16788065), (-0.0010962219, -0.008612662, -0.16731426), (0.001304146, -0.013772565, -0.11310633), (0.0012950883, 0.016827725, -0.12577301), (-0.0010950539, -0.013773282, -0.11310635), (0.00129516, 0.016742863, -0.1324955), (0.0013044755, -0.014162025, -0.14395759), (-0.0010947244, -0.014162743, -0.1439576), (0.0013044046, -0.0140782315, -0.13731985), (0.0013022845, -0.0070411, -0.13487132), (0.0013021533, -0.006886099, -0.12259288), (0.0013042181, -0.013857807, -0.1198588), (0.0012972604, 0.009635922, -0.12906988), (0.0013006267, -0.0017295759, -0.12466522), (0.0013007163, -0.0018355536, -0.13306028), (0.0012949244, 0.01702149, -0.110423855), (0.0013041132, -0.0137338005, -0.110035606), (0.0013040472, -0.013655666, -0.10384617), (0.0012948583, 0.017099624, -0.10423442), (-0.0011008965, 0.004741301, -0.068278424), (0.0012982113, 0.005026387, -0.067299366), (0.0012983433, 0.004632148, -0.06932998), (-0.0011007729, 0.004359989, -0.069709815), (0.0012983772, 0.0045497473, -0.07065444), (0.0012983953, 0.00451312, -0.071719326), (0.0012984106, 0.0044902256, -0.07292064), (0.0012984592, 0.004432552, -0.07748926), (0.0012961228, 0.012253319, -0.077587985), (0.0012960713, 0.012314154, -0.07276897), (0.0012960572, 0.012327179, -0.07131283), (-0.001103218, 0.012568784, -0.07086882), (0.0012960472, 0.012325106, -0.069779955), (0.00129605, 0.0122885, -0.068578966), (0.0012961092, 0.012064685, -0.06746547), (0.0012962534, 0.011559025, -0.066461936), (0.0012964766, 0.010795122, -0.065709375), (0.0012967715, 0.009797538, -0.06524272), (0.0012971283, 0.008599326, -0.06507489), (0.001297462, 0.0074847126, -0.06517447), (0.0012977856, 0.0064116605, -0.065592475), (0.0012980115, 0.0056695305, -0.06616494), (0.0012999215, -0.00046142482, -0.07742748), (0.0012999059, -0.00044545252, -0.07588131), (-0.0010992917, -0.00044631827, -0.07617403), (0.0012999115, -0.0004939611, -0.07457362), (0.0012999693, -0.0007181787, -0.07322816), (0.001300121, -0.001251805, -0.07209847), (0.0013003494, -0.0020373166, -0.071172774), (0.0013006397, -0.0030278966, -0.07034342), (0.0013010171, -0.0043129995, -0.069396034), (-0.0010983427, -0.0037773787, -0.069442354), (0.0013013799, -0.0055467305, -0.06852866), (0.0013016642, -0.006513166, -0.067866735), (0.0013036146, -0.013144187, -0.06332916), (0.0013035353, -0.013050579, -0.055913977), (0.0013017805, -0.0070905173, -0.05972927), (0.0013014937, -0.006116631, -0.06035606), (0.0013011162, -0.0048331674, -0.06121975), (-0.0010981582, -0.0045741387, -0.061690833), (0.0013007001, -0.0034174935, -0.062243868), (-0.0010985907, -0.0031086332, -0.0624808), (0.0013003891, -0.002356553, -0.06311501), (0.0013001541, -0.0015517429, -0.063916564), (0.0012999374, -0.00080585765, -0.064815275), (-0.0010993151, -0.00062500354, -0.0650542), (0.0012996607, 0.00014123844, -0.0657355), (-0.0010995643, 0.00023874914, -0.06637684), (0.0012995878, 0.00040633584, -0.06665842), (0.0012994241, 0.0009047502, -0.06452579), (0.0012992478, 0.0014626998, -0.063153654), (-0.001099952, 0.0014746068, -0.06367776), (0.0012989481, 0.0024298332, -0.061599705), (-0.0011002248, 0.0023503306, -0.06208525), (0.0012985719, 0.0036601021, -0.060376555), (-0.0011005714, 0.003480785, -0.060821194), (0.0012981335, 0.0051065157, -0.059485693), (-0.0011009824, 0.004834371, -0.0598782), (0.0012976399, 0.0067455717, -0.058927856), (-0.0011014474, 0.0063762297, -0.059256937), (0.0012970909, 0.008577271, -0.05870304), (-0.0011019693, 0.008115441, -0.058991328), (0.0012966079, 0.010195003, -0.058771003), (-0.0011024816, 0.009824208, -0.05872543), (0.0012961827, 0.011624338, -0.05906188), (-0.0011029148, 0.0112790335, -0.058962062), (0.0012957896, 0.012951722, -0.05956976), (0.0012954305, 0.014170244, -0.06028993), (0.0012951255, 0.015211001, -0.06117578), (-0.0011040063, 0.0149766235, -0.060936544), (0.0012948851, 0.01603952, -0.06220394), (-0.0011042629, 0.015858201, -0.061929118), (0.0012947089, 0.01665581, -0.06337444), (0.0012945911, 0.01708221, -0.06477918), (-0.0011045852, 0.016993599, -0.06437804), (0.0012945319, 0.017310712, -0.066091806), (-0.0011046069, 0.017105967, -0.066118084), (0.0012945075, 0.01741613, -0.06711237), (0.0012944943, 0.017486382, -0.06824212), (0.0012944923, 0.017521441, -0.06948097), (0.0012945017, 0.01752133, -0.07082897), (0.0012946406, 0.017357044, -0.083842844), (0.0013038294, -0.013398247, -0.083454594), (0.0013037634, -0.013320113, -0.07726515), (-0.0010975833, -0.0068502873, -0.046404086), (0.0013016096, -0.006826831, -0.046388652), (0.0013011887, -0.00539686, -0.047338024), (-0.0010978788, -0.0058387276, -0.047401927), (0.0013007602, -0.003952422, -0.047806036), (-0.0010982995, -0.0044178227, -0.047985837), (0.0013002534, -0.0022513748, -0.048020273), (-0.0010988021, -0.002730171, -0.04823766), (0.0012997154, -0.0004520719, -0.04797873), (-0.0010993596, -0.0008645702, -0.048261203), (0.0012992409, 0.0011287789, -0.04767742), (-0.0010998648, 0.0008207989, -0.048018724), (0.0012988392, 0.0024595123, -0.04711594), (-0.0011003041, 0.0022793375, -0.047534995), (0.0012985114, 0.0035378726, -0.04630281), (0.0012982646, 0.0043413606, -0.045323465), (0.0012981023, 0.004858728, -0.044220597), (0.0012980247, 0.0050899703, -0.04299422), (0.0012980326, 0.005034138, -0.041719772), (0.0012981276, 0.0046893246, -0.040548205), (-0.001101107, 0.004810958, -0.040826377), (0.0012983098, 0.0040553412, -0.039494622), (-0.0011009466, 0.0042492663, -0.03974329), (0.0012985786, 0.0031346497, -0.038567387), (-0.001100699, 0.0033984038, -0.038778175), (0.001298927, 0.0019519024, -0.037850376), (-0.0011004094, 0.0024060835, -0.037755076), (0.0012993519, 0.0005194208, -0.03738552), (-0.0010999811, 0.00096176617, -0.037271455), (0.0012998532, -0.0011627924, -0.037172806), (-0.0010994883, -0.0006938883, -0.036989458), (0.0013003943, -0.0029723714, -0.037213787), (-0.001098932, -0.0025562851, -0.036931712), (0.0013008734, -0.0045686187, -0.037512757), (-0.0010984218, -0.0042582173, -0.03717208), (0.0013012774, -0.005907869, -0.038070284), (-0.0010979882, -0.005696482, -0.03771356), (0.0013016061, -0.0069883047, -0.038878016), (0.0013018528, -0.007791734, -0.039852653), (0.001302015, -0.008309063, -0.040952526), (-0.0010972148, -0.008216211, -0.040661924), (0.0013020926, -0.0085402895, -0.042177625), (-0.0010971162, -0.008518963, -0.041855715), (0.0013020847, -0.008484462, -0.043452494), (-0.0010971023, -0.008535232, -0.04314455), (0.0013019898, -0.008139676, -0.044626195), (-0.0010971755, -0.008262734, -0.044347323), (0.001301864, -0.0077003683, -0.04543382), (-0.0010973357, -0.007701086, -0.045433838), (-0.0010970031, -0.0086643705, -0.05194216), (0.0013020115, -0.008030232, -0.05254382), (0.0013025233, -0.009770127, -0.051330443), (-0.0010966439, -0.00989175, -0.0508554), (0.0013028567, -0.010913909, -0.050108597), (-0.0010963274, -0.010978276, -0.04963704), (0.0013031248, -0.01184442, -0.04867202), (-0.0010960813, -0.011835345, -0.04818078), (0.001303327, -0.012557538, -0.04707427), (-0.0010959093, -0.012448016, -0.04658044), (0.0013034613, -0.01304501, -0.04542239), (-0.0010957842, -0.012903388, -0.044959523), (0.0013035275, -0.013306012, -0.043727096), (-0.0010957359, -0.013103954, -0.043285176), (0.0013035347, -0.013360218, -0.04242849), (0.0013034998, -0.013274988, -0.04104988), (0.001303425, -0.013054995, -0.039741877), (0.0013033104, -0.012700238, -0.038504474), (0.0013031561, -0.012210719, -0.037337676), (0.001302962, -0.011586436, -0.0362415), (0.0013027281, -0.0108273905, -0.03521592), (0.0013024543, -0.009933582, -0.03426095), (0.0013021508, -0.008937942, -0.033408277), (0.0013018278, -0.007873406, -0.032689586), (0.001301485, -0.0067399708, -0.032104883), (0.0013011225, -0.005537639, -0.03165416), (0.0013007405, -0.0042664073, -0.03133743), (0.0013003387, -0.0029262786, -0.031154677), (0.0012999171, -0.0015172535, -0.031105904), (0.0012995008, -0.000121894496, -0.031189432), (0.0012991069, 0.0012012223, -0.031403877), (0.0012987354, 0.0024520983, -0.03174924), (0.0012983865, 0.003630731, -0.03222552), (0.0012980598, 0.004737125, -0.032832716), (0.001297756, 0.005771274, -0.033570834), (0.0012974745, 0.00673318, -0.034439865), (0.0012972247, 0.007591536, -0.035410732), (0.0012970156, 0.008315034, -0.036454387), (0.0012968475, 0.008903674, -0.0375708), (0.00129672, 0.009357448, -0.03876), (0.0012966335, 0.009676377, -0.04002198), (0.0012965876, 0.009860435, -0.04135672), (0.001296592, 0.009889056, -0.043225013), (-0.0011025453, 0.009668812, -0.042763088), (0.0012966641, 0.009689291, -0.04501617), (-0.0011024916, 0.009530356, -0.044546522), (0.0012968056, 0.009254631, -0.04670343), (-0.00110237, 0.009161802, -0.04622622), (0.0012970166, 0.0085850805, -0.0482868), (-0.0011021803, 0.008563629, -0.047802273), (0.0012972946, 0.0076884897, -0.04973637), (-0.001101924, 0.007739655, -0.04926287), (0.0012976343, 0.006580574, -0.050992366), (-0.0011016002, 0.0066852747, -0.050513055), (0.0012980355, 0.0052629076, -0.0520488), (-0.0011012253, 0.005455279, -0.051588543), (0.0012984945, 0.0037468562, -0.052903358), (-0.0011007894, 0.0040171607, -0.052472524), (0.0012989772, 0.0021461449, -0.053532876), (-0.0011003251, 0.0024803316, -0.05321115), (0.0012994666, 0.00051763246, -0.053925794), (-0.0010998435, 0.0008795381, -0.05362192), (0.0012999628, -0.0011386805, -0.05408209), (-0.0010993598, -0.00073385495, -0.053867184), (0.0013004076, -0.0026281711, -0.054048505), (0.0013008581, -0.0041396343, -0.053866994), (-0.0010984964, -0.0036257894, -0.05374301), (0.0013014094, -0.0059941825, -0.053430114), (-0.0010979446, -0.0054826504, -0.05330401), (-0.0010974453, -0.007166268, -0.05273757), (-0.0010972879, -0.008533265, -0.016357012), (0.0013018498, -0.0083403895, -0.015677175), (0.0013017824, -0.008076903, -0.017311452), (-0.0010973839, -0.008180376, -0.0177257), (0.0013015944, -0.0074209664, -0.018485578), (-0.0010976123, -0.0073888805, -0.018919345), (0.0013012902, -0.0063797175, -0.01949955), (0.0013009646, -0.0052747615, -0.020156113), (0.0013005761, -0.003965704, -0.020574503), (-0.001098717, -0.0036467104, -0.020893155), (0.0013000981, -0.0023601435, -0.020818036), (-0.0010992257, -0.0019395199, -0.02113083), (0.0012995452, -0.000508761, -0.02088284), (-0.0010997952, -0.000032959135, -0.021148276), (0.0012990333, 0.001200799, -0.020731857), (-0.0011003001, 0.001651639, -0.02093308), (0.0012986022, 0.002634255, -0.020347305), (-0.0011006953, 0.0029573913, -0.020221993), (0.001298252, 0.0037916093, -0.019729191), (-0.0011010251, 0.0040457156, -0.019545479), (0.0012979822, 0.0046756607, -0.018912954), (0.0012977915, 0.0052920254, -0.017969528), (-0.0011014462, 0.005412006, -0.017718675), (0.0012976797, 0.0056412607, -0.016906014), (0.0012976472, 0.005722817, -0.015731625), (0.0012976739, 0.0056133205, -0.014857435), (-0.0011014803, 0.0054472536, -0.014315831), (-0.0011010885, 0.0040931967, -0.012458122), (0.0012983544, 0.0032688824, -0.011923545), (-0.0011007867, 0.0030625898, -0.011544702), (0.0012987667, 0.0018769318, -0.011395995), (-0.0011003315, 0.0015286781, -0.011090877), (0.0012992852, 0.00013469563, -0.011090681), (-0.0010997794, -0.00032609576, -0.010768504), (0.0012998879, -0.0018835588, -0.011008431), (0.0013004314, -0.0036989748, -0.0111542195), (-0.0010988872, -0.0033088143, -0.010884816), (0.001300884, -0.0052040736, -0.01152887), (-0.001098401, -0.0049273293, -0.011209633), (0.0013012451, -0.0063988552, -0.01213238), (0.0013015186, -0.007295656, -0.012923776), (-0.0010977394, -0.007106645, -0.012711678), (0.0013017112, -0.0079191495, -0.013821111), (-0.0010975268, -0.0077978484, -0.013584577), (0.0013018054, -0.008217496, -0.014555204), (-0.0010973766, -0.008272522, -0.014816207), (0.0013022609, -0.009594606, -0.020921567), (0.0013025368, -0.010537314, -0.020080203), (-0.001096939, -0.009595323, -0.020921582), (0.0013027668, -0.011328169, -0.019156843), (0.0013029509, -0.011967169, -0.018151483), (0.0013030889, -0.012453657, -0.01708769), (0.0013031808, -0.012786312, -0.016012628), (0.0013032267, -0.012965008, -0.014931001), (0.0013032324, -0.013002803, -0.014115676), (0.0013032021, -0.012926225, -0.013032179), (0.0013031347, -0.012724468, -0.011997779), (-0.0010961244, -0.01252586, -0.012050075), (0.0013030302, -0.01239753, -0.011012472), (0.0013028886, -0.0119454125, -0.010076259), (-0.0010963731, -0.011736719, -0.010194348), (0.0013027099, -0.011368115, -0.009189141), (0.0013024941, -0.010665637, -0.008351115), (0.0013022413, -0.00983798, -0.0075621796), (0.0013019546, -0.008894936, -0.00685386), (0.001301637, -0.007846299, -0.006257677), (0.0013012888, -0.006692069, -0.005773631), (0.0013009097, -0.005432247, -0.005401721), (0.0013004998, -0.0040668286, -0.0051419497), (0.0013000593, -0.0025958207, -0.0049943137), (0.0012995879, -0.0010192198, -0.004958814), (0.0012991334, 0.0005028986, -0.005032322), (0.0012987115, 0.0019188438, -0.0052130744), (0.0012983221, 0.0032286162, -0.0055010724), (0.0012979651, 0.0044322093, -0.0058963127), (0.0012976406, 0.005529637, -0.0063987994), (0.0012973485, 0.0065208836, -0.00700853), (0.0012970889, 0.0074059567, -0.0077255033), (0.0012968639, 0.0081774695, -0.00852398), (0.001296408, 0.009766309, -0.011254003), (0.001296329, 0.010054032, -0.012275544), (0.0012962867, 0.0102208, -0.013352849), (0.0012962808, 0.010266617, -0.014485915), (-0.0011028578, 0.010059949, -0.014482558), (0.0012963108, 0.010190103, -0.015529601), (0.0012963783, 0.009987457, -0.016530685), (-0.0011027603, 0.009780486, -0.01647471), (0.0012964831, 0.009658683, -0.017489167), (0.0012966254, 0.009203763, -0.018405039), (-0.0011025043, 0.008965176, -0.018267578), (0.0012968051, 0.008622721, -0.019278323), (0.0012970222, 0.00791554, -0.020108996), (0.0012972767, 0.0070822216, -0.020897064), (0.00129397, 0.018149897, -0.021036781), (0.0012940329, 0.018075397, -0.026938353), (0.0013032218, -0.012679894, -0.026550103), (0.0013031634, -0.012610845, -0.021080367), (0.0013010491, -0.0061642025, 0.0061016767), (0.0013006283, -0.0047342316, 0.0051522995), (-0.0010984306, -0.005204129, 0.0050352416), (0.0013001999, -0.0032897934, 0.0046842895), (-0.0010988628, -0.0037462562, 0.0045376234), (0.001299693, -0.0015887463, 0.0044700555), (-0.0010993637, -0.00206458, 0.004286845), (0.0012991548, 0.00021055655, 0.004511594), (-0.0010999199, -0.00020194174, 0.0042291214), (0.0012986804, 0.0017914074, 0.004812906), (-0.0011004254, 0.001483427, 0.0044716047), (0.0012982788, 0.003122141, 0.005374392), (-0.0011008646, 0.0029419682, 0.0049553392), (0.0012979509, 0.004200501, 0.0061875125), (-0.0011011766, 0.0039631464, 0.0059581), (0.0012977041, 0.005003989, 0.007166859), (-0.0011014447, 0.004838166, 0.0069065653), (0.0012975418, 0.005521356, 0.008269725), (0.0012974641, 0.005752599, 0.009496109), (0.001297472, 0.0056967665, 0.010770551), (0.001297567, 0.005351953, 0.011942116), (-0.0011016674, 0.0054735867, 0.011663954), (0.0012977492, 0.00471797, 0.012995708), (0.001298018, 0.0037972783, 0.013922939), (-0.0011012594, 0.004061032, 0.013712152), (0.0012983666, 0.002614531, 0.014639949), (-0.00110097, 0.003068712, 0.01473525), (0.0012987914, 0.0011820493, 0.015104809), (-0.0011005417, 0.0016243957, 0.015218861), (0.0012992927, -0.0005001639, 0.015317519), (-0.0011000511, -0.000025311, 0.015569213), (0.0012998339, -0.0023097428, 0.015276538), (-0.0010994922, -0.0018957114, 0.015592849), (0.0013003129, -0.0039059904, 0.014977563), (-0.0010989845, -0.0035876147, 0.015284871), (0.001300717, -0.0052452404, 0.014420046), (-0.0010985403, -0.0050640465, 0.014838455), (0.0013010455, -0.0063256766, 0.013612306), (0.0013012923, -0.0071291057, 0.012637672), (0.0013014545, -0.007646434, 0.011537802), (0.0013015321, -0.007877661, 0.010312698), (-0.0010976766, -0.007856335, 0.010634612), (0.001301537, -0.007871888, 0.009345788), (-0.0010976628, -0.007872605, 0.009345771), (0.0013013035, -0.0070377397, 0.007056512), (-0.0010975635, -0.008001742, 0.00054817356), (0.0013014512, -0.007367603, -0.00005348946), (0.0013019628, -0.009107498, 0.0011598839), (-0.001097197, -0.009253084, 0.0016103729), (0.0013022962, -0.010251281, 0.0023817308), (-0.0010968879, -0.010315646, 0.0028532967), (0.0013025644, -0.011181791, 0.0038182994), (-0.0010966418, -0.0111727165, 0.004309546), (0.0013029748, -0.012688957, 0.009627158), (-0.0010962966, -0.012441325, 0.009205148), (0.0013029394, -0.01261236, 0.011440446), (0.0013028645, -0.012392366, 0.01274845), (0.00130275, -0.01203761, 0.013985851), (0.0013025956, -0.011548091, 0.015152642), (0.0013024014, -0.0109238075, 0.01624883), (0.0013021675, -0.010164762, 0.017274408), (0.0013018938, -0.009270953, 0.018229377), (0.0013015904, -0.008275314, 0.019082047), (0.0013012673, -0.007210777, 0.019800736), (0.0013009245, -0.006077342, 0.02038544), (0.001300562, -0.0048750103, 0.020836158), (0.00130018, -0.0036037788, 0.021152899), (0.0012997781, -0.00226365, 0.021335652), (0.0012993568, -0.000854625, 0.02138442), (0.0012989403, 0.0005407339, 0.02130089), (0.0012985464, 0.0018638507, 0.021086447), (0.0012981748, 0.0031147266, 0.020741086), (0.001297826, 0.00429336, 0.020264804), (0.0012974995, 0.0053997533, 0.019657614), (0.0012971956, 0.006433903, 0.018919496), (0.0012969141, 0.0073958086, 0.018050462), (0.0012966642, 0.008254164, 0.01707959), (0.0012964553, 0.008977663, 0.016035942), (0.0012962869, 0.009566302, 0.014919521), (0.0012961596, 0.010020076, 0.013730323), (0.001296073, 0.010339006, 0.012468355), (0.0012960272, 0.010523063, 0.01113361), (0.0012960315, 0.010551685, 0.009265315), (-0.0011030956, 0.010297139, 0.009727406), (0.0012961037, 0.01035192, 0.0074741533), (-0.0011030522, 0.010192985, 0.007943802), (0.0012962451, 0.009917259, 0.005786891), (-0.0011029305, 0.00982443, 0.006264093), (0.0012964563, 0.009247708, 0.0042035272), (-0.0011027406, 0.009226258, 0.0046880594), (0.0012967342, 0.008351118, 0.0027539548), (-0.0011024844, 0.008402283, 0.0032274604), (0.0012970739, 0.0072432025, 0.0014979619), (-0.0011021609, 0.0073479014, 0.0019772756), (0.0012974751, 0.005925536, 0.00044152836), (-0.0011017916, 0.0061382274, 0.0008741523), (0.0012979341, 0.0044094846, -0.0004130305), (-0.0011013543, 0.0046954993, -0.000012686949), (0.0012984168, 0.0028087734, -0.0010425551), (-0.0011008789, 0.0031200426, -0.00065618055), (0.0012989062, 0.001180261, -0.0014354645), (-0.0011004042, 0.0015421689, -0.0011316021), (0.0012994023, -0.00047605197, -0.0015917565), (-0.00109992, -0.00007322954, -0.0013426142), (0.0012998472, -0.0019655426, -0.0015581867), (0.0013002976, -0.003477006, -0.0013766721), (-0.0010990585, -0.0029586917, -0.0012186851), (0.0013008489, -0.0053315545, -0.0009397931), (-0.001098499, -0.004838202, -0.0008798323), (-0.0010980057, -0.0065036407, -0.0002472363), (0.0012959263, 0.010375283, 0.032135896), (0.0012935755, 0.018244032, 0.032036565), (-0.0011056245, 0.018243315, 0.032036547), (0.0012946705, 0.01471496, 0.026178617), (0.0012959894, 0.0103007825, 0.026234342), (0.001296018, 0.010266864, 0.023547448), (0.0012974228, 0.005564808, 0.023606805), (0.0012973943, 0.0055987267, 0.026293699), (0.0013004241, -0.0045424313, 0.026423633), (-0.0010989055, -0.0041144076, 0.02665623), (0.0013008808, -0.0060716933, 0.026465887), (-0.0010984204, -0.0057329517, 0.026452025), (0.0013013021, -0.0074832714, 0.02655703), (0.0013016532, -0.008661971, 0.026739152), (0.0013020093, -0.009862863, 0.027131556), (0.001302313, -0.010894599, 0.027816616), (-0.0010967923, -0.011220029, 0.028151566), (0.0013025147, -0.011590729, 0.028726472), (0.0013026443, -0.012048202, 0.029768705), (0.0013027197, -0.01232818, 0.030958401), (0.0013027381, -0.012414766, 0.032033145), (0.0013027124, -0.01235875, 0.033336345), (0.0013026439, -0.012161415, 0.034700986), (-0.0010965335, -0.0122293355, 0.034371104), (0.0013025336, -0.011821136, 0.03597532), (0.0013024242, -0.011476585, 0.036874626), (0.0013011089, -0.0070524625, 0.035901263), (0.0013012228, -0.0074054776, 0.034665395), (0.0013012376, -0.007428738, 0.033526544), (0.0013010777, -0.0068737674, 0.032685228), (0.0013008207, -0.006007658, 0.03240241), (0.0013005051, -0.0049506337, 0.032344483), (0.0013001229, -0.003671348, 0.032314382), (-0.0010989674, -0.00403835, 0.032320153), (0.0012973312, 0.005673227, 0.032195255), (0.0012972882, 0.005724105, 0.036225583), (0.0012958833, 0.010426161, 0.036166225), (0.00129574, 0.009991986, 0.07570487), (0.0012954233, 0.010908033, 0.08194056), (0.001295075, 0.012080827, 0.08161515), (-0.0011041248, 0.012080111, 0.081615135), (0.0012947501, 0.013177299, 0.08119696), (0.0012944489, 0.014197458, 0.080685966), (0.001294171, 0.015141288, 0.080082186), (0.0012939165, 0.016008802, 0.07938562), (0.0012936855, 0.016799994, 0.07859625), (0.001293478, 0.017514864, 0.07771408), (0.0012932973, 0.018141761, 0.076735), (0.0012931472, 0.018669035, 0.07565488), (0.0012930277, 0.019096691, 0.07447372), (0.0012929384, 0.01942472, 0.07319153), (0.0012928796, 0.019653132, 0.0718083), (0.0012928514, 0.019781915, 0.07032403), (0.0012928537, 0.019811073, 0.068738714), (0.0012928762, 0.019764258, 0.06751023), (0.0012929166, 0.019655578, 0.0663416), (0.0012929754, 0.019485043, 0.06523281), (0.001293052, 0.019252637, 0.06418385), (0.0012932032, 0.018780317, 0.06273015), (-0.0011059762, 0.018697858, 0.06328304), (0.0012933905, 0.018184269, 0.061396115), (-0.0011057378, 0.017941164, 0.06152474), (0.001293583, 0.017564747, 0.06033318), (0.001293796, 0.016874978, 0.059347365), (0.0012940294, 0.016114969, 0.05843865), (0.0012942832, 0.015284711, 0.05760704), (0.0012945576, 0.014384219, 0.056852557), (0.0012948525, 0.013413476, 0.056175165), (0.0012951676, 0.012372492, 0.055574868), (0.0012954993, 0.01127504, 0.055054493), (0.0012958429, 0.010134901, 0.054616842), (0.0012961989, 0.008952073, 0.054261927), (0.001296567, 0.0077265515, 0.05398974), (0.0012969474, 0.0064583453, 0.053800285), (0.0012973398, 0.0051474483, 0.05369355), (0.0012977446, 0.0037938599, 0.053669542), (0.0012981186, 0.0025408647, 0.05372215), (0.0012984839, 0.0013158345, 0.053848), (0.0012988403, 0.00011876846, 0.054047085), (0.0012991878, -0.001050338, 0.0543194), (0.0012995265, -0.0021914765, 0.054664966), (0.0012998562, -0.003304653, 0.055083748), (0.0013001773, -0.004389868, 0.055575766), (0.0013004828, -0.0054250453, 0.056140333), (0.0013007661, -0.0063881143, 0.056776755), (0.0013010275, -0.0072790748, 0.057485033), (0.0013012668, -0.008097927, 0.05826515), (0.0013014842, -0.008844671, 0.059117146), (0.0013016794, -0.009519306, 0.06004097), (0.0013018526, -0.010121834, 0.061036646), (0.001302002, -0.010646602, 0.06209296), (0.0013021263, -0.011087962, 0.06319869), (0.0013022254, -0.011445913, 0.06435383), (0.001302299, -0.011720453, 0.065558374), (0.0013023475, -0.011911588, 0.06681236), (0.0013023708, -0.012019311, 0.06811574), (0.0013023686, -0.012043626, 0.069468535), (0.0013023482, -0.012000537, 0.07055029), (0.0013023104, -0.011898637, 0.07162747), (0.001302255, -0.011737927, 0.07270006), (0.001302182, -0.011518409, 0.07376806), (0.0013020915, -0.011240079, 0.07483151), (0.0013019835, -0.01090294, 0.07589034), (0.0013018579, -0.010506991, 0.0769446), (0.001301721, -0.010072855, 0.077960715), (0.0013015063, -0.009386521, 0.0793415), (-0.0010978368, -0.008914536, 0.079641625), (0.0013012043, -0.00841286, 0.08094356), (-0.0010981301, -0.007968547, 0.081165254), (0.0013008832, -0.0073689404, 0.08225881), (-0.0010983992, -0.007099896, 0.082551755), (0.0012971393, 0.005155257, 0.08239707), (0.0012972818, 0.0049868748, 0.0690586), (0.00129883, -0.00019498369, 0.069124006), (0.0012987537, -0.00010473561, 0.07627304), (0.0012999675, -0.004162754, 0.076116756), (0.0013001512, -0.004757325, 0.075248644), (0.00130032, -0.0052999877, 0.07428867), (0.0013004739, -0.005790741, 0.07323683), (0.001300606, -0.006206731, 0.07212185), (0.0013007021, -0.0065022404, 0.07100114), (0.0013007607, -0.006672699, 0.06988045), (-0.0010984292, -0.0067004003, 0.06960026), (0.0013007813, -0.0067223883, 0.069039926), (0.0013007764, -0.0066803703, 0.06793794), (0.0013007374, -0.0065257284, 0.066896476), (0.0013006106, -0.0060685184, 0.06545533), (0.0013004157, -0.0053860615, 0.06413524), (0.0013002404, -0.004780927, 0.06333585), (0.001300031, -0.004063168, 0.06259701), (0.0012997873, -0.0032325473, 0.061937604), (0.0012995092, -0.0022888244, 0.06137661), (0.0012991965, -0.0012319998, 0.06091403), (0.0012988495, -0.000062076186, 0.06054983), (0.0012984677, 0.0012209547, 0.060284067), (0.0012980518, 0.002617083, 0.060116697), (0.0012976013, 0.0041263136, 0.060047716), (0.0012971822, 0.005527768, 0.06007917), (0.0012967924, 0.006828474, 0.060210187), (0.0012964323, 0.008028433, 0.06044075), (0.0012961015, 0.009127642, 0.060770873), (0.0012958002, 0.010126107, 0.061200574), (0.0012955281, 0.011023825, 0.06172982), (0.0012951794, 0.012167949, 0.06271529), (0.001294816, 0.01334747, 0.0642811), (0.0012946206, 0.013970725, 0.06562934), (0.0012945312, 0.014246829, 0.066620916), (0.0012944726, 0.014418371, 0.06768204), (0.0012944448, 0.014476704, 0.06918825), (-0.0011048167, 0.01469043, 0.06880898), (0.0012944776, 0.014333998, 0.07061882), (0.0012945759, 0.013975132, 0.071906276), (-0.0011046567, 0.014091149, 0.071602285), (0.0012947399, 0.013400104, 0.073050596), (-0.0011045091, 0.013570166, 0.0727824), (0.0012949641, 0.012626961, 0.07403864), (0.001295238, 0.0116917845, 0.07484407), (-0.0011040365, 0.011944665, 0.07466586), (0.0012954738, 0.010891394, 0.07533237), (0.0012993421, -0.002475911, 0.09366887), (0.0012991609, -0.001896789, 0.09486259), (0.0012990624, -0.001591838, 0.09591647), (0.0012989608, -0.0012820965, 0.09721732), (-0.0011002137, -0.0013595477, 0.0968805), (0.0012988645, -0.0009883639, 0.09845666), (-0.0011003123, -0.001059213, 0.09817378), (0.0012987579, -0.00065971515, 0.09969113), (0.0012986817, -0.0004232084, 0.1004629), (0.0012991135, -0.0018679759, 0.10047878), (0.001299485, -0.0031102658, 0.10045125), (0.0012998437, -0.0043073525, 0.10029682), (0.0013001537, -0.0053345235, 0.099860445), (0.0013003949, -0.0061254473, 0.09917697), (0.0013006248, -0.0068693506, 0.09806221), (0.0013007714, -0.0073295473, 0.09676174), (0.0013008056, -0.00741415, 0.09547293), (0.0013007355, -0.007155135, 0.09439906), (0.001300567, -0.006570513, 0.09350917), (0.0013002835, -0.0056057507, 0.09281718), (0.0012999478, -0.0044769645, 0.092562266), (0.0012996534, -0.0034964976, 0.092763826), (-0.0011015016, 0.0028852061, 0.09968061), (0.0012974967, 0.0035474051, 0.10024338), (0.0012976974, 0.0029055031, 0.098942816), (0.001297838, 0.0024731273, 0.097309195), (-0.001101339, 0.002383913, 0.09781984), (0.0012979493, 0.0021348635, 0.09582471), (0.0012980567, 0.0018110853, 0.09427438), (-0.0011011034, 0.0016664104, 0.09474623), (0.0012981807, 0.0014330947, 0.09270251), (-0.0011009821, 0.0012980762, 0.09312539), (0.0012983116, 0.0010255699, 0.09136592), (-0.0011009219, 0.0011304239, 0.09167064), (0.0012984499, 0.0005885145, 0.09026463), (-0.0011007854, 0.00070075295, 0.09051053), (0.0012986477, -0.000048389327, 0.08916375), (0.0012989481, -0.0010285435, 0.08809095), (0.0012993182, -0.0022487487, 0.08729358), (0.001299738, -0.0036412633, 0.0868133), (0.0013001178, -0.0049092574, 0.08666029), (0.0013005445, -0.006339315, 0.08677048), (0.0013009651, -0.0077566043, 0.0871938), (0.0013013344, -0.00900952, 0.087939404), (0.0013016497, -0.010089186, 0.08900179), (-0.0010974797, -0.010332615, 0.08930355), (0.0013018849, -0.01090685, 0.09032632), (-0.0010973449, -0.010818058, 0.09078721), (0.0013020269, -0.011418139, 0.091885634), (-0.0010972302, -0.011237462, 0.0923491), (0.0013020758, -0.01162305, 0.09367973), (0.0013020564, -0.011588012, 0.094982974), (0.001302, -0.01142434, 0.09605085), (0.0013019082, -0.01114101, 0.09707959), (0.001301781, -0.0107380245, 0.09806937), (0.0013016183, -0.010215437, 0.09902227), (0.00130142, -0.00957327, 0.099939324), (-0.0010978339, -0.009398498, 0.10016411), (0.0013012368, -0.008987344, 0.10110226), (0.0013016287, -0.010310036, 0.10157533), (-0.00109744, -0.010756797, 0.10192856), (0.0013018241, -0.010968716, 0.10180966), (0.0013016571, -0.010539533, 0.10743967), (-0.0010974109, -0.010986488, 0.10765044), (0.0013012724, -0.00924017, 0.10690846), (0.0013009042, -0.007999808, 0.10655784), (0.0013005497, -0.0068096584, 0.10637266), (0.0013001806, -0.0055725127, 0.106276065), (-0.0010989174, -0.0059140692, 0.10629482), (0.0012997357, -0.0040829484, 0.106222555), (-0.0010993398, -0.0044942903, 0.1059907), (0.0012975575, 0.0032058607, 0.106223635), (0.0012971027, 0.0047287433, 0.10616422), (-0.0011019505, 0.004242282, 0.105954595), (0.0012965953, 0.006430943, 0.10598198), (0.0012962064, 0.007739178, 0.10567612), (0.0012958742, 0.008864369, 0.10510055), (0.0012956093, 0.0097694965, 0.10427344), (0.0012954285, 0.010394891, 0.10339499), (0.0012952755, 0.0109311715, 0.10232188), (-0.001103958, 0.011050572, 0.10202372), (0.0012951648, 0.011333348, 0.10096567), (-0.0011039858, 0.011177322, 0.100543335), (0.001295103, 0.01157892, 0.09928214), (-0.0011040344, 0.011380585, 0.09880422), (0.0012950874, 0.011665224, 0.09781494), (0.0012950932, 0.011670557, 0.09672766), (0.0012951157, 0.011623519, 0.09552966), (0.0012951561, 0.0115137715, 0.09441992), (0.001295253, 0.011223727, 0.092931814), (-0.0011038403, 0.010875476, 0.092534535), (0.0012954427, 0.010627967, 0.0912419), (-0.0011037006, 0.010446953, 0.09086353), (0.0012957056, 0.009779945, 0.08989645), (0.001296046, 0.008665585, 0.08880979), (-0.001103013, 0.008194348, 0.08878981), (0.0012964667, 0.007277834, 0.087939106), (-0.0011025902, 0.006798157, 0.087967746), (0.0012969677, 0.0056166993, 0.087284386), (-0.0011020969, 0.0051665246, 0.08714768), (0.0012972063, 0.004694798, 0.092648156), (0.0012968834, 0.0057621375, 0.093207024), (0.0012966372, 0.006566592, 0.09403426), (0.0012964954, 0.0070156516, 0.09513007), (0.0012964497, 0.0071457103, 0.09612679), (0.0012964467, 0.00712907, 0.09727097), (0.001296497, 0.0069322763, 0.098510705), (0.0012966701, 0.0063274936, 0.099626526), (0.0012969753, 0.0052923416, 0.10022456), (0.0012972158, 0.0044836486, 0.10038377), (-0.0011018474, 0.0040189354, 0.100681014), (0.0012965689, 0.006111238, 0.12363716), (0.0012950711, 0.011074047, 0.12577201), (0.0012949336, 0.0115589, 0.12468494), (-0.0011042387, 0.011459666, 0.12495938), (0.0012948506, 0.011862182, 0.123576336), (0.0012948248, 0.011980015, 0.12221781), (0.0012948753, 0.0118386345, 0.12100409), (0.0012950023, 0.011438918, 0.11995774), (-0.0011042005, 0.011447692, 0.11995346), (0.0012952292, 0.010702226, 0.118971236), (0.0012955371, 0.009691858, 0.11809397), (0.0012958718, 0.008589221, 0.117342085), (0.0012950189, 0.011447965, 0.11710878), (0.0012950775, 0.011378917, 0.11163906), (0.0013017433, -0.010931863, 0.11192071), (0.0013016803, -0.010857363, 0.11782226), (0.0012996225, -0.0039699594, 0.11773532), (0.0012991603, -0.0024235826, 0.11772575), (0.0012987457, -0.0010363936, 0.11773812), (0.0012983786, 0.00019160943, 0.11777244), (0.0012979226, 0.0017152353, 0.117867745), (-0.0011011444, 0.0012762843, 0.11758926), (0.0012974725, 0.0032161125, 0.11806797), (0.0012971072, 0.0044305306, 0.118430905), (0.0012967851, 0.005495162, 0.118991576), (0.0012965555, 0.006244601, 0.11982567), (0.0012964262, 0.006649638, 0.12100762), (0.0012964258, 0.0066221827, 0.12225013), (0.0012989087, -0.0019634948, 0.13426009), (0.0012987274, -0.0013843726, 0.1354538), (0.001298629, -0.0010794218, 0.13650768), (0.0012985275, -0.00076968025, 0.13780853), (-0.0011006471, -0.00084713165, 0.1374717), (0.0012984312, -0.0004759477, 0.13904788), (-0.0011007458, -0.00054679665, 0.13876499), (0.0012983243, -0.00014729868, 0.14028236), (0.0012982484, 0.000089207875, 0.14105412), (0.00129868, -0.0013555597, 0.14107), (0.0012990515, -0.0025978494, 0.14104249), (0.0012994102, -0.0037949365, 0.14088802), (0.0012997204, -0.004822107, 0.14045165), (0.0012999614, -0.0056130313, 0.13976817), (0.0013001916, -0.0063569346, 0.1386534), (0.0013003381, -0.0068171313, 0.13735296), (0.0013003722, -0.0069017336, 0.13606416), (0.0013003022, -0.006642719, 0.13499026), (0.0013001335, -0.006058097, 0.13410036), (0.0012998501, -0.0050933347, 0.13340838), (0.0012995144, -0.003964548, 0.13315348), (0.0012992201, -0.0029840816, 0.13335502), (0.0012970633, 0.0040598214, 0.1408346), (0.0012972641, 0.0034179192, 0.13953403), (-0.0011019696, 0.003522499, 0.13989057), (0.0012974045, 0.0029855433, 0.1379004), (-0.0011017702, 0.002888944, 0.13841291), (0.0012975159, 0.0026472798, 0.13641593), (0.0012976234, 0.0023235015, 0.1348656), (-0.0011015468, 0.0022123645, 0.1353304), (0.0012977471, 0.001945511, 0.13329373), (-0.0011014057, 0.0017772795, 0.13372509), (0.0012978782, 0.0015379859, 0.13195713), (0.0012980165, 0.0011009307, 0.13085584), (0.0012982145, 0.00046402676, 0.12975496), (0.0012985148, -0.0005161276, 0.12868214), (-0.0011006363, -0.00068521366, 0.12888137), (0.001298885, -0.0017363324, 0.1278848), (0.0012993043, -0.003128847, 0.12740453), (-0.0010997402, -0.0036525028, 0.12754421), (0.0012996844, -0.0043968414, 0.1272515), (0.001300111, -0.005826899, 0.12736169), (-0.0010992005, -0.005452746, 0.12729612), (0.0013005316, -0.0072441883, 0.127785), (-0.0010986929, -0.0071614617, 0.12774846), (0.0013009009, -0.008497103, 0.12853062), (0.0013012163, -0.00957677, 0.129593), (0.0013014515, -0.0103944335, 0.13091752), (-0.0010977295, -0.0104789445, 0.13179694), (0.0013015935, -0.010905723, 0.13247684), (0.0013016424, -0.011110634, 0.13427095), (-0.0010976298, -0.010858869, 0.13380997), (0.0013016228, -0.011075596, 0.13557419), (0.0013015666, -0.010911924, 0.13664205), (0.0013014748, -0.010628594, 0.13767081), (0.0013013476, -0.010225608, 0.13866057), (0.0013011848, -0.009703021, 0.13961346), (0.0013009866, -0.009060853, 0.14053054), (-0.0010982673, -0.008886081, 0.14075533), (0.0013008035, -0.008474928, 0.14169347), (0.0013011956, -0.00979762, 0.14216655), (-0.001098038, -0.009684669, 0.14212671), (0.0013013907, -0.010456299, 0.14240088), (0.0013012235, -0.010027117, 0.14803086), (0.0013008389, -0.008727754, 0.1474997), (0.0013004706, -0.007487391, 0.14714906), (0.0013001162, -0.0062972424, 0.14696386), (-0.0010990008, -0.006575693, 0.14699338), (0.0012997471, -0.0050600967, 0.14686728), (-0.001099351, -0.0054016532, 0.14688599), (0.0012993023, -0.0035705322, 0.14681377), (-0.0010997728, -0.003982829, 0.14654768), (0.0012971241, 0.003718277, 0.14681484), (0.0012966694, 0.00524116, 0.14675543), (-0.0011026635, 0.0056919595, 0.14645204), (0.0012961618, 0.006943359, 0.14657319), (0.001295773, 0.008251594, 0.14626735), (-0.0011035093, 0.008528688, 0.14617541), (0.0012954407, 0.009376785, 0.14569174), (0.0012951759, 0.010281913, 0.14486465), (0.0012949951, 0.010907306, 0.14398618), (-0.0011042467, 0.011052362, 0.14374332), (0.0012948422, 0.011443587, 0.14291307), (-0.0011043915, 0.011562988, 0.14261493), (0.0012947313, 0.011845764, 0.14155687), (-0.0011044191, 0.011689737, 0.14113453), (0.0012946696, 0.012091336, 0.13987336), (-0.0011044678, 0.011893, 0.13939545), (0.001294654, 0.012177641, 0.13840614), (0.0012946599, 0.012182973, 0.13731888), (0.0012946822, 0.012135934, 0.13612087), (0.0012947227, 0.012026188, 0.1350111), (0.0012948195, 0.011736143, 0.13352303), (-0.0011042737, 0.011387894, 0.13312575), (0.0012950093, 0.011140384, 0.13183312), (-0.0011040407, 0.0106521975, 0.1312143), (0.001295272, 0.0102923615, 0.13048765), (0.0012956124, 0.0091780005, 0.129401), (0.0012960334, 0.0077902502, 0.12853031), (-0.0011032529, 0.008069753, 0.12890041), (0.0012965343, 0.0061291154, 0.1278756), (0.0012967727, 0.005207214, 0.13323936), (-0.0011023004, 0.0047865687, 0.13307679), (0.0012964499, 0.0062745535, 0.13379824), (0.0012962038, 0.0070790085, 0.13462546), (0.001296062, 0.0075280676, 0.1357213), (0.0012960162, 0.0076581268, 0.136718), (0.0012960134, 0.007641486, 0.13786218), (-0.0011031901, 0.007659622, 0.1375738), (0.0012960638, 0.007444693, 0.13910192), (0.0012962368, 0.006839909, 0.14021772), (0.001296542, 0.005804758, 0.1408158), (0.0012967824, 0.004996065, 0.14097498), (-0.0011014732, 0.0012229615, 0.16751552), (0.0012977258, 0.0012332588, 0.16722122), (0.0012983754, -0.00093706476, 0.1670712), (-0.0011009339, -0.0005783598, 0.16737999), (0.0012988077, -0.0023741212, 0.1666645), (-0.0011004689, -0.0021264192, 0.16702417), (0.0012991632, -0.0035483914, 0.16601175), (-0.001100116, -0.003288388, 0.16620569), (0.0012994404, -0.0044561387, 0.16515456), (-0.0010998186, -0.004264076, 0.16538504), (0.0012996364, -0.005089883, 0.1641761), (0.0012997513, -0.0054488783, 0.16308478), (-0.001099467, -0.0053941896, 0.16337171), (0.0012997846, -0.005533121, 0.16191474), (-0.0010994131, -0.0055471244, 0.16219567), (0.0012997357, -0.0053446796, 0.16084148), (-0.0010994417, -0.0054263314, 0.16109715), (0.0012996052, -0.0048856447, 0.15986918), (0.0012993932, -0.0041560163, 0.15899783), (0.0012990953, -0.0031424707, 0.15826462), (0.0012987033, -0.0018183608, 0.157744), (-0.0011003624, -0.002265419, 0.15761879), (0.0012982159, -0.00018101982, 0.15744337), (-0.0011008382, -0.0006646117, 0.15725343), (0.0012976518, 0.0017084706, 0.15736352), (-0.0011016892, 0.0021857233, 0.15713188), (0.001297136, 0.003431267, 0.15750974), (-0.0011021959, 0.0038758554, 0.15733974), (0.0012967022, 0.0048739077, 0.15788347), (-0.0011025958, 0.0051988326, 0.15800534), (0.0012963506, 0.0060363864, 0.1584847), (-0.0011029269, 0.0062912707, 0.15866342), (0.0012960802, 0.006922587, 0.15928131), (-0.0011032249, 0.00726418, 0.15972961), (0.0012958893, 0.00754027, 0.1602091), (0.0012957775, 0.007890209, 0.16126168), (0.0012957449, 0.007971997, 0.1624327), (-0.0011034568, 0.007984602, 0.16212904), (0.0012957942, 0.00778073, 0.16358748), (0.0012959265, 0.0073134904, 0.16462266), (0.0012961423, 0.006570281, 0.16553822), (-0.0011031218, 0.0067898636, 0.16532426), (0.0012964434, 0.005545313, 0.16630006), (0.0012968337, 0.0042270157, 0.1668399), (-0.0011024965, 0.0046605063, 0.166928), (0.0012971824, 0.0030542403, 0.16710182), (-0.0011020317, 0.0030947742, 0.1673731), (-0.001095695, -0.018134415, 0.1684985), (0.0013036538, -0.018612394, 0.16767034), (0.0013034885, -0.018089613, 0.1689738), (0.0013032861, -0.017437289, 0.17005962), (-0.0010960504, -0.01698732, 0.17031425), (0.001302995, -0.016487965, 0.17111222), (0.0013026947, -0.015498874, 0.17182328), (-0.00109647, -0.015610523, 0.1715214), (0.0013024075, -0.014548998, 0.17229028), (0.0013020767, -0.013451411, 0.17266844), (0.0013016677, -0.012088428, 0.17294343), (-0.0010976547, -0.01167498, 0.17272611), (0.0013011622, -0.010401205, 0.17310809), (-0.0010981773, -0.009930728, 0.17292999), (0.0013007231, -0.008933139, 0.17316262), (0.0013003983, -0.007846349, 0.17316218), (0.0012944232, 0.012152387, 0.17290972), (0.0012944822, 0.012082732, 0.167392), (0.0012954231, 0.008933285, 0.16743176), (-0.0011037766, 0.008932568, 0.16743174), (0.001295144, 0.009886092, 0.16662297), (0.0012949097, 0.010690015, 0.165757), (0.0012947203, 0.011345066, 0.16483372), (0.0012945757, 0.01185123, 0.16385321), (0.0012944762, 0.012208526, 0.16281551), (0.0012944215, 0.012416939, 0.1617205), (0.0012944116, 0.012476469, 0.16056827), (0.0012944415, 0.012401962, 0.15945068), (0.0012945071, 0.0122073535, 0.15838821), (0.0012946081, 0.011892649, 0.15738077), (-0.0011045178, 0.011642477, 0.15747625), (0.0012947447, 0.011457838, 0.15642841), (0.0012949167, 0.010902935, 0.15553118), (-0.0011042338, 0.010733913, 0.15565), (0.0012951242, 0.010227926, 0.154689), (0.0012953671, 0.009432815, 0.15390186), (0.0012956436, 0.008524387, 0.15319797), (0.0012959511, 0.007509424, 0.1526055), (0.0012962895, 0.006387925, 0.15212442), (0.0012966591, 0.005159889, 0.15175472), (0.0012970597, 0.0038253204, 0.15149648), (0.0012974914, 0.0023842137, 0.15134956), (0.0012979542, 0.0008365713, 0.15131408), (0.0012983264, -0.00040997105, 0.15137179), (0.0012986797, -0.0015955087, 0.15151268), (0.0012990142, -0.0027200414, 0.15173674), (0.0012993299, -0.0037835715, 0.15204398), (0.0012996269, -0.0047860947, 0.15243442), (0.001299905, -0.005727615, 0.15290803), (0.0013001643, -0.006608133, 0.1534648), (-0.0010990726, -0.0064892024, 0.15363245), (0.0013004569, -0.007606007, 0.15426488), (0.0013007025, -0.00844787, 0.15513925), (0.0013009009, -0.009133723, 0.15608788), (0.0013010523, -0.009663564, 0.15711075), (0.0013011564, -0.010037397, 0.15820797), (0.0013012134, -0.0102552185, 0.15937936), (0.0013012233, -0.0103170285, 0.16062506), (0.0013011891, -0.010228784, 0.16174735), (0.0013011113, -0.009993108, 0.16281207), (0.0013009899, -0.009610005, 0.16381918), (0.0013008248, -0.00907947, 0.1647687), (0.001300616, -0.008401507, 0.16566066), (0.0013003635, -0.0075761145, 0.16649498), (0.0013000675, -0.006603293, 0.16727173), (0.0013011196, -0.010124224, 0.16728564), (0.001301472, -0.011302063, 0.16724929), (0.0013018152, -0.012446279, 0.16706525), (-0.0010975061, -0.012043414, 0.16717301), (0.0013021166, -0.013443127, 0.16655287), (-0.0010969884, -0.013754781, 0.16629684), (0.0013023128, -0.01408333, 0.16584097), (0.0013024579, -0.01454138, 0.16467337), (0.0013025316, -0.014758076, 0.16335781), (0.0013025509, -0.014789305, 0.16194174), (0.0013025051, -0.014607536, 0.16068538), (0.00130234, -0.014030983, 0.15963422), (0.0013020379, -0.013006892, 0.15907851), (0.0013018496, -0.012219473, 0.1522362), (0.0013023212, -0.013799992, 0.15236667), (0.0013027618, -0.015285826, 0.15286951), (-0.0010963349, -0.01563617, 0.15304333), (0.0013031475, -0.016597008, 0.15375744), (-0.0010960146, -0.016734218, 0.15419795), (0.0013034756, -0.017724203, 0.1550397), (-0.0010957145, -0.017769158, 0.15553492), (0.0013036694, -0.018402131, 0.15630025), (0.0013037651, -0.018746112, 0.15731864), (0.0013038359, -0.019009104, 0.15847048), (0.0013038813, -0.019191122, 0.15975587), (0.0013039018, -0.01929215, 0.16117477), (0.0013038906, -0.0193005, 0.16314514), (-0.0010953643, -0.01910724, 0.16272555), (0.0013038506, -0.019203346, 0.16473188), (-0.001095407, -0.019001734, 0.16433744), (0.0013037818, -0.019005518, 0.16614781), (-0.0010954879, -0.018794939, 0.16710299), (0.0012992689, -0.0046255207, 0.1973232), (0.0012989022, -0.003268035, 0.19166592), (0.0012992511, -0.0044229655, 0.19112517), (0.0012995016, -0.0052444977, 0.19041044), (0.0012996624, -0.0057620234, 0.18952593), (0.0012997421, -0.0060049286, 0.18847574), (0.0012997407, -0.0059717307, 0.18725543), (0.0012996632, -0.005688259, 0.1862249), (0.0012995135, -0.005166254, 0.18530111), (-0.0010997327, -0.0050066537, 0.18508351), (0.0012992927, -0.0044086208, 0.18449052), (-0.0010999708, -0.0041922894, 0.18430604), (0.001299009, -0.0034443813, 0.18385774), (-0.0011002693, -0.0031800268, 0.18372579), (0.0012986662, -0.002288046, 0.18343516), (-0.0011006265, -0.0019756672, 0.18335578), (0.0012982646, -0.000939617, 0.18322273), (0.0012979992, -0.00039194414, 0.19797376), (0.0012974425, 0.0014719557, 0.19792493), (0.0012969297, 0.0031917759, 0.19775541), (0.0012964606, 0.0047675176, 0.19746517), (0.0012960357, 0.006199177, 0.19705416), (0.0012956546, 0.0074867657, 0.19652253), (0.0012953174, 0.0086302655, 0.19587009), (0.001295024, 0.009629685, 0.19509694), (0.001294773, 0.010489545, 0.19422145), (0.001294563, 0.01121436, 0.19326197), (0.001294394, 0.011804124, 0.1922185), (0.0012942659, 0.012258841, 0.19109102), (0.0012941787, 0.012578521, 0.18987961), (0.0012941324, 0.012763146, 0.1885842), (0.0012941272, 0.012812723, 0.18720475), (0.0012941596, 0.012733181, 0.18597133), (0.0012942293, 0.0125265075, 0.18480211), (0.0012943366, 0.012192703, 0.18369704), (0.0012944817, 0.011731762, 0.18265611), (0.0012946642, 0.011143699, 0.18167938), (0.0012948841, 0.010428497, 0.1807668), (0.0012951418, 0.009586161, 0.17991835), (0.0012954321, 0.008632009, 0.17916173), (0.0012957505, 0.007581357, 0.17852458), (0.001296097, 0.0064342013, 0.1780069), (0.0012964713, 0.0051905406, 0.1776087), (0.0012968738, 0.0038503828, 0.17732999), (0.0012973043, 0.0024137162, 0.17717075), (0.0012977627, 0.0008805498, 0.17713097), (0.0012981481, -0.00041010996, 0.17719221), (0.0012985129, -0.0016346112, 0.17734249), (0.0012988576, -0.0027929523, 0.1775818), (0.0012991817, -0.0038851367, 0.1779102), (0.0012994854, -0.0049111596, 0.17832766), (0.0012997688, -0.0058710263, 0.17883414), (0.0013000317, -0.0067647337, 0.17942968), (0.0013003233, -0.0077605178, 0.18030082), (0.0013005673, -0.00859988, 0.18129325), (0.0013007637, -0.009282822, 0.18240704), (0.0013009126, -0.009809343, 0.18364204), (0.0013010139, -0.010179443, 0.18499847), (0.0013010674, -0.010393123, 0.18647608), (0.0013010735, -0.010450384, 0.18807502), (-0.0010981981, -0.0102109825, 0.1880738), (0.0013010318, -0.010345622, 0.1895841), (-0.0010982592, -0.010051627, 0.1900326), (0.0013009097, -0.009979517, 0.19142646), (-0.0010984078, -0.009594725, 0.19177368), (0.0013007077, -0.0093417065, 0.19306515), (-0.0010986142, -0.008940032, 0.19333091), (0.0013004265, -0.008433687, 0.19449924), (-0.0010989065, -0.007992755, 0.19467467), (0.0013000703, -0.007270404, 0.19572031), (-0.0010992708, -0.0068010204, 0.19580947), (0.001299758, -0.006243077, 0.19650033), (-0.0010997063, -0.00536427, 0.19673558), (0.0012968811, 0.0034859322, 0.19204907), (0.0012969805, 0.00335625, 0.18326125), (0.0012966035, 0.004614896, 0.18339026), (-0.0011025079, 0.0043197656, 0.18333158), (0.0012962734, 0.0057115583, 0.18373053), (-0.0011028498, 0.005456922, 0.18361902), (0.0012959902, 0.006646234, 0.18428206), (-0.0011031446, 0.0064320965, 0.18411776), (0.0012957605, 0.00739818, 0.18501376), (0.001295597, 0.007925916, 0.18586417), (0.0012955008, 0.0082253, 0.1868273), (0.0012954789, 0.008268027, 0.18811804), (0.0012955862, 0.007877184, 0.18950401), (0.0012957858, 0.007186693, 0.19051498), (0.0012960209, 0.0063838833, 0.1911896), (0.0012963185, 0.005377011, 0.19167803), (-0.0011029635, 0.0056533986, 0.19158004), (0.0012965804, 0.004494935, 0.19192384), (-0.0011026193, 0.004494218, 0.19192383), (-0.0010987659, -0.0072425352, 0.1418267), (-0.0011020044, 0.0036019543, 0.14148962)]
}

