#usda 1.0
(
    defaultPrim = "SM_Lift_Text_5_Bookstore"
    upAxis = "Z"
)

def Mesh "SM_Lift_Text_5_Bookstore"
{
    int[] faceVertexCounts = [3, 3, 3, 3, 3, 3, 3, 3, 3, 3, 3, 3, 3, 3, 3, 3, 3, 3, 3, 3, 3, 3, 3, 3, 3, 3, 3, 3, 3, 3, 3, 3, 3, 3, 3, 3, 3, 3, 3, 3, 3, 3, 3, 3, 3, 3, 3, 3, 3, 3, 3, 3, 3, 3, 3, 3, 3, 3, 3, 3, 3, 3, 3, 3, 3, 3, 3, 3, 3, 3, 3, 3, 3, 3, 3, 3, 3, 3, 3, 3, 3, 3, 3, 3, 3, 3, 3, 3, 3, 3, 3, 3, 3, 3, 3, 3, 3, 3, 3, 3, 3, 3, 3, 3, 3, 3, 3, 3, 3, 3, 3, 3, 3, 3, 3, 3, 3, 3, 3, 3, 3, 3, 3, 3, 3, 3, 3, 3, 3, 3, 3, 3, 3, 3, 3, 3, 3, 3, 3, 3, 3, 3, 3, 3, 3, 3, 3, 3, 3, 3, 3, 3, 3, 3, 3, 3, 3, 3, 3, 3, 3, 3, 3, 3, 3, 3, 3, 3, 3, 3, 3, 3, 3, 3, 3, 3, 3, 3, 3, 3, 3, 3, 3, 3, 3, 3, 3, 3, 3, 3, 3, 3, 3, 3, 3, 3, 3, 3, 3, 3, 3, 3, 3, 3, 3, 3, 3, 3, 3, 3, 3, 3, 3, 3, 3, 3, 3, 3, 3, 3, 3, 3, 3, 3, 3, 3, 3, 3, 3, 3, 3, 3, 3, 3, 3, 3, 3, 3, 3, 3, 3, 3, 3, 3, 3, 3, 3, 3, 3, 3, 3, 3, 3, 3, 3, 3, 3, 3, 3, 3, 3, 3, 3, 3, 3, 3, 3, 3, 3, 3, 3, 3, 3, 3, 3, 3, 3, 3, 3, 3, 3, 3, 3, 3, 3, 3, 3, 3, 3, 3, 3, 3, 3, 3, 3, 3, 3, 3, 3, 3, 3, 3, 3, 3, 3, 3, 3, 3, 3, 3, 3, 3, 3, 3, 3, 3, 3, 3, 3, 3, 3, 3, 3, 3, 3, 3, 3, 3, 3, 3, 3, 3, 3, 3, 3, 3, 3, 3, 3, 3, 3, 3, 3, 3, 3, 3, 3, 3, 3, 3, 3, 3, 3, 3, 3, 3, 3, 3, 3, 3, 3, 3, 3, 3, 3, 3, 3, 3, 3, 3, 3, 3, 3, 3, 3, 3, 3, 3, 3, 3, 3, 3, 3, 3, 3, 3, 3, 3, 3, 3, 3, 3, 3, 3, 3, 3, 3, 3, 3, 3, 3, 3, 3, 3, 3, 3, 3, 3, 3, 3, 3, 3, 3, 3, 3, 3, 3, 3, 3, 3, 3, 3, 3, 3, 3, 3, 3, 3, 3, 3, 3, 3, 3, 3, 3, 3, 3, 3, 3, 3, 3, 3, 3, 3, 3, 3, 3, 3, 3, 3, 3, 3, 3, 3, 3, 3, 3, 3, 3, 3, 3, 3, 3, 3, 3, 3, 3, 3, 3, 3, 3, 3, 3, 3, 3, 3, 3, 3, 3, 3, 3, 3, 3, 3, 3, 3, 3, 3, 3, 3, 3, 3, 3, 3, 3, 3, 3, 3, 3, 3, 3, 3, 3, 3, 3, 3, 3, 3, 3, 3, 3, 3, 3, 3, 3, 3, 3, 3, 3, 3, 3, 3, 3, 3, 3, 3, 3, 3, 3, 3, 3, 3, 3, 3, 3, 3, 3, 3, 3, 3, 3, 3, 3, 3, 3, 3, 3, 3, 3, 3, 3, 3, 3, 3, 3, 3, 3, 3, 3, 3, 3, 3, 3, 3, 3, 3, 3, 3, 3, 3, 3, 3, 3, 3, 3, 3, 3, 3, 3, 3, 3, 3, 3, 3, 3, 3, 3, 3, 3, 3, 3, 3, 3, 3, 3, 3, 3, 3, 3, 3, 3, 3, 3, 3, 3, 3, 3, 3, 3, 3, 3, 3, 3, 3, 3, 3, 3, 3, 3, 3, 3, 3, 3, 3, 3, 3, 3, 3, 3, 3, 3, 3, 3, 3, 3, 3, 3, 3, 3, 3, 3, 3, 3, 3, 3, 3, 3, 3, 3, 3, 3, 3, 3, 3, 3, 3, 3, 3, 3, 3, 3, 3, 3, 3, 3, 3, 3, 3, 3, 3, 3, 3, 3, 3, 3, 3, 3, 3, 3, 3, 3, 3, 3, 3, 3, 3, 3, 3, 3, 3, 3, 3, 3, 3, 3, 3, 3, 3, 3, 3, 3, 3, 3, 3, 3, 3, 3, 3, 3, 3, 3, 3, 3, 3, 3, 3, 3, 3, 3, 3, 3, 3, 3, 3, 3, 3, 3, 3, 3, 3, 3, 3, 3, 3, 3, 3, 3, 3, 3, 3, 3, 3, 3, 3, 3, 3, 3, 3, 3, 3, 3, 3, 3, 3, 3, 3, 3, 3, 3, 3, 3, 3, 3, 3, 3, 3, 3, 3, 3, 3, 3, 3, 3, 3, 3, 3, 3, 3, 3, 3, 3, 3, 3, 3, 3, 3, 3, 3, 3, 3, 3, 3, 3, 3, 3, 3, 3, 3, 3, 3, 3, 3, 3, 3, 3, 3, 3, 3, 3, 3, 3, 3, 3, 3, 3, 3, 3, 3, 3, 3, 3, 3, 3, 3, 3, 3, 3, 3, 3, 3, 3, 3, 3, 3, 3, 3, 3, 3, 3, 3, 3, 3, 3, 3, 3, 3, 3, 3, 3, 3, 3, 3, 3, 3, 3, 3, 3, 3, 3, 3, 3, 3, 3, 3, 3, 3, 3, 3, 3, 3, 3, 3, 3, 3, 3, 3, 3, 3, 3, 3, 3, 3, 3, 3, 3, 3, 3, 3, 3, 3, 3, 3, 3, 3, 3, 3, 3, 3, 3, 3, 3, 3, 3, 3, 3, 3, 3, 3, 3, 3, 3, 3, 3, 3, 3, 3, 3, 3, 3, 3, 3, 3, 3, 3, 3, 3, 3, 3, 3, 3, 3, 3, 3, 3, 3, 3, 3, 3, 3, 3, 3, 3, 3, 3, 3, 3, 3, 3, 3, 3, 3, 3, 3, 3, 3, 3, 3, 3, 3, 3, 3, 3, 3, 3, 3, 3, 3, 3, 3, 3, 3, 3, 3, 3, 3, 3, 3, 3, 3, 3, 3, 3, 3, 3, 3, 3, 3, 3, 3, 3, 3, 3, 3, 3, 3, 3, 3, 3, 3, 3, 3, 3, 3, 3, 3, 3, 3, 3, 3, 3, 3, 3, 3, 3, 3, 3, 3, 3, 3, 3, 3, 3, 3, 3, 3, 3, 3, 3, 3, 3, 3, 3, 3, 3, 3, 3, 3, 3, 3, 3, 3, 3, 3, 3, 3, 3, 3, 3, 3, 3, 3, 3, 3, 3, 3, 3, 3, 3, 3, 3, 3, 3, 3, 3, 3, 3, 3, 3, 3, 3, 3, 3, 3, 3, 3, 3, 3, 3, 3, 3, 3, 3, 3, 3, 3, 3, 3, 3, 3, 3, 3, 3, 3, 3, 3, 3, 3, 3, 3, 3, 3, 3, 3, 3, 3, 3, 3, 3, 3, 3, 3, 3, 3, 3, 3, 3, 3, 3, 3, 3, 3, 3, 3, 3, 3, 3, 3, 3, 3, 3, 3, 3, 3, 3, 3, 3, 3, 3, 3, 3, 3, 3, 3, 3, 3, 3, 3, 3, 3, 3, 3, 3, 3, 3, 3, 3, 3, 3, 3, 3, 3, 3, 3, 3, 3, 3, 3, 3, 3, 3, 3, 3, 3, 3, 3, 3, 3, 3, 3, 3, 3, 3, 3, 3, 3, 3, 3, 3, 3, 3, 3, 3, 3, 3, 3, 3, 3, 3, 3, 3, 3, 3, 3, 3, 3, 3, 3, 3, 3, 3, 3, 3, 3, 3, 3, 3, 3, 3, 3, 3, 3, 3, 3, 3, 3, 3, 3, 3, 3, 3, 3, 3, 3, 3, 3, 3, 3, 3, 3, 3, 3, 3, 3, 3, 3, 3, 3, 3, 3, 3, 3, 3, 3, 3, 3, 3, 3, 3, 3, 3, 3, 3, 3, 3, 3, 3, 3, 3, 3, 3, 3, 3, 3, 3, 3, 3, 3, 3, 3, 3, 3, 3, 3, 3, 3, 3, 3, 3, 3, 3, 3, 3, 3, 3, 3, 3, 3, 3, 3, 3, 3, 3, 3, 3, 3, 3, 3, 3, 3, 3, 3, 3, 3, 3, 3, 3, 3, 3, 3, 3, 3, 3, 3, 3, 3, 3, 3, 3, 3, 3, 3, 3, 3, 3, 3, 3, 3, 3, 3, 3, 3, 3, 3, 3, 3, 3, 3, 3, 3, 3, 3, 3, 3, 3, 3, 3, 3, 3, 3, 3, 3, 3, 3, 3, 3, 3, 3, 3, 3, 3, 3, 3, 3, 3, 3, 3, 3, 3, 3, 3, 3, 3, 3, 3, 3, 3, 3, 3, 3, 3, 3, 3, 3, 3, 3, 3, 3, 3, 3, 3, 3, 3, 3, 3, 3, 3, 3, 3, 3, 3, 3, 3, 3, 3, 3, 3, 3, 3, 3, 3, 3, 3, 3, 3, 3, 3, 3, 3, 3, 3, 3, 3, 3, 3, 3, 3, 3, 3, 3, 3, 3, 3, 3, 3, 3, 3, 3, 3, 3, 3, 3, 3, 3, 3, 3, 3, 3, 3, 3, 3, 3, 3, 3, 3, 3, 3, 3, 3, 3, 3, 3, 3, 3, 3, 3, 3, 3, 3, 3, 3, 3, 3, 3, 3, 3, 3, 3, 3, 3, 3, 3, 3, 3, 3, 3, 3, 3, 3, 3, 3, 3, 3, 3, 3, 3, 3, 3, 3, 3, 3, 3, 3, 3, 3, 3, 3, 3, 3, 3, 3, 3, 3, 3, 3, 3, 3, 3, 3, 3, 3, 3, 3, 3, 3, 3, 3, 3, 3, 3, 3, 3, 3, 3, 3, 3, 3, 3, 3, 3, 3, 3, 3, 3, 3, 3, 3, 3, 3, 3, 3, 3, 3, 3, 3, 3, 3, 3, 3, 3, 3, 3, 3, 3, 3, 3, 3, 3, 3, 3, 3, 3, 3, 3, 3, 3, 3, 3, 3, 3, 3, 3, 3, 3, 3, 3, 3, 3, 3, 3, 3, 3, 3, 3, 3, 3, 3, 3, 3, 3, 3, 3, 3, 3, 3, 3, 3, 3, 3, 3, 3, 3, 3, 3, 3, 3, 3, 3, 3, 3, 3, 3, 3, 3, 3, 3, 3, 3, 3, 3, 3, 3, 3, 3, 3, 3, 3, 3, 3, 3, 3, 3, 3, 3, 3, 3, 3, 3, 3, 3, 3, 3, 3, 3, 3, 3, 3, 3, 3, 3, 3, 3, 3, 3, 3, 3, 3, 3, 3, 3, 3, 3, 3, 3, 3, 3, 3, 3, 3, 3, 3, 3, 3, 3, 3, 3, 3, 3, 3, 3, 3, 3, 3, 3, 3, 3, 3, 3, 3, 3, 3, 3, 3, 3, 3, 3, 3, 3, 3, 3, 3, 3, 3, 3, 3, 3, 3, 3, 3, 3, 3, 3, 3, 3, 3, 3, 3, 3, 3, 3, 3, 3, 3, 3, 3, 3, 3, 3, 3, 3, 3, 3, 3, 3, 3, 3, 3, 3, 3, 3, 3, 3, 3, 3, 3, 3, 3, 3, 3, 3, 3, 3, 3, 3, 3, 3, 3, 3, 3, 3, 3, 3, 3, 3, 3, 3, 3, 3, 3, 3, 3, 3, 3, 3, 3, 3, 3, 3, 3, 3, 3, 3, 3, 3, 3, 3, 3, 3, 3, 3, 3, 3, 3, 3, 3, 3, 3, 3, 3, 3, 3, 3, 3, 3, 3, 3, 3, 3, 3, 3, 3, 3, 3, 3, 3, 3, 3, 3, 3, 3, 3, 3, 3, 3, 3, 3, 3, 3, 3, 3, 3, 3, 3, 3, 3, 3, 3, 3, 3, 3, 3, 3, 3, 3, 3, 3, 3, 3, 3, 3, 3, 3, 3, 3, 3, 3, 3, 3, 3, 3, 3, 3, 3, 3, 3, 3, 3, 3, 3, 3, 3, 3, 3, 3, 3, 3, 3, 3, 3, 3, 3, 3, 3, 3, 3, 3, 3, 3, 3, 3, 3, 3, 3, 3, 3, 3, 3, 3, 3, 3, 3, 3, 3, 3, 3, 3, 3, 3, 3, 3, 3, 3, 3, 3, 3, 3, 3, 3, 3, 3, 3, 3, 3, 3, 3, 3, 3, 3, 3, 3, 3, 3, 3, 3, 3, 3, 3, 3, 3, 3, 3, 3, 3, 3, 3, 3, 3, 3, 3, 3, 3, 3, 3, 3, 3, 3, 3, 3, 3, 3, 3, 3, 3, 3, 3, 3, 3, 3, 3, 3, 3, 3, 3, 3, 3, 3, 3, 3, 3, 3, 3, 3, 3, 3, 3, 3, 3, 3, 3, 3, 3, 3, 3, 3, 3, 3, 3, 3, 3, 3, 3, 3, 3, 3, 3, 3, 3, 3, 3, 3, 3, 3, 3, 3, 3, 3, 3, 3, 3, 3, 3, 3, 3, 3, 3, 3, 3, 3, 3, 3, 3, 3, 3, 3, 3, 3, 3, 3, 3, 3, 3, 3, 3, 3, 3, 3, 3, 3, 3, 3, 3, 3, 3, 3, 3, 3, 3, 3, 3, 3, 3, 3, 3, 3, 3, 3, 3, 3, 3, 3, 3, 3, 3, 3, 3, 3, 3, 3, 3, 3, 3, 3, 3, 3, 3, 3, 3, 3, 3, 3, 3, 3, 3, 3, 3, 3, 3, 3, 3, 3, 3, 3, 3, 3, 3, 3, 3, 3, 3, 3, 3, 3, 3, 3, 3, 3, 3, 3, 3, 3, 3, 3, 3, 3, 3, 3, 3, 3, 3, 3, 3, 3, 3, 3, 3, 3, 3, 3, 3, 3, 3, 3, 3, 3, 3, 3, 3, 3, 3, 3, 3, 3, 3, 3, 3, 3, 3, 3, 3, 3, 3, 3, 3, 3, 3, 3, 3, 3, 3, 3, 3, 3, 3, 3, 3, 3, 3, 3, 3, 3, 3, 3, 3, 3, 3, 3, 3, 3, 3, 3, 3, 3, 3, 3, 3, 3, 3, 3, 3, 3, 3, 3, 3, 3, 3, 3, 3, 3, 3, 3, 3, 3, 3, 3, 3, 3, 3, 3, 3, 3, 3, 3, 3, 3, 3, 3, 3, 3, 3, 3, 3, 3, 3, 3, 3, 3, 3, 3, 3, 3, 3, 3, 3, 3, 3, 3, 3, 3, 3, 3, 3, 3, 3, 3, 3, 3, 3, 3, 3, 3, 3, 3, 3, 3, 3, 3, 3, 3, 3, 3, 3, 3, 3, 3, 3, 3, 3, 3, 3, 3, 3, 3, 3, 3, 3, 3, 3, 3, 3, 3, 3, 3, 3, 3, 3, 3, 3, 3, 3, 3, 3, 3, 3, 3, 3, 3, 3, 3, 3, 3, 3, 3, 3, 3, 3, 3, 3, 3, 3, 3, 3, 3, 3, 3, 3, 3, 3, 3, 3, 3, 3, 3, 3, 3, 3, 3, 3, 3, 3, 3, 3, 3, 3, 3, 3, 3, 3, 3, 3, 3, 3, 3, 3, 3, 3, 3, 3, 3, 3, 3, 3, 3, 3, 3, 3, 3, 3, 3, 3, 3, 3, 3, 3, 3, 3, 3, 3, 3, 3, 3, 3, 3, 3, 3, 3, 3, 3, 3, 3, 3, 3, 3, 3, 3, 3, 3, 3, 3, 3, 3, 3, 3, 3, 3, 3, 3, 3, 3, 3, 3, 3, 3, 3, 3, 3, 3, 3, 3, 3, 3, 3, 3, 3, 3, 3, 3, 3, 3, 3, 3, 3, 3, 3, 3, 3, 3, 3, 3, 3, 3, 3, 3, 3, 3, 3, 3, 3, 3, 3, 3, 3, 3, 3, 3, 3, 3, 3, 3, 3, 3, 3, 3, 3, 3, 3, 3, 3, 3, 3, 3, 3, 3, 3, 3, 3, 3, 3, 3, 3, 3, 3, 3, 3, 3, 3, 3, 3, 3, 3, 3, 3, 3, 3, 3, 3, 3, 3, 3, 3, 3, 3, 3, 3, 3, 3, 3, 3, 3, 3, 3, 3, 3, 3, 3, 3, 3, 3, 3, 3, 3, 3, 3, 3, 3, 3, 3, 3, 3, 3, 3, 3, 3, 3, 3, 3, 3, 3, 3, 3, 3, 3, 3, 3, 3, 3, 3, 3, 3, 3, 3, 3, 3, 3, 3, 3, 3, 3, 3, 3, 3, 3, 3, 3, 3, 3, 3, 3, 3, 3, 3, 3, 3, 3, 3, 3, 3, 3, 3, 3, 3, 3, 3, 3, 3, 3, 3, 3, 3, 3, 3, 3, 3, 3, 3, 3, 3, 3, 3, 3, 3, 3, 3, 3, 3, 3, 3, 3, 3, 3, 3, 3, 3, 3, 3, 3, 3, 3, 3, 3, 3, 3, 3, 3, 3, 3, 3, 3, 3, 3, 3, 3, 3, 3, 3, 3, 3, 3, 3, 3, 3, 3, 3, 3, 3, 3, 3, 3, 3, 3, 3, 3, 3, 3, 3, 3, 3, 3, 3, 3, 3, 3, 3, 3, 3, 3, 3, 3, 3, 3, 3, 3, 3, 3, 3, 3, 3, 3, 3, 3, 3, 3, 3, 3, 3, 3, 3, 3, 3, 3, 3, 3, 3, 3, 3, 3, 3, 3, 3, 3, 3, 3, 3, 3, 3, 3, 3, 3, 3, 3, 3, 3, 3, 3, 3, 3, 3, 3, 3, 3, 3, 3, 3, 3, 3, 3, 3, 3, 3, 3, 3, 3, 3, 3, 3, 3, 3, 3, 3, 3, 3, 3, 3, 3, 3, 3, 3, 3, 3, 3, 3, 3, 3, 3, 3, 3, 3, 3, 3, 3, 3, 3, 3, 3, 3, 3, 3, 3, 3, 3, 3, 3, 3, 3, 3, 3, 3, 3, 3, 3, 3, 3, 3, 3, 3, 3, 3, 3, 3, 3, 3, 3, 3, 3, 3, 3, 3, 3, 3, 3, 3, 3, 3, 3, 3, 3, 3, 3, 3, 3, 3, 3, 3, 3, 3, 3, 3, 3, 3, 3, 3, 3, 3, 3, 3, 3, 3, 3, 3, 3, 3, 3, 3, 3, 3, 3, 3, 3, 3, 3, 3, 3, 3, 3, 3, 3, 3, 3, 3, 3, 3, 3, 3, 3, 3, 3, 3, 3, 3, 3, 3, 3, 3, 3, 3, 3, 3, 3, 3, 3, 3, 3, 3, 3, 3, 3, 3, 3, 3, 3, 3, 3, 3, 3, 3, 3, 3, 3, 3]
    int[] faceVertexIndices = [0, 1, 2, 3, 4, 5, 4, 6, 5, 6, 7, 5, 7, 8, 5, 7, 9, 8, 9, 10, 8, 9, 11, 10, 11, 12, 10, 12, 13, 10, 13, 14, 10, 13, 15, 14, 15, 16, 14, 16, 17, 14, 16, 18, 17, 18, 19, 17, 18, 20, 19, 20, 21, 19, 20, 22, 21, 22, 23, 21, 22, 24, 23, 24, 25, 23, 24, 26, 25, 26, 27, 25, 26, 28, 27, 28, 29, 27, 29, 30, 27, 29, 31, 30, 31, 32, 30, 32, 33, 30, 32, 34, 33, 34, 35, 33, 35, 36, 33, 36, 37, 33, 36, 38, 37, 38, 39, 37, 39, 40, 37, 39, 41, 40, 41, 42, 40, 42, 43, 40, 42, 44, 43, 44, 45, 43, 44, 46, 45, 46, 47, 45, 47, 48, 45, 47, 49, 48, 49, 50, 48, 50, 51, 48, 50, 52, 51, 52, 53, 51, 52, 54, 53, 54, 55, 53, 54, 56, 55, 54, 57, 56, 57, 58, 56, 57, 59, 58, 57, 60, 59, 60, 61, 59, 60, 62, 61, 62, 63, 61, 62, 64, 63, 64, 65, 63, 64, 66, 65, 64, 67, 66, 67, 68, 66, 67, 69, 68, 67, 70, 69, 67, 71, 70, 71, 72, 70, 71, 73, 72, 71, 74, 73, 74, 75, 73, 74, 76, 75, 76, 77, 75, 76, 78, 77, 76, 79, 78, 79, 80, 78, 79, 81, 80, 79, 82, 81, 82, 83, 81, 82, 84, 83, 84, 85, 83, 84, 86, 85, 84, 87, 86, 87, 88, 86, 87, 89, 88, 89, 90, 88, 89, 91, 90, 91, 92, 90, 91, 93, 92, 91, 94, 93, 94, 95, 93, 94, 96, 95, 96, 97, 95, 96, 98, 97, 96, 99, 98, 99, 100, 98, 99, 101, 100, 99, 102, 101, 102, 103, 101, 102, 104, 103, 102, 105, 104, 102, 106, 105, 106, 107, 105, 106, 108, 107, 106, 109, 108, 109, 110, 108, 109, 111, 110, 109, 112, 111, 113, 114, 115, 113, 115, 116, 117, 113, 116, 118, 117, 116, 118, 116, 119, 120, 118, 119, 120, 119, 121, 122, 120, 121, 123, 122, 121, 123, 121, 124, 125, 123, 124, 125, 124, 126, 127, 125, 126, 127, 126, 128, 127, 128, 129, 130, 127, 129, 131, 130, 129, 131, 129, 132, 133, 131, 132, 134, 133, 132, 134, 132, 135, 136, 134, 135, 137, 136, 135, 138, 137, 135, 138, 135, 139, 140, 138, 139, 141, 140, 139, 141, 139, 142, 143, 141, 142, 143, 142, 144, 145, 143, 144, 146, 145, 144, 147, 146, 144, 148, 147, 144, 148, 144, 149, 150, 147, 148, 150, 148, 151, 148, 149, 152, 153, 150, 151, 149, 154, 152, 154, 155, 152, 153, 151, 156, 155, 157, 152, 158, 153, 156, 157, 159, 152, 157, 160, 159, 161, 158, 156, 161, 156, 162, 160, 163, 159, 164, 161, 162, 160, 165, 163, 166, 164, 162, 165, 167, 163, 166, 162, 168, 167, 169, 163, 170, 166, 168, 167, 171, 169, 172, 170, 168, 171, 173, 169, 172, 168, 174, 173, 175, 169, 176, 172, 174, 173, 177, 175, 178, 176, 174, 177, 179, 175, 178, 174, 180, 179, 181, 175, 182, 178, 180, 179, 183, 181, 184, 182, 180, 183, 185, 181, 184, 180, 186, 185, 187, 181, 188, 184, 186, 185, 189, 187, 188, 186, 190, 189, 190, 187, 189, 188, 190, 191, 192, 193, 191, 193, 194, 193, 195, 194, 195, 196, 194, 197, 198, 199, 197, 200, 198, 197, 201, 200, 201, 202, 200, 201, 203, 202, 201, 204, 203, 204, 205, 203, 204, 206, 205, 206, 207, 205, 206, 208, 207, 206, 209, 208, 209, 210, 208, 209, 211, 210, 211, 212, 210, 211, 213, 212, 213, 214, 212, 213, 215, 214, 215, 216, 214, 215, 217, 216, 215, 218, 217, 215, 219, 218, 219, 220, 218, 219, 221, 220, 219, 222, 221, 219, 223, 222, 223, 224, 222, 223, 225, 224, 223, 226, 225, 226, 227, 225, 227, 228, 225, 227, 229, 228, 229, 230, 228, 230, 231, 228, 231, 232, 228, 231, 233, 232, 234, 232, 233, 234, 233, 235, 236, 234, 235, 237, 236, 235, 237, 235, 238, 236, 239, 234, 240, 237, 238, 236, 241, 239, 240, 238, 242, 243, 240, 242, 243, 242, 244, 241, 245, 239, 246, 243, 244, 241, 247, 245, 248, 246, 244, 248, 244, 249, 250, 248, 249, 251, 250, 249, 251, 249, 252, 253, 251, 252, 254, 253, 252, 254, 252, 255, 256, 254, 255, 257, 256, 255, 257, 255, 258, 259, 257, 258, 260, 259, 258, 261, 260, 258, 261, 258, 262, 263, 261, 262, 264, 263, 262, 264, 262, 265, 266, 264, 265, 267, 266, 265, 268, 267, 265, 268, 265, 269, 270, 268, 269, 271, 270, 269, 272, 271, 269, 273, 272, 269, 274, 273, 269, 275, 274, 269, 226, 275, 269, 226, 269, 276, 226, 276, 277, 226, 277, 278, 226, 278, 279, 226, 279, 280, 226, 280, 281, 226, 281, 227, 282, 283, 284, 285, 282, 284, 286, 285, 284, 286, 284, 287, 288, 286, 287, 288, 287, 289, 290, 288, 289, 291, 290, 289, 292, 291, 289, 293, 292, 289, 294, 293, 289, 295, 294, 289, 295, 289, 296, 297, 295, 296, 298, 297, 296, 298, 296, 299, 300, 298, 299, 300, 299, 301, 300, 301, 302, 303, 300, 302, 303, 302, 304, 305, 306, 303, 305, 303, 307, 303, 304, 307, 304, 308, 307, 304, 309, 308, 309, 310, 308, 308, 311, 307, 308, 312, 311, 247, 313, 245, 314, 315, 316, 314, 316, 317, 318, 314, 317, 317, 319, 320, 317, 320, 321, 317, 321, 322, 317, 322, 323, 317, 323, 324, 317, 324, 325, 317, 325, 326, 327, 318, 317, 327, 317, 326, 327, 326, 328, 327, 328, 329, 327, 329, 330, 327, 330, 331, 327, 331, 332, 333, 327, 332, 334, 333, 332, 334, 332, 335, 336, 334, 335, 336, 335, 337, 338, 336, 337, 338, 337, 339, 340, 338, 339, 340, 339, 341, 342, 340, 341, 343, 342, 341, 343, 341, 344, 345, 343, 344, 346, 345, 344, 347, 346, 344, 347, 344, 348, 349, 347, 348, 350, 349, 348, 350, 348, 351, 352, 350, 351, 353, 352, 351, 354, 353, 351, 354, 351, 355, 356, 354, 355, 357, 356, 355, 357, 355, 358, 357, 358, 359, 360, 357, 359, 361, 360, 359, 361, 359, 362, 363, 361, 362, 364, 363, 362, 364, 362, 365, 366, 364, 365, 367, 366, 365, 368, 367, 365, 368, 365, 369, 370, 368, 369, 371, 370, 369, 371, 369, 372, 373, 371, 372, 373, 372, 374, 375, 373, 374, 376, 375, 374, 376, 374, 319, 377, 376, 319, 378, 377, 319, 379, 378, 319, 380, 379, 319, 381, 380, 319, 382, 381, 319, 317, 382, 319, 383, 384, 385, 383, 385, 386, 387, 383, 386, 387, 388, 383, 387, 386, 389, 387, 389, 390, 387, 390, 391, 390, 392, 391, 389, 393, 390, 393, 394, 390, 395, 396, 397, 395, 397, 398, 398, 399, 400, 395, 398, 400, 401, 402, 395, 403, 401, 395, 404, 403, 395, 405, 404, 395, 406, 405, 395, 406, 395, 400, 406, 400, 407, 406, 407, 408, 406, 409, 405, 406, 410, 409, 406, 411, 410, 406, 412, 411, 406, 413, 412, 406, 414, 413, 406, 415, 414, 406, 416, 415, 406, 417, 416, 406, 418, 417, 419, 418, 406, 406, 420, 419, 0, 2, 421, 421, 422, 0, 422, 423, 0, 422, 424, 423, 424, 425, 423, 424, 426, 425, 426, 427, 425, 426, 428, 427, 426, 429, 428, 429, 430, 428, 430, 431, 428, 430, 432, 431, 430, 433, 432, 433, 434, 432, 433, 435, 434, 435, 436, 434, 436, 437, 434, 435, 438, 436, 436, 439, 437, 435, 440, 438, 439, 441, 437, 440, 442, 438, 439, 443, 441, 440, 444, 442, 444, 445, 442, 443, 446, 441, 445, 447, 442, 446, 448, 441, 446, 449, 448, 447, 450, 442, 449, 451, 448, 450, 452, 442, 449, 453, 451, 450, 454, 452, 454, 455, 452, 453, 456, 451, 453, 457, 456, 454, 458, 455, 458, 459, 455, 457, 460, 456, 460, 461, 456, 458, 462, 459, 460, 463, 461, 458, 464, 462, 463, 465, 461, 464, 466, 462, 465, 467, 461, 465, 468, 467, 464, 469, 466, 468, 470, 467, 464, 471, 469, 470, 472, 467, 464, 473, 471, 472, 474, 467, 472, 475, 474, 473, 476, 471, 475, 477, 474, 473, 478, 476, 477, 479, 474, 479, 480, 474, 473, 481, 478, 479, 482, 480, 481, 483, 478, 481, 2, 483, 482, 484, 480, 2, 485, 483, 484, 486, 480, 2, 487, 485, 486, 488, 480, 486, 489, 488, 489, 490, 488, 490, 491, 488, 490, 492, 491, 492, 0, 491, 492, 493, 0, 0, 493, 494, 0, 494, 1, 2, 1, 495, 2, 495, 496, 2, 496, 497, 2, 497, 498, 2, 498, 499, 2, 499, 487, 500, 501, 502, 502, 503, 500, 500, 504, 501, 502, 505, 503, 504, 506, 501, 505, 507, 503, 506, 508, 501, 506, 509, 508, 505, 510, 507, 505, 511, 510, 511, 512, 510, 509, 513, 508, 513, 514, 508, 511, 515, 512, 513, 516, 514, 511, 517, 515, 517, 518, 515, 516, 519, 514, 516, 520, 519, 517, 521, 518, 517, 522, 521, 520, 523, 519, 523, 524, 519, 523, 525, 524, 522, 526, 521, 525, 527, 524, 522, 528, 526, 527, 529, 524, 528, 530, 526, 527, 531, 529, 531, 532, 529, 528, 533, 530, 531, 534, 532, 528, 535, 533, 534, 536, 532, 535, 537, 533, 536, 538, 532, 536, 539, 538, 535, 540, 537, 539, 541, 538, 540, 542, 537, 541, 543, 538, 541, 544, 543, 540, 545, 542, 544, 546, 543, 540, 547, 545, 546, 548, 543, 546, 549, 548, 547, 550, 545, 549, 551, 548, 551, 552, 548, 547, 553, 550, 552, 554, 548, 553, 555, 550, 552, 556, 554, 553, 557, 555, 556, 558, 554, 553, 559, 557, 558, 560, 554, 558, 561, 560, 559, 562, 557, 559, 563, 562, 561, 564, 560, 563, 565, 562, 564, 566, 560, 564, 567, 566, 563, 568, 565, 563, 569, 568, 567, 570, 566, 569, 571, 568, 572, 566, 570, 572, 570, 573, 569, 574, 571, 569, 575, 574, 572, 573, 576, 575, 576, 574, 575, 572, 576, 577, 578, 579, 579, 580, 577, 577, 581, 578, 579, 582, 580, 581, 583, 578, 582, 584, 580, 583, 585, 578, 583, 586, 585, 582, 587, 584, 582, 588, 587, 588, 589, 587, 586, 590, 585, 590, 591, 585, 588, 592, 589, 590, 593, 591, 588, 594, 592, 594, 595, 592, 593, 596, 591, 593, 597, 596, 594, 598, 595, 594, 599, 598, 597, 600, 596, 600, 601, 596, 600, 602, 601, 599, 603, 598, 602, 604, 601, 599, 605, 603, 604, 606, 601, 605, 607, 603, 604, 608, 606, 608, 609, 606, 605, 610, 607, 608, 611, 609, 605, 612, 610, 611, 613, 609, 612, 614, 610, 613, 615, 609, 613, 616, 615, 612, 617, 614, 616, 618, 615, 617, 619, 614, 618, 620, 615, 618, 621, 620, 617, 622, 619, 621, 623, 620, 617, 624, 622, 623, 625, 620, 623, 626, 625, 624, 627, 622, 626, 628, 625, 628, 629, 625, 624, 630, 627, 629, 631, 625, 630, 632, 627, 629, 633, 631, 630, 634, 632, 633, 635, 631, 630, 636, 634, 635, 637, 631, 635, 638, 637, 636, 639, 634, 636, 640, 639, 638, 641, 637, 640, 642, 639, 641, 643, 637, 641, 644, 643, 640, 645, 642, 640, 646, 645, 644, 647, 643, 646, 648, 645, 649, 643, 647, 649, 647, 650, 646, 651, 648, 646, 652, 651, 649, 650, 653, 652, 653, 651, 652, 649, 653, 654, 655, 656, 656, 657, 654, 654, 658, 655, 656, 659, 657, 658, 660, 655, 659, 661, 657, 660, 662, 655, 660, 663, 662, 659, 664, 661, 659, 665, 664, 665, 666, 664, 663, 667, 662, 667, 668, 662, 665, 669, 666, 667, 670, 668, 665, 671, 669, 671, 672, 669, 670, 673, 668, 670, 674, 673, 671, 675, 672, 671, 676, 675, 674, 677, 673, 677, 678, 673, 677, 679, 678, 676, 680, 675, 679, 681, 678, 676, 682, 680, 681, 683, 678, 682, 684, 680, 681, 685, 683, 685, 686, 683, 682, 687, 684, 685, 688, 686, 682, 689, 687, 688, 690, 686, 689, 691, 687, 690, 692, 686, 690, 693, 692, 689, 694, 691, 693, 695, 692, 694, 696, 691, 695, 697, 692, 695, 698, 697, 694, 699, 696, 698, 700, 697, 694, 701, 699, 700, 702, 697, 700, 703, 702, 701, 704, 699, 703, 705, 702, 705, 706, 702, 701, 707, 704, 706, 708, 702, 707, 709, 704, 706, 710, 708, 707, 711, 709, 710, 712, 708, 707, 713, 711, 712, 714, 708, 712, 715, 714, 713, 716, 711, 713, 717, 716, 715, 718, 714, 717, 719, 716, 718, 720, 714, 718, 721, 720, 717, 722, 719, 717, 723, 722, 721, 724, 720, 723, 725, 722, 726, 720, 724, 726, 724, 727, 723, 728, 725, 723, 729, 728, 726, 727, 730, 729, 730, 728, 729, 726, 730, 731, 689, 732, 733, 694, 734, 734, 735, 701, 701, 733, 734, 429, 736, 430, 459, 737, 455, 543, 738, 538, 617, 612, 739, 32, 31, 740, 34, 32, 741, 697, 742, 692, 169, 743, 163, 487, 744, 485, 528, 745, 535, 540, 535, 746, 547, 540, 747, 559, 553, 748, 569, 563, 749, 563, 559, 750, 538, 751, 532, 605, 752, 612, 636, 630, 753, 640, 636, 754, 615, 755, 609, 388, 387, 756, 391, 756, 387, 391, 392, 757, 390, 757, 392, 390, 394, 758, 393, 758, 394, 393, 389, 759, 386, 759, 389, 75, 760, 73, 77, 761, 75, 78, 762, 77, 61, 63, 763, 27, 764, 25, 23, 25, 765, 28, 766, 29, 36, 35, 767, 106, 102, 768, 102, 99, 769, 723, 717, 770, 717, 713, 771, 729, 723, 772, 686, 773, 683, 668, 774, 662, 673, 775, 668, 400, 399, 776, 129, 128, 777, 142, 139, 778, 163, 779, 159, 279, 278, 780, 229, 227, 281, 233, 231, 781, 271, 782, 270, 261, 783, 260, 260, 784, 259, 259, 785, 257, 257, 786, 256, 240, 787, 237, 197, 199, 788, 202, 789, 200, 203, 790, 202, 341, 339, 791, 369, 365, 792, 319, 374, 793, 333, 794, 327, 318, 327, 794, 497, 496, 795, 451, 796, 448, 578, 585, 797, 30, 798, 27, 57, 799, 60, 293, 800, 292, 692, 801, 686, 412, 802, 411, 139, 135, 803, 421, 2, 804, 804, 805, 421, 422, 421, 805, 805, 806, 422, 424, 422, 806, 806, 807, 424, 426, 424, 807, 807, 808, 426, 429, 426, 808, 808, 809, 429, 736, 429, 809, 809, 810, 430, 430, 736, 809, 811, 430, 810, 810, 812, 433, 433, 811, 810, 813, 433, 812, 812, 814, 435, 435, 813, 812, 814, 815, 440, 440, 435, 814, 815, 816, 444, 444, 440, 815, 816, 817, 445, 445, 444, 816, 817, 818, 447, 447, 445, 817, 819, 447, 818, 818, 820, 450, 450, 819, 818, 454, 450, 820, 820, 821, 454, 458, 454, 821, 821, 822, 458, 464, 458, 822, 822, 823, 464, 473, 464, 823, 823, 824, 473, 481, 473, 824, 824, 825, 481, 825, 804, 481, 2, 481, 804, 826, 827, 436, 436, 438, 826, 827, 828, 439, 439, 436, 827, 828, 829, 443, 443, 439, 828, 829, 830, 446, 446, 443, 829, 830, 831, 449, 449, 446, 830, 831, 832, 453, 453, 449, 831, 833, 453, 832, 832, 834, 457, 457, 833, 832, 834, 835, 460, 460, 457, 834, 836, 460, 835, 835, 837, 463, 463, 836, 835, 838, 463, 837, 837, 839, 465, 465, 838, 837, 840, 465, 839, 839, 841, 468, 468, 840, 839, 842, 468, 841, 841, 843, 470, 470, 842, 841, 844, 470, 843, 843, 845, 472, 472, 844, 843, 846, 472, 845, 845, 847, 475, 475, 846, 845, 848, 475, 847, 847, 849, 477, 477, 848, 847, 850, 477, 849, 849, 851, 479, 479, 850, 849, 852, 479, 851, 851, 853, 482, 482, 852, 851, 854, 482, 853, 853, 855, 484, 484, 854, 853, 856, 484, 855, 855, 857, 486, 486, 856, 855, 858, 486, 857, 857, 859, 489, 489, 858, 857, 860, 489, 859, 859, 861, 490, 490, 860, 859, 862, 490, 861, 861, 863, 492, 492, 862, 861, 864, 492, 863, 863, 865, 493, 493, 864, 863, 866, 493, 865, 865, 867, 494, 494, 866, 865, 868, 494, 867, 867, 869, 870, 870, 868, 867, 495, 870, 869, 869, 871, 868, 868, 495, 869, 496, 868, 871, 871, 872, 795, 795, 496, 871, 497, 795, 872, 872, 873, 874, 874, 497, 872, 498, 874, 873, 873, 875, 876, 876, 498, 873, 499, 876, 875, 875, 877, 878, 878, 499, 875, 877, 879, 487, 487, 878, 877, 744, 487, 879, 879, 880, 485, 485, 744, 879, 483, 485, 880, 880, 881, 483, 881, 882, 478, 478, 483, 881, 882, 883, 478, 476, 478, 883, 883, 884, 476, 884, 885, 471, 471, 476, 884, 885, 886, 469, 469, 471, 885, 886, 887, 466, 466, 469, 886, 887, 888, 462, 462, 466, 887, 888, 889, 459, 459, 462, 888, 889, 890, 737, 737, 459, 889, 455, 737, 890, 890, 891, 892, 892, 455, 890, 452, 892, 891, 891, 893, 894, 894, 452, 891, 893, 895, 442, 442, 894, 893, 895, 826, 438, 438, 442, 895, 896, 897, 491, 491, 0, 896, 897, 898, 488, 488, 491, 897, 898, 899, 480, 480, 488, 898, 899, 900, 474, 474, 480, 899, 900, 901, 467, 467, 474, 900, 901, 902, 461, 461, 467, 901, 902, 903, 456, 456, 461, 902, 903, 904, 451, 451, 456, 903, 904, 905, 796, 796, 451, 904, 448, 796, 905, 905, 906, 907, 907, 448, 905, 441, 907, 906, 906, 908, 437, 437, 441, 906, 908, 909, 434, 434, 437, 908, 909, 910, 432, 432, 434, 909, 910, 911, 431, 431, 432, 910, 911, 912, 913, 913, 431, 911, 428, 913, 912, 912, 914, 915, 915, 428, 912, 427, 915, 914, 914, 916, 917, 917, 427, 914, 425, 917, 916, 916, 918, 425, 423, 425, 918, 918, 896, 423, 0, 423, 896, 501, 919, 920, 920, 921, 922, 922, 501, 920, 502, 922, 921, 921, 923, 924, 924, 502, 921, 505, 924, 923, 923, 925, 926, 926, 505, 923, 511, 926, 925, 925, 927, 928, 928, 511, 925, 517, 928, 927, 927, 929, 930, 930, 517, 927, 522, 930, 929, 929, 931, 932, 932, 522, 929, 528, 932, 931, 931, 933, 745, 745, 528, 931, 535, 745, 933, 933, 934, 746, 746, 535, 933, 540, 746, 934, 934, 935, 747, 747, 540, 934, 547, 747, 935, 935, 936, 937, 937, 547, 935, 553, 937, 936, 936, 938, 748, 748, 553, 936, 559, 748, 938, 938, 939, 750, 750, 559, 938, 563, 750, 939, 939, 940, 749, 749, 563, 939, 569, 749, 940, 940, 941, 942, 942, 569, 940, 575, 942, 941, 941, 943, 944, 944, 575, 941, 572, 944, 943, 943, 945, 946, 946, 572, 943, 566, 946, 945, 945, 947, 948, 948, 566, 945, 560, 948, 947, 947, 949, 950, 950, 560, 947, 554, 950, 949, 949, 951, 952, 952, 554, 949, 548, 952, 951, 951, 953, 954, 954, 548, 951, 543, 954, 953, 953, 955, 738, 738, 543, 953, 538, 738, 955, 955, 956, 751, 751, 538, 955, 532, 751, 956, 956, 957, 958, 958, 532, 956, 529, 958, 957, 957, 959, 960, 960, 529, 957, 524, 960, 959, 959, 961, 962, 962, 524, 959, 519, 962, 961, 961, 963, 964, 964, 519, 961, 514, 964, 963, 963, 965, 966, 966, 514, 963, 965, 920, 508, 508, 966, 965, 919, 508, 920, 967, 500, 968, 968, 969, 504, 504, 967, 968, 970, 504, 969, 969, 971, 506, 506, 970, 969, 972, 506, 971, 971, 973, 509, 509, 972, 971, 974, 509, 973, 973, 975, 513, 513, 974, 973, 976, 513, 975, 975, 977, 516, 516, 976, 975, 978, 516, 977, 977, 979, 520, 520, 978, 977, 980, 520, 979, 979, 981, 523, 523, 980, 979, 981, 982, 525, 525, 523, 981, 982, 983, 527, 527, 525, 982, 983, 984, 531, 531, 527, 983, 984, 985, 534, 534, 531, 984, 985, 986, 536, 536, 534, 985, 986, 987, 539, 539, 536, 986, 987, 988, 541, 541, 539, 987, 988, 989, 544, 544, 541, 988, 989, 990, 546, 546, 544, 989, 990, 991, 549, 549, 546, 990, 991, 992, 551, 551, 549, 991, 992, 993, 552, 552, 551, 992, 993, 994, 556, 556, 552, 993, 994, 995, 558, 558, 556, 994, 995, 996, 561, 561, 558, 995, 996, 997, 564, 564, 561, 996, 997, 998, 567, 567, 564, 997, 998, 999, 570, 570, 567, 998, 999, 1000, 573, 573, 570, 999, 1000, 1001, 576, 576, 573, 1000, 1001, 1002, 574, 574, 576, 1001, 1002, 1003, 571, 571, 574, 1002, 1003, 1004, 568, 568, 571, 1003, 1004, 1005, 565, 565, 568, 1004, 1005, 1006, 562, 562, 565, 1005, 1006, 1007, 557, 557, 562, 1006, 1007, 1008, 555, 555, 557, 1007, 1008, 1009, 1010, 1010, 555, 1008, 550, 1010, 1009, 1009, 1011, 1012, 1012, 550, 1009, 545, 1012, 1011, 1011, 1013, 1014, 1014, 545, 1011, 542, 1014, 1013, 1013, 1015, 1016, 1016, 542, 1013, 537, 1016, 1015, 1015, 1017, 1018, 1018, 537, 1015, 533, 1018, 1017, 1017, 1019, 1020, 1020, 533, 1017, 530, 1020, 1019, 1019, 1021, 1022, 1022, 530, 1019, 526, 1022, 1021, 1021, 1023, 1024, 1024, 526, 1021, 521, 1024, 1023, 1023, 1025, 1026, 1026, 521, 1023, 518, 1026, 1025, 1025, 1027, 1028, 1028, 518, 1025, 515, 1028, 1027, 1027, 1029, 1030, 1030, 515, 1027, 512, 1030, 1029, 1029, 1031, 510, 510, 512, 1029, 1031, 1032, 1033, 1033, 510, 1031, 507, 1033, 1032, 1032, 1034, 1035, 1035, 507, 1032, 503, 1035, 1034, 1034, 968, 1036, 1036, 503, 1034, 500, 1036, 968, 578, 797, 1037, 1037, 1038, 1039, 1039, 578, 1037, 579, 1039, 1038, 1038, 1040, 1041, 1041, 579, 1038, 582, 1041, 1040, 1040, 1042, 1043, 1043, 582, 1040, 588, 1043, 1042, 1042, 1044, 1045, 1045, 588, 1042, 594, 1045, 1044, 1044, 1046, 1047, 1047, 594, 1044, 599, 1047, 1046, 1046, 1048, 1049, 1049, 599, 1046, 605, 1049, 1048, 1048, 1050, 752, 752, 605, 1048, 612, 752, 1050, 1050, 1051, 739, 739, 612, 1050, 617, 739, 1051, 1051, 1052, 1053, 1053, 617, 1051, 624, 1053, 1052, 1052, 1054, 1055, 1055, 624, 1052, 630, 1055, 1054, 1054, 1056, 753, 753, 630, 1054, 636, 753, 1056, 1056, 1057, 754, 754, 636, 1056, 640, 754, 1057, 1057, 1058, 1059, 1059, 640, 1057, 646, 1059, 1058, 1058, 1060, 1061, 1061, 646, 1058, 652, 1061, 1060, 1060, 1062, 1063, 1063, 652, 1060, 649, 1063, 1062, 1062, 1064, 1065, 1065, 649, 1062, 643, 1065, 1064, 1064, 1066, 1067, 1067, 643, 1064, 637, 1067, 1066, 1066, 1068, 1069, 1069, 637, 1066, 631, 1069, 1068, 1068, 1070, 1071, 1071, 631, 1068, 625, 1071, 1070, 1070, 1072, 1073, 1073, 625, 1070, 620, 1073, 1072, 1072, 1074, 1075, 1075, 620, 1072, 615, 1075, 1074, 1074, 1076, 755, 755, 615, 1074, 609, 755, 1076, 1076, 1077, 1078, 1078, 609, 1076, 606, 1078, 1077, 1077, 1079, 1080, 1080, 606, 1077, 601, 1080, 1079, 1079, 1081, 1082, 1082, 601, 1079, 596, 1082, 1081, 1081, 1083, 1084, 1084, 596, 1081, 591, 1084, 1083, 1083, 1085, 1086, 1086, 591, 1083, 1085, 1037, 585, 585, 1086, 1085, 797, 585, 1037, 1087, 577, 1088, 1088, 1089, 581, 581, 1087, 1088, 1090, 581, 1089, 1089, 1091, 583, 583, 1090, 1089, 1092, 583, 1091, 1091, 1093, 586, 586, 1092, 1091, 1094, 586, 1093, 1093, 1095, 590, 590, 1094, 1093, 1096, 590, 1095, 1095, 1097, 593, 593, 1096, 1095, 1098, 593, 1097, 1097, 1099, 597, 597, 1098, 1097, 1100, 597, 1099, 1099, 1101, 600, 600, 1100, 1099, 1101, 1102, 602, 602, 600, 1101, 1102, 1103, 604, 604, 602, 1102, 1103, 1104, 608, 608, 604, 1103, 1104, 1105, 611, 611, 608, 1104, 1105, 1106, 613, 613, 611, 1105, 1106, 1107, 616, 616, 613, 1106, 1107, 1108, 618, 618, 616, 1107, 1108, 1109, 621, 621, 618, 1108, 1109, 1110, 623, 623, 621, 1109, 1110, 1111, 626, 626, 623, 1110, 1111, 1112, 628, 628, 626, 1111, 1112, 1113, 629, 629, 628, 1112, 1113, 1114, 633, 633, 629, 1113, 1114, 1115, 635, 635, 633, 1114, 1115, 1116, 638, 638, 635, 1115, 1116, 1117, 641, 641, 638, 1116, 1117, 1118, 644, 644, 641, 1117, 1118, 1119, 647, 647, 644, 1118, 1119, 1120, 650, 650, 647, 1119, 1120, 1121, 653, 653, 650, 1120, 1121, 1122, 651, 651, 653, 1121, 1122, 1123, 648, 648, 651, 1122, 1123, 1124, 645, 645, 648, 1123, 1124, 1125, 642, 642, 645, 1124, 1125, 1126, 639, 639, 642, 1125, 1126, 1127, 634, 634, 639, 1126, 1127, 1128, 632, 632, 634, 1127, 1128, 1129, 1130, 1130, 632, 1128, 627, 1130, 1129, 1129, 1131, 1132, 1132, 627, 1129, 622, 1132, 1131, 1131, 1133, 1134, 1134, 622, 1131, 619, 1134, 1133, 1133, 1135, 1136, 1136, 619, 1133, 614, 1136, 1135, 1135, 1137, 1138, 1138, 614, 1135, 610, 1138, 1137, 1137, 1139, 1140, 1140, 610, 1137, 607, 1140, 1139, 1139, 1141, 1142, 1142, 607, 1139, 603, 1142, 1141, 1141, 1143, 1144, 1144, 603, 1141, 598, 1144, 1143, 1143, 1145, 1146, 1146, 598, 1143, 595, 1146, 1145, 1145, 1147, 1148, 1148, 595, 1145, 592, 1148, 1147, 1147, 1149, 1150, 1150, 592, 1147, 589, 1150, 1149, 1149, 1151, 587, 587, 589, 1149, 1151, 1152, 1153, 1153, 587, 1151, 584, 1153, 1152, 1152, 1154, 1155, 1155, 584, 1152, 580, 1155, 1154, 1154, 1088, 1156, 1156, 580, 1154, 577, 1156, 1088, 1157, 1158, 757, 757, 390, 1157, 1158, 1159, 391, 391, 757, 1158, 1159, 1160, 756, 756, 391, 1159, 1160, 1161, 388, 388, 756, 1160, 1161, 1162, 383, 383, 388, 1161, 1162, 1163, 384, 384, 383, 1162, 1163, 1164, 385, 385, 384, 1163, 1164, 1165, 386, 386, 385, 1164, 1165, 1166, 759, 759, 386, 1165, 1166, 1167, 393, 393, 759, 1166, 1167, 1168, 758, 758, 393, 1167, 1168, 1157, 390, 390, 758, 1168, 1169, 1170, 1171, 1171, 112, 1169, 1170, 1172, 111, 111, 1171, 1170, 1172, 1173, 110, 110, 111, 1172, 1173, 1174, 108, 108, 110, 1173, 1174, 1175, 107, 107, 108, 1174, 1175, 1176, 105, 105, 107, 1175, 1176, 1177, 104, 104, 105, 1176, 1177, 1178, 103, 103, 104, 1177, 1178, 1179, 101, 101, 103, 1178, 1179, 1180, 100, 100, 101, 1179, 1180, 1181, 98, 98, 100, 1180, 1181, 1182, 97, 97, 98, 1181, 1182, 1183, 95, 95, 97, 1182, 1183, 1184, 93, 93, 95, 1183, 1184, 1185, 92, 92, 93, 1184, 1185, 1186, 90, 90, 92, 1185, 1186, 1187, 1188, 1188, 90, 1186, 1187, 1189, 88, 88, 1188, 1187, 1190, 88, 1189, 1189, 1191, 86, 86, 1190, 1189, 1192, 86, 1191, 1191, 1193, 85, 85, 1192, 1191, 1194, 85, 1193, 1193, 1195, 83, 83, 1194, 1193, 1196, 83, 1195, 1195, 1197, 81, 81, 1196, 1195, 1198, 81, 1197, 1197, 1199, 80, 80, 1198, 1197, 1200, 80, 1199, 1199, 1201, 78, 78, 1200, 1199, 762, 78, 1201, 1201, 1202, 77, 77, 762, 1201, 761, 77, 1202, 1202, 1203, 75, 75, 761, 1202, 760, 75, 1203, 1203, 1204, 73, 73, 760, 1203, 1205, 73, 1204, 1204, 1206, 72, 72, 1205, 1204, 1207, 72, 1206, 1206, 1208, 70, 70, 1207, 1206, 1209, 70, 1208, 1208, 1210, 69, 69, 1209, 1208, 1211, 69, 1210, 1210, 1212, 68, 68, 1211, 1210, 1213, 68, 1212, 1212, 1214, 66, 66, 1213, 1212, 1215, 66, 1214, 1214, 1216, 65, 65, 1215, 1214, 1217, 65, 1216, 1216, 1218, 63, 63, 1217, 1216, 763, 63, 1218, 1218, 1219, 61, 61, 763, 1218, 1220, 61, 1219, 1219, 1221, 59, 59, 1220, 1219, 1221, 1222, 58, 58, 59, 1221, 1222, 1223, 56, 56, 58, 1222, 1223, 1224, 55, 55, 56, 1223, 1224, 1225, 53, 53, 55, 1224, 1225, 1226, 51, 51, 53, 1225, 1227, 51, 1226, 1226, 1228, 48, 48, 1227, 1226, 1229, 48, 1228, 1228, 1230, 45, 45, 1229, 1228, 43, 45, 1230, 1230, 1231, 43, 40, 43, 1231, 1231, 1232, 40, 37, 40, 1232, 1232, 1233, 33, 33, 37, 1232, 30, 33, 1233, 1233, 1234, 30, 798, 30, 1234, 1234, 1235, 27, 27, 798, 1234, 764, 27, 1235, 1235, 1236, 25, 25, 764, 1235, 765, 25, 1236, 1236, 1237, 23, 23, 765, 1236, 1238, 23, 1237, 1237, 1239, 21, 21, 1238, 1237, 1240, 21, 1239, 1239, 1241, 19, 19, 1240, 1239, 1242, 19, 1241, 1241, 1243, 17, 17, 1242, 1241, 14, 17, 1243, 1243, 1244, 10, 10, 14, 1243, 1244, 1245, 10, 8, 10, 1245, 1245, 1246, 1247, 1247, 8, 1245, 5, 1247, 1246, 1246, 1248, 5, 1248, 1249, 3, 3, 5, 1248, 1249, 1250, 1251, 1251, 3, 1249, 1250, 1252, 4, 4, 1251, 1250, 1252, 1253, 6, 6, 4, 1252, 1253, 1254, 7, 7, 6, 1253, 1254, 1255, 1256, 1256, 7, 1254, 1255, 1257, 9, 9, 1256, 1255, 1257, 1258, 11, 11, 9, 1257, 1258, 1259, 12, 12, 11, 1258, 1259, 1260, 13, 13, 12, 1259, 1260, 1261, 15, 15, 13, 1260, 1261, 1262, 16, 16, 15, 1261, 1262, 1263, 18, 18, 16, 1262, 1263, 1264, 20, 20, 18, 1263, 1264, 1265, 22, 22, 20, 1264, 1266, 22, 1265, 1265, 1267, 24, 24, 1266, 1265, 1268, 24, 1267, 1267, 1269, 26, 26, 1268, 1267, 1270, 26, 1269, 1269, 1271, 28, 28, 1270, 1269, 766, 28, 1271, 1271, 1272, 29, 29, 766, 1271, 1273, 29, 1272, 1272, 1274, 31, 31, 1273, 1272, 740, 31, 1274, 1274, 1275, 32, 32, 740, 1274, 741, 32, 1275, 1275, 1276, 34, 34, 741, 1275, 1277, 34, 1276, 1276, 1278, 35, 35, 1277, 1276, 767, 35, 1278, 1278, 1279, 36, 36, 767, 1278, 1280, 36, 1279, 1279, 1281, 38, 38, 1280, 1279, 1282, 38, 1281, 1281, 1283, 39, 39, 1282, 1281, 1284, 39, 1283, 1283, 1285, 41, 41, 1284, 1283, 1286, 41, 1285, 1285, 1287, 42, 42, 1286, 1285, 1287, 1288, 1289, 1289, 42, 1287, 1288, 1290, 44, 44, 1289, 1288, 1291, 44, 1290, 1290, 1292, 46, 46, 1291, 1290, 1293, 46, 1292, 1292, 1294, 47, 47, 1293, 1292, 1294, 1295, 49, 49, 47, 1294, 1295, 1296, 50, 50, 49, 1295, 1296, 1297, 52, 52, 50, 1296, 1297, 1298, 54, 54, 52, 1297, 1299, 54, 1298, 1298, 1300, 57, 57, 1299, 1298, 799, 57, 1300, 1300, 1301, 60, 60, 799, 1300, 62, 60, 1301, 1301, 1302, 62, 64, 62, 1302, 1302, 1303, 64, 67, 64, 1303, 1303, 1304, 67, 1305, 67, 1304, 71, 1305, 1304, 1304, 1306, 71, 74, 71, 1306, 1306, 1307, 74, 76, 74, 1307, 1307, 1308, 79, 79, 76, 1307, 1308, 1309, 82, 82, 79, 1308, 1310, 82, 1309, 1309, 1311, 84, 84, 1310, 1309, 1312, 84, 1311, 1311, 1313, 87, 87, 1312, 1311, 1314, 87, 1313, 1313, 1315, 89, 89, 1314, 1313, 1316, 89, 1315, 1315, 1317, 91, 91, 1316, 1315, 1318, 91, 1317, 1317, 1319, 94, 94, 1318, 1317, 1320, 94, 1319, 1319, 1321, 96, 96, 1320, 1319, 1322, 96, 1321, 1321, 1323, 99, 99, 1322, 1321, 769, 99, 1323, 1323, 1324, 102, 102, 769, 1323, 768, 102, 1324, 1324, 1325, 106, 106, 768, 1324, 1326, 106, 1325, 1325, 1327, 109, 109, 1326, 1325, 1327, 1169, 112, 112, 109, 1327, 1328, 1329, 1330, 1330, 308, 1328, 1329, 1331, 311, 311, 1330, 1329, 1331, 1332, 307, 307, 311, 1331, 1332, 1333, 305, 305, 307, 1332, 1333, 1334, 306, 306, 305, 1333, 1334, 1335, 303, 303, 306, 1334, 1335, 1336, 1337, 1337, 303, 1335, 300, 1337, 1336, 1336, 1338, 1339, 1339, 300, 1336, 298, 1339, 1338, 1338, 1340, 297, 297, 298, 1338, 1340, 1341, 295, 295, 297, 1340, 1341, 1342, 294, 294, 295, 1341, 293, 294, 1342, 1342, 1343, 293, 800, 293, 1343, 1343, 1344, 292, 292, 800, 1343, 1344, 1345, 291, 291, 292, 1344, 1345, 1346, 290, 290, 291, 1345, 1346, 1347, 288, 288, 290, 1346, 1347, 1348, 1349, 1349, 288, 1347, 286, 1349, 1348, 1348, 1350, 1351, 1351, 286, 1348, 285, 1351, 1350, 1350, 1352, 1353, 1353, 285, 1350, 282, 1353, 1352, 1352, 1354, 282, 1354, 1355, 1356, 1356, 282, 1354, 283, 1356, 1355, 1355, 1357, 284, 284, 283, 1355, 287, 284, 1357, 1357, 1358, 287, 289, 287, 1358, 1358, 1359, 289, 296, 289, 1359, 1359, 1360, 296, 299, 296, 1360, 1360, 1361, 299, 301, 299, 1361, 1361, 1362, 1363, 1363, 301, 1361, 302, 1363, 1362, 1362, 1364, 304, 304, 302, 1362, 1364, 1365, 309, 309, 304, 1364, 1365, 1366, 310, 310, 309, 1365, 1366, 1328, 308, 308, 310, 1366, 655, 1367, 1368, 1368, 1369, 1370, 1370, 655, 1368, 656, 1370, 1369, 1369, 1371, 1372, 1372, 656, 1369, 659, 1372, 1371, 1371, 1373, 1374, 1374, 659, 1371, 665, 1374, 1373, 1373, 1375, 1376, 1376, 665, 1373, 671, 1376, 1375, 1375, 1377, 1378, 1378, 671, 1375, 676, 1378, 1377, 1377, 1379, 1380, 1380, 676, 1377, 682, 1380, 1379, 1379, 732, 1381, 1381, 682, 1379, 689, 1381, 732, 732, 734, 694, 694, 731, 732, 1382, 701, 735, 735, 1383, 707, 707, 1382, 735, 1384, 707, 1383, 1383, 1385, 713, 713, 1384, 1383, 771, 713, 1385, 1385, 1386, 717, 717, 771, 1385, 770, 717, 1386, 1386, 1387, 723, 723, 770, 1386, 772, 723, 1387, 1387, 1388, 729, 729, 772, 1387, 1389, 729, 1388, 1388, 1390, 726, 726, 1389, 1388, 1391, 726, 1390, 1390, 1392, 720, 720, 1391, 1390, 1393, 720, 1392, 1392, 1394, 714, 714, 1393, 1392, 1395, 714, 1394, 1394, 1396, 708, 708, 1395, 1394, 1397, 708, 1396, 1396, 1398, 702, 702, 1397, 1396, 1399, 702, 1398, 1398, 1400, 697, 697, 1399, 1398, 742, 697, 1400, 1400, 1401, 692, 692, 742, 1400, 801, 692, 1401, 1401, 1402, 686, 686, 801, 1401, 773, 686, 1402, 1402, 1403, 683, 683, 773, 1402, 1404, 683, 1403, 1403, 1405, 678, 678, 1404, 1403, 1406, 678, 1405, 1405, 1407, 673, 673, 1406, 1405, 775, 673, 1407, 1407, 1408, 668, 668, 775, 1407, 774, 668, 1408, 1408, 1368, 662, 662, 774, 1408, 1367, 662, 1368, 1409, 654, 1410, 1410, 1411, 658, 658, 1409, 1410, 1412, 658, 1411, 1411, 1413, 660, 660, 1412, 1411, 1414, 660, 1413, 1413, 1415, 663, 663, 1414, 1413, 1416, 663, 1415, 1415, 1417, 667, 667, 1416, 1415, 1418, 667, 1417, 1417, 1419, 670, 670, 1418, 1417, 1420, 670, 1419, 1419, 1421, 674, 674, 1420, 1419, 1422, 674, 1421, 1421, 1423, 677, 677, 1422, 1421, 1423, 1424, 679, 679, 677, 1423, 1424, 1425, 681, 681, 679, 1424, 1425, 1426, 685, 685, 681, 1425, 1426, 1427, 688, 688, 685, 1426, 1427, 1428, 690, 690, 688, 1427, 1428, 1429, 693, 693, 690, 1428, 1429, 1430, 695, 695, 693, 1429, 1430, 1431, 698, 698, 695, 1430, 1431, 1432, 700, 700, 698, 1431, 1432, 1433, 703, 703, 700, 1432, 1433, 1434, 705, 705, 703, 1433, 1434, 1435, 706, 706, 705, 1434, 1435, 1436, 710, 710, 706, 1435, 1436, 1437, 712, 712, 710, 1436, 1437, 1438, 715, 715, 712, 1437, 1438, 1439, 718, 718, 715, 1438, 1439, 1440, 721, 721, 718, 1439, 1440, 1441, 724, 724, 721, 1440, 1441, 1442, 727, 727, 724, 1441, 1442, 1443, 730, 730, 727, 1442, 1443, 1444, 728, 728, 730, 1443, 1444, 1445, 725, 725, 728, 1444, 1445, 1446, 722, 722, 725, 1445, 1446, 1447, 719, 719, 722, 1446, 1447, 1448, 716, 716, 719, 1447, 1448, 1449, 711, 711, 716, 1448, 1449, 1450, 709, 709, 711, 1449, 1450, 1451, 1452, 1452, 709, 1450, 704, 1452, 1451, 1451, 1453, 1454, 1454, 704, 1451, 699, 1454, 1453, 1453, 1455, 1456, 1456, 699, 1453, 696, 1456, 1455, 1455, 1457, 1458, 1458, 696, 1455, 691, 1458, 1457, 1457, 1459, 1460, 1460, 691, 1457, 687, 1460, 1459, 1459, 1461, 1462, 1462, 687, 1459, 684, 1462, 1461, 1461, 1463, 1464, 1464, 684, 1461, 680, 1464, 1463, 1463, 1465, 1466, 1466, 680, 1463, 675, 1466, 1465, 1465, 1467, 1468, 1468, 675, 1465, 672, 1468, 1467, 1467, 1469, 1470, 1470, 672, 1467, 669, 1470, 1469, 1469, 1471, 1472, 1472, 669, 1469, 666, 1472, 1471, 1471, 1473, 664, 664, 666, 1471, 1473, 1474, 1475, 1475, 664, 1473, 661, 1475, 1474, 1474, 1476, 1477, 1477, 661, 1474, 657, 1477, 1476, 1476, 1410, 1478, 1478, 657, 1476, 654, 1478, 1410, 1479, 402, 1480, 1480, 1481, 1482, 1482, 1479, 1480, 395, 1482, 1481, 1481, 1483, 1484, 1484, 395, 1481, 396, 1484, 1483, 1483, 1485, 397, 397, 396, 1483, 1485, 1486, 397, 398, 397, 1486, 1486, 1487, 1488, 1488, 398, 1486, 399, 1488, 1487, 1487, 1489, 399, 776, 399, 1489, 400, 776, 1489, 1489, 1490, 400, 407, 400, 1490, 1490, 1491, 407, 1492, 407, 1491, 1491, 1493, 408, 408, 1492, 1491, 1494, 408, 1493, 1493, 1495, 420, 420, 1494, 1493, 1495, 1496, 419, 419, 420, 1495, 1496, 1497, 418, 418, 419, 1496, 1497, 1498, 417, 417, 418, 1497, 1498, 1499, 416, 416, 417, 1498, 1499, 1500, 415, 415, 416, 1499, 1500, 1501, 414, 414, 415, 1500, 1501, 1502, 413, 413, 414, 1501, 1502, 1503, 1504, 1504, 413, 1502, 412, 1504, 1503, 1503, 1505, 802, 802, 412, 1503, 411, 802, 1505, 1505, 1506, 410, 410, 411, 1505, 1506, 1507, 409, 409, 410, 1506, 1507, 1508, 405, 405, 409, 1507, 404, 405, 1508, 1508, 1509, 404, 403, 404, 1509, 1509, 1510, 403, 401, 403, 1510, 1510, 1480, 401, 402, 401, 1480, 1511, 114, 1512, 1512, 1513, 115, 115, 1511, 1512, 1513, 1514, 116, 116, 115, 1513, 119, 116, 1514, 1514, 1515, 119, 121, 119, 1515, 1515, 1516, 121, 124, 121, 1516, 1516, 1517, 124, 1518, 124, 1517, 1517, 1519, 126, 126, 1518, 1517, 1520, 126, 1519, 1519, 1521, 128, 128, 1520, 1519, 777, 128, 1521, 1521, 1522, 129, 129, 777, 1521, 1523, 129, 1522, 1522, 1524, 132, 132, 1523, 1522, 1525, 132, 1524, 1524, 1526, 135, 135, 1525, 1524, 803, 135, 1526, 1526, 1527, 139, 139, 803, 1526, 778, 139, 1527, 1527, 1528, 142, 142, 778, 1527, 144, 142, 1528, 1528, 1529, 149, 149, 144, 1528, 1529, 1530, 154, 154, 149, 1529, 1530, 1531, 155, 155, 154, 1530, 1531, 1532, 157, 157, 155, 1531, 1532, 1533, 160, 160, 157, 1532, 1533, 1534, 165, 165, 160, 1533, 1534, 1535, 167, 167, 165, 1534, 1535, 1536, 171, 171, 167, 1535, 1536, 1537, 173, 173, 171, 1536, 1537, 1538, 177, 177, 173, 1537, 1538, 1539, 179, 179, 177, 1538, 1539, 1540, 183, 183, 179, 1539, 1540, 1541, 185, 185, 183, 1540, 1541, 1542, 189, 189, 185, 1541, 1542, 1543, 188, 188, 189, 1542, 1543, 1544, 184, 184, 188, 1543, 1544, 1545, 182, 182, 184, 1544, 1545, 1546, 178, 178, 182, 1545, 1546, 1547, 176, 176, 178, 1546, 1547, 1548, 172, 172, 176, 1547, 1548, 1549, 170, 170, 172, 1548, 1549, 1550, 166, 166, 170, 1549, 1550, 1551, 164, 164, 166, 1550, 1551, 1552, 161, 161, 164, 1551, 1552, 1553, 158, 158, 161, 1552, 1553, 1554, 153, 153, 158, 1553, 1554, 1555, 150, 150, 153, 1554, 1555, 1556, 147, 147, 150, 1555, 1556, 1557, 146, 146, 147, 1556, 1557, 1558, 145, 145, 146, 1557, 1558, 1559, 143, 143, 145, 1558, 1559, 1560, 141, 141, 143, 1559, 1560, 1561, 140, 140, 141, 1560, 1561, 1562, 138, 138, 140, 1561, 1562, 1563, 137, 137, 138, 1562, 1563, 1564, 136, 136, 137, 1563, 1564, 1565, 134, 134, 136, 1564, 1565, 1566, 133, 133, 134, 1565, 1566, 1567, 131, 131, 133, 1566, 1567, 1568, 130, 130, 131, 1567, 1568, 1569, 127, 127, 130, 1568, 1569, 1570, 125, 125, 127, 1569, 1570, 1571, 1572, 1572, 125, 1570, 1571, 1573, 123, 123, 1572, 1571, 1574, 123, 1573, 1573, 1575, 122, 122, 1574, 1573, 1576, 122, 1575, 1575, 1577, 120, 120, 1576, 1575, 1578, 120, 1577, 1577, 1579, 118, 118, 1578, 1577, 1580, 118, 1579, 1579, 1581, 117, 117, 1580, 1579, 1582, 117, 1581, 1581, 1583, 113, 113, 1582, 1581, 1583, 1512, 1584, 1584, 113, 1583, 114, 1584, 1512, 1585, 1586, 148, 148, 152, 1585, 151, 148, 1586, 1586, 1587, 1588, 1588, 151, 1586, 156, 1588, 1587, 1587, 1589, 1590, 1590, 156, 1587, 162, 1590, 1589, 1589, 1591, 1592, 1592, 162, 1589, 168, 1592, 1591, 1591, 1593, 168, 174, 168, 1593, 1593, 1594, 174, 180, 174, 1594, 1594, 1595, 180, 186, 180, 1595, 1595, 1596, 190, 190, 186, 1595, 187, 190, 1596, 1596, 1597, 187, 181, 187, 1597, 1597, 1598, 175, 175, 181, 1597, 1598, 1599, 175, 169, 175, 1599, 1599, 1600, 743, 743, 169, 1599, 163, 743, 1600, 1600, 1601, 779, 779, 163, 1600, 1601, 1585, 159, 159, 779, 1601, 152, 159, 1585, 1602, 1603, 192, 192, 191, 1602, 1603, 1604, 193, 193, 192, 1603, 1604, 1605, 195, 195, 193, 1604, 1605, 1606, 196, 196, 195, 1605, 1606, 1607, 194, 194, 196, 1606, 1607, 1602, 191, 191, 194, 1607, 1608, 1609, 277, 277, 276, 1608, 1609, 1610, 277, 278, 277, 1610, 1610, 1611, 780, 780, 278, 1610, 279, 780, 1611, 1611, 1612, 1613, 1613, 279, 1611, 280, 1613, 1612, 1612, 1614, 280, 281, 280, 1614, 1614, 1615, 281, 1615, 1616, 229, 229, 281, 1615, 230, 229, 1616, 1616, 1617, 230, 231, 230, 1617, 1617, 1618, 231, 781, 231, 1618, 233, 781, 1618, 1618, 1619, 233, 235, 233, 1619, 1619, 1620, 235, 238, 235, 1620, 1620, 1621, 238, 242, 238, 1621, 1621, 1622, 242, 244, 242, 1622, 1622, 1623, 249, 249, 244, 1622, 1623, 1624, 252, 252, 249, 1623, 1624, 1625, 255, 255, 252, 1624, 1625, 1626, 258, 258, 255, 1625, 262, 258, 1626, 1626, 1627, 262, 265, 262, 1627, 1627, 1628, 265, 269, 265, 1628, 1628, 1608, 269, 276, 269, 1608, 1629, 226, 1630, 1630, 1631, 1629, 275, 1629, 1631, 1631, 1632, 1633, 1633, 275, 1631, 274, 1633, 1632, 1632, 1634, 273, 273, 274, 1632, 1634, 1635, 1636, 1636, 273, 1634, 272, 1636, 1635, 1635, 1637, 1638, 1638, 272, 1635, 271, 1638, 1637, 1637, 1639, 782, 782, 271, 1637, 270, 782, 1639, 1639, 1640, 1641, 1641, 270, 1639, 268, 1641, 1640, 1640, 1642, 268, 267, 268, 1642, 1642, 1643, 267, 266, 267, 1643, 1643, 1644, 266, 264, 266, 1644, 1644, 1645, 264, 263, 264, 1645, 1645, 1646, 263, 1646, 1647, 261, 261, 263, 1646, 783, 261, 1647, 1647, 1648, 260, 260, 783, 1647, 784, 260, 1648, 1648, 1649, 259, 259, 784, 1648, 785, 259, 1649, 1649, 1650, 257, 257, 785, 1649, 786, 257, 1650, 1650, 1651, 256, 256, 786, 1650, 1652, 256, 1651, 1651, 1653, 254, 254, 1652, 1651, 1654, 254, 1653, 1653, 1655, 253, 253, 1654, 1653, 251, 253, 1655, 1655, 1656, 251, 250, 251, 1656, 1656, 1657, 250, 248, 250, 1657, 1657, 1658, 248, 246, 248, 1658, 1658, 1659, 246, 243, 246, 1659, 1659, 1660, 243, 240, 243, 1660, 1660, 1661, 240, 787, 240, 1661, 1661, 1662, 237, 237, 787, 1661, 241, 237, 1662, 1663, 241, 1662, 1662, 1664, 1663, 247, 1663, 1664, 1664, 1665, 247, 1665, 1666, 1667, 1667, 247, 1665, 313, 1667, 1666, 1666, 1668, 245, 245, 313, 1666, 1668, 1669, 1670, 1670, 245, 1668, 239, 1670, 1669, 1669, 1671, 239, 234, 239, 1671, 1671, 1672, 1673, 1673, 234, 1671, 232, 1673, 1672, 1672, 1674, 1675, 1675, 232, 1672, 228, 1675, 1674, 1674, 1676, 225, 225, 228, 1674, 1676, 1677, 1678, 1678, 225, 1676, 224, 1678, 1677, 1677, 1679, 1680, 1680, 224, 1677, 222, 1680, 1679, 1679, 1681, 221, 221, 222, 1679, 1681, 1682, 221, 220, 221, 1682, 1682, 1683, 220, 218, 220, 1683, 1683, 1684, 218, 1684, 1685, 217, 217, 218, 1684, 1686, 217, 1685, 1685, 1687, 216, 216, 1686, 1685, 1688, 216, 1687, 1687, 1689, 214, 214, 1688, 1687, 1690, 214, 1689, 1689, 1691, 212, 212, 1690, 1689, 1691, 1692, 210, 210, 212, 1691, 1692, 1693, 208, 208, 210, 1692, 1693, 1694, 207, 207, 208, 1693, 1694, 1695, 205, 205, 207, 1694, 1696, 205, 1695, 1695, 1697, 203, 203, 1696, 1695, 790, 203, 1697, 1697, 1698, 202, 202, 790, 1697, 789, 202, 1698, 1698, 1699, 200, 200, 789, 1698, 1700, 200, 1699, 1699, 1701, 198, 198, 1700, 1699, 1702, 198, 1701, 1701, 1703, 199, 199, 1702, 1701, 788, 199, 1703, 1703, 1704, 197, 197, 788, 1703, 1704, 1705, 201, 201, 197, 1704, 1705, 1706, 204, 204, 201, 1705, 206, 204, 1706, 1706, 1707, 206, 209, 206, 1707, 1707, 1708, 209, 1708, 1709, 211, 211, 209, 1708, 213, 211, 1709, 1709, 1710, 213, 215, 213, 1710, 1710, 1711, 215, 219, 215, 1711, 1711, 1712, 219, 223, 219, 1712, 1712, 1713, 223, 1713, 1630, 1629, 1629, 223, 1713, 1714, 319, 1715, 1715, 1716, 320, 320, 1714, 1715, 1717, 320, 1716, 1716, 1718, 321, 321, 1717, 1716, 1719, 321, 1718, 1718, 1720, 322, 322, 1719, 1718, 1721, 322, 1720, 1720, 1722, 323, 323, 1721, 1720, 1723, 323, 1722, 1722, 1724, 324, 324, 1723, 1722, 1725, 324, 1724, 1724, 1726, 325, 325, 1725, 1724, 1727, 325, 1726, 1726, 1728, 326, 326, 1727, 1726, 1729, 326, 1728, 1728, 1730, 328, 328, 1729, 1728, 1731, 328, 1730, 1730, 1732, 329, 329, 1731, 1730, 1733, 329, 1732, 1732, 1734, 330, 330, 1733, 1732, 1735, 330, 1734, 1734, 1736, 331, 331, 1735, 1734, 1737, 331, 1736, 1736, 1738, 332, 332, 1737, 1736, 1739, 332, 1738, 1738, 1740, 335, 335, 1739, 1738, 1741, 335, 1740, 1740, 1742, 337, 337, 1741, 1740, 1743, 337, 1742, 1742, 1744, 339, 339, 1743, 1742, 791, 339, 1744, 1744, 1745, 341, 341, 791, 1744, 1746, 341, 1745, 1745, 1747, 344, 344, 1746, 1745, 1748, 344, 1747, 1747, 1749, 348, 348, 1748, 1747, 1750, 348, 1749, 1749, 1751, 351, 351, 1750, 1749, 1752, 351, 1751, 1751, 1753, 355, 355, 1752, 1751, 1754, 355, 1753, 1753, 1755, 358, 358, 1754, 1753, 359, 358, 1755, 1755, 1756, 1757, 1757, 359, 1755, 362, 1757, 1756, 1756, 1758, 1759, 1759, 362, 1756, 365, 1759, 1758, 1758, 1760, 792, 792, 365, 1758, 369, 792, 1760, 1760, 1761, 1762, 1762, 369, 1760, 372, 1762, 1761, 1761, 1763, 1764, 1764, 372, 1761, 374, 1764, 1763, 1763, 1765, 793, 793, 374, 1763, 1765, 1715, 793, 319, 793, 1715, 1766, 1767, 382, 382, 1768, 1766, 1769, 382, 1767, 1767, 1770, 381, 381, 1769, 1767, 1771, 381, 1770, 1770, 1772, 380, 380, 1771, 1770, 1773, 380, 1772, 1772, 1774, 379, 379, 1773, 1772, 378, 379, 1774, 1774, 1775, 378, 377, 378, 1775, 1775, 1776, 377, 376, 377, 1776, 1776, 1777, 376, 1777, 1778, 375, 375, 376, 1777, 1778, 1779, 1780, 1780, 375, 1778, 1779, 1781, 373, 373, 1780, 1779, 1781, 1782, 1783, 1783, 373, 1781, 1782, 1784, 371, 371, 1783, 1782, 1784, 1785, 370, 370, 371, 1784, 1785, 1786, 368, 368, 370, 1785, 1786, 1787, 367, 367, 368, 1786, 1787, 1788, 366, 366, 367, 1787, 1788, 1789, 364, 364, 366, 1788, 1789, 1790, 363, 363, 364, 1789, 1790, 1791, 361, 361, 363, 1790, 1791, 1792, 360, 360, 361, 1791, 1792, 1793, 357, 357, 360, 1792, 1793, 1794, 356, 356, 357, 1793, 1794, 1795, 354, 354, 356, 1794, 1795, 1796, 353, 353, 354, 1795, 1796, 1797, 352, 352, 353, 1796, 1797, 1798, 350, 350, 352, 1797, 1798, 1799, 349, 349, 350, 1798, 1799, 1800, 347, 347, 349, 1799, 1800, 1801, 346, 346, 347, 1800, 1801, 1802, 345, 345, 346, 1801, 1802, 1803, 1804, 1804, 345, 1802, 1803, 1805, 343, 343, 1804, 1803, 1805, 1806, 342, 342, 343, 1805, 1806, 1807, 340, 340, 342, 1806, 1807, 1808, 1809, 1809, 340, 1807, 1808, 1810, 338, 338, 1809, 1808, 1810, 1811, 1812, 1812, 338, 1810, 1811, 1813, 336, 336, 1812, 1811, 1813, 1814, 1815, 1815, 336, 1813, 1814, 1816, 334, 334, 1815, 1814, 1816, 1817, 333, 333, 334, 1816, 1817, 1818, 794, 794, 333, 1817, 1818, 1819, 318, 318, 794, 1818, 1819, 1820, 314, 314, 318, 1819, 1820, 1821, 315, 315, 314, 1820, 1821, 1822, 316, 316, 315, 1821, 1822, 1766, 1768, 1768, 316, 1822, 463, 460, 836, 470, 468, 842, 489, 486, 858, 486, 484, 856, 490, 489, 860, 492, 490, 862, 484, 482, 854, 482, 479, 852, 493, 492, 864, 494, 868, 870, 498, 497, 874, 499, 498, 876, 487, 499, 878, 553, 547, 937, 575, 569, 942, 624, 617, 1053, 620, 1075, 615, 606, 1080, 601, 591, 1086, 585, 19, 1242, 17, 38, 36, 1280, 39, 38, 1282, 87, 84, 1312, 84, 82, 1310, 288, 1349, 286, 282, 285, 1353, 286, 1351, 285, 282, 1356, 283, 707, 701, 1382, 713, 707, 1384, 395, 402, 1479, 1479, 1482, 395, 395, 1484, 396, 399, 398, 1488, 124, 1518, 126, 156, 151, 1588, 217, 1686, 216, 339, 337, 1743, 380, 1773, 379, 433, 430, 811, 435, 433, 813, 450, 447, 819, 1, 494, 870, 455, 892, 452, 452, 894, 442, 448, 907, 441, 431, 913, 428, 502, 501, 922, 505, 502, 924, 511, 505, 926, 517, 511, 928, 522, 517, 930, 528, 522, 932, 575, 944, 572, 572, 946, 566, 566, 948, 560, 560, 950, 554, 554, 952, 548, 548, 954, 543, 504, 500, 967, 506, 504, 970, 509, 506, 972, 513, 509, 974, 516, 513, 976, 520, 516, 978, 523, 520, 980, 555, 1010, 550, 550, 1012, 545, 545, 1014, 542, 542, 1016, 537, 537, 1018, 533, 533, 1020, 530, 530, 1022, 526, 526, 1024, 521, 521, 1026, 518, 518, 1028, 515, 515, 1030, 512, 510, 1033, 507, 507, 1035, 503, 503, 1036, 500, 579, 578, 1039, 582, 579, 1041, 588, 582, 1043, 594, 588, 1045, 599, 594, 1047, 605, 599, 1049, 652, 1063, 649, 649, 1065, 643, 643, 1067, 637, 637, 1069, 631, 631, 1071, 625, 625, 1073, 620, 581, 577, 1087, 583, 581, 1090, 586, 583, 1092, 590, 586, 1094, 593, 590, 1096, 597, 593, 1098, 600, 597, 1100, 632, 1130, 627, 627, 1132, 622, 622, 1134, 619, 619, 1136, 614, 614, 1138, 610, 610, 1140, 607, 607, 1142, 603, 603, 1144, 598, 598, 1146, 595, 595, 1148, 592, 592, 1150, 589, 587, 1153, 584, 584, 1155, 580, 580, 1156, 577, 112, 1171, 111, 90, 1188, 88, 88, 1190, 86, 86, 1192, 85, 85, 1194, 83, 73, 1205, 72, 61, 1220, 59, 51, 1227, 48, 23, 1238, 21, 9, 7, 1256, 24, 22, 1266, 26, 24, 1268, 28, 26, 1270, 41, 39, 1284, 42, 41, 1286, 44, 42, 1289, 46, 44, 1291, 47, 46, 1293, 57, 54, 1299, 91, 89, 1316, 94, 91, 1318, 109, 106, 1326, 303, 1337, 300, 656, 655, 1370, 659, 656, 1372, 665, 659, 1374, 671, 665, 1376, 676, 671, 1378, 682, 676, 1380, 729, 1389, 726, 726, 1391, 720, 720, 1393, 714, 714, 1395, 708, 708, 1397, 702, 702, 1399, 697, 658, 654, 1409, 660, 658, 1412, 663, 660, 1414, 667, 663, 1416, 670, 667, 1418, 674, 670, 1420, 677, 674, 1422, 709, 1452, 704, 704, 1454, 699, 699, 1456, 696, 696, 1458, 691, 691, 1460, 687, 687, 1462, 684, 684, 1464, 680, 680, 1466, 675, 675, 1468, 672, 672, 1470, 669, 669, 1472, 666, 664, 1475, 661, 661, 1477, 657, 657, 1478, 654, 413, 1504, 412, 125, 1572, 123, 123, 1574, 122, 122, 1576, 120, 120, 1578, 118, 118, 1580, 117, 117, 1582, 113, 113, 1584, 114, 275, 226, 1629, 275, 1633, 274, 273, 1636, 272, 272, 1638, 271, 256, 1652, 254, 254, 1654, 253, 247, 241, 1663, 239, 245, 1670, 232, 1675, 228, 225, 1678, 224, 216, 1688, 214, 214, 1690, 212, 205, 1696, 203, 200, 1700, 198, 198, 1702, 199, 226, 223, 1823, 320, 319, 1714, 321, 320, 1717, 322, 321, 1719, 325, 324, 1725, 326, 325, 1727, 328, 326, 1729, 329, 328, 1731, 351, 348, 1750, 355, 351, 1752, 358, 355, 1754, 362, 359, 1757, 365, 362, 1759, 375, 1780, 373, 373, 1783, 371, 345, 1804, 343, 340, 1809, 338, 338, 1812, 336, 336, 1815, 334, 519, 964, 514, 524, 962, 519, 529, 960, 524, 514, 966, 508, 501, 508, 919, 65, 1217, 63, 66, 1215, 65, 311, 312, 1330, 308, 1330, 312, 678, 1406, 673, 683, 1404, 678, 280, 279, 1613, 453, 833, 457, 465, 463, 838, 468, 465, 840, 472, 470, 844, 475, 472, 846, 477, 475, 848, 479, 477, 850, 494, 493, 866, 1, 870, 868, 495, 1, 870, 496, 495, 868, 428, 915, 427, 425, 427, 917, 532, 958, 529, 630, 624, 1055, 646, 640, 1059, 652, 646, 1061, 609, 1078, 606, 601, 1082, 596, 596, 1084, 591, 83, 1196, 81, 81, 1198, 80, 80, 1200, 78, 72, 1207, 70, 70, 1209, 69, 69, 1211, 68, 68, 1213, 66, 48, 1229, 45, 21, 1240, 19, 5, 8, 1247, 4, 3, 1251, 31, 29, 1273, 35, 34, 1277, 71, 67, 1305, 89, 87, 1314, 94, 1320, 96, 99, 96, 1322, 300, 1339, 298, 302, 301, 1363, 655, 662, 1367, 682, 1381, 689, 694, 689, 731, 701, 694, 733, 408, 407, 1492, 408, 1494, 406, 420, 406, 1494, 115, 114, 1511, 128, 126, 1520, 132, 129, 1523, 135, 132, 1525, 162, 156, 1590, 168, 162, 1592, 268, 270, 1641, 237, 241, 236, 247, 1667, 313, 234, 1673, 232, 224, 1680, 222, 223, 1629, 1823, 226, 1823, 1629, 322, 1721, 323, 324, 323, 1723, 329, 1733, 330, 331, 330, 1735, 332, 331, 1737, 335, 332, 1739, 337, 335, 1741, 344, 341, 1746, 348, 344, 1748, 372, 369, 1762, 374, 372, 1764, 382, 317, 1768, 316, 1768, 317, 382, 1769, 381, 381, 1771, 380]
    normal3f[] normals = [(-0.9993689, 0.027884819, 0.022006547), (-0.9967402, 0.030541327, -0.074673794), (-0.99970925, -0.023913382, 0.0031074358), (-0.2762144, -0.96037775, 0.037151687), (-0.9998254, -0.01596286, -0.009718049), (-0.9999695, -0.0021452988, -0.007516345), (-0.9998254, -0.01596286, -0.009718049), (-0.9988321, 0.035694778, -0.032562833), (-0.9999695, -0.0021452988, -0.007516345), (-0.9988321, 0.035694778, -0.032562833), (-0.99986905, -0.010599795, 0.012231767), (-0.9999695, -0.0021452988, -0.007516345), (-0.99986905, -0.010599795, 0.012231767), (-0.9990228, -0.033059794, 0.029337388), (-0.9999695, -0.0021452988, -0.007516345), (-0.99986905, -0.010599795, 0.012231767), (-0.9997198, -0.017771998, 0.015638757), (-0.9990228, -0.033059794, 0.029337388), (-0.9997198, -0.017771998, 0.015638757), (-0.9999712, 0.006812987, -0.00337741), (-0.9990228, -0.033059794, 0.029337388), (-0.9997198, -0.017771998, 0.015638757), (-0.9997834, 0.018816609, -0.008897124), (-0.9999712, 0.006812987, -0.00337741), (-0.9997834, 0.018816609, -0.008897124), (-0.99997455, 0.005802397, 0.0041438965), (-0.9999712, 0.006812987, -0.00337741), (-0.99997455, 0.005802397, 0.0041438965), (-0.99996006, 0.007556092, -0.0047752457), (-0.9999712, 0.006812987, -0.00337741), (-0.99996006, 0.007556092, -0.0047752457), (-0.999936, 0.0056667035, -0.009796039), (-0.9999712, 0.006812987, -0.00337741), (-0.99996006, 0.007556092, -0.0047752457), (-0.99999833, 0.0016744607, 0.0007708137), (-0.999936, 0.0056667035, -0.009796039), (-0.99999833, 0.0016744607, 0.0007708137), (-0.99997616, 0.0005549412, -0.006887957), (-0.999936, 0.0056667035, -0.009796039), (-0.99997616, 0.0005549412, -0.006887957), (-0.9999917, -0.0012539693, -0.003901761), (-0.999936, 0.0056667035, -0.009796039), (-0.99997616, 0.0005549412, -0.006887957), (-0.9999926, -0.0024407562, 0.0029845552), (-0.9999917, -0.0012539693, -0.003901761), (-0.9999926, -0.0024407562, 0.0029845552), (-0.99996334, -0.0020909756, -0.008307053), (-0.9999917, -0.0012539693, -0.003901761), (-0.9999926, -0.0024407562, 0.0029845552), (-0.9993884, 0.00048295112, -0.034965325), (-0.99996334, -0.0020909756, -0.008307053), (-0.9993884, 0.00048295112, -0.034965325), (-0.99923456, 0.004725653, -0.03883367), (-0.99996334, -0.0020909756, -0.008307053), (-0.9993884, 0.00048295112, -0.034965325), (-0.9997572, 0.0076572783, -0.020664271), (-0.99923456, 0.004725653, -0.03883367), (-0.9997572, 0.0076572783, -0.020664271), (-0.9997828, 0.012450916, 0.01671641), (-0.99923456, 0.004725653, -0.03883367), (-0.9997572, 0.0076572783, -0.020664271), (-0.99961233, 0.015320419, 0.023249272), (-0.9997828, 0.012450916, 0.01671641), (-0.99961233, 0.015320419, 0.023249272), (-0.9997821, 0.016441077, 0.012864096), (-0.9997828, 0.012450916, 0.01671641), (-0.99961233, 0.015320419, 0.023249272), (-0.9998639, 0.013417149, -0.009600687), (-0.9997821, 0.016441077, 0.012864096), (-0.9998639, 0.013417149, -0.009600687), (-0.9999664, 0.008175733, -0.0006670558), (-0.9997821, 0.016441077, 0.012864096), (-0.9998639, 0.013417149, -0.009600687), (-0.9994587, 0.025148995, 0.021210732), (-0.9999664, 0.008175733, -0.0006670558), (-0.9994587, 0.025148995, 0.021210732), (-0.9998198, -0.000986842, 0.018959908), (-0.9999664, 0.008175733, -0.0006670558), (-0.9998198, -0.000986842, 0.018959908), (-0.99993306, -0.009477553, 0.0066402126), (-0.9999664, 0.008175733, -0.0006670558), (-0.9998198, -0.000986842, 0.018959908), (-0.99973625, -0.02203852, 0.006460364), (-0.99993306, -0.009477553, 0.0066402126), (-0.99973625, -0.02203852, 0.006460364), (-0.9999785, -0.0020346604, 0.00624858), (-0.99993306, -0.009477553, 0.0066402126), (-0.9999785, -0.0020346604, 0.00624858), (-0.9999048, 0.013303429, 0.0036896986), (-0.99993306, -0.009477553, 0.0066402126), (-0.9999785, -0.0020346604, 0.00624858), (-0.99997526, 0.0032222087, -0.0062476895), (-0.9999048, 0.013303429, 0.0036896986), (-0.99997526, 0.0032222087, -0.0062476895), (-0.9999831, 0.0058246, -0.00016486419), (-0.9999048, 0.013303429, 0.0036896986), (-0.9999831, 0.0058246, -0.00016486419), (-0.9999508, 0.008432924, -0.0052200714), (-0.9999048, 0.013303429, 0.0036896986), (-0.9999508, 0.008432924, -0.0052200714), (-0.99992144, -0.007856464, -0.009779708), (-0.9999048, 0.013303429, 0.0036896986), (-0.9999508, 0.008432924, -0.0052200714), (-0.9996301, -0.026686449, -0.00524398), (-0.99992144, -0.007856464, -0.009779708), (-0.9996301, -0.026686449, -0.00524398), (-0.9996374, -0.020408217, -0.017565342), (-0.99992144, -0.007856464, -0.009779708), (-0.9996374, -0.020408217, -0.017565342), (-0.99972695, -0.015615144, -0.017387608), (-0.99992144, -0.007856464, -0.009779708), (-0.9996374, -0.020408217, -0.017565342), (-0.99968517, -0.01622309, -0.019142913), (-0.99972695, -0.015615144, -0.017387608), (-0.99968517, -0.01622309, -0.019142913), (-0.9996723, -0.0200036, -0.015974876), (-0.99972695, -0.015615144, -0.017387608), (-0.9996723, -0.0200036, -0.015974876), (-0.9996474, -0.010370249, -0.024446765), (-0.99972695, -0.015615144, -0.017387608), (-0.9996723, -0.0200036, -0.015974876), (-0.9996828, -0.012760919, -0.021714708), (-0.9996474, -0.010370249, -0.024446765), (-0.9996828, -0.012760919, -0.021714708), (-0.9998926, -0.014582861, -0.0015094333), (-0.9996474, -0.010370249, -0.024446765), (-0.9996828, -0.012760919, -0.021714708), (-0.99916345, -0.01595844, -0.03765658), (-0.9998926, -0.014582861, -0.0015094333), (-0.99916345, -0.01595844, -0.03765658), (-0.999995, -0.00067963137, 0.0030927337), (-0.9998926, -0.014582861, -0.0015094333), (-0.999995, -0.00067963137, 0.0030927337), (-0.99985874, 0.009111418, 0.014126388), (-0.9998926, -0.014582861, -0.0015094333), (-0.999995, -0.00067963137, 0.0030927337), (-0.9996312, 0.025715528, 0.008737104), (-0.99985874, 0.009111418, 0.014126388), (-0.9996312, 0.025715528, 0.008737104), (-0.9998323, 0.012584249, -0.013304314), (-0.99985874, 0.009111418, 0.014126388), (-0.9998323, 0.012584249, -0.013304314), (-0.99948406, 0.007323459, -0.031272326), (-0.99985874, 0.009111418, 0.014126388), (-0.9998323, 0.012584249, -0.013304314), (-0.9999768, -0.0045077293, 0.005099279), (-0.99948406, 0.007323459, -0.031272326), (-0.9999768, -0.0045077293, 0.005099279), (-0.99990416, -0.008863762, 0.010636318), (-0.99948406, 0.007323459, -0.031272326), (-0.9999768, -0.0045077293, 0.005099279), (-0.9998536, -0.014493335, 0.009101286), (-0.99990416, -0.008863762, 0.010636318), (-0.9998536, -0.014493335, 0.009101286), (-0.9999369, -0.006839351, -0.008914478), (-0.99990416, -0.008863762, 0.010636318), (-0.9998536, -0.014493335, 0.009101286), (-0.9998338, -0.017729215, -0.004254111), (-0.9999369, -0.006839351, -0.008914478), (-0.9998536, -0.014493335, 0.009101286), (-0.99981976, -0.01661141, 0.009200723), (-0.9998338, -0.017729215, -0.004254111), (-0.99981976, -0.01661141, 0.009200723), (-0.998312, -0.040553074, 0.041575763), (-0.9998338, -0.017729215, -0.004254111), (-0.99981976, -0.01661141, 0.009200723), (-0.99990207, -0.00010785137, 0.014000863), (-0.998312, -0.040553074, 0.041575763), (-0.99981976, -0.01661141, 0.009200723), (-0.9995794, 0.025846861, -0.013153664), (-0.99990207, -0.00010785137, 0.014000863), (-0.9995794, 0.025846861, -0.013153664), (-0.9992527, 0.03407616, -0.018245755), (-0.99990207, -0.00010785137, 0.014000863), (-0.9995794, 0.025846861, -0.013153664), (-0.99925816, 0.02993904, -0.024223287), (-0.9992527, 0.03407616, -0.018245755), (-0.99925816, 0.02993904, -0.024223287), (-0.99993724, 0.009593752, -0.0057964805), (-0.9992527, 0.03407616, -0.018245755), (-0.99925816, 0.02993904, -0.024223287), (-0.9999036, -0.0038473182, 0.013341537), (-0.99993724, 0.009593752, -0.0057964805), (-0.9999036, -0.0038473182, 0.013341537), (-0.99988043, -0.0017620805, 0.015368083), (-0.99993724, 0.009593752, -0.0057964805), (-0.9999036, -0.0038473182, 0.013341537), (-0.9999235, 0.011330831, -0.004976951), (-0.99988043, -0.0017620805, 0.015368083), (-0.9999036, -0.0038473182, 0.013341537), (-0.9999829, 0.0020370807, 0.005475611), (-0.9999235, 0.011330831, -0.004976951), (-0.9999829, 0.0020370807, 0.005475611), (-0.99991554, -0.010362293, 0.007856621), (-0.9999235, 0.011330831, -0.004976951), (-0.9999829, 0.0020370807, 0.005475611), (-0.99990267, -0.006965856, 0.012090875), (-0.99991554, -0.010362293, 0.007856621), (-0.9999829, 0.0020370807, 0.005475611), (-0.9999609, 0.0016620571, 0.008692713), (-0.99990267, -0.006965856, 0.012090875), (-0.9999829, 0.0020370807, 0.005475611), (-0.9998885, 0.0062873187, 0.013554676), (-0.9999609, 0.0016620571, 0.008692713), (-0.9998885, 0.0062873187, 0.013554676), (-0.99985886, -0.004636314, 0.016149461), (-0.9999609, 0.0016620571, 0.008692713), (-0.9998885, 0.0062873187, 0.013554676), (-0.99981815, 0.010244213, 0.016088601), (-0.99985886, -0.004636314, 0.016149461), (-0.9998885, 0.0062873187, 0.013554676), (-0.99988866, -0.0047955415, 0.014131584), (-0.99981815, 0.010244213, 0.016088601), (-0.99988866, -0.0047955415, 0.014131584), (-0.9998552, -0.012261826, 0.011804613), (-0.99981815, 0.010244213, 0.016088601), (-0.99988866, -0.0047955415, 0.014131584), (-0.9999209, -0.0015004382, 0.012494055), (-0.9998552, -0.012261826, 0.011804613), (-0.9999209, -0.0015004382, 0.012494055), (-0.99988794, 0.006500778, 0.013489395), (-0.9998552, -0.012261826, 0.011804613), (-0.9999209, -0.0015004382, 0.012494055), (-0.9998895, 0.0076247407, 0.012769962), (-0.99988794, 0.006500778, 0.013489395), (-0.9999209, -0.0015004382, 0.012494055), (-0.9999865, -0.004712881, 0.0021965345), (-0.9998895, 0.0076247407, 0.012769962), (-0.9999865, -0.004712881, 0.0021965345), (-0.9999538, -0.0024289016, 0.009309813), (-0.9998895, 0.0076247407, 0.012769962), (-0.9999865, -0.004712881, 0.0021965345), (-0.9995326, -0.0234006, -0.0196742), (-0.9999538, -0.0024289016, 0.009309813), (-0.9999865, -0.004712881, 0.0021965345), (-0.9989351, -0.034196373, -0.030973172), (-0.9995326, -0.0234006, -0.0196742), (-0.9989351, -0.034196373, -0.030973172), (-0.99929124, -0.030116288, -0.022584971), (-0.9995326, -0.0234006, -0.0196742), (-0.9989351, -0.034196373, -0.030973172), (-0.99984497, -0.017457375, 0.0023289064), (-0.99929124, -0.030116288, -0.022584971), (-0.99984497, -0.017457375, 0.0023289064), (-0.99985325, -0.017008686, -0.0020928534), (-0.99929124, -0.030116288, -0.022584971), (-0.99984497, -0.017457375, 0.0023289064), (-0.99977887, -0.013624367, 0.016024573), (-0.99985325, -0.017008686, -0.0020928534), (-0.99984497, -0.017457375, 0.0023289064), (-0.9998831, -0.0143581275, 0.005266778), (-0.99977887, -0.013624367, 0.016024573), (-0.9998831, -0.0143581275, 0.005266778), (-0.99988306, -0.0071265874, 0.013533191), (-0.99977887, -0.013624367, 0.016024573), (-0.9998831, -0.0143581275, 0.005266778), (-0.99996847, 0.003161469, 0.0072920844), (-0.99988306, -0.0071265874, 0.013533191), (-0.99996847, 0.003161469, 0.0072920844), (-0.99964964, 0.012747406, 0.023197781), (-0.99988306, -0.0071265874, 0.013533191), (-0.99996847, 0.003161469, 0.0072920844), (-0.99980885, 0.01789381, -0.007888225), (-0.99964964, 0.012747406, 0.023197781), (-0.99980885, 0.01789381, -0.007888225), (-0.99983567, 0.01812715, 0.00013608314), (-0.99964964, 0.012747406, 0.023197781), (-0.99980885, 0.01789381, -0.007888225), (-0.9996836, 0.021109147, -0.01367702), (-0.99983567, 0.01812715, 0.00013608314), (-0.99980885, 0.01789381, -0.007888225), (-0.9996993, 0.014586728, 0.0197113), (-0.9996836, 0.021109147, -0.01367702), (-0.9996993, 0.014586728, 0.0197113), (-0.9995009, 0.0057635107, 0.031064264), (-0.9996836, 0.021109147, -0.01367702), (-0.9996993, 0.014586728, 0.0197113), (-0.9998407, -0.000680897, 0.01784074), (-0.9995009, 0.0057635107, 0.031064264), (-0.9998407, -0.000680897, 0.01784074), (-0.9999954, -0.002967216, -0.000597818), (-0.9995009, 0.0057635107, 0.031064264), (-0.9998407, -0.000680897, 0.01784074), (-0.9999824, 0.0019252695, -0.005620133), (-0.9999954, -0.002967216, -0.000597818), (-0.9998407, -0.000680897, 0.01784074), (-0.9999784, 0.00565239, -0.0033497973), (-0.9999824, 0.0019252695, -0.005620133), (-0.9999784, 0.00565239, -0.0033497973), (-0.99995226, -0.0027562727, 0.009376784), (-0.9999824, 0.0019252695, -0.005620133), (-0.9999784, 0.00565239, -0.0033497973), (-0.9999388, 0.01082032, -0.0023515886), (-0.99995226, -0.0027562727, 0.009376784), (-0.9999784, 0.00565239, -0.0033497973), (-0.99990636, 0.01343058, 0.0026436413), (-0.9999388, 0.01082032, -0.0023515886), (-0.99990636, 0.01343058, 0.0026436413), (-0.99996865, 0.0057546836, 0.0054392633), (-0.9999388, 0.01082032, -0.0023515886), (-0.99990636, 0.01343058, 0.0026436413), (-0.9997699, -0.0060500256, 0.02057802), (-0.99996865, 0.0057546836, 0.0054392633), (-0.99990636, 0.01343058, 0.0026436413), (-0.9998097, 0.015320396, 0.012078406), (-0.9997699, -0.0060500256, 0.02057802), (-0.99990636, 0.01343058, 0.0026436413), (-0.999654, 0.023814302, 0.011176183), (-0.9998097, 0.015320396, 0.012078406), (-0.999654, 0.023814302, 0.011176183), (-0.9997124, 0.01739683, 0.016508339), (-0.9998097, 0.015320396, 0.012078406), (-0.999654, 0.023814302, 0.011176183), (-0.9996434, 0.022993093, 0.013585719), (-0.9997124, 0.01739683, 0.016508339), (-0.999654, 0.023814302, 0.011176183), (-0.99983567, -0.013139626, 0.012495038), (-0.9996434, 0.022993093, 0.013585719), (-0.99983567, -0.013139626, 0.012495038), (-0.9993694, 0.03406989, 0.010002314), (-0.9996434, 0.022993093, 0.013585719), (-0.99983567, -0.013139626, 0.012495038), (-0.99243605, -0.12137426, 0.018411035), (-0.9993694, 0.03406989, 0.010002314), (-0.99983567, -0.013139626, 0.012495038), (-0.00059075665, 0.9999922, -0.0039044279), (-0.99243605, -0.12137426, 0.018411035), (-0.99957466, -0.026236853, 0.012733866), (-0.9905966, -0.1368074, -0.0014495652), (-0.042725693, 0.96943873, 0.24158484), (-0.99957466, -0.026236853, 0.012733866), (-0.042725693, 0.96943873, 0.24158484), (-0.99967015, -0.012082328, 0.02266761), (-0.9998491, -0.005772529, 0.016387153), (-0.99957466, -0.026236853, 0.012733866), (-0.99967015, -0.012082328, 0.02266761), (-0.99955434, -0.0064112167, 0.029154167), (-0.9998491, -0.005772529, 0.016387153), (-0.99967015, -0.012082328, 0.02266761), (-0.99955434, -0.0064112167, 0.029154167), (-0.99967015, -0.012082328, 0.02266761), (-0.99945503, -0.017137175, 0.028215809), (-0.9993679, -0.031121435, 0.017191531), (-0.99955434, -0.0064112167, 0.029154167), (-0.99945503, -0.017137175, 0.028215809), (-0.9993679, -0.031121435, 0.017191531), (-0.99945503, -0.017137175, 0.028215809), (-0.99952006, -0.030011559, 0.0076781614), (-0.9996679, -0.025246827, 0.0051852097), (-0.9993679, -0.031121435, 0.017191531), (-0.99952006, -0.030011559, 0.0076781614), (-0.99907815, -0.03641431, 0.022738904), (-0.9996679, -0.025246827, 0.0051852097), (-0.99952006, -0.030011559, 0.0076781614), (-0.99907815, -0.03641431, 0.022738904), (-0.99952006, -0.030011559, 0.0076781614), (-0.9991161, -0.026774982, 0.03240578), (-0.99949735, -0.015053079, 0.02790199), (-0.99907815, -0.03641431, 0.022738904), (-0.9991161, -0.026774982, 0.03240578), (-0.99949735, -0.015053079, 0.02790199), (-0.9991161, -0.026774982, 0.03240578), (-0.99989367, 0.010335935, -0.010290201), (-0.9999254, 0.011828431, -0.0030742935), (-0.99949735, -0.015053079, 0.02790199), (-0.99989367, 0.010335935, -0.010290201), (-0.9999254, 0.011828431, -0.0030742935), (-0.99989367, 0.010335935, -0.010290201), (-0.9998255, 0.01625317, -0.009216195), (-0.9999254, 0.011828431, -0.0030742935), (-0.9998255, 0.01625317, -0.009216195), (-0.9998886, 0.013658258, -0.0060231686), (-0.9998091, 0.016670946, -0.010197336), (-0.9999254, 0.011828431, -0.0030742935), (-0.9998886, 0.013658258, -0.0060231686), (-0.99988616, 0.01175649, -0.009466773), (-0.9998091, 0.016670946, -0.010197336), (-0.9998886, 0.013658258, -0.0060231686), (-0.99988616, 0.01175649, -0.009466773), (-0.9998886, 0.013658258, -0.0060231686), (-0.99999154, 0.0025808099, 0.0032059446), (-0.99998367, 0.004391454, 0.003652867), (-0.99988616, 0.01175649, -0.009466773), (-0.99999154, 0.0025808099, 0.0032059446), (-0.99992967, -0.004450282, 0.011000267), (-0.99998367, 0.004391454, 0.003652867), (-0.99999154, 0.0025808099, 0.0032059446), (-0.99992967, -0.004450282, 0.011000267), (-0.99999154, 0.0025808099, 0.0032059446), (-0.9999228, -0.0063714883, 0.010669619), (-0.9999253, -0.0038955216, 0.011583389), (-0.99992967, -0.004450282, 0.011000267), (-0.9999228, -0.0063714883, 0.010669619), (-0.9999753, 0.0030934878, 0.0063089407), (-0.9999253, -0.0038955216, 0.011583389), (-0.9999228, -0.0063714883, 0.010669619), (-0.9999023, -0.0105330665, 0.009198368), (-0.9999753, 0.0030934878, 0.0063089407), (-0.9999228, -0.0063714883, 0.010669619), (-0.9999023, -0.0105330665, 0.009198368), (-0.9999228, -0.0063714883, 0.010669619), (-0.99992096, -0.010813698, 0.006424247), (-0.99998456, 0.0012689476, 0.0054188054), (-0.9999023, -0.0105330665, 0.009198368), (-0.99992096, -0.010813698, 0.006424247), (-0.9999949, 0.002869693, -0.001481537), (-0.99998456, 0.0012689476, 0.0054188054), (-0.99992096, -0.010813698, 0.006424247), (-0.9999949, 0.002869693, -0.001481537), (-0.99992096, -0.010813698, 0.006424247), (-0.9999614, -0.007716292, -0.004200887), (-0.99995595, -0.0059663476, -0.0072447388), (-0.9999949, 0.002869693, -0.001481537), (-0.9999614, -0.007716292, -0.004200887), (-0.99995595, -0.0059663476, -0.0072447388), (-0.9999614, -0.007716292, -0.004200887), (-0.9999327, 0.011522994, -0.0013761942), (-0.9999276, -0.010288258, -0.0062429695), (-0.99995595, -0.0059663476, -0.0072447388), (-0.9999327, 0.011522994, -0.0013761942), (-0.9999616, 0.0075292042, -0.004473111), (-0.9999276, -0.010288258, -0.0062429695), (-0.9999327, 0.011522994, -0.0013761942), (-0.99995816, 0.009100378, -0.0010425677), (-0.9999616, 0.0075292042, -0.004473111), (-0.9999327, 0.011522994, -0.0013761942), (-0.99998677, 0.0050530992, -0.0010192831), (-0.99995816, 0.009100378, -0.0010425677), (-0.9999327, 0.011522994, -0.0013761942), (-0.99998677, 0.0050530992, -0.0010192831), (-0.9999327, 0.011522994, -0.0013761942), (-0.99998456, 0.005533419, -0.0005726142), (-0.9999318, -0.0112503385, 0.0031357154), (-0.99995816, 0.009100378, -0.0010425677), (-0.99998677, 0.0050530992, -0.0010192831), (-0.9999318, -0.0112503385, 0.0031357154), (-0.99998677, 0.0050530992, -0.0010192831), (-0.99997574, -0.0029159833, 0.0063289385), (-0.99998677, 0.0050530992, -0.0010192831), (-0.99998456, 0.005533419, -0.0005726142), (-0.9999992, 0.00021923396, -0.0012426004), (-0.99995714, -0.004060323, 0.008326353), (-0.9999318, -0.0112503385, 0.0031357154), (-0.99997574, -0.0029159833, 0.0063289385), (-0.99998456, 0.005533419, -0.0005726142), (-0.99997824, -0.00022537519, 0.006589203), (-0.9999992, 0.00021923396, -0.0012426004), (-0.99997824, -0.00022537519, 0.006589203), (-0.99997383, 0.006739658, 0.0026226302), (-0.9999992, 0.00021923396, -0.0012426004), (-0.99995714, -0.004060323, 0.008326353), (-0.99997574, -0.0029159833, 0.0063289385), (-0.9999047, 0.004233797, 0.013147541), (-0.99997383, 0.006739658, 0.0026226302), (-0.999856, 0.016973307, -0.00024816004), (-0.9999992, 0.00021923396, -0.0012426004), (-0.9999372, -0.004612156, 0.010217516), (-0.99995714, -0.004060323, 0.008326353), (-0.9999047, 0.004233797, 0.013147541), (-0.999856, 0.016973307, -0.00024816004), (-0.99997073, 0.0072863037, -0.0023844915), (-0.9999992, 0.00021923396, -0.0012426004), (-0.999856, 0.016973307, -0.00024816004), (-0.999994, -0.0016214956, -0.0030750243), (-0.99997073, 0.0072863037, -0.0023844915), (-0.99983203, 0.006289317, 0.01721501), (-0.9999372, -0.004612156, 0.010217516), (-0.9999047, 0.004233797, 0.013147541), (-0.99983203, 0.006289317, 0.01721501), (-0.9999047, 0.004233797, 0.013147541), (-0.9999611, -0.0054870727, 0.006918414), (-0.999994, -0.0016214956, -0.0030750243), (-0.9999979, 0.0013453354, -0.0015514317), (-0.99997073, 0.0072863037, -0.0023844915), (-0.999783, 0.006576103, 0.01976811), (-0.99983203, 0.006289317, 0.01721501), (-0.9999611, -0.0054870727, 0.006918414), (-0.999994, -0.0016214956, -0.0030750243), (-0.9999674, 0.0072937026, -0.0034570491), (-0.9999979, 0.0013453354, -0.0015514317), (-0.9997343, -0.020840805, -0.009859197), (-0.999783, 0.006576103, 0.01976811), (-0.9999611, -0.0054870727, 0.006918414), (-0.9999674, 0.0072937026, -0.0034570491), (-0.9999512, -0.00826033, 0.005425434), (-0.9999979, 0.0013453354, -0.0015514317), (-0.9997343, -0.020840805, -0.009859197), (-0.9999611, -0.0054870727, 0.006918414), (-0.9997006, -0.019031515, -0.015381867), (-0.9999512, -0.00826033, 0.005425434), (-0.99968934, -0.019818136, 0.015114566), (-0.9999979, 0.0013453354, -0.0015514317), (-0.9999468, -0.006546111, -0.007979954), (-0.9997343, -0.020840805, -0.009859197), (-0.9997006, -0.019031515, -0.015381867), (-0.9999512, -0.00826033, 0.005425434), (-0.9997082, -0.020053798, 0.013466824), (-0.99968934, -0.019818136, 0.015114566), (-0.9999925, 0.00022903954, -0.00385987), (-0.9999468, -0.006546111, -0.007979954), (-0.9997006, -0.019031515, -0.015381867), (-0.9997082, -0.020053798, 0.013466824), (-0.9999734, -0.0063350825, 0.0036322041), (-0.99968934, -0.019818136, 0.015114566), (-0.9999925, 0.00022903954, -0.00385987), (-0.9997006, -0.019031515, -0.015381867), (-0.9999884, -0.0011375749, -0.00469205), (-0.9999734, -0.0063350825, 0.0036322041), (-0.999984, 0.0039293887, -0.004070339), (-0.99968934, -0.019818136, 0.015114566), (-0.9999588, -0.0014495043, -0.008968901), (-0.9999925, 0.00022903954, -0.00385987), (-0.9999884, -0.0011375749, -0.00469205), (-0.9999734, -0.0063350825, 0.0036322041), (-0.99990404, 0.013757078, 0.0016743002), (-0.999984, 0.0039293887, -0.004070339), (-0.9999941, -0.0022674636, -0.002619135), (-0.9999588, -0.0014495043, -0.008968901), (-0.9999884, -0.0011375749, -0.00469205), (-0.99990404, 0.013757078, 0.0016743002), (-0.99988556, 0.0059947786, -0.013890872), (-0.999984, 0.0039293887, -0.004070339), (-0.9999941, -0.0022674636, -0.002619135), (-0.9999884, -0.0011375749, -0.00469205), (-0.9999202, -0.001009835, 0.012600576), (-0.99988556, 0.0059947786, -0.013890872), (-0.9999905, 0.0021325897, -0.0037984157), (-0.999984, 0.0039293887, -0.004070339), (-0.9999963, -0.002706158, 0.0004684623), (-0.9999941, -0.0022674636, -0.002619135), (-0.9999202, -0.001009835, 0.012600576), (-0.99988556, 0.0059947786, -0.013890872), (-0.9999998, -0.0005908651, -0.000014581678), (-0.9999905, 0.0021325897, -0.0037984157), (-0.99987894, -0.0062259072, 0.014264602), (-0.9999963, -0.002706158, 0.0004684623), (-0.9999202, -0.001009835, 0.012600576), (-0.9999998, -0.0005908651, -0.000014581678), (-0.9999267, -0.0039612143, 0.011442559), (-0.9999905, 0.0021325897, -0.0037984157), (-0.99987894, -0.0062259072, 0.014264602), (-0.9999202, -0.001009835, 0.012600576), (-0.99983823, -0.00978885, -0.015096058), (-0.9999267, -0.0039612143, 0.011442559), (-0.9999102, 0.0033516365, 0.012983658), (-0.9999905, 0.0021325897, -0.0037984157), (-0.99987996, -0.0023378246, -0.015321579), (-0.99987894, -0.0062259072, 0.014264602), (-0.99983823, -0.00978885, -0.015096058), (-0.9999267, -0.0039612143, 0.011442559), (-0.9998509, 0.011978548, 0.0124405585), (-0.9999102, 0.0033516365, 0.012983658), (-0.99987996, -0.0023378246, -0.015321579), (-0.99983823, -0.00978885, -0.015096058), (-0.99996865, 0.0071574477, -0.003382986), (-0.9998509, 0.011978548, 0.0124405585), (-0.99996865, 0.0071574477, -0.003382986), (-0.9999102, 0.0033516365, 0.012983658), (-0.9998509, 0.011978548, 0.0124405585), (-0.99987996, -0.0023378246, -0.015321579), (-0.99996865, 0.0071574477, -0.003382986), (-0.9999989, -0.00025216577, 0.0015089263), (-1, 0.000028504084, -0.000022322998), (-0.9999988, 0.00006865658, 0.0016091774), (-0.9999989, -0.00025216577, 0.0015089263), (-0.9999988, 0.00006865658, 0.0016091774), (-0.9999971, -0.0012035348, 0.0021251505), (-0.9999988, 0.00006865658, 0.0016091774), (-0.999998, -0.0017264546, 0.0011161802), (-0.9999971, -0.0012035348, 0.0021251505), (-0.999998, -0.0017264546, 0.0011161802), (-0.9999848, -0.0055271895, 0.00001995565), (-0.9999971, -0.0012035348, 0.0021251505), (-0.00059075665, 0.9999922, -0.0039044279), (-0.9996929, -0.017949712, -0.017085124), (-0.9938931, 0.10953931, 0.013333688), (-0.00059075665, 0.9999922, -0.0039044279), (-0.9992016, -0.024538612, -0.031530183), (-0.9996929, -0.017949712, -0.017085124), (-0.00059075665, 0.9999922, -0.0039044279), (-0.999904, -0.0026072322, -0.013611167), (-0.9992016, -0.024538612, -0.031530183), (-0.999904, -0.0026072322, -0.013611167), (-0.9999207, 0.011455182, 0.005250424), (-0.9992016, -0.024538612, -0.031530183), (-0.999904, -0.0026072322, -0.013611167), (-0.9998639, 0.014255353, -0.008307014), (-0.9999207, 0.011455182, 0.005250424), (-0.999904, -0.0026072322, -0.013611167), (-0.9997284, 0.0060479874, -0.022506434), (-0.9998639, 0.014255353, -0.008307014), (-0.9997284, 0.0060479874, -0.022506434), (-0.9996912, 0.00082034105, -0.02483576), (-0.9998639, 0.014255353, -0.008307014), (-0.9997284, 0.0060479874, -0.022506434), (-0.99994326, 0.0034674192, -0.010074667), (-0.9996912, 0.00082034105, -0.02483576), (-0.99994326, 0.0034674192, -0.010074667), (-0.00059075665, 0.9999922, -0.0039044279), (-0.9996912, 0.00082034105, -0.02483576), (-0.99994326, 0.0034674192, -0.010074667), (-0.9999563, 0.009347492, -0.0002539735), (-0.00059075665, 0.9999922, -0.0039044279), (-0.99994326, 0.0034674192, -0.010074667), (-0.9998031, 0.011023739, 0.016497463), (-0.9999563, 0.009347492, -0.0002539735), (-0.9998031, 0.011023739, 0.016497463), (-0.99837714, 0.010557135, 0.055960905), (-0.9999563, 0.009347492, -0.0002539735), (-0.9998031, 0.011023739, 0.016497463), (-0.9985729, 0.014364023, 0.051438622), (-0.99837714, 0.010557135, 0.055960905), (-0.9985729, 0.014364023, 0.051438622), (-0.9993569, 0.023518126, 0.027068872), (-0.99837714, 0.010557135, 0.055960905), (-0.9985729, 0.014364023, 0.051438622), (-0.9995342, 0.030515268, -0.0005939843), (-0.9993569, 0.023518126, 0.027068872), (-0.9995342, 0.030515268, -0.0005939843), (-0.999188, 0.03351684, -0.022363085), (-0.9993569, 0.023518126, 0.027068872), (-0.9995342, 0.030515268, -0.0005939843), (-0.9998695, 0.012368811, -0.010399299), (-0.999188, 0.03351684, -0.022363085), (-0.9998695, 0.012368811, -0.010399299), (-0.9989695, 0.025714688, -0.03740267), (-0.999188, 0.03351684, -0.022363085), (-0.9998695, 0.012368811, -0.010399299), (-0.9999902, 0.0002824121, 0.0044405237), (-0.9989695, 0.025714688, -0.03740267), (-0.9998695, 0.012368811, -0.010399299), (-0.9999316, -0.0063936114, 0.009807678), (-0.9999902, 0.0002824121, 0.0044405237), (-0.9998695, 0.012368811, -0.010399299), (-0.999982, -0.0059643122, -0.0008091062), (-0.9999316, -0.0063936114, 0.009807678), (-0.999982, -0.0059643122, -0.0008091062), (-0.9994377, 0.027862178, -0.018658169), (-0.9999316, -0.0063936114, 0.009807678), (-0.999982, -0.0059643122, -0.0008091062), (-0.99981606, -0.016062925, -0.010482461), (-0.9994377, 0.027862178, -0.018658169), (-0.999982, -0.0059643122, -0.0008091062), (-0.9992807, -0.035787046, 0.012552854), (-0.99981606, -0.016062925, -0.010482461), (-0.999982, -0.0059643122, -0.0008091062), (-0.9999993, 0.0012448796, -0.00009352836), (-0.9992807, -0.035787046, 0.012552854), (-0.9999993, 0.0012448796, -0.00009352836), (-0.9996692, 0.016725833, 0.01953779), (-0.9992807, -0.035787046, 0.012552854), (-0.9999993, 0.0012448796, -0.00009352836), (-0.9998415, -0.012230809, -0.012947495), (-0.9996692, 0.016725833, 0.01953779), (-0.9999993, 0.0012448796, -0.00009352836), (-0.99999547, -0.0029304111, -0.0007611007), (-0.9998415, -0.012230809, -0.012947495), (-0.99999547, -0.0029304111, -0.0007611007), (-0.9999316, -0.005184443, 0.010496317), (-0.9998415, -0.012230809, -0.012947495), (-0.9999316, -0.005184443, 0.010496317), (-0.9999836, 0.0041560195, 0.0039595542), (-0.9998415, -0.012230809, -0.012947495), (-0.9999316, -0.005184443, 0.010496317), (-0.9978353, 0.03557042, 0.05531323), (-0.9999836, 0.0041560195, 0.0039595542), (-0.9978353, 0.03557042, 0.05531323), (-0.99962413, 0.009325769, 0.025784759), (-0.9999836, 0.0041560195, 0.0039595542), (-0.99962413, 0.009325769, 0.025784759), (-0.9995973, 0.022446614, 0.017367464), (-0.9999836, 0.0041560195, 0.0039595542), (-0.9995973, 0.022446614, 0.017367464), (-0.99971855, 0.019800236, 0.013069639), (-0.9999836, 0.0041560195, 0.0039595542), (-0.9995973, 0.022446614, 0.017367464), (-0.99994665, 0.0014490401, 0.010229519), (-0.99971855, 0.019800236, 0.013069639), (-0.99815136, -0.059817217, -0.010758805), (-0.99971855, 0.019800236, 0.013069639), (-0.99994665, 0.0014490401, 0.010229519), (-0.99815136, -0.059817217, -0.010758805), (-0.99994665, 0.0014490401, 0.010229519), (-0.99630475, -0.075120665, 0.04163758), (-0.99942106, 0.034014232, 0.0008332661), (-0.99815136, -0.059817217, -0.010758805), (-0.99630475, -0.075120665, 0.04163758), (-0.9931756, 0.018487072, 0.1151543), (-0.99942106, 0.034014232, 0.0008332661), (-0.99630475, -0.075120665, 0.04163758), (-0.9931756, 0.018487072, 0.1151543), (-0.99630475, -0.075120665, 0.04163758), (-0.00059075665, 0.9999922, -0.0039044279), (-0.99942106, 0.034014232, 0.0008332661), (-0.992167, 0.11727199, -0.04303374), (-0.99815136, -0.059817217, -0.010758805), (-0.9999332, -0.009496296, -0.0066044894), (-0.9931756, 0.018487072, 0.1151543), (-0.00059075665, 0.9999922, -0.0039044279), (-0.99942106, 0.034014232, 0.0008332661), (-0.9973319, -0.06911876, 0.02349098), (-0.992167, 0.11727199, -0.04303374), (-0.9999332, -0.009496296, -0.0066044894), (-0.00059075665, 0.9999922, -0.0039044279), (-0.00059075665, 0.9999922, -0.0039044279), (-0.9998348, -0.0035627773, -0.017828306), (-0.9999332, -0.009496296, -0.0066044894), (-0.00059075665, 0.9999922, -0.0039044279), (-0.9998348, -0.0035627773, -0.017828306), (-0.00059075665, 0.9999922, -0.0039044279), (-0.99993736, 0.011190072, 0.00023978618), (-0.9973319, -0.06911876, 0.02349098), (-0.9988448, -0.044983275, 0.016904082), (-0.992167, 0.11727199, -0.04303374), (-0.00059075665, 0.9999922, -0.0039044279), (-0.9998348, -0.0035627773, -0.017828306), (-0.99993736, 0.011190072, 0.00023978618), (-0.9973319, -0.06911876, 0.02349098), (-0.99944055, -0.03046939, 0.013792528), (-0.9988448, -0.044983275, 0.016904082), (-0.9999065, 0.013670457, -0.0004624341), (-0.00059075665, 0.9999922, -0.0039044279), (-0.99993736, 0.011190072, 0.00023978618), (-0.9999065, 0.013670457, -0.0004624341), (-0.99993736, 0.011190072, 0.00023978618), (-0.9999699, 0.0057840953, -0.005171098), (-0.00059075665, 0.9999922, -0.0039044279), (-0.9999065, 0.013670457, -0.0004624341), (-0.9999699, 0.0057840953, -0.005171098), (-0.9994305, -0.0017666796, -0.033700205), (-0.00059075665, 0.9999922, -0.0039044279), (-0.9999699, 0.0057840953, -0.005171098), (-0.9994305, -0.0017666796, -0.033700205), (-0.9999699, 0.0057840953, -0.005171098), (-0.99972636, -0.013408815, -0.01916812), (-0.9994418, -0.018688366, -0.027693924), (-0.9994305, -0.0017666796, -0.033700205), (-0.99972636, -0.013408815, -0.01916812), (-0.9996892, -0.023837695, 0.007307016), (-0.9994418, -0.018688366, -0.027693924), (-0.99972636, -0.013408815, -0.01916812), (-0.9996892, -0.023837695, 0.007307016), (-0.99972636, -0.013408815, -0.01916812), (-0.9999293, -0.011889752, 0.00004894335), (-0.9998984, -0.012713757, 0.006455863), (-0.9996892, -0.023837695, 0.007307016), (-0.9999293, -0.011889752, 0.00004894335), (-0.999953, -0.0008346837, -0.009666938), (-0.9998984, -0.012713757, 0.006455863), (-0.9999293, -0.011889752, 0.00004894335), (-0.999953, -0.0008346837, -0.009666938), (-0.9999293, -0.011889752, 0.00004894335), (-0.9998962, 0.0047516595, -0.013606831), (-0.99992967, -0.006526811, -0.009906352), (-0.999953, -0.0008346837, -0.009666938), (-0.9998962, 0.0047516595, -0.013606831), (-0.9996751, 0.021789152, -0.013227912), (-0.99992967, -0.006526811, -0.009906352), (-0.9998962, 0.0047516595, -0.013606831), (-0.99969125, -0.017035633, -0.01809086), (-0.9996751, 0.021789152, -0.013227912), (-0.9998962, 0.0047516595, -0.013606831), (-0.99969125, -0.017035633, -0.01809086), (-0.9998962, 0.0047516595, -0.013606831), (-0.99951506, -0.029565426, -0.0097728595), (-0.9989181, -0.046105865, -0.0060711578), (-0.99969125, -0.017035633, -0.01809086), (-0.99951506, -0.029565426, -0.0097728595), (-0.99997723, -0.004970613, -0.0045900834), (-0.9989181, -0.046105865, -0.0060711578), (-0.99951506, -0.029565426, -0.0097728595), (-0.99997723, -0.004970613, -0.0045900834), (-0.99951506, -0.029565426, -0.0097728595), (-0.9999826, -0.0050667953, -0.0030228158), (-0.9999191, -0.011919198, -0.0044436767), (-0.99997723, -0.004970613, -0.0045900834), (-0.9999826, -0.0050667953, -0.0030228158), (-0.9999946, -0.00065753784, 0.0032496955), (-0.9999191, -0.011919198, -0.0044436767), (-0.9999826, -0.0050667953, -0.0030228158), (-0.99999577, 0.0004895039, -0.002885046), (-0.9999946, -0.00065753784, 0.0032496955), (-0.9999826, -0.0050667953, -0.0030228158), (-0.99999577, 0.0004895039, -0.002885046), (-0.9999826, -0.0050667953, -0.0030228158), (-0.999811, 0.019355163, 0.0018426353), (-0.99888164, 0.02485418, 0.04022119), (-0.99999577, 0.0004895039, -0.002885046), (-0.999811, 0.019355163, 0.0018426353), (-0.998256, 0.045929167, 0.03708666), (-0.99888164, 0.02485418, 0.04022119), (-0.999811, 0.019355163, 0.0018426353), (-0.9966054, 0.056204222, -0.060156543), (-0.998256, 0.045929167, 0.03708666), (-0.999811, 0.019355163, 0.0018426353), (-0.9922712, 0.068689376, -0.10334322), (-0.9966054, 0.056204222, -0.060156543), (-0.999811, 0.019355163, 0.0018426353), (-0.99922013, -0.010787414, 0.037982836), (-0.9922712, 0.068689376, -0.10334322), (-0.999811, 0.019355163, 0.0018426353), (-0.99978745, 0.020615544, 0.00040802688), (-0.99922013, -0.010787414, 0.037982836), (-0.999811, 0.019355163, 0.0018426353), (-0.99999547, -0.0029304111, -0.0007611007), (-0.99978745, 0.020615544, 0.00040802688), (-0.999811, 0.019355163, 0.0018426353), (-0.99999547, -0.0029304111, -0.0007611007), (-0.999811, 0.019355163, 0.0018426353), (-0.15721504, -0.8775307, 0.45301583), (-0.99999547, -0.0029304111, -0.0007611007), (-0.15721504, -0.8775307, 0.45301583), (-0.13816941, -0.93313557, 0.33191442), (-0.99999547, -0.0029304111, -0.0007611007), (-0.13816941, -0.93313557, 0.33191442), (-0.99907684, -0.017152324, 0.039387397), (-0.99999547, -0.0029304111, -0.0007611007), (-0.99907684, -0.017152324, 0.039387397), (-0.99981046, 0.008761624, 0.017385261), (-0.99999547, -0.0029304111, -0.0007611007), (-0.99981046, 0.008761624, 0.017385261), (-0.99954236, -0.0009918225, 0.03023267), (-0.99999547, -0.0029304111, -0.0007611007), (-0.99954236, -0.0009918225, 0.03023267), (-0.00059075665, 0.9999922, -0.0039044279), (-0.99999547, -0.0029304111, -0.0007611007), (-0.00059075665, 0.9999922, -0.0039044279), (-0.9999316, -0.005184443, 0.010496317), (-0.99955595, 0.003872507, 0.029547015), (-0.9914642, -0.020658143, -0.12873313), (-0.9998987, -0.0006908111, 0.014222872), (-0.9999776, 0.005955573, 0.0030772008), (-0.99955595, 0.003872507, 0.029547015), (-0.9998987, -0.0006908111, 0.014222872), (-0.9999299, 0.011736451, 0.0015739512), (-0.9999776, 0.005955573, 0.0030772008), (-0.9998987, -0.0006908111, 0.014222872), (-0.9999299, 0.011736451, 0.0015739512), (-0.9998987, -0.0006908111, 0.014222872), (-0.99970365, -0.014578325, 0.01950097), (-0.9997285, -0.013881744, 0.01871875), (-0.9999299, 0.011736451, 0.0015739512), (-0.99970365, -0.014578325, 0.01950097), (-0.9997285, -0.013881744, 0.01871875), (-0.99970365, -0.014578325, 0.01950097), (-0.9999589, -0.0087383725, 0.0024376647), (-0.9997563, -0.009352767, 0.01999572), (-0.9997285, -0.013881744, 0.01871875), (-0.9999589, -0.0087383725, 0.0024376647), (-0.99988174, 0.00921253, -0.012314423), (-0.9997563, -0.009352767, 0.01999572), (-0.9999589, -0.0087383725, 0.0024376647), (-0.99982965, 0.006426914, -0.017304135), (-0.99988174, 0.00921253, -0.012314423), (-0.9999589, -0.0087383725, 0.0024376647), (-0.999724, -0.02256189, 0.006569456), (-0.99982965, 0.006426914, -0.017304135), (-0.9999589, -0.0087383725, 0.0024376647), (-0.9999414, -0.009756656, 0.0046953834), (-0.999724, -0.02256189, 0.006569456), (-0.9999589, -0.0087383725, 0.0024376647), (-0.9998497, -0.017341243, 0.0002115572), (-0.9999414, -0.009756656, 0.0046953834), (-0.9999589, -0.0087383725, 0.0024376647), (-0.9998497, -0.017341243, 0.0002115572), (-0.9999589, -0.0087383725, 0.0024376647), (-0.9998569, 0.015463834, -0.006872358), (-0.9995441, 0.029472739, -0.0065573277), (-0.9998497, -0.017341243, 0.0002115572), (-0.9998569, 0.015463834, -0.006872358), (-0.99862224, 0.049760293, -0.016662896), (-0.9995441, 0.029472739, -0.0065573277), (-0.9998569, 0.015463834, -0.006872358), (-0.99862224, 0.049760293, -0.016662896), (-0.9998569, 0.015463834, -0.006872358), (-0.9992623, 0.034206703, -0.017464655), (-0.99983364, -0.0033120739, -0.017937474), (-0.99862224, 0.049760293, -0.016662896), (-0.9992623, 0.034206703, -0.017464655), (-0.99983364, -0.0033120739, -0.017937474), (-0.9992623, 0.034206703, -0.017464655), (-0.9998901, 0.0033690862, -0.014443445), (-0.99983364, -0.0033120739, -0.017937474), (-0.9998901, 0.0033690862, -0.014443445), (-0.9998574, -0.008047551, -0.014853468), (-0.9999045, -0.0065860925, -0.012157884), (-0.99983364, -0.0033120739, -0.017937474), (-0.9998574, -0.008047551, -0.014853468), (-0.9999045, -0.0065860925, -0.012157884), (-0.9998574, -0.008047551, -0.014853468), (-0.9999909, 0.0014765669, -0.004020513), (-0.9999812, -0.0061377124, 0.000057059027), (-0.14841285, -0.0025241808, -0.98892236), (-0.9999045, -0.0065860925, -0.012157884), (-0.9999812, -0.0061377124, 0.000057059027), (-0.9999045, -0.0065860925, -0.012157884), (-0.9999995, 0.0009307532, -0.00045793707), (-0.9999045, -0.0065860925, -0.012157884), (-0.9999909, 0.0014765669, -0.004020513), (-0.9999995, 0.0009307532, -0.00045793707), (-0.9999909, 0.0014765669, -0.004020513), (-0.99991375, 0.00912783, 0.009453184), (-0.9999995, 0.0009307532, -0.00045793707), (-0.9999909, 0.0014765669, -0.004020513), (-0.9999554, 0.006383873, 0.006960761), (-0.99991375, 0.00912783, 0.009453184), (-0.9999554, 0.006383873, 0.006960761), (-0.00059075665, 0.9999922, -0.0039044279), (-0.99991375, 0.00912783, 0.009453184), (-0.99991375, 0.00912783, 0.009453184), (-0.99987966, 0.009122744, 0.012553347), (-0.9999995, 0.0009307532, -0.00045793707), (-0.99991375, 0.00912783, 0.009453184), (-0.99944556, -0.027485372, -0.018795772), (-0.99987966, 0.009122744, 0.012553347), (-0.99944055, -0.03046939, 0.013792528), (-0.9885455, 0.15090652, -0.0022847843), (-0.9988448, -0.044983275, 0.016904082), (-0.9997048, -0.001353874, 0.024260622), (-0.00059075665, 0.9999922, -0.0039044279), (-0.99963945, 0.0036949413, 0.02659581), (-0.9997048, -0.001353874, 0.024260622), (-0.99963945, 0.0036949413, 0.02659581), (-0.99954545, 0.0054035927, 0.029659908), (-0.9998223, -0.007185593, 0.01742691), (-0.9997048, -0.001353874, 0.024260622), (-0.99954545, 0.0054035927, 0.029659908), (-0.99954545, 0.0054035927, 0.029659908), (-0.99930793, 0.037084173, -0.002914905), (-0.15805708, 0.9616486, 0.22416495), (-0.99954545, 0.0054035927, 0.029659908), (-0.15805708, 0.9616486, 0.22416495), (-0.9991027, 0.03882546, -0.016926972), (-0.99954545, 0.0054035927, 0.029659908), (-0.9991027, 0.03882546, -0.016926972), (-0.99974847, -0.016318422, -0.015390435), (-0.99954545, 0.0054035927, 0.029659908), (-0.99974847, -0.016318422, -0.015390435), (-0.9951531, -0.09359485, 0.030172177), (-0.99954545, 0.0054035927, 0.029659908), (-0.9951531, -0.09359485, 0.030172177), (-0.00059075665, 0.9999922, -0.0039044279), (-0.99954545, 0.0054035927, 0.029659908), (-0.00059075665, 0.9999922, -0.0039044279), (-0.14800267, 0.11540134, 0.98223096), (-0.99954545, 0.0054035927, 0.029659908), (-0.14800267, 0.11540134, 0.98223096), (-0.17762014, 0.025758253, 0.983762), (-0.9904653, -0.005221172, -0.1376644), (-0.9998223, -0.007185593, 0.01742691), (-0.99954545, 0.0054035927, 0.029659908), (-0.9904653, -0.005221172, -0.1376644), (-0.99954545, 0.0054035927, 0.029659908), (-0.17762014, 0.025758253, 0.983762), (-0.9904653, -0.005221172, -0.1376644), (-0.17762014, 0.025758253, 0.983762), (-0.14183398, -0.11335546, 0.9833787), (-0.9904653, -0.005221172, -0.1376644), (-0.14183398, -0.11335546, 0.9833787), (-0.00059075665, 0.9999922, -0.0039044279), (-0.9904653, -0.005221172, -0.1376644), (-0.00059075665, 0.9999922, -0.0039044279), (-0.99844867, 0.046421185, -0.030747443), (-0.9904653, -0.005221172, -0.1376644), (-0.99844867, 0.046421185, -0.030747443), (-0.9980429, 0.056928817, -0.02587815), (-0.9904653, -0.005221172, -0.1376644), (-0.9980429, 0.056928817, -0.02587815), (-0.99997765, 0.0018331902, 0.0064450917), (-0.9996528, -0.023084933, 0.012704195), (-0.9904653, -0.005221172, -0.1376644), (-0.99997765, 0.0018331902, 0.0064450917), (-0.99947596, 0.022038663, 0.023707913), (-0.9996528, -0.023084933, 0.012704195), (-0.99997765, 0.0018331902, 0.0064450917), (-0.99947596, 0.022038663, 0.023707913), (-0.99997765, 0.0018331902, 0.0064450917), (-0.99979043, 0.0136735365, -0.01524014), (-0.9997511, 0.019358298, -0.011089643), (-0.99947596, 0.022038663, 0.023707913), (-0.99979043, 0.0136735365, -0.01524014), (-0.9997511, 0.019358298, -0.011089643), (-0.99979043, 0.0136735365, -0.01524014), (-0.9995964, 0.026495364, -0.010253074), (-0.9993464, 0.028807916, -0.021836968), (-0.9997511, 0.019358298, -0.011089643), (-0.9995964, 0.026495364, -0.010253074), (-0.9993464, 0.028807916, -0.021836968), (-0.9995964, 0.026495364, -0.010253074), (-0.999677, 0.01801605, -0.017929079), (-0.999569, 0.007979036, -0.028253697), (-0.9993464, 0.028807916, -0.021836968), (-0.999677, 0.01801605, -0.017929079), (-0.999569, 0.007979036, -0.028253697), (-0.999677, 0.01801605, -0.017929079), (-0.99931896, -0.00997281, 0.035526905), (-0.9987267, -0.02432737, 0.044196706), (-0.999569, 0.007979036, -0.028253697), (-0.99931896, -0.00997281, 0.035526905), (-0.9999236, 0.0065962328, 0.010455333), (-0.9987267, -0.02432737, 0.044196706), (-0.99931896, -0.00997281, 0.035526905), (-0.9999236, 0.0065962328, 0.010455333), (-0.99931896, -0.00997281, 0.035526905), (-0.9999614, -0.0054504233, -0.0068974956), (-0.9991691, 0.014525894, -0.038083132), (-0.9999236, 0.0065962328, 0.010455333), (-0.9999614, -0.0054504233, -0.0068974956), (-0.99991137, -0.012896072, 0.0033086478), (-0.9991691, 0.014525894, -0.038083132), (-0.9999614, -0.0054504233, -0.0068974956), (-0.999699, -0.0245275, -0.00059445633), (-0.99991137, -0.012896072, 0.0033086478), (-0.9999614, -0.0054504233, -0.0068974956), (-0.999699, -0.0245275, -0.00059445633), (-0.9999614, -0.0054504233, -0.0068974956), (-0.9997677, -0.016546175, -0.013818813), (-0.9996218, -0.006504688, -0.026721716), (-0.999699, -0.0245275, -0.00059445633), (-0.9997677, -0.016546175, -0.013818813), (-0.99969983, -0.004223522, -0.02413746), (-0.9996218, -0.006504688, -0.026721716), (-0.9997677, -0.016546175, -0.013818813), (-0.99969983, -0.004223522, -0.02413746), (-0.9997677, -0.016546175, -0.013818813), (-0.9997042, -0.007741605, -0.02306039), (-0.9997547, -0.0010353008, -0.022125496), (-0.99969983, -0.004223522, -0.02413746), (-0.9997042, -0.007741605, -0.02306039), (-0.99971086, -0.0070814854, -0.022983592), (-0.9997547, -0.0010353008, -0.022125496), (-0.9997042, -0.007741605, -0.02306039), (-0.9996003, -0.01913288, -0.020811146), (-0.99971086, -0.0070814854, -0.022983592), (-0.9997042, -0.007741605, -0.02306039), (-0.9996003, -0.01913288, -0.020811146), (-0.9997042, -0.007741605, -0.02306039), (-0.9998006, 0.013894027, -0.014342594), (-0.99973434, -0.009779663, -0.020871736), (-0.9996003, -0.01913288, -0.020811146), (-0.9998006, 0.013894027, -0.014342594), (-0.99992025, 0.011129914, -0.005982182), (-0.99973434, -0.009779663, -0.020871736), (-0.9998006, 0.013894027, -0.014342594), (-0.99992025, 0.011129914, -0.005982182), (-0.9998006, 0.013894027, -0.014342594), (-0.9998569, 0.015570889, 0.0066157747), (-0.99992025, 0.011129914, -0.005982182), (-0.9998569, 0.015570889, 0.0066157747), (-0.9996958, -0.021252774, -0.012519906), (-0.9998375, 0.00787508, -0.016217392), (-0.99992025, 0.011129914, -0.005982182), (-0.9996958, -0.021252774, -0.012519906), (-0.99973553, -0.007918625, -0.02159024), (-0.9998375, 0.00787508, -0.016217392), (-0.9996958, -0.021252774, -0.012519906), (-0.99973553, -0.007918625, -0.02159024), (-0.9996958, -0.021252774, -0.012519906), (-0.99978286, 0.0072295987, -0.019547863), (-0.99967283, 0.005637554, -0.02494977), (-0.99973553, -0.007918625, -0.02159024), (-0.99978286, 0.0072295987, -0.019547863), (-0.99967456, 0.021419879, -0.013854066), (-0.99967283, 0.005637554, -0.02494977), (-0.99978286, 0.0072295987, -0.019547863), (-0.99967456, 0.021419879, -0.013854066), (-0.99978286, 0.0072295987, -0.019547863), (-0.999741, 0.02190819, -0.0061735874), (-0.99987787, 0.012732246, -0.009067227), (-0.99967456, 0.021419879, -0.013854066), (-0.999741, 0.02190819, -0.0061735874), (-0.999864, 0.008442258, -0.014173759), (-0.99987787, 0.012732246, -0.009067227), (-0.999741, 0.02190819, -0.0061735874), (-0.9998123, 0.019274985, 0.0019321982), (-0.999864, 0.008442258, -0.014173759), (-0.999741, 0.02190819, -0.0061735874), (-0.9998123, 0.019274985, 0.0019321982), (-0.999741, 0.02190819, -0.0061735874), (-0.99982256, -0.007567637, -0.017255167), (-0.99928564, -0.01848683, -0.032965332), (-0.9998123, 0.019274985, 0.0019321982), (-0.99982256, -0.007567637, -0.017255167), (-0.9987899, -0.035590436, -0.033943664), (-0.99928564, -0.01848683, -0.032965332), (-0.99982256, -0.007567637, -0.017255167), (-0.9987899, -0.035590436, -0.033943664), (-0.99982256, -0.007567637, -0.017255167), (-0.9997453, -0.021048484, -0.008149053), (-0.9997341, -0.0016146135, 0.023007402), (-0.9987899, -0.035590436, -0.033943664), (-0.9997453, -0.021048484, -0.008149053), (-0.9997341, -0.0016146135, 0.023007402), (-0.9997453, -0.021048484, -0.008149053), (-0.99981123, 0.013527642, 0.013947489), (-0.99892, 0.02149132, 0.041193757), (-0.9997341, -0.0016146135, 0.023007402), (-0.99981123, 0.013527642, 0.013947489), (-0.99972576, 0.019875232, -0.012387733), (-0.99892, 0.02149132, 0.041193757), (-0.99981123, 0.013527642, 0.013947489), (-0.99972576, 0.019875232, -0.012387733), (-0.99981123, 0.013527642, 0.013947489), (-0.99930793, 0.037084173, -0.002914905), (-0.00059075665, 0.9999922, -0.0039044279), (-0.99972576, 0.019875232, -0.012387733), (-0.99930793, 0.037084173, -0.002914905), (-0.00059075665, 0.9999922, -0.0039044279), (-0.00059075665, 0.9999922, -0.0039044279), (-0.99930793, 0.037084173, -0.002914905), (-0.9997106, 0.023540715, 0.004947136), (-0.00059075665, 0.9999922, -0.0039044279), (-0.99930793, 0.037084173, -0.002914905), (-0.9996949, 0.023555044, 0.007436749), (-0.9997106, 0.023540715, 0.004947136), (-0.99930793, 0.037084173, -0.002914905), (-0.99985313, 0.002550808, 0.016946131), (-0.9996949, 0.023555044, 0.007436749), (-0.99930793, 0.037084173, -0.002914905), (-0.99841213, 0.055377055, 0.01032536), (-0.99985313, 0.002550808, 0.016946131), (-0.99930793, 0.037084173, -0.002914905), (-0.99954545, 0.0054035927, 0.029659908), (-0.99841213, 0.055377055, 0.01032536), (-0.99930793, 0.037084173, -0.002914905), (-0.99987394, -0.0007924082, 0.015859129), (-0.00059075665, 0.9999922, -0.0039044279), (-0.99997175, -0.0003659427, 0.007506831), (-0.99987394, -0.0007924082, 0.015859129), (-0.99997175, -0.0003659427, 0.007506831), (-0.9987121, 0.012674884, 0.049128607), (-0.9999282, -0.011958324, -0.00080704433), (-0.99987394, -0.0007924082, 0.015859129), (-0.9987121, 0.012674884, 0.049128607), (-0.9999282, -0.011958324, -0.00080704433), (-0.999944, -0.008474971, 0.006353946), (-0.99987394, -0.0007924082, 0.015859129), (-0.9999282, -0.011958324, -0.00080704433), (-0.9987121, 0.012674884, 0.049128607), (-0.99961036, 0.026809517, 0.007771443), (-0.9999282, -0.011958324, -0.00080704433), (-0.99961036, 0.026809517, 0.007771443), (-0.99999726, -0.0021139125, -0.0010838731), (-0.9999282, -0.011958324, -0.00080704433), (-0.99999726, -0.0021139125, -0.0010838731), (-0.9999998, -0.0005908554, -0.000014604738), (-0.99999726, -0.0021139125, -0.0010838731), (-0.99948364, 0.0031079408, -0.031983748), (-0.9999998, -0.0005908554, -0.000014604738), (-0.99961036, 0.026809517, 0.007771443), (-0.9999998, -0.0005908748, -0.000014586499), (-0.99999726, -0.0021139125, -0.0010838731), (-0.9999998, -0.0005908748, -0.000014586499), (-0.99928814, -0.007191997, -0.03703492), (-0.99999726, -0.0021139125, -0.0010838731), (-0.99927545, 0.010795326, -0.036497295), (-0.15027301, 0.98680615, 0.060264554), (-0.15815921, 0.97381514, 0.16330858), (-0.99927545, 0.010795326, -0.036497295), (-0.15815921, 0.97381514, 0.16330858), (-0.9997827, -0.01951973, 0.007327246), (-0.9997827, -0.01951973, 0.007327246), (-0.08656282, 0.941401, -0.32599258), (-0.9993088, -0.0328355, 0.017427886), (-0.99927545, 0.010795326, -0.036497295), (-0.9997827, -0.01951973, 0.007327246), (-0.9993088, -0.0328355, 0.017427886), (-0.9994561, -0.005162225, 0.03257323), (-0.9957712, 0.033189263, -0.085662946), (-0.99927545, 0.010795326, -0.036497295), (-0.00059075665, 0.9999922, -0.0039044279), (-0.9994561, -0.005162225, 0.03257323), (-0.99927545, 0.010795326, -0.036497295), (-0.14507982, -0.9401867, 0.3082224), (-0.00059075665, 0.9999922, -0.0039044279), (-0.99927545, 0.010795326, -0.036497295), (-0.9993479, 0.030288447, -0.019658592), (-0.14507982, -0.9401867, 0.3082224), (-0.99927545, 0.010795326, -0.036497295), (-0.99999934, -0.0008883816, 0.0007612783), (-0.9993479, 0.030288447, -0.019658592), (-0.99927545, 0.010795326, -0.036497295), (-0.99999934, -0.0008883816, 0.0007612783), (-0.99927545, 0.010795326, -0.036497295), (-0.9993088, -0.0328355, 0.017427886), (-0.99999934, -0.0008883816, 0.0007612783), (-0.9993088, -0.0328355, 0.017427886), (-0.12774761, 0.7371843, -0.6635058), (-0.99999934, -0.0008883816, 0.0007612783), (-0.12774761, 0.7371843, -0.6635058), (-0.06002006, 0.5618171, -0.82508135), (-0.99999934, -0.0008883816, 0.0007612783), (-0.13641503, -0.53006446, 0.8369126), (-0.9993479, 0.030288447, -0.019658592), (-0.99999934, -0.0008883816, 0.0007612783), (-0.14100021, -0.3616926, 0.92157334), (-0.13641503, -0.53006446, 0.8369126), (-0.99999934, -0.0008883816, 0.0007612783), (-0.9867747, -0.02946675, -0.15939723), (-0.14100021, -0.3616926, 0.92157334), (-0.99999934, -0.0008883816, 0.0007612783), (-0.959041, 0.04237815, 0.28007942), (-0.9867747, -0.02946675, -0.15939723), (-0.99999934, -0.0008883816, 0.0007612783), (-0.14378765, -0.07538049, 0.98673344), (-0.959041, 0.04237815, 0.28007942), (-0.99999934, -0.0008883816, 0.0007612783), (-0.13734555, -0.023342187, 0.99024814), (-0.14378765, -0.07538049, 0.98673344), (-0.99999934, -0.0008883816, 0.0007612783), (-0.14392693, -0.007230942, 0.98956186), (-0.13734555, -0.023342187, 0.99024814), (-0.99999934, -0.0008883816, 0.0007612783), (-0.13977513, 0.0031240794, 0.9901784), (-0.14392693, -0.007230942, 0.98956186), (-0.99999934, -0.0008883816, 0.0007612783), (-0.99998677, 0.0043763253, -0.0027268562), (-0.13977513, 0.0031240794, 0.9901784), (-0.99999934, -0.0008883816, 0.0007612783), (-0.9999472, 0.002887192, 0.009865987), (-0.99998677, 0.0043763253, -0.0027268562), (-0.99991614, -0.0015232132, 0.012861187), (-0.9999472, 0.002887192, 0.009865987), (-0.99999934, -0.0008883816, 0.0007612783), (-0.99999934, -0.0008883816, 0.0007612783), (-0.9998872, -0.015019189, 0.000041778363), (-0.99991614, -0.0015232132, 0.012861187), (-0.9993689, 0.027884819, 0.022006547), (-0.99970925, -0.023913382, 0.0031074358), (-0.9991425, -0.0059474856, 0.040976014), (-0.9991425, -0.0059474856, 0.040976014), (-0.99899155, -0.0015547794, 0.044871487), (-0.9993689, 0.027884819, 0.022006547), (-0.99899155, -0.0015547794, 0.044871487), (-0.9994905, -0.0004903413, 0.031917483), (-0.9993689, 0.027884819, 0.022006547), (-0.99899155, -0.0015547794, 0.044871487), (-0.99999166, -0.0026778174, -0.0030997202), (-0.9994905, -0.0004903413, 0.031917483), (-0.99999166, -0.0026778174, -0.0030997202), (-0.9999943, -0.0019104017, -0.0027849851), (-0.9994905, -0.0004903413, 0.031917483), (-0.99999166, -0.0026778174, -0.0030997202), (-0.99977475, -0.0077450103, -0.019759806), (-0.9999943, -0.0019104017, -0.0027849851), (-0.99977475, -0.0077450103, -0.019759806), (-0.9992087, -0.0013513968, -0.039754696), (-0.9999943, -0.0019104017, -0.0027849851), (-0.99977475, -0.0077450103, -0.019759806), (-0.99990165, -0.013506538, -0.0038010986), (-0.9992087, -0.0013513968, -0.039754696), (-0.99977475, -0.0077450103, -0.019759806), (-0.99954724, -0.029095871, -0.0076704486), (-0.99990165, -0.013506538, -0.0038010986), (-0.99954724, -0.029095871, -0.0076704486), (-0.99996585, 0.0034955076, -0.0074955695), (-0.99990165, -0.013506538, -0.0038010986), (-0.99996585, 0.0034955076, -0.0074955695), (-0.9992829, 0.0040330663, 0.037650287), (-0.99990165, -0.013506538, -0.0038010986), (-0.99996585, 0.0034955076, -0.0074955695), (-0.99958223, 0.026513316, -0.011512284), (-0.9992829, 0.0040330663, 0.037650287), (-0.99996585, 0.0034955076, -0.0074955695), (-0.99975395, 0.022006689, 0.0028059664), (-0.99958223, 0.026513316, -0.011512284), (-0.99975395, 0.022006689, 0.0028059664), (-0.99994576, 0.0103947, -0.0007973639), (-0.99958223, 0.026513316, -0.011512284), (-0.99975395, 0.022006689, 0.0028059664), (-0.99997205, 0.0017700032, 0.0072763693), (-0.99994576, 0.0103947, -0.0007973639), (-0.99997205, 0.0017700032, 0.0072763693), (-0.99999124, -0.000574558, 0.0041582906), (-0.99994576, 0.0103947, -0.0007973639), (-0.99999124, -0.000574558, 0.0041582906), (-0.99997765, -0.001518157, 0.0065123225), (-0.99994576, 0.0103947, -0.0007973639), (-0.99997205, 0.0017700032, 0.0072763693), (-0.9999409, 0.00041717786, 0.01087442), (-0.99999124, -0.000574558, 0.0041582906), (-0.99999124, -0.000574558, 0.0041582906), (-0.9999511, -0.0007339386, 0.009857409), (-0.99997765, -0.001518157, 0.0065123225), (-0.99997205, 0.0017700032, 0.0072763693), (-0.9999318, 0.0054458743, 0.010337734), (-0.9999409, 0.00041717786, 0.01087442), (-0.9999511, -0.0007339386, 0.009857409), (-0.9999634, 0.0075373584, 0.0040748017), (-0.99997765, -0.001518157, 0.0065123225), (-0.9999318, 0.0054458743, 0.010337734), (-0.99992806, 0.010087844, 0.006503302), (-0.9999409, 0.00041717786, 0.01087442), (-0.9999511, -0.0007339386, 0.009857409), (-0.99990577, 0.013728563, -0.00023248233), (-0.9999634, 0.0075373584, 0.0040748017), (-0.9999318, 0.0054458743, 0.010337734), (-0.00059075665, 0.9999922, -0.0039044279), (-0.99992806, 0.010087844, 0.006503302), (-0.00059075665, 0.9999922, -0.0039044279), (-0.9988607, 0.013451192, 0.045785517), (-0.99992806, 0.010087844, 0.006503302), (-0.99990577, 0.013728563, -0.00023248233), (-0.9998425, 0.0037900314, -0.017339995), (-0.9999634, 0.0075373584, 0.0040748017), (-0.9988607, 0.013451192, 0.045785517), (-0.99997085, -0.0011206781, 0.007564658), (-0.99992806, 0.010087844, 0.006503302), (-0.9998425, 0.0037900314, -0.017339995), (-0.999984, 0.00043642797, -0.0056431317), (-0.9999634, 0.0075373584, 0.0040748017), (-0.9998425, 0.0037900314, -0.017339995), (-0.99915737, -0.0011869913, 0.041026227), (-0.999984, 0.00043642797, -0.0056431317), (-0.99997085, -0.0011206781, 0.007564658), (-0.99951565, 0.0136917, -0.027946826), (-0.99992806, 0.010087844, 0.006503302), (-0.99915737, -0.0011869913, 0.041026227), (-0.99948287, -0.006554112, 0.031482615), (-0.999984, 0.00043642797, -0.0056431317), (-0.99951565, 0.0136917, -0.027946826), (-0.9996224, 0.016267689, -0.02214473), (-0.99992806, 0.010087844, 0.006503302), (-0.99915737, -0.0011869913, 0.041026227), (-0.99958146, -0.014656399, -0.024947029), (-0.99948287, -0.006554112, 0.031482615), (-0.99951565, 0.0136917, -0.027946826), (-0.9996866, 0.009527363, -0.023154218), (-0.9996224, 0.016267689, -0.02214473), (-0.9996866, 0.009527363, -0.023154218), (-0.99956113, 0.005109677, -0.029179864), (-0.9996224, 0.016267689, -0.02214473), (-0.99958146, -0.014656399, -0.024947029), (-0.9995586, -0.006573696, -0.028974464), (-0.99948287, -0.006554112, 0.031482615), (-0.99958146, -0.014656399, -0.024947029), (-0.9993699, -0.00012731912, -0.03549325), (-0.9995586, -0.006573696, -0.028974464), (-0.9996866, 0.009527363, -0.023154218), (-0.9999951, 0.00095710374, 0.0030005104), (-0.99956113, 0.005109677, -0.029179864), (-0.9999951, 0.00095710374, 0.0030005104), (-0.99974155, -0.009456166, 0.020677574), (-0.99956113, 0.005109677, -0.029179864), (-0.9993699, -0.00012731912, -0.03549325), (-0.9998302, 0.0029781172, 0.01818731), (-0.9995586, -0.006573696, -0.028974464), (-0.9998302, 0.0029781172, 0.01818731), (-0.99996054, -0.008605053, 0.0022139365), (-0.9995586, -0.006573696, -0.028974464), (-0.9999951, 0.00095710374, 0.0030005104), (-0.99994636, 0.01016445, 0.0020234075), (-0.99974155, -0.009456166, 0.020677574), (-0.9998302, 0.0029781172, 0.01818731), (-0.9999479, -0.005750329, 0.008444211), (-0.99996054, -0.008605053, 0.0022139365), (-0.9999951, 0.00095710374, 0.0030005104), (-0.99992925, 0.009005579, -0.0077768904), (-0.99994636, 0.01016445, 0.0020234075), (-0.9999479, -0.005750329, 0.008444211), (-0.9998696, -0.015161187, -0.005570351), (-0.99996054, -0.008605053, 0.0022139365), (-0.99992925, 0.009005579, -0.0077768904), (-0.9995621, 0.019720895, -0.022065233), (-0.99994636, 0.01016445, 0.0020234075), (-0.9998696, -0.015161187, -0.005570351), (-0.9999634, -0.0010463278, 0.008503506), (-0.99996054, -0.008605053, 0.0022139365), (-0.9998696, -0.015161187, -0.005570351), (-0.99998283, -0.0049120705, 0.0032056614), (-0.9999634, -0.0010463278, 0.008503506), (-0.99992925, 0.009005579, -0.0077768904), (-0.9999941, 0.0034054392, -0.00068508176), (-0.9995621, 0.019720895, -0.022065233), (-0.99998283, -0.0049120705, 0.0032056614), (-0.9997696, 0.008259394, 0.019813621), (-0.9999634, -0.0010463278, 0.008503506), (-0.99992925, 0.009005579, -0.0077768904), (-0.9999835, -0.0022645253, 0.005286972), (-0.9999941, 0.0034054392, -0.00068508176), (-0.9997696, 0.008259394, 0.019813621), (-0.9998762, 0.0044626393, 0.015094481), (-0.9999634, -0.0010463278, 0.008503506), (-0.99992925, 0.009005579, -0.0077768904), (-0.9996815, 0.024969053, -0.003704795), (-0.9999835, -0.0022645253, 0.005286972), (-0.9998762, 0.0044626393, 0.015094481), (-0.9999613, -0.005849483, 0.0065749628), (-0.9999634, -0.0010463278, 0.008503506), (-0.9998762, 0.0044626393, 0.015094481), (-0.9998624, -0.016562114, 0.001055356), (-0.9999613, -0.005849483, 0.0065749628), (-0.9996815, 0.024969053, -0.003704795), (-0.9999889, 0.004564867, -0.0012132529), (-0.9999835, -0.0022645253, 0.005286972), (-0.9998624, -0.016562114, 0.001055356), (-0.9999647, -0.008391012, 0.000404297), (-0.9999613, -0.005849483, 0.0065749628), (-0.9996815, 0.024969053, -0.003704795), (-0.99905014, 0.04345791, -0.0031988954), (-0.9999889, 0.004564867, -0.0012132529), (-0.9999647, -0.008391012, 0.000404297), (-0.99997437, 0.00038365455, 0.0071437564), (-0.9999613, -0.005849483, 0.0065749628), (-0.99997437, 0.00038365455, 0.0071437564), (-0.9999331, -0.008284076, 0.008084377), (-0.9999613, -0.005849483, 0.0065749628), (-0.9996815, 0.024969053, -0.003704795), (-0.9997236, -0.021246683, 0.010074365), (-0.99905014, 0.04345791, -0.0031988954), (-0.99997437, 0.00038365455, 0.0071437564), (-0.99992913, -0.001915787, 0.011750969), (-0.9999331, -0.008284076, 0.008084377), (-0.9997236, -0.021246683, 0.010074365), (-0.99719685, -0.07335099, 0.014765871), (-0.99905014, 0.04345791, -0.0031988954), (-0.9997236, -0.021246683, 0.010074365), (-0.99970925, -0.023913382, 0.0031074358), (-0.99719685, -0.07335099, 0.014765871), (-0.99992913, -0.001915787, 0.011750969), (-0.99978226, -0.017677927, 0.01108677), (-0.9999331, -0.008284076, 0.008084377), (-0.99970925, -0.023913382, 0.0031074358), (-0.99923027, -0.038143348, -0.009175215), (-0.99719685, -0.07335099, 0.014765871), (-0.99978226, -0.017677927, 0.01108677), (-0.99998885, 0.0015186276, 0.0044751423), (-0.9999331, -0.008284076, 0.008084377), (-0.99970925, -0.023913382, 0.0031074358), (-0.9998965, 0.002065992, -0.0142367985), (-0.99923027, -0.038143348, -0.009175215), (-0.99998885, 0.0015186276, 0.0044751423), (-0.99980414, -0.008598969, 0.01782746), (-0.9999331, -0.008284076, 0.008084377), (-0.99998885, 0.0015186276, 0.0044751423), (-0.99983007, 0.018423086, 0.0006812231), (-0.99980414, -0.008598969, 0.01782746), (-0.99983007, 0.018423086, 0.0006812231), (-0.998918, -0.025182912, 0.039098635), (-0.99980414, -0.008598969, 0.01782746), (-0.998918, -0.025182912, 0.039098635), (-0.9998237, 0.011959528, 0.014477519), (-0.99980414, -0.008598969, 0.01782746), (-0.998918, -0.025182912, 0.039098635), (-0.9990366, 0.040996097, -0.015661296), (-0.9998237, 0.011959528, 0.014477519), (-0.9990366, 0.040996097, -0.015661296), (-0.9993689, 0.027884819, 0.022006547), (-0.9998237, 0.011959528, 0.014477519), (-0.9990366, 0.040996097, -0.015661296), (-0.9997031, 0.009791865, -0.022313436), (-0.9993689, 0.027884819, 0.022006547), (-0.9993689, 0.027884819, 0.022006547), (-0.9997031, 0.009791865, -0.022313436), (-0.9997042, 0.010299616, -0.022033865), (-0.9993689, 0.027884819, 0.022006547), (-0.9997042, 0.010299616, -0.022033865), (-0.9967402, 0.030541327, -0.074673794), (-0.99970925, -0.023913382, 0.0031074358), (-0.9967402, 0.030541327, -0.074673794), (-0.99684185, 0.032651424, -0.07238985), (-0.99970925, -0.023913382, 0.0031074358), (-0.99684185, 0.032651424, -0.07238985), (-0.99928147, 0.023469543, -0.029760826), (-0.99970925, -0.023913382, 0.0031074358), (-0.99928147, 0.023469543, -0.029760826), (-0.9996468, 0.025040746, -0.008903875), (-0.99970925, -0.023913382, 0.0031074358), (-0.9996468, 0.025040746, -0.008903875), (-0.9997066, 0.024162496, 0.001738724), (-0.99970925, -0.023913382, 0.0031074358), (-0.9997066, 0.024162496, 0.001738724), (-0.9998699, -0.0022620722, -0.015980687), (-0.99970925, -0.023913382, 0.0031074358), (-0.9998699, -0.0022620722, -0.015980687), (-0.9998965, 0.002065992, -0.0142367985), (-0.9998022, -0.019875605, 0.00081980624), (-0.99973226, 0.014608888, -0.017945845), (-0.9994721, -0.032023083, 0.005494788), (-0.9994721, -0.032023083, 0.005494788), (-0.99983644, -0.01774529, 0.0035036737), (-0.9998022, -0.019875605, 0.00081980624), (-0.9998022, -0.019875605, 0.00081980624), (-0.99976766, 0.021058379, -0.00461498), (-0.99973226, 0.014608888, -0.017945845), (-0.9994721, -0.032023083, 0.005494788), (-0.99985164, -0.015331427, 0.007863358), (-0.99983644, -0.01774529, 0.0035036737), (-0.99976766, 0.021058379, -0.00461498), (-0.9994832, 0.016917553, -0.027335461), (-0.99973226, 0.014608888, -0.017945845), (-0.99985164, -0.015331427, 0.007863358), (-0.999518, -0.030630296, 0.005056623), (-0.99983644, -0.01774529, 0.0035036737), (-0.9994832, 0.016917553, -0.027335461), (-0.99953943, 0.0061930344, -0.02971027), (-0.99973226, 0.014608888, -0.017945845), (-0.9994832, 0.016917553, -0.027335461), (-0.9996056, -0.013555396, -0.024595398), (-0.99953943, 0.0061930344, -0.02971027), (-0.99985164, -0.015331427, 0.007863358), (-0.999916, 0.005806201, 0.011592478), (-0.999518, -0.030630296, 0.005056623), (-0.99985164, -0.015331427, 0.007863358), (-0.9996866, 0.024589844, 0.004694109), (-0.999916, 0.005806201, 0.011592478), (-0.9996866, 0.024589844, 0.004694109), (-0.99890035, 0.04681981, -0.002472225), (-0.999916, 0.005806201, 0.011592478), (-0.9996056, -0.013555396, -0.024595398), (-0.9998699, -0.01607941, -0.0013276639), (-0.99953943, 0.0061930344, -0.02971027), (-0.9998699, -0.01607941, -0.0013276639), (-0.99976623, -0.020380013, 0.007229117), (-0.99953943, 0.0061930344, -0.02971027), (-0.9996866, 0.024589844, 0.004694109), (-0.9999876, 0.004748204, -0.0015122477), (-0.99890035, 0.04681981, -0.002472225), (-0.9998699, -0.01607941, -0.0013276639), (-0.99974227, -0.022640415, 0.0017099077), (-0.99976623, -0.020380013, 0.007229117), (-0.9996866, 0.024589844, 0.004694109), (-0.99999726, 0.00012351573, -0.0023407799), (-0.9999876, 0.004748204, -0.0015122477), (-0.99999726, 0.00012351573, -0.0023407799), (-0.9999998, -0.00059083133, -0.000014584745), (-0.9999876, 0.004748204, -0.0015122477), (-0.99974227, -0.022640415, 0.0017099077), (-0.99965334, -0.014189422, -0.022179315), (-0.99976623, -0.020380013, 0.007229117), (-0.99974227, -0.022640415, 0.0017099077), (-0.9989997, -0.02166343, -0.03911922), (-0.99965334, -0.014189422, -0.022179315), (-0.99999726, 0.00012351573, -0.0023407799), (-0.99987614, -0.013553771, -0.008011664), (-0.9999998, -0.00059083133, -0.000014584745), (-0.99999726, 0.00012351573, -0.0023407799), (-0.9997745, -0.018655403, -0.010144656), (-0.99987614, -0.013553771, -0.008011664), (-0.9989997, -0.02166343, -0.03911922), (-0.99958026, -0.0021971762, -0.028887829), (-0.99965334, -0.014189422, -0.022179315), (-0.99958026, -0.0021971762, -0.028887829), (-0.999961, 0.007278068, -0.005005463), (-0.99965334, -0.014189422, -0.022179315), (-0.99958026, -0.0021971762, -0.028887829), (-0.9999091, 0.00934527, -0.009727804), (-0.999961, 0.007278068, -0.005005463), (-0.9997745, -0.018655403, -0.010144656), (-0.9999861, -0.004354184, -0.0029865797), (-0.99987614, -0.013553771, -0.008011664), (-0.9999091, 0.00934527, -0.009727804), (-0.99995553, 0.009428375, -0.00013568944), (-0.999961, 0.007278068, -0.005005463), (-0.9997745, -0.018655403, -0.010144656), (-0.99973035, -0.007946224, -0.021820929), (-0.9999861, -0.004354184, -0.0029865797), (-0.99995553, 0.009428375, -0.00013568944), (-0.9999797, 0.0063731656, 0.00022836652), (-0.999961, 0.007278068, -0.005005463), (-0.99973035, -0.007946224, -0.021820929), (-0.99993, 0.011485599, -0.0028331287), (-0.9999861, -0.004354184, -0.0029865797), (-0.99995553, 0.009428375, -0.00013568944), (-0.9999764, 0.0054604225, 0.0041731987), (-0.9999797, 0.0063731656, 0.00022836652), (-0.9999764, 0.0054604225, 0.0041731987), (-0.99992794, -0.0043476657, -0.011199392), (-0.9999797, 0.0063731656, 0.00022836652), (-0.99973035, -0.007946224, -0.021820929), (-0.9990667, -0.010563245, -0.04188472), (-0.99993, 0.011485599, -0.0028331287), (-0.9999764, 0.0054604225, 0.0041731987), (-0.99995375, -0.0025187307, -0.009284029), (-0.99992794, -0.0043476657, -0.011199392), (-0.99973035, -0.007946224, -0.021820929), (-0.9992888, 0.018019244, -0.033123117), (-0.9990667, -0.010563245, -0.04188472), (-0.99995375, -0.0025187307, -0.009284029), (-0.9997906, -0.009570405, -0.018088825), (-0.99992794, -0.0043476657, -0.011199392), (-0.9992888, 0.018019244, -0.033123117), (-0.9994911, 0.031337924, 0.005970612), (-0.9990667, -0.010563245, -0.04188472), (-0.9997906, -0.009570405, -0.018088825), (-0.99991894, 0.012625128, 0.001640729), (-0.99992794, -0.0043476657, -0.011199392), (-0.9997906, -0.009570405, -0.018088825), (-0.9999936, 0.0025154166, -0.0025615038), (-0.99991894, 0.012625128, 0.001640729), (-0.9992888, 0.018019244, -0.033123117), (-0.9993295, 0.03660984, 0.00069265), (-0.9994911, 0.031337924, 0.005970612), (-0.9999936, 0.0025154166, -0.0025615038), (-0.9994098, 0.031427007, 0.0138738), (-0.99991894, 0.012625128, 0.001640729), (-0.9993295, 0.03660984, 0.00069265), (-0.9997105, 0.024004031, -0.0016830105), (-0.9994911, 0.031337924, 0.005970612), (-0.9994098, 0.031427007, 0.0138738), (-0.9996026, 0.028154286, 0.0014346398), (-0.99991894, 0.012625128, 0.001640729), (-0.9994098, 0.031427007, 0.0138738), (-0.99991626, 0.0075577414, -0.010506057), (-0.9996026, 0.028154286, 0.0014346398), (-0.9993295, 0.03660984, 0.00069265), (-0.9998205, 0.016310861, -0.009638432), (-0.9997105, 0.024004031, -0.0016830105), (-0.99991626, 0.0075577414, -0.010506057), (-0.99976355, 0.011550558, -0.018428965), (-0.9996026, 0.028154286, 0.0014346398), (-0.9993295, 0.03660984, 0.00069265), (-0.9998537, 0.016878575, -0.0027971524), (-0.9998205, 0.016310861, -0.009638432), (-0.99976355, 0.011550558, -0.018428965), (-0.9996591, 0.014486836, -0.02171909), (-0.9996026, 0.028154286, 0.0014346398), (-0.99976355, 0.011550558, -0.018428965), (-0.99955827, 0.011252488, -0.027508039), (-0.9996591, 0.014486836, -0.02171909), (-0.9998537, 0.016878575, -0.0027971524), (-0.9997534, 0.013289127, -0.017795997), (-0.9998205, 0.016310861, -0.009638432), (-0.99955827, 0.011252488, -0.027508039), (-0.9996, 0.014965929, -0.023998791), (-0.9996591, 0.014486836, -0.02171909), (-0.9996, 0.014965929, -0.023998791), (-0.9996774, 0.004610653, -0.024980357), (-0.9996591, 0.014486836, -0.02171909), (-0.9998537, 0.016878575, -0.0027971524), (-0.9999193, 0.0031154072, -0.012318762), (-0.9997534, 0.013289127, -0.017795997), (-0.9996774, 0.004610653, -0.024980357), (-0.9996949, 0.005717535, -0.024029909), (-0.9996591, 0.014486836, -0.02171909), (-0.9999193, 0.0031154072, -0.012318762), (-0.99966776, 0.0029508271, -0.025607897), (-0.9997534, 0.013289127, -0.017795997), (-0.9996774, 0.004610653, -0.024980357), (-0.99962115, 0.009884957, -0.02569246), (-0.9996949, 0.005717535, -0.024029909), (-0.9999193, 0.0031154072, -0.012318762), (-0.99997205, -0.006993184, 0.0026502325), (-0.99966776, 0.0029508271, -0.025607897), (-0.99962115, 0.009884957, -0.02569246), (-0.9997423, 0.0000817203, -0.022699617), (-0.9996949, 0.005717535, -0.024029909), (-0.9999193, 0.0031154072, -0.012318762), (-0.9999321, -0.0102012735, 0.005642428), (-0.99997205, -0.006993184, 0.0026502325), (-0.9997423, 0.0000817203, -0.022699617), (-0.9996902, -0.00852656, -0.023386339), (-0.9996949, 0.005717535, -0.024029909), (-0.9997423, 0.0000817203, -0.022699617), (-0.9996047, -0.018072536, -0.021542653), (-0.9996902, -0.00852656, -0.023386339), (-0.9999321, -0.0102012735, 0.005642428), (-0.99994665, -0.010266158, 0.0011299063), (-0.99997205, -0.006993184, 0.0026502325), (-0.9999321, -0.0102012735, 0.005642428), (-0.99986285, -0.0017512101, -0.016472798), (-0.99994665, -0.010266158, 0.0011299063), (-0.9996047, -0.018072536, -0.021542653), (-0.9996099, -0.009348699, -0.0263193), (-0.9996902, -0.00852656, -0.023386339), (-0.99986285, -0.0017512101, -0.016472798), (-0.9998211, -0.0016030967, -0.018845497), (-0.99994665, -0.010266158, 0.0011299063), (-0.9996099, -0.009348699, -0.0263193), (-0.9996345, -0.007945323, -0.025843937), (-0.9996902, -0.00852656, -0.023386339), (-0.9996099, -0.009348699, -0.0263193), (-0.9995394, -0.0025212292, -0.03024409), (-0.9996345, -0.007945323, -0.025843937), (-0.99986285, -0.0017512101, -0.016472798), (-0.99978894, 0.0002969318, -0.020546865), (-0.9998211, -0.0016030967, -0.018845497), (-0.99986285, -0.0017512101, -0.016472798), (-0.99995464, 0.0016043736, -0.009393578), (-0.99978894, 0.0002969318, -0.020546865), (-0.9995394, -0.0025212292, -0.03024409), (-0.9997107, -0.0056327977, -0.023383927), (-0.9996345, -0.007945323, -0.025843937), (-0.99995464, 0.0016043736, -0.009393578), (-0.99983567, -0.015788207, 0.008910627), (-0.99978894, 0.0002969318, -0.020546865), (-0.99963874, -0.026877787, -0.00006959092), (-0.9996345, -0.007945323, -0.025843937), (-0.9997107, -0.0056327977, -0.023383927), (-0.99963874, -0.026877787, -0.00006959092), (-0.9997107, -0.0056327977, -0.023383927), (-0.999814, -0.0018827784, -0.0192011), (-0.99995464, 0.0016043736, -0.009393578), (-0.9999835, 0.005737991, -0.0004655429), (-0.99983567, -0.015788207, 0.008910627), (-0.99995464, 0.0016043736, -0.009393578), (-0.9997001, -0.018117175, 0.016476909), (-0.9999835, 0.005737991, -0.0004655429), (-0.99963874, -0.026877787, -0.00006959092), (-0.999814, -0.0018827784, -0.0192011), (-0.99941933, -0.029714623, 0.01667375), (-0.9997001, -0.018117175, 0.016476909), (-0.99941933, -0.029714623, 0.01667375), (-0.9999835, 0.005737991, -0.0004655429), (-0.9997001, -0.018117175, 0.016476909), (-0.99963874, -0.026877787, -0.00006959092), (-0.99941933, -0.029714623, 0.01667375), (-0.9998978, -0.014067484, 0.0025595655), (-0.9996005, 0.024225656, -0.01455943), (-0.9994958, -0.03096688, 0.0070187855), (-0.9994958, -0.03096688, 0.0070187855), (-0.99984634, -0.01636767, 0.0062872227), (-0.9998978, -0.014067484, 0.0025595655), (-0.9998978, -0.014067484, 0.0025595655), (-0.99932677, 0.036579102, 0.0028387539), (-0.9996005, 0.024225656, -0.01455943), (-0.9994958, -0.03096688, 0.0070187855), (-0.99981433, -0.014724575, 0.012433459), (-0.99984634, -0.01636767, 0.0062872227), (-0.99932677, 0.036579102, 0.0028387539), (-0.9995954, 0.019743554, -0.02047781), (-0.9996005, 0.024225656, -0.01455943), (-0.99981433, -0.014724575, 0.012433459), (-0.99947804, -0.02900096, 0.01423705), (-0.99984634, -0.01636767, 0.0062872227), (-0.9995954, 0.019743554, -0.02047781), (-0.99949753, 0.008029013, -0.030666627), (-0.9996005, 0.024225656, -0.01455943), (-0.9995954, 0.019743554, -0.02047781), (-0.9996044, -0.020505026, -0.019251917), (-0.99949753, 0.008029013, -0.030666627), (-0.99981433, -0.014724575, 0.012433459), (-0.9998688, -8.954528e-8, 0.016198337), (-0.99947804, -0.02900096, 0.01423705), (-0.99981433, -0.014724575, 0.012433459), (-0.99989724, 0.013466796, 0.004919105), (-0.9998688, -8.954528e-8, 0.016198337), (-0.99989724, 0.013466796, 0.004919105), (-0.9989107, 0.046606224, 0.0022613155), (-0.9998688, -8.954528e-8, 0.016198337), (-0.9996044, -0.020505026, -0.019251917), (-0.9998222, -0.018604781, -0.0031073058), (-0.99949753, 0.008029013, -0.030666627), (-0.9998222, -0.018604781, -0.0031073058), (-0.9996794, -0.023861092, 0.008469196), (-0.99949753, 0.008029013, -0.030666627), (-0.99989724, 0.013466796, 0.004919105), (-0.9999819, 0.0011253373, -0.0059151924), (-0.9989107, 0.046606224, 0.0022613155), (-0.9998222, -0.018604781, -0.0031073058), (-0.99966943, -0.025393423, 0.004015291), (-0.9996794, -0.023861092, 0.008469196), (-0.99989724, 0.013466796, 0.004919105), (-0.9999755, 0.0009794672, -0.006940945), (-0.9999819, 0.0011253373, -0.0059151924), (-0.9999755, 0.0009794672, -0.006940945), (-0.9999592, 0.0021043834, -0.00879171), (-0.9999819, 0.0011253373, -0.0059151924), (-0.99966943, -0.025393423, 0.004015291), (-0.9996263, -0.013885807, -0.023551052), (-0.9996794, -0.023861092, 0.008469196), (-0.99966943, -0.025393423, 0.004015291), (-0.9987165, -0.02087297, -0.046151306), (-0.9996263, -0.013885807, -0.023551052), (-0.9999755, 0.0009794672, -0.006940945), (-0.9999713, 0.006035644, -0.004591102), (-0.9999592, 0.0021043834, -0.00879171), (-0.9999755, 0.0009794672, -0.006940945), (-0.9999792, 0.0022514935, -0.006045993), (-0.9999713, 0.006035644, -0.004591102), (-0.9987165, -0.02087297, -0.046151306), (-0.9995815, 0.0016478954, -0.02888062), (-0.9996263, -0.013885807, -0.023551052), (-0.9995815, 0.0016478954, -0.02888062), (-0.9999599, 0.008397724, -0.0031154815), (-0.9996263, -0.013885807, -0.023551052), (-0.9995815, 0.0016478954, -0.02888062), (-0.9999323, 0.011568185, -0.0012870686), (-0.9999599, 0.008397724, -0.0031154815), (-0.9999792, 0.0022514935, -0.006045993), (-0.9998699, -0.010336043, -0.012389188), (-0.9999713, 0.006035644, -0.004591102), (-0.9999323, 0.011568185, -0.0012870686), (-0.9999742, 0.006535219, -0.0029984252), (-0.9999599, 0.008397724, -0.0031154815), (-0.9999792, 0.0022514935, -0.006045993), (-0.9996466, -0.01469703, -0.022155331), (-0.9998699, -0.010336043, -0.012389188), (-0.9999742, 0.006535219, -0.0029984252), (-0.9999902, 0.004357035, 0.0008587632), (-0.9999599, 0.008397724, -0.0031154815), (-0.9996466, -0.01469703, -0.022155331), (-0.99996334, -0.006798286, -0.0052048666), (-0.9998699, -0.010336043, -0.012389188), (-0.9999742, 0.006535219, -0.0029984252), (-0.9999907, 0.0038506836, 0.0019633318), (-0.9999902, 0.004357035, 0.0008587632), (-0.9999907, 0.0038506836, 0.0019633318), (-0.999966, 0.000042389715, -0.00824059), (-0.9999902, 0.004357035, 0.0008587632), (-0.9996466, -0.01469703, -0.022155331), (-0.9996356, -0.003595835, -0.026755257), (-0.99996334, -0.006798286, -0.0052048666), (-0.9999907, 0.0038506836, 0.0019633318), (-0.99993086, 0.0020272422, -0.011582446), (-0.999966, 0.000042389715, -0.00824059), (-0.9996466, -0.01469703, -0.022155331), (-0.9993062, 0.014667025, -0.034237582), (-0.9996356, -0.003595835, -0.026755257), (-0.99993086, 0.0020272422, -0.011582446), (-0.9999668, -0.0003290189, -0.008150453), (-0.999966, 0.000042389715, -0.00824059), (-0.9993062, 0.014667025, -0.034237582), (-0.9996523, 0.026358457, 0.00064292166), (-0.9996356, -0.003595835, -0.026755257), (-0.9999668, -0.0003290189, -0.008150453), (-0.9999546, 0.008578182, -0.004174306), (-0.999966, 0.000042389715, -0.00824059), (-0.9999668, -0.0003290189, -0.008150453), (-0.9999032, -0.008270789, -0.011197678), (-0.9999546, 0.008578182, -0.004174306), (-0.9993062, 0.014667025, -0.034237582), (-0.99935347, 0.035559244, -0.005320777), (-0.9996523, 0.026358457, 0.00064292166), (-0.9999032, -0.008270789, -0.011197678), (-0.9995648, 0.029021258, 0.0053061666), (-0.9999546, 0.008578182, -0.004174306), (-0.99935347, 0.035559244, -0.005320777), (-0.99963146, 0.027006987, -0.0027479324), (-0.9996523, 0.026358457, 0.00064292166), (-0.9995648, 0.029021258, 0.0053061666), (-0.9997058, 0.024241462, -0.0008497359), (-0.9999546, 0.008578182, -0.004174306), (-0.9995648, 0.029021258, 0.0053061666), (-0.9998078, 0.019305373, -0.0034323009), (-0.9997058, 0.024241462, -0.0008497359), (-0.99935347, 0.035559244, -0.005320777), (-0.9997575, 0.019402755, -0.010421998), (-0.99963146, 0.027006987, -0.0027479324), (-0.9998078, 0.019305373, -0.0034323009), (-0.99981034, -0.0016646299, -0.019407574), (-0.9997058, 0.024241462, -0.0008497359), (-0.99935347, 0.035559244, -0.005320777), (-0.9998041, 0.019793252, -0.00020855076), (-0.9997575, 0.019402755, -0.010421998), (-0.99981034, -0.0016646299, -0.019407574), (-0.99981076, 0.009027288, -0.017235756), (-0.9997058, 0.024241462, -0.0008497359), (-0.99981034, -0.0016646299, -0.019407574), (-0.99979466, 0.007510309, -0.018821228), (-0.99981076, 0.009027288, -0.017235756), (-0.9998041, 0.019793252, -0.00020855076), (-0.9997715, 0.015042182, -0.015192587), (-0.9997575, 0.019402755, -0.010421998), (-0.99979466, 0.007510309, -0.018821228), (-0.99981326, 0.012055182, -0.015104491), (-0.99981076, 0.009027288, -0.017235756), (-0.99981326, 0.012055182, -0.015104491), (-0.99980474, 0.00838643, -0.017898753), (-0.99981076, 0.009027288, -0.017235756), (-0.9998041, 0.019793252, -0.00020855076), (-0.9999356, 0.0018801249, -0.011196405), (-0.9997715, 0.015042182, -0.015192587), (-0.99980474, 0.00838643, -0.017898753), (-0.99972, 0.013009922, -0.019767022), (-0.99981076, 0.009027288, -0.017235756), (-0.9999356, 0.0018801249, -0.011196405), (-0.9994705, 0.0047050477, -0.032200012), (-0.9997715, 0.015042182, -0.015192587), (-0.99980474, 0.00838643, -0.017898753), (-0.99973965, 0.00948572, -0.020754205), (-0.99972, 0.013009922, -0.019767022), (-0.9999356, 0.0018801249, -0.011196405), (-0.99988604, -0.01404246, 0.0055396203), (-0.9994705, 0.0047050477, -0.032200012), (-0.99973965, 0.00948572, -0.020754205), (-0.9997271, 0.010547749, -0.020849384), (-0.99972, 0.013009922, -0.019767022), (-0.9999356, 0.0018801249, -0.011196405), (-0.9999086, -0.013277217, 0.0025623753), (-0.99988604, -0.01404246, 0.0055396203), (-0.9997271, 0.010547749, -0.020849384), (-0.9997749, -0.0010677981, -0.021192735), (-0.99972, 0.013009922, -0.019767022), (-0.9997271, 0.010547749, -0.020849384), (-0.99976075, -0.010756051, -0.019047193), (-0.9997749, -0.0010677981, -0.021192735), (-0.9999086, -0.013277217, 0.0025623753), (-0.9999643, -0.0068538934, -0.004942846), (-0.99988604, -0.01404246, 0.0055396203), (-0.9999086, -0.013277217, 0.0025623753), (-0.9999565, 0.00023523762, -0.009332031), (-0.9999643, -0.0068538934, -0.004942846), (-0.99976075, -0.010756051, -0.019047193), (-0.99966425, -0.013728548, -0.021976503), (-0.9997749, -0.0010677981, -0.021192735), (-0.9999565, 0.00023523762, -0.009332031), (-0.9999937, -0.0033283122, -0.001281053), (-0.9999643, -0.0068538934, -0.004942846), (-0.99966425, -0.013728548, -0.021976503), (-0.999646, -0.0033448143, -0.026396887), (-0.9997749, -0.0010677981, -0.021192735), (-0.99966425, -0.013728548, -0.021976503), (-0.9995297, -0.0015201527, -0.030629484), (-0.999646, -0.0033448143, -0.026396887), (-0.9999565, 0.00023523762, -0.009332031), (-0.9999936, 0.00028067295, -0.0035755509), (-0.9999937, -0.0033283122, -0.001281053), (-0.9999565, 0.00023523762, -0.009332031), (-0.99999714, 0.0006713164, -0.0023353184), (-0.9999936, 0.00028067295, -0.0035755509), (-0.9995297, -0.0015201527, -0.030629484), (-0.9996589, 0.00020905335, -0.026119972), (-0.999646, -0.0033448143, -0.026396887), (-0.99999714, 0.0006713164, -0.0023353184), (-0.9999998, -0.0005908576, -0.000014597624), (-0.9999936, 0.00028067295, -0.0035755509), (-0.99966025, -0.025622973, -0.0047812145), (-0.999646, -0.0033448143, -0.026396887), (-0.9996589, 0.00020905335, -0.026119972), (-0.99966025, -0.025622973, -0.0047812145), (-0.9996589, 0.00020905335, -0.026119972), (-0.9997456, -0.012253669, -0.018934717), (-0.99999714, 0.0006713164, -0.0023353184), (-0.9999998, -0.0005908961, -0.000014584061), (-0.9999998, -0.0005908576, -0.000014597624), (-0.99999714, 0.0006713164, -0.0023353184), (-0.9995036, -0.027439076, 0.015485821), (-0.9999998, -0.0005908961, -0.000014584061), (-0.99966025, -0.025622973, -0.0047812145), (-0.9997456, -0.012253669, -0.018934717), (-0.999492, -0.03062899, 0.00880947), (-0.9995036, -0.027439076, 0.015485821), (-0.999492, -0.03062899, 0.00880947), (-0.9999998, -0.0005908961, -0.000014584061), (-0.9995036, -0.027439076, 0.015485821), (-0.99966025, -0.025622973, -0.0047812145), (-0.999492, -0.03062899, 0.00880947), (-0.9999867, -0.0024761625, -0.004524126), (-0.99960476, 0.021508547, -0.018103031), (-0.9997387, -0.022272427, 0.005144246), (-0.9997387, -0.022272427, 0.005144246), (-0.99991363, -0.011788433, 0.0058167204), (-0.9999867, -0.0024761625, -0.004524126), (-0.9999867, -0.0024761625, -0.004524126), (-0.99970293, 0.02437134, -0.00048368634), (-0.99960476, 0.021508547, -0.018103031), (-0.9997387, -0.022272427, 0.005144246), (-0.99977416, -0.018926285, 0.009667363), (-0.99991363, -0.011788433, 0.0058167204), (-0.99970293, 0.02437134, -0.00048368634), (-0.99978817, 0.0063791443, -0.019566553), (-0.99960476, 0.021508547, -0.018103031), (-0.99977416, -0.018926285, 0.009667363), (-0.9995164, -0.030683082, 0.005060914), (-0.99991363, -0.011788433, 0.0058167204), (-0.99978817, 0.0063791443, -0.019566553), (-0.99972063, -0.004333262, -0.023233933), (-0.99960476, 0.021508547, -0.018103031), (-0.99978817, 0.0063791443, -0.019566553), (-0.99960726, -0.024402944, -0.013778929), (-0.99972063, -0.004333262, -0.023233933), (-0.99977416, -0.018926285, 0.009667363), (-0.9998411, -0.0103922915, 0.014486626), (-0.9995164, -0.030683082, 0.005060914), (-0.99977416, -0.018926285, 0.009667363), (-0.9998439, 0.016583737, 0.006106294), (-0.9998411, -0.0103922915, 0.014486626), (-0.9998439, 0.016583737, 0.006106294), (-0.9989149, 0.046519414, 0.0022729365), (-0.9998411, -0.0103922915, 0.014486626), (-0.99960726, -0.024402944, -0.013778929), (-0.999671, -0.02553156, -0.0024516291), (-0.99972063, -0.004333262, -0.023233933), (-0.999671, -0.02553156, -0.0024516291), (-0.99971837, -0.023732763, 0.00018921384), (-0.99972063, -0.004333262, -0.023233933), (-0.9998439, 0.016583737, 0.006106294), (-0.9999951, -0.00014134415, -0.0031230783), (-0.9989149, 0.046519414, 0.0022729365), (-0.999671, -0.02553156, -0.0024516291), (-0.99978286, -0.020123228, -0.005422766), (-0.99971837, -0.023732763, 0.00018921384), (-0.9998439, 0.016583737, 0.006106294), (-0.99998796, -0.004179081, -0.0025713455), (-0.9999951, -0.00014134415, -0.0031230783), (-0.99998796, -0.004179081, -0.0025713455), (-0.99996346, -0.008173935, -0.002513833), (-0.9999951, -0.00014134415, -0.0031230783), (-0.99978286, -0.020123228, -0.005422766), (-0.9996753, -0.012714124, -0.022088163), (-0.99971837, -0.023732763, 0.00018921384), (-0.99978286, -0.020123228, -0.005422766), (-0.9990898, -0.018075855, -0.038638487), (-0.9996753, -0.012714124, -0.022088163), (-0.99998796, -0.004179081, -0.0025713455), (-0.9999998, -0.00059088034, -0.000014611384), (-0.99996346, -0.008173935, -0.002513833), (-0.99998796, -0.004179081, -0.0025713455), (-0.99998665, -0.004299102, -0.0029098182), (-0.9999998, -0.00059088034, -0.000014611384), (-0.9990898, -0.018075855, -0.038638487), (-0.99946755, -0.0007799306, -0.03261874), (-0.9996753, -0.012714124, -0.022088163), (-0.99946755, -0.0007799306, -0.03261874), (-0.99988824, 0.006106248, -0.013653519), (-0.9996753, -0.012714124, -0.022088163), (-0.99946755, -0.0007799306, -0.03261874), (-0.99983823, 0.0073514595, -0.016421432), (-0.99988824, 0.006106248, -0.013653519), (-0.99998665, -0.004299102, -0.0029098182), (-0.9999857, -0.003396575, -0.0041379705), (-0.9999998, -0.00059088034, -0.000014611384), (-0.99983823, 0.0073514595, -0.016421432), (-0.99988353, 0.0065605743, -0.013782439), (-0.99988824, 0.006106248, -0.013653519), (-0.99998665, -0.004299102, -0.0029098182), (-0.9998437, -0.0054131346, -0.016834708), (-0.9999857, -0.003396575, -0.0041379705), (-0.99988353, 0.0065605743, -0.013782439), (-0.999941, 0.008618402, -0.0066171996), (-0.99988824, 0.006106248, -0.013653519), (-0.9998437, -0.0054131346, -0.016834708), (-0.99996066, 0.008683845, 0.0018181392), (-0.9999857, -0.003396575, -0.0041379705), (-0.99988353, 0.0065605743, -0.013782439), (-0.99993825, 0.011095807, -0.000708669), (-0.999941, 0.008618402, -0.0066171996), (-0.99993825, 0.011095807, -0.000708669), (-0.99996823, 0.006527386, -0.0046022777), (-0.999941, 0.008618402, -0.0066171996), (-0.9998437, -0.0054131346, -0.016834708), (-0.99949354, -0.0026487915, -0.03171242), (-0.99996066, 0.008683845, 0.0018181392), (-0.99993825, 0.011095807, -0.000708669), (-0.99989533, 0.014416245, 0.0012269339), (-0.99996823, 0.006527386, -0.0046022777), (-0.9998437, -0.0054131346, -0.016834708), (-0.99959844, 0.0030745962, -0.028171696), (-0.99949354, -0.0026487915, -0.03171242), (-0.99989533, 0.014416245, 0.0012269339), (-0.99994355, -0.0017659598, -0.010486063), (-0.99996823, 0.006527386, -0.0046022777), (-0.99959844, 0.0030745962, -0.028171696), (-0.9998656, 0.0149933975, -0.006646956), (-0.99949354, -0.0026487915, -0.03171242), (-0.99994355, -0.0017659598, -0.010486063), (-0.9997956, 0.01861272, 0.007899357), (-0.99996823, 0.006527386, -0.0046022777), (-0.99994355, -0.0017659598, -0.010486063), (-0.9999543, 0.008744568, 0.0038869928), (-0.9997956, 0.01861272, 0.007899357), (-0.99959844, 0.0030745962, -0.028171696), (-0.99978226, 0.01997649, 0.00602153), (-0.9998656, 0.0149933975, -0.006646956), (-0.9999543, 0.008744568, 0.0038869928), (-0.99921733, 0.0352652, 0.017918138), (-0.9997956, 0.01861272, 0.007899357), (-0.99978226, 0.01997649, 0.00602153), (-0.99985725, 0.013359404, 0.010351878), (-0.9998656, 0.0149933975, -0.006646956), (-0.99921733, 0.0352652, 0.017918138), (-0.99978715, 0.020371892, -0.0032788871), (-0.9997956, 0.01861272, 0.007899357), (-0.99921733, 0.0352652, 0.017918138), (-0.9998219, 0.002823166, -0.018659241), (-0.99978715, 0.020371892, -0.0032788871), (-0.99978226, 0.01997649, 0.00602153), (-0.9997641, 0.02172275, -0.00020088171), (-0.99985725, 0.013359404, 0.010351878), (-0.9998219, 0.002823166, -0.018659241), (-0.99980557, 0.009279778, -0.017404534), (-0.99978715, 0.020371892, -0.0032788871), (-0.99978226, 0.01997649, 0.00602153), (-0.9996546, 0.024111904, -0.010463473), (-0.9997641, 0.02172275, -0.00020088171), (-0.99980557, 0.009279778, -0.017404534), (-0.9998444, 0.008528801, -0.015445836), (-0.99978715, 0.020371892, -0.0032788871), (-0.99980557, 0.009279778, -0.017404534), (-0.9998139, 0.01476793, -0.012414573), (-0.9998444, 0.008528801, -0.015445836), (-0.9996546, 0.024111904, -0.010463473), (-0.9993995, 0.020459723, -0.027968837), (-0.9997641, 0.02172275, -0.00020088171), (-0.9998139, 0.01476793, -0.012414573), (-0.9998626, 0.0045061787, -0.015952663), (-0.9998444, 0.008528801, -0.015445836), (-0.9998626, 0.0045061787, -0.015952663), (-0.9998668, 0.0027706602, -0.016089259), (-0.9998444, 0.008528801, -0.015445836), (-0.9996546, 0.024111904, -0.010463473), (-0.99963605, 0.00678207, -0.02611164), (-0.9993995, 0.020459723, -0.027968837), (-0.9998668, 0.0027706602, -0.016089259), (-0.999833, 0.0054897782, -0.017434062), (-0.9998444, 0.008528801, -0.015445836), (-0.99963605, 0.00678207, -0.02611164), (-0.9989463, 0.00568213, -0.04554251), (-0.9993995, 0.020459723, -0.027968837), (-0.9998668, 0.0027706602, -0.016089259), (-0.99986875, 0.00091171416, -0.016182639), (-0.999833, 0.0054897782, -0.017434062), (-0.99963605, 0.00678207, -0.02611164), (-0.9999414, -0.010080147, 0.003941943), (-0.9989463, 0.00568213, -0.04554251), (-0.99986875, 0.00091171416, -0.016182639), (-0.99979854, 0.0053243586, -0.019353274), (-0.999833, 0.0054897782, -0.017434062), (-0.99963605, 0.00678207, -0.02611164), (-0.99991775, -0.0094057005, 0.008720326), (-0.9999414, -0.010080147, 0.003941943), (-0.99979854, 0.0053243586, -0.019353274), (-0.9997808, 0.0023469387, -0.020809585), (-0.999833, 0.0054897782, -0.017434062), (-0.99979854, 0.0053243586, -0.019353274), (-0.9997794, -0.0026873879, -0.020829732), (-0.9997808, 0.0023469387, -0.020809585), (-0.99991775, -0.0094057005, 0.008720326), (-0.99993676, -0.006226449, 0.0093758665), (-0.9999414, -0.010080147, 0.003941943), (-0.99991775, -0.0094057005, 0.008720326), (-0.99998915, 0.0005422821, -0.0046448126), (-0.99993676, -0.006226449, 0.0093758665), (-0.9997794, -0.0026873879, -0.020829732), (-0.9997751, -0.003971788, -0.02083443), (-0.9997808, 0.0023469387, -0.020809585), (-0.99998915, 0.0005422821, -0.0046448126), (-0.9999599, 0.0040157987, -0.008018613), (-0.99993676, -0.006226449, 0.0093758665), (-0.9997751, -0.003971788, -0.02083443), (-0.9997907, -0.009424313, -0.018155636), (-0.9997808, 0.0023469387, -0.020809585), (-0.9997751, -0.003971788, -0.02083443), (-0.9997691, -0.0072328397, -0.020237379), (-0.9997907, -0.009424313, -0.018155636), (-0.99998915, 0.0005422821, -0.0046448126), (-0.9999932, -0.0033060154, -0.0016965708), (-0.9999599, 0.0040157987, -0.008018613), (-0.99998915, 0.0005422821, -0.0046448126), (-0.99998575, -0.004747729, 0.0024467227), (-0.9999932, -0.0033060154, -0.0016965708), (-0.9997691, -0.0072328397, -0.020237379), (-0.99973774, -0.018502804, -0.013501396), (-0.9997907, -0.009424313, -0.018155636), (-0.99998575, -0.004747729, 0.0024467227), (-0.99995494, -0.0068803467, 0.006552572), (-0.9999932, -0.0033060154, -0.0016965708), (-0.9996659, -0.025549954, -0.0039098025), (-0.9997907, -0.009424313, -0.018155636), (-0.99973774, -0.018502804, -0.013501396), (-0.9996659, -0.025549954, -0.0039098025), (-0.99973774, -0.018502804, -0.013501396), (-0.99976313, -0.011839368, -0.018263005), (-0.99998575, -0.004747729, 0.0024467227), (-0.9999998, -0.0005908703, -0.0000146361635), (-0.99995494, -0.0068803467, 0.006552572), (-0.99998575, -0.004747729, 0.0024467227), (-0.999706, -0.021155555, 0.011858007), (-0.9999998, -0.0005908703, -0.0000146361635), (-0.9996659, -0.025549954, -0.0039098025), (-0.99976313, -0.011839368, -0.018263005), (-0.99980986, -0.01934435, 0.002492021), (-0.999706, -0.021155555, 0.011858007), (-0.99980986, -0.01934435, 0.002492021), (-0.9999998, -0.0005908703, -0.0000146361635), (-0.999706, -0.021155555, 0.011858007), (-0.9996659, -0.025549954, -0.0039098025), (-0.99980986, -0.01934435, 0.002492021), (-0.031176219, -0.82900363, 0.55837363), (-0.99959844, 0.0030745962, -0.028171696), (-0.07461831, -0.64202064, 0.7630476), (0.026016654, -0.80619204, 0.59108174), (-0.99978226, 0.01997649, 0.00602153), (-0.11842119, -0.8652627, 0.48713136), (-0.11842119, -0.8652627, 0.48713136), (-0.10666834, -0.96360385, 0.24513201), (-0.9996546, 0.024111904, -0.010463473), (-0.9996546, 0.024111904, -0.010463473), (0.026016654, -0.80619204, 0.59108174), (-0.11842119, -0.8652627, 0.48713136), (-0.99954724, -0.029095871, -0.0076704486), (0.013156838, 0.99360394, -0.11215235), (-0.99996585, 0.0034955076, -0.0074955695), (-0.99974155, -0.009456166, 0.020677574), (-0.049797196, 0.9684578, 0.24415104), (-0.99956113, 0.005109677, -0.029179864), (-0.9996026, 0.028154286, 0.0014346398), (-0.0836796, 0.72019184, -0.68871003), (-0.99991894, 0.012625128, 0.001640729), (-0.99935347, 0.035559244, -0.005320777), (-0.9993062, 0.014667025, -0.034237582), (-0.08388954, -0.80989873, 0.58054006), (-0.9999785, -0.0020346604, 0.00624858), (-0.99973625, -0.02203852, 0.006460364), (0.06684996, 0.39810592, -0.91490036), (-0.99997526, 0.0032222087, -0.0062476895), (-0.9999785, -0.0020346604, 0.00624858), (0.06783852, 0.21388191, -0.9745012), (-0.99978715, 0.020371892, -0.0032788871), (-0.049877014, 0.84707165, -0.5291331), (-0.9997956, 0.01861272, 0.007899357), (-0.99968934, -0.019818136, 0.015114566), (-0.0736817, -0.2624026, -0.96214134), (-0.9999979, 0.0013453354, -0.0015514317), (-0.9998965, 0.002065992, -0.0142367985), (-0.056964878, -0.55663025, 0.8288051), (-0.99923027, -0.038143348, -0.009175215), (-0.99973035, -0.007946224, -0.021820929), (-0.032984715, -0.5085502, 0.86040026), (-0.9992888, 0.018019244, -0.033123117), (-0.9993295, 0.03660984, 0.00069265), (-0.9992888, 0.018019244, -0.033123117), (-0.08288455, -0.8084068, 0.58275944), (-0.9998537, 0.016878575, -0.0027971524), (-0.9993295, 0.03660984, 0.00069265), (-0.028405726, -0.8618962, 0.50628847), (-0.9999321, -0.0102012735, 0.005642428), (-0.9999193, 0.0031154072, -0.012318762), (-0.02952047, -0.9975192, 0.063907355), (-0.99995464, 0.0016043736, -0.009393578), (-0.99986285, -0.0017512101, -0.016472798), (-0.029196922, -0.90227735, -0.43016648), (-0.99986285, -0.0017512101, -0.016472798), (-0.9999321, -0.0102012735, 0.005642428), (-0.029366378, -0.9826457, -0.18315361), (-0.99991894, 0.012625128, 0.001640729), (-0.08154567, 0.867398, -0.49088794), (-0.99992794, -0.0043476657, -0.011199392), (-0.9996466, -0.01469703, -0.022155331), (-0.033126514, -0.507634, 0.86093575), (-0.9993062, 0.014667025, -0.034237582), (-0.9999086, -0.013277217, 0.0025623753), (-0.9999356, 0.0018801249, -0.011196405), (-0.028881956, -0.997848, 0.05886718), (-0.9999565, 0.00023523762, -0.009332031), (-0.9999086, -0.013277217, 0.0025623753), (-0.029029071, -0.9821488, -0.18585283), (-0.9999546, 0.008578182, -0.004174306), (-0.0819413, 0.86787033, -0.48998648), (-0.999966, 0.000042389715, -0.00824059), (-0.999944, -0.008474971, 0.006353946), (-0.9999282, -0.011958324, -0.00080704433), (-0.00059075665, 0.9999922, -0.0039044279), (-0.9999998, -0.0005908554, -0.000014604738), (-0.00059075665, 0.9999922, -0.0039044279), (-0.9999282, -0.011958324, -0.00080704433), (-0.9999998, -0.0005908554, -0.000014604738), (-0.99948364, 0.0031079408, -0.031983748), (-0.06862076, -0.6891862, 0.72132754), (-0.99999726, -0.0021139125, -0.0010838731), (-0.06862076, -0.6891862, 0.72132754), (-0.99948364, 0.0031079408, -0.031983748), (-0.99999726, -0.0021139125, -0.0010838731), (-0.99928814, -0.007191997, -0.03703492), (-0.00059075665, 0.9999922, -0.0039044279), (-0.9999998, -0.0005908748, -0.000014586499), (-0.00059075665, 0.9999922, -0.0039044279), (-0.99928814, -0.007191997, -0.03703492), (-0.9999998, -0.0005908748, -0.000014586499), (-0.99961036, 0.026809517, 0.007771443), (-0.00059075665, 0.9999922, -0.0039044279), (-0.9987121, 0.012674884, 0.049128607), (-0.00059075665, 0.9999922, -0.0039044279), (-0.99961036, 0.026809517, 0.007771443), (-0.9998552, -0.012261826, 0.011804613), (-0.059835695, -0.49396324, 0.86742145), (-0.99981815, 0.010244213, 0.016088601), (-0.99988794, 0.006500778, 0.013489395), (-0.059505694, -0.6304028, 0.77398425), (-0.9998552, -0.012261826, 0.011804613), (-0.9998895, 0.0076247407, 0.012769962), (-0.058272284, -0.73560935, 0.6748949), (-0.99988794, 0.006500778, 0.013489395), (-0.9992527, 0.03407616, -0.018245755), (-0.99993724, 0.009593752, -0.0057964805), (-0.003620003, 0.8911568, 0.45368123), (-0.9999664, 0.008175733, -0.0006670558), (0.0031762924, -0.9296032, 0.36854813), (-0.9997821, 0.016441077, 0.012864096), (-0.9997828, 0.012450916, 0.01671641), (-0.9997821, 0.016441077, 0.012864096), (-0.007586287, -0.99311775, 0.11687412), (-0.9994587, 0.025148995, 0.021210732), (0.0831125, 0.615184, -0.7839905), (-0.9998198, -0.000986842, 0.018959908), (-0.9999508, 0.008432924, -0.0052200714), (-0.9999831, 0.0058246, -0.00016486419), (0.06354134, -0.10459016, -0.9924835), (-0.999654, 0.023814302, 0.011176183), (-0.99990636, 0.01343058, 0.0026436413), (0.029425453, 0.785394, 0.6182964), (-0.99990636, 0.01343058, 0.0026436413), (-0.9999784, 0.00565239, -0.0033497973), (0.028727153, 0.9134137, 0.40601748), (-0.99998575, -0.004747729, 0.0024467227), (-0.99998915, 0.0005422821, -0.0046448126), (0.028949527, -0.946635, -0.3210048), (-0.99998915, 0.0005422821, -0.0046448126), (-0.99991775, -0.0094057005, 0.008720326), (0.029480942, -0.99740016, -0.065757185), (-0.999706, -0.021155555, 0.011858007), (-0.99998575, -0.004747729, 0.0024467227), (0.040871125, -0.88245046, -0.46862665), (-0.99996823, 0.006527386, -0.0046022777), (-0.0023548612, 0.91448486, -0.40461332), (-0.999941, 0.008618402, -0.0066171996), (-0.99971837, -0.023732763, 0.00018921384), (-0.00071379985, 0.8523422, 0.5229841), (-0.99972063, -0.004333262, -0.023233933), (-0.9996753, -0.012714124, -0.022088163), (-0.049525566, 0.7702711, 0.6357906), (-0.99971837, -0.023732763, 0.00018921384), (-0.9993088, -0.0328355, 0.017427886), (-0.08656282, 0.941401, -0.32599258), (0.0033574342, 0.56649387, -0.8240591), (-0.9998886, 0.013658258, -0.0060231686), (-0.9998255, 0.01625317, -0.009216195), (0.03078922, 0.9934205, 0.11030813), (-0.9999614, -0.007716292, -0.004200887), (-0.99992096, -0.010813698, 0.006424247), (0.04094935, 0.5234742, 0.85105693), (-0.9999979, 0.0013453354, -0.0015514317), (-0.08524674, -0.036749188, -0.99568194), (-0.99997073, 0.0072863037, -0.0023844915), (-0.99981046, 0.008761624, 0.017385261), (-0.99907684, -0.017152324, 0.039387397), (-0.024049064, -0.92578727, 0.3772792), (-0.9978353, 0.03557042, 0.05531323), (-0.9999316, -0.005184443, 0.010496317), (-0.00059075665, 0.9999922, -0.0039044279), (-0.99994665, 0.0014490401, 0.010229519), (-0.9995973, 0.022446614, 0.017367464), (-0.011287044, 0.35767338, -0.9337786), (-0.998256, 0.045929167, 0.03708666), (-0.07117622, 0.9905998, -0.116815895), (-0.99888164, 0.02485418, 0.04022119), (-0.99969125, -0.017035633, -0.01809086), (-0.06333983, 0.24337693, -0.9678614), (-0.9996751, 0.021789152, -0.013227912), (-0.9996751, 0.021789152, -0.013227912), (-0.061385367, 0.013026105, -0.9980292), (-0.99992967, -0.006526811, -0.009906352), (-0.99992967, -0.006526811, -0.009906352), (-0.06217697, -0.2310211, -0.9709601), (-0.999953, -0.0008346837, -0.009666938), (-0.999953, -0.0008346837, -0.009666938), (-0.063650236, -0.45787537, -0.88673496), (-0.9998984, -0.012713757, 0.006455863), (-0.9999332, -0.009496296, -0.0066044894), (-0.041303106, -0.9563126, 0.2894136), (-0.9931756, 0.018487072, 0.1151543), (-0.00059075665, 0.9999922, -0.0039044279), (-0.9938931, 0.10953931, 0.013333688), (0.18698294, -0.9809259, -0.053121764), (-0.9999207, 0.011455182, 0.005250424), (-0.06117297, 0.95643806, -0.28545442), (-0.9992016, -0.024538612, -0.031530183), (-0.9998639, 0.014255353, -0.008307014), (-0.05941316, 0.9940213, -0.0916061), (-0.9999207, 0.011455182, 0.005250424), (-0.99931896, -0.00997281, 0.035526905), (-0.999677, 0.01801605, -0.017929079), (0.030977352, -0.9985311, -0.044452813), (-0.99982256, -0.007567637, -0.017255167), (-0.999741, 0.02190819, -0.0061735874), (-0.031346116, 0.3653147, -0.93035626), (-0.99930793, 0.037084173, -0.002914905), (-0.99981123, 0.013527642, 0.013947489), (-0.10500526, 0.9753269, -0.19419417), (-0.9996528, -0.023084933, 0.012704195), (-0.000034430075, 0.033648174, 0.9994338), (-0.9904653, -0.005221172, -0.1376644), (-0.9998223, -0.007185593, 0.01742691), (-0.9904653, -0.005221172, -0.1376644), (-0.000034430075, 0.033648174, 0.9994338), (-0.9996468, 0.025040746, -0.008903875), (-0.99928147, 0.023469543, -0.029760826), (-0.017192062, -0.5890466, 0.80791616), (-0.99948287, -0.006554112, 0.031482615), (-0.06822127, 0.9960705, -0.056475442), (-0.999984, 0.00043642797, -0.0056431317), (-0.9996005, 0.024225656, -0.01455943), (-0.99949753, 0.008029013, -0.030666627), (-0.011523357, 0.66340345, 0.7481731), (-0.99993306, -0.009477553, 0.0066402126), (-0.03976433, -0.97679234, 0.21046507), (-0.9999664, 0.008175733, -0.0006670558), (-0.99981976, -0.01661141, 0.009200723), (0.00012486384, -0.965924, -0.25882584), (-0.9995794, 0.025846861, -0.013153664), (-0.999724, -0.02256189, 0.006569456), (-0.08059666, -0.3531103, -0.9321037), (-0.99982965, 0.006426914, -0.017304135), (-0.9997956, 0.01861272, 0.007899357), (-0.047879465, 0.9504816, -0.30707082), (-0.99996823, 0.006527386, -0.0046022777), (-0.959041, 0.04237815, 0.28007942), (-0.08570427, -0.28967363, 0.95328075), (-0.9867747, -0.02946675, -0.15939723), (-0.99992096, -0.010813698, 0.006424247), (-0.9999228, -0.0063714883, 0.010669619), (0.02653206, 0.6231112, 0.78168315), (-0.9991425, -0.0059474856, 0.040976014), (-0.99970925, -0.023913382, 0.0031074358), (-0.15531063, 0.030845381, -0.9873841), (-0.15531063, 0.030845381, -0.9873841), (-0.1439815, 0.39097974, -0.90906775), (-0.9991425, -0.0059474856, 0.040976014), (-0.99899155, -0.0015547794, 0.044871487), (-0.9991425, -0.0059474856, 0.040976014), (-0.1439815, 0.39097974, -0.90906775), (-0.1439815, 0.39097974, -0.90906775), (-0.13729292, 0.7204067, -0.6798271), (-0.99899155, -0.0015547794, 0.044871487), (-0.99999166, -0.0026778174, -0.0030997202), (-0.99899155, -0.0015547794, 0.044871487), (-0.13729292, 0.7204067, -0.6798271), (-0.13729292, 0.7204067, -0.6798271), (-0.13960361, 0.8925228, -0.4288519), (-0.99999166, -0.0026778174, -0.0030997202), (-0.99977475, -0.0077450103, -0.019759806), (-0.99999166, -0.0026778174, -0.0030997202), (-0.13960361, 0.8925228, -0.4288519), (-0.13960361, 0.8925228, -0.4288519), (-0.14405204, 0.97214735, -0.18487443), (-0.99977475, -0.0077450103, -0.019759806), (-0.99954724, -0.029095871, -0.0076704486), (-0.99977475, -0.0077450103, -0.019759806), (-0.14405204, 0.97214735, -0.18487443), (-0.14405204, 0.97214735, -0.18487443), (-0.099869095, 0.9915346, -0.08297884), (-0.99954724, -0.029095871, -0.0076704486), (0.013156838, 0.99360394, -0.11215235), (-0.99954724, -0.029095871, -0.0076704486), (-0.099869095, 0.9915346, -0.08297884), (-0.099869095, 0.9915346, -0.08297884), (-0.14796352, 0.9889192, -0.012068104), (-0.99996585, 0.0034955076, -0.0074955695), (-0.99996585, 0.0034955076, -0.0074955695), (0.013156838, 0.99360394, -0.11215235), (-0.099869095, 0.9915346, -0.08297884), (-0.10293946, 0.99468756, 0.00035670513), (-0.99996585, 0.0034955076, -0.0074955695), (-0.14796352, 0.9889192, -0.012068104), (-0.14796352, 0.9889192, -0.012068104), (-0.12929484, 0.99160624, -0.00038681354), (-0.99975395, 0.022006689, 0.0028059664), (-0.99975395, 0.022006689, 0.0028059664), (-0.10293946, 0.99468756, 0.00035670513), (-0.14796352, 0.9889192, -0.012068104), (-0.10248651, 0.99471754, 0.005807331), (-0.99975395, 0.022006689, 0.0028059664), (-0.12929484, 0.99160624, -0.00038681354), (-0.12929484, 0.99160624, -0.00038681354), (-0.14563628, 0.0037767654, 0.989331), (-0.99997205, 0.0017700032, 0.0072763693), (-0.99997205, 0.0017700032, 0.0072763693), (-0.10248651, 0.99471754, 0.005807331), (-0.12929484, 0.99160624, -0.00038681354), (-0.14563628, 0.0037767654, 0.989331), (-0.00059075665, 0.9999922, -0.0039044279), (-0.9999318, 0.0054458743, 0.010337734), (-0.9999318, 0.0054458743, 0.010337734), (-0.99997205, 0.0017700032, 0.0072763693), (-0.14563628, 0.0037767654, 0.989331), (-0.00059075665, 0.9999922, -0.0039044279), (-0.14189945, -0.98987734, -0.0027377494), (-0.00059075665, 0.9999922, -0.0039044279), (-0.00059075665, 0.9999922, -0.0039044279), (-0.9999318, 0.0054458743, 0.010337734), (-0.00059075665, 0.9999922, -0.0039044279), (-0.14189945, -0.98987734, -0.0027377494), (-0.14490736, -0.9892184, 0.021189688), (-0.9988607, 0.013451192, 0.045785517), (-0.9988607, 0.013451192, 0.045785517), (-0.00059075665, 0.9999922, -0.0039044279), (-0.14189945, -0.98987734, -0.0027377494), (-0.14490736, -0.9892184, 0.021189688), (-0.14312805, -0.9896392, -0.011340065), (-0.99997085, -0.0011206781, 0.007564658), (-0.99997085, -0.0011206781, 0.007564658), (-0.9988607, 0.013451192, 0.045785517), (-0.14490736, -0.9892184, 0.021189688), (-0.09993195, -0.9949036, -0.013438897), (-0.99997085, -0.0011206781, 0.007564658), (-0.14312805, -0.9896392, -0.011340065), (-0.14312805, -0.9896392, -0.011340065), (-0.15875325, -0.9855173, -0.0596076), (-0.99951565, 0.0136917, -0.027946826), (-0.99951565, 0.0136917, -0.027946826), (-0.09993195, -0.9949036, -0.013438897), (-0.14312805, -0.9896392, -0.011340065), (-0.9996866, 0.009527363, -0.023154218), (-0.99951565, 0.0136917, -0.027946826), (-0.15875325, -0.9855173, -0.0596076), (-0.15875325, -0.9855173, -0.0596076), (-0.13727845, -0.97721624, -0.16187398), (-0.9996866, 0.009527363, -0.023154218), (-0.9999951, 0.00095710374, 0.0030005104), (-0.9996866, 0.009527363, -0.023154218), (-0.13727845, -0.97721624, -0.16187398), (-0.13727845, -0.97721624, -0.16187398), (-0.14197986, -0.90794885, -0.39429775), (-0.9999951, 0.00095710374, 0.0030005104), (-0.99992925, 0.009005579, -0.0077768904), (-0.9999951, 0.00095710374, 0.0030005104), (-0.14197986, -0.90794885, -0.39429775), (-0.14197986, -0.90794885, -0.39429775), (-0.14332922, -0.7271885, -0.6713074), (-0.99992925, 0.009005579, -0.0077768904), (-0.9996815, 0.024969053, -0.003704795), (-0.99992925, 0.009005579, -0.0077768904), (-0.14332922, -0.7271885, -0.6713074), (-0.14332922, -0.7271885, -0.6713074), (-0.13349853, -0.47140208, -0.87175584), (-0.9996815, 0.024969053, -0.003704795), (-0.9997236, -0.021246683, 0.010074365), (-0.9996815, 0.024969053, -0.003704795), (-0.13349853, -0.47140208, -0.87175584), (-0.13349853, -0.47140208, -0.87175584), (-0.114188, -0.21150605, -0.97068346), (-0.9997236, -0.021246683, 0.010074365), (-0.114188, -0.21150605, -0.97068346), (-0.15531063, 0.030845381, -0.9873841), (-0.9997236, -0.021246683, 0.010074365), (-0.99970925, -0.023913382, 0.0031074358), (-0.9997236, -0.021246683, 0.010074365), (-0.15531063, 0.030845381, -0.9873841), (-0.13327932, -0.0045987815, -0.9910679), (-0.14198506, -0.00394875, -0.9898609), (-0.99999124, -0.000574558, 0.0041582906), (-0.99999124, -0.000574558, 0.0041582906), (-0.9999409, 0.00041717786, 0.01087442), (-0.13327932, -0.0045987815, -0.9910679), (-0.14198506, -0.00394875, -0.9898609), (-0.14503334, -0.9894088, 0.005969596), (-0.9999511, -0.0007339386, 0.009857409), (-0.9999511, -0.0007339386, 0.009857409), (-0.99999124, -0.000574558, 0.0041582906), (-0.14198506, -0.00394875, -0.9898609), (-0.14503334, -0.9894088, 0.005969596), (-0.14503299, -0.98929995, 0.015845688), (-0.99990577, 0.013728563, -0.00023248233), (-0.99990577, 0.013728563, -0.00023248233), (-0.9999511, -0.0007339386, 0.009857409), (-0.14503334, -0.9894088, 0.005969596), (-0.14503299, -0.98929995, 0.015845688), (-0.14503357, -0.9891958, 0.021376884), (-0.9998425, 0.0037900314, -0.017339995), (-0.9998425, 0.0037900314, -0.017339995), (-0.99990577, 0.013728563, -0.00023248233), (-0.14503299, -0.98929995, 0.015845688), (-0.14503357, -0.9891958, 0.021376884), (-0.15430878, -0.9869994, 0.044957936), (-0.99915737, -0.0011869913, 0.041026227), (-0.99915737, -0.0011869913, 0.041026227), (-0.9998425, 0.0037900314, -0.017339995), (-0.14503357, -0.9891958, 0.021376884), (-0.15430878, -0.9869994, 0.044957936), (-0.10306946, -0.99367577, 0.044554695), (-0.99958146, -0.014656399, -0.024947029), (-0.99958146, -0.014656399, -0.024947029), (-0.99915737, -0.0011869913, 0.041026227), (-0.15430878, -0.9869994, 0.044957936), (-0.00021351475, -0.9992377, 0.039039366), (-0.99958146, -0.014656399, -0.024947029), (-0.10306946, -0.99367577, 0.044554695), (-0.10306946, -0.99367577, 0.044554695), (-0.15517627, -0.9803348, 0.1219183), (-0.9993699, -0.00012731912, -0.03549325), (-0.9993699, -0.00012731912, -0.03549325), (-0.00021351475, -0.9992377, 0.039039366), (-0.10306946, -0.99367577, 0.044554695), (-0.15517627, -0.9803348, 0.1219183), (-0.104096755, -0.93391484, 0.34200454), (-0.9998302, 0.0029781172, 0.01818731), (-0.9998302, 0.0029781172, 0.01818731), (-0.9993699, -0.00012731912, -0.03549325), (-0.15517627, -0.9803348, 0.1219183), (0.06620092, -0.7666952, 0.6385891), (-0.9998302, 0.0029781172, 0.01818731), (-0.104096755, -0.93391484, 0.34200454), (-0.104096755, -0.93391484, 0.34200454), (-0.10933839, -0.87616163, 0.46945307), (-0.9999479, -0.005750329, 0.008444211), (-0.9999479, -0.005750329, 0.008444211), (0.06620092, -0.7666952, 0.6385891), (-0.104096755, -0.93391484, 0.34200454), (0.065668635, -0.6485511, 0.7583331), (-0.9999479, -0.005750329, 0.008444211), (-0.10933839, -0.87616163, 0.46945307), (-0.10933839, -0.87616163, 0.46945307), (-0.10629185, -0.7937791, 0.59884644), (-0.9998696, -0.015161187, -0.005570351), (-0.9998696, -0.015161187, -0.005570351), (0.065668635, -0.6485511, 0.7583331), (-0.10933839, -0.87616163, 0.46945307), (0.06273588, -0.524479, 0.84910893), (-0.9998696, -0.015161187, -0.005570351), (-0.10629185, -0.7937791, 0.59884644), (-0.10629185, -0.7937791, 0.59884644), (-0.10558675, -0.6859946, 0.7199047), (-0.99998283, -0.0049120705, 0.0032056614), (-0.99998283, -0.0049120705, 0.0032056614), (0.06273588, -0.524479, 0.84910893), (-0.10629185, -0.7937791, 0.59884644), (0.062666535, -0.3700838, 0.92688245), (-0.99998283, -0.0049120705, 0.0032056614), (-0.10558675, -0.6859946, 0.7199047), (-0.10558675, -0.6859946, 0.7199047), (-0.107456595, -0.57087135, 0.8139773), (-0.9997696, 0.008259394, 0.019813621), (-0.9997696, 0.008259394, 0.019813621), (0.062666535, -0.3700838, 0.92688245), (-0.10558675, -0.6859946, 0.7199047), (0.06052235, -0.24719061, 0.967075), (-0.9997696, 0.008259394, 0.019813621), (-0.107456595, -0.57087135, 0.8139773), (-0.107456595, -0.57087135, 0.8139773), (-0.10659534, -0.44982433, 0.88673306), (-0.9998762, 0.0044626393, 0.015094481), (-0.9998762, 0.0044626393, 0.015094481), (0.06052235, -0.24719061, 0.967075), (-0.107456595, -0.57087135, 0.8139773), (0.059742462, -0.12195492, 0.990736), (-0.9998762, 0.0044626393, 0.015094481), (-0.10659534, -0.44982433, 0.88673306), (-0.10659534, -0.44982433, 0.88673306), (-0.10426053, -0.336333, 0.935954), (-0.9998624, -0.016562114, 0.001055356), (-0.9998624, -0.016562114, 0.001055356), (0.059742462, -0.12195492, 0.990736), (-0.10659534, -0.44982433, 0.88673306), (0.058541644, -0.016590435, 0.9981472), (-0.9998624, -0.016562114, 0.001055356), (-0.10426053, -0.336333, 0.935954), (-0.10426053, -0.336333, 0.935954), (-0.10468791, -0.20806028, 0.9724975), (-0.9999647, -0.008391012, 0.000404297), (-0.9999647, -0.008391012, 0.000404297), (0.058541644, -0.016590435, 0.9981472), (-0.10426053, -0.336333, 0.935954), (0.06087086, 0.13694948, 0.98870605), (-0.9999647, -0.008391012, 0.000404297), (-0.10468791, -0.20806028, 0.9724975), (-0.10468791, -0.20806028, 0.9724975), (-0.10890604, -0.07800162, 0.99098706), (-0.99997437, 0.00038365455, 0.0071437564), (-0.99997437, 0.00038365455, 0.0071437564), (0.06087086, 0.13694948, 0.98870605), (-0.10468791, -0.20806028, 0.9724975), (0.060392525, 0.27309635, 0.9600892), (-0.99997437, 0.00038365455, 0.0071437564), (-0.10890604, -0.07800162, 0.99098706), (-0.10890604, -0.07800162, 0.99098706), (-0.10383794, 0.0494983, 0.99336183), (-0.99992913, -0.001915787, 0.011750969), (-0.99992913, -0.001915787, 0.011750969), (0.060392525, 0.27309635, 0.9600892), (-0.10890604, -0.07800162, 0.99098706), (0.05608604, 0.36647707, 0.92873514), (-0.99992913, -0.001915787, 0.011750969), (-0.10383794, 0.0494983, 0.99336183), (-0.10383794, 0.0494983, 0.99336183), (-0.09619517, 0.19286759, 0.9764981), (-0.99978226, -0.017677927, 0.01108677), (-0.99978226, -0.017677927, 0.01108677), (0.05608604, 0.36647707, 0.92873514), (-0.10383794, 0.0494983, 0.99336183), (0.06891097, 0.48403165, 0.872333), (-0.99978226, -0.017677927, 0.01108677), (-0.09619517, 0.19286759, 0.9764981), (-0.09619517, 0.19286759, 0.9764981), (-0.10471284, 0.35497448, 0.9289932), (-0.99998885, 0.0015186276, 0.0044751423), (-0.99998885, 0.0015186276, 0.0044751423), (0.06891097, 0.48403165, 0.872333), (-0.09619517, 0.19286759, 0.9764981), (0.07010667, 0.6597694, 0.7481907), (-0.99998885, 0.0015186276, 0.0044751423), (-0.10471284, 0.35497448, 0.9289932), (-0.10471284, 0.35497448, 0.9289932), (-0.106304795, 0.52803475, 0.842543), (-0.99983007, 0.018423086, 0.0006812231), (-0.99983007, 0.018423086, 0.0006812231), (0.07010667, 0.6597694, 0.7481907), (-0.10471284, 0.35497448, 0.9289932), (0.06737601, 0.7853189, 0.6154143), (-0.99983007, 0.018423086, 0.0006812231), (-0.106304795, 0.52803475, 0.842543), (-0.106304795, 0.52803475, 0.842543), (-0.103528045, 0.67899823, 0.7268035), (-0.998918, -0.025182912, 0.039098635), (-0.998918, -0.025182912, 0.039098635), (0.06737601, 0.7853189, 0.6154143), (-0.106304795, 0.52803475, 0.842543), (0.06709446, 0.88472086, 0.4612671), (-0.998918, -0.025182912, 0.039098635), (-0.103528045, 0.67899823, 0.7268035), (-0.103528045, 0.67899823, 0.7268035), (-0.10074922, 0.80474037, 0.5850152), (-0.9990366, 0.040996097, -0.015661296), (-0.9990366, 0.040996097, -0.015661296), (0.06709446, 0.88472086, 0.4612671), (-0.103528045, 0.67899823, 0.7268035), (0.066850096, 0.9561286, 0.28521797), (-0.9990366, 0.040996097, -0.015661296), (-0.10074922, 0.80474037, 0.5850152), (-0.10074922, 0.80474037, 0.5850152), (-0.09865356, 0.89641374, 0.43209937), (-0.9997031, 0.009791865, -0.022313436), (-0.9997031, 0.009791865, -0.022313436), (0.066850096, 0.9561286, 0.28521797), (-0.10074922, 0.80474037, 0.5850152), (0.06541315, 0.9902938, 0.122635335), (-0.9997031, 0.009791865, -0.022313436), (-0.09865356, 0.89641374, 0.43209937), (-0.09865356, 0.89641374, 0.43209937), (-0.16114406, 0.85755694, 0.4884963), (-0.9997042, 0.010299616, -0.022033865), (-0.9997042, 0.010299616, -0.022033865), (0.06541315, 0.9902938, 0.122635335), (-0.09865356, 0.89641374, 0.43209937), (-0.04132975, -0.4194303, 0.9068462), (-0.9997042, 0.010299616, -0.022033865), (-0.16114406, 0.85755694, 0.4884963), (-0.16114406, 0.85755694, 0.4884963), (0.0779841, -0.21775846, 0.9728822), (-0.00059075665, 0.9999922, -0.0039044279), (-0.00059075665, 0.9999922, -0.0039044279), (-0.04132975, -0.4194303, 0.9068462), (-0.16114406, 0.85755694, 0.4884963), (-0.99684185, 0.032651424, -0.07238985), (-0.00059075665, 0.9999922, -0.0039044279), (0.0779841, -0.21775846, 0.9728822), (0.0779841, -0.21775846, 0.9728822), (0.032965977, -0.6926118, 0.72055686), (-0.04132975, -0.4194303, 0.9068462), (-0.04132975, -0.4194303, 0.9068462), (-0.99684185, 0.032651424, -0.07238985), (0.0779841, -0.21775846, 0.9728822), (-0.99928147, 0.023469543, -0.029760826), (-0.04132975, -0.4194303, 0.9068462), (0.032965977, -0.6926118, 0.72055686), (0.032965977, -0.6926118, 0.72055686), (-0.0065967464, -0.60704166, 0.7946426), (-0.017192062, -0.5890466, 0.80791616), (-0.017192062, -0.5890466, 0.80791616), (-0.99928147, 0.023469543, -0.029760826), (0.032965977, -0.6926118, 0.72055686), (-0.9996468, 0.025040746, -0.008903875), (-0.017192062, -0.5890466, 0.80791616), (-0.0065967464, -0.60704166, 0.7946426), (-0.0065967464, -0.60704166, 0.7946426), (-0.007970688, -0.46376058, 0.8859248), (-0.019000752, -0.43902552, 0.89827365), (-0.019000752, -0.43902552, 0.89827365), (-0.9996468, 0.025040746, -0.008903875), (-0.0065967464, -0.60704166, 0.7946426), (-0.9997066, 0.024162496, 0.001738724), (-0.019000752, -0.43902552, 0.89827365), (-0.007970688, -0.46376058, 0.8859248), (-0.007970688, -0.46376058, 0.8859248), (-0.05370832, -0.41046256, 0.91029453), (-0.017414417, -0.30096075, 0.9534776), (-0.017414417, -0.30096075, 0.9534776), (-0.9997066, 0.024162496, 0.001738724), (-0.007970688, -0.46376058, 0.8859248), (-0.9998699, -0.0022620722, -0.015980687), (-0.017414417, -0.30096075, 0.9534776), (-0.05370832, -0.41046256, 0.91029453), (-0.05370832, -0.41046256, 0.91029453), (-0.06290201, -0.13775724, 0.9884666), (-0.0935192, -0.5260754, 0.8452804), (-0.0935192, -0.5260754, 0.8452804), (-0.9998699, -0.0022620722, -0.015980687), (-0.05370832, -0.41046256, 0.91029453), (-0.06290201, -0.13775724, 0.9884666), (-0.13935989, -0.25117198, 0.9578577), (-0.9998965, 0.002065992, -0.0142367985), (-0.9998965, 0.002065992, -0.0142367985), (-0.0935192, -0.5260754, 0.8452804), (-0.06290201, -0.13775724, 0.9884666), (-0.056964878, -0.55663025, 0.8288051), (-0.9998965, 0.002065992, -0.0142367985), (-0.13935989, -0.25117198, 0.9578577), (-0.13935989, -0.25117198, 0.9578577), (-0.15918495, 0.015583443, 0.98712575), (-0.99923027, -0.038143348, -0.009175215), (-0.99923027, -0.038143348, -0.009175215), (-0.056964878, -0.55663025, 0.8288051), (-0.13935989, -0.25117198, 0.9578577), (-0.99719685, -0.07335099, 0.014765871), (-0.99923027, -0.038143348, -0.009175215), (-0.15918495, 0.015583443, 0.98712575), (-0.15918495, 0.015583443, 0.98712575), (-0.14429499, 0.20677118, 0.96769035), (-0.99719685, -0.07335099, 0.014765871), (-0.14429499, 0.20677118, 0.96769035), (-0.14316572, 0.3284329, 0.9336142), (-0.99905014, 0.04345791, -0.0031988954), (-0.99905014, 0.04345791, -0.0031988954), (-0.99719685, -0.07335099, 0.014765871), (-0.14429499, 0.20677118, 0.96769035), (-0.14316572, 0.3284329, 0.9336142), (-0.15296972, 0.46380952, 0.8726288), (-0.99905014, 0.04345791, -0.0031988954), (-0.9999889, 0.004564867, -0.0012132529), (-0.99905014, 0.04345791, -0.0031988954), (-0.15296972, 0.46380952, 0.8726288), (-0.15296972, 0.46380952, 0.8726288), (-0.15333955, 0.59531456, 0.78872526), (-0.9999889, 0.004564867, -0.0012132529), (-0.15333955, 0.59531456, 0.78872526), (-0.14467375, 0.71831155, 0.6805131), (-0.9999835, -0.0022645253, 0.005286972), (-0.9999835, -0.0022645253, 0.005286972), (-0.9999889, 0.004564867, -0.0012132529), (-0.15333955, 0.59531456, 0.78872526), (-0.14467375, 0.71831155, 0.6805131), (-0.13992469, 0.8346761, 0.53266966), (-0.9999941, 0.0034054392, -0.00068508176), (-0.9999941, 0.0034054392, -0.00068508176), (-0.9999835, -0.0022645253, 0.005286972), (-0.14467375, 0.71831155, 0.6805131), (-0.13992469, 0.8346761, 0.53266966), (-0.15171939, 0.91425955, 0.37564728), (-0.9995621, 0.019720895, -0.022065233), (-0.9995621, 0.019720895, -0.022065233), (-0.9999941, 0.0034054392, -0.00068508176), (-0.13992469, 0.8346761, 0.53266966), (-0.15171939, 0.91425955, 0.37564728), (-0.15254727, 0.9531258, 0.26130602), (-0.99994636, 0.01016445, 0.0020234075), (-0.99994636, 0.01016445, 0.0020234075), (-0.9995621, 0.019720895, -0.022065233), (-0.15171939, 0.91425955, 0.37564728), (-0.15254727, 0.9531258, 0.26130602), (-0.07522907, 0.97086614, 0.22750713), (-0.99974155, -0.009456166, 0.020677574), (-0.99974155, -0.009456166, 0.020677574), (-0.99994636, 0.01016445, 0.0020234075), (-0.15254727, 0.9531258, 0.26130602), (-0.07522907, 0.97086614, 0.22750713), (-0.089011386, 0.990626, 0.10362033), (-0.049797196, 0.9684578, 0.24415104), (-0.049797196, 0.9684578, 0.24415104), (-0.99974155, -0.009456166, 0.020677574), (-0.07522907, 0.97086614, 0.22750713), (-0.99956113, 0.005109677, -0.029179864), (-0.049797196, 0.9684578, 0.24415104), (-0.089011386, 0.990626, 0.10362033), (-0.089011386, 0.990626, 0.10362033), (-0.1243286, 0.99146104, 0.03933656), (-0.13592201, 0.9889188, 0.059707098), (-0.13592201, 0.9889188, 0.059707098), (-0.99956113, 0.005109677, -0.029179864), (-0.089011386, 0.990626, 0.10362033), (-0.9996224, 0.016267689, -0.02214473), (-0.13592201, 0.9889188, 0.059707098), (-0.1243286, 0.99146104, 0.03933656), (-0.1243286, 0.99146104, 0.03933656), (-0.121238515, 0.99179643, -0.04051069), (-0.12210158, 0.99250066, 0.00579628), (-0.12210158, 0.99250066, 0.00579628), (-0.9996224, 0.016267689, -0.02214473), (-0.1243286, 0.99146104, 0.03933656), (-0.121238515, 0.99179643, -0.04051069), (-0.14884488, 0.9888604, 0.00050753023), (-0.99992806, 0.010087844, 0.006503302), (-0.99992806, 0.010087844, 0.006503302), (-0.12210158, 0.99250066, 0.00579628), (-0.121238515, 0.99179643, -0.04051069), (-0.14884488, 0.9888604, 0.00050753023), (-0.13327932, -0.0045987815, -0.9910679), (-0.9999409, 0.00041717786, 0.01087442), (-0.9999409, 0.00041717786, 0.01087442), (-0.99992806, 0.010087844, 0.006503302), (-0.14884488, 0.9888604, 0.00050753023), (-0.15041102, -0.598957, -0.7865285), (-0.12603049, -0.3377928, -0.9327446), (-0.9998237, 0.011959528, 0.014477519), (-0.9998237, 0.011959528, 0.014477519), (-0.9993689, 0.027884819, 0.022006547), (-0.15041102, -0.598957, -0.7865285), (-0.12603049, -0.3377928, -0.9327446), (-0.14015909, -0.03155291, -0.98962617), (-0.99980414, -0.008598969, 0.01782746), (-0.99980414, -0.008598969, 0.01782746), (-0.9998237, 0.011959528, 0.014477519), (-0.12603049, -0.3377928, -0.9327446), (-0.14015909, -0.03155291, -0.98962617), (-0.14005536, 0.20560426, -0.96856153), (-0.9999331, -0.008284076, 0.008084377), (-0.9999331, -0.008284076, 0.008084377), (-0.99980414, -0.008598969, 0.01782746), (-0.14015909, -0.03155291, -0.98962617), (-0.14005536, 0.20560426, -0.96856153), (-0.14302133, 0.50635934, -0.8503794), (-0.9999613, -0.005849483, 0.0065749628), (-0.9999613, -0.005849483, 0.0065749628), (-0.9999331, -0.008284076, 0.008084377), (-0.14005536, 0.20560426, -0.96856153), (-0.14302133, 0.50635934, -0.8503794), (-0.14085056, 0.74729383, -0.6493944), (-0.9999634, -0.0010463278, 0.008503506), (-0.9999634, -0.0010463278, 0.008503506), (-0.9999613, -0.005849483, 0.0065749628), (-0.14302133, 0.50635934, -0.8503794), (-0.14085056, 0.74729383, -0.6493944), (-0.14187571, 0.9052178, -0.40056452), (-0.99996054, -0.008605053, 0.0022139365), (-0.99996054, -0.008605053, 0.0022139365), (-0.9999634, -0.0010463278, 0.008503506), (-0.14085056, 0.74729383, -0.6493944), (-0.14187571, 0.9052178, -0.40056452), (-0.14585799, 0.9675678, -0.20624769), (-0.9995586, -0.006573696, -0.028974464), (-0.9995586, -0.006573696, -0.028974464), (-0.99996054, -0.008605053, 0.0022139365), (-0.14187571, 0.9052178, -0.40056452), (-0.14585799, 0.9675678, -0.20624769), (-0.08764531, 0.99548316, 0.03649216), (-0.99948287, -0.006554112, 0.031482615), (-0.99948287, -0.006554112, 0.031482615), (-0.9995586, -0.006573696, -0.028974464), (-0.14585799, 0.9675678, -0.20624769), (-0.08764531, 0.99548316, 0.03649216), (-0.08510934, 0.9937157, -0.07270158), (-0.06822127, 0.9960705, -0.056475442), (-0.06822127, 0.9960705, -0.056475442), (-0.99948287, -0.006554112, 0.031482615), (-0.08764531, 0.99548316, 0.03649216), (-0.999984, 0.00043642797, -0.0056431317), (-0.06822127, 0.9960705, -0.056475442), (-0.08510934, 0.9937157, -0.07270158), (-0.08510934, 0.9937157, -0.07270158), (-0.1364355, 0.9905701, -0.012501637), (-0.12117443, 0.9925116, -0.015412283), (-0.12117443, 0.9925116, -0.015412283), (-0.999984, 0.00043642797, -0.0056431317), (-0.08510934, 0.9937157, -0.07270158), (-0.9999634, 0.0075373584, 0.0040748017), (-0.12117443, 0.9925116, -0.015412283), (-0.1364355, 0.9905701, -0.012501637), (-0.1364355, 0.9905701, -0.012501637), (-0.13328794, 0.006120177, 0.99105847), (-0.99997765, -0.001518157, 0.0065123225), (-0.99997765, -0.001518157, 0.0065123225), (-0.9999634, 0.0075373584, 0.0040748017), (-0.1364355, 0.9905701, -0.012501637), (-0.13328794, 0.006120177, 0.99105847), (-0.00059075665, 0.9999922, -0.0039044279), (-0.99994576, 0.0103947, -0.0007973639), (-0.99994576, 0.0103947, -0.0007973639), (-0.99997765, -0.001518157, 0.0065123225), (-0.13328794, 0.006120177, 0.99105847), (-0.00059075665, 0.9999922, -0.0039044279), (-0.1304544, -0.9914483, 0.0034598042), (-0.99958223, 0.026513316, -0.011512284), (-0.99958223, 0.026513316, -0.011512284), (-0.99994576, 0.0103947, -0.0007973639), (-0.00059075665, 0.9999922, -0.0039044279), (-0.1304544, -0.9914483, 0.0034598042), (-0.12156917, -0.9916393, -0.043271758), (-0.9992829, 0.0040330663, 0.037650287), (-0.9992829, 0.0040330663, 0.037650287), (-0.99958223, 0.026513316, -0.011512284), (-0.1304544, -0.9914483, 0.0034598042), (-0.12156917, -0.9916393, -0.043271758), (-0.098066546, -0.99009866, -0.10043777), (-0.121428795, -0.9925839, -0.00569584), (-0.121428795, -0.9925839, -0.00569584), (-0.9992829, 0.0040330663, 0.037650287), (-0.12156917, -0.9916393, -0.043271758), (-0.99990165, -0.013506538, -0.0038010986), (-0.121428795, -0.9925839, -0.00569584), (-0.098066546, -0.99009866, -0.10043777), (-0.098066546, -0.99009866, -0.10043777), (-0.056707118, -0.98935866, -0.13399233), (-0.08514898, -0.9934282, -0.076487295), (-0.08514898, -0.9934282, -0.076487295), (-0.99990165, -0.013506538, -0.0038010986), (-0.098066546, -0.99009866, -0.10043777), (-0.9992087, -0.0013513968, -0.039754696), (-0.08514898, -0.9934282, -0.076487295), (-0.056707118, -0.98935866, -0.13399233), (-0.056707118, -0.98935866, -0.13399233), (-0.07021246, -0.9813116, -0.17915832), (-0.08340606, -0.96566755, -0.24602775), (-0.08340606, -0.96566755, -0.24602775), (-0.9992087, -0.0013513968, -0.039754696), (-0.056707118, -0.98935866, -0.13399233), (-0.9999943, -0.0019104017, -0.0027849851), (-0.08340606, -0.96566755, -0.24602775), (-0.07021246, -0.9813116, -0.17915832), (-0.07021246, -0.9813116, -0.17915832), (-0.13679215, -0.84116703, -0.5231882), (-0.9999943, -0.0019104017, -0.0027849851), (-0.9994905, -0.0004903413, 0.031917483), (-0.9999943, -0.0019104017, -0.0027849851), (-0.13679215, -0.84116703, -0.5231882), (-0.13679215, -0.84116703, -0.5231882), (-0.15041102, -0.598957, -0.7865285), (-0.9994905, -0.0004903413, 0.031917483), (-0.9993689, 0.027884819, 0.022006547), (-0.9994905, -0.0004903413, 0.031917483), (-0.15041102, -0.598957, -0.7865285), (-0.99973226, 0.014608888, -0.017945845), (-0.011473735, 0.6519033, 0.7582154), (-0.13035245, 0.59695494, 0.79161423), (-0.13035245, 0.59695494, 0.79161423), (-0.14834389, 0.40567067, 0.9019011), (-0.1621144, 0.48864806, 0.8572876), (-0.1621144, 0.48864806, 0.8572876), (-0.99973226, 0.014608888, -0.017945845), (-0.13035245, 0.59695494, 0.79161423), (-0.9994721, -0.032023083, 0.005494788), (-0.1621144, 0.48864806, 0.8572876), (-0.14834389, 0.40567067, 0.9019011), (-0.14834389, 0.40567067, 0.9019011), (-0.13984117, 0.18743387, 0.9722721), (-0.14959206, 0.24558325, 0.9577637), (-0.14959206, 0.24558325, 0.9577637), (-0.9994721, -0.032023083, 0.005494788), (-0.14834389, 0.40567067, 0.9019011), (-0.99985164, -0.015331427, 0.007863358), (-0.14959206, 0.24558325, 0.9577637), (-0.13984117, 0.18743387, 0.9722721), (-0.13984117, 0.18743387, 0.9722721), (-0.14091966, 0.022845406, 0.9897575), (-0.144869, 0.09475555, 0.9849033), (-0.144869, 0.09475555, 0.9849033), (-0.99985164, -0.015331427, 0.007863358), (-0.13984117, 0.18743387, 0.9722721), (-0.9996866, 0.024589844, 0.004694109), (-0.144869, 0.09475555, 0.9849033), (-0.14091966, 0.022845406, 0.9897575), (-0.14091966, 0.022845406, 0.9897575), (-0.13309923, -0.12107267, 0.98367983), (-0.14301829, -0.0634456, 0.9876845), (-0.14301829, -0.0634456, 0.9876845), (-0.9996866, 0.024589844, 0.004694109), (-0.14091966, 0.022845406, 0.9897575), (-0.99999726, 0.00012351573, -0.0023407799), (-0.14301829, -0.0634456, 0.9876845), (-0.13309923, -0.12107267, 0.98367983), (-0.13309923, -0.12107267, 0.98367983), (-0.12819295, -0.31075177, 0.9418068), (-0.14230113, -0.2416414, 0.9598749), (-0.14230113, -0.2416414, 0.9598749), (-0.99999726, 0.00012351573, -0.0023407799), (-0.13309923, -0.12107267, 0.98367983), (-0.9997745, -0.018655403, -0.010144656), (-0.14230113, -0.2416414, 0.9598749), (-0.12819295, -0.31075177, 0.9418068), (-0.12819295, -0.31075177, 0.9418068), (-0.07463568, -0.46978453, 0.87962043), (-0.13237332, -0.43312973, 0.8915582), (-0.13237332, -0.43312973, 0.8915582), (-0.9997745, -0.018655403, -0.010144656), (-0.12819295, -0.31075177, 0.9418068), (-0.99973035, -0.007946224, -0.021820929), (-0.13237332, -0.43312973, 0.8915582), (-0.07463568, -0.46978453, 0.87962043), (-0.07463568, -0.46978453, 0.87962043), (-0.026812086, -0.6173031, 0.78626853), (-0.032984715, -0.5085502, 0.86040026), (-0.032984715, -0.5085502, 0.86040026), (-0.99973035, -0.007946224, -0.021820929), (-0.07463568, -0.46978453, 0.87962043), (-0.9992888, 0.018019244, -0.033123117), (-0.032984715, -0.5085502, 0.86040026), (-0.026812086, -0.6173031, 0.78626853), (-0.026812086, -0.6173031, 0.78626853), (-0.02443647, -0.7909452, 0.61139894), (-0.08288455, -0.8084068, 0.58275944), (-0.08288455, -0.8084068, 0.58275944), (-0.9992888, 0.018019244, -0.033123117), (-0.026812086, -0.6173031, 0.78626853), (-0.9993295, 0.03660984, 0.00069265), (-0.08288455, -0.8084068, 0.58275944), (-0.02443647, -0.7909452, 0.61139894), (-0.02443647, -0.7909452, 0.61139894), (-0.023921639, -0.920156, 0.39082077), (-0.028405726, -0.8618962, 0.50628847), (-0.028405726, -0.8618962, 0.50628847), (-0.9993295, 0.03660984, 0.00069265), (-0.02443647, -0.7909452, 0.61139894), (-0.9998537, 0.016878575, -0.0027971524), (-0.028405726, -0.8618962, 0.50628847), (-0.023921639, -0.920156, 0.39082077), (-0.023921639, -0.920156, 0.39082077), (-0.024344826, -0.98681444, 0.16001494), (-0.029525146, -0.95916927, 0.28128758), (-0.029525146, -0.95916927, 0.28128758), (-0.9998537, 0.016878575, -0.0027971524), (-0.023921639, -0.920156, 0.39082077), (-0.9999193, 0.0031154072, -0.012318762), (-0.029525146, -0.95916927, 0.28128758), (-0.024344826, -0.98681444, 0.16001494), (-0.024344826, -0.98681444, 0.16001494), (-0.024913067, -0.997645, -0.06390413), (-0.02952047, -0.9975192, 0.063907355), (-0.02952047, -0.9975192, 0.063907355), (-0.9999193, 0.0031154072, -0.012318762), (-0.024344826, -0.98681444, 0.16001494), (-0.9999321, -0.0102012735, 0.005642428), (-0.02952047, -0.9975192, 0.063907355), (-0.024913067, -0.997645, -0.06390413), (-0.024913067, -0.997645, -0.06390413), (-0.02471065, -0.94974035, -0.31206194), (-0.029366378, -0.9826457, -0.18315361), (-0.029366378, -0.9826457, -0.18315361), (-0.9999321, -0.0102012735, 0.005642428), (-0.024913067, -0.997645, -0.06390413), (-0.99986285, -0.0017512101, -0.016472798), (-0.029366378, -0.9826457, -0.18315361), (-0.02471065, -0.94974035, -0.31206194), (-0.02471065, -0.94974035, -0.31206194), (-0.024548909, -0.83938056, -0.54298955), (-0.029196922, -0.90227735, -0.43016648), (-0.029196922, -0.90227735, -0.43016648), (-0.99986285, -0.0017512101, -0.016472798), (-0.02471065, -0.94974035, -0.31206194), (-0.99995464, 0.0016043736, -0.009393578), (-0.029196922, -0.90227735, -0.43016648), (-0.024548909, -0.83938056, -0.54298955), (-0.024548909, -0.83938056, -0.54298955), (-0.081589416, -0.63014436, -0.77217954), (-0.031378377, -0.7780774, -0.62738436), (-0.031378377, -0.7780774, -0.62738436), (-0.99995464, 0.0016043736, -0.009393578), (-0.024548909, -0.83938056, -0.54298955), (-0.9997001, -0.018117175, 0.016476909), (-0.031378377, -0.7780774, -0.62738436), (-0.081589416, -0.63014436, -0.77217954), (-0.081589416, -0.63014436, -0.77217954), (-0.13145079, -0.39066795, -0.9110979), (-0.12933607, -0.5090324, -0.85097486), (-0.12933607, -0.5090324, -0.85097486), (-0.9997001, -0.018117175, 0.016476909), (-0.081589416, -0.63014436, -0.77217954), (-0.99963874, -0.026877787, -0.00006959092), (-0.12933607, -0.5090324, -0.85097486), (-0.13145079, -0.39066795, -0.9110979), (-0.13145079, -0.39066795, -0.9110979), (-0.1388765, -0.19448797, -0.97102416), (-0.1438024, -0.28156194, -0.9487063), (-0.1438024, -0.28156194, -0.9487063), (-0.99963874, -0.026877787, -0.00006959092), (-0.13145079, -0.39066795, -0.9110979), (-0.9996345, -0.007945323, -0.025843937), (-0.1438024, -0.28156194, -0.9487063), (-0.1388765, -0.19448797, -0.97102416), (-0.1388765, -0.19448797, -0.97102416), (-0.13859437, -0.023036111, -0.9900813), (-0.1493326, -0.10478004, -0.9832196), (-0.1493326, -0.10478004, -0.9832196), (-0.9996345, -0.007945323, -0.025843937), (-0.1388765, -0.19448797, -0.97102416), (-0.9996902, -0.00852656, -0.023386339), (-0.1493326, -0.10478004, -0.9832196), (-0.13859437, -0.023036111, -0.9900813), (-0.13859437, -0.023036111, -0.9900813), (-0.1331709, 0.11906387, -0.9839153), (-0.14167492, 0.040562235, -0.9890819), (-0.14167492, 0.040562235, -0.9890819), (-0.9996902, -0.00852656, -0.023386339), (-0.13859437, -0.023036111, -0.9900813), (-0.9996949, 0.005717535, -0.024029909), (-0.14167492, 0.040562235, -0.9890819), (-0.1331709, 0.11906387, -0.9839153), (-0.1331709, 0.11906387, -0.9839153), (-0.13502859, 0.30116698, -0.94396275), (-0.1431753, 0.20304498, -0.96864533), (-0.1431753, 0.20304498, -0.96864533), (-0.9996949, 0.005717535, -0.024029909), (-0.1331709, 0.11906387, -0.9839153), (-0.9996591, 0.014486836, -0.02171909), (-0.1431753, 0.20304498, -0.96864533), (-0.13502859, 0.30116698, -0.94396275), (-0.13502859, 0.30116698, -0.94396275), (-0.10454024, 0.5575232, -0.82355285), (-0.1425475, 0.41106248, -0.90039325), (-0.1425475, 0.41106248, -0.90039325), (-0.9996591, 0.014486836, -0.02171909), (-0.13502859, 0.30116698, -0.94396275), (-0.9996026, 0.028154286, 0.0014346398), (-0.1425475, 0.41106248, -0.90039325), (-0.10454024, 0.5575232, -0.82355285), (-0.10454024, 0.5575232, -0.82355285), (-0.0580014, 0.7821031, -0.620444), (-0.0836796, 0.72019184, -0.68871003), (-0.0836796, 0.72019184, -0.68871003), (-0.9996026, 0.028154286, 0.0014346398), (-0.10454024, 0.5575232, -0.82355285), (-0.99991894, 0.012625128, 0.001640729), (-0.0836796, 0.72019184, -0.68871003), (-0.0580014, 0.7821031, -0.620444), (-0.0580014, 0.7821031, -0.620444), (-0.056952264, 0.91074127, -0.4090315), (-0.08154567, 0.867398, -0.49088794), (-0.08154567, 0.867398, -0.49088794), (-0.99991894, 0.012625128, 0.001640729), (-0.0580014, 0.7821031, -0.620444), (-0.99992794, -0.0043476657, -0.011199392), (-0.08154567, 0.867398, -0.49088794), (-0.056952264, 0.91074127, -0.4090315), (-0.056952264, 0.91074127, -0.4090315), (-0.056614622, 0.9843368, -0.16696118), (-0.08045608, 0.96284646, -0.2577858), (-0.08045608, 0.96284646, -0.2577858), (-0.99992794, -0.0043476657, -0.011199392), (-0.056952264, 0.91074127, -0.4090315), (-0.9999797, 0.0063731656, 0.00022836652), (-0.08045608, 0.96284646, -0.2577858), (-0.056614622, 0.9843368, -0.16696118), (-0.056614622, 0.9843368, -0.16696118), (-0.059116926, 0.9954729, 0.07442346), (-0.07777337, 0.99682415, -0.017116161), (-0.07777337, 0.99682415, -0.017116161), (-0.9999797, 0.0063731656, 0.00022836652), (-0.056614622, 0.9843368, -0.16696118), (-0.999961, 0.007278068, -0.005005463), (-0.07777337, 0.99682415, -0.017116161), (-0.059116926, 0.9954729, 0.07442346), (-0.059116926, 0.9954729, 0.07442346), (-0.056802046, 0.9522236, 0.30007294), (-0.08177792, 0.9730082, 0.21579541), (-0.08177792, 0.9730082, 0.21579541), (-0.999961, 0.007278068, -0.005005463), (-0.059116926, 0.9954729, 0.07442346), (-0.99965334, -0.014189422, -0.022179315), (-0.08177792, 0.9730082, 0.21579541), (-0.056802046, 0.9522236, 0.30007294), (-0.056802046, 0.9522236, 0.30007294), (-0.055596847, 0.8543564, 0.51670504), (-0.08056632, 0.8918652, 0.44506806), (-0.08056632, 0.8918652, 0.44506806), (-0.99965334, -0.014189422, -0.022179315), (-0.056802046, 0.9522236, 0.30007294), (-0.99976623, -0.020380013, 0.007229117), (-0.08056632, 0.8918652, 0.44506806), (-0.055596847, 0.8543564, 0.51670504), (-0.055596847, 0.8543564, 0.51670504), (-0.087099805, 0.8728432, 0.48016492), (-0.061283067, 0.8568551, 0.5119023), (-0.061283067, 0.8568551, 0.5119023), (-0.99976623, -0.020380013, 0.007229117), (-0.055596847, 0.8543564, 0.51670504), (-0.087099805, 0.8728432, 0.48016492), (-0.13035245, 0.59695494, 0.79161423), (-0.99953943, 0.0061930344, -0.02971027), (-0.99953943, 0.0061930344, -0.02971027), (-0.061283067, 0.8568551, 0.5119023), (-0.087099805, 0.8728432, 0.48016492), (-0.011473735, 0.6519033, 0.7582154), (-0.99953943, 0.0061930344, -0.02971027), (-0.13035245, 0.59695494, 0.79161423), (-0.07697815, -0.5434461, -0.8359071), (-0.9998022, -0.019875605, 0.00081980624), (-0.10945512, -0.5118673, -0.8520632), (-0.10945512, -0.5118673, -0.8520632), (-0.13271177, -0.6564218, -0.74262905), (-0.99976766, 0.021058379, -0.00461498), (-0.99976766, 0.021058379, -0.00461498), (-0.07697815, -0.5434461, -0.8359071), (-0.10945512, -0.5118673, -0.8520632), (-0.07336709, -0.70619994, -0.704201), (-0.99976766, 0.021058379, -0.00461498), (-0.13271177, -0.6564218, -0.74262905), (-0.13271177, -0.6564218, -0.74262905), (-0.1361357, -0.79022384, -0.5975061), (-0.9994832, 0.016917553, -0.027335461), (-0.9994832, 0.016917553, -0.027335461), (-0.07336709, -0.70619994, -0.704201), (-0.13271177, -0.6564218, -0.74262905), (-0.08765835, -0.8191441, -0.5668501), (-0.9994832, 0.016917553, -0.027335461), (-0.1361357, -0.79022384, -0.5975061), (-0.1361357, -0.79022384, -0.5975061), (-0.13450705, -0.87503165, -0.4650027), (-0.9996056, -0.013555396, -0.024595398), (-0.9996056, -0.013555396, -0.024595398), (-0.08765835, -0.8191441, -0.5668501), (-0.1361357, -0.79022384, -0.5975061), (-0.0920541, -0.8922248, -0.4421097), (-0.9996056, -0.013555396, -0.024595398), (-0.13450705, -0.87503165, -0.4650027), (-0.13450705, -0.87503165, -0.4650027), (-0.1332352, -0.93414044, -0.3311044), (-0.9998699, -0.01607941, -0.0013276639), (-0.9998699, -0.01607941, -0.0013276639), (-0.0920541, -0.8922248, -0.4421097), (-0.13450705, -0.87503165, -0.4650027), (-0.08806978, -0.951388, -0.29513475), (-0.9998699, -0.01607941, -0.0013276639), (-0.1332352, -0.93414044, -0.3311044), (-0.1332352, -0.93414044, -0.3311044), (-0.13818532, -0.96853757, -0.20697817), (-0.99974227, -0.022640415, 0.0017099077), (-0.99974227, -0.022640415, 0.0017099077), (-0.08806978, -0.951388, -0.29513475), (-0.1332352, -0.93414044, -0.3311044), (-0.09010517, -0.9801208, -0.17676093), (-0.99974227, -0.022640415, 0.0017099077), (-0.13818532, -0.96853757, -0.20697817), (-0.13818532, -0.96853757, -0.20697817), (-0.13574494, -0.9853071, -0.10365011), (-0.9989997, -0.02166343, -0.03911922), (-0.9989997, -0.02166343, -0.03911922), (-0.09010517, -0.9801208, -0.17676093), (-0.13818532, -0.96853757, -0.20697817), (-0.098379634, -0.99098897, -0.09089815), (-0.9989997, -0.02166343, -0.03911922), (-0.13574494, -0.9853071, -0.10365011), (-0.13574494, -0.9853071, -0.10365011), (-0.13977271, -0.99012274, 0.010985317), (-0.99958026, -0.0021971762, -0.028887829), (-0.99958026, -0.0021971762, -0.028887829), (-0.098379634, -0.99098897, -0.09089815), (-0.13574494, -0.9853071, -0.10365011), (-0.13977271, -0.99012274, 0.010985317), (-0.1366034, -0.9817848, 0.13205369), (-0.9999091, 0.00934527, -0.009727804), (-0.9999091, 0.00934527, -0.009727804), (-0.99958026, -0.0021971762, -0.028887829), (-0.13977271, -0.99012274, 0.010985317), (-0.1366034, -0.9817848, 0.13205369), (-0.14900364, -0.9631475, 0.22393037), (-0.99995553, 0.009428375, -0.00013568944), (-0.99995553, 0.009428375, -0.00013568944), (-0.9999091, 0.00934527, -0.009727804), (-0.1366034, -0.9817848, 0.13205369), (-0.14900364, -0.9631475, 0.22393037), (-0.14529662, -0.92997694, 0.3376861), (-0.9999764, 0.0054604225, 0.0041731987), (-0.9999764, 0.0054604225, 0.0041731987), (-0.99995553, 0.009428375, -0.00013568944), (-0.14900364, -0.9631475, 0.22393037), (-0.14529662, -0.92997694, 0.3376861), (-0.14006968, -0.8876176, 0.43876588), (-0.99995375, -0.0025187307, -0.009284029), (-0.99995375, -0.0025187307, -0.009284029), (-0.9999764, 0.0054604225, 0.0041731987), (-0.14529662, -0.92997694, 0.3376861), (-0.14006968, -0.8876176, 0.43876588), (-0.13195671, -0.8222335, 0.5536421), (-0.9997906, -0.009570405, -0.018088825), (-0.9997906, -0.009570405, -0.018088825), (-0.99995375, -0.0025187307, -0.009284029), (-0.14006968, -0.8876176, 0.43876588), (-0.13195671, -0.8222335, 0.5536421), (-0.13413925, -0.75696874, 0.63953495), (-0.9999936, 0.0025154166, -0.0025615038), (-0.9999936, 0.0025154166, -0.0025615038), (-0.9997906, -0.009570405, -0.018088825), (-0.13195671, -0.8222335, 0.5536421), (-0.13413925, -0.75696874, 0.63953495), (-0.13499668, -0.6718468, 0.7282841), (-0.9994098, 0.031427007, 0.0138738), (-0.9994098, 0.031427007, 0.0138738), (-0.9999936, 0.0025154166, -0.0025615038), (-0.13413925, -0.75696874, 0.63953495), (-0.13499668, -0.6718468, 0.7282841), (-0.14025313, -0.59969646, 0.78784084), (-0.99991626, 0.0075577414, -0.010506057), (-0.99991626, 0.0075577414, -0.010506057), (-0.9994098, 0.031427007, 0.0138738), (-0.13499668, -0.6718468, 0.7282841), (-0.14025313, -0.59969646, 0.78784084), (-0.1321396, -0.49312755, 0.85986304), (-0.99976355, 0.011550558, -0.018428965), (-0.99976355, 0.011550558, -0.018428965), (-0.99991626, 0.0075577414, -0.010506057), (-0.14025313, -0.59969646, 0.78784084), (-0.1321396, -0.49312755, 0.85986304), (-0.14148371, -0.3838933, 0.9124738), (-0.99955827, 0.011252488, -0.027508039), (-0.99955827, 0.011252488, -0.027508039), (-0.99976355, 0.011550558, -0.018428965), (-0.1321396, -0.49312755, 0.85986304), (-0.14148371, -0.3838933, 0.9124738), (-0.1441089, -0.29560483, 0.9443784), (-0.9996, 0.014965929, -0.023998791), (-0.9996, 0.014965929, -0.023998791), (-0.99955827, 0.011252488, -0.027508039), (-0.14148371, -0.3838933, 0.9124738), (-0.1441089, -0.29560483, 0.9443784), (-0.13727167, -0.16562906, 0.9765877), (-0.9996774, 0.004610653, -0.024980357), (-0.9996774, 0.004610653, -0.024980357), (-0.9996, 0.014965929, -0.023998791), (-0.1441089, -0.29560483, 0.9443784), (-0.13727167, -0.16562906, 0.9765877), (-0.14945059, -0.07854825, 0.9856444), (-0.99962115, 0.009884957, -0.02569246), (-0.99962115, 0.009884957, -0.02569246), (-0.9996774, 0.004610653, -0.024980357), (-0.13727167, -0.16562906, 0.9765877), (-0.14945059, -0.07854825, 0.9856444), (-0.14053412, 0.010702758, 0.9900181), (-0.9997423, 0.0000817203, -0.022699617), (-0.9997423, 0.0000817203, -0.022699617), (-0.99962115, 0.009884957, -0.02569246), (-0.14945059, -0.07854825, 0.9856444), (-0.14053412, 0.010702758, 0.9900181), (-0.1324178, 0.11949639, 0.98396456), (-0.9996047, -0.018072536, -0.021542653), (-0.9996047, -0.018072536, -0.021542653), (-0.9997423, 0.0000817203, -0.022699617), (-0.14053412, 0.010702758, 0.9900181), (-0.1324178, 0.11949639, 0.98396456), (-0.13691705, 0.2193206, 0.96599805), (-0.9996099, -0.009348699, -0.0263193), (-0.9996099, -0.009348699, -0.0263193), (-0.9996047, -0.018072536, -0.021542653), (-0.1324178, 0.11949639, 0.98396456), (-0.13691705, 0.2193206, 0.96599805), (-0.13481304, 0.32307908, 0.93672055), (-0.9995394, -0.0025212292, -0.03024409), (-0.9995394, -0.0025212292, -0.03024409), (-0.9996099, -0.009348699, -0.0263193), (-0.13691705, 0.2193206, 0.96599805), (-0.13481304, 0.32307908, 0.93672055), (-0.13566862, 0.44206116, 0.8866657), (-0.9997107, -0.0056327977, -0.023383927), (-0.9997107, -0.0056327977, -0.023383927), (-0.9995394, -0.0025212292, -0.03024409), (-0.13481304, 0.32307908, 0.93672055), (-0.13566862, 0.44206116, 0.8866657), (-0.14616992, 0.5351625, 0.8320069), (-0.999814, -0.0018827784, -0.0192011), (-0.999814, -0.0018827784, -0.0192011), (-0.9997107, -0.0056327977, -0.023383927), (-0.13566862, 0.44206116, 0.8866657), (-0.14616992, 0.5351625, 0.8320069), (-0.14620751, 0.6280311, 0.76432997), (-0.99941933, -0.029714623, 0.01667375), (-0.99941933, -0.029714623, 0.01667375), (-0.999814, -0.0018827784, -0.0192011), (-0.14616992, 0.5351625, 0.8320069), (-0.14620751, 0.6280311, 0.76432997), (-0.14097627, 0.70419705, 0.69586796), (-0.9999835, 0.005737991, -0.0004655429), (-0.9999835, 0.005737991, -0.0004655429), (-0.99941933, -0.029714623, 0.01667375), (-0.14620751, 0.6280311, 0.76432997), (-0.14097627, 0.70419705, 0.69586796), (-0.1328844, 0.78840536, 0.60063195), (-0.99983567, -0.015788207, 0.008910627), (-0.99983567, -0.015788207, 0.008910627), (-0.9999835, 0.005737991, -0.0004655429), (-0.14097627, 0.70419705, 0.69586796), (-0.1328844, 0.78840536, 0.60063195), (-0.14031793, 0.8544318, 0.50025725), (-0.99978894, 0.0002969318, -0.020546865), (-0.99978894, 0.0002969318, -0.020546865), (-0.99983567, -0.015788207, 0.008910627), (-0.1328844, 0.78840536, 0.60063195), (-0.14031793, 0.8544318, 0.50025725), (-0.14638981, 0.90578926, 0.3976378), (-0.9998211, -0.0016030967, -0.018845497), (-0.9998211, -0.0016030967, -0.018845497), (-0.99978894, 0.0002969318, -0.020546865), (-0.14031793, 0.8544318, 0.50025725), (-0.14638981, 0.90578926, 0.3976378), (-0.14639677, 0.9464816, 0.28764665), (-0.99994665, -0.010266158, 0.0011299063), (-0.99994665, -0.010266158, 0.0011299063), (-0.9998211, -0.0016030967, -0.018845497), (-0.14638981, 0.90578926, 0.3976378), (-0.14639677, 0.9464816, 0.28764665), (-0.14638676, 0.9728801, 0.17909583), (-0.99997205, -0.006993184, 0.0026502325), (-0.99997205, -0.006993184, 0.0026502325), (-0.99994665, -0.010266158, 0.0011299063), (-0.14639677, 0.9464816, 0.28764665), (-0.14638676, 0.9728801, 0.17909583), (-0.12186918, 0.9887448, 0.086786), (-0.99966776, 0.0029508271, -0.025607897), (-0.99966776, 0.0029508271, -0.025607897), (-0.99997205, -0.006993184, 0.0026502325), (-0.14638676, 0.9728801, 0.17909583), (-0.12186918, 0.9887448, 0.086786), (-0.113253176, 0.9924604, -0.046862736), (-0.11840899, 0.9929526, 0.0049668495), (-0.11840899, 0.9929526, 0.0049668495), (-0.99966776, 0.0029508271, -0.025607897), (-0.12186918, 0.9887448, 0.086786), (-0.9997534, 0.013289127, -0.017795997), (-0.11840899, 0.9929526, 0.0049668495), (-0.113253176, 0.9924604, -0.046862736), (-0.113253176, 0.9924604, -0.046862736), (-0.11156223, 0.97621346, -0.18590656), (-0.12516046, 0.9870798, -0.10004152), (-0.12516046, 0.9870798, -0.10004152), (-0.9997534, 0.013289127, -0.017795997), (-0.113253176, 0.9924604, -0.046862736), (-0.9998205, 0.016310861, -0.009638432), (-0.12516046, 0.9870798, -0.10004152), (-0.11156223, 0.97621346, -0.18590656), (-0.11156223, 0.97621346, -0.18590656), (-0.117159225, 0.9421125, -0.31416205), (-0.12785797, 0.9576699, -0.2579161), (-0.12785797, 0.9576699, -0.2579161), (-0.9998205, 0.016310861, -0.009638432), (-0.11156223, 0.97621346, -0.18590656), (-0.9997105, 0.024004031, -0.0016830105), (-0.12785797, 0.9576699, -0.2579161), (-0.117159225, 0.9421125, -0.31416205), (-0.117159225, 0.9421125, -0.31416205), (-0.103645116, 0.8854141, -0.45310006), (-0.12400574, 0.9157741, -0.38207385), (-0.12400574, 0.9157741, -0.38207385), (-0.9997105, 0.024004031, -0.0016830105), (-0.117159225, 0.9421125, -0.31416205), (-0.9994911, 0.031337924, 0.005970612), (-0.12400574, 0.9157741, -0.38207385), (-0.103645116, 0.8854141, -0.45310006), (-0.103645116, 0.8854141, -0.45310006), (-0.10543055, 0.79303384, -0.5999848), (-0.113883734, 0.83851004, -0.5328521), (-0.113883734, 0.83851004, -0.5328521), (-0.9994911, 0.031337924, 0.005970612), (-0.103645116, 0.8854141, -0.45310006), (-0.9990667, -0.010563245, -0.04188472), (-0.113883734, 0.83851004, -0.5328521), (-0.10543055, 0.79303384, -0.5999848), (-0.10543055, 0.79303384, -0.5999848), (-0.10585352, 0.687652, -0.7182825), (-0.12539561, 0.74333256, -0.65706366), (-0.12539561, 0.74333256, -0.65706366), (-0.9990667, -0.010563245, -0.04188472), (-0.10543055, 0.79303384, -0.5999848), (-0.99993, 0.011485599, -0.0028331287), (-0.12539561, 0.74333256, -0.65706366), (-0.10585352, 0.687652, -0.7182825), (-0.10585352, 0.687652, -0.7182825), (-0.10207589, 0.54770404, -0.8304221), (-0.11534855, 0.62383425, -0.77299774), (-0.11534855, 0.62383425, -0.77299774), (-0.99993, 0.011485599, -0.0028331287), (-0.10585352, 0.687652, -0.7182825), (-0.9999861, -0.004354184, -0.0029865797), (-0.11534855, 0.62383425, -0.77299774), (-0.10207589, 0.54770404, -0.8304221), (-0.10207589, 0.54770404, -0.8304221), (-0.11198818, 0.42521846, -0.89813584), (-0.12121806, 0.47967052, -0.8690353), (-0.12121806, 0.47967052, -0.8690353), (-0.9999861, -0.004354184, -0.0029865797), (-0.10207589, 0.54770404, -0.8304221), (-0.99987614, -0.013553771, -0.008011664), (-0.12121806, 0.47967052, -0.8690353), (-0.11198818, 0.42521846, -0.89813584), (-0.11198818, 0.42521846, -0.89813584), (-0.11200171, 0.2984374, -0.94783485), (-0.1261402, 0.36275733, -0.923307), (-0.1261402, 0.36275733, -0.923307), (-0.99987614, -0.013553771, -0.008011664), (-0.11198818, 0.42521846, -0.89813584), (-0.9999998, -0.00059083133, -0.000014584745), (-0.1261402, 0.36275733, -0.923307), (-0.11200171, 0.2984374, -0.94783485), (-0.11200171, 0.2984374, -0.94783485), (-0.11184614, 0.1619852, -0.9804343), (-0.12585452, 0.23190229, -0.9645632), (-0.12585452, 0.23190229, -0.9645632), (-0.9999998, -0.00059083133, -0.000014584745), (-0.11200171, 0.2984374, -0.94783485), (-0.9999876, 0.004748204, -0.0015122477), (-0.12585452, 0.23190229, -0.9645632), (-0.11184614, 0.1619852, -0.9804343), (-0.11184614, 0.1619852, -0.9804343), (-0.12706423, 0.015793668, -0.9917687), (-0.12567447, 0.09224712, -0.9877735), (-0.12567447, 0.09224712, -0.9877735), (-0.9999876, 0.004748204, -0.0015122477), (-0.11184614, 0.1619852, -0.9804343), (-0.99890035, 0.04681981, -0.002472225), (-0.12567447, 0.09224712, -0.9877735), (-0.12706423, 0.015793668, -0.9917687), (-0.12706423, 0.015793668, -0.9917687), (-0.11444865, -0.05286112, -0.9920218), (-0.999916, 0.005806201, 0.011592478), (-0.999916, 0.005806201, 0.011592478), (-0.99890035, 0.04681981, -0.002472225), (-0.12706423, 0.015793668, -0.9917687), (-0.11444865, -0.05286112, -0.9920218), (-0.11047116, -0.17005274, -0.9792233), (-0.114792466, -0.14215805, -0.9831652), (-0.114792466, -0.14215805, -0.9831652), (-0.999916, 0.005806201, 0.011592478), (-0.11444865, -0.05286112, -0.9920218), (-0.999518, -0.030630296, 0.005056623), (-0.114792466, -0.14215805, -0.9831652), (-0.11047116, -0.17005274, -0.9792233), (-0.11047116, -0.17005274, -0.9792233), (-0.0925583, -0.3215035, -0.9423739), (-0.11622329, -0.21906516, -0.96876353), (-0.11622329, -0.21906516, -0.96876353), (-0.999518, -0.030630296, 0.005056623), (-0.11047116, -0.17005274, -0.9792233), (-0.99983644, -0.01774529, 0.0035036737), (-0.11622329, -0.21906516, -0.96876353), (-0.0925583, -0.3215035, -0.9423739), (-0.0925583, -0.3215035, -0.9423739), (-0.10945512, -0.5118673, -0.8520632), (-0.1144904, -0.40628636, -0.9065448), (-0.1144904, -0.40628636, -0.9065448), (-0.99983644, -0.01774529, 0.0035036737), (-0.0925583, -0.3215035, -0.9423739), (-0.9998022, -0.019875605, 0.00081980624), (-0.1144904, -0.40628636, -0.9065448), (-0.10945512, -0.5118673, -0.8520632), (-0.9996005, 0.024225656, -0.01455943), (-0.011523357, 0.66340345, 0.7481731), (-0.12451474, 0.5851448, 0.80131257), (-0.12451474, 0.5851448, 0.80131257), (-0.12616593, 0.41741046, 0.89991707), (-0.14634512, 0.48339877, 0.863081), (-0.14634512, 0.48339877, 0.863081), (-0.9996005, 0.024225656, -0.01455943), (-0.12451474, 0.5851448, 0.80131257), (-0.9994958, -0.03096688, 0.0070187855), (-0.14634512, 0.48339877, 0.863081), (-0.12616593, 0.41741046, 0.89991707), (-0.12616593, 0.41741046, 0.89991707), (-0.13474607, 0.18772016, 0.9729361), (-0.14325434, 0.25483742, 0.95631385), (-0.14325434, 0.25483742, 0.95631385), (-0.9994958, -0.03096688, 0.0070187855), (-0.12616593, 0.41741046, 0.89991707), (-0.99981433, -0.014724575, 0.012433459), (-0.14325434, 0.25483742, 0.95631385), (-0.13474607, 0.18772016, 0.9729361), (-0.13474607, 0.18772016, 0.9729361), (-0.13135728, 0.022897696, 0.9910707), (-0.14214838, 0.08543769, 0.9861512), (-0.14214838, 0.08543769, 0.9861512), (-0.99981433, -0.014724575, 0.012433459), (-0.13474607, 0.18772016, 0.9729361), (-0.99989724, 0.013466796, 0.004919105), (-0.14214838, 0.08543769, 0.9861512), (-0.13135728, 0.022897696, 0.9910707), (-0.13135728, 0.022897696, 0.9910707), (-0.12590507, -0.10930134, 0.9860026), (-0.13491823, -0.06879326, 0.9884659), (-0.13491823, -0.06879326, 0.9884659), (-0.99989724, 0.013466796, 0.004919105), (-0.13135728, 0.022897696, 0.9910707), (-0.9999755, 0.0009794672, -0.006940945), (-0.13491823, -0.06879326, 0.9884659), (-0.12590507, -0.10930134, 0.9860026), (-0.12590507, -0.10930134, 0.9860026), (-0.13451098, -0.3183089, 0.93839556), (-0.145526, -0.23338284, 0.96143377), (-0.145526, -0.23338284, 0.96143377), (-0.9999755, 0.0009794672, -0.006940945), (-0.12590507, -0.10930134, 0.9860026), (-0.9999792, 0.0022514935, -0.006045993), (-0.145526, -0.23338284, 0.96143377), (-0.13451098, -0.3183089, 0.93839556), (-0.13451098, -0.3183089, 0.93839556), (-0.072909765, -0.46821314, 0.8806024), (-0.13070631, -0.43320873, 0.8917658), (-0.13070631, -0.43320873, 0.8917658), (-0.9999792, 0.0022514935, -0.006045993), (-0.13451098, -0.3183089, 0.93839556), (-0.9996466, -0.01469703, -0.022155331), (-0.13070631, -0.43320873, 0.8917658), (-0.072909765, -0.46821314, 0.8806024), (-0.072909765, -0.46821314, 0.8806024), (-0.026929718, -0.6163821, 0.78698665), (-0.033126514, -0.507634, 0.86093575), (-0.033126514, -0.507634, 0.86093575), (-0.9996466, -0.01469703, -0.022155331), (-0.072909765, -0.46821314, 0.8806024), (-0.9993062, 0.014667025, -0.034237582), (-0.033126514, -0.507634, 0.86093575), (-0.026929718, -0.6163821, 0.78698665), (-0.026929718, -0.6163821, 0.78698665), (-0.02436546, -0.79084027, 0.61153746), (-0.08388954, -0.80989873, 0.58054006), (-0.08388954, -0.80989873, 0.58054006), (-0.9993062, 0.014667025, -0.034237582), (-0.026929718, -0.6163821, 0.78698665), (-0.99935347, 0.035559244, -0.005320777), (-0.08388954, -0.80989873, 0.58054006), (-0.02436546, -0.79084027, 0.61153746), (-0.02436546, -0.79084027, 0.61153746), (-0.024787351, -0.9179995, 0.39580637), (-0.029832011, -0.85597986, 0.51614785), (-0.029832011, -0.85597986, 0.51614785), (-0.99935347, 0.035559244, -0.005320777), (-0.02436546, -0.79084027, 0.61153746), (-0.9998041, 0.019793252, -0.00020855076), (-0.029832011, -0.85597986, 0.51614785), (-0.024787351, -0.9179995, 0.39580637), (-0.024787351, -0.9179995, 0.39580637), (-0.02434406, -0.98681456, 0.16001454), (-0.029523747, -0.9591704, 0.28128374), (-0.029523747, -0.9591704, 0.28128374), (-0.9998041, 0.019793252, -0.00020855076), (-0.024787351, -0.9179995, 0.39580637), (-0.9999356, 0.0018801249, -0.011196405), (-0.029523747, -0.9591704, 0.28128374), (-0.02434406, -0.98681456, 0.16001454), (-0.02434406, -0.98681456, 0.16001454), (-0.02450268, -0.9974706, -0.066723175), (-0.028881956, -0.997848, 0.05886718), (-0.028881956, -0.997848, 0.05886718), (-0.9999356, 0.0018801249, -0.011196405), (-0.02434406, -0.98681456, 0.16001454), (-0.9999086, -0.013277217, 0.0025623753), (-0.028881956, -0.997848, 0.05886718), (-0.02450268, -0.9974706, -0.066723175), (-0.02450268, -0.9974706, -0.066723175), (-0.024441546, -0.9488095, -0.3149018), (-0.029029071, -0.9821488, -0.18585283), (-0.029029071, -0.9821488, -0.18585283), (-0.9999086, -0.013277217, 0.0025623753), (-0.02450268, -0.9974706, -0.066723175), (-0.9999565, 0.00023523762, -0.009332031), (-0.029029071, -0.9821488, -0.18585283), (-0.024441546, -0.9488095, -0.3149018), (-0.024441546, -0.9488095, -0.3149018), (-0.024548363, -0.83937865, -0.54299265), (-0.029194035, -0.90227675, -0.43016788), (-0.029194035, -0.90227675, -0.43016788), (-0.9999565, 0.00023523762, -0.009332031), (-0.024441546, -0.9488095, -0.3149018), (-0.99999714, 0.0006713164, -0.0023353184), (-0.029194035, -0.90227675, -0.43016788), (-0.024548363, -0.83937865, -0.54299265), (-0.024548363, -0.83937865, -0.54299265), (-0.08797215, -0.63545233, -0.7671123), (-0.032414865, -0.78277135, -0.62146467), (-0.032414865, -0.78277135, -0.62146467), (-0.99999714, 0.0006713164, -0.0023353184), (-0.024548363, -0.83937865, -0.54299265), (-0.9995036, -0.027439076, 0.015485821), (-0.032414865, -0.78277135, -0.62146467), (-0.08797215, -0.63545233, -0.7671123), (-0.08797215, -0.63545233, -0.7671123), (-0.13576186, -0.38410237, -0.9132547), (-0.1397184, -0.5010245, -0.85408044), (-0.1397184, -0.5010245, -0.85408044), (-0.9995036, -0.027439076, 0.015485821), (-0.08797215, -0.63545233, -0.7671123), (-0.99966025, -0.025622973, -0.0047812145), (-0.1397184, -0.5010245, -0.85408044), (-0.13576186, -0.38410237, -0.9132547), (-0.13576186, -0.38410237, -0.9132547), (-0.138876, -0.19448228, -0.9710253), (-0.14256419, -0.28417888, -0.94811285), (-0.14256419, -0.28417888, -0.94811285), (-0.99966025, -0.025622973, -0.0047812145), (-0.13576186, -0.38410237, -0.9132547), (-0.999646, -0.0033448143, -0.026396887), (-0.14256419, -0.28417888, -0.94811285), (-0.138876, -0.19448228, -0.9710253), (-0.138876, -0.19448228, -0.9710253), (-0.13859628, -0.023037344, -0.990081), (-0.14933182, -0.10477847, -0.9832199), (-0.14933182, -0.10477847, -0.9832199), (-0.999646, -0.0033448143, -0.026396887), (-0.138876, -0.19448228, -0.9710253), (-0.9997749, -0.0010677981, -0.021192735), (-0.14933182, -0.10477847, -0.9832199), (-0.13859628, -0.023037344, -0.990081), (-0.13859628, -0.023037344, -0.990081), (-0.124874175, 0.12523805, -0.9842368), (-0.13992138, 0.04968388, -0.9889154), (-0.13992138, 0.04968388, -0.9889154), (-0.9997749, -0.0010677981, -0.021192735), (-0.13859628, -0.023037344, -0.990081), (-0.99972, 0.013009922, -0.019767022), (-0.13992138, 0.04968388, -0.9889154), (-0.124874175, 0.12523805, -0.9842368), (-0.124874175, 0.12523805, -0.9842368), (-0.12603489, 0.29532695, -0.9470466), (-0.12934527, 0.20204379, -0.9707977), (-0.12934527, 0.20204379, -0.9707977), (-0.99972, 0.013009922, -0.019767022), (-0.124874175, 0.12523805, -0.9842368), (-0.99981076, 0.009027288, -0.017235756), (-0.12934527, 0.20204379, -0.9707977), (-0.12603489, 0.29532695, -0.9470466), (-0.12603489, 0.29532695, -0.9470466), (-0.10454212, 0.55752474, -0.82355165), (-0.13944519, 0.40496916, -0.9036344), (-0.13944519, 0.40496916, -0.9036344), (-0.99981076, 0.009027288, -0.017235756), (-0.12603489, 0.29532695, -0.9470466), (-0.9997058, 0.024241462, -0.0008497359), (-0.13944519, 0.40496916, -0.9036344), (-0.10454212, 0.55752474, -0.82355165), (-0.10454212, 0.55752474, -0.82355165), (-0.05806373, 0.7817271, -0.6209119), (-0.08368179, 0.72018826, -0.6887135), (-0.08368179, 0.72018826, -0.6887135), (-0.9997058, 0.024241462, -0.0008497359), (-0.10454212, 0.55752474, -0.82355165), (-0.9999546, 0.008578182, -0.004174306), (-0.08368179, 0.72018826, -0.6887135), (-0.05806373, 0.7817271, -0.6209119), (-0.05806373, 0.7817271, -0.6209119), (-0.056952693, 0.9107426, -0.40902877), (-0.0819413, 0.86787033, -0.48998648), (-0.0819413, 0.86787033, -0.48998648), (-0.9999546, 0.008578182, -0.004174306), (-0.05806373, 0.7817271, -0.6209119), (-0.999966, 0.000042389715, -0.00824059), (-0.0819413, 0.86787033, -0.48998648), (-0.056952693, 0.9107426, -0.40902877), (-0.056952693, 0.9107426, -0.40902877), (-0.057677776, 0.98468876, -0.16450326), (-0.080456465, 0.96284723, -0.25778267), (-0.080456465, 0.96284723, -0.25778267), (-0.999966, 0.000042389715, -0.00824059), (-0.056952693, 0.9107426, -0.40902877), (-0.9999902, 0.004357035, 0.0008587632), (-0.080456465, 0.96284723, -0.25778267), (-0.057677776, 0.98468876, -0.16450326), (-0.057677776, 0.98468876, -0.16450326), (-0.05911712, 0.99547285, 0.07442398), (-0.07946115, 0.99675804, -0.012627464), (-0.07946115, 0.99675804, -0.012627464), (-0.9999902, 0.004357035, 0.0008587632), (-0.057677776, 0.98468876, -0.16450326), (-0.9999599, 0.008397724, -0.0031154815), (-0.07946115, 0.99675804, -0.012627464), (-0.05911712, 0.99547285, 0.07442398), (-0.05911712, 0.99547285, 0.07442398), (-0.05899281, 0.9499996, 0.306628), (-0.08177751, 0.97300804, 0.21579602), (-0.08177751, 0.97300804, 0.21579602), (-0.9999599, 0.008397724, -0.0031154815), (-0.05911712, 0.99547285, 0.07442398), (-0.9996263, -0.013885807, -0.023551052), (-0.08177751, 0.97300804, 0.21579602), (-0.05899281, 0.9499996, 0.306628), (-0.05899281, 0.9499996, 0.306628), (-0.056858625, 0.8527441, 0.51922494), (-0.083417095, 0.8882194, 0.451783), (-0.083417095, 0.8882194, 0.451783), (-0.9996263, -0.013885807, -0.023551052), (-0.05899281, 0.9499996, 0.306628), (-0.9996794, -0.023861092, 0.008469196), (-0.083417095, 0.8882194, 0.451783), (-0.056858625, 0.8527441, 0.51922494), (-0.056858625, 0.8527441, 0.51922494), (-0.088351466, 0.8742577, 0.47735468), (-0.06370128, 0.85678047, 0.5117318), (-0.06370128, 0.85678047, 0.5117318), (-0.9996794, -0.023861092, 0.008469196), (-0.056858625, 0.8527441, 0.51922494), (-0.088351466, 0.8742577, 0.47735468), (-0.12451474, 0.5851448, 0.80131257), (-0.99949753, 0.008029013, -0.030666627), (-0.99949753, 0.008029013, -0.030666627), (-0.06370128, 0.85678047, 0.5117318), (-0.088351466, 0.8742577, 0.47735468), (-0.011523357, 0.66340345, 0.7481731), (-0.99949753, 0.008029013, -0.030666627), (-0.12451474, 0.5851448, 0.80131257), (-0.08196746, -0.53143466, -0.8431243), (-0.9998978, -0.014067484, 0.0025595655), (-0.10757517, -0.50885725, -0.85410297), (-0.10757517, -0.50885725, -0.85410297), (-0.13288239, -0.65423965, -0.74452186), (-0.99932677, 0.036579102, 0.0028387539), (-0.99932677, 0.036579102, 0.0028387539), (-0.08196746, -0.53143466, -0.8431243), (-0.10757517, -0.50885725, -0.85410297), (-0.102912836, -0.69917643, -0.70750356), (-0.99932677, 0.036579102, 0.0028387539), (-0.13288239, -0.65423965, -0.74452186), (-0.13288239, -0.65423965, -0.74452186), (-0.12999193, -0.7944899, -0.5932014), (-0.9995954, 0.019743554, -0.02047781), (-0.9995954, 0.019743554, -0.02047781), (-0.102912836, -0.69917643, -0.70750356), (-0.13288239, -0.65423965, -0.74452186), (-0.08459661, -0.82905644, -0.5527286), (-0.9995954, 0.019743554, -0.02047781), (-0.12999193, -0.7944899, -0.5932014), (-0.12999193, -0.7944899, -0.5932014), (-0.13450743, -0.87503237, -0.46500146), (-0.9996044, -0.020505026, -0.019251917), (-0.9996044, -0.020505026, -0.019251917), (-0.08459661, -0.82905644, -0.5527286), (-0.12999193, -0.7944899, -0.5932014), (-0.092052355, -0.89222586, -0.44210798), (-0.9996044, -0.020505026, -0.019251917), (-0.13450743, -0.87503237, -0.46500146), (-0.13450743, -0.87503237, -0.46500146), (-0.1332367, -0.9341395, -0.33110625), (-0.9998222, -0.018604781, -0.0031073058), (-0.9998222, -0.018604781, -0.0031073058), (-0.092052355, -0.89222586, -0.44210798), (-0.13450743, -0.87503237, -0.46500146), (-0.08807348, -0.9513863, -0.29513958), (-0.9998222, -0.018604781, -0.0031073058), (-0.1332367, -0.9341395, -0.33110625), (-0.1332367, -0.9341395, -0.33110625), (-0.13818373, -0.9685378, -0.20697759), (-0.99966943, -0.025393423, 0.004015291), (-0.99966943, -0.025393423, 0.004015291), (-0.08807348, -0.9513863, -0.29513958), (-0.1332367, -0.9341395, -0.33110625), (-0.09010447, -0.980121, -0.17676014), (-0.99966943, -0.025393423, 0.004015291), (-0.13818373, -0.9685378, -0.20697759), (-0.13818373, -0.9685378, -0.20697759), (-0.13300042, -0.98606783, -0.09990611), (-0.9987165, -0.02087297, -0.046151306), (-0.9987165, -0.02087297, -0.046151306), (-0.09010447, -0.980121, -0.17676014), (-0.13818373, -0.9685378, -0.20697759), (-0.08557509, -0.993065, -0.08061656), (-0.9987165, -0.02087297, -0.046151306), (-0.13300042, -0.98606783, -0.09990611), (-0.13300042, -0.98606783, -0.09990611), (-0.1434905, -0.9896216, 0.007718684), (-0.9995815, 0.0016478954, -0.02888062), (-0.9995815, 0.0016478954, -0.02888062), (-0.08557509, -0.993065, -0.08061656), (-0.13300042, -0.98606783, -0.09990611), (-0.1434905, -0.9896216, 0.007718684), (-0.13660386, -0.9817849, 0.13205273), (-0.9999323, 0.011568185, -0.0012870686), (-0.9999323, 0.011568185, -0.0012870686), (-0.9995815, 0.0016478954, -0.02888062), (-0.1434905, -0.9896216, 0.007718684), (-0.13660386, -0.9817849, 0.13205273), (-0.14900391, -0.9631476, 0.22392994), (-0.9999742, 0.006535219, -0.0029984252), (-0.9999742, 0.006535219, -0.0029984252), (-0.9999323, 0.011568185, -0.0012870686), (-0.13660386, -0.9817849, 0.13205273), (-0.14900391, -0.9631476, 0.22392994), (-0.1400547, -0.93373954, 0.32941663), (-0.9999907, 0.0038506836, 0.0019633318), (-0.9999907, 0.0038506836, 0.0019633318), (-0.9999742, 0.006535219, -0.0029984252), (-0.14900391, -0.9631476, 0.22392994), (-0.1400547, -0.93373954, 0.32941663), (-0.13681401, -0.8781348, 0.4584337), (-0.99993086, 0.0020272422, -0.011582446), (-0.99993086, 0.0020272422, -0.011582446), (-0.9999907, 0.0038506836, 0.0019633318), (-0.1400547, -0.93373954, 0.32941663), (-0.13681401, -0.8781348, 0.4584337), (-0.14382832, -0.8300408, 0.5388373), (-0.9999668, -0.0003290189, -0.008150453), (-0.9999668, -0.0003290189, -0.008150453), (-0.99993086, 0.0020272422, -0.011582446), (-0.13681401, -0.8781348, 0.4584337), (-0.14382832, -0.8300408, 0.5388373), (-0.13385364, -0.74973637, 0.6480576), (-0.9999032, -0.008270789, -0.011197678), (-0.9999032, -0.008270789, -0.011197678), (-0.9999668, -0.0003290189, -0.008150453), (-0.14382832, -0.8300408, 0.5388373), (-0.13385364, -0.74973637, 0.6480576), (-0.1429987, -0.6762429, 0.72266656), (-0.9995648, 0.029021258, 0.0053061666), (-0.9995648, 0.029021258, 0.0053061666), (-0.9999032, -0.008270789, -0.011197678), (-0.13385364, -0.74973637, 0.6480576), (-0.1429987, -0.6762429, 0.72266656), (-0.14025559, -0.59969497, 0.7878416), (-0.9998078, 0.019305373, -0.0034323009), (-0.9998078, 0.019305373, -0.0034323009), (-0.9995648, 0.029021258, 0.0053061666), (-0.1429987, -0.6762429, 0.72266656), (-0.14025559, -0.59969497, 0.7878416), (-0.13213764, -0.49313203, 0.85986066), (-0.99981034, -0.0016646299, -0.019407574), (-0.99981034, -0.0016646299, -0.019407574), (-0.9998078, 0.019305373, -0.0034323009), (-0.14025559, -0.59969497, 0.7878416), (-0.13213764, -0.49313203, 0.85986066), (-0.14148575, -0.38388833, 0.91247547), (-0.99979466, 0.007510309, -0.018821228), (-0.99979466, 0.007510309, -0.018821228), (-0.99981034, -0.0016646299, -0.019407574), (-0.13213764, -0.49313203, 0.85986066), (-0.14148575, -0.38388833, 0.91247547), (-0.14411405, -0.2956027, 0.9443782), (-0.99981326, 0.012055182, -0.015104491), (-0.99981326, 0.012055182, -0.015104491), (-0.99979466, 0.007510309, -0.018821228), (-0.14148575, -0.38388833, 0.91247547), (-0.14411405, -0.2956027, 0.9443782), (-0.13727498, -0.16562541, 0.97658783), (-0.99980474, 0.00838643, -0.017898753), (-0.99980474, 0.00838643, -0.017898753), (-0.99981326, 0.012055182, -0.015104491), (-0.14411405, -0.2956027, 0.9443782), (-0.13727498, -0.16562541, 0.97658783), (-0.14945158, -0.07855352, 0.9856437), (-0.99973965, 0.00948572, -0.020754205), (-0.99973965, 0.00948572, -0.020754205), (-0.99980474, 0.00838643, -0.017898753), (-0.13727498, -0.16562541, 0.97658783), (-0.14945158, -0.07855352, 0.9856437), (-0.14578316, 0.018911634, 0.9891358), (-0.9997271, 0.010547749, -0.020849384), (-0.9997271, 0.010547749, -0.020849384), (-0.99973965, 0.00948572, -0.020754205), (-0.14945158, -0.07855352, 0.9856437), (-0.14578316, 0.018911634, 0.9891358), (-0.14067107, 0.10716775, 0.9842392), (-0.99976075, -0.010756051, -0.019047193), (-0.99976075, -0.010756051, -0.019047193), (-0.9997271, 0.010547749, -0.020849384), (-0.14578316, 0.018911634, 0.9891358), (-0.14067107, 0.10716775, 0.9842392), (-0.13251415, 0.22328115, 0.9657047), (-0.99966425, -0.013728548, -0.021976503), (-0.99966425, -0.013728548, -0.021976503), (-0.99976075, -0.010756051, -0.019047193), (-0.14067107, 0.10716775, 0.9842392), (-0.13251415, 0.22328115, 0.9657047), (-0.1399771, 0.331366, 0.9330611), (-0.9995297, -0.0015201527, -0.030629484), (-0.9995297, -0.0015201527, -0.030629484), (-0.99966425, -0.013728548, -0.021976503), (-0.13251415, 0.22328115, 0.9657047), (-0.1399771, 0.331366, 0.9330611), (-0.1461095, 0.43321535, 0.8893686), (-0.9996589, 0.00020905335, -0.026119972), (-0.9996589, 0.00020905335, -0.026119972), (-0.9995297, -0.0015201527, -0.030629484), (-0.1399771, 0.331366, 0.9330611), (-0.1461095, 0.43321535, 0.8893686), (-0.14617063, 0.5351567, 0.8320105), (-0.9997456, -0.012253669, -0.018934717), (-0.9997456, -0.012253669, -0.018934717), (-0.9996589, 0.00020905335, -0.026119972), (-0.1461095, 0.43321535, 0.8893686), (-0.14617063, 0.5351567, 0.8320105), (-0.14620984, 0.62803113, 0.7643296), (-0.999492, -0.03062899, 0.00880947), (-0.999492, -0.03062899, 0.00880947), (-0.9997456, -0.012253669, -0.018934717), (-0.14617063, 0.5351567, 0.8320105), (-0.14620984, 0.62803113, 0.7643296), (-0.14624716, 0.70987123, 0.6889809), (-0.9999998, -0.0005908961, -0.000014584061), (-0.9999998, -0.0005908961, -0.000014584061), (-0.999492, -0.03062899, 0.00880947), (-0.14620984, 0.62803113, 0.7643296), (-0.14624716, 0.70987123, 0.6889809), (-0.14631388, 0.7844393, 0.60269994), (-0.9999998, -0.0005908576, -0.000014597624), (-0.9999998, -0.0005908576, -0.000014597624), (-0.9999998, -0.0005908961, -0.000014584061), (-0.14624716, 0.70987123, 0.6889809), (-0.14631388, 0.7844393, 0.60269994), (-0.14636138, 0.851076, 0.5042302), (-0.9999936, 0.00028067295, -0.0035755509), (-0.9999936, 0.00028067295, -0.0035755509), (-0.9999998, -0.0005908576, -0.000014597624), (-0.14631388, 0.7844393, 0.60269994), (-0.14636138, 0.851076, 0.5042302), (-0.14638859, 0.9057915, 0.39763325), (-0.9999937, -0.0033283122, -0.001281053), (-0.9999937, -0.0033283122, -0.001281053), (-0.9999936, 0.00028067295, -0.0035755509), (-0.14636138, 0.851076, 0.5042302), (-0.14638859, 0.9057915, 0.39763325), (-0.14109221, 0.9445856, 0.29639703), (-0.9999643, -0.0068538934, -0.004942846), (-0.9999643, -0.0068538934, -0.004942846), (-0.9999937, -0.0033283122, -0.001281053), (-0.14638859, 0.9057915, 0.39763325), (-0.14109221, 0.9445856, 0.29639703), (-0.13601258, 0.9758672, 0.17083305), (-0.99988604, -0.01404246, 0.0055396203), (-0.99988604, -0.01404246, 0.0055396203), (-0.9999643, -0.0068538934, -0.004942846), (-0.14109221, 0.9445856, 0.29639703), (-0.13601258, 0.9758672, 0.17083305), (-0.11586334, 0.9888161, 0.09390621), (-0.9994705, 0.0047050477, -0.032200012), (-0.9994705, 0.0047050477, -0.032200012), (-0.99988604, -0.01404246, 0.0055396203), (-0.13601258, 0.9758672, 0.17083305), (-0.11586334, 0.9888161, 0.09390621), (-0.107577965, 0.9928064, -0.052560147), (-0.11066415, 0.9938438, 0.0053010616), (-0.11066415, 0.9938438, 0.0053010616), (-0.9994705, 0.0047050477, -0.032200012), (-0.11586334, 0.9888161, 0.09390621), (-0.9997715, 0.015042182, -0.015192587), (-0.11066415, 0.9938438, 0.0053010616), (-0.107577965, 0.9928064, -0.052560147), (-0.107577965, 0.9928064, -0.052560147), (-0.111562565, 0.9762136, -0.18590552), (-0.12516074, 0.98707974, -0.10004193), (-0.12516074, 0.98707974, -0.10004193), (-0.9997715, 0.015042182, -0.015192587), (-0.107577965, 0.9928064, -0.052560147), (-0.9997575, 0.019402755, -0.010421998), (-0.12516074, 0.98707974, -0.10004193), (-0.111562565, 0.9762136, -0.18590552), (-0.111562565, 0.9762136, -0.18590552), (-0.11715851, 0.9421125, -0.31416246), (-0.1278577, 0.9576707, -0.25791338), (-0.1278577, 0.9576707, -0.25791338), (-0.9997575, 0.019402755, -0.010421998), (-0.111562565, 0.9762136, -0.18590552), (-0.99963146, 0.027006987, -0.0027479324), (-0.1278577, 0.9576707, -0.25791338), (-0.11715851, 0.9421125, -0.31416246), (-0.11715851, 0.9421125, -0.31416246), (-0.107806645, 0.88222617, -0.4583173), (-0.124004446, 0.9157734, -0.3820762), (-0.124004446, 0.9157734, -0.3820762), (-0.99963146, 0.027006987, -0.0027479324), (-0.11715851, 0.9421125, -0.31416246), (-0.9996523, 0.026358457, 0.00064292166), (-0.124004446, 0.9157734, -0.3820762), (-0.107806645, 0.88222617, -0.4583173), (-0.107806645, 0.88222617, -0.4583173), (-0.10589481, 0.7967083, -0.59501445), (-0.11910341, 0.8441416, -0.52272296), (-0.11910341, 0.8441416, -0.52272296), (-0.9996523, 0.026358457, 0.00064292166), (-0.107806645, 0.88222617, -0.4583173), (-0.9996356, -0.003595835, -0.026755257), (-0.11910341, 0.8441416, -0.52272296), (-0.10589481, 0.7967083, -0.59501445), (-0.10589481, 0.7967083, -0.59501445), (-0.10685498, 0.68299544, -0.7225643), (-0.117731065, 0.7402223, -0.66197455), (-0.117731065, 0.7402223, -0.66197455), (-0.9996356, -0.003595835, -0.026755257), (-0.10589481, 0.7967083, -0.59501445), (-0.99996334, -0.006798286, -0.0052048666), (-0.117731065, 0.7402223, -0.66197455), (-0.10685498, 0.68299544, -0.7225643), (-0.10685498, 0.68299544, -0.7225643), (-0.11094724, 0.5524271, -0.8261447), (-0.120450445, 0.61287844, -0.780943), (-0.120450445, 0.61287844, -0.780943), (-0.99996334, -0.006798286, -0.0052048666), (-0.10685498, 0.68299544, -0.7225643), (-0.9998699, -0.010336043, -0.012389188), (-0.120450445, 0.61287844, -0.780943), (-0.11094724, 0.5524271, -0.8261447), (-0.11094724, 0.5524271, -0.8261447), (-0.111986175, 0.42522147, -0.89813477), (-0.12511392, 0.48588485, -0.8650217), (-0.12511392, 0.48588485, -0.8650217), (-0.9998699, -0.010336043, -0.012389188), (-0.11094724, 0.5524271, -0.8261447), (-0.9999713, 0.006035644, -0.004591102), (-0.12511392, 0.48588485, -0.8650217), (-0.111986175, 0.42522147, -0.89813477), (-0.111986175, 0.42522147, -0.89813477), (-0.112000994, 0.29844248, -0.94783324), (-0.12614004, 0.36276084, -0.92330563), (-0.12614004, 0.36276084, -0.92330563), (-0.9999713, 0.006035644, -0.004591102), (-0.111986175, 0.42522147, -0.89813477), (-0.9999592, 0.0021043834, -0.00879171), (-0.12614004, 0.36276084, -0.92330563), (-0.112000994, 0.29844248, -0.94783324), (-0.112000994, 0.29844248, -0.94783324), (-0.11184544, 0.16198078, -0.9804351), (-0.12585151, 0.2318935, -0.9645657), (-0.12585151, 0.2318935, -0.9645657), (-0.9999592, 0.0021043834, -0.00879171), (-0.112000994, 0.29844248, -0.94783324), (-0.9999819, 0.0011253373, -0.0059151924), (-0.12585151, 0.2318935, -0.9645657), (-0.11184544, 0.16198078, -0.9804351), (-0.11184544, 0.16198078, -0.9804351), (-0.12704965, 0.007261909, -0.9918698), (-0.12377715, 0.101600274, -0.98709506), (-0.12377715, 0.101600274, -0.98709506), (-0.9999819, 0.0011253373, -0.0059151924), (-0.11184544, 0.16198078, -0.9804351), (-0.9989107, 0.046606224, 0.0022613155), (-0.12377715, 0.101600274, -0.98709506), (-0.12704965, 0.007261909, -0.9918698), (-0.12704965, 0.007261909, -0.9918698), (-0.1217017, -0.032203108, -0.9920442), (-0.9998688, -8.954528e-8, 0.016198337), (-0.9998688, -8.954528e-8, 0.016198337), (-0.9989107, 0.046606224, 0.0022613155), (-0.12704965, 0.007261909, -0.9918698), (-0.1217017, -0.032203108, -0.9920442), (-0.10548192, -0.18168305, -0.9776835), (-0.111438565, -0.11794956, -0.98674685), (-0.111438565, -0.11794956, -0.98674685), (-0.9998688, -8.954528e-8, 0.016198337), (-0.1217017, -0.032203108, -0.9920442), (-0.99947804, -0.02900096, 0.01423705), (-0.111438565, -0.11794956, -0.98674685), (-0.10548192, -0.18168305, -0.9776835), (-0.10548192, -0.18168305, -0.9776835), (-0.09792154, -0.31638393, -0.9435638), (-0.11866137, -0.22714533, -0.9666047), (-0.11866137, -0.22714533, -0.9666047), (-0.99947804, -0.02900096, 0.01423705), (-0.10548192, -0.18168305, -0.9776835), (-0.99984634, -0.01636767, 0.0062872227), (-0.11866137, -0.22714533, -0.9666047), (-0.09792154, -0.31638393, -0.9435638), (-0.09792154, -0.31638393, -0.9435638), (-0.10757517, -0.50885725, -0.85410297), (-0.11449721, -0.40628174, -0.90654606), (-0.11449721, -0.40628174, -0.90654606), (-0.99984634, -0.01636767, 0.0062872227), (-0.09792154, -0.31638393, -0.9435638), (-0.9998978, -0.014067484, 0.0025595655), (-0.11449721, -0.40628174, -0.90654606), (-0.10757517, -0.50885725, -0.85410297), (-0.06862077, -0.6891862, 0.72132754), (-0.00059075665, 0.9999922, -0.0039044279), (-0.06862076, -0.6891862, 0.72132754), (-0.06862076, -0.6891862, 0.72132754), (-0.99999726, -0.0021139125, -0.0010838731), (-0.06862077, -0.6891862, 0.72132754), (-0.00059075665, 0.9999922, -0.0039044279), (-0.09558536, 0.79951245, -0.59299517), (-0.9999998, -0.0005908554, -0.000014604738), (-0.9999998, -0.0005908554, -0.000014604738), (-0.06862076, -0.6891862, 0.72132754), (-0.00059075665, 0.9999922, -0.0039044279), (-0.09558536, 0.79951245, -0.59299517), (-0.06312887, 0.013146319, 0.99791884), (-0.00059075665, 0.9999922, -0.0039044279), (-0.00059075665, 0.9999922, -0.0039044279), (-0.9999998, -0.0005908554, -0.000014604738), (-0.09558536, 0.79951245, -0.59299517), (-0.06312887, 0.013146319, 0.99791884), (-0.1300071, 0.0037944904, 0.99150586), (-0.999944, -0.008474971, 0.006353946), (-0.999944, -0.008474971, 0.006353946), (-0.00059075665, 0.9999922, -0.0039044279), (-0.06312887, 0.013146319, 0.99791884), (-0.1300071, 0.0037944904, 0.99150586), (-0.13054596, -0.004395019, -0.99143255), (-0.99987394, -0.0007924082, 0.015859129), (-0.99987394, -0.0007924082, 0.015859129), (-0.999944, -0.008474971, 0.006353946), (-0.1300071, 0.0037944904, 0.99150586), (-0.13054596, -0.004395019, -0.99143255), (-0.13657953, -0.0039485516, -0.99062127), (-0.00059075665, 0.9999922, -0.0039044279), (-0.00059075665, 0.9999922, -0.0039044279), (-0.99987394, -0.0007924082, 0.015859129), (-0.13054596, -0.004395019, -0.99143255), (-0.13657953, -0.0039485516, -0.99062127), (-0.14852911, 0.0028884255, 0.9889039), (-0.99997175, -0.0003659427, 0.007506831), (-0.99997175, -0.0003659427, 0.007506831), (-0.00059075665, 0.9999922, -0.0039044279), (-0.13657953, -0.0039485516, -0.99062127), (-0.14852911, 0.0028884255, 0.9889039), (-0.11230765, -0.41374287, 0.90344006), (-0.9987121, 0.012674884, 0.049128607), (-0.9987121, 0.012674884, 0.049128607), (-0.99997175, -0.0003659427, 0.007506831), (-0.14852911, 0.0028884255, 0.9889039), (-0.11230765, -0.41374287, 0.90344006), (-0.07006443, -0.50544137, -0.86001164), (-0.00059075665, 0.9999922, -0.0039044279), (-0.00059075665, 0.9999922, -0.0039044279), (-0.9987121, 0.012674884, 0.049128607), (-0.11230765, -0.41374287, 0.90344006), (-0.07006443, -0.50544137, -0.86001164), (-0.121072575, -0.8701872, -0.47761452), (-0.9999998, -0.0005908748, -0.000014586499), (-0.9999998, -0.0005908748, -0.000014586499), (-0.00059075665, 0.9999922, -0.0039044279), (-0.07006443, -0.50544137, -0.86001164), (-0.121072575, -0.8701872, -0.47761452), (-0.0695746, 0.51110995, 0.85669476), (-0.00059075665, 0.9999922, -0.0039044279), (-0.00059075665, 0.9999922, -0.0039044279), (-0.9999998, -0.0005908748, -0.000014586499), (-0.121072575, -0.8701872, -0.47761452), (-0.0695746, 0.51110995, 0.85669476), (-0.06862077, -0.6891862, 0.72132754), (-0.99999726, -0.0021139125, -0.0010838731), (-0.99999726, -0.0021139125, -0.0010838731), (-0.00059075665, 0.9999922, -0.0039044279), (-0.0695746, 0.51110995, 0.85669476), (-0.07798266, 0.99632406, -0.03545553), (-0.09259707, 0.9952696, -0.029399013), (-0.07798267, 0.99632406, -0.03545553), (-0.07798267, 0.99632406, -0.03545553), (-0.00059075665, 0.9999922, -0.0039044279), (-0.07798266, 0.99632406, -0.03545553), (-0.09259707, 0.9952696, -0.029399013), (-0.15735829, -0.20108092, -0.96685314), (-0.99243605, -0.12137426, 0.018411035), (-0.99243605, -0.12137426, 0.018411035), (-0.07798267, 0.99632406, -0.03545553), (-0.09259707, 0.9952696, -0.029399013), (-0.15735829, -0.20108092, -0.96685314), (-0.14040415, -0.29049224, -0.94652045), (-0.9993694, 0.03406989, 0.010002314), (-0.9993694, 0.03406989, 0.010002314), (-0.99243605, -0.12137426, 0.018411035), (-0.15735829, -0.20108092, -0.96685314), (-0.14040415, -0.29049224, -0.94652045), (-0.13209902, -0.3968128, -0.9083443), (-0.9996434, 0.022993093, 0.013585719), (-0.9996434, 0.022993093, 0.013585719), (-0.9993694, 0.03406989, 0.010002314), (-0.14040415, -0.29049224, -0.94652045), (-0.13209902, -0.3968128, -0.9083443), (-0.13648836, -0.4903307, -0.86078256), (-0.9997124, 0.01739683, 0.016508339), (-0.9997124, 0.01739683, 0.016508339), (-0.9996434, 0.022993093, 0.013585719), (-0.13209902, -0.3968128, -0.9083443), (-0.13648836, -0.4903307, -0.86078256), (-0.14129649, -0.59439445, -0.7916632), (-0.9998097, 0.015320396, 0.012078406), (-0.9998097, 0.015320396, 0.012078406), (-0.9997124, 0.01739683, 0.016508339), (-0.13648836, -0.4903307, -0.86078256), (-0.14129649, -0.59439445, -0.7916632), (-0.14917749, -0.6756642, -0.7219585), (-0.9997699, -0.0060500256, 0.02057802), (-0.9997699, -0.0060500256, 0.02057802), (-0.9998097, 0.015320396, 0.012078406), (-0.14129649, -0.59439445, -0.7916632), (-0.14917749, -0.6756642, -0.7219585), (-0.14730527, -0.7656173, -0.62620395), (-0.99996865, 0.0057546836, 0.0054392633), (-0.99996865, 0.0057546836, 0.0054392633), (-0.9997699, -0.0060500256, 0.02057802), (-0.14917749, -0.6756642, -0.7219585), (-0.14730527, -0.7656173, -0.62620395), (-0.14908856, -0.83497846, -0.5297013), (-0.9999388, 0.01082032, -0.0023515886), (-0.9999388, 0.01082032, -0.0023515886), (-0.99996865, 0.0057546836, 0.0054392633), (-0.14730527, -0.7656173, -0.62620395), (-0.14908856, -0.83497846, -0.5297013), (-0.14530675, -0.89547724, -0.42072132), (-0.99995226, -0.0027562727, 0.009376784), (-0.99995226, -0.0027562727, 0.009376784), (-0.9999388, 0.01082032, -0.0023515886), (-0.14908856, -0.83497846, -0.5297013), (-0.14530675, -0.89547724, -0.42072132), (-0.14524598, -0.93713343, -0.3173083), (-0.9999824, 0.0019252695, -0.005620133), (-0.9999824, 0.0019252695, -0.005620133), (-0.99995226, -0.0027562727, 0.009376784), (-0.14530675, -0.89547724, -0.42072132), (-0.14524598, -0.93713343, -0.3173083), (-0.14519374, -0.9645024, -0.22057672), (-0.9999954, -0.002967216, -0.000597818), (-0.9999954, -0.002967216, -0.000597818), (-0.9999824, 0.0019252695, -0.005620133), (-0.14524598, -0.93713343, -0.3173083), (-0.14519374, -0.9645024, -0.22057672), (-0.14515275, -0.9804731, -0.13267726), (-0.9995009, 0.0057635107, 0.031064264), (-0.9995009, 0.0057635107, 0.031064264), (-0.9999954, -0.002967216, -0.000597818), (-0.14519374, -0.9645024, -0.22057672), (-0.14515275, -0.9804731, -0.13267726), (-0.14704186, -0.98778427, -0.051586606), (-0.9996836, 0.021109147, -0.01367702), (-0.9996836, 0.021109147, -0.01367702), (-0.9995009, 0.0057635107, 0.031064264), (-0.14515275, -0.9804731, -0.13267726), (-0.14704186, -0.98778427, -0.051586606), (-0.14905348, -0.98882717, -0.0020221218), (-0.99983567, 0.01812715, 0.00013608314), (-0.99983567, 0.01812715, 0.00013608314), (-0.9996836, 0.021109147, -0.01367702), (-0.14704186, -0.98778427, -0.051586606), (-0.14905348, -0.98882717, -0.0020221218), (-0.12507823, -0.9920742, 0.01201636), (-0.99964964, 0.012747406, 0.023197781), (-0.99964964, 0.012747406, 0.023197781), (-0.99983567, 0.01812715, 0.00013608314), (-0.14905348, -0.98882717, -0.0020221218), (-0.12507823, -0.9920742, 0.01201636), (-0.12103847, -0.9789646, 0.16424975), (-0.10789956, -0.98895055, 0.10165907), (-0.10789956, -0.98895055, 0.10165907), (-0.99964964, 0.012747406, 0.023197781), (-0.12507823, -0.9920742, 0.01201636), (-0.12103847, -0.9789646, 0.16424975), (-0.13699853, -0.9737356, 0.18185303), (-0.99988306, -0.0071265874, 0.013533191), (-0.99988306, -0.0071265874, 0.013533191), (-0.10789956, -0.98895055, 0.10165907), (-0.12103847, -0.9789646, 0.16424975), (-0.096710205, -0.97890705, 0.17996761), (-0.99988306, -0.0071265874, 0.013533191), (-0.13699853, -0.9737356, 0.18185303), (-0.13699853, -0.9737356, 0.18185303), (-0.13590726, -0.9465836, 0.2924187), (-0.99977887, -0.013624367, 0.016024573), (-0.99977887, -0.013624367, 0.016024573), (-0.096710205, -0.97890705, 0.17996761), (-0.13699853, -0.9737356, 0.18185303), (-0.09589964, -0.94779706, 0.3041117), (-0.99977887, -0.013624367, 0.016024573), (-0.13590726, -0.9465836, 0.2924187), (-0.13590726, -0.9465836, 0.2924187), (-0.13162386, -0.89649504, 0.42305067), (-0.99985325, -0.017008686, -0.0020928534), (-0.99985325, -0.017008686, -0.0020928534), (-0.09589964, -0.94779706, 0.3041117), (-0.13590726, -0.9465836, 0.2924187), (-0.09870307, -0.8996753, 0.4252554), (-0.99985325, -0.017008686, -0.0020928534), (-0.13162386, -0.89649504, 0.42305067), (-0.13162386, -0.89649504, 0.42305067), (-0.12695663, -0.8638495, 0.48748955), (-0.99929124, -0.030116288, -0.022584971), (-0.99929124, -0.030116288, -0.022584971), (-0.09870307, -0.8996753, 0.4252554), (-0.13162386, -0.89649504, 0.42305067), (-0.058465876, -0.97086257, 0.23239546), (-0.99929124, -0.030116288, -0.022584971), (-0.12695663, -0.8638495, 0.48748955), (-0.12695663, -0.8638495, 0.48748955), (-0.12900734, -0.77111435, 0.6234901), (-0.9995326, -0.0234006, -0.0196742), (-0.9995326, -0.0234006, -0.0196742), (-0.058465876, -0.97086257, 0.23239546), (-0.12695663, -0.8638495, 0.48748955), (-0.058746427, -0.9176776, 0.39295882), (-0.9995326, -0.0234006, -0.0196742), (-0.12900734, -0.77111435, 0.6234901), (-0.12900734, -0.77111435, 0.6234901), (-0.1294318, -0.6484473, 0.7501758), (-0.9999538, -0.0024289016, 0.009309813), (-0.9999538, -0.0024289016, 0.009309813), (-0.058746427, -0.9176776, 0.39295882), (-0.12900734, -0.77111435, 0.6234901), (-0.059404694, -0.8319046, 0.55172986), (-0.9999538, -0.0024289016, 0.009309813), (-0.1294318, -0.6484473, 0.7501758), (-0.1294318, -0.6484473, 0.7501758), (-0.13331401, -0.5202489, 0.84354514), (-0.9998895, 0.0076247407, 0.012769962), (-0.9998895, 0.0076247407, 0.012769962), (-0.059404694, -0.8319046, 0.55172986), (-0.1294318, -0.6484473, 0.7501758), (-0.058272284, -0.73560935, 0.6748949), (-0.9998895, 0.0076247407, 0.012769962), (-0.13331401, -0.5202489, 0.84354514), (-0.13331401, -0.5202489, 0.84354514), (-0.13691258, -0.382815, 0.9136234), (-0.99988794, 0.006500778, 0.013489395), (-0.99988794, 0.006500778, 0.013489395), (-0.058272284, -0.73560935, 0.6748949), (-0.13331401, -0.5202489, 0.84354514), (-0.059505694, -0.6304028, 0.77398425), (-0.99988794, 0.006500778, 0.013489395), (-0.13691258, -0.382815, 0.9136234), (-0.13691258, -0.382815, 0.9136234), (-0.1375108, -0.22529669, 0.9645374), (-0.9998552, -0.012261826, 0.011804613), (-0.9998552, -0.012261826, 0.011804613), (-0.059505694, -0.6304028, 0.77398425), (-0.13691258, -0.382815, 0.9136234), (-0.059835695, -0.49396324, 0.86742145), (-0.9998552, -0.012261826, 0.011804613), (-0.1375108, -0.22529669, 0.9645374), (-0.1375108, -0.22529669, 0.9645374), (-0.13574924, 0.027946455, 0.9903491), (-0.99981815, 0.010244213, 0.016088601), (-0.99981815, 0.010244213, 0.016088601), (-0.059835695, -0.49396324, 0.86742145), (-0.1375108, -0.22529669, 0.9645374), (-0.10151032, 0.022216182, 0.9945864), (-0.99981815, 0.010244213, 0.016088601), (-0.13574924, 0.027946455, 0.9903491), (-0.13574924, 0.027946455, 0.9903491), (-0.13448982, 0.07024519, 0.9884221), (-0.99985886, -0.004636314, 0.016149461), (-0.99985886, -0.004636314, 0.016149461), (-0.10151032, 0.022216182, 0.9945864), (-0.13574924, 0.027946455, 0.9903491), (-0.05974856, -0.22039284, 0.9735795), (-0.99985886, -0.004636314, 0.016149461), (-0.13448982, 0.07024519, 0.9884221), (-0.13448982, 0.07024519, 0.9884221), (-0.13709337, 0.20673536, 0.9687445), (-0.9999609, 0.0016620571, 0.008692713), (-0.9999609, 0.0016620571, 0.008692713), (-0.05974856, -0.22039284, 0.9735795), (-0.13448982, 0.07024519, 0.9884221), (-0.0584609, -0.08242313, 0.99488133), (-0.9999609, 0.0016620571, 0.008692713), (-0.13709337, 0.20673536, 0.9687445), (-0.13709337, 0.20673536, 0.9687445), (-0.13517196, 0.3691387, 0.9194918), (-0.99990267, -0.006965856, 0.012090875), (-0.99990267, -0.006965856, 0.012090875), (-0.0584609, -0.08242313, 0.99488133), (-0.13709337, 0.20673536, 0.9687445), (-0.059190508, 0.07111601, 0.9957103), (-0.99990267, -0.006965856, 0.012090875), (-0.13517196, 0.3691387, 0.9194918), (-0.13517196, 0.3691387, 0.9194918), (-0.13188484, 0.51787597, 0.84522843), (-0.99991554, -0.010362293, 0.007856621), (-0.99991554, -0.010362293, 0.007856621), (-0.059190508, 0.07111601, 0.9957103), (-0.13517196, 0.3691387, 0.9194918), (-0.057235606, 0.23841405, 0.9694756), (-0.99991554, -0.010362293, 0.007856621), (-0.13188484, 0.51787597, 0.84522843), (-0.13188484, 0.51787597, 0.84522843), (-0.13575993, 0.64412713, 0.75277454), (-0.9999235, 0.011330831, -0.004976951), (-0.9999235, 0.011330831, -0.004976951), (-0.057235606, 0.23841405, 0.9694756), (-0.13188484, 0.51787597, 0.84522843), (-0.057845205, 0.38390514, 0.921559), (-0.9999235, 0.011330831, -0.004976951), (-0.13575993, 0.64412713, 0.75277454), (-0.13575993, 0.64412713, 0.75277454), (-0.14349505, 0.75076836, 0.6447915), (-0.99988043, -0.0017620805, 0.015368083), (-0.99988043, -0.0017620805, 0.015368083), (-0.057845205, 0.38390514, 0.921559), (-0.13575993, 0.64412713, 0.75277454), (-0.059177395, 0.5209414, 0.8515388), (-0.99988043, -0.0017620805, 0.015368083), (-0.14349505, 0.75076836, 0.6447915), (-0.14349505, 0.75076836, 0.6447915), (-0.11388204, 0.8903433, 0.44081712), (-0.99993724, 0.009593752, -0.0057964805), (-0.99993724, 0.009593752, -0.0057964805), (-0.059177395, 0.5209414, 0.8515388), (-0.14349505, 0.75076836, 0.6447915), (-0.003620003, 0.8911568, 0.45368123), (-0.99993724, 0.009593752, -0.0057964805), (-0.11388204, 0.8903433, 0.44081712), (-0.11388204, 0.8903433, 0.44081712), (-0.13620189, 0.9266967, 0.35026044), (-0.9992527, 0.03407616, -0.018245755), (-0.9992527, 0.03407616, -0.018245755), (-0.003620003, 0.8911568, 0.45368123), (-0.11388204, 0.8903433, 0.44081712), (-0.101185344, 0.93174785, 0.34872255), (-0.9992527, 0.03407616, -0.018245755), (-0.13620189, 0.9266967, 0.35026044), (-0.13620189, 0.9266967, 0.35026044), (-0.15092222, 0.9400633, 0.3057837), (-0.99990207, -0.00010785137, 0.014000863), (-0.99990207, -0.00010785137, 0.014000863), (-0.101185344, 0.93174785, 0.34872255), (-0.13620189, 0.9266967, 0.35026044), (-0.15092222, 0.9400633, 0.3057837), (-0.1371768, 0.95529485, 0.26190537), (-0.998312, -0.040553074, 0.041575763), (-0.998312, -0.040553074, 0.041575763), (-0.99990207, -0.00010785137, 0.014000863), (-0.15092222, 0.9400633, 0.3057837), (-0.1371768, 0.95529485, 0.26190537), (-0.14022213, 0.9619836, 0.23436177), (-0.9998338, -0.017729215, -0.004254111), (-0.9998338, -0.017729215, -0.004254111), (-0.998312, -0.040553074, 0.041575763), (-0.1371768, 0.95529485, 0.26190537), (-0.14022213, 0.9619836, 0.23436177), (-0.14805095, 0.96181357, 0.23020756), (-0.9999369, -0.006839351, -0.008914478), (-0.9999369, -0.006839351, -0.008914478), (-0.9998338, -0.017729215, -0.004254111), (-0.14022213, 0.9619836, 0.23436177), (-0.14805095, 0.96181357, 0.23020756), (-0.15160778, 0.9541762, 0.25799805), (-0.99990416, -0.008863762, 0.010636318), (-0.99990416, -0.008863762, 0.010636318), (-0.9999369, -0.006839351, -0.008914478), (-0.14805095, 0.96181357, 0.23020756), (-0.15160778, 0.9541762, 0.25799805), (-0.14200571, 0.9455448, 0.2928817), (-0.99948406, 0.007323459, -0.031272326), (-0.99948406, 0.007323459, -0.031272326), (-0.99990416, -0.008863762, 0.010636318), (-0.15160778, 0.9541762, 0.25799805), (-0.097321056, 0.9550148, 0.28013465), (-0.99948406, 0.007323459, -0.031272326), (-0.14200571, 0.9455448, 0.2928817), (-0.14200571, 0.9455448, 0.2928817), (-0.11311507, 0.8994426, 0.4221468), (-0.99985874, 0.009111418, 0.014126388), (-0.99985874, 0.009111418, 0.014126388), (-0.097321056, 0.9550148, 0.28013465), (-0.14200571, 0.9455448, 0.2928817), (-0.010635701, 0.8927653, 0.45039657), (-0.99985874, 0.009111418, 0.014126388), (-0.11311507, 0.8994426, 0.4221468), (-0.11311507, 0.8994426, 0.4221468), (-0.15191084, 0.7663155, 0.6242464), (-0.9998926, -0.014582861, -0.0015094333), (-0.9998926, -0.014582861, -0.0015094333), (-0.010635701, 0.8927653, 0.45039657), (-0.11311507, 0.8994426, 0.4221468), (-0.9996474, -0.010370249, -0.024446765), (-0.9998926, -0.014582861, -0.0015094333), (-0.15191084, 0.7663155, 0.6242464), (-0.15191084, 0.7663155, 0.6242464), (-0.15757416, 0.44358143, 0.88227314), (-0.9996474, -0.010370249, -0.024446765), (-0.99972695, -0.015615144, -0.017387608), (-0.9996474, -0.010370249, -0.024446765), (-0.15757416, 0.44358143, 0.88227314), (-0.15757416, 0.44358143, 0.88227314), (-0.16199856, -0.07077571, 0.9842496), (-0.99972695, -0.015615144, -0.017387608), (-0.99992144, -0.007856464, -0.009779708), (-0.99972695, -0.015615144, -0.017387608), (-0.16199856, -0.07077571, 0.9842496), (-0.16199856, -0.07077571, 0.9842496), (-0.17137691, -0.5381012, 0.825274), (-0.9999048, 0.013303429, 0.0036896986), (-0.9999048, 0.013303429, 0.0036896986), (-0.99992144, -0.007856464, -0.009779708), (-0.16199856, -0.07077571, 0.9842496), (-0.99993306, -0.009477553, 0.0066402126), (-0.9999048, 0.013303429, 0.0036896986), (-0.17137691, -0.5381012, 0.825274), (-0.17137691, -0.5381012, 0.825274), (-0.11060167, -0.82672757, 0.55162376), (-0.99993306, -0.009477553, 0.0066402126), (-0.03976433, -0.97679234, 0.21046507), (-0.99993306, -0.009477553, 0.0066402126), (-0.11060167, -0.82672757, 0.55162376), (-0.11060167, -0.82672757, 0.55162376), (-0.11010671, -0.9287823, 0.35389274), (-0.9999664, 0.008175733, -0.0006670558), (-0.9999664, 0.008175733, -0.0006670558), (-0.03976433, -0.97679234, 0.21046507), (-0.11060167, -0.82672757, 0.55162376), (0.0031762924, -0.9296032, 0.36854813), (-0.9999664, 0.008175733, -0.0006670558), (-0.11010671, -0.9287823, 0.35389274), (-0.11010671, -0.9287823, 0.35389274), (-0.117140375, -0.9811794, 0.15350978), (-0.9997821, 0.016441077, 0.012864096), (-0.9997821, 0.016441077, 0.012864096), (0.0031762924, -0.9296032, 0.36854813), (-0.11010671, -0.9287823, 0.35389274), (-0.007586287, -0.99311775, 0.11687412), (-0.9997821, 0.016441077, 0.012864096), (-0.117140375, -0.9811794, 0.15350978), (-0.117140375, -0.9811794, 0.15350978), (-0.14211003, -0.9895746, 0.023383573), (-0.9997828, 0.012450916, 0.01671641), (-0.9997828, 0.012450916, 0.01671641), (-0.007586287, -0.99311775, 0.11687412), (-0.117140375, -0.9811794, 0.15350978), (-0.1039878, -0.99457747, 0.0015050787), (-0.9997828, 0.012450916, 0.01671641), (-0.14211003, -0.9895746, 0.023383573), (-0.14211003, -0.9895746, 0.023383573), (-0.13998649, -0.9725009, -0.1861338), (-0.99923456, 0.004725653, -0.03883367), (-0.99923456, 0.004725653, -0.03883367), (-0.1039878, -0.99457747, 0.0015050787), (-0.14211003, -0.9895746, 0.023383573), (-0.05027224, -0.89316076, -0.44691908), (-0.99923456, 0.004725653, -0.03883367), (-0.13998649, -0.9725009, -0.1861338), (-0.13998649, -0.9725009, -0.1861338), (-0.1546111, -0.91477185, -0.37321323), (-0.99996334, -0.0020909756, -0.008307053), (-0.99996334, -0.0020909756, -0.008307053), (-0.05027224, -0.89316076, -0.44691908), (-0.13998649, -0.9725009, -0.1861338), (-0.046703704, -0.79102767, -0.6099951), (-0.99996334, -0.0020909756, -0.008307053), (-0.1546111, -0.91477185, -0.37321323), (-0.1546111, -0.91477185, -0.37321323), (-0.15537055, -0.81027126, -0.5650845), (-0.9999917, -0.0012539693, -0.003901761), (-0.9999917, -0.0012539693, -0.003901761), (-0.046703704, -0.79102767, -0.6099951), (-0.1546111, -0.91477185, -0.37321323), (-0.999936, 0.0056667035, -0.009796039), (-0.9999917, -0.0012539693, -0.003901761), (-0.15537055, -0.81027126, -0.5650845), (-0.15537055, -0.81027126, -0.5650845), (-0.10933223, -0.67126596, -0.73310876), (-0.9999712, 0.006812987, -0.00337741), (-0.9999712, 0.006812987, -0.00337741), (-0.999936, 0.0056667035, -0.009796039), (-0.15537055, -0.81027126, -0.5650845), (-0.10933223, -0.67126596, -0.73310876), (-0.117184594, -0.38959494, -0.91350067), (-0.9999712, 0.006812987, -0.00337741), (-0.9990228, -0.033059794, 0.029337388), (-0.9999712, 0.006812987, -0.00337741), (-0.117184594, -0.38959494, -0.91350067), (-0.117184594, -0.38959494, -0.91350067), (-0.07034464, -0.40535998, -0.9114466), (-0.07968225, -0.3098055, -0.9474552), (-0.07968225, -0.3098055, -0.9474552), (-0.9990228, -0.033059794, 0.029337388), (-0.117184594, -0.38959494, -0.91350067), (-0.9999695, -0.0021452988, -0.007516345), (-0.07968225, -0.3098055, -0.9474552), (-0.07034464, -0.40535998, -0.9114466), (-0.07034464, -0.40535998, -0.9114466), (-0.27621445, -0.9603778, 0.037151705), (-0.9999695, -0.0021452988, -0.007516345), (-0.27621445, -0.9603778, 0.037151705), (-0.27872586, -0.953311, 0.11623247), (-0.2762144, -0.96037775, 0.037151687), (-0.2762144, -0.96037775, 0.037151687), (-0.9999695, -0.0021452988, -0.007516345), (-0.27621445, -0.9603778, 0.037151705), (-0.27872586, -0.953311, 0.11623247), (-0.043208398, 0.24369413, 0.9688891), (-0.00017252908, 0.26771787, 0.9634974), (-0.00017252908, 0.26771787, 0.9634974), (-0.2762144, -0.96037775, 0.037151687), (-0.27872586, -0.953311, 0.11623247), (-0.043208398, 0.24369413, 0.9688891), (-0.13478506, 0.25692475, 0.95698625), (-0.9998254, -0.01596286, -0.009718049), (-0.9998254, -0.01596286, -0.009718049), (-0.00017252908, 0.26771787, 0.9634974), (-0.043208398, 0.24369413, 0.9688891), (-0.13478506, 0.25692475, 0.95698625), (-0.14342643, 0.3997546, 0.9053316), (-0.9988321, 0.035694778, -0.032562833), (-0.9988321, 0.035694778, -0.032562833), (-0.9998254, -0.01596286, -0.009718049), (-0.13478506, 0.25692475, 0.95698625), (-0.14342643, 0.3997546, 0.9053316), (-0.15057893, 0.44833675, 0.88109046), (-0.99986905, -0.010599795, 0.012231767), (-0.99986905, -0.010599795, 0.012231767), (-0.9988321, 0.035694778, -0.032562833), (-0.14342643, 0.3997546, 0.9053316), (-0.15057893, 0.44833675, 0.88109046), (-0.12147611, 0.6019464, 0.78924274), (-0.12995355, 0.5442828, 0.8287752), (-0.12995355, 0.5442828, 0.8287752), (-0.99986905, -0.010599795, 0.012231767), (-0.15057893, 0.44833675, 0.88109046), (-0.12147611, 0.6019464, 0.78924274), (-0.14025086, 0.68550336, 0.7144333), (-0.9997198, -0.017771998, 0.015638757), (-0.9997198, -0.017771998, 0.015638757), (-0.12995355, 0.5442828, 0.8287752), (-0.12147611, 0.6019464, 0.78924274), (-0.14025086, 0.68550336, 0.7144333), (-0.14633662, 0.76513314, 0.62702227), (-0.9997834, 0.018816609, -0.008897124), (-0.9997834, 0.018816609, -0.008897124), (-0.9997198, -0.017771998, 0.015638757), (-0.14025086, 0.68550336, 0.7144333), (-0.14633662, 0.76513314, 0.62702227), (-0.14639884, 0.84056675, 0.52155054), (-0.99997455, 0.005802397, 0.0041438965), (-0.99997455, 0.005802397, 0.0041438965), (-0.9997834, 0.018816609, -0.008897124), (-0.14633662, 0.76513314, 0.62702227), (-0.14639884, 0.84056675, 0.52155054), (-0.1463867, 0.8993259, 0.41204852), (-0.99996006, 0.007556092, -0.0047752457), (-0.99996006, 0.007556092, -0.0047752457), (-0.99997455, 0.005802397, 0.0041438965), (-0.14639884, 0.84056675, 0.52155054), (-0.1463867, 0.8993259, 0.41204852), (-0.14636232, 0.9401805, 0.30763432), (-0.99999833, 0.0016744607, 0.0007708137), (-0.99999833, 0.0016744607, 0.0007708137), (-0.99996006, 0.007556092, -0.0047752457), (-0.1463867, 0.8993259, 0.41204852), (-0.14636232, 0.9401805, 0.30763432), (-0.14633478, 0.9662715, 0.21190916), (-0.99997616, 0.0005549412, -0.006887957), (-0.99997616, 0.0005549412, -0.006887957), (-0.99999833, 0.0016744607, 0.0007708137), (-0.14636232, 0.9401805, 0.30763432), (-0.14633478, 0.9662715, 0.21190916), (-0.14630836, 0.9811262, 0.1264334), (-0.9999926, -0.0024407562, 0.0029845552), (-0.9999926, -0.0024407562, 0.0029845552), (-0.99997616, 0.0005549412, -0.006887957), (-0.14633478, 0.9662715, 0.21190916), (-0.14630836, 0.9811262, 0.1264334), (-0.15436496, 0.9875367, 0.030703), (-0.9993884, 0.00048295112, -0.034965325), (-0.9993884, 0.00048295112, -0.034965325), (-0.9999926, -0.0024407562, 0.0029845552), (-0.14630836, 0.9811262, 0.1264334), (-0.15436496, 0.9875367, 0.030703), (-0.13809574, 0.9898892, -0.032386467), (-0.9997572, 0.0076572783, -0.020664271), (-0.9997572, 0.0076572783, -0.020664271), (-0.9993884, 0.00048295112, -0.034965325), (-0.15436496, 0.9875367, 0.030703), (-0.09646417, 0.9943795, -0.043635767), (-0.9997572, 0.0076572783, -0.020664271), (-0.13809574, 0.9898892, -0.032386467), (-0.13809574, 0.9898892, -0.032386467), (-0.13195914, 0.9816631, -0.13756615), (-0.99961233, 0.015320419, 0.023249272), (-0.99961233, 0.015320419, 0.023249272), (-0.09646417, 0.9943795, -0.043635767), (-0.13809574, 0.9898892, -0.032386467), (-0.0918513, 0.9818087, -0.16617756), (-0.99961233, 0.015320419, 0.023249272), (-0.13195914, 0.9816631, -0.13756615), (-0.13195914, 0.9816631, -0.13756615), (-0.13098244, 0.95792913, -0.25537312), (-0.9998639, 0.013417149, -0.009600687), (-0.9998639, 0.013417149, -0.009600687), (-0.0918513, 0.9818087, -0.16617756), (-0.13195914, 0.9816631, -0.13756615), (-0.07496194, 0.952189, -0.29617038), (-0.9998639, 0.013417149, -0.009600687), (-0.13098244, 0.95792913, -0.25537312), (-0.13098244, 0.95792913, -0.25537312), (-0.11332435, 0.9155581, -0.38588995), (-0.9994587, 0.025148995, 0.021210732), (-0.9994587, 0.025148995, 0.021210732), (-0.07496194, 0.952189, -0.29617038), (-0.13098244, 0.95792913, -0.25537312), (0.0831125, 0.615184, -0.7839905), (-0.9994587, 0.025148995, 0.021210732), (-0.11332435, 0.9155581, -0.38588995), (-0.11332435, 0.9155581, -0.38588995), (-0.10689752, 0.8578779, -0.5026118), (-0.9998198, -0.000986842, 0.018959908), (-0.9998198, -0.000986842, 0.018959908), (0.0831125, 0.615184, -0.7839905), (-0.11332435, 0.9155581, -0.38588995), (0.0038084504, 0.8538193, -0.5205555), (-0.9998198, -0.000986842, 0.018959908), (-0.10689752, 0.8578779, -0.5026118), (-0.10689752, 0.8578779, -0.5026118), (-0.10068168, 0.6786896, -0.72749126), (-0.99973625, -0.02203852, 0.006460364), (-0.99973625, -0.02203852, 0.006460364), (0.0038084504, 0.8538193, -0.5205555), (-0.10689752, 0.8578779, -0.5026118), (0.06684996, 0.39810592, -0.91490036), (-0.99973625, -0.02203852, 0.006460364), (-0.10068168, 0.6786896, -0.72749126), (-0.10068168, 0.6786896, -0.72749126), (-0.104598, 0.53322595, -0.83948165), (-0.9999785, -0.0020346604, 0.00624858), (-0.9999785, -0.0020346604, 0.00624858), (0.06684996, 0.39810592, -0.91490036), (-0.10068168, 0.6786896, -0.72749126), (0.06783852, 0.21388191, -0.9745012), (-0.9999785, -0.0020346604, 0.00624858), (-0.104598, 0.53322595, -0.83948165), (-0.104598, 0.53322595, -0.83948165), (-0.10588741, 0.38750777, -0.91576517), (-0.99997526, 0.0032222087, -0.0062476895), (-0.99997526, 0.0032222087, -0.0062476895), (0.06783852, 0.21388191, -0.9745012), (-0.104598, 0.53322595, -0.83948165), (0.06552161, 0.058946703, -0.99610853), (-0.99997526, 0.0032222087, -0.0062476895), (-0.10588741, 0.38750777, -0.91576517), (-0.10588741, 0.38750777, -0.91576517), (-0.10181373, 0.23139161, -0.9675185), (-0.9999831, 0.0058246, -0.00016486419), (-0.9999831, 0.0058246, -0.00016486419), (0.06552161, 0.058946703, -0.99610853), (-0.10588741, 0.38750777, -0.91576517), (0.06354134, -0.10459016, -0.9924835), (-0.9999831, 0.0058246, -0.00016486419), (-0.10181373, 0.23139161, -0.9675185), (-0.10181373, 0.23139161, -0.9675185), (-0.10147434, 0.061565604, -0.99293137), (-0.9999508, 0.008432924, -0.0052200714), (-0.9999508, 0.008432924, -0.0052200714), (0.06354134, -0.10459016, -0.9924835), (-0.10181373, 0.23139161, -0.9675185), (0.06408425, -0.27977908, -0.95792323), (-0.9999508, 0.008432924, -0.0052200714), (-0.10147434, 0.061565604, -0.99293137), (-0.10147434, 0.061565604, -0.99293137), (-0.096337296, -0.10934136, -0.98932487), (-0.9996301, -0.026686449, -0.00524398), (-0.9996301, -0.026686449, -0.00524398), (0.06408425, -0.27977908, -0.95792323), (-0.10147434, 0.061565604, -0.99293137), (0.05398078, -0.35393125, -0.9337124), (-0.9996301, -0.026686449, -0.00524398), (-0.096337296, -0.10934136, -0.98932487), (-0.096337296, -0.10934136, -0.98932487), (-0.122597806, -0.21104836, -0.96975684), (-0.9996374, -0.020408217, -0.017565342), (-0.9996374, -0.020408217, -0.017565342), (0.05398078, -0.35393125, -0.9337124), (-0.096337296, -0.10934136, -0.98932487), (-0.070929416, -0.24775279, -0.9662234), (-0.9996374, -0.020408217, -0.017565342), (-0.122597806, -0.21104836, -0.96975684), (-0.122597806, -0.21104836, -0.96975684), (-0.13516729, -0.4342504, -0.89059323), (-0.99968517, -0.01622309, -0.019142913), (-0.99968517, -0.01622309, -0.019142913), (-0.070929416, -0.24775279, -0.9662234), (-0.122597806, -0.21104836, -0.96975684), (-0.09159099, -0.51424813, -0.85273683), (-0.99968517, -0.01622309, -0.019142913), (-0.13516729, -0.4342504, -0.89059323), (-0.13516729, -0.4342504, -0.89059323), (-0.16030619, -0.5204483, -0.83871067), (-0.9996723, -0.0200036, -0.015974876), (-0.9996723, -0.0200036, -0.015974876), (-0.09159099, -0.51424813, -0.85273683), (-0.13516729, -0.4342504, -0.89059323), (-0.16030619, -0.5204483, -0.83871067), (-0.12333587, -0.72717047, -0.6752862), (-0.12214773, -0.6669344, -0.7350364), (-0.12214773, -0.6669344, -0.7350364), (-0.9996723, -0.0200036, -0.015974876), (-0.16030619, -0.5204483, -0.83871067), (-0.12333587, -0.72717047, -0.6752862), (-0.13497402, -0.80383027, -0.5793437), (-0.9996828, -0.012760919, -0.021714708), (-0.9996828, -0.012760919, -0.021714708), (-0.12214773, -0.6669344, -0.7350364), (-0.12333587, -0.72717047, -0.6752862), (-0.08648962, -0.82787365, -0.55420643), (-0.9996828, -0.012760919, -0.021714708), (-0.13497402, -0.80383027, -0.5793437), (-0.13497402, -0.80383027, -0.5793437), (-0.13247138, -0.8775621, -0.46079943), (-0.99916345, -0.01595844, -0.03765658), (-0.99916345, -0.01595844, -0.03765658), (-0.08648962, -0.82787365, -0.55420643), (-0.13497402, -0.80383027, -0.5793437), (-0.09626134, -0.8910419, -0.44359696), (-0.99916345, -0.01595844, -0.03765658), (-0.13247138, -0.8775621, -0.46079943), (-0.13247138, -0.8775621, -0.46079943), (-0.14236985, -0.91779155, -0.37066078), (-0.999995, -0.00067963137, 0.0030927337), (-0.999995, -0.00067963137, 0.0030927337), (-0.09626134, -0.8910419, -0.44359696), (-0.13247138, -0.8775621, -0.46079943), (-0.14236985, -0.91779155, -0.37066078), (-0.13913286, -0.9436887, -0.30015603), (-0.9996312, 0.025715528, 0.008737104), (-0.9996312, 0.025715528, 0.008737104), (-0.999995, -0.00067963137, 0.0030927337), (-0.14236985, -0.91779155, -0.37066078), (-0.13913286, -0.9436887, -0.30015603), (-0.14507619, -0.95369035, -0.2634914), (-0.9998323, 0.012584249, -0.013304314), (-0.9998323, 0.012584249, -0.013304314), (-0.9996312, 0.025715528, 0.008737104), (-0.13913286, -0.9436887, -0.30015603), (-0.14507619, -0.95369035, -0.2634914), (-0.15157261, -0.9606779, -0.23264523), (-0.9999768, -0.0045077293, 0.005099279), (-0.9999768, -0.0045077293, 0.005099279), (-0.9998323, 0.012584249, -0.013304314), (-0.14507619, -0.95369035, -0.2634914), (-0.15157261, -0.9606779, -0.23264523), (-0.13224138, -0.960095, -0.24643429), (-0.9998536, -0.014493335, 0.009101286), (-0.9998536, -0.014493335, 0.009101286), (-0.9999768, -0.0045077293, 0.005099279), (-0.15157261, -0.9606779, -0.23264523), (-0.08740326, -0.9631257, -0.2544598), (-0.9998536, -0.014493335, 0.009101286), (-0.13224138, -0.960095, -0.24643429), (-0.13224138, -0.960095, -0.24643429), (-0.105055146, -0.96056986, -0.25742778), (-0.99981976, -0.01661141, 0.009200723), (-0.99981976, -0.01661141, 0.009200723), (-0.08740326, -0.9631257, -0.2544598), (-0.13224138, -0.960095, -0.24643429), (0.00012486384, -0.965924, -0.25882584), (-0.99981976, -0.01661141, 0.009200723), (-0.105055146, -0.96056986, -0.25742778), (-0.105055146, -0.96056986, -0.25742778), (-0.1503246, -0.9351429, -0.32079655), (-0.9995794, 0.025846861, -0.013153664), (-0.9995794, 0.025846861, -0.013153664), (0.00012486384, -0.965924, -0.25882584), (-0.105055146, -0.96056986, -0.25742778), (-0.99925816, 0.02993904, -0.024223287), (-0.9995794, 0.025846861, -0.013153664), (-0.1503246, -0.9351429, -0.32079655), (-0.1503246, -0.9351429, -0.32079655), (-0.1477586, -0.88406676, -0.4433886), (-0.99925816, 0.02993904, -0.024223287), (-0.9999036, -0.0038473182, 0.013341537), (-0.99925816, 0.02993904, -0.024223287), (-0.1477586, -0.88406676, -0.4433886), (-0.1477586, -0.88406676, -0.4433886), (-0.1594826, -0.7314821, -0.6629474), (-0.9999036, -0.0038473182, 0.013341537), (-0.9999829, 0.0020370807, 0.005475611), (-0.9999036, -0.0038473182, 0.013341537), (-0.1594826, -0.7314821, -0.6629474), (-0.1594826, -0.7314821, -0.6629474), (-0.11223372, -0.4406616, -0.89062953), (-0.9999829, 0.0020370807, 0.005475611), (-0.0053136847, -0.41761568, -0.90860826), (-0.9999829, 0.0020370807, 0.005475611), (-0.11223372, -0.4406616, -0.89062953), (-0.9998885, 0.0062873187, 0.013554676), (-0.0053136847, -0.41761568, -0.90860826), (-0.11223372, -0.4406616, -0.89062953), (-0.11223372, -0.4406616, -0.89062953), (-0.1456935, -0.051531952, -0.98798686), (-0.9998885, 0.0062873187, 0.013554676), (-0.99988866, -0.0047955415, 0.014131584), (-0.9998885, 0.0062873187, 0.013554676), (-0.1456935, -0.051531952, -0.98798686), (-0.1456935, -0.051531952, -0.98798686), (-0.1440673, 0.27070948, -0.95181984), (-0.99988866, -0.0047955415, 0.014131584), (-0.9999209, -0.0015004382, 0.012494055), (-0.99988866, -0.0047955415, 0.014131584), (-0.1440673, 0.27070948, -0.95181984), (-0.1440673, 0.27070948, -0.95181984), (-0.15578616, 0.5453039, -0.8236349), (-0.9999865, -0.004712881, 0.0021965345), (-0.9999865, -0.004712881, 0.0021965345), (-0.9999209, -0.0015004382, 0.012494055), (-0.1440673, 0.27070948, -0.95181984), (-0.15578616, 0.5453039, -0.8236349), (-0.114216246, 0.6741371, -0.7297218), (-0.9989351, -0.034196373, -0.030973172), (-0.9989351, -0.034196373, -0.030973172), (-0.9999865, -0.004712881, 0.0021965345), (-0.15578616, 0.5453039, -0.8236349), (0.029172413, 0.5330687, -0.84556895), (-0.9989351, -0.034196373, -0.030973172), (-0.114216246, 0.6741371, -0.7297218), (-0.114216246, 0.6741371, -0.7297218), (-0.113551356, 0.8350646, -0.5383059), (-0.99984497, -0.017457375, 0.0023289064), (-0.99984497, -0.017457375, 0.0023289064), (0.029172413, 0.5330687, -0.84556895), (-0.114216246, 0.6741371, -0.7297218), (0.028611148, 0.7408188, -0.6710953), (-0.99984497, -0.017457375, 0.0023289064), (-0.113551356, 0.8350646, -0.5383059), (-0.113551356, 0.8350646, -0.5383059), (-0.112305604, 0.93315715, -0.34147522), (-0.9998831, -0.0143581275, 0.005266778), (-0.9998831, -0.0143581275, 0.005266778), (0.028611148, 0.7408188, -0.6710953), (-0.113551356, 0.8350646, -0.5383059), (0.03356512, 0.86557215, -0.4996583), (-0.9998831, -0.0143581275, 0.005266778), (-0.112305604, 0.93315715, -0.34147522), (-0.112305604, 0.93315715, -0.34147522), (-0.15105414, 0.9848542, -0.08511677), (-0.99996847, 0.003161469, 0.0072920844), (-0.99996847, 0.003161469, 0.0072920844), (0.03356512, 0.86557215, -0.4996583), (-0.112305604, 0.93315715, -0.34147522), (-0.12214944, 0.99105364, -0.053780653), (-0.99996847, 0.003161469, 0.0072920844), (-0.15105414, 0.9848542, -0.08511677), (-0.15105414, 0.9848542, -0.08511677), (-0.15437889, 0.9867013, 0.05086975), (-0.99980885, 0.01789381, -0.007888225), (-0.99980885, 0.01789381, -0.007888225), (-0.12214944, 0.99105364, -0.053780653), (-0.15105414, 0.9848542, -0.08511677), (-0.121411346, 0.98958784, 0.077300094), (-0.99980885, 0.01789381, -0.007888225), (-0.15437889, 0.9867013, 0.05086975), (-0.15437889, 0.9867013, 0.05086975), (-0.124069095, 0.96816045, 0.2174218), (-0.9996993, 0.014586728, 0.0197113), (-0.9996993, 0.014586728, 0.0197113), (-0.121411346, 0.98958784, 0.077300094), (-0.15437889, 0.9867013, 0.05086975), (-0.006989697, 0.96947634, 0.24508561), (-0.9996993, 0.014586728, 0.0197113), (-0.124069095, 0.96816045, 0.2174218), (-0.124069095, 0.96816045, 0.2174218), (-0.11606265, 0.89432085, 0.43211076), (-0.9998407, -0.000680897, 0.01784074), (-0.9998407, -0.000680897, 0.01784074), (-0.006989697, 0.96947634, 0.24508561), (-0.124069095, 0.96816045, 0.2174218), (-0.014067021, 0.87220514, 0.488938), (-0.9998407, -0.000680897, 0.01784074), (-0.11606265, 0.89432085, 0.43211076), (-0.11606265, 0.89432085, 0.43211076), (-0.11420049, 0.8341151, 0.5396392), (-0.9999784, 0.00565239, -0.0033497973), (-0.9999784, 0.00565239, -0.0033497973), (-0.014067021, 0.87220514, 0.488938), (-0.11606265, 0.89432085, 0.43211076), (0.028727153, 0.9134137, 0.40601748), (-0.9999784, 0.00565239, -0.0033497973), (-0.11420049, 0.8341151, 0.5396392), (-0.11420049, 0.8341151, 0.5396392), (-0.11548215, 0.6755712, 0.7281947), (-0.99990636, 0.01343058, 0.0026436413), (-0.99990636, 0.01343058, 0.0026436413), (0.028727153, 0.9134137, 0.40601748), (-0.11420049, 0.8341151, 0.5396392), (0.029425453, 0.785394, 0.6182964), (-0.99990636, 0.01343058, 0.0026436413), (-0.11548215, 0.6755712, 0.7281947), (-0.11548215, 0.6755712, 0.7281947), (-0.14046188, 0.43836573, 0.8877534), (-0.999654, 0.023814302, 0.011176183), (-0.999654, 0.023814302, 0.011176183), (0.029425453, 0.785394, 0.6182964), (-0.11548215, 0.6755712, 0.7281947), (-0.10730703, 0.39866626, 0.9107966), (-0.999654, 0.023814302, 0.011176183), (-0.14046188, 0.43836573, 0.8877534), (-0.14046188, 0.43836573, 0.8877534), (-0.15500155, 0.2681939, 0.95081365), (-0.99983567, -0.013139626, 0.012495038), (-0.99983567, -0.013139626, 0.012495038), (-0.10730703, 0.39866626, 0.9107966), (-0.14046188, 0.43836573, 0.8877534), (-0.15500155, 0.2681939, 0.95081365), (-0.07798266, 0.99632406, -0.03545553), (-0.00059075665, 0.9999922, -0.0039044279), (-0.00059075665, 0.9999922, -0.0039044279), (-0.99983567, -0.013139626, 0.012495038), (-0.15500155, 0.2681939, 0.95081365), (-0.0683276, -0.016975947, 0.9975185), (-0.13049038, 0.8536523, -0.5042321), (-0.0683276, -0.016975947, 0.9975185), (-0.0683276, -0.016975947, 0.9975185), (-0.99991375, 0.00912783, 0.009453184), (-0.0683276, -0.016975947, 0.9975185), (-0.13049038, 0.8536523, -0.5042321), (-0.14923795, 0.42120773, -0.89460164), (-0.99987966, 0.009122744, 0.012553347), (-0.99987966, 0.009122744, 0.012553347), (-0.0683276, -0.016975947, 0.9975185), (-0.13049038, 0.8536523, -0.5042321), (-0.14923795, 0.42120773, -0.89460164), (-0.00059075665, 0.9999922, -0.0039044279), (-0.9999995, 0.0009307532, -0.00045793707), (-0.9999995, 0.0009307532, -0.00045793707), (-0.99987966, 0.009122744, 0.012553347), (-0.14923795, 0.42120773, -0.89460164), (-0.00059075665, 0.9999922, -0.0039044279), (-0.14841285, -0.0025241808, -0.98892236), (-0.9999812, -0.0061377124, 0.000057059027), (-0.9999812, -0.0061377124, 0.000057059027), (-0.9999995, 0.0009307532, -0.00045793707), (-0.00059075665, 0.9999922, -0.0039044279), (-0.14841285, -0.0025241808, -0.98892236), (-0.00059075665, 0.9999922, -0.0039044279), (-0.14841285, -0.0025241808, -0.98892236), (-0.14841285, -0.0025241808, -0.98892236), (-0.9999812, -0.0061377124, 0.000057059027), (-0.14841285, -0.0025241808, -0.98892236), (-0.00059075665, 0.9999922, -0.0039044279), (-0.120262355, 0.0012392802, -0.9927414), (-0.9999045, -0.0065860925, -0.012157884), (-0.9999045, -0.0065860925, -0.012157884), (-0.14841285, -0.0025241808, -0.98892236), (-0.00059075665, 0.9999922, -0.0039044279), (-0.120262355, 0.0012392802, -0.9927414), (-0.09695096, 0.009031305, -0.99524826), (-0.12103944, -0.0070709796, -0.9926225), (-0.12103944, -0.0070709796, -0.9926225), (-0.9999045, -0.0065860925, -0.012157884), (-0.120262355, 0.0012392802, -0.9927414), (-0.99983364, -0.0033120739, -0.017937474), (-0.12103944, -0.0070709796, -0.9926225), (-0.09695096, 0.009031305, -0.99524826), (-0.09695096, 0.009031305, -0.99524826), (-0.087357916, -0.008367686, -0.99614185), (-0.07582356, 0.1377243, -0.98756415), (-0.07582356, 0.1377243, -0.98756415), (-0.99983364, -0.0033120739, -0.017937474), (-0.09695096, 0.009031305, -0.99524826), (-0.99862224, 0.049760293, -0.016662896), (-0.07582356, 0.1377243, -0.98756415), (-0.087357916, -0.008367686, -0.99614185), (-0.087357916, -0.008367686, -0.99614185), (-0.12384758, -0.12129543, -0.98486), (-0.9995441, 0.029472739, -0.0065573277), (-0.9995441, 0.029472739, -0.0065573277), (-0.99862224, 0.049760293, -0.016662896), (-0.087357916, -0.008367686, -0.99614185), (-0.12384758, -0.12129543, -0.98486), (-0.14003715, -0.2329467, -0.96235406), (-0.9998497, -0.017341243, 0.0002115572), (-0.9998497, -0.017341243, 0.0002115572), (-0.9995441, 0.029472739, -0.0065573277), (-0.12384758, -0.12129543, -0.98486), (-0.14003715, -0.2329467, -0.96235406), (-0.1364012, -0.43569145, -0.88970095), (-0.9999414, -0.009756656, 0.0046953834), (-0.9999414, -0.009756656, 0.0046953834), (-0.9998497, -0.017341243, 0.0002115572), (-0.14003715, -0.2329467, -0.96235406), (-0.999724, -0.02256189, 0.006569456), (-0.9999414, -0.009756656, 0.0046953834), (-0.1364012, -0.43569145, -0.88970095), (-0.1364012, -0.43569145, -0.88970095), (-0.11543196, -0.58545256, -0.8024467), (-0.999724, -0.02256189, 0.006569456), (-0.08059666, -0.3531103, -0.9321037), (-0.999724, -0.02256189, 0.006569456), (-0.11543196, -0.58545256, -0.8024467), (-0.11543196, -0.58545256, -0.8024467), (-0.14101541, -0.8645337, -0.48238587), (-0.99982965, 0.006426914, -0.017304135), (-0.99982965, 0.006426914, -0.017304135), (-0.08059666, -0.3531103, -0.9321037), (-0.11543196, -0.58545256, -0.8024467), (-0.14101541, -0.8645337, -0.48238587), (-0.14583433, -0.9416529, -0.30335164), (-0.99988174, 0.00921253, -0.012314423), (-0.99988174, 0.00921253, -0.012314423), (-0.99982965, 0.006426914, -0.017304135), (-0.14101541, -0.8645337, -0.48238587), (-0.14583433, -0.9416529, -0.30335164), (-0.14286022, -0.9802091, -0.13704464), (-0.9997563, -0.009352767, 0.01999572), (-0.9997563, -0.009352767, 0.01999572), (-0.99988174, 0.00921253, -0.012314423), (-0.14583433, -0.9416529, -0.30335164), (-0.14286022, -0.9802091, -0.13704464), (-0.08412432, -0.9900515, -0.11278768), (-0.9997285, -0.013881744, 0.01871875), (-0.9997285, -0.013881744, 0.01871875), (-0.9997563, -0.009352767, 0.01999572), (-0.14286022, -0.9802091, -0.13704464), (-0.08412432, -0.9900515, -0.11278768), (-0.040767454, -0.9990584, -0.014842795), (-0.0550838, -0.9908127, -0.12351485), (-0.0550838, -0.9908127, -0.12351485), (-0.9997285, -0.013881744, 0.01871875), (-0.08412432, -0.9900515, -0.11278768), (-0.9999299, 0.011736451, 0.0015739512), (-0.0550838, -0.9908127, -0.12351485), (-0.040767454, -0.9990584, -0.014842795), (-0.040767454, -0.9990584, -0.014842795), (-0.05115165, -0.97849256, 0.19983965), (-0.06824488, -0.9967457, -0.042903684), (-0.06824488, -0.9967457, -0.042903684), (-0.9999299, 0.011736451, 0.0015739512), (-0.040767454, -0.9990584, -0.014842795), (-0.9999776, 0.005955573, 0.0030772008), (-0.06824488, -0.9967457, -0.042903684), (-0.05115165, -0.97849256, 0.19983965), (-0.05115165, -0.97849256, 0.19983965), (-0.059157353, -0.91056144, 0.40911886), (-0.076566644, -0.96679306, 0.24382143), (-0.076566644, -0.96679306, 0.24382143), (-0.9999776, 0.005955573, 0.0030772008), (-0.05115165, -0.97849256, 0.19983965), (-0.99955595, 0.003872507, 0.029547015), (-0.076566644, -0.96679306, 0.24382143), (-0.059157353, -0.91056144, 0.40911886), (-0.059157353, -0.91056144, 0.40911886), (-0.03770991, 0.093656674, 0.99489015), (-0.99955595, 0.003872507, 0.029547015), (-0.03770991, 0.093656674, 0.99489015), (0.17783906, 0.20316075, 0.9628598), (-0.03770991, 0.093656674, 0.99489015), (-0.03770991, 0.093656674, 0.99489015), (-0.99955595, 0.003872507, 0.029547015), (-0.03770991, 0.093656674, 0.99489015), (-0.9914642, -0.020658143, -0.12873313), (-0.03770991, 0.093656674, 0.99489015), (0.17783906, 0.20316075, 0.9628598), (0.17783906, 0.20316075, 0.9628598), (-0.15141995, 0.9843823, -0.089797184), (-0.9998987, -0.0006908111, 0.014222872), (-0.9998987, -0.0006908111, 0.014222872), (-0.9914642, -0.020658143, -0.12873313), (0.17783906, 0.20316075, 0.9628598), (-0.99970365, -0.014578325, 0.01950097), (-0.9998987, -0.0006908111, 0.014222872), (-0.15141995, 0.9843823, -0.089797184), (-0.15141995, 0.9843823, -0.089797184), (-0.14889184, 0.93507427, 0.32166338), (-0.99970365, -0.014578325, 0.01950097), (-0.9999589, -0.0087383725, 0.0024376647), (-0.99970365, -0.014578325, 0.01950097), (-0.14889184, 0.93507427, 0.32166338), (-0.14889184, 0.93507427, 0.32166338), (-0.157575, 0.5639335, 0.81064737), (-0.9999589, -0.0087383725, 0.0024376647), (-0.9998569, 0.015463834, -0.006872358), (-0.9999589, -0.0087383725, 0.0024376647), (-0.157575, 0.5639335, 0.81064737), (-0.157575, 0.5639335, 0.81064737), (-0.13387832, 0.14160874, 0.980828), (-0.9998569, 0.015463834, -0.006872358), (-0.9992623, 0.034206703, -0.017464655), (-0.9998569, 0.015463834, -0.006872358), (-0.13387832, 0.14160874, 0.980828), (-0.13387832, 0.14160874, 0.980828), (-0.08327689, 0.055849448, 0.9949602), (-0.9992623, 0.034206703, -0.017464655), (-0.9998901, 0.0033690862, -0.014443445), (-0.9992623, 0.034206703, -0.017464655), (-0.08327689, 0.055849448, 0.9949602), (-0.08327689, 0.055849448, 0.9949602), (-0.12456848, 0.020893876, 0.9919911), (-0.022791056, 0.15554811, 0.9875654), (-0.022791056, 0.15554811, 0.9875654), (-0.9998901, 0.0033690862, -0.014443445), (-0.08327689, 0.055849448, 0.9949602), (-0.9998574, -0.008047551, -0.014853468), (-0.022791056, 0.15554811, 0.9875654), (-0.12456848, 0.020893876, 0.9919911), (-0.12456848, 0.020893876, 0.9919911), (-0.00059075665, 0.9999922, -0.0039044279), (-0.9999909, 0.0014765669, -0.004020513), (-0.9999909, 0.0014765669, -0.004020513), (-0.9998574, -0.008047551, -0.014853468), (-0.12456848, 0.020893876, 0.9919911), (-0.00059075665, 0.9999922, -0.0039044279), (-0.14563416, 0.0037767678, 0.9893313), (-0.9999554, 0.006383873, 0.006960761), (-0.9999554, 0.006383873, 0.006960761), (-0.9999909, 0.0014765669, -0.004020513), (-0.00059075665, 0.9999922, -0.0039044279), (-0.14563416, 0.0037767678, 0.9893313), (-0.14620177, 0.9892473, -0.003864931), (-0.00059075665, 0.9999922, -0.0039044279), (-0.00059075665, 0.9999922, -0.0039044279), (-0.9999554, 0.006383873, 0.006960761), (-0.14563416, 0.0037767678, 0.9893313), (-0.14620177, 0.9892473, -0.003864931), (-0.0683276, -0.016975947, 0.9975185), (-0.99991375, 0.00912783, 0.009453184), (-0.99991375, 0.00912783, 0.009453184), (-0.00059075665, 0.9999922, -0.0039044279), (-0.14620177, 0.9892473, -0.003864931), (-0.99960476, 0.021508547, -0.018103031), (-0.01149186, 0.6561835, 0.7545139), (-0.13515817, 0.6087077, 0.7817974), (-0.13515817, 0.6087077, 0.7817974), (-0.14046524, 0.41222924, 0.9001871), (-0.15496671, 0.48568135, 0.8602901), (-0.15496671, 0.48568135, 0.8602901), (-0.99960476, 0.021508547, -0.018103031), (-0.13515817, 0.6087077, 0.7817974), (-0.9997387, -0.022272427, 0.005144246), (-0.15496671, 0.48568135, 0.8602901), (-0.14046524, 0.41222924, 0.9001871), (-0.14046524, 0.41222924, 0.9001871), (-0.14114165, 0.18143195, 0.9732223), (-0.150316, 0.2561529, 0.95487744), (-0.150316, 0.2561529, 0.95487744), (-0.9997387, -0.022272427, 0.005144246), (-0.14046524, 0.41222924, 0.9001871), (-0.99977416, -0.018926285, 0.009667363), (-0.150316, 0.2561529, 0.95487744), (-0.14114165, 0.18143195, 0.9732223), (-0.14114165, 0.18143195, 0.9732223), (-0.13135836, 0.022897761, 0.9910705), (-0.1421487, 0.08543733, 0.9861512), (-0.1421487, 0.08543733, 0.9861512), (-0.99977416, -0.018926285, 0.009667363), (-0.14114165, 0.18143195, 0.9732223), (-0.9998439, 0.016583737, 0.006106294), (-0.1421487, 0.08543733, 0.9861512), (-0.13135836, 0.022897761, 0.9910705), (-0.13135836, 0.022897761, 0.9910705), (-0.121813096, -0.11532858, 0.9858301), (-0.13427277, -0.07180216, 0.9883397), (-0.13427277, -0.07180216, 0.9883397), (-0.9998439, 0.016583737, 0.006106294), (-0.13135836, 0.022897761, 0.9910705), (-0.99998796, -0.004179081, -0.0025713455), (-0.13427277, -0.07180216, 0.9883397), (-0.121813096, -0.11532858, 0.9858301), (-0.121813096, -0.11532858, 0.9858301), (-0.13565846, -0.3054987, 0.9424794), (-0.13879101, -0.21974842, 0.9656334), (-0.13879101, -0.21974842, 0.9656334), (-0.99998796, -0.004179081, -0.0025713455), (-0.121813096, -0.11532858, 0.9858301), (-0.99998665, -0.004299102, -0.0029098182), (-0.13879101, -0.21974842, 0.9656334), (-0.13565846, -0.3054987, 0.9424794), (-0.13565846, -0.3054987, 0.9424794), (-0.08223907, -0.49933195, 0.86249894), (-0.14417943, -0.44444636, 0.88412654), (-0.14417943, -0.44444636, 0.88412654), (-0.99998665, -0.004299102, -0.0029098182), (-0.13565846, -0.3054987, 0.9424794), (-0.9998437, -0.0054131346, -0.016834708), (-0.14417943, -0.44444636, 0.88412654), (-0.08223907, -0.49933195, 0.86249894), (-0.08223907, -0.49933195, 0.86249894), (-0.07461831, -0.64202064, 0.7630476), (-0.109889396, -0.6418058, 0.75895303), (-0.109889396, -0.6418058, 0.75895303), (-0.9998437, -0.0054131346, -0.016834708), (-0.08223907, -0.49933195, 0.86249894), (-0.99959844, 0.0030745962, -0.028171696), (-0.109889396, -0.6418058, 0.75895303), (-0.07461831, -0.64202064, 0.7630476), (-0.07461831, -0.64202064, 0.7630476), (-0.11842119, -0.8652627, 0.48713136), (-0.99978226, 0.01997649, 0.00602153), (-0.99978226, 0.01997649, 0.00602153), (-0.031176219, -0.82900363, 0.55837363), (-0.07461831, -0.64202064, 0.7630476), (0.02968545, -0.9191635, 0.39275596), (-0.9996546, 0.024111904, -0.010463473), (-0.10666834, -0.96360385, 0.24513201), (-0.10666834, -0.96360385, 0.24513201), (-0.11172816, -0.99357235, 0.018193986), (-0.99963605, 0.00678207, -0.02611164), (-0.99963605, 0.00678207, -0.02611164), (0.02968545, -0.9191635, 0.39275596), (-0.10666834, -0.96360385, 0.24513201), (0.03178453, -0.98290765, 0.1813347), (-0.99963605, 0.00678207, -0.02611164), (-0.11172816, -0.99357235, 0.018193986), (-0.11172816, -0.99357235, 0.018193986), (-0.11212731, -0.9687226, -0.22136876), (-0.99991775, -0.0094057005, 0.008720326), (-0.99991775, -0.0094057005, 0.008720326), (0.03178453, -0.98290765, 0.1813347), (-0.11172816, -0.99357235, 0.018193986), (0.029480942, -0.99740016, -0.065757185), (-0.99991775, -0.0094057005, 0.008720326), (-0.11212731, -0.9687226, -0.22136876), (-0.11212731, -0.9687226, -0.22136876), (-0.11111221, -0.8812901, -0.45932785), (-0.99998915, 0.0005422821, -0.0046448126), (-0.99998915, 0.0005422821, -0.0046448126), (0.029480942, -0.99740016, -0.065757185), (-0.11212731, -0.9687226, -0.22136876), (0.028949527, -0.946635, -0.3210048), (-0.99998915, 0.0005422821, -0.0046448126), (-0.11111221, -0.8812901, -0.45932785), (-0.11111221, -0.8812901, -0.45932785), (-0.11778282, -0.7479038, -0.6532742), (-0.99998575, -0.004747729, 0.0024467227), (-0.99998575, -0.004747729, 0.0024467227), (0.028949527, -0.946635, -0.3210048), (-0.11111221, -0.8812901, -0.45932785), (0.040871125, -0.88245046, -0.46862665), (-0.99998575, -0.004747729, 0.0024467227), (-0.11778282, -0.7479038, -0.6532742), (-0.11778282, -0.7479038, -0.6532742), (-0.14768401, -0.50259495, -0.85181445), (-0.999706, -0.021155555, 0.011858007), (-0.999706, -0.021155555, 0.011858007), (0.040871125, -0.88245046, -0.46862665), (-0.11778282, -0.7479038, -0.6532742), (-0.08657076, -0.50042695, -0.8614397), (-0.999706, -0.021155555, 0.011858007), (-0.14768401, -0.50259495, -0.85181445), (-0.14768401, -0.50259495, -0.85181445), (-0.15909648, -0.28607732, -0.9449065), (-0.9996659, -0.025549954, -0.0039098025), (-0.9996659, -0.025549954, -0.0039098025), (-0.08657076, -0.50042695, -0.8614397), (-0.14768401, -0.50259495, -0.85181445), (-0.10415229, -0.26967013, -0.95730376), (-0.9996659, -0.025549954, -0.0039098025), (-0.15909648, -0.28607732, -0.9449065), (-0.15909648, -0.28607732, -0.9449065), (-0.15643853, -0.10838492, -0.98172283), (-0.9997907, -0.009424313, -0.018155636), (-0.9997907, -0.009424313, -0.018155636), (-0.10415229, -0.26967013, -0.95730376), (-0.15909648, -0.28607732, -0.9449065), (-0.10296239, -0.096491665, -0.989994), (-0.9997907, -0.009424313, -0.018155636), (-0.15643853, -0.10838492, -0.98172283), (-0.15643853, -0.10838492, -0.98172283), (-0.15130612, 0.037379418, -0.98778), (-0.9997808, 0.0023469387, -0.020809585), (-0.9997808, 0.0023469387, -0.020809585), (-0.10296239, -0.096491665, -0.989994), (-0.15643853, -0.10838492, -0.98172283), (-0.08841975, 0.045817934, -0.995029), (-0.9997808, 0.0023469387, -0.020809585), (-0.15130612, 0.037379418, -0.98778), (-0.15130612, 0.037379418, -0.98778), (-0.1598652, 0.1992385, -0.96682334), (-0.999833, 0.0054897782, -0.017434062), (-0.999833, 0.0054897782, -0.017434062), (-0.08841975, 0.045817934, -0.995029), (-0.15130612, 0.037379418, -0.98778), (-0.10395319, 0.21634924, -0.9707661), (-0.999833, 0.0054897782, -0.017434062), (-0.1598652, 0.1992385, -0.96682334), (-0.1598652, 0.1992385, -0.96682334), (-0.15766259, 0.40628782, -0.90004045), (-0.9998444, 0.008528801, -0.015445836), (-0.9998444, 0.008528801, -0.015445836), (-0.10395319, 0.21634924, -0.9707661), (-0.1598652, 0.1992385, -0.96682334), (-0.10822576, 0.44037896, -0.8912653), (-0.9998444, 0.008528801, -0.015445836), (-0.15766259, 0.40628782, -0.90004045), (-0.15766259, 0.40628782, -0.90004045), (-0.12024231, 0.5956744, -0.7941749), (-0.99978715, 0.020371892, -0.0032788871), (-0.99978715, 0.020371892, -0.0032788871), (-0.10822576, 0.44037896, -0.8912653), (-0.15766259, 0.40628782, -0.90004045), (-0.049877014, 0.84707165, -0.5291331), (-0.99978715, 0.020371892, -0.0032788871), (-0.12024231, 0.5956744, -0.7941749), (-0.12024231, 0.5956744, -0.7941749), (-0.12013497, 0.7765827, -0.61845535), (-0.9997956, 0.01861272, 0.007899357), (-0.9997956, 0.01861272, 0.007899357), (-0.049877014, 0.84707165, -0.5291331), (-0.12024231, 0.5956744, -0.7941749), (-0.047879465, 0.9504816, -0.30707082), (-0.9997956, 0.01861272, 0.007899357), (-0.12013497, 0.7765827, -0.61845535), (-0.12013497, 0.7765827, -0.61845535), (-0.11914614, 0.90441865, -0.40967202), (-0.99996823, 0.006527386, -0.0046022777), (-0.99996823, 0.006527386, -0.0046022777), (-0.047879465, 0.9504816, -0.30707082), (-0.12013497, 0.7765827, -0.61845535), (-0.0023548612, 0.91448486, -0.40461332), (-0.99996823, 0.006527386, -0.0046022777), (-0.11914614, 0.90441865, -0.40967202), (-0.11914614, 0.90441865, -0.40967202), (-0.11959419, 0.9786769, -0.1669991), (-0.999941, 0.008618402, -0.0066171996), (-0.999941, 0.008618402, -0.0066171996), (-0.0023548612, 0.91448486, -0.40461332), (-0.11914614, 0.90441865, -0.40967202), (-0.004081629, 0.9886305, -0.1503103), (-0.999941, 0.008618402, -0.0066171996), (-0.11959419, 0.9786769, -0.1669991), (-0.11959419, 0.9786769, -0.1669991), (-0.15042767, 0.97628576, 0.15568472), (-0.99988824, 0.006106248, -0.013653519), (-0.99988824, 0.006106248, -0.013653519), (-0.004081629, 0.9886305, -0.1503103), (-0.11959419, 0.9786769, -0.1669991), (-0.04723529, 0.917438, 0.39506525), (-0.99988824, 0.006106248, -0.013653519), (-0.15042767, 0.97628576, 0.15568472), (-0.15042767, 0.97628576, 0.15568472), (-0.122855246, 0.9455354, 0.30144566), (-0.9996753, -0.012714124, -0.022088163), (-0.9996753, -0.012714124, -0.022088163), (-0.04723529, 0.917438, 0.39506525), (-0.15042767, 0.97628576, 0.15568472), (-0.049525566, 0.7702711, 0.6357906), (-0.9996753, -0.012714124, -0.022088163), (-0.122855246, 0.9455354, 0.30144566), (-0.122855246, 0.9455354, 0.30144566), (-0.12829767, 0.83276975, 0.53854847), (-0.99971837, -0.023732763, 0.00018921384), (-0.99971837, -0.023732763, 0.00018921384), (-0.049525566, 0.7702711, 0.6357906), (-0.122855246, 0.9455354, 0.30144566), (-0.00071379985, 0.8523422, 0.5229841), (-0.99971837, -0.023732763, 0.00018921384), (-0.12829767, 0.83276975, 0.53854847), (-0.12829767, 0.83276975, 0.53854847), (-0.13515817, 0.6087077, 0.7817974), (-0.99972063, -0.004333262, -0.023233933), (-0.99972063, -0.004333262, -0.023233933), (-0.00071379985, 0.8523422, 0.5229841), (-0.12829767, 0.83276975, 0.53854847), (-0.01149186, 0.6561835, 0.7545139), (-0.99972063, -0.004333262, -0.023233933), (-0.13515817, 0.6087077, 0.7817974), (-0.081965804, -0.53142893, -0.8431281), (-0.9999867, -0.0024761625, -0.004524126), (-0.10757492, -0.5088541, -0.8541049), (-0.10757492, -0.5088541, -0.8541049), (-0.13155831, -0.6590094, -0.7405397), (-0.99970293, 0.02437134, -0.00048368634), (-0.99970293, 0.02437134, -0.00048368634), (-0.081965804, -0.53142893, -0.8431281), (-0.10757492, -0.5088541, -0.8541049), (-0.085467964, -0.7137539, -0.6951623), (-0.99970293, 0.02437134, -0.00048368634), (-0.13155831, -0.6590094, -0.7405397), (-0.13155831, -0.6590094, -0.7405397), (-0.13613471, -0.79022783, -0.59750086), (-0.99978817, 0.0063791443, -0.019566553), (-0.99978817, 0.0063791443, -0.019566553), (-0.085467964, -0.7137539, -0.6951623), (-0.13155831, -0.6590094, -0.7405397), (-0.087656155, -0.8191506, -0.56684107), (-0.99978817, 0.0063791443, -0.019566553), (-0.13613471, -0.79022783, -0.59750086), (-0.13613471, -0.79022783, -0.59750086), (-0.13716476, -0.8770408, -0.4604188), (-0.99960726, -0.024402944, -0.013778929), (-0.99960726, -0.024402944, -0.013778929), (-0.087656155, -0.8191506, -0.56684107), (-0.13613471, -0.79022783, -0.59750086), (-0.08943884, -0.898729, -0.4292866), (-0.99960726, -0.024402944, -0.013778929), (-0.13716476, -0.8770408, -0.4604188), (-0.13716476, -0.8770408, -0.4604188), (-0.13826016, -0.93219984, -0.3344961), (-0.999671, -0.02553156, -0.0024516291), (-0.999671, -0.02553156, -0.0024516291), (-0.08943884, -0.898729, -0.4292866), (-0.13716476, -0.8770408, -0.4604188), (-0.09018124, -0.9477019, -0.30615118), (-0.999671, -0.02553156, -0.0024516291), (-0.13826016, -0.93219984, -0.3344961), (-0.13826016, -0.93219984, -0.3344961), (-0.1381845, -0.9685379, -0.20697664), (-0.99978286, -0.020123228, -0.005422766), (-0.99978286, -0.020123228, -0.005422766), (-0.09018124, -0.9477019, -0.30615118), (-0.13826016, -0.93219984, -0.3344961), (-0.090104505, -0.9801213, -0.17675854), (-0.99978286, -0.020123228, -0.005422766), (-0.1381845, -0.9685379, -0.20697664), (-0.1381845, -0.9685379, -0.20697664), (-0.13574487, -0.98530704, -0.10365032), (-0.9990898, -0.018075855, -0.038638487), (-0.9990898, -0.018075855, -0.038638487), (-0.090104505, -0.9801213, -0.17675854), (-0.1381845, -0.9685379, -0.20697664), (-0.098379105, -0.9909889, -0.0908987), (-0.9990898, -0.018075855, -0.038638487), (-0.13574487, -0.98530704, -0.10365032), (-0.13574487, -0.98530704, -0.10365032), (-0.1397727, -0.9901227, 0.010985341), (-0.99946755, -0.0007799306, -0.03261874), (-0.99946755, -0.0007799306, -0.03261874), (-0.098379105, -0.9909889, -0.0908987), (-0.13574487, -0.98530704, -0.10365032), (-0.1397727, -0.9901227, 0.010985341), (-0.1317707, -0.9834768, 0.12413623), (-0.99983823, 0.0073514595, -0.016421432), (-0.99983823, 0.0073514595, -0.016421432), (-0.99946755, -0.0007799306, -0.03261874), (-0.1397727, -0.9901227, 0.010985341), (-0.1317707, -0.9834768, 0.12413623), (-0.13622408, -0.9641691, 0.22764231), (-0.99988353, 0.0065605743, -0.013782439), (-0.99988353, 0.0065605743, -0.013782439), (-0.99983823, 0.0073514595, -0.016421432), (-0.1317707, -0.9834768, 0.12413623), (-0.13622408, -0.9641691, 0.22764231), (-0.1362634, -0.9311764, 0.33814618), (-0.99993825, 0.011095807, -0.000708669), (-0.99993825, 0.011095807, -0.000708669), (-0.99988353, 0.0065605743, -0.013782439), (-0.13622408, -0.9641691, 0.22764231), (-0.1362634, -0.9311764, 0.33814618), (-0.1340999, -0.88608325, 0.44370466), (-0.99989533, 0.014416245, 0.0012269339), (-0.99989533, 0.014416245, 0.0012269339), (-0.99993825, 0.011095807, -0.000708669), (-0.1362634, -0.9311764, 0.33814618), (-0.1340999, -0.88608325, 0.44370466), (-0.13195555, -0.82223606, 0.55363864), (-0.99994355, -0.0017659598, -0.010486063), (-0.99994355, -0.0017659598, -0.010486063), (-0.99989533, 0.014416245, 0.0012269339), (-0.1340999, -0.88608325, 0.44370466), (-0.13195555, -0.82223606, 0.55363864), (-0.1393769, -0.75063455, 0.6458498), (-0.9999543, 0.008744568, 0.0038869928), (-0.9999543, 0.008744568, 0.0038869928), (-0.99994355, -0.0017659598, -0.010486063), (-0.13195555, -0.82223606, 0.55363864), (-0.1393769, -0.75063455, 0.6458498), (-0.14542064, -0.6772906, 0.7212005), (-0.99921733, 0.0352652, 0.017918138), (-0.99921733, 0.0352652, 0.017918138), (-0.9999543, 0.008744568, 0.0038869928), (-0.1393769, -0.75063455, 0.6458498), (-0.14542064, -0.6772906, 0.7212005), (-0.140251, -0.5996938, 0.78784335), (-0.9998219, 0.002823166, -0.018659241), (-0.9998219, 0.002823166, -0.018659241), (-0.99921733, 0.0352652, 0.017918138), (-0.14542064, -0.6772906, 0.7212005), (-0.140251, -0.5996938, 0.78784335), (-0.13511719, -0.48859936, 0.86198264), (-0.99980557, 0.009279778, -0.017404534), (-0.99980557, 0.009279778, -0.017404534), (-0.9998219, 0.002823166, -0.018659241), (-0.140251, -0.5996938, 0.78784335), (-0.13511719, -0.48859936, 0.86198264), (-0.1456202, -0.39149255, 0.908586), (-0.9998139, 0.01476793, -0.012414573), (-0.9998139, 0.01476793, -0.012414573), (-0.99980557, 0.009279778, -0.017404534), (-0.13511719, -0.48859936, 0.86198264), (-0.1456202, -0.39149255, 0.908586), (-0.14567067, -0.28381985, 0.9477482), (-0.9998626, 0.0045061787, -0.015952663), (-0.9998626, 0.0045061787, -0.015952663), (-0.9998139, 0.01476793, -0.012414573), (-0.1456202, -0.39149255, 0.908586), (-0.14567067, -0.28381985, 0.9477482), (-0.14571258, -0.17719023, 0.9733301), (-0.9998668, 0.0027706602, -0.016089259), (-0.9998668, 0.0027706602, -0.016089259), (-0.9998626, 0.0045061787, -0.015952663), (-0.14567067, -0.28381985, 0.9477482), (-0.14571258, -0.17719023, 0.9733301), (-0.14574766, -0.07546858, 0.9864391), (-0.99986875, 0.00091171416, -0.016182639), (-0.99986875, 0.00091171416, -0.016182639), (-0.9998668, 0.0027706602, -0.016089259), (-0.14571258, -0.17719023, 0.9733301), (-0.14574766, -0.07546858, 0.9864391), (-0.14578457, 0.018912507, 0.9891356), (-0.99979854, 0.0053243586, -0.019353274), (-0.99979854, 0.0053243586, -0.019353274), (-0.99986875, 0.00091171416, -0.016182639), (-0.14574766, -0.07546858, 0.9864391), (-0.14578457, 0.018912507, 0.9891356), (-0.14586408, 0.11550487, 0.9825387), (-0.9997794, -0.0026873879, -0.020829732), (-0.9997794, -0.0026873879, -0.020829732), (-0.99979854, 0.0053243586, -0.019353274), (-0.14578457, 0.018912507, 0.9891356), (-0.14586408, 0.11550487, 0.9825387), (-0.1459514, 0.21901353, 0.96474415), (-0.9997751, -0.003971788, -0.02083443), (-0.9997751, -0.003971788, -0.02083443), (-0.9997794, -0.0026873879, -0.020829732), (-0.14586408, 0.11550487, 0.9825387), (-0.1459514, 0.21901353, 0.96474415), (-0.14603382, 0.3262984, 0.93391836), (-0.9997691, -0.0072328397, -0.020237379), (-0.9997691, -0.0072328397, -0.020237379), (-0.9997751, -0.003971788, -0.02083443), (-0.1459514, 0.21901353, 0.96474415), (-0.14603382, 0.3262984, 0.93391836), (-0.1408469, 0.42532632, 0.8940133), (-0.99973774, -0.018502804, -0.013501396), (-0.99973774, -0.018502804, -0.013501396), (-0.9997691, -0.0072328397, -0.020237379), (-0.14603382, 0.3262984, 0.93391836), (-0.1408469, 0.42532632, 0.8940133), (-0.13575053, 0.54360604, 0.82829005), (-0.99976313, -0.011839368, -0.018263005), (-0.99976313, -0.011839368, -0.018263005), (-0.99973774, -0.018502804, -0.013501396), (-0.1408469, 0.42532632, 0.8940133), (-0.13575053, 0.54360604, 0.82829005), (-0.14620814, 0.628039, 0.7643235), (-0.99980986, -0.01934435, 0.002492021), (-0.99980986, -0.01934435, 0.002492021), (-0.99976313, -0.011839368, -0.018263005), (-0.13575053, 0.54360604, 0.82829005), (-0.14620814, 0.628039, 0.7643235), (-0.14624774, 0.70987344, 0.68897855), (-0.9999998, -0.0005908703, -0.0000146361635), (-0.9999998, -0.0005908703, -0.0000146361635), (-0.99980986, -0.01934435, 0.002492021), (-0.14620814, 0.628039, 0.7643235), (-0.14624774, 0.70987344, 0.68897855), (-0.14107537, 0.77951765, 0.61028683), (-0.99995494, -0.0068803467, 0.006552572), (-0.99995494, -0.0068803467, 0.006552572), (-0.9999998, -0.0005908703, -0.0000146361635), (-0.14624774, 0.70987344, 0.68897855), (-0.14107537, 0.77951765, 0.61028683), (-0.13592017, 0.85698164, 0.4970998), (-0.9999932, -0.0033060154, -0.0016965708), (-0.9999932, -0.0033060154, -0.0016965708), (-0.99995494, -0.0068803467, 0.006552572), (-0.14107537, 0.77951765, 0.61028683), (-0.13592017, 0.85698164, 0.4970998), (-0.14638923, 0.90579027, 0.39763588), (-0.9999599, 0.0040157987, -0.008018613), (-0.9999599, 0.0040157987, -0.008018613), (-0.9999932, -0.0033060154, -0.0016965708), (-0.13592017, 0.85698164, 0.4970998), (-0.14638923, 0.90579027, 0.39763588), (-0.14331432, 0.9454395, 0.29258385), (-0.99993676, -0.006226449, 0.0093758665), (-0.99993676, -0.006226449, 0.0093758665), (-0.9999599, 0.0040157987, -0.008018613), (-0.14638923, 0.90579027, 0.39763588), (-0.14331432, 0.9454395, 0.29258385), (-0.13513333, 0.9737556, 0.18313637), (-0.9999414, -0.010080147, 0.003941943), (-0.9999414, -0.010080147, 0.003941943), (-0.99993676, -0.006226449, 0.0093758665), (-0.14331432, 0.9454395, 0.29258385), (-0.13513333, 0.9737556, 0.18313637), (-0.11894665, 0.9902889, 0.07197042), (-0.9989463, 0.00568213, -0.04554251), (-0.9989463, 0.00568213, -0.04554251), (-0.9999414, -0.010080147, 0.003941943), (-0.13513333, 0.9737556, 0.18313637), (-0.11894665, 0.9902889, 0.07197042), (-0.11808969, 0.99215037, -0.041140944), (-0.12052663, 0.992707, -0.0024914688), (-0.12052663, 0.992707, -0.0024914688), (-0.9989463, 0.00568213, -0.04554251), (-0.11894665, 0.9902889, 0.07197042), (-0.9993995, 0.020459723, -0.027968837), (-0.12052663, 0.992707, -0.0024914688), (-0.11808969, 0.99215037, -0.041140944), (-0.11808969, 0.99215037, -0.041140944), (-0.111756645, 0.97728944, -0.18004385), (-0.1260184, 0.9858692, -0.110368736), (-0.1260184, 0.9858692, -0.110368736), (-0.9993995, 0.020459723, -0.027968837), (-0.11808969, 0.99215037, -0.041140944), (-0.9997641, 0.02172275, -0.00020088171), (-0.1260184, 0.9858692, -0.110368736), (-0.111756645, 0.97728944, -0.18004385), (-0.111756645, 0.97728944, -0.18004385), (-0.108271234, 0.9411047, -0.32031122), (-0.12418806, 0.96211344, -0.24272442), (-0.12418806, 0.96211344, -0.24272442), (-0.9997641, 0.02172275, -0.00020088171), (-0.111756645, 0.97728944, -0.18004385), (-0.99985725, 0.013359404, 0.010351878), (-0.12418806, 0.96211344, -0.24272442), (-0.108271234, 0.9411047, -0.32031122), (-0.108271234, 0.9411047, -0.32031122), (-0.107808605, 0.88222694, -0.45831537), (-0.120168515, 0.9133534, -0.38903108), (-0.120168515, 0.9133534, -0.38903108), (-0.99985725, 0.013359404, 0.010351878), (-0.108271234, 0.9411047, -0.32031122), (-0.9998656, 0.0149933975, -0.006646956), (-0.120168515, 0.9133534, -0.38903108), (-0.107808605, 0.88222694, -0.45831537), (-0.107808605, 0.88222694, -0.45831537), (-0.11027224, 0.79639226, -0.5946422), (-0.1209468, 0.83909035, -0.53037655), (-0.1209468, 0.83909035, -0.53037655), (-0.9998656, 0.0149933975, -0.006646956), (-0.107808605, 0.88222694, -0.45831537), (-0.99949354, -0.0026487915, -0.03171242), (-0.1209468, 0.83909035, -0.53037655), (-0.11027224, 0.79639226, -0.5946422), (-0.11027224, 0.79639226, -0.5946422), (-0.105785996, 0.68314046, -0.72258455), (-0.12252594, 0.7484857, -0.6517335), (-0.12252594, 0.7484857, -0.6517335), (-0.99949354, -0.0026487915, -0.03171242), (-0.11027224, 0.79639226, -0.5946422), (-0.99996066, 0.008683845, 0.0018181392), (-0.12252594, 0.7484857, -0.6517335), (-0.105785996, 0.68314046, -0.72258455), (-0.105785996, 0.68314046, -0.72258455), (-0.10651662, 0.5526088, -0.8266063), (-0.11730844, 0.61846036, -0.7770106), (-0.11730844, 0.61846036, -0.7770106), (-0.99996066, 0.008683845, 0.0018181392), (-0.105785996, 0.68314046, -0.72258455), (-0.9999857, -0.003396575, -0.0041379705), (-0.11730844, 0.61846036, -0.7770106), (-0.10651662, 0.5526088, -0.8266063), (-0.10651662, 0.5526088, -0.8266063), (-0.10758347, 0.42534548, -0.898614), (-0.118087165, 0.48568195, -0.8661227), (-0.118087165, 0.48568195, -0.8661227), (-0.9999857, -0.003396575, -0.0041379705), (-0.10651662, 0.5526088, -0.8266063), (-0.9999998, -0.00059088034, -0.000014611384), (-0.118087165, 0.48568195, -0.8661227), (-0.10758347, 0.42534548, -0.898614), (-0.10758347, 0.42534548, -0.898614), (-0.10763559, 0.2985041, -0.94831955), (-0.11912579, 0.36247852, -0.9243475), (-0.11912579, 0.36247852, -0.9243475), (-0.9999998, -0.00059088034, -0.000014611384), (-0.10758347, 0.42534548, -0.898614), (-0.99996346, -0.008173935, -0.002513833), (-0.11912579, 0.36247852, -0.9243475), (-0.10763559, 0.2985041, -0.94831955), (-0.10763559, 0.2985041, -0.94831955), (-0.107565425, 0.16813263, -0.97987807), (-0.120665915, 0.22223334, -0.9674978), (-0.120665915, 0.22223334, -0.9674978), (-0.99996346, -0.008173935, -0.002513833), (-0.10763559, 0.2985041, -0.94831955), (-0.9999951, -0.00014134415, -0.0031230783), (-0.120665915, 0.22223334, -0.9674978), (-0.107565425, 0.16813263, -0.97987807), (-0.107565425, 0.16813263, -0.97987807), (-0.12219586, 0.0091259945, -0.99246407), (-0.11845179, 0.089688644, -0.98890096), (-0.11845179, 0.089688644, -0.98890096), (-0.9999951, -0.00014134415, -0.0031230783), (-0.107565425, 0.16813263, -0.97987807), (-0.9989149, 0.046519414, 0.0022729365), (-0.11845179, 0.089688644, -0.98890096), (-0.12219586, 0.0091259945, -0.99246407), (-0.12219586, 0.0091259945, -0.99246407), (-0.12003342, -0.060979173, -0.9908953), (-0.9998411, -0.0103922915, 0.014486626), (-0.9998411, -0.0103922915, 0.014486626), (-0.9989149, 0.046519414, 0.0022729365), (-0.12219586, 0.0091259945, -0.99246407), (-0.12003342, -0.060979173, -0.9908953), (-0.11443509, -0.16430193, -0.9797498), (-0.12231432, -0.1404857, -0.98249835), (-0.12231432, -0.1404857, -0.98249835), (-0.9998411, -0.0103922915, 0.014486626), (-0.12003342, -0.060979173, -0.9908953), (-0.9995164, -0.030683082, 0.005060914), (-0.12231432, -0.1404857, -0.98249835), (-0.11443509, -0.16430193, -0.9797498), (-0.11443509, -0.16430193, -0.9797498), (-0.09734387, -0.32136738, -0.94193804), (-0.11720334, -0.230899, -0.9658929), (-0.11720334, -0.230899, -0.9658929), (-0.9995164, -0.030683082, 0.005060914), (-0.11443509, -0.16430193, -0.9797498), (-0.99991363, -0.011788433, 0.0058167204), (-0.11720334, -0.230899, -0.9658929), (-0.09734387, -0.32136738, -0.94193804), (-0.09734387, -0.32136738, -0.94193804), (-0.10757492, -0.5088541, -0.8541049), (-0.11988985, -0.39724213, -0.909849), (-0.11988985, -0.39724213, -0.909849), (-0.99991363, -0.011788433, 0.0058167204), (-0.09734387, -0.32136738, -0.94193804), (-0.9999867, -0.0024761625, -0.004524126), (-0.11988985, -0.39724213, -0.909849), (-0.10757492, -0.5088541, -0.8541049), (0.27930117, -0.3214968, 0.9047821), (-0.9957712, 0.033189263, -0.085662946), (0.20500322, -0.36120096, 0.9096745), (0.20500322, -0.36120096, 0.9096745), (0.12594043, -0.39987883, 0.9078745), (0.20500322, -0.361201, 0.9096745), (0.20500322, -0.361201, 0.9096745), (0.27930117, -0.3214968, 0.9047821), (0.20500322, -0.36120096, 0.9096745), (-0.99927545, 0.010795326, -0.036497295), (0.20500322, -0.361201, 0.9096745), (0.12594043, -0.39987883, 0.9078745), (0.12594043, -0.39987883, 0.9078745), (-0.10403591, 0.94053656, 0.3233692), (-0.06763698, 0.804411, 0.59021026), (-0.06763698, 0.804411, 0.59021026), (-0.99927545, 0.010795326, -0.036497295), (0.12594043, -0.39987883, 0.9078745), (-0.15027301, 0.98680615, 0.060264554), (-0.06763698, 0.804411, 0.59021026), (-0.10403591, 0.94053656, 0.3233692), (-0.10403591, 0.94053656, 0.3233692), (-0.15039553, 0.9730419, 0.17484514), (-0.15815921, 0.97381514, 0.16330858), (-0.15815921, 0.97381514, 0.16330858), (-0.15027301, 0.98680615, 0.060264554), (-0.10403591, 0.94053656, 0.3233692), (-0.15039553, 0.9730419, 0.17484514), (-0.11605095, 0.9897612, 0.08309692), (-0.15815921, 0.97381514, 0.16330858), (-0.9997827, -0.01951973, 0.007327246), (-0.15815921, 0.97381514, 0.16330858), (-0.11605095, 0.9897612, 0.08309692), (-0.11605095, 0.9897612, 0.08309692), (-0.06254416, 0.93776405, -0.34159446), (-0.020585025, 0.9405326, -0.3390793), (-0.020585025, 0.9405326, -0.3390793), (-0.9997827, -0.01951973, 0.007327246), (-0.11605095, 0.9897612, 0.08309692), (-0.08656282, 0.941401, -0.32599258), (-0.020585025, 0.9405326, -0.3390793), (-0.06254416, 0.93776405, -0.34159446), (-0.06254416, 0.93776405, -0.34159446), (-0.10131436, 0.7960486, -0.59669256), (-0.08656282, 0.941401, -0.32599258), (0.0033574342, 0.56649387, -0.8240591), (-0.08656282, 0.941401, -0.32599258), (-0.10131436, 0.7960486, -0.59669256), (-0.9993088, -0.0328355, 0.017427886), (0.0033574342, 0.56649387, -0.8240591), (-0.10131436, 0.7960486, -0.59669256), (-0.10131436, 0.7960486, -0.59669256), (-0.14335057, 0.71759254, -0.6815509), (-0.9993088, -0.0328355, 0.017427886), (-0.12774761, 0.7371843, -0.6635058), (-0.9993088, -0.0328355, 0.017427886), (-0.14335057, 0.71759254, -0.6815509), (-0.14335057, 0.71759254, -0.6815509), (-0.085679606, 0.61423856, -0.7844552), (-0.12774761, 0.7371843, -0.6635058), (-0.0015991733, 0.6137132, -0.7895274), (-0.12774761, 0.7371843, -0.6635058), (-0.085679606, 0.61423856, -0.7844552), (-0.085679606, 0.61423856, -0.7844552), (-0.12466144, 0.098190054, 0.98732895), (-0.06002006, 0.5618171, -0.82508135), (-0.06002006, 0.5618171, -0.82508135), (-0.0015991733, 0.6137132, -0.7895274), (-0.085679606, 0.61423856, -0.7844552), (-0.09639005, 0.122507036, 0.98777586), (-0.06002006, 0.5618171, -0.82508135), (-0.12466144, 0.098190054, 0.98732895), (-0.12466144, 0.098190054, 0.98732895), (-0.1462018, 0.9892473, -0.003864931), (-0.9998872, -0.015019189, 0.000041778363), (-0.9998872, -0.015019189, 0.000041778363), (-0.09639005, 0.122507036, 0.98777586), (-0.12466144, 0.098190054, 0.98732895), (-0.1462018, 0.9892473, -0.003864931), (-0.14105432, -0.0034899414, -0.9899958), (-0.99991614, -0.0015232132, 0.012861187), (-0.99991614, -0.0015232132, 0.012861187), (-0.9998872, -0.015019189, 0.000041778363), (-0.1462018, 0.9892473, -0.003864931), (-0.14105432, -0.0034899414, -0.9899958), (-0.13658114, -0.003948562, -0.9906211), (-0.9999472, 0.002887192, 0.009865987), (-0.9999472, 0.002887192, 0.009865987), (-0.99991614, -0.0015232132, 0.012861187), (-0.14105432, -0.0034899414, -0.9899958), (-0.13658114, -0.003948562, -0.9906211), (-0.14089757, 0.00024804205, 0.99002415), (-0.99998677, 0.0043763253, -0.0027268562), (-0.99998677, 0.0043763253, -0.0027268562), (-0.9999472, 0.002887192, 0.009865987), (-0.13658114, -0.003948562, -0.9906211), (-0.14089757, 0.00024804205, 0.99002415), (-0.1333056, 0.006573364, 0.99105316), (-0.13977513, 0.0031240794, 0.9901784), (-0.13977513, 0.0031240794, 0.9901784), (-0.99998677, 0.0043763253, -0.0027268562), (-0.14089757, 0.00024804205, 0.99002415), (-0.1333056, 0.006573364, 0.99105316), (-0.1444115, -0.023169044, 0.9892464), (-0.14392693, -0.007230942, 0.98956186), (-0.14392693, -0.007230942, 0.98956186), (-0.13977513, 0.0031240794, 0.9901784), (-0.1333056, 0.006573364, 0.99105316), (-0.1444115, -0.023169044, 0.9892464), (-0.13678086, -0.01725814, 0.99045104), (-0.13734555, -0.023342187, 0.99024814), (-0.13734555, -0.023342187, 0.99024814), (-0.14392693, -0.007230942, 0.98956186), (-0.1444115, -0.023169044, 0.9892464), (-0.13678086, -0.01725814, 0.99045104), (-0.12540708, -0.09754846, 0.9872981), (-0.14378765, -0.07538049, 0.98673344), (-0.14378765, -0.07538049, 0.98673344), (-0.13734555, -0.023342187, 0.99024814), (-0.13678086, -0.01725814, 0.99045104), (-0.12540708, -0.09754846, 0.9872981), (-0.095833324, -0.1477846, 0.98436564), (-0.11917176, -0.059065986, 0.9911152), (-0.11917176, -0.059065986, 0.9911152), (-0.14378765, -0.07538049, 0.98673344), (-0.12540708, -0.09754846, 0.9872981), (-0.959041, 0.04237815, 0.28007942), (-0.11917176, -0.059065986, 0.9911152), (-0.095833324, -0.1477846, 0.98436564), (-0.095833324, -0.1477846, 0.98436564), (-0.094161935, -0.2567538, 0.96187896), (-0.08570427, -0.28967363, 0.95328075), (-0.08570427, -0.28967363, 0.95328075), (-0.959041, 0.04237815, 0.28007942), (-0.095833324, -0.1477846, 0.98436564), (-0.9867747, -0.02946675, -0.15939723), (-0.08570427, -0.28967363, 0.95328075), (-0.094161935, -0.2567538, 0.96187896), (-0.094161935, -0.2567538, 0.96187896), (-0.13387421, -0.3941927, 0.9092249), (-0.14100021, -0.3616926, 0.92157334), (-0.14100021, -0.3616926, 0.92157334), (-0.9867747, -0.02946675, -0.15939723), (-0.094161935, -0.2567538, 0.96187896), (-0.13387421, -0.3941927, 0.9092249), (-0.14610605, -0.64049786, 0.75393337), (-0.13641503, -0.53006446, 0.8369126), (-0.13641503, -0.53006446, 0.8369126), (-0.14100021, -0.3616926, 0.92157334), (-0.13387421, -0.3941927, 0.9092249), (-0.14610605, -0.64049786, 0.75393337), (-0.15497738, -0.8611437, 0.48416287), (-0.9993479, 0.030288447, -0.019658592), (-0.9993479, 0.030288447, -0.019658592), (-0.13641503, -0.53006446, 0.8369126), (-0.14610605, -0.64049786, 0.75393337), (-0.14507982, -0.9401867, 0.3082224), (-0.9993479, 0.030288447, -0.019658592), (-0.15497738, -0.8611437, 0.48416287), (-0.15497738, -0.8611437, 0.48416287), (-0.15515773, -0.9777439, 0.14121999), (-0.14507982, -0.9401867, 0.3082224), (-0.00059075665, 0.9999922, -0.0039044279), (-0.14507982, -0.9401867, 0.3082224), (-0.15515773, -0.9777439, 0.14121999), (-0.15515773, -0.9777439, 0.14121999), (-0.13794509, -0.972299, -0.1886952), (-0.00059075665, 0.9999922, -0.0039044279), (-0.9994561, -0.005162225, 0.03257323), (-0.00059075665, 0.9999922, -0.0039044279), (-0.13794509, -0.972299, -0.1886952), (-0.13794509, -0.972299, -0.1886952), (0.20500322, -0.36120096, 0.9096745), (-0.9994561, -0.005162225, 0.03257323), (-0.9957712, 0.033189263, -0.085662946), (-0.9994561, -0.005162225, 0.03257323), (0.20500322, -0.36120096, 0.9096745), (0.34838808, 0.93450737, 0.07295027), (-0.9905966, -0.1368074, -0.0014495652), (0.16965888, 0.9731952, 0.15526399), (0.16965888, 0.9731952, 0.15526399), (-0.042725567, 0.96943873, 0.24158484), (-0.042725693, 0.96943873, 0.24158484), (-0.042725693, 0.96943873, 0.24158484), (0.34838808, 0.93450737, 0.07295027), (0.16965888, 0.9731952, 0.15526399), (-0.042725567, 0.96943873, 0.24158484), (-0.15164626, 0.57838225, -0.801547), (-0.99967015, -0.012082328, 0.02266761), (-0.99967015, -0.012082328, 0.02266761), (-0.042725693, 0.96943873, 0.24158484), (-0.042725567, 0.96943873, 0.24158484), (-0.99945503, -0.017137175, 0.028215809), (-0.99967015, -0.012082328, 0.02266761), (-0.15164626, 0.57838225, -0.801547), (-0.15164626, 0.57838225, -0.801547), (-0.1399957, 0.7805961, -0.609156), (-0.99945503, -0.017137175, 0.028215809), (-0.99952006, -0.030011559, 0.0076781614), (-0.99945503, -0.017137175, 0.028215809), (-0.1399957, 0.7805961, -0.609156), (-0.1399957, 0.7805961, -0.609156), (-0.14345011, 0.9335182, -0.32858184), (-0.99952006, -0.030011559, 0.0076781614), (-0.9991161, -0.026774982, 0.03240578), (-0.99952006, -0.030011559, 0.0076781614), (-0.14345011, 0.9335182, -0.32858184), (-0.14345011, 0.9335182, -0.32858184), (-0.104220696, 0.9914072, -0.079055704), (-0.9991161, -0.026774982, 0.03240578), (-0.0001887019, 0.997317, -0.07320431), (-0.9991161, -0.026774982, 0.03240578), (-0.104220696, 0.9914072, -0.079055704), (-0.104220696, 0.9914072, -0.079055704), (-0.11873682, 0.9905868, 0.068113245), (-0.99989367, 0.010335935, -0.010290201), (-0.99989367, 0.010335935, -0.010290201), (-0.0001887019, 0.997317, -0.07320431), (-0.104220696, 0.9914072, -0.079055704), (-0.013751526, 0.9624124, 0.27124408), (-0.99989367, 0.010335935, -0.010290201), (-0.11873682, 0.9905868, 0.068113245), (-0.11873682, 0.9905868, 0.068113245), (-0.11057762, 0.9464864, 0.30320996), (-0.9998255, 0.01625317, -0.009216195), (-0.9998255, 0.01625317, -0.009216195), (-0.013751526, 0.9624124, 0.27124408), (-0.11873682, 0.9905868, 0.068113245), (0.03078922, 0.9934205, 0.11030813), (-0.9998255, 0.01625317, -0.009216195), (-0.11057762, 0.9464864, 0.30320996), (-0.11057762, 0.9464864, 0.30320996), (-0.11065595, 0.84536624, 0.5226006), (-0.9998886, 0.013658258, -0.0060231686), (-0.9998886, 0.013658258, -0.0060231686), (0.03078922, 0.9934205, 0.11030813), (-0.11057762, 0.9464864, 0.30320996), (0.029915087, 0.9320373, 0.36112568), (-0.9998886, 0.013658258, -0.0060231686), (-0.11065595, 0.84536624, 0.5226006), (-0.11065595, 0.84536624, 0.5226006), (-0.112282574, 0.6899352, 0.7151099), (-0.99999154, 0.0025808099, 0.0032059446), (-0.99999154, 0.0025808099, 0.0032059446), (0.029915087, 0.9320373, 0.36112568), (-0.11065595, 0.84536624, 0.5226006), (0.027671682, 0.8044326, 0.5933991), (-0.99999154, 0.0025808099, 0.0032059446), (-0.112282574, 0.6899352, 0.7151099), (-0.112282574, 0.6899352, 0.7151099), (-0.10632822, 0.49626452, 0.8616356), (-0.9999228, -0.0063714883, 0.010669619), (-0.9999228, -0.0063714883, 0.010669619), (0.027671682, 0.8044326, 0.5933991), (-0.112282574, 0.6899352, 0.7151099), (0.02653206, 0.6231112, 0.78168315), (-0.9999228, -0.0063714883, 0.010669619), (-0.10632822, 0.49626452, 0.8616356), (-0.10632822, 0.49626452, 0.8616356), (-0.108807415, 0.30890596, 0.9448482), (-0.99992096, -0.010813698, 0.006424247), (-0.99992096, -0.010813698, 0.006424247), (0.02653206, 0.6231112, 0.78168315), (-0.10632822, 0.49626452, 0.8616356), (0.04094935, 0.5234742, 0.85105693), (-0.99992096, -0.010813698, 0.006424247), (-0.108807415, 0.30890596, 0.9448482), (-0.108807415, 0.30890596, 0.9448482), (-0.21780802, -0.97587067, 0.015368846), (-0.9999614, -0.007716292, -0.004200887), (-0.9999614, -0.007716292, -0.004200887), (0.04094935, 0.5234742, 0.85105693), (-0.108807415, 0.30890596, 0.9448482), (-0.9999327, 0.011522994, -0.0013761942), (-0.9999614, -0.007716292, -0.004200887), (-0.21780802, -0.97587067, 0.015368846), (-0.21780802, -0.97587067, 0.015368846), (-0.13929906, -0.9898515, 0.028106987), (-0.99998456, 0.005533419, -0.0005726142), (-0.99998456, 0.005533419, -0.0005726142), (-0.9999327, 0.011522994, -0.0013761942), (-0.21780802, -0.97587067, 0.015368846), (-0.13929906, -0.9898515, 0.028106987), (-0.13229033, 0.0663598, 0.98898715), (-0.99997824, -0.00022537519, 0.006589203), (-0.99997824, -0.00022537519, 0.006589203), (-0.99998456, 0.005533419, -0.0005726142), (-0.13929906, -0.9898515, 0.028106987), (-0.13229033, 0.0663598, 0.98898715), (-0.13971636, 0.14577903, 0.9794018), (-0.99997383, 0.006739658, 0.0026226302), (-0.99997383, 0.006739658, 0.0026226302), (-0.99997824, -0.00022537519, 0.006589203), (-0.13229033, 0.0663598, 0.98898715), (-0.13971636, 0.14577903, 0.9794018), (-0.14078747, 0.22458586, 0.9642304), (-0.999856, 0.016973307, -0.00024816004), (-0.999856, 0.016973307, -0.00024816004), (-0.99997383, 0.006739658, 0.0026226302), (-0.13971636, 0.14577903, 0.9794018), (-0.14078747, 0.22458586, 0.9642304), (-0.13548903, 0.34122634, 0.9301653), (-0.999994, -0.0016214956, -0.0030750243), (-0.999994, -0.0016214956, -0.0030750243), (-0.999856, 0.016973307, -0.00024816004), (-0.14078747, 0.22458586, 0.9642304), (-0.13548903, 0.34122634, 0.9301653), (-0.14615361, 0.4439035, 0.88407516), (-0.9999674, 0.0072937026, -0.0034570491), (-0.9999674, 0.0072937026, -0.0034570491), (-0.999994, -0.0016214956, -0.0030750243), (-0.13548903, 0.34122634, 0.9301653), (-0.14615361, 0.4439035, 0.88407516), (-0.14106727, 0.5525343, 0.8214657), (-0.9999512, -0.00826033, 0.005425434), (-0.9999512, -0.00826033, 0.005425434), (-0.9999674, 0.0072937026, -0.0034570491), (-0.14615361, 0.4439035, 0.88407516), (-0.14106727, 0.5525343, 0.8214657), (-0.13471042, 0.6729841, 0.7272864), (-0.9997082, -0.020053798, 0.013466824), (-0.9997082, -0.020053798, 0.013466824), (-0.9999512, -0.00826033, 0.005425434), (-0.14106727, 0.5525343, 0.8214657), (-0.13471042, 0.6729841, 0.7272864), (-0.14391184, 0.7581271, 0.636029), (-0.9999734, -0.0063350825, 0.0036322041), (-0.9999734, -0.0063350825, 0.0036322041), (-0.9997082, -0.020053798, 0.013466824), (-0.13471042, 0.6729841, 0.7272864), (-0.14391184, 0.7581271, 0.636029), (-0.14333531, 0.83137095, 0.5369147), (-0.99990404, 0.013757078, 0.0016743002), (-0.99990404, 0.013757078, 0.0016743002), (-0.9999734, -0.0063350825, 0.0036322041), (-0.14391184, 0.7581271, 0.636029), (-0.14333531, 0.83137095, 0.5369147), (-0.14040212, 0.89977705, 0.4131447), (-0.99988556, 0.0059947786, -0.013890872), (-0.99988556, 0.0059947786, -0.013890872), (-0.99990404, 0.013757078, 0.0016743002), (-0.14333531, 0.83137095, 0.5369147), (-0.14040212, 0.89977705, 0.4131447), (-0.14333448, 0.9414713, 0.30510178), (-0.9999998, -0.0005908651, -0.000014581678), (-0.9999998, -0.0005908651, -0.000014581678), (-0.99988556, 0.0059947786, -0.013890872), (-0.14040212, 0.89977705, 0.4131447), (-0.14333448, 0.9414713, 0.30510178), (-0.14040948, 0.97351605, 0.1804208), (-0.9999267, -0.0039612143, 0.011442559), (-0.9999267, -0.0039612143, 0.011442559), (-0.9999998, -0.0005908651, -0.000014581678), (-0.14333448, 0.9414713, 0.30510178), (-0.14040948, 0.97351605, 0.1804208), (-0.14326638, 0.98621714, 0.0827679), (-0.9998509, 0.011978548, 0.0124405585), (-0.9998509, 0.011978548, 0.0124405585), (-0.9999267, -0.0039612143, 0.011442559), (-0.14040948, 0.97351605, 0.1804208), (-0.14326638, 0.98621714, 0.0827679), (-0.13733931, 0.9903369, -0.019259568), (-0.99987996, -0.0023378246, -0.015321579), (-0.99987996, -0.0023378246, -0.015321579), (-0.9998509, 0.011978548, 0.0124405585), (-0.14326638, 0.98621714, 0.0827679), (-0.13733931, 0.9903369, -0.019259568), (-0.1373627, 0.9824113, -0.12648943), (-0.99987894, -0.0062259072, 0.014264602), (-0.99987894, -0.0062259072, 0.014264602), (-0.99987996, -0.0023378246, -0.015321579), (-0.13733931, 0.9903369, -0.019259568), (-0.1373627, 0.9824113, -0.12648943), (-0.13737532, 0.961172, -0.23932521), (-0.9999963, -0.002706158, 0.0004684623), (-0.9999963, -0.002706158, 0.0004684623), (-0.99987894, -0.0062259072, 0.014264602), (-0.1373627, 0.9824113, -0.12648943), (-0.13737532, 0.961172, -0.23932521), (-0.14222881, 0.92074424, -0.36331937), (-0.9999941, -0.0022674636, -0.002619135), (-0.9999941, -0.0022674636, -0.002619135), (-0.9999963, -0.002706158, 0.0004684623), (-0.13737532, 0.961172, -0.23932521), (-0.14222881, 0.92074424, -0.36331937), (-0.14486074, 0.8790242, -0.45423764), (-0.9999588, -0.0014495043, -0.008968901), (-0.9999588, -0.0014495043, -0.008968901), (-0.9999941, -0.0022674636, -0.002619135), (-0.14222881, 0.92074424, -0.36331937), (-0.14486074, 0.8790242, -0.45423764), (-0.13784552, 0.80077606, -0.5828862), (-0.9999925, 0.00022903954, -0.00385987), (-0.9999925, 0.00022903954, -0.00385987), (-0.9999588, -0.0014495043, -0.008968901), (-0.14486074, 0.8790242, -0.45423764), (-0.13784552, 0.80077606, -0.5828862), (-0.149971, 0.73623055, -0.659904), (-0.9999468, -0.006546111, -0.007979954), (-0.9999468, -0.006546111, -0.007979954), (-0.9999925, 0.00022903954, -0.00385987), (-0.13784552, 0.80077606, -0.5828862), (-0.149971, 0.73623055, -0.659904), (-0.14091621, 0.6588708, -0.7389397), (-0.9997343, -0.020840805, -0.009859197), (-0.9997343, -0.020840805, -0.009859197), (-0.9999468, -0.006546111, -0.007979954), (-0.149971, 0.73623055, -0.659904), (-0.14091621, 0.6588708, -0.7389397), (-0.13276897, 0.55263484, -0.8227802), (-0.999783, 0.006576103, 0.01976811), (-0.999783, 0.006576103, 0.01976811), (-0.9997343, -0.020840805, -0.009859197), (-0.14091621, 0.6588708, -0.7389397), (-0.13276897, 0.55263484, -0.8227802), (-0.13707075, 0.45097524, -0.88194853), (-0.99983203, 0.006289317, 0.01721501), (-0.99983203, 0.006289317, 0.01721501), (-0.999783, 0.006576103, 0.01976811), (-0.13276897, 0.55263484, -0.8227802), (-0.13707075, 0.45097524, -0.88194853), (-0.13697936, 0.34514678, -0.928499), (-0.9999372, -0.004612156, 0.010217516), (-0.9999372, -0.004612156, 0.010217516), (-0.99983203, 0.006289317, 0.01721501), (-0.13707075, 0.45097524, -0.88194853), (-0.13697936, 0.34514678, -0.928499), (-0.14183247, 0.23492458, -0.96161014), (-0.99995714, -0.004060323, 0.008326353), (-0.99995714, -0.004060323, 0.008326353), (-0.9999372, -0.004612156, 0.010217516), (-0.13697936, 0.34514678, -0.928499), (-0.14183247, 0.23492458, -0.96161014), (-0.14953095, 0.15041964, -0.9772485), (-0.9999318, -0.0112503385, 0.0031357154), (-0.9999318, -0.0112503385, 0.0031357154), (-0.99995714, -0.004060323, 0.008326353), (-0.14183247, 0.23492458, -0.96161014), (-0.14953095, 0.15041964, -0.9772485), (-0.14040099, 0.06876436, -0.987704), (-0.99995816, 0.009100378, -0.0010425677), (-0.99995816, 0.009100378, -0.0010425677), (-0.9999318, -0.0112503385, 0.0031357154), (-0.14953095, 0.15041964, -0.9772485), (-0.14040099, 0.06876436, -0.987704), (-0.1367411, -0.022809656, -0.9903442), (-0.9999616, 0.0075292042, -0.004473111), (-0.9999616, 0.0075292042, -0.004473111), (-0.99995816, 0.009100378, -0.0010425677), (-0.14040099, 0.06876436, -0.987704), (-0.1367411, -0.022809656, -0.9903442), (-0.14940357, -0.083137974, -0.9852749), (-0.9999276, -0.010288258, -0.0062429695), (-0.9999276, -0.010288258, -0.0062429695), (-0.9999616, 0.0075292042, -0.004473111), (-0.1367411, -0.022809656, -0.9903442), (-0.14940357, -0.083137974, -0.9852749), (-0.14043026, -0.1549945, -0.97788346), (-0.99995595, -0.0059663476, -0.0072447388), (-0.99995595, -0.0059663476, -0.0072447388), (-0.9999276, -0.010288258, -0.0062429695), (-0.14940357, -0.083137974, -0.9852749), (-0.14043026, -0.1549945, -0.97788346), (-0.13214207, -0.25241277, -0.9585544), (-0.9999949, 0.002869693, -0.001481537), (-0.9999949, 0.002869693, -0.001481537), (-0.99995595, -0.0059663476, -0.0072447388), (-0.14043026, -0.1549945, -0.97788346), (-0.13214207, -0.25241277, -0.9585544), (-0.13434681, -0.33126506, -0.9339243), (-0.99998456, 0.0012689476, 0.0054188054), (-0.99998456, 0.0012689476, 0.0054188054), (-0.9999949, 0.002869693, -0.001481537), (-0.13214207, -0.25241277, -0.9585544), (-0.13434681, -0.33126506, -0.9339243), (-0.12987049, -0.42511284, -0.8957749), (-0.9999023, -0.0105330665, 0.009198368), (-0.9999023, -0.0105330665, 0.009198368), (-0.99998456, 0.0012689476, 0.0054188054), (-0.13434681, -0.33126506, -0.9339243), (-0.12987049, -0.42511284, -0.8957749), (-0.12982643, -0.51357746, -0.8481646), (-0.9999753, 0.0030934878, 0.0063089407), (-0.9999753, 0.0030934878, 0.0063089407), (-0.9999023, -0.0105330665, 0.009198368), (-0.12987049, -0.42511284, -0.8957749), (-0.12982643, -0.51357746, -0.8481646), (-0.13540706, -0.6239878, -0.769613), (-0.9999253, -0.0038955216, 0.011583389), (-0.9999253, -0.0038955216, 0.011583389), (-0.9999753, 0.0030934878, 0.0063089407), (-0.12982643, -0.51357746, -0.8481646), (-0.13540706, -0.6239878, -0.769613), (-0.14554447, -0.7158346, -0.6829331), (-0.99992967, -0.004450282, 0.011000267), (-0.99992967, -0.004450282, 0.011000267), (-0.9999253, -0.0038955216, 0.011583389), (-0.13540706, -0.6239878, -0.769613), (-0.14554447, -0.7158346, -0.6829331), (-0.14549735, -0.81104106, -0.56660646), (-0.99998367, 0.004391454, 0.003652867), (-0.99998367, 0.004391454, 0.003652867), (-0.99992967, -0.004450282, 0.011000267), (-0.14554447, -0.7158346, -0.6829331), (-0.14549735, -0.81104106, -0.56660646), (-0.14233766, -0.8846355, -0.44402727), (-0.99988616, 0.01175649, -0.009466773), (-0.99988616, 0.01175649, -0.009466773), (-0.99998367, 0.004391454, 0.003652867), (-0.14549735, -0.81104106, -0.56660646), (-0.14233766, -0.8846355, -0.44402727), (-0.13631305, -0.94049597, -0.31126535), (-0.9998091, 0.016670946, -0.010197336), (-0.9998091, 0.016670946, -0.010197336), (-0.99988616, 0.01175649, -0.009466773), (-0.14233766, -0.8846355, -0.44402727), (-0.13631305, -0.94049597, -0.31126535), (-0.13624236, -0.9724883, -0.18895657), (-0.9999254, 0.011828431, -0.0030742935), (-0.9999254, 0.011828431, -0.0030742935), (-0.9998091, 0.016670946, -0.010197336), (-0.13631305, -0.94049597, -0.31126535), (-0.13624236, -0.9724883, -0.18895657), (-0.12286189, -0.9877605, -0.0960949), (-0.99949735, -0.015053079, 0.02790199), (-0.99949735, -0.015053079, 0.02790199), (-0.9999254, 0.011828431, -0.0030742935), (-0.13624236, -0.9724883, -0.18895657), (-0.12286189, -0.9877605, -0.0960949), (-0.12195196, -0.99119836, 0.051514257), (-0.11349258, -0.99349, -0.009853328), (-0.11349258, -0.99349, -0.009853328), (-0.99949735, -0.015053079, 0.02790199), (-0.12286189, -0.9877605, -0.0960949), (-0.12195196, -0.99119836, 0.051514257), (-0.1250041, -0.98425186, 0.124988906), (-0.99907815, -0.03641431, 0.022738904), (-0.99907815, -0.03641431, 0.022738904), (-0.11349258, -0.99349, -0.009853328), (-0.12195196, -0.99119836, 0.051514257), (-0.08302348, -0.989597, 0.117493965), (-0.99907815, -0.03641431, 0.022738904), (-0.1250041, -0.98425186, 0.124988906), (-0.1250041, -0.98425186, 0.124988906), (-0.13319132, -0.9512441, 0.27819932), (-0.9996679, -0.025246827, 0.0051852097), (-0.9996679, -0.025246827, 0.0051852097), (-0.08302348, -0.989597, 0.117493965), (-0.1250041, -0.98425186, 0.124988906), (-0.10618356, -0.94713885, 0.30274275), (-0.9996679, -0.025246827, 0.0051852097), (-0.13319132, -0.9512441, 0.27819932), (-0.13319132, -0.9512441, 0.27819932), (-0.1277938, -0.88496643, 0.44777593), (-0.9993679, -0.031121435, 0.017191531), (-0.9993679, -0.031121435, 0.017191531), (-0.10618356, -0.94713885, 0.30274275), (-0.13319132, -0.9512441, 0.27819932), (-0.07972138, -0.8808179, 0.46669522), (-0.9993679, -0.031121435, 0.017191531), (-0.1277938, -0.88496643, 0.44777593), (-0.1277938, -0.88496643, 0.44777593), (-0.13347484, -0.7821182, 0.608667), (-0.99955434, -0.0064112167, 0.029154167), (-0.99955434, -0.0064112167, 0.029154167), (-0.07972138, -0.8808179, 0.46669522), (-0.1277938, -0.88496643, 0.44777593), (-0.09539373, -0.77635276, 0.6230382), (-0.99955434, -0.0064112167, 0.029154167), (-0.13347484, -0.7821182, 0.608667), (-0.13347484, -0.7821182, 0.608667), (-0.13470994, -0.6598511, 0.73922247), (-0.9998491, -0.005772529, 0.016387153), (-0.9998491, -0.005772529, 0.016387153), (-0.09539373, -0.77635276, 0.6230382), (-0.13347484, -0.7821182, 0.608667), (-0.09497057, -0.639159, 0.76318824), (-0.9998491, -0.005772529, 0.016387153), (-0.13470994, -0.6598511, 0.73922247), (-0.13470994, -0.6598511, 0.73922247), (-0.1256606, -0.55133045, 0.8247692), (-0.99957466, -0.026236853, 0.012733866), (-0.99957466, -0.026236853, 0.012733866), (-0.09497057, -0.639159, 0.76318824), (-0.13470994, -0.6598511, 0.73922247), (-0.1256606, -0.55133045, 0.8247692), (0.16965888, 0.9731952, 0.15526399), (-0.12611029, -0.45920494, 0.8793333), (-0.12611029, -0.45920494, 0.8793333), (-0.99957466, -0.026236853, 0.012733866), (-0.1256606, -0.55133045, 0.8247692), (-0.9905966, -0.1368074, -0.0014495652), (-0.12611029, -0.45920494, 0.8793333), (0.16965888, 0.9731952, 0.15526399), (-0.28935325, 0.9572059, -0.005616042), (-0.28870562, 0.95740044, -0.0057853637), (-0.99998677, 0.0050530992, -0.0010192831), (-0.99998677, 0.0050530992, -0.0010192831), (-0.9999992, 0.00021923396, -0.0012426004), (-0.28935325, 0.9572059, -0.005616042), (-0.99997574, -0.0029159833, 0.0063289385), (-0.99998677, 0.0050530992, -0.0010192831), (-0.28870562, 0.95740044, -0.0057853637), (-0.28870562, 0.95740044, -0.0057853637), (-0.022532756, -0.098520346, 0.99487996), (-0.027359942, 0.014896334, 0.9995147), (-0.027359942, 0.014896334, 0.9995147), (-0.99997574, -0.0029159833, 0.0063289385), (-0.28870562, 0.95740044, -0.0057853637), (-0.9999047, 0.004233797, 0.013147541), (-0.027359942, 0.014896334, 0.9995147), (-0.022532756, -0.098520346, 0.99487996), (-0.022532756, -0.098520346, 0.99487996), (-0.023289153, -0.29992056, 0.95368), (-0.028102517, -0.17498381, 0.98417014), (-0.028102517, -0.17498381, 0.98417014), (-0.9999047, 0.004233797, 0.013147541), (-0.022532756, -0.098520346, 0.99487996), (-0.9999611, -0.0054870727, 0.006918414), (-0.028102517, -0.17498381, 0.98417014), (-0.023289153, -0.29992056, 0.95368), (-0.023289153, -0.29992056, 0.95368), (-0.064811274, -0.534979, 0.8423759), (-0.022572733, -0.44382748, 0.8958279), (-0.022572733, -0.44382748, 0.8958279), (-0.9999611, -0.0054870727, 0.006918414), (-0.023289153, -0.29992056, 0.95368), (-0.9997006, -0.019031515, -0.015381867), (-0.022572733, -0.44382748, 0.8958279), (-0.064811274, -0.534979, 0.8423759), (-0.064811274, -0.534979, 0.8423759), (-0.13968775, -0.7737864, 0.6178527), (-0.9997006, -0.019031515, -0.015381867), (-0.9999884, -0.0011375749, -0.00469205), (-0.9997006, -0.019031515, -0.015381867), (-0.13968775, -0.7737864, 0.6178527), (-0.13968775, -0.7737864, 0.6178527), (-0.13883717, -0.90480965, 0.40254658), (-0.9999884, -0.0011375749, -0.00469205), (-0.9999202, -0.001009835, 0.012600576), (-0.9999884, -0.0011375749, -0.00469205), (-0.13883717, -0.90480965, 0.40254658), (-0.13883717, -0.90480965, 0.40254658), (-0.15127498, -0.98266876, 0.107136294), (-0.9999202, -0.001009835, 0.012600576), (-0.99983823, -0.00978885, -0.015096058), (-0.9999202, -0.001009835, 0.012600576), (-0.15127498, -0.98266876, 0.107136294), (-0.15127498, -0.98266876, 0.107136294), (-0.13737606, -0.982287, -0.12743646), (-0.99996865, 0.0071574477, -0.003382986), (-0.99996865, 0.0071574477, -0.003382986), (-0.99983823, -0.00978885, -0.015096058), (-0.15127498, -0.98266876, 0.107136294), (-0.9999102, 0.0033516365, 0.012983658), (-0.99996865, 0.0071574477, -0.003382986), (-0.13737606, -0.982287, -0.12743646), (-0.13737606, -0.982287, -0.12743646), (-0.14817704, -0.8704424, -0.46943983), (-0.9999102, 0.0033516365, 0.012983658), (-0.9999905, 0.0021325897, -0.0037984157), (-0.9999102, 0.0033516365, 0.012983658), (-0.14817704, -0.8704424, -0.46943983), (-0.14817704, -0.8704424, -0.46943983), (-0.109110646, -0.73829824, -0.6655905), (-0.999984, 0.0039293887, -0.004070339), (-0.999984, 0.0039293887, -0.004070339), (-0.9999905, 0.0021325897, -0.0037984157), (-0.14817704, -0.8704424, -0.46943983), (-0.109110646, -0.73829824, -0.6655905), (-0.10721709, -0.47752082, -0.87205416), (-0.999984, 0.0039293887, -0.004070339), (-0.99968934, -0.019818136, 0.015114566), (-0.999984, 0.0039293887, -0.004070339), (-0.10721709, -0.47752082, -0.87205416), (-0.10721709, -0.47752082, -0.87205416), (-0.058821965, -0.19107224, -0.97981197), (-0.0736817, -0.2624026, -0.96214134), (-0.0736817, -0.2624026, -0.96214134), (-0.99968934, -0.019818136, 0.015114566), (-0.10721709, -0.47752082, -0.87205416), (-0.9999979, 0.0013453354, -0.0015514317), (-0.0736817, -0.2624026, -0.96214134), (-0.058821965, -0.19107224, -0.97981197), (-0.058821965, -0.19107224, -0.97981197), (-0.07097177, -0.33690512, -0.93885994), (-0.08524674, -0.036749188, -0.99568194), (-0.08524674, -0.036749188, -0.99568194), (-0.9999979, 0.0013453354, -0.0015514317), (-0.058821965, -0.19107224, -0.97981197), (-0.07097177, -0.33690512, -0.93885994), (-0.28935325, 0.9572059, -0.005616042), (-0.99997073, 0.0072863037, -0.0023844915), (-0.99997073, 0.0072863037, -0.0023844915), (-0.08524674, -0.036749188, -0.99568194), (-0.07097177, -0.33690512, -0.93885994), (-0.9999992, 0.00021923396, -0.0012426004), (-0.99997073, 0.0072863037, -0.0023844915), (-0.28935325, 0.9572059, -0.005616042), (-0.13000712, 0.0037944901, 0.9915058), (-0.14386703, -0.003403393, -0.98959124), (-1, 0.000028504084, -0.000022322998), (-1, 0.000028504084, -0.000022322998), (-0.9999989, -0.00025216577, 0.0015089263), (-0.13000712, 0.0037944901, 0.9915058), (-0.14386703, -0.003403393, -0.98959124), (-0.14048594, -0.9900732, 0.004336614), (-0.9999988, 0.00006865658, 0.0016091774), (-0.9999988, 0.00006865658, 0.0016091774), (-1, 0.000028504084, -0.000022322998), (-0.14386703, -0.003403393, -0.98959124), (-0.14048594, -0.9900732, 0.004336614), (-0.14503223, -0.9894194, 0.003860691), (-0.999998, -0.0017264546, 0.0011161802), (-0.999998, -0.0017264546, 0.0011161802), (-0.9999988, 0.00006865658, 0.0016091774), (-0.14048594, -0.9900732, 0.004336614), (-0.14503223, -0.9894194, 0.003860691), (-0.14099081, 0.98999614, -0.00540279), (-0.9999848, -0.0055271895, 0.00001995565), (-0.9999848, -0.0055271895, 0.00001995565), (-0.999998, -0.0017264546, 0.0011161802), (-0.14503223, -0.9894194, 0.003860691), (-0.14099081, 0.98999614, -0.00540279), (-0.14050198, 0.0028442766, 0.99007636), (-0.9999971, -0.0012035348, 0.0021251505), (-0.9999971, -0.0012035348, 0.0021251505), (-0.9999848, -0.0055271895, 0.00001995565), (-0.14099081, 0.98999614, -0.00540279), (-0.14050198, 0.0028442766, 0.99007636), (-0.13000712, 0.0037944901, 0.9915058), (-0.9999989, -0.00025216577, 0.0015089263), (-0.9999989, -0.00025216577, 0.0015089263), (-0.9999971, -0.0012035348, 0.0021251505), (-0.14050198, 0.0028442766, 0.99007636), (-0.14855908, -0.8362383, 0.52785957), (-0.11283606, -0.9277995, 0.35560697), (-0.13816941, -0.93313557, 0.33191442), (-0.13816941, -0.93313557, 0.33191442), (-0.15721504, -0.8775307, 0.45301583), (-0.14855908, -0.8362383, 0.52785957), (-0.11283606, -0.9277995, 0.35560697), (-0.085030906, -0.960863, 0.26365137), (-0.13816941, -0.93313557, 0.33191442), (-0.99907684, -0.017152324, 0.039387397), (-0.13816941, -0.93313557, 0.33191442), (-0.085030906, -0.960863, 0.26365137), (-0.085030906, -0.960863, 0.26365137), (-0.014805561, -0.94642437, 0.32258612), (-0.024049064, -0.92578727, 0.3772792), (-0.024049064, -0.92578727, 0.3772792), (-0.99907684, -0.017152324, 0.039387397), (-0.085030906, -0.960863, 0.26365137), (-0.99981046, 0.008761624, 0.017385261), (-0.024049064, -0.92578727, 0.3772792), (-0.014805561, -0.94642437, 0.32258612), (-0.014805561, -0.94642437, 0.32258612), (-0.059556898, -0.9437445, 0.3252683), (-0.016295837, -0.93096113, 0.36475447), (-0.016295837, -0.93096113, 0.36475447), (-0.99981046, 0.008761624, 0.017385261), (-0.014805561, -0.94642437, 0.32258612), (-0.99954236, -0.0009918225, 0.03023267), (-0.016295837, -0.93096113, 0.36475447), (-0.059556898, -0.9437445, 0.3252683), (-0.059556898, -0.9437445, 0.3252683), (-0.12261329, -0.96532154, 0.23047884), (-0.99954236, -0.0009918225, 0.03023267), (-0.00059075665, 0.9999922, -0.0039044279), (-0.99954236, -0.0009918225, 0.03023267), (-0.12261329, -0.96532154, 0.23047884), (-0.12261329, -0.96532154, 0.23047884), (0.024912845, -0.30288765, -0.9527006), (-0.00059075665, 0.9999922, -0.0039044279), (0.024912845, -0.30288765, -0.9527006), (-0.16344136, 0.043807868, -0.9855799), (-0.9978353, 0.03557042, 0.05531323), (-0.9978353, 0.03557042, 0.05531323), (-0.00059075665, 0.9999922, -0.0039044279), (0.024912845, -0.30288765, -0.9527006), (-0.99962413, 0.009325769, 0.025784759), (-0.9978353, 0.03557042, 0.05531323), (-0.16344136, 0.043807868, -0.9855799), (-0.16344136, 0.043807868, -0.9855799), (-0.14115624, 0.07808374, -0.98690313), (-0.99962413, 0.009325769, 0.025784759), (-0.9995973, 0.022446614, 0.017367464), (-0.99962413, 0.009325769, 0.025784759), (-0.14115624, 0.07808374, -0.98690313), (-0.14115624, 0.07808374, -0.98690313), (-0.10263633, 0.29859218, -0.948846), (-0.9995973, 0.022446614, 0.017367464), (-0.011287044, 0.35767338, -0.9337786), (-0.9995973, 0.022446614, 0.017367464), (-0.10263633, 0.29859218, -0.948846), (-0.99994665, 0.0014490401, 0.010229519), (-0.011287044, 0.35767338, -0.9337786), (-0.10263633, 0.29859218, -0.948846), (-0.10263633, 0.29859218, -0.948846), (-0.14228041, 0.5504764, -0.8226374), (-0.99994665, 0.0014490401, 0.010229519), (-0.99630475, -0.075120665, 0.04163758), (-0.99994665, 0.0014490401, 0.010229519), (-0.14228041, 0.5504764, -0.8226374), (-0.14228041, 0.5504764, -0.8226374), (-0.13851087, 0.77586704, -0.6155039), (-0.99630475, -0.075120665, 0.04163758), (-0.00059075665, 0.9999922, -0.0039044279), (-0.99630475, -0.075120665, 0.04163758), (-0.13851087, 0.77586704, -0.6155039), (-0.13851087, 0.77586704, -0.6155039), (-0.14255941, 0.8880925, -0.43699935), (-0.00059075665, 0.9999922, -0.0039044279), (-0.00059075665, 0.9999922, -0.0039044279), (-0.00059075665, 0.9999922, -0.0039044279), (-0.14255941, 0.8880925, -0.43699935), (-0.14255941, 0.8880925, -0.43699935), (-0.1533292, 0.97562563, -0.15698689), (-0.00059075665, 0.9999922, -0.0039044279), (-0.99993736, 0.011190072, 0.00023978618), (-0.00059075665, 0.9999922, -0.0039044279), (-0.1533292, 0.97562563, -0.15698689), (-0.1533292, 0.97562563, -0.15698689), (-0.13462862, 0.9790049, 0.15305059), (-0.9999699, 0.0057840953, -0.005171098), (-0.9999699, 0.0057840953, -0.005171098), (-0.99993736, 0.011190072, 0.00023978618), (-0.1533292, 0.97562563, -0.15698689), (-0.13462862, 0.9790049, 0.15305059), (-0.13335404, 0.87905693, 0.45768505), (-0.99972636, -0.013408815, -0.01916812), (-0.99972636, -0.013408815, -0.01916812), (-0.9999699, 0.0057840953, -0.005171098), (-0.13462862, 0.9790049, 0.15305059), (-0.13335404, 0.87905693, 0.45768505), (-0.14727513, 0.6572454, 0.7391472), (-0.9999293, -0.011889752, 0.00004894335), (-0.9999293, -0.011889752, 0.00004894335), (-0.99972636, -0.013408815, -0.01916812), (-0.13335404, 0.87905693, 0.45768505), (-0.14727513, 0.6572454, 0.7391472), (-0.14834554, 0.35046324, 0.9247536), (-0.9998962, 0.0047516595, -0.013606831), (-0.9998962, 0.0047516595, -0.013606831), (-0.9999293, -0.011889752, 0.00004894335), (-0.14727513, 0.6572454, 0.7391472), (-0.99951506, -0.029565426, -0.0097728595), (-0.9998962, 0.0047516595, -0.013606831), (-0.14834554, 0.35046324, 0.9247536), (-0.14834554, 0.35046324, 0.9247536), (-0.14370221, -0.029886086, 0.98916966), (-0.99951506, -0.029565426, -0.0097728595), (-0.9999826, -0.0050667953, -0.0030228158), (-0.99951506, -0.029565426, -0.0097728595), (-0.14370221, -0.029886086, 0.98916966), (-0.14370221, -0.029886086, 0.98916966), (-0.1512417, -0.49989545, 0.8527781), (-0.9999826, -0.0050667953, -0.0030228158), (-0.999811, 0.019355163, 0.0018426353), (-0.9999826, -0.0050667953, -0.0030228158), (-0.1512417, -0.49989545, 0.8527781), (-0.1512417, -0.49989545, 0.8527781), (-0.14855908, -0.8362383, 0.52785957), (-0.999811, 0.019355163, 0.0018426353), (-0.15721504, -0.8775307, 0.45301583), (-0.999811, 0.019355163, 0.0018426353), (-0.14855908, -0.8362383, 0.52785957), (-0.078502916, 0.732506, -0.6762192), (-0.99999547, -0.0029304111, -0.0007611007), (-0.072144136, 0.89819574, -0.43363532), (-0.072144136, 0.89819574, -0.43363532), (-0.109385245, 0.9344249, -0.33894715), (-0.078502916, 0.732506, -0.6762192), (-0.99978745, 0.020615544, 0.00040802688), (-0.078502916, 0.732506, -0.6762192), (-0.109385245, 0.9344249, -0.33894715), (-0.109385245, 0.9344249, -0.33894715), (-0.12729159, 0.9605764, -0.24716361), (-0.12339285, 0.9624036, -0.24197881), (-0.12339285, 0.9624036, -0.24197881), (-0.99978745, 0.020615544, 0.00040802688), (-0.109385245, 0.9344249, -0.33894715), (-0.99922013, -0.010787414, 0.037982836), (-0.12339285, 0.9624036, -0.24197881), (-0.12729159, 0.9605764, -0.24716361), (-0.12729159, 0.9605764, -0.24716361), (-0.12231032, 0.9760644, -0.17982912), (-0.9922712, 0.068689376, -0.10334322), (-0.9922712, 0.068689376, -0.10334322), (-0.99922013, -0.010787414, 0.037982836), (-0.12729159, 0.9605764, -0.24716361), (-0.12231032, 0.9760644, -0.17982912), (-0.12047372, 0.97025746, -0.20996818), (-0.12020203, 0.96900374, -0.21583164), (-0.12020203, 0.96900374, -0.21583164), (-0.9922712, 0.068689376, -0.10334322), (-0.12231032, 0.9760644, -0.17982912), (-0.9966054, 0.056204222, -0.060156543), (-0.12020203, 0.96900374, -0.21583164), (-0.12047372, 0.97025746, -0.20996818), (-0.12047372, 0.97025746, -0.20996818), (-0.08979531, 0.9738238, -0.208816), (-0.13149604, 0.9650365, -0.22674547), (-0.13149604, 0.9650365, -0.22674547), (-0.9966054, 0.056204222, -0.060156543), (-0.12047372, 0.97025746, -0.20996818), (-0.998256, 0.045929167, 0.03708666), (-0.13149604, 0.9650365, -0.22674547), (-0.08979531, 0.9738238, -0.208816), (-0.08979531, 0.9738238, -0.208816), (-0.05051843, 0.9444187, -0.32484043), (-0.07117622, 0.9905998, -0.116815895), (-0.07117622, 0.9905998, -0.116815895), (-0.998256, 0.045929167, 0.03708666), (-0.08979531, 0.9738238, -0.208816), (-0.99888164, 0.02485418, 0.04022119), (-0.07117622, 0.9905998, -0.116815895), (-0.05051843, 0.9444187, -0.32484043), (-0.05051843, 0.9444187, -0.32484043), (-0.05692526, 0.8549955, -0.5155019), (-0.06962131, 0.9323451, -0.35480332), (-0.06962131, 0.9323451, -0.35480332), (-0.99888164, 0.02485418, 0.04022119), (-0.05051843, 0.9444187, -0.32484043), (-0.99999577, 0.0004895039, -0.002885046), (-0.06962131, 0.9323451, -0.35480332), (-0.05692526, 0.8549955, -0.5155019), (-0.05692526, 0.8549955, -0.5155019), (-0.13767365, 0.800439, -0.5833896), (-0.99999577, 0.0004895039, -0.002885046), (-0.9999946, -0.00065753784, 0.0032496955), (-0.99999577, 0.0004895039, -0.002885046), (-0.13767365, 0.800439, -0.5833896), (-0.13767365, 0.800439, -0.5833896), (-0.13728723, 0.6449619, -0.7517821), (-0.9999946, -0.00065753784, 0.0032496955), (-0.9999191, -0.011919198, -0.0044436767), (-0.9999946, -0.00065753784, 0.0032496955), (-0.13728723, 0.6449619, -0.7517821), (-0.13728723, 0.6449619, -0.7517821), (-0.13404185, 0.43769643, -0.88907516), (-0.9999191, -0.011919198, -0.0044436767), (-0.99997723, -0.004970613, -0.0045900834), (-0.9999191, -0.011919198, -0.0044436767), (-0.13404185, 0.43769643, -0.88907516), (-0.13404185, 0.43769643, -0.88907516), (-0.13902894, 0.22420006, -0.96457523), (-0.99997723, -0.004970613, -0.0045900834), (-0.9989181, -0.046105865, -0.0060711578), (-0.99997723, -0.004970613, -0.0045900834), (-0.13902894, 0.22420006, -0.96457523), (-0.13902894, 0.22420006, -0.96457523), (-0.15118363, 0.0030602985, -0.988501), (-0.9989181, -0.046105865, -0.0060711578), (-0.15118363, 0.0030602985, -0.988501), (-0.13518785, -0.06337728, -0.98879105), (-0.99969125, -0.017035633, -0.01809086), (-0.99969125, -0.017035633, -0.01809086), (-0.9989181, -0.046105865, -0.0060711578), (-0.15118363, 0.0030602985, -0.988501), (-0.06333983, 0.24337693, -0.9678614), (-0.99969125, -0.017035633, -0.01809086), (-0.13518785, -0.06337728, -0.98879105), (-0.13518785, -0.06337728, -0.98879105), (-0.13353209, -0.27806857, -0.9512345), (-0.9996751, 0.021789152, -0.013227912), (-0.9996751, 0.021789152, -0.013227912), (-0.06333983, 0.24337693, -0.9678614), (-0.13518785, -0.06337728, -0.98879105), (-0.061385367, 0.013026105, -0.9980292), (-0.9996751, 0.021789152, -0.013227912), (-0.13353209, -0.27806857, -0.9512345), (-0.13353209, -0.27806857, -0.9512345), (-0.1343129, -0.5050504, -0.8525752), (-0.99992967, -0.006526811, -0.009906352), (-0.99992967, -0.006526811, -0.009906352), (-0.061385367, 0.013026105, -0.9980292), (-0.13353209, -0.27806857, -0.9512345), (-0.06217697, -0.2310211, -0.9709601), (-0.99992967, -0.006526811, -0.009906352), (-0.1343129, -0.5050504, -0.8525752), (-0.1343129, -0.5050504, -0.8525752), (-0.13055453, -0.694622, -0.707429), (-0.999953, -0.0008346837, -0.009666938), (-0.999953, -0.0008346837, -0.009666938), (-0.06217697, -0.2310211, -0.9709601), (-0.1343129, -0.5050504, -0.8525752), (-0.063650236, -0.45787537, -0.88673496), (-0.999953, -0.0008346837, -0.009666938), (-0.13055453, -0.694622, -0.707429), (-0.13055453, -0.694622, -0.707429), (-0.12638678, -0.8989004, -0.41952896), (-0.9998984, -0.012713757, 0.006455863), (-0.9998984, -0.012713757, 0.006455863), (-0.063650236, -0.45787537, -0.88673496), (-0.13055453, -0.694622, -0.707429), (-0.09691313, -0.9057108, -0.41266924), (-0.9998984, -0.012713757, 0.006455863), (-0.12638678, -0.8989004, -0.41952896), (-0.12638678, -0.8989004, -0.41952896), (-0.12327115, -0.97035885, -0.20786513), (-0.9996892, -0.023837695, 0.007307016), (-0.9996892, -0.023837695, 0.007307016), (-0.09691313, -0.9057108, -0.41266924), (-0.12638678, -0.8989004, -0.41952896), (-0.09484419, -0.9765364, -0.19334257), (-0.9996892, -0.023837695, 0.007307016), (-0.12327115, -0.97035885, -0.20786513), (-0.12327115, -0.97035885, -0.20786513), (-0.14486942, -0.987766, -0.05771606), (-0.9994418, -0.018688366, -0.027693924), (-0.9994418, -0.018688366, -0.027693924), (-0.09484419, -0.9765364, -0.19334257), (-0.12327115, -0.97035885, -0.20786513), (-0.9994305, -0.0017666796, -0.033700205), (-0.9994418, -0.018688366, -0.027693924), (-0.14486942, -0.987766, -0.05771606), (-0.14486942, -0.987766, -0.05771606), (-0.13756743, -0.98811233, 0.06862477), (-0.9994305, -0.0017666796, -0.033700205), (-0.00059075665, 0.9999922, -0.0039044279), (-0.9994305, -0.0017666796, -0.033700205), (-0.13756743, -0.98811233, 0.06862477), (-0.13756743, -0.98811233, 0.06862477), (-0.1303743, -0.97121614, 0.19935364), (-0.00059075665, 0.9999922, -0.0039044279), (-0.9999065, 0.013670457, -0.0004624341), (-0.00059075665, 0.9999922, -0.0039044279), (-0.1303743, -0.97121614, 0.19935364), (-0.1303743, -0.97121614, 0.19935364), (-0.13326624, -0.9396251, 0.31519017), (-0.9999065, 0.013670457, -0.0004624341), (-0.00059075665, 0.9999922, -0.0039044279), (-0.9999065, 0.013670457, -0.0004624341), (-0.13326624, -0.9396251, 0.31519017), (-0.13326624, -0.9396251, 0.31519017), (-0.13196091, -0.9014839, 0.4122054), (-0.00059075665, 0.9999922, -0.0039044279), (-0.9998348, -0.0035627773, -0.017828306), (-0.00059075665, 0.9999922, -0.0039044279), (-0.13196091, -0.9014839, 0.4122054), (-0.13196091, -0.9014839, 0.4122054), (-0.12880895, -0.84518105, 0.51872665), (-0.9998348, -0.0035627773, -0.017828306), (-0.9999332, -0.009496296, -0.0066044894), (-0.9998348, -0.0035627773, -0.017828306), (-0.12880895, -0.84518105, 0.51872665), (-0.12880895, -0.84518105, 0.51872665), (-0.14264554, -0.8873044, 0.43856955), (-0.9999332, -0.009496296, -0.0066044894), (-0.041303106, -0.9563126, 0.2894136), (-0.9999332, -0.009496296, -0.0066044894), (-0.14264554, -0.8873044, 0.43856955), (-0.14264554, -0.8873044, 0.43856955), (-0.04608595, -0.9988217, -0.015210667), (-0.9931756, 0.018487072, 0.1151543), (-0.9931756, 0.018487072, 0.1151543), (-0.041303106, -0.9563126, 0.2894136), (-0.14264554, -0.8873044, 0.43856955), (-0.9973319, -0.06911876, 0.02349098), (-0.9931756, 0.018487072, 0.1151543), (-0.04608595, -0.9988217, -0.015210667), (-0.11835468, -0.33217663, -0.9357622), (-0.9973319, -0.06911876, 0.02349098), (-0.04608595, -0.9988217, -0.015210667), (-0.04608595, -0.9988217, -0.015210667), (-0.11830984, -0.37292984, -0.92028594), (-0.11835468, -0.33217663, -0.9357622), (-0.99944055, -0.03046939, 0.013792528), (-0.11835468, -0.33217663, -0.9357622), (-0.11830984, -0.37292984, -0.92028594), (-0.11830984, -0.37292984, -0.92028594), (-0.0031858766, -0.9999079, -0.013189914), (-0.99944055, -0.03046939, 0.013792528), (-0.0031858766, -0.9999079, -0.013189914), (0.18926251, -0.97969866, 0.06610833), (-0.0031858834, -0.9999079, -0.01318991), (-0.0031858834, -0.9999079, -0.01318991), (-0.99944055, -0.03046939, 0.013792528), (-0.0031858766, -0.9999079, -0.013189914), (-0.9885455, 0.15090652, -0.0022847843), (-0.0031858834, -0.9999079, -0.01318991), (0.18926251, -0.97969866, 0.06610833), (0.18926251, -0.97969866, 0.06610833), (-0.13277073, 0.27601358, 0.95193934), (-0.9988448, -0.044983275, 0.016904082), (-0.9988448, -0.044983275, 0.016904082), (-0.9885455, 0.15090652, -0.0022847843), (0.18926251, -0.97969866, 0.06610833), (-0.13277073, 0.27601358, 0.95193934), (-0.11617861, 0.22062656, 0.9684145), (-0.12225211, 0.22840463, 0.96586007), (-0.12225211, 0.22840463, 0.96586007), (-0.9988448, -0.044983275, 0.016904082), (-0.13277073, 0.27601358, 0.95193934), (-0.992167, 0.11727199, -0.04303374), (-0.12225211, 0.22840463, 0.96586007), (-0.11617861, 0.22062656, 0.9684145), (-0.11617861, 0.22062656, 0.9684145), (-0.111135416, 0.03712078, 0.99311185), (-0.992167, 0.11727199, -0.04303374), (-0.99815136, -0.059817217, -0.010758805), (-0.992167, 0.11727199, -0.04303374), (-0.111135416, 0.03712078, 0.99311185), (-0.111135416, 0.03712078, 0.99311185), (-0.08603634, 0.0025877585, 0.9962887), (-0.07283703, -0.11768671, 0.990376), (-0.07283703, -0.11768671, 0.990376), (-0.99815136, -0.059817217, -0.010758805), (-0.111135416, 0.03712078, 0.99311185), (-0.99971855, 0.019800236, 0.013069639), (-0.07283703, -0.11768671, 0.990376), (-0.08603634, 0.0025877585, 0.9962887), (-0.08603634, 0.0025877585, 0.9962887), (-0.14653477, 0.00002497066, 0.9892055), (-0.13162258, 0.028150884, 0.99090016), (-0.13162258, 0.028150884, 0.99090016), (-0.99971855, 0.019800236, 0.013069639), (-0.08603634, 0.0025877585, 0.9962887), (-0.9999836, 0.0041560195, 0.0039595542), (-0.13162258, 0.028150884, 0.99090016), (-0.14653477, 0.00002497066, 0.9892055), (-0.14653477, 0.00002497066, 0.9892055), (-0.12184073, -0.010308129, 0.99249625), (-0.9998415, -0.012230809, -0.012947495), (-0.9998415, -0.012230809, -0.012947495), (-0.9999836, 0.0041560195, 0.0039595542), (-0.14653477, 0.00002497066, 0.9892055), (-0.12184073, -0.010308129, 0.99249625), (-0.083790556, 0.031635225, 0.9959811), (-0.10869207, 0.060495287, 0.99223304), (-0.10869207, 0.060495287, 0.99223304), (-0.9998415, -0.012230809, -0.012947495), (-0.12184073, -0.010308129, 0.99249625), (-0.9996692, 0.016725833, 0.01953779), (-0.10869207, 0.060495287, 0.99223304), (-0.083790556, 0.031635225, 0.9959811), (-0.083790556, 0.031635225, 0.9959811), (-0.091935135, 0.23423572, 0.9678231), (-0.07063188, -0.04542802, 0.99646753), (-0.07063188, -0.04542802, 0.99646753), (-0.9996692, 0.016725833, 0.01953779), (-0.083790556, 0.031635225, 0.9959811), (-0.9992807, -0.035787046, 0.012552854), (-0.07063188, -0.04542802, 0.99646753), (-0.091935135, 0.23423572, 0.9678231), (-0.091935135, 0.23423572, 0.9678231), (-0.13300979, 0.32933357, 0.93479836), (-0.99981606, -0.016062925, -0.010482461), (-0.99981606, -0.016062925, -0.010482461), (-0.9992807, -0.035787046, 0.012552854), (-0.091935135, 0.23423572, 0.9678231), (-0.13300979, 0.32933357, 0.93479836), (-0.13986464, 0.54254925, 0.82829845), (-0.99981606, -0.016062925, -0.010482461), (-0.9994377, 0.027862178, -0.018658169), (-0.99981606, -0.016062925, -0.010482461), (-0.13986464, 0.54254925, 0.82829845), (-0.13986464, 0.54254925, 0.82829845), (-0.14541046, 0.7241093, 0.6741822), (-0.9994377, 0.027862178, -0.018658169), (-0.9999316, -0.0063936114, 0.009807678), (-0.9994377, 0.027862178, -0.018658169), (-0.14541046, 0.7241093, 0.6741822), (-0.14541046, 0.7241093, 0.6741822), (-0.15244105, 0.8554912, 0.49487028), (-0.9999316, -0.0063936114, 0.009807678), (-0.15244105, 0.8554912, 0.49487028), (-0.13386483, 0.8669545, 0.48007295), (-0.9999902, 0.0002824121, 0.0044405237), (-0.9999902, 0.0002824121, 0.0044405237), (-0.9999316, -0.0063936114, 0.009807678), (-0.15244105, 0.8554912, 0.49487028), (-0.0582639, 0.6669753, 0.74279827), (-0.9999902, 0.0002824121, 0.0044405237), (-0.13386483, 0.8669545, 0.48007295), (-0.13386483, 0.8669545, 0.48007295), (-0.13646376, 0.96768725, 0.21203609), (-0.9989695, 0.025714688, -0.03740267), (-0.9989695, 0.025714688, -0.03740267), (-0.0582639, 0.6669753, 0.74279827), (-0.13386483, 0.8669545, 0.48007295), (-0.09834047, 0.97378564, 0.20511195), (-0.9989695, 0.025714688, -0.03740267), (-0.13646376, 0.96768725, 0.21203609), (-0.13646376, 0.96768725, 0.21203609), (-0.13270487, 0.9859346, 0.101599716), (-0.999188, 0.03351684, -0.022363085), (-0.999188, 0.03351684, -0.022363085), (-0.09834047, 0.97378564, 0.20511195), (-0.13646376, 0.96768725, 0.21203609), (-0.083627634, 0.99276274, 0.08618899), (-0.999188, 0.03351684, -0.022363085), (-0.13270487, 0.9859346, 0.101599716), (-0.13270487, 0.9859346, 0.101599716), (-0.16387032, 0.9851808, 0.050649084), (-0.9993569, 0.023518126, 0.027068872), (-0.9993569, 0.023518126, 0.027068872), (-0.083627634, 0.99276274, 0.08618899), (-0.13270487, 0.9859346, 0.101599716), (-0.16387032, 0.9851808, 0.050649084), (-0.14081272, 0.99001473, -0.006535265), (-0.99837714, 0.010557135, 0.055960905), (-0.99837714, 0.010557135, 0.055960905), (-0.9993569, 0.023518126, 0.027068872), (-0.16387032, 0.9851808, 0.050649084), (-0.14081272, 0.99001473, -0.006535265), (-0.13279666, 0.9884703, -0.07274298), (-0.9999563, 0.009347492, -0.0002539735), (-0.9999563, 0.009347492, -0.0002539735), (-0.99837714, 0.010557135, 0.055960905), (-0.14081272, 0.99001473, -0.006535265), (-0.13279666, 0.9884703, -0.07274298), (-0.12979513, 0.9813049, -0.14210583), (-0.00059075665, 0.9999922, -0.0039044279), (-0.00059075665, 0.9999922, -0.0039044279), (-0.9999563, 0.009347492, -0.0002539735), (-0.13279666, 0.9884703, -0.07274298), (-0.12979513, 0.9813049, -0.14210583), (-0.11656331, 0.9556036, -0.27061924), (-0.9996912, 0.00082034105, -0.02483576), (-0.9996912, 0.00082034105, -0.02483576), (-0.00059075665, 0.9999922, -0.0039044279), (-0.12979513, 0.9813049, -0.14210583), (-0.10178792, 0.9500199, -0.29512993), (-0.9996912, 0.00082034105, -0.02483576), (-0.11656331, 0.9556036, -0.27061924), (-0.11656331, 0.9556036, -0.27061924), (-0.12139109, 0.9319065, -0.34178135), (-0.9998639, 0.014255353, -0.008307014), (-0.9998639, 0.014255353, -0.008307014), (-0.10178792, 0.9500199, -0.29512993), (-0.11656331, 0.9556036, -0.27061924), (-0.05941316, 0.9940213, -0.0916061), (-0.9998639, 0.014255353, -0.008307014), (-0.12139109, 0.9319065, -0.34178135), (-0.12139109, 0.9319065, -0.34178135), (-0.13206168, 0.8377312, -0.5298739), (-0.9999207, 0.011455182, 0.005250424), (-0.9999207, 0.011455182, 0.005250424), (-0.05941316, 0.9940213, -0.0916061), (-0.12139109, 0.9319065, -0.34178135), (-0.06117297, 0.95643806, -0.28545442), (-0.9999207, 0.011455182, 0.005250424), (-0.13206168, 0.8377312, -0.5298739), (-0.13206168, 0.8377312, -0.5298739), (-0.1334454, 0.62069887, -0.77260953), (-0.9992016, -0.024538612, -0.031530183), (-0.9992016, -0.024538612, -0.031530183), (-0.06117297, 0.95643806, -0.28545442), (-0.13206168, 0.8377312, -0.5298739), (-0.10134599, 0.62703264, -0.77237236), (-0.9992016, -0.024538612, -0.031530183), (-0.1334454, 0.62069887, -0.77260953), (-0.1334454, 0.62069887, -0.77260953), (-0.13346522, 0.4269716, -0.8943615), (-0.9996929, -0.017949712, -0.017085124), (-0.9996929, -0.017949712, -0.017085124), (-0.10134599, 0.62703264, -0.77237236), (-0.1334454, 0.62069887, -0.77260953), (-0.08710974, 0.38814148, -0.91747373), (-0.9996929, -0.017949712, -0.017085124), (-0.13346522, 0.4269716, -0.8943615), (-0.13346522, 0.4269716, -0.8943615), (0.045461476, -0.9924905, -0.11356099), (-0.9938931, 0.10953931, 0.013333688), (-0.9938931, 0.10953931, 0.013333688), (-0.08710974, 0.38814148, -0.91747373), (-0.13346522, 0.4269716, -0.8943615), (0.18698294, -0.9809259, -0.053121764), (-0.9938931, 0.10953931, 0.013333688), (0.045461476, -0.9924905, -0.11356099), (0.045461476, -0.9924905, -0.11356099), (-0.11131867, -0.9779203, -0.17686173), (-0.00059075665, 0.9999922, -0.0039044279), (-0.00059075665, 0.9999922, -0.0039044279), (0.18698294, -0.9809259, -0.053121764), (0.045461476, -0.9924905, -0.11356099), (-0.11131867, -0.9779203, -0.17686173), (-0.13500817, -0.63297683, 0.7623078), (-0.999904, -0.0026072322, -0.013611167), (-0.999904, -0.0026072322, -0.013611167), (-0.00059075665, 0.9999922, -0.0039044279), (-0.11131867, -0.9779203, -0.17686173), (-0.13500817, -0.63297683, 0.7623078), (-0.1430264, -0.8583906, 0.49265498), (-0.9997284, 0.0060479874, -0.022506434), (-0.9997284, 0.0060479874, -0.022506434), (-0.999904, -0.0026072322, -0.013611167), (-0.13500817, -0.63297683, 0.7623078), (-0.99994326, 0.0034674192, -0.010074667), (-0.9997284, 0.0060479874, -0.022506434), (-0.1430264, -0.8583906, 0.49265498), (-0.1430264, -0.8583906, 0.49265498), (-0.13574229, -0.9665104, 0.21778846), (-0.99994326, 0.0034674192, -0.010074667), (-0.9998031, 0.011023739, 0.016497463), (-0.99994326, 0.0034674192, -0.010074667), (-0.13574229, -0.9665104, 0.21778846), (-0.13574229, -0.9665104, 0.21778846), (-0.1422562, -0.9884591, 0.052074052), (-0.9998031, 0.011023739, 0.016497463), (-0.1422562, -0.9884591, 0.052074052), (-0.15435272, -0.978213, -0.1388329), (-0.9985729, 0.014364023, 0.051438622), (-0.9985729, 0.014364023, 0.051438622), (-0.9998031, 0.011023739, 0.016497463), (-0.1422562, -0.9884591, 0.052074052), (-0.9995342, 0.030515268, -0.0005939843), (-0.9985729, 0.014364023, 0.051438622), (-0.15435272, -0.978213, -0.1388329), (-0.15435272, -0.978213, -0.1388329), (-0.13826597, -0.93282557, -0.33274457), (-0.9995342, 0.030515268, -0.0005939843), (-0.9998695, 0.012368811, -0.010399299), (-0.9995342, 0.030515268, -0.0005939843), (-0.13826597, -0.93282557, -0.33274457), (-0.13826597, -0.93282557, -0.33274457), (-0.16092122, -0.69366825, -0.7020888), (-0.9998695, 0.012368811, -0.010399299), (-0.999982, -0.0059643122, -0.0008091062), (-0.9998695, 0.012368811, -0.010399299), (-0.16092122, -0.69366825, -0.7020888), (-0.16092122, -0.69366825, -0.7020888), (-0.14767225, -0.33501768, -0.93056756), (-0.999982, -0.0059643122, -0.0008091062), (-0.9999993, 0.0012448796, -0.00009352836), (-0.999982, -0.0059643122, -0.0008091062), (-0.14767225, -0.33501768, -0.93056756), (-0.14767225, -0.33501768, -0.93056756), (-0.018158518, 0.23252282, -0.97242147), (-0.9999993, 0.0012448796, -0.00009352836), (-0.018158518, 0.23252282, -0.97242147), (-0.072144136, 0.89819574, -0.43363532), (-0.078502916, 0.732506, -0.6762192), (-0.078502916, 0.732506, -0.6762192), (-0.9999993, 0.0012448796, -0.00009352836), (-0.018158518, 0.23252282, -0.97242147), (-0.15317756, 0.9731716, 0.17167923), (-0.99930793, 0.037084173, -0.002914905), (-0.1388776, 0.99029523, -0.0053401375), (-0.1388776, 0.99029523, -0.0053401375), (-0.15760946, 0.9191881, 0.3609054), (-0.15805708, 0.9616486, 0.22416495), (-0.15805708, 0.9616486, 0.22416495), (-0.15317756, 0.9731716, 0.17167923), (-0.1388776, 0.99029523, -0.0053401375), (-0.11402839, 0.8889104, 0.4436618), (-0.15805708, 0.9616486, 0.22416495), (-0.15760946, 0.9191881, 0.3609054), (-0.15760946, 0.9191881, 0.3609054), (-0.1580246, 0.7489347, 0.6435255), (-0.9991027, 0.03882546, -0.016926972), (-0.9991027, 0.03882546, -0.016926972), (-0.11402839, 0.8889104, 0.4436618), (-0.15760946, 0.9191881, 0.3609054), (-0.11505776, 0.71027976, 0.6944525), (-0.9991027, 0.03882546, -0.016926972), (-0.1580246, 0.7489347, 0.6435255), (-0.1580246, 0.7489347, 0.6435255), (-0.1251655, 0.582872, 0.8028661), (-0.99974847, -0.016318422, -0.015390435), (-0.99974847, -0.016318422, -0.015390435), (-0.11505776, 0.71027976, 0.6944525), (-0.1580246, 0.7489347, 0.6435255), (-0.00845422, 0.555366, 0.83156323), (-0.99974847, -0.016318422, -0.015390435), (-0.1251655, 0.582872, 0.8028661), (-0.1251655, 0.582872, 0.8028661), (-0.11776947, 0.36214772, 0.924651), (-0.9951531, -0.09359485, 0.030172177), (-0.9951531, -0.09359485, 0.030172177), (-0.00845422, 0.555366, 0.83156323), (-0.1251655, 0.582872, 0.8028661), (-0.012109079, 0.3067484, 0.95171374), (-0.9951531, -0.09359485, 0.030172177), (-0.11776947, 0.36214772, 0.924651), (-0.11776947, 0.36214772, 0.924651), (-0.15725134, 0.18922015, 0.96926147), (-0.00059075665, 0.9999922, -0.0039044279), (-0.00059075665, 0.9999922, -0.0039044279), (-0.012109079, 0.3067484, 0.95171374), (-0.11776947, 0.36214772, 0.924651), (-0.12219807, 0.15701638, 0.98000693), (-0.00059075665, 0.9999922, -0.0039044279), (-0.15725134, 0.18922015, 0.96926147), (-0.15725134, 0.18922015, 0.96926147), (-0.15090907, 0.06352948, 0.9865042), (-0.14800267, 0.11540134, 0.98223096), (-0.14800267, 0.11540134, 0.98223096), (-0.12219807, 0.15701638, 0.98000693), (-0.15725134, 0.18922015, 0.96926147), (-0.10692651, 0.039016813, 0.9935012), (-0.14800267, 0.11540134, 0.98223096), (-0.15090907, 0.06352948, 0.9865042), (-0.15090907, 0.06352948, 0.9865042), (-0.15323718, -0.04941193, 0.9869533), (-0.17762014, 0.025758253, 0.983762), (-0.17762014, 0.025758253, 0.983762), (-0.10692651, 0.039016813, 0.9935012), (-0.15090907, 0.06352948, 0.9865042), (-0.10930102, -0.07836439, 0.990915), (-0.17762014, 0.025758253, 0.983762), (-0.15323718, -0.04941193, 0.9869533), (-0.15323718, -0.04941193, 0.9869533), (-0.15216613, -0.20574762, 0.9667024), (-0.14183398, -0.11335546, 0.9833787), (-0.14183398, -0.11335546, 0.9833787), (-0.10930102, -0.07836439, 0.990915), (-0.15323718, -0.04941193, 0.9869533), (-0.11372005, -0.26064417, 0.95871395), (-0.14183398, -0.11335546, 0.9833787), (-0.15216613, -0.20574762, 0.9667024), (-0.15216613, -0.20574762, 0.9667024), (-0.11659288, -0.38503754, 0.9155066), (-0.00059075665, 0.9999922, -0.0039044279), (-0.00059075665, 0.9999922, -0.0039044279), (-0.11372005, -0.26064417, 0.95871395), (-0.15216613, -0.20574762, 0.9667024), (-0.007362954, -0.4173496, 0.9087162), (-0.00059075665, 0.9999922, -0.0039044279), (-0.11659288, -0.38503754, 0.9155066), (-0.11659288, -0.38503754, 0.9155066), (-0.11148885, -0.60987145, 0.78461915), (-0.99844867, 0.046421185, -0.030747443), (-0.99844867, 0.046421185, -0.030747443), (-0.007362954, -0.4173496, 0.9087162), (-0.11659288, -0.38503754, 0.9155066), (-0.011113555, -0.6602998, 0.7509199), (-0.99844867, 0.046421185, -0.030747443), (-0.11148885, -0.60987145, 0.78461915), (-0.11148885, -0.60987145, 0.78461915), (-0.11132216, -0.71138847, 0.6939264), (-0.9980429, 0.056928817, -0.02587815), (-0.9980429, 0.056928817, -0.02587815), (-0.011113555, -0.6602998, 0.7509199), (-0.11148885, -0.60987145, 0.78461915), (0.030151954, -0.5856193, 0.8100253), (-0.9980429, 0.056928817, -0.02587815), (-0.11132216, -0.71138847, 0.6939264), (-0.11132216, -0.71138847, 0.6939264), (-0.11097367, -0.86109316, 0.49618903), (-0.99997765, 0.0018331902, 0.0064450917), (-0.99997765, 0.0018331902, 0.0064450917), (0.030151954, -0.5856193, 0.8100253), (-0.11132216, -0.71138847, 0.6939264), (0.030108154, -0.7655164, 0.6427116), (-0.99997765, 0.0018331902, 0.0064450917), (-0.11097367, -0.86109316, 0.49618903), (-0.11097367, -0.86109316, 0.49618903), (-0.113198034, -0.9594637, 0.2580999), (-0.99979043, 0.0136735365, -0.01524014), (-0.99979043, 0.0136735365, -0.01524014), (0.030108154, -0.7655164, 0.6427116), (-0.11097367, -0.86109316, 0.49618903), (0.031345487, -0.9032197, 0.42803237), (-0.99979043, 0.0136735365, -0.01524014), (-0.113198034, -0.9594637, 0.2580999), (-0.113198034, -0.9594637, 0.2580999), (-0.10971962, -0.99381644, 0.017045235), (-0.9995964, 0.026495364, -0.010253074), (-0.9995964, 0.026495364, -0.010253074), (0.031345487, -0.9032197, 0.42803237), (-0.113198034, -0.9594637, 0.2580999), (0.030186227, -0.98259455, 0.18329471), (-0.9995964, 0.026495364, -0.010253074), (-0.10971962, -0.99381644, 0.017045235), (-0.10971962, -0.99381644, 0.017045235), (-0.110734135, -0.96938187, -0.21917276), (-0.999677, 0.01801605, -0.017929079), (-0.999677, 0.01801605, -0.017929079), (0.030186227, -0.98259455, 0.18329471), (-0.10971962, -0.99381644, 0.017045235), (0.030977352, -0.9985311, -0.044452813), (-0.999677, 0.01801605, -0.017929079), (-0.110734135, -0.96938187, -0.21917276), (-0.110734135, -0.96938187, -0.21917276), (-0.11452755, -0.87446237, -0.47137994), (-0.99931896, -0.00997281, 0.035526905), (-0.99931896, -0.00997281, 0.035526905), (0.030977352, -0.9985311, -0.044452813), (-0.110734135, -0.96938187, -0.21917276), (0.028671194, -0.9445576, -0.32709172), (-0.99931896, -0.00997281, 0.035526905), (-0.11452755, -0.87446237, -0.47137994), (-0.11452755, -0.87446237, -0.47137994), (-0.11828486, -0.7194357, -0.68441284), (-0.9999614, -0.0054504233, -0.0068974956), (-0.9999614, -0.0054504233, -0.0068974956), (0.028671194, -0.9445576, -0.32709172), (-0.11452755, -0.87446237, -0.47137994), (0.029287145, -0.82871234, -0.55890805), (-0.9999614, -0.0054504233, -0.0068974956), (-0.11828486, -0.7194357, -0.68441284), (-0.11828486, -0.7194357, -0.68441284), (-0.15083532, -0.41992238, -0.89493793), (-0.9997677, -0.016546175, -0.013818813), (-0.9997677, -0.016546175, -0.013818813), (0.029287145, -0.82871234, -0.55890805), (-0.11828486, -0.7194357, -0.68441284), (-0.097530745, -0.37656063, -0.92124367), (-0.9997677, -0.016546175, -0.013818813), (-0.15083532, -0.41992238, -0.89493793), (-0.15083532, -0.41992238, -0.89493793), (-0.15463826, -0.21986866, -0.96319515), (-0.9997042, -0.007741605, -0.02306039), (-0.9997042, -0.007741605, -0.02306039), (-0.097530745, -0.37656063, -0.92124367), (-0.15083532, -0.41992238, -0.89493793), (-0.110867634, -0.1801089, -0.9773787), (-0.9997042, -0.007741605, -0.02306039), (-0.15463826, -0.21986866, -0.96319515), (-0.15463826, -0.21986866, -0.96319515), (-0.14654854, -0.06489066, -0.9870729), (-0.9998006, 0.013894027, -0.014342594), (-0.9998006, 0.013894027, -0.014342594), (-0.110867634, -0.1801089, -0.9773787), (-0.15463826, -0.21986866, -0.96319515), (-0.11445549, -0.015938785, -0.99330056), (-0.9998006, 0.013894027, -0.014342594), (-0.14654854, -0.06489066, -0.9870729), (-0.14654854, -0.06489066, -0.9870729), (-0.14658028, 0.051515322, -0.98785645), (-0.9998569, 0.015570889, 0.0066157747), (-0.9998569, 0.015570889, 0.0066157747), (-0.11445549, -0.015938785, -0.99330056), (-0.14654854, -0.06489066, -0.9870729), (-0.9996958, -0.021252774, -0.012519906), (-0.9998569, 0.015570889, 0.0066157747), (-0.14658028, 0.051515322, -0.98785645), (-0.14658028, 0.051515322, -0.98785645), (-0.1326846, 0.17430732, -0.9757109), (-0.13834453, 0.10995616, -0.9842614), (-0.13834453, 0.10995616, -0.9842614), (-0.9996958, -0.021252774, -0.012519906), (-0.14658028, 0.051515322, -0.98785645), (-0.99978286, 0.0072295987, -0.019547863), (-0.13834453, 0.10995616, -0.9842614), (-0.1326846, 0.17430732, -0.9757109), (-0.1326846, 0.17430732, -0.9757109), (-0.083565824, 0.3145562, -0.9455534), (-0.14231889, 0.28795588, -0.9470095), (-0.14231889, 0.28795588, -0.9470095), (-0.99978286, 0.0072295987, -0.019547863), (-0.1326846, 0.17430732, -0.9757109), (-0.999741, 0.02190819, -0.0061735874), (-0.14231889, 0.28795588, -0.9470095), (-0.083565824, 0.3145562, -0.9455534), (-0.083565824, 0.3145562, -0.9455534), (-0.02578991, 0.47786298, -0.8780558), (-0.031346116, 0.3653147, -0.93035626), (-0.031346116, 0.3653147, -0.93035626), (-0.999741, 0.02190819, -0.0061735874), (-0.083565824, 0.3145562, -0.9455534), (-0.99982256, -0.007567637, -0.017255167), (-0.031346116, 0.3653147, -0.93035626), (-0.02578991, 0.47786298, -0.8780558), (-0.02578991, 0.47786298, -0.8780558), (-0.024464136, 0.6686776, -0.74314994), (-0.028952068, 0.569251, -0.82165396), (-0.028952068, 0.569251, -0.82165396), (-0.99982256, -0.007567637, -0.017255167), (-0.02578991, 0.47786298, -0.8780558), (-0.9997453, -0.021048484, -0.008149053), (-0.028952068, 0.569251, -0.82165396), (-0.024464136, 0.6686776, -0.74314994), (-0.024464136, 0.6686776, -0.74314994), (-0.014631339, 0.80769336, -0.58942133), (-0.02973239, 0.74154407, -0.67024505), (-0.02973239, 0.74154407, -0.67024505), (-0.9997453, -0.021048484, -0.008149053), (-0.024464136, 0.6686776, -0.74314994), (-0.99981123, 0.013527642, 0.013947489), (-0.02973239, 0.74154407, -0.67024505), (-0.014631339, 0.80769336, -0.58942133), (-0.014631339, 0.80769336, -0.58942133), (0.0017121637, 0.9770905, -0.21281739), (-0.10500526, 0.9753269, -0.19419417), (-0.10500526, 0.9753269, -0.19419417), (-0.99981123, 0.013527642, 0.013947489), (-0.014631339, 0.80769336, -0.58942133), (0.0017121637, 0.9770905, -0.21281739), (-0.1388776, 0.99029523, -0.0053401375), (-0.10500526, 0.9753269, -0.19419417), (-0.99930793, 0.037084173, -0.002914905), (-0.10500526, 0.9753269, -0.19419417), (-0.1388776, 0.99029523, -0.0053401375), (-0.00059075665, 0.9999922, -0.0039044279), (-0.13773468, -0.6043011, -0.78476065), (-0.99841213, 0.055377055, 0.01032536), (-0.99841213, 0.055377055, 0.01032536), (-0.0660654, -0.13242345, 0.9889891), (-0.00059075665, 0.9999922, -0.0039044279), (-0.05660752, -0.32196364, -0.94505835), (-0.99841213, 0.055377055, 0.01032536), (-0.13773468, -0.6043011, -0.78476065), (-0.13773468, -0.6043011, -0.78476065), (-0.1368449, -0.7013927, -0.6995154), (-0.99985313, 0.002550808, 0.016946131), (-0.99985313, 0.002550808, 0.016946131), (-0.05660752, -0.32196364, -0.94505835), (-0.13773468, -0.6043011, -0.78476065), (-0.05789099, -0.4250612, -0.90331155), (-0.99985313, 0.002550808, 0.016946131), (-0.1368449, -0.7013927, -0.6995154), (-0.1368449, -0.7013927, -0.6995154), (-0.13711204, -0.79586667, -0.5897429), (-0.9996949, 0.023555044, 0.007436749), (-0.9996949, 0.023555044, 0.007436749), (-0.05789099, -0.4250612, -0.90331155), (-0.1368449, -0.7013927, -0.6995154), (-0.05575456, -0.56161314, -0.82551944), (-0.9996949, 0.023555044, 0.007436749), (-0.13711204, -0.79586667, -0.5897429), (-0.13711204, -0.79586667, -0.5897429), (-0.15942214, -0.9106934, -0.38108048), (-0.9997106, 0.023540715, 0.004947136), (-0.9997106, 0.023540715, 0.004947136), (-0.05575456, -0.56161314, -0.82551944), (-0.13711204, -0.79586667, -0.5897429), (-0.00059075665, 0.9999922, -0.0039044279), (-0.9997106, 0.023540715, 0.004947136), (-0.15942214, -0.9106934, -0.38108048), (-0.15942214, -0.9106934, -0.38108048), (-0.13441437, -0.95964104, -0.247026), (-0.00059075665, 0.9999922, -0.0039044279), (-0.00059075665, 0.9999922, -0.0039044279), (-0.00059075665, 0.9999922, -0.0039044279), (-0.13441437, -0.95964104, -0.247026), (-0.13441437, -0.95964104, -0.247026), (-0.13361558, -0.9852874, -0.10656357), (-0.00059075665, 0.9999922, -0.0039044279), (-0.99972576, 0.019875232, -0.012387733), (-0.00059075665, 0.9999922, -0.0039044279), (-0.13361558, -0.9852874, -0.10656357), (-0.13361558, -0.9852874, -0.10656357), (-0.1385547, -0.990208, 0.017052105), (-0.99972576, 0.019875232, -0.012387733), (-0.1385547, -0.990208, 0.017052105), (-0.11890511, -0.9857291, 0.11916298), (-0.99892, 0.02149132, 0.041193757), (-0.99892, 0.02149132, 0.041193757), (-0.99972576, 0.019875232, -0.012387733), (-0.1385547, -0.990208, 0.017052105), (-0.11890511, -0.9857291, 0.11916298), (-0.12314432, -0.9423558, 0.31112862), (-0.1099696, -0.9629647, 0.24618235), (-0.1099696, -0.9629647, 0.24618235), (-0.99892, 0.02149132, 0.041193757), (-0.11890511, -0.9857291, 0.11916298), (-0.12314432, -0.9423558, 0.31112862), (-0.14559633, -0.9320335, 0.3318363), (-0.9997341, -0.0016146135, 0.023007402), (-0.9997341, -0.0016146135, 0.023007402), (-0.1099696, -0.9629647, 0.24618235), (-0.12314432, -0.9423558, 0.31112862), (-0.14559633, -0.9320335, 0.3318363), (-0.11961811, -0.83682114, 0.5342489), (-0.1259981, -0.8899778, 0.4382511), (-0.1259981, -0.8899778, 0.4382511), (-0.9997341, -0.0016146135, 0.023007402), (-0.14559633, -0.9320335, 0.3318363), (-0.11961811, -0.83682114, 0.5342489), (-0.1565337, -0.796709, 0.5837397), (-0.9987899, -0.035590436, -0.033943664), (-0.9987899, -0.035590436, -0.033943664), (-0.1259981, -0.8899778, 0.4382511), (-0.11961811, -0.83682114, 0.5342489), (-0.1565337, -0.796709, 0.5837397), (-0.13773742, -0.7208331, 0.679285), (-0.99928564, -0.01848683, -0.032965332), (-0.99928564, -0.01848683, -0.032965332), (-0.9987899, -0.035590436, -0.033943664), (-0.1565337, -0.796709, 0.5837397), (-0.13773742, -0.7208331, 0.679285), (-0.13207954, -0.6288199, 0.7662511), (-0.9998123, 0.019274985, 0.0019321982), (-0.9998123, 0.019274985, 0.0019321982), (-0.99928564, -0.01848683, -0.032965332), (-0.13773742, -0.7208331, 0.679285), (-0.13207954, -0.6288199, 0.7662511), (-0.1414608, -0.52478725, 0.839397), (-0.999864, 0.008442258, -0.014173759), (-0.999864, 0.008442258, -0.014173759), (-0.9998123, 0.019274985, 0.0019321982), (-0.13207954, -0.6288199, 0.7662511), (-0.1414608, -0.52478725, 0.839397), (-0.1440045, -0.43780565, 0.88746214), (-0.99987787, 0.012732246, -0.009067227), (-0.99987787, 0.012732246, -0.009067227), (-0.999864, 0.008442258, -0.014173759), (-0.1414608, -0.52478725, 0.839397), (-0.1440045, -0.43780565, 0.88746214), (-0.13723241, -0.31078392, 0.9405214), (-0.99967456, 0.021419879, -0.013854066), (-0.99967456, 0.021419879, -0.013854066), (-0.99987787, 0.012732246, -0.009067227), (-0.1440045, -0.43780565, 0.88746214), (-0.13723241, -0.31078392, 0.9405214), (-0.14401683, -0.23583297, 0.9610629), (-0.99967283, 0.005637554, -0.02494977), (-0.99967283, 0.005637554, -0.02494977), (-0.99967456, 0.021419879, -0.013854066), (-0.13723241, -0.31078392, 0.9405214), (-0.14401683, -0.23583297, 0.9610629), (-0.1372938, -0.12449413, 0.98267585), (-0.99973553, -0.007918625, -0.02159024), (-0.99973553, -0.007918625, -0.02159024), (-0.99967283, 0.005637554, -0.02494977), (-0.14401683, -0.23583297, 0.9610629), (-0.1372938, -0.12449413, 0.98267585), (-0.1493749, -0.0582986, 0.9870606), (-0.9998375, 0.00787508, -0.016217392), (-0.9998375, 0.00787508, -0.016217392), (-0.99973553, -0.007918625, -0.02159024), (-0.1372938, -0.12449413, 0.98267585), (-0.1493749, -0.0582986, 0.9870606), (-0.14571637, 0.015039089, 0.9892121), (-0.99992025, 0.011129914, -0.005982182), (-0.99992025, 0.011129914, -0.005982182), (-0.9998375, 0.00787508, -0.016217392), (-0.1493749, -0.0582986, 0.9870606), (-0.14571637, 0.015039089, 0.9892121), (-0.14064439, 0.08171201, 0.9866825), (-0.99973434, -0.009779663, -0.020871736), (-0.99973434, -0.009779663, -0.020871736), (-0.99992025, 0.011129914, -0.005982182), (-0.14571637, 0.015039089, 0.9892121), (-0.14064439, 0.08171201, 0.9866825), (-0.13241811, 0.17756703, 0.97515917), (-0.9996003, -0.01913288, -0.020811146), (-0.9996003, -0.01913288, -0.020811146), (-0.99973434, -0.009779663, -0.020871736), (-0.14064439, 0.08171201, 0.9866825), (-0.13241811, 0.17756703, 0.97515917), (-0.1417149, 0.27532062, 0.95084983), (-0.99971086, -0.0070814854, -0.022983592), (-0.99971086, -0.0070814854, -0.022983592), (-0.9996003, -0.01913288, -0.020811146), (-0.13241811, 0.17756703, 0.97515917), (-0.1417149, 0.27532062, 0.95084983), (-0.15163672, 0.3680949, 0.9173399), (-0.9997547, -0.0010353008, -0.022125496), (-0.9997547, -0.0010353008, -0.022125496), (-0.99971086, -0.0070814854, -0.022983592), (-0.1417149, 0.27532062, 0.95084983), (-0.15163672, 0.3680949, 0.9173399), (-0.14471097, 0.46286622, 0.87453634), (-0.99969983, -0.004223522, -0.02413746), (-0.99969983, -0.004223522, -0.02413746), (-0.9997547, -0.0010353008, -0.022125496), (-0.15163672, 0.3680949, 0.9173399), (-0.14471097, 0.46286622, 0.87453634), (-0.13577531, 0.59009796, 0.7958327), (-0.9996218, -0.006504688, -0.026721716), (-0.9996218, -0.006504688, -0.026721716), (-0.99969983, -0.004223522, -0.02413746), (-0.14471097, 0.46286622, 0.87453634), (-0.13577531, 0.59009796, 0.7958327), (-0.14626662, 0.6758023, 0.7224246), (-0.999699, -0.0245275, -0.00059445633), (-0.999699, -0.0245275, -0.00059445633), (-0.9996218, -0.006504688, -0.026721716), (-0.13577531, 0.59009796, 0.7958327), (-0.14626662, 0.6758023, 0.7224246), (-0.14106748, 0.7502287, 0.6459542), (-0.99991137, -0.012896072, 0.0033086478), (-0.99991137, -0.012896072, 0.0033086478), (-0.999699, -0.0245275, -0.00059445633), (-0.14626662, 0.6758023, 0.7224246), (-0.14106748, 0.7502287, 0.6459542), (-0.119944096, 0.81948054, 0.5604152), (-0.9991691, 0.014525894, -0.038083132), (-0.9991691, 0.014525894, -0.038083132), (-0.99991137, -0.012896072, 0.0033086478), (-0.14106748, 0.7502287, 0.6459542), (-0.119944096, 0.81948054, 0.5604152), (-0.124335535, 0.91336775, 0.3876858), (-0.11102487, 0.88630104, 0.44960442), (-0.11102487, 0.88630104, 0.44960442), (-0.9991691, 0.014525894, -0.038083132), (-0.119944096, 0.81948054, 0.5604152), (-0.124335535, 0.91336775, 0.3876858), (-0.16290803, 0.92536485, 0.34228778), (-0.9999236, 0.0065962328, 0.010455333), (-0.9999236, 0.0065962328, 0.010455333), (-0.11102487, 0.88630104, 0.44960442), (-0.124335535, 0.91336775, 0.3876858), (-0.16290803, 0.92536485, 0.34228778), (-0.14041233, 0.9710886, 0.19305801), (-0.9987267, -0.02432737, 0.044196706), (-0.9987267, -0.02432737, 0.044196706), (-0.9999236, 0.0065962328, 0.010455333), (-0.16290803, 0.92536485, 0.34228778), (-0.14041233, 0.9710886, 0.19305801), (-0.124684915, 0.9841174, 0.12635908), (-0.999569, 0.007979036, -0.028253697), (-0.999569, 0.007979036, -0.028253697), (-0.9987267, -0.02432737, 0.044196706), (-0.14041233, 0.9710886, 0.19305801), (-0.124684915, 0.9841174, 0.12635908), (-0.11407479, 0.98996365, -0.08342045), (-0.10776865, 0.99417394, 0.002044565), (-0.10776865, 0.99417394, 0.002044565), (-0.999569, 0.007979036, -0.028253697), (-0.124684915, 0.9841174, 0.12635908), (-0.11407479, 0.98996365, -0.08342045), (-0.14673857, 0.98500764, -0.0907071), (-0.9993464, 0.028807916, -0.021836968), (-0.9993464, 0.028807916, -0.021836968), (-0.10776865, 0.99417394, 0.002044565), (-0.11407479, 0.98996365, -0.08342045), (-0.14673857, 0.98500764, -0.0907071), (-0.119397804, 0.94302773, -0.3105527), (-0.12731536, 0.97133476, -0.20074798), (-0.12731536, 0.97133476, -0.20074798), (-0.9993464, 0.028807916, -0.021836968), (-0.14673857, 0.98500764, -0.0907071), (-0.119397804, 0.94302773, -0.3105527), (-0.13801283, 0.9260077, -0.35137182), (-0.9997511, 0.019358298, -0.011089643), (-0.9997511, 0.019358298, -0.011089643), (-0.12731536, 0.97133476, -0.20074798), (-0.119397804, 0.94302773, -0.3105527), (-0.13801283, 0.9260077, -0.35137182), (-0.119542226, 0.832331, -0.54123443), (-0.122382, 0.88187134, -0.45533016), (-0.122382, 0.88187134, -0.45533016), (-0.9997511, 0.019358298, -0.011089643), (-0.13801283, 0.9260077, -0.35137182), (-0.119542226, 0.832331, -0.54123443), (-0.15349022, 0.792842, -0.58978164), (-0.99947596, 0.022038663, 0.023707913), (-0.99947596, 0.022038663, 0.023707913), (-0.122382, 0.88187134, -0.45533016), (-0.119542226, 0.832331, -0.54123443), (-0.15349022, 0.792842, -0.58978164), (-0.08864489, 0.77727073, -0.6228904), (-0.9996528, -0.023084933, 0.012704195), (-0.9996528, -0.023084933, 0.012704195), (-0.99947596, 0.022038663, 0.023707913), (-0.15349022, 0.792842, -0.58978164), (-0.08864489, 0.77727073, -0.6228904), (-0.07086956, 0.01920811, 0.9973006), (-0.000034430075, 0.033648174, 0.9994338), (-0.000034430075, 0.033648174, 0.9994338), (-0.9996528, -0.023084933, 0.012704195), (-0.08864489, 0.77727073, -0.6228904), (-0.07086956, 0.01920811, 0.9973006), (-0.00059075665, 0.9999922, -0.0039044279), (-0.9998223, -0.007185593, 0.01742691), (-0.9998223, -0.007185593, 0.01742691), (-0.000034430075, 0.033648174, 0.9994338), (-0.07086956, 0.01920811, 0.9973006), (-0.00059075665, 0.9999922, -0.0039044279), (-0.13780674, -0.0049355044, -0.9904469), (-0.9997048, -0.001353874, 0.024260622), (-0.9997048, -0.001353874, 0.024260622), (-0.9998223, -0.007185593, 0.01742691), (-0.00059075665, 0.9999922, -0.0039044279), (-0.13780674, -0.0049355044, -0.9904469), (-0.1511809, -0.003948862, -0.9884983), (-0.00059075665, 0.9999922, -0.0039044279), (-0.00059075665, 0.9999922, -0.0039044279), (-0.9997048, -0.001353874, 0.024260622), (-0.13780674, -0.0049355044, -0.9904469), (-0.1511809, -0.003948862, -0.9884983), (-0.1737129, -0.21778636, 0.9604129), (-0.99963945, 0.0036949413, 0.02659581), (-0.99963945, 0.0036949413, 0.02659581), (-0.00059075665, 0.9999922, -0.0039044279), (-0.1511809, -0.003948862, -0.9884983), (-0.1737129, -0.21778636, 0.9604129), (-0.00059075665, 0.9999922, -0.0039044279), (-0.0660654, -0.13242345, 0.9889891), (-0.0660654, -0.13242345, 0.9889891), (-0.99963945, 0.0036949413, 0.02659581), (-0.1737129, -0.21778636, 0.9604129), (-0.9999479, -0.005750329, 0.008444211), (-0.9998302, 0.0029781172, 0.01818731), (0.06620092, -0.7666952, 0.6385891), (-0.9997696, 0.008259394, 0.019813621), (-0.99998283, -0.0049120705, 0.0032056614), (0.062666535, -0.3700838, 0.92688245), (-0.99983007, 0.018423086, 0.0006812231), (-0.99998885, 0.0015186276, 0.0044751423), (0.07010667, 0.6597694, 0.7481907), (-0.99998885, 0.0015186276, 0.0044751423), (-0.99978226, -0.017677927, 0.01108677), (0.06891097, 0.48403165, 0.872333), (-0.998918, -0.025182912, 0.039098635), (-0.99983007, 0.018423086, 0.0006812231), (0.06737601, 0.7853189, 0.6154143), (-0.9990366, 0.040996097, -0.015661296), (-0.998918, -0.025182912, 0.039098635), (0.06709446, 0.88472086, 0.4612671), (-0.99978226, -0.017677927, 0.01108677), (-0.99992913, -0.001915787, 0.011750969), (0.05608604, 0.36647707, 0.92873514), (-0.99992913, -0.001915787, 0.011750969), (-0.99997437, 0.00038365455, 0.0071437564), (0.060392525, 0.27309635, 0.9600892), (-0.9997031, 0.009791865, -0.022313436), (-0.9990366, 0.040996097, -0.015661296), (0.066850096, 0.9561286, 0.28521797), (-0.9997042, 0.010299616, -0.022033865), (-0.04132975, -0.4194303, 0.9068462), (-0.00059075665, 0.9999922, -0.0039044279), (-0.9997066, 0.024162496, 0.001738724), (-0.9996468, 0.025040746, -0.008903875), (-0.019000752, -0.43902552, 0.89827365), (-0.9998699, -0.0022620722, -0.015980687), (-0.9997066, 0.024162496, 0.001738724), (-0.017414417, -0.30096075, 0.9534776), (-0.9998965, 0.002065992, -0.0142367985), (-0.9998699, -0.0022620722, -0.015980687), (-0.0935192, -0.5260754, 0.8452804), (-0.9999193, 0.0031154072, -0.012318762), (-0.9998537, 0.016878575, -0.0027971524), (-0.029525146, -0.95916927, 0.28128758), (-0.9997001, -0.018117175, 0.016476909), (-0.99995464, 0.0016043736, -0.009393578), (-0.031378377, -0.7780774, -0.62738436), (-0.9998041, 0.019793252, -0.00020855076), (-0.99935347, 0.035559244, -0.005320777), (-0.029832011, -0.85597986, 0.51614785), (-0.9997058, 0.024241462, -0.0008497359), (-0.08368179, 0.72018826, -0.6887135), (-0.9999546, 0.008578182, -0.004174306), (-0.9999902, 0.004357035, 0.0008587632), (-0.07946115, 0.99675804, -0.012627464), (-0.9999599, 0.008397724, -0.0031154815), (-0.9996794, -0.023861092, 0.008469196), (-0.06370128, 0.85678047, 0.5117318), (-0.99949753, 0.008029013, -0.030666627), (-0.99996334, -0.0020909756, -0.008307053), (-0.046703704, -0.79102767, -0.6099951), (-0.9999917, -0.0012539693, -0.003901761), (-0.9996301, -0.026686449, -0.00524398), (-0.9999508, 0.008432924, -0.0052200714), (0.06408425, -0.27977908, -0.95792323), (-0.9996374, -0.020408217, -0.017565342), (-0.9996301, -0.026686449, -0.00524398), (0.05398078, -0.35393125, -0.9337124), (-0.9998831, -0.0143581275, 0.005266778), (-0.99984497, -0.017457375, 0.0023289064), (0.028611148, 0.7408188, -0.6710953), (-0.99984497, -0.017457375, 0.0023289064), (-0.9989351, -0.034196373, -0.030973172), (0.029172413, 0.5330687, -0.84556895), (-0.9997285, -0.013881744, 0.01871875), (-0.0550838, -0.9908127, -0.12351485), (-0.9999299, 0.011736451, 0.0015739512), (-0.99955595, 0.003872507, 0.029547015), (-0.9999776, 0.005955573, 0.0030772008), (-0.076566644, -0.96679306, 0.24382143), (-0.9999299, 0.011736451, 0.0015739512), (-0.06824488, -0.9967457, -0.042903684), (-0.9999776, 0.005955573, 0.0030772008), (-0.99955595, 0.003872507, 0.029547015), (-0.03770991, 0.093656674, 0.99489015), (-0.9914642, -0.020658143, -0.12873313), (-0.99963605, 0.00678207, -0.02611164), (-0.9996546, 0.024111904, -0.010463473), (0.02968545, -0.9191635, 0.39275596), (-0.99991775, -0.0094057005, 0.008720326), (-0.99963605, 0.00678207, -0.02611164), (0.03178453, -0.98290765, 0.1813347), (-0.99927545, 0.010795326, -0.036497295), (-0.9957712, 0.033189263, -0.085662946), (0.27930117, -0.3214968, 0.9047821), (0.27930117, -0.3214968, 0.9047821), (0.20500322, -0.361201, 0.9096745), (-0.99927545, 0.010795326, -0.036497295), (-0.99927545, 0.010795326, -0.036497295), (-0.06763698, 0.804411, 0.59021026), (-0.15027301, 0.98680615, 0.060264554), (-0.08656282, 0.941401, -0.32599258), (-0.9997827, -0.01951973, 0.007327246), (-0.020585025, 0.9405326, -0.3390793), (-0.9991161, -0.026774982, 0.03240578), (-0.0001887019, 0.997317, -0.07320431), (-0.99989367, 0.010335935, -0.010290201), (-0.9999047, 0.004233797, 0.013147541), (-0.99997574, -0.0029159833, 0.0063289385), (-0.027359942, 0.014896334, 0.9995147), (-0.9999902, 0.0002824121, 0.0044405237), (-0.0582639, 0.6669753, 0.74279827), (-0.9989695, 0.025714688, -0.03740267), (-0.999677, 0.01801605, -0.017929079), (-0.9995964, 0.026495364, -0.010253074), (0.030186227, -0.98259455, 0.18329471), (-0.9996949, 0.023555044, 0.007436749), (-0.05575456, -0.56161314, -0.82551944), (-0.9997106, 0.023540715, 0.004947136), (-0.99975395, 0.022006689, 0.0028059664), (-0.99996585, 0.0034955076, -0.0074955695), (-0.10293946, 0.99468756, 0.00035670513), (-0.99997205, 0.0017700032, 0.0072763693), (-0.99975395, 0.022006689, 0.0028059664), (-0.10248651, 0.99471754, 0.005807331), (-0.99951565, 0.0136917, -0.027946826), (-0.99997085, -0.0011206781, 0.007564658), (-0.09993195, -0.9949036, -0.013438897), (-0.9967402, 0.030541327, -0.074673794), (-0.9997042, 0.010299616, -0.022033865), (-0.00059075665, 0.9999922, -0.0039044279), (-0.99956113, 0.005109677, -0.029179864), (-0.13592201, 0.9889188, 0.059707098), (-0.9996224, 0.016267689, -0.02214473), (-0.9996224, 0.016267689, -0.02214473), (-0.12210158, 0.99250066, 0.00579628), (-0.99992806, 0.010087844, 0.006503302), (-0.999984, 0.00043642797, -0.0056431317), (-0.12117443, 0.9925116, -0.015412283), (-0.9999634, 0.0075373584, 0.0040748017), (-0.9992829, 0.0040330663, 0.037650287), (-0.121428795, -0.9925839, -0.00569584), (-0.99990165, -0.013506538, -0.0038010986), (-0.9994721, -0.032023083, 0.005494788), (-0.99973226, 0.014608888, -0.017945845), (-0.1621144, 0.48864806, 0.8572876), (-0.99985164, -0.015331427, 0.007863358), (-0.9994721, -0.032023083, 0.005494788), (-0.14959206, 0.24558325, 0.9577637), (-0.9996866, 0.024589844, 0.004694109), (-0.99985164, -0.015331427, 0.007863358), (-0.144869, 0.09475555, 0.9849033), (-0.99999726, 0.00012351573, -0.0023407799), (-0.9996866, 0.024589844, 0.004694109), (-0.14301829, -0.0634456, 0.9876845), (-0.9997745, -0.018655403, -0.010144656), (-0.99999726, 0.00012351573, -0.0023407799), (-0.14230113, -0.2416414, 0.9598749), (-0.99973035, -0.007946224, -0.021820929), (-0.9997745, -0.018655403, -0.010144656), (-0.13237332, -0.43312973, 0.8915582), (-0.9997001, -0.018117175, 0.016476909), (-0.12933607, -0.5090324, -0.85097486), (-0.99963874, -0.026877787, -0.00006959092), (-0.99963874, -0.026877787, -0.00006959092), (-0.1438024, -0.28156194, -0.9487063), (-0.9996345, -0.007945323, -0.025843937), (-0.9996345, -0.007945323, -0.025843937), (-0.1493326, -0.10478004, -0.9832196), (-0.9996902, -0.00852656, -0.023386339), (-0.9996902, -0.00852656, -0.023386339), (-0.14167492, 0.040562235, -0.9890819), (-0.9996949, 0.005717535, -0.024029909), (-0.9996949, 0.005717535, -0.024029909), (-0.1431753, 0.20304498, -0.96864533), (-0.9996591, 0.014486836, -0.02171909), (-0.9996591, 0.014486836, -0.02171909), (-0.1425475, 0.41106248, -0.90039325), (-0.9996026, 0.028154286, 0.0014346398), (-0.99976766, 0.021058379, -0.00461498), (-0.9998022, -0.019875605, 0.00081980624), (-0.07697815, -0.5434461, -0.8359071), (-0.9994832, 0.016917553, -0.027335461), (-0.99976766, 0.021058379, -0.00461498), (-0.07336709, -0.70619994, -0.704201), (-0.9996056, -0.013555396, -0.024595398), (-0.9994832, 0.016917553, -0.027335461), (-0.08765835, -0.8191441, -0.5668501), (-0.9998699, -0.01607941, -0.0013276639), (-0.9996056, -0.013555396, -0.024595398), (-0.0920541, -0.8922248, -0.4421097), (-0.99974227, -0.022640415, 0.0017099077), (-0.9998699, -0.01607941, -0.0013276639), (-0.08806978, -0.951388, -0.29513475), (-0.9989997, -0.02166343, -0.03911922), (-0.99974227, -0.022640415, 0.0017099077), (-0.09010517, -0.9801208, -0.17676093), (-0.99958026, -0.0021971762, -0.028887829), (-0.9989997, -0.02166343, -0.03911922), (-0.098379634, -0.99098897, -0.09089815), (-0.99966776, 0.0029508271, -0.025607897), (-0.11840899, 0.9929526, 0.0049668495), (-0.9997534, 0.013289127, -0.017795997), (-0.9997534, 0.013289127, -0.017795997), (-0.12516046, 0.9870798, -0.10004152), (-0.9998205, 0.016310861, -0.009638432), (-0.9998205, 0.016310861, -0.009638432), (-0.12785797, 0.9576699, -0.2579161), (-0.9997105, 0.024004031, -0.0016830105), (-0.9997105, 0.024004031, -0.0016830105), (-0.12400574, 0.9157741, -0.38207385), (-0.9994911, 0.031337924, 0.005970612), (-0.9994911, 0.031337924, 0.005970612), (-0.113883734, 0.83851004, -0.5328521), (-0.9990667, -0.010563245, -0.04188472), (-0.9990667, -0.010563245, -0.04188472), (-0.12539561, 0.74333256, -0.65706366), (-0.99993, 0.011485599, -0.0028331287), (-0.99993, 0.011485599, -0.0028331287), (-0.11534855, 0.62383425, -0.77299774), (-0.9999861, -0.004354184, -0.0029865797), (-0.9999861, -0.004354184, -0.0029865797), (-0.12121806, 0.47967052, -0.8690353), (-0.99987614, -0.013553771, -0.008011664), (-0.99987614, -0.013553771, -0.008011664), (-0.1261402, 0.36275733, -0.923307), (-0.9999998, -0.00059083133, -0.000014584745), (-0.9999998, -0.00059083133, -0.000014584745), (-0.12585452, 0.23190229, -0.9645632), (-0.9999876, 0.004748204, -0.0015122477), (-0.9999876, 0.004748204, -0.0015122477), (-0.12567447, 0.09224712, -0.9877735), (-0.99890035, 0.04681981, -0.002472225), (-0.999916, 0.005806201, 0.011592478), (-0.114792466, -0.14215805, -0.9831652), (-0.999518, -0.030630296, 0.005056623), (-0.999518, -0.030630296, 0.005056623), (-0.11622329, -0.21906516, -0.96876353), (-0.99983644, -0.01774529, 0.0035036737), (-0.99983644, -0.01774529, 0.0035036737), (-0.1144904, -0.40628636, -0.9065448), (-0.9998022, -0.019875605, 0.00081980624), (-0.9994958, -0.03096688, 0.0070187855), (-0.9996005, 0.024225656, -0.01455943), (-0.14634512, 0.48339877, 0.863081), (-0.99981433, -0.014724575, 0.012433459), (-0.9994958, -0.03096688, 0.0070187855), (-0.14325434, 0.25483742, 0.95631385), (-0.99989724, 0.013466796, 0.004919105), (-0.99981433, -0.014724575, 0.012433459), (-0.14214838, 0.08543769, 0.9861512), (-0.9999755, 0.0009794672, -0.006940945), (-0.99989724, 0.013466796, 0.004919105), (-0.13491823, -0.06879326, 0.9884659), (-0.9999792, 0.0022514935, -0.006045993), (-0.9999755, 0.0009794672, -0.006940945), (-0.145526, -0.23338284, 0.96143377), (-0.9996466, -0.01469703, -0.022155331), (-0.9999792, 0.0022514935, -0.006045993), (-0.13070631, -0.43320873, 0.8917658), (-0.9995036, -0.027439076, 0.015485821), (-0.1397184, -0.5010245, -0.85408044), (-0.99966025, -0.025622973, -0.0047812145), (-0.99966025, -0.025622973, -0.0047812145), (-0.14256419, -0.28417888, -0.94811285), (-0.999646, -0.0033448143, -0.026396887), (-0.999646, -0.0033448143, -0.026396887), (-0.14933182, -0.10477847, -0.9832199), (-0.9997749, -0.0010677981, -0.021192735), (-0.9997749, -0.0010677981, -0.021192735), (-0.13992138, 0.04968388, -0.9889154), (-0.99972, 0.013009922, -0.019767022), (-0.99972, 0.013009922, -0.019767022), (-0.12934527, 0.20204379, -0.9707977), (-0.99981076, 0.009027288, -0.017235756), (-0.99981076, 0.009027288, -0.017235756), (-0.13944519, 0.40496916, -0.9036344), (-0.9997058, 0.024241462, -0.0008497359), (-0.99932677, 0.036579102, 0.0028387539), (-0.9998978, -0.014067484, 0.0025595655), (-0.08196746, -0.53143466, -0.8431243), (-0.9995954, 0.019743554, -0.02047781), (-0.99932677, 0.036579102, 0.0028387539), (-0.102912836, -0.69917643, -0.70750356), (-0.9996044, -0.020505026, -0.019251917), (-0.9995954, 0.019743554, -0.02047781), (-0.08459661, -0.82905644, -0.5527286), (-0.9998222, -0.018604781, -0.0031073058), (-0.9996044, -0.020505026, -0.019251917), (-0.092052355, -0.89222586, -0.44210798), (-0.99966943, -0.025393423, 0.004015291), (-0.9998222, -0.018604781, -0.0031073058), (-0.08807348, -0.9513863, -0.29513958), (-0.9987165, -0.02087297, -0.046151306), (-0.99966943, -0.025393423, 0.004015291), (-0.09010447, -0.980121, -0.17676014), (-0.9995815, 0.0016478954, -0.02888062), (-0.9987165, -0.02087297, -0.046151306), (-0.08557509, -0.993065, -0.08061656), (-0.9994705, 0.0047050477, -0.032200012), (-0.11066415, 0.9938438, 0.0053010616), (-0.9997715, 0.015042182, -0.015192587), (-0.9997715, 0.015042182, -0.015192587), (-0.12516074, 0.98707974, -0.10004193), (-0.9997575, 0.019402755, -0.010421998), (-0.9997575, 0.019402755, -0.010421998), (-0.1278577, 0.9576707, -0.25791338), (-0.99963146, 0.027006987, -0.0027479324), (-0.99963146, 0.027006987, -0.0027479324), (-0.124004446, 0.9157734, -0.3820762), (-0.9996523, 0.026358457, 0.00064292166), (-0.9996523, 0.026358457, 0.00064292166), (-0.11910341, 0.8441416, -0.52272296), (-0.9996356, -0.003595835, -0.026755257), (-0.9996356, -0.003595835, -0.026755257), (-0.117731065, 0.7402223, -0.66197455), (-0.99996334, -0.006798286, -0.0052048666), (-0.99996334, -0.006798286, -0.0052048666), (-0.120450445, 0.61287844, -0.780943), (-0.9998699, -0.010336043, -0.012389188), (-0.9998699, -0.010336043, -0.012389188), (-0.12511392, 0.48588485, -0.8650217), (-0.9999713, 0.006035644, -0.004591102), (-0.9999713, 0.006035644, -0.004591102), (-0.12614004, 0.36276084, -0.92330563), (-0.9999592, 0.0021043834, -0.00879171), (-0.9999592, 0.0021043834, -0.00879171), (-0.12585151, 0.2318935, -0.9645657), (-0.9999819, 0.0011253373, -0.0059151924), (-0.9999819, 0.0011253373, -0.0059151924), (-0.12377715, 0.101600274, -0.98709506), (-0.9989107, 0.046606224, 0.0022613155), (-0.9998688, -8.954528e-8, 0.016198337), (-0.111438565, -0.11794956, -0.98674685), (-0.99947804, -0.02900096, 0.01423705), (-0.99947804, -0.02900096, 0.01423705), (-0.11866137, -0.22714533, -0.9666047), (-0.99984634, -0.01636767, 0.0062872227), (-0.99984634, -0.01636767, 0.0062872227), (-0.11449721, -0.40628174, -0.90654606), (-0.9998978, -0.014067484, 0.0025595655), (-0.00059075665, 0.9999922, -0.0039044279), (-0.07798267, 0.99632406, -0.03545553), (-0.99243605, -0.12137426, 0.018411035), (-0.99964964, 0.012747406, 0.023197781), (-0.10789956, -0.98895055, 0.10165907), (-0.99988306, -0.0071265874, 0.013533191), (-0.99988306, -0.0071265874, 0.013533191), (-0.096710205, -0.97890705, 0.17996761), (-0.99977887, -0.013624367, 0.016024573), (-0.99977887, -0.013624367, 0.016024573), (-0.09589964, -0.94779706, 0.3041117), (-0.99985325, -0.017008686, -0.0020928534), (-0.99985325, -0.017008686, -0.0020928534), (-0.09870307, -0.8996753, 0.4252554), (-0.99929124, -0.030116288, -0.022584971), (-0.99981815, 0.010244213, 0.016088601), (-0.10151032, 0.022216182, 0.9945864), (-0.99985886, -0.004636314, 0.016149461), (-0.9992527, 0.03407616, -0.018245755), (-0.101185344, 0.93174785, 0.34872255), (-0.99990207, -0.00010785137, 0.014000863), (-0.99948406, 0.007323459, -0.031272326), (-0.097321056, 0.9550148, 0.28013465), (-0.99985874, 0.009111418, 0.014126388), (-0.9997828, 0.012450916, 0.01671641), (-0.1039878, -0.99457747, 0.0015050787), (-0.99923456, 0.004725653, -0.03883367), (-0.9997198, -0.017771998, 0.015638757), (-0.99986905, -0.010599795, 0.012231767), (-0.12995355, 0.5442828, 0.8287752), (-0.99961233, 0.015320419, 0.023249272), (-0.9997572, 0.0076572783, -0.020664271), (-0.09646417, 0.9943795, -0.043635767), (-0.9998639, 0.013417149, -0.009600687), (-0.99961233, 0.015320419, 0.023249272), (-0.0918513, 0.9818087, -0.16617756), (-0.9994587, 0.025148995, 0.021210732), (-0.9998639, 0.013417149, -0.009600687), (-0.07496194, 0.952189, -0.29617038), (-0.99968517, -0.01622309, -0.019142913), (-0.9996374, -0.020408217, -0.017565342), (-0.070929416, -0.24775279, -0.9662234), (-0.9996723, -0.0200036, -0.015974876), (-0.99968517, -0.01622309, -0.019142913), (-0.09159099, -0.51424813, -0.85273683), (-0.9996828, -0.012760919, -0.021714708), (-0.9996723, -0.0200036, -0.015974876), (-0.12214773, -0.6669344, -0.7350364), (-0.99916345, -0.01595844, -0.03765658), (-0.9996828, -0.012760919, -0.021714708), (-0.08648962, -0.82787365, -0.55420643), (-0.999995, -0.00067963137, 0.0030927337), (-0.99916345, -0.01595844, -0.03765658), (-0.09626134, -0.8910419, -0.44359696), (-0.99981976, -0.01661141, 0.009200723), (-0.9998536, -0.014493335, 0.009101286), (-0.08740326, -0.9631257, -0.2544598), (-0.99980885, 0.01789381, -0.007888225), (-0.99996847, 0.003161469, 0.0072920844), (-0.12214944, 0.99105364, -0.053780653), (-0.9996993, 0.014586728, 0.0197113), (-0.99980885, 0.01789381, -0.007888225), (-0.121411346, 0.98958784, 0.077300094), (-0.99983567, -0.013139626, 0.012495038), (-0.999654, 0.023814302, 0.011176183), (-0.10730703, 0.39866626, 0.9107966), (-0.9999045, -0.0065860925, -0.012157884), (-0.12103944, -0.0070709796, -0.9926225), (-0.99983364, -0.0033120739, -0.017937474), (-0.9997387, -0.022272427, 0.005144246), (-0.99960476, 0.021508547, -0.018103031), (-0.15496671, 0.48568135, 0.8602901), (-0.99977416, -0.018926285, 0.009667363), (-0.9997387, -0.022272427, 0.005144246), (-0.150316, 0.2561529, 0.95487744), (-0.9998439, 0.016583737, 0.006106294), (-0.99977416, -0.018926285, 0.009667363), (-0.1421487, 0.08543733, 0.9861512), (-0.99998796, -0.004179081, -0.0025713455), (-0.9998439, 0.016583737, 0.006106294), (-0.13427277, -0.07180216, 0.9883397), (-0.99998665, -0.004299102, -0.0029098182), (-0.99998796, -0.004179081, -0.0025713455), (-0.13879101, -0.21974842, 0.9656334), (-0.9998437, -0.0054131346, -0.016834708), (-0.99998665, -0.004299102, -0.0029098182), (-0.14417943, -0.44444636, 0.88412654), (-0.999706, -0.021155555, 0.011858007), (-0.08657076, -0.50042695, -0.8614397), (-0.9996659, -0.025549954, -0.0039098025), (-0.9996659, -0.025549954, -0.0039098025), (-0.10415229, -0.26967013, -0.95730376), (-0.9997907, -0.009424313, -0.018155636), (-0.9997907, -0.009424313, -0.018155636), (-0.10296239, -0.096491665, -0.989994), (-0.9997808, 0.0023469387, -0.020809585), (-0.9997808, 0.0023469387, -0.020809585), (-0.08841975, 0.045817934, -0.995029), (-0.999833, 0.0054897782, -0.017434062), (-0.999833, 0.0054897782, -0.017434062), (-0.10395319, 0.21634924, -0.9707661), (-0.9998444, 0.008528801, -0.015445836), (-0.9998444, 0.008528801, -0.015445836), (-0.10822576, 0.44037896, -0.8912653), (-0.99978715, 0.020371892, -0.0032788871), (-0.99970293, 0.02437134, -0.00048368634), (-0.9999867, -0.0024761625, -0.004524126), (-0.081965804, -0.53142893, -0.8431281), (-0.99978817, 0.0063791443, -0.019566553), (-0.99970293, 0.02437134, -0.00048368634), (-0.085467964, -0.7137539, -0.6951623), (-0.99960726, -0.024402944, -0.013778929), (-0.99978817, 0.0063791443, -0.019566553), (-0.087656155, -0.8191506, -0.56684107), (-0.999671, -0.02553156, -0.0024516291), (-0.99960726, -0.024402944, -0.013778929), (-0.08943884, -0.898729, -0.4292866), (-0.99978286, -0.020123228, -0.005422766), (-0.999671, -0.02553156, -0.0024516291), (-0.09018124, -0.9477019, -0.30615118), (-0.9990898, -0.018075855, -0.038638487), (-0.99978286, -0.020123228, -0.005422766), (-0.090104505, -0.9801213, -0.17675854), (-0.99946755, -0.0007799306, -0.03261874), (-0.9990898, -0.018075855, -0.038638487), (-0.098379105, -0.9909889, -0.0908987), (-0.9989463, 0.00568213, -0.04554251), (-0.12052663, 0.992707, -0.0024914688), (-0.9993995, 0.020459723, -0.027968837), (-0.9993995, 0.020459723, -0.027968837), (-0.1260184, 0.9858692, -0.110368736), (-0.9997641, 0.02172275, -0.00020088171), (-0.9997641, 0.02172275, -0.00020088171), (-0.12418806, 0.96211344, -0.24272442), (-0.99985725, 0.013359404, 0.010351878), (-0.99985725, 0.013359404, 0.010351878), (-0.120168515, 0.9133534, -0.38903108), (-0.9998656, 0.0149933975, -0.006646956), (-0.9998656, 0.0149933975, -0.006646956), (-0.1209468, 0.83909035, -0.53037655), (-0.99949354, -0.0026487915, -0.03171242), (-0.99949354, -0.0026487915, -0.03171242), (-0.12252594, 0.7484857, -0.6517335), (-0.99996066, 0.008683845, 0.0018181392), (-0.99996066, 0.008683845, 0.0018181392), (-0.11730844, 0.61846036, -0.7770106), (-0.9999857, -0.003396575, -0.0041379705), (-0.9999857, -0.003396575, -0.0041379705), (-0.118087165, 0.48568195, -0.8661227), (-0.9999998, -0.00059088034, -0.000014611384), (-0.9999998, -0.00059088034, -0.000014611384), (-0.11912579, 0.36247852, -0.9243475), (-0.99996346, -0.008173935, -0.002513833), (-0.99996346, -0.008173935, -0.002513833), (-0.120665915, 0.22223334, -0.9674978), (-0.9999951, -0.00014134415, -0.0031230783), (-0.9999951, -0.00014134415, -0.0031230783), (-0.11845179, 0.089688644, -0.98890096), (-0.9989149, 0.046519414, 0.0022729365), (-0.9998411, -0.0103922915, 0.014486626), (-0.12231432, -0.1404857, -0.98249835), (-0.9995164, -0.030683082, 0.005060914), (-0.9995164, -0.030683082, 0.005060914), (-0.11720334, -0.230899, -0.9658929), (-0.99991363, -0.011788433, 0.0058167204), (-0.99991363, -0.011788433, 0.0058167204), (-0.11988985, -0.39724213, -0.909849), (-0.9999867, -0.0024761625, -0.004524126), (-0.14378765, -0.07538049, 0.98673344), (-0.11917176, -0.059065986, 0.9911152), (-0.959041, 0.04237815, 0.28007942), (-0.99949735, -0.015053079, 0.02790199), (-0.11349258, -0.99349, -0.009853328), (-0.99907815, -0.03641431, 0.022738904), (-0.99907815, -0.03641431, 0.022738904), (-0.08302348, -0.989597, 0.117493965), (-0.9996679, -0.025246827, 0.0051852097), (-0.9996679, -0.025246827, 0.0051852097), (-0.10618356, -0.94713885, 0.30274275), (-0.9993679, -0.031121435, 0.017191531), (-0.9993679, -0.031121435, 0.017191531), (-0.07972138, -0.8808179, 0.46669522), (-0.99955434, -0.0064112167, 0.029154167), (-0.99955434, -0.0064112167, 0.029154167), (-0.09539373, -0.77635276, 0.6230382), (-0.9998491, -0.005772529, 0.016387153), (-0.9998491, -0.005772529, 0.016387153), (-0.09497057, -0.639159, 0.76318824), (-0.99957466, -0.026236853, 0.012733866), (-0.99957466, -0.026236853, 0.012733866), (-0.12611029, -0.45920494, 0.8793333), (-0.9905966, -0.1368074, -0.0014495652), (-0.99978745, 0.020615544, 0.00040802688), (-0.99999547, -0.0029304111, -0.0007611007), (-0.078502916, 0.732506, -0.6762192), (-0.99978745, 0.020615544, 0.00040802688), (-0.12339285, 0.9624036, -0.24197881), (-0.99922013, -0.010787414, 0.037982836), (-0.9922712, 0.068689376, -0.10334322), (-0.12020203, 0.96900374, -0.21583164), (-0.9966054, 0.056204222, -0.060156543), (-0.9966054, 0.056204222, -0.060156543), (-0.13149604, 0.9650365, -0.22674547), (-0.998256, 0.045929167, 0.03708666), (-0.9998984, -0.012713757, 0.006455863), (-0.09691313, -0.9057108, -0.41266924), (-0.9996892, -0.023837695, 0.007307016), (-0.9996892, -0.023837695, 0.007307016), (-0.09484419, -0.9765364, -0.19334257), (-0.9994418, -0.018688366, -0.027693924), (-0.99944055, -0.03046939, 0.013792528), (-0.9973319, -0.06911876, 0.02349098), (-0.11835468, -0.33217663, -0.9357622), (-0.992167, 0.11727199, -0.04303374), (-0.9988448, -0.044983275, 0.016904082), (-0.12225211, 0.22840463, 0.96586007), (-0.99971855, 0.019800236, 0.013069639), (-0.13162258, 0.028150884, 0.99090016), (-0.9999836, 0.0041560195, 0.0039595542), (-0.9998415, -0.012230809, -0.012947495), (-0.10869207, 0.060495287, 0.99223304), (-0.9996692, 0.016725833, 0.01953779), (-0.9989695, 0.025714688, -0.03740267), (-0.09834047, 0.97378564, 0.20511195), (-0.999188, 0.03351684, -0.022363085), (-0.999188, 0.03351684, -0.022363085), (-0.083627634, 0.99276274, 0.08618899), (-0.9993569, 0.023518126, 0.027068872), (-0.9996912, 0.00082034105, -0.02483576), (-0.10178792, 0.9500199, -0.29512993), (-0.9998639, 0.014255353, -0.008307014), (-0.9992016, -0.024538612, -0.031530183), (-0.10134599, 0.62703264, -0.77237236), (-0.9996929, -0.017949712, -0.017085124), (-0.9996929, -0.017949712, -0.017085124), (-0.08710974, 0.38814148, -0.91747373), (-0.9938931, 0.10953931, 0.013333688), (-0.99999547, -0.0029304111, -0.0007611007), (-0.9999993, 0.0012448796, -0.00009352836), (-0.9967583, -0.062341604, 0.05085725), (-0.15805708, 0.9616486, 0.22416495), (-0.99930793, 0.037084173, -0.002914905), (-0.15317756, 0.9731716, 0.17167923), (-0.9991027, 0.03882546, -0.016926972), (-0.15805708, 0.9616486, 0.22416495), (-0.11402839, 0.8889104, 0.4436618), (-0.99974847, -0.016318422, -0.015390435), (-0.9991027, 0.03882546, -0.016926972), (-0.11505776, 0.71027976, 0.6944525), (-0.14800267, 0.11540134, 0.98223096), (-0.00059075665, 0.9999922, -0.0039044279), (-0.12219807, 0.15701638, 0.98000693), (-0.17762014, 0.025758253, 0.983762), (-0.14800267, 0.11540134, 0.98223096), (-0.10692651, 0.039016813, 0.9935012), (-0.14183398, -0.11335546, 0.9833787), (-0.17762014, 0.025758253, 0.983762), (-0.10930102, -0.07836439, 0.990915), (-0.00059075665, 0.9999922, -0.0039044279), (-0.14183398, -0.11335546, 0.9833787), (-0.11372005, -0.26064417, 0.95871395), (-0.9997042, -0.007741605, -0.02306039), (-0.9997677, -0.016546175, -0.013818813), (-0.097530745, -0.37656063, -0.92124367), (-0.9998006, 0.013894027, -0.014342594), (-0.9997042, -0.007741605, -0.02306039), (-0.110867634, -0.1801089, -0.9773787), (-0.9998569, 0.015570889, 0.0066157747), (-0.9998006, 0.013894027, -0.014342594), (-0.11445549, -0.015938785, -0.99330056), (-0.99978286, 0.0072295987, -0.019547863), (-0.9996958, -0.021252774, -0.012519906), (-0.13834453, 0.10995616, -0.9842614), (-0.999741, 0.02190819, -0.0061735874), (-0.99978286, 0.0072295987, -0.019547863), (-0.14231889, 0.28795588, -0.9470095), (-0.99892, 0.02149132, 0.041193757), (-0.1099696, -0.9629647, 0.24618235), (-0.9997341, -0.0016146135, 0.023007402), (-0.9997341, -0.0016146135, 0.023007402), (-0.1259981, -0.8899778, 0.4382511), (-0.9987899, -0.035590436, -0.033943664), (-0.9991691, 0.014525894, -0.038083132), (-0.11102487, 0.88630104, 0.44960442), (-0.9999236, 0.0065962328, 0.010455333), (-0.999569, 0.007979036, -0.028253697), (-0.10776865, 0.99417394, 0.002044565), (-0.9993464, 0.028807916, -0.021836968), (-0.9993464, 0.028807916, -0.021836968), (-0.12731536, 0.97133476, -0.20074798), (-0.9997511, 0.019358298, -0.011089643), (-0.9997511, 0.019358298, -0.011089643), (-0.122382, 0.88187134, -0.45533016), (-0.99947596, 0.022038663, 0.023707913), (-0.99965334, -0.014189422, -0.022179315), (-0.08056632, 0.8918652, 0.44506806), (-0.99976623, -0.020380013, 0.007229117), (-0.999961, 0.007278068, -0.005005463), (-0.08177792, 0.9730082, 0.21579541), (-0.99965334, -0.014189422, -0.022179315), (-0.9999797, 0.0063731656, 0.00022836652), (-0.07777337, 0.99682415, -0.017116161), (-0.999961, 0.007278068, -0.005005463), (-0.99976623, -0.020380013, 0.007229117), (-0.061283067, 0.8568551, 0.5119023), (-0.99953943, 0.0061930344, -0.02971027), (-0.99973226, 0.014608888, -0.017945845), (-0.99953943, 0.0061930344, -0.02971027), (-0.011473735, 0.6519033, 0.7582154), (-0.99988043, -0.0017620805, 0.015368083), (-0.059177395, 0.5209414, 0.8515388), (-0.99993724, 0.009593752, -0.0057964805), (-0.9999235, 0.011330831, -0.004976951), (-0.057845205, 0.38390514, 0.921559), (-0.99988043, -0.0017620805, 0.015368083), (-0.99987966, 0.009122744, 0.012553347), (-0.99944556, -0.027485372, -0.018795772), (-0.0683276, -0.016975947, 0.9975185), (-0.99991375, 0.00912783, 0.009453184), (-0.0683276, -0.016975947, 0.9975185), (-0.99944556, -0.027485372, -0.018795772), (-0.99988824, 0.006106248, -0.013653519), (-0.04723529, 0.917438, 0.39506525), (-0.9996753, -0.012714124, -0.022088163), (-0.999941, 0.008618402, -0.0066171996), (-0.004081629, 0.9886305, -0.1503103), (-0.99988824, 0.006106248, -0.013653519), (-0.99954236, -0.0009918225, 0.03023267), (-0.99981046, 0.008761624, 0.017385261), (-0.016295837, -0.93096113, 0.36475447), (-0.99958146, -0.014656399, -0.024947029), (-0.00021351475, -0.9992377, 0.039039366), (-0.9993699, -0.00012731912, -0.03549325), (-0.9998696, -0.015161187, -0.005570351), (-0.9999479, -0.005750329, 0.008444211), (0.065668635, -0.6485511, 0.7583331), (-0.99998283, -0.0049120705, 0.0032056614), (-0.9998696, -0.015161187, -0.005570351), (0.06273588, -0.524479, 0.84910893), (-0.9998762, 0.0044626393, 0.015094481), (-0.9997696, 0.008259394, 0.019813621), (0.06052235, -0.24719061, 0.967075), (-0.9998624, -0.016562114, 0.001055356), (-0.9998762, 0.0044626393, 0.015094481), (0.059742462, -0.12195492, 0.990736), (-0.9999647, -0.008391012, 0.000404297), (-0.9998624, -0.016562114, 0.001055356), (0.058541644, -0.016590435, 0.9981472), (-0.99997437, 0.00038365455, 0.0071437564), (-0.9999647, -0.008391012, 0.000404297), (0.06087086, 0.13694948, 0.98870605), (-0.9997042, 0.010299616, -0.022033865), (-0.9997031, 0.009791865, -0.022313436), (0.06541315, 0.9902938, 0.122635335), (-0.9967402, 0.030541327, -0.074673794), (-0.00059075665, 0.9999922, -0.0039044279), (-0.04132975, -0.4194303, 0.9068462), (-0.99684185, 0.032651424, -0.07238985), (-0.9967402, 0.030541327, -0.074673794), (-0.00059075665, 0.9999922, -0.0039044279), (-0.99928147, 0.023469543, -0.029760826), (-0.99684185, 0.032651424, -0.07238985), (-0.04132975, -0.4194303, 0.9068462), (-0.99990165, -0.013506538, -0.0038010986), (-0.08514898, -0.9934282, -0.076487295), (-0.9992087, -0.0013513968, -0.039754696), (-0.9999943, -0.0019104017, -0.0027849851), (-0.9992087, -0.0013513968, -0.039754696), (-0.08340606, -0.96566755, -0.24602775), (-0.99992794, -0.0043476657, -0.011199392), (-0.08045608, 0.96284646, -0.2577858), (-0.9999797, 0.0063731656, 0.00022836652), (-0.9999356, 0.0018801249, -0.011196405), (-0.9998041, 0.019793252, -0.00020855076), (-0.029523747, -0.9591704, 0.28128374), (-0.99999714, 0.0006713164, -0.0023353184), (-0.9999565, 0.00023523762, -0.009332031), (-0.029194035, -0.90227675, -0.43016788), (-0.9995036, -0.027439076, 0.015485821), (-0.99999714, 0.0006713164, -0.0023353184), (-0.032414865, -0.78277135, -0.62146467), (-0.999966, 0.000042389715, -0.00824059), (-0.080456465, 0.96284723, -0.25778267), (-0.9999902, 0.004357035, 0.0008587632), (-0.9999599, 0.008397724, -0.0031154815), (-0.08177751, 0.97300804, 0.21579602), (-0.9996263, -0.013885807, -0.023551052), (-0.9996263, -0.013885807, -0.023551052), (-0.083417095, 0.8882194, 0.451783), (-0.9996794, -0.023861092, 0.008469196), (-0.99929124, -0.030116288, -0.022584971), (-0.058465876, -0.97086257, 0.23239546), (-0.9995326, -0.0234006, -0.0196742), (-0.9995326, -0.0234006, -0.0196742), (-0.058746427, -0.9176776, 0.39295882), (-0.9999538, -0.0024289016, 0.009309813), (-0.9999538, -0.0024289016, 0.009309813), (-0.059404694, -0.8319046, 0.55172986), (-0.9998895, 0.0076247407, 0.012769962), (-0.99985886, -0.004636314, 0.016149461), (-0.05974856, -0.22039284, 0.9735795), (-0.9999609, 0.0016620571, 0.008692713), (-0.9999609, 0.0016620571, 0.008692713), (-0.0584609, -0.08242313, 0.99488133), (-0.99990267, -0.006965856, 0.012090875), (-0.99990267, -0.006965856, 0.012090875), (-0.059190508, 0.07111601, 0.9957103), (-0.99991554, -0.010362293, 0.007856621), (-0.99991554, -0.010362293, 0.007856621), (-0.057235606, 0.23841405, 0.9694756), (-0.9999235, 0.011330831, -0.004976951), (-0.99985874, 0.009111418, 0.014126388), (-0.010635701, 0.8927653, 0.45039657), (-0.9998926, -0.014582861, -0.0015094333), (-0.99923456, 0.004725653, -0.03883367), (-0.05027224, -0.89316076, -0.44691908), (-0.99996334, -0.0020909756, -0.008307053), (-0.9999695, -0.0021452988, -0.007516345), (-0.9990228, -0.033059794, 0.029337388), (-0.07968225, -0.3098055, -0.9474552), (-0.9998254, -0.01596286, -0.009718049), (-0.2762144, -0.96037775, 0.037151687), (-0.00017252908, 0.26771787, 0.9634974), (-0.99973625, -0.02203852, 0.006460364), (-0.9998198, -0.000986842, 0.018959908), (0.0038084504, 0.8538193, -0.5205555), (-0.9999831, 0.0058246, -0.00016486419), (-0.99997526, 0.0032222087, -0.0062476895), (0.06552161, 0.058946703, -0.99610853), (-0.9998885, 0.0062873187, 0.013554676), (-0.9999829, 0.0020370807, 0.005475611), (-0.0053136847, -0.41761568, -0.90860826), (-0.99996847, 0.003161469, 0.0072920844), (-0.9998831, -0.0143581275, 0.005266778), (0.03356512, 0.86557215, -0.4996583), (-0.9996993, 0.014586728, 0.0197113), (-0.006989697, 0.96947634, 0.24508561), (-0.9998407, -0.000680897, 0.01784074), (-0.9999784, 0.00565239, -0.0033497973), (-0.9998407, -0.000680897, 0.01784074), (-0.014067021, 0.87220514, 0.488938), (-0.99983364, -0.0033120739, -0.017937474), (-0.07582356, 0.1377243, -0.98756415), (-0.99862224, 0.049760293, -0.016662896), (-0.9998574, -0.008047551, -0.014853468), (-0.9998901, 0.0033690862, -0.014443445), (-0.022791056, 0.15554811, 0.9875654), (-0.99960476, 0.021508547, -0.018103031), (-0.99972063, -0.004333262, -0.023233933), (-0.01149186, 0.6561835, 0.7545139), (-0.9998437, -0.0054131346, -0.016834708), (-0.109889396, -0.6418058, 0.75895303), (-0.99959844, 0.0030745962, -0.028171696), (-0.99978226, 0.01997649, 0.00602153), (-0.99959844, 0.0030745962, -0.028171696), (-0.031176219, -0.82900363, 0.55837363), (-0.9996546, 0.024111904, -0.010463473), (-0.99978226, 0.01997649, 0.00602153), (0.026016654, -0.80619204, 0.59108174), (-0.06002006, 0.5618171, -0.82508135), (-0.12774761, 0.7371843, -0.6635058), (-0.0015991733, 0.6137132, -0.7895274), (-0.06002006, 0.5618171, -0.82508135), (-0.09639005, 0.122507036, 0.98777586), (-0.99999934, -0.0008883816, 0.0007612783), (-0.9998872, -0.015019189, 0.000041778363), (-0.99999934, -0.0008883816, 0.0007612783), (-0.09639005, 0.122507036, 0.98777586), (-0.042725693, 0.96943873, 0.24158484), (-0.9905966, -0.1368074, -0.0014495652), (0.34838808, 0.93450737, 0.07295027), (-0.9998255, 0.01625317, -0.009216195), (-0.99989367, 0.010335935, -0.010290201), (-0.013751526, 0.9624124, 0.27124408), (-0.99999154, 0.0025808099, 0.0032059446), (-0.9998886, 0.013658258, -0.0060231686), (0.029915087, 0.9320373, 0.36112568), (-0.9999228, -0.0063714883, 0.010669619), (-0.99999154, 0.0025808099, 0.0032059446), (0.027671682, 0.8044326, 0.5933991), (-0.9999611, -0.0054870727, 0.006918414), (-0.9999047, 0.004233797, 0.013147541), (-0.028102517, -0.17498381, 0.98417014), (-0.9997006, -0.019031515, -0.015381867), (-0.9999611, -0.0054870727, 0.006918414), (-0.022572733, -0.44382748, 0.8958279), (-0.99999577, 0.0004895039, -0.002885046), (-0.99888164, 0.02485418, 0.04022119), (-0.06962131, 0.9323451, -0.35480332), (-0.9931756, 0.018487072, 0.1151543), (-0.9973319, -0.06911876, 0.02349098), (-0.99942106, 0.034014232, 0.0008332661), (-0.99944055, -0.03046939, 0.013792528), (-0.0031858834, -0.9999079, -0.01318991), (-0.9885455, 0.15090652, -0.0022847843), (-0.99815136, -0.059817217, -0.010758805), (-0.07283703, -0.11768671, 0.990376), (-0.99971855, 0.019800236, 0.013069639), (-0.9996692, 0.016725833, 0.01953779), (-0.07063188, -0.04542802, 0.99646753), (-0.9992807, -0.035787046, 0.012552854), (-0.9999993, 0.0012448796, -0.00009352836), (-0.078502916, 0.732506, -0.6762192), (-0.9967583, -0.062341604, 0.05085725), (-0.99999547, -0.0029304111, -0.0007611007), (-0.9967583, -0.062341604, 0.05085725), (-0.078502916, 0.732506, -0.6762192), (-0.99974847, -0.016318422, -0.015390435), (-0.00845422, 0.555366, 0.83156323), (-0.9951531, -0.09359485, 0.030172177), (-0.00059075665, 0.9999922, -0.0039044279), (-0.9951531, -0.09359485, 0.030172177), (-0.012109079, 0.3067484, 0.95171374), (-0.00059075665, 0.9999922, -0.0039044279), (-0.007362954, -0.4173496, 0.9087162), (-0.99844867, 0.046421185, -0.030747443), (-0.9980429, 0.056928817, -0.02587815), (-0.99844867, 0.046421185, -0.030747443), (-0.011113555, -0.6602998, 0.7509199), (-0.99997765, 0.0018331902, 0.0064450917), (-0.9980429, 0.056928817, -0.02587815), (0.030151954, -0.5856193, 0.8100253), (-0.99979043, 0.0136735365, -0.01524014), (-0.99997765, 0.0018331902, 0.0064450917), (0.030108154, -0.7655164, 0.6427116), (-0.9995964, 0.026495364, -0.010253074), (-0.99979043, 0.0136735365, -0.01524014), (0.031345487, -0.9032197, 0.42803237), (-0.9999614, -0.0054504233, -0.0068974956), (-0.99931896, -0.00997281, 0.035526905), (0.028671194, -0.9445576, -0.32709172), (-0.9997677, -0.016546175, -0.013818813), (-0.9999614, -0.0054504233, -0.0068974956), (0.029287145, -0.82871234, -0.55890805), (-0.9997453, -0.021048484, -0.008149053), (-0.99982256, -0.007567637, -0.017255167), (-0.028952068, 0.569251, -0.82165396), (-0.99981123, 0.013527642, 0.013947489), (-0.9997453, -0.021048484, -0.008149053), (-0.02973239, 0.74154407, -0.67024505), (-0.99841213, 0.055377055, 0.01032536), (-0.99954545, 0.0054035927, 0.029659908), (-0.0660654, -0.13242345, 0.9889891), (-0.99963945, 0.0036949413, 0.02659581), (-0.0660654, -0.13242345, 0.9889891), (-0.99954545, 0.0054035927, 0.029659908), (-0.99841213, 0.055377055, 0.01032536), (-0.05660752, -0.32196364, -0.94505835), (-0.99985313, 0.002550808, 0.016946131), (-0.99985313, 0.002550808, 0.016946131), (-0.05789099, -0.4250612, -0.90331155), (-0.9996949, 0.023555044, 0.007436749)] (
        interpolation = "faceVarying"
    )
    point3f[] points = [(-0.0008120636, -0.0017494647, -0.14058433), (-0.0007085099, 0.0027652134, -0.14085521), (-0.00077004184, 0.008636934, -0.14103274), (-0.0008623391, 0.009522162, -0.015732097), (-0.0009176415, 0.011156862, -0.015928796), (-0.00083615247, 0.009323776, -0.021301646), (-0.0008997603, 0.012169688, -0.016230905), (-0.0008133003, 0.013264319, -0.0168192), (-0.0008881203, 0.010707651, -0.021696651), (-0.0009197476, 0.014769018, -0.01785385), (-0.0009178286, 0.011633824, -0.022425378), (-0.0008791071, 0.015491763, -0.01861739), (-0.0008794774, 0.016139751, -0.01948009), (-0.00087978726, 0.016688295, -0.020456944), (-0.0008891473, 0.012484656, -0.023261297), (-0.00088003714, 0.017138202, -0.021551484), (-0.0008802264, 0.017488515, -0.022764996), (-0.0008642977, 0.01304499, -0.02414792), (-0.00088035443, 0.01773811, -0.024098117), (-0.00087773876, 0.013341414, -0.025323018), (-0.00088042056, 0.017885918, -0.025550934), (-0.00083260617, 0.013421676, -0.026561145), (-0.00076748844, 0.01788496, -0.027366212), (-0.00081322633, 0.013417353, -0.028078564), (-0.0007934664, 0.017800514, -0.02923315), (-0.00088951143, 0.013254654, -0.02946603), (-0.0008156036, 0.017511303, -0.030929632), (-0.00086402736, 0.012750114, -0.030738868), (-0.0007929662, 0.017034039, -0.03246977), (-0.0009020208, 0.016427977, -0.033717174), (-0.0008123851, 0.012085051, -0.03178403), (-0.00091119256, 0.01560475, -0.035067502), (-0.0008783721, 0.014678236, -0.036026534), (-0.00088450935, 0.011325349, -0.03236102), (-0.0008495054, 0.013612735, -0.036783885), (-0.0008770446, 0.012464844, -0.037380565), (-0.0008630447, 0.011260681, -0.037758846), (-0.0009111356, 0.010330054, -0.032637022), (-0.00087560154, 0.010035595, -0.037912164), (-0.0007878204, 0.008457469, -0.037832975), (-0.00092170405, 0.009245939, -0.032519888), (-0.00078676187, 0.006654614, -0.03737078), (-0.00075976213, 0.0050315848, -0.036394898), (-0.00089026644, 0.008351479, -0.031980857), (-0.00078501715, 0.003644851, -0.035066012), (-0.0009307634, 0.0076853638, -0.031201275), (-0.00075842574, 0.0027023565, -0.033662267), (-0.0008708883, 0.0019138244, -0.032053955), (-0.00076098845, 0.006942399, -0.02972458), (-0.0009117164, 0.0015003323, -0.030952297), (-0.00087046315, 0.0011366102, -0.029717768), (-0.0008736334, 0.006462665, -0.028128238), (-0.00087027275, 0.0007808831, -0.028361574), (-0.00089604524, 0.006149602, -0.027036289), (-0.00082496717, 0.00050713634, -0.02711619), (-0.0008733151, 0.00586642, -0.025804764), (-0.00091422064, 0.0055804746, -0.024560908), (-0.00078303117, 0.000044353215, -0.02537897), (-0.0009140584, 0.005277808, -0.023420455), (-0.0007859326, 0.0048755095, -0.022168098), (-0.0008777487, -0.00032338337, -0.024006642), (-0.0007595179, 0.004223303, -0.02041781), (-0.0009047195, -0.00077172014, -0.022810023), (-0.00089465117, 0.0035963755, -0.019187426), (-0.00087716983, -0.0013604629, -0.021682562), (-0.0008264611, 0.0028076428, -0.017905442), (-0.00085787434, 0.0019965072, -0.016978089), (-0.0008747574, -0.0021432322, -0.020854674), (-0.00087058044, 0.0010001132, -0.016177218), (-0.0008247665, -0.000118509575, -0.015553987), (-0.0008409508, -0.001401055, -0.015110254), (-0.00089060684, -0.003219791, -0.020359771), (-0.00080392876, -0.0026455785, -0.0148284305), (-0.0008222959, -0.0043188245, -0.014792929), (-0.0009165308, -0.004209038, -0.020332599), (-0.0008214576, -0.00573352, -0.01494753), (-0.00087868515, -0.00528998, -0.020503642), (-0.0008206476, -0.0070950747, -0.0153317535), (-0.00085175515, -0.008386237, -0.015914917), (-0.0008985041, -0.0062180194, -0.020959359), (-0.00085101696, -0.009615041, -0.016745102), (-0.0008636564, -0.010678258, -0.017791197), (-0.0008524518, -0.007066773, -0.021594426), (-0.0007762946, -0.011517538, -0.018883642), (-0.0008201339, -0.0077850334, -0.022587182), (-0.00074981665, -0.012197957, -0.020317), (-0.0007494859, -0.0127177825, -0.021936988), (-0.0008517065, -0.008273421, -0.023796901), (-0.00077531737, -0.0130508, -0.023762267), (-0.0008003014, -0.008529877, -0.02514619), (-0.0008620162, -0.013261732, -0.025569534), (-0.00080022437, -0.008619272, -0.026793718), (-0.0008845747, -0.013272686, -0.02667111), (-0.0008619898, -0.013240067, -0.02826111), (-0.0007518903, -0.008489139, -0.028383758), (-0.0008620617, -0.013082096, -0.029736135), (-0.0008768539, -0.008162858, -0.029677982), (-0.0008621993, -0.012815516, -0.031098083), (-0.0008624022, -0.012441274, -0.032347262), (-0.0008521116, -0.0074096606, -0.031020882), (-0.00086266984, -0.011960276, -0.03348447), (-0.00088559074, -0.011359785, -0.034502223), (-0.0008207715, -0.0064724423, -0.03204378), (-0.00086339825, -0.010679427, -0.035429455), (-0.0008864449, -0.00987151, -0.036233816), (-0.00090542785, -0.008993815, -0.036975857), (-0.0007797296, -0.0053620264, -0.032724548), (-0.000906009, -0.007994896, -0.037597198), (-0.0008881724, -0.0069005624, -0.03813682), (-0.0007545129, -0.003927859, -0.033349328), (-0.0008663036, -0.005685484, -0.03853196), (-0.0008026722, -0.004178211, -0.038867038), (-0.00095830346, -0.0029727945, -0.033530056), (-0.00075294345, -0.009019855, 0.06522587), (-0.00075395696, -0.007326643, 0.066113286), (-0.00090273935, -0.0061962456, 0.06110254), (-0.0008275484, -0.007262884, 0.06063682), (-0.0007521855, -0.010276682, 0.064173386), (-0.0007776322, -0.011275447, 0.06292495), (-0.0009128186, -0.008077009, 0.05992519), (-0.00075109594, -0.012053732, 0.061460588), (-0.00090123835, -0.008686164, 0.05905363), (-0.00079915667, -0.012567231, 0.059837233), (-0.00075060537, -0.0127970325, 0.05793603), (-0.0009010246, -0.009020296, 0.057932854), (-0.0009045251, -0.012809806, 0.055617284), (-0.00088824244, -0.009121913, 0.056548413), (-0.0009046348, -0.0125886025, 0.05417641), (-0.0008525724, -0.008762673, 0.05527558), (-0.00085287896, -0.008219725, 0.05430303), (-0.000904835, -0.012217462, 0.05286147), (-0.0008640762, -0.011684631, 0.051677633), (-0.00083841354, -0.007387802, 0.053375885), (-0.00086445484, -0.011017411, 0.05061051), (-0.0008649234, -0.010201, 0.049662095), (-0.00085396087, -0.006349547, 0.052722145), (-0.00088805304, -0.009251073, 0.048803385), (-0.0008885592, -0.008380338, 0.048234057), (-0.0008891066, -0.007441869, 0.04774928), (-0.00087985164, -0.0051147514, 0.05228536), (-0.00090817286, -0.006432496, 0.047367588), (-0.0008903213, -0.0053684115, 0.047039576), (-0.00090966426, -0.004026445, 0.05213624), (-0.00086841197, -0.0042271097, 0.046846718), (-0.00092569337, -0.0029527207, 0.052051254), (-0.0008917014, -0.0030250023, 0.046725914), (-0.0008924482, -0.0017588135, 0.046628878), (-0.0008707591, -0.0002512126, 0.04671316), (-0.0008709912, 0.0000067533065, 0.05215522), (-0.0009105392, -0.0029094282, 0.06686098), (-0.0008941726, 0.0011528813, 0.04689731), (-0.0008717461, 0.0012843407, 0.052157566), (-0.0009276041, 0.0000437707, 0.061644524), (-0.00091342744, 0.0024658246, 0.04715108), (-0.00089297636, -0.0013647113, 0.066851445), (-0.0009124517, 0.00033184688, 0.0666816), (-0.00085919566, 0.0025182373, 0.05240564), (-0.00087230554, 0.0018795936, 0.0663957), (-0.0009141472, 0.0036742017, 0.047549628), (-0.00087193947, 0.0013784476, 0.061591253), (-0.0008957163, 0.0032927454, 0.06603652), (-0.0009148106, 0.0047841524, 0.04806221), (-0.000827993, 0.0036510874, 0.05287914), (-0.0008727231, 0.0027116446, 0.061314426), (-0.0008969485, 0.005807274, 0.048674397), (-0.0008738639, 0.004539155, 0.065500036), (-0.0008749097, 0.0067058844, 0.04944093), (-0.0008745118, 0.0056509916, 0.06487848), (-0.0009059638, 0.0045623137, 0.053693164), (-0.0008852143, 0.0037511059, 0.06078311), (-0.00089797354, 0.0075023244, 0.050280172), (-0.0008976685, 0.00664299, 0.06416496), (-0.0008984129, 0.008224768, 0.05114008), (-0.0009320097, 0.007459292, 0.06330292), (-0.0009151655, 0.0052257827, 0.054513436), (-0.0009302174, 0.0045059444, 0.060061816), (-0.0008987337, 0.008743284, 0.05211295), (-0.0008759619, 0.008166895, 0.062383045), (-0.0009174977, 0.009207306, 0.053109087), (-0.0009173528, 0.008757687, 0.061387774), (-0.0009066412, 0.0056641456, 0.05550517), (-0.000874222, 0.005302007, 0.059151087), (-0.00091769866, 0.009521077, 0.05418155), (-0.000876538, 0.0091934735, 0.060295835), (-0.00091782794, 0.009711761, 0.055318028), (-0.0009177748, 0.009527723, 0.05912761), (-0.0008612667, 0.005921725, 0.05652281), (-0.0009154973, 0.0056963377, 0.05819819), (-0.00091788516, 0.009778752, 0.056519903), (-0.00087680423, 0.009704085, 0.057865977), (-0.00095513265, 0.0057945005, 0.057316605), (-0.0009045637, 0.017614286, 0.0924261), (-0.00090444135, 0.017544571, 0.0868602), (-0.00090529333, -0.012283928, 0.086946115), (-0.00088959467, -0.0077212546, 0.09247704), (-0.0008646009, -0.012187309, 0.10796143), (-0.00088988524, -0.0076127574, 0.10797557), (-0.0008289482, 0.0036849522, 0.11692713), (-0.00081112294, 0.0063694776, 0.11306375), (-0.0007795595, 0.004690189, 0.11235032), (-0.0008631356, 0.0076611903, 0.114119224), (-0.0009212188, 0.0047159498, 0.11756249), (-0.00088887545, 0.008601545, 0.11524469), (-0.0008322462, 0.00927768, 0.11647518), (-0.0009162424, 0.005471441, 0.11833266), (-0.0009002939, 0.009754784, 0.118034445), (-0.0009165265, 0.0059273876, 0.119347684), (-0.0009188681, 0.009897621, 0.11903847), (-0.0009004772, 0.01001337, 0.12012858), (-0.000956231, 0.0060931384, 0.12044223), (-0.00087791577, 0.010017524, 0.12131234), (-0.0008756486, 0.006168284, 0.12177799), (-0.0007649902, 0.009949949, 0.122630976), (-0.00088357955, 0.0059163985, 0.1228313), (-0.00076492224, 0.009789223, 0.12448235), (-0.0009044043, 0.005467563, 0.12405824), (-0.00087764557, 0.0094421385, 0.1260761), (-0.0008892706, 0.008974352, 0.12724328), (-0.0008684177, 0.008470496, 0.128216), (-0.00087478495, 0.0046322383, 0.12480776), (-0.0008765528, 0.0075155823, 0.12920815), (-0.00095656014, 0.006417545, 0.12987176), (-0.00084688695, 0.005055787, 0.13014792), (-0.00088965317, 0.0034305071, 0.12516834), (-0.00078737334, 0.0035457248, 0.13030295), (-0.0008957682, 0.0017889799, 0.1304435), (-0.00078622065, 0.0017237397, 0.12510334), (-0.00075848174, -0.0011344249, 0.12541658), (-0.0007560928, -0.0052985586, 0.13030471), (-0.00084193825, -0.0032005694, 0.12533261), (-0.0008776172, -0.0042335377, 0.12520824), (-0.0008688103, -0.0054870234, 0.1251178), (-0.0008398139, -0.0069199037, 0.1303439), (-0.00089070265, -0.006641899, 0.12467569), (-0.0008221177, -0.008208425, 0.13040575), (-0.00090287626, -0.00751934, 0.12401686), (-0.00055024156, -0.009625523, 0.12582445), (-0.0008885746, -0.010241093, 0.12458025), (-0.0009424087, -0.008263651, 0.12298695), (-0.00091580575, -0.009167265, 0.13064367), (-0.00092196587, -0.011031308, 0.12369044), (-0.0009466485, -0.010257354, 0.12582397), (-0.0009078729, -0.008782933, 0.12193756), (-0.0008877538, -0.011586134, 0.122802824), (-0.0008579633, -0.0090432195, 0.120928094), (-0.00080510345, -0.010559453, 0.13094452), (-0.0009139992, -0.012007324, 0.12183825), (-0.0008274137, -0.011885448, 0.12639858), (-0.00092115597, -0.012333114, 0.120895594), (-0.00088221213, -0.009028111, 0.11971211), (-0.00089682324, -0.012543425, 0.119896635), (-0.0008763942, -0.012609417, 0.118790254), (-0.0008824037, -0.008675789, 0.11857191), (-0.0007776712, -0.012555838, 0.117410555), (-0.0008001718, -0.012231735, 0.115784615), (-0.0008752657, -0.00802599, 0.11762989), (-0.0008517835, -0.011556345, 0.114314415), (-0.00083737046, -0.010630969, 0.11317565), (-0.0008833043, -0.00711254, 0.116993636), (-0.0008210753, -0.009525374, 0.112302035), (-0.00083875476, -0.008252852, 0.111748554), (-0.0007548219, -0.0069838255, 0.11148152), (-0.0008975095, -0.006019681, 0.11670805), (-0.0008765012, -0.005781264, 0.11144087), (-0.0008773442, -0.004362226, 0.11173166), (-0.00089816126, -0.004919788, 0.116839714), (-0.00089914125, -0.0031493215, 0.11231134), (-0.00091172877, -0.0020425487, 0.11324688), (-0.0008937475, -0.0012338937, 0.114358656), (-0.00091609627, -0.003950979, 0.11744572), (-0.0009037543, -0.00071076077, 0.11574998), (-0.0007588771, -0.00025961964, 0.11710608), (-0.0007591144, 0.000104284496, 0.11863385), (-0.00091334153, 0.0005108706, 0.12038494), (-0.0008079217, 0.00074017904, 0.12162381), (-0.0008081979, 0.0011651466, 0.12333679), (-0.00089260645, -0.00326394, 0.11836606), (-0.0009606218, -0.0028336318, 0.11959466), (-0.00088243163, -0.002442933, 0.120848425), (-0.00087075314, -0.0021262867, 0.12218225), (-0.0008316487, -0.0018762471, 0.123483315), (-0.0010121666, -0.0017038499, 0.12439622), (-0.0008177588, -0.012385992, 0.0009548914), (-0.00083196425, -0.008564672, 0.0004510801), (-0.00085174304, -0.008783492, -0.0006669271), (-0.0008745803, -0.012733046, -0.00044427073), (-0.0008302691, -0.012979996, -0.0019608657), (-0.00089416676, -0.008750052, -0.0017257913), (-0.0008537632, -0.013080094, -0.003340498), (-0.0009005631, -0.008304192, -0.0026471836), (-0.0008916178, -0.01299823, -0.004395516), (-0.00090373226, -0.012638254, -0.005632212), (-0.000856484, -0.012173257, -0.006631069), (-0.0008634036, -0.011360169, -0.0074876994), (-0.00090501015, -0.010417339, -0.007985209), (-0.00088718825, -0.009303811, -0.008279988), (-0.000935203, -0.0075451243, -0.003069802), (-0.00092165754, -0.008287204, -0.008469931), (-0.0008207577, -0.0070797903, -0.008409961), (-0.0008985675, -0.006550647, -0.003161221), (-0.0007798725, -0.005719701, -0.008453714), (-0.0008536676, -0.0054613776, -0.003284771), (-0.00089021254, -0.0043105786, -0.0032170974), (-0.0008730361, 0.004968048, -0.008547596), (-0.0009295775, 0.004988561, -0.003285396), (-0.0008979628, 0.009004224, -0.0112344865), (-0.00087299076, 0.0049575563, -0.01123468), (-0.00089803565, 0.009062512, -0.008595572), (-0.00087552535, 0.009051207, -0.0033012573), (-0.0008731933, 0.0050043315, 0.00074522756), (-0.0008755934, 0.009066945, 0.0007293653), (-0.00090071635, 0.013599835, -0.0086132875), (-0.00076696154, 0.016402975, -0.003489908), (-0.00082412077, -0.011789393, 0.13131817), (-0.0009393548, 0.01808212, 0.13646594), (-0.0008876763, -0.012059352, 0.1366396), (-0.00086516724, -0.012056538, 0.141454), (-0.00070645224, -0.0076895608, 0.141277), (-0.0008829683, 0.018062873, 0.1417683), (-0.00076914346, -0.008555417, 0.14732017), (-0.0008029511, -0.008266146, 0.14565027), (-0.0007549353, -0.0076037645, 0.14433546), (-0.0007555513, -0.0065342323, 0.14324147), (-0.0008809785, -0.0054372153, 0.14250754), (-0.0007570314, -0.003999692, 0.14204578), (-0.00075798505, -0.0023794887, 0.14178607), (-0.00075909524, -0.000498698, 0.14171208), (-0.0007630108, 0.006129808, 0.14165492), (-0.000760158, 0.0012963483, 0.14185393), (-0.00078711146, 0.002807021, 0.14226143), (-0.0008972608, 0.0040091123, 0.14281264), (-0.0008753609, 0.005137646, 0.1438053), (-0.0008475386, 0.0057959547, 0.14482583), (-0.00091805053, 0.007918298, 0.143134), (-0.00079062063, 0.008699417, 0.14415166), (-0.0008308627, 0.0062070508, 0.14598244), (-0.00079119194, 0.009623314, 0.1458941), (-0.00088797865, 0.0062936884, 0.14722356), (-0.0007654083, 0.010034832, 0.1478171), (-0.0008985604, 0.0060686697, 0.14848277), (-0.0008783607, 0.010069605, 0.14966762), (-0.0008624303, 0.005590339, 0.14961596), (-0.0009193401, 0.009913694, 0.15070966), (-0.0007651389, 0.009478077, 0.15190053), (-0.0008470153, 0.0047676554, 0.15059757), (-0.0009002017, 0.00872239, 0.15350144), (-0.00087724195, 0.008061589, 0.15430145), (-0.000876809, 0.0073099853, 0.15506583), (-0.0007617458, 0.0037499839, 0.15130726), (-0.0008989031, 0.0064684483, 0.15577638), (-0.0008983274, 0.005480694, 0.1563161), (-0.00078697543, 0.0023389948, 0.15188667), (-0.0008977045, 0.004414866, 0.1567929), (-0.00091549737, 0.003249769, 0.15719633), (-0.0008962694, 0.001968837, 0.15748413), (-0.00075987447, 0.0005608738, 0.15221126), (-0.00087286567, 0.0005729169, 0.15761778), (-0.00087198074, -0.0009258841, 0.15767707), (-0.0009127709, -0.0012426198, 0.15225782), (-0.0008064843, -0.0024495968, 0.15225247), (-0.0008936443, -0.0024772934, 0.15761262), (-0.0008927863, -0.003926613, 0.15750264), (-0.0007570361, -0.004238036, 0.15201099), (-0.0008919988, -0.0052515846, 0.1571896), (-0.0008912617, -0.0064910143, 0.15686211), (-0.0008238464, -0.0058037075, 0.15148324), (-0.0008906052, -0.0075889467, 0.15633816), (-0.00090846716, -0.008613421, 0.15577914), (-0.0008894391, -0.009531967, 0.15509859), (-0.00086835213, -0.006895547, 0.15073965), (-0.000922842, -0.010305494, 0.1543037), (-0.0008014038, -0.011073569, 0.15329447), (-0.00082266604, -0.0077598887, 0.14979905), (-0.0007524486, -0.011989042, 0.15147963), (-0.00083926786, -0.008299307, 0.14877924), (-0.00088762294, -0.012474461, 0.1497849), (-0.0008875843, -0.012507536, 0.14847319), (-0.0009141296, -0.012418345, 0.14741848), (-0.0008651914, -0.012138236, 0.14640114), (-0.0008521605, -0.011687943, 0.14545016), (-0.0008524398, -0.011191163, 0.14447136), (-0.0008379009, -0.010483989, 0.14355366), (-0.00087848253, -0.009666253, 0.14270526), (-0.0009357604, 0.017252162, -0.07610156), (-0.0009025388, -0.01291998, -0.07595831), (-0.00088417047, -0.012868891, -0.070697665), (-0.0008656863, -0.0059348885, -0.07070875), (-0.00075627415, -0.000019152187, -0.0708918), (-0.0009019744, 0.017265012, -0.07076734), (-0.00075495255, -0.002337427, -0.06758971), (-0.0008698805, 0.0010044634, -0.06427216), (-0.0008745096, 0.008816679, -0.063368365), (-0.00076161174, 0.00868021, -0.057371866), (-0.00086173037, -0.012850139, -0.061801575), (-0.0007490099, -0.012669374, -0.05648672), (-0.0008478941, 0.0088685015, 0.044847015), (-0.00086305337, 0.009256562, 0.043926544), (-0.00087652693, 0.0096093975, 0.042695854), (-0.00090163085, 0.009668052, 0.041272927), (-0.00088736165, 0.009370361, 0.04001254), (-0.0008915225, 0.008726943, 0.038868386), (-0.00092020124, 0.004861484, 0.041993357), (-0.0008509174, 0.004471672, 0.04317865), (-0.00093025074, 0.005036739, 0.04083399), (-0.00092017406, 0.004872669, 0.039673924), (-0.00087337004, 0.004363188, 0.038794037), (-0.00080903264, 0.004734008, 0.03609477), (-0.0009506814, 0.007837838, 0.037997536), (-0.00089737435, 0.0068116165, 0.03719973), (-0.0008729282, 0.0036338817, 0.03805453), (-0.000962611, 0.0025612835, 0.037531827), (-0.0008716131, 0.0014315266, 0.037092693), (-0.0007839565, 0.000071518705, 0.036886103), (-0.00089232833, -0.0017185626, 0.03678587), (-0.0008915978, -0.0029548474, 0.036788557), (-0.00089077465, -0.0043463013, 0.036716025), (-0.0008898593, -0.0058962875, 0.036760077), (-0.000885987, -0.0124494145, 0.03673768), (-0.0009043556, -0.012500505, 0.031477038), (-0.00087611226, 0.009186724, 0.0314069), (-0.0008761938, 0.0092055835, 0.03623726), (-0.0008950395, 0.0072713704, -0.14129826), (-0.0009128969, 0.0062400005, -0.14188339), (-0.0008967584, -0.00091088604, -0.14146166), (-0.00091243366, 0.005478801, -0.1428089), (-0.000897082, -0.00033803005, -0.14248188), (-0.00090019073, 0.004961129, -0.14399345), (-0.0009004231, 0.00006613214, -0.14382121), (-0.0007813643, 0.00018933346, -0.1454083), (-0.0009174347, 0.004804527, -0.14518331), (-0.00087082776, 0.0046426714, -0.14661178), (-0.00090923987, 0.00018067536, -0.14715333), (-0.0008907399, 0.00016772997, -0.14830895), (-0.0007579021, 0.00465505, -0.14854157), (-0.00092454004, 0.00017884721, -0.1536496), (-0.00087074295, 0.004673348, -0.15366715), (-0.00091653696, -0.013230256, -0.15914746), (-0.00091933884, -0.008625993, -0.15357523), (-0.00093435356, 0.016927298, -0.15930519), (-0.00086025574, -0.013190672, -0.1490181), (-0.00087531673, 0.012414708, -0.15369739), (-0.00079843786, -0.0086636, -0.14734364), (-0.0007651553, 0.016893718, -0.14705224), (-0.0008602914, -0.013169871, -0.14741613), (-0.00087538233, 0.012429877, -0.14981218), (-0.0008979631, 0.012400349, -0.14862949), (-0.00086032704, -0.013144628, -0.1459924), (-0.0007625357, 0.012468227, -0.14736156), (-0.00087487523, -0.008646878, -0.14558698), (-0.00086036266, -0.013114963, -0.14474796), (-0.000875459, 0.012456401, -0.14564636), (-0.00082379574, -0.008553668, -0.14411192), (-0.00079124025, 0.01689841, -0.14518309), (-0.00074752595, -0.013031301, -0.14346388), (-0.00086671306, 0.0123290885, -0.14467704), (-0.00087804126, 0.01677294, -0.14345746), (-0.0008712498, -0.008379473, -0.14307979), (-0.00090957584, -0.012973456, -0.14198416), (-0.0008833455, 0.012101231, -0.14345881), (-0.0009006127, 0.016725369, -0.14217898), (-0.0008473511, -0.012757228, -0.14065412), (-0.00087901275, -0.007976744, -0.14194323), (-0.00082656235, 0.016446728, -0.14111769), (-0.0008326264, -0.012416266, -0.13947345), (-0.0009102779, 0.011592534, -0.14243093), (-0.00083291496, -0.011954412, -0.13839792), (-0.00087766413, 0.016047075, -0.13992707), (-0.0008930036, -0.0072771497, -0.14099716), (-0.0008615046, -0.011363228, -0.13743246), (-0.000899874, 0.015389915, -0.13874117), (-0.00083372765, -0.0106230695, -0.1366114), (-0.0008847958, 0.014412155, -0.13764416), (-0.0008173131, -0.009759241, -0.13587123), (-0.00089710637, 0.010777222, -0.14164746), (-0.00086446543, -0.006281902, -0.14027141), (-0.00081790495, -0.008773017, -0.13525335), (-0.00089164363, 0.013272274, -0.13676232), (-0.00085043284, -0.0076875803, -0.13473812), (-0.0008978882, 0.011963083, -0.13606775), (-0.00083616254, -0.006556631, -0.13441038), (-0.0008877756, -0.0050562387, -0.13992807), (-0.0010151251, 0.009868476, -0.14126502), (-0.0008198806, -0.005455172, -0.13421568), (-0.0009377163, 0.010570482, -0.13571535), (-0.0008375129, -0.004277457, -0.13415371), (-0.00084553426, 0.009337068, -0.13572183), (-0.0008665567, -0.0028899051, -0.1343345), (-0.0008448424, 0.008169192, -0.13584714), (-0.0008815353, -0.0037579786, -0.13988934), (-0.0008390609, -0.001643104, -0.13474466), (-0.0008228051, -0.000476981, -0.13537581), (-0.0010040115, -0.0027365845, -0.1401459), (-0.0008685601, 0.0005473061, -0.1362157), (-0.00085576077, 0.0013913766, -0.1372483), (-0.0008049014, 0.0020547647, -0.13840626), (-0.0008703201, 0.0035954057, -0.13902453), (-0.0008574322, 0.0042417236, -0.13811605), (-0.00089376175, 0.005010719, -0.13734074), (-0.00082660315, 0.00598345, -0.13667893), (-0.0008441348, 0.0069791996, -0.13616228), (-0.0006828163, -0.008275582, -0.12818076), (-0.0007090577, -0.006983833, -0.12306367), (-0.0007783254, -0.005486816, -0.12382898), (-0.0007776249, -0.0065451683, -0.12898937), (-0.00074966555, -0.009812784, -0.12717523), (-0.0007792756, -0.0038703405, -0.12417068), (-0.00074901123, -0.010948334, -0.12603652), (-0.00077867834, -0.0047521554, -0.12939419), (-0.0008636281, -0.008149432, -0.12206384), (-0.00074847875, -0.011882884, -0.1246861), (-0.00088912813, -0.0030205925, -0.1296797), (-0.000780356, -0.0020383343, -0.12431628), (-0.00075438485, -0.0017650609, -0.12963457), (-0.00079645234, -0.012620975, -0.123186566), (-0.0008349596, -0.008928642, -0.12081011), (-0.00075533724, -0.00015657305, -0.12949803), (-0.00074778666, -0.013131455, -0.12155552), (-0.0007553745, -0.00022561637, -0.12414658), (-0.0007562757, 0.001422844, -0.12913217), (-0.0008496825, -0.009332273, -0.119577415), (-0.0007476361, -0.013427201, -0.11991572), (-0.0007572023, 0.0029762844, -0.12853596), (-0.000782341, 0.0013058768, -0.12369361), (-0.00086048944, -0.013550887, -0.11844512), (-0.0008346932, -0.009444888, -0.11816296), (-0.0008831135, -0.013511131, -0.11709225), (-0.0008064689, 0.0044439896, -0.12775145), (-0.0008832801, -0.013260517, -0.11582354), (-0.0008054523, 0.0026063297, -0.123002745), (-0.000849801, -0.0091986125, -0.116861284), (-0.00075886556, 0.0057464796, -0.12671487), (-0.000860905, -0.012942068, -0.11461528), (-0.0008501211, -0.008685497, -0.11570114), (-0.0007855678, 0.0068123722, -0.12552683), (-0.0008611962, -0.012477209, -0.1134796), (-0.0009338183, 0.0036370293, -0.12210297), (-0.00088412926, -0.011908244, -0.11239433), (-0.0008084511, 0.0077103265, -0.124168746), (-0.0008864972, -0.007845577, -0.114606805), (-0.00090305856, -0.011164533, -0.11140059), (-0.0008578012, 0.004440393, -0.12087909), (-0.00088509923, -0.01031459, -0.11045071), (-0.0007604773, 0.008372521, -0.12260739), (-0.0008000232, -0.0068088355, -0.11382589), (-0.00086311135, -0.009331174, -0.10963596), (-0.0007868279, 0.008832948, -0.12100152), (-0.00088630023, -0.008320136, -0.10890164), (-0.0008580684, 0.004860657, -0.1195933), (-0.0007524678, -0.0054163947, -0.113161676), (-0.00090543716, -0.0072146123, -0.10833882), (-0.0007869558, 0.009006721, -0.11926577), (-0.00088766194, -0.0060400153, -0.107919455), (-0.0008883897, -0.0048173936, -0.10755395), (-0.00085814483, 0.004957331, -0.11827838), (-0.0007534349, -0.0037885762, -0.11280203), (-0.0008738439, 0.009020525, -0.11719732), (-0.0008891676, -0.0035042914, -0.10741168), (-0.0008737505, 0.008829781, -0.115897916), (-0.00086740043, -0.0021284695, -0.10733604), (-0.00084311067, 0.0047706594, -0.116934046), (-0.00075453136, -0.0019353798, -0.11271077), (-0.0008907894, -0.000760421, -0.10737393), (-0.0008735788, 0.008509093, -0.11467399), (-0.0008258764, 0.0042354832, -0.11571658), (-0.0009100246, 0.00053107296, -0.107589364), (-0.0008733296, 0.008058846, -0.11352425), (-0.00075557665, -0.000161955, -0.11288351), (-0.0009107413, 0.0017519286, -0.107915014), (-0.0009140663, 0.007491201, -0.1124394), (-0.0008705624, 0.0034034627, -0.11466356), (-0.0008929432, 0.002908964, -0.10835212), (-0.0008951935, 0.0067933556, -0.11142101), (-0.0007825282, 0.0013660267, -0.11331102), (-0.0008709826, 0.003973872, -0.10896085), (-0.00087211357, 0.005926163, -0.110505), (-0.0009110925, 0.0024960523, -0.1139755), (-0.00087156903, 0.00498389, -0.109668545), (-0.00068326, -0.0081731025, -0.101933695), (-0.0006840903, -0.0068940963, -0.09683554), (-0.0007787692, -0.0053843358, -0.09758194), (-0.0007780686, -0.006442687, -0.1027423), (-0.00079850305, -0.009699705, -0.10096025), (-0.00075367163, -0.003755144, -0.09795301), (-0.000775503, -0.0108572, -0.09981972), (-0.0008014425, -0.0046702083, -0.10317063), (-0.0008759434, -0.008069582, -0.09579619), (-0.0007489226, -0.011780404, -0.098439045), (-0.00088957435, -0.0029151954, -0.10338477), (-0.00078079983, -0.0019358536, -0.09806921), (-0.00078087405, -0.0016780344, -0.10341571), (-0.0007968964, -0.012518494, -0.096939504), (-0.0008503463, -0.008826367, -0.09457986), (-0.00075578084, -0.000054091575, -0.10325097), (-0.0007482305, -0.013028975, -0.09530848), (-0.0008041872, -0.00015554072, -0.09788855), (-0.0007567196, 0.0015253219, -0.10288513), (-0.00085010636, -0.009264099, -0.093297325), (-0.0007480797, -0.013324721, -0.09366868), (-0.0007576463, 0.0030787643, -0.102288924), (-0.00078278483, 0.0014083565, -0.097446576), (-0.00088352343, -0.013432415, -0.092198275), (-0.00083513703, -0.009342407, -0.091915905), (-0.0008835573, -0.01340865, -0.09084521), (-0.0007585341, 0.0045614713, -0.10147335), (-0.00088372384, -0.013158036, -0.08957648), (-0.00080589624, 0.002708809, -0.0967557), (-0.0008635213, -0.009106821, -0.09062742), (-0.0008076916, 0.00583992, -0.100500435), (-0.00086134876, -0.012839587, -0.08836822), (-0.0008505649, -0.008583018, -0.089454085), (-0.00078602845, 0.0069437847, -0.099302754), (-0.00088420423, -0.012403617, -0.08721865), (-0.00091210025, 0.0037537867, -0.09584931), (-0.0008845966, -0.011765259, -0.08617316), (-0.0008088948, 0.007812806, -0.09792171), (-0.00087623723, -0.0077554383, -0.08837894), (-0.00088501914, -0.0110755665, -0.08514246), (-0.0008715375, 0.004558442, -0.09461313), (-0.00091942743, -0.010189783, -0.08422659), (-0.000760921, 0.008475001, -0.096360356), (-0.00080046715, -0.0067063537, -0.08757884), (-0.00086355506, -0.009228694, -0.08338892), (-0.00078727154, 0.008935429, -0.094754465), (-0.00088674406, -0.008217656, -0.082654595), (-0.0008717925, 0.004959779, -0.093400426), (-0.00080128614, -0.0053359577, -0.08693914), (-0.0009058809, -0.0071121324, -0.082091756), (-0.00078739953, 0.009109201, -0.093018726), (-0.0008881056, -0.005937536, -0.08167242), (-0.00088883354, -0.0047149123, -0.081306905), (-0.00085858855, 0.0050598113, -0.0920313), (-0.0007799255, -0.0036992794, -0.086584225), (-0.000874288, 0.009123006, -0.09095028), (-0.00088961143, -0.0034018112, -0.08116464), (-0.0008967938, 0.00896364, -0.089644454), (-0.0008678445, -0.002025989, -0.08108898), (-0.00082661246, 0.004862422, -0.09067232), (-0.000754975, -0.0018328996, -0.08646372), (-0.00086864986, -0.0006611732, -0.081158765), (-0.0008740226, 0.008611572, -0.08842695), (-0.00085819984, 0.004339556, -0.08950453), (-0.00089199544, 0.00063714304, -0.08132522), (-0.00087377336, 0.008161327, -0.087277174), (-0.0007560203, -0.00005947525, -0.08663647), (-0.0009111851, 0.0018544088, -0.081667975), (-0.0008734464, 0.0075813215, -0.086200014), (-0.0008710061, 0.0035059436, -0.08841653), (-0.0008707976, 0.0029979737, -0.082134135), (-0.0008730413, 0.0068708076, -0.08519395), (-0.00075692276, 0.0014788625, -0.08707859), (-0.00087142637, 0.0040763523, -0.08271382), (-0.00087255734, 0.0060286433, -0.08425795), (-0.0008704848, 0.0026067866, -0.087716416), (-0.0008720128, 0.005086372, -0.08342149), (-0.0006850774, -0.007753443, 0.00554964), (-0.00073373114, -0.0064664604, 0.010660116), (-0.0007545424, -0.004946542, 0.009905372), (-0.0007798937, -0.0060108523, 0.004775905), (-0.00080032053, -0.009280039, 0.006523067), (-0.0007554888, -0.0033354792, 0.009530332), (-0.0007512726, -0.01042619, 0.0076938397), (-0.00075489416, -0.004213541, 0.004324308), (-0.0008777607, -0.0076499176, 0.011687147), (-0.0007507401, -0.011360741, 0.009044291), (-0.0008913893, -0.0024984505, 0.004050653), (-0.0007826172, -0.0015161923, 0.009414121), (-0.0007826921, -0.0012583737, 0.0041045602), (-0.0007503295, -0.012093554, 0.010578381), (-0.000837221, -0.008406498, 0.012920252), (-0.0007575983, 0.00036557505, 0.004232363), (-0.0007500481, -0.012609311, 0.012174844), (-0.00078367913, 0.00027626386, 0.00960796), (-0.0007845873, 0.0019377588, 0.0045667337), (-0.0008369858, -0.008835026, 0.014162506), (-0.0007498972, -0.0129050575, 0.013814669), (-0.000785516, 0.0034949852, 0.0051620337), (-0.00078460935, 0.0018407819, 0.010002062), (-0.0008627507, -0.013028744, 0.015285255), (-0.00083697, -0.008895318, 0.015523577), (-0.0008853747, -0.012988987, 0.016638119), (-0.00078640715, 0.004982873, 0.0059776227), (-0.00090399926, -0.012768267, 0.017913334), (-0.0008077135, 0.0031284706, 0.01072764), (-0.00086533185, -0.00869828, 0.016820319), (-0.0007871859, 0.0062760385, 0.006984127), (-0.00090421445, -0.012433732, 0.019119814), (-0.00085238233, -0.008163353, 0.018029256), (-0.00076178386, 0.0073508336, 0.008210292), (-0.0009045062, -0.011968213, 0.020257086), (-0.00090510974, 0.0041564684, 0.011614516), (-0.00088639045, -0.011386099, 0.021336071), (-0.00081071234, 0.008232469, 0.00956162), (-0.0008887588, -0.0073234355, 0.019123562), (-0.0009053198, -0.01064239, 0.022329794), (-0.0008451347, 0.0049889465, 0.012853825), (-0.00086479244, -0.009770084, 0.023256728), (-0.0008111299, 0.008901514, 0.011088965), (-0.00077996147, -0.0062700096, 0.019901974), (-0.00086537254, -0.008809031, 0.02409442), (-0.0007630199, 0.009330793, 0.012750673), (-0.0008885615, -0.007797993, 0.02482873), (-0.0008735989, 0.0053601945, 0.014126569), (-0.00078077347, -0.0049124197, 0.020572865), (-0.00086664537, -0.0066864225, 0.025378317), (-0.00076316803, 0.009538704, 0.01448103), (-0.0008673394, -0.005522748, 0.02582615), (-0.0008680731, -0.0042889155, 0.02614503), (-0.000873692, 0.005484444, 0.015477143), (-0.0007817402, -0.0032851498, 0.02093563), (-0.0008987052, 0.009574543, 0.016536094), (-0.00086884707, -0.0029836362, 0.026334632), (-0.00091707637, 0.00936617, 0.017835388), (-0.00086966186, -0.0016063271, 0.02639433), (-0.00087358686, 0.00527383, 0.016801415), (-0.00075679243, -0.0014132384, 0.02101961), (-0.0008704673, -0.00024151035, 0.026324563), (-0.0008758401, 0.009031236, 0.019056382), (-0.0008732961, 0.004752079, 0.018002417), (-0.00087122765, 0.0010502574, 0.026126744), (-0.00087559083, 0.00858099, 0.02020614), (-0.0007578377, 0.00036019046, 0.020846866), (-0.0008719433, 0.0022695428, 0.025801519), (-0.0008978611, 0.008028219, 0.021300184), (-0.0008728233, 0.003925605, 0.019066807), (-0.0008726151, 0.0034176393, 0.025349185), (-0.0008748587, 0.0072904704, 0.02228938), (-0.00078478927, 0.001888169, 0.020419372), (-0.000895835, 0.004512814, 0.02479682), (-0.00087437476, 0.0064483047, 0.023225367), (-0.00087230233, 0.0030264484, 0.019766917), (-0.0008738302, 0.0055060335, 0.024061862), (-0.0010987049, 0.004214299, 0.0122869285), (0.0013007487, 0.0037977432, 0.01180245), (-0.0010990631, 0.0047938246, 0.013364006), (0.0013002156, 0.0046683103, 0.013087209), (0.0012999834, 0.00503245, 0.014255053), (-0.0010968911, 0.005057201, -0.14603049), (-0.0011040596, 0.017115315, -0.14303827), (-0.0010900511, -0.007295819, -0.11460526), (-0.0010968875, 0.0037946356, -0.095196396), (-0.0011047391, 0.015611143, -0.035637133), (-0.0011041275, 0.0145996185, -0.03658501), (-0.0010923123, -0.006773676, 0.019125115), (-0.0010986299, 0.0028878935, 0.06083094), (-0.0010993426, 0.008942163, -0.1353455), (-0.0010959175, 0.0028254387, -0.12239951), (-0.0010964436, 0.0036921555, -0.12144344), (-0.0010968017, 0.0042716814, -0.12036635), (-0.0010970139, 0.0045690555, -0.11787933), (-0.0010965425, 0.003714961, -0.11560257), (-0.0010968641, 0.0042860736, -0.11668071), (-0.0010895253, -0.008162517, -0.11555617), (-0.0010963614, 0.002927919, -0.09615246), (-0.0010974576, 0.0046715355, -0.09163228), (-0.001097308, 0.004388554, -0.09043366), (-0.001089969, -0.008060036, -0.089309126), (-0.0010957466, 0.0012514814, -0.07041692), (-0.0011006286, 0.009164163, -0.056268446), (-0.0010874552, -0.013146165, -0.055653512), (-0.0010931895, -0.0031441587, -0.06768339), (-0.0010929981, -0.0047840346, -0.014425566), (-0.001092132, -0.006244128, -0.014659538), (-0.0010912941, -0.007650254, -0.015133404), (-0.0010982979, 0.0043162466, -0.019708088), (-0.0011031285, 0.012742491, -0.029852927), (-0.0011033108, 0.013020063, -0.028597789), (-0.00110569, 0.017159417, -0.033164814), (-0.0011027056, 0.012225081, -0.03787582), (-0.0010920663, -0.0059268633, -0.031992197), (-0.0010915208, -0.0068716626, -0.0311265), (-0.0010988036, 0.004237104, 0.018127825), (-0.0010991254, 0.004808217, 0.017049676), (-0.00109831, 0.0033778597, 0.01908548), (-0.0010914282, -0.008219888, 0.01710054), (-0.0010916877, -0.007663178, 0.012333306), (-0.001091366, -0.008234278, 0.013414876), (-0.0011022253, 0.009502231, 0.039400492), (-0.0010919337, -0.008304548, 0.055133663), (-0.0010940438, -0.004669177, 0.052540444), (-0.0010979482, 0.0017257599, 0.0611646), (-0.0010962163, -0.002692874, 0.12134888), (-0.0010944383, -0.0057855593, 0.12472398), (-0.0010976384, -0.00015757466, 0.11616091), (-0.0010929565, -0.007960449, 0.11125807), (-0.001092148, -0.009340987, 0.11174994), (-0.0010914396, -0.010559963, 0.11256551), (-0.0010908418, -0.011599539, 0.113693975), (-0.0010914966, -0.010760143, 0.12456226), (-0.0010999809, 0.0039178063, 0.11167333), (-0.0011025857, 0.008264567, 0.11416141), (-0.0011031367, 0.009165636, 0.11543508), (-0.0011015295, 0.005623837, 0.14869688), (-0.0010947044, -0.0059832423, 0.1509587), (-0.001093412, -0.008098485, 0.14803958), (-0.0011024332, 0.0073154047, 0.14213014), (-0.001096504, 0.0041938066, -0.13761108), (-0.001089025, -0.008278577, -0.14511262), (-0.0010903638, -0.0072236164, -0.096112825), (-0.001102842, 0.0122839, -0.030916031), (-0.0010954225, -0.0004216344, -0.024917675), (-0.0010887303, -0.012186819, -0.0071550547), (-0.0010917864, -0.0076403734, 0.018174196), (-0.0010971673, 0.0009916055, 0.037379682), (-0.0010933356, -0.005876716, 0.052899998), (0.0013001271, 0.008635804, -0.14140129), (0.0013010144, 0.0071406555, -0.14167114), (0.0013015482, 0.006252307, -0.14228061), (0.001301946, 0.0056014634, -0.1431836), (0.0013021915, 0.00521428, -0.14433935), (0.0013022877, 0.0050812573, -0.1455359), (0.0013023376, 0.005034278, -0.14705265), (-0.0010967107, 0.004786137, -0.14742729), (0.0013023745, 0.005014645, -0.14878938), (-0.0010966742, 0.004770324, -0.14927848), (0.0013024523, 0.004995772, -0.15334848), (0.0012982567, 0.012097348, -0.1533762), (0.0012981964, 0.012111268, -0.14981118), (0.0012981778, 0.01211374, -0.14862949), (0.0012981594, 0.012107776, -0.14713939), (-0.0011011865, 0.0123426635, -0.14668693), (0.0012981516, 0.0120837055, -0.1456233), (0.0012981761, 0.012013727, -0.14447361), (0.0012983258, 0.011731806, -0.14332442), (0.0012986345, 0.011187161, -0.14241384), (0.0012990907, 0.010399476, -0.14178546), (0.0012994597, 0.009768208, -0.14151545), (0.001295328, 0.017207427, -0.15958615), (0.0013134996, -0.013550075, -0.15946606), (0.0013133229, -0.013509271, -0.14901537), (0.0013132873, -0.013488442, -0.1474112), (0.0013132514, -0.013463168, -0.14598574), (0.0013132157, -0.013433451, -0.144739), (0.001313162, -0.013379988, -0.14322625), (-0.0010860554, -0.013362105, -0.14278163), (0.0013130904, -0.013293894, -0.14180498), (0.0013129589, -0.013102978, -0.14052035), (-0.0010862858, -0.013036299, -0.14019157), (0.0013127358, -0.01275636, -0.13926958), (-0.0010865302, -0.012652563, -0.13897304), (0.0013124269, -0.0122612715, -0.13814777), (-0.0010868605, -0.012120358, -0.13788347), (0.0013120328, -0.011618891, -0.13715409), (-0.0010872755, -0.011442035, -0.13692126), (0.0013115605, -0.010840968, -0.13628097), (-0.0010877666, -0.010631698, -0.13607731), (0.0013110131, -0.009933381, -0.13552457), (-0.0010883325, -0.009691694, -0.13535014), (0.0013103909, -0.008896131, -0.13488494), (-0.0010889735, -0.008622026, -0.13473965), (0.0013097146, -0.0077640754, -0.13437524), (-0.0010896561, -0.0074784723, -0.13426708), (0.0013090257, -0.00660694, -0.13402198), (-0.0010903471, -0.006316811, -0.13395359), (0.0013083285, -0.005431697, -0.13382784), (-0.0010910465, -0.00513704, -0.13379921), (0.0013075799, -0.0041656313, -0.13379839), (-0.00109184, -0.0037937318, -0.13381521), (0.0013067342, -0.0027293644, -0.13398784), (-0.001092668, -0.002385965, -0.13406584), (0.0013059591, -0.0014070985, -0.13442197), (-0.0010934252, -0.0010921988, -0.13456112), (0.0013052551, -0.00019883178, -0.1351008), (-0.0010941115, 0.00008756658, -0.1353011), (0.0013046358, 0.0008719884, -0.13601352), (-0.0010947048, 0.0011158208, -0.13626854), (0.0013041283, 0.0017584733, -0.13713862), (-0.0010951835, 0.0019550482, -0.13744621), (0.0013037359, 0.0024559349, -0.13847399), (-0.0010958002, 0.0030292182, -0.13868771), (0.0013034268, 0.0030001344, -0.13933201), (-0.0010954539, 0.0024571097, -0.13926126), (0.0013030393, 0.0036305764, -0.13830025), (0.0013025668, 0.0044079293, -0.13740392), (0.0013020097, 0.005332199, -0.13664296), (-0.00109704, 0.0050813504, -0.13681631), (0.0013013843, 0.0063754264, -0.1360344), (-0.0010976541, 0.006104621, -0.13616368), (0.0013007246, 0.00748171, -0.13561223), (-0.0010984751, 0.0074802926, -0.13561228), (0.0013000334, 0.008645459, -0.13537985), (0.0012993298, 0.009835185, -0.13533488), (0.0012986864, 0.010927126, -0.13545462), (0.0012980831, 0.011954935, -0.13572814), (0.00129752, 0.01291862, -0.13615538), (0.0012970042, 0.013805465, -0.13671225), (0.0012964495, 0.014764404, -0.13752615), (0.0012959099, 0.015705436, -0.13865551), (0.0012955142, 0.016406793, -0.13993986), (0.0012952925, 0.016810948, -0.14111264), (0.0012951889, 0.017011534, -0.14213726), (0.0012951294, 0.017143318, -0.143389), (0.0012951043, 0.017224217, -0.14494336), (-0.0011039313, 0.016934972, -0.14452857), (0.001295107, 0.017253095, -0.14629824), (-0.0011039508, 0.017011764, -0.14630051), (0.0012951202, 0.017255388, -0.14730233), (0.0013062231, -0.0016893274, -0.14107582), (0.001306892, -0.0028379844, -0.1403988), (0.0013075124, -0.0038932639, -0.14018893), (0.0013082522, -0.0051439917, -0.14024417), (0.0013089183, -0.0062621934, -0.14061338), (0.0013094454, -0.0071374783, -0.14129153), (0.001309823, -0.007754339, -0.14219373), (0.001310045, -0.008104083, -0.14325327), (0.0013101338, -0.008229621, -0.14424942), (0.0013101861, -0.008288145, -0.14546722), (0.0013102272, -0.00831751, -0.1470864), (-0.0010888599, -0.008520861, -0.1466288), (0.0013103333, -0.008343677, -0.1532964), (0.0013054856, -0.00013847713, -0.15332843), (0.0013054007, -0.00011887867, -0.1483089), (0.0013053867, -0.00012335583, -0.14715728), (0.0013053906, -0.000166916, -0.14567238), (-0.0010939562, 0.00009212599, -0.14611885), (0.0013054382, -0.0002864013, -0.14409669), (-0.0010937796, -0.0002487385, -0.14443), (0.0013055718, -0.00054372044, -0.14281823), (-0.0010936939, -0.000423486, -0.1432181), (0.0013057799, -0.000917303, -0.14196436), (-0.0010899199, -0.0073260968, -0.12235987), (0.001309266, -0.007302075, -0.122344226), (0.0013084299, -0.0058638817, -0.1232811), (-0.0010904988, -0.00632163, -0.123379365), (0.0013075807, -0.0044154185, -0.1237365), (-0.0010913428, -0.004879933, -0.12392035), (0.0013065774, -0.0027125678, -0.1239359), (-0.0010923356, -0.0031928173, -0.12419166), (0.0013055137, -0.0009136957, -0.12387867), (-0.0010934399, -0.0013244145, -0.12416474), (0.0013045766, 0.0006644676, -0.12356358), (-0.0010944381, 0.0003587751, -0.12390757), (0.0013037849, 0.001990255, -0.12299053), (-0.0010952891, 0.0017854616, -0.1233567), (0.0013031398, 0.0030614848, -0.12216802), (0.0013026559, 0.003856404, -0.1211817), (0.0013023397, 0.004364135, -0.120074354), (0.0013021914, 0.0045846775, -0.11884603), (-0.001096992, 0.0045640226, -0.11916829), (0.0013022124, 0.0045177354, -0.117572114), (0.0013024051, 0.004162721, -0.1164036), (0.0013027698, 0.0035195756, -0.11535559), (0.0013033052, 0.0025908356, -0.1144364), (-0.0010960487, 0.0028557163, -0.1146449), (0.0013039974, 0.0014018818, -0.11372974), (-0.0010954525, 0.0018230462, -0.11369154), (0.0013048394, -0.000034598233, -0.11327738), (-0.0010946286, 0.00041470176, -0.113126285), (0.0013058315, -0.0017186019, -0.11307934), (-0.0010936515, -0.0012466607, -0.11282354), (0.0013069015, -0.0035277542, -0.1131361), (-0.0010925472, -0.0031148433, -0.112850435), (0.0013078476, -0.005121335, -0.113448985), (-0.0010915392, -0.004814615, -0.11310562), (0.0013086442, -0.006455673, -0.114018165), (-0.0010906752, -0.0062634707, -0.11362892), (0.0013092904, -0.0075290254, -0.114835285), (0.0013097744, -0.008323926, -0.115816884), (0.0013100905, -0.008831644, -0.116921216), (-0.0010891671, -0.008742032, -0.116629824), (0.0013102388, -0.009052183, -0.118148305), (-0.0010889769, -0.009034363, -0.117826246), (0.0013102178, -0.008985243, -0.11942264), (-0.0010889551, -0.009039396, -0.11911516), (0.0013100251, -0.008630237, -0.120593265), (-0.0010891048, -0.008756422, -0.12031549), (0.0013097731, -0.008183904, -0.12139703), (-0.0010894263, -0.008185321, -0.12139706), (-0.0010888072, -0.009072849, -0.12788495), (0.0013100352, -0.0084517645, -0.12850966), (0.001311052, -0.010202172, -0.12731147), (-0.0010880519, -0.010376129, -0.12688707), (0.0013117164, -0.011356563, -0.12609965), (-0.00108745, -0.01142574, -0.12562868), (0.0013122527, -0.012299564, -0.124671265), (-0.0010869573, -0.012295473, -0.12417997), (0.0013126591, -0.013026585, -0.12307978), (-0.0010865909, -0.012954528, -0.12259611), (0.0013129315, -0.013528439, -0.12143221), (-0.0010863565, -0.01339156, -0.12096813), (0.0013130698, -0.013804213, -0.11973927), (-0.0010862539, -0.013606718, -0.119295605), (0.0013130896, -0.01386974, -0.11844117), (0.0013130262, -0.013796532, -0.117061876), (0.0013128837, -0.013587951, -0.115752), (0.0013126625, -0.013243996, -0.114511564), (0.0013123621, -0.012764668, -0.11334052), (0.0013119827, -0.012149967, -0.112238966), (0.0013115245, -0.011399891, -0.111206815), (0.0013109873, -0.010514443, -0.11024408), (0.0013103909, -0.009526277, -0.10938275), (0.001309755, -0.008468047, -0.108654805), (0.0013090796, -0.0073397527, -0.10806025), (0.0013083648, -0.0061413967, -0.10759905), (0.0013076107, -0.004872975, -0.107271254), (0.0013068168, -0.0035344902, -0.10707681), (0.0013059838, -0.0021259445, -0.10701576), (0.0013051599, -0.0007299103, -0.10708712), (0.0013043799, 0.000595026, -0.10729003), (0.001303644, 0.0018488651, -0.107624464), (0.0013029521, 0.0030316054, -0.10809045), (0.001302304, 0.0041432506, -0.10868798), (0.0013016998, 0.005183796, -0.10941708), (0.0013011396, 0.0061532417, -0.11027766), (0.0013006415, 0.00702003, -0.11124102), (0.0013002238, 0.0077526, -0.11227832), (0.0012998864, 0.008350951, -0.113389574), (0.0012996295, 0.008815075, -0.11457476), (0.0012994529, 0.009144996, -0.115833916), (0.0012993568, 0.009340684, -0.117167), (0.0012993575, 0.009385591, -0.11903495), (-0.0010997168, 0.009160629, -0.118574984), (0.0012994925, 0.00920145, -0.1208278), (-0.0010996179, 0.0090377275, -0.12035958), (0.0012997653, 0.008781519, -0.12251878), (-0.0010993651, 0.008650872, -0.12203293), (0.0013001759, 0.008125798, -0.124107935), (-0.001099016, 0.008099423, -0.12362363), (0.0013007195, 0.007241879, -0.12556525), (-0.0010985319, 0.0073167933, -0.12511031), (0.001301386, 0.0061449567, -0.12683086), (-0.0010978946, 0.006269702, -0.12637426), (0.0013021748, 0.0048365514, -0.12789878), (-0.0010971668, 0.005065316, -0.1274918), (0.0013030788, 0.003328008, -0.12876649), (-0.0010962939, 0.0036098233, -0.12836368), (0.0013040308, 0.0017328463, -0.12940995), (-0.0010953633, 0.0020517737, -0.12905313), (0.0013049968, 0.00010782186, -0.12981704), (-0.00109442, 0.00046636318, -0.12951005), (0.0013059771, -0.0015470653, -0.12998779), (-0.0010934634, -0.0011471283, -0.12973514), (0.0013068571, -0.0030367917, -0.12996717), (0.0013077486, -0.0045497804, -0.12979884), (-0.0010917592, -0.004033564, -0.12963638), (0.0013088405, -0.0064080674, -0.12937818), (-0.0010906517, -0.005915959, -0.12931392), (-0.0010896735, -0.0075868443, -0.1286959), (0.0013088221, -0.007199595, -0.09609717), (0.001307986, -0.0057614013, -0.09703404), (-0.0010909692, -0.006175832, -0.09704841), (0.0013071367, -0.004312938, -0.09748945), (-0.0010917919, -0.004768806, -0.09764008), (0.0013061336, -0.0026100876, -0.09768885), (-0.0010927813, -0.0030876703, -0.097910404), (0.0013050698, -0.00081121543, -0.09763161), (-0.0010938828, -0.0012243337, -0.09788347), (0.0013041329, 0.0007669478, -0.09731653), (-0.0010948865, 0.00046964237, -0.09769379), (0.001303341, 0.0020927354, -0.09674348), (-0.0010957309, 0.0018844953, -0.09710284), (0.0013026961, 0.003163965, -0.09592097), (0.001302212, 0.003958884, -0.09493466), (0.0013018958, 0.0044666156, -0.093827315), (-0.0010972457, 0.004374162, -0.0941193), (0.0013017475, 0.004687158, -0.09259896), (-0.0010974358, 0.004666503, -0.09292121), (0.0013017686, 0.004620216, -0.09132507), (0.0013019613, 0.0042652013, -0.09015654), (0.001302326, 0.003622056, -0.089108534), (-0.0010969862, 0.0038174412, -0.08935552), (0.0013028614, 0.0026933157, -0.08818936), (-0.0010964925, 0.0029581964, -0.088397846), (0.0013035535, 0.0015043621, -0.08748268), (-0.0010959059, 0.0019412603, -0.08741395), (0.0013043956, 0.000067882036, -0.08703033), (-0.0010950724, 0.0005171811, -0.086879216), (0.0013053878, -0.0016161216, -0.0868323), (-0.0010940953, -0.0011441804, -0.086576484), (0.0013064576, -0.0034252738, -0.08688904), (-0.001092991, -0.003012363, -0.08660337), (0.0013074037, -0.0050188545, -0.08720192), (-0.0010919875, -0.004703872, -0.086891875), (0.0013082004, -0.006353193, -0.08777112), (-0.0010911191, -0.0061609927, -0.08738187), (0.0013088466, -0.007426545, -0.08858824), (-0.0010904949, -0.007193339, -0.08835821), (0.0013093306, -0.008221445, -0.08956984), (0.0013096468, -0.0087291645, -0.09067418), (-0.0010896109, -0.008639552, -0.09038278), (0.0013097948, -0.008949703, -0.09190125), (-0.0010894206, -0.008931883, -0.09157918), (0.001309774, -0.008882763, -0.093175575), (-0.0010893989, -0.008936916, -0.0928681), (0.0013095813, -0.008527757, -0.09434623), (-0.0010895485, -0.008653942, -0.09406846), (0.0013093293, -0.008081423, -0.09514999), (-0.0010898701, -0.008082841, -0.09515002), (-0.0010892511, -0.008970368, -0.101637915), (0.0013095916, -0.0083492845, -0.1022626), (0.0013106081, -0.010099691, -0.101064436), (-0.0010885245, -0.010226153, -0.10059048), (0.0013112726, -0.011254082, -0.099852614), (-0.0010878938, -0.01132326, -0.09938165), (0.0013118089, -0.012197084, -0.09842421), (-0.0010874011, -0.012192993, -0.09793292), (0.0013122152, -0.012924104, -0.09683273), (-0.0010870347, -0.0128520485, -0.09634904), (0.0013124876, -0.013425959, -0.09518515), (-0.0010868002, -0.013289079, -0.09472109), (0.001312626, -0.013701733, -0.09349221), (-0.001086682, -0.013530859, -0.09305022), (0.0013126456, -0.013767259, -0.09219413), (0.0013125823, -0.013694051, -0.09081482), (0.0013124399, -0.01348547, -0.08950494), (0.0013122185, -0.013141516, -0.0882645), (0.0013119183, -0.012662188, -0.08709349), (0.001311539, -0.012047487, -0.08599191), (0.0013110806, -0.011297411, -0.08495975), (0.0013105435, -0.010411963, -0.083997026), (0.001309947, -0.009423797, -0.083135694), (0.0013093111, -0.008365566, -0.08240776), (0.0013086358, -0.007237273, -0.08181319), (0.001307921, -0.0060389168, -0.081352), (0.0013071668, -0.004770495, -0.08102421), (0.001306373, -0.00343201, -0.08082977), (0.00130554, -0.002023464, -0.08076871), (0.0013047161, -0.00062743004, -0.08084007), (0.0013039362, 0.00069750624, -0.08104297), (0.0013032003, 0.0019513452, -0.081377424), (0.0013025082, 0.0031340858, -0.0818434), (0.0013018601, 0.0042457306, -0.08244095), (0.0013012559, 0.0052862763, -0.08317001), (0.0013006957, 0.006255722, -0.08403061), (0.0013001977, 0.00712251, -0.084993966), (0.0012997799, 0.00785508, -0.08603126), (0.0012994426, 0.008453431, -0.08714251), (0.0012991856, 0.008917555, -0.08832771), (0.0012990092, 0.009247476, -0.089586854), (0.0012989129, 0.009443164, -0.09091996), (0.0012989137, 0.009488071, -0.09278791), (-0.0011001808, 0.009297411, -0.09232782), (0.0012990488, 0.009303931, -0.09458074), (-0.0011000618, 0.0091402065, -0.094112515), (0.0012993214, 0.008883999, -0.09627174), (-0.0010998088, 0.008753352, -0.09578589), (0.0012997322, 0.008228279, -0.09786088), (-0.0010994598, 0.008201904, -0.097376585), (0.0013002757, 0.0073443595, -0.09931821), (-0.001098959, 0.0073906956, -0.0988443), (0.0013009423, 0.0062474366, -0.100583814), (-0.0010983385, 0.0063721817, -0.10012719), (0.001301731, 0.004939032, -0.101651706), (-0.0010975988, 0.0051472397, -0.10121727), (0.0013026351, 0.0034304883, -0.102519445), (-0.0010967379, 0.0037123016, -0.10211663), (0.001303587, 0.0018353264, -0.1031629), (-0.0010958072, 0.0021542532, -0.10280607), (0.0013045531, 0.00021030211, -0.10356999), (-0.0010948636, 0.0005688442, -0.103263), (0.0013055333, -0.001444585, -0.10374072), (-0.001093907, -0.0010446492, -0.103488095), (0.0013064132, -0.0029343115, -0.10372014), (0.0013073047, -0.0044473, -0.1035518), (-0.0010921999, -0.0039352556, -0.10342335), (0.0013083966, -0.0063055875, -0.103131115), (-0.0010911012, -0.005804676, -0.10303371), (-0.0010901173, -0.0074843657, -0.10244883), (0.0013035293, 0.00096203963, -0.06387638), (0.001298571, 0.009165579, -0.05626841), (0.0012986935, 0.00913729, -0.06351393), (0.0013034529, 0.0012528991, -0.07041689), (0.0012938213, 0.017555334, -0.07048054), (0.001293921, 0.01753229, -0.076382525), (0.0013120928, -0.013225211, -0.07626243), (0.001311993, -0.013202167, -0.07036045), (0.0013077725, -0.0060586063, -0.07038834), (0.0013060102, -0.0031427413, -0.067683354), (0.0013118514, -0.013169474, -0.061987307), (0.0013117442, -0.013144745, -0.05565347), (0.0013053189, -0.0028233838, -0.033267614), (0.0013055156, -0.0030045786, -0.039402373), (-0.0010935618, -0.0032195924, -0.039125122), (0.0013063612, -0.0044414722, -0.039171666), (0.0013071451, -0.0057763816, -0.038838625), (0.0013078672, -0.0070093065, -0.038403254), (0.0013085277, -0.008140249, -0.037865546), (0.0013091263, -0.009169207, -0.037225515), (0.001309663, -0.01009618, -0.03648314), (0.0013101383, -0.010921171, -0.035638425), (0.0013105487, -0.01163942, -0.034687545), (0.0013108918, -0.012246169, -0.03362666), (0.0013111674, -0.012741416, -0.032455765), (0.0013113753, -0.0131251635, -0.031174857), (0.0013115159, -0.01339741, -0.029783951), (0.001311589, -0.013558155, -0.028283034), (0.0013115945, -0.0136074005, -0.026672103), (0.001311562, -0.013580071, -0.025554625), (0.0013115034, -0.013507017, -0.024491258), (-0.0010878214, -0.013296029, -0.024511078), (0.0013113628, -0.013305994, -0.02300444), (-0.0010880306, -0.012989917, -0.022574563), (0.0013110881, -0.012885551, -0.021202402), (-0.0010883264, -0.01253177, -0.020856444), (0.0013107081, -0.012281574, -0.01961575), (-0.001088724, -0.011895747, -0.019356405), (0.0013102187, -0.011487637, -0.018233802), (-0.0010891169, -0.0112664215, -0.01791327), (0.0013096182, -0.010500518, -0.01705122), (-0.0010897454, -0.010231008, -0.016780533), (0.0013089065, -0.00932022, -0.01606801), (-0.0010904849, -0.009002416, -0.015847163), (0.0013081094, -0.0079902485, -0.015296815), (0.0013072789, -0.006597614, -0.014762977), (0.0013064197, -0.005151012, -0.014469031), (0.0013055168, -0.0036242292, -0.014412575), (-0.0010939105, -0.0032336512, -0.014666192), (0.0013045999, -0.0020686672, -0.014568432), (-0.0010948171, -0.0017004104, -0.014632321), (0.0013037767, -0.0006668313, -0.014923398), (-0.0010956167, -0.00033700417, -0.015037065), (0.0013030474, 0.0005812773, -0.0154774785), (-0.0010963228, 0.0008726702, -0.015640922), (0.0013024088, 0.0016806085, -0.016216278), (-0.0010969399, 0.0019365413, -0.01642087), (0.0013018543, 0.002641071, -0.017111039), (-0.0010974734, 0.0028625347, -0.0173539), (0.0013013835, 0.0034636557, -0.018158894), (-0.0010979233, 0.0036506478, -0.018440029), (0.0013009922, 0.0041560414, -0.019374255), (0.0013006369, 0.004795052, -0.020901415), (-0.0010985145, 0.0047248057, -0.021409864), (0.0013003795, 0.0052649546, -0.022286749), (0.0013002127, 0.005573242, -0.02333829), (0.0013000496, 0.0058777835, -0.024485804), (0.00129989, 0.0061785798, -0.025729308), (0.0012997319, 0.0064762156, -0.026952533), (0.0012994941, 0.0069174916, -0.02851429), (-0.0010996492, 0.006834542, -0.029064987), (0.0012991752, 0.0074972343, -0.03014149), (-0.0011001042, 0.007639459, -0.03048006), (0.0012987843, 0.008189445, -0.031371508), (0.0012982752, 0.009068771, -0.03209437), (0.0012975858, 0.010241132, -0.03232261), (0.001296894, 0.011402134, -0.031925317), (0.0012964486, 0.012136726, -0.031145768), (0.0012961361, 0.012640576, -0.03013067), (0.0012959277, 0.0129634, -0.028923538), (0.0012958235, 0.013105197, -0.027524378), (-0.0011035309, 0.013356625, -0.027151665), (0.0012958241, 0.013068984, -0.026095716), (-0.0011033623, 0.013036978, -0.025761876), (0.0012959288, 0.012861173, -0.024866678), (-0.0011032313, 0.012786435, -0.02458607), (0.0012962117, 0.012352156, -0.023640927), (0.001296655, 0.011578884, -0.022705328), (0.0012971584, 0.01071289, -0.022140086), (0.0012977934, 0.009628004, -0.0217226), (-0.0011015813, 0.009925172, -0.02180854), (0.0012983518, 0.008677527, -0.021501832), (0.0012981052, 0.008941613, -0.015312869), (0.001297409, 0.010122687, -0.015416111), (-0.0011017906, 0.01012127, -0.015416147), (0.0012967557, 0.011233639, -0.01563237), (0.0012961455, 0.01227447, -0.015961645), (0.0012955784, 0.013245172, -0.016403934), (0.0012950544, 0.014145758, -0.016959244), (-0.0011040482, 0.013985814, -0.017183658), (0.0012945735, 0.014976222, -0.017627565), (0.0012941357, 0.015736556, -0.018408902), (0.0012937511, 0.016409567, -0.01930492), (0.00129343, 0.016978044, -0.020317273), (0.0012931722, 0.01744199, -0.02144597), (0.0012929782, 0.017801402, -0.022690998), (0.0012928474, 0.01805629, -0.02405238), (0.00129278, 0.018206634, -0.02553009), (0.0012927911, 0.018239615, -0.027619373), (-0.0011062521, 0.017985672, -0.028102813), (0.0012929005, 0.018101435, -0.029515304), (-0.0011061194, 0.017806483, -0.029931912), (0.00129311, 0.017789546, -0.031241203), (-0.0011059084, 0.01749017, -0.031596497), (0.0012934195, 0.01730395, -0.03279707), (0.0012938265, 0.01664947, -0.03417598), (-0.0011052599, 0.016464412, -0.03449707), (0.0012943245, 0.01583577, -0.035364095), (0.0012949135, 0.014863811, -0.03636002), (0.0012955888, 0.013740438, -0.037162166), (-0.0011034335, 0.013443532, -0.037337538), (0.0012963102, 0.012534154, -0.0377548), (0.0012970573, 0.011279204, -0.038130034), (-0.0011019524, 0.010957968, -0.0381967), (0.0012978298, 0.009975592, -0.038287856), (-0.0011011733, 0.009642187, -0.038300168), (0.0012989129, 0.00813917, -0.038149968), (-0.0011000328, 0.007701045, -0.037861522), (0.0012999995, 0.00628573, -0.037565567), (-0.0010990236, 0.0059746196, -0.037120275), (0.0013007427, 0.0050100065, -0.03683914), (0.0013011999, 0.00422051, -0.036201183), (-0.0010980975, 0.0043803533, -0.03602306), (0.0013017715, 0.0032265387, -0.03512938), (-0.001097403, 0.0031713515, -0.034672525), (0.0013023127, 0.0022731416, -0.033612408), (-0.0010968893, 0.002262417, -0.033070236), (0.0013026791, 0.0016174206, -0.032171402), (0.0013029022, 0.0012119204, -0.031049004), (0.0013031096, 0.0008301453, -0.029805288), (0.0013033013, 0.00047210255, -0.028440267), (0.001303501, 0.00009654305, -0.026920065), (-0.0010957546, 0.00017707807, -0.026400778), (0.0013037267, -0.00032622233, -0.025272591), (0.001303938, -0.0007182078, -0.02387732), (0.0013041948, -0.0011830665, -0.022650514), (0.0013045756, -0.0018541565, -0.021577673), (0.0013051017, -0.0027618255, -0.020873731), (-0.0010941755, -0.002630824, -0.020919912), (0.001305664, -0.0037199887, -0.02061143), (0.001306393, -0.0049509425, -0.020729847), (0.0013070361, -0.0060274387, -0.021217445), (0.0013075072, -0.0068078674, -0.021897746), (-0.0010915792, -0.0069957385, -0.022098955), (0.0013079157, -0.0074762525, -0.022824837), (-0.0010911953, -0.0076211286, -0.023087047), (0.0013082109, -0.007946969, -0.02399476), (-0.0010909296, -0.0080402875, -0.024317585), (0.0013083877, -0.008211454, -0.02540713), (-0.0010906209, -0.008526904, -0.025771368), (0.0013084445, -0.008267886, -0.027010955), (-0.0010905949, -0.008529942, -0.027424192), (0.0013083663, -0.008098763, -0.028488418), (-0.0010908706, -0.008028658, -0.028834157), (0.0013081469, -0.007695711, -0.02977657), (-0.0010911252, -0.0075671244, -0.030074982), (0.0013077866, -0.007058731, -0.030875413), (0.0013072796, -0.0061781914, -0.03178713), (0.0013066146, -0.005034831, -0.032516073), (-0.0010927104, -0.004814579, -0.03289516), (0.0013060166, -0.0040118406, -0.03294883), (0.00129767, 0.009373631, -0.0029825834), (0.0012930207, 0.017242946, -0.0030133089), (-0.0011061789, 0.01724153, -0.003013344), (0.0012951617, 0.013765081, -0.008901801), (0.0012977698, 0.009350587, -0.008884565), (0.0012978151, 0.009340095, -0.01157165), (0.0013005934, 0.0046377005, -0.01155329), (0.0013005481, 0.004648192, -0.008866205), (0.0013065399, -0.0054937117, -0.008824692), (-0.0010929153, -0.005068433, -0.008588386), (0.0013074432, -0.007023284, -0.00879577), (-0.0010919569, -0.006685136, -0.008806694), (0.0013082766, -0.008435602, -0.008716942), (0.0013089714, -0.009615845, -0.008545102), (0.0013096774, -0.010820111, -0.008163183), (0.0013102806, -0.011857781, -0.007487141), (0.0013106834, -0.012561817, -0.006583394), (0.001310944, -0.013028362, -0.0055451887), (0.0013110982, -0.013318701, -0.004357978), (0.0013111391, -0.013414653, -0.0032840273), (0.0013110937, -0.013370001, -0.0019803797), (-0.001088084, -0.01339981, -0.0023331246), (0.0013109642, -0.013184573, -0.00061407156), (-0.0010881926, -0.013250313, -0.00094455073), (0.001310751, -0.012855416, 0.00066317536), (-0.0010883848, -0.012957089, 0.00035496103), (0.001310539, -0.012518719, 0.001565449), (0.0013079336, -0.008086278, 0.0006306975), (-0.0010913572, -0.007943414, 0.0010436999), (0.0013081538, -0.008428506, -0.0006082056), (0.0013081784, -0.008441836, -0.0017472128), (0.0013078582, -0.00787955, -0.0025836604), (0.0013073492, -0.007011009, -0.0028589128), (0.0013067251, -0.0059535205, -0.0029076221), (0.0013059693, -0.004674021, -0.0029265722), (-0.0010930138, -0.005041761, -0.0029240146), (0.0013004482, 0.004671236, -0.002964223), (0.0013003801, 0.0046869735, 0.0010663992), (0.0012976018, 0.009389368, 0.0010480388), (-0.0010921814, -0.006803953, 0.011370504), (0.0013070047, -0.006779932, 0.011386155), (0.0013061686, -0.005341738, 0.010449282), (-0.0010927697, -0.005783733, 0.010381515), (0.0013053194, -0.003893275, 0.009993881), (-0.0010936039, -0.004357789, 0.009810018), (0.0013043161, -0.0021904244, 0.009794488), (-0.0010945987, -0.0026680087, 0.009572925), (0.0013032524, -0.0003915523, 0.009851713), (-0.0010957002, -0.0008046712, 0.009599858), (0.0013023154, 0.0011866109, 0.010166795), (-0.0010966994, 0.0008809169, 0.00982281), (0.0013015235, 0.0025123984, 0.010739862), (-0.0010975573, 0.0023196724, 0.010349876), (-0.0010981789, 0.003347582, 0.011330867), (-0.0010992532, 0.005086166, 0.014562106), (0.0012999193, 0.005109337, 0.015528823), (-0.001099275, 0.0050911987, 0.015851038), (0.0013000261, 0.004898388, 0.016757581), (0.0013003047, 0.004399308, 0.017865852), (0.0013007553, 0.0036120964, 0.01885363), (0.0013013711, 0.0025494422, 0.019679094), (-0.0010977138, 0.00234519, 0.020038845), (0.0013021384, 0.0012367254, 0.020258607), (-0.0010968898, 0.0009368446, 0.020604093), (0.0013030556, -0.00032351518, 0.020583801), (-0.0010959104, -0.0007271957, 0.020872647), (0.0013041111, -0.0021116054, 0.020654604), (-0.0010948093, -0.0025903468, 0.02084573), (0.0013051319, -0.0038348064, 0.02046987), (-0.0010938003, -0.004292473, 0.020624759), (0.0013060033, -0.005298766, 0.020028844), (-0.0010929367, -0.0057413257, 0.020101475), (0.0013067253, -0.0065034837, 0.019331519), (0.0013072921, -0.00744023, 0.01841963), (0.0013076921, -0.00809154, 0.017376663), (0.0013079243, -0.008455668, 0.016210958), (-0.0010912381, -0.008512219, 0.015904153), (0.0013079884, -0.008532555, 0.01493761), (-0.0010912163, -0.008517252, 0.014615218), (0.0013078818, -0.008321611, 0.013707573), (0.0013076031, -0.007822542, 0.012596308), (-0.0010910686, -0.008550706, 0.005845411), (0.0013077741, -0.007929621, 0.005220731), (0.0013087908, -0.009680029, 0.0064188885), (-0.0010903275, -0.009830239, 0.00686808), (0.0013094551, -0.010834419, 0.0076307175), (-0.0010897113, -0.010903596, 0.008101692), (0.0013099916, -0.0117774205, 0.009059118), (-0.0010892185, -0.01177333, 0.009550413), (0.0013103978, -0.012504441, 0.010650596), (-0.0010888523, -0.012432385, 0.011134277), (0.0013106703, -0.013006296, 0.012298164), (-0.0010886177, -0.012869417, 0.012762231), (0.0013108086, -0.01328207, 0.013991121), (-0.0010885149, -0.013084574, 0.014434769), (0.0013108283, -0.013347597, 0.015289201), (0.0013107648, -0.013274388, 0.0166685), (0.0013106226, -0.013065807, 0.017978376), (0.0013104011, -0.012721852, 0.019218823), (0.0013101008, -0.012242525, 0.020389834), (0.0013097216, -0.011627824, 0.021491425), (0.0013092633, -0.010877748, 0.022523582), (0.001308726, -0.0099923, 0.023486307), (0.0013081296, -0.009004134, 0.024347626), (0.0013074937, -0.007945904, 0.025075568), (0.0013068184, -0.0068176095, 0.025670135), (0.0013061035, -0.0056192535, 0.026131315), (0.0013053493, -0.0043508317, 0.02645913), (0.0013045557, -0.003012347, 0.02665356), (0.0013037225, -0.001603801, 0.026714608), (0.0013028987, -0.00020776699, 0.026643245), (0.0013021188, 0.0011171694, 0.026440348), (0.0013013828, 0.0023710083, 0.026105907), (0.0013006908, 0.0035537488, 0.025639918), (0.0013000427, 0.004665394, 0.025042398), (0.0012994385, 0.0057059396, 0.024313327), (0.0012988782, 0.006675385, 0.023452712), (0.0012983802, 0.0075421734, 0.022489358), (0.0012979625, 0.008274743, 0.021452056), (0.0012976251, 0.008873094, 0.02034081), (0.0012973682, 0.0093372185, 0.019155616), (0.0012971916, 0.0096671395, 0.017896477), (0.0012970956, 0.009862827, 0.01656339), (0.0012970964, 0.009907735, 0.014695412), (-0.0011019578, 0.009648472, 0.015155256), (0.0012972312, 0.0097235935, 0.012902577), (-0.0011018793, 0.009559872, 0.013370809), (0.0012975041, 0.009303662, 0.011211589), (-0.0011016455, 0.009205975, 0.01168795), (0.0012979148, 0.008647941, 0.009622448), (-0.0011012772, 0.008621567, 0.010106762), (0.0012984583, 0.0077640223, 0.008165113), (-0.0011007764, 0.007810358, 0.008639035), (0.0012991249, 0.0066671, 0.0068995086), (-0.0011001559, 0.0067918445, 0.0073561366), (0.0012999136, 0.0053586946, 0.005831628), (-0.001099416, 0.005566905, 0.0062660775), (0.0013008175, 0.0038501516, 0.0049638827), (-0.0010985552, 0.004131965, 0.005366693), (0.0013017695, 0.0022549895, 0.004320427), (-0.0010976244, 0.0025739172, 0.004677266), (0.0013027355, 0.0006299652, 0.003913333), (-0.0010966811, 0.0009885087, 0.0042203264), (0.0013037159, -0.0010249219, 0.0037426066), (-0.0010957253, -0.0006226877, 0.003961022), (0.0013045957, -0.0025146485, 0.003763189), (0.0013054874, -0.004027637, 0.0039315196), (-0.0010940233, -0.0035072472, 0.004128044), (0.0013065791, -0.005885924, 0.0043522124), (-0.001092913, -0.0053938148, 0.0044164597), (-0.0010919347, -0.007064704, 0.0050345124), (-0.0010989128, 0.0037909409, 0.04365598), (0.0013000935, 0.004134564, 0.043037523), (0.0012971405, 0.009078571, 0.045215547), (-0.0011019766, 0.008930903, 0.045483314), (0.0012968644, 0.009572885, 0.04413278), (-0.0011022798, 0.009470561, 0.04440633), (0.0012966956, 0.009885821, 0.043026846), (0.0012966386, 0.010015492, 0.041669402), (0.0012967336, 0.0098847, 0.04045451), (-0.00110252, 0.009965843, 0.040825233), (0.0012969801, 0.009494121, 0.039404694), (0.0012974247, 0.008766058, 0.038411826), (0.0012980299, 0.0077633765, 0.037525762), (-0.0011010235, 0.0075194384, 0.037341002), (0.0012986887, 0.0066673374, 0.03676429), (-0.0011003275, 0.0063604196, 0.036568254), (0.0012970014, 0.009528007, 0.036555927), (0.0012970938, 0.009506649, 0.031085797), (0.0013102762, -0.012805735, 0.031172914), (0.0013101764, -0.012782691, 0.037074905), (0.0013061069, -0.005894793, 0.037048012), (0.0013051932, -0.0043483917, 0.03705194), (0.0013043734, -0.0029613636, 0.037076402), (0.0013036472, -0.0017337063, 0.03712141), (0.001302746, -0.00021096975, 0.03723002), (-0.0010961908, -0.00065084285, 0.03698188), (0.0013018571, 0.001288105, 0.03744331), (0.0013011361, 0.0024993122, 0.037816834), (0.0013005015, 0.0035590148, 0.03838674), (0.0013000508, 0.004301154, 0.039227344), (0.0012998002, 0.0046958695, 0.040412772), (0.0012998048, 0.004657581, 0.041655004), (-0.0010931273, -0.0065738456, 0.06684891), (0.0013065902, -0.0074400054, 0.06648427), (0.0013058414, -0.0060332483, 0.06083906), (0.001306529, -0.0071834205, 0.060288187), (0.0013070212, -0.007998689, 0.059566364), (0.0013073356, -0.008508483, 0.05867739), (0.0013074891, -0.008742223, 0.057625134), (-0.0010916891, -0.008770644, 0.057244126), (0.0013074809, -0.008698387, 0.05640513), (-0.0010917404, -0.008656392, 0.056134492), (0.0013073231, -0.008405941, 0.055377107), (0.0013070233, -0.007875903, 0.054457914), (-0.0010922689, -0.007715111, 0.054241676), (0.0013065832, -0.007111231, 0.05365396), (-0.0010927428, -0.006894001, 0.05347136), (0.0013060194, -0.006141511, 0.053029634), (0.0013053401, -0.004981535, 0.052617125), (0.0013045451, -0.0036313056, 0.052416444), (0.0013040821, -0.0032122622, 0.06717172), (0.001302981, -0.0013480074, 0.067139156), (0.0013019664, 0.00037322496, 0.06698462), (0.0013010378, 0.001951437, 0.06670814), (0.0013001956, 0.003386625, 0.066309646), (0.0012994397, 0.0046788, 0.06578921), (0.0012987702, 0.0058279443, 0.06514679), (0.0012981868, 0.006834067, 0.06438238), (0.001297687, 0.007701528, 0.06351442), (0.0012972677, 0.008434679, 0.062561296), (0.001296929, 0.00903352, 0.06152301), (0.0012966709, 0.0094980495, 0.060399547), (0.0012964935, 0.009828279, 0.05919096), (0.0012963966, 0.010024191, 0.057897177), (0.0012963804, 0.010085793, 0.056518245), (0.001296439, 0.010017008, 0.055284202), (0.0012965723, 0.009820536, 0.054113206), (0.00129678, 0.00949638, 0.053005256), (0.0012970621, 0.009044531, 0.051960353), (0.0012974188, 0.008465006, 0.050978526), (0.0012978502, 0.007757786, 0.050059725), (0.0012983559, 0.0069228807, 0.049203977), (0.001298927, 0.0059753614, 0.048439063), (0.0012995539, 0.0049303044, 0.047792785), (0.0013002367, 0.0037877064, 0.047265142), (0.0013009754, 0.0025475647, 0.04685611), (0.0013017701, 0.0012098881, 0.046565723), (0.0013026206, -0.00022533543, 0.046393957), (0.001303527, -0.0017580966, 0.046340812), (0.0013042893, -0.0030492411, 0.04639079), (0.0013050115, -0.0042750062, 0.046530396), (0.0013056936, -0.0054353885, 0.046759628), (0.001306336, -0.0065303957, 0.047078468), (0.0013069385, -0.0075600185, 0.04748697), (0.001307501, -0.008524263, 0.04798506), (0.0013080235, -0.009423129, 0.048572786), (0.0013086037, -0.01042647, 0.049435213), (0.0013090903, -0.011274453, 0.050420303), (0.0013094834, -0.01196708, 0.051528055), (0.001309783, -0.0125043485, 0.052758455), (0.0013099888, -0.012886261, 0.054111548), (0.0013101011, -0.013112815, 0.055587266), (0.0013101199, -0.013184014, 0.057185657), (-0.0010892216, -0.012945313, 0.057186473), (0.0013100436, -0.013092414, 0.058695596), (-0.0010893143, -0.012836965, 0.05915169), (0.00130981, -0.012742385, 0.060541082), (-0.0010896208, -0.0123613365, 0.06089163), (0.0013094175, -0.012118887, 0.062185235), (-0.0010900049, -0.0117502455, 0.062471118), (0.0013088674, -0.011223404, 0.0636272), (-0.0010905949, -0.010784718, 0.063806444), (0.0013081684, -0.010070813, 0.06485839), (-0.0010913098, -0.009602922, 0.06495165), (0.0013075538, -0.0090503255, 0.065647356), (-0.0010921677, -0.008174308, 0.065890215), (0.0013018465, 0.0007171214, 0.061281066), (0.0013020061, 0.0006640618, 0.052492432), (0.001301261, 0.0019215349, 0.05263243), (-0.0010977639, 0.0016262267, 0.05257116), (0.0013006097, 0.0030151885, 0.05298226), (-0.0010984387, 0.0027608336, 0.052868534), (0.0013000522, 0.0039450196, 0.053541925), (-0.0010990198, 0.0037316224, 0.053375747), (0.0012996008, 0.0046905577, 0.054280117), (0.0012992809, 0.0052108597, 0.0551351), (0.001299095, 0.005501834, 0.056100786), (0.0012990576, 0.005533307, 0.05739187), (0.0012992756, 0.005130394, 0.058774382), (0.0012996739, 0.004431116, 0.05977927), (0.0013001419, 0.0036224558, 0.060446903), (0.0013007324, 0.002611363, 0.06092655), (0.0013012512, 0.0017271775, 0.061164636), (0.001291232, 0.01790461, 0.0927129), (0.0012913367, 0.017880442, 0.086523026), (0.0013093383, -0.0125891585, 0.086642), (0.0013089724, -0.012504664, 0.10828261), (0.0013059106, -0.0073224343, 0.108262375), (0.001306172, -0.0073827608, 0.09281164), (0.0013036738, -0.003780493, 0.11812765), (0.0013033203, -0.0032118002, 0.11932636), (0.0013031302, -0.0029160494, 0.12038286), (0.0013029347, -0.0026176611, 0.12168637), (0.0013027494, -0.0023347454, 0.12292821), (-0.0010964059, -0.0024038255, 0.122644715), (0.0013025436, -0.0020168717, 0.12416551), (0.0013023965, -0.0017871024, 0.1249393), (0.0013032502, -0.0032319536, 0.124942586), (0.0013039846, -0.004473957, 0.12490424), (0.0013046935, -0.00566965, 0.12473938), (0.0013053046, -0.006692978, 0.12429406), (0.0013057785, -0.0074779135, 0.123603724), (0.0013062288, -0.008212068, 0.122482516), (0.001306513, -0.008660909, 0.12117808), (0.0013065751, -0.008734272, 0.119888596), (0.0013064322, -0.008465904, 0.118817), (0.0013060952, -0.0078735445, 0.117932245), (0.0013055316, -0.006902788, 0.1172487), (0.001304867, -0.0057718223, 0.117003635), (0.0013042855, -0.00479315, 0.11721373), (-0.0010989193, 0.0018072092, 0.12437044), (0.0013000522, 0.0021852728, 0.12475441), (0.0013004438, 0.0015547349, 0.1234483), (0.0013007147, 0.0011366184, 0.121810995), (-0.0010984374, 0.0010422545, 0.12232083), (0.0013009285, 0.0008113101, 0.120323606), (0.0013011346, 0.0005010611, 0.11877052), (-0.0010979844, 0.00035157675, 0.11924107), (0.0013013729, 0.0001367893, 0.11719539), (-0.0010977513, -0.0000026119355, 0.11761706), (0.0013016262, -0.0002590666, 0.1158553), (0.001301895, -0.00068650325, 0.11475025), (-0.0010973737, -0.00057711435, 0.11499712), (0.0013022819, -0.0013137851, 0.113643885), (0.0013028713, -0.0022845487, 0.112562545), (0.0013035998, -0.0034977559, 0.11175458), (0.0013044273, -0.0048860298, 0.11126218), (0.0013051782, -0.006152641, 0.11109812), (0.0013060222, -0.0075836037, 0.11119583), (0.0013068557, -0.0090045305, 0.11160678), (0.0013075891, -0.010263898, 0.11234144), (0.0013082172, -0.011352787, 0.11339436), (0.0013086877, -0.012181968, 0.1147117), (-0.0010905501, -0.01212974, 0.115160525), (0.0013089752, -0.012706831, 0.11626651), (-0.0010903159, -0.012564718, 0.11672569), (0.0013090794, -0.012927377, 0.118058756), (0.0013090464, -0.012903705, 0.11936226), (0.0013089394, -0.012749348, 0.120431505), (0.0013087624, -0.012474996, 0.121462695), (0.0013085149, -0.012080657, 0.12245593), (0.001308197, -0.011566396, 0.12341336), (0.0013078088, -0.010932249, 0.12433598), (0.0013074517, -0.010356485, 0.12550396), (-0.0010912892, -0.011146958, 0.1260182), (0.0013082288, -0.01168325, 0.1259655), (0.0013086158, -0.012343949, 0.12619407), (0.001308309, -0.011963868, 0.13182761), (-0.0010906288, -0.012413345, 0.13203448), (0.0013075462, -0.010659925, 0.13130777), (0.0013068165, -0.009416551, 0.13096794), (-0.0010921031, -0.009888303, 0.13082258), (0.0013061148, -0.008224833, 0.13079317), (0.0013053847, -0.0069868937, 0.13070737), (-0.0010936136, -0.0073293005, 0.1307231), (0.0013045049, -0.005496919, 0.13066685), (-0.00109445, -0.005906925, 0.1304314), (0.0013001974, 0.0017916027, 0.13073146), (0.001299298, 0.0033149456, 0.13068533), (-0.0010996138, 0.0028308947, 0.13050573), (0.0012982938, 0.005018668, 0.13051793), (-0.0011006839, 0.0046404297, 0.13057564), (0.0012975235, 0.0063295197, 0.1302235), (0.001296864, 0.007459686, 0.12965775), (0.0012963369, 0.008371991, 0.12883855), (0.0012959756, 0.00900502, 0.1279656), (0.0012956688, 0.009550636, 0.1268972), (-0.0011035989, 0.009671932, 0.12660009), (0.0012954441, 0.009964622, 0.12554456), (-0.0011036596, 0.009811583, 0.12512088), (0.0012953149, 0.010224863, 0.12386323), (-0.0011037837, 0.010064186, 0.12338619), (0.0012952777, 0.010323955, 0.12239685), (0.0012952847, 0.010338767, 0.12130966), (0.001295324, 0.010302177, 0.12011129), (0.0012953994, 0.010202109, 0.11900063), (0.0012955847, 0.00992505, 0.117510065), (-0.0011033864, 0.009546641, 0.11711936), (0.0012959528, 0.009344046, 0.11581503), (0.0012964667, 0.008507787, 0.11446223), (0.0012971355, 0.0074029425, 0.11336588), (-0.0011017972, 0.0069511603, 0.11331389), (0.0012979638, 0.0060228356, 0.112483144), (-0.001100953, 0.0055422257, 0.11250758), (0.0012989517, 0.0043674726, 0.111813955), (0.0012994459, 0.0033988422, 0.117169484), (0.0012988098, 0.004461269, 0.11773764), (0.0012983268, 0.0052584806, 0.118571855), (0.0012980509, 0.005697968, 0.119671546), (0.0012979645, 0.0058193323, 0.12066936), (0.0012979636, 0.0057927165, 0.12181334), (0.0012980683, 0.0055851215, 0.12305132), (0.001298415, 0.0049706334, 0.1241618), (0.0012990213, 0.003930307, 0.124750815), (0.0012994976, 0.003120257, 0.12490296), (-0.0010932081, -0.0084064435, 0.14652453), (0.0013058312, -0.008150711, 0.1472154), (0.001305691, -0.007872985, 0.14558347), (-0.0010934438, -0.007973543, 0.14516832), (0.0013053144, -0.007206838, 0.14441511), (-0.0010939003, -0.0071716676, 0.14398164), (0.0013047087, -0.006156789, 0.14341025), (-0.0010946708, -0.0058477074, 0.14317943), (0.0013040619, -0.0050461497, 0.14276335), (-0.001095308, -0.0047562732, 0.14263938), (0.0013032922, -0.0037334948, 0.1423564), (-0.0010960893, -0.0034185157, 0.14200674), (0.0013023458, -0.0021258714, 0.14212689), (-0.0010971013, -0.0017013993, 0.14185198), (0.0013012522, -0.00027399484, 0.1420782), (-0.0010982257, 0.00020127506, 0.14185113), (0.0013002405, 0.0014341836, 0.14224409), (-0.00109922, 0.0018784286, 0.14208025), (0.0012993898, 0.0028642323, 0.14264111), (-0.0011000023, 0.0031855628, 0.14276925), (0.0012987, 0.004016153, 0.14326932), (-0.0011006519, 0.0042679477, 0.14345522), (0.0012981698, 0.004893054, 0.1440932), (-0.0011011426, 0.0050771865, 0.14431563), (0.0012977966, 0.0055011697, 0.14504197), (-0.0011014767, 0.005618258, 0.14529383), (0.0012975802, 0.0058411197, 0.14610852), (-0.0011016539, 0.0058911676, 0.14638983), (0.0012975208, 0.0059124343, 0.14728357), (-0.0011016735, 0.0058949757, 0.1475851), (0.0012976236, 0.0057102875, 0.14842685), (0.0012978913, 0.005232166, 0.1494442), (-0.0011012207, 0.0050767236, 0.14968278), (0.0012983239, 0.004478073, 0.15033564), (-0.0011007469, 0.004253635, 0.1505427), (0.0012989352, 0.003425392, 0.15107009), (-0.0011001378, 0.0032012858, 0.15141568), (0.0012997529, 0.0020288948, 0.15158547), (-0.001099249, 0.001684375, 0.1519211), (0.0013007794, 0.00028406314, 0.1518756), (-0.0010981496, -0.00018233214, 0.1521595), (0.0013019714, -0.001734831, 0.15194024), (0.0013030455, -0.003548907, 0.15177861), (-0.0010963854, -0.0031661366, 0.15208542), (0.0013039386, -0.005050682, 0.15139087), (-0.0010954223, -0.0047877193, 0.15174523), (0.0013046504, -0.006240156, 0.15077698), (0.0013051878, -0.0071300236, 0.14997777), (-0.0010941259, -0.006943569, 0.1501915), (0.0013055648, -0.0077456688, 0.14907503), (-0.0010937091, -0.0076271365, 0.14931262), (0.001305748, -0.0080376025, 0.1483384), (0.001306622, -0.009359155, 0.14196025), (0.0013071712, -0.0103091635, 0.14279337), (-0.0010925404, -0.00942467, 0.14200969), (-0.0010919025, -0.010529192, 0.14301203), (0.0013076299, -0.011108037, 0.14370981), (-0.0010914665, -0.011290281, 0.14394931), (0.001307998, -0.011755778, 0.14470957), (-0.0010911209, -0.01190024, 0.14496988), (0.0013082754, -0.012251522, 0.14576906), (0.0013084619, -0.012593539, 0.14684118), (0.0013085572, -0.012781659, 0.14792122), (0.0013085719, -0.01282656, 0.14873616), (0.0013085162, -0.01275943, 0.14982028), (0.0013083874, -0.0125667, 0.1508564), (-0.001090949, -0.012335051, 0.15079741), (0.0013081849, -0.012248365, 0.15184455), (0.0013079088, -0.011804428, 0.15278465), (-0.0010914135, -0.011595411, 0.15266839), (0.0013075592, -0.011234887, 0.15367681), (0.0013071361, -0.010539743, 0.1545209), (0.0013066395, -0.009718995, 0.15531704), (0.0013060756, -0.008782162, 0.15603353), (0.0013054502, -0.007738764, 0.15663883), (0.0013047635, -0.006588798, 0.15713294), (0.0013040155, -0.005332267, 0.15751578), (0.0013032062, -0.0039691655, 0.1577875), (0.0013023354, -0.0024995008, 0.15794794), (0.0013014034, -0.0009232693, 0.15799718), (0.0013005045, 0.0005994318, 0.15793695), (0.0012996695, 0.0020168987, 0.15776856), (0.0012988981, 0.0033291322, 0.15749198), (0.0012981907, 0.004536126, 0.15710722), (0.0012975469, 0.005637892, 0.15661435), (0.0012969668, 0.006634417, 0.1560133), (0.0012964506, 0.0075257076, 0.15530406), (0.0012960022, 0.008304152, 0.15451233), (0.0012956258, 0.008962137, 0.15366378), (0.0012953214, 0.009499667, 0.15275843), (-0.0011037501, 0.009284176, 0.15264902), (0.001295089, 0.009916734, 0.15179628), (0.0012949286, 0.010213354, 0.15077728), (0.0012948402, 0.010389506, 0.14970148), (0.0012948238, 0.0104452, 0.14856884), (-0.001104254, 0.010237811, 0.14857039), (0.001294879, 0.01037779, 0.14752452), (0.0012950082, 0.010183878, 0.14652172), (-0.0011040547, 0.009949885, 0.14658265), (0.0012952115, 0.009863474, 0.14556038), (0.001295489, 0.009416557, 0.14464058), (-0.0011035886, 0.009205963, 0.14475903), (0.0012958407, 0.00884315, 0.14376229), (0.0012962664, 0.008143239, 0.14292547), (0.0012967663, 0.007316822, 0.14213017), (0.0012902269, 0.018385293, 0.14208695), (0.0012903268, 0.018362248, 0.13618496), (0.0013084986, -0.0123952525, 0.13630505), (0.0013084061, -0.012373894, 0.14177518), (-0.0010994363, 0.0026568125, 0.12540177)]
}

