#usda 1.0
(
    defaultPrim = "SM_Socket_23"
    upAxis = "Z"
)

def Mesh "SM_Socket_23"
{
    int[] faceVertexCounts = [3, 3, 3, 3, 3, 3, 3, 3, 3, 3, 3, 3, 3, 3, 3, 3, 3, 3, 3, 3, 3, 3, 3, 3, 3, 3, 3, 3, 3, 3, 3, 3, 3, 3, 3, 3, 3, 3, 3, 3, 3, 3, 3, 3, 3, 3, 3, 3, 3, 3, 3, 3, 3, 3, 3, 3, 3, 3, 3, 3, 3, 3, 3, 3, 3, 3, 3, 3, 3, 3, 3, 3, 3, 3, 3, 3, 3, 3, 3, 3, 3, 3, 3, 3, 3, 3, 3, 3, 3, 3, 3, 3, 3, 3, 3, 3, 3, 3, 3, 3, 3, 3, 3, 3, 3, 3, 3, 3, 3, 3, 3, 3, 3, 3, 3, 3, 3, 3, 3, 3, 3, 3, 3, 3, 3, 3, 3, 3, 3, 3, 3, 3, 3, 3, 3, 3, 3, 3, 3, 3, 3, 3, 3, 3, 3, 3, 3, 3, 3, 3, 3, 3, 3, 3, 3, 3, 3, 3, 3, 3, 3, 3, 3, 3, 3, 3, 3, 3, 3, 3, 3, 3, 3, 3, 3, 3, 3, 3, 3, 3, 3, 3, 3, 3, 3, 3, 3, 3, 3, 3, 3, 3, 3, 3, 3, 3, 3, 3, 3, 3, 3, 3, 3, 3, 3, 3, 3, 3, 3, 3, 3, 3, 3, 3, 3, 3, 3, 3, 3, 3, 3, 3, 3, 3, 3, 3, 3, 3, 3, 3, 3, 3, 3, 3, 3, 3, 3, 3, 3, 3, 3, 3, 3, 3, 3, 3, 3, 3, 3, 3, 3, 3, 3, 3, 3, 3, 3, 3, 3, 3, 3, 3, 3, 3, 3, 3, 3, 3, 3, 3, 3, 3, 3, 3, 3, 3, 3, 3, 3, 3, 3, 3, 3, 3, 3, 3, 3, 3, 3, 3, 3, 3, 3, 3, 3, 3, 3, 3, 3, 3, 3, 3, 3, 3, 3, 3, 3, 3, 3, 3, 3, 3, 3, 3, 3, 3, 3, 3, 3, 3, 3, 3, 3, 3, 3, 3, 3, 3, 3, 3, 3, 3, 3, 3, 3, 3, 3, 3, 3, 3, 3, 3, 3, 3, 3, 3, 3, 3, 3, 3, 3, 3, 3, 3, 3, 3, 3, 3, 3, 3, 3, 3, 3, 3, 3, 3, 3, 3, 3, 3, 3, 3, 3, 3, 3, 3, 3, 3, 3, 3, 3, 3, 3, 3, 3, 3, 3, 3, 3, 3, 3, 3, 3, 3, 3, 3, 3, 3, 3, 3, 3, 3, 3, 3, 3, 3, 3, 3, 3, 3, 3, 3, 3, 3, 3, 3, 3, 3, 3, 3, 3, 3, 3, 3, 3, 3, 3, 3, 3, 3, 3, 3, 3, 3, 3, 3, 3, 3, 3, 3, 3, 3, 3, 3, 3, 3, 3, 3, 3, 3, 3, 3, 3, 3, 3, 3, 3, 3, 3, 3, 3, 3, 3, 3, 3, 3, 3, 3, 3, 3, 3, 3, 3, 3, 3, 3, 3, 3, 3, 3, 3, 3, 3, 3, 3, 3, 3, 3, 3, 3, 3, 3, 3, 3, 3, 3, 3, 3, 3, 3, 3, 3, 3, 3, 3, 3, 3, 3, 3, 3, 3, 3, 3, 3, 3, 3, 3, 3, 3, 3, 3, 3, 3, 3, 3, 3, 3, 3, 3, 3, 3, 3, 3, 3, 3, 3, 3, 3, 3, 3, 3, 3, 3, 3, 3, 3, 3, 3, 3, 3, 3, 3, 3, 3, 3, 3, 3, 3, 3, 3, 3, 3, 3, 3, 3, 3, 3, 3, 3, 3, 3, 3, 3, 3, 3, 3, 3, 3, 3, 3, 3, 3, 3, 3, 3, 3, 3, 3, 3, 3, 3, 3, 3, 3, 3, 3, 3, 3, 3, 3, 3, 3, 3, 3, 3, 3, 3, 3, 3, 3, 3, 3, 3, 3, 3, 3, 3, 3, 3, 3, 3, 3, 3, 3, 3, 3, 3, 3, 3, 3, 3, 3, 3, 3, 3, 3, 3, 3, 3, 3, 3, 3, 3, 3, 3, 3, 3, 3, 3, 3, 3, 3, 3, 3, 3, 3, 3, 3, 3, 3, 3, 3, 3, 3, 3, 3, 3, 3, 3, 3, 3, 3, 3, 3, 3, 3, 3, 3, 3, 3, 3, 3, 3, 3, 3, 3, 3, 3, 3, 3, 3, 3, 3, 3, 3, 3, 3, 3, 3, 3, 3, 3, 3, 3, 3, 3, 3, 3, 3, 3, 3, 3, 3, 3, 3, 3, 3, 3, 3, 3, 3, 3, 3, 3, 3, 3, 3, 3, 3, 3, 3, 3, 3, 3, 3, 3, 3, 3, 3, 3, 3, 3, 3, 3, 3, 3, 3, 3, 3, 3, 3, 3, 3, 3, 3, 3, 3, 3, 3, 3, 3, 3, 3, 3, 3, 3, 3, 3, 3, 3, 3, 3, 3, 3, 3, 3, 3, 3, 3, 3, 3, 3, 3, 3, 3, 3, 3, 3, 3, 3, 3, 3, 3, 3, 3, 3, 3, 3, 3, 3, 3, 3, 3, 3, 3, 3, 3, 3, 3, 3, 3, 3, 3, 3, 3, 3, 3, 3, 3, 3, 3, 3, 3, 3, 3, 3, 3, 3, 3, 3, 3, 3, 3, 3, 3, 3, 3, 3, 3, 3, 3, 3, 3, 3, 3, 3, 3, 3, 3, 3, 3, 3, 3, 3, 3, 3, 3, 3, 3, 3, 3, 3, 3, 3, 3, 3, 3, 3, 3, 3, 3, 3, 3, 3, 3, 3, 3, 3, 3, 3, 3, 3, 3, 3, 3, 3, 3, 3, 3, 3, 3, 3, 3, 3, 3, 3, 3, 3, 3, 3, 3, 3, 3, 3, 3, 3, 3, 3, 3, 3, 3, 3, 3, 3, 3, 3, 3, 3, 3, 3, 3, 3, 3, 3, 3, 3, 3, 3, 3, 3, 3, 3, 3, 3, 3, 3, 3, 3, 3, 3, 3, 3, 3, 3, 3, 3, 3, 3, 3, 3, 3, 3, 3, 3, 3, 3, 3, 3, 3, 3, 3, 3, 3, 3, 3, 3, 3, 3, 3, 3, 3, 3, 3, 3, 3, 3, 3, 3, 3, 3, 3, 3, 3, 3, 3, 3, 3, 3, 3, 3, 3, 3, 3, 3, 3, 3, 3, 3, 3, 3, 3, 3, 3, 3, 3, 3, 3, 3, 3, 3, 3, 3, 3, 3, 3, 3, 3, 3, 3, 3, 3, 3, 3, 3, 3, 3, 3, 3, 3, 3, 3, 3, 3, 3, 3, 3, 3, 3, 3, 3, 3, 3, 3, 3, 3, 3, 3, 3, 3, 3, 3, 3, 3, 3, 3, 3, 3, 3, 3, 3, 3, 3, 3, 3, 3, 3, 3, 3, 3, 3, 3, 3, 3, 3, 3, 3, 3, 3, 3, 3, 3, 3, 3, 3, 3, 3, 3, 3, 3, 3, 3, 3, 3, 3, 3, 3, 3, 3, 3, 3, 3, 3, 3, 3, 3, 3, 3, 3, 3, 3, 3, 3, 3, 3, 3, 3, 3, 3, 3, 3, 3, 3, 3, 3, 3, 3, 3, 3, 3, 3, 3, 3, 3, 3, 3, 3, 3, 3, 3, 3, 3, 3, 3, 3, 3, 3, 3, 3, 3, 3, 3, 3, 3, 3, 3, 3, 3, 3, 3, 3, 3, 3, 3, 3, 3, 3, 3, 3, 3, 3, 3, 3, 3, 3, 3, 3, 3, 3, 3, 3, 3, 3, 3, 3, 3, 3, 3, 3, 3, 3, 3, 3, 3, 3, 3, 3, 3, 3, 3, 3, 3, 3, 3, 3, 3, 3, 3, 3, 3, 3, 3, 3, 3, 3, 3, 3, 3, 3, 3, 3, 3, 3, 3, 3, 3, 3, 3, 3, 3, 3, 3, 3, 3, 3, 3, 3, 3, 3, 3, 3, 3, 3, 3, 3, 3, 3, 3, 3, 3, 3, 3, 3, 3, 3, 3, 3, 3, 3, 3, 3, 3, 3, 3, 3, 3, 3, 3, 3, 3, 3, 3, 3, 3, 3, 3, 3, 3, 3, 3, 3, 3, 3, 3, 3, 3, 3, 3, 3, 3, 3, 3, 3, 3, 3, 3, 3, 3, 3, 3, 3, 3, 3, 3, 3, 3, 3, 3, 3, 3, 3, 3, 3, 3, 3, 3, 3, 3, 3, 3, 3, 3, 3, 3, 3, 3, 3, 3, 3, 3, 3, 3, 3, 3, 3, 3, 3, 3, 3, 3, 3, 3, 3, 3, 3, 3, 3, 3, 3, 3, 3, 3, 3, 3, 3, 3, 3, 3, 3, 3, 3, 3, 3, 3, 3, 3, 3, 3, 3, 3, 3, 3, 3, 3, 3, 3, 3, 3, 3, 3, 3, 3, 3, 3, 3, 3, 3, 3, 3, 3, 3, 3, 3, 3, 3, 3, 3, 3, 3, 3, 3, 3, 3, 3, 3, 3, 3, 3, 3, 3, 3, 3, 3, 3, 3, 3, 3, 3, 3, 3, 3, 3, 3, 3, 3, 3, 3, 3, 3, 3, 3, 3, 3, 3, 3, 3, 3, 3, 3, 3, 3, 3, 3, 3, 3, 3, 3, 3, 3, 3, 3, 3, 3, 3, 3, 3, 3, 3, 3, 3, 3, 3, 3, 3, 3, 3, 3, 3, 3, 3, 3, 3, 3, 3, 3, 3, 3, 3, 3, 3, 3, 3, 3, 3, 3, 3, 3, 3, 3, 3, 3, 3, 3, 3, 3, 3, 3, 3, 3, 3, 3, 3, 3, 3, 3, 3, 3, 3, 3, 3, 3, 3, 3, 3, 3, 3, 3, 3, 3, 3, 3, 3, 3, 3, 3, 3, 3, 3, 3, 3, 3, 3, 3, 3, 3, 3, 3]
    int[] faceVertexIndices = [0, 1, 2, 0, 2, 3, 4, 5, 6, 7, 4, 6, 8, 9, 10, 8, 10, 11, 8, 11, 12, 13, 14, 15, 16, 17, 18, 16, 18, 19, 20, 21, 22, 23, 20, 22, 24, 25, 26, 24, 26, 27, 24, 27, 28, 24, 28, 29, 30, 31, 32, 32, 33, 30, 34, 35, 36, 36, 37, 34, 38, 39, 40, 40, 41, 38, 31, 42, 43, 43, 32, 31, 33, 44, 45, 45, 30, 33, 41, 46, 47, 47, 38, 41, 35, 48, 49, 49, 36, 35, 50, 51, 52, 52, 53, 50, 54, 43, 42, 42, 55, 54, 56, 49, 48, 48, 57, 56, 58, 59, 60, 60, 61, 58, 62, 63, 64, 64, 65, 62, 66, 67, 68, 68, 69, 66, 70, 71, 72, 72, 73, 70, 74, 75, 76, 76, 77, 74, 77, 76, 78, 78, 79, 77, 80, 81, 82, 82, 83, 80, 84, 85, 86, 86, 87, 84, 88, 89, 90, 90, 91, 88, 81, 92, 93, 93, 82, 81, 83, 94, 95, 95, 80, 83, 91, 96, 97, 97, 88, 91, 85, 98, 99, 99, 86, 85, 100, 101, 102, 102, 103, 100, 104, 93, 92, 92, 105, 104, 106, 99, 98, 98, 107, 106, 108, 109, 110, 110, 111, 108, 112, 113, 114, 114, 115, 112, 116, 117, 118, 118, 119, 116, 120, 121, 122, 122, 123, 120, 124, 125, 6, 5, 124, 6, 126, 127, 8, 127, 128, 8, 128, 129, 8, 129, 130, 8, 130, 131, 8, 132, 126, 8, 8, 12, 13, 8, 13, 133, 132, 8, 133, 13, 15, 133, 15, 134, 135, 15, 135, 136, 15, 136, 133, 0, 132, 133, 0, 133, 137, 0, 137, 138, 0, 138, 139, 0, 139, 140, 0, 140, 141, 0, 141, 142, 143, 0, 142, 0, 144, 132, 0, 3, 7, 0, 7, 144, 7, 6, 144, 6, 145, 144, 6, 146, 145, 6, 147, 146, 148, 149, 22, 21, 148, 22, 16, 150, 151, 16, 152, 150, 16, 151, 153, 16, 153, 154, 16, 154, 155, 156, 16, 155, 16, 157, 152, 16, 19, 23, 23, 22, 158, 16, 23, 158, 16, 158, 159, 16, 159, 157, 22, 160, 158, 22, 161, 160, 22, 162, 161, 159, 163, 24, 163, 164, 24, 159, 24, 157, 164, 165, 24, 165, 166, 24, 166, 167, 24, 167, 168, 24, 24, 29, 157, 29, 169, 157, 29, 170, 169, 169, 171, 157, 169, 172, 171, 169, 173, 172, 174, 175, 176, 174, 177, 175, 178, 175, 177, 67, 66, 179, 179, 180, 67, 180, 179, 73, 73, 72, 180, 59, 58, 181, 181, 182, 59, 182, 181, 65, 65, 64, 182, 183, 184, 185, 185, 186, 183, 186, 185, 187, 187, 188, 186, 186, 188, 189, 186, 190, 183, 191, 189, 188, 192, 183, 190, 191, 193, 194, 192, 195, 196, 197, 196, 195, 197, 198, 199, 197, 199, 196, 200, 201, 193, 202, 200, 193, 203, 204, 205, 206, 204, 203, 207, 208, 209, 210, 208, 207, 211, 212, 213, 211, 214, 212, 215, 212, 214, 216, 217, 218, 219, 217, 216, 216, 220, 219, 221, 222, 223, 224, 222, 221, 117, 116, 225, 225, 226, 117, 226, 225, 123, 123, 122, 226, 109, 108, 227, 227, 228, 109, 228, 227, 115, 115, 114, 228, 229, 230, 231, 232, 233, 234, 234, 235, 232, 235, 234, 236, 236, 237, 235, 235, 237, 238, 235, 239, 232, 240, 238, 237, 241, 232, 239, 240, 242, 243, 241, 244, 245, 246, 245, 244, 246, 247, 248, 246, 248, 245, 249, 250, 242, 251, 249, 242, 252, 253, 254, 255, 254, 253, 0, 256, 1, 257, 258, 15, 259, 257, 15, 14, 259, 15, 16, 260, 17, 261, 262, 169, 263, 261, 169, 170, 263, 169, 214, 211, 264, 174, 214, 264, 264, 265, 174, 266, 264, 211, 266, 211, 77, 77, 79, 266, 267, 221, 268, 74, 267, 268, 268, 269, 74, 270, 268, 221, 221, 271, 270, 272, 270, 271, 271, 220, 272, 220, 216, 272, 273, 272, 216, 216, 274, 273, 273, 274, 75, 75, 275, 273, 76, 177, 276, 276, 78, 76, 177, 174, 276, 265, 276, 174, 189, 277, 186, 190, 186, 277, 190, 278, 192, 195, 192, 278, 279, 56, 57, 57, 280, 279, 281, 279, 280, 280, 282, 281, 46, 281, 282, 282, 47, 46, 55, 283, 284, 284, 54, 55, 285, 50, 53, 53, 286, 285, 287, 34, 37, 37, 288, 287, 289, 287, 288, 288, 290, 289, 39, 289, 290, 290, 40, 39, 291, 45, 44, 44, 292, 291, 293, 291, 292, 292, 294, 293, 51, 293, 294, 294, 52, 51, 283, 285, 286, 286, 284, 283, 295, 77, 296, 6, 174, 177, 201, 194, 193, 297, 298, 299, 299, 300, 297, 300, 299, 301, 301, 302, 300, 303, 304, 305, 306, 305, 304, 304, 307, 306, 307, 304, 217, 217, 219, 307, 308, 307, 219, 308, 219, 223, 223, 219, 220, 223, 309, 308, 220, 271, 223, 223, 271, 221, 309, 310, 205, 223, 310, 309, 310, 223, 222, 311, 205, 310, 310, 312, 311, 312, 310, 222, 313, 312, 222, 222, 224, 313, 314, 313, 224, 221, 267, 224, 315, 224, 267, 224, 315, 314, 267, 74, 315, 316, 314, 315, 317, 315, 74, 315, 317, 316, 74, 77, 317, 317, 77, 211, 211, 213, 317, 316, 317, 213, 213, 318, 316, 213, 319, 318, 318, 319, 320, 319, 213, 212, 209, 320, 319, 238, 321, 235, 239, 235, 321, 239, 322, 241, 244, 241, 322, 323, 106, 107, 107, 324, 323, 325, 323, 324, 324, 326, 325, 96, 325, 326, 326, 97, 96, 105, 327, 328, 328, 104, 105, 329, 100, 103, 103, 330, 329, 331, 84, 87, 87, 332, 331, 333, 331, 332, 332, 334, 333, 89, 333, 334, 334, 90, 89, 335, 95, 94, 94, 336, 335, 337, 335, 336, 336, 338, 337, 101, 337, 338, 338, 102, 101, 327, 329, 330, 330, 328, 327, 22, 339, 75, 250, 243, 242, 340, 341, 74, 342, 343, 344, 344, 345, 342, 345, 344, 346, 346, 347, 345, 348, 349, 350, 350, 351, 348, 56, 298, 49, 56, 299, 298, 36, 49, 298, 301, 299, 56, 352, 36, 298, 56, 353, 301, 353, 56, 279, 279, 354, 353, 354, 279, 281, 281, 355, 354, 356, 355, 281, 281, 46, 356, 356, 72, 71, 356, 46, 357, 356, 357, 72, 358, 357, 46, 72, 357, 359, 46, 41, 358, 359, 180, 72, 360, 358, 41, 67, 180, 359, 41, 40, 360, 359, 361, 67, 362, 68, 67, 361, 362, 67, 363, 360, 40, 363, 40, 290, 363, 364, 360, 361, 43, 362, 365, 362, 43, 32, 43, 361, 43, 54, 365, 361, 366, 32, 33, 32, 366, 54, 367, 365, 366, 368, 33, 198, 367, 54, 44, 33, 368, 54, 284, 198, 368, 369, 44, 199, 198, 284, 370, 199, 284, 284, 286, 370, 286, 371, 370, 371, 286, 53, 371, 185, 184, 371, 53, 185, 187, 185, 53, 187, 53, 372, 53, 52, 372, 294, 372, 52, 294, 373, 372, 373, 294, 292, 292, 202, 373, 292, 200, 202, 200, 292, 44, 200, 44, 374, 200, 374, 375, 374, 376, 375, 44, 369, 374, 377, 376, 374, 364, 374, 369, 64, 63, 377, 64, 377, 374, 182, 64, 374, 182, 374, 364, 363, 182, 364, 59, 182, 363, 378, 60, 59, 59, 363, 378, 363, 379, 378, 363, 380, 379, 381, 380, 363, 290, 381, 363, 290, 288, 381, 382, 381, 288, 383, 382, 288, 288, 37, 383, 37, 350, 383, 350, 37, 36, 350, 384, 351, 350, 36, 384, 352, 384, 36, 0, 211, 214, 385, 386, 302, 387, 388, 348, 389, 348, 388, 390, 391, 392, 393, 188, 187, 187, 372, 393, 297, 394, 352, 352, 298, 297, 371, 395, 396, 396, 370, 371, 370, 396, 196, 196, 199, 370, 253, 397, 398, 398, 399, 253, 106, 343, 99, 106, 344, 343, 86, 99, 343, 346, 344, 106, 400, 86, 343, 106, 401, 346, 401, 106, 323, 323, 402, 401, 402, 323, 325, 325, 403, 402, 404, 403, 325, 325, 96, 404, 404, 122, 121, 404, 96, 405, 404, 405, 122, 406, 405, 96, 122, 405, 407, 96, 91, 406, 407, 226, 122, 408, 406, 91, 117, 226, 407, 91, 90, 408, 407, 409, 117, 410, 118, 117, 409, 410, 117, 411, 408, 90, 411, 90, 334, 411, 412, 408, 409, 93, 410, 413, 410, 93, 82, 93, 409, 93, 104, 413, 409, 414, 82, 83, 82, 414, 104, 415, 413, 414, 416, 83, 247, 415, 104, 94, 83, 416, 104, 328, 247, 416, 417, 94, 248, 247, 328, 418, 248, 328, 328, 330, 418, 330, 419, 418, 419, 330, 103, 419, 234, 233, 419, 103, 234, 236, 234, 103, 236, 103, 420, 103, 102, 420, 338, 420, 102, 338, 421, 420, 421, 338, 336, 336, 251, 421, 336, 249, 251, 249, 336, 94, 249, 94, 422, 249, 422, 423, 422, 424, 423, 94, 417, 422, 425, 424, 422, 412, 422, 417, 114, 113, 425, 114, 425, 422, 228, 114, 422, 228, 422, 412, 411, 228, 412, 109, 228, 411, 426, 110, 109, 109, 411, 426, 411, 427, 426, 411, 428, 427, 429, 428, 411, 334, 429, 411, 334, 332, 429, 430, 429, 332, 431, 430, 332, 332, 87, 431, 87, 398, 431, 398, 87, 86, 398, 432, 399, 398, 86, 432, 400, 432, 86, 433, 434, 347, 435, 237, 236, 236, 420, 435, 342, 436, 400, 400, 343, 342, 419, 437, 438, 438, 418, 419, 418, 438, 245, 245, 248, 418, 439, 378, 379, 379, 440, 439, 440, 379, 380, 380, 441, 440, 441, 380, 381, 381, 390, 441, 442, 377, 63, 63, 443, 442, 63, 62, 444, 378, 439, 445, 445, 60, 378, 60, 445, 446, 446, 447, 60, 447, 446, 443, 443, 63, 447, 444, 447, 63, 61, 60, 447, 447, 444, 61, 448, 362, 365, 365, 449, 448, 449, 365, 367, 367, 450, 449, 450, 367, 198, 198, 197, 450, 451, 356, 71, 71, 452, 451, 71, 70, 453, 362, 448, 454, 454, 68, 362, 68, 454, 455, 455, 456, 68, 456, 455, 452, 452, 71, 456, 453, 456, 71, 69, 68, 456, 456, 453, 69, 15, 296, 77, 296, 15, 258, 258, 295, 296, 295, 258, 257, 257, 457, 295, 457, 257, 259, 259, 458, 457, 458, 259, 14, 14, 459, 458, 459, 14, 13, 13, 460, 459, 460, 13, 12, 12, 461, 460, 461, 12, 11, 11, 462, 461, 462, 11, 10, 10, 463, 462, 463, 10, 9, 9, 464, 463, 464, 9, 8, 8, 76, 464, 174, 6, 125, 125, 465, 174, 465, 125, 124, 124, 466, 465, 466, 124, 5, 5, 467, 466, 467, 5, 4, 4, 468, 467, 468, 4, 7, 7, 469, 468, 469, 7, 3, 3, 470, 469, 470, 3, 2, 2, 471, 470, 471, 2, 1, 1, 472, 471, 472, 1, 256, 256, 473, 472, 473, 256, 0, 0, 214, 473, 395, 183, 192, 192, 396, 395, 196, 396, 192, 474, 349, 348, 474, 475, 349, 391, 475, 474, 191, 476, 193, 476, 191, 188, 188, 393, 476, 477, 300, 302, 300, 477, 394, 394, 297, 300, 478, 479, 480, 481, 480, 479, 482, 480, 481, 480, 482, 483, 483, 478, 480, 484, 305, 485, 486, 485, 305, 487, 485, 486, 485, 487, 488, 488, 484, 485, 489, 209, 208, 320, 209, 489, 208, 210, 490, 490, 491, 208, 208, 491, 489, 489, 492, 320, 492, 489, 491, 491, 490, 493, 494, 320, 492, 320, 494, 318, 493, 495, 491, 491, 495, 492, 495, 493, 496, 496, 497, 495, 492, 495, 497, 497, 496, 498, 494, 492, 497, 498, 499, 497, 499, 498, 500, 497, 501, 494, 318, 494, 501, 501, 316, 318, 501, 497, 499, 316, 501, 502, 499, 502, 501, 502, 314, 316, 500, 503, 499, 502, 499, 503, 314, 502, 504, 503, 504, 502, 504, 313, 314, 312, 313, 504, 312, 504, 503, 503, 505, 312, 311, 312, 505, 503, 500, 506, 505, 203, 311, 205, 311, 203, 503, 507, 505, 506, 507, 503, 203, 505, 507, 507, 506, 206, 206, 203, 507, 508, 209, 319, 508, 319, 212, 509, 508, 212, 212, 215, 509, 510, 509, 215, 176, 215, 214, 215, 176, 510, 214, 174, 176, 176, 511, 510, 511, 176, 175, 175, 512, 511, 511, 512, 479, 512, 513, 479, 303, 305, 484, 514, 303, 484, 488, 515, 484, 515, 488, 516, 517, 484, 515, 484, 517, 514, 515, 516, 518, 518, 519, 515, 517, 515, 519, 519, 518, 520, 514, 517, 519, 520, 521, 519, 521, 520, 522, 519, 523, 514, 523, 519, 521, 521, 524, 523, 522, 525, 521, 525, 522, 482, 524, 521, 525, 525, 526, 524, 513, 526, 525, 525, 481, 513, 479, 513, 481, 482, 481, 525, 309, 205, 527, 527, 205, 204, 308, 309, 527, 204, 206, 528, 528, 529, 204, 204, 529, 527, 529, 528, 530, 531, 527, 529, 527, 531, 308, 530, 531, 529, 306, 308, 531, 308, 306, 307, 306, 486, 305, 306, 531, 532, 530, 532, 531, 532, 530, 487, 486, 306, 532, 487, 486, 532, 512, 533, 513, 533, 512, 175, 526, 513, 533, 175, 178, 533, 526, 533, 534, 534, 524, 526, 534, 533, 178, 535, 178, 177, 178, 535, 534, 177, 76, 535, 535, 76, 75, 75, 536, 535, 534, 535, 536, 536, 75, 274, 524, 534, 537, 536, 537, 534, 537, 523, 524, 274, 218, 536, 537, 536, 218, 218, 274, 216, 523, 537, 514, 218, 514, 537, 218, 304, 514, 514, 304, 303, 304, 218, 217, 538, 539, 540, 540, 426, 427, 540, 541, 538, 427, 541, 540, 542, 538, 541, 541, 427, 428, 428, 542, 541, 542, 428, 429, 429, 229, 542, 543, 544, 545, 545, 546, 543, 547, 543, 546, 545, 425, 113, 113, 546, 545, 113, 112, 548, 539, 549, 550, 550, 540, 539, 426, 540, 550, 550, 110, 426, 551, 550, 549, 110, 550, 551, 549, 547, 551, 546, 551, 547, 551, 552, 110, 552, 551, 546, 546, 113, 552, 548, 552, 113, 111, 110, 552, 552, 548, 111, 553, 410, 413, 413, 554, 553, 554, 413, 415, 415, 555, 554, 555, 415, 247, 247, 246, 555, 556, 404, 121, 121, 557, 556, 121, 120, 558, 410, 553, 559, 559, 118, 410, 118, 559, 560, 560, 561, 118, 561, 560, 557, 557, 121, 561, 558, 561, 121, 119, 118, 561, 561, 558, 119, 221, 169, 262, 262, 562, 221, 562, 262, 261, 261, 563, 562, 563, 261, 263, 263, 564, 563, 564, 263, 170, 170, 565, 564, 565, 170, 29, 29, 566, 565, 566, 29, 28, 28, 567, 566, 567, 28, 27, 27, 568, 567, 568, 27, 26, 26, 569, 568, 569, 26, 25, 25, 570, 569, 570, 25, 24, 24, 216, 570, 339, 22, 149, 149, 571, 339, 571, 149, 148, 148, 572, 571, 572, 148, 21, 21, 573, 572, 573, 21, 20, 20, 574, 573, 574, 20, 23, 23, 575, 574, 575, 23, 19, 19, 576, 575, 576, 19, 18, 18, 577, 576, 577, 18, 17, 17, 578, 577, 578, 17, 260, 260, 340, 578, 340, 260, 16, 16, 341, 340, 16, 74, 341, 437, 232, 241, 241, 438, 437, 245, 438, 241, 579, 397, 253, 579, 580, 397, 230, 580, 579, 240, 581, 242, 581, 240, 237, 237, 435, 581, 582, 345, 347, 345, 582, 436, 436, 342, 345, 371, 184, 183, 183, 395, 371, 352, 394, 583, 583, 384, 352, 384, 583, 348, 348, 351, 384, 583, 387, 348, 394, 387, 583, 387, 394, 584, 585, 584, 394, 348, 389, 474, 585, 302, 386, 477, 585, 394, 302, 585, 477, 389, 392, 391, 474, 389, 391, 586, 385, 302, 353, 586, 302, 301, 353, 302, 390, 382, 391, 390, 381, 382, 419, 233, 232, 232, 437, 419, 400, 436, 587, 587, 432, 400, 432, 587, 253, 253, 399, 432, 587, 255, 253, 436, 255, 587, 255, 436, 588, 589, 588, 436, 253, 252, 579, 589, 347, 434, 582, 589, 436, 347, 589, 582, 252, 231, 230, 579, 252, 230, 590, 433, 347, 401, 590, 347, 346, 401, 347, 229, 430, 230, 229, 429, 430, 483, 591, 478, 591, 483, 592, 511, 479, 478, 593, 478, 591, 478, 593, 511, 510, 511, 593, 510, 594, 509, 594, 510, 593, 508, 509, 594, 591, 595, 593, 592, 595, 591, 595, 592, 596, 594, 593, 595, 596, 597, 595, 595, 597, 594, 594, 207, 508, 209, 508, 207, 207, 594, 597, 597, 596, 210, 210, 207, 597, 391, 382, 383, 383, 475, 391, 475, 383, 350, 350, 349, 475, 201, 200, 375, 375, 598, 201, 598, 375, 376, 376, 599, 598, 599, 376, 377, 377, 442, 599, 586, 353, 354, 354, 600, 586, 600, 354, 355, 600, 385, 586, 355, 601, 600, 601, 355, 356, 356, 451, 601, 211, 0, 143, 143, 602, 211, 602, 143, 142, 142, 603, 602, 603, 142, 141, 141, 604, 603, 604, 141, 140, 140, 605, 604, 605, 140, 139, 139, 606, 605, 606, 139, 138, 138, 607, 606, 607, 138, 137, 137, 608, 607, 608, 137, 133, 133, 609, 608, 609, 133, 136, 136, 610, 609, 610, 136, 135, 135, 611, 610, 611, 135, 134, 134, 612, 611, 612, 134, 15, 15, 77, 612, 76, 8, 131, 131, 613, 76, 613, 131, 130, 130, 614, 613, 614, 130, 129, 129, 615, 614, 615, 129, 128, 128, 616, 615, 616, 128, 127, 127, 617, 616, 617, 127, 126, 126, 618, 617, 618, 126, 132, 132, 619, 618, 619, 132, 144, 144, 620, 619, 620, 144, 145, 145, 621, 620, 621, 145, 146, 146, 622, 621, 622, 146, 147, 147, 623, 622, 623, 147, 6, 6, 177, 623, 393, 372, 373, 373, 476, 393, 476, 373, 202, 202, 193, 476, 230, 430, 431, 431, 580, 230, 580, 431, 398, 398, 397, 580, 250, 249, 423, 423, 624, 250, 624, 423, 424, 624, 625, 626, 544, 626, 625, 424, 625, 624, 625, 545, 544, 625, 424, 425, 425, 545, 625, 590, 401, 402, 402, 627, 590, 627, 402, 403, 627, 433, 590, 403, 628, 627, 628, 403, 404, 404, 556, 628, 74, 16, 156, 156, 629, 74, 629, 156, 155, 155, 630, 629, 630, 155, 154, 154, 631, 630, 631, 154, 153, 153, 632, 631, 632, 153, 151, 151, 633, 632, 633, 151, 150, 150, 634, 633, 634, 150, 152, 152, 635, 634, 635, 152, 157, 157, 636, 635, 636, 157, 171, 171, 637, 636, 637, 171, 172, 172, 638, 637, 638, 172, 173, 173, 639, 638, 639, 173, 169, 169, 221, 639, 216, 24, 168, 168, 640, 216, 640, 168, 167, 167, 641, 640, 641, 167, 166, 166, 642, 641, 642, 166, 165, 165, 643, 642, 643, 165, 164, 164, 644, 643, 644, 164, 163, 163, 645, 644, 645, 163, 159, 159, 646, 645, 646, 159, 158, 158, 647, 646, 647, 158, 160, 160, 648, 647, 648, 160, 161, 161, 649, 648, 649, 161, 162, 162, 650, 649, 650, 162, 22, 22, 339, 650, 650, 339, 75, 435, 420, 421, 421, 581, 435, 581, 421, 251, 251, 242, 581, 602, 473, 211, 602, 390, 473, 441, 390, 602, 472, 473, 390, 602, 603, 441, 390, 392, 472, 440, 441, 603, 472, 392, 389, 603, 604, 440, 389, 471, 472, 439, 440, 604, 471, 389, 388, 604, 605, 439, 388, 470, 471, 445, 439, 605, 469, 470, 388, 605, 606, 445, 388, 387, 469, 446, 445, 606, 469, 387, 584, 606, 607, 446, 584, 468, 469, 446, 607, 608, 467, 468, 584, 608, 443, 446, 584, 585, 467, 443, 608, 609, 466, 467, 585, 609, 442, 443, 585, 386, 466, 442, 609, 610, 466, 386, 385, 610, 599, 442, 385, 465, 466, 599, 610, 611, 174, 465, 385, 611, 598, 599, 598, 611, 612, 612, 201, 598, 174, 385, 623, 623, 385, 600, 600, 622, 623, 622, 600, 601, 601, 621, 622, 621, 601, 451, 451, 620, 621, 620, 451, 452, 452, 619, 620, 619, 452, 455, 455, 618, 619, 617, 618, 455, 455, 454, 617, 616, 617, 454, 454, 448, 616, 615, 616, 448, 448, 449, 615, 614, 615, 449, 449, 450, 614, 613, 614, 450, 450, 197, 613, 76, 613, 197, 197, 464, 76, 463, 464, 197, 197, 195, 463, 463, 195, 278, 278, 462, 463, 462, 278, 190, 190, 461, 462, 460, 461, 190, 190, 277, 460, 460, 277, 189, 189, 459, 460, 458, 459, 189, 189, 191, 458, 457, 458, 191, 191, 194, 457, 457, 194, 201, 201, 295, 457, 612, 295, 201, 612, 296, 295, 629, 340, 341, 629, 229, 340, 542, 229, 629, 578, 340, 229, 629, 630, 542, 229, 231, 578, 538, 542, 630, 578, 231, 252, 630, 631, 538, 252, 577, 578, 539, 538, 631, 577, 252, 254, 631, 632, 539, 254, 576, 577, 549, 539, 632, 575, 576, 254, 632, 633, 549, 254, 255, 575, 547, 549, 633, 575, 255, 588, 633, 634, 547, 588, 574, 575, 547, 634, 635, 573, 574, 588, 635, 543, 547, 588, 589, 573, 543, 635, 636, 572, 573, 589, 636, 544, 543, 589, 434, 572, 544, 636, 637, 572, 434, 433, 637, 626, 544, 433, 571, 572, 626, 637, 638, 339, 571, 433, 638, 624, 626, 624, 638, 639, 639, 250, 624, 339, 433, 650, 650, 433, 627, 627, 649, 650, 649, 627, 628, 628, 648, 649, 648, 628, 556, 556, 647, 648, 647, 556, 557, 557, 646, 647, 646, 557, 560, 560, 645, 646, 644, 645, 560, 560, 559, 644, 643, 644, 559, 559, 553, 643, 642, 643, 553, 553, 554, 642, 641, 642, 554, 554, 555, 641, 640, 641, 555, 555, 246, 640, 216, 640, 246, 246, 570, 216, 569, 570, 246, 246, 244, 569, 569, 244, 322, 322, 568, 569, 568, 322, 239, 239, 567, 568, 566, 567, 239, 239, 321, 566, 566, 321, 238, 238, 565, 566, 564, 565, 238, 238, 240, 564, 563, 564, 240, 240, 243, 563, 563, 243, 250, 250, 562, 563, 639, 562, 250, 639, 221, 562, 612, 77, 296, 473, 214, 211, 623, 177, 174, 629, 341, 74, 651, 652, 653, 653, 654, 651, 655, 656, 657, 658, 659, 660, 660, 661, 658, 661, 660, 662, 662, 663, 661, 663, 662, 664, 664, 665, 663, 665, 664, 666, 666, 667, 665, 667, 666, 654, 654, 653, 667, 668, 669, 670, 669, 671, 672, 672, 670, 669, 670, 672, 673, 673, 674, 670, 671, 675, 672, 652, 651, 676, 676, 677, 652, 677, 676, 678, 678, 679, 677, 680, 681, 682, 682, 683, 680, 684, 685, 686, 686, 687, 684, 687, 686, 688, 688, 689, 687, 689, 688, 690, 690, 691, 689, 691, 690, 692, 692, 657, 691, 655, 657, 692, 685, 684, 693, 694, 693, 684, 693, 694, 695, 695, 696, 693, 696, 695, 697, 697, 698, 696, 699, 700, 701, 700, 685, 702, 702, 701, 700, 701, 702, 703, 703, 704, 701, 671, 669, 668, 705, 706, 707, 707, 708, 705, 709, 705, 708, 708, 710, 709, 711, 709, 710, 710, 712, 711, 713, 711, 712, 712, 714, 713, 715, 716, 706, 706, 705, 715, 717, 715, 705, 705, 709, 717, 718, 717, 709, 709, 711, 718, 711, 713, 718, 719, 718, 713, 718, 719, 720, 721, 720, 722, 682, 722, 720, 720, 723, 682, 724, 713, 725, 726, 719, 713, 713, 724, 726, 727, 726, 724, 724, 728, 727, 729, 680, 683, 683, 730, 729, 731, 729, 730, 730, 732, 731, 731, 732, 727, 728, 731, 727, 699, 733, 700, 685, 700, 733, 734, 735, 736, 734, 736, 737, 738, 737, 736, 739, 740, 741, 741, 742, 739, 743, 739, 742, 742, 744, 743, 745, 743, 744, 744, 734, 745, 737, 745, 734, 737, 738, 746, 747, 748, 749, 749, 750, 747, 751, 747, 750, 750, 752, 751, 753, 751, 752, 752, 754, 753, 755, 753, 754, 754, 756, 755, 757, 755, 756, 756, 758, 757, 736, 759, 738, 760, 738, 759, 738, 760, 761, 762, 761, 760, 760, 763, 762, 764, 757, 758, 758, 765, 764, 766, 764, 765, 765, 767, 766, 768, 766, 767, 767, 769, 768, 768, 769, 762, 763, 768, 762, 770, 668, 771, 671, 668, 770, 770, 771, 772, 770, 773, 671, 675, 671, 773, 675, 773, 774, 770, 774, 773, 772, 775, 770, 774, 770, 775, 775, 772, 776, 775, 777, 774, 776, 778, 775, 777, 775, 778, 779, 778, 776, 778, 780, 777, 780, 778, 779, 779, 781, 780, 780, 781, 782, 651, 783, 676, 783, 651, 654, 674, 678, 676, 676, 670, 674, 670, 676, 668, 783, 668, 676, 654, 668, 783, 668, 654, 666, 666, 784, 668, 784, 666, 664, 664, 771, 784, 668, 784, 771, 771, 664, 662, 662, 772, 771, 772, 662, 660, 660, 776, 772, 776, 660, 659, 659, 779, 776, 785, 673, 672, 672, 786, 785, 786, 672, 675, 679, 785, 786, 786, 677, 679, 675, 787, 786, 677, 786, 787, 787, 652, 677, 652, 787, 675, 675, 653, 652, 653, 675, 788, 788, 675, 774, 788, 667, 653, 667, 788, 774, 774, 665, 667, 665, 774, 777, 777, 663, 665, 663, 777, 780, 780, 661, 663, 661, 780, 782, 782, 658, 661, 708, 707, 789, 789, 790, 708, 790, 789, 791, 710, 708, 790, 791, 792, 790, 790, 793, 710, 793, 790, 792, 712, 710, 793, 792, 794, 793, 793, 795, 712, 795, 793, 794, 714, 712, 795, 794, 721, 795, 795, 796, 714, 796, 795, 721, 681, 714, 796, 721, 722, 796, 681, 796, 722, 722, 682, 681, 714, 681, 713, 725, 713, 681, 681, 680, 725, 724, 725, 680, 680, 729, 724, 728, 724, 729, 729, 731, 728, 792, 791, 716, 716, 715, 792, 794, 792, 715, 715, 717, 794, 721, 794, 717, 717, 718, 721, 720, 721, 718, 683, 682, 723, 720, 719, 797, 797, 723, 720, 723, 797, 683, 730, 683, 797, 797, 726, 730, 732, 730, 726, 726, 727, 732, 726, 797, 719, 798, 699, 799, 733, 699, 798, 798, 799, 800, 685, 733, 801, 798, 801, 733, 800, 802, 798, 801, 798, 802, 802, 800, 803, 802, 804, 801, 803, 805, 802, 804, 802, 805, 806, 805, 803, 805, 807, 804, 807, 805, 806, 806, 808, 807, 807, 808, 809, 704, 697, 695, 695, 701, 704, 701, 695, 699, 694, 699, 695, 684, 699, 694, 699, 684, 687, 687, 810, 699, 810, 687, 689, 689, 799, 810, 699, 810, 799, 799, 689, 691, 691, 800, 799, 800, 691, 657, 657, 803, 800, 803, 657, 656, 656, 806, 803, 698, 703, 702, 702, 696, 698, 685, 811, 702, 696, 702, 811, 811, 693, 696, 693, 811, 685, 686, 685, 801, 801, 688, 686, 688, 801, 804, 804, 690, 688, 690, 804, 807, 807, 692, 690, 692, 807, 809, 809, 655, 692, 742, 741, 748, 748, 747, 742, 744, 742, 747, 747, 751, 744, 734, 744, 751, 751, 753, 734, 735, 734, 753, 753, 755, 735, 736, 735, 755, 755, 757, 736, 759, 736, 757, 757, 764, 759, 760, 759, 764, 764, 766, 760, 763, 760, 766, 766, 768, 763, 750, 749, 740, 740, 739, 750, 752, 750, 739, 739, 743, 752, 754, 752, 743, 743, 745, 754, 756, 754, 745, 745, 812, 756, 758, 756, 812, 745, 746, 812, 745, 737, 746, 812, 746, 758, 765, 758, 746, 746, 813, 765, 767, 765, 813, 813, 761, 767, 761, 813, 746, 769, 767, 761, 761, 762, 769, 761, 746, 738, 814, 366, 815, 368, 366, 814, 815, 816, 814, 369, 368, 814, 816, 817, 814, 364, 369, 814, 817, 818, 814, 819, 364, 814, 818, 820, 814, 360, 819, 814, 820, 358, 814, 358, 360, 814, 821, 414, 822, 416, 414, 821, 822, 823, 821, 417, 416, 821, 823, 824, 821, 412, 417, 821, 824, 825, 821, 826, 412, 821, 825, 827, 821, 408, 826, 821, 827, 406, 821, 406, 408, 821]
    normal3f[] normals = [(-0.99999946, -0.00078185595, 0.0006694169), (0.014772628, -0.0000016084971, 0.9998909), (0.014772628, -0.0000016084971, 0.9998909), (-0.99999946, -0.00078185595, 0.0006694169), (0.014772628, -0.0000016084971, 0.9998909), (0.014772629, -0.0000016084972, 0.999891), (0.014772628, -0.0000016084971, 0.9998909), (0.01477263, -0.0000016084964, 0.999891), (-0.00078184734, 0.9999997, 0.000013159873), (-0.99999946, -0.00078185595, 0.0006694169), (0.014772628, -0.0000016084971, 0.9998909), (-0.00078184734, 0.9999997, 0.000013159873), (-0.99999946, -0.00078185595, 0.0006694169), (0.013426913, 0.008337786, -0.9998751), (0.013433879, 0.000023661936, -0.9999098), (-0.99999946, -0.00078185595, 0.0006694169), (0.013433879, 0.000023661936, -0.9999098), (0.013433878, 0.000023661934, -0.9999098), (-0.99999946, -0.00078185595, 0.0006694169), (0.013433878, 0.000023661934, -0.9999098), (0.01343388, 0.000023661936, -0.9999098), (-0.99999946, -0.00078185595, 0.0006694169), (0.013439405, 0.000023666254, -0.9999097), (-0.00078184734, 0.9999997, 0.000013159873), (-0.99999946, -0.00078185595, 0.0006694169), (0.014772912, -0.0000016082757, 0.9998909), (0.014772912, -0.0000016082757, 0.9998909), (-0.99999946, -0.00078185595, 0.0006694169), (0.014772912, -0.0000016082757, 0.9998909), (0.014772912, -0.0000016082765, 0.999891), (0.014772911, -0.0000016082765, 0.9998909), (0.014772912, -0.0000016082765, 0.999891), (-0.00078184734, 0.9999997, 0.000013159873), (-0.99999946, -0.00078185595, 0.0006694169), (0.014772911, -0.0000016082765, 0.9998909), (-0.00078184734, 0.9999997, 0.000013159873), (-0.99999946, -0.00078185025, 0.0006694169), (0.013426413, 0.008404388, -0.99987465), (0.013433437, 0.000023661589, -0.9999098), (-0.99999946, -0.00078185025, 0.0006694169), (0.013433437, 0.000023661589, -0.9999098), (0.013433436, 0.000023661589, -0.9999098), (-0.99999946, -0.00078185025, 0.0006694169), (0.013433436, 0.000023661589, -0.9999098), (0.013433437, 0.000023661589, -0.9999098), (-0.99999946, -0.00078185025, 0.0006694169), (0.013433437, 0.000023661589, -0.9999098), (-0.99999946, -0.000781848, 0.0006694277), (-0.00095580553, 0.46407226, -0.8857968), (-0.0005028629, -0.19635849, -0.9805321), (-0.0006799796, 0.013588503, -0.9999075), (-0.0006799796, 0.013588503, -0.9999075), (-0.0016370566, 0.63477844, -0.7726925), (-0.00095580553, 0.46407226, -0.8857968), (-0.0010795408, 0.64744467, -0.7621117), (-0.0007356673, 0.08806066, -0.99611485), (0.99999946, 0.00078185595, -0.0006694169), (0.99999946, 0.00078185595, -0.0006694169), (-0.00078184734, 0.9999997, 0.000013159873), (-0.0010795408, 0.64744467, -0.7621117), (0.00052772067, 0.16892633, 0.9856286), (0.000002599824, 0.64845306, 0.7612546), (0.99926776, 0.015075611, 0.035168063), (0.99926776, 0.015075611, 0.035168063), (0.00087188045, -0.29817614, 0.95451057), (0.00052772067, 0.16892633, 0.9856286), (-0.0005028629, -0.19635849, -0.9805321), (-0.00053931715, -0.7147903, -0.6993387), (0.99999946, 0.00078185595, -0.0006694169), (0.99999946, 0.00078185595, -0.0006694169), (-0.0006799796, 0.013588503, -0.9999075), (-0.0005028629, -0.19635849, -0.9805321), (-0.0016370566, 0.63477844, -0.7726925), (0.99979335, -0.0018236896, -0.020245567), (-0.0010250697, 0.86170596, -0.50740695), (-0.0010250697, 0.86170596, -0.50740695), (-0.00095580553, 0.46407226, -0.8857968), (-0.0016370566, 0.63477844, -0.7726925), (0.00087188045, -0.29817614, 0.95451057), (0.9999142, 0.012702096, 0.0031972774), (0.00093746895, -0.42387876, 0.90571845), (0.00093746895, -0.42387876, 0.90571845), (0.00052772067, 0.16892633, 0.9856286), (0.00087188045, -0.29817614, 0.95451057), (-0.0007356673, 0.08806066, -0.99611485), (-0.0000928867, -0.5790711, -0.8152771), (-0.00031231495, -0.38922107, -0.9211443), (-0.00031231495, -0.38922107, -0.9211443), (0.99999946, 0.00078185595, -0.0006694169), (-0.0007356673, 0.08806066, -0.99611485), (0.00061197736, 0.07128535, 0.9974558), (0.000088675275, 0.5825129, 0.81282145), (0.00027793838, 0.42109346, 0.90701723), (0.00027793838, 0.42109346, 0.90701723), (0.99999946, 0.00078186253, -0.0006694169), (0.00061197736, 0.07128535, 0.9974558), (0.99999946, 0.00078185595, -0.0006694169), (0.99999946, 0.00078185595, -0.0006694169), (-0.00053931715, -0.7147903, -0.6993387), (-0.00053931715, -0.7147903, -0.6993387), (-0.00017002314, -0.99260736, -0.12136977), (0.99999946, 0.00078185595, -0.0006694169), (0.99999946, 0.00078185595, -0.0006694169), (-0.00031231495, -0.38922107, -0.9211443), (-0.0000928867, -0.5790711, -0.8152771), (-0.0000928867, -0.5790711, -0.8152771), (0.0004471324, -0.91571563, -0.40182674), (0.99999946, 0.00078185595, -0.0006694169), (-0.0006506014, -0.023537392, -0.9997227), (0.99999946, 0.00078185595, -0.0006694169), (0.012808459, 0.9913943, -0.13028169), (0.012808459, 0.9913943, -0.13028169), (-0.00078184734, 0.9999997, 0.000013159873), (-0.0006506014, -0.023537392, -0.9997227), (0.0006958424, -0.034301925, 0.9994113), (0.010625483, 0.9881362, 0.1532125), (-0.00078184734, 0.9999997, 0.000013159873), (-0.00078184734, 0.9999997, 0.000013159873), (-0.00078184734, 0.9999997, 0.000013159873), (0.0006958424, -0.034301925, 0.9994113), (0.00066942704, -0.000012636484, 0.99999976), (0.99999946, 0.00078185595, -0.0006694169), (0.01651539, -0.98274213, 0.18424246), (0.01651539, -0.98274213, 0.18424246), (0.00066942704, -0.000012636484, 0.99999976), (0.00066942704, -0.000012636484, 0.99999976), (-0.00066942704, 0.000012636484, -0.99999976), (0.011938697, -0.9881362, -0.15311627), (-0.00078184734, 0.9999997, 0.000013159873), (-0.00078184734, 0.9999997, 0.000013159873), (-0.00066942704, 0.000012636484, -0.99999976), (-0.00066942704, 0.000012636484, -0.99999976), (0.99704725, -0.07678951, 0.00042882373), (-0.00078184734, 0.9999997, 0.000013159873), (0.99858505, 0.053177673, -0.00028619732), (0.99858505, 0.053177673, -0.00028619732), (-0.00078184734, 0.9999997, 0.000013159873), (0.99704725, -0.07678951, 0.00042882373), (-0.00078184734, 0.9999997, 0.000013159873), (0.99858505, 0.053177673, -0.00028619732), (-0.016694536, -0.00029112463, 0.99986064), (-0.016694536, -0.00029112463, 0.99986064), (-0.00078184734, 0.9999997, 0.000013159873), (-0.00078184734, 0.9999997, 0.000013159873), (-0.0009557733, 0.4639973, -0.8858361), (-0.00050292263, -0.19629325, -0.98054516), (-0.0006799219, 0.013513849, -0.99990845), (-0.0006799219, 0.013513849, -0.99990845), (-0.001634226, 0.6347855, -0.7726867), (-0.0009557733, 0.4639973, -0.8858361), (-0.001079702, 0.64742696, -0.7621267), (-0.000735667, 0.088060215, -0.99611497), (0.99999946, 0.00078185595, -0.0006694169), (0.99999946, 0.00078185595, -0.0006694169), (-0.00078184734, 0.9999997, 0.000013159873), (-0.001079702, 0.64742696, -0.7621267), (0.00052800233, 0.16886231, 0.98563963), (0.0000026118187, 0.6485408, 0.76117986), (0.99926776, 0.015075883, 0.035168745), (0.99926776, 0.015075883, 0.035168745), (0.00087227137, -0.29835513, 0.9544546), (0.00052800233, 0.16886231, 0.98563963), (-0.00050292263, -0.19629325, -0.98054516), (-0.0005409533, -0.7148065, -0.6993221), (0.99999946, 0.00078185595, -0.0006694169), (0.99999946, 0.00078185595, -0.0006694169), (-0.0006799219, 0.013513849, -0.99990845), (-0.00050292263, -0.19629325, -0.98054516), (-0.001634226, 0.6347855, -0.7726867), (0.99979335, -0.0018240463, -0.020244995), (-0.001021933, 0.86172205, -0.5073797), (-0.001021933, 0.86172205, -0.5073797), (-0.0009557733, 0.4639973, -0.8858361), (-0.001634226, 0.6347855, -0.7726867), (0.00087227137, -0.29835513, 0.9544546), (0.9999142, 0.012701544, 0.0031970984), (0.0009378561, -0.42400172, 0.905661), (0.0009378561, -0.42400172, 0.905661), (0.00052800233, 0.16886231, 0.98563963), (0.00087227137, -0.29835513, 0.9544546), (-0.000735667, 0.088060215, -0.99611497), (-0.00009300632, -0.5790711, -0.8152771), (-0.00031231335, -0.38922256, -0.92114365), (-0.00031231335, -0.38922256, -0.92114365), (0.99999946, 0.00078185595, -0.0006694169), (-0.000735667, 0.088060215, -0.99611497), (0.0006120325, 0.07121895, 0.9974606), (0.00008854421, 0.5826168, 0.812747), (0.00027787534, 0.4211512, 0.90699047), (0.00027787534, 0.4211512, 0.90699047), (0.99999946, 0.00078186253, -0.0006694169), (0.0006120325, 0.07121895, 0.9974606), (0.99999946, 0.00078185595, -0.0006694169), (0.99999946, 0.00078185595, -0.0006694169), (-0.0005409533, -0.7148065, -0.6993221), (-0.0005409533, -0.7148065, -0.6993221), (-0.00017451862, -0.99260646, -0.12137801), (0.99999946, 0.00078185595, -0.0006694169), (0.99999946, 0.00078185595, -0.0006694169), (-0.00031231335, -0.38922256, -0.92114365), (-0.00009300632, -0.5790711, -0.8152771), (-0.00009300632, -0.5790711, -0.8152771), (0.00044697692, -0.91571563, -0.40182674), (0.99999946, 0.00078185595, -0.0006694169), (-0.0006507716, -0.023609234, -0.9997211), (0.99999946, 0.00078185595, -0.0006694169), (-0.00086125475, 0.9917409, -0.12825455), (-0.00086125475, 0.9917409, -0.12825455), (-0.00078184734, 0.9999997, 0.000013159873), (-0.0006507716, -0.023609234, -0.9997211), (0.00069589785, -0.034375027, 0.99940884), (-0.0006732749, 0.9888107, 0.14917436), (-0.00078184734, 0.9999997, 0.000013159873), (-0.00078184734, 0.9999997, 0.000013159873), (-0.00078184734, 0.9999997, 0.000013159873), (0.00069589785, -0.034375027, 0.99940884), (0.0006321217, -0.000012665651, 0.9999998), (0.99999946, 0.00078185595, -0.0006694169), (0.01651539, -0.9827446, 0.18422899), (0.01651539, -0.9827446, 0.18422899), (0.0006321217, -0.000012665651, 0.9999998), (0.0006321217, -0.000012665651, 0.9999998), (-0.00066942704, 0.000012636484, -0.99999976), (0.0119405035, -0.9881342, -0.15312815), (-0.00078184734, 0.9999997, 0.000013159873), (-0.00078184734, 0.9999997, 0.000013159873), (-0.00066942704, 0.000012636484, -0.99999976), (-0.00066942704, 0.000012636484, -0.99999976), (0.014772628, -0.0000016084971, 0.9998909), (0.0047759605, -0.0016160224, 0.9999873), (-0.00078184734, 0.9999997, 0.000013159873), (0.01477263, -0.0000016084964, 0.999891), (0.014772628, -0.0000016084971, 0.9998909), (-0.00078184734, 0.9999997, 0.000013159873), (0.013301037, 0.99991155, 0.00014707597), (0.013279794, 0.99991184, -0.00011599956), (-0.99999946, -0.00078185595, 0.0006694169), (0.013279794, 0.99991184, -0.00011599956), (0.0133241, 0.99991125, 0.0000037158509), (-0.99999946, -0.00078185595, 0.0006694169), (0.0133241, 0.99991125, 0.0000037158509), (0.0133241, 0.99991125, 0.0000037158509), (-0.99999946, -0.00078185595, 0.0006694169), (0.0133241, 0.99991125, 0.0000037158509), (0.0133241, 0.9999113, 0.0000037158516), (-0.99999946, -0.00078185595, 0.0006694169), (0.0133241, 0.9999113, 0.0000037158516), (0.007562062, 0.999968, -0.0026259574), (-0.99999946, -0.00078185595, 0.0006694169), (-0.99999946, -0.00078185595, 0.0006694169), (0.013301037, 0.99991155, 0.00014707597), (-0.99999946, -0.00078185595, 0.0006694169), (-0.99999946, -0.00078185595, 0.0006694169), (0.01343388, 0.000023661936, -0.9999098), (-0.99999946, -0.00078185595, 0.0006694169), (-0.99999946, -0.00078185595, 0.0006694169), (-0.99999946, -0.00078185595, 0.0006694169), (-0.99999946, -0.00078185595, 0.0006694169), (-0.99999946, -0.00078185595, 0.0006694169), (-0.99999946, -0.00078185595, 0.0006694169), (-0.99999946, -0.00078185595, 0.0006694169), (-0.99999946, -0.00078185595, 0.0006694169), (-0.00078184734, 0.9999997, 0.000013159873), (-0.99999946, -0.00078185595, 0.0006694169), (-0.00078184734, 0.9999997, 0.000013159873), (0.014881873, -0.99984217, -0.009711014), (0.014889058, -0.9998892, -0.000022602226), (-0.00078184734, 0.9999997, 0.000013159873), (0.014889058, -0.9998892, -0.000022602226), (0.014889058, -0.9998892, -0.000022602226), (-0.00078184734, 0.9999997, 0.000013159873), (0.014889058, -0.9998892, -0.000022602226), (-0.99999946, -0.00078185595, 0.0006694169), (-0.99999946, -0.00078185595, 0.0006694169), (-0.99999946, -0.00078185595, 0.0006694169), (-0.99999946, -0.00078185595, 0.0006694169), (-0.99999946, -0.00078185595, 0.0006694169), (-0.99999946, -0.00078185595, 0.0006694169), (0.014844781, -0.9998898, 0.000097526965), (-0.99999946, -0.00078185595, 0.0006694169), (0.014844781, -0.9998898, 0.000097526965), (0.014869539, -0.9998895, -0.00014290208), (-0.99999946, -0.00078185595, 0.0006694169), (0.014869539, -0.9998895, -0.00014290208), (0.014851984, -0.99988973, 0.000077979144), (-0.99999946, -0.00078185595, 0.0006694169), (0.014851984, -0.99988973, 0.000077979144), (0.014526495, -0.99989206, -0.0022152627), (-0.99999946, -0.00078185595, 0.0006694169), (0.014526495, -0.99989206, -0.0022152627), (0.014135097, -0.99989814, 0.0020012853), (-0.99999946, -0.00078185595, 0.0006694169), (0.014135097, -0.99989814, 0.0020012853), (0.014889371, -0.99988925, -0.000022602437), (0.005536539, -0.9999844, -0.0008338307), (-0.99999946, -0.00078185595, 0.0006694169), (0.014889371, -0.99988925, -0.000022602437), (-0.99999946, -0.00078185595, 0.0006694169), (-0.99999946, -0.00078185595, 0.0006694169), (-0.99999946, -0.00078185595, 0.0006694169), (-0.99999946, -0.00078185595, 0.0006694169), (0.014772629, -0.0000016084972, 0.999891), (-0.99999946, -0.00078185595, 0.0006694169), (-0.99999946, -0.00078185595, 0.0006694169), (-0.99999946, -0.00078185595, 0.0006694169), (-0.99999946, -0.00078185595, 0.0006694169), (-0.99999946, -0.00078185595, 0.0006694169), (-0.00078184734, 0.9999997, 0.000013159873), (-0.99999946, -0.00078185595, 0.0006694169), (-0.00078184734, 0.9999997, 0.000013159873), (0.013324099, 0.99991125, 0.0000037158513), (-0.99999946, -0.00078185595, 0.0006694169), (-0.00078184734, 0.9999997, 0.000013159873), (0.0133241, 0.99991125, 0.0000037158509), (0.013324099, 0.99991125, 0.0000037158513), (-0.00078184734, 0.9999997, 0.000013159873), (0.013330006, 0.9998634, 0.009776253), (0.0133241, 0.99991125, 0.0000037158509), (0.014389094, -0.002000626, 0.9998945), (0.00912837, 0.0033717786, 0.9999527), (-0.00078184734, 0.9999997, 0.000013159873), (0.014772912, -0.0000016082765, 0.999891), (0.014389094, -0.002000626, 0.9998945), (-0.00078184734, 0.9999997, 0.000013159873), (-0.99999946, -0.00078185595, 0.0006694169), (0.014868907, -0.99988943, -0.00013996517), (0.014851782, -0.99988973, 0.00007552804), (-0.99999946, -0.00078185595, 0.0006694169), (0.014844661, -0.9998898, 0.00009484219), (0.014868907, -0.99988943, -0.00013996517), (-0.99999946, -0.00078185595, 0.0006694169), (0.014851782, -0.99988973, 0.00007552804), (0.014887951, -0.9998892, -0.000022601485), (-0.99999946, -0.00078185595, 0.0006694169), (0.014887951, -0.9998892, -0.000022601485), (0.014887949, -0.9998892, -0.000022601484), (-0.99999946, -0.00078185595, 0.0006694169), (0.014887949, -0.9998892, -0.000022601484), (0.014887951, -0.99988925, -0.000022601485), (0.007988263, -0.9999666, 0.0017567223), (-0.99999946, -0.00078185595, 0.0006694169), (0.014887951, -0.99988925, -0.000022601485), (-0.99999946, -0.00078185595, 0.0006694169), (-0.99999946, -0.0007818532, 0.00066941424), (0.014844661, -0.9998898, 0.00009484219), (-0.99999946, -0.00078185595, 0.0006694169), (0.014772912, -0.0000016082765, 0.999891), (-0.99999946, -0.00078185595, 0.0006694169), (-0.99999946, -0.00078185595, 0.0006694169), (-0.00078184734, 0.9999997, 0.000013159873), (-0.99999946, -0.00078185595, 0.0006694169), (-0.99999946, -0.00078185595, 0.0006694169), (-0.99999946, -0.00078185595, 0.0006694169), (-0.99999946, -0.00078185595, 0.0006694169), (-0.99999946, -0.00078185595, 0.0006694169), (-0.99999946, -0.00078185595, 0.0006694169), (-0.99999946, -0.00078185595, 0.0006694103), (-0.99999946, -0.00078185595, 0.0006694169), (-0.99999946, -0.00078185595, 0.0006694103), (-0.99999946, -0.0007818532, 0.00066941424), (-0.00078184734, 0.9999997, 0.000013159873), (0.013324099, 0.99991125, 0.0000037158513), (-0.99999946, -0.00078185595, 0.0006694169), (-0.00078184734, 0.9999997, 0.000013159873), (0.0133241005, 0.99991125, 0.0000037158502), (0.013324099, 0.99991125, 0.0000037158513), (-0.00078184734, 0.9999997, 0.000013159873), (0.013330004, 0.9998634, 0.009776257), (0.0133241005, 0.99991125, 0.0000037158502), (-0.99999946, -0.00078185595, 0.0006694103), (0.013301036, 0.99991155, 0.00014706454), (-0.99999946, -0.00078185025, 0.0006694169), (0.013301036, 0.99991155, 0.00014706454), (0.013279793, 0.99991184, -0.000115995615), (-0.99999946, -0.00078185025, 0.0006694169), (-0.99999946, -0.00078185595, 0.0006694103), (-0.99999946, -0.00078185025, 0.0006694169), (-0.99999946, -0.0007818532, 0.00066941424), (0.013279793, 0.99991184, -0.000115995615), (0.013324965, 0.99991125, -0.0000015672991), (-0.99999946, -0.00078185025, 0.0006694169), (0.013324965, 0.99991125, -0.0000015672991), (0.013325923, 0.99991125, 0.000008588186), (-0.99999946, -0.00078185025, 0.0006694169), (0.013325923, 0.99991125, 0.000008588186), (0.0133241005, 0.9999113, 0.0000037158509), (-0.99999946, -0.00078185025, 0.0006694169), (0.0133241005, 0.9999113, 0.0000037158509), (0.006450834, 0.99997866, -0.0011000216), (-0.99999946, -0.00078185025, 0.0006694169), (-0.99999946, -0.00078185025, 0.0006694169), (-0.99999946, -0.000781848, 0.0006694277), (-0.99999946, -0.0007818532, 0.00066941424), (-0.99999946, -0.000781848, 0.0006694277), (-0.00078184734, 0.9999997, 0.000013159873), (-0.99999946, -0.0007818532, 0.00066941424), (-0.99999946, -0.000781848, 0.0006694277), (0.013433434, 0.000023661587, -0.9999098), (-0.00078184734, 0.9999997, 0.000013159873), (-0.00078184734, 0.9999997, 0.000013159873), (0.014887951, -0.9998892, -0.000022601485), (-0.99999946, -0.0007818532, 0.00066941424), (-0.00078184734, 0.9999997, 0.000013159873), (0.01488795, -0.9998892, -0.000022601485), (0.014887951, -0.9998892, -0.000022601485), (-0.00078184734, 0.9999997, 0.000013159873), (0.014882551, -0.9998485, -0.009031438), (0.01488795, -0.9998892, -0.000022601485), (0.99998325, -0.0037983533, -0.0043757805), (0.9233834, 0.26807562, 0.27477035), (0.9091949, 0.006839168, 0.41631478), (0.99998325, -0.0037983533, -0.0043757805), (0.94855386, 0.31661505, 0.0008017502), (0.9233834, 0.26807562, 0.27477035), (0.87648165, 0.48142925, 0.0024188757), (0.9233834, 0.26807562, 0.27477035), (0.94855386, 0.31661505, 0.0008017502), (0.99999946, 0.00078185595, -0.0006694169), (0.00066942704, -0.000012636484, 0.99999976), (-0.00078188564, 0.9999997, 0.000013335156), (-0.00078188564, 0.9999997, 0.000013335156), (-0.00078184734, 0.9999997, 0.000013159873), (0.99999946, 0.00078185595, -0.0006694169), (-0.00078184734, 0.9999997, 0.000013159873), (-0.00078188564, 0.9999997, 0.000013335156), (-0.00066942704, 0.000012636484, -0.99999976), (-0.00066942704, 0.000012636484, -0.99999976), (-0.00078184734, 0.9999997, 0.000013159873), (-0.00078184734, 0.9999997, 0.000013159873), (0.99999946, 0.00078185595, -0.0006694169), (-0.0006506014, -0.023537392, -0.9997227), (0.000791396, -0.9998964, 0.014371638), (0.000791396, -0.9998964, 0.014371638), (0.9998056, -0.01970933, -0.0006695461), (0.99999946, 0.00078185595, -0.0006694169), (0.9998056, -0.01970933, -0.0006695461), (0.000791396, -0.9998964, 0.014371638), (-0.00078184734, 0.9999997, 0.000013159873), (-0.00078184734, 0.9999997, 0.000013159873), (-0.00078184734, 0.9999997, 0.000013159873), (0.9998056, -0.01970933, -0.0006695461), (0.042748913, -0.15716507, 0.9866468), (0.009038839, -0.15776044, 0.98743606), (0.008928909, -0.046201702, 0.9988923), (0.008928909, -0.046201702, 0.9988923), (0.031076232, 0.051743865, 0.9981768), (0.042748913, -0.15716507, 0.9866468), (0.031076232, 0.051743865, 0.9981768), (0.008928909, -0.046201702, 0.9988923), (0.011019005, 0.1661073, 0.98604614), (0.011019005, 0.1661073, 0.98604614), (0.07428264, 0.15420714, 0.9852423), (0.031076232, 0.051743865, 0.9981768), (0.031076232, 0.051743865, 0.9981768), (0.07428264, 0.15420714, 0.9852423), (0.99963677, -0.026897516, -0.0017290515), (0.031076232, 0.051743865, 0.9981768), (0.999937, 0.0012563833, -0.011151975), (0.042748913, -0.15716507, 0.9866468), (0.99840385, 0.018978639, 0.053193294), (0.99963677, -0.026897516, -0.0017290515), (0.07428264, 0.15420714, 0.9852423), (0.8462205, -0.1509744, 0.5109968), (0.042748913, -0.15716507, 0.9866468), (0.999937, 0.0012563833, -0.011151975), (0.99840385, 0.018978639, 0.053193294), (0.021014206, 0.43454114, 0.9004068), (0.9998902, 0.013784992, -0.005455808), (0.8462205, -0.1509744, 0.5109968), (0.99835294, 0.05711245, -0.005447022), (0.021250982, -0.25574112, 0.9665118), (0.9999938, 0.0007829512, 0.0034309174), (0.021250982, -0.25574112, 0.9665118), (0.99835294, 0.05711245, -0.005447022), (0.9999938, 0.0007829512, 0.0034309174), (0.011485985, -0.7165045, 0.69748795), (0.0036762867, -0.42527804, 0.90505534), (0.9999938, 0.0007829512, 0.0034309174), (0.0036762867, -0.42527804, 0.90505534), (0.021250982, -0.25574112, 0.9665118), (-0.00078184734, 0.9999997, 0.000013159873), (0.9999829, -0.00033687905, 0.0058447267), (0.021014206, 0.43454114, 0.9004068), (0.009132417, 0.024183089, 0.99966586), (-0.00078184734, 0.9999997, 0.000013159873), (0.021014206, 0.43454114, 0.9004068), (0.1421318, -0.65477484, -0.74233985), (0.05243908, -0.34326664, -0.93777305), (0.5537601, -0.39971092, -0.7304663), (-0.020566378, -0.553866, -0.8323518), (0.05243908, -0.34326664, -0.93777305), (0.1421318, -0.65477484, -0.74233985), (0.18117742, -0.39888284, 0.89892566), (0.037035957, -0.73984385, 0.6717585), (0.56925476, -0.5280365, 0.6301798), (-0.024796594, -0.5425666, 0.83964676), (0.037035957, -0.73984385, 0.6717585), (0.18117742, -0.39888284, 0.89892566), (0.9717836, -0.23587444, -0.0003118852), (0.9250447, -0.22765, 0.30408517), (0.87731296, -0.47987813, 0.0062612607), (0.9717836, -0.23587444, -0.0003118852), (0.94253683, -0.0010462662, 0.33410057), (0.9250447, -0.22765, 0.30408517), (0.87550616, -0.0009829045, 0.48320597), (0.9250447, -0.22765, 0.30408517), (0.94253683, -0.0010462662, 0.33410057), (0.9573923, 0.20512855, -0.20327951), (0.925614, 0.24251324, -0.29056177), (0.8650842, 0.5015665, -0.007782162), (0.8752143, 0.004043855, -0.48371845), (0.925614, 0.24251324, -0.29056177), (0.9573923, 0.20512855, -0.20327951), (0.9573923, 0.20512855, -0.20327951), (-0.00078184734, 0.9999997, 0.000013159873), (0.8752143, 0.004043855, -0.48371845), (0.0038190975, -0.002899042, -0.9999885), (0.92149186, -0.30795917, -0.23667257), (0.8739115, -0.0060061687, -0.486048), (0.866216, -0.4996354, -0.00587629), (0.92149186, -0.30795917, -0.23667257), (0.0038190975, -0.002899042, -0.9999885), (0.99999946, 0.00078185595, -0.0006694169), (0.0006321217, -0.000012665651, 0.9999998), (-0.00078188564, 0.9999997, 0.000013335166), (-0.00078188564, 0.9999997, 0.000013335166), (-0.00078184734, 0.9999997, 0.000013159873), (0.99999946, 0.00078185595, -0.0006694169), (-0.00078184734, 0.9999997, 0.000013159873), (-0.00078188564, 0.9999997, 0.000013335166), (-0.00066942704, 0.000012636484, -0.99999976), (-0.00066942704, 0.000012636484, -0.99999976), (-0.00078184734, 0.9999997, 0.000013159873), (-0.00078184734, 0.9999997, 0.000013159873), (0.99999946, 0.00078185595, -0.0006694169), (-0.0006507716, -0.023609234, -0.9997211), (0.0007913972, -0.9998964, 0.014373365), (0.0007913972, -0.9998964, 0.014373365), (0.9998055, -0.019709501, -0.000669546), (0.99999946, 0.00078185595, -0.0006694169), (0.9998055, -0.019709501, -0.000669546), (0.0007913972, -0.9998964, 0.014373365), (-0.00078184734, 0.9999997, 0.000013159873), (-0.00078184734, 0.9999997, 0.000013159873), (-0.00078184734, 0.9999997, 0.000013159873), (0.9998055, -0.019709501, -0.000669546), (0.9999623, 0.0007022574, -0.008661757), (0.023656616, 0.251549, -0.96755546), (0.9998766, -0.015507953, 0.0025291806), (0.042746425, -0.15721798, 0.98663837), (0.009028582, -0.15779616, 0.98743045), (0.008926007, -0.046218075, 0.9988916), (0.008926007, -0.046218075, 0.9988916), (0.031076662, 0.051759686, 0.9981759), (0.042746425, -0.15721798, 0.98663837), (0.031076662, 0.051759686, 0.9981759), (0.008926007, -0.046218075, 0.9988916), (0.011019044, 0.16617192, 0.9860352), (0.011019044, 0.16617192, 0.9860352), (0.07428025, 0.15426546, 0.98523325), (0.031076662, 0.051759686, 0.9981759), (0.031076662, 0.051759686, 0.9981759), (0.07428025, 0.15426546, 0.98523325), (0.99963677, -0.026897693, -0.0017290617), (0.031076662, 0.051759686, 0.9981759), (0.999937, 0.0012565318, -0.011152102), (0.042746425, -0.15721798, 0.98663837), (0.99840385, 0.01897818, 0.053193282), (0.99963677, -0.026897693, -0.0017290617), (0.07428025, 0.15426546, 0.98523325), (0.8466527, -0.15050752, 0.5104183), (0.042746425, -0.15721798, 0.98663837), (0.999937, 0.0012565318, -0.011152102), (0.99840385, 0.01897818, 0.053193282), (0.02064377, 0.43565735, 0.8998759), (0.99992675, 0.01081354, -0.0054560746), (0.8466527, -0.15050752, 0.5104183), (0.998353, 0.057112467, -0.005447064), (0.0212585, -0.2557186, 0.9665176), (0.999987, -0.00059038505, 0.0050573973), (0.0212585, -0.2557186, 0.9665176), (0.998353, 0.057112467, -0.005447064), (0.999987, -0.00059038505, 0.0050573973), (0.011484306, -0.71654695, 0.6974444), (0.0036862723, -0.4252457, 0.9050704), (0.999987, -0.00059038505, 0.0050573973), (0.0036862723, -0.4252457, 0.9050704), (0.0212585, -0.2557186, 0.9665176), (-0.00078184734, 0.9999997, 0.000013159873), (0.9999728, 0.000030529747, 0.0073799463), (0.02064377, 0.43565735, 0.8998759), (0.0091425115, 0.024160467, 0.9996663), (-0.00078184734, 0.9999997, 0.000013159873), (0.02064377, 0.43565735, 0.8998759), (0.99996877, -0.007889768, -0.00046814597), (0.049829364, 0.14787675, -0.9877498), (0.9999875, -0.00026514777, 0.005012063), (0.9998782, 0.015441815, -0.00225909), (0.9999875, -0.00026514777, 0.005012063), (0.049829364, 0.14787675, -0.9877498), (-0.99999946, -0.00078185595, 0.0006694169), (0.014779031, -0.0089453, 0.99985087), (0.014772628, -0.0000016084971, 0.9998909), (0.013433879, 0.000023661936, -0.9999098), (0.009051302, -0.00452283, -0.9999488), (-0.00078184734, 0.9999997, 0.000013159873), (0.013437598, 0.00003251856, -0.9999098), (0.013433879, 0.000023661936, -0.9999098), (-0.00078184734, 0.9999997, 0.000013159873), (0.013439405, 0.000023666254, -0.9999097), (0.013437598, 0.00003251856, -0.9999098), (-0.00078184734, 0.9999997, 0.000013159873), (-0.99999946, -0.00078185595, 0.0006694169), (0.0147793135, -0.00894515, 0.99985087), (0.014772912, -0.0000016082757, 0.9998909), (0.01304647, 0.0020222142, -0.9999129), (0.004565703, -0.0026405125, -0.99998623), (-0.00078184734, 0.9999997, 0.000013159873), (0.013433436, 0.000023661589, -0.9999099), (0.01304647, 0.0020222142, -0.9999129), (-0.00078184734, 0.9999997, 0.000013159873), (0.013433434, 0.000023661587, -0.9999098), (0.013433436, 0.000023661589, -0.9999099), (-0.00078184734, 0.9999997, 0.000013159873), (0.94253683, -0.0010462662, 0.33410057), (0.9717836, -0.23587444, -0.0003118852), (0.07134589, 0.0015175628, -0.99745053), (0.99998325, -0.0037983533, -0.0043757805), (0.94253683, -0.0010462662, 0.33410057), (0.07134589, 0.0015175628, -0.99745053), (0.07134589, 0.0015175628, -0.99745053), (0.049053986, 0.0052719926, -0.9987823), (0.99998325, -0.0037983533, -0.0043757805), (0.03077729, 0.99951625, -0.0044807293), (0.07134589, 0.0015175628, -0.99745053), (0.9717836, -0.23587444, -0.0003118852), (0.03077729, 0.99951625, -0.0044807293), (0.9717836, -0.23587444, -0.0003118852), (-0.00078184734, 0.9999997, 0.000013159873), (-0.00078184734, 0.9999997, 0.000013159873), (-0.00078184734, 0.9999997, 0.000013159873), (0.03077729, 0.99951625, -0.0044807293), (-0.00078184734, 0.9999997, 0.000013159873), (0.0038190975, -0.002899042, -0.9999885), (0.06895301, 0.9976141, 0.0034213054), (0.99704725, -0.07678951, 0.00042882373), (-0.00078184734, 0.9999997, 0.000013159873), (0.06895301, 0.9976141, 0.0034213054), (0.06895301, 0.9976141, 0.0034213054), (0.025221003, 0.9996665, 0.0055676154), (0.99704725, -0.07678951, 0.00042882373), (0.08254503, 0.021214519, 0.99636155), (0.06895301, 0.9976141, 0.0034213054), (0.0038190975, -0.002899042, -0.9999885), (0.0038190975, -0.002899042, -0.9999885), (0.08760866, -0.0014589452, 0.99615395), (0.08254503, 0.021214519, 0.99636155), (0.08760867, -0.0014589452, 0.99615395), (0.08254503, 0.021214519, 0.99636155), (0.08760866, -0.0014589452, 0.99615395), (0.08760866, -0.0014589452, 0.99615395), (-0.00078184734, 0.9999997, 0.000013159873), (0.08760867, -0.0014589452, 0.99615395), (-0.00078184734, 0.9999997, 0.000013159873), (0.9573923, 0.20512855, -0.20327951), (0.08760867, -0.0014589452, 0.99615395), (0.05697728, -0.99836767, -0.003972794), (0.08760867, -0.0014589452, 0.99615395), (0.9573923, 0.20512855, -0.20327951), (0.9573923, 0.20512855, -0.20327951), (-0.00078184734, 0.9999997, 0.000013159873), (0.05697728, -0.99836767, -0.003972794), (0.05697728, -0.99836767, -0.003972794), (-0.00078184734, 0.9999997, 0.000013159873), (-0.00078184734, 0.9999997, 0.000013159873), (-0.00078184734, 0.9999997, 0.000013159873), (0.019703655, -0.99980336, 0.0022628298), (0.05697728, -0.99836767, -0.003972794), (0.99858505, 0.053177673, -0.00028619732), (0.94855386, 0.31661505, 0.0008017502), (0.03386056, -0.99942446, 0.002074083), (0.03386056, -0.99942446, 0.002074083), (-0.016694536, -0.00029112463, 0.99986064), (0.99858505, 0.053177673, -0.00028619732), (0.94855386, 0.31661505, 0.0008017502), (0.99998325, -0.0037983533, -0.0043757805), (0.03386056, -0.99942446, 0.002074083), (0.049053986, 0.0052719926, -0.9987823), (0.03386056, -0.99942446, 0.002074083), (0.99998325, -0.0037983533, -0.0043757805), (0.99963677, -0.026897516, -0.0017290515), (0.9998617, 0.0007819582, -0.016617723), (0.031076232, 0.051743865, 0.9981768), (0.999937, 0.0012563833, -0.011151975), (0.031076232, 0.051743865, 0.9981768), (0.9998617, 0.0007819582, -0.016617723), (0.999937, 0.0012563833, -0.011151975), (0.9999249, 0.0039068633, -0.0116150705), (0.8462205, -0.1509744, 0.5109968), (0.99835294, 0.05711245, -0.005447022), (0.8462205, -0.1509744, 0.5109968), (0.9999249, 0.0039068633, -0.0116150705), (0.99999946, 0.00078185595, -0.00066941173), (0.99999946, 0.00078185595, -0.0006694169), (0.0004471324, -0.91571563, -0.40182674), (0.0004471324, -0.91571563, -0.40182674), (0.0008462922, -0.99474335, 0.10239618), (0.99999946, 0.00078185595, -0.00066941173), (0.99999946, 0.00078185595, -0.0006694169), (0.99999946, 0.00078185595, -0.00066941173), (0.0008462922, -0.99474335, 0.10239618), (0.0008462922, -0.99474335, 0.10239618), (0.0010229726, -0.82632256, 0.5631962), (0.99999946, 0.00078185595, -0.0006694169), (0.9999142, 0.012702096, 0.0031972774), (0.99999946, 0.00078185595, -0.0006694169), (0.0010229726, -0.82632256, 0.5631962), (0.0010229726, -0.82632256, 0.5631962), (0.00093746895, -0.42387876, 0.90571845), (0.9999142, 0.012702096, 0.0031972774), (-0.00017002314, -0.99260736, -0.12136977), (-0.0000032698033, -0.9174319, 0.39789295), (0.99999946, 0.00078185595, -0.0006694169), (0.99999946, 0.00078185595, -0.0006694169), (0.99999946, 0.00078185595, -0.0006694169), (-0.00017002314, -0.99260736, -0.12136977), (0.0010414672, -0.521536, 0.8532286), (0.00061197736, 0.07128535, 0.9974558), (0.99999946, 0.00078186253, -0.0006694169), (0.99999946, 0.00078186253, -0.0006694169), (-0.00078184734, 0.9999997, 0.000013159873), (0.0010414672, -0.521536, 0.8532286), (-0.00008385891, 0.9545942, -0.29790938), (-0.0010795408, 0.64744467, -0.7621117), (-0.00078184734, 0.9999997, 0.000013159873), (-0.00078184734, 0.9999997, 0.000013159873), (0.99999946, 0.00078185595, -0.0006694169), (-0.00008385891, 0.9545942, -0.29790938), (-0.00052878144, 0.94932723, 0.31428915), (-0.00008385891, 0.9545942, -0.29790938), (0.99999946, 0.00078185595, -0.0006694169), (0.99999946, 0.00078185595, -0.0006694169), (0.99999946, 0.00078185595, -0.0006694169), (-0.00052878144, 0.94932723, 0.31428915), (0.000002599824, 0.64845306, 0.7612546), (-0.00052878144, 0.94932723, 0.31428915), (0.99999946, 0.00078185595, -0.0006694169), (0.99999946, 0.00078185595, -0.0006694169), (0.99926776, 0.015075611, 0.035168063), (0.000002599824, 0.64845306, 0.7612546), (-0.000032622807, 0.99960434, -0.028128386), (-0.0010250697, 0.86170596, -0.50740695), (0.99979335, -0.0018236896, -0.020245567), (0.99979335, -0.0018236896, -0.020245567), (0.99999946, 0.00078185595, -0.0006694169), (-0.000032622807, 0.99960434, -0.028128386), (-0.0003893967, 0.88941157, 0.4571071), (-0.000032622807, 0.99960434, -0.028128386), (0.99999946, 0.00078185595, -0.0006694169), (0.99999946, 0.00078185595, -0.0006694169), (-0.00078184734, 0.9999997, 0.000013159873), (-0.0003893967, 0.88941157, 0.4571071), (0.000088675275, 0.5825129, 0.81282145), (-0.0003893967, 0.88941157, 0.4571071), (-0.00078184734, 0.9999997, 0.000013159873), (-0.00078184734, 0.9999997, 0.000013159873), (0.00027793838, 0.42109346, 0.90701723), (0.000088675275, 0.5825129, 0.81282145), (-0.0000032698033, -0.9174319, 0.39789295), (0.0010414672, -0.521536, 0.8532286), (-0.00078184734, 0.9999997, 0.000013159873), (-0.00078184734, 0.9999997, 0.000013159873), (0.99999946, 0.00078185595, -0.0006694169), (-0.0000032698033, -0.9174319, 0.39789295), (0.9999965, 0.0022452422, 0.001427904), (-0.00078184734, 0.9999997, 0.000013159873), (0.008549051, -0.004386376, -0.9999539), (-0.00078184734, 0.9999997, 0.000013159873), (0.99998325, -0.0037983533, -0.0043757805), (0.94855386, 0.31661505, 0.0008017502), (0.9999829, -0.00033687905, 0.0058447267), (0.9998902, 0.013784992, -0.005455808), (0.021014206, 0.43454114, 0.9004068), (0.015767032, -0.029002227, -0.99945503), (-0.00078184734, 0.9999997, 0.000013159873), (0.015588753, -0.019332796, -0.99969167), (0.015588753, -0.019332796, -0.99969167), (0.010303691, -0.0263433, -0.9995999), (0.015767032, -0.029002227, -0.99945503), (0.010303691, -0.0263433, -0.9995999), (0.015588753, -0.019332796, -0.99969167), (0.004334015, -0.24444693, -0.96965307), (0.004334015, -0.24444693, -0.96965307), (0.026401076, -0.44914892, -0.8930668), (0.010303691, -0.0263433, -0.9995999), (0.6474905, 0.71049607, -0.2755931), (0.88244057, 0.3669495, -0.29435816), (0.5341225, 0.6425634, -0.5493864), (0.544734, 0.35968983, -0.7575541), (0.5341225, 0.6425634, -0.5493864), (0.88244057, 0.3669495, -0.29435816), (0.88244057, 0.3669495, -0.29435816), (0.8785995, 0.20826113, -0.42975605), (0.544734, 0.35968983, -0.7575541), (0.8785995, 0.20826113, -0.42975605), (0.88244057, 0.3669495, -0.29435816), (0.925614, 0.24251324, -0.29056177), (0.925614, 0.24251324, -0.29056177), (0.8752143, 0.004043855, -0.48371845), (0.8785995, 0.20826113, -0.42975605), (0.78693455, 0.0010268209, -0.61703575), (0.8785995, 0.20826113, -0.42975605), (0.8752143, 0.004043855, -0.48371845), (0.78693455, 0.0010268209, -0.61703575), (0.8752143, 0.004043855, -0.48371845), (0.8739115, -0.0060061687, -0.486048), (0.8739115, -0.0060061687, -0.486048), (0.8752143, 0.004043855, -0.48371845), (-0.00078184734, 0.9999997, 0.000013159873), (0.8739115, -0.0060061687, -0.486048), (0.8007267, -0.006078991, -0.59899914), (0.78693455, 0.0010268209, -0.61703575), (-0.00078184734, 0.9999997, 0.000013159873), (0.08760866, -0.0014589452, 0.99615395), (0.8739115, -0.0060061687, -0.486048), (0.8739115, -0.0060061687, -0.486048), (0.08760866, -0.0014589452, 0.99615395), (0.0038190975, -0.002899042, -0.9999885), (0.8007267, -0.006078991, -0.59899914), (0.8826429, -0.29587743, -0.36523694), (0.5537601, -0.39971092, -0.7304663), (0.8739115, -0.0060061687, -0.486048), (0.8826429, -0.29587743, -0.36523694), (0.8007267, -0.006078991, -0.59899914), (0.8826429, -0.29587743, -0.36523694), (0.8739115, -0.0060061687, -0.486048), (0.92149186, -0.30795917, -0.23667257), (0.58074814, -0.63155097, -0.5136876), (0.5537601, -0.39971092, -0.7304663), (0.8826429, -0.29587743, -0.36523694), (0.8826429, -0.29587743, -0.36523694), (0.8534454, -0.47177237, -0.22149877), (0.58074814, -0.63155097, -0.5136876), (0.8534454, -0.47177237, -0.22149877), (0.8826429, -0.29587743, -0.36523694), (0.92149186, -0.30795917, -0.23667257), (0.82816136, -0.5604449, -0.0070881783), (0.8534454, -0.47177237, -0.22149877), (0.92149186, -0.30795917, -0.23667257), (0.92149186, -0.30795917, -0.23667257), (0.866216, -0.4996354, -0.00587629), (0.82816136, -0.5604449, -0.0070881783), (0.82396686, -0.56663734, -0.00086552073), (0.82816136, -0.5604449, -0.0070881783), (0.866216, -0.4996354, -0.00587629), (0.0038190975, -0.002899042, -0.9999885), (-0.00078184734, 0.9999997, 0.000013159873), (0.866216, -0.4996354, -0.00587629), (0.90078473, -0.4342626, 0.0017098992), (0.866216, -0.4996354, -0.00587629), (-0.00078184734, 0.9999997, 0.000013159873), (0.866216, -0.4996354, -0.00587629), (0.90078473, -0.4342626, 0.0017098992), (0.82396686, -0.56663734, -0.00086552073), (-0.00078184734, 0.9999997, 0.000013159873), (0.99704725, -0.07678951, 0.00042882373), (0.90078473, -0.4342626, 0.0017098992), (0.8314643, -0.55557835, 0.00016270789), (0.82396686, -0.56663734, -0.00086552073), (0.90078473, -0.4342626, 0.0017098992), (0.91460615, -0.4043452, -0.0007953576), (0.90078473, -0.4342626, 0.0017098992), (0.99704725, -0.07678951, 0.00042882373), (0.90078473, -0.4342626, 0.0017098992), (0.91460615, -0.4043452, -0.0007953576), (0.8314643, -0.55557835, 0.00016270789), (0.99704725, -0.07678951, 0.00042882373), (-0.00078184734, 0.9999997, 0.000013159873), (0.91460615, -0.4043452, -0.0007953576), (0.91460615, -0.4043452, -0.0007953576), (-0.00078184734, 0.9999997, 0.000013159873), (0.9717836, -0.23587444, -0.0003118852), (0.9717836, -0.23587444, -0.0003118852), (0.87731296, -0.47987813, 0.0062612607), (0.91460615, -0.4043452, -0.0007953576), (0.8314643, -0.55557835, 0.00016270789), (0.91460615, -0.4043452, -0.0007953576), (0.87731296, -0.47987813, 0.0062612607), (0.87731296, -0.47987813, 0.0062612607), (0.818979, -0.5737864, 0.006523603), (0.8314643, -0.55557835, 0.00016270789), (0.87731296, -0.47987813, 0.0062612607), (0.88605976, -0.35391998, 0.29939762), (0.818979, -0.5737864, 0.006523603), (0.818979, -0.5737864, 0.006523603), (0.88605976, -0.35391998, 0.29939762), (0.6575323, -0.6678243, 0.34880084), (0.88605976, -0.35391998, 0.29939762), (0.87731296, -0.47987813, 0.0062612607), (0.9250447, -0.22765, 0.30408517), (0.56925476, -0.5280365, 0.6301798), (0.6575323, -0.6678243, 0.34880084), (0.88605976, -0.35391998, 0.29939762), (0.99963677, -0.026897693, -0.0017290617), (0.9998616, 0.00078195764, -0.016618228), (0.031076662, 0.051759686, 0.9981759), (0.999937, 0.0012565318, -0.011152102), (0.031076662, 0.051759686, 0.9981759), (0.9998616, 0.00078195764, -0.016618228), (0.999937, 0.0012565318, -0.011152102), (0.9999249, 0.0039068726, -0.011615102), (0.8466527, -0.15050752, 0.5104183), (0.998353, 0.057112467, -0.005447064), (0.8466527, -0.15050752, 0.5104183), (0.9999249, 0.0039068726, -0.011615102), (0.99999946, 0.00078185595, -0.00066941173), (0.99999946, 0.00078185595, -0.0006694169), (0.00044697692, -0.91571563, -0.40182674), (0.00044697692, -0.91571563, -0.40182674), (0.0008463032, -0.99474144, 0.10241484), (0.99999946, 0.00078185595, -0.00066941173), (0.99999946, 0.00078185595, -0.0006694169), (0.99999946, 0.00078185595, -0.00066941173), (0.0008463032, -0.99474144, 0.10241484), (0.0008463032, -0.99474144, 0.10241484), (0.0010230851, -0.82629216, 0.56324095), (0.99999946, 0.00078185595, -0.0006694169), (0.9999142, 0.012701544, 0.0031970984), (0.99999946, 0.00078185595, -0.0006694169), (0.0010230851, -0.82629216, 0.56324095), (0.0010230851, -0.82629216, 0.56324095), (0.0009378561, -0.42400172, 0.905661), (0.9999142, 0.012701544, 0.0031970984), (-0.00017451862, -0.99260646, -0.12137801), (-0.0000034164877, -0.9174156, 0.39793056), (0.99999946, 0.00078185595, -0.0006694169), (0.99999946, 0.00078185595, -0.0006694169), (0.99999946, 0.00078185595, -0.0006694169), (-0.00017451862, -0.99260646, -0.12137801), (0.001041639, -0.52160656, 0.8531855), (0.0006120325, 0.07121895, 0.9974606), (0.99999946, 0.00078186253, -0.0006694169), (0.99999946, 0.00078186253, -0.0006694169), (-0.00078184734, 0.9999997, 0.000013159873), (0.001041639, -0.52160656, 0.8531855), (-0.000083972605, 0.95458466, -0.29794002), (-0.001079702, 0.64742696, -0.7621267), (-0.00078184734, 0.9999997, 0.000013159873), (-0.00078184734, 0.9999997, 0.000013159873), (0.99999946, 0.00078185595, -0.0006694169), (-0.000083972605, 0.95458466, -0.29794002), (-0.00052878214, 0.94932735, 0.31428882), (-0.000083972605, 0.95458466, -0.29794002), (0.99999946, 0.00078185595, -0.0006694169), (0.99999946, 0.00078185595, -0.0006694169), (0.99999946, 0.00078185595, -0.0006694169), (-0.00052878214, 0.94932735, 0.31428882), (0.0000026118187, 0.6485408, 0.76117986), (-0.00052878214, 0.94932735, 0.31428882), (0.99999946, 0.00078185595, -0.0006694169), (0.99999946, 0.00078185595, -0.0006694169), (0.99926776, 0.015075883, 0.035168745), (0.0000026118187, 0.6485408, 0.76117986), (-0.00003214128, 0.9996043, -0.02813006), (-0.001021933, 0.86172205, -0.5073797), (0.99979335, -0.0018240463, -0.020244995), (0.99979335, -0.0018240463, -0.020244995), (0.99999946, 0.00078185595, -0.0006694169), (-0.00003214128, 0.9996043, -0.02813006), (-0.000389398, 0.8894122, 0.45710593), (-0.00003214128, 0.9996043, -0.02813006), (0.99999946, 0.00078185595, -0.0006694169), (0.99999946, 0.00078185595, -0.0006694169), (-0.00078184734, 0.9999997, 0.000013159873), (-0.000389398, 0.8894122, 0.45710593), (0.00008854421, 0.5826168, 0.812747), (-0.000389398, 0.8894122, 0.45710593), (-0.00078184734, 0.9999997, 0.000013159873), (-0.00078184734, 0.9999997, 0.000013159873), (0.00027787534, 0.4211512, 0.90699047), (0.00008854421, 0.5826168, 0.812747), (-0.0000034164877, -0.9174156, 0.39793056), (0.001041639, -0.52160656, 0.8531855), (-0.00078184734, 0.9999997, 0.000013159873), (-0.00078184734, 0.9999997, 0.000013159873), (0.99999946, 0.00078185595, -0.0006694169), (-0.0000034164877, -0.9174156, 0.39793056), (-0.00078184734, 0.9999997, 0.000013159873), (-0.00078184734, 0.9999997, 0.000013159873), (-0.00078184734, 0.9999997, 0.000013159873), (0.9999728, 0.000030529747, 0.0073799463), (0.99992675, 0.01081354, -0.0054560746), (0.02064377, 0.43565735, 0.8998759), (-0.00078184734, 0.9999997, 0.000013159873), (-0.00078184734, 0.9999997, 0.000013159873), (0.99704725, -0.07678951, 0.00042882373), (0.015423803, -0.027934948, -0.9994908), (-0.00078184734, 0.9999997, 0.000013159873), (0.015351208, -0.018613983, -0.99970895), (0.015351208, -0.018613983, -0.99970895), (0.010281586, -0.025623446, -0.9996189), (0.015423803, -0.027934948, -0.9994908), (0.010281586, -0.025623446, -0.9996189), (0.015351208, -0.018613983, -0.99970895), (0.0043206476, -0.24442941, -0.9696575), (0.0043206476, -0.24442941, -0.9696575), (0.024450326, -0.44913504, -0.89312935), (0.010281586, -0.025623446, -0.9996189), (0.064670525, 0.14462826, -0.9873705), (-0.004038711, 0.020299483, -0.9997858), (-0.00078184734, 0.9999997, 0.000013159873), (-0.00078184734, 0.9999997, 0.000013159873), (0.0072284685, 0.15777458, -0.9874487), (0.064670525, 0.14462826, -0.9873705), (0.99999946, 0.00078185595, -0.0006694169), (-0.00078184734, 0.9999997, 0.000013159873), (-0.00031231495, -0.38922107, -0.9211443), (0.99999946, 0.00078185595, -0.0006694169), (0.015588753, -0.019332796, -0.99969167), (-0.00078184734, 0.9999997, 0.000013159873), (0.99999946, 0.00078185595, -0.0006694169), (-0.00031231495, -0.38922107, -0.9211443), (-0.00078184734, 0.9999997, 0.000013159873), (0.004334015, -0.24444693, -0.96965307), (0.015588753, -0.019332796, -0.99969167), (0.99999946, 0.00078185595, -0.0006694169), (0.0058743693, -0.15087348, -0.98853576), (0.99999946, 0.00078185595, -0.0006694169), (-0.00078184734, 0.9999997, 0.000013159873), (0.99999946, 0.00078185595, -0.0006694169), (-0.00078184734, 0.9999997, 0.000013159873), (0.004334015, -0.24444693, -0.96965307), (-0.00078184734, 0.9999997, 0.000013159873), (0.99999946, 0.00078185595, -0.0006694169), (0.99999946, 0.00078185595, -0.00066941173), (0.99999946, 0.00078185595, -0.00066941173), (-0.00078184734, 0.9999997, 0.000013159873), (-0.00078184734, 0.9999997, 0.000013159873), (-0.00078184734, 0.9999997, 0.000013159873), (0.99999946, 0.00078185595, -0.00066941173), (0.99999946, 0.00078185595, -0.0006694169), (0.99999946, 0.00078185595, -0.0006694169), (0.014552018, -0.86746645, -0.4972828), (-0.00078184734, 0.9999997, 0.000013159873), (0.99999946, 0.00078185595, -0.0006694169), (0.014552018, -0.86746645, -0.4972828), (0.99999946, 0.00078185595, -0.0006694169), (0.99999946, 0.00078185595, -0.0006694169), (0.9999142, 0.012702096, 0.0031972774), (0.99999946, 0.00078185595, -0.0006694169), (0.99999946, 0.00078185595, -0.0006694169), (-0.00078184734, 0.9999997, 0.000013159873), (0.011938697, -0.9881362, -0.15311627), (0.99999946, 0.00078185595, -0.0006694169), (0.9999142, 0.012702096, 0.0031972774), (0.99994755, 0.01023675, -0.00039290902), (0.99999946, 0.00078185595, -0.0006694169), (0.99994755, 0.01023675, -0.00039290902), (-0.00078184734, 0.9999997, 0.000013159873), (0.9861693, -0.03469086, 0.16207007), (0.99994755, 0.01023675, -0.00039290902), (0.9999142, 0.012702096, 0.0031972774), (-0.00078184734, 0.9999997, 0.000013159873), (0.99994755, 0.01023675, -0.00039290902), (0.99999946, 0.00078185595, -0.0006694169), (0.9999142, 0.012702096, 0.0031972774), (0.00087188045, -0.29817614, 0.95451057), (0.9861693, -0.03469086, 0.16207007), (0.99999946, 0.00078185595, -0.0006694169), (-0.00078184734, 0.9999997, 0.000013159873), (-0.00078184734, 0.9999997, 0.000013159873), (0.9954097, -0.01907823, 0.093784414), (0.9861693, -0.03469086, 0.16207007), (0.00087188045, -0.29817614, 0.95451057), (0.99999946, 0.00078185595, -0.0006694169), (-0.00078184734, 0.9999997, 0.000013159873), (0.99999946, 0.00078185595, -0.0006694169), (0.00087188045, -0.29817614, 0.95451057), (0.99926776, 0.015075611, 0.035168063), (0.9954097, -0.01907823, 0.093784414), (0.99999946, 0.00078185595, -0.0006694169), (0.9999601, 0.008388969, -0.003070266), (0.99999946, 0.00078185595, -0.0006694169), (0.99999946, 0.00078185595, -0.0006694169), (0.01651539, -0.98274213, 0.18424246), (0.99999946, 0.00078185595, -0.0006694169), (0.9999601, 0.008388969, -0.003070266), (0.99999946, 0.00078185595, -0.0006694169), (0.99999946, 0.00078185595, -0.0006694169), (0.9999257, -0.0048239264, 0.01119751), (0.9954097, -0.01907823, 0.093784414), (0.99926776, 0.015075611, 0.035168063), (0.9999257, -0.0048239264, 0.01119751), (0.99926776, 0.015075611, 0.035168063), (0.99999946, 0.00078185595, -0.0006694169), (0.9999257, -0.0048239264, 0.01119751), (0.99926746, -0.038176943, -0.002677338), (0.9954097, -0.01907823, 0.093784414), (0.9999601, 0.008388969, -0.003070266), (0.99999946, 0.00078185595, -0.0006694169), (0.99999946, 0.00078185595, -0.0006694169), (-0.00078184734, 0.9999997, 0.000013159873), (0.99999946, 0.00078185595, -0.0006694169), (0.99999946, 0.00078185595, -0.0006694169), (-0.0006799796, 0.013588503, -0.9999075), (0.99999946, 0.00078185595, -0.0006694169), (0.9999601, 0.008388969, -0.003070266), (0.99999946, 0.00078185595, -0.0006694169), (0.99999946, 0.00078185595, -0.0006694169), (-0.00078184734, 0.9999997, 0.000013159873), (0.9999601, 0.008388969, -0.003070266), (0.9811184, 0.0070635905, -0.19327942), (-0.0006799796, 0.013588503, -0.9999075), (-0.0016370566, 0.63477844, -0.7726925), (-0.0006799796, 0.013588503, -0.9999075), (0.9811184, 0.0070635905, -0.19327942), (0.99999946, 0.00078185595, -0.0006694169), (0.014828604, -0.8099373, 0.58632904), (-0.00078184734, 0.9999997, 0.000013159873), (0.9811184, 0.0070635905, -0.19327942), (0.9855527, -0.06575181, -0.15608503), (-0.0016370566, 0.63477844, -0.7726925), (0.011485985, -0.7165045, 0.69748795), (0.014828604, -0.8099373, 0.58632904), (0.99999946, 0.00078185595, -0.0006694169), (0.99979335, -0.0018236896, -0.020245567), (-0.0016370566, 0.63477844, -0.7726925), (0.9855527, -0.06575181, -0.15608503), (0.99999946, 0.00078185595, -0.0006694169), (0.99999946, 0.00078185595, -0.0006694169), (0.011485985, -0.7165045, 0.69748795), (0.9855527, -0.06575181, -0.15608503), (0.9960753, -0.0648258, -0.060264427), (0.99979335, -0.0018236896, -0.020245567), (0.0036762867, -0.42527804, 0.90505534), (0.011485985, -0.7165045, 0.69748795), (0.99999946, 0.00078185595, -0.0006694169), (0.011650616, -0.040508334, 0.9991113), (0.0036762867, -0.42527804, 0.90505534), (0.99999946, 0.00078185595, -0.0006694169), (0.99999946, 0.00078185595, -0.0006694169), (-0.00078184734, 0.9999997, 0.000013159873), (0.011650616, -0.040508334, 0.9991113), (-0.00078184734, 0.9999997, 0.000013159873), (-0.00078184734, 0.9999997, 0.000013159873), (0.011650616, -0.040508334, 0.9991113), (-0.00078184734, 0.9999997, 0.000013159873), (-0.00078184734, 0.9999997, 0.000013159873), (0.99999946, 0.00078186253, -0.0006694169), (-0.00078184734, 0.9999997, 0.000013159873), (0.008928909, -0.046201702, 0.9988923), (0.009038839, -0.15776044, 0.98743606), (-0.00078184734, 0.9999997, 0.000013159873), (0.99999946, 0.00078186253, -0.0006694169), (0.008928909, -0.046201702, 0.9988923), (0.011019005, 0.1661073, 0.98604614), (0.008928909, -0.046201702, 0.9988923), (0.99999946, 0.00078186253, -0.0006694169), (0.011019005, 0.1661073, 0.98604614), (0.99999946, 0.00078186253, -0.0006694169), (-0.00078184734, 0.9999997, 0.000013159873), (0.99999946, 0.00078186253, -0.0006694169), (0.00027793838, 0.42109346, 0.90701723), (-0.00078184734, 0.9999997, 0.000013159873), (-0.00078184734, 0.9999997, 0.000013159873), (-0.00078184734, 0.9999997, 0.000013159873), (0.00027793838, 0.42109346, 0.90701723), (-0.00078184734, 0.9999997, 0.000013159873), (0.017073974, 0.02497726, 0.9995422), (-0.00078184734, 0.9999997, 0.000013159873), (0.017073974, 0.02497726, 0.9995422), (-0.00078184734, 0.9999997, 0.000013159873), (0.99999946, 0.00078185595, -0.0006694169), (0.99999946, 0.00078185595, -0.0006694169), (0.009132417, 0.024183089, 0.99966586), (0.017073974, 0.02497726, 0.9995422), (0.99999946, 0.00078185595, -0.0006694169), (-0.00078184734, 0.9999997, 0.000013159873), (0.009132417, 0.024183089, 0.99966586), (-0.00078184734, 0.9999997, 0.000013159873), (0.99999946, 0.00078185595, -0.0006694169), (0.99979335, -0.0018236896, -0.020245567), (-0.00078184734, 0.9999997, 0.000013159873), (0.99979335, -0.0018236896, -0.020245567), (0.999902, -0.0073881573, -0.011890507), (-0.00078184734, 0.9999997, 0.000013159873), (0.999902, -0.0073881573, -0.011890507), (0.013429877, 0.77324975, 0.63395935), (0.999902, -0.0073881573, -0.011890507), (0.013535252, 0.8670072, 0.4981119), (0.013429877, 0.77324975, 0.63395935), (0.99979335, -0.0018236896, -0.020245567), (0.9960753, -0.0648258, -0.060264427), (0.999902, -0.0073881573, -0.011890507), (-0.00078184734, 0.9999997, 0.000013159873), (0.013535252, 0.8670072, 0.4981119), (0.999902, -0.0073881573, -0.011890507), (0.99926746, -0.038176943, -0.002677338), (0.999902, -0.0073881573, -0.011890507), (0.9960753, -0.0648258, -0.060264427), (-0.00078184734, 0.9999997, 0.000013159873), (0.010625483, 0.9881362, 0.1532125), (-0.00078184734, 0.9999997, 0.000013159873), (-0.00078184734, 0.9999997, 0.000013159873), (-0.00078184734, 0.9999997, 0.000013159873), (0.999902, -0.0073881573, -0.011890507), (0.9998056, -0.01970933, -0.0006695461), (-0.00078184734, 0.9999997, 0.000013159873), (0.999902, -0.0073881573, -0.011890507), (0.9998056, -0.01970933, -0.0006695461), (0.999902, -0.0073881573, -0.011890507), (0.99926746, -0.038176943, -0.002677338), (0.9999257, -0.0048239264, 0.01119751), (0.9998056, -0.01970933, -0.0006695461), (0.99926746, -0.038176943, -0.002677338), (0.99999946, 0.00078185595, -0.0006694169), (0.9998056, -0.01970933, -0.0006695461), (0.9999257, -0.0048239264, 0.01119751), (0.012309931, 0.96991956, -0.24311422), (0.012808459, 0.9913943, -0.13028169), (0.99999946, 0.00078185595, -0.0006694169), (0.99999946, 0.00078185595, -0.0006694169), (0.9999257, -0.0048239264, 0.01119751), (0.012309931, 0.96991956, -0.24311422), (0.9999257, -0.0048239264, 0.01119751), (0.012971505, 0.8961044, -0.44365382), (0.012309931, 0.96991956, -0.24311422), (0.9999257, -0.0048239264, 0.01119751), (0.011258669, 0.8086113, -0.58823574), (0.012971505, 0.8961044, -0.44365382), (-0.00078184734, 0.9999997, 0.000013159873), (0.011258669, 0.8086113, -0.58823574), (0.9999257, -0.0048239264, 0.01119751), (0.99999946, 0.00078185595, -0.0006694169), (-0.00078184734, 0.9999997, 0.000013159873), (0.9999257, -0.0048239264, 0.01119751), (0.99999946, 0.00078185595, -0.0006694169), (0.99999946, 0.00078185595, -0.0006694169), (-0.00078184734, 0.9999997, 0.000013159873), (0.005139765, 0.4175374, -0.90864533), (-0.00078184734, 0.9999997, 0.000013159873), (0.99999946, 0.00078185595, -0.0006694169), (0.010253825, 0.043956272, -0.9989809), (0.005139765, 0.4175374, -0.90864533), (0.99999946, 0.00078185595, -0.0006694169), (0.99999946, 0.00078185595, -0.0006694169), (-0.00078184734, 0.9999997, 0.000013159873), (0.010253825, 0.043956272, -0.9989809), (-0.00078184734, 0.9999997, 0.000013159873), (-0.00078184734, 0.9999997, 0.000013159873), (0.010253825, 0.043956272, -0.9989809), (-0.00078184734, 0.9999997, 0.000013159873), (-0.00078184734, 0.9999997, 0.000013159873), (0.99999946, 0.00078185595, -0.0006694169), (-0.00078184734, 0.9999997, 0.000013159873), (0.0019485235, 0.038225386, -0.99926734), (0.0072284685, 0.15777458, -0.9874487), (-0.00078184734, 0.9999997, 0.000013159873), (0.99999946, 0.00078185595, -0.0006694169), (0.0019485235, 0.038225386, -0.99926734), (0.0058743693, -0.15087348, -0.98853576), (0.0019485235, 0.038225386, -0.99926734), (0.99999946, 0.00078185595, -0.0006694169), (-0.99999946, -0.00078185595, 0.0006694169), (0.9717836, -0.23587444, -0.0003118852), (0.94253683, -0.0010462662, 0.33410057), (0.9999798, 0.0000038636335, -0.006363336), (0.99996114, 0.00783562, 0.004032784), (0.026401076, -0.44914892, -0.8930668), (0.99992156, 0.012505814, -0.0006692166), (0.9999858, -0.00019101032, 0.0053258794), (0.064670525, 0.14462826, -0.9873705), (0.99998426, -0.0055441787, 0.0009943739), (0.064670525, 0.14462826, -0.9873705), (0.9999858, -0.00019101032, 0.0053258794), (0.9999724, -0.000084018204, -0.0074287904), (0.025273401, 0.2519223, -0.9674174), (0.9998129, -0.01891892, 0.0040317494), (0.01733445, 0.037365798, 0.9991513), (0.07428264, 0.15420714, 0.9852423), (0.011019005, 0.1661073, 0.98604614), (0.011019005, 0.1661073, 0.98604614), (-0.00078184734, 0.9999997, 0.000013159873), (0.01733445, 0.037365798, 0.9991513), (0.015767032, -0.029002227, -0.99945503), (0.09682663, -0.1351185, -0.9860871), (0.0058743693, -0.15087348, -0.98853576), (0.0058743693, -0.15087348, -0.98853576), (-0.00078184734, 0.9999997, 0.000013159873), (0.015767032, -0.029002227, -0.99945503), (-0.00078184734, 0.9999997, 0.000013159873), (0.0031754174, -0.029372206, 0.9995635), (0.0120782, -0.050579317, 0.9986471), (0.0120782, -0.050579317, 0.9986471), (0.011650616, -0.040508334, 0.9991113), (-0.00078184734, 0.9999997, 0.000013159873), (0.011650616, -0.040508334, 0.9991113), (0.0120782, -0.050579317, 0.9986471), (0.021250982, -0.25574112, 0.9665118), (0.021250982, -0.25574112, 0.9665118), (0.0036762867, -0.42527804, 0.90505534), (0.011650616, -0.040508334, 0.9991113), (0.049829364, 0.14787675, -0.9877498), (-0.004041676, 0.020297274, -0.9997859), (-0.00078184734, 0.9999997, 0.000013159873), (-0.00078184734, 0.9999997, 0.000013159873), (0.007224593, 0.15771626, -0.98745805), (0.049829364, 0.14787675, -0.9877498), (0.99999946, 0.00078185595, -0.0006694169), (-0.00078184734, 0.9999997, 0.000013159873), (-0.00031231335, -0.38922256, -0.92114365), (0.99999946, 0.00078185595, -0.0006694169), (0.015351208, -0.018613983, -0.99970895), (-0.00078184734, 0.9999997, 0.000013159873), (0.99999946, 0.00078185595, -0.0006694169), (-0.00031231335, -0.38922256, -0.92114365), (-0.00078184734, 0.9999997, 0.000013159873), (0.0043206476, -0.24442941, -0.9696575), (0.015351208, -0.018613983, -0.99970895), (0.99999946, 0.00078185595, -0.0006694169), (0.0058720578, -0.15083379, -0.9885417), (0.99999946, 0.00078185595, -0.0006694169), (-0.00078184734, 0.9999997, 0.000013159873), (0.99999946, 0.00078185595, -0.0006694169), (-0.00078184734, 0.9999997, 0.000013159873), (0.0043206476, -0.24442941, -0.9696575), (-0.00078184734, 0.9999997, 0.000013159873), (0.99999946, 0.00078185595, -0.0006694169), (0.99999946, 0.00078185595, -0.00066941173), (0.99999946, 0.00078185595, -0.00066941173), (-0.00078184734, 0.9999997, 0.000013159873), (-0.00078184734, 0.9999997, 0.000013159873), (-0.00078184734, 0.9999997, 0.000013159873), (0.99999946, 0.00078185595, -0.00066941173), (0.99999946, 0.00078185595, -0.0006694169), (0.99999946, 0.00078185595, -0.0006694169), (0.014220529, -0.8669831, -0.49813458), (-0.00078184734, 0.9999997, 0.000013159873), (0.99999946, 0.00078185595, -0.0006694169), (0.014220529, -0.8669831, -0.49813458), (0.99999946, 0.00078185595, -0.0006694169), (0.99999946, 0.00078185595, -0.0006694169), (0.9999142, 0.012701544, 0.0031970984), (0.99999946, 0.00078185595, -0.0006694169), (0.99999946, 0.00078185595, -0.0006694169), (-0.00078184734, 0.9999997, 0.000013159873), (0.0119405035, -0.9881342, -0.15312815), (0.99999946, 0.00078185595, -0.0006694169), (0.9999142, 0.012701544, 0.0031970984), (0.99994755, 0.010236959, -0.00039291813), (0.99999946, 0.00078185595, -0.0006694169), (0.99994755, 0.010236959, -0.00039291813), (-0.00078184734, 0.9999997, 0.000013159873), (0.9861691, -0.034685344, 0.16207266), (0.99994755, 0.010236959, -0.00039291813), (0.9999142, 0.012701544, 0.0031970984), (-0.00078184734, 0.9999997, 0.000013159873), (0.99994755, 0.010236959, -0.00039291813), (0.99999946, 0.00078185595, -0.0006694169), (0.9999142, 0.012701544, 0.0031970984), (0.00087227137, -0.29835513, 0.9544546), (0.9861691, -0.034685344, 0.16207266), (0.99999946, 0.00078185595, -0.0006694169), (-0.00078184734, 0.9999997, 0.000013159873), (-0.00078184734, 0.9999997, 0.000013159873), (0.9954094, -0.019082421, 0.0937868), (0.9861691, -0.034685344, 0.16207266), (0.00087227137, -0.29835513, 0.9544546), (0.99999946, 0.00078185595, -0.0006694169), (-0.00078184734, 0.9999997, 0.000013159873), (0.99999946, 0.00078185595, -0.0006694169), (0.00087227137, -0.29835513, 0.9544546), (0.99926776, 0.015075883, 0.035168745), (0.9954094, -0.019082421, 0.0937868), (0.99999946, 0.00078185595, -0.0006694169), (0.99996006, 0.008388976, -0.0030702678), (0.99999946, 0.00078185595, -0.0006694169), (0.99999946, 0.00078185595, -0.0006694169), (0.01651539, -0.9827446, 0.18422899), (0.99999946, 0.00078185595, -0.0006694169), (0.99996006, 0.008388976, -0.0030702678), (0.99999946, 0.00078185595, -0.0006694169), (0.99999946, 0.00078185595, -0.0006694169), (0.9999257, -0.0048236363, 0.011197463), (0.9954094, -0.019082421, 0.0937868), (0.99926776, 0.015075883, 0.035168745), (0.9999257, -0.0048236363, 0.011197463), (0.99926776, 0.015075883, 0.035168745), (0.99999946, 0.00078185595, -0.0006694169), (0.9999257, -0.0048236363, 0.011197463), (0.9992675, -0.03817525, -0.0026773987), (0.9954094, -0.019082421, 0.0937868), (0.99996006, 0.008388976, -0.0030702678), (0.99999946, 0.00078185595, -0.0006694169), (0.99999946, 0.00078185595, -0.0006694169), (-0.00078184734, 0.9999997, 0.000013159873), (0.99999946, 0.00078185595, -0.0006694169), (0.99999946, 0.00078185595, -0.0006694169), (-0.0006799219, 0.013513849, -0.99990845), (0.99999946, 0.00078185595, -0.0006694169), (0.99996006, 0.008388976, -0.0030702678), (0.99999946, 0.00078185595, -0.0006694169), (0.99999946, 0.00078185595, -0.0006694169), (-0.00078184734, 0.9999997, 0.000013159873), (0.99996006, 0.008388976, -0.0030702678), (0.98111933, 0.007069231, -0.19327447), (-0.0006799219, 0.013513849, -0.99990845), (-0.001634226, 0.6347855, -0.7726867), (-0.0006799219, 0.013513849, -0.99990845), (0.98111933, 0.007069231, -0.19327447), (0.99999946, 0.00078185595, -0.0006694169), (0.014826787, -0.8099265, 0.586344), (-0.00078184734, 0.9999997, 0.000013159873), (0.98111933, 0.007069231, -0.19327447), (0.9855531, -0.06574989, -0.1560841), (-0.001634226, 0.6347855, -0.7726867), (0.011484306, -0.71654695, 0.6974444), (0.014826787, -0.8099265, 0.586344), (0.99999946, 0.00078185595, -0.0006694169), (0.99979335, -0.0018240463, -0.020244995), (-0.001634226, 0.6347855, -0.7726867), (0.9855531, -0.06574989, -0.1560841), (0.99999946, 0.00078185595, -0.0006694169), (0.99999946, 0.00078185595, -0.0006694169), (0.011484306, -0.71654695, 0.6974444), (0.9855531, -0.06574989, -0.1560841), (0.9960752, -0.0648264, -0.060264394), (0.99979335, -0.0018240463, -0.020244995), (0.0036862723, -0.4252457, 0.9050704), (0.011484306, -0.71654695, 0.6974444), (0.99999946, 0.00078185595, -0.0006694169), (0.01165914, -0.04049902, 0.9991116), (0.0036862723, -0.4252457, 0.9050704), (0.99999946, 0.00078185595, -0.0006694169), (0.99999946, 0.00078185595, -0.0006694169), (-0.00078184734, 0.9999997, 0.000013159873), (0.01165914, -0.04049902, 0.9991116), (-0.00078184734, 0.9999997, 0.000013159873), (-0.00078184734, 0.9999997, 0.000013159873), (0.01165914, -0.04049902, 0.9991116), (-0.00078184734, 0.9999997, 0.000013159873), (-0.00078184734, 0.9999997, 0.000013159873), (0.99999946, 0.00078186253, -0.0006694169), (-0.00078184734, 0.9999997, 0.000013159873), (0.008926007, -0.046218075, 0.9988916), (0.009028582, -0.15779616, 0.98743045), (-0.00078184734, 0.9999997, 0.000013159873), (0.99999946, 0.00078186253, -0.0006694169), (0.008926007, -0.046218075, 0.9988916), (0.011019044, 0.16617192, 0.9860352), (0.008926007, -0.046218075, 0.9988916), (0.99999946, 0.00078186253, -0.0006694169), (0.011019044, 0.16617192, 0.9860352), (0.99999946, 0.00078186253, -0.0006694169), (-0.00078184734, 0.9999997, 0.000013159873), (0.99999946, 0.00078186253, -0.0006694169), (0.00027787534, 0.4211512, 0.90699047), (-0.00078184734, 0.9999997, 0.000013159873), (-0.00078184734, 0.9999997, 0.000013159873), (-0.00078184734, 0.9999997, 0.000013159873), (0.00027787534, 0.4211512, 0.90699047), (-0.00078184734, 0.9999997, 0.000013159873), (0.017075093, 0.025002224, 0.99954164), (-0.00078184734, 0.9999997, 0.000013159873), (0.017075093, 0.025002224, 0.99954164), (-0.00078184734, 0.9999997, 0.000013159873), (0.99999946, 0.00078185595, -0.0006694169), (0.99999946, 0.00078185595, -0.0006694169), (0.0091425115, 0.024160467, 0.9996663), (0.017075093, 0.025002224, 0.99954164), (0.99999946, 0.00078185595, -0.0006694169), (-0.00078184734, 0.9999997, 0.000013159873), (0.0091425115, 0.024160467, 0.9996663), (-0.00078184734, 0.9999997, 0.000013159873), (0.99999946, 0.00078185595, -0.0006694169), (0.99979335, -0.0018240463, -0.020244995), (-0.00078184734, 0.9999997, 0.000013159873), (0.99979335, -0.0018240463, -0.020244995), (0.999902, -0.007388051, -0.011890381), (-0.00078184734, 0.9999997, 0.000013159873), (0.999902, -0.007388051, -0.011890381), (0.012889867, 0.7731403, 0.6341041), (0.999902, -0.007388051, -0.011890381), (0.004073286, 0.8740076, 0.48589525), (0.012889867, 0.7731403, 0.6341041), (0.99979335, -0.0018240463, -0.020244995), (0.9960752, -0.0648264, -0.060264394), (0.999902, -0.007388051, -0.011890381), (-0.00078184734, 0.9999997, 0.000013159873), (0.004073286, 0.8740076, 0.48589525), (0.999902, -0.007388051, -0.011890381), (0.9992675, -0.03817525, -0.0026773987), (0.999902, -0.007388051, -0.011890381), (0.9960752, -0.0648264, -0.060264394), (-0.00078184734, 0.9999997, 0.000013159873), (-0.0006732749, 0.9888107, 0.14917436), (-0.00078184734, 0.9999997, 0.000013159873), (-0.00078184734, 0.9999997, 0.000013159873), (-0.00078184734, 0.9999997, 0.000013159873), (0.999902, -0.007388051, -0.011890381), (0.9998055, -0.019709501, -0.000669546), (-0.00078184734, 0.9999997, 0.000013159873), (0.999902, -0.007388051, -0.011890381), (0.9998055, -0.019709501, -0.000669546), (0.999902, -0.007388051, -0.011890381), (0.9992675, -0.03817525, -0.0026773987), (0.9999257, -0.0048236363, 0.011197463), (0.9998055, -0.019709501, -0.000669546), (0.9992675, -0.03817525, -0.0026773987), (0.99999946, 0.00078185595, -0.0006694169), (0.9998055, -0.019709501, -0.000669546), (0.9999257, -0.0048236363, 0.011197463), (-0.00078184734, 0.9999997, 0.000013159873), (-0.00086125475, 0.9917409, -0.12825455), (0.99999946, 0.00078185595, -0.0006694169), (0.99999946, 0.00078185595, -0.0006694169), (0.9999257, -0.0048236363, 0.011197463), (-0.00078184734, 0.9999997, 0.000013159873), (0.9999257, -0.0048236363, 0.011197463), (-0.0009989497, 0.893951, -0.44816354), (-0.00078184734, 0.9999997, 0.000013159873), (0.9999257, -0.0048236363, 0.011197463), (0.006227836, 0.81544507, -0.5788011), (-0.0009989497, 0.893951, -0.44816354), (-0.00078184734, 0.9999997, 0.000013159873), (0.006227836, 0.81544507, -0.5788011), (0.9999257, -0.0048236363, 0.011197463), (0.99999946, 0.00078185595, -0.0006694169), (-0.00078184734, 0.9999997, 0.000013159873), (0.9999257, -0.0048236363, 0.011197463), (0.99999946, 0.00078185595, -0.0006694169), (0.99999946, 0.00078185595, -0.0006694169), (-0.00078184734, 0.9999997, 0.000013159873), (0.005134224, 0.41753137, -0.908648), (-0.00078184734, 0.9999997, 0.000013159873), (0.99999946, 0.00078185595, -0.0006694169), (0.010234235, 0.043913096, -0.9989829), (0.005134224, 0.41753137, -0.908648), (0.99999946, 0.00078185595, -0.0006694169), (0.99999946, 0.00078185595, -0.0006694169), (-0.00078184734, 0.9999997, 0.000013159873), (0.010234235, 0.043913096, -0.9989829), (-0.00078184734, 0.9999997, 0.000013159873), (-0.00078184734, 0.9999997, 0.000013159873), (0.010234235, 0.043913096, -0.9989829), (-0.00078184734, 0.9999997, 0.000013159873), (-0.00078184734, 0.9999997, 0.000013159873), (0.99999946, 0.00078185595, -0.0006694169), (-0.00078184734, 0.9999997, 0.000013159873), (0.0019472211, 0.0382066, -0.999268), (0.007224593, 0.15771626, -0.98745805), (-0.00078184734, 0.9999997, 0.000013159873), (0.99999946, 0.00078185595, -0.0006694169), (0.0019472211, 0.0382066, -0.999268), (0.0058720578, -0.15083379, -0.9885417), (0.0019472211, 0.0382066, -0.999268), (0.99999946, 0.00078185595, -0.0006694169), (0.999992, 0.003719474, -0.0015255318), (0.99996966, 0.007360252, 0.0025578628), (0.024450326, -0.44913504, -0.89312935), (0.01733456, 0.037403088, 0.99915), (0.07428025, 0.15426546, 0.98523325), (0.011019044, 0.16617192, 0.9860352), (0.011019044, 0.16617192, 0.9860352), (-0.00078184734, 0.9999997, 0.000013159873), (0.01733456, 0.037403088, 0.99915), (0.015423803, -0.027934948, -0.9994908), (0.09830053, -0.13497847, -0.9859604), (0.0058720578, -0.15083379, -0.9885417), (0.0058720578, -0.15083379, -0.9885417), (-0.00078184734, 0.9999997, 0.000013159873), (0.015423803, -0.027934948, -0.9994908), (-0.00078184734, 0.9999997, 0.000013159873), (0.002542826, -0.027282853, 0.9996245), (0.0118836425, -0.04990648, 0.9986832), (0.0118836425, -0.04990648, 0.9986832), (0.01165914, -0.04049902, 0.9991116), (-0.00078184734, 0.9999997, 0.000013159873), (0.01165914, -0.04049902, 0.9991116), (0.0118836425, -0.04990648, 0.9986832), (0.0212585, -0.2557186, 0.9665176), (0.0212585, -0.2557186, 0.9665176), (0.0036862723, -0.4252457, 0.9050704), (0.01165914, -0.04049902, 0.9991116), (-0.00078184734, 0.9999997, 0.000013159873), (0.012309931, 0.96991956, -0.24311422), (0.012971505, 0.8961044, -0.44365382), (0.012971505, 0.8961044, -0.44365382), (-0.00078184734, 0.9999997, 0.000013159873), (-0.00078184734, 0.9999997, 0.000013159873), (-0.00078184734, 0.9999997, 0.000013159873), (0.012971505, 0.8961044, -0.44365382), (0.011258669, 0.8086113, -0.58823574), (0.011258669, 0.8086113, -0.58823574), (-0.00078184734, 0.9999997, 0.000013159873), (-0.00078184734, 0.9999997, 0.000013159873), (-0.00078184734, 0.9999997, 0.000013159873), (0.011258669, 0.8086113, -0.58823574), (-0.00078184734, 0.9999997, 0.000013159873), (-0.00078184734, 0.9999997, 0.000013159873), (0.9999724, -0.000084018204, -0.0074287904), (-0.00078184734, 0.9999997, 0.000013159873), (0.013190799, 0.9815608, 0.19069488), (-0.00078184734, 0.9999997, 0.000013159873), (0.010625483, 0.9881362, 0.1532125), (0.010625483, 0.9881362, 0.1532125), (-0.00078184734, 0.9999997, 0.000013159873), (0.013190799, 0.9815608, 0.19069488), (0.010625483, 0.9881362, 0.1532125), (0.0006958424, -0.034301925, 0.9994113), (-0.0007634587, 0.99963367, 0.027055284), (0.012309931, 0.96991956, -0.24311422), (-0.00078184734, 0.9999997, 0.000013159873), (0.013291719, 0.9847674, -0.1733683), (0.013291719, 0.9847674, -0.1733683), (0.012808459, 0.9913943, -0.13028169), (0.012309931, 0.96991956, -0.24311422), (0.012808459, 0.9913943, -0.13028169), (0.013291719, 0.9847674, -0.1733683), (-0.00078184734, 0.9999997, 0.000013159873), (-0.00078184734, 0.9999997, 0.000013159873), (0.0088773295, 0.99994147, 0.0061980807), (0.012808459, 0.9913943, -0.13028169), (0.0088773295, 0.99994147, 0.0061980807), (-0.00078184734, 0.9999997, 0.000013159873), (-0.00078184734, 0.9999997, 0.000013159873), (-0.00078184734, 0.9999997, 0.000013159873), (0.010625483, 0.9881362, 0.1532125), (0.0088773295, 0.99994147, 0.0061980807), (-0.0007634587, 0.99963367, 0.027055284), (0.0088773295, 0.99994147, 0.0061980807), (0.010625483, 0.9881362, 0.1532125), (-0.00078184734, 0.9999997, 0.000013159873), (0.012808459, 0.9913943, -0.13028169), (0.0088773295, 0.99994147, 0.0061980807), (0.0088773295, 0.99994147, 0.0061980807), (-0.0007634587, 0.99963367, 0.027055284), (-0.00078184734, 0.9999997, 0.000013159873), (-0.00078184734, 0.9999997, 0.000013159873), (0.99999946, 0.00078185595, -0.0006694169), (-0.00078184734, 0.9999997, 0.000013159873), (-0.00078184734, 0.9999997, 0.000013159873), (-0.00078184734, 0.9999997, 0.000013159873), (-0.00078184734, 0.9999997, 0.000013159873), (-0.00078184734, 0.9999997, 0.000013159873), (-0.00078184734, 0.9999997, 0.000013159873), (0.014828604, -0.8099373, 0.58632904), (0.014828604, -0.8099373, 0.58632904), (-0.00078184734, 0.9999997, 0.000013159873), (-0.00078184734, 0.9999997, 0.000013159873), (-0.00078184734, 0.9999997, 0.000013159873), (0.014828604, -0.8099373, 0.58632904), (0.011485985, -0.7165045, 0.69748795), (0.011485985, -0.7165045, 0.69748795), (0.9999938, 0.0007829512, 0.0034309174), (-0.00078184734, 0.9999997, 0.000013159873), (-0.00078184734, 0.9999997, 0.000013159873), (0.99999946, 0.00078185595, -0.0006694169), (0.011938697, -0.9881362, -0.15311627), (0.011938697, -0.9881362, -0.15311627), (-0.00078184734, 0.9999997, 0.000013159873), (-0.00078184734, 0.9999997, 0.000013159873), (0.011938697, -0.9881362, -0.15311627), (-0.00066942704, 0.000012636484, -0.99999976), (0.0007633117, -0.99962795, -0.027268205), (0.99999946, 0.00078185595, -0.0006694169), (-0.00078184734, 0.9999997, 0.000013159873), (-0.00078184734, 0.9999997, 0.000013159873), (-0.00078184734, 0.9999997, 0.000013159873), (0.01651539, -0.98274213, 0.18424246), (0.99999946, 0.00078185595, -0.0006694169), (0.01651539, -0.98274213, 0.18424246), (-0.00078184734, 0.9999997, 0.000013159873), (0.9999608, -0.008835615, -0.00066959456), (0.9999608, -0.008835615, -0.00066959456), (0.010495018, -0.99992514, -0.00630626), (0.01651539, -0.98274213, 0.18424246), (0.010495018, -0.99992514, -0.00630626), (0.9999608, -0.008835615, -0.00066959456), (-0.00078184734, 0.9999997, 0.000013159873), (-0.00078184734, 0.9999997, 0.000013159873), (0.011938697, -0.9881362, -0.15311627), (0.010495018, -0.99992514, -0.00630626), (0.0007633117, -0.99962795, -0.027268205), (0.010495018, -0.99992514, -0.00630626), (0.011938697, -0.9881362, -0.15311627), (0.00066942704, -0.000012636484, 0.99999976), (0.01651539, -0.98274213, 0.18424246), (0.010495018, -0.99992514, -0.00630626), (0.010495018, -0.99992514, -0.00630626), (0.0007633117, -0.99962795, -0.027268205), (0.00066942704, -0.000012636484, 0.99999976), (-0.00078184734, 0.9999997, 0.000013159873), (0.008549051, -0.004386376, -0.9999539), (-0.00078184734, 0.9999997, 0.000013159873), (0.008549051, -0.004386376, -0.9999539), (-0.00078184734, 0.9999997, 0.000013159873), (0.009051302, -0.00452283, -0.9999488), (0.009051302, -0.00452283, -0.9999488), (0.9999965, 0.0022452422, 0.001427904), (0.008549051, -0.004386376, -0.9999539), (0.9999965, 0.0022452422, 0.001427904), (0.009051302, -0.00452283, -0.9999488), (0.013433879, 0.000023661936, -0.9999098), (0.013433879, 0.000023661936, -0.9999098), (-0.00078184734, 0.9999997, 0.000013159873), (0.9999965, 0.0022452422, 0.001427904), (-0.00078184734, 0.9999997, 0.000013159873), (0.013433879, 0.000023661936, -0.9999098), (0.013437598, 0.00003251856, -0.9999098), (0.013437598, 0.00003251856, -0.9999098), (0.013439384, 0.000032328742, -0.9999097), (-0.00078184734, 0.9999997, 0.000013159873), (0.013439384, 0.000032328742, -0.9999097), (0.013437598, 0.00003251856, -0.9999098), (0.013439405, 0.000023666254, -0.9999097), (0.013439405, 0.000023666254, -0.9999097), (0.013437675, 0.000013945901, -0.99990976), (0.013439384, 0.000032328742, -0.9999097), (0.013437675, 0.000013945901, -0.99990976), (0.013439405, 0.000023666254, -0.9999097), (-0.99999946, -0.00078185595, 0.0006694169), (-0.99999946, -0.00078185595, 0.0006694169), (-0.00078184734, 0.9999997, 0.000013159873), (0.013437675, 0.000013945901, -0.99990976), (-0.00078184734, 0.9999997, 0.000013159873), (-0.99999946, -0.00078185595, 0.0006694169), (0.01343388, 0.000023661936, -0.9999098), (0.01343388, 0.000023661936, -0.9999098), (0.013433842, 0.000023661907, -0.9999098), (-0.00078184734, 0.9999997, 0.000013159873), (0.013433842, 0.000023661907, -0.9999098), (0.01343388, 0.000023661936, -0.9999098), (0.013433878, 0.000023661934, -0.9999098), (0.013433878, 0.000023661934, -0.9999098), (0.013433877, 0.000023661934, -0.9999099), (0.013433842, 0.000023661907, -0.9999098), (0.013433877, 0.000023661934, -0.9999099), (0.013433878, 0.000023661934, -0.9999098), (0.013433879, 0.000023661936, -0.9999098), (0.013433879, 0.000023661936, -0.9999098), (-0.00078184734, 0.9999997, 0.000013159873), (0.013433877, 0.000023661934, -0.9999099), (-0.00078184734, 0.9999997, 0.000013159873), (0.013433879, 0.000023661936, -0.9999098), (0.013426913, 0.008337786, -0.9998751), (0.013426913, 0.008337786, -0.9998751), (0.008142426, 0.0055704387, -0.9999514), (-0.00078184734, 0.9999997, 0.000013159873), (0.008142426, 0.0055704387, -0.9999514), (0.013426913, 0.008337786, -0.9998751), (-0.99999946, -0.00078185595, 0.0006694169), (-0.99999946, -0.00078185595, 0.0006694169), (0.99858505, 0.053177673, -0.00028619732), (0.008142426, 0.0055704387, -0.9999514), (0.99998325, -0.0037983533, -0.0043757805), (-0.00078184734, 0.9999997, 0.000013159873), (0.0047759605, -0.0016160224, 0.9999873), (0.0047759605, -0.0016160224, 0.9999873), (-0.00078184734, 0.9999997, 0.000013159873), (0.99998325, -0.0037983533, -0.0043757805), (-0.00078184734, 0.9999997, 0.000013159873), (0.0047759605, -0.0016160224, 0.9999873), (0.014772628, -0.0000016084971, 0.9998909), (0.014772628, -0.0000016084971, 0.9998909), (-0.00078184734, 0.9999997, 0.000013159873), (-0.00078184734, 0.9999997, 0.000013159873), (-0.00078184734, 0.9999997, 0.000013159873), (0.014772628, -0.0000016084971, 0.9998909), (0.01477263, -0.0000016084964, 0.999891), (0.01477263, -0.0000016084964, 0.999891), (0.014772643, -0.0000016084855, 0.9998909), (-0.00078184734, 0.9999997, 0.000013159873), (0.014772643, -0.0000016084855, 0.9998909), (0.01477263, -0.0000016084964, 0.999891), (0.014772628, -0.0000016084971, 0.9998909), (0.014772628, -0.0000016084971, 0.9998909), (0.014772625, -0.0000016085, 0.9998909), (0.014772643, -0.0000016084855, 0.9998909), (0.014772625, -0.0000016085, 0.9998909), (0.014772628, -0.0000016084971, 0.9998909), (-0.99999946, -0.00078185595, 0.0006694169), (-0.99999946, -0.00078185595, 0.0006694169), (-0.00078184734, 0.9999997, 0.000013159873), (0.014772625, -0.0000016085, 0.9998909), (-0.00078184734, 0.9999997, 0.000013159873), (-0.99999946, -0.00078185595, 0.0006694169), (0.014772629, -0.0000016084972, 0.999891), (0.014772629, -0.0000016084972, 0.999891), (0.014772659, -0.0000016084731, 0.9998909), (-0.00078184734, 0.9999997, 0.000013159873), (0.014772659, -0.0000016084731, 0.9998909), (0.014772629, -0.0000016084972, 0.999891), (0.014772628, -0.0000016084971, 0.9998909), (0.014772628, -0.0000016084971, 0.9998909), (0.014772647, -0.0000016084833, 0.999891), (0.014772659, -0.0000016084731, 0.9998909), (0.014772647, -0.0000016084833, 0.999891), (0.014772628, -0.0000016084971, 0.9998909), (0.014772628, -0.0000016084971, 0.9998909), (0.014772628, -0.0000016084971, 0.9998909), (-0.00078184734, 0.9999997, 0.000013159873), (0.014772647, -0.0000016084833, 0.999891), (-0.00078184734, 0.9999997, 0.000013159873), (0.014772628, -0.0000016084971, 0.9998909), (0.014779031, -0.0089453, 0.99985087), (0.014779031, -0.0089453, 0.99985087), (-0.00078184734, 0.9999997, 0.000013159873), (-0.00078184734, 0.9999997, 0.000013159873), (-0.00078184734, 0.9999997, 0.000013159873), (0.014779031, -0.0089453, 0.99985087), (-0.99999946, -0.00078185595, 0.0006694169), (-0.99999946, -0.00078185595, 0.0006694169), (0.94253683, -0.0010462662, 0.33410057), (-0.00078184734, 0.9999997, 0.000013159873), (0.0031754174, -0.029372206, 0.9995635), (0.042748913, -0.15716507, 0.9866468), (0.8462205, -0.1509744, 0.5109968), (0.8462205, -0.1509744, 0.5109968), (0.0120782, -0.050579317, 0.9986471), (0.0031754174, -0.029372206, 0.9995635), (0.021250982, -0.25574112, 0.9665118), (0.0120782, -0.050579317, 0.9986471), (0.8462205, -0.1509744, 0.5109968), (0.99139, 0.0072811116, -0.13073981), (-0.004038711, 0.020299483, -0.9997858), (0.064670525, 0.14462826, -0.9873705), (0.99139, 0.0072811116, -0.13073981), (0.008587108, 0.050639637, -0.99868006), (-0.004038711, 0.020299483, -0.9997858), (0.025273401, 0.2519223, -0.9674174), (0.008587108, 0.050639637, -0.99868006), (0.99139, 0.0072811116, -0.13073981), (0.99840385, 0.018978639, 0.053193294), (0.011585507, 0.029481545, 0.9994982), (0.021014206, 0.43454114, 0.9004068), (0.011585507, 0.029481545, 0.9994982), (0.99840385, 0.018978639, 0.053193294), (0.07428264, 0.15420714, 0.9852423), (0.07428264, 0.15420714, 0.9852423), (0.01733445, 0.037365798, 0.9991513), (0.011585507, 0.029481545, 0.9994982), (0.9911923, -0.041037977, -0.12591186), (0.010303691, -0.0263433, -0.9995999), (0.026401076, -0.44914892, -0.8930668), (0.010303691, -0.0263433, -0.9995999), (0.9911923, -0.041037977, -0.12591186), (0.09682663, -0.1351185, -0.9860871), (0.09682663, -0.1351185, -0.9860871), (0.015767032, -0.029002227, -0.99945503), (0.010303691, -0.0263433, -0.9995999), (0.21438774, 0.53540725, 0.8169316), (0.5360074, 0.6351003, 0.5561867), (0.036502644, 0.7737815, 0.6324), (0.16682972, 0.9202791, 0.35391277), (0.036502644, 0.7737815, 0.6324), (0.5360074, 0.6351003, 0.5561867), (-0.020567577, 0.9091377, 0.41598743), (0.036502644, 0.7737815, 0.6324), (0.16682972, 0.9202791, 0.35391277), (0.036502644, 0.7737815, 0.6324), (-0.020567577, 0.9091377, 0.41598743), (-0.026824947, 0.5777948, 0.81574124), (-0.026824947, 0.5777948, 0.81574124), (0.21438774, 0.53540725, 0.8169316), (0.036502644, 0.7737815, 0.6324), (0.22812419, 0.91102237, -0.34350795), (0.5341225, 0.6425634, -0.5493864), (0.03042139, 0.7978071, -0.60214484), (0.15227255, 0.5688487, -0.8082229), (0.03042139, 0.7978071, -0.60214484), (0.5341225, 0.6425634, -0.5493864), (-0.04082213, 0.59322417, -0.8040017), (0.03042139, 0.7978071, -0.60214484), (0.15227255, 0.5688487, -0.8082229), (0.03042139, 0.7978071, -0.60214484), (-0.04082213, 0.59322417, -0.8040017), (-0.019385763, 0.90958214, -0.415072), (-0.019385763, 0.90958214, -0.415072), (0.22812419, 0.91102237, -0.34350795), (0.03042139, 0.7978071, -0.60214484), (0.32177728, -0.8004604, 0.5056902), (0.56925476, -0.5280365, 0.6301798), (0.037035957, -0.73984385, 0.6717585), (0.6575323, -0.6678243, 0.34880084), (0.56925476, -0.5280365, 0.6301798), (0.32177728, -0.8004604, 0.5056902), (0.037035957, -0.73984385, 0.6717585), (-0.024796594, -0.5425666, 0.83964676), (-0.02082899, -0.86908925, 0.4942166), (-0.02082899, -0.86908925, 0.4942166), (0.022767397, -0.9361809, 0.3507808), (0.037035957, -0.73984385, 0.6717585), (0.037035957, -0.73984385, 0.6717585), (0.022767397, -0.9361809, 0.3507808), (0.32177728, -0.8004604, 0.5056902), (0.32177728, -0.8004604, 0.5056902), (0.24582326, -0.9692174, 0.013732031), (0.6575323, -0.6678243, 0.34880084), (0.24582326, -0.9692174, 0.013732031), (0.32177728, -0.8004604, 0.5056902), (0.022767397, -0.9361809, 0.3507808), (0.022767397, -0.9361809, 0.3507808), (-0.02082899, -0.86908925, 0.4942166), (0.0007868601, -0.9999715, 0.0075079794), (0.45618725, -0.88988096, 0.0022599294), (0.6575323, -0.6678243, 0.34880084), (0.24582326, -0.9692174, 0.013732031), (0.6575323, -0.6678243, 0.34880084), (0.45618725, -0.88988096, 0.0022599294), (0.818979, -0.5737864, 0.006523603), (0.0007868601, -0.9999715, 0.0075079794), (0.02781094, -0.9996117, 0.0017980253), (0.022767397, -0.9361809, 0.3507808), (0.022767397, -0.9361809, 0.3507808), (0.02781094, -0.9996117, 0.0017980253), (0.24582326, -0.9692174, 0.013732031), (0.02781094, -0.9996117, 0.0017980253), (0.0007868601, -0.9999715, 0.0075079794), (0.008442763, -0.99996436, -0.0002859986), (0.008442763, -0.99996436, -0.0002859986), (0.11140096, -0.9937755, -0.00032984308), (0.02781094, -0.9996117, 0.0017980253), (0.24582326, -0.9692174, 0.013732031), (0.02781094, -0.9996117, 0.0017980253), (0.11140096, -0.9937755, -0.00032984308), (0.11140096, -0.9937755, -0.00032984308), (0.008442763, -0.99996436, -0.0002859986), (0.01427681, -0.9998979, -0.00062973925), (0.45618725, -0.88988096, 0.0022599294), (0.24582326, -0.9692174, 0.013732031), (0.11140096, -0.9937755, -0.00032984308), (0.01427681, -0.9998979, -0.00062973925), (0.05713686, -0.99836624, -0.00059963285), (0.11140096, -0.9937755, -0.00032984308), (0.05713686, -0.99836624, -0.00059963285), (0.01427681, -0.9998979, -0.00062973925), (0.009442471, -0.9999434, -0.0049067005), (0.11140096, -0.9937755, -0.00032984308), (0.5476477, -0.836709, -0.00022993768), (0.45618725, -0.88988096, 0.0022599294), (0.818979, -0.5737864, 0.006523603), (0.45618725, -0.88988096, 0.0022599294), (0.5476477, -0.836709, -0.00022993768), (0.5476477, -0.836709, -0.00022993768), (0.8314643, -0.55557835, 0.00016270789), (0.818979, -0.5737864, 0.006523603), (0.5476477, -0.836709, -0.00022993768), (0.11140096, -0.9937755, -0.00032984308), (0.05713686, -0.99836624, -0.00059963285), (0.8314643, -0.55557835, 0.00016270789), (0.5476477, -0.836709, -0.00022993768), (0.4175788, -0.90864056, -0.00054038805), (0.05713686, -0.99836624, -0.00059963285), (0.4175788, -0.90864056, -0.00054038805), (0.5476477, -0.836709, -0.00022993768), (0.4175788, -0.90864056, -0.00054038805), (0.82396686, -0.56663734, -0.00086552073), (0.8314643, -0.55557835, 0.00016270789), (0.009442471, -0.9999434, -0.0049067005), (0.112365425, -0.99358684, -0.012618644), (0.05713686, -0.99836624, -0.00059963285), (0.4175788, -0.90864056, -0.00054038805), (0.05713686, -0.99836624, -0.00059963285), (0.112365425, -0.99358684, -0.012618644), (0.82396686, -0.56663734, -0.00086552073), (0.4175788, -0.90864056, -0.00054038805), (0.54921454, -0.8356708, -0.0042036106), (0.112365425, -0.99358684, -0.012618644), (0.54921454, -0.8356708, -0.0042036106), (0.4175788, -0.90864056, -0.00054038805), (0.54921454, -0.8356708, -0.0042036106), (0.82816136, -0.5604449, -0.0070881783), (0.82396686, -0.56663734, -0.00086552073), (0.8534454, -0.47177237, -0.22149877), (0.82816136, -0.5604449, -0.0070881783), (0.54921454, -0.8356708, -0.0042036106), (0.8534454, -0.47177237, -0.22149877), (0.54921454, -0.8356708, -0.0042036106), (0.112365425, -0.99358684, -0.012618644), (0.112365425, -0.99358684, -0.012618644), (0.32489505, -0.88031375, -0.3456748), (0.8534454, -0.47177237, -0.22149877), (0.58074814, -0.63155097, -0.5136876), (0.8534454, -0.47177237, -0.22149877), (0.32489505, -0.88031375, -0.3456748), (0.112365425, -0.99358684, -0.012618644), (0.009442471, -0.9999434, -0.0049067005), (0.0074844146, -0.8795621, -0.47572526), (0.32489505, -0.88031375, -0.3456748), (0.1421318, -0.65477484, -0.74233985), (0.58074814, -0.63155097, -0.5136876), (0.5537601, -0.39971092, -0.7304663), (0.58074814, -0.63155097, -0.5136876), (0.1421318, -0.65477484, -0.74233985), (0.112365425, -0.99358684, -0.012618644), (0.006662525, -0.8225308, -0.56868154), (0.32489505, -0.88031375, -0.3456748), (0.0074844146, -0.8795621, -0.47572526), (0.006662525, -0.8225308, -0.56868154), (0.112365425, -0.99358684, -0.012618644), (0.1421318, -0.65477484, -0.74233985), (0.32489505, -0.88031375, -0.3456748), (0.006662525, -0.8225308, -0.56868154), (0.006662525, -0.8225308, -0.56868154), (0.0074844146, -0.8795621, -0.47572526), (-0.020566378, -0.553866, -0.8323518), (-0.020566378, -0.553866, -0.8323518), (0.1421318, -0.65477484, -0.74233985), (0.006662525, -0.8225308, -0.56868154), (0.8268825, -0.24567351, 0.5058756), (0.56925476, -0.5280365, 0.6301798), (0.88605976, -0.35391998, 0.29939762), (0.8268825, -0.24567351, 0.5058756), (0.88605976, -0.35391998, 0.29939762), (0.9250447, -0.22765, 0.30408517), (0.81347305, -0.0045508603, 0.581585), (0.8268825, -0.24567351, 0.5058756), (0.9250447, -0.22765, 0.30408517), (0.9250447, -0.22765, 0.30408517), (0.87550616, -0.0009829045, 0.48320597), (0.81347305, -0.0045508603, 0.581585), (0.80381095, 0.0029929164, 0.59487736), (0.81347305, -0.0045508603, 0.581585), (0.87550616, -0.0009829045, 0.48320597), (0.9091949, 0.006839168, 0.41631478), (0.87550616, -0.0009829045, 0.48320597), (0.94253683, -0.0010462662, 0.33410057), (0.87550616, -0.0009829045, 0.48320597), (0.9091949, 0.006839168, 0.41631478), (0.80381095, 0.0029929164, 0.59487736), (0.94253683, -0.0010462662, 0.33410057), (0.99998325, -0.0037983533, -0.0043757805), (0.9091949, 0.006839168, 0.41631478), (0.9091949, 0.006839168, 0.41631478), (0.83645475, 0.27073222, 0.47649503), (0.80381095, 0.0029929164, 0.59487736), (0.83645475, 0.27073222, 0.47649503), (0.9091949, 0.006839168, 0.41631478), (0.9233834, 0.26807562, 0.27477035), (0.9233834, 0.26807562, 0.27477035), (0.88192457, 0.3297432, 0.33686596), (0.83645475, 0.27073222, 0.47649503), (0.83645475, 0.27073222, 0.47649503), (0.88192457, 0.3297432, 0.33686596), (0.5360074, 0.6351003, 0.5561867), (0.88192457, 0.3297432, 0.33686596), (0.60700166, 0.74678284, 0.27178), (0.5360074, 0.6351003, 0.5561867), (0.6474905, 0.71049607, -0.2755931), (0.5341225, 0.6425634, -0.5493864), (0.22812419, 0.91102237, -0.34350795), (0.75650686, 0.6539519, -0.0066600847), (0.6474905, 0.71049607, -0.2755931), (0.22812419, 0.91102237, -0.34350795), (-0.019385763, 0.90958214, -0.415072), (0.018447395, 0.99981767, -0.0049429294), (0.22812419, 0.91102237, -0.34350795), (0.018447395, 0.99981767, -0.0049429294), (-0.019385763, 0.90958214, -0.415072), (0.018364737, 0.999821, -0.004561712), (0.4108124, 0.91170835, -0.00460517), (0.22812419, 0.91102237, -0.34350795), (0.018447395, 0.99981767, -0.0049429294), (0.22812419, 0.91102237, -0.34350795), (0.4108124, 0.91170835, -0.00460517), (0.75650686, 0.6539519, -0.0066600847), (0.018447395, 0.99981767, -0.0049429294), (0.018364737, 0.999821, -0.004561712), (0.015498265, 0.99987996, -0.00012446246), (0.015498265, 0.99987996, -0.00012446246), (0.20396204, 0.9789789, -0.00030145128), (0.018447395, 0.99981767, -0.0049429294), (0.4108124, 0.91170835, -0.00460517), (0.018447395, 0.99981767, -0.0049429294), (0.20396204, 0.9789789, -0.00030145128), (0.20396204, 0.9789789, -0.00030145128), (0.015498265, 0.99987996, -0.00012446246), (0.012727306, 0.99991906, 0.0000041154594), (0.75650686, 0.6539519, -0.0066600847), (0.4108124, 0.91170835, -0.00460517), (0.20396204, 0.9789789, -0.00030145128), (0.012727306, 0.99991906, 0.0000041154594), (0.103052594, 0.994676, 0.00025036695), (0.20396204, 0.9789789, -0.00030145128), (0.103052594, 0.994676, 0.00025036695), (0.012727306, 0.99991906, 0.0000041154594), (0.016379282, 0.99985975, 0.0034942213), (0.20396204, 0.9789789, -0.00030145128), (0.5516203, 0.83409333, -0.0018069986), (0.75650686, 0.6539519, -0.0066600847), (0.5516203, 0.83409333, -0.0018069986), (0.20396204, 0.9789789, -0.00030145128), (0.103052594, 0.994676, 0.00025036695), (0.103052594, 0.994676, 0.00025036695), (0.5015248, 0.86514324, 0.000014459451), (0.5516203, 0.83409333, -0.0018069986), (0.016379282, 0.99985975, 0.0034942213), (0.19851081, 0.9800652, 0.008101204), (0.103052594, 0.994676, 0.00025036695), (0.19851081, 0.9800652, 0.008101204), (0.016379282, 0.99985975, 0.0034942213), (-0.020567577, 0.9091377, 0.41598743), (0.5015248, 0.86514324, 0.000014459451), (0.103052594, 0.994676, 0.00025036695), (0.19851081, 0.9800652, 0.008101204), (0.19851081, 0.9800652, 0.008101204), (0.6182084, 0.78601176, 0.0020001451), (0.5015248, 0.86514324, 0.000014459451), (0.60700166, 0.74678284, 0.27178), (0.6182084, 0.78601176, 0.0020001451), (0.19851081, 0.9800652, 0.008101204), (0.19851081, 0.9800652, 0.008101204), (0.16682972, 0.9202791, 0.35391277), (0.60700166, 0.74678284, 0.27178), (0.5360074, 0.6351003, 0.5561867), (0.60700166, 0.74678284, 0.27178), (0.16682972, 0.9202791, 0.35391277), (-0.020567577, 0.9091377, 0.41598743), (0.16682972, 0.9202791, 0.35391277), (0.19851081, 0.9800652, 0.008101204), (0.8007267, -0.006078991, -0.59899914), (0.5537601, -0.39971092, -0.7304663), (0.44048014, -0.00407394, -0.8977532), (0.44048014, -0.00407394, -0.8977532), (0.5537601, -0.39971092, -0.7304663), (0.05243908, -0.34326664, -0.93777305), (0.78693455, 0.0010268209, -0.61703575), (0.8007267, -0.006078991, -0.59899914), (0.44048014, -0.00407394, -0.8977532), (0.05243908, -0.34326664, -0.93777305), (-0.020566378, -0.553866, -0.8323518), (-0.0017146617, -0.0103268735, -0.9999452), (-0.0017146617, -0.0103268735, -0.9999452), (0.02507169, -0.0012872423, -0.9996849), (0.05243908, -0.34326664, -0.93777305), (0.05243908, -0.34326664, -0.93777305), (0.02507169, -0.0012872423, -0.9996849), (0.44048014, -0.00407394, -0.8977532), (0.02507169, -0.0012872423, -0.9996849), (-0.0017146617, -0.0103268735, -0.9999452), (0.0046639903, 0.007538395, -0.99996084), (0.16466123, 0.004313917, -0.98634076), (0.44048014, -0.00407394, -0.8977532), (0.02507169, -0.0012872423, -0.9996849), (0.44048014, -0.00407394, -0.8977532), (0.16466123, 0.004313917, -0.98634076), (0.78693455, 0.0010268209, -0.61703575), (0.0046639903, 0.007538395, -0.99996084), (0.16466123, 0.004313917, -0.98634076), (0.02507169, -0.0012872423, -0.9996849), (0.544734, 0.35968983, -0.7575541), (0.78693455, 0.0010268209, -0.61703575), (0.16466123, 0.004313917, -0.98634076), (0.78693455, 0.0010268209, -0.61703575), (0.544734, 0.35968983, -0.7575541), (0.8785995, 0.20826113, -0.42975605), (0.544734, 0.35968983, -0.7575541), (0.15227255, 0.5688487, -0.8082229), (0.5341225, 0.6425634, -0.5493864), (0.544734, 0.35968983, -0.7575541), (0.16466123, 0.004313917, -0.98634076), (0.044171184, 0.37246704, -0.92699367), (0.0046639903, 0.007538395, -0.99996084), (0.044171184, 0.37246704, -0.92699367), (0.16466123, 0.004313917, -0.98634076), (0.044171184, 0.37246704, -0.92699367), (0.0046639903, 0.007538395, -0.99996084), (-0.04082213, 0.59322417, -0.8040017), (0.15227255, 0.5688487, -0.8082229), (0.544734, 0.35968983, -0.7575541), (0.044171184, 0.37246704, -0.92699367), (-0.04082213, 0.59322417, -0.8040017), (0.15227255, 0.5688487, -0.8082229), (0.044171184, 0.37246704, -0.92699367), (0.88192457, 0.3297432, 0.33686596), (0.8392743, 0.54360133, 0.010788227), (0.60700166, 0.74678284, 0.27178), (0.8392743, 0.54360133, 0.010788227), (0.88192457, 0.3297432, 0.33686596), (0.9233834, 0.26807562, 0.27477035), (0.6182084, 0.78601176, 0.0020001451), (0.60700166, 0.74678284, 0.27178), (0.8392743, 0.54360133, 0.010788227), (0.9233834, 0.26807562, 0.27477035), (0.87648165, 0.48142925, 0.0024188757), (0.8392743, 0.54360133, 0.010788227), (0.6182084, 0.78601176, 0.0020001451), (0.8392743, 0.54360133, 0.010788227), (0.83406144, 0.5516715, -0.00015151346), (0.83406144, 0.5516715, -0.00015151346), (0.5015248, 0.86514324, 0.000014459451), (0.6182084, 0.78601176, 0.0020001451), (0.83406144, 0.5516715, -0.00015151346), (0.8392743, 0.54360133, 0.010788227), (0.87648165, 0.48142925, 0.0024188757), (0.9170437, 0.3987843, -0.0014282614), (0.87648165, 0.48142925, 0.0024188757), (0.94855386, 0.31661505, 0.0008017502), (0.87648165, 0.48142925, 0.0024188757), (0.9170437, 0.3987843, -0.0014282614), (0.83406144, 0.5516715, -0.00015151346), (0.94855386, 0.31661505, 0.0008017502), (0.99858505, 0.053177673, -0.00028619732), (0.9170437, 0.3987843, -0.0014282614), (0.9170437, 0.3987843, -0.0014282614), (0.99858505, 0.053177673, -0.00028619732), (-0.00078184734, 0.9999997, 0.000013159873), (-0.00078184734, 0.9999997, 0.000013159873), (0.90151966, 0.43273604, 0.0014009486), (0.9170437, 0.3987843, -0.0014282614), (0.83406144, 0.5516715, -0.00015151346), (0.9170437, 0.3987843, -0.0014282614), (0.90151966, 0.43273604, 0.0014009486), (0.90151966, 0.43273604, 0.0014009486), (-0.00078184734, 0.9999997, 0.000013159873), (-0.00078184734, 0.9999997, 0.000013159873), (0.5015248, 0.86514324, 0.000014459451), (0.83406144, 0.5516715, -0.00015151346), (0.8360345, 0.5486749, -0.0015278031), (0.90151966, 0.43273604, 0.0014009486), (0.8360345, 0.5486749, -0.0015278031), (0.83406144, 0.5516715, -0.00015151346), (0.8360345, 0.5486749, -0.0015278031), (0.5516203, 0.83409333, -0.0018069986), (0.5015248, 0.86514324, 0.000014459451), (-0.00078184734, 0.9999997, 0.000013159873), (0.8650842, 0.5015665, -0.007782162), (0.90151966, 0.43273604, 0.0014009486), (0.8360345, 0.5486749, -0.0015278031), (0.90151966, 0.43273604, 0.0014009486), (0.8650842, 0.5015665, -0.007782162), (0.8650842, 0.5015665, -0.007782162), (-0.00078184734, 0.9999997, 0.000013159873), (0.9573923, 0.20512855, -0.20327951), (0.5516203, 0.83409333, -0.0018069986), (0.8360345, 0.5486749, -0.0015278031), (0.75650686, 0.6539519, -0.0066600847), (0.8650842, 0.5015665, -0.007782162), (0.75650686, 0.6539519, -0.0066600847), (0.8360345, 0.5486749, -0.0015278031), (0.8650842, 0.5015665, -0.007782162), (0.88244057, 0.3669495, -0.29435816), (0.75650686, 0.6539519, -0.0066600847), (0.75650686, 0.6539519, -0.0066600847), (0.88244057, 0.3669495, -0.29435816), (0.6474905, 0.71049607, -0.2755931), (0.88244057, 0.3669495, -0.29435816), (0.8650842, 0.5015665, -0.007782162), (0.925614, 0.24251324, -0.29056177), (0.99995, 0.0063499897, 0.0077275382), (0.9999813, 0.0058163092, -0.0019612347), (0.014618831, 0.9524246, -0.30442363), (0.014618831, 0.9524246, -0.30442363), (-0.00078184734, 0.9999997, 0.000013159873), (-0.0009989497, 0.893951, -0.44816354), (0.014618831, 0.9524246, -0.30442363), (0.014100851, 0.87417567, -0.48540506), (0.99995, 0.0063499897, 0.0077275382), (-0.0009989497, 0.893951, -0.44816354), (0.014100851, 0.87417567, -0.48540506), (0.014618831, 0.9524246, -0.30442363), (0.21822302, 0.82181346, -0.52630913), (0.99995, 0.0063499897, 0.0077275382), (0.014100851, 0.87417567, -0.48540506), (0.014100851, 0.87417567, -0.48540506), (-0.0009989497, 0.893951, -0.44816354), (0.006227836, 0.81544507, -0.5788011), (0.006227836, 0.81544507, -0.5788011), (0.21822302, 0.82181346, -0.52630913), (0.014100851, 0.87417567, -0.48540506), (0.21822302, 0.82181346, -0.52630913), (0.006227836, 0.81544507, -0.5788011), (-0.00078184734, 0.9999997, 0.000013159873), (-0.00078184734, 0.9999997, 0.000013159873), (0.9999623, 0.0007022574, -0.008661757), (0.21822302, 0.82181346, -0.52630913), (0.9999728, 0.0047782767, -0.005613613), (0.9999829, 0.005822689, 0.0006172253), (0.015733432, 0.9711163, 0.23808768), (0.015733432, 0.9711163, 0.23808768), (0.018661384, 0.99030095, 0.13767996), (0.9999728, 0.0047782767, -0.005613613), (0.9999966, 0.0025581506, -0.0006693972), (0.9999728, 0.0047782767, -0.005613613), (0.018661384, 0.99030095, 0.13767996), (0.015733432, 0.9711163, 0.23808768), (-0.00078184734, 0.9999997, 0.000013159873), (-0.0006732749, 0.9888107, 0.14917436), (-0.0006732749, 0.9888107, 0.14917436), (0.018661384, 0.99030095, 0.13767996), (0.015733432, 0.9711163, 0.23808768), (-0.0006732749, 0.9888107, 0.14917436), (0.00069589785, -0.034375027, 0.99940884), (-0.0007634608, 0.9996337, 0.027052198), (0.9999813, 0.0058163092, -0.0019612347), (0.9999796, 0.0047581745, 0.0042777364), (0.016582415, 0.985586, -0.16836073), (0.016582415, 0.985586, -0.16836073), (0.014618831, 0.9524246, -0.30442363), (0.9999813, 0.0058163092, -0.0019612347), (-0.00078184734, 0.9999997, 0.000013159873), (0.014618831, 0.9524246, -0.30442363), (0.016582415, 0.985586, -0.16836073), (0.016582415, 0.985586, -0.16836073), (-0.00086125475, 0.9917409, -0.12825455), (-0.00078184734, 0.9999997, 0.000013159873), (0.01860542, 0.99946666, -0.026840063), (0.016582415, 0.985586, -0.16836073), (0.9999796, 0.0047581745, 0.0042777364), (-0.00086125475, 0.9917409, -0.12825455), (0.016582415, 0.985586, -0.16836073), (0.01860542, 0.99946666, -0.026840063), (0.9999796, 0.0047581745, 0.0042777364), (0.9999966, 0.0025581506, -0.0006693972), (0.01860542, 0.99946666, -0.026840063), (0.018661384, 0.99030095, 0.13767996), (0.01860542, 0.99946666, -0.026840063), (0.9999966, 0.0025581506, -0.0006693972), (0.01860542, 0.99946666, -0.026840063), (-0.00077947235, 0.9999934, 0.003553617), (-0.00086125475, 0.9917409, -0.12825455), (-0.00077947235, 0.9999934, 0.003553617), (0.01860542, 0.99946666, -0.026840063), (0.018661384, 0.99030095, 0.13767996), (0.018661384, 0.99030095, 0.13767996), (-0.0006732749, 0.9888107, 0.14917436), (-0.00077947235, 0.9999934, 0.003553617), (-0.0007634608, 0.9996337, 0.027052198), (-0.00077947235, 0.9999934, 0.003553617), (-0.0006732749, 0.9888107, 0.14917436), (-0.00078184734, 0.9999997, 0.000013159873), (-0.00086125475, 0.9917409, -0.12825455), (-0.00077947235, 0.9999934, 0.003553617), (-0.00077947235, 0.9999934, 0.003553617), (-0.0007634608, 0.9996337, 0.027052198), (-0.00078184734, 0.9999997, 0.000013159873), (-0.00078184734, 0.9999997, 0.000013159873), (0.99999946, 0.00078185595, -0.0006694169), (-0.00078184734, 0.9999997, 0.000013159873), (-0.00078184734, 0.9999997, 0.000013159873), (-0.00078184734, 0.9999997, 0.000013159873), (-0.00078184734, 0.9999997, 0.000013159873), (-0.00078184734, 0.9999997, 0.000013159873), (-0.00078184734, 0.9999997, 0.000013159873), (0.014826787, -0.8099265, 0.586344), (0.014826787, -0.8099265, 0.586344), (-0.00078184734, 0.9999997, 0.000013159873), (-0.00078184734, 0.9999997, 0.000013159873), (-0.00078184734, 0.9999997, 0.000013159873), (0.014826787, -0.8099265, 0.586344), (0.011484306, -0.71654695, 0.6974444), (0.011484306, -0.71654695, 0.6974444), (0.999987, -0.00059038505, 0.0050573973), (-0.00078184734, 0.9999997, 0.000013159873), (-0.00078184734, 0.9999997, 0.000013159873), (0.99999946, 0.00078185595, -0.0006694169), (0.0119405035, -0.9881342, -0.15312815), (0.0119405035, -0.9881342, -0.15312815), (-0.00078184734, 0.9999997, 0.000013159873), (-0.00078184734, 0.9999997, 0.000013159873), (0.0119405035, -0.9881342, -0.15312815), (-0.00066942704, 0.000012636484, -0.99999976), (0.0007633106, -0.9996278, -0.027269771), (0.99999946, 0.00078185595, -0.0006694169), (-0.00078184734, 0.9999997, 0.000013159873), (-0.00078184734, 0.9999997, 0.000013159873), (-0.00078184734, 0.9999997, 0.000013159873), (0.01651539, -0.9827446, 0.18422899), (0.99999946, 0.00078185595, -0.0006694169), (0.01651539, -0.9827446, 0.18422899), (-0.00078184734, 0.9999997, 0.000013159873), (0.9999607, -0.008835589, -0.0006695945), (0.9999607, -0.008835589, -0.0006695945), (0.01049468, -0.99992514, -0.0063065146), (0.01651539, -0.9827446, 0.18422899), (0.01049468, -0.99992514, -0.0063065146), (0.9999607, -0.008835589, -0.0006695945), (-0.00078184734, 0.9999997, 0.000013159873), (-0.00078184734, 0.9999997, 0.000013159873), (0.0119405035, -0.9881342, -0.15312815), (0.01049468, -0.99992514, -0.0063065146), (0.0007633106, -0.9996278, -0.027269771), (0.01049468, -0.99992514, -0.0063065146), (0.0119405035, -0.9881342, -0.15312815), (0.0006321217, -0.000012665651, 0.9999998), (0.01651539, -0.9827446, 0.18422899), (0.01049468, -0.99992514, -0.0063065146), (0.01049468, -0.99992514, -0.0063065146), (0.0007633106, -0.9996278, -0.027269771), (0.0006321217, -0.000012665651, 0.9999998), (0.0038190975, -0.002899042, -0.9999885), (-0.00078184734, 0.9999997, 0.000013159873), (0.004565703, -0.0026405125, -0.99998623), (0.004565703, -0.0026405125, -0.99998623), (0.99996763, 0.005867548, 0.0055110734), (0.0038190975, -0.002899042, -0.9999885), (0.99996763, 0.005867548, 0.0055110734), (0.004565703, -0.0026405125, -0.99998623), (0.01304647, 0.0020222142, -0.9999129), (0.01304647, 0.0020222142, -0.9999129), (-0.00078184734, 0.9999997, 0.000013159873), (0.99996763, 0.005867548, 0.0055110734), (-0.00078184734, 0.9999997, 0.000013159873), (0.01304647, 0.0020222142, -0.9999129), (0.013433436, 0.000023661589, -0.9999099), (0.013433436, 0.000023661589, -0.9999099), (0.013433466, 0.000023661612, -0.9999098), (-0.00078184734, 0.9999997, 0.000013159873), (0.013433466, 0.000023661612, -0.9999098), (0.013433436, 0.000023661589, -0.9999099), (0.013433434, 0.000023661587, -0.9999098), (0.013433434, 0.000023661587, -0.9999098), (0.013433442, 0.000023661594, -0.9999099), (0.013433466, 0.000023661612, -0.9999098), (0.013433442, 0.000023661594, -0.9999099), (0.013433434, 0.000023661587, -0.9999098), (-0.99999946, -0.000781848, 0.0006694277), (-0.99999946, -0.000781848, 0.0006694277), (-0.00078184734, 0.9999997, 0.000013159873), (0.013433442, 0.000023661594, -0.9999099), (-0.00078184734, 0.9999997, 0.000013159873), (-0.99999946, -0.000781848, 0.0006694277), (0.013433437, 0.000023661589, -0.9999098), (0.013433437, 0.000023661589, -0.9999098), (0.013433458, 0.000023661607, -0.9999098), (-0.00078184734, 0.9999997, 0.000013159873), (0.013433458, 0.000023661607, -0.9999098), (0.013433437, 0.000023661589, -0.9999098), (0.013433436, 0.000023661589, -0.9999098), (0.013433436, 0.000023661589, -0.9999098), (0.013433408, 0.000023661567, -0.9999099), (0.013433458, 0.000023661607, -0.9999098), (0.013433408, 0.000023661567, -0.9999099), (0.013433436, 0.000023661589, -0.9999098), (0.013433437, 0.000023661589, -0.9999098), (0.013433437, 0.000023661589, -0.9999098), (-0.00078184734, 0.9999997, 0.000013159873), (0.013433408, 0.000023661567, -0.9999099), (-0.00078184734, 0.9999997, 0.000013159873), (0.013433437, 0.000023661589, -0.9999098), (0.013426413, 0.008404388, -0.99987465), (0.013426413, 0.008404388, -0.99987465), (0.00665608, 0.0043192008, -0.99996865), (-0.00078184734, 0.9999997, 0.000013159873), (0.00665608, 0.0043192008, -0.99996865), (0.013426413, 0.008404388, -0.99987465), (-0.99999946, -0.00078185025, 0.0006694169), (-0.99999946, -0.00078185025, 0.0006694169), (0.9573923, 0.20512855, -0.20327951), (0.00665608, 0.0043192008, -0.99996865), (-0.00078184734, 0.9999997, 0.000013159873), (-0.00078184734, 0.9999997, 0.000013159873), (0.00912837, 0.0033717786, 0.9999527), (0.00912837, 0.0033717786, 0.9999527), (-0.00078184734, 0.9999997, 0.000013159873), (-0.00078184734, 0.9999997, 0.000013159873), (-0.00078184734, 0.9999997, 0.000013159873), (0.00912837, 0.0033717786, 0.9999527), (0.014389094, -0.002000626, 0.9998945), (0.014389094, -0.002000626, 0.9998945), (-0.00078184734, 0.9999997, 0.000013159873), (-0.00078184734, 0.9999997, 0.000013159873), (-0.00078184734, 0.9999997, 0.000013159873), (0.014389094, -0.002000626, 0.9998945), (0.014772912, -0.0000016082765, 0.999891), (0.014772912, -0.0000016082765, 0.999891), (0.014772912, -0.0000016082757, 0.9998909), (-0.00078184734, 0.9999997, 0.000013159873), (0.014772912, -0.0000016082757, 0.9998909), (0.014772912, -0.0000016082765, 0.999891), (0.014772911, -0.0000016082765, 0.9998909), (0.014772911, -0.0000016082765, 0.9998909), (0.014772886, -0.0000016082962, 0.999891), (0.014772912, -0.0000016082757, 0.9998909), (0.014772886, -0.0000016082962, 0.999891), (0.014772911, -0.0000016082765, 0.9998909), (-0.99999946, -0.00078185595, 0.0006694169), (-0.99999946, -0.00078185595, 0.0006694169), (-0.00078184734, 0.9999997, 0.000013159873), (0.014772886, -0.0000016082962, 0.999891), (-0.00078184734, 0.9999997, 0.000013159873), (-0.99999946, -0.00078185595, 0.0006694169), (0.014772912, -0.0000016082765, 0.999891), (0.014772912, -0.0000016082765, 0.999891), (0.014772923, -0.000001608267, 0.9998909), (-0.00078184734, 0.9999997, 0.000013159873), (0.014772923, -0.000001608267, 0.9998909), (0.014772912, -0.0000016082765, 0.999891), (0.014772912, -0.0000016082757, 0.9998909), (0.014772912, -0.0000016082757, 0.9998909), (0.014772912, -0.0000016082765, 0.999891), (0.014772923, -0.000001608267, 0.9998909), (0.014772912, -0.0000016082765, 0.999891), (0.014772912, -0.0000016082757, 0.9998909), (0.014772912, -0.0000016082757, 0.9998909), (0.014772912, -0.0000016082757, 0.9998909), (-0.00078184734, 0.9999997, 0.000013159873), (0.014772912, -0.0000016082765, 0.999891), (-0.00078184734, 0.9999997, 0.000013159873), (0.014772912, -0.0000016082757, 0.9998909), (0.0147793135, -0.00894515, 0.99985087), (0.0147793135, -0.00894515, 0.99985087), (-0.00078184734, 0.9999997, 0.000013159873), (-0.00078184734, 0.9999997, 0.000013159873), (-0.00078184734, 0.9999997, 0.000013159873), (0.0147793135, -0.00894515, 0.99985087), (-0.99999946, -0.00078185595, 0.0006694169), (-0.99999946, -0.00078185595, 0.0006694169), (-0.00078184734, 0.9999997, 0.000013159873), (-0.00078184734, 0.9999997, 0.000013159873), (-0.99999946, -0.00078185595, 0.0006694169), (0.99704725, -0.07678951, 0.00042882373), (-0.00078184734, 0.9999997, 0.000013159873), (0.002542826, -0.027282853, 0.9996245), (0.042746425, -0.15721798, 0.98663837), (0.8466527, -0.15050752, 0.5104183), (0.8466527, -0.15050752, 0.5104183), (0.0118836425, -0.04990648, 0.9986832), (0.002542826, -0.027282853, 0.9996245), (0.0212585, -0.2557186, 0.9665176), (0.0118836425, -0.04990648, 0.9986832), (0.8466527, -0.15050752, 0.5104183), (0.9913924, 0.0072760945, -0.13072227), (-0.004041676, 0.020297274, -0.9997859), (0.049829364, 0.14787675, -0.9877498), (0.9913924, 0.0072760945, -0.13072227), (0.008569472, 0.050595596, -0.99868244), (-0.004041676, 0.020297274, -0.9997859), (0.023656616, 0.251549, -0.96755546), (0.008569472, 0.050595596, -0.99868244), (0.9913924, 0.0072760945, -0.13072227), (0.99840385, 0.01897818, 0.053193282), (0.011593316, 0.029475605, 0.99949837), (0.02064377, 0.43565735, 0.8998759), (0.011593316, 0.029475605, 0.99949837), (0.99840385, 0.01897818, 0.053193282), (0.07428025, 0.15426546, 0.98523325), (0.07428025, 0.15426546, 0.98523325), (0.01733456, 0.037403088, 0.99915), (0.011593316, 0.029475605, 0.99949837), (0.9911959, -0.041027397, -0.12588692), (0.010281586, -0.025623446, -0.9996189), (0.024450326, -0.44913504, -0.89312935), (0.010281586, -0.025623446, -0.9996189), (0.9911959, -0.041027397, -0.12588692), (0.09830053, -0.13497847, -0.9859604), (0.09830053, -0.13497847, -0.9859604), (0.015423803, -0.027934948, -0.9994908), (0.010281586, -0.025623446, -0.9996189), (-0.00078184734, 0.9999997, 0.000013159873), (0.009038839, -0.15776044, 0.98743606), (0.042748913, -0.15716507, 0.9866468), (0.042748913, -0.15716507, 0.9866468), (0.0031754174, -0.029372206, 0.9995635), (-0.00078184734, 0.9999997, 0.000013159873), (0.0058743693, -0.15087348, -0.98853576), (0.09682663, -0.1351185, -0.9860871), (0.016866758, -0.05353761, -0.99842346), (0.016866758, -0.05353761, -0.99842346), (0.0019485235, 0.038225386, -0.99926734), (0.0058743693, -0.15087348, -0.98853576), (0.0019485235, 0.038225386, -0.99926734), (0.016866758, -0.05353761, -0.99842346), (0.064670525, 0.14462826, -0.9873705), (0.064670525, 0.14462826, -0.9873705), (0.0072284685, 0.15777458, -0.9874487), (0.0019485235, 0.038225386, -0.99926734), (0.016866758, -0.05353761, -0.99842346), (0.99992156, 0.012505814, -0.0006692166), (0.064670525, 0.14462826, -0.9873705), (0.09682663, -0.1351185, -0.9860871), (0.99992156, 0.012505814, -0.0006692166), (0.016866758, -0.05353761, -0.99842346), (0.99992156, 0.012505814, -0.0006692166), (0.09682663, -0.1351185, -0.9860871), (0.9999969, 0.0012398944, 0.0021537596), (0.9999992, 0.0007818339, 0.0009944768), (0.9999969, 0.0012398944, 0.0021537596), (0.09682663, -0.1351185, -0.9860871), (0.064670525, 0.14462826, -0.9873705), (0.99998426, -0.0055441787, 0.0009943739), (0.99139, 0.0072811116, -0.13073981), (0.9999992, 0.0007818339, 0.0009944768), (0.026401076, -0.44914892, -0.8930668), (0.99996114, 0.00783562, 0.004032784), (0.9911923, -0.041037977, -0.12591186), (0.9999992, 0.0007818339, 0.0009944768), (0.09682663, -0.1351185, -0.9860871), (0.026401076, -0.44914892, -0.8930668), (0.9999992, 0.0007818339, 0.0009944768), (0.9911923, -0.041037977, -0.12591186), (0.99998426, -0.0055441787, 0.0009943739), (0.9998129, -0.01891892, 0.0040317494), (0.025273401, 0.2519223, -0.9674174), (0.99139, 0.0072811116, -0.13073981), (0.99998426, -0.0055441787, 0.0009943739), (0.025273401, 0.2519223, -0.9674174), (0.016841676, -0.66797054, -0.74399716), (0.9999798, 0.0000038636335, -0.006363336), (0.026401076, -0.44914892, -0.8930668), (-0.00078184734, 0.9999997, 0.000013159873), (0.016841676, -0.66797054, -0.74399716), (0.026401076, -0.44914892, -0.8930668), (0.004334015, -0.24444693, -0.96965307), (-0.00078184734, 0.9999997, 0.000013159873), (0.026401076, -0.44914892, -0.8930668), (0.9999724, -0.000084018204, -0.0074287904), (0.005139765, 0.4175374, -0.90864533), (0.025273401, 0.2519223, -0.9674174), (0.9999724, -0.000084018204, -0.0074287904), (-0.00078184734, 0.9999997, 0.000013159873), (0.005139765, 0.4175374, -0.90864533), (-0.00078184734, 0.9999997, 0.000013159873), (0.009028582, -0.15779616, 0.98743045), (0.042746425, -0.15721798, 0.98663837), (0.042746425, -0.15721798, 0.98663837), (0.002542826, -0.027282853, 0.9996245), (-0.00078184734, 0.9999997, 0.000013159873), (0.0058720578, -0.15083379, -0.9885417), (0.09830053, -0.13497847, -0.9859604), (0.01689162, -0.053579, -0.9984208), (0.01689162, -0.053579, -0.9984208), (0.0019472211, 0.0382066, -0.999268), (0.0058720578, -0.15083379, -0.9885417), (0.0019472211, 0.0382066, -0.999268), (0.01689162, -0.053579, -0.9984208), (0.049829364, 0.14787675, -0.9877498), (0.049829364, 0.14787675, -0.9877498), (0.007224593, 0.15771626, -0.98745805), (0.0019472211, 0.0382066, -0.999268), (0.01689162, -0.053579, -0.9984208), (0.9998782, 0.015441815, -0.00225909), (0.049829364, 0.14787675, -0.9877498), (0.09830053, -0.13497847, -0.9859604), (0.9998782, 0.015441815, -0.00225909), (0.01689162, -0.053579, -0.9984208), (0.9998782, 0.015441815, -0.00225909), (0.09830053, -0.13497847, -0.9859604), (0.9999988, 0.0011820347, 0.0010313061), (0.99999875, 0.0015136949, -0.0004580879), (0.9999988, 0.0011820347, 0.0010313061), (0.09830053, -0.13497847, -0.9859604), (0.049829364, 0.14787675, -0.9877498), (0.99996877, -0.007889768, -0.00046814597), (0.9913924, 0.0072760945, -0.13072227), (0.99999875, 0.0015136949, -0.0004580879), (0.024450326, -0.44913504, -0.89312935), (0.99996966, 0.007360252, 0.0025578628), (0.9911959, -0.041027397, -0.12588692), (0.99999875, 0.0015136949, -0.0004580879), (0.09830053, -0.13497847, -0.9859604), (0.024450326, -0.44913504, -0.89312935), (0.99999875, 0.0015136949, -0.0004580879), (0.9911959, -0.041027397, -0.12588692), (0.99996877, -0.007889768, -0.00046814597), (0.9998766, -0.015507953, 0.0025291806), (0.023656616, 0.251549, -0.96755546), (0.9913924, 0.0072760945, -0.13072227), (0.99996877, -0.007889768, -0.00046814597), (0.023656616, 0.251549, -0.96755546), (0.015759863, -0.6685256, -0.7435222), (0.999992, 0.003719474, -0.0015255318), (0.024450326, -0.44913504, -0.89312935), (-0.00078184734, 0.9999997, 0.000013159873), (0.015759863, -0.6685256, -0.7435222), (0.024450326, -0.44913504, -0.89312935), (0.0043206476, -0.24442941, -0.9696575), (-0.00078184734, 0.9999997, 0.000013159873), (0.024450326, -0.44913504, -0.89312935), (0.9999623, 0.0007022574, -0.008661757), (0.005134224, 0.41753137, -0.908648), (0.023656616, 0.251549, -0.96755546), (0.9999623, 0.0007022574, -0.008661757), (-0.00078184734, 0.9999997, 0.000013159873), (0.005134224, 0.41753137, -0.908648), (-0.026824947, 0.5777948, 0.81574124), (0.024639536, 0.33891392, 0.94049484), (0.21438774, 0.53540725, 0.8169316), (0.024639536, 0.33891392, 0.94049484), (-0.026824947, 0.5777948, 0.81574124), (-0.01930024, 0.012054123, 0.9997411), (0.83645475, 0.27073222, 0.47649503), (0.5360074, 0.6351003, 0.5561867), (0.21438774, 0.53540725, 0.8169316), (0.42577812, 0.0124369515, 0.9047422), (0.21438774, 0.53540725, 0.8169316), (0.024639536, 0.33891392, 0.94049484), (0.21438774, 0.53540725, 0.8169316), (0.42577812, 0.0124369515, 0.9047422), (0.83645475, 0.27073222, 0.47649503), (0.80381095, 0.0029929164, 0.59487736), (0.83645475, 0.27073222, 0.47649503), (0.42577812, 0.0124369515, 0.9047422), (0.80381095, 0.0029929164, 0.59487736), (0.4346312, -0.0027724565, 0.90060437), (0.81347305, -0.0045508603, 0.581585), (0.4346312, -0.0027724565, 0.90060437), (0.80381095, 0.0029929164, 0.59487736), (0.42577812, 0.0124369515, 0.9047422), (0.8268825, -0.24567351, 0.5058756), (0.81347305, -0.0045508603, 0.581585), (0.4346312, -0.0027724565, 0.90060437), (0.024639536, 0.33891392, 0.94049484), (0.033255797, 0.0012808235, 0.9994461), (0.42577812, 0.0124369515, 0.9047422), (-0.01930024, 0.012054123, 0.9997411), (0.033255797, 0.0012808235, 0.9994461), (0.024639536, 0.33891392, 0.94049484), (0.033255797, 0.0012808235, 0.9994461), (-0.01930024, 0.012054123, 0.9997411), (-0.00918706, -0.005512373, 0.99994266), (0.4346312, -0.0027724565, 0.90060437), (0.42577812, 0.0124369515, 0.9047422), (0.033255797, 0.0012808235, 0.9994461), (-0.00918706, -0.005512373, 0.99994266), (0.040726148, -0.013365898, 0.999081), (0.033255797, 0.0012808235, 0.9994461), (0.033255797, 0.0012808235, 0.9994461), (0.040726148, -0.013365898, 0.999081), (0.4346312, -0.0027724565, 0.90060437), (0.4346312, -0.0027724565, 0.90060437), (0.18117742, -0.39888284, 0.89892566), (0.8268825, -0.24567351, 0.5058756), (0.56925476, -0.5280365, 0.6301798), (0.8268825, -0.24567351, 0.5058756), (0.18117742, -0.39888284, 0.89892566), (0.18117742, -0.39888284, 0.89892566), (0.4346312, -0.0027724565, 0.90060437), (0.040726148, -0.013365898, 0.999081), (0.040726148, -0.013365898, 0.999081), (-0.00918706, -0.005512373, 0.99994266), (-0.024796594, -0.5425666, 0.83964676), (-0.024796594, -0.5425666, 0.83964676), (0.18117742, -0.39888284, 0.89892566), (0.040726148, -0.013365898, 0.999081), (0.025273401, 0.2519223, -0.9674174), (0.005139765, 0.4175374, -0.90864533), (0.010253825, 0.043956272, -0.9989809), (0.010253825, 0.043956272, -0.9989809), (0.008587108, 0.050639637, -0.99868006), (0.025273401, 0.2519223, -0.9674174), (0.008587108, 0.050639637, -0.99868006), (0.010253825, 0.043956272, -0.9989809), (-0.00078184734, 0.9999997, 0.000013159873), (-0.00078184734, 0.9999997, 0.000013159873), (-0.004038711, 0.020299483, -0.9997858), (0.008587108, 0.050639637, -0.99868006), (0.9999829, -0.00033687905, 0.0058447267), (-0.00078184734, 0.9999997, 0.000013159873), (0.013429877, 0.77324975, 0.63395935), (0.013429877, 0.77324975, 0.63395935), (-0.00078184734, 0.9999997, 0.000013159873), (0.9999829, -0.00033687905, 0.0058447267), (-0.00078184734, 0.9999997, 0.000013159873), (0.013429877, 0.77324975, 0.63395935), (0.013535252, 0.8670072, 0.4981119), (0.013535252, 0.8670072, 0.4981119), (-0.00078184734, 0.9999997, 0.000013159873), (-0.00078184734, 0.9999997, 0.000013159873), (-0.00078184734, 0.9999997, 0.000013159873), (0.013535252, 0.8670072, 0.4981119), (-0.00078184734, 0.9999997, 0.000013159873), (-0.00078184734, 0.9999997, 0.000013159873), (0.013190799, 0.9815608, 0.19069488), (-0.00078184734, 0.9999997, 0.000013159873), (0.016841676, -0.66797054, -0.74399716), (-0.00078184734, 0.9999997, 0.000013159873), (-0.00078184734, 0.9999997, 0.000013159873), (-0.00078184734, 0.9999997, 0.000013159873), (0.26772887, -0.70729476, -0.65425944), (0.016841676, -0.66797054, -0.74399716), (0.26772887, -0.70729476, -0.65425944), (-0.00078184734, 0.9999997, 0.000013159873), (0.014552018, -0.86746645, -0.4972828), (0.26772887, -0.70729476, -0.65425944), (0.9999798, 0.0000038636335, -0.006363336), (0.016841676, -0.66797054, -0.74399716), (0.014552018, -0.86746645, -0.4972828), (-0.00078184734, 0.9999997, 0.000013159873), (0.26772887, -0.70729476, -0.65425944), (-0.00078184734, 0.9999997, 0.000013159873), (0.014552018, -0.86746645, -0.4972828), (0.99999946, 0.00078185595, -0.0006694169), (0.99999946, 0.00078185595, -0.0006694169), (-0.00078184734, 0.9999997, 0.000013159873), (-0.00078184734, 0.9999997, 0.000013159873), (0.9717836, -0.23587444, -0.0003118852), (-0.99999946, -0.00078185595, 0.0006694169), (0.005536539, -0.9999844, -0.0008338307), (0.005536539, -0.9999844, -0.0008338307), (0.99992746, 0.008469, -0.008573784), (0.9717836, -0.23587444, -0.0003118852), (0.99992746, 0.008469, -0.008573784), (0.005536539, -0.9999844, -0.0008338307), (0.014889371, -0.99988925, -0.000022602437), (0.014889371, -0.99988925, -0.000022602437), (-0.00078184734, 0.9999997, 0.000013159873), (0.99992746, 0.008469, -0.008573784), (-0.00078184734, 0.9999997, 0.000013159873), (0.014889371, -0.99988925, -0.000022602437), (0.014135097, -0.99989814, 0.0020012853), (0.014135097, -0.99989814, 0.0020012853), (0.0140717225, -0.99990106, -0.000021524058), (-0.00078184734, 0.9999997, 0.000013159873), (0.0140717225, -0.99990106, -0.000021524058), (0.014135097, -0.99989814, 0.0020012853), (0.014526495, -0.99989206, -0.0022152627), (0.014526495, -0.99989206, -0.0022152627), (0.014866962, -0.99988765, -0.0019481232), (0.0140717225, -0.99990106, -0.000021524058), (0.014866962, -0.99988765, -0.0019481232), (0.014526495, -0.99989206, -0.0022152627), (0.014851984, -0.99988973, 0.000077979144), (0.014851984, -0.99988973, 0.000077979144), (0.014848599, -0.99988973, -0.00002257515), (0.014866962, -0.99988765, -0.0019481232), (0.014848599, -0.99988973, -0.00002257515), (0.014851984, -0.99988973, 0.000077979144), (0.014869539, -0.9998895, -0.00014290208), (0.014869539, -0.9998895, -0.00014290208), (0.014867731, -0.99988955, -0.000011307869), (0.014848599, -0.99988973, -0.00002257515), (0.014867731, -0.99988955, -0.000011307869), (0.014869539, -0.9998895, -0.00014290208), (0.014844781, -0.9998898, 0.000097526965), (0.014844781, -0.9998898, 0.000097526965), (0.014848342, -0.99988973, -0.000022574977), (0.014867731, -0.99988955, -0.000011307869), (0.014848342, -0.99988973, -0.000022574977), (0.014844781, -0.9998898, 0.000097526965), (-0.99999946, -0.00078185595, 0.0006694169), (-0.99999946, -0.00078185595, 0.0006694169), (0.014889004, -0.99988925, -0.00014072892), (0.014848342, -0.99988973, -0.000022574977), (0.014889004, -0.99988925, -0.00014072892), (-0.99999946, -0.00078185595, 0.0006694169), (0.014889058, -0.9998892, -0.000022602226), (0.014889058, -0.9998892, -0.000022602226), (0.014889062, -0.9998892, -0.00002260223), (0.014889004, -0.99988925, -0.00014072892), (0.014889062, -0.9998892, -0.00002260223), (0.014889058, -0.9998892, -0.000022602226), (0.014889058, -0.9998892, -0.000022602226), (0.014889058, -0.9998892, -0.000022602226), (-0.00078184734, 0.9999997, 0.000013159873), (0.014889062, -0.9998892, -0.00002260223), (-0.00078184734, 0.9999997, 0.000013159873), (0.014889058, -0.9998892, -0.000022602226), (0.014881873, -0.99984217, -0.009711014), (0.014881873, -0.99984217, -0.009711014), (-0.00078184734, 0.9999997, 0.000013159873), (-0.00078184734, 0.9999997, 0.000013159873), (-0.00078184734, 0.9999997, 0.000013159873), (0.014881873, -0.99984217, -0.009711014), (-0.00078184734, 0.9999997, 0.000013159873), (-0.00078184734, 0.9999997, 0.000013159873), (-0.00078184734, 0.9999997, 0.000013159873), (-0.00078184734, 0.9999997, 0.000013159873), (0.99858505, 0.053177673, -0.00028619732), (-0.99999946, -0.00078185595, 0.0006694169), (0.007562062, 0.999968, -0.0026259574), (0.007562062, 0.999968, -0.0026259574), (-0.00078184734, 0.9999997, 0.000013159873), (0.99858505, 0.053177673, -0.00028619732), (-0.00078184734, 0.9999997, 0.000013159873), (0.007562062, 0.999968, -0.0026259574), (0.0133241, 0.9999113, 0.0000037158516), (0.0133241, 0.9999113, 0.0000037158516), (-0.00078184734, 0.9999997, 0.000013159873), (-0.00078184734, 0.9999997, 0.000013159873), (-0.00078184734, 0.9999997, 0.000013159873), (0.0133241, 0.9999113, 0.0000037158516), (0.0133241, 0.99991125, 0.0000037158509), (0.0133241, 0.99991125, 0.0000037158509), (-0.00078184734, 0.9999997, 0.000013159873), (-0.00078184734, 0.9999997, 0.000013159873), (-0.00078184734, 0.9999997, 0.000013159873), (0.0133241, 0.99991125, 0.0000037158509), (0.0133241, 0.99991125, 0.0000037158509), (0.0133241, 0.99991125, 0.0000037158509), (-0.00078184734, 0.9999997, 0.000013159873), (-0.00078184734, 0.9999997, 0.000013159873), (-0.00078184734, 0.9999997, 0.000013159873), (0.0133241, 0.99991125, 0.0000037158509), (0.013279794, 0.99991184, -0.00011599956), (0.013279794, 0.99991184, -0.00011599956), (0.013275922, 0.99991196, 0.0000037481118), (-0.00078184734, 0.9999997, 0.000013159873), (0.013275922, 0.99991196, 0.0000037481118), (0.013279794, 0.99991184, -0.00011599956), (0.013301037, 0.99991155, 0.00014707597), (0.013301037, 0.99991155, 0.00014707597), (0.013304697, 0.99991155, 0.000027274631), (0.013275922, 0.99991196, 0.0000037481118), (0.013304697, 0.99991155, 0.000027274631), (0.013301037, 0.99991155, 0.00014707597), (-0.99999946, -0.00078185595, 0.0006694169), (-0.99999946, -0.00078185595, 0.0006694169), (0.013287025, 0.9999117, 0.0000037406764), (0.013304697, 0.99991155, 0.000027274631), (0.013287025, 0.9999117, 0.0000037406764), (-0.99999946, -0.00078185595, 0.0006694169), (-0.99999946, -0.00078185595, 0.0006694169), (-0.99999946, -0.00078185595, 0.0006694169), (-0.00078184734, 0.9999997, 0.000013159873), (0.013287025, 0.9999117, 0.0000037406764), (-0.00078184734, 0.9999997, 0.000013159873), (-0.99999946, -0.00078185595, 0.0006694169), (0.013324099, 0.99991125, 0.0000037158513), (0.013324099, 0.99991125, 0.0000037158513), (0.0133240875, 0.99991125, 0.0000037158588), (-0.00078184734, 0.9999997, 0.000013159873), (0.0133240875, 0.99991125, 0.0000037158588), (0.013324099, 0.99991125, 0.0000037158513), (0.0133241, 0.99991125, 0.0000037158509), (0.0133241, 0.99991125, 0.0000037158509), (-0.00078184734, 0.9999997, 0.000013159873), (0.0133240875, 0.99991125, 0.0000037158588), (-0.00078184734, 0.9999997, 0.000013159873), (0.0133241, 0.99991125, 0.0000037158509), (0.013330006, 0.9998634, 0.009776253), (0.013330006, 0.9998634, 0.009776253), (-0.0051951855, 0.99995905, -0.007414626), (-0.00078184734, 0.9999997, 0.000013159873), (-0.0051951855, 0.99995905, -0.007414626), (0.013330006, 0.9998634, 0.009776253), (-0.00078184734, 0.9999997, 0.000013159873), (-0.00078184734, 0.9999997, 0.000013159873), (0.94855386, 0.31661505, 0.0008017502), (-0.0051951855, 0.99995905, -0.007414626), (0.01733445, 0.037365798, 0.9991513), (-0.00078184734, 0.9999997, 0.000013159873), (0.017073974, 0.02497726, 0.9995422), (0.017073974, 0.02497726, 0.9995422), (0.011585507, 0.029481545, 0.9994982), (0.01733445, 0.037365798, 0.9991513), (0.011585507, 0.029481545, 0.9994982), (0.017073974, 0.02497726, 0.9995422), (0.009132417, 0.024183089, 0.99966586), (0.009132417, 0.024183089, 0.99966586), (0.021014206, 0.43454114, 0.9004068), (0.011585507, 0.029481545, 0.9994982), (0.023656616, 0.251549, -0.96755546), (0.005134224, 0.41753137, -0.908648), (0.010234235, 0.043913096, -0.9989829), (0.010234235, 0.043913096, -0.9989829), (0.008569472, 0.050595596, -0.99868244), (0.023656616, 0.251549, -0.96755546), (0.008569472, 0.050595596, -0.99868244), (0.010234235, 0.043913096, -0.9989829), (-0.00078184734, 0.9999997, 0.000013159873), (-0.00078184734, 0.9999997, 0.000013159873), (-0.004041676, 0.020297274, -0.9997859), (0.008569472, 0.050595596, -0.99868244), (0.9999728, 0.000030529747, 0.0073799463), (-0.00078184734, 0.9999997, 0.000013159873), (0.012889867, 0.7731403, 0.6341041), (0.012889867, 0.7731403, 0.6341041), (0.21892263, 0.821779, 0.52607256), (0.9999728, 0.000030529747, 0.0073799463), (0.21892263, 0.821779, 0.52607256), (0.012889867, 0.7731403, 0.6341041), (0.004073286, 0.8740076, 0.48589525), (0.21892263, 0.821779, 0.52607256), (0.015838632, 0.89981514, 0.43598387), (0.9999388, 0.006350127, -0.009066489), (0.9999829, 0.005822689, 0.0006172253), (0.9999388, 0.006350127, -0.009066489), (0.015838632, 0.89981514, 0.43598387), (0.004073286, 0.8740076, 0.48589525), (0.015838632, 0.89981514, 0.43598387), (0.21892263, 0.821779, 0.52607256), (0.015838632, 0.89981514, 0.43598387), (0.015733432, 0.9711163, 0.23808768), (0.9999829, 0.005822689, 0.0006172253), (0.015838632, 0.89981514, 0.43598387), (0.004073286, 0.8740076, 0.48589525), (-0.00078184734, 0.9999997, 0.000013159873), (-0.00078184734, 0.9999997, 0.000013159873), (0.015733432, 0.9711163, 0.23808768), (0.015838632, 0.89981514, 0.43598387), (0.015759863, -0.6685256, -0.7435222), (-0.00078184734, 0.9999997, 0.000013159873), (-0.00078184734, 0.9999997, 0.000013159873), (-0.00078184734, 0.9999997, 0.000013159873), (0.2595933, -0.70964557, -0.65499204), (0.015759863, -0.6685256, -0.7435222), (0.2595933, -0.70964557, -0.65499204), (-0.00078184734, 0.9999997, 0.000013159873), (0.014220529, -0.8669831, -0.49813458), (0.2595933, -0.70964557, -0.65499204), (0.999992, 0.003719474, -0.0015255318), (0.015759863, -0.6685256, -0.7435222), (0.014220529, -0.8669831, -0.49813458), (-0.00078184734, 0.9999997, 0.000013159873), (0.2595933, -0.70964557, -0.65499204), (-0.00078184734, 0.9999997, 0.000013159873), (0.014220529, -0.8669831, -0.49813458), (0.99999946, 0.00078185595, -0.0006694169), (0.99999946, 0.00078185595, -0.0006694169), (-0.00078184734, 0.9999997, 0.000013159873), (-0.00078184734, 0.9999997, 0.000013159873), (0.99704725, -0.07678951, 0.00042882373), (-0.99999946, -0.00078185595, 0.0006694169), (0.007988263, -0.9999666, 0.0017567223), (0.007988263, -0.9999666, 0.0017567223), (0.99998283, 0.0038374504, -0.004435863), (0.99704725, -0.07678951, 0.00042882373), (0.99998283, 0.0038374504, -0.004435863), (0.007988263, -0.9999666, 0.0017567223), (0.014887951, -0.99988925, -0.000022601485), (0.014887951, -0.99988925, -0.000022601485), (-0.00078184734, 0.9999997, 0.000013159873), (0.99998283, 0.0038374504, -0.004435863), (-0.00078184734, 0.9999997, 0.000013159873), (0.014887951, -0.99988925, -0.000022601485), (0.014887949, -0.9998892, -0.000022601484), (0.014887949, -0.9998892, -0.000022601484), (0.014887935, -0.9998892, -0.000022601474), (-0.00078184734, 0.9999997, 0.000013159873), (0.014887935, -0.9998892, -0.000022601474), (0.014887949, -0.9998892, -0.000022601484), (0.014887951, -0.9998892, -0.000022601485), (0.014887951, -0.9998892, -0.000022601485), (0.014867744, -0.99988955, 0.0000749977), (0.014887935, -0.9998892, -0.000022601474), (0.014867744, -0.99988955, 0.0000749977), (0.014887951, -0.9998892, -0.000022601485), (0.014851782, -0.99988973, 0.00007552804), (0.014851782, -0.99988973, 0.00007552804), (0.014848455, -0.99988973, -0.000022575052), (0.014867744, -0.99988955, 0.0000749977), (0.014848455, -0.99988973, -0.000022575052), (0.014851782, -0.99988973, 0.00007552804), (0.014868907, -0.99988943, -0.00013996517), (0.014868907, -0.99988943, -0.00013996517), (0.014867108, -0.9998895, -0.000011307836), (0.014848455, -0.99988973, -0.000022575052), (0.014867108, -0.9998895, -0.000011307836), (0.014868907, -0.99988943, -0.00013996517), (0.014844661, -0.9998898, 0.00009484219), (0.014844661, -0.9998898, 0.00009484219), (0.014848183, -0.99988973, -0.00002257487), (0.014867108, -0.9998895, -0.000011307836), (0.014848183, -0.99988973, -0.00002257487), (0.014844661, -0.9998898, 0.00009484219), (-0.99999946, -0.0007818532, 0.00066941424), (-0.99999946, -0.0007818532, 0.00066941424), (0.014887887, -0.99988925, -0.00013809091), (0.014848183, -0.99988973, -0.00002257487), (0.014887887, -0.99988925, -0.00013809091), (-0.99999946, -0.0007818532, 0.00066941424), (0.014887951, -0.9998892, -0.000022601485), (0.014887951, -0.9998892, -0.000022601485), (0.01488795, -0.99988925, -0.000022601485), (0.014887887, -0.99988925, -0.00013809091), (0.01488795, -0.99988925, -0.000022601485), (0.014887951, -0.9998892, -0.000022601485), (0.01488795, -0.9998892, -0.000022601485), (0.01488795, -0.9998892, -0.000022601485), (-0.00078184734, 0.9999997, 0.000013159873), (0.01488795, -0.99988925, -0.000022601485), (-0.00078184734, 0.9999997, 0.000013159873), (0.01488795, -0.9998892, -0.000022601485), (0.014882551, -0.9998485, -0.009031438), (0.014882551, -0.9998485, -0.009031438), (-0.00078184734, 0.9999997, 0.000013159873), (-0.00078184734, 0.9999997, 0.000013159873), (-0.00078184734, 0.9999997, 0.000013159873), (0.014882551, -0.9998485, -0.009031438), (-0.00078184734, 0.9999997, 0.000013159873), (-0.00078184734, 0.9999997, 0.000013159873), (0.0038190975, -0.002899042, -0.9999885), (-0.00078184734, 0.9999997, 0.000013159873), (0.9573923, 0.20512855, -0.20327951), (-0.99999946, -0.00078185025, 0.0006694169), (0.006450834, 0.99997866, -0.0011000216), (0.006450834, 0.99997866, -0.0011000216), (-0.00078184734, 0.9999997, 0.000013159873), (0.9573923, 0.20512855, -0.20327951), (-0.00078184734, 0.9999997, 0.000013159873), (0.006450834, 0.99997866, -0.0011000216), (0.0133241005, 0.9999113, 0.0000037158509), (0.0133241005, 0.9999113, 0.0000037158509), (-0.00078184734, 0.9999997, 0.000013159873), (-0.00078184734, 0.9999997, 0.000013159873), (-0.00078184734, 0.9999997, 0.000013159873), (0.0133241005, 0.9999113, 0.0000037158509), (0.013325923, 0.99991125, 0.000008588186), (0.013325923, 0.99991125, 0.000008588186), (-0.00078184734, 0.9999997, 0.000013159873), (-0.00078184734, 0.9999997, 0.000013159873), (-0.00078184734, 0.9999997, 0.000013159873), (0.013325923, 0.99991125, 0.000008588186), (0.013324965, 0.99991125, -0.0000015672991), (0.013324965, 0.99991125, -0.0000015672991), (-0.00078184734, 0.9999997, 0.000013159873), (-0.00078184734, 0.9999997, 0.000013159873), (-0.00078184734, 0.9999997, 0.000013159873), (0.013324965, 0.99991125, -0.0000015672991), (0.013279793, 0.99991184, -0.000115995615), (0.013279793, 0.99991184, -0.000115995615), (0.013275904, 0.99991196, 0.000003748124), (-0.00078184734, 0.9999997, 0.000013159873), (0.013275904, 0.99991196, 0.000003748124), (0.013279793, 0.99991184, -0.000115995615), (0.013301036, 0.99991155, 0.00014706454), (0.013301036, 0.99991155, 0.00014706454), (0.013304677, 0.99991155, 0.00002727395), (0.013275904, 0.99991196, 0.000003748124), (0.013304677, 0.99991155, 0.00002727395), (0.013301036, 0.99991155, 0.00014706454), (-0.99999946, -0.00078185595, 0.0006694103), (-0.99999946, -0.00078185595, 0.0006694103), (0.013286999, 0.9999117, 0.0000037406933), (0.013304677, 0.99991155, 0.00002727395), (0.013286999, 0.9999117, 0.0000037406933), (-0.99999946, -0.00078185595, 0.0006694103), (-0.99999946, -0.00078185595, 0.0006694169), (-0.99999946, -0.00078185595, 0.0006694169), (-0.00078184734, 0.9999997, 0.000013159873), (0.013286999, 0.9999117, 0.0000037406933), (-0.00078184734, 0.9999997, 0.000013159873), (-0.99999946, -0.00078185595, 0.0006694169), (0.013324099, 0.99991125, 0.0000037158513), (0.013324099, 0.99991125, 0.0000037158513), (0.013324065, 0.99991125, 0.0000037158738), (-0.00078184734, 0.9999997, 0.000013159873), (0.013324065, 0.99991125, 0.0000037158738), (0.013324099, 0.99991125, 0.0000037158513), (0.0133241005, 0.99991125, 0.0000037158502), (0.0133241005, 0.99991125, 0.0000037158502), (-0.00078184734, 0.9999997, 0.000013159873), (0.013324065, 0.99991125, 0.0000037158738), (-0.00078184734, 0.9999997, 0.000013159873), (0.0133241005, 0.99991125, 0.0000037158502), (0.013330004, 0.9998634, 0.009776257), (0.013330004, 0.9998634, 0.009776257), (0.012449547, 0.9998603, 0.011162756), (-0.00078184734, 0.9999997, 0.000013159873), (0.012449547, 0.9998603, 0.011162756), (0.013330004, 0.9998634, 0.009776257), (-0.00078184734, 0.9999997, 0.000013159873), (-0.00078184734, 0.9999997, 0.000013159873), (-0.00078184734, 0.9999997, 0.000013159873), (0.012449547, 0.9998603, 0.011162756), (0.012449547, 0.9998603, 0.011162756), (-0.00078184734, 0.9999997, 0.000013159873), (-0.00078184734, 0.9999997, 0.000013159873), (0.01733456, 0.037403088, 0.99915), (-0.00078184734, 0.9999997, 0.000013159873), (0.017075093, 0.025002224, 0.99954164), (0.017075093, 0.025002224, 0.99954164), (0.011593316, 0.029475605, 0.99949837), (0.01733456, 0.037403088, 0.99915), (0.011593316, 0.029475605, 0.99949837), (0.017075093, 0.025002224, 0.99954164), (0.0091425115, 0.024160467, 0.9996663), (0.0091425115, 0.024160467, 0.9996663), (0.02064377, 0.43565735, 0.8998759), (0.011593316, 0.029475605, 0.99949837), (0.99992746, 0.008469, -0.008573784), (-0.00078184734, 0.9999997, 0.000013159873), (0.9717836, -0.23587444, -0.0003118852), (0.99992746, 0.008469, -0.008573784), (0.9999724, -0.000084018204, -0.0074287904), (-0.00078184734, 0.9999997, 0.000013159873), (-0.00078184734, 0.9999997, 0.000013159873), (0.9999724, -0.000084018204, -0.0074287904), (0.99992746, 0.008469, -0.008573784), (-0.00078184734, 0.9999997, 0.000013159873), (-0.00078184734, 0.9999997, 0.000013159873), (0.9999724, -0.000084018204, -0.0074287904), (0.99992746, 0.008469, -0.008573784), (-0.00078184734, 0.9999997, 0.000013159873), (-0.00078184734, 0.9999997, 0.000013159873), (0.9999724, -0.000084018204, -0.0074287904), (0.9998129, -0.01891892, 0.0040317494), (-0.00078184734, 0.9999997, 0.000013159873), (-0.00078184734, 0.9999997, 0.000013159873), (-0.00078184734, 0.9999997, 0.000013159873), (-0.00078184734, 0.9999997, 0.000013159873), (-0.00078184734, 0.9999997, 0.000013159873), (0.9998129, -0.01891892, 0.0040317494), (0.99998426, -0.0055441787, 0.0009943739), (-0.00078184734, 0.9999997, 0.000013159873), (0.0140717225, -0.99990106, -0.000021524058), (-0.00078184734, 0.9999997, 0.000013159873), (0.99998426, -0.0055441787, 0.0009943739), (0.014772647, -0.0000016084833, 0.999891), (-0.00078184734, 0.9999997, 0.000013159873), (-0.00078184734, 0.9999997, 0.000013159873), (-0.00078184734, 0.9999997, 0.000013159873), (0.0140717225, -0.99990106, -0.000021524058), (0.014772647, -0.0000016084833, 0.999891), (0.99998426, -0.0055441787, 0.0009943739), (0.9999858, -0.00019101032, 0.0053258794), (0.0140717225, -0.99990106, -0.000021524058), (0.014866962, -0.99988765, -0.0019481232), (-0.00078184734, 0.9999997, 0.000013159873), (0.9999858, -0.00019101032, 0.0053258794), (0.014772659, -0.0000016084731, 0.9998909), (0.014772647, -0.0000016084833, 0.999891), (0.013291719, 0.9847674, -0.1733683), (-0.00078184734, 0.9999997, 0.000013159873), (0.014866962, -0.99988765, -0.0019481232), (-0.00078184734, 0.9999997, 0.000013159873), (0.014772659, -0.0000016084731, 0.9998909), (0.9999858, -0.00019101032, 0.0053258794), (0.014866962, -0.99988765, -0.0019481232), (0.014848599, -0.99988973, -0.00002257515), (0.013291719, 0.9847674, -0.1733683), (0.9999858, -0.00019101032, 0.0053258794), (0.99992156, 0.012505814, -0.0006692166), (-0.00078184734, 0.9999997, 0.000013159873), (-0.00078184734, 0.9999997, 0.000013159873), (0.013291719, 0.9847674, -0.1733683), (0.014848599, -0.99988973, -0.00002257515), (-0.00078184734, 0.9999997, 0.000013159873), (0.99992156, 0.012505814, -0.0006692166), (0.9999969, 0.0012398944, 0.0021537596), (0.014848599, -0.99988973, -0.00002257515), (0.014867731, -0.99988955, -0.000011307869), (-0.00078184734, 0.9999997, 0.000013159873), (0.9999969, 0.0012398944, 0.0021537596), (0.014772625, -0.0000016085, 0.9998909), (-0.00078184734, 0.9999997, 0.000013159873), (-0.00078184734, 0.9999997, 0.000013159873), (0.014867731, -0.99988955, -0.000011307869), (0.014848342, -0.99988973, -0.000022574977), (0.014772643, -0.0000016084855, 0.9998909), (0.014772625, -0.0000016085, 0.9998909), (0.9999969, 0.0012398944, 0.0021537596), (0.014848342, -0.99988973, -0.000022574977), (-0.00078184734, 0.9999997, 0.000013159873), (-0.00078184734, 0.9999997, 0.000013159873), (0.9999969, 0.0012398944, 0.0021537596), (0.9999992, 0.0007818339, 0.0009944768), (0.014772643, -0.0000016084855, 0.9998909), (-0.00078184734, 0.9999997, 0.000013159873), (0.014848342, -0.99988973, -0.000022574977), (0.014889004, -0.99988925, -0.00014072892), (-0.00078184734, 0.9999997, 0.000013159873), (0.014772643, -0.0000016084855, 0.9998909), (0.9999992, 0.0007818339, 0.0009944768), (0.014889004, -0.99988925, -0.00014072892), (0.013190799, 0.9815608, 0.19069488), (-0.00078184734, 0.9999997, 0.000013159873), (0.9999992, 0.0007818339, 0.0009944768), (0.99996114, 0.00783562, 0.004032784), (-0.00078184734, 0.9999997, 0.000013159873), (0.013190799, 0.9815608, 0.19069488), (0.014889004, -0.99988925, -0.00014072892), (0.014889062, -0.9998892, -0.00002260223), (-0.00078184734, 0.9999997, 0.000013159873), (0.99996114, 0.00783562, 0.004032784), (0.9999798, 0.0000038636335, -0.006363336), (0.014889062, -0.9998892, -0.00002260223), (-0.00078184734, 0.9999997, 0.000013159873), (0.013190799, 0.9815608, 0.19069488), (0.9999798, 0.0000038636335, -0.006363336), (-0.00078184734, 0.9999997, 0.000013159873), (-0.00078184734, 0.9999997, 0.000013159873), (-0.00078184734, 0.9999997, 0.000013159873), (0.014889062, -0.9998892, -0.00002260223), (-0.00078184734, 0.9999997, 0.000013159873), (0.99998325, -0.0037983533, -0.0043757805), (-0.00078184734, 0.9999997, 0.000013159873), (0.9999798, 0.0000038636335, -0.006363336), (-0.00078184734, 0.9999997, 0.000013159873), (-0.00078184734, 0.9999997, 0.000013159873), (-0.00078184734, 0.9999997, 0.000013159873), (-0.00078184734, 0.9999997, 0.000013159873), (-0.00078184734, 0.9999997, 0.000013159873), (-0.00078184734, 0.9999997, 0.000013159873), (-0.00078184734, 0.9999997, 0.000013159873), (0.9999829, -0.00033687905, 0.0058447267), (-0.00078184734, 0.9999997, 0.000013159873), (0.99998325, -0.0037983533, -0.0043757805), (0.9999798, 0.0000038636335, -0.006363336), (-0.0051951855, 0.99995905, -0.007414626), (-0.0051951855, 0.99995905, -0.007414626), (0.9999798, 0.0000038636335, -0.006363336), (0.26772887, -0.70729476, -0.65425944), (0.26772887, -0.70729476, -0.65425944), (-0.00078184734, 0.9999997, 0.000013159873), (-0.0051951855, 0.99995905, -0.007414626), (-0.00078184734, 0.9999997, 0.000013159873), (0.26772887, -0.70729476, -0.65425944), (-0.00078184734, 0.9999997, 0.000013159873), (-0.00078184734, 0.9999997, 0.000013159873), (0.0133240875, 0.99991125, 0.0000037158588), (-0.00078184734, 0.9999997, 0.000013159873), (0.0133240875, 0.99991125, 0.0000037158588), (-0.00078184734, 0.9999997, 0.000013159873), (-0.00078184734, 0.9999997, 0.000013159873), (-0.00078184734, 0.9999997, 0.000013159873), (-0.00078184734, 0.9999997, 0.000013159873), (0.0133240875, 0.99991125, 0.0000037158588), (-0.00078184734, 0.9999997, 0.000013159873), (-0.00078184734, 0.9999997, 0.000013159873), (-0.00078184734, 0.9999997, 0.000013159873), (-0.00078184734, 0.9999997, 0.000013159873), (0.013287025, 0.9999117, 0.0000037406764), (-0.00078184734, 0.9999997, 0.000013159873), (0.013287025, 0.9999117, 0.0000037406764), (-0.00078184734, 0.9999997, 0.000013159873), (0.9999608, -0.008835615, -0.00066959456), (0.9999608, -0.008835615, -0.00066959456), (0.013304697, 0.99991155, 0.000027274631), (0.013287025, 0.9999117, 0.0000037406764), (0.013275922, 0.99991196, 0.0000037481118), (0.013304697, 0.99991155, 0.000027274631), (0.9999608, -0.008835615, -0.00066959456), (0.9999608, -0.008835615, -0.00066959456), (-0.00078184734, 0.9999997, 0.000013159873), (0.013275922, 0.99991196, 0.0000037481118), (-0.00078184734, 0.9999997, 0.000013159873), (0.013275922, 0.99991196, 0.0000037481118), (-0.00078184734, 0.9999997, 0.000013159873), (-0.00078184734, 0.9999997, 0.000013159873), (-0.00078184734, 0.9999997, 0.000013159873), (-0.00078184734, 0.9999997, 0.000013159873), (-0.00078184734, 0.9999997, 0.000013159873), (-0.00078184734, 0.9999997, 0.000013159873), (-0.00078184734, 0.9999997, 0.000013159873), (-0.00078184734, 0.9999997, 0.000013159873), (-0.00078184734, 0.9999997, 0.000013159873), (-0.00078184734, 0.9999997, 0.000013159873), (-0.00078184734, 0.9999997, 0.000013159873), (-0.00078184734, 0.9999997, 0.000013159873), (-0.00078184734, 0.9999997, 0.000013159873), (-0.00078184734, 0.9999997, 0.000013159873), (-0.00078184734, 0.9999997, 0.000013159873), (-0.00078184734, 0.9999997, 0.000013159873), (-0.00078184734, 0.9999997, 0.000013159873), (-0.00078184734, 0.9999997, 0.000013159873), (-0.00078184734, 0.9999997, 0.000013159873), (-0.00078184734, 0.9999997, 0.000013159873), (0.9999938, 0.0007829512, 0.0034309174), (-0.00078184734, 0.9999997, 0.000013159873), (0.99858505, 0.053177673, -0.00028619732), (-0.00078184734, 0.9999997, 0.000013159873), (0.9999938, 0.0007829512, 0.0034309174), (0.9999938, 0.0007829512, 0.0034309174), (0.008142426, 0.0055704387, -0.9999514), (0.99858505, 0.053177673, -0.00028619732), (-0.00078184734, 0.9999997, 0.000013159873), (0.008142426, 0.0055704387, -0.9999514), (0.9999938, 0.0007829512, 0.0034309174), (0.9999938, 0.0007829512, 0.0034309174), (0.99835294, 0.05711245, -0.005447022), (-0.00078184734, 0.9999997, 0.000013159873), (-0.00078184734, 0.9999997, 0.000013159873), (0.99835294, 0.05711245, -0.005447022), (0.9999249, 0.0039068633, -0.0116150705), (0.9999249, 0.0039068633, -0.0116150705), (0.013433877, 0.000023661934, -0.9999099), (-0.00078184734, 0.9999997, 0.000013159873), (0.013433877, 0.000023661934, -0.9999099), (0.9999249, 0.0039068633, -0.0116150705), (0.999937, 0.0012563833, -0.011151975), (0.999937, 0.0012563833, -0.011151975), (0.013433842, 0.000023661907, -0.9999098), (0.013433877, 0.000023661934, -0.9999099), (-0.00078184734, 0.9999997, 0.000013159873), (0.013433842, 0.000023661907, -0.9999098), (0.999937, 0.0012563833, -0.011151975), (0.999937, 0.0012563833, -0.011151975), (0.9998617, 0.0007819582, -0.016617723), (-0.00078184734, 0.9999997, 0.000013159873), (-0.00078184734, 0.9999997, 0.000013159873), (0.9998617, 0.0007819582, -0.016617723), (0.99963677, -0.026897516, -0.0017290515), (0.99963677, -0.026897516, -0.0017290515), (0.013437675, 0.000013945901, -0.99990976), (-0.00078184734, 0.9999997, 0.000013159873), (0.013439384, 0.000032328742, -0.9999097), (0.013437675, 0.000013945901, -0.99990976), (0.99963677, -0.026897516, -0.0017290515), (0.99963677, -0.026897516, -0.0017290515), (0.99840385, 0.018978639, 0.053193294), (0.013439384, 0.000032328742, -0.9999097), (-0.00078184734, 0.9999997, 0.000013159873), (0.013439384, 0.000032328742, -0.9999097), (0.99840385, 0.018978639, 0.053193294), (0.99840385, 0.018978639, 0.053193294), (0.9998902, 0.013784992, -0.005455808), (-0.00078184734, 0.9999997, 0.000013159873), (-0.00078184734, 0.9999997, 0.000013159873), (0.9998902, 0.013784992, -0.005455808), (0.9999829, -0.00033687905, 0.0058447267), (0.9999829, -0.00033687905, 0.0058447267), (0.9999965, 0.0022452422, 0.001427904), (-0.00078184734, 0.9999997, 0.000013159873), (-0.00078184734, 0.9999997, 0.000013159873), (0.9999965, 0.0022452422, 0.001427904), (0.9999829, -0.00033687905, 0.0058447267), (-0.00078184734, 0.9999997, 0.000013159873), (0.008549051, -0.004386376, -0.9999539), (0.9999965, 0.0022452422, 0.001427904), (0.99998283, 0.0038374504, -0.004435863), (-0.00078184734, 0.9999997, 0.000013159873), (-0.00078184734, 0.9999997, 0.000013159873), (0.99998283, 0.0038374504, -0.004435863), (0.9999623, 0.0007022574, -0.008661757), (-0.00078184734, 0.9999997, 0.000013159873), (0.21822302, 0.82181346, -0.52630913), (0.9999623, 0.0007022574, -0.008661757), (0.99998283, 0.0038374504, -0.004435863), (-0.00078184734, 0.9999997, 0.000013159873), (-0.00078184734, 0.9999997, 0.000013159873), (0.9999623, 0.0007022574, -0.008661757), (0.99998283, 0.0038374504, -0.004435863), (-0.00078184734, 0.9999997, 0.000013159873), (0.21822302, 0.82181346, -0.52630913), (0.9999623, 0.0007022574, -0.008661757), (0.9998766, -0.015507953, 0.0025291806), (-0.00078184734, 0.9999997, 0.000013159873), (0.99995, 0.0063499897, 0.0077275382), (0.21822302, 0.82181346, -0.52630913), (-0.00078184734, 0.9999997, 0.000013159873), (-0.00078184734, 0.9999997, 0.000013159873), (0.9998766, -0.015507953, 0.0025291806), (0.99996877, -0.007889768, -0.00046814597), (-0.00078184734, 0.9999997, 0.000013159873), (0.014887935, -0.9998892, -0.000022601474), (0.99995, 0.0063499897, 0.0077275382), (0.99996877, -0.007889768, -0.00046814597), (0.014772912, -0.0000016082765, 0.999891), (-0.00078184734, 0.9999997, 0.000013159873), (0.9999813, 0.0058163092, -0.0019612347), (0.99995, 0.0063499897, 0.0077275382), (0.014887935, -0.9998892, -0.000022601474), (0.014772912, -0.0000016082765, 0.999891), (0.99996877, -0.007889768, -0.00046814597), (0.9999875, -0.00026514777, 0.005012063), (0.014887935, -0.9998892, -0.000022601474), (0.014867744, -0.99988955, 0.0000749977), (0.9999813, 0.0058163092, -0.0019612347), (0.9999875, -0.00026514777, 0.005012063), (0.014772923, -0.000001608267, 0.9998909), (0.014772912, -0.0000016082765, 0.999891), (0.9999796, 0.0047581745, 0.0042777364), (0.9999813, 0.0058163092, -0.0019612347), (0.014867744, -0.99988955, 0.0000749977), (-0.00078184734, 0.9999997, 0.000013159873), (0.014772923, -0.000001608267, 0.9998909), (0.9999875, -0.00026514777, 0.005012063), (0.014867744, -0.99988955, 0.0000749977), (0.014848455, -0.99988973, -0.000022575052), (0.9999796, 0.0047581745, 0.0042777364), (0.9999875, -0.00026514777, 0.005012063), (0.9998782, 0.015441815, -0.00225909), (-0.00078184734, 0.9999997, 0.000013159873), (0.9999966, 0.0025581506, -0.0006693972), (0.9999796, 0.0047581745, 0.0042777364), (0.014848455, -0.99988973, -0.000022575052), (-0.00078184734, 0.9999997, 0.000013159873), (0.9998782, 0.015441815, -0.00225909), (0.9999988, 0.0011820347, 0.0010313061), (0.014848455, -0.99988973, -0.000022575052), (0.014867108, -0.9998895, -0.000011307836), (0.9999966, 0.0025581506, -0.0006693972), (0.9999988, 0.0011820347, 0.0010313061), (0.014772886, -0.0000016082962, 0.999891), (-0.00078184734, 0.9999997, 0.000013159873), (0.9999966, 0.0025581506, -0.0006693972), (0.014867108, -0.9998895, -0.000011307836), (0.014848183, -0.99988973, -0.00002257487), (0.014772912, -0.0000016082757, 0.9998909), (0.014772886, -0.0000016082962, 0.999891), (0.9999988, 0.0011820347, 0.0010313061), (0.014848183, -0.99988973, -0.00002257487), (0.9999728, 0.0047782767, -0.005613613), (0.9999966, 0.0025581506, -0.0006693972), (0.9999988, 0.0011820347, 0.0010313061), (0.99999875, 0.0015136949, -0.0004580879), (0.014772912, -0.0000016082757, 0.9998909), (0.9999728, 0.0047782767, -0.005613613), (0.014848183, -0.99988973, -0.00002257487), (0.014887887, -0.99988925, -0.00013809091), (-0.00078184734, 0.9999997, 0.000013159873), (0.014772912, -0.0000016082757, 0.9998909), (0.99999875, 0.0015136949, -0.0004580879), (0.014887887, -0.99988925, -0.00013809091), (0.9999829, 0.005822689, 0.0006172253), (0.9999728, 0.0047782767, -0.005613613), (0.99999875, 0.0015136949, -0.0004580879), (0.99996966, 0.007360252, 0.0025578628), (-0.00078184734, 0.9999997, 0.000013159873), (0.9999829, 0.005822689, 0.0006172253), (0.014887887, -0.99988925, -0.00013809091), (0.01488795, -0.99988925, -0.000022601485), (-0.00078184734, 0.9999997, 0.000013159873), (0.99996966, 0.007360252, 0.0025578628), (0.999992, 0.003719474, -0.0015255318), (0.01488795, -0.99988925, -0.000022601485), (0.9999388, 0.006350127, -0.009066489), (0.9999829, 0.005822689, 0.0006172253), (0.999992, 0.003719474, -0.0015255318), (-0.00078184734, 0.9999997, 0.000013159873), (-0.00078184734, 0.9999997, 0.000013159873), (0.9999388, 0.006350127, -0.009066489), (0.01488795, -0.99988925, -0.000022601485), (-0.00078184734, 0.9999997, 0.000013159873), (-0.00078184734, 0.9999997, 0.000013159873), (-0.00078184734, 0.9999997, 0.000013159873), (0.999992, 0.003719474, -0.0015255318), (-0.00078184734, 0.9999997, 0.000013159873), (0.21892263, 0.821779, 0.52607256), (0.9999388, 0.006350127, -0.009066489), (0.21892263, 0.821779, 0.52607256), (-0.00078184734, 0.9999997, 0.000013159873), (-0.00078184734, 0.9999997, 0.000013159873), (-0.00078184734, 0.9999997, 0.000013159873), (0.9999728, 0.000030529747, 0.0073799463), (0.21892263, 0.821779, 0.52607256), (-0.00078184734, 0.9999997, 0.000013159873), (0.999992, 0.003719474, -0.0015255318), (0.012449547, 0.9998603, 0.011162756), (0.012449547, 0.9998603, 0.011162756), (0.999992, 0.003719474, -0.0015255318), (0.2595933, -0.70964557, -0.65499204), (0.2595933, -0.70964557, -0.65499204), (-0.00078184734, 0.9999997, 0.000013159873), (0.012449547, 0.9998603, 0.011162756), (-0.00078184734, 0.9999997, 0.000013159873), (0.2595933, -0.70964557, -0.65499204), (-0.00078184734, 0.9999997, 0.000013159873), (-0.00078184734, 0.9999997, 0.000013159873), (0.013324065, 0.99991125, 0.0000037158738), (-0.00078184734, 0.9999997, 0.000013159873), (0.013324065, 0.99991125, 0.0000037158738), (-0.00078184734, 0.9999997, 0.000013159873), (-0.00078184734, 0.9999997, 0.000013159873), (-0.00078184734, 0.9999997, 0.000013159873), (-0.00078184734, 0.9999997, 0.000013159873), (0.013324065, 0.99991125, 0.0000037158738), (-0.00078184734, 0.9999997, 0.000013159873), (-0.00078184734, 0.9999997, 0.000013159873), (-0.00078184734, 0.9999997, 0.000013159873), (-0.00078184734, 0.9999997, 0.000013159873), (0.013286999, 0.9999117, 0.0000037406933), (-0.00078184734, 0.9999997, 0.000013159873), (0.013286999, 0.9999117, 0.0000037406933), (-0.00078184734, 0.9999997, 0.000013159873), (0.9999607, -0.008835589, -0.0006695945), (0.9999607, -0.008835589, -0.0006695945), (0.013304677, 0.99991155, 0.00002727395), (0.013286999, 0.9999117, 0.0000037406933), (0.013275904, 0.99991196, 0.000003748124), (0.013304677, 0.99991155, 0.00002727395), (0.9999607, -0.008835589, -0.0006695945), (0.9999607, -0.008835589, -0.0006695945), (-0.00078184734, 0.9999997, 0.000013159873), (0.013275904, 0.99991196, 0.000003748124), (-0.00078184734, 0.9999997, 0.000013159873), (0.013275904, 0.99991196, 0.000003748124), (-0.00078184734, 0.9999997, 0.000013159873), (-0.00078184734, 0.9999997, 0.000013159873), (-0.00078184734, 0.9999997, 0.000013159873), (-0.00078184734, 0.9999997, 0.000013159873), (-0.00078184734, 0.9999997, 0.000013159873), (-0.00078184734, 0.9999997, 0.000013159873), (-0.00078184734, 0.9999997, 0.000013159873), (-0.00078184734, 0.9999997, 0.000013159873), (-0.00078184734, 0.9999997, 0.000013159873), (-0.00078184734, 0.9999997, 0.000013159873), (-0.00078184734, 0.9999997, 0.000013159873), (-0.00078184734, 0.9999997, 0.000013159873), (-0.00078184734, 0.9999997, 0.000013159873), (-0.00078184734, 0.9999997, 0.000013159873), (-0.00078184734, 0.9999997, 0.000013159873), (-0.00078184734, 0.9999997, 0.000013159873), (-0.00078184734, 0.9999997, 0.000013159873), (-0.00078184734, 0.9999997, 0.000013159873), (-0.00078184734, 0.9999997, 0.000013159873), (-0.00078184734, 0.9999997, 0.000013159873), (0.999987, -0.00059038505, 0.0050573973), (-0.00078184734, 0.9999997, 0.000013159873), (0.9573923, 0.20512855, -0.20327951), (-0.00078184734, 0.9999997, 0.000013159873), (0.999987, -0.00059038505, 0.0050573973), (0.999987, -0.00059038505, 0.0050573973), (0.00665608, 0.0043192008, -0.99996865), (0.9573923, 0.20512855, -0.20327951), (-0.00078184734, 0.9999997, 0.000013159873), (0.00665608, 0.0043192008, -0.99996865), (0.999987, -0.00059038505, 0.0050573973), (0.999987, -0.00059038505, 0.0050573973), (0.998353, 0.057112467, -0.005447064), (-0.00078184734, 0.9999997, 0.000013159873), (-0.00078184734, 0.9999997, 0.000013159873), (0.998353, 0.057112467, -0.005447064), (0.9999249, 0.0039068726, -0.011615102), (0.9999249, 0.0039068726, -0.011615102), (0.013433408, 0.000023661567, -0.9999099), (-0.00078184734, 0.9999997, 0.000013159873), (0.013433408, 0.000023661567, -0.9999099), (0.9999249, 0.0039068726, -0.011615102), (0.999937, 0.0012565318, -0.011152102), (0.999937, 0.0012565318, -0.011152102), (0.013433458, 0.000023661607, -0.9999098), (0.013433408, 0.000023661567, -0.9999099), (-0.00078184734, 0.9999997, 0.000013159873), (0.013433458, 0.000023661607, -0.9999098), (0.999937, 0.0012565318, -0.011152102), (0.999937, 0.0012565318, -0.011152102), (0.9998616, 0.00078195764, -0.016618228), (-0.00078184734, 0.9999997, 0.000013159873), (-0.00078184734, 0.9999997, 0.000013159873), (0.9998616, 0.00078195764, -0.016618228), (0.99963677, -0.026897693, -0.0017290617), (0.99963677, -0.026897693, -0.0017290617), (0.013433442, 0.000023661594, -0.9999099), (-0.00078184734, 0.9999997, 0.000013159873), (0.013433466, 0.000023661612, -0.9999098), (0.013433442, 0.000023661594, -0.9999099), (0.99963677, -0.026897693, -0.0017290617), (0.99963677, -0.026897693, -0.0017290617), (0.99840385, 0.01897818, 0.053193282), (0.013433466, 0.000023661612, -0.9999098), (-0.00078184734, 0.9999997, 0.000013159873), (0.013433466, 0.000023661612, -0.9999098), (0.99840385, 0.01897818, 0.053193282), (0.99840385, 0.01897818, 0.053193282), (0.99992675, 0.01081354, -0.0054560746), (-0.00078184734, 0.9999997, 0.000013159873), (-0.00078184734, 0.9999997, 0.000013159873), (0.99992675, 0.01081354, -0.0054560746), (0.9999728, 0.000030529747, 0.0073799463), (0.9999728, 0.000030529747, 0.0073799463), (0.99996763, 0.005867548, 0.0055110734), (-0.00078184734, 0.9999997, 0.000013159873), (-0.00078184734, 0.9999997, 0.000013159873), (0.99996763, 0.005867548, 0.0055110734), (0.9999728, 0.000030529747, 0.0073799463), (-0.00078184734, 0.9999997, 0.000013159873), (0.0038190975, -0.002899042, -0.9999885), (0.99996763, 0.005867548, 0.0055110734), (-0.00078184734, 0.9999997, 0.000013159873), (-0.00078184734, 0.9999997, 0.000013159873), (0.008549051, -0.004386376, -0.9999539), (-0.00078184734, 0.9999997, 0.000013159873), (0.94253683, -0.0010462662, 0.33410057), (0.9717836, -0.23587444, -0.0003118852), (-0.0051951855, 0.99995905, -0.007414626), (0.94855386, 0.31661505, 0.0008017502), (0.99998325, -0.0037983533, -0.0043757805), (0.99998283, 0.0038374504, -0.004435863), (-0.00078184734, 0.9999997, 0.000013159873), (0.99704725, -0.07678951, 0.00042882373), (0.8628105, 0.4655368, 0.19706225), (0.9370795, 0.34357268, -0.06196742), (0.6082644, 0.78678143, -0.104830824), (0.6082644, 0.78678143, -0.104830824), (0.51982224, 0.8471742, 0.10991229), (0.8628105, 0.4655368, 0.19706225), (-0.00026927947, 0.99656373, -0.08283014), (0.010441582, 0.50941384, 0.86045843), (0.01025944, 0.979389, 0.20172235), (-0.00078184734, 0.9999997, 0.000013159873), (-0.0069275564, 0.34568176, 0.93832636), (-0.040568817, 0.9991768, 0.000039783954), (-0.040568817, 0.9991768, 0.000039783954), (0.0063807443, 0.3477803, -0.9375544), (-0.00078184734, 0.9999997, 0.000013159873), (0.0063807443, 0.3477803, -0.9375544), (-0.040568817, 0.9991768, 0.000039783954), (-0.5096167, 0.8604015, 0.0003520237), (-0.5096167, 0.8604015, 0.0003520237), (-0.46125895, 0.88726556, 0.0003199437), (0.0063807443, 0.3477803, -0.9375544), (-0.46125895, 0.88726556, 0.0003199437), (-0.5096167, 0.8604015, 0.0003520237), (-0.30919057, 0.94685334, 0.08871403), (-0.30919057, 0.94685334, 0.08871403), (-0.23383139, 0.97227716, 0.00016881924), (-0.46125895, 0.88726556, 0.0003199437), (-0.23383139, 0.97227716, 0.00016881924), (-0.30919057, 0.94685334, 0.08871403), (0.0029038535, 0.9949787, 0.1000448), (0.0029038535, 0.9949787, 0.1000448), (0.18654428, 0.97749877, -0.09847558), (-0.23383139, 0.97227716, 0.00016881924), (0.18654428, 0.97749877, -0.09847558), (0.0029038535, 0.9949787, 0.1000448), (0.51982224, 0.8471742, 0.10991229), (0.51982224, 0.8471742, 0.10991229), (0.6082644, 0.78678143, -0.104830824), (0.18654428, 0.97749877, -0.09847558), (-0.09574033, -0.26425555, 0.9596889), (-0.90494806, -0.418607, 0.076401666), (-0.9766436, -0.21264087, 0.03083966), (-0.90494806, -0.418607, 0.076401666), (-0.8249395, -0.53122896, -0.19305602), (-0.8687518, -0.28540513, -0.4047398), (-0.8687518, -0.28540513, -0.4047398), (-0.9766436, -0.21264087, 0.03083966), (-0.90494806, -0.418607, 0.076401666), (-0.9766436, -0.21264087, 0.03083966), (-0.8687518, -0.28540513, -0.4047398), (-0.9955421, -0.09431637, 0.0006642238), (-0.9955421, -0.09431637, 0.0006642238), (-0.14114371, -0.013626272, 0.98989534), (-0.9766436, -0.21264087, 0.03083966), (-0.8249395, -0.53122896, -0.19305602), (-0.10260433, -0.08010792, -0.9914913), (-0.8687518, -0.28540513, -0.4047398), (0.9370795, 0.34357268, -0.06196742), (0.8628105, 0.4655368, 0.19706225), (0.7059883, 0.20408383, 0.6781817), (0.7059883, 0.20408383, 0.6781817), (0.9847951, 0.1691227, 0.03970238), (0.9370795, 0.34357268, -0.06196742), (0.9847951, 0.1691227, 0.03970238), (0.7059883, 0.20408383, 0.6781817), (0.9861825, 0.0960331, 0.13498795), (0.9861825, 0.0960331, 0.13498795), (0.91745746, 0.08935475, -0.38766932), (0.9847951, 0.1691227, 0.03970238), (0.83065784, -0.5470028, 0.103902504), (0.47586998, -0.8413742, 0.25619796), (0.6118128, -0.7842995, 0.10275913), (0.6118128, -0.7842995, 0.10275913), (0.9020158, -0.41582695, 0.1159978), (0.83065784, -0.5470028, 0.103902504), (0.61578846, 0.78440434, -0.074260086), (-0.09474447, -0.04435689, -0.994513), (0.545671, 0.72670907, -0.41729742), (0.545671, 0.72670907, -0.41729742), (0.024327727, 0.9979808, -0.058674123), (0.61578846, 0.78440434, -0.074260086), (0.024327727, 0.9979808, -0.058674123), (0.545671, 0.72670907, -0.41729742), (-0.19097203, 0.96372914, -0.18642963), (-0.19097203, 0.96372914, -0.18642963), (-0.32898435, 0.9121631, 0.24439315), (0.024327727, 0.9979808, -0.058674123), (-0.32898435, 0.9121631, 0.24439315), (-0.19097203, 0.96372914, -0.18642963), (-0.46602875, 0.87140876, -0.15317956), (-0.46602875, 0.87140876, -0.15317956), (-0.46828774, 0.8290031, 0.30571333), (-0.32898435, 0.9121631, 0.24439315), (-0.46828774, 0.8290031, 0.30571333), (-0.46602875, 0.87140876, -0.15317956), (-0.023477212, 0.41519764, -0.90942836), (-0.023477212, 0.41519764, -0.90942836), (0.01025944, 0.979389, 0.20172235), (-0.46828774, 0.8290031, 0.30571333), (-0.00026927947, 0.99656373, -0.08283014), (0.01025944, 0.979389, 0.20172235), (-0.023477212, 0.41519764, -0.90942836), (-0.09474447, -0.04435689, -0.994513), (0.61578846, 0.78440434, -0.074260086), (0.9349939, 0.35430035, -0.016051931), (0.9207908, 0.38528118, 0.060850166), (0.9349939, 0.35430035, -0.016051931), (0.61578846, 0.78440434, -0.074260086), (0.9349939, 0.35430035, -0.016051931), (0.9207908, 0.38528118, 0.060850166), (0.15058622, 0.08298469, 0.9851078), (0.15058622, 0.08298469, 0.9851078), (0.98381263, 0.17341752, 0.04515649), (0.9349939, 0.35430035, -0.016051931), (0.98381263, 0.17341752, 0.04515649), (0.15058622, 0.08298469, 0.9851078), (0.98617107, 0.09608442, 0.13503477), (0.98617107, 0.09608442, 0.13503477), (0.39531738, 0.038286548, -0.9177463), (0.98381263, 0.17341752, 0.04515649), (-0.07331058, -0.23111641, 0.9701602), (-0.8752535, -0.4656813, -0.1306615), (-0.94730353, -0.22435014, -0.22865511), (-0.8752535, -0.4656813, -0.1306615), (-0.09474447, -0.04435689, -0.994513), (-0.14063986, -0.056510296, -0.9884468), (-0.14063986, -0.056510296, -0.9884468), (-0.94730353, -0.22435014, -0.22865511), (-0.8752535, -0.4656813, -0.1306615), (-0.94730353, -0.22435014, -0.22865511), (-0.14063986, -0.056510296, -0.9884468), (-0.9507885, -0.0904807, -0.2963354), (-0.9507885, -0.0904807, -0.2963354), (-0.41939145, -0.040356193, 0.9069081), (-0.94730353, -0.22435014, -0.22865511), (-0.8249395, -0.53122896, -0.19305602), (-0.90494806, -0.418607, 0.076401666), (-0.09574033, -0.26425555, 0.9596889), (0.022153169, 0.84509283, 0.53416044), (-0.0008642675, 0.9910382, -0.13357583), (0.000013475704, 0.6411835, 0.7673876), (0.000013475704, 0.6411835, 0.7673876), (-0.02747755, -0.6603442, 0.7504603), (0.022153169, 0.84509283, 0.53416044), (0.44763, 0.8052142, 0.3889184), (0.022153169, 0.84509283, 0.53416044), (-0.02747755, -0.6603442, 0.7504603), (-0.02747755, -0.6603442, 0.7504603), (-0.00078184734, 0.9999997, 0.000013159873), (0.44763, 0.8052142, 0.3889184), (0.22161289, 0.747129, 0.6266466), (0.44763, 0.8052142, 0.3889184), (-0.00078184734, 0.9999997, 0.000013159873), (-0.00078184734, 0.9999997, 0.000013159873), (0.06155884, 0.46742633, 0.8818862), (0.22161289, 0.747129, 0.6266466), (-0.5448227, 0.7578481, 0.35893533), (0.22161289, 0.747129, 0.6266466), (0.06155884, 0.46742633, 0.8818862), (0.06155884, 0.46742633, 0.8818862), (-0.032922987, -0.6651647, 0.74597055), (-0.5448227, 0.7578481, 0.35893533), (0.044141416, 0.9898084, -0.13539176), (-0.0008606371, 0.2794164, -0.96016973), (-0.0008642675, 0.9910382, -0.13357583), (-0.0008642675, 0.9910382, -0.13357583), (0.022153169, 0.84509283, 0.53416044), (0.044141416, 0.9898084, -0.13539176), (0.40192473, 0.6854964, -0.6070842), (0.044141416, 0.9898084, -0.13539176), (0.022153169, 0.84509283, 0.53416044), (0.022153169, 0.84509283, 0.53416044), (0.44763, 0.8052142, 0.3889184), (0.40192473, 0.6854964, -0.6070842), (0.096437305, 0.91381645, -0.39451173), (0.40192473, 0.6854964, -0.6070842), (0.44763, 0.8052142, 0.3889184), (0.44763, 0.8052142, 0.3889184), (0.22161289, 0.747129, 0.6266466), (0.096437305, 0.91381645, -0.39451173), (0.22161289, 0.747129, 0.6266466), (-0.5448227, 0.7578481, 0.35893533), (0.096437305, 0.91381645, -0.39451173), (-0.5842321, 0.55419356, -0.59291005), (0.096437305, 0.91381645, -0.39451173), (-0.5448227, 0.7578481, 0.35893533), (0.096437305, 0.91381645, -0.39451173), (-0.5842321, 0.55419356, -0.59291005), (-0.14264333, 0.2211361, -0.96475476), (0.052105393, -0.2830079, -0.95770127), (-0.14264333, 0.2211361, -0.96475476), (0.26886243, -0.9619306, -0.04901608), (0.6118128, -0.7842995, 0.10275913), (0.26886243, -0.9619306, -0.04901608), (-0.14264333, 0.2211361, -0.96475476), (-0.14264333, 0.2211361, -0.96475476), (0.3490083, -0.2241064, -0.90992844), (0.6118128, -0.7842995, 0.10275913), (-0.96511364, 0.25258568, -0.06896497), (-0.5448227, 0.7578481, 0.35893533), (-0.010920249, 0.032556526, 0.9994102), (-0.5997567, 0.16920343, -0.7820883), (-0.5842321, 0.55419356, -0.59291005), (-0.5448227, 0.7578481, 0.35893533), (-0.5448227, 0.7578481, 0.35893533), (-0.96511364, 0.25258568, -0.06896497), (-0.5997567, 0.16920343, -0.7820883), (-0.00078184734, 0.9999997, 0.000013159873), (-0.5997567, 0.16920343, -0.7820883), (-0.96511364, 0.25258568, -0.06896497), (-0.96511364, 0.25258568, -0.06896497), (-0.00078184734, 0.9999997, 0.000013159873), (-0.00078184734, 0.9999997, 0.000013159873), (0.9703066, -0.2067773, 0.12549256), (0.83065784, -0.5470028, 0.103902504), (0.9020158, -0.41582695, 0.1159978), (0.9020158, -0.41582695, 0.1159978), (0.9863122, -0.16339535, 0.022142036), (0.9703066, -0.2067773, 0.12549256), (-0.00078184734, 0.9999997, 0.000013159873), (0.9703066, -0.2067773, 0.12549256), (0.9863122, -0.16339535, 0.022142036), (0.9863122, -0.16339535, 0.022142036), (-0.00078184734, 0.9999997, 0.000013159873), (-0.00078184734, 0.9999997, 0.000013159873), (-0.00078184734, 0.9999997, 0.000013159873), (-0.00078184734, 0.9999997, 0.000013159873), (-0.00078184734, 0.9999997, 0.000013159873), (-0.00078184734, 0.9999997, 0.000013159873), (-0.00078184734, 0.9999997, 0.000013159873), (-0.00078184734, 0.9999997, 0.000013159873), (-0.07331058, -0.23111641, 0.9701602), (-0.12288129, -0.9564892, -0.26462924), (-0.8752535, -0.4656813, -0.1306615), (-0.09474447, -0.04435689, -0.994513), (-0.8752535, -0.4656813, -0.1306615), (-0.12288129, -0.9564892, -0.26462924), (-0.04212801, 0.9953561, 0.086552896), (-0.29952678, 0.20568322, 0.9316535), (-0.41129372, 0.8564015, 0.31211236), (-0.04212801, 0.9953561, 0.086552896), (-0.41129372, 0.8564015, 0.31211236), (-0.24248837, 0.9387472, -0.24485329), (-0.83295614, 0.54525596, -0.09423398), (-0.24248837, 0.9387472, -0.24485329), (-0.41129372, 0.8564015, 0.31211236), (0.0405598, 0.952677, -0.30126625), (-0.00078184734, 0.9999997, 0.000013159873), (-0.00094569265, 0.9546583, -0.29770207), (-0.00094569265, 0.9546583, -0.29770207), (0.00027418864, 0.4210724, 0.907027), (0.0405598, 0.952677, -0.30126625), (0.49859017, 0.81355065, -0.29923794), (0.0405598, 0.952677, -0.30126625), (0.00027418864, 0.4210724, 0.907027), (0.00027418864, 0.4210724, 0.907027), (-0.00078184734, 0.9999997, 0.000013159873), (0.49859017, 0.81355065, -0.29923794), (-0.06575472, 0.48210424, -0.873643), (0.49859017, 0.81355065, -0.29923794), (-0.00078184734, 0.9999997, 0.000013159873), (-0.00078184734, 0.9999997, 0.000013159873), (-0.04212801, 0.9953561, 0.086552896), (-0.06575472, 0.48210424, -0.873643), (-0.24248837, 0.9387472, -0.24485329), (-0.06575472, 0.48210424, -0.873643), (-0.04212801, 0.9953561, 0.086552896), (-0.24248837, 0.9387472, -0.24485329), (-0.83295614, 0.54525596, -0.09423398), (0.07732869, -0.057951357, -0.9953201), (0.00086500245, -0.9907215, 0.13590491), (0.0002741885, 0.42107242, 0.907027), (0.0008650012, -0.9907215, 0.13590492), (0.0008650012, -0.9907215, 0.13590492), (-0.00030390918, -0.39709094, -0.9177792), (0.00086500245, -0.9907215, 0.13590491), (-0.00078184734, 0.9999997, 0.000013159873), (0.00086500245, -0.9907215, 0.13590491), (-0.00030390918, -0.39709094, -0.9177792), (-0.00030390918, -0.39709094, -0.9177792), (-0.45619348, -0.87940514, 0.13614109), (-0.00078184734, 0.9999997, 0.000013159873), (-0.32689756, -0.9351592, 0.13643768), (-0.00078184734, 0.9999997, 0.000013159873), (-0.45619348, -0.87940514, 0.13614109), (-0.45619348, -0.87940514, 0.13614109), (-0.23270816, -0.9629955, 0.13596551), (-0.32689756, -0.9351592, 0.13643768), (-0.0019813974, -0.9906312, 0.13654974), (-0.32689756, -0.9351592, 0.13643768), (-0.23270816, -0.9629955, 0.13596551), (-0.23270816, -0.9629955, 0.13596551), (0.16641022, -0.9858095, 0.022073915), (-0.0019813974, -0.9906312, 0.13654974), (0.29472783, -0.9484308, 0.116681896), (-0.0019813974, -0.9906312, 0.13654974), (0.16641022, -0.9858095, 0.022073915), (0.16641022, -0.9858095, 0.022073915), (0.6412462, -0.76729333, 0.008019342), (0.29472783, -0.9484308, 0.116681896), (-0.41129372, 0.8564015, 0.31211236), (-0.46691537, -0.23051701, 0.85372835), (-0.83295614, 0.54525596, -0.09423398), (-0.9406399, 0.2993365, -0.15998216), (-0.83295614, 0.54525596, -0.09423398), (-0.46691537, -0.23051701, 0.85372835), (-0.83295614, 0.54525596, -0.09423398), (-0.9406399, 0.2993365, -0.15998216), (-0.09541999, 0.059267133, -0.9936712), (-0.00078184734, 0.9999997, 0.000013159873), (-0.09541999, 0.059267133, -0.9936712), (-0.9406399, 0.2993365, -0.15998216), (-0.9406399, 0.2993365, -0.15998216), (-0.43825158, 0.025005432, 0.8985045), (-0.00078184734, 0.9999997, 0.000013159873), (0.85861075, -0.49720877, 0.12478425), (0.29472783, -0.9484308, 0.116681896), (0.6412462, -0.76729333, 0.008019342), (0.6412462, -0.76729333, 0.008019342), (0.91495776, -0.40244982, 0.029773906), (0.85861075, -0.49720877, 0.12478425), (-0.00078184734, 0.9999997, 0.000013159873), (0.85861075, -0.49720877, 0.12478425), (0.91495776, -0.40244982, 0.029773906), (0.91495776, -0.40244982, 0.029773906), (0.9851313, -0.16323465, 0.05357926), (-0.00078184734, 0.9999997, 0.000013159873), (-0.00078184734, 0.9999997, 0.000013159873), (-0.00078184734, 0.9999997, 0.000013159873), (0.9851313, -0.16323465, 0.05357926), (0.9851313, -0.16323465, 0.05357926), (-0.00078184734, 0.9999997, 0.000013159873), (-0.00078184734, 0.9999997, 0.000013159873), (-0.00078184734, 0.9999997, 0.000013159873), (-0.00078184734, 0.9999997, 0.000013159873), (-0.00078184734, 0.9999997, 0.000013159873), (-0.43825158, 0.025005432, 0.8985045), (-0.00078184734, 0.9999997, 0.000013159873), (-0.00078184734, 0.9999997, 0.000013159873), (0.13690956, -0.9622789, 0.23510659), (-0.09574033, -0.26425555, 0.9596889), (-0.14960006, 0.25551766, 0.95515996), (-0.8249395, -0.53122896, -0.19305602), (-0.09574033, -0.26425555, 0.9596889), (0.13690956, -0.9622789, 0.23510659), (0.13690956, -0.9622789, 0.23510659), (-0.14960006, 0.25551766, 0.95515996), (-0.11697528, 0.15151393, 0.9815093), (0.13690956, -0.9622789, 0.23510659), (-0.33027843, -0.88618493, -0.32495007), (-0.8249395, -0.53122896, -0.19305602), (-0.10260433, -0.08010792, -0.9914913), (-0.8249395, -0.53122896, -0.19305602), (-0.33027843, -0.88618493, -0.32495007), (-0.10260433, -0.08010792, -0.9914913), (-0.33027843, -0.88618493, -0.32495007), (0.12502924, -0.8001937, -0.5865643), (0.13690956, -0.9622789, 0.23510659), (0.12502924, -0.8001937, -0.5865643), (-0.33027843, -0.88618493, -0.32495007), (-0.11697528, 0.15151393, 0.9815093), (0.47357473, -0.8786192, 0.061281923), (0.13690956, -0.9622789, 0.23510659), (0.12502924, -0.8001937, -0.5865643), (0.13690956, -0.9622789, 0.23510659), (0.47357473, -0.8786192, 0.061281923), (0.47357473, -0.8786192, 0.061281923), (-0.11697528, 0.15151393, 0.9815093), (-0.024234274, 0.3459837, 0.9379275), (0.47357473, -0.8786192, 0.061281923), (0.49733692, -0.8063751, -0.32002375), (0.12502924, -0.8001937, -0.5865643), (-0.024234274, 0.3459837, 0.9379275), (0.09310054, -0.9408803, -0.32569396), (0.47357473, -0.8786192, 0.061281923), (0.49733692, -0.8063751, -0.32002375), (0.47357473, -0.8786192, 0.061281923), (0.09310054, -0.9408803, -0.32569396), (0.04038593, -0.8978395, 0.43846712), (0.09310054, -0.9408803, -0.32569396), (-0.024234274, 0.3459837, 0.9379275), (0.09310054, -0.9408803, -0.32569396), (0.015640903, -0.9029762, -0.4294058), (0.49733692, -0.8063751, -0.32002375), (0.015640903, -0.9029762, -0.4294058), (0.09310054, -0.9408803, -0.32569396), (0.04038593, -0.8978395, 0.43846712), (0.04038593, -0.8978395, 0.43846712), (0.04453663, -0.99802256, -0.044356156), (0.015640903, -0.9029762, -0.4294058), (0.015640903, -0.9029762, -0.4294058), (0.04453663, -0.99802256, -0.044356156), (0.006380751, 0.34778026, -0.9375544), (0.8628105, 0.4655368, 0.19706225), (0.37902132, 0.38550383, 0.8412667), (0.7059883, 0.20408383, 0.6781817), (0.37902132, 0.38550383, 0.8412667), (0.8628105, 0.4655368, 0.19706225), (0.51982224, 0.8471742, 0.10991229), (-0.14114371, -0.013626272, 0.98989534), (0.9861825, 0.0960331, 0.13498795), (0.7059883, 0.20408383, 0.6781817), (0.7059883, 0.20408383, 0.6781817), (-0.9766436, -0.21264087, 0.03083966), (-0.14114371, -0.013626272, 0.98989534), (-0.9766436, -0.21264087, 0.03083966), (0.7059883, 0.20408383, 0.6781817), (-0.09574033, -0.26425555, 0.9596889), (0.37902132, 0.38550383, 0.8412667), (-0.09574033, -0.26425555, 0.9596889), (0.7059883, 0.20408383, 0.6781817), (0.51982224, 0.8471742, 0.10991229), (-0.09574033, -0.26425555, 0.9596889), (0.37902132, 0.38550383, 0.8412667), (-0.09574033, -0.26425555, 0.9596889), (0.51982224, 0.8471742, 0.10991229), (0.0029038535, 0.9949787, 0.1000448), (0.0029038535, 0.9949787, 0.1000448), (-0.115760945, 0.27882674, 0.9533389), (-0.09574033, -0.26425555, 0.9596889), (-0.115760945, 0.27882674, 0.9533389), (0.0029038535, 0.9949787, 0.1000448), (-0.30919057, 0.94685334, 0.08871403), (-0.30919057, 0.94685334, 0.08871403), (-0.14960006, 0.25551766, 0.95515996), (-0.115760945, 0.27882674, 0.9533389), (-0.09574033, -0.26425555, 0.9596889), (-0.115760945, 0.27882674, 0.9533389), (-0.14960006, 0.25551766, 0.95515996), (-0.14960006, 0.25551766, 0.95515996), (-0.30919057, 0.94685334, 0.08871403), (-0.5096167, 0.8604015, 0.0003520237), (-0.5096167, 0.8604015, 0.0003520237), (-0.11697528, 0.15151393, 0.9815093), (-0.14960006, 0.25551766, 0.95515996), (-0.11697528, 0.15151393, 0.9815093), (-0.5096167, 0.8604015, 0.0003520237), (-0.040568817, 0.9991768, 0.000039783954), (-0.040568817, 0.9991768, 0.000039783954), (-0.024234274, 0.3459837, 0.9379275), (-0.11697528, 0.15151393, 0.9815093), (-0.024234274, 0.3459837, 0.9379275), (-0.040568817, 0.9991768, 0.000039783954), (-0.0069275564, 0.34568176, 0.93832636), (-0.0069275564, 0.34568176, 0.93832636), (0.04038593, -0.8978395, 0.43846712), (-0.024234274, 0.3459837, 0.9379275), (-0.5820763, -0.055492308, -0.8112385), (-0.9955421, -0.09431637, 0.0006642238), (-0.8687518, -0.28540513, -0.4047398), (-0.8687518, -0.28540513, -0.4047398), (0.43561313, 0.048457764, -0.89882874), (-0.5820763, -0.055492308, -0.8112385), (0.43561313, 0.048457764, -0.89882874), (-0.8687518, -0.28540513, -0.4047398), (-0.10260433, -0.08010792, -0.9914913), (0.91745746, 0.08935475, -0.38766932), (-0.5820763, -0.055492308, -0.8112385), (0.43561313, 0.048457764, -0.89882874), (0.43561313, 0.048457764, -0.89882874), (0.9847951, 0.1691227, 0.03970238), (0.91745746, 0.08935475, -0.38766932), (-0.10260433, -0.08010792, -0.9914913), (0.39900193, 0.109476976, -0.91039133), (0.43561313, 0.048457764, -0.89882874), (0.9847951, 0.1691227, 0.03970238), (0.43561313, 0.048457764, -0.89882874), (0.39900193, 0.109476976, -0.91039133), (0.39900193, 0.109476976, -0.91039133), (0.9370795, 0.34357268, -0.06196742), (0.9847951, 0.1691227, 0.03970238), (0.9370795, 0.34357268, -0.06196742), (0.39900193, 0.109476976, -0.91039133), (-0.10260433, -0.08010792, -0.9914913), (-0.10260433, -0.08010792, -0.9914913), (0.6082644, 0.78678143, -0.104830824), (0.9370795, 0.34357268, -0.06196742), (0.6082644, 0.78678143, -0.104830824), (-0.10260433, -0.08010792, -0.9914913), (0.20271379, 0.1829627, -0.9619937), (0.20271379, 0.1829627, -0.9619937), (-0.10260433, -0.08010792, -0.9914913), (0.12502924, -0.8001937, -0.5865643), (0.20271379, 0.1829627, -0.9619937), (0.18654428, 0.97749877, -0.09847558), (0.6082644, 0.78678143, -0.104830824), (0.18654428, 0.97749877, -0.09847558), (0.20271379, 0.1829627, -0.9619937), (0.12502924, -0.8001937, -0.5865643), (0.12502924, -0.8001937, -0.5865643), (-0.23383139, 0.97227716, 0.00016881924), (0.18654428, 0.97749877, -0.09847558), (-0.23383139, 0.97227716, 0.00016881924), (0.12502924, -0.8001937, -0.5865643), (0.49733692, -0.8063751, -0.32002375), (0.49733692, -0.8063751, -0.32002375), (-0.46125895, 0.88726556, 0.0003199437), (-0.23383139, 0.97227716, 0.00016881924), (-0.46125895, 0.88726556, 0.0003199437), (0.49733692, -0.8063751, -0.32002375), (0.015640903, -0.9029762, -0.4294058), (0.015640903, -0.9029762, -0.4294058), (0.0063807443, 0.3477803, -0.9375544), (-0.46125895, 0.88726556, 0.0003199437), (0.0063807443, 0.3477803, -0.9375544), (0.015640903, -0.9029762, -0.4294058), (0.006380751, 0.34778026, -0.9375544), (0.006380751, 0.34778026, -0.9375544), (-0.00078184734, 0.9999997, 0.000013159873), (0.0063807443, 0.3477803, -0.9375544), (-0.02747755, -0.6603442, 0.7504603), (0.000013475704, 0.6411835, 0.7673876), (0.0010188569, -0.66570455, 0.7462148), (0.0010188569, -0.66570455, 0.7462148), (-0.03622008, -0.9461295, -0.3217563), (-0.02747755, -0.6603442, 0.7504603), (-0.03622008, -0.9461295, -0.3217563), (0.0010188569, -0.66570455, 0.7462148), (0.00052597106, -0.94794357, -0.31843808), (-0.00078184734, 0.9999997, 0.000013159873), (-0.02747755, -0.6603442, 0.7504603), (-0.03622008, -0.9461295, -0.3217563), (0.00052597106, -0.94794357, -0.31843808), (-0.00078184734, 0.9999997, 0.000013159873), (-0.03622008, -0.9461295, -0.3217563), (-0.03622008, -0.9461295, -0.3217563), (-0.48177794, -0.81595635, -0.31953907), (-0.00078184734, 0.9999997, 0.000013159873), (-0.48177794, -0.81595635, -0.31953907), (-0.03622008, -0.9461295, -0.3217563), (-0.00078184734, 0.9999997, 0.000013159873), (0.06155884, 0.46742633, 0.8818862), (-0.00078184734, 0.9999997, 0.000013159873), (-0.48177794, -0.81595635, -0.31953907), (-0.00078184734, 0.9999997, 0.000013159873), (-0.43881917, -0.8404005, -0.3180643), (-0.48177794, -0.81595635, -0.31953907), (-0.48177794, -0.81595635, -0.31953907), (-0.30620563, -0.8969355, -0.31897494), (0.06155884, 0.46742633, 0.8818862), (-0.30620563, -0.8969355, -0.31897494), (-0.48177794, -0.81595635, -0.31953907), (-0.43881917, -0.8404005, -0.3180643), (-0.032922987, -0.6651647, 0.74597055), (0.06155884, 0.46742633, 0.8818862), (-0.30620563, -0.8969355, -0.31897494), (-0.43881917, -0.8404005, -0.3180643), (0.052105393, -0.2830079, -0.95770127), (-0.30620563, -0.8969355, -0.31897494), (-0.30620563, -0.8969355, -0.31897494), (-0.20918265, -0.9466629, -0.24509595), (-0.032922987, -0.6651647, 0.74597055), (-0.20918265, -0.9466629, -0.24509595), (-0.30620563, -0.8969355, -0.31897494), (0.052105393, -0.2830079, -0.95770127), (0.47586998, -0.8413742, 0.25619796), (-0.032922987, -0.6651647, 0.74597055), (-0.20918265, -0.9466629, -0.24509595), (0.052105393, -0.2830079, -0.95770127), (0.26886243, -0.9619306, -0.04901608), (-0.20918265, -0.9466629, -0.24509595), (0.47586998, -0.8413742, 0.25619796), (-0.20918265, -0.9466629, -0.24509595), (0.26886243, -0.9619306, -0.04901608), (0.26886243, -0.9619306, -0.04901608), (0.6118128, -0.7842995, 0.10275913), (0.47586998, -0.8413742, 0.25619796), (-0.032922987, -0.6651647, 0.74597055), (0.47586998, -0.8413742, 0.25619796), (-0.5448227, 0.7578481, 0.35893533), (-0.010920249, 0.032556526, 0.9994102), (-0.5448227, 0.7578481, 0.35893533), (0.47586998, -0.8413742, 0.25619796), (0.47586998, -0.8413742, 0.25619796), (0.83065784, -0.5470028, 0.103902504), (-0.010920249, 0.032556526, 0.9994102), (-0.96511364, 0.25258568, -0.06896497), (-0.010920249, 0.032556526, 0.9994102), (0.83065784, -0.5470028, 0.103902504), (0.83065784, -0.5470028, 0.103902504), (0.9703066, -0.2067773, 0.12549256), (-0.96511364, 0.25258568, -0.06896497), (-0.00078184734, 0.9999997, 0.000013159873), (-0.96511364, 0.25258568, -0.06896497), (0.9703066, -0.2067773, 0.12549256), (0.9703066, -0.2067773, 0.12549256), (-0.00078184734, 0.9999997, 0.000013159873), (-0.00078184734, 0.9999997, 0.000013159873), (-0.00078184734, 0.9999997, 0.000013159873), (0.00052597106, -0.94794357, -0.31843808), (-0.0008606371, 0.2794164, -0.96016973), (-0.0008606371, 0.2794164, -0.96016973), (0.044141416, 0.9898084, -0.13539176), (-0.00078184734, 0.9999997, 0.000013159873), (-0.43881917, -0.8404005, -0.3180643), (-0.00078184734, 0.9999997, 0.000013159873), (0.044141416, 0.9898084, -0.13539176), (0.044141416, 0.9898084, -0.13539176), (0.40192473, 0.6854964, -0.6070842), (-0.43881917, -0.8404005, -0.3180643), (0.052105393, -0.2830079, -0.95770127), (-0.43881917, -0.8404005, -0.3180643), (0.40192473, 0.6854964, -0.6070842), (0.40192473, 0.6854964, -0.6070842), (0.096437305, 0.91381645, -0.39451173), (0.052105393, -0.2830079, -0.95770127), (-0.14264333, 0.2211361, -0.96475476), (0.052105393, -0.2830079, -0.95770127), (0.096437305, 0.91381645, -0.39451173), (0.9020158, -0.41582695, 0.1159978), (0.6118128, -0.7842995, 0.10275913), (0.3490083, -0.2241064, -0.90992844), (-0.14264333, 0.2211361, -0.96475476), (-0.5842321, 0.55419356, -0.59291005), (0.09118759, 0.20414445, -0.97468454), (0.09118759, 0.20414445, -0.97468454), (0.3490083, -0.2241064, -0.90992844), (-0.14264333, 0.2211361, -0.96475476), (0.3490083, -0.2241064, -0.90992844), (0.09118759, 0.20414445, -0.97468454), (0.9020158, -0.41582695, 0.1159978), (0.9863122, -0.16339535, 0.022142036), (0.9020158, -0.41582695, 0.1159978), (0.09118759, 0.20414445, -0.97468454), (0.09118759, 0.20414445, -0.97468454), (-0.5997567, 0.16920343, -0.7820883), (0.9863122, -0.16339535, 0.022142036), (-0.00078184734, 0.9999997, 0.000013159873), (0.9863122, -0.16339535, 0.022142036), (-0.5997567, 0.16920343, -0.7820883), (-0.5997567, 0.16920343, -0.7820883), (-0.00078184734, 0.9999997, 0.000013159873), (-0.00078184734, 0.9999997, 0.000013159873), (-0.5997567, 0.16920343, -0.7820883), (0.09118759, 0.20414445, -0.97468454), (-0.5842321, 0.55419356, -0.59291005), (0.14240003, -0.9728513, 0.18243536), (-0.07331058, -0.23111641, 0.9701602), (-0.24511977, 0.4810501, 0.8417286), (-0.12288129, -0.9564892, -0.26462924), (-0.07331058, -0.23111641, 0.9701602), (0.14240003, -0.9728513, 0.18243536), (0.14240003, -0.9728513, 0.18243536), (-0.24511977, 0.4810501, 0.8417286), (-0.32878074, 0.5458815, 0.77066), (-0.09474447, -0.04435689, -0.994513), (-0.12288129, -0.9564892, -0.26462924), (0.26712698, -0.88206255, -0.3880837), (0.14240003, -0.9728513, 0.18243536), (0.26712698, -0.88206255, -0.3880837), (-0.12288129, -0.9564892, -0.26462924), (-0.32878074, 0.5458815, 0.77066), (0.47358903, -0.8786112, 0.061284207), (0.14240003, -0.9728513, 0.18243536), (0.26712698, -0.88206255, -0.3880837), (0.14240003, -0.9728513, 0.18243536), (0.47358903, -0.8786112, 0.061284207), (0.47358903, -0.8786112, 0.061284207), (-0.32878074, 0.5458815, 0.77066), (0.010441582, 0.5094138, 0.86045843), (0.47358903, -0.8786112, 0.061284207), (0.49734408, -0.80636364, -0.3200416), (0.26712698, -0.88206255, -0.3880837), (0.010441582, 0.5094138, 0.86045843), (0.09309741, -0.94086796, -0.3257306), (0.47358903, -0.8786112, 0.061284207), (0.49734408, -0.80636364, -0.3200416), (0.47358903, -0.8786112, 0.061284207), (0.09309741, -0.94086796, -0.3257306), (0.040377837, -0.89785975, 0.4384264), (0.09309741, -0.94086796, -0.3257306), (0.010441582, 0.5094138, 0.86045843), (0.09309741, -0.94086796, -0.3257306), (0.015636502, -0.90296394, -0.42943203), (0.49734408, -0.80636364, -0.3200416), (0.015636502, -0.90296394, -0.42943203), (0.09309741, -0.94086796, -0.3257306), (0.040377837, -0.89785975, 0.4384264), (0.040377837, -0.89785975, 0.4384264), (0.04453542, -0.9980223, -0.04436437), (0.015636502, -0.90296394, -0.42943203), (0.015636502, -0.90296394, -0.42943203), (0.04453542, -0.9980223, -0.04436437), (-0.007640602, 0.21403313, -0.9767965), (-0.41939145, -0.040356193, 0.9069081), (0.98617107, 0.09608442, 0.13503477), (0.15058622, 0.08298469, 0.9851078), (0.15058622, 0.08298469, 0.9851078), (-0.94730353, -0.22435014, -0.22865511), (-0.41939145, -0.040356193, 0.9069081), (-0.94730353, -0.22435014, -0.22865511), (0.15058622, 0.08298469, 0.9851078), (-0.07331058, -0.23111641, 0.9701602), (0.9207908, 0.38528118, 0.060850166), (-0.07331058, -0.23111641, 0.9701602), (0.15058622, 0.08298469, 0.9851078), (0.61578846, 0.78440434, -0.074260086), (-0.07331058, -0.23111641, 0.9701602), (0.9207908, 0.38528118, 0.060850166), (-0.07331058, -0.23111641, 0.9701602), (0.61578846, 0.78440434, -0.074260086), (0.024327727, 0.9979808, -0.058674123), (0.024327727, 0.9979808, -0.058674123), (-0.2697703, 0.715553, 0.6443664), (-0.07331058, -0.23111641, 0.9701602), (-0.2697703, 0.715553, 0.6443664), (0.024327727, 0.9979808, -0.058674123), (-0.32898435, 0.9121631, 0.24439315), (-0.32898435, 0.9121631, 0.24439315), (-0.24511977, 0.4810501, 0.8417286), (-0.2697703, 0.715553, 0.6443664), (-0.07331058, -0.23111641, 0.9701602), (-0.2697703, 0.715553, 0.6443664), (-0.24511977, 0.4810501, 0.8417286), (-0.24511977, 0.4810501, 0.8417286), (-0.32898435, 0.9121631, 0.24439315), (-0.46828774, 0.8290031, 0.30571333), (-0.46828774, 0.8290031, 0.30571333), (-0.32878074, 0.5458815, 0.77066), (-0.24511977, 0.4810501, 0.8417286), (-0.32878074, 0.5458815, 0.77066), (-0.46828774, 0.8290031, 0.30571333), (0.01025944, 0.979389, 0.20172235), (0.01025944, 0.979389, 0.20172235), (0.010441582, 0.5094138, 0.86045843), (-0.32878074, 0.5458815, 0.77066), (0.010441582, 0.5094138, 0.86045843), (0.01025944, 0.979389, 0.20172235), (0.010441582, 0.50941384, 0.86045843), (0.010441582, 0.50941384, 0.86045843), (0.040377837, -0.89785975, 0.4384264), (0.010441582, 0.5094138, 0.86045843), (0.39531738, 0.038286548, -0.9177463), (-0.9507885, -0.0904807, -0.2963354), (-0.14063986, -0.056510296, -0.9884468), (-0.14063986, -0.056510296, -0.9884468), (0.98381263, 0.17341752, 0.04515649), (0.39531738, 0.038286548, -0.9177463), (-0.09474447, -0.04435689, -0.994513), (0.31764096, 0.011887206, -0.9481366), (-0.14063986, -0.056510296, -0.9884468), (0.98381263, 0.17341752, 0.04515649), (-0.14063986, -0.056510296, -0.9884468), (0.31764096, 0.011887206, -0.9481366), (0.31764096, 0.011887206, -0.9481366), (0.9349939, 0.35430035, -0.016051931), (0.98381263, 0.17341752, 0.04515649), (0.9349939, 0.35430035, -0.016051931), (0.31764096, 0.011887206, -0.9481366), (-0.09474447, -0.04435689, -0.994513), (0.545671, 0.72670907, -0.41729742), (-0.09474447, -0.04435689, -0.994513), (0.26712698, -0.88206255, -0.3880837), (0.26712698, -0.88206255, -0.3880837), (-0.19097203, 0.96372914, -0.18642963), (0.545671, 0.72670907, -0.41729742), (-0.19097203, 0.96372914, -0.18642963), (0.26712698, -0.88206255, -0.3880837), (0.49734408, -0.80636364, -0.3200416), (0.49734408, -0.80636364, -0.3200416), (-0.46602875, 0.87140876, -0.15317956), (-0.19097203, 0.96372914, -0.18642963), (-0.46602875, 0.87140876, -0.15317956), (0.49734408, -0.80636364, -0.3200416), (0.015636502, -0.90296394, -0.42943203), (0.015636502, -0.90296394, -0.42943203), (-0.023477212, 0.41519764, -0.90942836), (-0.46602875, 0.87140876, -0.15317956), (-0.023477212, 0.41519764, -0.90942836), (0.015636502, -0.90296394, -0.42943203), (-0.007640602, 0.21403313, -0.9767965), (-0.007640602, 0.21403313, -0.9767965), (-0.00026927947, 0.99656373, -0.08283014), (-0.023477212, 0.41519764, -0.90942836), (0.00027418864, 0.4210724, 0.907027), (-0.00094569265, 0.9546583, -0.29770207), (0.0002741885, 0.42107242, 0.907027), (0.0002741885, 0.42107242, 0.907027), (0.00086500245, -0.9907215, 0.13590491), (0.00027418864, 0.4210724, 0.907027), (-0.00078184734, 0.9999997, 0.000013159873), (0.00027418864, 0.4210724, 0.907027), (0.00086500245, -0.9907215, 0.13590491), (0.00086500245, -0.9907215, 0.13590491), (-0.00078184734, 0.9999997, 0.000013159873), (-0.00078184734, 0.9999997, 0.000013159873), (-0.04212801, 0.9953561, 0.086552896), (-0.00078184734, 0.9999997, 0.000013159873), (-0.00078184734, 0.9999997, 0.000013159873), (-0.00078184734, 0.9999997, 0.000013159873), (-0.32689756, -0.9351592, 0.13643768), (-0.04212801, 0.9953561, 0.086552896), (-0.29952678, 0.20568322, 0.9316535), (-0.04212801, 0.9953561, 0.086552896), (-0.32689756, -0.9351592, 0.13643768), (-0.32689756, -0.9351592, 0.13643768), (-0.0019813974, -0.9906312, 0.13654974), (-0.29952678, 0.20568322, 0.9316535), (-0.41129372, 0.8564015, 0.31211236), (-0.29952678, 0.20568322, 0.9316535), (-0.0019813974, -0.9906312, 0.13654974), (-0.0019813974, -0.9906312, 0.13654974), (0.29472783, -0.9484308, 0.116681896), (-0.41129372, 0.8564015, 0.31211236), (-0.46691537, -0.23051701, 0.85372835), (-0.41129372, 0.8564015, 0.31211236), (0.29472783, -0.9484308, 0.116681896), (0.29472783, -0.9484308, 0.116681896), (0.85861075, -0.49720877, 0.12478425), (-0.46691537, -0.23051701, 0.85372835), (-0.9406399, 0.2993365, -0.15998216), (-0.46691537, -0.23051701, 0.85372835), (0.85861075, -0.49720877, 0.12478425), (0.85861075, -0.49720877, 0.12478425), (-0.00078184734, 0.9999997, 0.000013159873), (-0.9406399, 0.2993365, -0.15998216), (-0.43825158, 0.025005432, 0.8985045), (-0.9406399, 0.2993365, -0.15998216), (-0.00078184734, 0.9999997, 0.000013159873), (-0.00078184734, 0.9999997, 0.000013159873), (-0.00078184734, 0.9999997, 0.000013159873), (-0.43825158, 0.025005432, 0.8985045), (-0.00030390918, -0.39709094, -0.9177792), (0.0008650012, -0.9907215, 0.13590492), (-0.00078184734, 0.9999997, 0.000013159873), (-0.00078184734, 0.9999997, 0.000013159873), (0.0405598, 0.952677, -0.30126625), (-0.00030390918, -0.39709094, -0.9177792), (-0.45619348, -0.87940514, 0.13614109), (-0.00030390918, -0.39709094, -0.9177792), (0.0405598, 0.952677, -0.30126625), (0.0405598, 0.952677, -0.30126625), (0.49859017, 0.81355065, -0.29923794), (-0.45619348, -0.87940514, 0.13614109), (-0.23270816, -0.9629955, 0.13596551), (-0.45619348, -0.87940514, 0.13614109), (0.49859017, 0.81355065, -0.29923794), (0.49859017, 0.81355065, -0.29923794), (-0.06575472, 0.48210424, -0.873643), (-0.23270816, -0.9629955, 0.13596551), (0.16641022, -0.9858095, 0.022073915), (-0.23270816, -0.9629955, 0.13596551), (-0.06575472, 0.48210424, -0.873643), (-0.06575472, 0.48210424, -0.873643), (0.22148107, -0.24517119, -0.94384176), (0.16641022, -0.9858095, 0.022073915), (0.6412462, -0.76729333, 0.008019342), (0.16641022, -0.9858095, 0.022073915), (0.22148107, -0.24517119, -0.94384176), (-0.06575472, 0.48210424, -0.873643), (0.07732869, -0.057951357, -0.9953201), (0.22148107, -0.24517119, -0.94384176), (-0.06575472, 0.48210424, -0.873643), (-0.24248837, 0.9387472, -0.24485329), (0.07732869, -0.057951357, -0.9953201), (0.22148107, -0.24517119, -0.94384176), (0.07732869, -0.057951357, -0.9953201), (0.6412462, -0.76729333, 0.008019342), (0.91495776, -0.40244982, 0.029773906), (0.6412462, -0.76729333, 0.008019342), (0.07732869, -0.057951357, -0.9953201), (0.07732869, -0.057951357, -0.9953201), (0.3294886, -0.009754963, -0.94410914), (0.91495776, -0.40244982, 0.029773906), (0.9851313, -0.16323465, 0.05357926), (0.91495776, -0.40244982, 0.029773906), (0.3294886, -0.009754963, -0.94410914), (0.3294886, -0.009754963, -0.94410914), (-0.09541999, 0.059267133, -0.9936712), (0.9851313, -0.16323465, 0.05357926), (-0.09541999, 0.059267133, -0.9936712), (0.3294886, -0.009754963, -0.94410914), (0.07732869, -0.057951357, -0.9953201), (-0.00078184734, 0.9999997, 0.000013159873), (0.9851313, -0.16323465, 0.05357926), (-0.09541999, 0.059267133, -0.9936712), (-0.09541999, 0.059267133, -0.9936712), (-0.00078184734, 0.9999997, 0.000013159873), (-0.00078184734, 0.9999997, 0.000013159873), (-0.09541999, 0.059267133, -0.9936712), (0.07732869, -0.057951357, -0.9953201), (-0.83295614, 0.54525596, -0.09423398), (0.9970764, -0.06103592, -0.04597175), (0.9811184, 0.0070635905, -0.19327942), (0.9447659, 0.036891226, -0.32566312), (0.9855527, -0.06575181, -0.15608503), (0.9811184, 0.0070635905, -0.19327942), (0.9970764, -0.06103592, -0.04597175), (0.9447659, 0.036891226, -0.32566312), (0.95295125, 0.262418, -0.15172626), (0.9970764, -0.06103592, -0.04597175), (0.9960753, -0.0648258, -0.060264427), (0.9855527, -0.06575181, -0.15608503), (0.9970764, -0.06103592, -0.04597175), (0.95295125, 0.262418, -0.15172626), (0.95302147, 0.302902, -0.0006341504), (0.9970764, -0.06103592, -0.04597175), (0.99926746, -0.038176943, -0.002677338), (0.9960753, -0.0648258, -0.060264427), (0.9970764, -0.06103592, -0.04597175), (0.95302147, 0.302902, -0.0006341504), (0.9531579, 0.26240978, 0.15043658), (0.9970764, -0.06103592, -0.04597175), (0.95252067, -0.23710406, 0.19101377), (0.99926746, -0.038176943, -0.002677338), (0.9970764, -0.06103592, -0.04597175), (0.9531579, 0.26240978, 0.15043658), (0.94519776, 0.036776878, 0.32442063), (0.9970764, -0.06103592, -0.04597175), (0.9954097, -0.01907823, 0.093784414), (0.95252067, -0.23710406, 0.19101377), (0.9970764, -0.06103592, -0.04597175), (0.94519776, 0.036776878, 0.32442063), (0.9861693, -0.03469086, 0.16207007), (0.9970764, -0.06103592, -0.04597175), (0.9861693, -0.03469086, 0.16207007), (0.9954097, -0.01907823, 0.093784414), (0.9970764, -0.06103592, -0.04597175), (0.9970766, -0.061032042, -0.045973953), (0.98111933, 0.007069231, -0.19327447), (0.944766, 0.0368916, -0.3256629), (0.9855531, -0.06574989, -0.1560841), (0.98111933, 0.007069231, -0.19327447), (0.9970766, -0.061032042, -0.045973953), (0.944766, 0.0368916, -0.3256629), (0.95295113, 0.26241812, -0.15172634), (0.9970766, -0.061032042, -0.045973953), (0.9960752, -0.0648264, -0.060264394), (0.9855531, -0.06574989, -0.1560841), (0.9970766, -0.061032042, -0.045973953), (0.95295113, 0.26241812, -0.15172634), (0.95302147, 0.30290204, -0.0006341504), (0.9970766, -0.061032042, -0.045973953), (0.9992675, -0.03817525, -0.0026773987), (0.9960752, -0.0648264, -0.060264394), (0.9970766, -0.061032042, -0.045973953), (0.95302147, 0.30290204, -0.0006341504), (0.95315355, 0.2624142, 0.15045689), (0.9970766, -0.061032042, -0.045973953), (0.9525147, -0.23711662, 0.19102727), (0.9992675, -0.03817525, -0.0026773987), (0.9970766, -0.061032042, -0.045973953), (0.95315355, 0.2624142, 0.15045689), (0.94519013, 0.036805503, 0.32443953), (0.9970766, -0.061032042, -0.045973953), (0.9954094, -0.019082421, 0.0937868), (0.9525147, -0.23711662, 0.19102727), (0.9970766, -0.061032042, -0.045973953), (0.94519013, 0.036805503, 0.32443953), (0.9861691, -0.034685344, 0.16207266), (0.9970766, -0.061032042, -0.045973953), (0.9861691, -0.034685344, 0.16207266), (0.9954094, -0.019082421, 0.0937868), (0.9970766, -0.061032042, -0.045973953)] (
        interpolation = "faceVarying"
    )
    point3f[] points = [(-0.008733904, -0.028973758, 0.06368288), (-0.008748391, -0.010278165, 0.06387752), (-0.008750897, -0.007072753, 0.06387756), (-0.0087535735, -0.0036492918, 0.063877605), (-0.008757901, 0.0018859851, 0.06387768), (-0.008760578, 0.005309446, 0.063877724), (-0.008779213, 0.029022932, 0.06373734), (-0.008755738, -0.0008816532, 0.06387764), (-0.008818186, 0.02907921, 0.005583389), (-0.008804615, 0.011553011, 0.00538691), (-0.00880224, 0.008515597, 0.0053868704), (-0.008799734, 0.005310185, 0.005386828), (-0.008797057, 0.0018867243, 0.005386783), (-0.0087948935, -0.0008809141, 0.0053867465), (-0.008792729, -0.0036485526, 0.00538671), (-0.008772862, -0.028927533, 0.0055401856), (-0.008779977, -0.028972888, -0.005141575), (-0.008794464, -0.0102772955, -0.0049469313), (-0.00879697, -0.007071883, -0.0049468894), (-0.008799647, -0.003648422, -0.004946844), (-0.008803975, 0.0018868549, -0.0049467715), (-0.008806651, 0.0053103156, -0.0049467264), (-0.008825285, 0.029023802, -0.0050871214), (-0.00880181, -0.0008807835, -0.004946808), (-0.008864262, 0.029085398, -0.06323913), (-0.008850687, 0.011553881, -0.06343722), (-0.008848312, 0.008516467, -0.06343726), (-0.008845806, 0.0053110546, -0.063437305), (-0.0088431295, 0.0018875939, -0.06343735), (-0.008840966, -0.0008800444, -0.06343739), (-0.012729097, -0.0020871365, 0.027869534), (-0.012729857, -0.0008314954, 0.028201276), (-0.004541385, -0.00082509324, 0.028195795), (-0.004540625, -0.0020807344, 0.027864052), (-0.012717019, -0.0026147007, 0.045296688), (-0.0127176205, -0.00118603, 0.046066254), (-0.0045291483, -0.0011796278, 0.046060774), (-0.004528544, -0.0026508088, 0.045245454), (-0.012721231, -0.00087773905, 0.041032385), (-0.012719591, -0.002441162, 0.041655995), (-0.00453112, -0.0024347599, 0.04165051), (-0.004532759, -0.00087133684, 0.041026905), (-0.012731499, 0.00074794906, 0.027593385), (-0.0045430264, 0.00075435126, 0.027587904), (-0.0045406176, -0.0031625666, 0.026611684), (-0.012729076, -0.0031490182, 0.026661023), (-0.0045336015, 0.0005989938, 0.04148622), (-0.012722073, 0.0005925916, 0.0414917), (-0.012718801, 0.00014987904, 0.045862723), (-0.0045303293, 0.00015628125, 0.04585724), (-0.012733281, -0.00074720354, 0.023184799), (-0.01273173, -0.002328935, 0.023653528), (-0.0045432583, -0.002322533, 0.023648046), (-0.004544809, -0.00074080133, 0.023179317), (-0.0045445226, 0.0015366554, 0.026266566), (-0.012732954, 0.0015189915, 0.02632061), (-0.0045321053, 0.0013699806, 0.044622518), (-0.0127205765, 0.0013635783, 0.044627994), (-0.012712973, -0.015546559, 0.036236357), (-0.004524501, -0.0155401565, 0.036230877), (-0.0045211734, -0.01971187, 0.036329094), (-0.012709646, -0.019718273, 0.03633457), (-0.012712042, -0.019718228, 0.03275455), (-0.00452357, -0.019711824, 0.03274907), (-0.0045267357, -0.015540115, 0.032892257), (-0.012715207, -0.0155465165, 0.032897737), (-0.012737561, 0.012952011, 0.03279069), (-0.0045490894, 0.012958414, 0.032785207), (-0.0045529967, 0.01795597, 0.032785274), (-0.012741469, 0.017949568, 0.032790754), (-0.012739113, 0.017949523, 0.03631065), (-0.0045506405, 0.017955925, 0.03630517), (-0.004546733, 0.012958369, 0.036305103), (-0.012735205, 0.012951966, 0.036310587), (0.0069269263, -0.028974995, -0.005190788), (0.0069049676, 0.029182803, -0.00517691), (0.0069267713, 0.029066887, 0.005613778), (0.0069382144, -0.028992087, 0.005581764), (-0.0025975113, 0.028995765, 0.0054394333), (-0.0025523729, -0.028737104, 0.0054386733), (-0.01277517, -0.0020862669, -0.04095461), (-0.01277593, -0.0008306257, -0.04062317), (-0.004587458, -0.00082422356, -0.040628653), (-0.004586698, -0.0020798647, -0.04096009), (-0.012763091, -0.0026138308, -0.023527762), (-0.012763693, -0.0011851604, -0.02275819), (-0.0045752213, -0.0011787581, -0.02276367), (-0.004574617, -0.002649939, -0.023578998), (-0.012767305, -0.00087686937, -0.027792059), (-0.012765665, -0.0024402924, -0.027168453), (-0.004577193, -0.0024338902, -0.027173936), (-0.004578832, -0.00087046716, -0.027797543), (-0.012777572, 0.00074881874, -0.041230757), (-0.0045890994, 0.00075522094, -0.041236237), (-0.0045866906, -0.0031616967, -0.04221259), (-0.012775149, -0.0031481485, -0.042163346), (-0.004579674, 0.0005998635, -0.027337926), (-0.012768147, 0.0005934613, -0.027332444), (-0.012764874, 0.00015074873, -0.022961725), (-0.0045764023, 0.00015715095, -0.022967206), (-0.012779354, -0.0007463338, -0.04563965), (-0.0127778035, -0.0023280655, -0.045170918), (-0.0045893313, -0.0023216633, -0.0451764), (-0.004590882, -0.00073993165, -0.04564513), (-0.0045905956, 0.001537464, -0.04255776), (-0.012779026, 0.0015198613, -0.042503737), (-0.0045781783, 0.0013708503, -0.02420193), (-0.01276665, 0.001364448, -0.024196448), (-0.012759046, -0.0155456895, -0.032588087), (-0.004570574, -0.015539288, -0.032593567), (-0.0045672464, -0.019711, -0.03249505), (-0.012755718, -0.019717403, -0.03248957), (-0.012758115, -0.019717358, -0.036069892), (-0.004569643, -0.019710954, -0.036075376), (-0.0045728087, -0.015539245, -0.035931885), (-0.012761281, -0.015545648, -0.035926405), (-0.0127836345, 0.012952881, -0.036033757), (-0.004595162, 0.012959284, -0.03603893), (-0.0045990692, 0.01795684, -0.036038868), (-0.012787541, 0.017950438, -0.03603369), (-0.012785185, 0.017950393, -0.032513797), (-0.0045967135, 0.017956795, -0.032519277), (-0.004592806, 0.012959239, -0.032519344), (-0.012781278, 0.012952836, -0.03251386), (-0.008763084, 0.008514859, 0.06387777), (-0.008765459, 0.011552272, 0.063877806), (-0.008798923, 0.02921957, 0.03452257), (-0.008800627, 0.029219601, 0.031977404), (-0.008802818, 0.029219642, 0.028703786), (-0.008804555, 0.029219676, 0.026109794), (-0.008806757, 0.029219717, 0.022820609), (-0.008808476, 0.029219748, 0.020252861), (-0.008797219, 0.029219536, 0.037068043), (-0.008757206, -0.029120144, 0.028703019), (-0.008762863, -0.029120037, 0.020252094), (-0.008761144, -0.02912007, 0.022819841), (-0.008758943, -0.029120112, 0.026109027), (-0.008755014, -0.029120186, 0.031976636), (-0.008753311, -0.029120218, 0.034521803), (-0.008751607, -0.02912025, 0.037067275), (-0.008749415, -0.02912029, 0.040340897), (-0.008747678, -0.029120324, 0.04293489), (-0.008745477, -0.029120365, 0.046224073), (-0.008743757, -0.029120399, 0.04879182), (-0.008795028, 0.029219495, 0.040341664), (-0.008793292, 0.029219462, 0.04293566), (-0.00879109, 0.02921942, 0.04622484), (-0.008789371, 0.029219389, 0.048792586), (-0.008809158, 0.008515728, -0.004946684), (-0.0088115325, 0.011553141, -0.0049466444), (-0.008799383, -0.029119348, -0.03430234), (-0.008797679, -0.02911938, -0.031756867), (-0.008801088, -0.029119316, -0.036847804), (-0.008795488, -0.02911942, -0.028483551), (-0.008793752, -0.029119454, -0.025889251), (-0.00879155, -0.029119495, -0.022600375), (-0.008789831, -0.029119529, -0.02003232), (-0.008803279, -0.029119276, -0.040121425), (-0.008841101, 0.029220365, -0.028482784), (-0.0088432925, 0.029220406, -0.0317561), (-0.008839364, 0.029220331, -0.02588879), (-0.0088371625, 0.02922029, -0.022599606), (-0.008835443, 0.029220259, -0.020031553), (-0.008844996, 0.029220438, -0.03430157), (-0.0088467, 0.029220471, -0.036847036), (-0.008848892, 0.029220512, -0.040120658), (-0.008850628, 0.029220546, -0.04271465), (-0.00885283, 0.029220587, -0.04600353), (-0.008854548, 0.029220618, -0.048571587), (-0.008818908, -0.028940398, -0.06325924), (-0.008838802, -0.003647683, -0.063437425), (-0.008805015, -0.029119242, -0.04271542), (-0.008807217, -0.029119201, -0.0460043), (-0.008808936, -0.029119167, -0.048572354), (0.0070533245, 0.028915921, 0.06384651), (0.0052392585, 0.03391903, 0.06810466), (0.0052588615, 0.032807957, 0.06885953), (0.007101771, 0.029444475, 0.063309394), (0.005265865, 0.034407802, 0.067089014), (-0.012736361, 0.012951988, 0.034584817), (-0.0045478884, 0.012958391, 0.034579333), (-0.012714047, -0.015618864, 0.034547515), (-0.004525575, -0.015612462, 0.03454203), (0.006074339, 0.0019139566, 0.015900828), (-0.0045515522, 0.0017073482, 0.015965085), (-0.0045498074, -0.00087772886, 0.015552058), (0.0067715347, -0.000868876, 0.015451911), (-0.004547449, -0.003493243, 0.016020495), (0.0060786917, -0.0036528616, 0.015900778), (0.0070237927, -0.00363632, 0.015530849), (0.007019465, 0.001898957, 0.0155309215), (0.0067800465, -0.007059984, 0.0163761), (0.00667347, 0.0053221374, 0.016469833), (0.006093657, -0.010210126, 0.018023165), (0.0070304796, -0.010265222, 0.017777365), (0.007015786, 0.008527801, 0.017777612), (0.006049674, 0.008468051, 0.01802265), (0.0067696585, 0.011658765, 0.020197354), (-0.0045563844, 0.011556137, 0.020249791), (-0.0045554857, 0.008518751, 0.018044552), (-0.0045369416, -0.013311715, 0.020249465), (0.006888789, -0.013469462, 0.020110827), (-0.0045407927, -0.010274272, 0.018044304), (0.0004735445, -0.03870639, -0.07362074), (0.00005250584, -0.037595227, -0.074355684), (0.0013584436, -0.037768964, -0.07381591), (-0.0025983867, -0.03800662, -0.074124776), (0.00057289284, -0.037684027, 0.074524805), (0.00015266753, -0.03882694, 0.07383092), (0.001453264, -0.038323794, 0.07369329), (-0.0024988134, -0.038449302, 0.0741043), (0.007143929, -0.029058568, 0.063506424), (0.005292048, -0.0333057, 0.06844781), (0.0053101233, -0.034060553, 0.0673368), (0.0071176225, -0.028529733, 0.063976064), (0.0053192503, -0.03229019, 0.06893659), (0.00694051, 0.029110638, -0.06325901), (0.005148282, 0.033576716, -0.06819903), (0.0051666643, 0.034331523, -0.067088045), (0.0051764175, 0.03256117, -0.06868785), (0.0072562764, 0.028494162, -0.06404228), (0.0069995285, -0.028901802, -0.0633319), (0.005201072, -0.033648062, -0.06785588), (0.0052179266, -0.032537002, -0.06861078), (0.0052298023, -0.034136795, -0.06684038), (-0.012782433, 0.012952858, -0.034239627), (-0.0045939614, 0.0129592605, -0.03424511), (-0.0127601195, -0.015617995, -0.034276627), (-0.004571648, -0.015611593, -0.03428211), (0.0068410384, -0.013467335, -0.0199265), (0.006069661, -0.010209672, -0.017822951), (0.0069879, -0.01026479, -0.017607646), (0.006028266, 0.0019148263, -0.052923404), (-0.004597625, 0.0017081721, -0.05285927), (-0.0045958804, -0.0008768592, -0.053272385), (0.0067254617, -0.00086800626, -0.05337254), (-0.004593522, -0.0034923733, -0.052803777), (0.0060326187, -0.003651992, -0.052923482), (0.0069777197, -0.00363545, -0.0532934), (0.0069733923, 0.0018998267, -0.05329333), (0.006733974, -0.007059114, -0.05244821), (0.006627397, 0.005323007, -0.05235453), (0.0060475846, -0.010209257, -0.050801154), (0.0069844066, -0.010264353, -0.051046886), (0.006969713, 0.008528671, -0.05104664), (0.006003601, 0.008468921, -0.05080168), (0.0067235855, 0.011659611, -0.048627093), (-0.0046024574, 0.011557006, -0.04857466), (-0.0046015587, 0.008519621, -0.05077959), (-0.0045830146, -0.013310845, -0.048574988), (0.0068238494, -0.01347555, -0.048693713), (-0.004586865, -0.0102734035, -0.050779838), (0.0069308146, -0.0070594396, -0.016127465), (0.006225157, -0.0036511682, -0.015701571), (0.0070768804, -0.0036358743, -0.015183711), (0.0069266465, -0.00086835236, -0.015122897), (-0.008746016, -0.013315579, 0.06387748), (-0.008787546, -0.010277427, 0.005386623), (-0.008785171, -0.013314841, 0.005386583), (-0.0087900525, -0.007072013, 0.005386665), (-0.008792089, -0.013314709, -0.0049469713), (-0.008833619, -0.010276557, -0.063437514), (-0.008831244, -0.013313971, -0.06343755), (-0.008836125, -0.0070711435, -0.06343747), (-0.0025142373, -0.028164975, 0.06307532), (-0.0025580274, 0.028095316, 0.06337013), (-0.0025144592, -0.028737819, 0.062074706), (0.007302616, -0.029512042, -0.062566906), (-0.0025981585, -0.028415047, -0.062581636), (-0.0025593315, -0.028736971, -0.004955916), (-0.002599371, -0.027443206, -0.063257426), (0.007300439, -0.028012084, -0.06406682), (-0.0026426967, 0.028096791, -0.06311018), (-0.0026427698, 0.028865306, -0.06232191), (0.007256252, 0.029787904, -0.062566124), (-0.0026044697, 0.028995898, -0.0049551562), (-0.002559156, 0.028863726, 0.062581874), (0.00711367, -0.0008686031, 0.015044373), (0.007109502, 0.0053224834, 0.016048787), (-0.0045332136, 0.0016284814, 0.043267846), (-0.012721686, 0.0016220792, 0.043273326), (-0.004533637, 0.0013283535, 0.042285174), (-0.0127221085, 0.0013219514, 0.042290654), (-0.0127338935, 0.0014158615, 0.024795443), (-0.004545438, 0.0013978808, 0.024737025), (-0.012734014, 0.0007102571, 0.023792014), (-0.0045455345, 0.00068805437, 0.023764236), (-0.012717448, -0.003358547, 0.04378611), (-0.004528976, -0.0033522209, 0.043780625), (-0.012718335, -0.003195569, 0.04265269), (-0.004529862, -0.0031891668, 0.04264721), (-0.0127299195, -0.0032999476, 0.025225017), (-0.0045414474, -0.0032935455, 0.025219535), (-0.012730514, -0.0031166049, 0.024550429), (-0.004542042, -0.0031102027, 0.024544947), (0.0069663986, -0.013302528, 0.005598207), (0.0069400687, -0.028607536, 0.005598153), (0.0059053376, 0.0021528737, 0.051250666), (-0.00452831, 0.0020484063, 0.051083606), (-0.004530922, 0.0053129224, 0.05099433), (0.005966314, 0.0053211274, 0.051154196), (-0.0045334282, 0.0085183345, 0.050994378), (0.0061011277, 0.0084707625, 0.051001523), (0.0016779775, 0.039511297, -0.07167009), (0.0019765743, 0.038464494, -0.07249026), (0.0012123564, 0.039214112, -0.07291482), (0.0013396941, 0.037774533, -0.07392092), (0.0019435595, 0.037038267, -0.0735292), (0.0017705243, 0.03633936, -0.07389073), (0.0018785733, -0.036317144, -0.073802084), (0.0020361447, -0.03794379, -0.072744116), (0.0013391125, -0.03918813, -0.07259173), (0.0017987242, -0.03915755, -0.071618274), (0.00204006, -0.03909035, -0.07071575), (0.0020321799, -0.039196312, -0.004959122), (0.005289151, -0.034164567, -0.0049612387), (0.0020391382, -0.039196443, 0.0054354677), (0.0052961092, -0.034164697, 0.005433351), (0.0020645936, -0.03916724, 0.07115309), (0.002250633, -0.03800321, 0.07263858), (0.0016268477, -0.039325066, 0.07224258), (0.007067597, -0.0008677334, -0.05378007), (0.007063429, 0.0053233528, -0.052775353), (-0.0045792866, 0.0016293512, -0.025556602), (-0.012767758, 0.0016229489, -0.02555112), (-0.0045797094, 0.0013292233, -0.026538966), (-0.012768182, 0.0013228211, -0.026533484), (-0.012779967, 0.0014167312, -0.0440289), (-0.004591511, 0.0013987506, -0.044087302), (-0.012780087, 0.0007111268, -0.045032125), (-0.004591607, 0.00068892405, -0.045059904), (-0.012763521, -0.0033576773, -0.025038186), (-0.004575049, -0.0033513512, -0.025043666), (-0.012764407, -0.0031946993, -0.026171451), (-0.004575935, -0.0031882972, -0.026176933), (-0.012775992, -0.003299078, -0.043599274), (-0.00458752, -0.0032926758, -0.043604754), (-0.012776587, -0.0031157352, -0.04427371), (-0.004588115, -0.0031093329, -0.044279195), (0.0068217935, 0.028845964, -0.00514666), (0.0069588353, -0.013302392, -0.0051796837), (0.0069328537, -0.0286074, -0.0051798597), (0.0058493167, 0.00215797, -0.017580712), (-0.0045743827, 0.002049276, -0.017740691), (-0.004576995, 0.0053137923, -0.01782981), (0.005920241, 0.005321997, -0.017670212), (-0.004579501, 0.008519204, -0.017829766), (0.006055055, 0.008471632, -0.017822703), (0.00627123, -0.0036520385, 0.05312275), (0.006006855, -0.0037709465, 0.05122071), (-0.0045235567, -0.0038791709, 0.051261052), (-0.004522668, -0.0034632853, 0.053073894), (-0.0045267716, 0.0017373059, 0.053018488), (-0.0045372793, 0.011555776, 0.048789516), (-0.0045409305, 0.014027579, 0.0462218), (-0.0045447545, 0.016102359, 0.04293265), (-0.0045473413, 0.017190037, 0.04033867), (-0.0045374, 0.00075943297, 0.035999462), (-0.004252823, -0.0008169742, 0.0371223), (-0.004538704, 0.0012629901, 0.03463869), (-0.004346246, -0.0024299684, 0.036395416), (-0.00453942, 0.00064228533, 0.032845166), (-0.0045551322, 0.017190184, 0.028700793), (-0.004526643, -0.008666897, 0.041058544), (-0.0042524147, -0.0035165262, 0.034578774), (-0.0045560184, 0.016102571, 0.026106784), (-0.004256254, -0.0008938126, 0.031906847), (-0.004556598, 0.014027875, 0.022817573), (-0.0042549847, -0.00221477, 0.032260068), (-0.004253578, -0.0031984397, 0.03321297), (-0.0045529795, 0.0053133387, 0.01804451), (-0.0045506675, 0.0021565587, 0.017811192), (-0.004545941, -0.0037865664, 0.017930409), (-0.004543299, -0.0070688594, 0.018044347), (-0.0045354394, -0.008666731, 0.027918592), (-0.00453329, -0.015783517, 0.02281718), (-0.004529466, -0.017858258, 0.026106337), (-0.004526879, -0.018945934, 0.028700318), (-0.0045190887, -0.018946081, 0.040338192), (-0.0045182025, -0.01785847, 0.0429322), (-0.0045176228, -0.015783811, 0.04622141), (-0.004517836, -0.013312076, 0.048789192), (-0.0045187348, -0.010274689, 0.050994128), (-0.004521241, -0.0070692757, 0.05099417), (-0.004524413, -0.0008782082, 0.053486925), (0.00694827, 0.011740688, 0.048927654), (0.007038191, 0.008527379, 0.05124613), (0.0069888784, -0.0008692095, 0.053701386), (0.0071141734, -0.0036367502, 0.053594302), (0.0069930465, -0.007060296, 0.05269676), (0.006887113, -0.013468205, 0.04889766), (0.0061157336, -0.010210542, 0.05100128), (0.007052884, -0.010265646, 0.051245883), (0.0058873077, -0.003867956, 0.017743679), (0.006099256, 0.0019134862, 0.05312398), (0.005859652, 0.0021171602, 0.017776964), (0.005944033, 0.0053215483, 0.017870856), (0.005960782, -0.003770077, -0.017603703), (-0.0045696297, -0.003878301, -0.01756333), (-0.004568741, -0.0034624154, -0.015750395), (-0.004572844, 0.0017381756, -0.01580583), (-0.004583352, 0.011556646, -0.020034624), (-0.0045870035, 0.014028449, -0.022602644), (-0.0045908275, 0.016103229, -0.0258918), (-0.0045934143, 0.017190907, -0.028485779), (-0.004583473, 0.00076030265, -0.032824986), (-0.0042988956, -0.0008161045, -0.031701993), (-0.004584777, 0.0012638597, -0.034185756), (-0.004392319, -0.0024290988, -0.032428935), (-0.004585493, 0.000643155, -0.035979282), (-0.0046012052, 0.017191054, -0.040123656), (-0.004572716, -0.008666027, -0.027765905), (-0.0042984877, -0.0035156563, -0.034245517), (-0.0046020914, 0.01610344, -0.04271766), (-0.004302327, -0.0008929429, -0.036917295), (-0.0046026707, 0.014028745, -0.046006568), (-0.0043010577, -0.0022139002, -0.036564223), (-0.0042996504, -0.00319757, -0.03561117), (-0.0045990525, 0.0053142086, -0.050779633), (-0.0045967405, 0.0021574283, -0.05101301), (-0.004592014, -0.0037856966, -0.050893888), (-0.0045893714, -0.0070679896, -0.050779793), (-0.004581512, -0.008665862, -0.04090555), (-0.004579363, -0.015782647, -0.04600696), (-0.004575539, -0.017857388, -0.04271811), (-0.004572952, -0.018945064, -0.040124133), (-0.0045651617, -0.018945212, -0.028486254), (-0.0045642755, -0.0178576, -0.025892247), (-0.0045636958, -0.015782943, -0.022603037), (-0.004563909, -0.013311206, -0.02003495), (-0.0045648078, -0.01027382, -0.017830014), (-0.004567314, -0.007068406, -0.017829973), (-0.004570486, -0.0008773385, -0.015337521), (0.006883566, 0.011743827, -0.019917326), (0.006973556, 0.008528235, -0.0176074), (0.0058412347, -0.0038670865, -0.051080585), (0.006053183, 0.0019143559, -0.015700378), (0.0058200643, 0.0021346475, -0.05104013), (0.0058979606, 0.0053224177, -0.050953325), (0.00681158, -0.01907614, 0.040330607), (0.0068889554, -0.018044004, 0.04292456), (0.0068686055, -0.01593601, 0.04621379), (0.006803789, -0.019075993, 0.02869273), (0.0068874136, -0.019881114, 0.03272441), (-0.012710744, -0.01986298, 0.03452457), (0.006889832, -0.019881232, 0.03633762), (0.0068848855, -0.020042112, 0.03451145), (-0.004522272, -0.019856576, 0.034519088), (0.006775319, 0.017337926, 0.028693208), (0.0068508354, 0.016305886, 0.026099151), (0.0068502557, 0.014231191, 0.02280994), (0.00678311, 0.017337779, 0.040331084), (0.006860087, 0.018143037, 0.036313944), (-0.012740421, 0.0180942, 0.03452507), (0.006857708, 0.018142981, 0.032759935), (0.006854905, 0.018303959, 0.034511954), (-0.0045519485, 0.018100603, 0.034519587), (0.0069640237, -0.010265114, 0.005598247), (0.0069615175, -0.0070597003, 0.005598376), (0.006958841, -0.0036362403, 0.005598421), (0.006956677, -0.00086860167, 0.0055983705), (0.006954513, 0.0018990368, 0.0055984072), (0.0069518364, 0.005322498, 0.005598452), (0.0069493307, 0.008527911, 0.0055984943), (0.006946956, 0.011565324, 0.0055985344), (0.0069858134, 0.01156459, 0.063645095), (0.0069881883, 0.008527177, 0.06364505), (0.0069906944, 0.0053217644, 0.06364501), (0.006993371, 0.0018983033, 0.06364497), (0.006995535, -0.00086933514, 0.06364493), (0.006997699, -0.003636974, 0.06364489), (0.0070003755, -0.007060434, 0.06364485), (0.0070028817, -0.010265848, 0.063644804), (0.0070052566, -0.013303262, 0.06364477), (0.0061438116, -0.0070609567, 0.052475065), (0.005975996, -0.0070610708, 0.051154032), (0.005953715, -0.00706065, 0.017870693), (0.0061341305, 0.0053212414, 0.05247523), (0.00051214657, 0.03870216, 0.07409045), (0.0013101499, 0.039212268, 0.07316988), (0.000091150316, 0.039501123, 0.07341874), (0.0005107963, 0.0399892, 0.07248243), (-0.0025610654, 0.03992875, 0.072653), (-0.0025590172, 0.038631838, 0.074197784), (0.00041392446, 0.039990965, -0.07222628), (-0.000006974835, 0.039502975, -0.073162034), (0.0003428707, 0.038856056, -0.073747754), (-0.0026582226, 0.038850468, -0.073743224), (-0.0026581036, 0.040073708, -0.072136894), (0.0008526332, -0.039404396, 0.07299579), (-0.0024989438, -0.03986515, 0.072255835), (0.00015242207, -0.03986308, 0.07225406), (0.0008556522, -0.039986763, 0.07135515), (-0.0024996386, -0.04012144, 0.07091855), (0.001457612, -0.039793488, 0.070897296), (0.00015172725, -0.04011937, 0.07091677), (-0.0025434727, -0.040120613, 0.0054385234), (0.00046064437, -0.04007772, 0.005436513), (-0.0025504313, -0.040120482, -0.004956066), (0.00045368596, -0.04007759, -0.0049580764), (-0.0025947636, -0.040066816, -0.071118616), (0.0014137904, -0.03979266, 0.0054358784), (0.001406832, -0.039792527, -0.004958711), (0.00029188694, -0.040055137, -0.07096627), (0.0013628602, -0.0397917, -0.07064442), (0.0007571158, -0.039785136, -0.07196024), (-0.0025963439, -0.039476506, -0.0727899), (0.00005502208, -0.039474435, -0.07279167), (0.0018963226, -0.037129436, 0.07394069), (0.0021345785, -0.036170233, 0.073889814), (0.0019205542, 0.036582906, 0.07405531), (0.0016737845, 0.03765955, 0.07399063), (0.0020737983, 0.03846266, 0.07274428), (0.0017741047, 0.03950951, 0.071924545), (0.0018430665, 0.039498262, -0.070700444), (-0.000006253595, 0.04032944, -0.07111933), (-0.002657354, 0.040380236, -0.07065933), (0.0006996442, 0.040301684, -0.07065701), (-0.0026133698, 0.040379405, -0.0049550068), (0.00039081075, 0.04034117, -0.004957018), (-0.0026064115, 0.040379275, 0.0054395827), (0.00039776915, 0.04034104, 0.0054375716), (-0.0025625774, 0.040378448, 0.07091961), (0.0016750168, 0.03978711, -0.004957885), (0.0016819752, 0.03978698, 0.0054367045), (0.00032422942, 0.040318396, 0.07122163), (0.0017257864, 0.039786153, 0.07088246), (0.00075531134, -0.03655585, -0.07453054), (-0.0026002205, -0.036119666, -0.07466028), (0.00005114545, -0.03611759, -0.07466205), (-0.0026572275, 0.03683857, -0.07460652), (0.00046344844, 0.0366753, -0.07457342), (-0.000006412557, 0.0377197, -0.07440489), (0.0022560554, 0.039061945, 0.07106301), (0.002238352, 0.039083473, 0.005436323), (0.0052424744, 0.03443555, 0.0054342537), (0.005235516, 0.034435682, -0.004960336), (0.0022313937, 0.039083604, -0.0049582664), (0.0069328817, -0.018070841, -0.025899945), (0.0068833325, -0.019109907, -0.028493917), (0.006098895, -0.018936874, -0.028493393), (0.006099781, -0.017849263, -0.025899384), (0.0067976387, -0.015928376, -0.022610644), (0.0069274995, -0.01992322, -0.036104083), (0.006875542, -0.01910976, -0.040131796), (0.0060911044, -0.018936727, -0.040131267), (0.0060944133, -0.019702617, -0.036082514), (0.0069288122, -0.02006895, -0.03431275), (-0.012756817, -0.01986211, -0.03429957), (0.0069299233, -0.01992333, -0.032482862), (0.00609681, -0.019702662, -0.03250219), (0.0060957116, -0.019847369, -0.034312192), (-0.004568345, -0.019855706, -0.03430505), (0.006729246, 0.017338796, -0.040131237), (0.0068047624, 0.016306756, -0.0427253), (0.006804183, 0.014232022, -0.0460142), (0.006737037, 0.017338648, -0.02849336), (0.006814014, 0.018143907, -0.032510262), (-0.012786494, 0.01809507, -0.034299072), (0.006811635, 0.018143851, -0.036064208), (0.0068088323, 0.018304827, -0.03431219), (-0.0045980215, 0.018101472, -0.03430455), (0.006923007, -0.0133016575, -0.06324445), (0.006917951, -0.010264244, -0.063225895), (0.006915445, -0.007058831, -0.06322585), (0.0069127684, -0.0036353706, -0.063225806), (0.0069106044, -0.000867732, -0.06322577), (0.0069084405, 0.0018999064, -0.06322573), (0.006905764, 0.0053233677, -0.06322569), (0.0069032577, 0.00852878, -0.06322565), (0.006900883, 0.011566194, -0.063225605), (0.0069420394, 0.011565463, -0.005160844), (0.006941767, 0.008528047, -0.0051793964), (0.006944273, 0.005322634, -0.0051794387), (0.0069469498, 0.0018991727, -0.005179484), (0.0069491137, -0.00086846575, -0.00517952), (0.0069512776, -0.0036361045, -0.0051795566), (0.006953954, -0.007059565, -0.0051796017), (0.0069564604, -0.010264978, -0.005179644), (0.0060977386, -0.007060087, -0.016349073), (0.005929923, -0.007060201, -0.017670373), (0.005907642, -0.0070597804, -0.050953485), (0.0060880575, 0.005322111, -0.016348911), (0.0061396435, -0.0008698705, 0.053479787), (0.0070448774, 0.0018984773, 0.053492542), (0.0069833654, 0.0053219027, 0.05269692), (0.0061267773, 0.011564114, 0.04878238), (0.0060935705, -0.00086900074, -0.01534466), (0.0069910786, 0.0018993407, -0.015324291), (0.0069211335, 0.0053227595, -0.016127301), (0.0060807047, 0.011564984, -0.02004176), (0.00009337644, 0.03771797, 0.074661545), (-0.002557166, 0.03683676, 0.074866705), (0.00079789665, 0.03681985, 0.07478527), (0.0011569911, -0.03610698, 0.074713156), (0.00009459361, 0.036380533, 0.07491772), (-0.0024997655, -0.036579814, 0.07486574), (0.00015160053, -0.036577743, 0.07486397), (0.006852938, -0.015935713, 0.022809556), (0.0068776915, -0.01804379, 0.026098698), (0.0068388656, 0.014209273, 0.04621419), (0.0068620993, 0.016305674, 0.042925015), (0.0070071416, -0.02888585, 0.04878128), (0.007005423, -0.028885819, 0.046213526), (0.007006276, -0.028904295, 0.04292435), (0.0070018326, -0.028885745, 0.040330354), (0.0069996286, -0.028886618, 0.037036855), (0.0069979373, -0.02888567, 0.03451127), (0.006996248, -0.02888664, 0.03198694), (0.006994042, -0.028885597, 0.02869248), (0.0069923056, -0.028885564, 0.026098484), (0.0069901035, -0.028885523, 0.0228093), (0.0069883848, -0.02888549, 0.020241555), (0.006943119, 0.029009854, 0.020242317), (0.0069448384, 0.029009823, 0.022810062), (0.00694704, 0.02900978, 0.026099246), (0.0069487765, 0.029009748, 0.028693242), (0.006950982, 0.029010797, 0.031988837), (0.006952672, 0.029009674, 0.034512028), (0.006954361, 0.029010555, 0.037036918), (0.0069565675, 0.029009601, 0.040331118), (0.006958304, 0.029009568, 0.042925112), (0.0069605056, 0.029009527, 0.04621399), (0.006962225, 0.029009495, 0.04878204), (0.0067819715, -0.01592808, -0.04601457), (0.0060885176, -0.017849049, -0.042725246), (0.0069216182, -0.018070629, -0.042725813), (0.006798973, 0.0141984215, -0.022610268), (0.0068160263, 0.016306544, -0.025899429), (0.006961069, -0.028885003, -0.02004286), (0.00695935, -0.028884972, -0.022610916), (0.006957148, -0.028884929, -0.025899794), (0.0069554118, -0.028884897, -0.028493786), (0.0069532073, -0.02888575, -0.031787463), (0.006951516, -0.028884823, -0.03431288), (0.006949827, -0.02888577, -0.036837336), (0.006947621, -0.02888475, -0.04013197), (0.0069458843, -0.028884716, -0.042725965), (0.0069436827, -0.028884675, -0.046014845), (0.0069419635, -0.028884621, -0.048582893), (0.006897046, 0.029010724, -0.048582133), (0.0068987655, 0.029010693, -0.04601408), (0.006900967, 0.029010605, -0.0427252), (0.0069027035, 0.029010618, -0.040131208), (0.006904909, 0.029011667, -0.03683562), (0.0069065993, 0.029010544, -0.03431212), (0.0069082887, 0.029011425, -0.031787314), (0.0069104945, 0.029010471, -0.028493334), (0.006912231, 0.029010437, -0.02589934), (0.0069144326, 0.029010396, -0.022610154), (0.006916152, 0.029010363, -0.020042099), (0.0035876988, -0.015863026, 0.035325907), (0.0035866117, -0.015863005, 0.033701822), (0.0026421873, -0.014742829, 0.033680182), (0.0026433042, -0.014742848, 0.035348836), (-0.015641103, -0.016241265, -0.035187792), (-0.01563991, -0.01624129, -0.03340755), (-0.0034473801, -0.01613806, -0.033985704), (-0.01559503, -0.016242135, 0.033636652), (-0.015593839, -0.016242158, 0.035416745), (-0.003370945, -0.016232602, 0.035408564), (-0.0033721367, -0.01623258, 0.03362847), (-0.0018153591, -0.015196001, 0.035407536), (-0.0018165509, -0.015195979, 0.033627443), (-0.00020703736, -0.014473842, 0.035406467), (-0.00020822854, -0.01447382, 0.033626374), (0.0012893953, -0.014281632, 0.03540547), (0.0012882032, -0.014281609, 0.033625375), (0.0018085116, -0.015934935, 0.03577163), (0.0019416799, -0.016726032, 0.035014983), (0.0024615296, -0.017735993, 0.03540464), (0.0017894951, -0.016536808, 0.034015026), (0.0024603377, -0.017735932, 0.03362455), (0.0026215804, -0.019437922, 0.033624418), (0.002622772, -0.019437945, 0.03540451), (0.0018396876, -0.01589249, 0.03315758), (0.0037920221, -0.017474858, 0.03559825), (0.0040567727, -0.017422603, 0.033623483), (0.0039751776, -0.019360293, 0.035598103), (0.0042444323, -0.019344721, 0.033623334), (0.003350255, 0.014132327, 0.03555032), (0.0024372933, 0.0131562175, 0.035686217), (0.002568078, 0.012972055, 0.033494864), (0.0035298564, 0.014037871, 0.03362423), (0.002631112, -0.014694072, -0.03396066), (0.0019062074, -0.015729308, -0.035654046), (0.0012127799, -0.0146011915, -0.035653565), (0.0012486601, -0.01421809, -0.03388214), (-0.00020071118, -0.014652804, -0.035588123), (-0.00028133273, -0.014383037, -0.0339878), (-0.0017699838, -0.0153582245, -0.03558708), (-0.0018927093, -0.015140752, -0.033880048), (-0.0033585099, -0.016419036, -0.03558603), (0.0035071743, -0.015879616, -0.03520045), (0.0034046054, -0.015934072, -0.033303566), (0.0037457463, -0.017473988, -0.03322599), (0.0040107, -0.017421734, -0.03520081), (0.003929105, -0.019359423, -0.033226144), (0.0041983593, -0.019343851, -0.035200957), (0.0017624388, -0.015934065, -0.03305254), (0.0018952728, -0.016725156, -0.03430934), (0.0023537138, -0.017747156, -0.033882923), (0.0029048915, -0.017638694, -0.03568698), (0.0030741217, -0.01940839, -0.035687115), (0.0025141365, -0.019440653, -0.033883054), (-0.0028130615, 0.016192317, 0.035018586), (-0.01561945, 0.016182305, 0.035027158), (-0.015618065, 0.015149535, 0.035890095), (-0.0031442305, 0.015159245, 0.035881747), (-0.0009443942, 0.014924246, 0.035017315), (-0.0014530178, 0.014024441, 0.0358806), (0.00029261428, 0.014366284, 0.03501648), (-0.000003883938, 0.013374371, 0.03587962), (0.0016160441, 0.014423254, 0.035210606), (0.0011970617, 0.01321773, 0.035878815), (-0.0028742703, 0.01600491, 0.033628546), (-0.015620234, 0.015994944, 0.033637077), (-0.0010379707, 0.014760998, 0.0336273), (0.0005254552, 0.014208758, 0.033756252), (0.0018225188, 0.014631711, 0.03384206), (0.0014594164, 0.013705837, 0.033149607), (-0.00011480125, 0.013008897, 0.033269912), (0.0012614825, 0.012498113, 0.03349573), (0.0022610435, 0.013399374, 0.033041578), (0.0024352379, 0.015891623, 0.03540508), (0.0022520989, 0.014706551, 0.0357952), (0.0027002734, 0.015839823, 0.033430316), (0.0029169482, 0.01757574, 0.033391293), (0.0025938198, 0.017593866, 0.035405), (0.0037663411, 0.015632547, 0.035598684), (0.0040309695, 0.015580773, 0.03362392), (0.00389225, 0.01752127, 0.035637528), (0.0042156237, 0.017503146, 0.03362382), (0.0013704392, -0.016201114, -0.03480886), (0.00021037213, 0.014247193, -0.033881087), (0.0010909516, 0.013878606, -0.0330282), (0.0014696638, 0.014271587, -0.033548675), (0.0010722621, 0.014066532, -0.035198443), (0.0018000582, 0.014694868, -0.03468888), (-0.0030811056, 0.015505629, -0.035682555), (-0.015666243, 0.015495788, -0.03567413), (-0.015665475, 0.016058257, -0.033870436), (-0.002899369, 0.016068239, -0.033878982), (-0.001330916, 0.014326234, -0.03568374), (-0.00105228, 0.014816273, -0.033880234), (0.00004743681, 0.013707004, -0.03568467), (0.001854159, 0.013926192, -0.0356997), (-0.003353753, 0.014650943, -0.033220835), (-0.015663927, 0.014641318, -0.0332127), (-0.015665036, 0.014370447, -0.035187233), (-0.0034421433, 0.014380003, -0.035195418), (-0.0017501338, 0.013581818, -0.03322192), (-0.0018849383, 0.013345836, -0.035196472), (-0.00019624538, 0.012886342, -0.03322297), (-0.00027548877, 0.0126261925, -0.03519756), (0.0011975309, 0.012708012, -0.033223905), (0.0012212417, 0.012436323, -0.03519856), (0.0024659056, 0.013052625, -0.03333295), (0.0025745027, 0.012899722, -0.035143726), (0.0022048058, 0.014707419, -0.033028934), (0.0023274033, 0.015904428, -0.03388248), (0.002879055, 0.015796887, -0.03568654), (0.0030898051, 0.017564354, -0.03570048), (0.0024851772, 0.017598225, -0.033882562), (0.0032439178, 0.014164692, -0.033225257), (0.0034837828, 0.014038741, -0.03520006), (0.0037200644, 0.015633417, -0.033225555), (0.0039848965, 0.015581643, -0.035200372), (0.0038461771, 0.01752214, -0.03318671), (0.0041695507, 0.017504016, -0.035200477), (0.00072114175, -0.016156994, 0.03501581), (0.00011347011, -0.015538113, 0.035912342), (-0.0012673904, -0.016160985, 0.03591326), (0.0011250911, -0.01609998, 0.034015477), (0.00014564297, -0.015650729, 0.033269376), (-0.00091961114, -0.016773893, 0.035016898), (-0.0030128062, -0.01734091, 0.035914414), (-0.0012110964, -0.016263107, 0.033270273), (-0.0027862934, -0.01804477, 0.035018135), (-0.015592641, -0.017468061, 0.03577348), (-0.0029767232, -0.01745819, 0.033271443), (-0.015593352, -0.01805477, 0.034026645), (-0.015594502, -0.017350681, 0.033130534), (0.0030356334, -0.01615268, 0.035987772), (0.0012365322, -0.014867008, 0.035988994), (0.0034323107, -0.019391352, 0.03304038), (0.0032581647, -0.01757928, 0.03304052), (0.0030336604, -0.016152643, 0.033040687), (0.0012345595, -0.0148669705, 0.03304191), (-0.015617887, 0.014182182, 0.03502713), (-0.003454808, 0.014191693, 0.035018988), (-0.0156195145, 0.014769007, 0.033280313), (-0.0032680407, 0.014778612, 0.033272043), (-0.0019305807, 0.013181684, 0.035017956), (-0.0016422328, 0.013692925, 0.033270944), (-0.0002820557, 0.012445363, 0.035016842), (0.0012854822, 0.012247461, 0.03501579), (0.0028059033, 0.014415805, 0.033041228), (0.0006750688, -0.016156124, -0.033808637), (0.00006739736, -0.015537243, -0.0329118), (-0.0013134632, -0.016160116, -0.032910883), (0.000099570054, -0.01564986, -0.03555502), (-0.00096568407, -0.016773023, -0.033807546), (-0.003058879, -0.01734004, -0.03290973), (-0.0012571693, -0.016262237, -0.03555412), (-0.0028323662, -0.018043976, -0.033806313), (-0.015638715, -0.017467218, -0.03305087), (-0.003022796, -0.017457332, -0.035552952), (-0.015639424, -0.0180539, -0.034797803), (-0.015640575, -0.017349811, -0.035693906), (0.0011904596, -0.014866139, -0.03283515), (0.0029875874, -0.016151773, -0.035783757), (0.0011666826, 0.013021615, -0.03578217), (0.0029637709, 0.014310099, -0.035783354), (-0.003020998, -0.00087678316, 0.034518324), (-0.0039748373, 0.0006224447, 0.031921018), (-0.003974961, 0.0017206055, 0.033019055), (-0.003974271, 0.0021225028, 0.034518998), (-0.0039729527, 0.0017205676, 0.03601924), (-0.00396889, -0.0034756588, 0.036019173), (-0.0039713588, 0.00062237907, 0.037117247), (-0.0030670709, -0.0008759135, -0.03430582), (-0.0040209102, 0.00062331447, -0.036903124), (-0.0040210336, 0.0017214753, -0.035805084), (-0.004020344, 0.0021233724, -0.03430514), (-0.0040190252, 0.0017214373, -0.032805208), (-0.004014963, -0.0034747892, -0.032805275), (-0.0040174318, 0.0006232488, -0.0317072)]
}

