#usda 1.0
(
    defaultPrim = "SM_Window_ShadowBox"
    upAxis = "Z"
)

def Mesh "SM_Window_ShadowBox"
{
    int[] faceVertexCounts = [3, 3, 3, 3, 3, 3, 3, 3, 3, 3, 3, 3, 3, 3, 3, 3, 3, 3, 3, 3, 3, 3, 3, 3, 3, 3, 3, 3, 3, 3, 3, 3, 3, 3, 3, 3, 3, 3, 3, 3, 3, 3, 3, 3, 3, 3, 3, 3, 3, 3, 3, 3, 3, 3, 3, 3, 3, 3, 3, 3, 3, 3, 3, 3, 3, 3, 3, 3, 3, 3, 3, 3, 3, 3, 3, 3, 3, 3, 3, 3, 3, 3, 3, 3, 3, 3, 3, 3, 3, 3, 3, 3, 3, 3, 3, 3, 3, 3, 3, 3, 3, 3, 3, 3, 3, 3, 3, 3, 3, 3, 3, 3, 3, 3, 3, 3, 3, 3, 3, 3, 3, 3, 3, 3, 3, 3, 3, 3, 3, 3, 3, 3, 3, 3, 3, 3, 3, 3, 3, 3, 3, 3, 3, 3, 3, 3, 3, 3, 3, 3, 3, 3, 3, 3, 3, 3, 3, 3, 3, 3, 3, 3, 3, 3, 3, 3, 3, 3, 3, 3, 3, 3, 3, 3, 3, 3, 3, 3, 3, 3, 3, 3, 3, 3, 3, 3, 3, 3, 3, 3, 3, 3, 3, 3, 3, 3, 3, 3, 3, 3, 3, 3, 3, 3, 3, 3, 3, 3, 3, 3, 3, 3, 3, 3, 3, 3, 3, 3, 3, 3, 3, 3, 3, 3, 3, 3, 3, 3, 3, 3, 3, 3, 3, 3, 3, 3, 3, 3, 3, 3, 3, 3, 3, 3, 3, 3, 3, 3, 3, 3, 3, 3, 3, 3, 3, 3, 3, 3, 3, 3, 3, 3, 3, 3, 3, 3, 3, 3, 3, 3, 3, 3, 3, 3, 3, 3, 3, 3, 3, 3, 3, 3, 3, 3, 3, 3, 3, 3, 3, 3, 3, 3, 3, 3, 3, 3, 3, 3, 3, 3, 3, 3, 3, 3, 3, 3, 3, 3, 3, 3, 3, 3, 3, 3, 3, 3, 3, 3, 3, 3, 3, 3, 3, 3, 3, 3, 3, 3, 3, 3, 3, 3, 3, 3, 3, 3, 3, 3, 3, 3, 3, 3, 3, 3, 3, 3, 3, 3, 3, 3, 3, 3, 3, 3, 3, 3, 3, 3, 3, 3, 3, 3, 3, 3, 3, 3, 3, 3, 3, 3, 3, 3, 3, 3, 3, 3, 3, 3, 3, 3, 3, 3, 3, 3, 3, 3, 3, 3, 3, 3, 3, 3, 3, 3, 3, 3, 3, 3, 3, 3, 3, 3, 3, 3, 3, 3, 3, 3, 3, 3, 3, 3, 3, 3, 3, 3, 3, 3, 3, 3, 3, 3, 3, 3, 3, 3, 3, 3, 3, 3, 3, 3, 3, 3, 3, 3, 3, 3, 3, 3, 3, 3, 3, 3, 3, 3, 3, 3, 3, 3, 3, 3, 3, 3, 3, 3, 3, 3, 3, 3, 3, 3, 3, 3, 3, 3, 3, 3, 3, 3, 3, 3, 3, 3, 3, 3, 3, 3, 3, 3, 3, 3, 3, 3, 3, 3, 3, 3, 3, 3, 3, 3, 3, 3, 3, 3, 3, 3, 3, 3, 3, 3, 3, 3, 3, 3, 3, 3, 3, 3, 3, 3, 3, 3, 3, 3, 3, 3, 3, 3, 3, 3, 3, 3, 3, 3, 3, 3, 3, 3, 3, 3, 3, 3, 3, 3, 3, 3, 3, 3, 3, 3, 3, 3, 3, 3, 3, 3, 3, 3, 3, 3, 3, 3, 3, 3, 3, 3, 3, 3, 3, 3, 3, 3, 3, 3, 3, 3, 3, 3, 3, 3, 3, 3, 3, 3, 3, 3, 3, 3, 3, 3, 3, 3, 3, 3, 3, 3, 3, 3, 3, 3, 3, 3, 3, 3, 3, 3, 3, 3, 3, 3, 3, 3, 3, 3, 3, 3, 3, 3, 3, 3, 3, 3, 3, 3, 3, 3, 3, 3, 3, 3, 3, 3, 3, 3, 3, 3, 3, 3, 3, 3, 3, 3, 3, 3, 3, 3, 3, 3, 3, 3, 3, 3, 3, 3, 3, 3, 3, 3, 3, 3, 3, 3, 3, 3, 3, 3, 3, 3, 3, 3, 3, 3, 3, 3, 3, 3, 3, 3, 3, 3, 3, 3, 3, 3, 3, 3, 3, 3, 3, 3, 3, 3, 3, 3, 3, 3, 3, 3, 3, 3, 3, 3, 3, 3, 3, 3, 3, 3, 3, 3, 3, 3, 3, 3, 3, 3, 3, 3, 3, 3, 3, 3, 3, 3, 3, 3, 3, 3, 3, 3, 3, 3, 3, 3, 3, 3, 3, 3, 3, 3, 3, 3, 3, 3, 3, 3, 3, 3, 3, 3, 3, 3, 3, 3, 3, 3, 3, 3, 3, 3, 3, 3, 3, 3, 3, 3, 3, 3, 3, 3, 3, 3, 3, 3, 3, 3, 3, 3, 3, 3, 3, 3, 3, 3, 3, 3, 3, 3, 3, 3, 3, 3, 3, 3, 3, 3, 3, 3, 3, 3, 3, 3, 3, 3, 3, 3, 3, 3, 3, 3, 3, 3, 3, 3, 3, 3, 3, 3, 3, 3, 3, 3, 3, 3, 3, 3, 3, 3, 3, 3, 3, 3, 3, 3, 3, 3, 3, 3, 3, 3, 3, 3, 3, 3, 3, 3, 3, 3, 3, 3, 3, 3, 3, 3, 3, 3, 3, 3, 3, 3, 3, 3, 3, 3, 3, 3, 3, 3, 3, 3, 3, 3, 3, 3, 3, 3, 3, 3, 3, 3, 3, 3, 3, 3, 3, 3, 3, 3, 3, 3, 3, 3, 3, 3, 3, 3, 3, 3, 3, 3, 3, 3, 3, 3, 3, 3, 3, 3, 3, 3, 3, 3, 3, 3, 3, 3, 3, 3, 3, 3, 3, 3, 3, 3, 3, 3, 3, 3, 3, 3, 3, 3, 3, 3, 3, 3, 3, 3, 3, 3, 3, 3, 3, 3, 3, 3, 3, 3, 3, 3, 3, 3, 3, 3, 3, 3, 3, 3, 3, 3, 3, 3, 3, 3, 3, 3, 3, 3, 3, 3, 3, 3, 3, 3, 3, 3, 3, 3, 3, 3, 3, 3, 3, 3, 3, 3, 3, 3, 3, 3, 3, 3, 3, 3, 3, 3, 3, 3, 3, 3, 3, 3, 3, 3, 3, 3, 3, 3, 3, 3, 3, 3, 3, 3, 3, 3]
    int[] faceVertexIndices = [0, 1, 2, 2, 3, 0, 4, 0, 3, 3, 5, 4, 6, 4, 5, 5, 7, 6, 1, 6, 7, 7, 2, 1, 8, 9, 10, 10, 11, 8, 12, 8, 11, 11, 13, 12, 14, 12, 13, 13, 15, 14, 9, 14, 15, 15, 10, 9, 16, 17, 18, 18, 19, 16, 20, 16, 19, 19, 21, 20, 22, 20, 21, 21, 23, 22, 17, 22, 23, 23, 18, 17, 24, 25, 26, 26, 27, 24, 28, 24, 27, 27, 29, 28, 30, 28, 29, 29, 31, 30, 25, 30, 31, 31, 26, 25, 32, 33, 34, 34, 35, 32, 36, 32, 35, 35, 37, 36, 38, 36, 37, 37, 39, 38, 33, 38, 39, 39, 34, 33, 40, 41, 42, 42, 43, 40, 44, 40, 43, 43, 45, 44, 46, 44, 45, 45, 47, 46, 41, 46, 47, 47, 42, 41, 48, 49, 50, 50, 51, 48, 52, 48, 51, 51, 53, 52, 54, 52, 53, 53, 55, 54, 49, 54, 55, 55, 50, 49, 56, 57, 58, 58, 59, 56, 60, 56, 59, 59, 61, 60, 62, 60, 61, 61, 63, 62, 57, 62, 63, 63, 58, 57, 64, 65, 66, 66, 67, 64, 68, 64, 67, 67, 69, 68, 70, 68, 69, 69, 71, 70, 65, 70, 71, 71, 66, 65, 72, 73, 74, 74, 75, 72, 76, 72, 75, 75, 77, 76, 78, 76, 77, 77, 79, 78, 73, 78, 79, 79, 74, 73, 80, 81, 82, 82, 83, 80, 84, 80, 83, 83, 85, 84, 86, 84, 85, 85, 87, 86, 81, 86, 87, 87, 82, 81, 88, 89, 90, 90, 91, 88, 92, 88, 91, 91, 93, 92, 94, 92, 93, 93, 95, 94, 89, 94, 95, 95, 90, 89, 96, 97, 98, 98, 99, 96, 100, 96, 99, 99, 101, 100, 102, 100, 101, 101, 103, 102, 97, 102, 103, 103, 98, 97, 104, 105, 106, 106, 107, 104, 108, 104, 107, 107, 109, 108, 110, 108, 109, 109, 111, 110, 105, 110, 111, 111, 106, 105, 112, 113, 114, 114, 115, 112, 116, 112, 115, 115, 117, 116, 118, 116, 117, 117, 119, 118, 113, 118, 119, 119, 114, 113, 120, 121, 122, 122, 123, 120, 124, 120, 123, 123, 125, 124, 126, 124, 125, 125, 127, 126, 121, 126, 127, 127, 122, 121, 128, 129, 130, 130, 131, 128, 132, 128, 131, 131, 133, 132, 134, 132, 133, 133, 135, 134, 129, 134, 135, 135, 130, 129, 136, 137, 138, 138, 139, 136, 140, 136, 139, 139, 141, 140, 142, 140, 141, 141, 143, 142, 137, 142, 143, 143, 138, 137, 144, 145, 146, 146, 147, 144, 148, 144, 147, 147, 149, 148, 150, 148, 149, 149, 151, 150, 145, 150, 151, 151, 146, 145, 152, 153, 154, 154, 155, 152, 156, 152, 155, 155, 157, 156, 158, 156, 157, 157, 159, 158, 153, 158, 159, 159, 154, 153, 160, 161, 162, 162, 163, 160, 164, 160, 163, 163, 165, 164, 166, 164, 165, 165, 167, 166, 161, 166, 167, 167, 162, 161, 168, 169, 170, 170, 171, 168, 172, 168, 171, 171, 173, 172, 174, 172, 173, 173, 175, 174, 169, 174, 175, 175, 170, 169, 176, 177, 178, 178, 179, 176, 180, 176, 179, 179, 181, 180, 182, 180, 181, 181, 183, 182, 177, 182, 183, 183, 178, 177, 184, 185, 186, 186, 187, 184, 188, 184, 187, 187, 189, 188, 190, 188, 189, 189, 191, 190, 185, 190, 191, 191, 186, 185, 192, 193, 194, 194, 195, 192, 196, 192, 195, 195, 197, 196, 198, 196, 197, 197, 199, 198, 193, 198, 199, 199, 194, 193, 200, 201, 202, 202, 203, 200, 204, 200, 203, 203, 205, 204, 206, 204, 205, 205, 207, 206, 201, 206, 207, 207, 202, 201, 208, 209, 210, 210, 211, 208, 212, 208, 211, 211, 213, 212, 214, 212, 213, 213, 215, 214, 209, 214, 215, 215, 210, 209, 216, 217, 218, 218, 219, 216, 220, 216, 219, 219, 221, 220, 222, 220, 221, 221, 223, 222, 217, 222, 223, 223, 218, 217, 224, 225, 226, 226, 227, 224, 228, 224, 227, 227, 229, 228, 230, 228, 229, 229, 231, 230, 232, 230, 231, 231, 233, 232, 234, 232, 233, 233, 235, 234, 236, 234, 235, 235, 237, 236, 238, 226, 225, 225, 239, 238, 240, 238, 239, 239, 241, 240, 242, 240, 241, 241, 243, 242, 244, 242, 243, 243, 245, 244, 246, 244, 245, 245, 247, 246, 248, 246, 247, 247, 249, 248, 250, 248, 249, 249, 251, 250, 252, 250, 251, 251, 253, 252, 254, 252, 253, 253, 255, 254, 256, 236, 237, 237, 257, 256, 258, 256, 257, 257, 259, 258, 260, 258, 259, 259, 261, 260, 262, 260, 261, 261, 263, 262, 264, 262, 263, 263, 265, 264, 266, 264, 265, 265, 267, 266, 268, 266, 267, 267, 269, 268, 270, 268, 269, 269, 271, 270, 272, 270, 271, 271, 273, 272, 274, 272, 273, 273, 275, 274, 276, 274, 275, 275, 277, 276, 278, 276, 277, 277, 279, 278, 280, 278, 279, 279, 281, 280, 282, 280, 281, 281, 283, 282, 255, 282, 283, 283, 254, 255, 284, 285, 286, 286, 287, 284, 288, 284, 287, 287, 289, 288, 290, 288, 289, 289, 291, 290, 292, 290, 291, 291, 293, 292, 294, 292, 293, 293, 295, 294, 296, 294, 295, 295, 297, 296, 298, 286, 285, 285, 299, 298, 300, 298, 299, 299, 301, 300, 302, 300, 301, 301, 303, 302, 304, 302, 303, 303, 305, 304, 306, 304, 305, 305, 307, 306, 308, 306, 307, 307, 309, 308, 310, 308, 309, 309, 311, 310, 312, 310, 311, 311, 313, 312, 314, 312, 313, 313, 315, 314, 316, 296, 297, 297, 317, 316, 318, 316, 317, 317, 319, 318, 320, 318, 319, 319, 321, 320, 322, 320, 321, 321, 323, 322, 324, 322, 323, 323, 325, 324, 326, 324, 325, 325, 327, 326, 328, 326, 327, 327, 329, 328, 330, 328, 329, 329, 331, 330, 332, 330, 331, 331, 333, 332, 334, 332, 333, 333, 335, 334, 336, 334, 335, 335, 337, 336, 338, 336, 337, 337, 339, 338, 340, 338, 339, 339, 341, 340, 342, 340, 341, 341, 343, 342, 315, 342, 343, 343, 314, 315, 344, 345, 346, 346, 347, 344, 348, 344, 347, 347, 349, 348, 350, 348, 349, 349, 351, 350, 352, 350, 351, 351, 353, 352, 354, 352, 353, 353, 355, 354, 356, 354, 355, 355, 357, 356, 358, 346, 345, 345, 359, 358, 360, 358, 359, 359, 361, 360, 362, 360, 361, 361, 363, 362, 364, 362, 363, 363, 365, 364, 366, 364, 365, 365, 367, 366, 368, 366, 367, 367, 369, 368, 370, 368, 369, 369, 371, 370, 372, 370, 371, 371, 373, 372, 374, 372, 373, 373, 375, 374, 376, 356, 357, 357, 377, 376, 378, 376, 377, 377, 379, 378, 380, 378, 379, 379, 381, 380, 382, 380, 381, 381, 383, 382, 384, 382, 383, 383, 385, 384, 386, 384, 385, 385, 387, 386, 388, 386, 387, 387, 389, 388, 390, 388, 389, 389, 391, 390, 392, 390, 391, 391, 393, 392, 394, 392, 393, 393, 395, 394, 396, 394, 395, 395, 397, 396, 398, 396, 397, 397, 399, 398, 400, 398, 399, 399, 401, 400, 402, 400, 401, 401, 403, 402, 375, 402, 403, 403, 374, 375, 404, 405, 406, 406, 407, 404, 408, 404, 407, 407, 409, 408, 410, 408, 409, 409, 411, 410, 412, 410, 411, 411, 413, 412, 414, 412, 413, 413, 415, 414, 416, 414, 415, 415, 417, 416, 418, 406, 405, 405, 419, 418, 420, 418, 419, 419, 421, 420, 422, 420, 421, 421, 423, 422, 424, 422, 423, 423, 425, 424, 426, 424, 425, 425, 427, 426, 428, 426, 427, 427, 429, 428, 430, 428, 429, 429, 431, 430, 432, 430, 431, 431, 433, 432, 434, 432, 433, 433, 435, 434, 436, 416, 417, 417, 437, 436, 438, 436, 437, 437, 439, 438, 440, 438, 439, 439, 441, 440, 442, 440, 441, 441, 443, 442, 444, 442, 443, 443, 445, 444, 446, 444, 445, 445, 447, 446, 448, 446, 447, 447, 449, 448, 450, 448, 449, 449, 451, 450, 452, 450, 451, 451, 453, 452, 454, 452, 453, 453, 455, 454, 456, 454, 455, 455, 457, 456, 458, 456, 457, 457, 459, 458, 460, 458, 459, 459, 461, 460, 462, 460, 461, 461, 463, 462, 435, 462, 463, 463, 434, 435, 464, 465, 466, 466, 467, 464, 468, 464, 467, 467, 469, 468, 470, 468, 469, 469, 471, 470, 472, 470, 471, 471, 473, 472, 474, 472, 473, 473, 475, 474, 476, 474, 475, 475, 477, 476, 478, 466, 465, 465, 479, 478, 480, 478, 479, 479, 481, 480, 482, 480, 481, 481, 483, 482, 484, 482, 483, 483, 485, 484, 486, 484, 485, 485, 487, 486, 488, 486, 487, 487, 489, 488, 490, 488, 489, 489, 491, 490, 492, 490, 491, 491, 493, 492, 494, 492, 493, 493, 495, 494, 496, 476, 477, 477, 497, 496, 498, 496, 497, 497, 499, 498, 500, 498, 499, 499, 501, 500, 502, 500, 501, 501, 503, 502, 504, 502, 503, 503, 505, 504, 506, 504, 505, 505, 507, 506, 508, 506, 507, 507, 509, 508, 510, 508, 509, 509, 511, 510, 512, 510, 511, 511, 513, 512, 514, 512, 513, 513, 515, 514, 516, 514, 515, 515, 517, 516, 518, 516, 517, 517, 519, 518, 520, 518, 519, 519, 521, 520, 522, 520, 521, 521, 523, 522, 495, 522, 523, 523, 494, 495, 524, 525, 526, 526, 527, 524, 528, 524, 527, 527, 529, 528, 530, 528, 529, 529, 531, 530, 532, 530, 531, 531, 533, 532, 534, 532, 533, 533, 535, 534, 536, 534, 535, 535, 537, 536, 538, 526, 525, 525, 539, 538, 540, 538, 539, 539, 541, 540, 542, 540, 541, 541, 543, 542, 544, 542, 543, 543, 545, 544, 546, 544, 545, 545, 547, 546, 548, 546, 547, 547, 549, 548, 550, 548, 549, 549, 551, 550, 552, 550, 551, 551, 553, 552, 554, 552, 553, 553, 555, 554, 556, 536, 537, 537, 557, 556, 558, 556, 557, 557, 559, 558, 560, 558, 559, 559, 561, 560, 562, 560, 561, 561, 563, 562, 564, 562, 563, 563, 565, 564, 566, 564, 565, 565, 567, 566, 568, 566, 567, 567, 569, 568, 570, 568, 569, 569, 571, 570, 572, 570, 571, 571, 573, 572, 574, 572, 573, 573, 575, 574, 576, 574, 575, 575, 577, 576, 578, 576, 577, 577, 579, 578, 580, 578, 579, 579, 581, 580, 582, 580, 581, 581, 583, 582, 555, 582, 583, 583, 554, 555, 584, 585, 586, 586, 587, 584, 588, 584, 587, 587, 589, 588, 590, 588, 589, 589, 591, 590, 592, 590, 591, 591, 593, 592, 594, 592, 593, 593, 595, 594, 596, 594, 595, 595, 597, 596, 598, 586, 585, 585, 599, 598, 600, 598, 599, 599, 601, 600, 602, 600, 601, 601, 603, 602, 604, 602, 603, 603, 605, 604, 606, 604, 605, 605, 607, 606, 608, 606, 607, 607, 609, 608, 610, 608, 609, 609, 611, 610, 612, 610, 611, 611, 613, 612, 614, 612, 613, 613, 615, 614, 616, 596, 597, 597, 617, 616, 618, 616, 617, 617, 619, 618, 620, 618, 619, 619, 621, 620, 622, 620, 621, 621, 623, 622, 624, 622, 623, 623, 625, 624, 626, 624, 625, 625, 627, 626, 628, 626, 627, 627, 629, 628, 630, 628, 629, 629, 631, 630, 632, 630, 631, 631, 633, 632, 634, 632, 633, 633, 635, 634, 636, 634, 635, 635, 637, 636, 638, 636, 637, 637, 639, 638, 640, 638, 639, 639, 641, 640, 642, 640, 641, 641, 643, 642, 615, 642, 643, 643, 614, 615, 270, 272, 274, 270, 274, 268, 274, 6, 268, 6, 266, 268, 6, 264, 266, 6, 262, 264, 6, 260, 262, 274, 4, 6, 4, 274, 276, 276, 0, 4, 278, 0, 276, 6, 12, 260, 258, 260, 12, 12, 6, 1, 256, 258, 12, 278, 20, 0, 278, 280, 20, 20, 280, 282, 0, 20, 22, 22, 1, 0, 282, 16, 20, 8, 1, 22, 1, 8, 12, 253, 282, 255, 253, 16, 282, 253, 251, 16, 16, 251, 249, 249, 17, 16, 22, 28, 8, 28, 22, 17, 8, 28, 30, 17, 24, 28, 24, 17, 249, 24, 249, 247, 24, 247, 245, 24, 245, 243, 25, 24, 243, 243, 241, 25, 224, 25, 241, 30, 25, 224, 224, 241, 239, 224, 239, 225, 224, 228, 30, 230, 30, 228, 30, 9, 8, 230, 9, 30, 230, 232, 9, 9, 232, 234, 234, 14, 9, 234, 12, 14, 234, 256, 12, 234, 236, 256, 330, 332, 334, 330, 334, 328, 334, 38, 328, 38, 326, 328, 38, 324, 326, 38, 322, 324, 38, 320, 322, 334, 36, 38, 36, 334, 336, 336, 32, 36, 338, 32, 336, 38, 44, 320, 318, 320, 44, 44, 38, 33, 316, 318, 44, 338, 52, 32, 338, 340, 52, 52, 340, 342, 32, 52, 54, 54, 33, 32, 342, 48, 52, 40, 33, 54, 33, 40, 44, 313, 342, 315, 313, 48, 342, 313, 311, 48, 48, 311, 309, 309, 49, 48, 54, 60, 40, 60, 54, 49, 40, 60, 62, 49, 56, 60, 56, 49, 309, 56, 309, 307, 56, 307, 305, 56, 305, 303, 57, 56, 303, 303, 301, 57, 284, 57, 301, 62, 57, 284, 284, 301, 299, 284, 299, 285, 284, 288, 62, 290, 62, 288, 62, 41, 40, 290, 41, 62, 290, 292, 41, 41, 292, 294, 294, 46, 41, 294, 44, 46, 294, 316, 44, 294, 296, 316, 390, 392, 394, 390, 394, 388, 394, 70, 388, 70, 386, 388, 70, 384, 386, 70, 382, 384, 70, 380, 382, 394, 68, 70, 68, 394, 396, 396, 64, 68, 398, 64, 396, 70, 76, 380, 378, 380, 76, 76, 70, 65, 376, 378, 76, 398, 84, 64, 398, 400, 84, 84, 400, 402, 64, 84, 86, 86, 65, 64, 402, 80, 84, 72, 65, 86, 65, 72, 76, 373, 402, 375, 373, 80, 402, 373, 371, 80, 80, 371, 369, 369, 81, 80, 86, 92, 72, 92, 86, 81, 72, 92, 94, 81, 88, 92, 88, 81, 369, 88, 369, 367, 88, 367, 365, 88, 365, 363, 89, 88, 363, 363, 361, 89, 344, 89, 361, 94, 89, 344, 344, 361, 359, 344, 359, 345, 344, 348, 94, 350, 94, 348, 94, 73, 72, 350, 73, 94, 350, 352, 73, 73, 352, 354, 354, 78, 73, 354, 76, 78, 354, 376, 76, 354, 356, 376, 450, 452, 454, 450, 454, 448, 454, 102, 448, 102, 446, 448, 102, 444, 446, 102, 442, 444, 102, 440, 442, 454, 100, 102, 100, 454, 456, 456, 96, 100, 458, 96, 456, 102, 108, 440, 438, 440, 108, 108, 102, 97, 436, 438, 108, 458, 116, 96, 458, 460, 116, 116, 460, 462, 96, 116, 118, 118, 97, 96, 462, 112, 116, 104, 97, 118, 97, 104, 108, 433, 462, 435, 433, 112, 462, 433, 431, 112, 112, 431, 429, 429, 113, 112, 118, 124, 104, 124, 118, 113, 104, 124, 126, 113, 120, 124, 120, 113, 429, 120, 429, 427, 120, 427, 425, 120, 425, 423, 121, 120, 423, 423, 421, 121, 404, 121, 421, 126, 121, 404, 404, 421, 419, 404, 419, 405, 404, 408, 126, 410, 126, 408, 126, 105, 104, 410, 105, 126, 410, 412, 105, 105, 412, 414, 414, 110, 105, 414, 108, 110, 414, 436, 108, 414, 416, 436, 510, 512, 514, 510, 514, 508, 514, 134, 508, 134, 506, 508, 134, 504, 506, 134, 502, 504, 134, 500, 502, 514, 132, 134, 132, 514, 516, 516, 128, 132, 518, 128, 516, 134, 140, 500, 498, 500, 140, 140, 134, 129, 496, 498, 140, 518, 148, 128, 518, 520, 148, 148, 520, 522, 128, 148, 150, 150, 129, 128, 522, 144, 148, 136, 129, 150, 129, 136, 140, 493, 522, 495, 493, 144, 522, 493, 491, 144, 144, 491, 489, 489, 145, 144, 150, 156, 136, 156, 150, 145, 136, 156, 158, 145, 152, 156, 152, 145, 489, 152, 489, 487, 152, 487, 485, 152, 485, 483, 153, 152, 483, 483, 481, 153, 464, 153, 481, 158, 153, 464, 464, 481, 479, 464, 479, 465, 464, 468, 158, 470, 158, 468, 158, 137, 136, 470, 137, 158, 470, 472, 137, 137, 472, 474, 474, 142, 137, 474, 140, 142, 474, 496, 140, 474, 476, 496, 570, 572, 574, 570, 574, 568, 574, 166, 568, 166, 566, 568, 166, 564, 566, 166, 562, 564, 166, 560, 562, 574, 164, 166, 164, 574, 576, 576, 160, 164, 578, 160, 576, 166, 172, 560, 558, 560, 172, 172, 166, 161, 556, 558, 172, 578, 180, 160, 578, 580, 180, 180, 580, 582, 160, 180, 182, 182, 161, 160, 582, 176, 180, 168, 161, 182, 161, 168, 172, 553, 582, 555, 553, 176, 582, 553, 551, 176, 176, 551, 549, 549, 177, 176, 182, 188, 168, 188, 182, 177, 168, 188, 190, 177, 184, 188, 184, 177, 549, 184, 549, 547, 184, 547, 545, 184, 545, 543, 185, 184, 543, 543, 541, 185, 524, 185, 541, 190, 185, 524, 524, 541, 539, 524, 539, 525, 524, 528, 190, 530, 190, 528, 190, 169, 168, 530, 169, 190, 530, 532, 169, 169, 532, 534, 534, 174, 169, 534, 172, 174, 534, 556, 172, 534, 536, 556, 630, 632, 634, 630, 634, 628, 634, 198, 628, 198, 626, 628, 198, 624, 626, 198, 622, 624, 198, 620, 622, 634, 196, 198, 196, 634, 636, 636, 192, 196, 638, 192, 636, 198, 204, 620, 618, 620, 204, 204, 198, 193, 616, 618, 204, 638, 212, 192, 638, 640, 212, 212, 640, 642, 192, 212, 214, 214, 193, 192, 642, 208, 212, 200, 193, 214, 193, 200, 204, 613, 642, 615, 613, 208, 642, 613, 611, 208, 208, 611, 609, 609, 209, 208, 214, 220, 200, 220, 214, 209, 200, 220, 222, 209, 216, 220, 216, 209, 609, 216, 609, 607, 216, 607, 605, 216, 605, 603, 217, 216, 603, 603, 601, 217, 584, 217, 601, 222, 217, 584, 584, 601, 599, 584, 599, 585, 584, 588, 222, 590, 222, 588, 222, 201, 200, 590, 201, 222, 590, 592, 201, 201, 592, 594, 594, 206, 201, 594, 204, 206, 594, 616, 204, 594, 596, 616]
    normal3f[] normals = [(1, -0.000071171096, -0.0000012263249), (1, -0.000071116156, 1.6060806e-12), (1.0030817e-9, 0.000014082251, -1), (1.0030817e-9, 0.000014082251, -1), (-1.0030817e-9, -0.000014082251, 1), (1, -0.000071171096, -0.0000012263249), (1, -0.00007204259, -0.0000035510752), (1, -0.000071171096, -0.0000012263249), (-1.0030817e-9, -0.000014082251, 1), (-1.0030817e-9, -0.000014082251, 1), (-1.0030817e-9, -0.000014082251, 1), (1, -0.00007204259, -0.0000035510752), (1, -0.000074073774, -7.564443e-8), (1, -0.00007204259, -0.0000035510752), (-1.0030817e-9, -0.000014082251, 1), (-1.0030817e-9, -0.000014082251, 1), (1.0030817e-9, 0.000014082251, -1), (1, -0.000074073774, -7.564443e-8), (1, -0.000071116156, 1.6060806e-12), (1, -0.000074073774, -7.564443e-8), (1.0030817e-9, 0.000014082251, -1), (1.0030817e-9, 0.000014082251, -1), (1.0030817e-9, 0.000014082251, -1), (1, -0.000071116156, 1.6060806e-12), (1, -0.00007116812, 8.743335e-13), (1, -0.00007123025, 0.000002742374), (1.0030817e-9, 0.000014082251, -1), (1.0030817e-9, 0.000014082251, -1), (0.000057247053, -0.000014086329, 1), (1, -0.00007116812, 8.743335e-13), (1, -0.00007276495, 4.6001357e-8), (1, -0.00007116812, 8.743335e-13), (0.000057247053, -0.000014086329, 1), (0.000057247053, -0.000014086329, 1), (0.00005724706, -0.000014086329, 1), (1, -0.00007276495, 4.6001357e-8), (1, -0.00007262661, 0.000004405402), (1, -0.00007276495, 4.6001357e-8), (0.00005724706, -0.000014086329, 1), (0.00005724706, -0.000014086329, 1), (1.0030817e-9, 0.000014082251, -1), (1, -0.00007262661, 0.000004405402), (1, -0.00007123025, 0.000002742374), (1, -0.00007262661, 0.000004405402), (1.0030817e-9, 0.000014082251, -1), (1.0030817e-9, 0.000014082251, -1), (1.0030817e-9, 0.000014082251, -1), (1, -0.00007123025, 0.000002742374), (1, -0.00006375062, -0.0000019157685), (1, -0.000066218214, 7.0580077e-11), (-0.00007123021, -1, -0.000014082251), (-0.00007123021, -1, -0.000014082251), (0.00007123021, 1, 0.000014082251), (1, -0.00006375062, -0.0000019157685), (1, -0.00007055713, -0.0000021020653), (1, -0.00006375062, -0.0000019157685), (0.00007123021, 1, 0.000014082251), (0.00007123021, 1, 0.000014082251), (0.00007123021, 1, 0.000014082251), (1, -0.00007055713, -0.0000021020653), (1, -0.00007113785, 1.3005104e-12), (1, -0.00007055713, -0.0000021020653), (0.00007123021, 1, 0.000014082251), (0.00007123021, 1, 0.000014082251), (0.00007123021, 1, 0.000014082251), (1, -0.00007113785, 1.3005104e-12), (1, -0.000066218214, 7.0580077e-11), (1, -0.00007113785, 1.3005104e-12), (0.00007123021, 1, 0.000014082251), (0.00007123021, 1, 0.000014082251), (-0.00007123021, -1, -0.000014082251), (1, -0.000066218214, 7.0580077e-11), (1, -0.00006447468, 9.5132915e-11), (1, -0.00006361797, 0.0000019679062), (-0.00007123021, -1, -0.000014082251), (-0.00007123021, -1, -0.000014082251), (0.00007123021, 1, 0.000014082251), (1, -0.00006447468, 9.5132915e-11), (1, -0.000070949245, 3.9565027e-12), (1, -0.00006447468, 9.5132915e-11), (0.00007123021, 1, 0.000014082251), (0.00007123021, 1, 0.000014082251), (0.00007123021, 1, 0.000014082251), (1, -0.000070949245, 3.9565027e-12), (1, -0.00007076363, 0.0000014192611), (1, -0.000070949245, 3.9565027e-12), (0.00007123021, 1, 0.000014082251), (0.00007123021, 1, 0.000014082251), (0.00007123021, 1, 0.000014082251), (1, -0.00007076363, 0.0000014192611), (1, -0.00006361797, 0.0000019679062), (1, -0.00007076363, 0.0000014192611), (0.00007123021, 1, 0.000014082251), (0.00007123021, 1, 0.000014082251), (-0.00007123021, -1, -0.000014082251), (1, -0.00006361797, 0.0000019679062), (1, -0.00007117107, -0.000001226905), (1, -0.000071116425, 1.602315e-12), (1.0030817e-9, 0.000014082251, -1), (1.0030817e-9, 0.000014082251, -1), (0.000014311011, -0.000014083271, 1), (1, -0.00007117107, -0.000001226905), (1, -0.00007202685, -0.0000035216474), (1, -0.00007117107, -0.000001226905), (0.000014311011, -0.000014083271, 1), (0.000014311011, -0.000014083271, 1), (0.000014311013, -0.000014083271, 1), (1, -0.00007202685, -0.0000035216474), (1, -0.00007409599, -7.685946e-8), (1, -0.00007202685, -0.0000035216474), (0.000014311013, -0.000014083271, 1), (0.000014311013, -0.000014083271, 1), (1.0030817e-9, 0.000014082251, -1), (1, -0.00007409599, -7.685946e-8), (1, -0.000071116425, 1.602315e-12), (1, -0.00007409599, -7.685946e-8), (1.0030817e-9, 0.000014082251, -1), (1.0030817e-9, 0.000014082251, -1), (1.0030817e-9, 0.000014082251, -1), (1, -0.000071116425, 1.602315e-12), (1, -0.00007116863, 8.67156e-13), (1, -0.00007123025, 0.000002699657), (1.0030817e-9, 0.000014082251, -1), (1.0030817e-9, 0.000014082251, -1), (-1.0030817e-9, -0.000014082251, 1), (1, -0.00007116863, 8.67156e-13), (1, -0.000072785755, 4.6761322e-8), (1, -0.00007116863, 8.67156e-13), (-1.0030817e-9, -0.000014082251, 1), (-1.0030817e-9, -0.000014082251, 1), (-1.0030817e-9, -0.000014082251, 1), (1, -0.000072785755, 4.6761322e-8), (1, -0.00007259831, 0.0000043269597), (1, -0.000072785755, 4.6761322e-8), (-1.0030817e-9, -0.000014082251, 1), (-1.0030817e-9, -0.000014082251, 1), (1.0030817e-9, 0.000014082251, -1), (1, -0.00007259831, 0.0000043269597), (1, -0.00007123025, 0.000002699657), (1, -0.00007259831, 0.0000043269597), (1.0030817e-9, 0.000014082251, -1), (1.0030817e-9, 0.000014082251, -1), (1.0030817e-9, 0.000014082251, -1), (1, -0.00007123025, 0.000002699657), (1, -0.00006378792, -0.0000019185702), (1, -0.00006620519, 7.0763506e-11), (-0.00007123021, -1, -0.000014082251), (-0.00007123021, -1, -0.000014082251), (0.00007123021, 1, 0.000014082251), (1, -0.00006378792, -0.0000019185702), (1, -0.00007055151, -0.0000021020364), (1, -0.00006378792, -0.0000019185702), (0.00007123021, 1, 0.000014082251), (0.00007123021, 1, 0.000014082251), (0.00007123021, 1, 0.000014082251), (1, -0.00007055151, -0.0000021020364), (1, -0.0000711384, 1.2928211e-12), (1, -0.00007055151, -0.0000021020364), (0.00007123021, 1, 0.000014082251), (0.00007123021, 1, 0.000014082251), (0.00007123021, 1, 0.000014082251), (1, -0.0000711384, 1.2928211e-12), (1, -0.00006620519, 7.0763506e-11), (1, -0.0000711384, 1.2928211e-12), (0.00007123021, 1, 0.000014082251), (0.00007123021, 1, 0.000014082251), (-0.00007123021, -1, -0.000014082251), (1, -0.00006620519, 7.0763506e-11), (1, -0.00006444964, 9.5485606e-11), (1, -0.00006364406, 0.0000019634833), (-0.00007123021, -1, -0.000014082251), (-0.00007123021, -1, -0.000014082251), (0.00007123021, 1, 0.000014082251), (1, -0.00006444964, 9.5485606e-11), (1, -0.000070951755, 3.9211967e-12), (1, -0.00006444964, 9.5485606e-11), (0.00007123021, 1, 0.000014082251), (0.00007123021, 1, 0.000014082251), (0.00007123021, 1, 0.000014082251), (1, -0.000070951755, 3.9211967e-12), (1, -0.00007075724, 0.0000014100241), (1, -0.000070951755, 3.9211967e-12), (0.00007123021, 1, 0.000014082251), (0.00007123021, 1, 0.000014082251), (0.00007123021, 1, 0.000014082251), (1, -0.00007075724, 0.0000014100241), (1, -0.00006364406, 0.0000019634833), (1, -0.00007075724, 0.0000014100241), (0.00007123021, 1, 0.000014082251), (0.00007123021, 1, 0.000014082251), (-0.00007123021, -1, -0.000014082251), (1, -0.00006364406, 0.0000019634833), (1, -0.0000711713, -0.0000012220544), (1, -0.00007111676, 1.5975311e-12), (1.0030817e-9, 0.000014082251, -1), (1.0030817e-9, 0.000014082251, -1), (0.0000035770001, -0.000014082507, 1), (1, -0.0000711713, -0.0000012220544), (1, -0.00007204439, -0.000003543122), (1, -0.0000711713, -0.0000012220544), (0.0000035770001, -0.000014082507, 1), (0.0000035770001, -0.000014082507, 1), (0.0000035770008, -0.000014082507, 1), (1, -0.00007204439, -0.000003543122), (1, -0.00007411106, -7.6692864e-8), (1, -0.00007204439, -0.000003543122), (0.0000035770008, -0.000014082507, 1), (0.0000035770008, -0.000014082507, 1), (1.0030817e-9, 0.000014082251, -1), (1, -0.00007411106, -7.6692864e-8), (1, -0.00007111676, 1.5975311e-12), (1, -0.00007411106, -7.6692864e-8), (1.0030817e-9, 0.000014082251, -1), (1.0030817e-9, 0.000014082251, -1), (1.0030817e-9, 0.000014082251, -1), (1, -0.00007111676, 1.5975311e-12), (1, -0.00007116863, 8.6715693e-13), (1, -0.00007123025, 0.0000027143617), (0.0000035790067, 0.000014081997, -1), (0.0000035790067, 0.000014081997, -1), (-1.0030817e-9, -0.000014082251, 1), (1, -0.00007116863, 8.6715693e-13), (1, -0.00007278586, 4.6764452e-8), (1, -0.00007116863, 8.6715693e-13), (-1.0030817e-9, -0.000014082251, 1), (-1.0030817e-9, -0.000014082251, 1), (-1.0030817e-9, -0.000014082251, 1), (1, -0.00007278586, 4.6764452e-8), (1, -0.0000726102, 0.0000043536584), (1, -0.00007278586, 4.6764452e-8), (-1.0030817e-9, -0.000014082251, 1), (-1.0030817e-9, -0.000014082251, 1), (0.0000035790072, 0.000014081997, -1), (1, -0.0000726102, 0.0000043536584), (1, -0.00007123025, 0.0000027143617), (1, -0.0000726102, 0.0000043536584), (0.0000035790072, 0.000014081997, -1), (0.0000035790072, 0.000014081997, -1), (0.0000035790067, 0.000014081997, -1), (1, -0.00007123025, 0.0000027143617), (1, -0.00006374668, -0.0000019111808), (1, -0.00006618276, 7.107937e-11), (-0.00007123021, -1, -0.000014082251), (-0.00007123021, -1, -0.000014082251), (0.00007123021, 1, 0.000014082251), (1, -0.00006374668, -0.0000019111808), (1, -0.00007055942, -0.000002094889), (1, -0.00006374668, -0.0000019111808), (0.00007123021, 1, 0.000014082251), (0.00007123021, 1, 0.000014082251), (0.00007123021, 1, 0.000014082251), (1, -0.00007055942, -0.000002094889), (1, -0.000071139264, 1.2806863e-12), (1, -0.00007055942, -0.000002094889), (0.00007123021, 1, 0.000014082251), (0.00007123021, 1, 0.000014082251), (0.00007123021, 1, 0.000014082251), (1, -0.000071139264, 1.2806863e-12), (1, -0.00006618276, 7.107937e-11), (1, -0.000071139264, 1.2806863e-12), (0.00007123021, 1, 0.000014082251), (0.00007123021, 1, 0.000014082251), (-0.00007123021, -1, -0.000014082251), (1, -0.00006618276, 7.107937e-11), (1, -0.00006444963, 9.5485696e-11), (1, -0.00006363163, 0.000001967282), (-0.00007123021, -1, -0.000014082251), (-0.00007123021, -1, -0.000014082251), (0.00007123021, 1, 0.000014082251), (1, -0.00006444963, 9.5485696e-11), (1, -0.000070951755, 3.9212e-12), (1, -0.00006444963, 9.5485696e-11), (0.00007123021, 1, 0.000014082251), (0.00007123021, 1, 0.000014082251), (0.00007123021, 1, 0.000014082251), (1, -0.000070951755, 3.9212e-12), (1, -0.000070757946, 0.0000014135691), (1, -0.000070951755, 3.9212e-12), (0.00007123021, 1, 0.000014082251), (0.00007123021, 1, 0.000014082251), (0.00007123021, 1, 0.000014082251), (1, -0.000070757946, 0.0000014135691), (1, -0.00006363163, 0.000001967282), (1, -0.000070757946, 0.0000014135691), (0.00007123021, 1, 0.000014082251), (0.00007123021, 1, 0.000014082251), (-0.00007123021, -1, -0.000014082251), (1, -0.00006363163, 0.000001967282), (1, -0.000071170834, -0.0000012316815), (1, -0.000071116454, 1.6018898e-12), (1.0030817e-9, 0.000014082251, -1), (1.0030817e-9, 0.000014082251, -1), (-1.0030817e-9, -0.000014082251, 1), (1, -0.000071170834, -0.0000012316815), (1, -0.00007203553, -0.0000035519768), (1, -0.000071170834, -0.0000012316815), (-1.0030817e-9, -0.000014082251, 1), (-1.0030817e-9, -0.000014082251, 1), (-1.0030817e-9, -0.000014082251, 1), (1, -0.00007203553, -0.0000035519768), (1, -0.00007409263, -7.688381e-8), (1, -0.00007203553, -0.0000035519768), (-1.0030817e-9, -0.000014082251, 1), (-1.0030817e-9, -0.000014082251, 1), (1.0030817e-9, 0.000014082251, -1), (1, -0.00007409263, -7.688381e-8), (1, -0.000071116454, 1.6018898e-12), (1, -0.00007409263, -7.688381e-8), (1.0030817e-9, 0.000014082251, -1), (1.0030817e-9, 0.000014082251, -1), (1.0030817e-9, 0.000014082251, -1), (1, -0.000071116454, 1.6018898e-12), (1, -0.00007116863, 8.6715953e-13), (1, -0.00007123025, 0.0000027166957), (1.0030817e-9, 0.000014082251, -1), (1.0030817e-9, 0.000014082251, -1), (-1.0030817e-9, -0.000014082251, 1), (1, -0.00007116863, 8.6715953e-13), (1, -0.00007278588, 4.6765084e-8), (1, -0.00007116863, 8.6715953e-13), (-1.0030817e-9, -0.000014082251, 1), (-1.0030817e-9, -0.000014082251, 1), (-1.0030817e-9, -0.000014082251, 1), (1, -0.00007278588, 4.6765084e-8), (1, -0.00007261155, 0.000004357899), (1, -0.00007278588, 4.6765084e-8), (-1.0030817e-9, -0.000014082251, 1), (-1.0030817e-9, -0.000014082251, 1), (1.0030817e-9, 0.000014082251, -1), (1, -0.00007261155, 0.000004357899), (1, -0.00007123025, 0.0000027166957), (1, -0.00007261155, 0.000004357899), (1.0030817e-9, 0.000014082251, -1), (1.0030817e-9, 0.000014082251, -1), (1.0030817e-9, 0.000014082251, -1), (1, -0.00007123025, 0.0000027166957), (1, -0.00006378169, -0.0000019235763), (1, -0.00006620267, 7.0798964e-11), (-0.00007123021, -1, -0.000014082251), (-0.00007123021, -1, -0.000014082251), (0.00007123021, 1, 0.000014082251), (1, -0.00006378169, -0.0000019235763), (1, -0.00007055434, -0.0000021107685), (1, -0.00006378169, -0.0000019235763), (0.00007123021, 1, 0.000014082251), (0.00007123021, 1, 0.000014082251), (0.00007123021, 1, 0.000014082251), (1, -0.00007055434, -0.0000021107685), (1, -0.00007113848, 1.2917214e-12), (1, -0.00007055434, -0.0000021107685), (0.00007123021, 1, 0.000014082251), (0.00007123021, 1, 0.000014082251), (0.00007123021, 1, 0.000014082251), (1, -0.00007113848, 1.2917214e-12), (1, -0.00006620267, 7.0798964e-11), (1, -0.00007113848, 1.2917214e-12), (0.00007123021, 1, 0.000014082251), (0.00007123021, 1, 0.000014082251), (-0.00007123021, -1, -0.000014082251), (1, -0.00006620267, 7.0798964e-11), (1, -0.00006444962, 9.548597e-11), (1, -0.00006363085, 0.0000019669037), (-0.00007123021, -1, -0.000014082251), (-0.00007123021, -1, -0.000014082251), (0.00007123021, 1, 0.000014082251), (1, -0.00006444962, 9.548597e-11), (1, -0.000070951755, 3.9212123e-12), (1, -0.00006444962, 9.548597e-11), (0.00007123021, 1, 0.000014082251), (0.00007123021, 1, 0.000014082251), (0.00007123021, 1, 0.000014082251), (1, -0.000070951755, 3.9212123e-12), (1, -0.00007075965, 0.0000014141314), (1, -0.000070951755, 3.9212123e-12), (0.00007123021, 1, 0.000014082251), (0.00007123021, 1, 0.000014082251), (0.00007123021, 1, 0.000014082251), (1, -0.00007075965, 0.0000014141314), (1, -0.00006363085, 0.0000019669037), (1, -0.00007075965, 0.0000014141314), (0.00007123021, 1, 0.000014082251), (0.00007123021, 1, 0.000014082251), (-0.00007123021, -1, -0.000014082251), (1, -0.00006363085, 0.0000019669037), (1, -0.000071172624, -0.0000012252355), (1, -0.00007111695, 1.5949214e-12), (1.0030817e-9, 0.000014082251, -1), (1.0030817e-9, 0.000014082251, -1), (-1.0030817e-9, -0.000014082251, 1), (1, -0.000071172624, -0.0000012252355), (1, -0.000072061994, -0.0000035877883), (1, -0.000071172624, -0.0000012252355), (-1.0030817e-9, -0.000014082251, 1), (-1.0030817e-9, -0.000014082251, 1), (-1.0030817e-9, -0.000014082251, 1), (1, -0.000072061994, -0.0000035877883), (1, -0.00007410732, -7.6706705e-8), (1, -0.000072061994, -0.0000035877883), (-1.0030817e-9, -0.000014082251, 1), (-1.0030817e-9, -0.000014082251, 1), (1.0030817e-9, 0.000014082251, -1), (1, -0.00007410732, -7.6706705e-8), (1, -0.00007111695, 1.5949214e-12), (1, -0.00007410732, -7.6706705e-8), (1.0030817e-9, 0.000014082251, -1), (1.0030817e-9, 0.000014082251, -1), (1.0030817e-9, 0.000014082251, -1), (1, -0.00007111695, 1.5949214e-12), (1, -0.000071169175, 8.594506e-13), (1, -0.00007123025, 0.000002706539), (1.0030817e-9, 0.000014082251, -1), (1.0030817e-9, 0.000014082251, -1), (-1.0030817e-9, -0.000014082251, 1), (1, -0.000071169175, 8.594506e-13), (1, -0.00007281571, 4.6629008e-8), (1, -0.000071169175, 8.594506e-13), (-1.0030817e-9, -0.000014082251, 1), (-1.0030817e-9, -0.000014082251, 1), (-1.0030817e-9, -0.000014082251, 1), (1, -0.00007281571, 4.6629008e-8), (1, -0.00007264061, 0.000004351677), (1, -0.00007281571, 4.6629008e-8), (-1.0030817e-9, -0.000014082251, 1), (-1.0030817e-9, -0.000014082251, 1), (1.0030817e-9, 0.000014082251, -1), (1, -0.00007264061, 0.000004351677), (1, -0.00007123025, 0.000002706539), (1, -0.00007264061, 0.000004351677), (1.0030817e-9, 0.000014082251, -1), (1.0030817e-9, 0.000014082251, -1), (1.0030817e-9, 0.000014082251, -1), (1, -0.00007123025, 0.000002706539), (1, -0.00006374254, -0.0000019167148), (1, -0.0000661705, 7.12521e-11), (-0.00007123021, -1, -0.000014082251), (-0.00007123021, -1, -0.000014082251), (0.00007123021, 1, 0.000014082251), (1, -0.00006374254, -0.0000019167148), (1, -0.00007056574, -0.0000021014853), (1, -0.00006374254, -0.0000019167148), (0.00007123021, 1, 0.000014082251), (0.00007123021, 1, 0.000014082251), (0.00007123021, 1, 0.000014082251), (1, -0.00007056574, -0.0000021014853), (1, -0.00007113973, 1.2741111e-12), (1, -0.00007056574, -0.0000021014853), (0.00007123021, 1, 0.000014082251), (0.00007123021, 1, 0.000014082251), (0.00007123021, 1, 0.000014082251), (1, -0.00007113973, 1.2741111e-12), (1, -0.0000661705, 7.12521e-11), (1, -0.00007113973, 1.2741111e-12), (0.00007123021, 1, 0.000014082251), (0.00007123021, 1, 0.000014082251), (-0.00007123021, -1, -0.000014082251), (1, -0.0000661705, 7.12521e-11), (1, -0.00006442487, 9.583437e-11), (1, -0.000063538406, 0.0000019453225), (-0.00007123021, -1, -0.000014082251), (-0.00007123021, -1, -0.000014082251), (0.00007123021, 1, 0.000014082251), (1, -0.00006442487, 9.583437e-11), (1, -0.00007095452, 3.882249e-12), (1, -0.00006442487, 9.583437e-11), (0.00007123021, 1, 0.000014082251), (0.00007123021, 1, 0.000014082251), (0.00007123021, 1, 0.000014082251), (1, -0.00007095452, 3.882249e-12), (1, -0.00007076576, 0.0000013957609), (1, -0.00007095452, 3.882249e-12), (0.00007123021, 1, 0.000014082251), (0.00007123021, 1, 0.000014082251), (0.00007123021, 1, 0.000014082251), (1, -0.00007076576, 0.0000013957609), (1, -0.000063538406, 0.0000019453225), (1, -0.00007076576, 0.0000013957609), (0.00007123021, 1, 0.000014082251), (0.00007123021, 1, 0.000014082251), (-0.00007123021, -1, -0.000014082251), (1, -0.000063538406, 0.0000019453225), (1, -0.0000711728, -0.000001221551), (1, -0.00007111708, 1.5930434e-12), (1.0030817e-9, 0.000014082251, -1), (1.0030817e-9, 0.000014082251, -1), (-1.0030817e-9, -0.000014082251, 1), (1, -0.0000711728, -0.000001221551), (1, -0.000072066294, -0.0000035865758), (1, -0.0000711728, -0.000001221551), (-1.0030817e-9, -0.000014082251, 1), (-1.0030817e-9, -0.000014082251, 1), (-1.0030817e-9, -0.000014082251, 1), (1, -0.000072066294, -0.0000035865758), (1, -0.000074128286, -7.6473626e-8), (1, -0.000072066294, -0.0000035865758), (-1.0030817e-9, -0.000014082251, 1), (-1.0030817e-9, -0.000014082251, 1), (1.0030817e-9, 0.000014082251, -1), (1, -0.000074128286, -7.6473626e-8), (1, -0.00007111708, 1.5930434e-12), (1, -0.000074128286, -7.6473626e-8), (1.0030817e-9, 0.000014082251, -1), (1.0030817e-9, 0.000014082251, -1), (1.0030817e-9, 0.000014082251, -1), (1, -0.00007111708, 1.5930434e-12), (1, -0.000071169175, 8.5945167e-13), (1, -0.00007123025, 0.0000027063977), (1.0030817e-9, 0.000014082251, -1), (1.0030817e-9, 0.000014082251, -1), (-1.0030817e-9, -0.000014082251, 1), (1, -0.000071169175, 8.5945167e-13), (1, -0.00007280858, 4.668645e-8), (1, -0.000071169175, 8.5945167e-13), (-1.0030817e-9, -0.000014082251, 1), (-1.0030817e-9, -0.000014082251, 1), (-1.0030817e-9, -0.000014082251, 1), (1, -0.00007280858, 4.668645e-8), (1, -0.00007264053, 0.0000043514206), (1, -0.00007280858, 4.668645e-8), (-1.0030817e-9, -0.000014082251, 1), (-1.0030817e-9, -0.000014082251, 1), (1.0030817e-9, 0.000014082251, -1), (1, -0.00007264053, 0.0000043514206), (1, -0.00007123025, 0.0000027063977), (1, -0.00007264053, 0.0000043514206), (1.0030817e-9, 0.000014082251, -1), (1.0030817e-9, 0.000014082251, -1), (1.0030817e-9, 0.000014082251, -1), (1, -0.00007123025, 0.0000027063977), (1, -0.00006372374, -0.000001900399), (1, -0.00006616153, 7.137838e-11), (-0.00007123021, -1, -0.000014082251), (-0.00007123021, -1, -0.000014082251), (0.00007123021, 1, 0.000014082251), (1, -0.00006372374, -0.000001900399), (1, -0.00007056764, -0.0000020954708), (1, -0.00006372374, -0.000001900399), (0.00007123021, 1, 0.000014082251), (0.00007123021, 1, 0.000014082251), (0.00007123021, 1, 0.000014082251), (1, -0.00007056764, -0.0000020954708), (1, -0.000071140064, 1.2694168e-12), (1, -0.00007056764, -0.0000020954708), (0.00007123021, 1, 0.000014082251), (0.00007123021, 1, 0.000014082251), (0.00007123021, 1, 0.000014082251), (1, -0.000071140064, 1.2694168e-12), (1, -0.00006616153, 7.137838e-11), (1, -0.000071140064, 1.2694168e-12), (0.00007123021, 1, 0.000014082251), (0.00007123021, 1, 0.000014082251), (-0.00007123021, -1, -0.000014082251), (1, -0.00006616153, 7.137838e-11), (1, -0.000064424865, 9.5834556e-11), (1, -0.00006354038, 0.0000019572842), (-0.00007123021, -1, -0.000014082251), (-0.00007123021, -1, -0.000014082251), (0.00007123021, 1, 0.000014082251), (1, -0.000064424865, 9.5834556e-11), (1, -0.00007095452, 3.8822526e-12), (1, -0.000064424865, 9.5834556e-11), (0.00007123021, 1, 0.000014082251), (0.00007123021, 1, 0.000014082251), (0.00007123021, 1, 0.000014082251), (1, -0.00007095452, 3.8822526e-12), (1, -0.00007076577, 0.0000013957265), (1, -0.00007095452, 3.8822526e-12), (0.00007123021, 1, 0.000014082251), (0.00007123021, 1, 0.000014082251), (0.00007123021, 1, 0.000014082251), (1, -0.00007076577, 0.0000013957265), (1, -0.00006354038, 0.0000019572842), (1, -0.00007076577, 0.0000013957265), (0.00007123021, 1, 0.000014082251), (0.00007123021, 1, 0.000014082251), (-0.00007123021, -1, -0.000014082251), (1, -0.00006354038, 0.0000019572842), (1, -0.000071173374, -0.0000012410602), (1, -0.00007111687, 1.5960577e-12), (1.0030817e-9, 0.000014082251, -1), (1.0030817e-9, 0.000014082251, -1), (-1.0030817e-9, -0.000014082251, 1), (1, -0.000071173374, -0.0000012410602), (1, -0.00007207628, -0.000003665579), (1, -0.000071173374, -0.0000012410602), (-1.0030817e-9, -0.000014082251, 1), (-1.0030817e-9, -0.000014082251, 1), (-1.0030817e-9, -0.000014082251, 1), (1, -0.00007207628, -0.000003665579), (1, -0.000074111274, -7.6698484e-8), (1, -0.00007207628, -0.000003665579), (-1.0030817e-9, -0.000014082251, 1), (-1.0030817e-9, -0.000014082251, 1), (1.0030817e-9, 0.000014082251, -1), (1, -0.000074111274, -7.6698484e-8), (1, -0.00007111687, 1.5960577e-12), (1, -0.000074111274, -7.6698484e-8), (1.0030817e-9, 0.000014082251, -1), (1.0030817e-9, 0.000014082251, -1), (1.0030817e-9, 0.000014082251, -1), (1, -0.00007111687, 1.5960577e-12), (1, -0.00007116889, 8.6342316e-13), (1, -0.00007123025, 0.0000027560654), (1.0030817e-9, 0.000014082251, -1), (1.0030817e-9, 0.000014082251, -1), (0.000028623026, -0.00001408429, 1), (1, -0.00007116889, 8.6342316e-13), (1, -0.00007279271, 4.673593e-8), (1, -0.00007116889, 8.6342316e-13), (0.000028623026, -0.00001408429, 1), (0.000028623026, -0.00001408429, 1), (0.00002862303, -0.00001408429, 1), (1, -0.00007279271, 4.673593e-8), (1, -0.00007265379, 0.000004435723), (1, -0.00007279271, 4.673593e-8), (0.00002862303, -0.00001408429, 1), (0.00002862303, -0.00001408429, 1), (1.0030817e-9, 0.000014082251, -1), (1, -0.00007265379, 0.000004435723), (1, -0.00007123025, 0.0000027560654), (1, -0.00007265379, 0.000004435723), (1.0030817e-9, 0.000014082251, -1), (1.0030817e-9, 0.000014082251, -1), (1.0030817e-9, 0.000014082251, -1), (1, -0.00007123025, 0.0000027560654), (1, -0.000063695246, -0.0000019288204), (1, -0.000066176304, 7.117032e-11), (-0.00007123021, -1, -0.000014082251), (-0.00007123021, -1, -0.000014082251), (0.00007123021, 1, 0.000014082251), (1, -0.000063695246, -0.0000019288204), (1, -0.0000705725, -0.0000021296241), (1, -0.000063695246, -0.0000019288204), (0.00007123021, 1, 0.000014082251), (0.00007123021, 1, 0.000014082251), (0.00007123021, 1, 0.000014082251), (1, -0.0000705725, -0.0000021296241), (1, -0.000071139526, 1.2769804e-12), (1, -0.0000705725, -0.0000021296241), (0.00007123021, 1, 0.000014082251), (0.00007123021, 1, 0.000014082251), (0.00007123021, 1, 0.000014082251), (1, -0.000071139526, 1.2769804e-12), (1, -0.000066176304, 7.117032e-11), (1, -0.000071139526, 1.2769804e-12), (0.00007123021, 1, 0.000014082251), (0.00007123021, 1, 0.000014082251), (-0.00007123021, -1, -0.000014082251), (1, -0.000066176304, 7.117032e-11), (1, -0.00006443617, 9.567533e-11), (1, -0.000063590065, 0.0000019669747), (-0.00007123021, -1, -0.000014082251), (-0.00007123021, -1, -0.000014082251), (0.00007123021, 1, 0.000014082251), (1, -0.00006443617, 9.567533e-11), (1, -0.000070953094, 3.90232e-12), (1, -0.00006443617, 9.567533e-11), (0.00007123021, 1, 0.000014082251), (0.00007123021, 1, 0.000014082251), (0.00007123021, 1, 0.000014082251), (1, -0.000070953094, 3.90232e-12), (1, -0.0000707686, 0.0000014156604), (1, -0.000070953094, 3.90232e-12), (0.00007123021, 1, 0.000014082251), (0.00007123021, 1, 0.000014082251), (0.00007123021, 1, 0.000014082251), (1, -0.0000707686, 0.0000014156604), (1, -0.000063590065, 0.0000019669747), (1, -0.0000707686, 0.0000014156604), (0.00007123021, 1, 0.000014082251), (0.00007123021, 1, 0.000014082251), (-0.00007123021, -1, -0.000014082251), (1, -0.000063590065, 0.0000019669747), (1, -0.00006848937, 0.0000046306254), (1, -0.00007123021, -1.110223e-16), (0.000008943154, -0.000011959041, 1), (0.000008943154, -0.000011959041, 1), (-1.0030817e-9, -0.000014082251, 1), (1, -0.00006848937, 0.0000046306254), (1, -0.0000687133, 0.00000329171), (1, -0.00006848937, 0.0000046306254), (-1.0030817e-9, -0.000014082251, 1), (-1.0030817e-9, -0.000014082251, 1), (-1.0030817e-9, -0.000014082251, 1), (1, -0.0000687133, 0.00000329171), (1, -0.00007123025, 0.000002449042), (1, -0.0000687133, 0.00000329171), (-1.0030817e-9, -0.000014082251, 1), (-1.0030817e-9, -0.000014082251, 1), (-1.0030817e-9, -0.000014082251, 1), (1, -0.00007123025, 0.000002449042), (1, -0.000071364324, 0.0000024907324), (1, -0.00007123025, 0.000002449042), (-1.0030817e-9, -0.000014082251, 1), (-1.0030817e-9, -0.000014082251, 1), (-1.0030817e-9, -0.000014082251, 1), (1, -0.000071364324, 0.0000024907324), (1, -0.000072023744, 0.0000033469164), (1, -0.000071364324, 0.0000024907324), (-1.0030817e-9, -0.000014082251, 1), (-1.0030817e-9, -0.000014082251, 1), (4.3845378e-7, -0.000014300887, 1), (1, -0.000072023744, 0.0000033469164), (0.00007123021, 1, 0.000014082251), (1, -0.000072023744, 0.0000033469164), (4.3845378e-7, -0.000014300887, 1), (4.3845378e-7, -0.000014300887, 1), (-0.00007346617, -1, -0.000015325662), (0.00007123021, 1, 0.000014082251), (0.00007123021, 1, 0.000014082251), (0.000008943154, -0.000011959041, 1), (1, -0.00007123021, -1.110223e-16), (1, -0.00007123021, -1.110223e-16), (1, -0.00007123021, -6.034683e-9), (0.00007123021, 1, 0.000014082251), (0.00007123021, 1, 0.000014082251), (0.00007123021, 1, 0.000014082251), (1, -0.00007123021, -6.034683e-9), (1, -0.00007123021, -6.034683e-9), (1, -0.00006255589, 9.673041e-7), (0.00007123021, 1, 0.000014082251), (0.00007123021, 1, 0.000014082251), (0.00007123021, 1, 0.000014082251), (1, -0.00006255589, 9.673041e-7), (1, -0.00006255589, 9.673041e-7), (1, -0.00006151583, 1.3680028e-10), (0.00007123021, 1, 0.000014082251), (0.00007123021, 1, 0.000014082251), (0.00007123021, 1, 0.000014082251), (1, -0.00006151583, 1.3680028e-10), (1, -0.00006151583, 1.3680028e-10), (1, -0.000061511724, 1.3685805e-10), (0.00007123021, 1, 0.000014082251), (0.00007123021, 1, 0.000014082251), (0.00007123021, 1, 0.000014082251), (1, -0.000061511724, 1.3685805e-10), (1, -0.000061511724, 1.3685805e-10), (1, -0.000061521205, 1.3672463e-10), (0.00007123021, 1, 0.000014082251), (0.00007123021, 1, 0.000014082251), (0.00007123021, 1, 0.000014082251), (1, -0.000061521205, 1.3672463e-10), (1, -0.000061521205, 1.3672463e-10), (1, -0.000061529514, 1.3660754e-10), (0.00007123021, 1, 0.000014082251), (0.00007123021, 1, 0.000014082251), (0.00007123021, 1, 0.000014082251), (1, -0.000061529514, 1.3660754e-10), (1, -0.000061529514, 1.3660754e-10), (1, -0.00006151693, 1.3678486e-10), (0.00007123021, 1, 0.000014082251), (0.00007123021, 1, 0.000014082251), (0.00007123021, 1, 0.000014082251), (1, -0.00006151693, 1.3678486e-10), (1, -0.00006151693, 1.3678486e-10), (1, -0.00006632627, -0.0000037236846), (0.00007123021, 1, 0.000014082251), (0.00007123021, 1, 0.000014082251), (0.00007123021, 1, 0.000014082251), (1, -0.00006632627, -0.0000037236846), (1, -0.00006632627, -0.0000037236846), (0.00007123021, 1, 0.000014082251), (0.00007123021, 1, 0.000014082251), (1, -0.000073887095, 9.226396e-7), (0.00007123021, 1, 0.000014082251), (-0.00007346617, -1, -0.000015325662), (-0.00007346617, -1, -0.000015325662), (-0.00007123021, -1, -0.000014082251), (1, -0.000073887095, 9.226396e-7), (1, -0.000080066726, -1.2443807e-10), (1, -0.000073887095, 9.226396e-7), (-0.00007123021, -1, -0.000014082251), (-0.00007123021, -1, -0.000014082251), (-0.00007123021, -1, -0.000014082251), (1, -0.000080066726, -1.2443807e-10), (1, -0.00008006528, -1.244177e-10), (1, -0.000080066726, -1.2443807e-10), (-0.00007123021, -1, -0.000014082251), (-0.00007123021, -1, -0.000014082251), (-0.00007123021, -1, -0.000014082251), (1, -0.00008006528, -1.244177e-10), (1, -0.00008007085, -1.244962e-10), (1, -0.00008006528, -1.244177e-10), (-0.00007123021, -1, -0.000014082251), (-0.00007123021, -1, -0.000014082251), (-0.00007123021, -1, -0.000014082251), (1, -0.00008007085, -1.244962e-10), (1, -0.0000800542, -1.242617e-10), (1, -0.00008007085, -1.244962e-10), (-0.00007123021, -1, -0.000014082251), (-0.00007123021, -1, -0.000014082251), (-0.00007123021, -1, -0.000014082251), (1, -0.0000800542, -1.242617e-10), (1, -0.00008006838, -1.2446139e-10), (1, -0.0000800542, -1.242617e-10), (-0.00007123021, -1, -0.000014082251), (-0.00007123021, -1, -0.000014082251), (-0.00007123021, -1, -0.000014082251), (1, -0.00008006838, -1.2446139e-10), (1, -0.00007785123, -3.5011044e-7), (1, -0.00008006838, -1.2446139e-10), (-0.00007123021, -1, -0.000014082251), (-0.00007123021, -1, -0.000014082251), (-0.00007123021, -1, -0.000014082251), (1, -0.00007785123, -3.5011044e-7), (0.00007123021, 1, 0.000014082251), (1, -0.00007785123, -3.5011044e-7), (-0.00007123021, -1, -0.000014082251), (-0.00007123021, -1, -0.000014082251), (-0.00007241431, -1, -0.000013487899), (0.00007123021, 1, 0.000014082251), (0.00007123021, 1, 0.000014082251), (0.00007123021, 1, 0.000014082251), (-0.00007241431, -1, -0.000013487899), (-0.00007241431, -1, -0.000013487899), (1.0030817e-9, 0.000014082251, -1), (0.00007123021, 1, 0.000014082251), (1, -0.00007294843, -0.0000040649447), (0.00007123021, 1, 0.000014082251), (1.0030817e-9, 0.000014082251, -1), (1.0030817e-9, 0.000014082251, -1), (1.0030817e-9, 0.000014082251, -1), (1, -0.00007294843, -0.0000040649447), (1, -0.00007123038, -0.0000037019774), (1, -0.00007294843, -0.0000040649447), (1.0030817e-9, 0.000014082251, -1), (1.0030817e-9, 0.000014082251, -1), (1.0030817e-9, 0.000014082251, -1), (1, -0.00007123038, -0.0000037019774), (1, -0.00007123018, -0.0000025181507), (1, -0.00007123038, -0.0000037019774), (1.0030817e-9, 0.000014082251, -1), (1.0030817e-9, 0.000014082251, -1), (1.0030817e-9, 0.000014082251, -1), (1, -0.00007123018, -0.0000025181507), (1, -0.000068713205, -0.0000033845254), (1, -0.00007123018, -0.0000025181507), (1.0030817e-9, 0.000014082251, -1), (1.0030817e-9, 0.000014082251, -1), (1.0030817e-9, 0.000014082251, -1), (1, -0.000068713205, -0.0000033845254), (1, -0.000069010326, -0.000005117178), (1, -0.000068713205, -0.0000033845254), (1.0030817e-9, 0.000014082251, -1), (1.0030817e-9, 0.000014082251, -1), (1.0030817e-9, 0.000014082251, -1), (1, -0.000069010326, -0.000005117178), (0.00007123021, 1, 0.000014082251), (1, -0.000069010326, -0.000005117178), (1.0030817e-9, 0.000014082251, -1), (1.0030817e-9, 0.000014082251, -1), (0.00007123021, 1, 0.000014082251), (0.00007123021, 1, 0.000014082251), (1, -0.0000684658, 0.000004522497), (0.00007123021, 1, 0.000014082251), (0.0000022350373, -0.0000135368355, 1), (0.0000022350373, -0.0000135368355, 1), (-1.0030817e-9, -0.000014082251, 1), (1, -0.0000684658, 0.000004522497), (1, -0.0000687133, 0.0000032257494), (1, -0.0000684658, 0.000004522497), (-1.0030817e-9, -0.000014082251, 1), (-1.0030817e-9, -0.000014082251, 1), (-1.0030817e-9, -0.000014082251, 1), (1, -0.0000687133, 0.0000032257494), (1, -0.00007123025, 0.0000023999664), (1, -0.0000687133, 0.0000032257494), (-1.0030817e-9, -0.000014082251, 1), (-1.0030817e-9, -0.000014082251, 1), (-1.0030817e-9, -0.000014082251, 1), (1, -0.00007123025, 0.0000023999664), (1, -0.00007136432, 0.0000024408214), (1, -0.00007123025, 0.0000023999664), (-1.0030817e-9, -0.000014082251, 1), (-1.0030817e-9, -0.000014082251, 1), (-1.0030817e-9, -0.000014082251, 1), (1, -0.00007136432, 0.0000024408214), (1, -0.00007200663, 0.0000032868265), (1, -0.00007136432, 0.0000024408214), (-1.0030817e-9, -0.000014082251, 1), (-1.0030817e-9, -0.000014082251, 1), (1.0886114e-7, -0.000014136911, 1), (1, -0.00007200663, 0.0000032868265), (0.00007123021, 1, 0.000014082251), (1, -0.00007200663, 0.0000032868265), (1.0886114e-7, -0.000014136911, 1), (1.0886114e-7, -0.000014136911, 1), (-0.000073466166, -1, -0.000015374037), (0.00007123021, 1, 0.000014082251), (0.00007123021, 1, 0.000014082251), (0.0000022350373, -0.0000135368355, 1), (0.00007123021, 1, 0.000014082251), (0.00007123021, 1, 0.000014082251), (1, -0.00007123021, -5.733137e-9), (0.00007123021, 1, 0.000014082251), (0.00007123021, 1, 0.000014082251), (0.00007123021, 1, 0.000014082251), (1, -0.00007123021, -5.733137e-9), (1, -0.00007123021, -5.733137e-9), (1, -0.000062591265, 9.653133e-7), (0.00007123021, 1, 0.000014082251), (0.00007123021, 1, 0.000014082251), (0.00007123021, 1, 0.000014082251), (1, -0.000062591265, 9.653133e-7), (1, -0.000062591265, 9.653133e-7), (1, -0.00006151838, 1.3676434e-10), (0.00007123021, 1, 0.000014082251), (0.00007123021, 1, 0.000014082251), (0.00007123021, 1, 0.000014082251), (1, -0.00006151838, 1.3676434e-10), (1, -0.00006151838, 1.3676434e-10), (1, -0.00006151176, 1.3685762e-10), (0.00007123021, 1, 0.000014082251), (0.00007123021, 1, 0.000014082251), (0.00007123021, 1, 0.000014082251), (1, -0.00006151176, 1.3685762e-10), (1, -0.00006151176, 1.3685762e-10), (1, -0.00006152117, 1.3672508e-10), (0.00007123021, 1, 0.000014082251), (0.00007123021, 1, 0.000014082251), (0.00007123021, 1, 0.000014082251), (1, -0.00006152117, 1.3672508e-10), (1, -0.00006152117, 1.3672508e-10), (1, -0.00006152666, 1.3664771e-10), (0.00007123021, 1, 0.000014082251), (0.00007123021, 1, 0.000014082251), (0.00007123021, 1, 0.000014082251), (1, -0.00006152666, 1.3664771e-10), (1, -0.00006152666, 1.3664771e-10), (1, -0.00006151692, 1.367849e-10), (0.00007123021, 1, 0.000014082251), (0.00007123021, 1, 0.000014082251), (0.00007123021, 1, 0.000014082251), (1, -0.00006151692, 1.367849e-10), (1, -0.00006151692, 1.367849e-10), (1, -0.00006627044, -0.0000036405363), (0.00007123021, 1, 0.000014082251), (0.00007123021, 1, 0.000014082251), (0.00007123021, 1, 0.000014082251), (1, -0.00006627044, -0.0000036405363), (1, -0.00006627044, -0.0000036405363), (0.00007123021, 1, 0.000014082251), (0.00007123021, 1, 0.000014082251), (1, -0.00007397945, 9.054038e-7), (0.00007123021, 1, 0.000014082251), (-0.000073466166, -1, -0.000015374037), (-0.000073466166, -1, -0.000015374037), (-0.00007123021, -1, -0.000014082251), (1, -0.00007397945, 9.054038e-7), (1, -0.000080066726, -1.2443814e-10), (1, -0.00007397945, 9.054038e-7), (-0.00007123021, -1, -0.000014082251), (-0.00007123021, -1, -0.000014082251), (-0.00007123021, -1, -0.000014082251), (1, -0.000080066726, -1.2443814e-10), (1, -0.000080069825, -1.2448173e-10), (1, -0.000080066726, -1.2443814e-10), (-0.00007123021, -1, -0.000014082251), (-0.00007123021, -1, -0.000014082251), (-0.00007123021, -1, -0.000014082251), (1, -0.000080069825, -1.2448173e-10), (1, -0.00008007082, -1.2449583e-10), (1, -0.000080069825, -1.2448173e-10), (-0.00007123021, -1, -0.000014082251), (-0.00007123021, -1, -0.000014082251), (-0.00007123021, -1, -0.000014082251), (1, -0.00008007082, -1.2449583e-10), (1, -0.000080054284, -1.2426289e-10), (1, -0.00008007082, -1.2449583e-10), (-0.00007123021, -1, -0.000014082251), (-0.00007123021, -1, -0.000014082251), (-0.00007123021, -1, -0.000014082251), (1, -0.000080054284, -1.2426289e-10), (1, -0.00008006152, -1.2436481e-10), (1, -0.000080054284, -1.2426289e-10), (-0.00007123021, -1, -0.000014082251), (-0.00007123021, -1, -0.000014082251), (-0.00007123021, -1, -0.000014082251), (1, -0.00008006152, -1.2436481e-10), (1, -0.00007785419, -3.5132464e-7), (1, -0.00008006152, -1.2436481e-10), (-0.00007123021, -1, -0.000014082251), (-0.00007123021, -1, -0.000014082251), (-0.00007123021, -1, -0.000014082251), (1, -0.00007785419, -3.5132464e-7), (0.00007123021, 1, 0.000014082251), (1, -0.00007785419, -3.5132464e-7), (-0.00007123021, -1, -0.000014082251), (-0.00007123021, -1, -0.000014082251), (-0.00007230677, -1, -0.000013489764), (0.00007123021, 1, 0.000014082251), (0.00007123021, 1, 0.000014082251), (0.00007123021, 1, 0.000014082251), (-0.00007230677, -1, -0.000013489764), (-0.00007230677, -1, -0.000013489764), (1.0030817e-9, 0.000014082251, -1), (0.00007123021, 1, 0.000014082251), (1, -0.00007293372, -0.0000040351642), (0.00007123021, 1, 0.000014082251), (1.0030817e-9, 0.000014082251, -1), (1.0030817e-9, 0.000014082251, -1), (1.0030817e-9, 0.000014082251, -1), (1, -0.00007293372, -0.0000040351642), (1, -0.00007123038, -0.0000036672727), (1, -0.00007293372, -0.0000040351642), (1.0030817e-9, 0.000014082251, -1), (1.0030817e-9, 0.000014082251, -1), (1.0030817e-9, 0.000014082251, -1), (1, -0.00007123038, -0.0000036672727), (1, -0.00007123018, -0.000002494544), (1, -0.00007123038, -0.0000036672727), (1.0030817e-9, 0.000014082251, -1), (1.0030817e-9, 0.000014082251, -1), (1.0030817e-9, 0.000014082251, -1), (1, -0.00007123018, -0.000002494544), (1, -0.000068713205, -0.000003352796), (1, -0.00007123018, -0.000002494544), (1.0030817e-9, 0.000014082251, -1), (1.0030817e-9, 0.000014082251, -1), (1.0030817e-9, 0.000014082251, -1), (1, -0.000068713205, -0.000003352796), (1, -0.00006904002, -0.000005089313), (1, -0.000068713205, -0.000003352796), (1.0030817e-9, 0.000014082251, -1), (1.0030817e-9, 0.000014082251, -1), (1.0030817e-9, 0.000014082251, -1), (1, -0.00006904002, -0.000005089313), (0.00007123021, 1, 0.000014082251), (1, -0.00006904002, -0.000005089313), (1.0030817e-9, 0.000014082251, -1), (1.0030817e-9, 0.000014082251, -1), (0.00007123021, 1, 0.000014082251), (0.00007123021, 1, 0.000014082251), (1, -0.00006846051, 0.0000045502125), (0.00007123021, 1, 0.000014082251), (-1.0030817e-9, -0.000014082251, 1), (-1.0030817e-9, -0.000014082251, 1), (-1.0030817e-9, -0.000014082251, 1), (1, -0.00006846051, 0.0000045502125), (1, -0.0000687133, 0.0000032479943), (1, -0.00006846051, 0.0000045502125), (-1.0030817e-9, -0.000014082251, 1), (-1.0030817e-9, -0.000014082251, 1), (-1.0030817e-9, -0.000014082251, 1), (1, -0.0000687133, 0.0000032479943), (1, -0.00007123025, 0.000002416517), (1, -0.0000687133, 0.0000032479943), (-1.0030817e-9, -0.000014082251, 1), (-1.0030817e-9, -0.000014082251, 1), (-1.0030817e-9, -0.000014082251, 1), (1, -0.00007123025, 0.000002416517), (1, -0.000071364324, 0.0000024576539), (1, -0.00007123025, 0.000002416517), (-1.0030817e-9, -0.000014082251, 1), (-1.0030817e-9, -0.000014082251, 1), (-1.0030817e-9, -0.000014082251, 1), (1, -0.000071364324, 0.0000024576539), (1, -0.00007201151, 0.00000330749), (1, -0.000071364324, 0.0000024576539), (-1.0030817e-9, -0.000014082251, 1), (-1.0030817e-9, -0.000014082251, 1), (-1.0030817e-9, -0.000014082251, 1), (1, -0.00007201151, 0.00000330749), (0.00007123021, 1, 0.000014082251), (1, -0.00007201151, 0.00000330749), (-1.0030817e-9, -0.000014082251, 1), (-1.0030817e-9, -0.000014082251, 1), (-0.000073466166, -1, -0.000015374035), (0.00007123021, 1, 0.000014082251), (0.00007123021, 1, 0.000014082251), (-1.0030817e-9, -0.000014082251, 1), (0.00007123021, 1, 0.000014082251), (0.00007123021, 1, 0.000014082251), (1, -0.00007123021, -5.733133e-9), (0.00007123021, 1, 0.000014082251), (0.00007123021, 1, 0.000014082251), (0.00007123021, 1, 0.000014082251), (1, -0.00007123021, -5.733133e-9), (1, -0.00007123021, -5.733133e-9), (1, -0.00006258329, 9.66204e-7), (0.00007123021, 1, 0.000014082251), (0.00007123021, 1, 0.000014082251), (0.00007123021, 1, 0.000014082251), (1, -0.00006258329, 9.66204e-7), (1, -0.00006258329, 9.66204e-7), (1, -0.000061519466, 1.367491e-10), (0.00007123021, 1, 0.000014082251), (0.00007123021, 1, 0.000014082251), (0.00007123021, 1, 0.000014082251), (1, -0.000061519466, 1.367491e-10), (1, -0.000061519466, 1.367491e-10), (1, -0.000061517814, 1.3677233e-10), (0.00007123021, 1, 0.000014082251), (0.00007123021, 1, 0.000014082251), (0.00007123021, 1, 0.000014082251), (1, -0.000061517814, 1.3677233e-10), (1, -0.000061517814, 1.3677233e-10), (1, -0.00006151474, 1.3681563e-10), (0.00007123021, 1, 0.000014082251), (0.00007123021, 1, 0.000014082251), (0.00007123021, 1, 0.000014082251), (1, -0.00006151474, 1.3681563e-10), (1, -0.00006151474, 1.3681563e-10), (1, -0.00006152128, 1.3672356e-10), (0.00007123021, 1, 0.000014082251), (0.00007123021, 1, 0.000014082251), (0.00007123021, 1, 0.000014082251), (1, -0.00006152128, 1.3672356e-10), (1, -0.00006152128, 1.3672356e-10), (1, -0.00006151692, 1.3678489e-10), (0.00007123021, 1, 0.000014082251), (0.00007123021, 1, 0.000014082251), (0.00007123021, 1, 0.000014082251), (1, -0.00006151692, 1.3678489e-10), (1, -0.00006151692, 1.3678489e-10), (1, -0.0000661444, -0.0000035722965), (0.00007123021, 1, 0.000014082251), (0.00007123021, 1, 0.000014082251), (0.00007123021, 1, 0.000014082251), (1, -0.0000661444, -0.0000035722965), (1, -0.0000661444, -0.0000035722965), (0.00007123021, 1, 0.000014082251), (0.00007123021, 1, 0.000014082251), (1, -0.00007398302, 9.065813e-7), (0.00007123021, 1, 0.000014082251), (-0.000073466166, -1, -0.000015374035), (-0.000073466166, -1, -0.000015374035), (-0.00007123021, -1, -0.000014082251), (1, -0.00007398302, 9.065813e-7), (1, -0.000080066726, -1.2443814e-10), (1, -0.00007398302, 9.065813e-7), (-0.00007123021, -1, -0.000014082251), (-0.00007123021, -1, -0.000014082251), (-0.00007123021, -1, -0.000014082251), (1, -0.000080066726, -1.2443814e-10), (1, -0.00008006109, -1.243587e-10), (1, -0.000080066726, -1.2443814e-10), (-0.00007123021, -1, -0.000014082251), (-0.00007123021, -1, -0.000014082251), (-0.00007123021, -1, -0.000014082251), (1, -0.00008006109, -1.243587e-10), (1, -0.000080065416, -1.2441968e-10), (1, -0.00008006109, -1.243587e-10), (-0.00007123021, -1, -0.000014082251), (-0.00007123021, -1, -0.000014082251), (-0.00007123021, -1, -0.000014082251), (1, -0.000080065416, -1.2441968e-10), (1, -0.00008005988, -1.2434168e-10), (1, -0.000080065416, -1.2441968e-10), (-0.00007123021, -1, -0.000014082251), (-0.00007123021, -1, -0.000014082251), (-0.00007123021, -1, -0.000014082251), (1, -0.00008005988, -1.2434168e-10), (1, -0.00008005829, -1.2431939e-10), (1, -0.00008005988, -1.2434168e-10), (-0.00007123021, -1, -0.000014082251), (-0.00007123021, -1, -0.000014082251), (-0.00007123021, -1, -0.000014082251), (1, -0.00008005829, -1.2431939e-10), (1, -0.00007785758, -3.4939387e-7), (1, -0.00008005829, -1.2431939e-10), (-0.00007123021, -1, -0.000014082251), (-0.00007123021, -1, -0.000014082251), (-0.00007123021, -1, -0.000014082251), (1, -0.00007785758, -3.4939387e-7), (0.00007123021, 1, 0.000014082251), (1, -0.00007785758, -3.4939387e-7), (-0.00007123021, -1, -0.000014082251), (-0.00007123021, -1, -0.000014082251), (-0.00007237991, -1, -0.00001352714), (0.00007123021, 1, 0.000014082251), (0.00007123021, 1, 0.000014082251), (0.00007123021, 1, 0.000014082251), (-0.00007237991, -1, -0.00001352714), (-0.00007237991, -1, -0.00001352714), (1.0030817e-9, 0.000014082251, -1), (0.00007123021, 1, 0.000014082251), (1, -0.00007296957, -0.0000040444274), (0.00007123021, 1, 0.000014082251), (1.0030817e-9, 0.000014082251, -1), (1.0030817e-9, 0.000014082251, -1), (1.0030817e-9, 0.000014082251, -1), (1, -0.00007296957, -0.0000040444274), (1, -0.00007123038, -0.0000036942647), (1, -0.00007296957, -0.0000040444274), (1.0030817e-9, 0.000014082251, -1), (1.0030817e-9, 0.000014082251, -1), (1.0030817e-9, 0.000014082251, -1), (1, -0.00007123038, -0.0000036942647), (1, -0.00007123018, -0.0000025129043), (1, -0.00007123038, -0.0000036942647), (1.0030817e-9, 0.000014082251, -1), (1.0030817e-9, 0.000014082251, -1), (1.0030817e-9, 0.000014082251, -1), (1, -0.00007123018, -0.0000025129043), (1, -0.000068713205, -0.0000033774734), (1, -0.00007123018, -0.0000025129043), (1.0030817e-9, 0.000014082251, -1), (1.0030817e-9, 0.000014082251, -1), (1.0030817e-9, 0.000014082251, -1), (1, -0.000068713205, -0.0000033774734), (1, -0.000068998874, -0.000005098705), (1, -0.000068713205, -0.0000033774734), (1.0030817e-9, 0.000014082251, -1), (1.0030817e-9, 0.000014082251, -1), (1.0030817e-9, 0.000014082251, -1), (1, -0.000068998874, -0.000005098705), (0.00007123021, 1, 0.000014082251), (1, -0.000068998874, -0.000005098705), (1.0030817e-9, 0.000014082251, -1), (1.0030817e-9, 0.000014082251, -1), (0.00007123021, 1, 0.000014082251), (0.00007123021, 1, 0.000014082251), (1, -0.000068468435, 0.000004560364), (0.00007123021, 1, 0.000014082251), (-0.0000044730814, -0.000015134115, 1), (-0.0000044730814, -0.000015134115, 1), (-1.0030817e-9, -0.000014082251, 1), (1, -0.000068468435, 0.000004560364), (1, -0.0000687133, 0.0000032515293), (1, -0.000068468435, 0.000004560364), (-1.0030817e-9, -0.000014082251, 1), (-1.0030817e-9, -0.000014082251, 1), (-1.0030817e-9, -0.000014082251, 1), (1, -0.0000687133, 0.0000032515293), (1, -0.00007123025, 0.000002419147), (1, -0.0000687133, 0.0000032515293), (-1.0030817e-9, -0.000014082251, 1), (-1.0030817e-9, -0.000014082251, 1), (-1.0030817e-9, -0.000014082251, 1), (1, -0.00007123025, 0.000002419147), (1, -0.000071364324, 0.0000024603282), (1, -0.00007123025, 0.000002419147), (-1.0030817e-9, -0.000014082251, 1), (-1.0030817e-9, -0.000014082251, 1), (-1.0030817e-9, -0.000014082251, 1), (1, -0.000071364324, 0.0000024603282), (1, -0.000072012284, 0.0000033107715), (1, -0.000071364324, 0.0000024603282), (-1.0030817e-9, -0.000014082251, 1), (-1.0030817e-9, -0.000014082251, 1), (-2.2073152e-7, -0.000013972934, 1), (1, -0.000072012284, 0.0000033107715), (0.00007123021, 1, 0.000014082251), (1, -0.000072012284, 0.0000033107715), (-2.2073152e-7, -0.000013972934, 1), (-2.2073152e-7, -0.000013972934, 1), (-0.00007346616, -1, -0.000015374031), (0.00007123021, 1, 0.000014082251), (0.00007123021, 1, 0.000014082251), (-0.0000044730814, -0.000015134115, 1), (0.00007123021, 1, 0.000014082251), (0.00007123021, 1, 0.000014082251), (1, -0.00007123021, -5.7987464e-9), (0.00007123021, 1, 0.000014082251), (0.00007123021, 1, 0.000014082251), (0.00007123021, 1, 0.000014082251), (1, -0.00007123021, -5.7987464e-9), (1, -0.00007123021, -5.7987464e-9), (1, -0.00006258204, 9.663444e-7), (0.00007123021, 1, 0.000014082251), (0.00007123021, 1, 0.000014082251), (0.00007123021, 1, 0.000014082251), (1, -0.00006258204, 9.663444e-7), (1, -0.00006258204, 9.663444e-7), (1, -0.00006151825, 1.367662e-10), (0.00007123021, 1, 0.000014082251), (0.00007123021, 1, 0.000014082251), (0.00007123021, 1, 0.000014082251), (1, -0.00006151825, 1.367662e-10), (1, -0.00006151825, 1.367662e-10), (1, -0.0000615178, 1.3677251e-10), (0.00007123021, 1, 0.000014082251), (0.00007123021, 1, 0.000014082251), (0.00007123021, 1, 0.000014082251), (1, -0.0000615178, 1.3677251e-10), (1, -0.0000615178, 1.3677251e-10), (1, -0.00006151473, 1.3681575e-10), (0.00007123021, 1, 0.000014082251), (0.00007123021, 1, 0.000014082251), (0.00007123021, 1, 0.000014082251), (1, -0.00006151473, 1.3681575e-10), (1, -0.00006151473, 1.3681575e-10), (1, -0.00006152531, 1.3666683e-10), (0.00007123021, 1, 0.000014082251), (0.00007123021, 1, 0.000014082251), (0.00007123021, 1, 0.000014082251), (1, -0.00006152531, 1.3666683e-10), (1, -0.00006152531, 1.3666683e-10), (1, -0.00006151692, 1.3678489e-10), (0.00007123021, 1, 0.000014082251), (0.00007123021, 1, 0.000014082251), (0.00007123021, 1, 0.000014082251), (1, -0.00006151692, 1.3678489e-10), (1, -0.00006151692, 1.3678489e-10), (1, -0.00006630086, -0.0000036983374), (0.00007123021, 1, 0.000014082251), (0.00007123021, 1, 0.000014082251), (0.00007123021, 1, 0.000014082251), (1, -0.00006630086, -0.0000036983374), (1, -0.00006630086, -0.0000036983374), (0.00007123021, 1, 0.000014082251), (0.00007123021, 1, 0.000014082251), (1, -0.000073960895, 9.0997423e-7), (0.00007123021, 1, 0.000014082251), (-0.00007346616, -1, -0.000015374031), (-0.00007346616, -1, -0.000015374031), (-0.00007123021, -1, -0.000014082251), (1, -0.000073960895, 9.0997423e-7), (1, -0.000080066726, -1.2443811e-10), (1, -0.000073960895, 9.0997423e-7), (-0.00007123021, -1, -0.000014082251), (-0.00007123021, -1, -0.000014082251), (-0.00007123021, -1, -0.000014082251), (1, -0.000080066726, -1.2443811e-10), (1, -0.000080069985, -1.2448402e-10), (1, -0.000080066726, -1.2443811e-10), (-0.00007123021, -1, -0.000014082251), (-0.00007123021, -1, -0.000014082251), (-0.00007123021, -1, -0.000014082251), (1, -0.000080069985, -1.2448402e-10), (1, -0.00008006543, -1.2441985e-10), (1, -0.000080069985, -1.2448402e-10), (-0.00007123021, -1, -0.000014082251), (-0.00007123021, -1, -0.000014082251), (-0.00007123021, -1, -0.000014082251), (1, -0.00008006543, -1.2441985e-10), (1, -0.00008005987, -1.2434156e-10), (1, -0.00008006543, -1.2441985e-10), (-0.00007123021, -1, -0.000014082251), (-0.00007123021, -1, -0.000014082251), (-0.00007123021, -1, -0.000014082251), (1, -0.00008005987, -1.2434156e-10), (1, -0.00008005829, -1.2431937e-10), (1, -0.00008005987, -1.2434156e-10), (-0.00007123021, -1, -0.000014082251), (-0.00007123021, -1, -0.000014082251), (-0.00007123021, -1, -0.000014082251), (1, -0.00008005829, -1.2431937e-10), (1, -0.00007784669, -3.519904e-7), (1, -0.00008005829, -1.2431937e-10), (-0.00007123021, -1, -0.000014082251), (-0.00007123021, -1, -0.000014082251), (-0.00007123021, -1, -0.000014082251), (1, -0.00007784669, -3.519904e-7), (0.00007123021, 1, 0.000014082251), (1, -0.00007784669, -3.519904e-7), (-0.00007123021, -1, -0.000014082251), (-0.00007123021, -1, -0.000014082251), (-0.00007226698, -1, -0.000013469429), (0.00007123021, 1, 0.000014082251), (0.00007123021, 1, 0.000014082251), (0.00007123021, 1, 0.000014082251), (-0.00007226698, -1, -0.000013469429), (-0.00007226698, -1, -0.000013469429), (1.0030817e-9, 0.000014082251, -1), (0.00007123021, 1, 0.000014082251), (1, -0.00007294174, -0.000004067718), (0.00007123021, 1, 0.000014082251), (1.0030817e-9, 0.000014082251, -1), (1.0030817e-9, 0.000014082251, -1), (1.0030817e-9, 0.000014082251, -1), (1, -0.00007294174, -0.000004067718), (1, -0.00007123038, -0.0000037010168), (1, -0.00007294174, -0.000004067718), (1.0030817e-9, 0.000014082251, -1), (1.0030817e-9, 0.000014082251, -1), (1.0030817e-9, 0.000014082251, -1), (1, -0.00007123038, -0.0000037010168), (1, -0.00007123018, -0.0000025174973), (1, -0.00007123038, -0.0000037010168), (1.0030817e-9, 0.000014082251, -1), (1.0030817e-9, 0.000014082251, -1), (1.0030817e-9, 0.000014082251, -1), (1, -0.00007123018, -0.0000025174973), (1, -0.000068713205, -0.0000033836468), (1, -0.00007123018, -0.0000025174973), (1.0030817e-9, 0.000014082251, -1), (1.0030817e-9, 0.000014082251, -1), (1.0030817e-9, 0.000014082251, -1), (1, -0.000068713205, -0.0000033836468), (1, -0.0000690569, -0.0000051476786), (1, -0.000068713205, -0.0000033836468), (1.0030817e-9, 0.000014082251, -1), (1.0030817e-9, 0.000014082251, -1), (1.0030817e-9, 0.000014082251, -1), (1, -0.0000690569, -0.0000051476786), (0.00007123021, 1, 0.000014082251), (1, -0.0000690569, -0.0000051476786), (1.0030817e-9, 0.000014082251, -1), (1.0030817e-9, 0.000014082251, -1), (0.00007123021, 1, 0.000014082251), (0.00007123021, 1, 0.000014082251), (1, -0.000068344816, 0.0000044832236), (1, -0.00007123021, -1.110223e-16), (-1.0030817e-9, -0.000014082251, 1), (-1.0030817e-9, -0.000014082251, 1), (-1.0030817e-9, -0.000014082251, 1), (1, -0.000068344816, 0.0000044832236), (1, -0.0000687133, 0.0000032544608), (1, -0.000068344816, 0.0000044832236), (-1.0030817e-9, -0.000014082251, 1), (-1.0030817e-9, -0.000014082251, 1), (-1.0030817e-9, -0.000014082251, 1), (1, -0.0000687133, 0.0000032544608), (1, -0.00007123025, 0.000002421328), (1, -0.0000687133, 0.0000032544608), (-1.0030817e-9, -0.000014082251, 1), (-1.0030817e-9, -0.000014082251, 1), (-1.0030817e-9, -0.000014082251, 1), (1, -0.00007123025, 0.000002421328), (1, -0.000071364324, 0.0000024625467), (1, -0.00007123025, 0.000002421328), (-1.0030817e-9, -0.000014082251, 1), (-1.0030817e-9, -0.000014082251, 1), (-1.0030817e-9, -0.000014082251, 1), (1, -0.000071364324, 0.0000024625467), (1, -0.00007205291, 0.0000032970318), (1, -0.000071364324, 0.0000024625467), (-1.0030817e-9, -0.000014082251, 1), (-1.0030817e-9, -0.000014082251, 1), (-1.0030817e-9, -0.000014082251, 1), (1, -0.00007205291, 0.0000032970318), (0.00007123021, 1, 0.000014082251), (1, -0.00007205291, 0.0000032970318), (-1.0030817e-9, -0.000014082251, 1), (-1.0030817e-9, -0.000014082251, 1), (-0.000073466166, -1, -0.000014902749), (0.00007123021, 1, 0.000014082251), (0.00007123021, 1, 0.000014082251), (-1.0030817e-9, -0.000014082251, 1), (1, -0.00007123021, -1.110223e-16), (1, -0.00007123021, -1.110223e-16), (1, -0.00007123021, -4.9850817e-9), (0.00007123021, 1, 0.000014082251), (0.00007123021, 1, 0.000014082251), (0.00007123021, 1, 0.000014082251), (1, -0.00007123021, -4.9850817e-9), (1, -0.00007123021, -4.9850817e-9), (1, -0.00006243597, 9.57423e-7), (0.00007123021, 1, 0.000014082251), (0.00007123021, 1, 0.000014082251), (0.00007123021, 1, 0.000014082251), (1, -0.00006243597, 9.57423e-7), (1, -0.00006243597, 9.57423e-7), (1, -0.00006151845, 1.3676339e-10), (0.00007123021, 1, 0.000014082251), (0.00007123021, 1, 0.000014082251), (0.00007123021, 1, 0.000014082251), (1, -0.00006151845, 1.3676339e-10), (1, -0.00006151845, 1.3676339e-10), (1, -0.00006151777, 1.3677291e-10), (0.00007123021, 1, 0.000014082251), (0.00007123021, 1, 0.000014082251), (0.00007123021, 1, 0.000014082251), (1, -0.00006151777, 1.3677291e-10), (1, -0.00006151777, 1.3677291e-10), (1, -0.00006151473, 1.3681575e-10), (0.00007123021, 1, 0.000014082251), (0.00007123021, 1, 0.000014082251), (0.00007123021, 1, 0.000014082251), (1, -0.00006151473, 1.3681575e-10), (1, -0.00006151473, 1.3681575e-10), (1, -0.00006151786, 1.3677173e-10), (0.00007123021, 1, 0.000014082251), (0.00007123021, 1, 0.000014082251), (0.00007123021, 1, 0.000014082251), (1, -0.00006151786, 1.3677173e-10), (1, -0.00006151786, 1.3677173e-10), (1, -0.00006151692, 1.3678494e-10), (0.00007123021, 1, 0.000014082251), (0.00007123021, 1, 0.000014082251), (0.00007123021, 1, 0.000014082251), (1, -0.00006151692, 1.3678494e-10), (1, -0.00006151692, 1.3678494e-10), (1, -0.000066300774, -0.0000037430418), (0.00007123021, 1, 0.000014082251), (0.00007123021, 1, 0.000014082251), (0.00007123021, 1, 0.000014082251), (1, -0.000066300774, -0.0000037430418), (1, -0.000066300774, -0.0000037430418), (0.00007123021, 1, 0.000014082251), (0.00007123021, 1, 0.000014082251), (1, -0.00007421988, 8.577328e-7), (0.00007123021, 1, 0.000014082251), (-0.000073466166, -1, -0.000014902749), (-0.000073466166, -1, -0.000014902749), (-0.00007123021, -1, -0.000014082251), (1, -0.00007421988, 8.577328e-7), (1, -0.000080066726, -1.2443807e-10), (1, -0.00007421988, 8.577328e-7), (-0.00007123021, -1, -0.000014082251), (-0.00007123021, -1, -0.000014082251), (-0.00007123021, -1, -0.000014082251), (1, -0.000080066726, -1.2443807e-10), (1, -0.00008006999, -1.2448413e-10), (1, -0.000080066726, -1.2443807e-10), (-0.00007123021, -1, -0.000014082251), (-0.00007123021, -1, -0.000014082251), (-0.00007123021, -1, -0.000014082251), (1, -0.00008006999, -1.2448413e-10), (1, -0.00008006545, -1.2442022e-10), (1, -0.00008006999, -1.2448413e-10), (-0.00007123021, -1, -0.000014082251), (-0.00007123021, -1, -0.000014082251), (-0.00007123021, -1, -0.000014082251), (1, -0.00008006545, -1.2442022e-10), (1, -0.0000800599, -1.2434198e-10), (1, -0.00008006545, -1.2442022e-10), (-0.00007123021, -1, -0.000014082251), (-0.00007123021, -1, -0.000014082251), (-0.00007123021, -1, -0.000014082251), (1, -0.0000800599, -1.2434198e-10), (1, -0.00008005574, -1.242834e-10), (1, -0.0000800599, -1.2434198e-10), (-0.00007123021, -1, -0.000014082251), (-0.00007123021, -1, -0.000014082251), (-0.00007123021, -1, -0.000014082251), (1, -0.00008005574, -1.242834e-10), (1, -0.00007780357, -3.5075868e-7), (1, -0.00008005574, -1.242834e-10), (-0.00007123021, -1, -0.000014082251), (-0.00007123021, -1, -0.000014082251), (-0.00007123021, -1, -0.000014082251), (1, -0.00007780357, -3.5075868e-7), (0.00007123021, 1, 0.000014082251), (1, -0.00007780357, -3.5075868e-7), (-0.00007123021, -1, -0.000014082251), (-0.00007123021, -1, -0.000014082251), (-0.000072276634, -1, -0.000013463729), (0.00007123021, 1, 0.000014082251), (0.00007123021, 1, 0.000014082251), (0.00007123021, 1, 0.000014082251), (-0.000072276634, -1, -0.000013463729), (-0.000072276634, -1, -0.000013463729), (1.0030817e-9, 0.000014082251, -1), (0.00007123021, 1, 0.000014082251), (1, -0.00007297792, -0.0000040957334), (0.00007123021, 1, 0.000014082251), (1.0030817e-9, 0.000014082251, -1), (1.0030817e-9, 0.000014082251, -1), (1.0030817e-9, 0.000014082251, -1), (1, -0.00007297792, -0.0000040957334), (1, -0.00007123038, -0.0000037455293), (1, -0.00007297792, -0.0000040957334), (1.0030817e-9, 0.000014082251, -1), (1.0030817e-9, 0.000014082251, -1), (1.0030817e-9, 0.000014082251, -1), (1, -0.00007123038, -0.0000037455293), (1, -0.00007123018, -0.0000025477755), (1, -0.00007123038, -0.0000037455293), (1.0030817e-9, 0.000014082251, -1), (1.0030817e-9, 0.000014082251, -1), (1.0030817e-9, 0.000014082251, -1), (1, -0.00007123018, -0.0000025477755), (1, -0.000068713205, -0.0000034243428), (1, -0.00007123018, -0.0000025477755), (1.0030817e-9, 0.000014082251, -1), (1.0030817e-9, 0.000014082251, -1), (1.0030817e-9, 0.000014082251, -1), (1, -0.000068713205, -0.0000034243428), (1, -0.00006905373, -0.0000052073988), (1, -0.000068713205, -0.0000034243428), (1.0030817e-9, 0.000014082251, -1), (1.0030817e-9, 0.000014082251, -1), (1.0030817e-9, 0.000014082251, -1), (1, -0.00006905373, -0.0000052073988), (0.00007123021, 1, 0.000014082251), (1, -0.00006905373, -0.0000052073988), (1.0030817e-9, 0.000014082251, -1), (1.0030817e-9, 0.000014082251, -1), (0.00007123021, 1, 0.000014082251), (0.00007123021, 1, 0.000014082251), (1, -0.00006832603, 0.0000044705766), (1, -0.00007123021, -1.110223e-16), (-1.0030817e-9, -0.000014082251, 1), (-1.0030817e-9, -0.000014082251, 1), (-1.0030817e-9, -0.000014082251, 1), (1, -0.00006832603, 0.0000044705766), (1, -0.0000687133, 0.0000032542462), (1, -0.00006832603, 0.0000044705766), (-1.0030817e-9, -0.000014082251, 1), (-1.0030817e-9, -0.000014082251, 1), (-1.0030817e-9, -0.000014082251, 1), (1, -0.0000687133, 0.0000032542462), (1, -0.00007123025, 0.0000024211681), (1, -0.0000687133, 0.0000032542462), (-1.0030817e-9, -0.000014082251, 1), (-1.0030817e-9, -0.000014082251, 1), (-1.0030817e-9, -0.000014082251, 1), (1, -0.00007123025, 0.0000024211681), (1, -0.000071364324, 0.0000024623844), (1, -0.00007123025, 0.0000024211681), (-1.0030817e-9, -0.000014082251, 1), (-1.0030817e-9, -0.000014082251, 1), (-1.0030817e-9, -0.000014082251, 1), (1, -0.000071364324, 0.0000024623844), (1, -0.00007205689, 0.0000032951755), (1, -0.000071364324, 0.0000024623844), (-1.0030817e-9, -0.000014082251, 1), (-1.0030817e-9, -0.000014082251, 1), (-1.0030817e-9, -0.000014082251, 1), (1, -0.00007205689, 0.0000032951755), (0.00007123021, 1, 0.000014082251), (1, -0.00007205689, 0.0000032951755), (-1.0030817e-9, -0.000014082251, 1), (-1.0030817e-9, -0.000014082251, 1), (-0.000073466166, -1, -0.000014858421), (0.00007123021, 1, 0.000014082251), (0.00007123021, 1, 0.000014082251), (-1.0030817e-9, -0.000014082251, 1), (1, -0.00007123021, -1.110223e-16), (1, -0.00007123021, -1.110223e-16), (1, -0.00007123021, -4.8779345e-9), (0.00007123021, 1, 0.000014082251), (0.00007123021, 1, 0.000014082251), (0.00007123021, 1, 0.000014082251), (1, -0.00007123021, -4.8779345e-9), (1, -0.00007123021, -4.8779345e-9), (1, -0.000062435065, 9.690103e-7), (0.00007123021, 1, 0.000014082251), (0.00007123021, 1, 0.000014082251), (0.00007123021, 1, 0.000014082251), (1, -0.000062435065, 9.690103e-7), (1, -0.000062435065, 9.690103e-7), (1, -0.0000615173, 1.3677959e-10), (0.00007123021, 1, 0.000014082251), (0.00007123021, 1, 0.000014082251), (0.00007123021, 1, 0.000014082251), (1, -0.0000615173, 1.3677959e-10), (1, -0.0000615173, 1.3677959e-10), (1, -0.00006151161, 1.3685972e-10), (0.00007123021, 1, 0.000014082251), (0.00007123021, 1, 0.000014082251), (0.00007123021, 1, 0.000014082251), (1, -0.00006151161, 1.3685972e-10), (1, -0.00006151161, 1.3685972e-10), (1, -0.00006152095, 1.3672813e-10), (0.00007123021, 1, 0.000014082251), (0.00007123021, 1, 0.000014082251), (0.00007123021, 1, 0.000014082251), (1, -0.00006152095, 1.3672813e-10), (1, -0.00006152095, 1.3672813e-10), (1, -0.00006152913, 1.3661296e-10), (0.00007123021, 1, 0.000014082251), (0.00007123021, 1, 0.000014082251), (0.00007123021, 1, 0.000014082251), (1, -0.00006152913, 1.3661296e-10), (1, -0.00006152913, 1.3661296e-10), (1, -0.00006151708, 1.3678271e-10), (0.00007123021, 1, 0.000014082251), (0.00007123021, 1, 0.000014082251), (0.00007123021, 1, 0.000014082251), (1, -0.00006151708, 1.3678271e-10), (1, -0.00006151708, 1.3678271e-10), (1, -0.00006630077, -0.0000037430457), (0.00007123021, 1, 0.000014082251), (0.00007123021, 1, 0.000014082251), (0.00007123021, 1, 0.000014082251), (1, -0.00006630077, -0.0000037430457), (1, -0.00006630077, -0.0000037430457), (0.00007123021, 1, 0.000014082251), (0.00007123021, 1, 0.000014082251), (1, -0.00007426453, 8.5138765e-7), (0.00007123021, 1, 0.000014082251), (-0.000073466166, -1, -0.000014858421), (-0.000073466166, -1, -0.000014858421), (-0.00007123021, -1, -0.000014082251), (1, -0.00007426453, 8.5138765e-7), (1, -0.000080066755, -1.2443849e-10), (1, -0.00007426453, 8.5138765e-7), (-0.00007123021, -1, -0.000014082251), (-0.00007123021, -1, -0.000014082251), (-0.00007123021, -1, -0.000014082251), (1, -0.000080066755, -1.2443849e-10), (1, -0.00008007891, -1.2460973e-10), (1, -0.000080066755, -1.2443849e-10), (-0.00007123021, -1, -0.000014082251), (-0.00007123021, -1, -0.000014082251), (-0.00007123021, -1, -0.000014082251), (1, -0.00008007891, -1.2460973e-10), (1, -0.00008007096, -1.2449772e-10), (1, -0.00008007891, -1.2460973e-10), (-0.00007123021, -1, -0.000014082251), (-0.00007123021, -1, -0.000014082251), (-0.00007123021, -1, -0.000014082251), (1, -0.00008007096, -1.2449772e-10), (1, -0.00008005442, -1.2426489e-10), (1, -0.00008007096, -1.2449772e-10), (-0.00007123021, -1, -0.000014082251), (-0.00007123021, -1, -0.000014082251), (-0.00007123021, -1, -0.000014082251), (1, -0.00008005442, -1.2426489e-10), (1, -0.00008005906, -1.2433013e-10), (1, -0.00008005442, -1.2426489e-10), (-0.00007123021, -1, -0.000014082251), (-0.00007123021, -1, -0.000014082251), (-0.00007123021, -1, -0.000014082251), (1, -0.00008005906, -1.2433013e-10), (1, -0.00007782119, -3.4643566e-7), (1, -0.00008005906, -1.2433013e-10), (-0.00007123021, -1, -0.000014082251), (-0.00007123021, -1, -0.000014082251), (-0.00007123021, -1, -0.000014082251), (1, -0.00007782119, -3.4643566e-7), (0.00007123021, 1, 0.000014082251), (1, -0.00007782119, -3.4643566e-7), (-0.00007123021, -1, -0.000014082251), (-0.00007123021, -1, -0.000014082251), (-0.00007227663, -1, -0.000013463728), (0.00007123021, 1, 0.000014082251), (0.00007123021, 1, 0.000014082251), (0.00007123021, 1, 0.000014082251), (-0.00007227663, -1, -0.000013463728), (-0.00007227663, -1, -0.000013463728), (1.0030817e-9, 0.000014082251, -1), (0.00007123021, 1, 0.000014082251), (1, -0.000072984294, -0.000004092061), (0.00007123021, 1, 0.000014082251), (1.0030817e-9, 0.000014082251, -1), (1.0030817e-9, 0.000014082251, -1), (1.0030817e-9, 0.000014082251, -1), (1, -0.000072984294, -0.000004092061), (1, -0.00007123038, -0.0000037455368), (1, -0.000072984294, -0.000004092061), (1.0030817e-9, 0.000014082251, -1), (1.0030817e-9, 0.000014082251, -1), (1.0030817e-9, 0.000014082251, -1), (1, -0.00007123038, -0.0000037455368), (1, -0.00007123018, -0.0000025477807), (1, -0.00007123038, -0.0000037455368), (1.0030817e-9, 0.000014082251, -1), (1.0030817e-9, 0.000014082251, -1), (1.0030817e-9, 0.000014082251, -1), (1, -0.00007123018, -0.0000025477807), (1, -0.000068713205, -0.0000034243496), (1, -0.00007123018, -0.0000025477807), (1.0030817e-9, 0.000014082251, -1), (1.0030817e-9, 0.000014082251, -1), (1.0030817e-9, 0.000014082251, -1), (1, -0.000068713205, -0.0000034243496), (1, -0.00006905373, -0.0000052074106), (1, -0.000068713205, -0.0000034243496), (1.0030817e-9, 0.000014082251, -1), (1.0030817e-9, 0.000014082251, -1), (1.0030817e-9, 0.000014082251, -1), (1, -0.00006905373, -0.0000052074106), (0.00007123021, 1, 0.000014082251), (1, -0.00006905373, -0.0000052074106), (1.0030817e-9, 0.000014082251, -1), (1.0030817e-9, 0.000014082251, -1), (0.00007123021, 1, 0.000014082251), (0.00007123021, 1, 0.000014082251), (1, -0.00006847878, 0.0000046642353), (1, -0.00007123021, -1.110223e-16), (-1.0030817e-9, -0.000014082251, 1), (-1.0030817e-9, -0.000014082251, 1), (-1.0030817e-9, -0.000014082251, 1), (1, -0.00006847878, 0.0000046642353), (1, -0.0000687133, 0.0000033206486), (1, -0.00006847878, 0.0000046642353), (-1.0030817e-9, -0.000014082251, 1), (-1.0030817e-9, -0.000014082251, 1), (-1.0030817e-9, -0.000014082251, 1), (1, -0.0000687133, 0.0000033206486), (1, -0.00007123025, 0.0000024705726), (1, -0.0000687133, 0.0000033206486), (-1.0030817e-9, -0.000014082251, 1), (-1.0030817e-9, -0.000014082251, 1), (-1.0030817e-9, -0.000014082251, 1), (1, -0.00007123025, 0.0000024705726), (1, -0.000071364324, 0.0000025126296), (1, -0.00007123025, 0.0000024705726), (-1.0030817e-9, -0.000014082251, 1), (-1.0030817e-9, -0.000014082251, 1), (-1.0030817e-9, -0.000014082251, 1), (1, -0.000071364324, 0.0000025126296), (1, -0.00007203696, 0.0000033707922), (1, -0.000071364324, 0.0000025126296), (-1.0030817e-9, -0.000014082251, 1), (-1.0030817e-9, -0.000014082251, 1), (-1.0030817e-9, -0.000014082251, 1), (1, -0.00007203696, 0.0000033707922), (0.00007123021, 1, 0.000014082251), (1, -0.00007203696, 0.0000033707922), (-1.0030817e-9, -0.000014082251, 1), (-1.0030817e-9, -0.000014082251, 1), (-0.000073466166, -1, -0.000015304573), (0.00007123021, 1, 0.000014082251), (0.00007123021, 1, 0.000014082251), (-1.0030817e-9, -0.000014082251, 1), (1, -0.00007123021, -1.110223e-16), (1, -0.00007123021, -1.110223e-16), (1, -0.00007123021, -6.002855e-9), (0.00007123021, 1, 0.000014082251), (0.00007123021, 1, 0.000014082251), (0.00007123021, 1, 0.000014082251), (1, -0.00007123021, -6.002855e-9), (1, -0.00007123021, -6.002855e-9), (1, -0.00006254847, 9.681322e-7), (0.00007123021, 1, 0.000014082251), (0.00007123021, 1, 0.000014082251), (0.00007123021, 1, 0.000014082251), (1, -0.00006254847, 9.681322e-7), (1, -0.00006254847, 9.681322e-7), (1, -0.000061515224, 1.3680881e-10), (0.00007123021, 1, 0.000014082251), (0.00007123021, 1, 0.000014082251), (0.00007123021, 1, 0.000014082251), (1, -0.000061515224, 1.3680881e-10), (1, -0.000061515224, 1.3680881e-10), (1, -0.00006151149, 1.3686138e-10), (0.00007123021, 1, 0.000014082251), (0.00007123021, 1, 0.000014082251), (0.00007123021, 1, 0.000014082251), (1, -0.00006151149, 1.3686138e-10), (1, -0.00006151149, 1.3686138e-10), (1, -0.000061521074, 1.3672638e-10), (0.00007123021, 1, 0.000014082251), (0.00007123021, 1, 0.000014082251), (0.00007123021, 1, 0.000014082251), (1, -0.000061521074, 1.3672638e-10), (1, -0.000061521074, 1.3672638e-10), (1, -0.00006152185, 1.3671549e-10), (0.00007123021, 1, 0.000014082251), (0.00007123021, 1, 0.000014082251), (0.00007123021, 1, 0.000014082251), (1, -0.00006152185, 1.3671549e-10), (1, -0.00006152185, 1.3671549e-10), (1, -0.000061516934, 1.3678474e-10), (0.00007123021, 1, 0.000014082251), (0.00007123021, 1, 0.000014082251), (0.00007123021, 1, 0.000014082251), (1, -0.000061516934, 1.3678474e-10), (1, -0.000061516934, 1.3678474e-10), (1, -0.00006632675, -0.0000038494186), (0.00007123021, 1, 0.000014082251), (0.00007123021, 1, 0.000014082251), (0.00007123021, 1, 0.000014082251), (1, -0.00006632675, -0.0000038494186), (1, -0.00006632675, -0.0000038494186), (0.00007123021, 1, 0.000014082251), (0.00007123021, 1, 0.000014082251), (1, -0.000073888325, 9.185195e-7), (0.00007123021, 1, 0.000014082251), (-0.000073466166, -1, -0.000015304573), (-0.000073466166, -1, -0.000015304573), (-0.00007123021, -1, -0.000014082251), (1, -0.000073888325, 9.185195e-7), (1, -0.000080066704, -1.2443784e-10), (1, -0.000073888325, 9.185195e-7), (-0.00007123021, -1, -0.000014082251), (-0.00007123021, -1, -0.000014082251), (-0.00007123021, -1, -0.000014082251), (1, -0.000080066704, -1.2443784e-10), (1, -0.00008006446, -1.2440625e-10), (1, -0.000080066704, -1.2443784e-10), (-0.00007123021, -1, -0.000014082251), (-0.00007123021, -1, -0.000014082251), (-0.00007123021, -1, -0.000014082251), (1, -0.00008006446, -1.2440625e-10), (1, -0.00008007107, -1.2449923e-10), (1, -0.00008006446, -1.2440625e-10), (-0.00007123021, -1, -0.000014082251), (-0.00007123021, -1, -0.000014082251), (-0.00007123021, -1, -0.000014082251), (1, -0.00008007107, -1.2449923e-10), (1, -0.00008005442, -1.2426489e-10), (1, -0.00008007107, -1.2449923e-10), (-0.00007123021, -1, -0.000014082251), (-0.00007123021, -1, -0.000014082251), (-0.00007123021, -1, -0.000014082251), (1, -0.00008005442, -1.2426489e-10), (1, -0.00008006837, -1.2446126e-10), (1, -0.00008005442, -1.2426489e-10), (-0.00007123021, -1, -0.000014082251), (-0.00007123021, -1, -0.000014082251), (-0.00007123021, -1, -0.000014082251), (1, -0.00008006837, -1.2446126e-10), (1, -0.00007784845, -3.5102005e-7), (1, -0.00008006837, -1.2446126e-10), (-0.00007123021, -1, -0.000014082251), (-0.00007123021, -1, -0.000014082251), (-0.00007123021, -1, -0.000014082251), (1, -0.00007784845, -3.5102005e-7), (0.00007123021, 1, 0.000014082251), (1, -0.00007784845, -3.5102005e-7), (-0.00007123021, -1, -0.000014082251), (-0.00007123021, -1, -0.000014082251), (-0.00007236289, -1, -0.000013458857), (0.00007123021, 1, 0.000014082251), (0.00007123021, 1, 0.000014082251), (0.00007123021, 1, 0.000014082251), (-0.00007236289, -1, -0.000013458857), (-0.00007236289, -1, -0.000013458857), (-0.000008942472, 0.000018524057, -1), (0.00007123021, 1, 0.000014082251), (1, -0.00007299602, -0.0000041784415), (0.00007123021, 1, 0.000014082251), (-0.000008942472, 0.000018524057, -1), (-0.000008942472, 0.000018524057, -1), (1.0030817e-9, 0.000014082251, -1), (1, -0.00007299602, -0.0000041784415), (1, -0.00007123038, -0.0000038309513), (1, -0.00007299602, -0.0000041784415), (1.0030817e-9, 0.000014082251, -1), (1.0030817e-9, 0.000014082251, -1), (1.0030817e-9, 0.000014082251, -1), (1, -0.00007123038, -0.0000038309513), (1, -0.00007123018, -0.000002605881), (1, -0.00007123038, -0.0000038309513), (1.0030817e-9, 0.000014082251, -1), (1.0030817e-9, 0.000014082251, -1), (1.0030817e-9, 0.000014082251, -1), (1, -0.00007123018, -0.000002605881), (1, -0.000068713205, -0.0000035024402), (1, -0.00007123018, -0.000002605881), (1.0030817e-9, 0.000014082251, -1), (1.0030817e-9, 0.000014082251, -1), (1.0030817e-9, 0.000014082251, -1), (1, -0.000068713205, -0.0000035024402), (1, -0.00006902759, -0.0000053076706), (1, -0.000068713205, -0.0000035024402), (1.0030817e-9, 0.000014082251, -1), (1.0030817e-9, 0.000014082251, -1), (-0.00000274363, 0.000013429603, -1), (1, -0.00006902759, -0.0000053076706), (0.00007123021, 1, 0.000014082251), (1, -0.00006902759, -0.0000053076706), (-0.00000274363, 0.000013429603, -1), (-0.00000274363, 0.000013429603, -1), (0.00007123021, 1, 0.000014082251), (0.00007123021, 1, 0.000014082251), (0.00007123021, 1, 0.000014082251), (0.00007123021, 1, 0.000014082251), (1, -0.00007294843, -0.0000040649447), (0.00007123021, 1, 0.000014082251), (1, -0.00007294843, -0.0000040649447), (1, -0.00007785123, -3.5011044e-7), (1, -0.00007294843, -0.0000040649447), (1, -0.000074073774, -7.564443e-8), (1, -0.00007785123, -3.5011044e-7), (1, -0.000074073774, -7.564443e-8), (1, -0.00008006838, -1.2446139e-10), (1, -0.00007785123, -3.5011044e-7), (1, -0.000074073774, -7.564443e-8), (1, -0.0000800542, -1.242617e-10), (1, -0.00008006838, -1.2446139e-10), (1, -0.000074073774, -7.564443e-8), (1, -0.00008007085, -1.244962e-10), (1, -0.0000800542, -1.242617e-10), (1, -0.000074073774, -7.564443e-8), (1, -0.00008006528, -1.244177e-10), (1, -0.00008007085, -1.244962e-10), (1, -0.00007294843, -0.0000040649447), (1, -0.00007204259, -0.0000035510752), (1, -0.000074073774, -7.564443e-8), (1, -0.00007204259, -0.0000035510752), (1, -0.00007294843, -0.0000040649447), (1, -0.00007123038, -0.0000037019774), (1, -0.00007123038, -0.0000037019774), (1, -0.000071171096, -0.0000012263249), (1, -0.00007204259, -0.0000035510752), (1, -0.00007123018, -0.0000025181507), (1, -0.000071171096, -0.0000012263249), (1, -0.00007123038, -0.0000037019774), (1, -0.000074073774, -7.564443e-8), (1, -0.00007276495, 4.6001357e-8), (1, -0.00008006528, -1.244177e-10), (1, -0.000080066726, -1.2443807e-10), (1, -0.00008006528, -1.244177e-10), (1, -0.00007276495, 4.6001357e-8), (1, -0.00007276495, 4.6001357e-8), (1, -0.000074073774, -7.564443e-8), (1, -0.000071116156, 1.6060806e-12), (1, -0.000073887095, 9.226396e-7), (1, -0.000080066726, -1.2443807e-10), (1, -0.00007276495, 4.6001357e-8), (1, -0.00007123018, -0.0000025181507), (1, -0.00007055713, -0.0000021020653), (1, -0.000071171096, -0.0000012263249), (1, -0.00007123018, -0.0000025181507), (1, -0.000068713205, -0.0000033845254), (1, -0.00007055713, -0.0000021020653), (1, -0.00007055713, -0.0000021020653), (1, -0.000068713205, -0.0000033845254), (1, -0.000069010326, -0.000005117178), (1, -0.000071171096, -0.0000012263249), (1, -0.00007055713, -0.0000021020653), (1, -0.00007113785, 1.3005104e-12), (1, -0.00007113785, 1.3005104e-12), (1, -0.000071116156, 1.6060806e-12), (1, -0.000071171096, -0.0000012263249), (1, -0.000069010326, -0.000005117178), (1, -0.00006375062, -0.0000019157685), (1, -0.00007055713, -0.0000021020653), (1, -0.00007116812, 8.743335e-13), (1, -0.000071116156, 1.6060806e-12), (1, -0.00007113785, 1.3005104e-12), (1, -0.000071116156, 1.6060806e-12), (1, -0.00007116812, 8.743335e-13), (1, -0.00007276495, 4.6001357e-8), (1, -0.00006632627, -0.0000037236846), (1, -0.000069010326, -0.000005117178), (0.00007123021, 1, 0.000014082251), (1, -0.00006632627, -0.0000037236846), (1, -0.00006375062, -0.0000019157685), (1, -0.000069010326, -0.000005117178), (1, -0.00006632627, -0.0000037236846), (1, -0.00006151693, 1.3678486e-10), (1, -0.00006375062, -0.0000019157685), (1, -0.00006375062, -0.0000019157685), (1, -0.00006151693, 1.3678486e-10), (1, -0.000061529514, 1.3660754e-10), (1, -0.000061529514, 1.3660754e-10), (1, -0.000066218214, 7.0580077e-11), (1, -0.00006375062, -0.0000019157685), (1, -0.00007113785, 1.3005104e-12), (1, -0.000070949245, 3.9565027e-12), (1, -0.00007116812, 8.743335e-13), (1, -0.000070949245, 3.9565027e-12), (1, -0.00007113785, 1.3005104e-12), (1, -0.000066218214, 7.0580077e-11), (1, -0.00007116812, 8.743335e-13), (1, -0.000070949245, 3.9565027e-12), (1, -0.00007076363, 0.0000014192611), (1, -0.000066218214, 7.0580077e-11), (1, -0.00006447468, 9.5132915e-11), (1, -0.000070949245, 3.9565027e-12), (1, -0.00006447468, 9.5132915e-11), (1, -0.000066218214, 7.0580077e-11), (1, -0.000061529514, 1.3660754e-10), (1, -0.00006447468, 9.5132915e-11), (1, -0.000061529514, 1.3660754e-10), (1, -0.000061521205, 1.3672463e-10), (1, -0.00006447468, 9.5132915e-11), (1, -0.000061521205, 1.3672463e-10), (1, -0.000061511724, 1.3685805e-10), (1, -0.00006447468, 9.5132915e-11), (1, -0.000061511724, 1.3685805e-10), (1, -0.00006151583, 1.3680028e-10), (1, -0.00006361797, 0.0000019679062), (1, -0.00006447468, 9.5132915e-11), (1, -0.00006151583, 1.3680028e-10), (1, -0.00006151583, 1.3680028e-10), (1, -0.00006255589, 9.673041e-7), (1, -0.00006361797, 0.0000019679062), (1, -0.00006848937, 0.0000046306254), (1, -0.00006361797, 0.0000019679062), (1, -0.00006255589, 9.673041e-7), (1, -0.00007076363, 0.0000014192611), (1, -0.00006361797, 0.0000019679062), (1, -0.00006848937, 0.0000046306254), (1, -0.00006848937, 0.0000046306254), (1, -0.00006255589, 9.673041e-7), (1, -0.00007123021, -6.034683e-9), (1, -0.00006848937, 0.0000046306254), (1, -0.00007123021, -6.034683e-9), (1, -0.00007123021, -1.110223e-16), (1, -0.00006848937, 0.0000046306254), (1, -0.0000687133, 0.00000329171), (1, -0.00007076363, 0.0000014192611), (1, -0.00007123025, 0.000002449042), (1, -0.00007076363, 0.0000014192611), (1, -0.0000687133, 0.00000329171), (1, -0.00007076363, 0.0000014192611), (1, -0.00007123025, 0.000002742374), (1, -0.00007116812, 8.743335e-13), (1, -0.00007123025, 0.000002449042), (1, -0.00007123025, 0.000002742374), (1, -0.00007076363, 0.0000014192611), (1, -0.00007123025, 0.000002449042), (1, -0.000071364324, 0.0000024907324), (1, -0.00007123025, 0.000002742374), (1, -0.00007123025, 0.000002742374), (1, -0.000071364324, 0.0000024907324), (1, -0.000072023744, 0.0000033469164), (1, -0.000072023744, 0.0000033469164), (1, -0.00007262661, 0.000004405402), (1, -0.00007123025, 0.000002742374), (1, -0.000072023744, 0.0000033469164), (1, -0.00007276495, 4.6001357e-8), (1, -0.00007262661, 0.000004405402), (1, -0.000072023744, 0.0000033469164), (1, -0.000073887095, 9.226396e-7), (1, -0.00007276495, 4.6001357e-8), (1, -0.000072023744, 0.0000033469164), (0.00007123021, 1, 0.000014082251), (1, -0.000073887095, 9.226396e-7), (0.00007123021, 1, 0.000014082251), (0.00007123021, 1, 0.000014082251), (1, -0.00007293372, -0.0000040351642), (0.00007123021, 1, 0.000014082251), (1, -0.00007293372, -0.0000040351642), (1, -0.00007785419, -3.5132464e-7), (1, -0.00007293372, -0.0000040351642), (1, -0.00007409599, -7.685946e-8), (1, -0.00007785419, -3.5132464e-7), (1, -0.00007409599, -7.685946e-8), (1, -0.00008006152, -1.2436481e-10), (1, -0.00007785419, -3.5132464e-7), (1, -0.00007409599, -7.685946e-8), (1, -0.000080054284, -1.2426289e-10), (1, -0.00008006152, -1.2436481e-10), (1, -0.00007409599, -7.685946e-8), (1, -0.00008007082, -1.2449583e-10), (1, -0.000080054284, -1.2426289e-10), (1, -0.00007409599, -7.685946e-8), (1, -0.000080069825, -1.2448173e-10), (1, -0.00008007082, -1.2449583e-10), (1, -0.00007293372, -0.0000040351642), (1, -0.00007202685, -0.0000035216474), (1, -0.00007409599, -7.685946e-8), (1, -0.00007202685, -0.0000035216474), (1, -0.00007293372, -0.0000040351642), (1, -0.00007123038, -0.0000036672727), (1, -0.00007123038, -0.0000036672727), (1, -0.00007117107, -0.000001226905), (1, -0.00007202685, -0.0000035216474), (1, -0.00007123018, -0.000002494544), (1, -0.00007117107, -0.000001226905), (1, -0.00007123038, -0.0000036672727), (1, -0.00007409599, -7.685946e-8), (1, -0.000072785755, 4.6761322e-8), (1, -0.000080069825, -1.2448173e-10), (1, -0.000080066726, -1.2443814e-10), (1, -0.000080069825, -1.2448173e-10), (1, -0.000072785755, 4.6761322e-8), (1, -0.000072785755, 4.6761322e-8), (1, -0.00007409599, -7.685946e-8), (1, -0.000071116425, 1.602315e-12), (1, -0.00007397945, 9.054038e-7), (1, -0.000080066726, -1.2443814e-10), (1, -0.000072785755, 4.6761322e-8), (1, -0.00007123018, -0.000002494544), (1, -0.00007055151, -0.0000021020364), (1, -0.00007117107, -0.000001226905), (1, -0.00007123018, -0.000002494544), (1, -0.000068713205, -0.000003352796), (1, -0.00007055151, -0.0000021020364), (1, -0.00007055151, -0.0000021020364), (1, -0.000068713205, -0.000003352796), (1, -0.00006904002, -0.000005089313), (1, -0.00007117107, -0.000001226905), (1, -0.00007055151, -0.0000021020364), (1, -0.0000711384, 1.2928211e-12), (1, -0.0000711384, 1.2928211e-12), (1, -0.000071116425, 1.602315e-12), (1, -0.00007117107, -0.000001226905), (1, -0.00006904002, -0.000005089313), (1, -0.00006378792, -0.0000019185702), (1, -0.00007055151, -0.0000021020364), (1, -0.00007116863, 8.67156e-13), (1, -0.000071116425, 1.602315e-12), (1, -0.0000711384, 1.2928211e-12), (1, -0.000071116425, 1.602315e-12), (1, -0.00007116863, 8.67156e-13), (1, -0.000072785755, 4.6761322e-8), (1, -0.00006627044, -0.0000036405363), (1, -0.00006904002, -0.000005089313), (0.00007123021, 1, 0.000014082251), (1, -0.00006627044, -0.0000036405363), (1, -0.00006378792, -0.0000019185702), (1, -0.00006904002, -0.000005089313), (1, -0.00006627044, -0.0000036405363), (1, -0.00006151692, 1.367849e-10), (1, -0.00006378792, -0.0000019185702), (1, -0.00006378792, -0.0000019185702), (1, -0.00006151692, 1.367849e-10), (1, -0.00006152666, 1.3664771e-10), (1, -0.00006152666, 1.3664771e-10), (1, -0.00006620519, 7.0763506e-11), (1, -0.00006378792, -0.0000019185702), (1, -0.0000711384, 1.2928211e-12), (1, -0.000070951755, 3.9211967e-12), (1, -0.00007116863, 8.67156e-13), (1, -0.000070951755, 3.9211967e-12), (1, -0.0000711384, 1.2928211e-12), (1, -0.00006620519, 7.0763506e-11), (1, -0.00007116863, 8.67156e-13), (1, -0.000070951755, 3.9211967e-12), (1, -0.00007075724, 0.0000014100241), (1, -0.00006620519, 7.0763506e-11), (1, -0.00006444964, 9.5485606e-11), (1, -0.000070951755, 3.9211967e-12), (1, -0.00006444964, 9.5485606e-11), (1, -0.00006620519, 7.0763506e-11), (1, -0.00006152666, 1.3664771e-10), (1, -0.00006444964, 9.5485606e-11), (1, -0.00006152666, 1.3664771e-10), (1, -0.00006152117, 1.3672508e-10), (1, -0.00006444964, 9.5485606e-11), (1, -0.00006152117, 1.3672508e-10), (1, -0.00006151176, 1.3685762e-10), (1, -0.00006444964, 9.5485606e-11), (1, -0.00006151176, 1.3685762e-10), (1, -0.00006151838, 1.3676434e-10), (1, -0.00006364406, 0.0000019634833), (1, -0.00006444964, 9.5485606e-11), (1, -0.00006151838, 1.3676434e-10), (1, -0.00006151838, 1.3676434e-10), (1, -0.000062591265, 9.653133e-7), (1, -0.00006364406, 0.0000019634833), (1, -0.0000684658, 0.000004522497), (1, -0.00006364406, 0.0000019634833), (1, -0.000062591265, 9.653133e-7), (1, -0.00007075724, 0.0000014100241), (1, -0.00006364406, 0.0000019634833), (1, -0.0000684658, 0.000004522497), (1, -0.0000684658, 0.000004522497), (1, -0.000062591265, 9.653133e-7), (1, -0.00007123021, -5.733137e-9), (1, -0.0000684658, 0.000004522497), (1, -0.00007123021, -5.733137e-9), (0.00007123021, 1, 0.000014082251), (1, -0.0000684658, 0.000004522497), (1, -0.0000687133, 0.0000032257494), (1, -0.00007075724, 0.0000014100241), (1, -0.00007123025, 0.0000023999664), (1, -0.00007075724, 0.0000014100241), (1, -0.0000687133, 0.0000032257494), (1, -0.00007075724, 0.0000014100241), (1, -0.00007123025, 0.000002699657), (1, -0.00007116863, 8.67156e-13), (1, -0.00007123025, 0.0000023999664), (1, -0.00007123025, 0.000002699657), (1, -0.00007075724, 0.0000014100241), (1, -0.00007123025, 0.0000023999664), (1, -0.00007136432, 0.0000024408214), (1, -0.00007123025, 0.000002699657), (1, -0.00007123025, 0.000002699657), (1, -0.00007136432, 0.0000024408214), (1, -0.00007200663, 0.0000032868265), (1, -0.00007200663, 0.0000032868265), (1, -0.00007259831, 0.0000043269597), (1, -0.00007123025, 0.000002699657), (1, -0.00007200663, 0.0000032868265), (1, -0.000072785755, 4.6761322e-8), (1, -0.00007259831, 0.0000043269597), (1, -0.00007200663, 0.0000032868265), (1, -0.00007397945, 9.054038e-7), (1, -0.000072785755, 4.6761322e-8), (1, -0.00007200663, 0.0000032868265), (0.00007123021, 1, 0.000014082251), (1, -0.00007397945, 9.054038e-7), (0.00007123021, 1, 0.000014082251), (0.00007123021, 1, 0.000014082251), (1, -0.00007296957, -0.0000040444274), (0.00007123021, 1, 0.000014082251), (1, -0.00007296957, -0.0000040444274), (1, -0.00007785758, -3.4939387e-7), (1, -0.00007296957, -0.0000040444274), (1, -0.00007411106, -7.6692864e-8), (1, -0.00007785758, -3.4939387e-7), (1, -0.00007411106, -7.6692864e-8), (1, -0.00008005829, -1.2431939e-10), (1, -0.00007785758, -3.4939387e-7), (1, -0.00007411106, -7.6692864e-8), (1, -0.00008005988, -1.2434168e-10), (1, -0.00008005829, -1.2431939e-10), (1, -0.00007411106, -7.6692864e-8), (1, -0.000080065416, -1.2441968e-10), (1, -0.00008005988, -1.2434168e-10), (1, -0.00007411106, -7.6692864e-8), (1, -0.00008006109, -1.243587e-10), (1, -0.000080065416, -1.2441968e-10), (1, -0.00007296957, -0.0000040444274), (1, -0.00007204439, -0.000003543122), (1, -0.00007411106, -7.6692864e-8), (1, -0.00007204439, -0.000003543122), (1, -0.00007296957, -0.0000040444274), (1, -0.00007123038, -0.0000036942647), (1, -0.00007123038, -0.0000036942647), (1, -0.0000711713, -0.0000012220544), (1, -0.00007204439, -0.000003543122), (1, -0.00007123018, -0.0000025129043), (1, -0.0000711713, -0.0000012220544), (1, -0.00007123038, -0.0000036942647), (1, -0.00007411106, -7.6692864e-8), (1, -0.00007278586, 4.6764452e-8), (1, -0.00008006109, -1.243587e-10), (1, -0.000080066726, -1.2443814e-10), (1, -0.00008006109, -1.243587e-10), (1, -0.00007278586, 4.6764452e-8), (1, -0.00007278586, 4.6764452e-8), (1, -0.00007411106, -7.6692864e-8), (1, -0.00007111676, 1.5975311e-12), (1, -0.00007398302, 9.065813e-7), (1, -0.000080066726, -1.2443814e-10), (1, -0.00007278586, 4.6764452e-8), (1, -0.00007123018, -0.0000025129043), (1, -0.00007055942, -0.000002094889), (1, -0.0000711713, -0.0000012220544), (1, -0.00007123018, -0.0000025129043), (1, -0.000068713205, -0.0000033774734), (1, -0.00007055942, -0.000002094889), (1, -0.00007055942, -0.000002094889), (1, -0.000068713205, -0.0000033774734), (1, -0.000068998874, -0.000005098705), (1, -0.0000711713, -0.0000012220544), (1, -0.00007055942, -0.000002094889), (1, -0.000071139264, 1.2806863e-12), (1, -0.000071139264, 1.2806863e-12), (1, -0.00007111676, 1.5975311e-12), (1, -0.0000711713, -0.0000012220544), (1, -0.000068998874, -0.000005098705), (1, -0.00006374668, -0.0000019111808), (1, -0.00007055942, -0.000002094889), (1, -0.00007116863, 8.6715693e-13), (1, -0.00007111676, 1.5975311e-12), (1, -0.000071139264, 1.2806863e-12), (1, -0.00007111676, 1.5975311e-12), (1, -0.00007116863, 8.6715693e-13), (1, -0.00007278586, 4.6764452e-8), (1, -0.0000661444, -0.0000035722965), (1, -0.000068998874, -0.000005098705), (0.00007123021, 1, 0.000014082251), (1, -0.0000661444, -0.0000035722965), (1, -0.00006374668, -0.0000019111808), (1, -0.000068998874, -0.000005098705), (1, -0.0000661444, -0.0000035722965), (1, -0.00006151692, 1.3678489e-10), (1, -0.00006374668, -0.0000019111808), (1, -0.00006374668, -0.0000019111808), (1, -0.00006151692, 1.3678489e-10), (1, -0.00006152128, 1.3672356e-10), (1, -0.00006152128, 1.3672356e-10), (1, -0.00006618276, 7.107937e-11), (1, -0.00006374668, -0.0000019111808), (1, -0.000071139264, 1.2806863e-12), (1, -0.000070951755, 3.9212e-12), (1, -0.00007116863, 8.6715693e-13), (1, -0.000070951755, 3.9212e-12), (1, -0.000071139264, 1.2806863e-12), (1, -0.00006618276, 7.107937e-11), (1, -0.00007116863, 8.6715693e-13), (1, -0.000070951755, 3.9212e-12), (1, -0.000070757946, 0.0000014135691), (1, -0.00006618276, 7.107937e-11), (1, -0.00006444963, 9.5485696e-11), (1, -0.000070951755, 3.9212e-12), (1, -0.00006444963, 9.5485696e-11), (1, -0.00006618276, 7.107937e-11), (1, -0.00006152128, 1.3672356e-10), (1, -0.00006444963, 9.5485696e-11), (1, -0.00006152128, 1.3672356e-10), (1, -0.00006151474, 1.3681563e-10), (1, -0.00006444963, 9.5485696e-11), (1, -0.00006151474, 1.3681563e-10), (1, -0.000061517814, 1.3677233e-10), (1, -0.00006444963, 9.5485696e-11), (1, -0.000061517814, 1.3677233e-10), (1, -0.000061519466, 1.367491e-10), (1, -0.00006363163, 0.000001967282), (1, -0.00006444963, 9.5485696e-11), (1, -0.000061519466, 1.367491e-10), (1, -0.000061519466, 1.367491e-10), (1, -0.00006258329, 9.66204e-7), (1, -0.00006363163, 0.000001967282), (1, -0.00006846051, 0.0000045502125), (1, -0.00006363163, 0.000001967282), (1, -0.00006258329, 9.66204e-7), (1, -0.000070757946, 0.0000014135691), (1, -0.00006363163, 0.000001967282), (1, -0.00006846051, 0.0000045502125), (1, -0.00006846051, 0.0000045502125), (1, -0.00006258329, 9.66204e-7), (1, -0.00007123021, -5.733133e-9), (1, -0.00006846051, 0.0000045502125), (1, -0.00007123021, -5.733133e-9), (0.00007123021, 1, 0.000014082251), (1, -0.00006846051, 0.0000045502125), (1, -0.0000687133, 0.0000032479943), (1, -0.000070757946, 0.0000014135691), (1, -0.00007123025, 0.000002416517), (1, -0.000070757946, 0.0000014135691), (1, -0.0000687133, 0.0000032479943), (1, -0.000070757946, 0.0000014135691), (1, -0.00007123025, 0.0000027143617), (1, -0.00007116863, 8.6715693e-13), (1, -0.00007123025, 0.000002416517), (1, -0.00007123025, 0.0000027143617), (1, -0.000070757946, 0.0000014135691), (1, -0.00007123025, 0.000002416517), (1, -0.000071364324, 0.0000024576539), (1, -0.00007123025, 0.0000027143617), (1, -0.00007123025, 0.0000027143617), (1, -0.000071364324, 0.0000024576539), (1, -0.00007201151, 0.00000330749), (1, -0.00007201151, 0.00000330749), (1, -0.0000726102, 0.0000043536584), (1, -0.00007123025, 0.0000027143617), (1, -0.00007201151, 0.00000330749), (1, -0.00007278586, 4.6764452e-8), (1, -0.0000726102, 0.0000043536584), (1, -0.00007201151, 0.00000330749), (1, -0.00007398302, 9.065813e-7), (1, -0.00007278586, 4.6764452e-8), (1, -0.00007201151, 0.00000330749), (0.00007123021, 1, 0.000014082251), (1, -0.00007398302, 9.065813e-7), (0.00007123021, 1, 0.000014082251), (0.00007123021, 1, 0.000014082251), (1, -0.00007294174, -0.000004067718), (0.00007123021, 1, 0.000014082251), (1, -0.00007294174, -0.000004067718), (1, -0.00007784669, -3.519904e-7), (1, -0.00007294174, -0.000004067718), (1, -0.00007409263, -7.688381e-8), (1, -0.00007784669, -3.519904e-7), (1, -0.00007409263, -7.688381e-8), (1, -0.00008005829, -1.2431937e-10), (1, -0.00007784669, -3.519904e-7), (1, -0.00007409263, -7.688381e-8), (1, -0.00008005987, -1.2434156e-10), (1, -0.00008005829, -1.2431937e-10), (1, -0.00007409263, -7.688381e-8), (1, -0.00008006543, -1.2441985e-10), (1, -0.00008005987, -1.2434156e-10), (1, -0.00007409263, -7.688381e-8), (1, -0.000080069985, -1.2448402e-10), (1, -0.00008006543, -1.2441985e-10), (1, -0.00007294174, -0.000004067718), (1, -0.00007203553, -0.0000035519768), (1, -0.00007409263, -7.688381e-8), (1, -0.00007203553, -0.0000035519768), (1, -0.00007294174, -0.000004067718), (1, -0.00007123038, -0.0000037010168), (1, -0.00007123038, -0.0000037010168), (1, -0.000071170834, -0.0000012316815), (1, -0.00007203553, -0.0000035519768), (1, -0.00007123018, -0.0000025174973), (1, -0.000071170834, -0.0000012316815), (1, -0.00007123038, -0.0000037010168), (1, -0.00007409263, -7.688381e-8), (1, -0.00007278588, 4.6765084e-8), (1, -0.000080069985, -1.2448402e-10), (1, -0.000080066726, -1.2443811e-10), (1, -0.000080069985, -1.2448402e-10), (1, -0.00007278588, 4.6765084e-8), (1, -0.00007278588, 4.6765084e-8), (1, -0.00007409263, -7.688381e-8), (1, -0.000071116454, 1.6018898e-12), (1, -0.000073960895, 9.0997423e-7), (1, -0.000080066726, -1.2443811e-10), (1, -0.00007278588, 4.6765084e-8), (1, -0.00007123018, -0.0000025174973), (1, -0.00007055434, -0.0000021107685), (1, -0.000071170834, -0.0000012316815), (1, -0.00007123018, -0.0000025174973), (1, -0.000068713205, -0.0000033836468), (1, -0.00007055434, -0.0000021107685), (1, -0.00007055434, -0.0000021107685), (1, -0.000068713205, -0.0000033836468), (1, -0.0000690569, -0.0000051476786), (1, -0.000071170834, -0.0000012316815), (1, -0.00007055434, -0.0000021107685), (1, -0.00007113848, 1.2917214e-12), (1, -0.00007113848, 1.2917214e-12), (1, -0.000071116454, 1.6018898e-12), (1, -0.000071170834, -0.0000012316815), (1, -0.0000690569, -0.0000051476786), (1, -0.00006378169, -0.0000019235763), (1, -0.00007055434, -0.0000021107685), (1, -0.00007116863, 8.6715953e-13), (1, -0.000071116454, 1.6018898e-12), (1, -0.00007113848, 1.2917214e-12), (1, -0.000071116454, 1.6018898e-12), (1, -0.00007116863, 8.6715953e-13), (1, -0.00007278588, 4.6765084e-8), (1, -0.00006630086, -0.0000036983374), (1, -0.0000690569, -0.0000051476786), (0.00007123021, 1, 0.000014082251), (1, -0.00006630086, -0.0000036983374), (1, -0.00006378169, -0.0000019235763), (1, -0.0000690569, -0.0000051476786), (1, -0.00006630086, -0.0000036983374), (1, -0.00006151692, 1.3678489e-10), (1, -0.00006378169, -0.0000019235763), (1, -0.00006378169, -0.0000019235763), (1, -0.00006151692, 1.3678489e-10), (1, -0.00006152531, 1.3666683e-10), (1, -0.00006152531, 1.3666683e-10), (1, -0.00006620267, 7.0798964e-11), (1, -0.00006378169, -0.0000019235763), (1, -0.00007113848, 1.2917214e-12), (1, -0.000070951755, 3.9212123e-12), (1, -0.00007116863, 8.6715953e-13), (1, -0.000070951755, 3.9212123e-12), (1, -0.00007113848, 1.2917214e-12), (1, -0.00006620267, 7.0798964e-11), (1, -0.00007116863, 8.6715953e-13), (1, -0.000070951755, 3.9212123e-12), (1, -0.00007075965, 0.0000014141314), (1, -0.00006620267, 7.0798964e-11), (1, -0.00006444962, 9.548597e-11), (1, -0.000070951755, 3.9212123e-12), (1, -0.00006444962, 9.548597e-11), (1, -0.00006620267, 7.0798964e-11), (1, -0.00006152531, 1.3666683e-10), (1, -0.00006444962, 9.548597e-11), (1, -0.00006152531, 1.3666683e-10), (1, -0.00006151473, 1.3681575e-10), (1, -0.00006444962, 9.548597e-11), (1, -0.00006151473, 1.3681575e-10), (1, -0.0000615178, 1.3677251e-10), (1, -0.00006444962, 9.548597e-11), (1, -0.0000615178, 1.3677251e-10), (1, -0.00006151825, 1.367662e-10), (1, -0.00006363085, 0.0000019669037), (1, -0.00006444962, 9.548597e-11), (1, -0.00006151825, 1.367662e-10), (1, -0.00006151825, 1.367662e-10), (1, -0.00006258204, 9.663444e-7), (1, -0.00006363085, 0.0000019669037), (1, -0.000068468435, 0.000004560364), (1, -0.00006363085, 0.0000019669037), (1, -0.00006258204, 9.663444e-7), (1, -0.00007075965, 0.0000014141314), (1, -0.00006363085, 0.0000019669037), (1, -0.000068468435, 0.000004560364), (1, -0.000068468435, 0.000004560364), (1, -0.00006258204, 9.663444e-7), (1, -0.00007123021, -5.7987464e-9), (1, -0.000068468435, 0.000004560364), (1, -0.00007123021, -5.7987464e-9), (0.00007123021, 1, 0.000014082251), (1, -0.000068468435, 0.000004560364), (1, -0.0000687133, 0.0000032515293), (1, -0.00007075965, 0.0000014141314), (1, -0.00007123025, 0.000002419147), (1, -0.00007075965, 0.0000014141314), (1, -0.0000687133, 0.0000032515293), (1, -0.00007075965, 0.0000014141314), (1, -0.00007123025, 0.0000027166957), (1, -0.00007116863, 8.6715953e-13), (1, -0.00007123025, 0.000002419147), (1, -0.00007123025, 0.0000027166957), (1, -0.00007075965, 0.0000014141314), (1, -0.00007123025, 0.000002419147), (1, -0.000071364324, 0.0000024603282), (1, -0.00007123025, 0.0000027166957), (1, -0.00007123025, 0.0000027166957), (1, -0.000071364324, 0.0000024603282), (1, -0.000072012284, 0.0000033107715), (1, -0.000072012284, 0.0000033107715), (1, -0.00007261155, 0.000004357899), (1, -0.00007123025, 0.0000027166957), (1, -0.000072012284, 0.0000033107715), (1, -0.00007278588, 4.6765084e-8), (1, -0.00007261155, 0.000004357899), (1, -0.000072012284, 0.0000033107715), (1, -0.000073960895, 9.0997423e-7), (1, -0.00007278588, 4.6765084e-8), (1, -0.000072012284, 0.0000033107715), (0.00007123021, 1, 0.000014082251), (1, -0.000073960895, 9.0997423e-7), (0.00007123021, 1, 0.000014082251), (0.00007123021, 1, 0.000014082251), (1, -0.00007297792, -0.0000040957334), (0.00007123021, 1, 0.000014082251), (1, -0.00007297792, -0.0000040957334), (1, -0.00007780357, -3.5075868e-7), (1, -0.00007297792, -0.0000040957334), (1, -0.00007410732, -7.6706705e-8), (1, -0.00007780357, -3.5075868e-7), (1, -0.00007410732, -7.6706705e-8), (1, -0.00008005574, -1.242834e-10), (1, -0.00007780357, -3.5075868e-7), (1, -0.00007410732, -7.6706705e-8), (1, -0.0000800599, -1.2434198e-10), (1, -0.00008005574, -1.242834e-10), (1, -0.00007410732, -7.6706705e-8), (1, -0.00008006545, -1.2442022e-10), (1, -0.0000800599, -1.2434198e-10), (1, -0.00007410732, -7.6706705e-8), (1, -0.00008006999, -1.2448413e-10), (1, -0.00008006545, -1.2442022e-10), (1, -0.00007297792, -0.0000040957334), (1, -0.000072061994, -0.0000035877883), (1, -0.00007410732, -7.6706705e-8), (1, -0.000072061994, -0.0000035877883), (1, -0.00007297792, -0.0000040957334), (1, -0.00007123038, -0.0000037455293), (1, -0.00007123038, -0.0000037455293), (1, -0.000071172624, -0.0000012252355), (1, -0.000072061994, -0.0000035877883), (1, -0.00007123018, -0.0000025477755), (1, -0.000071172624, -0.0000012252355), (1, -0.00007123038, -0.0000037455293), (1, -0.00007410732, -7.6706705e-8), (1, -0.00007281571, 4.6629008e-8), (1, -0.00008006999, -1.2448413e-10), (1, -0.000080066726, -1.2443807e-10), (1, -0.00008006999, -1.2448413e-10), (1, -0.00007281571, 4.6629008e-8), (1, -0.00007281571, 4.6629008e-8), (1, -0.00007410732, -7.6706705e-8), (1, -0.00007111695, 1.5949214e-12), (1, -0.00007421988, 8.577328e-7), (1, -0.000080066726, -1.2443807e-10), (1, -0.00007281571, 4.6629008e-8), (1, -0.00007123018, -0.0000025477755), (1, -0.00007056574, -0.0000021014853), (1, -0.000071172624, -0.0000012252355), (1, -0.00007123018, -0.0000025477755), (1, -0.000068713205, -0.0000034243428), (1, -0.00007056574, -0.0000021014853), (1, -0.00007056574, -0.0000021014853), (1, -0.000068713205, -0.0000034243428), (1, -0.00006905373, -0.0000052073988), (1, -0.000071172624, -0.0000012252355), (1, -0.00007056574, -0.0000021014853), (1, -0.00007113973, 1.2741111e-12), (1, -0.00007113973, 1.2741111e-12), (1, -0.00007111695, 1.5949214e-12), (1, -0.000071172624, -0.0000012252355), (1, -0.00006905373, -0.0000052073988), (1, -0.00006374254, -0.0000019167148), (1, -0.00007056574, -0.0000021014853), (1, -0.000071169175, 8.594506e-13), (1, -0.00007111695, 1.5949214e-12), (1, -0.00007113973, 1.2741111e-12), (1, -0.00007111695, 1.5949214e-12), (1, -0.000071169175, 8.594506e-13), (1, -0.00007281571, 4.6629008e-8), (1, -0.000066300774, -0.0000037430418), (1, -0.00006905373, -0.0000052073988), (0.00007123021, 1, 0.000014082251), (1, -0.000066300774, -0.0000037430418), (1, -0.00006374254, -0.0000019167148), (1, -0.00006905373, -0.0000052073988), (1, -0.000066300774, -0.0000037430418), (1, -0.00006151692, 1.3678494e-10), (1, -0.00006374254, -0.0000019167148), (1, -0.00006374254, -0.0000019167148), (1, -0.00006151692, 1.3678494e-10), (1, -0.00006151786, 1.3677173e-10), (1, -0.00006151786, 1.3677173e-10), (1, -0.0000661705, 7.12521e-11), (1, -0.00006374254, -0.0000019167148), (1, -0.00007113973, 1.2741111e-12), (1, -0.00007095452, 3.882249e-12), (1, -0.000071169175, 8.594506e-13), (1, -0.00007095452, 3.882249e-12), (1, -0.00007113973, 1.2741111e-12), (1, -0.0000661705, 7.12521e-11), (1, -0.000071169175, 8.594506e-13), (1, -0.00007095452, 3.882249e-12), (1, -0.00007076576, 0.0000013957609), (1, -0.0000661705, 7.12521e-11), (1, -0.00006442487, 9.583437e-11), (1, -0.00007095452, 3.882249e-12), (1, -0.00006442487, 9.583437e-11), (1, -0.0000661705, 7.12521e-11), (1, -0.00006151786, 1.3677173e-10), (1, -0.00006442487, 9.583437e-11), (1, -0.00006151786, 1.3677173e-10), (1, -0.00006151473, 1.3681575e-10), (1, -0.00006442487, 9.583437e-11), (1, -0.00006151473, 1.3681575e-10), (1, -0.00006151777, 1.3677291e-10), (1, -0.00006442487, 9.583437e-11), (1, -0.00006151777, 1.3677291e-10), (1, -0.00006151845, 1.3676339e-10), (1, -0.000063538406, 0.0000019453225), (1, -0.00006442487, 9.583437e-11), (1, -0.00006151845, 1.3676339e-10), (1, -0.00006151845, 1.3676339e-10), (1, -0.00006243597, 9.57423e-7), (1, -0.000063538406, 0.0000019453225), (1, -0.000068344816, 0.0000044832236), (1, -0.000063538406, 0.0000019453225), (1, -0.00006243597, 9.57423e-7), (1, -0.00007076576, 0.0000013957609), (1, -0.000063538406, 0.0000019453225), (1, -0.000068344816, 0.0000044832236), (1, -0.000068344816, 0.0000044832236), (1, -0.00006243597, 9.57423e-7), (1, -0.00007123021, -4.9850817e-9), (1, -0.000068344816, 0.0000044832236), (1, -0.00007123021, -4.9850817e-9), (1, -0.00007123021, -1.110223e-16), (1, -0.000068344816, 0.0000044832236), (1, -0.0000687133, 0.0000032544608), (1, -0.00007076576, 0.0000013957609), (1, -0.00007123025, 0.000002421328), (1, -0.00007076576, 0.0000013957609), (1, -0.0000687133, 0.0000032544608), (1, -0.00007076576, 0.0000013957609), (1, -0.00007123025, 0.000002706539), (1, -0.000071169175, 8.594506e-13), (1, -0.00007123025, 0.000002421328), (1, -0.00007123025, 0.000002706539), (1, -0.00007076576, 0.0000013957609), (1, -0.00007123025, 0.000002421328), (1, -0.000071364324, 0.0000024625467), (1, -0.00007123025, 0.000002706539), (1, -0.00007123025, 0.000002706539), (1, -0.000071364324, 0.0000024625467), (1, -0.00007205291, 0.0000032970318), (1, -0.00007205291, 0.0000032970318), (1, -0.00007264061, 0.000004351677), (1, -0.00007123025, 0.000002706539), (1, -0.00007205291, 0.0000032970318), (1, -0.00007281571, 4.6629008e-8), (1, -0.00007264061, 0.000004351677), (1, -0.00007205291, 0.0000032970318), (1, -0.00007421988, 8.577328e-7), (1, -0.00007281571, 4.6629008e-8), (1, -0.00007205291, 0.0000032970318), (0.00007123021, 1, 0.000014082251), (1, -0.00007421988, 8.577328e-7), (0.00007123021, 1, 0.000014082251), (0.00007123021, 1, 0.000014082251), (1, -0.000072984294, -0.000004092061), (0.00007123021, 1, 0.000014082251), (1, -0.000072984294, -0.000004092061), (1, -0.00007782119, -3.4643566e-7), (1, -0.000072984294, -0.000004092061), (1, -0.000074128286, -7.6473626e-8), (1, -0.00007782119, -3.4643566e-7), (1, -0.000074128286, -7.6473626e-8), (1, -0.00008005906, -1.2433013e-10), (1, -0.00007782119, -3.4643566e-7), (1, -0.000074128286, -7.6473626e-8), (1, -0.00008005442, -1.2426489e-10), (1, -0.00008005906, -1.2433013e-10), (1, -0.000074128286, -7.6473626e-8), (1, -0.00008007096, -1.2449772e-10), (1, -0.00008005442, -1.2426489e-10), (1, -0.000074128286, -7.6473626e-8), (1, -0.00008007891, -1.2460973e-10), (1, -0.00008007096, -1.2449772e-10), (1, -0.000072984294, -0.000004092061), (1, -0.000072066294, -0.0000035865758), (1, -0.000074128286, -7.6473626e-8), (1, -0.000072066294, -0.0000035865758), (1, -0.000072984294, -0.000004092061), (1, -0.00007123038, -0.0000037455368), (1, -0.00007123038, -0.0000037455368), (1, -0.0000711728, -0.000001221551), (1, -0.000072066294, -0.0000035865758), (1, -0.00007123018, -0.0000025477807), (1, -0.0000711728, -0.000001221551), (1, -0.00007123038, -0.0000037455368), (1, -0.000074128286, -7.6473626e-8), (1, -0.00007280858, 4.668645e-8), (1, -0.00008007891, -1.2460973e-10), (1, -0.000080066755, -1.2443849e-10), (1, -0.00008007891, -1.2460973e-10), (1, -0.00007280858, 4.668645e-8), (1, -0.00007280858, 4.668645e-8), (1, -0.000074128286, -7.6473626e-8), (1, -0.00007111708, 1.5930434e-12), (1, -0.00007426453, 8.5138765e-7), (1, -0.000080066755, -1.2443849e-10), (1, -0.00007280858, 4.668645e-8), (1, -0.00007123018, -0.0000025477807), (1, -0.00007056764, -0.0000020954708), (1, -0.0000711728, -0.000001221551), (1, -0.00007123018, -0.0000025477807), (1, -0.000068713205, -0.0000034243496), (1, -0.00007056764, -0.0000020954708), (1, -0.00007056764, -0.0000020954708), (1, -0.000068713205, -0.0000034243496), (1, -0.00006905373, -0.0000052074106), (1, -0.0000711728, -0.000001221551), (1, -0.00007056764, -0.0000020954708), (1, -0.000071140064, 1.2694168e-12), (1, -0.000071140064, 1.2694168e-12), (1, -0.00007111708, 1.5930434e-12), (1, -0.0000711728, -0.000001221551), (1, -0.00006905373, -0.0000052074106), (1, -0.00006372374, -0.000001900399), (1, -0.00007056764, -0.0000020954708), (1, -0.000071169175, 8.5945167e-13), (1, -0.00007111708, 1.5930434e-12), (1, -0.000071140064, 1.2694168e-12), (1, -0.00007111708, 1.5930434e-12), (1, -0.000071169175, 8.5945167e-13), (1, -0.00007280858, 4.668645e-8), (1, -0.00006630077, -0.0000037430457), (1, -0.00006905373, -0.0000052074106), (0.00007123021, 1, 0.000014082251), (1, -0.00006630077, -0.0000037430457), (1, -0.00006372374, -0.000001900399), (1, -0.00006905373, -0.0000052074106), (1, -0.00006630077, -0.0000037430457), (1, -0.00006151708, 1.3678271e-10), (1, -0.00006372374, -0.000001900399), (1, -0.00006372374, -0.000001900399), (1, -0.00006151708, 1.3678271e-10), (1, -0.00006152913, 1.3661296e-10), (1, -0.00006152913, 1.3661296e-10), (1, -0.00006616153, 7.137838e-11), (1, -0.00006372374, -0.000001900399), (1, -0.000071140064, 1.2694168e-12), (1, -0.00007095452, 3.8822526e-12), (1, -0.000071169175, 8.5945167e-13), (1, -0.00007095452, 3.8822526e-12), (1, -0.000071140064, 1.2694168e-12), (1, -0.00006616153, 7.137838e-11), (1, -0.000071169175, 8.5945167e-13), (1, -0.00007095452, 3.8822526e-12), (1, -0.00007076577, 0.0000013957265), (1, -0.00006616153, 7.137838e-11), (1, -0.000064424865, 9.5834556e-11), (1, -0.00007095452, 3.8822526e-12), (1, -0.000064424865, 9.5834556e-11), (1, -0.00006616153, 7.137838e-11), (1, -0.00006152913, 1.3661296e-10), (1, -0.000064424865, 9.5834556e-11), (1, -0.00006152913, 1.3661296e-10), (1, -0.00006152095, 1.3672813e-10), (1, -0.000064424865, 9.5834556e-11), (1, -0.00006152095, 1.3672813e-10), (1, -0.00006151161, 1.3685972e-10), (1, -0.000064424865, 9.5834556e-11), (1, -0.00006151161, 1.3685972e-10), (1, -0.0000615173, 1.3677959e-10), (1, -0.00006354038, 0.0000019572842), (1, -0.000064424865, 9.5834556e-11), (1, -0.0000615173, 1.3677959e-10), (1, -0.0000615173, 1.3677959e-10), (1, -0.000062435065, 9.690103e-7), (1, -0.00006354038, 0.0000019572842), (1, -0.00006832603, 0.0000044705766), (1, -0.00006354038, 0.0000019572842), (1, -0.000062435065, 9.690103e-7), (1, -0.00007076577, 0.0000013957265), (1, -0.00006354038, 0.0000019572842), (1, -0.00006832603, 0.0000044705766), (1, -0.00006832603, 0.0000044705766), (1, -0.000062435065, 9.690103e-7), (1, -0.00007123021, -4.8779345e-9), (1, -0.00006832603, 0.0000044705766), (1, -0.00007123021, -4.8779345e-9), (1, -0.00007123021, -1.110223e-16), (1, -0.00006832603, 0.0000044705766), (1, -0.0000687133, 0.0000032542462), (1, -0.00007076577, 0.0000013957265), (1, -0.00007123025, 0.0000024211681), (1, -0.00007076577, 0.0000013957265), (1, -0.0000687133, 0.0000032542462), (1, -0.00007076577, 0.0000013957265), (1, -0.00007123025, 0.0000027063977), (1, -0.000071169175, 8.5945167e-13), (1, -0.00007123025, 0.0000024211681), (1, -0.00007123025, 0.0000027063977), (1, -0.00007076577, 0.0000013957265), (1, -0.00007123025, 0.0000024211681), (1, -0.000071364324, 0.0000024623844), (1, -0.00007123025, 0.0000027063977), (1, -0.00007123025, 0.0000027063977), (1, -0.000071364324, 0.0000024623844), (1, -0.00007205689, 0.0000032951755), (1, -0.00007205689, 0.0000032951755), (1, -0.00007264053, 0.0000043514206), (1, -0.00007123025, 0.0000027063977), (1, -0.00007205689, 0.0000032951755), (1, -0.00007280858, 4.668645e-8), (1, -0.00007264053, 0.0000043514206), (1, -0.00007205689, 0.0000032951755), (1, -0.00007426453, 8.5138765e-7), (1, -0.00007280858, 4.668645e-8), (1, -0.00007205689, 0.0000032951755), (0.00007123021, 1, 0.000014082251), (1, -0.00007426453, 8.5138765e-7), (0.00007123021, 1, 0.000014082251), (0.00007123021, 1, 0.000014082251), (1, -0.00007299602, -0.0000041784415), (0.00007123021, 1, 0.000014082251), (1, -0.00007299602, -0.0000041784415), (1, -0.00007784845, -3.5102005e-7), (1, -0.00007299602, -0.0000041784415), (1, -0.000074111274, -7.6698484e-8), (1, -0.00007784845, -3.5102005e-7), (1, -0.000074111274, -7.6698484e-8), (1, -0.00008006837, -1.2446126e-10), (1, -0.00007784845, -3.5102005e-7), (1, -0.000074111274, -7.6698484e-8), (1, -0.00008005442, -1.2426489e-10), (1, -0.00008006837, -1.2446126e-10), (1, -0.000074111274, -7.6698484e-8), (1, -0.00008007107, -1.2449923e-10), (1, -0.00008005442, -1.2426489e-10), (1, -0.000074111274, -7.6698484e-8), (1, -0.00008006446, -1.2440625e-10), (1, -0.00008007107, -1.2449923e-10), (1, -0.00007299602, -0.0000041784415), (1, -0.00007207628, -0.000003665579), (1, -0.000074111274, -7.6698484e-8), (1, -0.00007207628, -0.000003665579), (1, -0.00007299602, -0.0000041784415), (1, -0.00007123038, -0.0000038309513), (1, -0.00007123038, -0.0000038309513), (1, -0.000071173374, -0.0000012410602), (1, -0.00007207628, -0.000003665579), (1, -0.00007123018, -0.000002605881), (1, -0.000071173374, -0.0000012410602), (1, -0.00007123038, -0.0000038309513), (1, -0.000074111274, -7.6698484e-8), (1, -0.00007279271, 4.673593e-8), (1, -0.00008006446, -1.2440625e-10), (1, -0.000080066704, -1.2443784e-10), (1, -0.00008006446, -1.2440625e-10), (1, -0.00007279271, 4.673593e-8), (1, -0.00007279271, 4.673593e-8), (1, -0.000074111274, -7.6698484e-8), (1, -0.00007111687, 1.5960577e-12), (1, -0.000073888325, 9.185195e-7), (1, -0.000080066704, -1.2443784e-10), (1, -0.00007279271, 4.673593e-8), (1, -0.00007123018, -0.000002605881), (1, -0.0000705725, -0.0000021296241), (1, -0.000071173374, -0.0000012410602), (1, -0.00007123018, -0.000002605881), (1, -0.000068713205, -0.0000035024402), (1, -0.0000705725, -0.0000021296241), (1, -0.0000705725, -0.0000021296241), (1, -0.000068713205, -0.0000035024402), (1, -0.00006902759, -0.0000053076706), (1, -0.000071173374, -0.0000012410602), (1, -0.0000705725, -0.0000021296241), (1, -0.000071139526, 1.2769804e-12), (1, -0.000071139526, 1.2769804e-12), (1, -0.00007111687, 1.5960577e-12), (1, -0.000071173374, -0.0000012410602), (1, -0.00006902759, -0.0000053076706), (1, -0.000063695246, -0.0000019288204), (1, -0.0000705725, -0.0000021296241), (1, -0.00007116889, 8.6342316e-13), (1, -0.00007111687, 1.5960577e-12), (1, -0.000071139526, 1.2769804e-12), (1, -0.00007111687, 1.5960577e-12), (1, -0.00007116889, 8.6342316e-13), (1, -0.00007279271, 4.673593e-8), (1, -0.00006632675, -0.0000038494186), (1, -0.00006902759, -0.0000053076706), (0.00007123021, 1, 0.000014082251), (1, -0.00006632675, -0.0000038494186), (1, -0.000063695246, -0.0000019288204), (1, -0.00006902759, -0.0000053076706), (1, -0.00006632675, -0.0000038494186), (1, -0.000061516934, 1.3678474e-10), (1, -0.000063695246, -0.0000019288204), (1, -0.000063695246, -0.0000019288204), (1, -0.000061516934, 1.3678474e-10), (1, -0.00006152185, 1.3671549e-10), (1, -0.00006152185, 1.3671549e-10), (1, -0.000066176304, 7.117032e-11), (1, -0.000063695246, -0.0000019288204), (1, -0.000071139526, 1.2769804e-12), (1, -0.000070953094, 3.90232e-12), (1, -0.00007116889, 8.6342316e-13), (1, -0.000070953094, 3.90232e-12), (1, -0.000071139526, 1.2769804e-12), (1, -0.000066176304, 7.117032e-11), (1, -0.00007116889, 8.6342316e-13), (1, -0.000070953094, 3.90232e-12), (1, -0.0000707686, 0.0000014156604), (1, -0.000066176304, 7.117032e-11), (1, -0.00006443617, 9.567533e-11), (1, -0.000070953094, 3.90232e-12), (1, -0.00006443617, 9.567533e-11), (1, -0.000066176304, 7.117032e-11), (1, -0.00006152185, 1.3671549e-10), (1, -0.00006443617, 9.567533e-11), (1, -0.00006152185, 1.3671549e-10), (1, -0.000061521074, 1.3672638e-10), (1, -0.00006443617, 9.567533e-11), (1, -0.000061521074, 1.3672638e-10), (1, -0.00006151149, 1.3686138e-10), (1, -0.00006443617, 9.567533e-11), (1, -0.00006151149, 1.3686138e-10), (1, -0.000061515224, 1.3680881e-10), (1, -0.000063590065, 0.0000019669747), (1, -0.00006443617, 9.567533e-11), (1, -0.000061515224, 1.3680881e-10), (1, -0.000061515224, 1.3680881e-10), (1, -0.00006254847, 9.681322e-7), (1, -0.000063590065, 0.0000019669747), (1, -0.00006847878, 0.0000046642353), (1, -0.000063590065, 0.0000019669747), (1, -0.00006254847, 9.681322e-7), (1, -0.0000707686, 0.0000014156604), (1, -0.000063590065, 0.0000019669747), (1, -0.00006847878, 0.0000046642353), (1, -0.00006847878, 0.0000046642353), (1, -0.00006254847, 9.681322e-7), (1, -0.00007123021, -6.002855e-9), (1, -0.00006847878, 0.0000046642353), (1, -0.00007123021, -6.002855e-9), (1, -0.00007123021, -1.110223e-16), (1, -0.00006847878, 0.0000046642353), (1, -0.0000687133, 0.0000033206486), (1, -0.0000707686, 0.0000014156604), (1, -0.00007123025, 0.0000024705726), (1, -0.0000707686, 0.0000014156604), (1, -0.0000687133, 0.0000033206486), (1, -0.0000707686, 0.0000014156604), (1, -0.00007123025, 0.0000027560654), (1, -0.00007116889, 8.6342316e-13), (1, -0.00007123025, 0.0000024705726), (1, -0.00007123025, 0.0000027560654), (1, -0.0000707686, 0.0000014156604), (1, -0.00007123025, 0.0000024705726), (1, -0.000071364324, 0.0000025126296), (1, -0.00007123025, 0.0000027560654), (1, -0.00007123025, 0.0000027560654), (1, -0.000071364324, 0.0000025126296), (1, -0.00007203696, 0.0000033707922), (1, -0.00007203696, 0.0000033707922), (1, -0.00007265379, 0.000004435723), (1, -0.00007123025, 0.0000027560654), (1, -0.00007203696, 0.0000033707922), (1, -0.00007279271, 4.673593e-8), (1, -0.00007265379, 0.000004435723), (1, -0.00007203696, 0.0000033707922), (1, -0.000073888325, 9.185195e-7), (1, -0.00007279271, 4.673593e-8), (1, -0.00007203696, 0.0000033707922), (0.00007123021, 1, 0.000014082251), (1, -0.000073888325, 9.185195e-7)] (
        interpolation = "faceVarying"
    )
    point3f[] points = [(0.0086598415, 0.54779136, -9.079631), (0.008659841, 0.54778177, -8.397204), (-0.007998791, 0.5477829, -8.397204), (-0.00799879, 0.5477925, -9.079631), (0.008524441, -1.3573452, -9.079658), (-0.008134188, -1.357344, -9.079658), (0.008524441, -1.3573548, -8.397231), (-0.008134188, -1.3573536, -8.397231), (0.008659841, 0.5477774, -8.089624), (0.00865984, 0.54776794, -7.4161854), (-0.0079987915, 0.54776907, -7.4161854), (-0.007998791, 0.54777855, -8.089623), (0.00852444, -1.357359, -8.089651), (-0.008134189, -1.357358, -8.08965), (0.00852444, -1.3573686, -7.416212), (-0.008134189, -1.3573674, -7.416212), (0.008717335, 1.359244, -9.079619), (0.008717334, 1.3592345, -8.397193), (-0.007941295, 1.3592356, -8.397193), (-0.007941294, 1.3592452, -9.079619), (0.008693017, 1.0135524, -9.079624), (-0.007965614, 1.0135536, -9.079624), (0.008693017, 1.0135429, -8.397198), (-0.007965614, 1.0135441, -8.397198), (0.008717334, 1.35923, -8.089613), (0.008717333, 1.3592206, -7.416174), (-0.007941296, 1.3592218, -7.416174), (-0.007941295, 1.3592312, -8.089612), (0.008693016, 1.0135385, -8.089618), (-0.007965615, 1.0135397, -8.089617), (0.008693016, 1.0135291, -7.4161787), (-0.007965615, 1.0135303, -7.4161787), (0.008659836, 0.5477139, -3.5790715), (0.008659835, 0.5477044, -2.9036343), (-0.007998796, 0.54770553, -2.9036343), (-0.007998795, 0.547715, -3.5790713), (0.008524436, -1.3574226, -3.5790982), (-0.008134193, -1.3574214, -3.579098), (0.008524436, -1.3574321, -2.903661), (-0.008134194, -1.3574309, -2.903661), (0.008659835, 0.5477001, -2.6020517), (0.008659834, 0.5476907, -1.9294922), (-0.007998797, 0.54769176, -1.9294922), (-0.007998796, 0.54770124, -2.6020517), (0.008524435, -1.3574364, -2.6020784), (-0.008134195, -1.3574352, -2.6020784), (0.008524435, -1.3574458, -1.929519), (-0.008134195, -1.3574446, -1.929519), (0.008717329, 1.3591666, -3.57906), (0.008717328, 1.3591571, -2.9036229), (-0.007941301, 1.3591583, -2.9036229), (-0.0079413, 1.3591678, -3.5790598), (0.0086930115, 1.0134751, -3.5790648), (-0.007965619, 1.0134763, -3.5790646), (0.0086930115, 1.0134655, -2.9036276), (-0.00796562, 1.0134667, -2.9036276), (0.008717328, 1.3591528, -2.6020403), (0.008717327, 1.3591434, -1.9294808), (-0.007941302, 1.3591446, -1.9294808), (-0.007941301, 1.359154, -2.6020403), (0.008693011, 1.0134612, -2.602045), (-0.007965621, 1.0134624, -2.602045), (0.008693011, 1.0134518, -1.9294857), (-0.007965621, 1.013453, -1.9294857), (0.008659833, 0.5476753, -0.8409371), (0.008659832, 0.54766566, -0.15518199), (-0.007998799, 0.5476668, -0.15518199), (-0.007998798, 0.54767644, -0.840937), (0.008524434, -1.3574612, -0.8409639), (-0.008134196, -1.35746, -0.84096384), (0.008524433, -1.3574709, -0.15520883), (-0.0081341965, -1.3574697, -0.15520883), (0.008659832, 0.5476614, 0.14640003), (0.008659831, 0.54765195, 0.81895924), (-0.0079988, 0.5476531, 0.8189592), (-0.007998799, 0.54766256, 0.14640003), (0.008524432, -1.357475, 0.1463732), (-0.008134197, -1.3574739, 0.1463732), (0.008524432, -1.3574846, 0.8189324), (-0.008134197, -1.3574834, 0.81893235), (0.008717326, 1.359128, -0.84092563), (0.0087173255, 1.3591183, -0.15517057), (-0.007941304, 1.3591195, -0.15517057), (-0.007941303, 1.3591292, -0.8409256), (0.00869301, 1.0134364, -0.8409305), (-0.007965622, 1.0134376, -0.84093046), (0.008693009, 1.0134268, -0.15517543), (-0.0079656225, 1.013428, -0.15517543), (0.0087173255, 1.3591142, 0.14641145), (0.008717325, 1.3591046, 0.8189707), (-0.007941305, 1.3591058, 0.8189706), (-0.007941304, 1.3591152, 0.14641145), (0.008693008, 1.0134226, 0.14640659), (-0.0079656225, 1.0134237, 0.14640659), (0.008693008, 1.0134131, 0.8189658), (-0.007965623, 1.0134143, 0.81896573), (0.00865983, 0.54763645, 1.9195561), (0.008659829, 0.5476269, 2.5959225), (-0.007998802, 0.54762805, 2.5959225), (-0.007998801, 0.5476376, 1.9195561), (0.008524431, -1.3575001, 1.9195293), (-0.008134198, -1.3574989, 1.9195293), (0.00852443, -1.3575096, 2.5958958), (-0.008134199, -1.3575084, 2.5958958), (0.008659829, 0.5476227, 2.8975034), (0.008659828, 0.5476132, 3.5700612), (-0.007998803, 0.54761434, 3.5700612), (-0.007998802, 0.5476238, 2.8975034), (0.008524429, -1.3575138, 2.8974767), (-0.008134199, -1.3575126, 2.8974767), (0.008524429, -1.3575233, 3.5700345), (-0.0081342, -1.3575221, 3.5700345), (0.008717324, 1.3590891, 1.9195676), (0.008717323, 1.3590796, 2.595934), (-0.007941307, 1.3590808, 2.595934), (-0.007941306, 1.3590903, 1.9195676), (0.008693007, 1.0133976, 1.9195627), (-0.007965624, 1.0133988, 1.9195627), (0.008693006, 1.013388, 2.5959291), (-0.007965625, 1.0133892, 2.5959291), (0.008717323, 1.3590754, 2.8975148), (0.008717322, 1.3590659, 3.5700727), (-0.0079413075, 1.3590671, 3.5700727), (-0.007941307, 1.3590765, 2.8975148), (0.008693006, 1.0133839, 2.89751), (-0.007965625, 1.0133849, 2.89751), (0.008693005, 1.0133743, 3.570068), (-0.007965626, 1.0133755, 3.570068), (0.0086598275, 0.54759806, 4.6458597), (0.008659827, 0.54758835, 5.337291), (-0.007998805, 0.5475895, 5.337291), (-0.007998804, 0.5475992, 4.6458597), (0.008524428, -1.3575385, 4.645833), (-0.008134201, -1.3575373, 4.645833), (0.008524427, -1.3575482, 5.337264), (-0.008134202, -1.357547, 5.337264), (0.008659827, 0.54758406, 5.6388702), (0.008659826, 0.5475744, 6.3257008), (-0.0079988055, 0.54757553, 6.3257008), (-0.007998805, 0.5475852, 5.6388702), (0.008524427, -1.3575524, 5.6388435), (-0.008134202, -1.3575512, 5.6388435), (0.008524426, -1.3575621, 6.325674), (-0.008134203, -1.3575609, 6.325674), (0.008717321, 1.3590508, 4.645871), (0.00871732, 1.359041, 5.337302), (-0.007941309, 1.3590422, 5.337302), (-0.007941308, 1.359052, 4.645871), (0.008693004, 1.0133592, 4.6458664), (-0.007965627, 1.0133604, 4.6458664), (0.008693003, 1.0133494, 5.3372974), (-0.007965628, 1.0133506, 5.3372974), (0.00871732, 1.3590368, 5.6388817), (0.008717319, 1.3590271, 6.325712), (-0.00794131, 1.3590283, 6.325712), (-0.007941309, 1.359038, 5.6388817), (0.008693003, 1.0133452, 5.638877), (-0.007965628, 1.0133464, 5.638877), (0.008693002, 1.0133356, 6.3257074), (-0.007965629, 1.0133368, 6.3257074), (0.008659825, 0.5475591, 7.4145656), (0.008659824, 0.5475493, 8.110084), (-0.007998807, 0.5475504, 8.110084), (-0.007998806, 0.5475602, 7.4145656), (0.008524425, -1.3575774, 7.414539), (-0.008134204, -1.3575763, 7.414539), (0.008524424, -1.3575872, 8.110057), (-0.008134205, -1.357586, 8.110057), (0.008659824, 0.547545, 8.411662), (0.008659823, 0.54753536, 9.098494), (-0.007998808, 0.5475365, 9.098494), (-0.007998807, 0.54754615, 8.411662), (0.008524424, -1.3575915, 8.411635), (-0.008134205, -1.3575903, 8.411635), (0.008524423, -1.3576012, 9.098467), (-0.008134206, -1.3576, 9.098467), (0.008717318, 1.3590118, 7.414577), (0.008717317, 1.359002, 8.110095), (-0.007941312, 1.3590032, 8.110095), (-0.007941311, 1.359013, 7.414577), (0.008693001, 1.0133202, 7.4145722), (-0.00796563, 1.0133214, 7.4145722), (0.008693, 1.0133104, 8.11009), (-0.007965631, 1.0133116, 8.11009), (0.008717317, 1.3589977, 8.411674), (0.008717316, 1.358988, 9.098505), (-0.007941313, 1.3589892, 9.098505), (-0.007941312, 1.3589989, 8.411674), (0.008693, 1.0133061, 8.411669), (-0.007965631, 1.0133073, 8.411669), (0.008692999, 1.0132965, 9.0985), (-0.007965632, 1.0132977, 9.0985), (0.008659839, 0.54775274, -6.3373337), (0.008659838, 0.547743, -5.6483884), (-0.007998793, 0.54774415, -5.6483884), (-0.007998792, 0.5477539, -6.3373337), (0.008524438, -1.3573837, -6.3373604), (-0.008134191, -1.3573827, -6.3373604), (0.008524438, -1.3573935, -5.648415), (-0.008134191, -1.3573923, -5.648415), (0.008659838, 0.5477388, -5.3468065), (0.008659837, 0.5477292, -4.667368), (-0.007998794, 0.5477303, -4.667368), (-0.007998793, 0.5477399, -5.346806), (0.008524437, -1.3573977, -5.346833), (-0.008134192, -1.3573966, -5.3468328), (0.008524437, -1.3574073, -4.6673946), (-0.008134192, -1.3574061, -4.6673946), (0.008717332, 1.3592054, -6.337322), (0.008717331, 1.3591957, -5.648377), (-0.007941298, 1.3591969, -5.648377), (-0.007941297, 1.3592066, -6.337322), (0.008693014, 1.0135138, -6.337327), (-0.007965616, 1.013515, -6.337327), (0.008693014, 1.0135041, -5.6483817), (-0.007965617, 1.0135053, -5.6483817), (0.008717331, 1.3591914, -5.346795), (0.00871733, 1.3591819, -4.6673565), (-0.007941299, 1.3591831, -4.6673565), (-0.007941298, 1.3591926, -5.3467946), (0.008693013, 1.0134999, -5.3468), (-0.007965618, 1.013501, -5.3467994), (0.008693013, 1.0134903, -4.6673613), (-0.007965618, 1.0134915, -4.6673613), (0.00872095, 1.4357038, -7.16596), (0.0087289335, 1.5477701, -7.1659584), (-0.017927866, 1.547772, -7.165958), (-0.01793585, 1.4357057, -7.16596), (0.008686414, 0.92943686, -7.165967), (-0.017971605, 0.92943877, -7.165967), (0.008679303, 0.8296127, -7.1659684), (-0.017978715, 0.8296146, -7.1659684), (0.008665245, 0.6322454, -7.165971), (-0.017992774, 0.6322473, -7.165971), (0.008517202, -1.4418532, -7.1660004), (-0.018140206, -1.4418513, -7.1660004), (0.008513385, -1.4954442, -7.1660013), (-0.018144025, -1.4954422, -7.166001), (-0.017927866, 1.5477728, -7.2133727), (0.008728933, 1.5477709, -7.2133727), (-0.017927866, 1.5477742, -7.3202868), (0.008728933, 1.5477724, -7.3202868), (-0.017927865, 1.5477862, -8.170592), (0.0087289335, 1.5477843, -8.170592), (-0.017927865, 1.5477871, -8.23424), (0.0087289335, 1.5477853, -8.23424), (-0.017927865, 1.5477873, -8.248988), (0.0087289335, 1.5477854, -8.248988), (-0.017927865, 1.5477881, -8.308769), (0.0087289335, 1.5477862, -8.308769), (-0.017927865, 1.5478004, -9.175501), (0.008728934, 1.5477985, -9.175501), (-0.017927865, 1.5478017, -9.269855), (0.008728934, 1.5477998, -9.269855), (-0.017927865, 1.5478024, -9.322963), (0.008728935, 1.5478005, -9.322963), (0.0085133845, -1.4954433, -7.2134156), (-0.018144025, -1.4954414, -7.2134156), (0.0085133845, -1.4954418, -7.3203297), (-0.018144025, -1.4954399, -7.3203297), (0.008513385, -1.4954299, -8.170635), (-0.018144023, -1.495428, -8.170635), (0.008513385, -1.4954289, -8.2342825), (-0.018144023, -1.495427, -8.2342825), (0.008513385, -1.4954288, -8.249031), (-0.018144023, -1.4954269, -8.249031), (0.008513385, -1.495428, -8.308813), (-0.018144023, -1.495426, -8.308813), (0.008513386, -1.4954157, -9.175544), (-0.018144023, -1.4954138, -9.175544), (0.008513386, -1.4954144, -9.269897), (-0.018144023, -1.4954125, -9.269897), (0.008513388, -1.4954138, -9.323006), (-0.018144023, -1.4954118, -9.323006), (0.008517204, -1.4418228, -9.323005), (-0.018140204, -1.4418209, -9.323005), (0.008665247, 0.63227576, -9.322976), (-0.017992772, 0.63227767, -9.322976), (0.008679305, 0.82964283, -9.322973), (-0.017978713, 0.82964474, -9.322973), (0.008686416, 0.9294672, -9.322971), (-0.017971603, 0.9294691, -9.322971), (0.008720952, 1.4357342, -9.322965), (-0.017935846, 1.4357361, -9.322965), (0.008720945, 1.4356265, -1.6741501), (0.008728928, 1.5476929, -1.6741487), (-0.017927872, 1.5476948, -1.6741486), (-0.017935855, 1.4356284, -1.6741501), (0.008686408, 0.9293595, -1.6741573), (-0.01797161, 0.9293614, -1.6741573), (0.008679298, 0.8295353, -1.6741587), (-0.01797872, 0.8295372, -1.6741587), (0.008665239, 0.63216805, -1.6741614), (-0.01799278, 0.63216996, -1.6741614), (0.008517196, -1.4419304, -1.6741906), (-0.018140212, -1.4419285, -1.6741906), (0.00851338, -1.4955214, -1.6741916), (-0.01814403, -1.4955194, -1.6741915), (-0.017927872, 1.5476954, -1.7197876), (0.008728927, 1.5476935, -1.7197876), (-0.017927872, 1.5476971, -1.8365942), (0.008728927, 1.5476952, -1.8365942), (-0.01792787, 1.5477089, -2.677007), (0.008728928, 1.547707, -2.677007), (-0.01792787, 1.5477098, -2.7406552), (0.008728928, 1.5477079, -2.7406552), (-0.01792787, 1.54771, -2.755403), (0.008728928, 1.547708, -2.755403), (-0.01792787, 1.5477108, -2.8151846), (0.008728928, 1.5477089, -2.8151846), (-0.01792787, 1.5477229, -3.6719422), (0.008728929, 1.547721, -3.6719422), (-0.01792787, 1.5477244, -3.7762697), (0.008728929, 1.5477225, -3.7762697), (-0.01792787, 1.5477251, -3.8247066), (0.00872893, 1.5477232, -3.8247066), (0.008513379, -1.4955207, -1.7198305), (-0.01814403, -1.4955188, -1.7198305), (0.008513379, -1.495519, -1.8366371), (-0.01814403, -1.4955171, -1.8366371), (0.00851338, -1.4955072, -2.6770496), (-0.018144028, -1.4955053, -2.6770496), (0.00851338, -1.4955063, -2.7406979), (-0.018144028, -1.4955044, -2.7406979), (0.00851338, -1.4955062, -2.7554457), (-0.018144028, -1.4955043, -2.7554457), (0.008513381, -1.4955053, -2.8152277), (-0.018144028, -1.4955034, -2.8152277), (0.008513381, -1.4954932, -3.671985), (-0.018144028, -1.4954913, -3.671985), (0.008513382, -1.4954917, -3.7763124), (-0.018144028, -1.4954898, -3.7763124), (0.008513383, -1.4954911, -3.8247492), (-0.018144028, -1.4954891, -3.8247492), (0.008517198, -1.4419001, -3.8247485), (-0.01814021, -1.4418982, -3.8247485), (0.008665241, 0.63219833, -3.8247194), (-0.017992778, 0.63220024, -3.8247194), (0.008679301, 0.8295654, -3.8247166), (-0.017978719, 0.8295673, -3.8247166), (0.00868641, 0.9293898, -3.8247151), (-0.017971609, 0.9293917, -3.8247151), (0.0087209465, 1.4356568, -3.824708), (-0.017935852, 1.4356587, -3.824708), (0.008720942, 1.4355878, 1.0725527), (0.008728925, 1.5476542, 1.0725542), (-0.017927874, 1.547656, 1.0725542), (-0.017935857, 1.4355897, 1.0725527), (0.008686406, 0.9293208, 1.0725455), (-0.017971613, 0.9293227, 1.0725455), (0.008679295, 0.8294966, 1.0725441), (-0.017978724, 0.8294985, 1.0725441), (0.008665237, 0.6321294, 1.0725414), (-0.017992781, 0.6321313, 1.0725414), (0.008517194, -1.4419692, 1.0725121), (-0.018140215, -1.4419672, 1.0725121), (0.008513377, -1.4955602, 1.0725113), (-0.018144032, -1.4955581, 1.0725113), (-0.017927874, 1.5476567, 1.0269152), (0.008728924, 1.5476549, 1.0269152), (-0.017927874, 1.5476583, 0.91010857), (0.008728924, 1.5476564, 0.91010857), (-0.017927874, 1.5476702, 0.069695964), (0.008728925, 1.5476683, 0.069695964), (-0.017927874, 1.5476711, 0.004854659), (0.008728925, 1.5476692, 0.004854659), (-0.017927874, 1.5476713, -0.009893266), (0.008728925, 1.5476694, -0.009893266), (-0.017927874, 1.5476722, -0.06848153), (0.008728925, 1.5476702, -0.06848153), (-0.017927872, 1.5476842, -0.92523926), (0.008728926, 1.5476823, -0.92523926), (-0.017927872, 1.5476856, -1.0295666), (0.008728926, 1.5476837, -1.0295666), (-0.017927872, 1.5476865, -1.0847772), (0.008728927, 1.5476846, -1.0847772), (0.008513376, -1.4955593, 1.0268723), (-0.018144032, -1.4955574, 1.0268723), (0.008513376, -1.4955578, 0.9100657), (-0.018144032, -1.4955559, 0.9100657), (0.008513377, -1.4955459, 0.06965311), (-0.018144032, -1.495544, 0.06965311), (0.008513377, -1.495545, 0.004811804), (-0.018144032, -1.4955431, 0.004811804), (0.008513377, -1.4955448, -0.009936121), (-0.018144032, -1.4955429, -0.009936121), (0.008513378, -1.495544, -0.068524994), (-0.018144032, -1.495542, -0.068524994), (0.008513378, -1.4955319, -0.9252821), (-0.01814403, -1.49553, -0.9252821), (0.008513379, -1.4955304, -1.0296096), (-0.01814403, -1.4955286, -1.0296096), (0.00851338, -1.4955298, -1.0848202), (-0.01814403, -1.4955277, -1.0848202), (0.0085171955, -1.4419388, -1.0848193), (-0.018140214, -1.4419369, -1.0848193), (0.0086652385, 0.63215977, -1.0847901), (-0.01799278, 0.6321617, -1.0847901), (0.008679298, 0.82952684, -1.0847874), (-0.017978722, 0.82952875, -1.0847874), (0.0086864075, 0.9293512, -1.0847859), (-0.01797161, 0.9293531, -1.0847859), (0.008720944, 1.4356182, -1.0847788), (-0.017935855, 1.4356201, -1.0847788), (0.008720939, 1.435549, 3.823379), (0.008728922, 1.5476154, 3.8233807), (-0.017927878, 1.5476173, 3.8233805), (-0.01793586, 1.4355509, 3.823379), (0.008686403, 0.92928207, 3.823372), (-0.017971616, 0.929284, 3.823372), (0.008679292, 0.8294579, 3.8233705), (-0.017978726, 0.8294598, 3.8233705), (0.008665234, 0.6320906, 3.8233676), (-0.017992785, 0.63209254, 3.8233676), (0.008517191, -1.4420079, 3.8233385), (-0.018140217, -1.442006, 3.8233385), (0.008513374, -1.4955989, 3.823338), (-0.018144036, -1.4955969, 3.8233378), (-0.017927878, 1.5476179, 3.7777414), (0.008728921, 1.5476161, 3.7777414), (-0.017927878, 1.5476196, 3.6627731), (0.008728921, 1.5476177, 3.6627731), (-0.017927876, 1.5476315, 2.820522), (0.008728922, 1.5476296, 2.820522), (-0.017927876, 1.5476323, 2.7556808), (0.008728922, 1.5476304, 2.7556808), (-0.017927876, 1.5476326, 2.740933), (0.008728922, 1.5476307, 2.740933), (-0.017927876, 1.5476334, 2.6823447), (0.008728922, 1.5476315, 2.6823447), (-0.017927876, 1.5476454, 1.825587), (0.008728923, 1.5476435, 1.825587), (-0.017927876, 1.5476469, 1.7212597), (0.008728923, 1.547645, 1.7212597), (-0.017927876, 1.5476476, 1.6761608), (0.008728924, 1.5476457, 1.6761608), (0.008513373, -1.4955981, 3.7776988), (-0.018144036, -1.4955962, 3.7776988), (0.008513374, -1.4955965, 3.6627305), (-0.018144036, -1.4955946, 3.6627305), (0.008513374, -1.4955846, 2.8204794), (-0.018144034, -1.4955827, 2.8204794), (0.008513375, -1.4955838, 2.7556381), (-0.018144034, -1.4955819, 2.7556381), (0.008513375, -1.4955835, 2.7408903), (-0.018144034, -1.4955816, 2.7408903), (0.008513375, -1.4955827, 2.6823013), (-0.018144034, -1.4955808, 2.6823013), (0.008513376, -1.4955707, 1.8255441), (-0.018144034, -1.4955688, 1.8255441), (0.008513376, -1.4955691, 1.7212168), (-0.018144034, -1.4955673, 1.7212168), (0.008513377, -1.4955686, 1.6761179), (-0.018144034, -1.4955666, 1.6761179), (0.008517193, -1.4419776, 1.6761187), (-0.018140215, -1.4419757, 1.6761187), (0.008665236, 0.6321209, 1.6761479), (-0.017992783, 0.6321228, 1.6761479), (0.008679295, 0.829488, 1.6761507), (-0.017978724, 0.8294899, 1.6761507), (0.008686405, 0.92931235, 1.6761521), (-0.017971614, 0.92931426, 1.6761521), (0.008720941, 1.4355793, 1.6761593), (-0.017935857, 1.4355812, 1.6761593), (0.008720936, 1.4355103, 6.57879), (0.00872892, 1.5475767, 6.578792), (-0.01792788, 1.5475786, 6.578792), (-0.017935863, 1.4355122, 6.57879), (0.0086864, 0.92924327, 6.578783), (-0.017971618, 0.9292452, 6.578783), (0.008679289, 0.8294191, 6.5787816), (-0.01797873, 0.829421, 6.5787816), (0.008665231, 0.6320518, 6.578779), (-0.017992787, 0.63205373, 6.578779), (0.008517188, -1.4420466, 6.5787497), (-0.018140221, -1.4420447, 6.5787497), (0.008513371, -1.4956377, 6.578749), (-0.018144038, -1.4956356, 6.578749), (-0.01792788, 1.5475795, 6.5069385), (0.008728919, 1.5475776, 6.5069385), (-0.01792788, 1.5475812, 6.39197), (0.008728919, 1.5475793, 6.39197), (-0.01792788, 1.547593, 5.549719), (0.00872892, 1.5475911, 5.549719), (-0.01792788, 1.547594, 5.4848776), (0.00872892, 1.547592, 5.4848776), (-0.01792788, 1.5475942, 5.47013), (0.00872892, 1.5475923, 5.47013), (-0.01792788, 1.5475949, 5.4115415), (0.00872892, 1.5475931, 5.4115415), (-0.017927878, 1.5476071, 4.5529904), (0.0087289205, 1.5476052, 4.5529904), (-0.017927878, 1.5476085, 4.4504566), (0.0087289205, 1.5476066, 4.4504566), (-0.017927878, 1.5476091, 4.4053574), (0.008728921, 1.5476072, 4.4053574), (0.0085133705, -1.4956366, 6.5068955), (-0.018144038, -1.4956347, 6.5068955), (0.008513371, -1.4956349, 6.3919272), (-0.018144038, -1.495633, 6.3919272), (0.008513371, -1.4956231, 5.549676), (-0.018144038, -1.4956212, 5.549676), (0.008513372, -1.4956222, 5.4848347), (-0.018144038, -1.4956203, 5.4848347), (0.008513372, -1.4956219, 5.470087), (-0.018144038, -1.49562, 5.470087), (0.008513372, -1.4956211, 5.411498), (-0.018144038, -1.4956192, 5.411498), (0.008513373, -1.495609, 4.5529475), (-0.018144036, -1.4956071, 4.5529475), (0.008513373, -1.4956076, 4.4504137), (-0.018144036, -1.4956057, 4.4504137), (0.008513374, -1.4956071, 4.4053144), (-0.018144036, -1.4956051, 4.4053144), (0.008517191, -1.4420161, 4.405315), (-0.01814022, -1.4420142, 4.405315), (0.008665233, 0.63208246, 4.4053445), (-0.017992785, 0.63208437, 4.4053445), (0.008679292, 0.82944953, 4.405347), (-0.017978728, 0.82945144, 4.405347), (0.008686403, 0.9292739, 4.4053483), (-0.017971616, 0.9292758, 4.4053483), (0.008720938, 1.4355408, 4.4053555), (-0.01793586, 1.4355427, 4.4053555), (0.008720933, 1.4354712, 9.3516), (0.008728917, 1.5475376, 9.351602), (-0.017927883, 1.5475395, 9.351602), (-0.017935865, 1.4354731, 9.3516), (0.008686397, 0.9292042, 9.351593), (-0.017971622, 0.92920613, 9.351593), (0.008679287, 0.82938004, 9.351591), (-0.017978732, 0.82938194, 9.351591), (0.008665228, 0.6320128, 9.351588), (-0.01799279, 0.6320147, 9.351588), (0.008517185, -1.4420857, 9.35156), (-0.018140223, -1.4420838, 9.35156), (0.008513369, -1.4956768, 9.351559), (-0.018144041, -1.4956747, 9.351559), (-0.017927883, 1.5475405, 9.275644), (0.008728916, 1.5475386, 9.275644), (-0.017927883, 1.5475422, 9.160676), (0.008728916, 1.5475403, 9.160676), (-0.017927881, 1.5475538, 8.333694), (0.008728917, 1.5475519, 8.333694), (-0.017927881, 1.5475547, 8.270046), (0.008728917, 1.5475528, 8.270046), (-0.017927881, 1.547555, 8.2553), (0.008728917, 1.5475531, 8.2553), (-0.017927881, 1.5475558, 8.1955185), (0.008728917, 1.5475539, 8.1955185), (-0.017927881, 1.5475681, 7.3216968), (0.008728918, 1.5475662, 7.3216968), (-0.017927881, 1.5475695, 7.2191625), (0.008728918, 1.5475676, 7.2191625), (-0.017927881, 1.5475701, 7.1740637), (0.008728919, 1.5475682, 7.1740637), (0.008513368, -1.4956756, 9.275601), (-0.018144041, -1.4956737, 9.275601), (0.008513369, -1.4956739, 9.160633), (-0.018144041, -1.495672, 9.160633), (0.008513369, -1.4956623, 8.333652), (-0.01814404, -1.4956604, 8.333652), (0.00851337, -1.4956614, 8.270003), (-0.01814404, -1.4956595, 8.270003), (0.00851337, -1.4956611, 8.255257), (-0.01814404, -1.4956592, 8.255257), (0.00851337, -1.4956603, 8.195475), (-0.01814404, -1.4956584, 8.195475), (0.0085133705, -1.495648, 7.321654), (-0.01814404, -1.4956461, 7.321654), (0.0085133705, -1.4956466, 7.2191195), (-0.01814404, -1.4956447, 7.2191195), (0.008513371, -1.4956461, 7.174021), (-0.01814404, -1.4956441, 7.174021), (0.008517188, -1.4420551, 7.1740212), (-0.018140221, -1.4420532, 7.1740212), (0.008665231, 0.6320435, 7.174051), (-0.017992789, 0.6320454, 7.174051), (0.008679289, 0.82941055, 7.174053), (-0.01797873, 0.82941246, 7.174053), (0.0086864, 0.9292349, 7.1740546), (-0.01797162, 0.9292368, 7.1740546), (0.008720935, 1.4355018, 7.174062), (-0.017935863, 1.4355037, 7.174062), (0.008720947, 1.4356651, -4.419323), (0.008728931, 1.5477315, -4.419321), (-0.017927868, 1.5477334, -4.419321), (-0.017935852, 1.435667, -4.419323), (0.008686411, 0.9293982, -4.41933), (-0.017971607, 0.9294001, -4.41933), (0.008679301, 0.829574, -4.4193316), (-0.017978719, 0.8295759, -4.4193316), (0.008665242, 0.63220674, -4.419334), (-0.017992776, 0.63220865, -4.419334), (0.008517199, -1.4418918, -4.4193635), (-0.01814021, -1.4418899, -4.4193635), (0.008513383, -1.4954828, -4.419364), (-0.018144026, -1.4954808, -4.419364), (-0.017927868, 1.5477341, -4.4675536), (0.00872893, 1.5477322, -4.4675536), (-0.017927868, 1.5477356, -4.5744677), (0.00872893, 1.5477337, -4.5744677), (-0.017927868, 1.5477476, -5.424775), (0.008728931, 1.5477457, -5.424775), (-0.017927868, 1.5477484, -5.488423), (0.008728931, 1.5477465, -5.488423), (-0.017927868, 1.5477487, -5.503169), (0.008728931, 1.5477468, -5.503169), (-0.017927868, 1.5477495, -5.5629516), (0.008728931, 1.5477476, -5.5629516), (-0.017927866, 1.5477617, -6.4296827), (0.008728932, 1.5477598, -6.4296827), (-0.017927866, 1.547763, -6.524038), (0.008728932, 1.5477612, -6.524038), (-0.017927866, 1.5477637, -6.572473), (0.008728933, 1.5477618, -6.5724735), (0.008513382, -1.495482, -4.4675965), (-0.018144026, -1.4954801, -4.4675965), (0.008513382, -1.4954805, -4.5745106), (-0.018144026, -1.4954786, -4.5745106), (0.008513383, -1.4954685, -5.424818), (-0.018144026, -1.4954666, -5.424818), (0.008513383, -1.4954677, -5.488466), (-0.018144026, -1.4954658, -5.488466), (0.008513383, -1.4954674, -5.503212), (-0.018144026, -1.4954655, -5.503212), (0.008513383, -1.4954666, -5.5629945), (-0.018144026, -1.4954647, -5.5629945), (0.008513384, -1.4954544, -6.4297256), (-0.018144025, -1.4954525, -6.4297256), (0.008513384, -1.495453, -6.5240808), (-0.018144025, -1.4954511, -6.5240808), (0.008513385, -1.4954525, -6.5725164), (-0.018144025, -1.4954505, -6.572516), (0.008517201, -1.4418615, -6.5725155), (-0.018140208, -1.4418596, -6.5725155), (0.008665244, 0.632237, -6.572486), (-0.017992774, 0.6322389, -6.572486), (0.008679303, 0.8296041, -6.5724835), (-0.017978717, 0.829606, -6.5724835), (0.008686413, 0.92942846, -6.572482), (-0.017971605, 0.92943037, -6.572482), (0.008720949, 1.4356954, -6.572475), (-0.01793585, 1.4356973, -6.572475)]
}

